recipient_region,recipient_offset,candidate_rank,donor_offset,donor_length,phrase_score,source
1,1048219,0,982528,65536,482,phrase_token
1,1048219,1,491264,65536,457,phrase_token
1,1048219,2,0,65536,290,phrase_token
1,1048219,3,1031680,16384,208,phrase_token
1,1048219,4,0,16384,159,phrase_token
1,1048219,5,0,4096,120,phrase_token
1,1048219,6,515840,16384,66,phrase_token
1,1048219,7,521984,4096,51,phrase_token
1,1048219,8,523520,1024,42,phrase_token
1,1048219,9,523776,256,31,phrase_token
1,1048219,10,1043968,4096,22,phrase_token
1,1048219,11,0,1024,21,phrase_token
2,2097908,0,1048320,65536,215,phrase_token
2,2097908,1,982528,65536,126,phrase_token
2,2097908,2,1540096,65536,125,phrase_token
2,2097908,3,491264,65536,114,phrase_token
2,2097908,4,0,65536,90,phrase_token
2,2097908,5,0,16384,74,phrase_token
2,2097908,6,0,4096,67,phrase_token
2,2097908,7,0,1024,43,phrase_token
2,2097908,8,1031680,16384,36,phrase_token
2,2097908,9,523520,1024,29,phrase_token
2,2097908,10,1048320,4096,22,phrase_token
2,2097908,11,1048320,16384,22,phrase_token
3,3146668,0,1048320,65536,48,phrase_token
3,3146668,1,1540096,65536,48,phrase_token
3,3146668,2,2097920,16384,48,phrase_token
3,3146668,3,3080960,65536,42,phrase_token
3,3146668,4,3130112,16384,42,phrase_token
3,3146668,5,0,1024,12,phrase_token
3,3146668,6,0,4096,12,phrase_token
3,3146668,7,0,16384,12,phrase_token
4,4195514,0,4137984,4096,0,recent_fallback
4,4195514,1,4146176,4096,0,recent_fallback
4,4195514,2,4154368,4096,0,recent_fallback
4,4195514,3,4162560,4096,0,recent_fallback
4,4195514,4,4170752,4096,0,recent_fallback
4,4195514,5,4178944,4096,0,recent_fallback
4,4195514,6,4187136,4096,0,recent_fallback
5,5243475,0,5177856,65536,96,phrase_token
5,5243475,1,4195584,256,29,phrase_token
5,5243475,2,4195584,1024,29,phrase_token
5,5243475,3,5239296,4096,8,phrase_token
5,5243475,4,5218816,4096,0,recent_fallback
5,5243475,5,5227008,4096,0,recent_fallback
5,5243475,6,5235200,4096,0,recent_fallback
6,6291800,0,1048320,65536,33,phrase_token
6,6291800,1,1540096,65536,33,phrase_token
6,6291800,2,2097920,16384,33,phrase_token
6,6291800,3,4129792,65536,33,phrase_token
6,6291800,4,523520,1024,3,phrase_token
6,6291800,5,523776,256,3,phrase_token
6,6291800,6,6283520,4096,0,recent_fallback
7,7342355,0,1048320,65536,31,phrase_token
7,7342355,1,1540096,65536,31,phrase_token
7,7342355,2,2097920,16384,31,phrase_token
7,7342355,3,4129792,65536,31,phrase_token
7,7342355,4,3080960,65536,15,phrase_token
7,7342355,5,523520,1024,6,phrase_token
7,7342355,6,523776,256,6,phrase_token
8,8392535,0,8326912,65536,84,phrase_token
8,8392535,1,1048320,65536,39,phrase_token
8,8392535,2,1540096,65536,39,phrase_token
8,8392535,3,2097920,16384,39,phrase_token
8,8392535,4,4129792,65536,39,phrase_token
8,8392535,5,7834624,65536,39,phrase_token
8,8392535,6,523520,1024,6,phrase_token
8,8392535,7,523776,256,6,phrase_token
8,8392535,8,1047040,1024,3,phrase_token
8,8392535,9,8391424,1024,3,phrase_token
8,8392535,10,8392192,256,3,phrase_token
9,9447260,0,5759488,16384,22,phrase_token
9,9447260,1,9398016,4096,0,recent_fallback
9,9447260,2,9406208,4096,0,recent_fallback
9,9447260,3,9414400,4096,0,recent_fallback
9,9447260,4,9422592,4096,0,recent_fallback
9,9447260,5,9430784,4096,0,recent_fallback
9,9447260,6,9438976,4096,0,recent_fallback
10,10494038,0,8326912,65536,63,phrase_token
10,10494038,1,3080960,65536,48,phrase_token
10,10494038,2,7865344,4096,20,phrase_token
10,10494038,3,7859200,16384,12,phrase_token
10,10494038,4,8391424,1024,3,phrase_token
10,10494038,5,8392192,256,3,phrase_token
10,10494038,6,10485760,4096,0,recent_fallback
11,11543054,0,7834624,65536,46,phrase_token
11,11543054,1,1048320,65536,36,phrase_token
11,11543054,2,1540096,65536,36,phrase_token
11,11543054,3,2097920,16384,36,phrase_token
11,11543054,4,4129792,65536,36,phrase_token
11,11543054,5,3080960,65536,21,phrase_token
11,11543054,6,8326912,65536,21,phrase_token
11,11543054,7,10494208,65536,21,phrase_token
11,11543054,8,8392704,16384,12,phrase_token
11,11543054,9,7865344,4096,5,phrase_token
12,12591020,0,7834624,65536,90,phrase_token
12,12591020,1,8392704,65536,73,phrase_token
12,12591020,2,8326912,65536,54,phrase_token
12,12591020,3,3080960,65536,21,phrase_token
12,12591020,4,7865344,4096,15,phrase_token
12,12591020,5,1048320,65536,12,phrase_token
12,12591020,6,1540096,65536,12,phrase_token
12,12591020,7,2097920,16384,12,phrase_token
12,12591020,8,4129792,65536,12,phrase_token
12,12591020,9,8392704,16384,5,phrase_token
12,12591020,10,8391424,1024,3,phrase_token
12,12591020,11,8392192,256,3,phrase_token
13,13641602,0,1048320,65536,24,phrase_token
13,13641602,1,1540096,65536,24,phrase_token
13,13641602,2,2097920,16384,24,phrase_token
13,13641602,3,4129792,65536,24,phrase_token
13,13641602,4,7859200,16384,12,phrase_token
13,13641602,5,7865344,4096,12,phrase_token
13,13641602,6,523520,1024,6,phrase_token
13,13641602,7,523776,256,6,phrase_token
13,13641602,8,11543296,256,3,phrase_token
14,14699215,0,1048320,65536,60,phrase_token
14,14699215,1,1540096,65536,60,phrase_token
14,14699215,2,2097920,16384,60,phrase_token
14,14699215,3,4129792,65536,60,phrase_token
14,14699215,4,3080960,65536,42,phrase_token
14,14699215,5,8326912,65536,42,phrase_token
14,14699215,6,13641728,16384,42,phrase_token
14,14699215,7,12591104,65536,41,phrase_token
14,14699215,8,7276800,65536,21,phrase_token
14,14699215,9,8392704,65536,16,phrase_token
14,14699215,10,8392704,16384,15,phrase_token
15,15749490,0,8326912,65536,63,phrase_token
15,15749490,1,13641728,16384,57,phrase_token
15,15749490,2,3080960,65536,45,phrase_token
15,15749490,3,7276800,65536,45,phrase_token
15,15749490,4,7865344,4096,25,phrase_token
15,15749490,5,8392704,16384,24,phrase_token
15,15749490,6,7834624,65536,21,phrase_token
15,15749490,7,8392704,65536,21,phrase_token
15,15749490,8,12591104,65536,21,phrase_token
15,15749490,9,7859200,16384,15,phrase_token
15,15749490,10,523520,1024,11,phrase_token
15,15749490,11,523776,256,11,phrase_token
16,16797859,0,1048320,65536,57,phrase_token
16,16797859,1,1540096,65536,57,phrase_token
16,16797859,2,2097920,16384,57,phrase_token
16,16797859,3,4129792,65536,57,phrase_token
16,16797859,4,16271616,4096,20,phrase_token
16,16797859,5,13641728,16384,12,phrase_token
16,16797859,6,8392704,16384,8,phrase_token
16,16797859,7,15749632,4096,8,phrase_token
16,16797859,8,1047040,1024,3,phrase_token
17,17844648,0,7859200,16384,15,phrase_token
17,17844648,1,7865344,4096,15,phrase_token
17,17844648,2,16797952,4096,10,phrase_token
17,17844648,3,17811712,4096,0,recent_fallback
17,17844648,4,17819904,4096,0,recent_fallback
17,17844648,5,17828096,4096,0,recent_fallback
17,17844648,6,17836288,4096,0,recent_fallback
18,18895671,0,13641728,16384,104,phrase_token
18,18895671,1,3080960,65536,87,phrase_token
18,18895671,2,1048320,65536,66,phrase_token
18,18895671,3,1540096,65536,66,phrase_token
18,18895671,4,2097920,16384,66,phrase_token
18,18895671,5,4129792,65536,66,phrase_token
18,18895671,6,16797952,4096,31,phrase_token
18,18895671,7,16797952,16384,17,phrase_token
18,18895671,8,16271616,4096,13,phrase_token
18,18895671,9,16797440,256,1,phrase_token
19,19943395,0,3080960,65536,46,phrase_token
19,19943395,1,13641728,16384,46,phrase_token
19,19943395,2,1048320,65536,36,phrase_token
19,19943395,3,1540096,65536,36,phrase_token
19,19943395,4,2097920,16384,36,phrase_token
19,19943395,5,4129792,65536,36,phrase_token
19,19943395,6,16797952,4096,18,phrase_token
19,19943395,7,18368000,4096,8,phrase_token
20,20990874,0,7834624,65536,59,phrase_token
20,20990874,1,13575936,65536,54,phrase_token
20,20990874,2,16797952,4096,47,phrase_token
20,20990874,3,13641728,16384,39,phrase_token
20,20990874,4,16271616,4096,28,phrase_token
20,20990874,5,3080960,65536,24,phrase_token
20,20990874,6,19943424,16384,24,phrase_token
20,20990874,7,8392704,65536,21,phrase_token
20,20990874,8,12591104,65536,21,phrase_token
20,20990874,9,7865344,4096,13,phrase_token
20,20990874,10,1048320,65536,12,phrase_token
20,20990874,11,1540096,65536,12,phrase_token
21,22039791,0,13641728,16384,50,phrase_token
21,22039791,1,8392704,65536,42,phrase_token
21,22039791,2,12591104,65536,42,phrase_token
21,22039791,3,1048320,65536,39,phrase_token
21,22039791,4,1540096,65536,39,phrase_token
21,22039791,5,2097920,16384,39,phrase_token
21,22039791,6,4129792,65536,39,phrase_token
21,22039791,7,8326912,65536,37,phrase_token
21,22039791,8,16732160,65536,37,phrase_token
21,22039791,9,16797952,4096,31,phrase_token
21,22039791,10,3080960,65536,21,phrase_token
21,22039791,11,7834624,65536,12,phrase_token
22,23094528,0,1048320,65536,108,phrase_token
22,23094528,1,1540096,65536,108,phrase_token
22,23094528,2,2097920,16384,108,phrase_token
22,23094528,3,4129792,65536,108,phrase_token
22,23094528,4,13641728,16384,50,phrase_token
22,23094528,5,16797952,16384,29,phrase_token
22,23094528,6,22534400,65536,24,phrase_token
22,23094528,7,3080960,65536,21,phrase_token
22,23094528,8,8326912,65536,21,phrase_token
22,23094528,9,8392704,65536,21,phrase_token
22,23094528,10,12591104,65536,21,phrase_token
22,23094528,11,16732160,65536,21,phrase_token
23,24139211,0,16732160,65536,66,phrase_token
23,24139211,1,13641728,16384,53,phrase_token
23,24139211,2,8326912,65536,45,phrase_token
23,24139211,3,16797952,4096,39,phrase_token
23,24139211,4,3080960,65536,33,phrase_token
23,24139211,5,22534400,65536,24,phrase_token
23,24139211,6,1048320,65536,21,phrase_token
23,24139211,7,1540096,65536,21,phrase_token
23,24139211,8,2097920,16384,21,phrase_token
23,24139211,9,4129792,65536,21,phrase_token
23,24139211,10,8392704,65536,21,phrase_token
23,24139211,11,8911616,16384,15,phrase_token
24,25193445,0,13641728,16384,83,phrase_token
24,25193445,1,1048320,65536,54,phrase_token
24,25193445,2,1540096,65536,54,phrase_token
24,25193445,3,2097920,16384,54,phrase_token
24,25193445,4,3080960,65536,54,phrase_token
24,25193445,5,4129792,65536,54,phrase_token
24,25193445,6,16797952,4096,41,phrase_token
24,25193445,7,16271616,4096,36,phrase_token
24,25193445,8,15749632,65536,25,phrase_token
24,25193445,9,24139264,256,10,phrase_token
24,25193445,10,19943424,16384,5,phrase_token
24,25193445,11,25189120,4096,5,phrase_token
25,26242226,0,5759488,16384,48,phrase_token
25,26242226,1,26192896,4096,0,recent_fallback
25,26242226,2,26201088,4096,0,recent_fallback
25,26242226,3,26209280,4096,0,recent_fallback
25,26242226,4,26217472,4096,0,recent_fallback
25,26242226,5,26225664,4096,0,recent_fallback
25,26242226,6,26233856,4096,0,recent_fallback
26,27289725,0,16797952,4096,68,phrase_token
26,27289725,1,1048320,65536,55,phrase_token
26,27289725,2,1540096,65536,55,phrase_token
26,27289725,3,2097920,16384,55,phrase_token
26,27289725,4,4129792,65536,55,phrase_token
26,27289725,5,13641728,16384,40,phrase_token
26,27289725,6,16271616,4096,28,phrase_token
26,27289725,7,8326912,65536,21,phrase_token
26,27289725,8,16732160,65536,21,phrase_token
26,27289725,9,19943424,16384,17,phrase_token
26,27289725,10,3080960,65536,12,phrase_token
26,27289725,11,523520,1024,3,phrase_token
27,28339390,0,13641728,16384,87,phrase_token
27,28339390,1,3080960,65536,82,phrase_token
27,28339390,2,16797952,4096,53,phrase_token
27,28339390,3,1048320,65536,51,phrase_token
27,28339390,4,1540096,65536,51,phrase_token
27,28339390,5,2097920,16384,51,phrase_token
27,28339390,6,4129792,65536,51,phrase_token
27,28339390,7,16271616,4096,29,phrase_token
27,28339390,8,27812352,4096,29,phrase_token
27,28339390,9,19943424,16384,28,phrase_token
27,28339390,10,12591104,256,4,phrase_token
27,28339390,11,0,256,1,phrase_token
28,29382763,0,13641728,16384,84,phrase_token
28,29382763,1,3080960,65536,69,phrase_token
28,29382763,2,1048320,65536,63,phrase_token
28,29382763,3,1540096,65536,63,phrase_token
28,29382763,4,2097920,16384,63,phrase_token
28,29382763,5,4129792,65536,63,phrase_token
28,29382763,6,28852736,16384,63,phrase_token
28,29382763,7,16797952,4096,23,phrase_token
28,29382763,8,16271616,4096,8,phrase_token
28,29382763,9,27812352,4096,8,phrase_token
28,29382763,10,11543296,256,4,phrase_token
28,29382763,11,523520,1024,3,phrase_token
29,30430735,0,5759488,16384,32,phrase_token
29,30430735,1,30381568,4096,0,recent_fallback
29,30430735,2,30389760,4096,0,recent_fallback
29,30430735,3,30397952,4096,0,recent_fallback
29,30430735,4,30406144,4096,0,recent_fallback
29,30430735,5,30414336,4096,0,recent_fallback
29,30430735,6,30422528,4096,0,recent_fallback
30,31484883,0,31427328,4096,0,recent_fallback
30,31484883,1,31435520,4096,0,recent_fallback
30,31484883,2,31443712,4096,0,recent_fallback
30,31484883,3,31451904,4096,0,recent_fallback
30,31484883,4,31460096,4096,0,recent_fallback
30,31484883,5,31468288,4096,0,recent_fallback
30,31484883,6,31476480,4096,0,recent_fallback
31,32531029,0,32473600,4096,0,recent_fallback
31,32531029,1,32481792,4096,0,recent_fallback
31,32531029,2,32489984,4096,0,recent_fallback
31,32531029,3,32498176,4096,0,recent_fallback
31,32531029,4,32506368,4096,0,recent_fallback
31,32531029,5,32514560,4096,0,recent_fallback
31,32531029,6,32522752,4096,0,recent_fallback
32,33581405,0,16797952,4096,47,phrase_token
32,33581405,1,9381632,65536,27,phrase_token
32,33581405,2,1048320,65536,24,phrase_token
32,33581405,3,1540096,65536,24,phrase_token
32,33581405,4,2097920,16384,24,phrase_token
32,33581405,5,4129792,65536,24,phrase_token
32,33581405,6,28852736,16384,24,phrase_token
32,33581405,7,16271616,4096,15,phrase_token
32,33581405,8,27812352,4096,15,phrase_token
32,33581405,9,523520,1024,3,phrase_token
32,33581405,10,0,256,1,phrase_token
32,33581405,11,25193472,256,1,phrase_token
33,34637194,0,16797952,4096,64,phrase_token
33,34637194,1,1048320,65536,60,phrase_token
33,34637194,2,1540096,65536,60,phrase_token
33,34637194,3,2097920,16384,60,phrase_token
33,34637194,4,4129792,65536,60,phrase_token
33,34637194,5,28852736,16384,60,phrase_token
33,34637194,6,16271616,4096,46,phrase_token
33,34637194,7,27812352,4096,46,phrase_token
33,34637194,8,13641728,16384,12,phrase_token
33,34637194,9,23090432,4096,5,phrase_token
33,34637194,10,34107136,4096,5,phrase_token
33,34637194,11,523520,1024,3,phrase_token
34,35682590,0,5759488,16384,12,phrase_token
34,35682590,1,35633408,4096,0,recent_fallback
34,35682590,2,35641600,4096,0,recent_fallback
34,35682590,3,35649792,4096,0,recent_fallback
34,35682590,4,35657984,4096,0,recent_fallback
34,35682590,5,35666176,4096,0,recent_fallback
34,35682590,6,35674368,4096,0,recent_fallback
35,36735523,0,16797952,4096,66,phrase_token
35,36735523,1,1048320,65536,45,phrase_token
35,36735523,2,1540096,65536,45,phrase_token
35,36735523,3,2097920,16384,45,phrase_token
35,36735523,4,4129792,65536,45,phrase_token
35,36735523,5,28852736,16384,45,phrase_token
35,36735523,6,16271616,4096,31,phrase_token
35,36735523,7,27812352,4096,31,phrase_token
35,36735523,8,34107136,4096,22,phrase_token
35,36735523,9,13641728,16384,16,phrase_token
35,36735523,10,19943424,16384,15,phrase_token
35,36735523,11,9381632,65536,12,phrase_token
36,37785676,0,33055744,1024,11,phrase_token
36,37785676,1,37736448,4096,0,recent_fallback
36,37785676,2,37744640,4096,0,recent_fallback
36,37785676,3,37752832,4096,0,recent_fallback
36,37785676,4,37761024,4096,0,recent_fallback
36,37785676,5,37769216,4096,0,recent_fallback
36,37785676,6,37777408,4096,0,recent_fallback
37,38839404,0,5177856,65536,105,phrase_token
37,38839404,1,5243648,65536,105,phrase_token
37,38839404,2,5767168,1024,16,phrase_token
37,38839404,3,4195584,256,13,phrase_token
37,38839404,4,4195584,1024,13,phrase_token
37,38839404,5,5243648,4096,13,phrase_token
37,38839404,6,5765632,4096,13,phrase_token
37,38839404,7,5767424,256,3,phrase_token
37,38839404,8,36208640,1024,1,phrase_token
38,39887096,0,3080960,65536,182,phrase_token
38,39887096,1,3638272,65536,145,phrase_token
38,39887096,2,16797952,4096,72,phrase_token
38,39887096,3,1048320,65536,60,phrase_token
38,39887096,4,1540096,65536,60,phrase_token
38,39887096,5,2097920,16384,60,phrase_token
38,39887096,6,4129792,65536,60,phrase_token
38,39887096,7,28852736,16384,60,phrase_token
38,39887096,8,13641728,16384,49,phrase_token
38,39887096,9,16271616,4096,41,phrase_token
38,39887096,10,27812352,4096,41,phrase_token
38,39887096,11,34637312,65536,37,phrase_token
39,40937191,0,33055744,1024,6,phrase_token
39,40937191,1,31484928,256,1,phrase_token
39,40937191,2,40896000,4096,0,recent_fallback
39,40937191,3,40904192,4096,0,recent_fallback
39,40937191,4,40912384,4096,0,recent_fallback
39,40937191,5,40920576,4096,0,recent_fallback
39,40937191,6,40928768,4096,0,recent_fallback
40,41986401,0,5177856,65536,24,phrase_token
40,41986401,1,5243648,65536,24,phrase_token
40,41986401,2,5759488,16384,24,phrase_token
40,41986401,3,39361024,4096,10,phrase_token
40,41986401,4,5243648,4096,8,phrase_token
40,41986401,5,4195584,256,5,phrase_token
40,41986401,6,4195584,1024,5,phrase_token
40,41986401,7,5239296,4096,5,phrase_token
40,41986401,8,5765632,4096,5,phrase_token
40,41986401,9,5767168,1024,5,phrase_token
41,43034573,0,5759488,16384,47,phrase_token
41,43034573,1,42508288,4096,45,phrase_token
41,43034573,2,42968832,65536,45,phrase_token
41,43034573,3,43017984,16384,45,phrase_token
41,43034573,4,5767168,1024,11,phrase_token
41,43034573,5,4195584,256,8,phrase_token
41,43034573,6,4195584,1024,8,phrase_token
41,43034573,7,5243648,4096,8,phrase_token
41,43034573,8,5765632,4096,8,phrase_token
41,43034573,9,36208640,1024,7,phrase_token
41,43034573,10,5767424,256,3,phrase_token
42,44082319,0,1048320,65536,29,phrase_token
42,44082319,1,1540096,65536,29,phrase_token
42,44082319,2,2097920,16384,29,phrase_token
42,44082319,3,4129792,65536,29,phrase_token
42,44082319,4,28852736,16384,29,phrase_token
42,44082319,5,16797952,4096,26,phrase_token
42,44082319,6,16271616,4096,21,phrase_token
42,44082319,7,27812352,4096,21,phrase_token
42,44082319,8,34107136,4096,15,phrase_token
42,44082319,9,40920576,16384,15,phrase_token
42,44082319,10,3146752,256,13,phrase_token
42,44082319,11,34637312,1024,10,phrase_token
43,45130116,0,16797952,4096,95,phrase_token
43,45130116,1,44573440,65536,70,phrase_token
43,45130116,2,16271616,4096,46,phrase_token
43,45130116,3,27812352,4096,46,phrase_token
43,45130116,4,1048320,65536,45,phrase_token
43,45130116,5,1540096,65536,45,phrase_token
43,45130116,6,2097920,16384,45,phrase_token
43,45130116,7,4129792,65536,45,phrase_token
43,45130116,8,28852736,16384,45,phrase_token
43,45130116,9,3662848,16384,24,phrase_token
43,45130116,10,3080960,65536,21,phrase_token
43,45130116,11,13641728,16384,21,phrase_token
44,46176335,0,40937216,16384,27,phrase_token
44,46176335,1,33055744,1024,11,phrase_token
44,46176335,2,46135296,4096,0,recent_fallback
44,46176335,3,46143488,4096,0,recent_fallback
44,46176335,4,46151680,4096,0,recent_fallback
44,46176335,5,46159872,4096,0,recent_fallback
44,46176335,6,46168064,4096,0,recent_fallback
45,47228198,0,40937216,16384,56,phrase_token
45,47228198,1,46669568,65536,56,phrase_token
45,47228198,2,46694144,16384,56,phrase_token
45,47228198,3,33055744,1024,6,phrase_token
45,47228198,4,31484928,256,4,phrase_token
45,47228198,5,40937216,256,1,phrase_token
45,47228198,6,47219968,4096,0,recent_fallback
46,48276807,0,42968832,65536,76,phrase_token
46,48276807,1,43017984,16384,76,phrase_token
46,48276807,2,42508288,4096,54,phrase_token
46,48276807,3,5759488,16384,20,phrase_token
46,48276807,4,43556352,4096,18,phrase_token
46,48276807,5,5243648,4096,5,phrase_token
46,48276807,6,48268544,4096,0,recent_fallback
47,49326598,0,42968832,65536,96,phrase_token
47,49326598,1,43017984,16384,96,phrase_token
47,49326598,2,42508288,4096,42,phrase_token
47,49326598,3,5759488,16384,41,phrase_token
47,49326598,4,43556352,4096,22,phrase_token
47,49326598,5,49310208,4096,0,recent_fallback
47,49326598,6,49318400,4096,0,recent_fallback
48,50375116,0,40937216,16384,54,phrase_token
48,50375116,1,46669568,65536,54,phrase_token
48,50375116,2,46694144,16384,54,phrase_token
48,50375116,3,48260352,16384,54,phrase_token
48,50375116,4,47719680,65536,21,phrase_token
48,50375116,5,33055744,1024,5,phrase_token
48,50375116,6,50366720,4096,0,recent_fallback
49,51429545,0,40937216,16384,76,phrase_token
49,51429545,1,46669568,65536,76,phrase_token
49,51429545,2,46694144,16384,76,phrase_token
49,51429545,3,48260352,16384,76,phrase_token
49,51429545,4,51404800,4096,0,recent_fallback
49,51429545,5,51412992,4096,0,recent_fallback
49,51429545,6,51421184,4096,0,recent_fallback
50,52478164,0,42508288,4096,98,phrase_token
50,52478164,1,42968832,65536,54,phrase_token
50,52478164,2,43017984,16384,54,phrase_token
50,52478164,3,43556352,4096,21,phrase_token
50,52478164,4,36208640,1024,3,phrase_token
50,52478164,5,52461568,4096,0,recent_fallback
50,52478164,6,52469760,4096,0,recent_fallback
51,53526828,0,40937216,16384,24,phrase_token
51,53526828,1,46669568,65536,24,phrase_token
51,53526828,2,46694144,16384,24,phrase_token
51,53526828,3,48260352,16384,24,phrase_token
51,53526828,4,47228416,16384,12,phrase_token
51,53526828,5,31484928,256,1,phrase_token
51,53526828,6,50375168,256,1,phrase_token
52,54574659,0,42968832,65536,88,phrase_token
52,54574659,1,43017984,16384,88,phrase_token
52,54574659,2,42508288,4096,75,phrase_token
52,54574659,3,43556352,4096,39,phrase_token
52,54574659,4,53000448,4096,39,phrase_token
52,54574659,5,54558208,4096,0,recent_fallback
52,54574659,6,54566400,4096,0,recent_fallback
53,55623067,0,42508288,4096,35,phrase_token
53,55623067,1,42968832,65536,21,phrase_token
53,55623067,2,43017984,16384,21,phrase_token
53,55623067,3,43556352,4096,13,phrase_token
53,55623067,4,53000448,4096,13,phrase_token
53,55623067,5,5759488,16384,12,phrase_token
53,55623067,6,55098368,1024,6,phrase_token
53,55623067,7,5243648,4096,5,phrase_token
53,55623067,8,36208640,1024,3,phrase_token
53,55623067,9,55621888,1024,3,phrase_token
54,56673889,0,42968832,65536,136,phrase_token
54,56673889,1,43017984,16384,136,phrase_token
54,56673889,2,42508288,4096,49,phrase_token
54,56673889,3,56115712,65536,21,phrase_token
54,56673889,4,43556352,4096,18,phrase_token
54,56673889,5,53000448,4096,18,phrase_token
54,56673889,6,55098368,1024,6,phrase_token
54,56673889,7,5243648,4096,5,phrase_token
54,56673889,8,55623168,256,5,phrase_token
54,56673889,9,55623168,1024,5,phrase_token
55,57723048,0,42968832,65536,99,phrase_token
55,57723048,1,43017984,16384,99,phrase_token
55,57723048,2,42508288,4096,36,phrase_token
55,57723048,3,43556352,4096,26,phrase_token
55,57723048,4,53000448,4096,26,phrase_token
55,57723048,5,56115712,65536,12,phrase_token
55,57723048,6,5243648,4096,9,phrase_token
55,57723048,7,55096832,4096,8,phrase_token
55,57723048,8,55098368,1024,3,phrase_token
55,57723048,9,55623168,256,3,phrase_token
56,58772244,0,47719680,65536,48,phrase_token
56,58772244,1,40937216,16384,47,phrase_token
56,58772244,2,46669568,65536,47,phrase_token
56,58772244,3,46694144,16384,47,phrase_token
56,58772244,4,48260352,16384,47,phrase_token
56,58772244,5,47228416,16384,12,phrase_token
56,58772244,6,58764032,4096,0,recent_fallback
57,59816997,0,42508288,4096,49,phrase_token
57,59816997,1,56115712,65536,42,phrase_token
57,59816997,2,42968832,65536,36,phrase_token
57,59816997,3,43017984,16384,36,phrase_token
57,59816997,4,43556352,4096,31,phrase_token
57,59816997,5,53000448,4096,31,phrase_token
57,59816997,6,56674048,65536,24,phrase_token
57,59816997,7,58214912,65536,24,phrase_token
57,59816997,8,58239488,16384,24,phrase_token
57,59816997,9,57165568,65536,21,phrase_token
57,59816997,10,5759488,16384,15,phrase_token
57,59816997,11,55098368,1024,3,phrase_token
58,60864583,0,40937216,16384,61,phrase_token
58,60864583,1,46669568,65536,61,phrase_token
58,60864583,2,46694144,16384,61,phrase_token
58,60864583,3,48260352,16384,61,phrase_token
58,60864583,4,31484928,256,3,phrase_token
58,60864583,5,60848128,4096,0,recent_fallback
58,60864583,6,60856320,4096,0,recent_fallback
59,61910108,0,42508288,4096,66,phrase_token
59,61910108,1,42968832,65536,49,phrase_token
59,61910108,2,43017984,16384,49,phrase_token
59,61910108,3,43556352,4096,38,phrase_token
59,61910108,4,53000448,4096,38,phrase_token
59,61910108,5,56115712,65536,24,phrase_token
59,61910108,6,38839552,65536,21,phrase_token
59,61910108,7,5759488,16384,5,phrase_token
59,61910108,8,55096832,4096,5,phrase_token
60,62961887,0,40937216,16384,42,phrase_token
60,62961887,1,46669568,65536,42,phrase_token
60,62961887,2,46694144,16384,42,phrase_token
60,62961887,3,48260352,16384,42,phrase_token
60,62961887,4,33055744,1024,6,phrase_token
60,62961887,5,62945280,4096,0,recent_fallback
60,62961887,6,62953472,4096,0,recent_fallback
61,64013943,0,42508288,4096,60,phrase_token
61,64013943,1,42968832,65536,27,phrase_token
61,64013943,2,43017984,16384,27,phrase_token
61,64013943,3,57165568,65536,21,phrase_token
61,64013943,4,56115712,65536,12,phrase_token
61,64013943,5,62403072,65536,12,phrase_token
61,64013943,6,43556352,4096,10,phrase_token
61,64013943,7,53000448,4096,10,phrase_token
61,64013943,8,62435328,1024,7,phrase_token
62,65063939,0,65047552,16384,60,phrase_token
62,65063939,1,42968832,65536,48,phrase_token
62,65063939,2,43017984,16384,48,phrase_token
62,65063939,3,42508288,4096,36,phrase_token
62,65063939,4,43556352,4096,26,phrase_token
62,65063939,5,53000448,4096,26,phrase_token
62,65063939,6,62435328,1024,6,phrase_token
62,65063939,7,5243648,4096,5,phrase_token
62,65063939,8,55096832,4096,5,phrase_token
62,65063939,9,55098368,1024,3,phrase_token
63,66113270,0,42968832,65536,72,phrase_token
63,66113270,1,43017984,16384,72,phrase_token
63,66113270,2,42508288,4096,60,phrase_token
63,66113270,3,43556352,4096,32,phrase_token
63,66113270,4,53000448,4096,32,phrase_token
63,66113270,5,56115712,65536,25,phrase_token
63,66113270,6,62403072,65536,25,phrase_token
63,66113270,7,5759488,16384,12,phrase_token
63,66113270,8,64530688,16384,12,phrase_token
63,66113270,9,62435328,1024,11,phrase_token
63,66113270,10,55098368,1024,5,phrase_token
64,67162195,0,42508288,4096,96,phrase_token
64,67162195,1,42968832,65536,78,phrase_token
64,67162195,2,43017984,16384,78,phrase_token
64,67162195,3,66113280,65536,78,phrase_token
64,67162195,4,56115712,65536,33,phrase_token
64,67162195,5,62403072,65536,33,phrase_token
64,67162195,6,43556352,4096,30,phrase_token
64,67162195,7,53000448,4096,30,phrase_token
64,67162195,8,66113280,4096,26,phrase_token
64,67162195,9,5759488,16384,12,phrase_token
64,67162195,10,64530688,16384,12,phrase_token
64,67162195,11,36208640,1024,10,phrase_token
65,68210996,0,42968832,65536,111,phrase_token
65,68210996,1,43017984,16384,111,phrase_token
65,68210996,2,66113280,65536,111,phrase_token
65,68210996,3,67162368,16384,111,phrase_token
65,68210996,4,68145408,65536,111,phrase_token
65,68210996,5,42508288,4096,28,phrase_token
65,68210996,6,36208640,1024,9,phrase_token
65,68210996,7,62435328,1024,7,phrase_token
65,68210996,8,67686144,1024,6,phrase_token
65,68210996,9,43556352,4096,5,phrase_token
65,68210996,10,53000448,4096,5,phrase_token
65,68210996,11,55096832,4096,5,phrase_token
66,69260290,0,68145408,65536,72,phrase_token
66,69260290,1,42508288,4096,45,phrase_token
66,69260290,2,56115712,65536,42,phrase_token
66,69260290,3,62403072,65536,42,phrase_token
66,69260290,4,42968832,65536,30,phrase_token
66,69260290,5,43017984,16384,30,phrase_token
66,69260290,6,66113280,4096,30,phrase_token
66,69260290,7,67162368,16384,30,phrase_token
66,69260290,8,43556352,4096,25,phrase_token
66,69260290,9,53000448,4096,25,phrase_token
66,69260290,10,68727552,16384,12,phrase_token
66,69260290,11,5243648,4096,5,phrase_token
67,70308921,0,68145408,65536,153,phrase_token
67,70308921,1,42968832,65536,99,phrase_token
67,70308921,2,43017984,16384,99,phrase_token
67,70308921,3,66113280,65536,99,phrase_token
67,70308921,4,67162368,16384,99,phrase_token
67,70308921,5,42508288,4096,57,phrase_token
67,70308921,6,56115712,65536,54,phrase_token
67,70308921,7,62403072,65536,54,phrase_token
67,70308921,8,70292480,16384,54,phrase_token
67,70308921,9,43556352,4096,49,phrase_token
67,70308921,10,53000448,4096,49,phrase_token
67,70308921,11,55098368,1024,6,phrase_token
68,71359090,0,68145408,65536,81,phrase_token
68,71359090,1,56115712,65536,54,phrase_token
68,71359090,2,62403072,65536,54,phrase_token
68,71359090,3,70292480,16384,54,phrase_token
68,71359090,4,42508288,4096,51,phrase_token
68,71359090,5,42968832,65536,27,phrase_token
68,71359090,6,43017984,16384,27,phrase_token
68,71359090,7,66113280,65536,27,phrase_token
68,71359090,8,67162368,16384,27,phrase_token
68,71359090,9,57165568,65536,25,phrase_token
68,71359090,10,66604800,65536,25,phrase_token
68,71359090,11,43556352,4096,18,phrase_token
69,72413180,0,40937216,16384,92,phrase_token
69,72413180,1,46669568,65536,92,phrase_token
69,72413180,2,46694144,16384,92,phrase_token
69,72413180,3,48260352,16384,92,phrase_token
69,72413180,4,47719680,65536,42,phrase_token
69,72413180,5,33055744,1024,7,phrase_token
69,72413180,6,72404736,4096,0,recent_fallback
70,73462010,0,68145408,65536,114,phrase_token
70,73462010,1,42968832,65536,81,phrase_token
70,73462010,2,43017984,16384,81,phrase_token
70,73462010,3,66113280,65536,81,phrase_token
70,73462010,4,67162368,16384,81,phrase_token
70,73462010,5,70309120,16384,81,phrase_token
70,73462010,6,71853312,65536,81,phrase_token
70,73462010,7,42508288,4096,75,phrase_token
70,73462010,8,43556352,4096,42,phrase_token
70,73462010,9,53000448,4096,42,phrase_token
70,73462010,10,56115712,65536,33,phrase_token
70,73462010,11,62403072,65536,33,phrase_token
71,74505116,0,42508288,4096,42,phrase_token
71,74505116,1,68145408,65536,36,phrase_token
71,74505116,2,56115712,65536,21,phrase_token
71,74505116,3,56674048,65536,21,phrase_token
71,74505116,4,58214912,65536,21,phrase_token
71,74505116,5,62403072,65536,21,phrase_token
71,74505116,6,70292480,16384,21,phrase_token
71,74505116,7,66113280,4096,18,phrase_token
71,74505116,8,42968832,65536,15,phrase_token
71,74505116,9,43017984,16384,15,phrase_token
71,74505116,10,67162368,16384,15,phrase_token
71,74505116,11,71853312,65536,15,phrase_token
72,75550861,0,42968832,65536,66,phrase_token
72,75550861,1,43017984,16384,66,phrase_token
72,75550861,2,66113280,65536,66,phrase_token
72,75550861,3,67162368,16384,66,phrase_token
72,75550861,4,68145408,65536,66,phrase_token
72,75550861,5,70309120,16384,66,phrase_token
72,75550861,6,71853312,65536,66,phrase_token
72,75550861,7,42508288,4096,51,phrase_token
72,75550861,8,43556352,4096,46,phrase_token
72,75550861,9,53000448,4096,46,phrase_token
72,75550861,10,74505216,65536,21,phrase_token
72,75550861,11,69260544,1024,5,phrase_token
73,76600145,0,42508288,4096,28,phrase_token
73,76600145,1,5759488,16384,24,phrase_token
73,76600145,2,64530688,16384,24,phrase_token
73,76600145,3,66113280,4096,15,phrase_token
73,76600145,4,69784064,1024,6,phrase_token
73,76600145,5,43556352,4096,5,phrase_token
73,76600145,6,53000448,4096,5,phrase_token
73,76600145,7,70309120,4096,5,phrase_token
73,76600145,8,36208640,1024,3,phrase_token
73,76600145,9,62435328,1024,3,phrase_token
73,76600145,10,69260544,1024,3,phrase_token
74,77649549,0,73457664,4096,37,phrase_token
74,77649549,1,73460736,1024,37,phrase_token
74,77649549,2,40937216,16384,24,phrase_token
74,77649549,3,46669568,65536,24,phrase_token
74,77649549,4,46694144,16384,24,phrase_token
74,77649549,5,48260352,16384,24,phrase_token
74,77649549,6,72413184,16384,24,phrase_token
74,77649549,7,33055744,1024,11,phrase_token
74,77649549,8,31484928,256,1,phrase_token
74,77649549,9,50375168,256,1,phrase_token
75,78698950,0,42968832,65536,99,phrase_token
75,78698950,1,43017984,16384,99,phrase_token
75,78698950,2,66113280,65536,99,phrase_token
75,78698950,3,67162368,16384,99,phrase_token
75,78698950,4,68145408,65536,99,phrase_token
75,78698950,5,70309120,16384,99,phrase_token
75,78698950,6,71853312,65536,99,phrase_token
75,78698950,7,5759488,16384,36,phrase_token
75,78698950,8,64530688,16384,36,phrase_token
75,78698950,9,42508288,4096,28,phrase_token
75,78698950,10,57165568,65536,21,phrase_token
75,78698950,11,66604800,65536,21,phrase_token
76,79749109,0,42508288,4096,47,phrase_token
76,79749109,1,43556352,4096,34,phrase_token
76,79749109,2,53000448,4096,34,phrase_token
76,79749109,3,70309120,4096,34,phrase_token
76,79749109,4,42968832,65536,33,phrase_token
76,79749109,5,43017984,16384,33,phrase_token
76,79749109,6,66113280,65536,33,phrase_token
76,79749109,7,67162368,16384,33,phrase_token
76,79749109,8,68145408,65536,33,phrase_token
76,79749109,9,71853312,65536,33,phrase_token
76,79749109,10,78699008,4096,33,phrase_token
76,79749109,11,55098368,1024,3,phrase_token
77,80797080,0,42508288,4096,85,phrase_token
77,80797080,1,42968832,65536,51,phrase_token
77,80797080,2,43017984,16384,51,phrase_token
77,80797080,3,66113280,65536,51,phrase_token
77,80797080,4,67162368,16384,51,phrase_token
77,80797080,5,70309120,16384,51,phrase_token
77,80797080,6,71853312,65536,51,phrase_token
77,80797080,7,78699008,4096,51,phrase_token
77,80797080,8,79749120,256,51,phrase_token
77,80797080,9,43556352,4096,40,phrase_token
77,80797080,10,53000448,4096,40,phrase_token
77,80797080,11,5759488,16384,28,phrase_token
78,81846058,0,42968832,65536,104,phrase_token
78,81846058,1,43017984,16384,104,phrase_token
78,81846058,2,66113280,65536,104,phrase_token
78,81846058,3,67162368,16384,104,phrase_token
78,81846058,4,71853312,65536,104,phrase_token
78,81846058,5,78699008,4096,104,phrase_token
78,81846058,6,79749120,256,104,phrase_token
78,81846058,7,81780480,65536,104,phrase_token
78,81846058,8,42508288,4096,61,phrase_token
78,81846058,9,56115712,65536,45,phrase_token
78,81846058,10,62403072,65536,45,phrase_token
78,81846058,11,68145408,65536,45,phrase_token
79,82895685,0,1048320,65536,55,phrase_token
79,82895685,1,1540096,65536,55,phrase_token
79,82895685,2,2097920,16384,55,phrase_token
79,82895685,3,4129792,65536,55,phrase_token
79,82895685,4,28852736,16384,55,phrase_token
79,82895685,5,44573440,65536,55,phrase_token
79,82895685,6,16797952,4096,38,phrase_token
79,82895685,7,16271616,4096,20,phrase_token
79,82895685,8,27812352,4096,20,phrase_token
79,82895685,9,34107136,4096,15,phrase_token
79,82895685,10,19943424,16384,12,phrase_token
79,82895685,11,0,1024,8,phrase_token
80,83944520,0,57165568,65536,42,phrase_token
80,83944520,1,66604800,65536,42,phrase_token
80,83944520,2,42968832,65536,39,phrase_token
80,83944520,3,43017984,16384,39,phrase_token
80,83944520,4,66113280,65536,39,phrase_token
80,83944520,5,67162368,16384,39,phrase_token
80,83944520,6,78699008,4096,39,phrase_token
80,83944520,7,79749120,256,39,phrase_token
80,83944520,8,81780480,65536,39,phrase_token
80,83944520,9,81846272,65536,39,phrase_token
80,83944520,10,69751808,65536,21,phrase_token
80,83944520,11,42508288,4096,20,phrase_token
81,84989531,0,42508288,4096,58,phrase_token
81,84989531,1,43556352,4096,26,phrase_token
81,84989531,2,53000448,4096,26,phrase_token
81,84989531,3,66113280,4096,26,phrase_token
81,84989531,4,70309120,4096,26,phrase_token
81,84989531,5,42968832,65536,16,phrase_token
81,84989531,6,43017984,16384,16,phrase_token
81,84989531,7,67162368,16384,16,phrase_token
81,84989531,8,78699008,4096,16,phrase_token
81,84989531,9,79749120,256,16,phrase_token
81,84989531,10,81780480,65536,16,phrase_token
81,84989531,11,81846272,65536,16,phrase_token
82,86038265,0,42508288,4096,52,phrase_token
82,86038265,1,86021632,16384,46,phrase_token
82,86038265,2,43556352,4096,26,phrase_token
82,86038265,3,53000448,4096,26,phrase_token
82,86038265,4,70309120,4096,26,phrase_token
82,86038265,5,66113280,4096,15,phrase_token
82,86038265,6,5759488,16384,12,phrase_token
82,86038265,7,64530688,16384,12,phrase_token
82,86038265,8,82362624,16384,12,phrase_token
82,86038265,9,62435328,1024,4,phrase_token
82,86038265,10,69784064,1024,3,phrase_token
82,86038265,11,83944704,256,3,phrase_token
83,87087641,0,42968832,65536,78,phrase_token
83,87087641,1,43017984,16384,78,phrase_token
83,87087641,2,66113280,65536,78,phrase_token
83,87087641,3,67162368,16384,78,phrase_token
83,87087641,4,78699008,4096,78,phrase_token
83,87087641,5,79749120,256,78,phrase_token
83,87087641,6,81780480,65536,78,phrase_token
83,87087641,7,81846272,65536,78,phrase_token
83,87087641,8,56115712,65536,42,phrase_token
83,87087641,9,62403072,65536,42,phrase_token
83,87087641,10,68145408,65536,42,phrase_token
83,87087641,11,70292480,16384,42,phrase_token
84,88136600,0,87087872,4096,58,phrase_token
84,88136600,1,42508288,4096,49,phrase_token
84,88136600,2,42968832,65536,45,phrase_token
84,88136600,3,43017984,16384,45,phrase_token
84,88136600,4,66113280,65536,45,phrase_token
84,88136600,5,67162368,16384,45,phrase_token
84,88136600,6,79749120,1024,45,phrase_token
84,88136600,7,81780480,65536,45,phrase_token
84,88136600,8,81846272,65536,45,phrase_token
84,88136600,9,86021632,16384,25,phrase_token
84,88136600,10,57165568,65536,21,phrase_token
84,88136600,11,66604800,65536,21,phrase_token
85,89184861,0,87087872,4096,57,phrase_token
85,89184861,1,42968832,65536,52,phrase_token
85,89184861,2,43017984,16384,52,phrase_token
85,89184861,3,67162368,16384,52,phrase_token
85,89184861,4,79749120,4096,52,phrase_token
85,89184861,5,81780480,65536,52,phrase_token
85,89184861,6,81846272,65536,52,phrase_token
85,89184861,7,88136704,16384,52,phrase_token
85,89184861,8,66113280,4096,37,phrase_token
85,89184861,9,42508288,4096,33,phrase_token
85,89184861,10,43556352,4096,23,phrase_token
85,89184861,11,53000448,4096,23,phrase_token
86,90235200,0,42968832,65536,91,phrase_token
86,90235200,1,43017984,16384,91,phrase_token
86,90235200,2,67162368,16384,91,phrase_token
86,90235200,3,79749120,4096,91,phrase_token
86,90235200,4,81780480,65536,91,phrase_token
86,90235200,5,81846272,65536,91,phrase_token
86,90235200,6,87087872,4096,91,phrase_token
86,90235200,7,88136704,16384,91,phrase_token
86,90235200,8,42508288,4096,36,phrase_token
86,90235200,9,66113280,4096,28,phrase_token
86,90235200,10,76600320,65536,24,phrase_token
86,90235200,11,43556352,4096,17,phrase_token
87,91284118,0,91226624,4096,0,recent_fallback
87,91284118,1,91234816,4096,0,recent_fallback
87,91284118,2,91243008,4096,0,recent_fallback
87,91284118,3,91251200,4096,0,recent_fallback
87,91284118,4,91259392,4096,0,recent_fallback
87,91284118,5,91267584,4096,0,recent_fallback
87,91284118,6,91275776,4096,0,recent_fallback
88,92334574,0,91284224,1024,27,phrase_token
88,92334574,1,91284224,4096,21,phrase_token
88,92334574,2,91284224,16384,21,phrase_token
88,92334574,3,91284224,65536,21,phrase_token
88,92334574,4,92309760,4096,0,recent_fallback
88,92334574,5,92317952,4096,0,recent_fallback
88,92334574,6,92326144,4096,0,recent_fallback
89,93379564,0,87087872,4096,53,phrase_token
89,93379564,1,42968832,65536,48,phrase_token
89,93379564,2,43017984,16384,48,phrase_token
89,93379564,3,67162368,16384,48,phrase_token
89,93379564,4,79749120,4096,48,phrase_token
89,93379564,5,81780480,65536,48,phrase_token
89,93379564,6,81846272,65536,48,phrase_token
89,93379564,7,88136704,16384,48,phrase_token
89,93379564,8,56115712,65536,42,phrase_token
89,93379564,9,62403072,65536,42,phrase_token
89,93379564,10,68145408,65536,42,phrase_token
89,93379564,11,70292480,16384,42,phrase_token
90,94428006,0,87087872,4096,124,phrase_token
90,94428006,1,42968832,65536,102,phrase_token
90,94428006,2,43017984,16384,102,phrase_token
90,94428006,3,67162368,16384,102,phrase_token
90,94428006,4,79749120,4096,102,phrase_token
90,94428006,5,81780480,65536,102,phrase_token
90,94428006,6,81846272,65536,102,phrase_token
90,94428006,7,88136704,16384,102,phrase_token
90,94428006,8,42508288,4096,64,phrase_token
90,94428006,9,90757632,4096,59,phrase_token
90,94428006,10,5759488,16384,24,phrase_token
90,94428006,11,64530688,16384,24,phrase_token
91,95475522,0,87087872,4096,98,phrase_token
91,95475522,1,42968832,65536,93,phrase_token
91,95475522,2,43017984,16384,93,phrase_token
91,95475522,3,79749120,4096,93,phrase_token
91,95475522,4,81780480,65536,93,phrase_token
91,95475522,5,81846272,65536,93,phrase_token
91,95475522,6,88136704,16384,93,phrase_token
91,95475522,7,94918912,65536,93,phrase_token
91,95475522,8,42508288,4096,55,phrase_token
91,95475522,9,56115712,65536,33,phrase_token
91,95475522,10,62403072,65536,33,phrase_token
91,95475522,11,68145408,65536,33,phrase_token
92,96523305,0,42508288,4096,66,phrase_token
92,96523305,1,87087872,4096,66,phrase_token
92,96523305,2,42968832,65536,51,phrase_token
92,96523305,3,43017984,16384,51,phrase_token
92,96523305,4,79749120,4096,51,phrase_token
92,96523305,5,81780480,65536,51,phrase_token
92,96523305,6,81846272,65536,51,phrase_token
92,96523305,7,88136704,16384,51,phrase_token
92,96523305,8,94918912,65536,51,phrase_token
92,96523305,9,66113280,4096,36,phrase_token
92,96523305,10,43556352,4096,33,phrase_token
92,96523305,11,53000448,4096,33,phrase_token
93,97572014,0,87087872,4096,82,phrase_token
93,97572014,1,42968832,65536,72,phrase_token
93,97572014,2,43017984,16384,72,phrase_token
93,97572014,3,79749120,4096,72,phrase_token
93,97572014,4,81780480,65536,72,phrase_token
93,97572014,5,81846272,65536,72,phrase_token
93,97572014,6,88136704,16384,72,phrase_token
93,97572014,7,94918912,65536,72,phrase_token
93,97572014,8,42508288,4096,60,phrase_token
93,97572014,9,43556352,4096,37,phrase_token
93,97572014,10,53000448,4096,37,phrase_token
93,97572014,11,70309120,4096,37,phrase_token
94,98619736,0,87087872,4096,57,phrase_token
94,98619736,1,42508288,4096,55,phrase_token
94,98619736,2,90757632,4096,45,phrase_token
94,98619736,3,42968832,65536,33,phrase_token
94,98619736,4,43017984,16384,33,phrase_token
94,98619736,5,79749120,16384,33,phrase_token
94,98619736,6,81780480,65536,33,phrase_token
94,98619736,7,81846272,65536,33,phrase_token
94,98619736,8,88136704,16384,33,phrase_token
94,98619736,9,94918912,65536,33,phrase_token
94,98619736,10,97572096,16384,33,phrase_token
94,98619736,11,56115712,65536,24,phrase_token
95,99667131,0,42508288,4096,72,phrase_token
95,99667131,1,87087872,4096,70,phrase_token
95,99667131,2,42968832,65536,66,phrase_token
95,99667131,3,43017984,16384,66,phrase_token
95,99667131,4,79749120,16384,66,phrase_token
95,99667131,5,81780480,65536,66,phrase_token
95,99667131,6,81846272,65536,66,phrase_token
95,99667131,7,88136704,16384,66,phrase_token
95,99667131,8,94918912,65536,66,phrase_token
95,99667131,9,97572096,16384,66,phrase_token
95,99667131,10,98619904,65536,42,phrase_token
95,99667131,11,43556352,4096,39,phrase_token
96,100715632,0,56115712,65536,107,phrase_token
96,100715632,1,62403072,65536,107,phrase_token
96,100715632,2,68145408,65536,107,phrase_token
96,100715632,3,70292480,16384,107,phrase_token
96,100715632,4,84434176,65536,107,phrase_token
96,100715632,5,85480960,65536,107,phrase_token
96,100715632,6,94428160,65536,107,phrase_token
96,100715632,7,100649984,65536,107,phrase_token
96,100715632,8,42508288,4096,69,phrase_token
96,100715632,9,5759488,16384,68,phrase_token
96,100715632,10,64530688,16384,68,phrase_token
96,100715632,11,82362624,16384,68,phrase_token
97,101762496,0,87087872,4096,172,phrase_token
97,101762496,1,100699136,16384,154,phrase_token
97,101762496,2,56115712,65536,144,phrase_token
97,101762496,3,62403072,65536,144,phrase_token
97,101762496,4,68145408,65536,144,phrase_token
97,101762496,5,70292480,16384,144,phrase_token
97,101762496,6,84434176,65536,144,phrase_token
97,101762496,7,85480960,65536,144,phrase_token
97,101762496,8,94428160,65536,144,phrase_token
97,101762496,9,100649984,65536,144,phrase_token
97,101762496,10,42968832,65536,128,phrase_token
97,101762496,11,43017984,16384,128,phrase_token
98,102809583,0,42508288,4096,93,phrase_token
98,102809583,1,43556352,4096,50,phrase_token
98,102809583,2,53000448,4096,50,phrase_token
98,102809583,3,70309120,4096,50,phrase_token
98,102809583,4,90757632,4096,43,phrase_token
98,102809583,5,56115712,65536,29,phrase_token
98,102809583,6,62403072,65536,29,phrase_token
98,102809583,7,68145408,65536,29,phrase_token
98,102809583,8,84434176,65536,29,phrase_token
98,102809583,9,85480960,65536,29,phrase_token
98,102809583,10,94428160,65536,29,phrase_token
98,102809583,11,100649984,65536,29,phrase_token
99,103862041,0,47719680,65536,54,phrase_token
99,103862041,1,73457664,4096,35,phrase_token
99,103862041,2,73460736,1024,35,phrase_token
99,103862041,3,40937216,16384,33,phrase_token
99,103862041,4,46669568,65536,33,phrase_token
99,103862041,5,46694144,16384,33,phrase_token
99,103862041,6,48260352,16384,33,phrase_token
99,103862041,7,72413184,16384,33,phrase_token
99,103862041,8,77649664,65536,33,phrase_token
99,103862041,9,33055744,1024,11,phrase_token
99,103862041,10,31484928,256,2,phrase_token
99,103862041,11,50375168,256,2,phrase_token
1,1048219,0,982528,65536,482,phrase_token
1,1048219,1,491264,65536,457,phrase_token
1,1048219,2,0,65536,290,phrase_token
1,1048219,3,1031680,16384,208,phrase_token
1,1048219,4,0,16384,159,phrase_token
1,1048219,5,0,4096,120,phrase_token
1,1048219,6,515840,16384,66,phrase_token
1,1048219,7,521984,4096,51,phrase_token
1,1048219,8,523520,1024,42,phrase_token
1,1048219,9,523776,256,31,phrase_token
1,1048219,10,1043968,4096,22,phrase_token
1,1048219,11,0,1024,21,phrase_token
2,2097908,0,1048320,65536,215,phrase_token
2,2097908,1,982528,65536,126,phrase_token
2,2097908,2,1540096,65536,125,phrase_token
2,2097908,3,491264,65536,114,phrase_token
2,2097908,4,0,65536,90,phrase_token
2,2097908,5,0,16384,74,phrase_token
2,2097908,6,0,4096,67,phrase_token
2,2097908,7,0,1024,43,phrase_token
2,2097908,8,1031680,16384,36,phrase_token
2,2097908,9,523520,1024,29,phrase_token
2,2097908,10,1048320,4096,22,phrase_token
2,2097908,11,1048320,16384,22,phrase_token
3,3146668,0,1048320,65536,48,phrase_token
3,3146668,1,1540096,65536,48,phrase_token
3,3146668,2,2097920,16384,48,phrase_token
3,3146668,3,3080960,65536,42,phrase_token
3,3146668,4,3130112,16384,42,phrase_token
3,3146668,5,0,1024,12,phrase_token
3,3146668,6,0,4096,12,phrase_token
3,3146668,7,0,16384,12,phrase_token
4,4195514,0,4137984,4096,0,recent_fallback
4,4195514,1,4146176,4096,0,recent_fallback
4,4195514,2,4154368,4096,0,recent_fallback
4,4195514,3,4162560,4096,0,recent_fallback
4,4195514,4,4170752,4096,0,recent_fallback
4,4195514,5,4178944,4096,0,recent_fallback
4,4195514,6,4187136,4096,0,recent_fallback
5,5243475,0,5177856,65536,96,phrase_token
5,5243475,1,4195584,256,29,phrase_token
5,5243475,2,4195584,1024,29,phrase_token
5,5243475,3,5239296,4096,8,phrase_token
5,5243475,4,5218816,4096,0,recent_fallback
5,5243475,5,5227008,4096,0,recent_fallback
5,5243475,6,5235200,4096,0,recent_fallback
6,6291800,0,1048320,65536,33,phrase_token
6,6291800,1,1540096,65536,33,phrase_token
6,6291800,2,2097920,16384,33,phrase_token
6,6291800,3,4129792,65536,33,phrase_token
6,6291800,4,523520,1024,3,phrase_token
6,6291800,5,523776,256,3,phrase_token
6,6291800,6,6283520,4096,0,recent_fallback
7,7342355,0,1048320,65536,31,phrase_token
7,7342355,1,1540096,65536,31,phrase_token
7,7342355,2,2097920,16384,31,phrase_token
7,7342355,3,4129792,65536,31,phrase_token
7,7342355,4,3080960,65536,15,phrase_token
7,7342355,5,523520,1024,6,phrase_token
7,7342355,6,523776,256,6,phrase_token
8,8392535,0,8326912,65536,84,phrase_token
8,8392535,1,1048320,65536,39,phrase_token
8,8392535,2,1540096,65536,39,phrase_token
8,8392535,3,2097920,16384,39,phrase_token
8,8392535,4,4129792,65536,39,phrase_token
8,8392535,5,7834624,65536,39,phrase_token
8,8392535,6,523520,1024,6,phrase_token
8,8392535,7,523776,256,6,phrase_token
8,8392535,8,1047040,1024,3,phrase_token
8,8392535,9,8391424,1024,3,phrase_token
8,8392535,10,8392192,256,3,phrase_token
9,9447260,0,5759488,16384,22,phrase_token
9,9447260,1,9398016,4096,0,recent_fallback
9,9447260,2,9406208,4096,0,recent_fallback
9,9447260,3,9414400,4096,0,recent_fallback
9,9447260,4,9422592,4096,0,recent_fallback
9,9447260,5,9430784,4096,0,recent_fallback
9,9447260,6,9438976,4096,0,recent_fallback
10,10494038,0,8326912,65536,63,phrase_token
10,10494038,1,3080960,65536,48,phrase_token
10,10494038,2,7865344,4096,20,phrase_token
10,10494038,3,7859200,16384,12,phrase_token
10,10494038,4,8391424,1024,3,phrase_token
10,10494038,5,8392192,256,3,phrase_token
10,10494038,6,10485760,4096,0,recent_fallback
11,11543054,0,7834624,65536,46,phrase_token
11,11543054,1,1048320,65536,36,phrase_token
11,11543054,2,1540096,65536,36,phrase_token
11,11543054,3,2097920,16384,36,phrase_token
11,11543054,4,4129792,65536,36,phrase_token
11,11543054,5,3080960,65536,21,phrase_token
11,11543054,6,8326912,65536,21,phrase_token
11,11543054,7,10494208,65536,21,phrase_token
11,11543054,8,8392704,16384,12,phrase_token
11,11543054,9,7865344,4096,5,phrase_token
12,12591020,0,7834624,65536,90,phrase_token
12,12591020,1,8392704,65536,73,phrase_token
12,12591020,2,8326912,65536,54,phrase_token
12,12591020,3,3080960,65536,21,phrase_token
12,12591020,4,7865344,4096,15,phrase_token
12,12591020,5,1048320,65536,12,phrase_token
12,12591020,6,1540096,65536,12,phrase_token
12,12591020,7,2097920,16384,12,phrase_token
12,12591020,8,4129792,65536,12,phrase_token
12,12591020,9,8392704,16384,5,phrase_token
12,12591020,10,8391424,1024,3,phrase_token
12,12591020,11,8392192,256,3,phrase_token
13,13641602,0,1048320,65536,24,phrase_token
13,13641602,1,1540096,65536,24,phrase_token
13,13641602,2,2097920,16384,24,phrase_token
13,13641602,3,4129792,65536,24,phrase_token
13,13641602,4,7859200,16384,12,phrase_token
13,13641602,5,7865344,4096,12,phrase_token
13,13641602,6,523520,1024,6,phrase_token
13,13641602,7,523776,256,6,phrase_token
13,13641602,8,11543296,256,3,phrase_token
14,14699215,0,1048320,65536,60,phrase_token
14,14699215,1,1540096,65536,60,phrase_token
14,14699215,2,2097920,16384,60,phrase_token
14,14699215,3,4129792,65536,60,phrase_token
14,14699215,4,3080960,65536,42,phrase_token
14,14699215,5,8326912,65536,42,phrase_token
14,14699215,6,13641728,16384,42,phrase_token
14,14699215,7,12591104,65536,41,phrase_token
14,14699215,8,7276800,65536,21,phrase_token
14,14699215,9,8392704,65536,16,phrase_token
14,14699215,10,8392704,16384,15,phrase_token
15,15749490,0,8326912,65536,63,phrase_token
15,15749490,1,13641728,16384,57,phrase_token
15,15749490,2,3080960,65536,45,phrase_token
15,15749490,3,7276800,65536,45,phrase_token
15,15749490,4,7865344,4096,25,phrase_token
15,15749490,5,8392704,16384,24,phrase_token
15,15749490,6,7834624,65536,21,phrase_token
15,15749490,7,8392704,65536,21,phrase_token
15,15749490,8,12591104,65536,21,phrase_token
15,15749490,9,7859200,16384,15,phrase_token
15,15749490,10,523520,1024,11,phrase_token
15,15749490,11,523776,256,11,phrase_token
16,16797859,0,1048320,65536,57,phrase_token
16,16797859,1,1540096,65536,57,phrase_token
16,16797859,2,2097920,16384,57,phrase_token
16,16797859,3,4129792,65536,57,phrase_token
16,16797859,4,16271616,4096,20,phrase_token
16,16797859,5,13641728,16384,12,phrase_token
16,16797859,6,8392704,16384,8,phrase_token
16,16797859,7,15749632,4096,8,phrase_token
16,16797859,8,1047040,1024,3,phrase_token
17,17844648,0,7859200,16384,15,phrase_token
17,17844648,1,7865344,4096,15,phrase_token
17,17844648,2,16797952,4096,10,phrase_token
17,17844648,3,17811712,4096,0,recent_fallback
17,17844648,4,17819904,4096,0,recent_fallback
17,17844648,5,17828096,4096,0,recent_fallback
17,17844648,6,17836288,4096,0,recent_fallback
18,18895671,0,13641728,16384,104,phrase_token
18,18895671,1,3080960,65536,87,phrase_token
18,18895671,2,1048320,65536,66,phrase_token
18,18895671,3,1540096,65536,66,phrase_token
18,18895671,4,2097920,16384,66,phrase_token
18,18895671,5,4129792,65536,66,phrase_token
18,18895671,6,16797952,4096,31,phrase_token
18,18895671,7,16797952,16384,17,phrase_token
18,18895671,8,16271616,4096,13,phrase_token
18,18895671,9,16797440,256,1,phrase_token
19,19943395,0,3080960,65536,46,phrase_token
19,19943395,1,13641728,16384,46,phrase_token
19,19943395,2,1048320,65536,36,phrase_token
19,19943395,3,1540096,65536,36,phrase_token
19,19943395,4,2097920,16384,36,phrase_token
19,19943395,5,4129792,65536,36,phrase_token
19,19943395,6,16797952,4096,18,phrase_token
19,19943395,7,18368000,4096,8,phrase_token
20,20990874,0,7834624,65536,59,phrase_token
20,20990874,1,13575936,65536,54,phrase_token
20,20990874,2,16797952,4096,47,phrase_token
20,20990874,3,13641728,16384,39,phrase_token
20,20990874,4,16271616,4096,28,phrase_token
20,20990874,5,3080960,65536,24,phrase_token
20,20990874,6,19943424,16384,24,phrase_token
20,20990874,7,8392704,65536,21,phrase_token
20,20990874,8,12591104,65536,21,phrase_token
20,20990874,9,7865344,4096,13,phrase_token
20,20990874,10,1048320,65536,12,phrase_token
20,20990874,11,1540096,65536,12,phrase_token
21,22039791,0,13641728,16384,50,phrase_token
21,22039791,1,8392704,65536,42,phrase_token
21,22039791,2,12591104,65536,42,phrase_token
21,22039791,3,1048320,65536,39,phrase_token
21,22039791,4,1540096,65536,39,phrase_token
21,22039791,5,2097920,16384,39,phrase_token
21,22039791,6,4129792,65536,39,phrase_token
21,22039791,7,8326912,65536,37,phrase_token
21,22039791,8,16732160,65536,37,phrase_token
21,22039791,9,16797952,4096,31,phrase_token
21,22039791,10,3080960,65536,21,phrase_token
21,22039791,11,7834624,65536,12,phrase_token
22,23094528,0,1048320,65536,108,phrase_token
22,23094528,1,1540096,65536,108,phrase_token
22,23094528,2,2097920,16384,108,phrase_token
22,23094528,3,4129792,65536,108,phrase_token
22,23094528,4,13641728,16384,50,phrase_token
22,23094528,5,16797952,16384,29,phrase_token
22,23094528,6,22534400,65536,24,phrase_token
22,23094528,7,3080960,65536,21,phrase_token
22,23094528,8,8326912,65536,21,phrase_token
22,23094528,9,8392704,65536,21,phrase_token
22,23094528,10,12591104,65536,21,phrase_token
22,23094528,11,16732160,65536,21,phrase_token
23,24139211,0,16732160,65536,66,phrase_token
23,24139211,1,13641728,16384,53,phrase_token
23,24139211,2,8326912,65536,45,phrase_token
23,24139211,3,16797952,4096,39,phrase_token
23,24139211,4,3080960,65536,33,phrase_token
23,24139211,5,22534400,65536,24,phrase_token
23,24139211,6,1048320,65536,21,phrase_token
23,24139211,7,1540096,65536,21,phrase_token
23,24139211,8,2097920,16384,21,phrase_token
23,24139211,9,4129792,65536,21,phrase_token
23,24139211,10,8392704,65536,21,phrase_token
23,24139211,11,8911616,16384,15,phrase_token
24,25193445,0,13641728,16384,83,phrase_token
24,25193445,1,1048320,65536,54,phrase_token
24,25193445,2,1540096,65536,54,phrase_token
24,25193445,3,2097920,16384,54,phrase_token
24,25193445,4,3080960,65536,54,phrase_token
24,25193445,5,4129792,65536,54,phrase_token
24,25193445,6,16797952,4096,41,phrase_token
24,25193445,7,16271616,4096,36,phrase_token
24,25193445,8,15749632,65536,25,phrase_token
24,25193445,9,24139264,256,10,phrase_token
24,25193445,10,19943424,16384,5,phrase_token
24,25193445,11,25189120,4096,5,phrase_token
25,26242226,0,5759488,16384,48,phrase_token
25,26242226,1,26192896,4096,0,recent_fallback
25,26242226,2,26201088,4096,0,recent_fallback
25,26242226,3,26209280,4096,0,recent_fallback
25,26242226,4,26217472,4096,0,recent_fallback
25,26242226,5,26225664,4096,0,recent_fallback
25,26242226,6,26233856,4096,0,recent_fallback
26,27289725,0,16797952,4096,68,phrase_token
26,27289725,1,1048320,65536,55,phrase_token
26,27289725,2,1540096,65536,55,phrase_token
26,27289725,3,2097920,16384,55,phrase_token
26,27289725,4,4129792,65536,55,phrase_token
26,27289725,5,13641728,16384,40,phrase_token
26,27289725,6,16271616,4096,28,phrase_token
26,27289725,7,8326912,65536,21,phrase_token
26,27289725,8,16732160,65536,21,phrase_token
26,27289725,9,19943424,16384,17,phrase_token
26,27289725,10,3080960,65536,12,phrase_token
26,27289725,11,523520,1024,3,phrase_token
27,28339390,0,13641728,16384,87,phrase_token
27,28339390,1,3080960,65536,82,phrase_token
27,28339390,2,16797952,4096,53,phrase_token
27,28339390,3,1048320,65536,51,phrase_token
27,28339390,4,1540096,65536,51,phrase_token
27,28339390,5,2097920,16384,51,phrase_token
27,28339390,6,4129792,65536,51,phrase_token
27,28339390,7,16271616,4096,29,phrase_token
27,28339390,8,27812352,4096,29,phrase_token
27,28339390,9,19943424,16384,28,phrase_token
27,28339390,10,12591104,256,4,phrase_token
27,28339390,11,0,256,1,phrase_token
28,29382763,0,13641728,16384,84,phrase_token
28,29382763,1,3080960,65536,69,phrase_token
28,29382763,2,1048320,65536,63,phrase_token
28,29382763,3,1540096,65536,63,phrase_token
28,29382763,4,2097920,16384,63,phrase_token
28,29382763,5,4129792,65536,63,phrase_token
28,29382763,6,28852736,16384,63,phrase_token
28,29382763,7,16797952,4096,23,phrase_token
28,29382763,8,16271616,4096,8,phrase_token
28,29382763,9,27812352,4096,8,phrase_token
28,29382763,10,11543296,256,4,phrase_token
28,29382763,11,523520,1024,3,phrase_token
29,30430735,0,5759488,16384,32,phrase_token
29,30430735,1,30381568,4096,0,recent_fallback
29,30430735,2,30389760,4096,0,recent_fallback
29,30430735,3,30397952,4096,0,recent_fallback
29,30430735,4,30406144,4096,0,recent_fallback
29,30430735,5,30414336,4096,0,recent_fallback
29,30430735,6,30422528,4096,0,recent_fallback
30,31484883,0,31427328,4096,0,recent_fallback
30,31484883,1,31435520,4096,0,recent_fallback
30,31484883,2,31443712,4096,0,recent_fallback
30,31484883,3,31451904,4096,0,recent_fallback
30,31484883,4,31460096,4096,0,recent_fallback
30,31484883,5,31468288,4096,0,recent_fallback
30,31484883,6,31476480,4096,0,recent_fallback
31,32531029,0,32473600,4096,0,recent_fallback
31,32531029,1,32481792,4096,0,recent_fallback
31,32531029,2,32489984,4096,0,recent_fallback
31,32531029,3,32498176,4096,0,recent_fallback
31,32531029,4,32506368,4096,0,recent_fallback
31,32531029,5,32514560,4096,0,recent_fallback
31,32531029,6,32522752,4096,0,recent_fallback
32,33581405,0,16797952,4096,47,phrase_token
32,33581405,1,9381632,65536,27,phrase_token
32,33581405,2,1048320,65536,24,phrase_token
32,33581405,3,1540096,65536,24,phrase_token
32,33581405,4,2097920,16384,24,phrase_token
32,33581405,5,4129792,65536,24,phrase_token
32,33581405,6,28852736,16384,24,phrase_token
32,33581405,7,16271616,4096,15,phrase_token
32,33581405,8,27812352,4096,15,phrase_token
32,33581405,9,523520,1024,3,phrase_token
32,33581405,10,0,256,1,phrase_token
32,33581405,11,25193472,256,1,phrase_token
33,34637194,0,16797952,4096,64,phrase_token
33,34637194,1,1048320,65536,60,phrase_token
33,34637194,2,1540096,65536,60,phrase_token
33,34637194,3,2097920,16384,60,phrase_token
33,34637194,4,4129792,65536,60,phrase_token
33,34637194,5,28852736,16384,60,phrase_token
33,34637194,6,16271616,4096,46,phrase_token
33,34637194,7,27812352,4096,46,phrase_token
33,34637194,8,13641728,16384,12,phrase_token
33,34637194,9,23090432,4096,5,phrase_token
33,34637194,10,34107136,4096,5,phrase_token
33,34637194,11,523520,1024,3,phrase_token
34,35682590,0,5759488,16384,12,phrase_token
34,35682590,1,35633408,4096,0,recent_fallback
34,35682590,2,35641600,4096,0,recent_fallback
34,35682590,3,35649792,4096,0,recent_fallback
34,35682590,4,35657984,4096,0,recent_fallback
34,35682590,5,35666176,4096,0,recent_fallback
34,35682590,6,35674368,4096,0,recent_fallback
35,36735523,0,16797952,4096,66,phrase_token
35,36735523,1,1048320,65536,45,phrase_token
35,36735523,2,1540096,65536,45,phrase_token
35,36735523,3,2097920,16384,45,phrase_token
35,36735523,4,4129792,65536,45,phrase_token
35,36735523,5,28852736,16384,45,phrase_token
35,36735523,6,16271616,4096,31,phrase_token
35,36735523,7,27812352,4096,31,phrase_token
35,36735523,8,34107136,4096,22,phrase_token
35,36735523,9,13641728,16384,16,phrase_token
35,36735523,10,19943424,16384,15,phrase_token
35,36735523,11,9381632,65536,12,phrase_token
36,37785676,0,33055744,1024,11,phrase_token
36,37785676,1,37736448,4096,0,recent_fallback
36,37785676,2,37744640,4096,0,recent_fallback
36,37785676,3,37752832,4096,0,recent_fallback
36,37785676,4,37761024,4096,0,recent_fallback
36,37785676,5,37769216,4096,0,recent_fallback
36,37785676,6,37777408,4096,0,recent_fallback
37,38839404,0,5177856,65536,105,phrase_token
37,38839404,1,5243648,65536,105,phrase_token
37,38839404,2,5767168,1024,16,phrase_token
37,38839404,3,4195584,256,13,phrase_token
37,38839404,4,4195584,1024,13,phrase_token
37,38839404,5,5243648,4096,13,phrase_token
37,38839404,6,5765632,4096,13,phrase_token
37,38839404,7,5767424,256,3,phrase_token
37,38839404,8,36208640,1024,1,phrase_token
38,39887096,0,3080960,65536,182,phrase_token
38,39887096,1,3638272,65536,145,phrase_token
38,39887096,2,16797952,4096,72,phrase_token
38,39887096,3,1048320,65536,60,phrase_token
38,39887096,4,1540096,65536,60,phrase_token
38,39887096,5,2097920,16384,60,phrase_token
38,39887096,6,4129792,65536,60,phrase_token
38,39887096,7,28852736,16384,60,phrase_token
38,39887096,8,13641728,16384,49,phrase_token
38,39887096,9,16271616,4096,41,phrase_token
38,39887096,10,27812352,4096,41,phrase_token
38,39887096,11,34637312,65536,37,phrase_token
39,40937191,0,33055744,1024,6,phrase_token
39,40937191,1,31484928,256,1,phrase_token
39,40937191,2,40896000,4096,0,recent_fallback
39,40937191,3,40904192,4096,0,recent_fallback
39,40937191,4,40912384,4096,0,recent_fallback
39,40937191,5,40920576,4096,0,recent_fallback
39,40937191,6,40928768,4096,0,recent_fallback
40,41986401,0,5177856,65536,24,phrase_token
40,41986401,1,5243648,65536,24,phrase_token
40,41986401,2,5759488,16384,24,phrase_token
40,41986401,3,39361024,4096,10,phrase_token
40,41986401,4,5243648,4096,8,phrase_token
40,41986401,5,4195584,256,5,phrase_token
40,41986401,6,4195584,1024,5,phrase_token
40,41986401,7,5239296,4096,5,phrase_token
40,41986401,8,5765632,4096,5,phrase_token
40,41986401,9,5767168,1024,5,phrase_token
41,43034573,0,5759488,16384,47,phrase_token
41,43034573,1,42508288,4096,45,phrase_token
41,43034573,2,42968832,65536,45,phrase_token
41,43034573,3,43017984,16384,45,phrase_token
41,43034573,4,5767168,1024,11,phrase_token
41,43034573,5,4195584,256,8,phrase_token
41,43034573,6,4195584,1024,8,phrase_token
41,43034573,7,5243648,4096,8,phrase_token
41,43034573,8,5765632,4096,8,phrase_token
41,43034573,9,36208640,1024,7,phrase_token
41,43034573,10,5767424,256,3,phrase_token
42,44082319,0,1048320,65536,29,phrase_token
42,44082319,1,1540096,65536,29,phrase_token
42,44082319,2,2097920,16384,29,phrase_token
42,44082319,3,4129792,65536,29,phrase_token
42,44082319,4,28852736,16384,29,phrase_token
42,44082319,5,16797952,4096,26,phrase_token
42,44082319,6,16271616,4096,21,phrase_token
42,44082319,7,27812352,4096,21,phrase_token
42,44082319,8,34107136,4096,15,phrase_token
42,44082319,9,40920576,16384,15,phrase_token
42,44082319,10,3146752,256,13,phrase_token
42,44082319,11,34637312,1024,10,phrase_token
43,45130116,0,16797952,4096,95,phrase_token
43,45130116,1,44573440,65536,70,phrase_token
43,45130116,2,16271616,4096,46,phrase_token
43,45130116,3,27812352,4096,46,phrase_token
43,45130116,4,1048320,65536,45,phrase_token
43,45130116,5,1540096,65536,45,phrase_token
43,45130116,6,2097920,16384,45,phrase_token
43,45130116,7,4129792,65536,45,phrase_token
43,45130116,8,28852736,16384,45,phrase_token
43,45130116,9,3662848,16384,24,phrase_token
43,45130116,10,3080960,65536,21,phrase_token
43,45130116,11,13641728,16384,21,phrase_token
44,46176335,0,40937216,16384,27,phrase_token
44,46176335,1,33055744,1024,11,phrase_token
44,46176335,2,46135296,4096,0,recent_fallback
44,46176335,3,46143488,4096,0,recent_fallback
44,46176335,4,46151680,4096,0,recent_fallback
44,46176335,5,46159872,4096,0,recent_fallback
44,46176335,6,46168064,4096,0,recent_fallback
45,47228198,0,40937216,16384,56,phrase_token
45,47228198,1,46669568,65536,56,phrase_token
45,47228198,2,46694144,16384,56,phrase_token
45,47228198,3,33055744,1024,6,phrase_token
45,47228198,4,31484928,256,4,phrase_token
45,47228198,5,40937216,256,1,phrase_token
45,47228198,6,47219968,4096,0,recent_fallback
46,48276807,0,42968832,65536,76,phrase_token
46,48276807,1,43017984,16384,76,phrase_token
46,48276807,2,42508288,4096,54,phrase_token
46,48276807,3,5759488,16384,20,phrase_token
46,48276807,4,43556352,4096,18,phrase_token
46,48276807,5,5243648,4096,5,phrase_token
46,48276807,6,48268544,4096,0,recent_fallback
47,49326598,0,42968832,65536,96,phrase_token
47,49326598,1,43017984,16384,96,phrase_token
47,49326598,2,42508288,4096,42,phrase_token
47,49326598,3,5759488,16384,41,phrase_token
47,49326598,4,43556352,4096,22,phrase_token
47,49326598,5,49310208,4096,0,recent_fallback
47,49326598,6,49318400,4096,0,recent_fallback
48,50375116,0,40937216,16384,54,phrase_token
48,50375116,1,46669568,65536,54,phrase_token
48,50375116,2,46694144,16384,54,phrase_token
48,50375116,3,48260352,16384,54,phrase_token
48,50375116,4,47719680,65536,21,phrase_token
48,50375116,5,33055744,1024,5,phrase_token
48,50375116,6,50366720,4096,0,recent_fallback
49,51429545,0,40937216,16384,76,phrase_token
49,51429545,1,46669568,65536,76,phrase_token
49,51429545,2,46694144,16384,76,phrase_token
49,51429545,3,48260352,16384,76,phrase_token
49,51429545,4,51404800,4096,0,recent_fallback
49,51429545,5,51412992,4096,0,recent_fallback
49,51429545,6,51421184,4096,0,recent_fallback
50,52478164,0,42508288,4096,98,phrase_token
50,52478164,1,42968832,65536,54,phrase_token
50,52478164,2,43017984,16384,54,phrase_token
50,52478164,3,43556352,4096,21,phrase_token
50,52478164,4,36208640,1024,3,phrase_token
50,52478164,5,52461568,4096,0,recent_fallback
50,52478164,6,52469760,4096,0,recent_fallback
51,53526828,0,40937216,16384,24,phrase_token
51,53526828,1,46669568,65536,24,phrase_token
51,53526828,2,46694144,16384,24,phrase_token
51,53526828,3,48260352,16384,24,phrase_token
51,53526828,4,47228416,16384,12,phrase_token
51,53526828,5,31484928,256,1,phrase_token
51,53526828,6,50375168,256,1,phrase_token
52,54574659,0,42968832,65536,88,phrase_token
52,54574659,1,43017984,16384,88,phrase_token
52,54574659,2,42508288,4096,75,phrase_token
52,54574659,3,43556352,4096,39,phrase_token
52,54574659,4,53000448,4096,39,phrase_token
52,54574659,5,54558208,4096,0,recent_fallback
52,54574659,6,54566400,4096,0,recent_fallback
53,55623067,0,42508288,4096,35,phrase_token
53,55623067,1,42968832,65536,21,phrase_token
53,55623067,2,43017984,16384,21,phrase_token
53,55623067,3,43556352,4096,13,phrase_token
53,55623067,4,53000448,4096,13,phrase_token
53,55623067,5,5759488,16384,12,phrase_token
53,55623067,6,55098368,1024,6,phrase_token
53,55623067,7,5243648,4096,5,phrase_token
53,55623067,8,36208640,1024,3,phrase_token
53,55623067,9,55621888,1024,3,phrase_token
54,56673889,0,42968832,65536,136,phrase_token
54,56673889,1,43017984,16384,136,phrase_token
54,56673889,2,42508288,4096,49,phrase_token
54,56673889,3,56115712,65536,21,phrase_token
54,56673889,4,43556352,4096,18,phrase_token
54,56673889,5,53000448,4096,18,phrase_token
54,56673889,6,55098368,1024,6,phrase_token
54,56673889,7,5243648,4096,5,phrase_token
54,56673889,8,55623168,256,5,phrase_token
54,56673889,9,55623168,1024,5,phrase_token
55,57723048,0,42968832,65536,99,phrase_token
55,57723048,1,43017984,16384,99,phrase_token
55,57723048,2,42508288,4096,36,phrase_token
55,57723048,3,43556352,4096,26,phrase_token
55,57723048,4,53000448,4096,26,phrase_token
55,57723048,5,56115712,65536,12,phrase_token
55,57723048,6,5243648,4096,9,phrase_token
55,57723048,7,55096832,4096,8,phrase_token
55,57723048,8,55098368,1024,3,phrase_token
55,57723048,9,55623168,256,3,phrase_token
56,58772244,0,47719680,65536,48,phrase_token
56,58772244,1,40937216,16384,47,phrase_token
56,58772244,2,46669568,65536,47,phrase_token
56,58772244,3,46694144,16384,47,phrase_token
56,58772244,4,48260352,16384,47,phrase_token
56,58772244,5,47228416,16384,12,phrase_token
56,58772244,6,58764032,4096,0,recent_fallback
57,59816997,0,42508288,4096,49,phrase_token
57,59816997,1,56115712,65536,42,phrase_token
57,59816997,2,42968832,65536,36,phrase_token
57,59816997,3,43017984,16384,36,phrase_token
57,59816997,4,43556352,4096,31,phrase_token
57,59816997,5,53000448,4096,31,phrase_token
57,59816997,6,56674048,65536,24,phrase_token
57,59816997,7,58214912,65536,24,phrase_token
57,59816997,8,58239488,16384,24,phrase_token
57,59816997,9,57165568,65536,21,phrase_token
57,59816997,10,5759488,16384,15,phrase_token
57,59816997,11,55098368,1024,3,phrase_token
58,60864583,0,40937216,16384,61,phrase_token
58,60864583,1,46669568,65536,61,phrase_token
58,60864583,2,46694144,16384,61,phrase_token
58,60864583,3,48260352,16384,61,phrase_token
58,60864583,4,31484928,256,3,phrase_token
58,60864583,5,60848128,4096,0,recent_fallback
58,60864583,6,60856320,4096,0,recent_fallback
59,61910108,0,42508288,4096,66,phrase_token
59,61910108,1,42968832,65536,49,phrase_token
59,61910108,2,43017984,16384,49,phrase_token
59,61910108,3,43556352,4096,38,phrase_token
59,61910108,4,53000448,4096,38,phrase_token
59,61910108,5,56115712,65536,24,phrase_token
59,61910108,6,38839552,65536,21,phrase_token
59,61910108,7,5759488,16384,5,phrase_token
59,61910108,8,55096832,4096,5,phrase_token
60,62961887,0,40937216,16384,42,phrase_token
60,62961887,1,46669568,65536,42,phrase_token
60,62961887,2,46694144,16384,42,phrase_token
60,62961887,3,48260352,16384,42,phrase_token
60,62961887,4,33055744,1024,6,phrase_token
60,62961887,5,62945280,4096,0,recent_fallback
60,62961887,6,62953472,4096,0,recent_fallback
61,64013943,0,42508288,4096,60,phrase_token
61,64013943,1,42968832,65536,27,phrase_token
61,64013943,2,43017984,16384,27,phrase_token
61,64013943,3,57165568,65536,21,phrase_token
61,64013943,4,56115712,65536,12,phrase_token
61,64013943,5,62403072,65536,12,phrase_token
61,64013943,6,43556352,4096,10,phrase_token
61,64013943,7,53000448,4096,10,phrase_token
61,64013943,8,62435328,1024,7,phrase_token
62,65063939,0,65047552,16384,60,phrase_token
62,65063939,1,42968832,65536,48,phrase_token
62,65063939,2,43017984,16384,48,phrase_token
62,65063939,3,42508288,4096,36,phrase_token
62,65063939,4,43556352,4096,26,phrase_token
62,65063939,5,53000448,4096,26,phrase_token
62,65063939,6,62435328,1024,6,phrase_token
62,65063939,7,5243648,4096,5,phrase_token
62,65063939,8,55096832,4096,5,phrase_token
62,65063939,9,55098368,1024,3,phrase_token
63,66113270,0,42968832,65536,72,phrase_token
63,66113270,1,43017984,16384,72,phrase_token
63,66113270,2,42508288,4096,60,phrase_token
63,66113270,3,43556352,4096,32,phrase_token
63,66113270,4,53000448,4096,32,phrase_token
63,66113270,5,56115712,65536,25,phrase_token
63,66113270,6,62403072,65536,25,phrase_token
63,66113270,7,5759488,16384,12,phrase_token
63,66113270,8,64530688,16384,12,phrase_token
63,66113270,9,62435328,1024,11,phrase_token
63,66113270,10,55098368,1024,5,phrase_token
64,67162195,0,42508288,4096,96,phrase_token
64,67162195,1,42968832,65536,78,phrase_token
64,67162195,2,43017984,16384,78,phrase_token
64,67162195,3,66113280,65536,78,phrase_token
64,67162195,4,56115712,65536,33,phrase_token
64,67162195,5,62403072,65536,33,phrase_token
64,67162195,6,43556352,4096,30,phrase_token
64,67162195,7,53000448,4096,30,phrase_token
64,67162195,8,66113280,4096,26,phrase_token
64,67162195,9,5759488,16384,12,phrase_token
64,67162195,10,64530688,16384,12,phrase_token
64,67162195,11,36208640,1024,10,phrase_token
65,68210996,0,42968832,65536,111,phrase_token
65,68210996,1,43017984,16384,111,phrase_token
65,68210996,2,66113280,65536,111,phrase_token
65,68210996,3,67162368,16384,111,phrase_token
65,68210996,4,68145408,65536,111,phrase_token
65,68210996,5,42508288,4096,28,phrase_token
65,68210996,6,36208640,1024,9,phrase_token
65,68210996,7,62435328,1024,7,phrase_token
65,68210996,8,67686144,1024,6,phrase_token
65,68210996,9,43556352,4096,5,phrase_token
65,68210996,10,53000448,4096,5,phrase_token
65,68210996,11,55096832,4096,5,phrase_token
66,69260290,0,68145408,65536,72,phrase_token
66,69260290,1,42508288,4096,45,phrase_token
66,69260290,2,56115712,65536,42,phrase_token
66,69260290,3,62403072,65536,42,phrase_token
66,69260290,4,42968832,65536,30,phrase_token
66,69260290,5,43017984,16384,30,phrase_token
66,69260290,6,66113280,4096,30,phrase_token
66,69260290,7,67162368,16384,30,phrase_token
66,69260290,8,43556352,4096,25,phrase_token
66,69260290,9,53000448,4096,25,phrase_token
66,69260290,10,68727552,16384,12,phrase_token
66,69260290,11,5243648,4096,5,phrase_token
67,70308921,0,68145408,65536,153,phrase_token
67,70308921,1,42968832,65536,99,phrase_token
67,70308921,2,43017984,16384,99,phrase_token
67,70308921,3,66113280,65536,99,phrase_token
67,70308921,4,67162368,16384,99,phrase_token
67,70308921,5,42508288,4096,57,phrase_token
67,70308921,6,56115712,65536,54,phrase_token
67,70308921,7,62403072,65536,54,phrase_token
67,70308921,8,70292480,16384,54,phrase_token
67,70308921,9,43556352,4096,49,phrase_token
67,70308921,10,53000448,4096,49,phrase_token
67,70308921,11,55098368,1024,6,phrase_token
68,71359090,0,68145408,65536,81,phrase_token
68,71359090,1,56115712,65536,54,phrase_token
68,71359090,2,62403072,65536,54,phrase_token
68,71359090,3,70292480,16384,54,phrase_token
68,71359090,4,42508288,4096,51,phrase_token
68,71359090,5,42968832,65536,27,phrase_token
68,71359090,6,43017984,16384,27,phrase_token
68,71359090,7,66113280,65536,27,phrase_token
68,71359090,8,67162368,16384,27,phrase_token
68,71359090,9,57165568,65536,25,phrase_token
68,71359090,10,66604800,65536,25,phrase_token
68,71359090,11,43556352,4096,18,phrase_token
69,72413180,0,40937216,16384,92,phrase_token
69,72413180,1,46669568,65536,92,phrase_token
69,72413180,2,46694144,16384,92,phrase_token
69,72413180,3,48260352,16384,92,phrase_token
69,72413180,4,47719680,65536,42,phrase_token
69,72413180,5,33055744,1024,7,phrase_token
69,72413180,6,72404736,4096,0,recent_fallback
70,73462010,0,68145408,65536,114,phrase_token
70,73462010,1,42968832,65536,81,phrase_token
70,73462010,2,43017984,16384,81,phrase_token
70,73462010,3,66113280,65536,81,phrase_token
70,73462010,4,67162368,16384,81,phrase_token
70,73462010,5,70309120,16384,81,phrase_token
70,73462010,6,71853312,65536,81,phrase_token
70,73462010,7,42508288,4096,75,phrase_token
70,73462010,8,43556352,4096,42,phrase_token
70,73462010,9,53000448,4096,42,phrase_token
70,73462010,10,56115712,65536,33,phrase_token
70,73462010,11,62403072,65536,33,phrase_token
71,74505116,0,42508288,4096,42,phrase_token
71,74505116,1,68145408,65536,36,phrase_token
71,74505116,2,56115712,65536,21,phrase_token
71,74505116,3,56674048,65536,21,phrase_token
71,74505116,4,58214912,65536,21,phrase_token
71,74505116,5,62403072,65536,21,phrase_token
71,74505116,6,70292480,16384,21,phrase_token
71,74505116,7,66113280,4096,18,phrase_token
71,74505116,8,42968832,65536,15,phrase_token
71,74505116,9,43017984,16384,15,phrase_token
71,74505116,10,67162368,16384,15,phrase_token
71,74505116,11,71853312,65536,15,phrase_token
72,75550861,0,42968832,65536,66,phrase_token
72,75550861,1,43017984,16384,66,phrase_token
72,75550861,2,66113280,65536,66,phrase_token
72,75550861,3,67162368,16384,66,phrase_token
72,75550861,4,68145408,65536,66,phrase_token
72,75550861,5,70309120,16384,66,phrase_token
72,75550861,6,71853312,65536,66,phrase_token
72,75550861,7,42508288,4096,51,phrase_token
72,75550861,8,43556352,4096,46,phrase_token
72,75550861,9,53000448,4096,46,phrase_token
72,75550861,10,74505216,65536,21,phrase_token
72,75550861,11,69260544,1024,5,phrase_token
73,76600145,0,42508288,4096,28,phrase_token
73,76600145,1,5759488,16384,24,phrase_token
73,76600145,2,64530688,16384,24,phrase_token
73,76600145,3,66113280,4096,15,phrase_token
73,76600145,4,69784064,1024,6,phrase_token
73,76600145,5,43556352,4096,5,phrase_token
73,76600145,6,53000448,4096,5,phrase_token
73,76600145,7,70309120,4096,5,phrase_token
73,76600145,8,36208640,1024,3,phrase_token
73,76600145,9,62435328,1024,3,phrase_token
73,76600145,10,69260544,1024,3,phrase_token
74,77649549,0,73457664,4096,37,phrase_token
74,77649549,1,73460736,1024,37,phrase_token
74,77649549,2,40937216,16384,24,phrase_token
74,77649549,3,46669568,65536,24,phrase_token
74,77649549,4,46694144,16384,24,phrase_token
74,77649549,5,48260352,16384,24,phrase_token
74,77649549,6,72413184,16384,24,phrase_token
74,77649549,7,33055744,1024,11,phrase_token
74,77649549,8,31484928,256,1,phrase_token
74,77649549,9,50375168,256,1,phrase_token
75,78698950,0,42968832,65536,99,phrase_token
75,78698950,1,43017984,16384,99,phrase_token
75,78698950,2,66113280,65536,99,phrase_token
75,78698950,3,67162368,16384,99,phrase_token
75,78698950,4,68145408,65536,99,phrase_token
75,78698950,5,70309120,16384,99,phrase_token
75,78698950,6,71853312,65536,99,phrase_token
75,78698950,7,5759488,16384,36,phrase_token
75,78698950,8,64530688,16384,36,phrase_token
75,78698950,9,42508288,4096,28,phrase_token
75,78698950,10,57165568,65536,21,phrase_token
75,78698950,11,66604800,65536,21,phrase_token
76,79749109,0,42508288,4096,47,phrase_token
76,79749109,1,43556352,4096,34,phrase_token
76,79749109,2,53000448,4096,34,phrase_token
76,79749109,3,70309120,4096,34,phrase_token
76,79749109,4,42968832,65536,33,phrase_token
76,79749109,5,43017984,16384,33,phrase_token
76,79749109,6,66113280,65536,33,phrase_token
76,79749109,7,67162368,16384,33,phrase_token
76,79749109,8,68145408,65536,33,phrase_token
76,79749109,9,71853312,65536,33,phrase_token
76,79749109,10,78699008,4096,33,phrase_token
76,79749109,11,55098368,1024,3,phrase_token
77,80797080,0,42508288,4096,85,phrase_token
77,80797080,1,42968832,65536,51,phrase_token
77,80797080,2,43017984,16384,51,phrase_token
77,80797080,3,66113280,65536,51,phrase_token
77,80797080,4,67162368,16384,51,phrase_token
77,80797080,5,70309120,16384,51,phrase_token
77,80797080,6,71853312,65536,51,phrase_token
77,80797080,7,78699008,4096,51,phrase_token
77,80797080,8,79749120,256,51,phrase_token
77,80797080,9,43556352,4096,40,phrase_token
77,80797080,10,53000448,4096,40,phrase_token
77,80797080,11,5759488,16384,28,phrase_token
78,81846058,0,42968832,65536,104,phrase_token
78,81846058,1,43017984,16384,104,phrase_token
78,81846058,2,66113280,65536,104,phrase_token
78,81846058,3,67162368,16384,104,phrase_token
78,81846058,4,71853312,65536,104,phrase_token
78,81846058,5,78699008,4096,104,phrase_token
78,81846058,6,79749120,256,104,phrase_token
78,81846058,7,81780480,65536,104,phrase_token
78,81846058,8,42508288,4096,61,phrase_token
78,81846058,9,56115712,65536,45,phrase_token
78,81846058,10,62403072,65536,45,phrase_token
78,81846058,11,68145408,65536,45,phrase_token
79,82895685,0,1048320,65536,55,phrase_token
79,82895685,1,1540096,65536,55,phrase_token
79,82895685,2,2097920,16384,55,phrase_token
79,82895685,3,4129792,65536,55,phrase_token
79,82895685,4,28852736,16384,55,phrase_token
79,82895685,5,44573440,65536,55,phrase_token
79,82895685,6,16797952,4096,38,phrase_token
79,82895685,7,16271616,4096,20,phrase_token
79,82895685,8,27812352,4096,20,phrase_token
79,82895685,9,34107136,4096,15,phrase_token
79,82895685,10,19943424,16384,12,phrase_token
79,82895685,11,0,1024,8,phrase_token
80,83944520,0,57165568,65536,42,phrase_token
80,83944520,1,66604800,65536,42,phrase_token
80,83944520,2,42968832,65536,39,phrase_token
80,83944520,3,43017984,16384,39,phrase_token
80,83944520,4,66113280,65536,39,phrase_token
80,83944520,5,67162368,16384,39,phrase_token
80,83944520,6,78699008,4096,39,phrase_token
80,83944520,7,79749120,256,39,phrase_token
80,83944520,8,81780480,65536,39,phrase_token
80,83944520,9,81846272,65536,39,phrase_token
80,83944520,10,69751808,65536,21,phrase_token
80,83944520,11,42508288,4096,20,phrase_token
81,84989531,0,42508288,4096,58,phrase_token
81,84989531,1,43556352,4096,26,phrase_token
81,84989531,2,53000448,4096,26,phrase_token
81,84989531,3,66113280,4096,26,phrase_token
81,84989531,4,70309120,4096,26,phrase_token
81,84989531,5,42968832,65536,16,phrase_token
81,84989531,6,43017984,16384,16,phrase_token
81,84989531,7,67162368,16384,16,phrase_token
81,84989531,8,78699008,4096,16,phrase_token
81,84989531,9,79749120,256,16,phrase_token
81,84989531,10,81780480,65536,16,phrase_token
81,84989531,11,81846272,65536,16,phrase_token
82,86038265,0,42508288,4096,52,phrase_token
82,86038265,1,86021632,16384,46,phrase_token
82,86038265,2,43556352,4096,26,phrase_token
82,86038265,3,53000448,4096,26,phrase_token
82,86038265,4,70309120,4096,26,phrase_token
82,86038265,5,66113280,4096,15,phrase_token
82,86038265,6,5759488,16384,12,phrase_token
82,86038265,7,64530688,16384,12,phrase_token
82,86038265,8,82362624,16384,12,phrase_token
82,86038265,9,62435328,1024,4,phrase_token
82,86038265,10,69784064,1024,3,phrase_token
82,86038265,11,83944704,256,3,phrase_token
83,87087641,0,42968832,65536,78,phrase_token
83,87087641,1,43017984,16384,78,phrase_token
83,87087641,2,66113280,65536,78,phrase_token
83,87087641,3,67162368,16384,78,phrase_token
83,87087641,4,78699008,4096,78,phrase_token
83,87087641,5,79749120,256,78,phrase_token
83,87087641,6,81780480,65536,78,phrase_token
83,87087641,7,81846272,65536,78,phrase_token
83,87087641,8,56115712,65536,42,phrase_token
83,87087641,9,62403072,65536,42,phrase_token
83,87087641,10,68145408,65536,42,phrase_token
83,87087641,11,70292480,16384,42,phrase_token
84,88136600,0,87087872,4096,58,phrase_token
84,88136600,1,42508288,4096,49,phrase_token
84,88136600,2,42968832,65536,45,phrase_token
84,88136600,3,43017984,16384,45,phrase_token
84,88136600,4,66113280,65536,45,phrase_token
84,88136600,5,67162368,16384,45,phrase_token
84,88136600,6,79749120,1024,45,phrase_token
84,88136600,7,81780480,65536,45,phrase_token
84,88136600,8,81846272,65536,45,phrase_token
84,88136600,9,86021632,16384,25,phrase_token
84,88136600,10,57165568,65536,21,phrase_token
84,88136600,11,66604800,65536,21,phrase_token
85,89184861,0,87087872,4096,57,phrase_token
85,89184861,1,42968832,65536,52,phrase_token
85,89184861,2,43017984,16384,52,phrase_token
85,89184861,3,67162368,16384,52,phrase_token
85,89184861,4,79749120,4096,52,phrase_token
85,89184861,5,81780480,65536,52,phrase_token
85,89184861,6,81846272,65536,52,phrase_token
85,89184861,7,88136704,16384,52,phrase_token
85,89184861,8,66113280,4096,37,phrase_token
85,89184861,9,42508288,4096,33,phrase_token
85,89184861,10,43556352,4096,23,phrase_token
85,89184861,11,53000448,4096,23,phrase_token
86,90235200,0,42968832,65536,91,phrase_token
86,90235200,1,43017984,16384,91,phrase_token
86,90235200,2,67162368,16384,91,phrase_token
86,90235200,3,79749120,4096,91,phrase_token
86,90235200,4,81780480,65536,91,phrase_token
86,90235200,5,81846272,65536,91,phrase_token
86,90235200,6,87087872,4096,91,phrase_token
86,90235200,7,88136704,16384,91,phrase_token
86,90235200,8,42508288,4096,36,phrase_token
86,90235200,9,66113280,4096,28,phrase_token
86,90235200,10,76600320,65536,24,phrase_token
86,90235200,11,43556352,4096,17,phrase_token
87,91284118,0,91226624,4096,0,recent_fallback
87,91284118,1,91234816,4096,0,recent_fallback
87,91284118,2,91243008,4096,0,recent_fallback
87,91284118,3,91251200,4096,0,recent_fallback
87,91284118,4,91259392,4096,0,recent_fallback
87,91284118,5,91267584,4096,0,recent_fallback
87,91284118,6,91275776,4096,0,recent_fallback
88,92334574,0,91284224,1024,27,phrase_token
88,92334574,1,91284224,4096,21,phrase_token
88,92334574,2,91284224,16384,21,phrase_token
88,92334574,3,91284224,65536,21,phrase_token
88,92334574,4,92309760,4096,0,recent_fallback
88,92334574,5,92317952,4096,0,recent_fallback
88,92334574,6,92326144,4096,0,recent_fallback
89,93379564,0,87087872,4096,53,phrase_token
89,93379564,1,42968832,65536,48,phrase_token
89,93379564,2,43017984,16384,48,phrase_token
89,93379564,3,67162368,16384,48,phrase_token
89,93379564,4,79749120,4096,48,phrase_token
89,93379564,5,81780480,65536,48,phrase_token
89,93379564,6,81846272,65536,48,phrase_token
89,93379564,7,88136704,16384,48,phrase_token
89,93379564,8,56115712,65536,42,phrase_token
89,93379564,9,62403072,65536,42,phrase_token
89,93379564,10,68145408,65536,42,phrase_token
89,93379564,11,70292480,16384,42,phrase_token
90,94428006,0,87087872,4096,124,phrase_token
90,94428006,1,42968832,65536,102,phrase_token
90,94428006,2,43017984,16384,102,phrase_token
90,94428006,3,67162368,16384,102,phrase_token
90,94428006,4,79749120,4096,102,phrase_token
90,94428006,5,81780480,65536,102,phrase_token
90,94428006,6,81846272,65536,102,phrase_token
90,94428006,7,88136704,16384,102,phrase_token
90,94428006,8,42508288,4096,64,phrase_token
90,94428006,9,90757632,4096,59,phrase_token
90,94428006,10,5759488,16384,24,phrase_token
90,94428006,11,64530688,16384,24,phrase_token
91,95475522,0,87087872,4096,98,phrase_token
91,95475522,1,42968832,65536,93,phrase_token
91,95475522,2,43017984,16384,93,phrase_token
91,95475522,3,79749120,4096,93,phrase_token
91,95475522,4,81780480,65536,93,phrase_token
91,95475522,5,81846272,65536,93,phrase_token
91,95475522,6,88136704,16384,93,phrase_token
91,95475522,7,94918912,65536,93,phrase_token
91,95475522,8,42508288,4096,55,phrase_token
91,95475522,9,56115712,65536,33,phrase_token
91,95475522,10,62403072,65536,33,phrase_token
91,95475522,11,68145408,65536,33,phrase_token
92,96523305,0,42508288,4096,66,phrase_token
92,96523305,1,87087872,4096,66,phrase_token
92,96523305,2,42968832,65536,51,phrase_token
92,96523305,3,43017984,16384,51,phrase_token
92,96523305,4,79749120,4096,51,phrase_token
92,96523305,5,81780480,65536,51,phrase_token
92,96523305,6,81846272,65536,51,phrase_token
92,96523305,7,88136704,16384,51,phrase_token
92,96523305,8,94918912,65536,51,phrase_token
92,96523305,9,66113280,4096,36,phrase_token
92,96523305,10,43556352,4096,33,phrase_token
92,96523305,11,53000448,4096,33,phrase_token
93,97572014,0,87087872,4096,82,phrase_token
93,97572014,1,42968832,65536,72,phrase_token
93,97572014,2,43017984,16384,72,phrase_token
93,97572014,3,79749120,4096,72,phrase_token
93,97572014,4,81780480,65536,72,phrase_token
93,97572014,5,81846272,65536,72,phrase_token
93,97572014,6,88136704,16384,72,phrase_token
93,97572014,7,94918912,65536,72,phrase_token
93,97572014,8,42508288,4096,60,phrase_token
93,97572014,9,43556352,4096,37,phrase_token
93,97572014,10,53000448,4096,37,phrase_token
93,97572014,11,70309120,4096,37,phrase_token
94,98619736,0,87087872,4096,57,phrase_token
94,98619736,1,42508288,4096,55,phrase_token
94,98619736,2,90757632,4096,45,phrase_token
94,98619736,3,42968832,65536,33,phrase_token
94,98619736,4,43017984,16384,33,phrase_token
94,98619736,5,79749120,16384,33,phrase_token
94,98619736,6,81780480,65536,33,phrase_token
94,98619736,7,81846272,65536,33,phrase_token
94,98619736,8,88136704,16384,33,phrase_token
94,98619736,9,94918912,65536,33,phrase_token
94,98619736,10,97572096,16384,33,phrase_token
94,98619736,11,56115712,65536,24,phrase_token
95,99667131,0,42508288,4096,72,phrase_token
95,99667131,1,87087872,4096,70,phrase_token
95,99667131,2,42968832,65536,66,phrase_token
95,99667131,3,43017984,16384,66,phrase_token
95,99667131,4,79749120,16384,66,phrase_token
95,99667131,5,81780480,65536,66,phrase_token
95,99667131,6,81846272,65536,66,phrase_token
95,99667131,7,88136704,16384,66,phrase_token
95,99667131,8,94918912,65536,66,phrase_token
95,99667131,9,97572096,16384,66,phrase_token
95,99667131,10,98619904,65536,42,phrase_token
95,99667131,11,43556352,4096,39,phrase_token
96,100715632,0,56115712,65536,107,phrase_token
96,100715632,1,62403072,65536,107,phrase_token
96,100715632,2,68145408,65536,107,phrase_token
96,100715632,3,70292480,16384,107,phrase_token
96,100715632,4,84434176,65536,107,phrase_token
96,100715632,5,85480960,65536,107,phrase_token
96,100715632,6,94428160,65536,107,phrase_token
96,100715632,7,100649984,65536,107,phrase_token
96,100715632,8,42508288,4096,69,phrase_token
96,100715632,9,5759488,16384,68,phrase_token
96,100715632,10,64530688,16384,68,phrase_token
96,100715632,11,82362624,16384,68,phrase_token
97,101762496,0,87087872,4096,172,phrase_token
97,101762496,1,100699136,16384,154,phrase_token
97,101762496,2,56115712,65536,144,phrase_token
97,101762496,3,62403072,65536,144,phrase_token
97,101762496,4,68145408,65536,144,phrase_token
97,101762496,5,70292480,16384,144,phrase_token
97,101762496,6,84434176,65536,144,phrase_token
97,101762496,7,85480960,65536,144,phrase_token
97,101762496,8,94428160,65536,144,phrase_token
97,101762496,9,100649984,65536,144,phrase_token
97,101762496,10,42968832,65536,128,phrase_token
97,101762496,11,43017984,16384,128,phrase_token
98,102809583,0,42508288,4096,93,phrase_token
98,102809583,1,43556352,4096,50,phrase_token
98,102809583,2,53000448,4096,50,phrase_token
98,102809583,3,70309120,4096,50,phrase_token
98,102809583,4,90757632,4096,43,phrase_token
98,102809583,5,56115712,65536,29,phrase_token
98,102809583,6,62403072,65536,29,phrase_token
98,102809583,7,68145408,65536,29,phrase_token
98,102809583,8,84434176,65536,29,phrase_token
98,102809583,9,85480960,65536,29,phrase_token
98,102809583,10,94428160,65536,29,phrase_token
98,102809583,11,100649984,65536,29,phrase_token
99,103862041,0,47719680,65536,54,phrase_token
99,103862041,1,73457664,4096,35,phrase_token
99,103862041,2,73460736,1024,35,phrase_token
99,103862041,3,40937216,16384,33,phrase_token
99,103862041,4,46669568,65536,33,phrase_token
99,103862041,5,46694144,16384,33,phrase_token
99,103862041,6,48260352,16384,33,phrase_token
99,103862041,7,72413184,16384,33,phrase_token
99,103862041,8,77649664,65536,33,phrase_token
99,103862041,9,33055744,1024,11,phrase_token
99,103862041,10,31484928,256,2,phrase_token
99,103862041,11,50375168,256,2,phrase_token
100,104910507,0,47719680,65536,50,phrase_token
100,104910507,1,104353536,65536,50,phrase_token
100,104910507,2,73457664,4096,13,phrase_token
100,104910507,3,73460736,1024,13,phrase_token
100,104910507,4,33055744,1024,8,phrase_token
100,104910507,5,62961920,256,4,phrase_token
100,104910507,6,103862272,4096,4,phrase_token
100,104910507,7,72413184,256,1,phrase_token
101,105963052,0,72413184,16384,60,phrase_token
101,105963052,1,40937216,16384,48,phrase_token
101,105963052,2,46669568,65536,48,phrase_token
101,105963052,3,48260352,16384,48,phrase_token
101,105963052,4,77649664,65536,48,phrase_token
101,105963052,5,104893952,16384,48,phrase_token
101,105963052,6,47719680,65536,42,phrase_token
101,105963052,7,104353536,65536,42,phrase_token
101,105963052,8,105897472,65536,42,phrase_token
101,105963052,9,73457664,4096,28,phrase_token
101,105963052,10,47228416,16384,12,phrase_token
101,105963052,11,61385216,4096,5,phrase_token
102,107006226,0,40937216,16384,39,phrase_token
102,107006226,1,46669568,65536,39,phrase_token
102,107006226,2,48260352,16384,39,phrase_token
102,107006226,3,72413184,16384,39,phrase_token
102,107006226,4,77649664,65536,39,phrase_token
102,107006226,5,104893952,16384,39,phrase_token
102,107006226,6,47719680,65536,12,phrase_token
102,107006226,7,104353536,65536,12,phrase_token
102,107006226,8,105897472,65536,12,phrase_token
102,107006226,9,73457664,4096,10,phrase_token
102,107006226,10,33055744,1024,6,phrase_token
102,107006226,11,62961920,256,4,phrase_token
103,108054113,0,40937216,16384,40,phrase_token
103,108054113,1,46669568,65536,40,phrase_token
103,108054113,2,48260352,16384,40,phrase_token
103,108054113,3,72413184,16384,40,phrase_token
103,108054113,4,77649664,65536,40,phrase_token
103,108054113,5,104893952,16384,40,phrase_token
103,108054113,6,107522048,16384,40,phrase_token
103,108054113,7,107988480,65536,40,phrase_token
103,108054113,8,73457664,4096,39,phrase_token
103,108054113,9,47719680,65536,21,phrase_token
103,108054113,10,104353536,65536,21,phrase_token
103,108054113,11,105897472,65536,21,phrase_token
104,109109158,0,87087872,4096,82,phrase_token
104,109109158,1,42968832,65536,69,phrase_token
104,109109158,2,43017984,16384,69,phrase_token
104,109109158,3,81846272,65536,69,phrase_token
104,109109158,4,88136704,16384,69,phrase_token
104,109109158,5,94918912,65536,69,phrase_token
104,109109158,6,97572096,16384,69,phrase_token
104,109109158,7,100183040,16384,69,phrase_token
104,109109158,8,100699136,16384,69,phrase_token
104,109109158,9,42508288,4096,43,phrase_token
104,109109158,10,90757632,4096,28,phrase_token
104,109109158,11,5759488,16384,21,phrase_token
105,110158158,0,87087872,4096,102,phrase_token
105,110158158,1,42968832,65536,97,phrase_token
105,110158158,2,43017984,16384,97,phrase_token
105,110158158,3,81846272,65536,97,phrase_token
105,110158158,4,88136704,16384,97,phrase_token
105,110158158,5,94918912,65536,97,phrase_token
105,110158158,6,97572096,16384,97,phrase_token
105,110158158,7,100183040,16384,97,phrase_token
105,110158158,8,100699136,16384,97,phrase_token
105,110158158,9,56115712,65536,84,phrase_token
105,110158158,10,62403072,65536,84,phrase_token
105,110158158,11,68145408,65536,84,phrase_token
106,111208082,0,42968832,65536,87,phrase_token
106,111208082,1,43017984,16384,87,phrase_token
106,111208082,2,81846272,65536,87,phrase_token
106,111208082,3,87087872,4096,87,phrase_token
106,111208082,4,88136704,16384,87,phrase_token
106,111208082,5,94918912,65536,87,phrase_token
106,111208082,6,97572096,16384,87,phrase_token
106,111208082,7,100183040,16384,87,phrase_token
106,111208082,8,100699136,16384,87,phrase_token
106,111208082,9,42508288,4096,56,phrase_token
106,111208082,10,43556352,4096,28,phrase_token
106,111208082,11,90757632,4096,28,phrase_token
107,112256143,0,40937216,16384,64,phrase_token
107,112256143,1,46669568,65536,64,phrase_token
107,112256143,2,48260352,16384,64,phrase_token
107,112256143,3,72413184,16384,64,phrase_token
107,112256143,4,77649664,65536,64,phrase_token
107,112256143,5,104893952,16384,64,phrase_token
107,112256143,6,107988480,65536,64,phrase_token
107,112256143,7,73457664,4096,44,phrase_token
107,112256143,8,107522048,16384,36,phrase_token
107,112256143,9,47719680,65536,21,phrase_token
107,112256143,10,104353536,65536,21,phrase_token
107,112256143,11,105897472,65536,21,phrase_token
108,113303579,0,40937216,16384,112,phrase_token
108,113303579,1,46669568,65536,112,phrase_token
108,113303579,2,48260352,16384,112,phrase_token
108,113303579,3,72413184,16384,112,phrase_token
108,113303579,4,77649664,65536,112,phrase_token
108,113303579,5,104893952,16384,112,phrase_token
108,113303579,6,107988480,65536,112,phrase_token
108,113303579,7,73457664,4096,59,phrase_token
108,113303579,8,107522048,16384,47,phrase_token
108,113303579,9,47719680,65536,25,phrase_token
108,113303579,10,104353536,65536,25,phrase_token
108,113303579,11,105897472,65536,25,phrase_token
109,114355709,0,40937216,16384,33,phrase_token
109,114355709,1,46669568,65536,33,phrase_token
109,114355709,2,46694144,16384,33,phrase_token
109,114355709,3,48260352,16384,33,phrase_token
109,114355709,4,72413184,16384,33,phrase_token
109,114355709,5,73457664,4096,33,phrase_token
109,114355709,6,73460736,1024,33,phrase_token
109,114355709,7,77649664,65536,33,phrase_token
109,114355709,8,104910592,4096,33,phrase_token
109,114355709,9,107988480,65536,33,phrase_token
109,114355709,10,107522048,16384,22,phrase_token
109,114355709,11,103862272,4096,8,phrase_token
110,115398305,0,47719680,65536,36,phrase_token
110,115398305,1,104353536,65536,36,phrase_token
110,115398305,2,105897472,65536,36,phrase_token
110,115398305,3,109043456,65536,36,phrase_token
110,115398305,4,107522048,16384,27,phrase_token
110,115398305,5,40937216,16384,15,phrase_token
110,115398305,6,46669568,65536,15,phrase_token
110,115398305,7,48260352,16384,15,phrase_token
110,115398305,8,72413184,16384,15,phrase_token
110,115398305,9,77649664,65536,15,phrase_token
110,115398305,10,104893952,16384,15,phrase_token
110,115398305,11,107988480,65536,15,phrase_token
111,116446163,0,40937216,16384,60,phrase_token
111,116446163,1,46669568,65536,60,phrase_token
111,116446163,2,48260352,16384,60,phrase_token
111,116446163,3,72413184,16384,60,phrase_token
111,116446163,4,77649664,65536,60,phrase_token
111,116446163,5,104893952,16384,60,phrase_token
111,116446163,6,107988480,65536,60,phrase_token
111,116446163,7,114355712,256,60,phrase_token
111,116446163,8,47719680,65536,45,phrase_token
111,116446163,9,104353536,65536,45,phrase_token
111,116446163,10,105897472,65536,45,phrase_token
111,116446163,11,109043456,65536,45,phrase_token
112,117490417,0,107522048,16384,32,phrase_token
112,117490417,1,103862272,4096,17,phrase_token
112,117490417,2,40937216,16384,12,phrase_token
112,117490417,3,46669568,65536,12,phrase_token
112,117490417,4,48260352,16384,12,phrase_token
112,117490417,5,77649664,65536,12,phrase_token
112,117490417,6,104893952,16384,12,phrase_token
112,117490417,7,107988480,65536,12,phrase_token
112,117490417,8,114355712,256,12,phrase_token
112,117490417,9,117424640,65536,12,phrase_token
112,117490417,10,33055744,1024,4,phrase_token
112,117490417,11,115397120,1024,4,phrase_token
113,118538560,0,107522048,16384,66,phrase_token
113,118538560,1,47719680,65536,58,phrase_token
113,118538560,2,104353536,65536,58,phrase_token
113,118538560,3,105897472,65536,58,phrase_token
113,118538560,4,109043456,65536,58,phrase_token
113,118538560,5,118522112,16384,42,phrase_token
113,118538560,6,40937216,16384,39,phrase_token
113,118538560,7,46669568,65536,39,phrase_token
113,118538560,8,48260352,16384,39,phrase_token
113,118538560,9,77649664,65536,39,phrase_token
113,118538560,10,104893952,16384,39,phrase_token
113,118538560,11,107988480,65536,39,phrase_token
114,119579954,0,40937216,16384,131,phrase_token
114,119579954,1,46669568,65536,131,phrase_token
114,119579954,2,48260352,16384,131,phrase_token
114,119579954,3,104893952,16384,131,phrase_token
114,119579954,4,107988480,65536,131,phrase_token
114,119579954,5,114355712,256,131,phrase_token
114,119579954,6,117424640,65536,131,phrase_token
114,119579954,7,118538752,16384,131,phrase_token
114,119579954,8,47719680,65536,102,phrase_token
114,119579954,9,104353536,65536,102,phrase_token
114,119579954,10,105897472,65536,102,phrase_token
114,119579954,11,109043456,65536,102,phrase_token
115,120628164,0,13641728,16384,262,phrase_token
115,120628164,1,1048320,65536,236,phrase_token
115,120628164,2,1540096,65536,236,phrase_token
115,120628164,3,2097920,16384,236,phrase_token
115,120628164,4,4129792,65536,236,phrase_token
115,120628164,5,28852736,16384,236,phrase_token
115,120628164,6,44573440,65536,236,phrase_token
115,120628164,7,83878912,65536,236,phrase_token
115,120628164,8,16797952,4096,225,phrase_token
115,120628164,9,3080960,65536,141,phrase_token
115,120628164,10,34637312,65536,141,phrase_token
115,120628164,11,40379136,65536,141,phrase_token
116,121676009,0,87087872,4096,105,phrase_token
116,121676009,1,42968832,65536,90,phrase_token
116,121676009,2,43017984,16384,90,phrase_token
116,121676009,3,81846272,65536,90,phrase_token
116,121676009,4,88136704,16384,90,phrase_token
116,121676009,5,94918912,65536,90,phrase_token
116,121676009,6,97572096,16384,90,phrase_token
116,121676009,7,100183040,16384,90,phrase_token
116,121676009,8,100699136,16384,90,phrase_token
116,121676009,9,98619904,65536,69,phrase_token
116,121676009,10,110650368,65536,69,phrase_token
116,121676009,11,42508288,4096,66,phrase_token
117,122724346,0,40937216,16384,88,phrase_token
117,122724346,1,46669568,65536,88,phrase_token
117,122724346,2,48260352,16384,88,phrase_token
117,122724346,3,104893952,16384,88,phrase_token
117,122724346,4,107988480,65536,88,phrase_token
117,122724346,5,114355712,256,88,phrase_token
117,122724346,6,117424640,65536,88,phrase_token
117,122724346,7,118538752,16384,88,phrase_token
117,122724346,8,73457664,4096,36,phrase_token
117,122724346,9,37785856,65536,21,phrase_token
117,122724346,10,47228416,16384,12,phrase_token
117,122724346,11,72413184,16384,12,phrase_token
118,123764192,0,40937216,16384,48,phrase_token
118,123764192,1,46669568,65536,48,phrase_token
118,123764192,2,48260352,16384,48,phrase_token
118,123764192,3,104893952,16384,48,phrase_token
118,123764192,4,107988480,65536,48,phrase_token
118,123764192,5,114355712,256,48,phrase_token
118,123764192,6,117424640,65536,48,phrase_token
118,123764192,7,118538752,16384,48,phrase_token
118,123764192,8,73457664,4096,23,phrase_token
118,123764192,9,47719680,65536,12,phrase_token
118,123764192,10,104353536,65536,12,phrase_token
118,123764192,11,105897472,65536,12,phrase_token
119,124811593,0,42508288,4096,59,phrase_token
119,124811593,1,42968832,65536,59,phrase_token
119,124811593,2,43017984,16384,59,phrase_token
119,124811593,3,87087872,4096,59,phrase_token
119,124811593,4,88136704,16384,59,phrase_token
119,124811593,5,94918912,65536,59,phrase_token
119,124811593,6,97572096,16384,59,phrase_token
119,124811593,7,100183040,16384,59,phrase_token
119,124811593,8,100699136,16384,59,phrase_token
119,124811593,9,122707712,16384,59,phrase_token
119,124811593,10,90757632,4096,54,phrase_token
119,124811593,11,82830080,65536,21,phrase_token
120,125859662,0,42508288,4096,53,phrase_token
120,125859662,1,42968832,65536,32,phrase_token
120,125859662,2,43017984,16384,32,phrase_token
120,125859662,3,87087872,16384,32,phrase_token
120,125859662,4,88136704,16384,32,phrase_token
120,125859662,5,94918912,65536,32,phrase_token
120,125859662,6,97572096,16384,32,phrase_token
120,125859662,7,100183040,16384,32,phrase_token
120,125859662,8,100699136,16384,32,phrase_token
120,125859662,9,122707712,16384,32,phrase_token
120,125859662,10,125843200,16384,32,phrase_token
120,125859662,11,90757632,4096,31,phrase_token
121,126906949,0,56115712,65536,63,phrase_token
121,126906949,1,62403072,65536,63,phrase_token
121,126906949,2,68145408,65536,63,phrase_token
121,126906949,3,70292480,16384,63,phrase_token
121,126906949,4,85480960,65536,63,phrase_token
121,126906949,5,94428160,65536,63,phrase_token
121,126906949,6,100649984,65536,63,phrase_token
121,126906949,7,101762560,16384,63,phrase_token
121,126906949,8,102253056,65536,63,phrase_token
121,126906949,9,111208192,65536,63,phrase_token
121,126906949,10,121676032,65536,63,phrase_token
121,126906949,11,42968832,65536,36,phrase_token
122,127956076,0,42968832,65536,32,phrase_token
122,127956076,1,43017984,16384,32,phrase_token
122,127956076,2,87087872,16384,32,phrase_token
122,127956076,3,88136704,16384,32,phrase_token
122,127956076,4,94918912,65536,32,phrase_token
122,127956076,5,97572096,16384,32,phrase_token
122,127956076,6,100183040,16384,32,phrase_token
122,127956076,7,100699136,16384,32,phrase_token
122,127956076,8,122707712,16384,32,phrase_token
122,127956076,9,125843200,16384,32,phrase_token
122,127956076,10,67096576,65536,21,phrase_token
122,127956076,11,42508288,4096,19,phrase_token
123,129000537,0,42508288,4096,32,phrase_token
123,129000537,1,90757632,4096,22,phrase_token
123,129000537,2,127956224,65536,21,phrase_token
123,129000537,3,42968832,65536,12,phrase_token
123,129000537,4,43017984,16384,12,phrase_token
123,129000537,5,87087872,16384,12,phrase_token
123,129000537,6,88136704,16384,12,phrase_token
123,129000537,7,94918912,65536,12,phrase_token
123,129000537,8,97572096,16384,12,phrase_token
123,129000537,9,100183040,16384,12,phrase_token
123,129000537,10,100699136,16384,12,phrase_token
123,129000537,11,122707712,16384,12,phrase_token
124,130043474,0,47719680,65536,24,phrase_token
124,130043474,1,104353536,65536,24,phrase_token
124,130043474,2,105897472,65536,24,phrase_token
124,130043474,3,109043456,65536,24,phrase_token
124,130043474,4,115398400,65536,24,phrase_token
124,130043474,5,119580160,65536,24,phrase_token
124,130043474,6,124285696,4096,18,phrase_token
124,130043474,7,107522048,16384,15,phrase_token
124,130043474,8,118522112,16384,15,phrase_token
124,130043474,9,40937216,16384,12,phrase_token
124,130043474,10,46669568,65536,12,phrase_token
124,130043474,11,48260352,16384,12,phrase_token
125,131096039,0,56115712,65536,25,phrase_token
125,131096039,1,62403072,65536,25,phrase_token
125,131096039,2,68145408,65536,25,phrase_token
125,131096039,3,70292480,16384,25,phrase_token
125,131096039,4,85480960,65536,25,phrase_token
125,131096039,5,94428160,65536,25,phrase_token
125,131096039,6,100649984,65536,25,phrase_token
125,131096039,7,101762560,16384,25,phrase_token
125,131096039,8,102253056,65536,25,phrase_token
125,131096039,9,111208192,65536,25,phrase_token
125,131096039,10,121676032,65536,25,phrase_token
125,131096039,11,42508288,4096,20,phrase_token
126,132143389,0,42968832,65536,79,phrase_token
126,132143389,1,43017984,16384,79,phrase_token
126,132143389,2,87087872,16384,79,phrase_token
126,132143389,3,88136704,16384,79,phrase_token
126,132143389,4,94918912,65536,79,phrase_token
126,132143389,5,97572096,16384,79,phrase_token
126,132143389,6,100183040,16384,79,phrase_token
126,132143389,7,100699136,16384,79,phrase_token
126,132143389,8,122707712,16384,79,phrase_token
126,132143389,9,125843200,16384,79,phrase_token
126,132143389,10,42508288,4096,60,phrase_token
126,132143389,11,90757632,4096,40,phrase_token
127,133196198,0,42968832,65536,57,phrase_token
127,133196198,1,43017984,16384,57,phrase_token
127,133196198,2,87087872,16384,57,phrase_token
127,133196198,3,88136704,16384,57,phrase_token
127,133196198,4,94918912,65536,57,phrase_token
127,133196198,5,97572096,16384,57,phrase_token
127,133196198,6,100183040,16384,57,phrase_token
127,133196198,7,100699136,16384,57,phrase_token
127,133196198,8,122707712,16384,57,phrase_token
127,133196198,9,125843200,16384,57,phrase_token
127,133196198,10,56115712,65536,21,phrase_token
127,133196198,11,62403072,65536,21,phrase_token
128,134244257,0,42968832,65536,40,phrase_token
128,134244257,1,43017984,16384,40,phrase_token
128,134244257,2,87087872,16384,40,phrase_token
128,134244257,3,88136704,16384,40,phrase_token
128,134244257,4,94918912,65536,40,phrase_token
128,134244257,5,97572096,16384,40,phrase_token
128,134244257,6,100183040,16384,40,phrase_token
128,134244257,7,100699136,16384,40,phrase_token
128,134244257,8,122707712,16384,40,phrase_token
128,134244257,9,125843200,16384,40,phrase_token
128,134244257,10,56115712,65536,21,phrase_token
128,134244257,11,62403072,65536,21,phrase_token
129,135298059,0,135232512,65536,42,phrase_token
129,135298059,1,66113280,4096,21,phrase_token
129,135298059,2,5759488,16384,12,phrase_token
129,135298059,3,42968832,65536,12,phrase_token
129,135298059,4,43017984,16384,12,phrase_token
129,135298059,5,64530688,16384,12,phrase_token
129,135298059,6,82362624,16384,12,phrase_token
129,135298059,7,86021632,16384,12,phrase_token
129,135298059,8,87087872,16384,12,phrase_token
129,135298059,9,88136704,16384,12,phrase_token
129,135298059,10,94918912,65536,12,phrase_token
129,135298059,11,97572096,16384,12,phrase_token
130,136352001,0,121119232,65536,91,phrase_token
130,136352001,1,3080960,65536,70,phrase_token
130,136352001,2,13641728,16384,70,phrase_token
130,136352001,3,34637312,65536,70,phrase_token
130,136352001,4,40379136,65536,70,phrase_token
130,136352001,5,121610240,65536,70,phrase_token
130,136352001,6,16797952,4096,23,phrase_token
130,136352001,7,1048320,65536,15,phrase_token
130,136352001,8,1540096,65536,15,phrase_token
130,136352001,9,2097920,16384,15,phrase_token
130,136352001,10,4129792,65536,15,phrase_token
130,136352001,11,28852736,16384,15,phrase_token
131,137402288,0,121671680,4096,32,phrase_token
131,137402288,1,19943424,16384,28,phrase_token
131,137402288,2,1048320,65536,24,phrase_token
131,137402288,3,1540096,65536,24,phrase_token
131,137402288,4,2097920,16384,24,phrase_token
131,137402288,5,4129792,65536,24,phrase_token
131,137402288,6,28852736,16384,24,phrase_token
131,137402288,7,44573440,65536,24,phrase_token
131,137402288,8,83878912,65536,24,phrase_token
131,137402288,9,3080960,65536,21,phrase_token
131,137402288,10,13641728,16384,21,phrase_token
131,137402288,11,34637312,65536,21,phrase_token
132,138449376,0,1048320,65536,45,phrase_token
132,138449376,1,1540096,65536,45,phrase_token
132,138449376,2,2097920,16384,45,phrase_token
132,138449376,3,4129792,65536,45,phrase_token
132,138449376,4,28852736,16384,45,phrase_token
132,138449376,5,44573440,65536,45,phrase_token
132,138449376,6,83878912,65536,45,phrase_token
132,138449376,7,121659392,16384,45,phrase_token
132,138449376,8,16797952,4096,28,phrase_token
132,138449376,9,16271616,4096,23,phrase_token
132,138449376,10,27812352,4096,23,phrase_token
132,138449376,11,3080960,65536,21,phrase_token
133,139489128,0,56115712,65536,21,phrase_token
133,139489128,1,62403072,65536,21,phrase_token
133,139489128,2,68145408,65536,21,phrase_token
133,139489128,3,70292480,16384,21,phrase_token
133,139489128,4,100649984,65536,21,phrase_token
133,139489128,5,101762560,16384,21,phrase_token
133,139489128,6,102253056,65536,21,phrase_token
133,139489128,7,111208192,65536,21,phrase_token
133,139489128,8,121676032,65536,21,phrase_token
133,139489128,9,132636928,65536,21,phrase_token
133,139489128,10,132661504,16384,21,phrase_token
133,139489128,11,42508288,4096,14,phrase_token
134,140539767,0,42968832,65536,51,phrase_token
134,140539767,1,43017984,16384,51,phrase_token
134,140539767,2,87087872,16384,51,phrase_token
134,140539767,3,88136704,16384,51,phrase_token
134,140539767,4,94918912,65536,51,phrase_token
134,140539767,5,97572096,16384,51,phrase_token
134,140539767,6,100183040,16384,51,phrase_token
134,140539767,7,100699136,16384,51,phrase_token
134,140539767,8,122707712,16384,51,phrase_token
134,140539767,9,125843200,16384,51,phrase_token
134,140539767,10,56115712,65536,21,phrase_token
134,140539767,11,62403072,65536,21,phrase_token
135,141588001,0,1048320,65536,36,phrase_token
135,141588001,1,1540096,65536,36,phrase_token
135,141588001,2,2097920,16384,36,phrase_token
135,141588001,3,4129792,65536,36,phrase_token
135,141588001,4,28852736,16384,36,phrase_token
135,141588001,5,44573440,65536,36,phrase_token
135,141588001,6,83878912,65536,36,phrase_token
135,141588001,7,121659392,16384,36,phrase_token
135,141588001,8,138960896,16384,36,phrase_token
135,141588001,9,16271616,4096,31,phrase_token
135,141588001,10,16797952,4096,31,phrase_token
135,141588001,11,27812352,4096,31,phrase_token
136,142635942,0,42508288,4096,46,phrase_token
136,142635942,1,42968832,65536,36,phrase_token
136,142635942,2,43017984,16384,36,phrase_token
136,142635942,3,87087872,16384,36,phrase_token
136,142635942,4,88136704,16384,36,phrase_token
136,142635942,5,94918912,65536,36,phrase_token
136,142635942,6,97572096,16384,36,phrase_token
136,142635942,7,100183040,16384,36,phrase_token
136,142635942,8,100699136,16384,36,phrase_token
136,142635942,9,122707712,16384,36,phrase_token
136,142635942,10,125843200,16384,36,phrase_token
136,142635942,11,43556352,4096,24,phrase_token
137,143684625,0,13641728,16384,88,phrase_token
137,143684625,1,16797952,4096,75,phrase_token
137,143684625,2,1048320,65536,63,phrase_token
137,143684625,3,1540096,65536,63,phrase_token
137,143684625,4,2097920,16384,63,phrase_token
137,143684625,5,4129792,65536,63,phrase_token
137,143684625,6,28852736,16384,63,phrase_token
137,143684625,7,44573440,65536,63,phrase_token
137,143684625,8,83878912,65536,63,phrase_token
137,143684625,9,121659392,16384,63,phrase_token
137,143684625,10,138960896,16384,63,phrase_token
137,143684625,11,3080960,65536,47,phrase_token
138,144744469,0,13641728,16384,37,phrase_token
138,144744469,1,121671680,4096,36,phrase_token
138,144744469,2,16797952,4096,31,phrase_token
138,144744469,3,3080960,65536,21,phrase_token
138,144744469,4,34637312,65536,21,phrase_token
138,144744469,5,40379136,65536,21,phrase_token
138,144744469,6,120628224,4096,21,phrase_token
138,144744469,7,121119232,65536,21,phrase_token
138,144744469,8,121610240,65536,21,phrase_token
138,144744469,9,143684864,65536,21,phrase_token
138,144744469,10,144181760,65536,21,phrase_token
138,144744469,11,144678912,65536,21,phrase_token
139,145792326,0,121119232,65536,42,phrase_token
139,145792326,1,121610240,65536,42,phrase_token
139,145792326,2,16271616,4096,28,phrase_token
139,145792326,3,16797952,4096,28,phrase_token
139,145792326,4,27812352,4096,28,phrase_token
139,145792326,5,121674752,1024,24,phrase_token
139,145792326,6,3080960,65536,21,phrase_token
139,145792326,7,13641728,16384,21,phrase_token
139,145792326,8,34637312,65536,21,phrase_token
139,145792326,9,40379136,65536,21,phrase_token
139,145792326,10,143684864,65536,21,phrase_token
139,145792326,11,144181760,65536,21,phrase_token
140,146842039,0,13641728,16384,74,phrase_token
140,146842039,1,3080960,65536,50,phrase_token
140,146842039,2,34637312,65536,50,phrase_token
140,146842039,3,40379136,65536,50,phrase_token
140,146842039,4,121119232,65536,50,phrase_token
140,146842039,5,121610240,65536,50,phrase_token
140,146842039,6,143684864,65536,50,phrase_token
140,146842039,7,144181760,65536,50,phrase_token
140,146842039,8,144744704,65536,50,phrase_token
140,146842039,9,1048320,65536,27,phrase_token
140,146842039,10,1540096,65536,27,phrase_token
140,146842039,11,2097920,16384,27,phrase_token
141,147886989,0,56115712,65536,57,phrase_token
141,147886989,1,62403072,65536,57,phrase_token
141,147886989,2,68145408,65536,57,phrase_token
141,147886989,3,70292480,16384,57,phrase_token
141,147886989,4,100649984,65536,57,phrase_token
141,147886989,5,101762560,16384,57,phrase_token
141,147886989,6,102253056,65536,57,phrase_token
141,147886989,7,111208192,65536,57,phrase_token
141,147886989,8,121676032,65536,57,phrase_token
141,147886989,9,132636928,65536,57,phrase_token
141,147886989,10,132661504,16384,57,phrase_token
141,147886989,11,42508288,4096,29,phrase_token
142,148933922,0,47719680,65536,63,phrase_token
142,148933922,1,104353536,65536,63,phrase_token
142,148933922,2,105897472,65536,63,phrase_token
142,148933922,3,109043456,65536,63,phrase_token
142,148933922,4,119580160,65536,63,phrase_token
142,148933922,5,40937216,16384,39,phrase_token
142,148933922,6,46669568,65536,39,phrase_token
142,148933922,7,48260352,16384,39,phrase_token
142,148933922,8,104893952,16384,39,phrase_token
142,148933922,9,107988480,65536,39,phrase_token
142,148933922,10,114355712,256,39,phrase_token
142,148933922,11,117424640,65536,39,phrase_token
143,149985050,0,13641728,16384,48,phrase_token
143,149985050,1,1048320,65536,42,phrase_token
143,149985050,2,1540096,65536,42,phrase_token
143,149985050,3,2097920,16384,42,phrase_token
143,149985050,4,4129792,65536,42,phrase_token
143,149985050,5,28852736,16384,42,phrase_token
143,149985050,6,44573440,65536,42,phrase_token
143,149985050,7,83878912,65536,42,phrase_token
143,149985050,8,121659392,16384,42,phrase_token
143,149985050,9,138960896,16384,42,phrase_token
143,149985050,10,16797952,4096,29,phrase_token
143,149985050,11,3080960,65536,24,phrase_token
144,151029951,0,13641728,16384,65,phrase_token
144,151029951,1,1048320,65536,58,phrase_token
144,151029951,2,1540096,65536,58,phrase_token
144,151029951,3,2097920,16384,58,phrase_token
144,151029951,4,4129792,65536,58,phrase_token
144,151029951,5,28852736,16384,58,phrase_token
144,151029951,6,44573440,65536,58,phrase_token
144,151029951,7,83878912,65536,58,phrase_token
144,151029951,8,121659392,16384,58,phrase_token
144,151029951,9,138960896,16384,58,phrase_token
144,151029951,10,16797952,4096,48,phrase_token
144,151029951,11,3080960,65536,45,phrase_token
145,152070567,0,19943424,16384,28,phrase_token
145,152070567,1,16797952,4096,26,phrase_token
145,152070567,2,3080960,65536,21,phrase_token
145,152070567,3,13641728,16384,21,phrase_token
145,152070567,4,16271616,4096,21,phrase_token
145,152070567,5,27812352,4096,21,phrase_token
145,152070567,6,34637312,65536,21,phrase_token
145,152070567,7,40379136,65536,21,phrase_token
145,152070567,8,121119232,65536,21,phrase_token
145,152070567,9,121610240,65536,21,phrase_token
145,152070567,10,143684864,65536,21,phrase_token
145,152070567,11,144181760,65536,21,phrase_token
146,153118709,0,13641728,16384,52,phrase_token
146,153118709,1,16797952,16384,27,phrase_token
146,153118709,2,3080960,65536,25,phrase_token
146,153118709,3,34637312,65536,25,phrase_token
146,153118709,4,40379136,65536,25,phrase_token
146,153118709,5,121119232,65536,25,phrase_token
146,153118709,6,121610240,65536,25,phrase_token
146,153118709,7,143684864,65536,25,phrase_token
146,153118709,8,144181760,65536,25,phrase_token
146,153118709,9,144744704,65536,25,phrase_token
146,153118709,10,121671680,4096,23,phrase_token
146,153118709,11,151548160,4096,13,phrase_token
147,154165650,0,13641728,16384,89,phrase_token
147,154165650,1,16797952,16384,53,phrase_token
147,154165650,2,121674752,1024,42,phrase_token
147,154165650,3,151548160,4096,39,phrase_token
147,154165650,4,3080960,65536,36,phrase_token
147,154165650,5,34637312,65536,36,phrase_token
147,154165650,6,40379136,65536,36,phrase_token
147,154165650,7,121119232,65536,36,phrase_token
147,154165650,8,121610240,65536,36,phrase_token
147,154165650,9,143684864,65536,36,phrase_token
147,154165650,10,144181760,65536,36,phrase_token
147,154165650,11,144744704,65536,36,phrase_token
148,155214816,0,13641728,16384,58,phrase_token
148,155214816,1,121674752,1024,53,phrase_token
148,155214816,2,1048320,65536,48,phrase_token
148,155214816,3,1540096,65536,48,phrase_token
148,155214816,4,2097920,16384,48,phrase_token
148,155214816,5,4129792,65536,48,phrase_token
148,155214816,6,28852736,16384,48,phrase_token
148,155214816,7,44573440,65536,48,phrase_token
148,155214816,8,83878912,65536,48,phrase_token
148,155214816,9,138960896,16384,48,phrase_token
148,155214816,10,153052928,65536,48,phrase_token
148,155214816,11,3080960,65536,46,phrase_token
149,156263394,0,1048320,65536,102,phrase_token
149,156263394,1,1540096,65536,102,phrase_token
149,156263394,2,2097920,16384,102,phrase_token
149,156263394,3,4129792,65536,102,phrase_token
149,156263394,4,28852736,16384,102,phrase_token
149,156263394,5,44573440,65536,102,phrase_token
149,156263394,6,83878912,65536,102,phrase_token
149,156263394,7,121659392,16384,102,phrase_token
149,156263394,8,138960896,16384,102,phrase_token
149,156263394,9,153052928,65536,102,phrase_token
149,156263394,10,13641728,16384,56,phrase_token
149,156263394,11,3080960,65536,51,phrase_token
150,157314043,0,121671680,4096,66,phrase_token
150,157314043,1,16797952,4096,46,phrase_token
150,157314043,2,151548160,4096,41,phrase_token
150,157314043,3,1048320,65536,33,phrase_token
150,157314043,4,1540096,65536,33,phrase_token
150,157314043,5,2097920,16384,33,phrase_token
150,157314043,6,4129792,65536,33,phrase_token
150,157314043,7,28852736,16384,33,phrase_token
150,157314043,8,44573440,65536,33,phrase_token
150,157314043,9,83878912,65536,33,phrase_token
150,157314043,10,138960896,16384,33,phrase_token
150,157314043,11,153052928,65536,33,phrase_token
151,158360441,0,16797952,4096,70,phrase_token
151,158360441,1,13641728,16384,63,phrase_token
151,158360441,2,16271616,4096,46,phrase_token
151,158360441,3,27812352,4096,46,phrase_token
151,158360441,4,156259072,4096,46,phrase_token
151,158360441,5,1048320,65536,39,phrase_token
151,158360441,6,1540096,65536,39,phrase_token
151,158360441,7,2097920,16384,39,phrase_token
151,158360441,8,4129792,65536,39,phrase_token
151,158360441,9,28852736,16384,39,phrase_token
151,158360441,10,44573440,65536,39,phrase_token
151,158360441,11,121671680,4096,39,phrase_token
152,159408987,0,16797952,4096,61,phrase_token
152,159408987,1,13641728,16384,43,phrase_token
152,159408987,2,16271616,4096,42,phrase_token
152,159408987,3,27812352,4096,42,phrase_token
152,159408987,4,121671680,4096,42,phrase_token
152,159408987,5,156259072,4096,42,phrase_token
152,159408987,6,3080960,65536,27,phrase_token
152,159408987,7,34637312,65536,27,phrase_token
152,159408987,8,40379136,65536,27,phrase_token
152,159408987,9,121119232,65536,27,phrase_token
152,159408987,10,121610240,65536,27,phrase_token
152,159408987,11,143684864,65536,27,phrase_token
153,160457190,0,16797952,4096,51,phrase_token
153,160457190,1,13641728,16384,45,phrase_token
153,160457190,2,16271616,4096,36,phrase_token
153,160457190,3,27812352,4096,36,phrase_token
153,160457190,4,156259072,4096,36,phrase_token
153,160457190,5,121671680,4096,28,phrase_token
153,160457190,6,3080960,65536,24,phrase_token
153,160457190,7,34637312,65536,24,phrase_token
153,160457190,8,40379136,65536,24,phrase_token
153,160457190,9,121119232,65536,24,phrase_token
153,160457190,10,121610240,65536,24,phrase_token
153,160457190,11,143684864,65536,24,phrase_token
154,161506633,0,121119232,65536,66,phrase_token
154,161506633,1,121610240,65536,66,phrase_token
154,161506633,2,121671680,4096,59,phrase_token
154,161506633,3,16797952,4096,44,phrase_token
154,161506633,4,151548160,4096,36,phrase_token
154,161506633,5,1048320,65536,24,phrase_token
154,161506633,6,1540096,65536,24,phrase_token
154,161506633,7,2097920,16384,24,phrase_token
154,161506633,8,4129792,65536,24,phrase_token
154,161506633,9,28852736,16384,24,phrase_token
154,161506633,10,44573440,65536,24,phrase_token
154,161506633,11,83878912,65536,24,phrase_token
155,162553906,0,121671680,4096,60,phrase_token
155,162553906,1,13641728,16384,54,phrase_token
155,162553906,2,16797952,4096,45,phrase_token
155,162553906,3,3080960,65536,42,phrase_token
155,162553906,4,34637312,65536,42,phrase_token
155,162553906,5,40379136,65536,42,phrase_token
155,162553906,6,121119232,65536,42,phrase_token
155,162553906,7,121610240,65536,42,phrase_token
155,162553906,8,143684864,65536,42,phrase_token
155,162553906,9,144181760,65536,42,phrase_token
155,162553906,10,144744704,65536,42,phrase_token
155,162553906,11,156755712,65536,42,phrase_token
156,163601184,0,16797952,4096,89,phrase_token
156,163601184,1,121119232,65536,87,phrase_token
156,163601184,2,1048320,65536,79,phrase_token
156,163601184,3,1540096,65536,79,phrase_token
156,163601184,4,2097920,16384,79,phrase_token
156,163601184,5,4129792,65536,79,phrase_token
156,163601184,6,28852736,16384,79,phrase_token
156,163601184,7,44573440,65536,79,phrase_token
156,163601184,8,83878912,65536,79,phrase_token
156,163601184,9,121659392,16384,79,phrase_token
156,163601184,10,138960896,16384,79,phrase_token
156,163601184,11,153052928,65536,79,phrase_token
157,164645993,0,1048320,65536,74,phrase_token
157,164645993,1,1540096,65536,74,phrase_token
157,164645993,2,2097920,16384,74,phrase_token
157,164645993,3,4129792,65536,74,phrase_token
157,164645993,4,28852736,16384,74,phrase_token
157,164645993,5,44573440,65536,74,phrase_token
157,164645993,6,83878912,65536,74,phrase_token
157,164645993,7,121659392,16384,74,phrase_token
157,164645993,8,138960896,16384,74,phrase_token
157,164645993,9,153052928,65536,74,phrase_token
157,164645993,10,16797952,4096,45,phrase_token
157,164645993,11,3080960,65536,33,phrase_token
158,165692357,0,16797952,4096,43,phrase_token
158,165692357,1,1048320,65536,36,phrase_token
158,165692357,2,1540096,65536,36,phrase_token
158,165692357,3,2097920,16384,36,phrase_token
158,165692357,4,4129792,65536,36,phrase_token
158,165692357,5,28852736,16384,36,phrase_token
158,165692357,6,44573440,65536,36,phrase_token
158,165692357,7,83878912,65536,36,phrase_token
158,165692357,8,121659392,16384,36,phrase_token
158,165692357,9,138960896,16384,36,phrase_token
158,165692357,10,153052928,65536,36,phrase_token
158,165692357,11,156259072,4096,29,phrase_token
159,166741011,0,163535616,65536,87,phrase_token
159,166741011,1,13641728,16384,54,phrase_token
159,166741011,2,121671680,4096,52,phrase_token
159,166741011,3,3080960,65536,42,phrase_token
159,166741011,4,16797952,4096,42,phrase_token
159,166741011,5,34637312,65536,42,phrase_token
159,166741011,6,40379136,65536,42,phrase_token
159,166741011,7,143684864,65536,42,phrase_token
159,166741011,8,144181760,65536,42,phrase_token
159,166741011,9,144744704,65536,42,phrase_token
159,166741011,10,156755712,65536,42,phrase_token
159,166741011,11,157314048,65536,42,phrase_token
160,167792650,0,1048320,65536,28,phrase_token
160,167792650,1,1540096,65536,28,phrase_token
160,167792650,2,2097920,16384,28,phrase_token
160,167792650,3,4129792,65536,28,phrase_token
160,167792650,4,44573440,65536,28,phrase_token
160,167792650,5,83878912,65536,28,phrase_token
160,167792650,6,121659392,16384,28,phrase_token
160,167792650,7,138960896,16384,28,phrase_token
160,167792650,8,153052928,65536,28,phrase_token
160,167792650,9,166741248,4096,28,phrase_token
160,167792650,10,16797952,4096,15,phrase_token
160,167792650,11,163535616,65536,15,phrase_token
161,168838837,0,16797952,4096,57,phrase_token
161,168838837,1,121671680,4096,46,phrase_token
161,168838837,2,1048320,65536,45,phrase_token
161,168838837,3,1540096,65536,45,phrase_token
161,168838837,4,2097920,16384,45,phrase_token
161,168838837,5,4129792,65536,45,phrase_token
161,168838837,6,44573440,65536,45,phrase_token
161,168838837,7,83878912,65536,45,phrase_token
161,168838837,8,138960896,16384,45,phrase_token
161,168838837,9,153052928,65536,45,phrase_token
161,168838837,10,166741248,4096,45,phrase_token
161,168838837,11,120628224,4096,37,phrase_token
162,169882712,0,16797952,4096,37,phrase_token
162,169882712,1,121671680,4096,28,phrase_token
162,169882712,2,1048320,65536,24,phrase_token
162,169882712,3,1540096,65536,24,phrase_token
162,169882712,4,2097920,16384,24,phrase_token
162,169882712,5,4129792,65536,24,phrase_token
162,169882712,6,44573440,65536,24,phrase_token
162,169882712,7,83878912,65536,24,phrase_token
162,169882712,8,120628224,4096,24,phrase_token
162,169882712,9,146842112,4096,24,phrase_token
162,169882712,10,159930880,4096,24,phrase_token
162,169882712,11,166214656,4096,24,phrase_token
163,170930787,0,163535616,65536,92,phrase_token
163,170930787,1,13641728,16384,76,phrase_token
163,170930787,2,3080960,65536,71,phrase_token
163,170930787,3,34637312,65536,71,phrase_token
163,170930787,4,40379136,65536,71,phrase_token
163,170930787,5,143684864,65536,71,phrase_token
163,170930787,6,144181760,65536,71,phrase_token
163,170930787,7,144744704,65536,71,phrase_token
163,170930787,8,156755712,65536,71,phrase_token
163,170930787,9,157314048,65536,71,phrase_token
163,170930787,10,163601408,65536,71,phrase_token
163,170930787,11,164580352,65536,71,phrase_token
164,171975646,0,143680512,4096,40,phrase_token
164,171975646,1,42508288,4096,30,phrase_token
164,171975646,2,90757632,4096,25,phrase_token
164,171975646,3,5759488,16384,24,phrase_token
164,171975646,4,64530688,16384,24,phrase_token
164,171975646,5,82362624,16384,24,phrase_token
164,171975646,6,102809600,4096,24,phrase_token
164,171975646,7,143152128,16384,24,phrase_token
164,171975646,8,87087872,4096,23,phrase_token
164,171975646,9,88132352,4096,23,phrase_token
164,171975646,10,99667200,256,21,phrase_token
164,171975646,11,100715776,1024,21,phrase_token
165,173025176,0,171420416,65536,105,phrase_token
165,173025176,1,163535616,65536,75,phrase_token
165,173025176,2,1048320,65536,72,phrase_token
165,173025176,3,1540096,65536,72,phrase_token
165,173025176,4,2097920,16384,72,phrase_token
165,173025176,5,4129792,65536,72,phrase_token
165,173025176,6,83878912,65536,72,phrase_token
165,173025176,7,121659392,16384,72,phrase_token
165,173025176,8,138960896,16384,72,phrase_token
165,173025176,9,153052928,65536,72,phrase_token
165,173025176,10,166741248,4096,72,phrase_token
165,173025176,11,13641728,16384,69,phrase_token
166,174073824,0,16797952,4096,41,phrase_token
166,174073824,1,156259072,4096,31,phrase_token
166,174073824,2,171420416,65536,30,phrase_token
166,174073824,3,121671680,4096,29,phrase_token
166,174073824,4,16271616,4096,26,phrase_token
166,174073824,5,27812352,4096,26,phrase_token
166,174073824,6,165691136,1024,24,phrase_token
166,174073824,7,3080960,65536,21,phrase_token
166,174073824,8,7834624,65536,21,phrase_token
166,174073824,9,13641728,16384,21,phrase_token
166,174073824,10,34637312,65536,21,phrase_token
166,174073824,11,40379136,65536,21,phrase_token
167,175111296,0,171420416,65536,78,phrase_token
167,175111296,1,13641728,16384,54,phrase_token
167,175111296,2,3080960,65536,42,phrase_token
167,175111296,3,34637312,65536,42,phrase_token
167,175111296,4,40379136,65536,42,phrase_token
167,175111296,5,144181760,65536,42,phrase_token
167,175111296,6,144744704,65536,42,phrase_token
167,175111296,7,156755712,65536,42,phrase_token
167,175111296,8,157314048,65536,42,phrase_token
167,175111296,9,163535616,65536,42,phrase_token
167,175111296,10,163601408,65536,42,phrase_token
167,175111296,11,164580352,65536,42,phrase_token
168,176163948,0,42508288,4096,59,phrase_token
168,176163948,1,143680512,4096,59,phrase_token
168,176163948,2,42968832,65536,52,phrase_token
168,176163948,3,43017984,16384,52,phrase_token
168,176163948,4,87087872,65536,52,phrase_token
168,176163948,5,88136704,16384,52,phrase_token
168,176163948,6,94918912,65536,52,phrase_token
168,176163948,7,97572096,16384,52,phrase_token
168,176163948,8,100183040,16384,52,phrase_token
168,176163948,9,100699136,16384,52,phrase_token
168,176163948,10,122707712,16384,52,phrase_token
168,176163948,11,125843200,16384,52,phrase_token
169,177194672,0,171420416,65536,77,phrase_token
169,177194672,1,13641728,16384,54,phrase_token
169,177194672,2,121671680,4096,51,phrase_token
169,177194672,3,16797952,4096,46,phrase_token
169,177194672,4,3080960,65536,42,phrase_token
169,177194672,5,34637312,65536,42,phrase_token
169,177194672,6,40379136,65536,42,phrase_token
169,177194672,7,144181760,65536,42,phrase_token
169,177194672,8,144744704,65536,42,phrase_token
169,177194672,9,156755712,65536,42,phrase_token
169,177194672,10,157314048,65536,42,phrase_token
169,177194672,11,163535616,65536,42,phrase_token
170,178243750,0,171420416,65536,69,phrase_token
170,178243750,1,13641728,16384,57,phrase_token
170,178243750,2,3080960,65536,45,phrase_token
170,178243750,3,34637312,65536,45,phrase_token
170,178243750,4,40379136,65536,45,phrase_token
170,178243750,5,144181760,65536,45,phrase_token
170,178243750,6,144744704,65536,45,phrase_token
170,178243750,7,156755712,65536,45,phrase_token
170,178243750,8,157314048,65536,45,phrase_token
170,178243750,9,163535616,65536,45,phrase_token
170,178243750,10,163601408,65536,45,phrase_token
170,178243750,11,164580352,65536,45,phrase_token
171,179295928,0,16797952,4096,72,phrase_token
171,179295928,1,121671680,4096,54,phrase_token
171,179295928,2,120628224,4096,44,phrase_token
171,179295928,3,146842112,4096,44,phrase_token
171,179295928,4,159930880,4096,44,phrase_token
171,179295928,5,166214656,4096,44,phrase_token
171,179295928,6,156259072,4096,36,phrase_token
171,179295928,7,138449408,256,32,phrase_token
171,179295928,8,138967040,4096,29,phrase_token
171,179295928,9,16271616,4096,28,phrase_token
171,179295928,10,27812352,4096,28,phrase_token
171,179295928,11,174590464,4096,28,phrase_token
172,180343252,0,164123136,1024,26,phrase_token
172,180343252,1,121671680,4096,25,phrase_token
172,180343252,2,165691136,1024,23,phrase_token
172,180343252,3,121119232,65536,21,phrase_token
172,180343252,4,121610240,65536,21,phrase_token
172,180343252,5,163535616,65536,21,phrase_token
172,180343252,6,151548160,4096,20,phrase_token
172,180343252,7,138449408,256,19,phrase_token
172,180343252,8,138967040,4096,19,phrase_token
172,180343252,9,34107136,4096,18,phrase_token
172,180343252,10,1048320,65536,15,phrase_token
172,180343252,11,1540096,65536,15,phrase_token
173,181386073,0,171420416,65536,123,phrase_token
173,181386073,1,13641728,16384,89,phrase_token
173,181386073,2,163535616,65536,76,phrase_token
173,181386073,3,1048320,65536,63,phrase_token
173,181386073,4,1540096,65536,63,phrase_token
173,181386073,5,2097920,16384,63,phrase_token
173,181386073,6,4129792,65536,63,phrase_token
173,181386073,7,153052928,65536,63,phrase_token
173,181386073,8,166741248,4096,63,phrase_token
173,181386073,9,175045632,65536,63,phrase_token
173,181386073,10,178227200,16384,63,phrase_token
173,181386073,11,3080960,65536,60,phrase_token
174,182438310,0,171420416,65536,166,phrase_token
174,182438310,1,13641728,16384,123,phrase_token
174,182438310,2,163535616,65536,95,phrase_token
174,182438310,3,1048320,65536,92,phrase_token
174,182438310,4,1540096,65536,92,phrase_token
174,182438310,5,2097920,16384,92,phrase_token
174,182438310,6,4129792,65536,92,phrase_token
174,182438310,7,16797952,4096,92,phrase_token
174,182438310,8,153052928,65536,92,phrase_token
174,182438310,9,166741248,4096,92,phrase_token
174,182438310,10,175045632,65536,92,phrase_token
174,182438310,11,178227200,16384,92,phrase_token
175,183486730,0,16797952,4096,67,phrase_token
175,183486730,1,121671680,4096,51,phrase_token
175,183486730,2,16271616,4096,36,phrase_token
175,183486730,3,27812352,4096,36,phrase_token
175,183486730,4,156259072,4096,36,phrase_token
175,183486730,5,174590464,4096,36,phrase_token
175,183486730,6,120628224,4096,31,phrase_token
175,183486730,7,146842112,4096,31,phrase_token
175,183486730,8,159930880,4096,31,phrase_token
175,183486730,9,166214656,4096,31,phrase_token
175,183486730,10,181910016,4096,31,phrase_token
175,183486730,11,138449408,256,24,phrase_token
176,184532789,0,1048320,65536,36,phrase_token
176,184532789,1,1540096,65536,36,phrase_token
176,184532789,2,2097920,16384,36,phrase_token
176,184532789,3,4129792,65536,36,phrase_token
176,184532789,4,153052928,65536,36,phrase_token
176,184532789,5,166741248,4096,36,phrase_token
176,184532789,6,171420416,65536,36,phrase_token
176,184532789,7,175045632,65536,36,phrase_token
176,184532789,8,178227200,16384,36,phrase_token
176,184532789,9,164123136,1024,27,phrase_token
176,184532789,10,16797952,4096,26,phrase_token
176,184532789,11,16271616,4096,18,phrase_token
177,185575336,0,121671680,4096,46,phrase_token
177,185575336,1,19943424,16384,39,phrase_token
177,185575336,2,156263424,16384,39,phrase_token
177,185575336,3,16797952,4096,36,phrase_token
177,185575336,4,120628224,4096,31,phrase_token
177,185575336,5,146842112,4096,31,phrase_token
177,185575336,6,159930880,4096,31,phrase_token
177,185575336,7,166214656,4096,31,phrase_token
177,185575336,8,181910016,4096,31,phrase_token
177,185575336,9,165691136,1024,22,phrase_token
177,185575336,10,159407872,1024,17,phrase_token
177,185575336,11,151548160,4096,15,phrase_token
178,186621099,0,42508288,4096,95,phrase_token
178,186621099,1,42968832,65536,87,phrase_token
178,186621099,2,43017984,16384,87,phrase_token
178,186621099,3,87087872,65536,87,phrase_token
178,186621099,4,88136704,16384,87,phrase_token
178,186621099,5,94918912,65536,87,phrase_token
178,186621099,6,97572096,16384,87,phrase_token
178,186621099,7,100183040,16384,87,phrase_token
178,186621099,8,100699136,16384,87,phrase_token
178,186621099,9,122707712,16384,87,phrase_token
178,186621099,10,125843200,16384,87,phrase_token
178,186621099,11,148868352,65536,87,phrase_token
179,187670326,0,171420416,65536,181,phrase_token
179,187670326,1,13641728,16384,132,phrase_token
179,187670326,2,3080960,65536,97,phrase_token
179,187670326,3,164580352,65536,97,phrase_token
179,187670326,4,178243840,16384,97,phrase_token
179,187670326,5,179786752,65536,97,phrase_token
179,187670326,6,180343296,65536,97,phrase_token
179,187670326,7,182438400,65536,97,phrase_token
179,187670326,8,182929664,65536,97,phrase_token
179,187670326,9,183421184,65536,97,phrase_token
179,187670326,10,1048320,65536,84,phrase_token
179,187670326,11,1540096,65536,84,phrase_token
180,188710030,0,143680512,4096,63,phrase_token
180,188710030,1,42508288,4096,59,phrase_token
180,188710030,2,5759488,16384,41,phrase_token
180,188710030,3,64530688,16384,41,phrase_token
180,188710030,4,82362624,16384,41,phrase_token
180,188710030,5,102809600,4096,41,phrase_token
180,188710030,6,143152128,16384,41,phrase_token
180,188710030,7,90757632,4096,36,phrase_token
180,188710030,8,176164096,1024,36,phrase_token
180,188710030,9,177190400,4096,36,phrase_token
180,188710030,10,66113280,4096,27,phrase_token
180,188710030,11,43556352,4096,23,phrase_token
181,189758380,0,124285696,4096,41,phrase_token
181,189758380,1,107522048,16384,35,phrase_token
181,189758380,2,73457664,4096,25,phrase_token
181,189758380,3,104910592,4096,25,phrase_token
181,189758380,4,40937216,16384,24,phrase_token
181,189758380,5,46669568,65536,24,phrase_token
181,189758380,6,48260352,16384,24,phrase_token
181,189758380,7,107988480,65536,24,phrase_token
181,189758380,8,114355712,256,24,phrase_token
181,189758380,9,117424640,65536,24,phrase_token
181,189758380,10,118538752,16384,24,phrase_token
181,189758380,11,123762944,1024,7,phrase_token
182,190806814,0,42508288,4096,57,phrase_token
182,190806814,1,143680512,4096,50,phrase_token
182,190806814,2,42968832,65536,43,phrase_token
182,190806814,3,43017984,16384,43,phrase_token
182,190806814,4,87087872,65536,43,phrase_token
182,190806814,5,88136704,16384,43,phrase_token
182,190806814,6,94918912,65536,43,phrase_token
182,190806814,7,97572096,16384,43,phrase_token
182,190806814,8,100183040,16384,43,phrase_token
182,190806814,9,100699136,16384,43,phrase_token
182,190806814,10,122707712,16384,43,phrase_token
182,190806814,11,125843200,16384,43,phrase_token
183,191852700,0,143680512,4096,45,phrase_token
183,191852700,1,42508288,4096,41,phrase_token
183,191852700,2,90757632,4096,32,phrase_token
183,191852700,3,176164096,1024,32,phrase_token
183,191852700,4,177190400,4096,32,phrase_token
183,191852700,5,100715776,1024,18,phrase_token
183,191852700,6,42968832,65536,16,phrase_token
183,191852700,7,43017984,16384,16,phrase_token
183,191852700,8,87087872,65536,16,phrase_token
183,191852700,9,88136704,16384,16,phrase_token
183,191852700,10,94918912,65536,16,phrase_token
183,191852700,11,97572096,16384,16,phrase_token
184,192900101,0,1048320,65536,91,phrase_token
184,192900101,1,1540096,65536,91,phrase_token
184,192900101,2,2097920,16384,91,phrase_token
184,192900101,3,4129792,65536,91,phrase_token
184,192900101,4,153052928,65536,91,phrase_token
184,192900101,5,166741248,4096,91,phrase_token
184,192900101,6,171420416,65536,91,phrase_token
184,192900101,7,175045632,65536,91,phrase_token
184,192900101,8,178227200,16384,91,phrase_token
184,192900101,9,16797952,4096,58,phrase_token
184,192900101,10,156259072,4096,40,phrase_token
184,192900101,11,16271616,4096,35,phrase_token
185,193947734,0,171420416,65536,107,phrase_token
185,193947734,1,1048320,65536,86,phrase_token
185,193947734,2,1540096,65536,86,phrase_token
185,193947734,3,2097920,16384,86,phrase_token
185,193947734,4,4129792,65536,86,phrase_token
185,193947734,5,153052928,65536,86,phrase_token
185,193947734,6,166741248,4096,86,phrase_token
185,193947734,7,175045632,65536,86,phrase_token
185,193947734,8,178227200,16384,86,phrase_token
185,193947734,9,16797952,4096,75,phrase_token
185,193947734,10,156259072,4096,56,phrase_token
185,193947734,11,16271616,4096,51,phrase_token
186,194999546,0,16797952,4096,49,phrase_token
186,194999546,1,16271616,4096,31,phrase_token
186,194999546,2,27812352,4096,31,phrase_token
186,194999546,3,156259072,4096,31,phrase_token
186,194999546,4,174590464,4096,31,phrase_token
186,194999546,5,13641728,16384,24,phrase_token
186,194999546,6,120628224,4096,18,phrase_token
186,194999546,7,121671680,4096,18,phrase_token
186,194999546,8,146842112,4096,18,phrase_token
186,194999546,9,159930880,4096,18,phrase_token
186,194999546,10,166214656,4096,18,phrase_token
186,194999546,11,181910016,4096,18,phrase_token
187,196050495,0,171420416,65536,42,phrase_token
187,196050495,1,13641728,16384,36,phrase_token
187,196050495,2,16797952,4096,36,phrase_token
187,196050495,3,156259072,4096,28,phrase_token
187,196050495,4,16271616,4096,23,phrase_token
187,196050495,5,27812352,4096,23,phrase_token
187,196050495,6,174590464,4096,23,phrase_token
187,196050495,7,1048320,65536,21,phrase_token
187,196050495,8,1540096,65536,21,phrase_token
187,196050495,9,2097920,16384,21,phrase_token
187,196050495,10,3080960,65536,21,phrase_token
187,196050495,11,4129792,65536,21,phrase_token
188,197095732,0,42968832,65536,93,phrase_token
188,197095732,1,43017984,16384,93,phrase_token
188,197095732,2,87087872,65536,93,phrase_token
188,197095732,3,88136704,16384,93,phrase_token
188,197095732,4,94918912,65536,93,phrase_token
188,197095732,5,97572096,16384,93,phrase_token
188,197095732,6,100183040,16384,93,phrase_token
188,197095732,7,100699136,16384,93,phrase_token
188,197095732,8,122707712,16384,93,phrase_token
188,197095732,9,125843200,16384,93,phrase_token
188,197095732,10,148868352,65536,93,phrase_token
188,197095732,11,56115712,65536,57,phrase_token
189,198147847,0,40937216,16384,78,phrase_token
189,198147847,1,46669568,65536,78,phrase_token
189,198147847,2,48260352,16384,78,phrase_token
189,198147847,3,104893952,16384,78,phrase_token
189,198147847,4,107988480,65536,78,phrase_token
189,198147847,5,114355712,256,78,phrase_token
189,198147847,6,117424640,65536,78,phrase_token
189,198147847,7,118538752,16384,78,phrase_token
189,198147847,8,47719680,65536,63,phrase_token
189,198147847,9,104353536,65536,63,phrase_token
189,198147847,10,105897472,65536,63,phrase_token
189,198147847,11,109043456,65536,63,phrase_token
190,199197219,0,42968832,65536,42,phrase_token
190,199197219,1,43017984,16384,42,phrase_token
190,199197219,2,87087872,65536,42,phrase_token
190,199197219,3,88136704,16384,42,phrase_token
190,199197219,4,94918912,65536,42,phrase_token
190,199197219,5,97572096,16384,42,phrase_token
190,199197219,6,100183040,16384,42,phrase_token
190,199197219,7,100699136,16384,42,phrase_token
190,199197219,8,122707712,16384,42,phrase_token
190,199197219,9,125843200,16384,42,phrase_token
190,199197219,10,148868352,65536,42,phrase_token
190,199197219,11,143680512,4096,38,phrase_token
191,200245613,0,40937216,16384,48,phrase_token
191,200245613,1,46669568,65536,48,phrase_token
191,200245613,2,48260352,16384,48,phrase_token
191,200245613,3,104893952,16384,48,phrase_token
191,200245613,4,107988480,65536,48,phrase_token
191,200245613,5,114355712,256,48,phrase_token
191,200245613,6,117424640,65536,48,phrase_token
191,200245613,7,118538752,16384,48,phrase_token
191,200245613,8,73457664,4096,23,phrase_token
191,200245613,9,199193088,4096,17,phrase_token
191,200245613,10,47719680,65536,12,phrase_token
191,200245613,11,104353536,65536,12,phrase_token
192,201293852,0,40937216,16384,33,phrase_token
192,201293852,1,46669568,65536,33,phrase_token
192,201293852,2,48260352,16384,33,phrase_token
192,201293852,3,104893952,16384,33,phrase_token
192,201293852,4,107988480,65536,33,phrase_token
192,201293852,5,114355712,256,33,phrase_token
192,201293852,6,117424640,65536,33,phrase_token
192,201293852,7,118538752,16384,33,phrase_token
192,201293852,8,47719680,65536,24,phrase_token
192,201293852,9,104353536,65536,24,phrase_token
192,201293852,10,105897472,65536,24,phrase_token
192,201293852,11,107522048,16384,24,phrase_token
193,202341339,0,143680512,4096,65,phrase_token
193,202341339,1,42508288,4096,61,phrase_token
193,202341339,2,42968832,65536,51,phrase_token
193,202341339,3,43017984,16384,51,phrase_token
193,202341339,4,88136704,65536,51,phrase_token
193,202341339,5,94918912,65536,51,phrase_token
193,202341339,6,97572096,16384,51,phrase_token
193,202341339,7,100183040,16384,51,phrase_token
193,202341339,8,100699136,16384,51,phrase_token
193,202341339,9,122707712,16384,51,phrase_token
193,202341339,10,125843200,16384,51,phrase_token
193,202341339,11,148868352,65536,51,phrase_token
194,203389689,0,143680512,4096,67,phrase_token
194,203389689,1,42508288,4096,56,phrase_token
194,203389689,2,56115712,65536,42,phrase_token
194,203389689,3,62403072,65536,42,phrase_token
194,203389689,4,68145408,65536,42,phrase_token
194,203389689,5,70292480,16384,42,phrase_token
194,203389689,6,101762560,16384,42,phrase_token
194,203389689,7,102253056,65536,42,phrase_token
194,203389689,8,111208192,65536,42,phrase_token
194,203389689,9,121676032,65536,42,phrase_token
194,203389689,10,132636928,65536,42,phrase_token
194,203389689,11,132661504,16384,42,phrase_token
195,204438665,0,42968832,65536,103,phrase_token
195,204438665,1,43017984,16384,103,phrase_token
195,204438665,2,88136704,65536,103,phrase_token
195,204438665,3,94918912,65536,103,phrase_token
195,204438665,4,97572096,16384,103,phrase_token
195,204438665,5,100183040,16384,103,phrase_token
195,204438665,6,100699136,16384,103,phrase_token
195,204438665,7,122707712,16384,103,phrase_token
195,204438665,8,125843200,16384,103,phrase_token
195,204438665,9,148868352,65536,103,phrase_token
195,204438665,10,200179968,65536,103,phrase_token
195,204438665,11,200229120,16384,103,phrase_token
196,205486793,0,204954368,16384,101,phrase_token
196,205486793,1,42968832,65536,80,phrase_token
196,205486793,2,43017984,16384,80,phrase_token
196,205486793,3,94918912,65536,80,phrase_token
196,205486793,4,97572096,16384,80,phrase_token
196,205486793,5,100183040,16384,80,phrase_token
196,205486793,6,100699136,16384,80,phrase_token
196,205486793,7,122707712,16384,80,phrase_token
196,205486793,8,125843200,16384,80,phrase_token
196,205486793,9,148868352,65536,80,phrase_token
196,205486793,10,200179968,65536,80,phrase_token
196,205486793,11,200229120,16384,80,phrase_token
197,206528155,0,204954368,16384,93,phrase_token
197,206528155,1,42968832,65536,64,phrase_token
197,206528155,2,43017984,16384,64,phrase_token
197,206528155,3,94918912,65536,64,phrase_token
197,206528155,4,97572096,16384,64,phrase_token
197,206528155,5,100183040,16384,64,phrase_token
197,206528155,6,100699136,16384,64,phrase_token
197,206528155,7,122707712,16384,64,phrase_token
197,206528155,8,125843200,16384,64,phrase_token
197,206528155,9,148868352,65536,64,phrase_token
197,206528155,10,200179968,65536,64,phrase_token
197,206528155,11,200229120,16384,64,phrase_token
198,207577877,0,204954368,16384,73,phrase_token
198,207577877,1,42968832,65536,52,phrase_token
198,207577877,2,43017984,16384,52,phrase_token
198,207577877,3,94918912,65536,52,phrase_token
198,207577877,4,97572096,16384,52,phrase_token
198,207577877,5,100183040,16384,52,phrase_token
198,207577877,6,100699136,16384,52,phrase_token
198,207577877,7,122707712,16384,52,phrase_token
198,207577877,8,125843200,16384,52,phrase_token
198,207577877,9,148868352,65536,52,phrase_token
198,207577877,10,200179968,65536,52,phrase_token
198,207577877,11,200229120,16384,52,phrase_token
199,208625786,0,143680512,4096,62,phrase_token
199,208625786,1,204954368,16384,56,phrase_token
199,208625786,2,42508288,4096,54,phrase_token
199,208625786,3,56115712,65536,44,phrase_token
199,208625786,4,62403072,65536,44,phrase_token
199,208625786,5,68145408,65536,44,phrase_token
199,208625786,6,70292480,16384,44,phrase_token
199,208625786,7,111208192,65536,44,phrase_token
199,208625786,8,121676032,65536,44,phrase_token
199,208625786,9,132636928,65536,44,phrase_token
199,208625786,10,132661504,16384,44,phrase_token
199,208625786,11,191852800,65536,44,phrase_token
200,209675726,0,42968832,65536,63,phrase_token
200,209675726,1,43017984,16384,63,phrase_token
200,209675726,2,100183040,16384,63,phrase_token
200,209675726,3,100699136,16384,63,phrase_token
200,209675726,4,122707712,16384,63,phrase_token
200,209675726,5,125843200,16384,63,phrase_token
200,209675726,6,148868352,65536,63,phrase_token
200,209675726,7,200179968,65536,63,phrase_token
200,209675726,8,200229120,16384,63,phrase_token
200,209675726,9,204954368,16384,63,phrase_token
200,209675726,10,209117952,65536,63,phrase_token
200,209675726,11,209142528,16384,63,phrase_token
201,210723012,0,1048320,65536,160,phrase_token
201,210723012,1,1540096,65536,160,phrase_token
201,210723012,2,2097920,16384,160,phrase_token
201,210723012,3,4129792,65536,160,phrase_token
201,210723012,4,153052928,65536,160,phrase_token
201,210723012,5,166741248,4096,160,phrase_token
201,210723012,6,171420416,65536,160,phrase_token
201,210723012,7,175045632,65536,160,phrase_token
201,210723012,8,178227200,16384,160,phrase_token
201,210723012,9,13641728,16384,150,phrase_token
201,210723012,10,3080960,65536,114,phrase_token
201,210723012,11,179786752,65536,114,phrase_token
202,211774324,0,5759488,16384,41,phrase_token
202,211774324,1,64530688,16384,41,phrase_token
202,211774324,2,82362624,16384,41,phrase_token
202,211774324,3,102809600,4096,41,phrase_token
202,211774324,4,143152128,16384,41,phrase_token
202,211774324,5,208625920,4096,41,phrase_token
202,211774324,6,204954368,16384,39,phrase_token
202,211774324,7,99601408,65536,36,phrase_token
202,211774324,8,143680512,4096,28,phrase_token
202,211774324,9,42508288,4096,25,phrase_token
202,211774324,10,42968832,65536,24,phrase_token
202,211774324,11,43017984,16384,24,phrase_token
203,212823813,0,204954368,16384,90,phrase_token
203,212823813,1,42968832,65536,69,phrase_token
203,212823813,2,43017984,16384,69,phrase_token
203,212823813,3,100183040,16384,69,phrase_token
203,212823813,4,100699136,16384,69,phrase_token
203,212823813,5,122707712,16384,69,phrase_token
203,212823813,6,125843200,16384,69,phrase_token
203,212823813,7,148868352,65536,69,phrase_token
203,212823813,8,200179968,65536,69,phrase_token
203,212823813,9,200229120,16384,69,phrase_token
203,212823813,10,209117952,65536,69,phrase_token
203,212823813,11,209142528,16384,69,phrase_token
204,213871707,0,40937216,16384,97,phrase_token
204,213871707,1,46669568,65536,97,phrase_token
204,213871707,2,48260352,16384,97,phrase_token
204,213871707,3,104893952,16384,97,phrase_token
204,213871707,4,107988480,65536,97,phrase_token
204,213871707,5,114355712,256,97,phrase_token
204,213871707,6,117424640,65536,97,phrase_token
204,213871707,7,118538752,16384,97,phrase_token
204,213871707,8,115398400,65536,36,phrase_token
204,213871707,9,199193088,4096,30,phrase_token
204,213871707,10,124285696,4096,28,phrase_token
204,213871707,11,73457664,4096,25,phrase_token
205,214920002,0,204954368,16384,135,phrase_token
205,214920002,1,42968832,65536,69,phrase_token
205,214920002,2,43017984,16384,69,phrase_token
205,214920002,3,100183040,16384,69,phrase_token
205,214920002,4,100699136,16384,69,phrase_token
205,214920002,5,122707712,16384,69,phrase_token
205,214920002,6,125843200,16384,69,phrase_token
205,214920002,7,148868352,65536,69,phrase_token
205,214920002,8,200179968,65536,69,phrase_token
205,214920002,9,200229120,16384,69,phrase_token
205,214920002,10,209117952,65536,69,phrase_token
205,214920002,11,209142528,16384,69,phrase_token
206,215970965,0,40937216,16384,53,phrase_token
206,215970965,1,46669568,65536,53,phrase_token
206,215970965,2,48260352,16384,53,phrase_token
206,215970965,3,104893952,16384,53,phrase_token
206,215970965,4,107988480,65536,53,phrase_token
206,215970965,5,114355712,256,53,phrase_token
206,215970965,6,117424640,65536,53,phrase_token
206,215970965,7,118538752,16384,53,phrase_token
206,215970965,8,124285696,4096,41,phrase_token
206,215970965,9,107522048,16384,40,phrase_token
206,215970965,10,118006272,16384,28,phrase_token
206,215970965,11,47719680,65536,21,phrase_token
207,217015871,0,115398400,65536,42,phrase_token
207,217015871,1,216950272,65536,42,phrase_token
207,217015871,2,73457664,4096,23,phrase_token
207,217015871,3,104910592,4096,23,phrase_token
207,217015871,4,103862272,4096,19,phrase_token
207,217015871,5,40937216,16384,17,phrase_token
207,217015871,6,46669568,65536,17,phrase_token
207,217015871,7,48260352,16384,17,phrase_token
207,217015871,8,107988480,65536,17,phrase_token
207,217015871,9,114355712,256,17,phrase_token
207,217015871,10,117424640,65536,17,phrase_token
207,217015871,11,118538752,16384,17,phrase_token
208,218063298,0,204954368,16384,45,phrase_token
208,218063298,1,42508288,4096,40,phrase_token
208,218063298,2,143680512,4096,29,phrase_token
208,218063298,3,42968832,65536,24,phrase_token
208,218063298,4,43017984,16384,24,phrase_token
208,218063298,5,93870848,65536,24,phrase_token
208,218063298,6,100183040,16384,24,phrase_token
208,218063298,7,100699136,16384,24,phrase_token
208,218063298,8,122707712,16384,24,phrase_token
208,218063298,9,125843200,16384,24,phrase_token
208,218063298,10,148868352,65536,24,phrase_token
208,218063298,11,200179968,65536,24,phrase_token
209,219110557,0,40937216,16384,57,phrase_token
209,219110557,1,46669568,65536,57,phrase_token
209,219110557,2,48260352,16384,57,phrase_token
209,219110557,3,114355712,256,57,phrase_token
209,219110557,4,117424640,65536,57,phrase_token
209,219110557,5,118538752,16384,57,phrase_token
209,219110557,6,216999424,16384,57,phrase_token
209,219110557,7,218046720,16384,57,phrase_token
209,219110557,8,115398400,65536,53,phrase_token
209,219110557,9,216950272,65536,53,phrase_token
209,219110557,10,124285696,4096,47,phrase_token
209,219110557,11,73457664,4096,27,phrase_token
210,220156614,0,13641728,16384,50,phrase_token
210,220156614,1,1048320,65536,45,phrase_token
210,220156614,2,1540096,65536,45,phrase_token
210,220156614,3,2097920,16384,45,phrase_token
210,220156614,4,4129792,65536,45,phrase_token
210,220156614,5,153052928,65536,45,phrase_token
210,220156614,6,166741248,4096,45,phrase_token
210,220156614,7,171420416,65536,45,phrase_token
210,220156614,8,175045632,65536,45,phrase_token
210,220156614,9,178227200,16384,45,phrase_token
210,220156614,10,165691136,1024,43,phrase_token
210,220156614,11,121671680,4096,41,phrase_token
211,221201293,0,40937216,16384,132,phrase_token
211,221201293,1,46669568,65536,132,phrase_token
211,221201293,2,48260352,16384,132,phrase_token
211,221201293,3,114355712,256,132,phrase_token
211,221201293,4,117424640,65536,132,phrase_token
211,221201293,5,118538752,16384,132,phrase_token
211,221201293,6,216999424,16384,132,phrase_token
211,221201293,7,218046720,16384,132,phrase_token
211,221201293,8,73457664,4096,40,phrase_token
211,221201293,9,104910592,4096,40,phrase_token
211,221201293,10,124285696,4096,39,phrase_token
211,221201293,11,107522048,16384,36,phrase_token
212,222249292,0,42968832,65536,67,phrase_token
212,222249292,1,43017984,16384,67,phrase_token
212,222249292,2,100183040,16384,67,phrase_token
212,222249292,3,100699136,16384,67,phrase_token
212,222249292,4,122707712,16384,67,phrase_token
212,222249292,5,125843200,16384,67,phrase_token
212,222249292,6,148868352,65536,67,phrase_token
212,222249292,7,200179968,65536,67,phrase_token
212,222249292,8,200229120,16384,67,phrase_token
212,222249292,9,204954368,16384,67,phrase_token
212,222249292,10,209117952,65536,67,phrase_token
212,222249292,11,209142528,16384,67,phrase_token
213,223297502,0,204954368,16384,115,phrase_token
213,223297502,1,56115712,65536,63,phrase_token
213,223297502,2,62403072,65536,63,phrase_token
213,223297502,3,132636928,65536,63,phrase_token
213,223297502,4,191852800,65536,63,phrase_token
213,223297502,5,204929792,65536,63,phrase_token
213,223297502,6,206462464,65536,63,phrase_token
213,223297502,7,210657280,65536,63,phrase_token
213,223297502,8,212266240,65536,63,phrase_token
213,223297502,9,212290816,16384,63,phrase_token
213,223297502,10,223231744,65536,63,phrase_token
213,223297502,11,42968832,65536,52,phrase_token
214,224346187,0,42968832,65536,48,phrase_token
214,224346187,1,43017984,16384,48,phrase_token
214,224346187,2,100183040,16384,48,phrase_token
214,224346187,3,122707712,16384,48,phrase_token
214,224346187,4,125843200,16384,48,phrase_token
214,224346187,5,148868352,65536,48,phrase_token
214,224346187,6,200179968,65536,48,phrase_token
214,224346187,7,200229120,16384,48,phrase_token
214,224346187,8,204954368,16384,48,phrase_token
214,224346187,9,209117952,65536,48,phrase_token
214,224346187,10,209142528,16384,48,phrase_token
214,224346187,11,223297536,65536,48,phrase_token
215,225393301,0,42968832,65536,54,phrase_token
215,225393301,1,43017984,16384,54,phrase_token
215,225393301,2,122707712,16384,54,phrase_token
215,225393301,3,125843200,16384,54,phrase_token
215,225393301,4,148868352,65536,54,phrase_token
215,225393301,5,200179968,65536,54,phrase_token
215,225393301,6,200229120,16384,54,phrase_token
215,225393301,7,204954368,16384,54,phrase_token
215,225393301,8,209117952,65536,54,phrase_token
215,225393301,9,209142528,16384,54,phrase_token
215,225393301,10,223297536,65536,54,phrase_token
215,225393301,11,225376768,16384,54,phrase_token
216,226442019,0,204954368,16384,125,phrase_token
216,226442019,1,42968832,65536,92,phrase_token
216,226442019,2,43017984,16384,92,phrase_token
216,226442019,3,122707712,16384,92,phrase_token
216,226442019,4,125843200,16384,92,phrase_token
216,226442019,5,148868352,65536,92,phrase_token
216,226442019,6,200179968,65536,92,phrase_token
216,226442019,7,200229120,16384,92,phrase_token
216,226442019,8,209117952,65536,92,phrase_token
216,226442019,9,209142528,16384,92,phrase_token
216,226442019,10,223297536,65536,92,phrase_token
216,226442019,11,225376768,16384,92,phrase_token
217,227488419,0,227430912,4096,0,recent_fallback
217,227488419,1,227439104,4096,0,recent_fallback
217,227488419,2,227447296,4096,0,recent_fallback
217,227488419,3,227455488,4096,0,recent_fallback
217,227488419,4,227463680,4096,0,recent_fallback
217,227488419,5,227471872,4096,0,recent_fallback
217,227488419,6,227480064,4096,0,recent_fallback
218,228534656,0,228518144,16384,50,phrase_token
218,228534656,1,228485376,4096,0,recent_fallback
218,228534656,2,228493568,4096,0,recent_fallback
218,228534656,3,228501760,4096,0,recent_fallback
218,228534656,4,228509952,4096,0,recent_fallback
218,228534656,5,228518144,4096,0,recent_fallback
218,228534656,6,228526336,4096,0,recent_fallback
219,229584458,0,204954368,16384,45,phrase_token
219,229584458,1,42508288,4096,33,phrase_token
219,229584458,2,143680512,4096,30,phrase_token
219,229584458,3,42968832,65536,24,phrase_token
219,229584458,4,43017984,16384,24,phrase_token
219,229584458,5,122707712,16384,24,phrase_token
219,229584458,6,125843200,16384,24,phrase_token
219,229584458,7,148868352,65536,24,phrase_token
219,229584458,8,200179968,65536,24,phrase_token
219,229584458,9,200229120,16384,24,phrase_token
219,229584458,10,209117952,65536,24,phrase_token
219,229584458,11,209142528,16384,24,phrase_token
220,230627676,0,143680512,4096,54,phrase_token
220,230627676,1,42508288,4096,49,phrase_token
220,230627676,2,90757632,4096,34,phrase_token
220,230627676,3,176164096,1024,34,phrase_token
220,230627676,4,177190400,4096,34,phrase_token
220,230627676,5,230104064,4096,34,phrase_token
220,230627676,6,42968832,65536,31,phrase_token
220,230627676,7,43017984,16384,31,phrase_token
220,230627676,8,122707712,16384,31,phrase_token
220,230627676,9,125843200,16384,31,phrase_token
220,230627676,10,148868352,65536,31,phrase_token
220,230627676,11,200179968,65536,31,phrase_token
221,231673695,0,143680512,4096,63,phrase_token
221,231673695,1,42968832,65536,51,phrase_token
221,231673695,2,43017984,16384,51,phrase_token
221,231673695,3,122707712,16384,51,phrase_token
221,231673695,4,125843200,16384,51,phrase_token
221,231673695,5,148868352,65536,51,phrase_token
221,231673695,6,200179968,65536,51,phrase_token
221,231673695,7,200229120,16384,51,phrase_token
221,231673695,8,204954368,16384,51,phrase_token
221,231673695,9,209117952,65536,51,phrase_token
221,231673695,10,209142528,16384,51,phrase_token
221,231673695,11,223297536,65536,51,phrase_token
222,232720769,0,204954368,16384,78,phrase_token
222,232720769,1,42968832,65536,57,phrase_token
222,232720769,2,43017984,16384,57,phrase_token
222,232720769,3,125843200,16384,57,phrase_token
222,232720769,4,148868352,65536,57,phrase_token
222,232720769,5,200179968,65536,57,phrase_token
222,232720769,6,200229120,16384,57,phrase_token
222,232720769,7,209117952,65536,57,phrase_token
222,232720769,8,209142528,16384,57,phrase_token
222,232720769,9,223297536,65536,57,phrase_token
222,232720769,10,225376768,16384,57,phrase_token
222,232720769,11,232704256,16384,57,phrase_token
223,233768080,0,40937216,16384,21,phrase_token
223,233768080,1,46669568,65536,21,phrase_token
223,233768080,2,48260352,16384,21,phrase_token
223,233768080,3,114355712,256,21,phrase_token
223,233768080,4,117424640,65536,21,phrase_token
223,233768080,5,118538752,16384,21,phrase_token
223,233768080,6,216999424,16384,21,phrase_token
223,233768080,7,218046720,16384,21,phrase_token
223,233768080,8,199193088,4096,18,phrase_token
223,233768080,9,73457664,4096,15,phrase_token
223,233768080,10,104910592,4096,15,phrase_token
223,233768080,11,47228416,16384,12,phrase_token
224,234819972,0,204954368,16384,69,phrase_token
224,234819972,1,42968832,65536,48,phrase_token
224,234819972,2,43017984,16384,48,phrase_token
224,234819972,3,125843200,16384,48,phrase_token
224,234819972,4,148868352,65536,48,phrase_token
224,234819972,5,200179968,65536,48,phrase_token
224,234819972,6,200229120,16384,48,phrase_token
224,234819972,7,209117952,65536,48,phrase_token
224,234819972,8,209142528,16384,48,phrase_token
224,234819972,9,223297536,65536,48,phrase_token
224,234819972,10,225376768,16384,48,phrase_token
224,234819972,11,232704256,16384,48,phrase_token
225,235867814,0,42968832,65536,89,phrase_token
225,235867814,1,43017984,16384,89,phrase_token
225,235867814,2,148868352,65536,89,phrase_token
225,235867814,3,200179968,65536,89,phrase_token
225,235867814,4,200229120,16384,89,phrase_token
225,235867814,5,204954368,16384,89,phrase_token
225,235867814,6,209117952,65536,89,phrase_token
225,235867814,7,209142528,16384,89,phrase_token
225,235867814,8,223297536,65536,89,phrase_token
225,235867814,9,225376768,16384,89,phrase_token
225,235867814,10,232704256,16384,89,phrase_token
225,235867814,11,235802112,65536,89,phrase_token
226,236918564,0,204954368,16384,85,phrase_token
226,236918564,1,56115712,65536,69,phrase_token
226,236918564,2,62403072,65536,69,phrase_token
226,236918564,3,191852800,65536,69,phrase_token
226,236918564,4,204929792,65536,69,phrase_token
226,236918564,5,206462464,65536,69,phrase_token
226,236918564,6,210657280,65536,69,phrase_token
226,236918564,7,212266240,65536,69,phrase_token
226,236918564,8,212290816,16384,69,phrase_token
226,236918564,9,223231744,65536,69,phrase_token
226,236918564,10,226376448,65536,69,phrase_token
226,236918564,11,42508288,4096,50,phrase_token
227,237961713,0,47719680,65536,54,phrase_token
227,237961713,1,104353536,65536,54,phrase_token
227,237961713,2,105897472,65536,54,phrase_token
227,237961713,3,109043456,65536,54,phrase_token
227,237961713,4,119580160,65536,54,phrase_token
227,237961713,5,214903552,16384,54,phrase_token
227,237961713,6,219110656,65536,54,phrase_token
227,237961713,7,73457664,4096,37,phrase_token
227,237961713,8,104910592,4096,37,phrase_token
227,237961713,9,107529728,1024,14,phrase_token
227,237961713,10,234293504,1024,14,phrase_token
227,237961713,11,199193088,4096,13,phrase_token
228,239008346,0,107522048,16384,28,phrase_token
228,239008346,1,118522112,16384,28,phrase_token
228,239008346,2,47719680,65536,21,phrase_token
228,239008346,3,104353536,65536,21,phrase_token
228,239008346,4,105897472,65536,21,phrase_token
228,239008346,5,109043456,65536,21,phrase_token
228,239008346,6,119580160,65536,21,phrase_token
228,239008346,7,214903552,16384,21,phrase_token
228,239008346,8,219110656,65536,21,phrase_token
228,239008346,9,47228416,16384,12,phrase_token
228,239008346,10,72413184,16384,12,phrase_token
228,239008346,11,73457664,4096,10,phrase_token
229,240064753,0,40937216,16384,36,phrase_token
229,240064753,1,46669568,65536,36,phrase_token
229,240064753,2,48260352,16384,36,phrase_token
229,240064753,3,114355712,256,36,phrase_token
229,240064753,4,117424640,65536,36,phrase_token
229,240064753,5,118538752,16384,36,phrase_token
229,240064753,6,216999424,16384,36,phrase_token
229,240064753,7,218046720,16384,36,phrase_token
229,240064753,8,107522048,16384,30,phrase_token
229,240064753,9,73457664,4096,20,phrase_token
229,240064753,10,104910592,4096,20,phrase_token
229,240064753,11,219625216,16384,12,phrase_token
230,241116537,0,42508288,4096,23,phrase_token
230,241116537,1,43556352,4096,18,phrase_token
230,241116537,2,53000448,4096,18,phrase_token
230,241116537,3,70309120,4096,18,phrase_token
230,241116537,4,143158272,4096,18,phrase_token
230,241116537,5,203385344,4096,18,phrase_token
230,241116537,6,229584640,4096,18,phrase_token
230,241116537,7,234820096,4096,18,phrase_token
230,241116537,8,143680512,4096,13,phrase_token
230,241116537,9,42968832,65536,12,phrase_token
230,241116537,10,43017984,16384,12,phrase_token
230,241116537,11,148868352,65536,12,phrase_token
231,242172395,0,40937216,16384,33,phrase_token
231,242172395,1,46669568,65536,33,phrase_token
231,242172395,2,48260352,16384,33,phrase_token
231,242172395,3,114355712,1024,33,phrase_token
231,242172395,4,117424640,65536,33,phrase_token
231,242172395,5,118538752,16384,33,phrase_token
231,242172395,6,216999424,16384,33,phrase_token
231,242172395,7,218046720,16384,33,phrase_token
231,242172395,8,240064768,65536,33,phrase_token
231,242172395,9,124285696,4096,10,phrase_token
231,242172395,10,33055744,1024,8,phrase_token
231,242172395,11,115397120,1024,8,phrase_token
232,243222974,0,42508288,4096,51,phrase_token
232,243222974,1,143680512,4096,45,phrase_token
232,243222974,2,90757632,4096,40,phrase_token
232,243222974,3,176164096,1024,40,phrase_token
232,243222974,4,177190400,4096,40,phrase_token
232,243222974,5,230104064,4096,40,phrase_token
232,243222974,6,204954368,16384,39,phrase_token
232,243222974,7,233236224,16384,28,phrase_token
232,243222974,8,233751552,16384,28,phrase_token
232,243222974,9,233766912,1024,28,phrase_token
232,243222974,10,56115712,65536,24,phrase_token
232,243222974,11,127430912,1024,24,phrase_token
233,244274074,0,204954368,16384,84,phrase_token
233,244274074,1,56115712,65536,45,phrase_token
233,244274074,2,62403072,65536,45,phrase_token
233,244274074,3,191852800,65536,45,phrase_token
233,244274074,4,204929792,65536,45,phrase_token
233,244274074,5,206462464,65536,45,phrase_token
233,244274074,6,210657280,65536,45,phrase_token
233,244274074,7,212266240,65536,45,phrase_token
233,244274074,8,212290816,16384,45,phrase_token
233,244274074,9,223231744,65536,45,phrase_token
233,244274074,10,226376448,65536,45,phrase_token
233,244274074,11,42968832,65536,39,phrase_token
234,245326624,0,42508288,4096,41,phrase_token
234,245326624,1,143680512,4096,36,phrase_token
234,245326624,2,204954368,16384,24,phrase_token
234,245326624,3,90757632,4096,23,phrase_token
234,245326624,4,176164096,1024,23,phrase_token
234,245326624,5,177190400,4096,23,phrase_token
234,245326624,6,230104064,4096,23,phrase_token
234,245326624,7,43556352,4096,18,phrase_token
234,245326624,8,53000448,4096,18,phrase_token
234,245326624,9,70309120,4096,18,phrase_token
234,245326624,10,143158272,4096,18,phrase_token
234,245326624,11,203385344,4096,18,phrase_token
235,246375727,0,199193088,4096,26,phrase_token
235,246375727,1,40937216,16384,12,phrase_token
235,246375727,2,46669568,65536,12,phrase_token
235,246375727,3,48260352,16384,12,phrase_token
235,246375727,4,114355712,1024,12,phrase_token
235,246375727,5,117424640,65536,12,phrase_token
235,246375727,6,118538752,16384,12,phrase_token
235,246375727,7,216999424,16384,12,phrase_token
235,246375727,8,218046720,16384,12,phrase_token
235,246375727,9,240064768,65536,12,phrase_token
235,246375727,10,73457664,4096,10,phrase_token
235,246375727,11,104910592,4096,10,phrase_token
236,247430483,0,204954368,16384,69,phrase_token
236,247430483,1,42968832,65536,57,phrase_token
236,247430483,2,43017984,16384,57,phrase_token
236,247430483,3,148868352,65536,57,phrase_token
236,247430483,4,200179968,65536,57,phrase_token
236,247430483,5,200229120,16384,57,phrase_token
236,247430483,6,209117952,65536,57,phrase_token
236,247430483,7,209142528,16384,57,phrase_token
236,247430483,8,223297536,65536,57,phrase_token
236,247430483,9,225376768,16384,57,phrase_token
236,247430483,10,232704256,16384,57,phrase_token
236,247430483,11,235802112,65536,57,phrase_token
237,248479027,0,204954368,16384,99,phrase_token
237,248479027,1,42508288,4096,78,phrase_token
237,248479027,2,42968832,65536,78,phrase_token
237,248479027,3,43017984,16384,78,phrase_token
237,248479027,4,148868352,65536,78,phrase_token
237,248479027,5,200179968,65536,78,phrase_token
237,248479027,6,200229120,16384,78,phrase_token
237,248479027,7,209117952,65536,78,phrase_token
237,248479027,8,209142528,16384,78,phrase_token
237,248479027,9,223297536,65536,78,phrase_token
237,248479027,10,225376768,16384,78,phrase_token
237,248479027,11,232704256,16384,78,phrase_token
238,249525609,0,86021632,16384,29,phrase_token
238,249525609,1,127956224,1024,29,phrase_token
238,249525609,2,94411520,16384,27,phrase_token
238,249525609,3,204954368,16384,24,phrase_token
238,249525609,4,100715776,1024,22,phrase_token
238,249525609,5,143680512,4096,21,phrase_token
238,249525609,6,127430912,1024,20,phrase_token
238,249525609,7,66113280,4096,16,phrase_token
238,249525609,8,243223040,256,16,phrase_token
238,249525609,9,42968832,65536,12,phrase_token
238,249525609,10,43017984,16384,12,phrase_token
238,249525609,11,56115712,65536,12,phrase_token
239,250573740,0,40937216,16384,41,phrase_token
239,250573740,1,46669568,65536,41,phrase_token
239,250573740,2,48260352,16384,41,phrase_token
239,250573740,3,114355712,1024,41,phrase_token
239,250573740,4,117424640,65536,41,phrase_token
239,250573740,5,118538752,16384,41,phrase_token
239,250573740,6,216999424,16384,41,phrase_token
239,250573740,7,218046720,16384,41,phrase_token
239,250573740,8,240064768,65536,41,phrase_token
239,250573740,9,73457664,4096,14,phrase_token
239,250573740,10,104910592,4096,14,phrase_token
239,250573740,11,124285696,4096,13,phrase_token
240,251621366,0,143680512,4096,37,phrase_token
240,251621366,1,42508288,4096,28,phrase_token
240,251621366,2,66113280,4096,27,phrase_token
240,251621366,3,243223040,256,27,phrase_token
240,251621366,4,42968832,65536,24,phrase_token
240,251621366,5,43017984,16384,24,phrase_token
240,251621366,6,148868352,65536,24,phrase_token
240,251621366,7,200179968,65536,24,phrase_token
240,251621366,8,200229120,16384,24,phrase_token
240,251621366,9,204954368,16384,24,phrase_token
240,251621366,10,209117952,65536,24,phrase_token
240,251621366,11,209142528,16384,24,phrase_token
241,252671310,0,204954368,16384,118,phrase_token
241,252671310,1,42968832,65536,106,phrase_token
241,252671310,2,43017984,16384,106,phrase_token
241,252671310,3,148868352,65536,106,phrase_token
241,252671310,4,200179968,65536,106,phrase_token
241,252671310,5,200229120,16384,106,phrase_token
241,252671310,6,209117952,65536,106,phrase_token
241,252671310,7,209142528,16384,106,phrase_token
241,252671310,8,223297536,65536,106,phrase_token
241,252671310,9,225376768,16384,106,phrase_token
241,252671310,10,232704256,16384,106,phrase_token
241,252671310,11,235802112,65536,106,phrase_token
242,253718215,0,204954368,16384,107,phrase_token
242,253718215,1,42968832,65536,86,phrase_token
242,253718215,2,43017984,16384,86,phrase_token
242,253718215,3,148868352,65536,86,phrase_token
242,253718215,4,200179968,65536,86,phrase_token
242,253718215,5,200229120,16384,86,phrase_token
242,253718215,6,209117952,65536,86,phrase_token
242,253718215,7,209142528,16384,86,phrase_token
242,253718215,8,223297536,65536,86,phrase_token
242,253718215,9,225376768,16384,86,phrase_token
242,253718215,10,232704256,16384,86,phrase_token
242,253718215,11,235802112,65536,86,phrase_token
243,254771951,0,204954368,16384,45,phrase_token
243,254771951,1,209142528,16384,36,phrase_token
243,254771951,2,42508288,4096,29,phrase_token
243,254771951,3,143680512,4096,27,phrase_token
243,254771951,4,42968832,65536,24,phrase_token
243,254771951,5,43017984,16384,24,phrase_token
243,254771951,6,148868352,65536,24,phrase_token
243,254771951,7,200179968,65536,24,phrase_token
243,254771951,8,200229120,16384,24,phrase_token
243,254771951,9,209117952,65536,24,phrase_token
243,254771951,10,223297536,65536,24,phrase_token
243,254771951,11,225376768,16384,24,phrase_token
244,255816879,0,42968832,65536,114,phrase_token
244,255816879,1,43017984,16384,114,phrase_token
244,255816879,2,148868352,65536,114,phrase_token
244,255816879,3,200179968,65536,114,phrase_token
244,255816879,4,200229120,16384,114,phrase_token
244,255816879,5,204954368,16384,114,phrase_token
244,255816879,6,209117952,65536,114,phrase_token
244,255816879,7,209142528,16384,114,phrase_token
244,255816879,8,223297536,65536,114,phrase_token
244,255816879,9,225376768,16384,114,phrase_token
244,255816879,10,232704256,16384,114,phrase_token
244,255816879,11,235802112,65536,114,phrase_token
245,256863920,0,42508288,4096,84,phrase_token
245,256863920,1,143680512,4096,81,phrase_token
245,256863920,2,42968832,65536,71,phrase_token
245,256863920,3,43017984,16384,71,phrase_token
245,256863920,4,148868352,65536,71,phrase_token
245,256863920,5,200179968,65536,71,phrase_token
245,256863920,6,200229120,16384,71,phrase_token
245,256863920,7,204954368,16384,71,phrase_token
245,256863920,8,209117952,65536,71,phrase_token
245,256863920,9,209142528,16384,71,phrase_token
245,256863920,10,223297536,65536,71,phrase_token
245,256863920,11,225376768,16384,71,phrase_token
246,257912791,0,42508288,4096,132,phrase_token
246,257912791,1,143680512,4096,112,phrase_token
246,257912791,2,56115712,65536,108,phrase_token
246,257912791,3,62403072,65536,108,phrase_token
246,257912791,4,204929792,65536,108,phrase_token
246,257912791,5,206462464,65536,108,phrase_token
246,257912791,6,209142528,16384,108,phrase_token
246,257912791,7,210657280,65536,108,phrase_token
246,257912791,8,212266240,65536,108,phrase_token
246,257912791,9,212290816,16384,108,phrase_token
246,257912791,10,223231744,65536,108,phrase_token
246,257912791,11,226376448,65536,108,phrase_token
247,258960628,0,42968832,65536,90,phrase_token
247,258960628,1,43017984,16384,90,phrase_token
247,258960628,2,204954368,16384,90,phrase_token
247,258960628,3,209117952,65536,90,phrase_token
247,258960628,4,209142528,16384,90,phrase_token
247,258960628,5,223297536,65536,90,phrase_token
247,258960628,6,225376768,16384,90,phrase_token
247,258960628,7,232704256,16384,90,phrase_token
247,258960628,8,235802112,65536,90,phrase_token
247,258960628,9,257355520,65536,90,phrase_token
247,258960628,10,257912832,16384,90,phrase_token
247,258960628,11,258944000,16384,90,phrase_token
248,260009461,0,258944000,16384,60,phrase_token
248,260009461,1,143680512,4096,56,phrase_token
248,260009461,2,42508288,4096,46,phrase_token
248,260009461,3,42968832,65536,36,phrase_token
248,260009461,4,43017984,16384,36,phrase_token
248,260009461,5,209117952,65536,36,phrase_token
248,260009461,6,209142528,16384,36,phrase_token
248,260009461,7,223297536,65536,36,phrase_token
248,260009461,8,225376768,16384,36,phrase_token
248,260009461,9,232704256,16384,36,phrase_token
248,260009461,10,235802112,65536,36,phrase_token
248,260009461,11,257355520,65536,36,phrase_token
249,261059021,0,258944000,16384,57,phrase_token
249,261059021,1,42968832,65536,36,phrase_token
249,261059021,2,43017984,16384,36,phrase_token
249,261059021,3,209117952,65536,36,phrase_token
249,261059021,4,223297536,65536,36,phrase_token
249,261059021,5,225376768,16384,36,phrase_token
249,261059021,6,232704256,16384,36,phrase_token
249,261059021,7,235802112,65536,36,phrase_token
249,261059021,8,257355520,65536,36,phrase_token
249,261059021,9,257912832,16384,36,phrase_token
249,261059021,10,259476736,16384,36,phrase_token
249,261059021,11,260525824,16384,36,phrase_token
250,262114976,0,13641728,16384,45,phrase_token
250,262114976,1,121671680,4096,45,phrase_token
250,262114976,2,16797952,4096,42,phrase_token
250,262114976,3,165691136,1024,34,phrase_token
250,262114976,4,3080960,65536,33,phrase_token
250,262114976,5,178243840,16384,33,phrase_token
250,262114976,6,179786752,65536,33,phrase_token
250,262114976,7,180343296,65536,33,phrase_token
250,262114976,8,182438400,65536,33,phrase_token
250,262114976,9,182929664,65536,33,phrase_token
250,262114976,10,183421184,65536,33,phrase_token
250,262114976,11,196540416,65536,33,phrase_token
251,263175200,0,258944000,16384,90,phrase_token
251,263175200,1,56115712,65536,63,phrase_token
251,263175200,2,62403072,65536,63,phrase_token
251,263175200,3,210657280,65536,63,phrase_token
251,263175200,4,212266240,65536,63,phrase_token
251,263175200,5,212290816,16384,63,phrase_token
251,263175200,6,223231744,65536,63,phrase_token
251,263175200,7,226376448,65536,63,phrase_token
251,263175200,8,245326848,65536,63,phrase_token
251,263175200,9,254771968,65536,63,phrase_token
251,263175200,10,258894848,65536,63,phrase_token
251,263175200,11,42508288,4096,59,phrase_token
