pattern,prefix_length,suffix_length,context_kind,context,triggers,takes
1,6,19,global,0,95014,93707
1,6,19,byte_class,0,94164,93707
1,6,19,byte_class,1,772,0
1,6,19,byte_class,2,50,0
1,6,19,byte_class,3,2,0
1,6,19,byte_class,4,10,0
1,6,19,byte_class,6,15,0
1,6,19,byte_class,7,1,0
1,6,19,line_bucket,0,94164,93707
1,6,19,line_bucket,1,36,0
1,6,19,line_bucket,2,370,0
1,6,19,line_bucket,3,181,0
1,6,19,line_bucket,4,165,0
1,6,19,line_bucket,5,32,0
1,6,19,line_bucket,6,66,0
1,6,19,class_line,0,94164,93707
1,6,19,class_line,9,36,0
1,6,19,class_line,10,370,0
1,6,19,class_line,11,180,0
1,6,19,class_line,12,127,0
1,6,19,class_line,13,26,0
1,6,19,class_line,14,33,0
1,6,19,class_line,20,31,0
1,6,19,class_line,21,5,0
1,6,19,class_line,22,14,0
1,6,19,class_line,27,1,0
1,6,19,class_line,30,1,0
1,6,19,class_line,36,7,0
1,6,19,class_line,38,3,0
1,6,19,class_line,53,1,0
1,6,19,class_line,54,14,0
1,6,19,class_line,62,1,0
1,6,19,prev_byte,10,94164,93707
1,6,19,prev_byte,32,772,0
1,6,19,prev_byte,46,1,0
1,6,19,prev_byte,48,8,0
1,6,19,prev_byte,49,5,0
1,6,19,prev_byte,50,4,0
1,6,19,prev_byte,51,3,0
1,6,19,prev_byte,52,3,0
1,6,19,prev_byte,53,14,0
1,6,19,prev_byte,54,2,0
1,6,19,prev_byte,55,4,0
1,6,19,prev_byte,56,4,0
1,6,19,prev_byte,57,3,0
1,6,19,prev_byte,74,1,0
1,6,19,prev_byte,78,1,0
1,6,19,prev_byte,93,15,0
1,6,19,prev_byte,103,2,0
1,6,19,prev_byte,105,3,0
1,6,19,prev_byte,111,1,0
1,6,19,prev_byte,118,2,0
1,6,19,prev_byte,120,2,0
1,6,19,prev2_hash,10,1,0
1,6,19,prev2_hash,19,5,5
1,6,19,prev2_hash,20,83954,83936
1,6,19,prev2_hash,42,157,120
1,6,19,prev2_hash,49,3,3
1,6,19,prev2_hash,51,15,13
1,6,19,prev2_hash,52,1,1
1,6,19,prev2_hash,54,1,1
1,6,19,prev2_hash,56,49,42
1,6,19,prev2_hash,57,2,2
1,6,19,prev2_hash,58,2,1
1,6,19,prev2_hash,60,1,1
1,6,19,prev2_hash,62,2,2
1,6,19,prev2_hash,63,1,1
1,6,19,prev2_hash,64,716,0
1,6,19,prev2_hash,74,2,0
1,6,19,prev2_hash,77,1,0
1,6,19,prev2_hash,81,2,0
1,6,19,prev2_hash,82,1,0
1,6,19,prev2_hash,85,2,0
1,6,19,prev2_hash,87,8,8
1,6,19,prev2_hash,88,789,396
1,6,19,prev2_hash,89,1,0
1,6,19,prev2_hash,92,1000,995
1,6,19,prev2_hash,94,5,0
1,6,19,prev2_hash,96,1,0
1,6,19,prev2_hash,97,2,0
1,6,19,prev2_hash,98,4,0
1,6,19,prev2_hash,99,6,0
1,6,19,prev2_hash,100,3,0
1,6,19,prev2_hash,101,2,0
1,6,19,prev2_hash,102,6,1
1,6,19,prev2_hash,103,8175,8143
1,6,19,prev2_hash,104,7,0
1,6,19,prev2_hash,105,3,0
1,6,19,prev2_hash,106,2,0
1,6,19,prev2_hash,107,3,1
1,6,19,prev2_hash,108,2,0
1,6,19,prev2_hash,109,1,0
1,6,19,prev2_hash,113,2,0
1,6,19,prev2_hash,115,1,0
1,6,19,prev2_hash,117,2,2
1,6,19,prev2_hash,118,1,1
1,6,19,prev2_hash,119,1,1
1,6,19,prev2_hash,121,1,0
1,6,19,prev2_hash,125,3,1
1,6,19,prev2_hash,128,2,1
1,6,19,prev2_hash,137,1,0
1,6,19,prev2_hash,141,4,1
1,6,19,prev2_hash,143,2,0
1,6,19,prev2_hash,145,2,2
1,6,19,prev2_hash,149,1,0
1,6,19,prev2_hash,150,2,1
1,6,19,prev2_hash,151,2,2
1,6,19,prev2_hash,152,1,0
1,6,19,prev2_hash,153,1,1
1,6,19,prev2_hash,155,1,1
1,6,19,prev2_hash,159,1,1
1,6,19,prev2_hash,160,1,0
1,6,19,prev2_hash,162,2,2
1,6,19,prev2_hash,166,1,1
1,6,19,prev2_hash,171,1,1
1,6,19,prev2_hash,174,1,1
1,6,19,prev2_hash,176,1,1
1,6,19,prev2_hash,178,1,1
1,6,19,prev2_hash,183,1,0
1,6,19,prev2_hash,185,1,1
1,6,19,prev2_hash,187,1,1
1,6,19,prev2_hash,196,1,1
1,6,19,prev2_hash,201,1,1
1,6,19,prev2_hash,204,1,1
1,6,19,prev2_hash,205,1,1
1,6,19,prev2_hash,206,1,0
1,6,19,prev2_hash,208,1,1
1,6,19,prev2_hash,210,1,0
1,6,19,prev2_hash,212,1,1
1,6,19,prev2_hash,213,1,0
1,6,19,prev2_hash,215,1,1
1,6,19,prev2_hash,216,1,1
1,6,19,prev2_hash,217,3,3
1,6,19,prev2_hash,223,2,0
1,6,19,prev2_hash,225,2,0
1,6,19,prev2_hash,238,1,0
1,6,19,prev2_hash,240,1,0
1,6,19,prev2_hash,243,7,0
1,6,19,prev2_hash,244,7,0
1,6,19,stream_band16,0,8132,8106
1,6,19,stream_band16,1,8334,8114
1,6,19,stream_band16,2,7858,7664
1,6,19,stream_band16,3,6475,6346
1,6,19,stream_band16,4,5360,5344
1,6,19,stream_band16,5,6153,6100
1,6,19,stream_band16,6,6095,5910
1,6,19,stream_band16,7,5913,5798
1,6,19,stream_band16,8,4916,4859
1,6,19,stream_band16,9,6172,6125
1,6,19,stream_band16,10,6714,6676
1,6,19,stream_band16,11,6968,6883
1,6,19,stream_band16,12,5567,5526
1,6,19,stream_band16,13,5642,5641
1,6,19,stream_band16,14,4705,4607
1,6,19,stream_band16,15,10,8
1,6,19,stream_band64,0,4118,4118
1,6,19,stream_band64,1,1224,1224
1,6,19,stream_band64,2,1137,1125
1,6,19,stream_band64,3,1653,1639
1,6,19,stream_band64,4,2244,2181
1,6,19,stream_band64,5,2023,2023
1,6,19,stream_band64,6,2037,2026
1,6,19,stream_band64,7,2030,1884
1,6,19,stream_band64,8,2045,2012
1,6,19,stream_band64,9,1962,1953
1,6,19,stream_band64,10,2086,1987
1,6,19,stream_band64,11,1765,1712
1,6,19,stream_band64,12,2073,1966
1,6,19,stream_band64,13,2264,2245
1,6,19,stream_band64,14,1127,1124
1,6,19,stream_band64,15,1011,1011
1,6,19,stream_band64,16,712,696
1,6,19,stream_band64,17,1688,1688
1,6,19,stream_band64,18,1498,1498
1,6,19,stream_band64,19,1462,1462
1,6,19,stream_band64,20,1705,1660
1,6,19,stream_band64,21,1393,1386
1,6,19,stream_band64,22,1456,1455
1,6,19,stream_band64,23,1599,1599
1,6,19,stream_band64,24,1633,1633
1,6,19,stream_band64,25,1513,1511
1,6,19,stream_band64,26,1083,921
1,6,19,stream_band64,27,1866,1845
1,6,19,stream_band64,28,2469,2448
1,6,19,stream_band64,29,1496,1402
1,6,19,stream_band64,30,1065,1065
1,6,19,stream_band64,31,883,883
1,6,19,stream_band64,32,1147,1114
1,6,19,stream_band64,33,1398,1398
1,6,19,stream_band64,34,987,963
1,6,19,stream_band64,35,1384,1384
1,6,19,stream_band64,36,2154,2133
1,6,19,stream_band64,37,1572,1560
1,6,19,stream_band64,38,1237,1237
1,6,19,stream_band64,39,1209,1195
1,6,19,stream_band64,40,1594,1567
1,6,19,stream_band64,41,2039,2038
1,6,19,stream_band64,42,1932,1926
1,6,19,stream_band64,43,1149,1145
1,6,19,stream_band64,44,1538,1538
1,6,19,stream_band64,45,1969,1968
1,6,19,stream_band64,46,2628,2579
1,6,19,stream_band64,47,833,798
1,6,19,stream_band64,48,1611,1611
1,6,19,stream_band64,49,1162,1162
1,6,19,stream_band64,50,718,718
1,6,19,stream_band64,51,2076,2035
1,6,19,stream_band64,52,3123,3122
1,6,19,stream_band64,53,1653,1653
1,6,19,stream_band64,54,329,329
1,6,19,stream_band64,55,537,537
1,6,19,stream_band64,56,60,60
1,6,19,stream_band64,57,1175,1159
1,6,19,stream_band64,58,3299,3297
1,6,19,stream_band64,59,171,91
1,6,19,stream_band64,60,8,8
1,6,19,stream_band64,63,2,0
3,6,18,global,0,232720,139020
3,6,18,byte_class,0,11582,11582
3,6,18,byte_class,1,102,102
3,6,18,byte_class,2,78,55
3,6,18,byte_class,3,15074,13361
3,6,18,byte_class,4,119,82
3,6,18,byte_class,5,490,366
3,6,18,byte_class,6,202845,111279
3,6,18,byte_class,7,2430,2193
3,6,18,line_bucket,0,11582,11582
3,6,18,line_bucket,1,116,99
3,6,18,line_bucket,2,27,17
3,6,18,line_bucket,3,3428,2758
3,6,18,line_bucket,4,57622,26606
3,6,18,line_bucket,5,78986,35297
3,6,18,line_bucket,6,80959,62661
3,6,18,class_line,0,11582,11582
3,6,18,class_line,9,78,78
3,6,18,class_line,10,1,1
3,6,18,class_line,14,23,23
3,6,18,class_line,17,1,1
3,6,18,class_line,19,2,2
3,6,18,class_line,20,4,3
3,6,18,class_line,21,15,13
3,6,18,class_line,22,56,36
3,6,18,class_line,25,24,11
3,6,18,class_line,26,8,7
3,6,18,class_line,27,3155,2648
3,6,18,class_line,28,6810,5844
3,6,18,class_line,29,3843,3676
3,6,18,class_line,30,1234,1175
3,6,18,class_line,33,2,2
3,6,18,class_line,34,7,5
3,6,18,class_line,35,6,4
3,6,18,class_line,36,27,21
3,6,18,class_line,37,24,13
3,6,18,class_line,38,53,37
3,6,18,class_line,41,2,1
3,6,18,class_line,42,5,1
3,6,18,class_line,43,27,13
3,6,18,class_line,44,54,40
3,6,18,class_line,45,104,80
3,6,18,class_line,46,298,231
3,6,18,class_line,49,6,4
3,6,18,class_line,50,1,1
3,6,18,class_line,51,211,73
3,6,18,class_line,52,50684,20669
3,6,18,class_line,53,74783,31333
3,6,18,class_line,54,77160,59199
3,6,18,class_line,57,3,2
3,6,18,class_line,58,5,2
3,6,18,class_line,59,27,18
3,6,18,class_line,60,43,29
3,6,18,class_line,61,217,182
3,6,18,class_line,62,2135,1960
3,6,18,prev_byte,10,11582,11582
3,6,18,prev_byte,32,102,102
3,6,18,prev_byte,33,16,14
3,6,18,prev_byte,34,33,32
3,6,18,prev_byte,35,1,1
3,6,18,prev_byte,37,1,1
3,6,18,prev_byte,39,90,64
3,6,18,prev_byte,40,1,1
3,6,18,prev_byte,41,237,212
3,6,18,prev_byte,42,7,2
3,6,18,prev_byte,44,1,1
3,6,18,prev_byte,45,37,27
3,6,18,prev_byte,46,2003,1836
3,6,18,prev_byte,47,33,24
3,6,18,prev_byte,48,4,3
3,6,18,prev_byte,49,9,6
3,6,18,prev_byte,50,15,9
3,6,18,prev_byte,51,5,4
3,6,18,prev_byte,52,6,6
3,6,18,prev_byte,53,10,7
3,6,18,prev_byte,54,6,3
3,6,18,prev_byte,55,8,7
3,6,18,prev_byte,56,7,6
3,6,18,prev_byte,57,8,4
3,6,18,prev_byte,64,1,1
3,6,18,prev_byte,74,3,1
3,6,18,prev_byte,75,2,1
3,6,18,prev_byte,77,12,8
3,6,18,prev_byte,78,420,318
3,6,18,prev_byte,79,7,7
3,6,18,prev_byte,81,1,0
3,6,18,prev_byte,82,14629,13026
3,6,18,prev_byte,91,1,1
3,6,18,prev_byte,92,1,1
3,6,18,prev_byte,93,202803,111251
3,6,18,prev_byte,95,9,3
3,6,18,prev_byte,97,6,6
3,6,18,prev_byte,99,1,1
3,6,18,prev_byte,100,7,6
3,6,18,prev_byte,101,9,5
3,6,18,prev_byte,102,2,1
3,6,18,prev_byte,103,9,7
3,6,18,prev_byte,104,4,2
3,6,18,prev_byte,105,5,4
3,6,18,prev_byte,106,2,2
3,6,18,prev_byte,107,4,4
3,6,18,prev_byte,108,5,3
3,6,18,prev_byte,109,3,2
3,6,18,prev_byte,110,8,5
3,6,18,prev_byte,111,1,0
3,6,18,prev_byte,112,6,4
3,6,18,prev_byte,113,1,1
3,6,18,prev_byte,114,10,4
3,6,18,prev_byte,115,17,12
3,6,18,prev_byte,116,5,2
3,6,18,prev_byte,117,2,2
3,6,18,prev_byte,118,1,0
3,6,18,prev_byte,120,4,3
3,6,18,prev_byte,121,7,6
3,6,18,prev_byte,128,7,5
3,6,18,prev_byte,129,3,1
3,6,18,prev_byte,130,4,3
3,6,18,prev_byte,131,11,10
3,6,18,prev_byte,132,4,4
3,6,18,prev_byte,133,5,5
3,6,18,prev_byte,134,5,3
3,6,18,prev_byte,135,3,3
3,6,18,prev_byte,136,4,2
3,6,18,prev_byte,137,3,2
3,6,18,prev_byte,138,9,8
3,6,18,prev_byte,139,12,8
3,6,18,prev_byte,140,15,13
3,6,18,prev_byte,141,28,19
3,6,18,prev_byte,142,8,4
3,6,18,prev_byte,143,3,3
3,6,18,prev_byte,144,5,3
3,6,18,prev_byte,145,2,1
3,6,18,prev_byte,146,4,3
3,6,18,prev_byte,147,3,3
3,6,18,prev_byte,148,2,1
3,6,18,prev_byte,149,2,2
3,6,18,prev_byte,150,1,1
3,6,18,prev_byte,151,9,9
3,6,18,prev_byte,152,6,4
3,6,18,prev_byte,153,5,4
3,6,18,prev_byte,154,5,5
3,6,18,prev_byte,155,5,3
3,6,18,prev_byte,156,10,6
3,6,18,prev_byte,157,11,9
3,6,18,prev_byte,158,3,1
3,6,18,prev_byte,159,3,1
3,6,18,prev_byte,160,3,2
3,6,18,prev_byte,161,7,6
3,6,18,prev_byte,162,2,2
3,6,18,prev_byte,163,3,3
3,6,18,prev_byte,164,5,4
3,6,18,prev_byte,165,2,2
3,6,18,prev_byte,166,4,4
3,6,18,prev_byte,167,5,3
3,6,18,prev_byte,168,5,3
3,6,18,prev_byte,169,4,3
3,6,18,prev_byte,170,3,3
3,6,18,prev_byte,171,7,4
3,6,18,prev_byte,172,8,4
3,6,18,prev_byte,173,1,1
3,6,18,prev_byte,174,6,5
3,6,18,prev_byte,175,15,14
3,6,18,prev_byte,176,5,5
3,6,18,prev_byte,177,1,0
3,6,18,prev_byte,178,2,1
3,6,18,prev_byte,179,4,3
3,6,18,prev_byte,180,4,3
3,6,18,prev_byte,181,2,2
3,6,18,prev_byte,182,5,3
3,6,18,prev_byte,183,3,1
3,6,18,prev_byte,184,9,4
3,6,18,prev_byte,185,7,4
3,6,18,prev_byte,186,28,19
3,6,18,prev_byte,187,3,2
3,6,18,prev_byte,188,4,3
3,6,18,prev_byte,189,4,1
3,6,18,prev_byte,190,5,5
3,6,18,prev_byte,191,3,2
3,6,18,prev_byte,192,8,7
3,6,18,prev_byte,193,4,3
3,6,18,prev_byte,194,5,3
3,6,18,prev_byte,195,5,3
3,6,18,prev_byte,196,10,9
3,6,18,prev_byte,197,7,5
3,6,18,prev_byte,198,8,6
3,6,18,prev_byte,199,3,3
3,6,18,prev_byte,200,7,3
3,6,18,prev_byte,202,5,5
3,6,18,prev_byte,203,5,5
3,6,18,prev_byte,204,10,8
3,6,18,prev_byte,205,5,5
3,6,18,prev_byte,206,2,2
3,6,18,prev_byte,207,37,29
3,6,18,prev2_hash,0,2138,1213
3,6,18,prev2_hash,1,1427,1018
3,6,18,prev2_hash,2,1476,941
3,6,18,prev2_hash,3,2303,1226
3,6,18,prev2_hash,4,2533,1374
3,6,18,prev2_hash,5,3794,2840
3,6,18,prev2_hash,6,3283,2651
3,6,18,prev2_hash,7,2613,2067
3,6,18,prev2_hash,8,3008,1992
3,6,18,prev2_hash,9,2037,1450
3,6,18,prev2_hash,10,3245,2482
3,6,18,prev2_hash,11,1707,1100
3,6,18,prev2_hash,12,1933,1168
3,6,18,prev2_hash,13,5024,3816
3,6,18,prev2_hash,14,2330,969
3,6,18,prev2_hash,15,2629,1884
3,6,18,prev2_hash,16,2045,1193
3,6,18,prev2_hash,17,3611,745
3,6,18,prev2_hash,18,1179,658
3,6,18,prev2_hash,19,1466,931
3,6,18,prev2_hash,20,1406,914
3,6,18,prev2_hash,21,1622,732
3,6,18,prev2_hash,22,1467,663
3,6,18,prev2_hash,23,3331,1835
3,6,18,prev2_hash,24,1909,1247
3,6,18,prev2_hash,25,1870,1092
3,6,18,prev2_hash,26,2044,1073
3,6,18,prev2_hash,27,1642,862
3,6,18,prev2_hash,28,1667,1171
3,6,18,prev2_hash,29,946,718
3,6,18,prev2_hash,30,1244,1000
3,6,18,prev2_hash,31,1862,1562
3,6,18,prev2_hash,32,1476,1145
3,6,18,prev2_hash,33,1570,1175
3,6,18,prev2_hash,34,1605,1349
3,6,18,prev2_hash,35,1277,859
3,6,18,prev2_hash,36,1186,941
3,6,18,prev2_hash,37,1175,948
3,6,18,prev2_hash,38,925,647
3,6,18,prev2_hash,39,1544,1238
3,6,18,prev2_hash,40,1197,954
3,6,18,prev2_hash,41,962,745
3,6,18,prev2_hash,42,834,643
3,6,18,prev2_hash,43,1179,999
3,6,18,prev2_hash,44,834,628
3,6,18,prev2_hash,45,1,1
3,6,18,prev2_hash,52,4,2
3,6,18,prev2_hash,55,1,1
3,6,18,prev2_hash,56,12,11
3,6,18,prev2_hash,64,2,2
3,6,18,prev2_hash,65,3,2
3,6,18,prev2_hash,66,5,5
3,6,18,prev2_hash,72,33,32
3,6,18,prev2_hash,75,2,2
3,6,18,prev2_hash,76,1,1
3,6,18,prev2_hash,77,15,15
3,6,18,prev2_hash,78,84,57
3,6,18,prev2_hash,80,19,19
3,6,18,prev2_hash,82,3,2
3,6,18,prev2_hash,84,4,1
3,6,18,prev2_hash,85,11,10
3,6,18,prev2_hash,86,7,6
3,6,18,prev2_hash,87,57,50
3,6,18,prev2_hash,88,3,2
3,6,18,prev2_hash,89,5,3
3,6,18,prev2_hash,90,22,12
3,6,18,prev2_hash,91,6,4
3,6,18,prev2_hash,92,32,16
3,6,18,prev2_hash,93,4,4
3,6,18,prev2_hash,94,10,6
3,6,18,prev2_hash,95,16,10
3,6,18,prev2_hash,96,10,8
3,6,18,prev2_hash,97,19,14
3,6,18,prev2_hash,98,18,17
3,6,18,prev2_hash,99,21,17
3,6,18,prev2_hash,100,13,5
3,6,18,prev2_hash,101,12,5
3,6,18,prev2_hash,102,10,6
3,6,18,prev2_hash,103,11425,11421
3,6,18,prev2_hash,104,5,5
3,6,18,prev2_hash,105,3,2
3,6,18,prev2_hash,106,9,8
3,6,18,prev2_hash,107,10,6
3,6,18,prev2_hash,108,3,2
3,6,18,prev2_hash,109,6,5
3,6,18,prev2_hash,110,7,6
3,6,18,prev2_hash,111,10,7
3,6,18,prev2_hash,112,3,3
3,6,18,prev2_hash,113,5,4
3,6,18,prev2_hash,114,19,17
3,6,18,prev2_hash,115,6,4
3,6,18,prev2_hash,116,423,321
3,6,18,prev2_hash,117,3,3
3,6,18,prev2_hash,118,6,5
3,6,18,prev2_hash,119,3,2
3,6,18,prev2_hash,120,5,4
3,6,18,prev2_hash,121,1,1
3,6,18,prev2_hash,122,8,6
3,6,18,prev2_hash,123,50,26
3,6,18,prev2_hash,124,10,7
3,6,18,prev2_hash,125,1085,1010
3,6,18,prev2_hash,126,82,46
3,6,18,prev2_hash,127,28,25
3,6,18,prev2_hash,128,81,79
3,6,18,prev2_hash,129,1,1
3,6,18,prev2_hash,130,39,38
3,6,18,prev2_hash,131,34,29
3,6,18,prev2_hash,132,26,14
3,6,18,prev2_hash,133,9,8
3,6,18,prev2_hash,134,8796,3134
3,6,18,prev2_hash,135,751,698
3,6,18,prev2_hash,136,18,11
3,6,18,prev2_hash,137,7,5
3,6,18,prev2_hash,138,8,4
3,6,18,prev2_hash,139,1106,873
3,6,18,prev2_hash,140,4,4
3,6,18,prev2_hash,141,584,294
3,6,18,prev2_hash,142,597,345
3,6,18,prev2_hash,143,599,351
3,6,18,prev2_hash,144,407,227
3,6,18,prev2_hash,145,419,205
3,6,18,prev2_hash,146,345,200
3,6,18,prev2_hash,147,494,312
3,6,18,prev2_hash,148,390,222
3,6,18,prev2_hash,149,418,256
3,6,18,prev2_hash,150,396,220
3,6,18,prev2_hash,151,6,5
3,6,18,prev2_hash,152,7,3
3,6,18,prev2_hash,153,8,7
3,6,18,prev2_hash,154,19,14
3,6,18,prev2_hash,155,11,9
3,6,18,prev2_hash,156,9,6
3,6,18,prev2_hash,157,11,8
3,6,18,prev2_hash,158,11,8
3,6,18,prev2_hash,159,4,3
3,6,18,prev2_hash,160,10,7
3,6,18,prev2_hash,161,21,17
3,6,18,prev2_hash,162,3,3
3,6,18,prev2_hash,163,4,2
3,6,18,prev2_hash,164,28,23
3,6,18,prev2_hash,166,5,4
3,6,18,prev2_hash,167,11,8
3,6,18,prev2_hash,168,18,3
3,6,18,prev2_hash,169,5,2
3,6,18,prev2_hash,170,3,3
3,6,18,prev2_hash,171,2,2
3,6,18,prev2_hash,172,56,24
3,6,18,prev2_hash,173,2,1
3,6,18,prev2_hash,174,18,15
3,6,18,prev2_hash,175,74,63
3,6,18,prev2_hash,176,12,9
3,6,18,prev2_hash,177,4,3
3,6,18,prev2_hash,178,9,4
3,6,18,prev2_hash,179,210,202
3,6,18,prev2_hash,180,94,85
3,6,18,prev2_hash,181,145,140
3,6,18,prev2_hash,182,239,231
3,6,18,prev2_hash,183,387,380
3,6,18,prev2_hash,184,149,140
3,6,18,prev2_hash,185,16,16
3,6,18,prev2_hash,186,896,661
3,6,18,prev2_hash,187,53,36
3,6,18,prev2_hash,188,22,17
3,6,18,prev2_hash,189,23,19
3,6,18,prev2_hash,190,5534,1410
3,6,18,prev2_hash,191,260,111
3,6,18,prev2_hash,192,1341,945
3,6,18,prev2_hash,193,1601,546
3,6,18,prev2_hash,194,5371,1619
3,6,18,prev2_hash,195,341,114
3,6,18,prev2_hash,196,2137,1104
3,6,18,prev2_hash,197,1085,581
3,6,18,prev2_hash,198,3119,1085
3,6,18,prev2_hash,199,348,238
3,6,18,prev2_hash,200,1421,532
3,6,18,prev2_hash,201,1707,505
3,6,18,prev2_hash,202,1469,523
3,6,18,prev2_hash,203,5566,1472
3,6,18,prev2_hash,204,2313,636
3,6,18,prev2_hash,205,505,149
3,6,18,prev2_hash,206,57,19
3,6,18,prev2_hash,207,2922,824
3,6,18,prev2_hash,208,4590,1666
3,6,18,prev2_hash,209,2473,631
3,6,18,prev2_hash,210,862,337
3,6,18,prev2_hash,211,399,130
3,6,18,prev2_hash,212,225,89
3,6,18,prev2_hash,213,414,155
3,6,18,prev2_hash,214,1495,675
3,6,18,prev2_hash,215,511,178
3,6,18,prev2_hash,216,33,18
3,6,18,prev2_hash,217,74,73
3,6,18,prev2_hash,218,774,769
3,6,18,prev2_hash,219,70,67
3,6,18,prev2_hash,220,202,194
3,6,18,prev2_hash,221,1456,821
3,6,18,prev2_hash,222,1579,888
3,6,18,prev2_hash,223,1288,690
3,6,18,prev2_hash,224,998,544
3,6,18,prev2_hash,225,989,582
3,6,18,prev2_hash,226,1330,891
3,6,18,prev2_hash,227,1131,575
3,6,18,prev2_hash,228,1409,731
3,6,18,prev2_hash,229,2139,1604
3,6,18,prev2_hash,230,2442,892
3,6,18,prev2_hash,231,1623,1042
3,6,18,prev2_hash,232,1571,834
3,6,18,prev2_hash,233,2672,1968
3,6,18,prev2_hash,234,1166,684
3,6,18,prev2_hash,235,1014,617
3,6,18,prev2_hash,236,1787,1086
3,6,18,prev2_hash,237,2055,1201
3,6,18,prev2_hash,238,1363,794
3,6,18,prev2_hash,239,1398,933
3,6,18,prev2_hash,240,1481,994
3,6,18,prev2_hash,241,1741,1034
3,6,18,prev2_hash,242,1137,692
3,6,18,prev2_hash,243,1646,851
3,6,18,prev2_hash,244,1342,779
3,6,18,prev2_hash,245,2017,1511
3,6,18,prev2_hash,246,6076,4514
3,6,18,prev2_hash,247,2904,1545
3,6,18,prev2_hash,248,1991,1409
3,6,18,prev2_hash,249,1741,1228
3,6,18,prev2_hash,250,4123,3650
3,6,18,prev2_hash,251,1565,1008
3,6,18,prev2_hash,252,2442,1721
3,6,18,prev2_hash,253,2036,1162
3,6,18,prev2_hash,254,1825,1114
3,6,18,prev2_hash,255,1655,1171
3,6,18,stream_band16,0,2951,2951
3,6,18,stream_band16,1,2598,2598
3,6,18,stream_band16,2,2966,2966
3,6,18,stream_band16,3,2861,2861
3,6,18,stream_band16,4,3650,3650
3,6,18,stream_band16,5,3494,3494
3,6,18,stream_band16,6,2680,2680
3,6,18,stream_band16,7,2678,2678
3,6,18,stream_band16,8,2540,2540
3,6,18,stream_band16,9,1681,1681
3,6,18,stream_band16,10,2449,2449
3,6,18,stream_band16,11,3167,3167
3,6,18,stream_band16,12,9249,9249
3,6,18,stream_band16,13,10637,10637
3,6,18,stream_band16,14,50862,50862
3,6,18,stream_band16,15,128257,34557
3,6,18,stream_band64,0,652,652
3,6,18,stream_band64,1,800,800
3,6,18,stream_band64,2,825,825
3,6,18,stream_band64,3,674,674
3,6,18,stream_band64,4,778,778
3,6,18,stream_band64,5,652,652
3,6,18,stream_band64,6,551,551
3,6,18,stream_band64,7,617,617
3,6,18,stream_band64,8,520,520
3,6,18,stream_band64,9,412,412
3,6,18,stream_band64,10,900,900
3,6,18,stream_band64,11,1134,1134
3,6,18,stream_band64,12,777,777
3,6,18,stream_band64,13,989,989
3,6,18,stream_band64,14,470,470
3,6,18,stream_band64,15,625,625
3,6,18,stream_band64,16,940,940
3,6,18,stream_band64,17,891,891
3,6,18,stream_band64,18,714,714
3,6,18,stream_band64,19,1105,1105
3,6,18,stream_band64,20,1032,1032
3,6,18,stream_band64,21,622,622
3,6,18,stream_band64,22,886,886
3,6,18,stream_band64,23,954,954
3,6,18,stream_band64,24,1020,1020
3,6,18,stream_band64,25,520,520
3,6,18,stream_band64,26,469,469
3,6,18,stream_band64,27,671,671
3,6,18,stream_band64,28,833,833
3,6,18,stream_band64,29,554,554
3,6,18,stream_band64,30,409,409
3,6,18,stream_band64,31,882,882
3,6,18,stream_band64,32,667,667
3,6,18,stream_band64,33,306,306
3,6,18,stream_band64,34,786,786
3,6,18,stream_band64,35,781,781
3,6,18,stream_band64,36,458,458
3,6,18,stream_band64,37,595,595
3,6,18,stream_band64,38,298,298
3,6,18,stream_band64,39,330,330
3,6,18,stream_band64,40,422,422
3,6,18,stream_band64,41,644,644
3,6,18,stream_band64,42,507,507
3,6,18,stream_band64,43,876,876
3,6,18,stream_band64,44,1504,1504
3,6,18,stream_band64,45,695,695
3,6,18,stream_band64,46,376,376
3,6,18,stream_band64,47,592,592
3,6,18,stream_band64,48,1526,1526
3,6,18,stream_band64,49,2559,2559
3,6,18,stream_band64,50,3102,3102
3,6,18,stream_band64,51,2062,2062
3,6,18,stream_band64,52,752,752
3,6,18,stream_band64,53,2705,2705
3,6,18,stream_band64,54,4099,4099
3,6,18,stream_band64,55,3081,3081
3,6,18,stream_band64,56,2138,2138
3,6,18,stream_band64,57,10729,10729
3,6,18,stream_band64,58,1101,1101
3,6,18,stream_band64,59,36894,36894
3,6,18,stream_band64,60,34557,34557
3,6,18,stream_band64,62,40732,0
3,6,18,stream_band64,63,52968,0
5,6,2,global,0,275618,189896
5,6,2,byte_class,0,5212,4089
5,6,2,byte_class,1,211497,162805
5,6,2,byte_class,2,373,254
5,6,2,byte_class,3,5787,4385
5,6,2,byte_class,4,277,213
5,6,2,byte_class,5,2451,1846
5,6,2,byte_class,6,30471,1850
5,6,2,byte_class,7,19550,14454
5,6,2,line_bucket,0,5212,4089
5,6,2,line_bucket,1,28099,800
5,6,2,line_bucket,2,119911,93073
5,6,2,line_bucket,3,5196,3952
5,6,2,line_bucket,4,12783,9948
5,6,2,line_bucket,5,18955,14384
5,6,2,line_bucket,6,85462,63650
5,6,2,class_line,0,5212,4089
5,6,2,class_line,9,66,49
5,6,2,class_line,10,117622,92052
5,6,2,class_line,11,3138,2458
5,6,2,class_line,12,10346,8044
5,6,2,class_line,13,15043,11526
5,6,2,class_line,14,65282,48676
5,6,2,class_line,18,2,0
5,6,2,class_line,19,6,5
5,6,2,class_line,20,22,10
5,6,2,class_line,21,49,29
5,6,2,class_line,22,294,210
5,6,2,class_line,25,631,523
5,6,2,class_line,26,233,216
5,6,2,class_line,27,261,188
5,6,2,class_line,28,1215,971
5,6,2,class_line,29,625,372
5,6,2,class_line,30,2822,2115
5,6,2,class_line,35,7,6
5,6,2,class_line,36,32,26
5,6,2,class_line,37,17,15
5,6,2,class_line,38,221,166
5,6,2,class_line,43,80,71
5,6,2,class_line,44,145,117
5,6,2,class_line,45,228,186
5,6,2,class_line,46,1998,1472
5,6,2,class_line,49,27325,166
5,6,2,class_line,50,876,2
5,6,2,class_line,51,81,15
5,6,2,class_line,52,121,101
5,6,2,class_line,53,230,194
5,6,2,class_line,54,1838,1372
5,6,2,class_line,57,77,62
5,6,2,class_line,58,1178,803
5,6,2,class_line,59,1623,1209
5,6,2,class_line,60,902,679
5,6,2,class_line,61,2763,2062
5,6,2,class_line,62,13007,9639
5,6,2,prev_byte,9,43,9
5,6,2,prev_byte,10,5212,4089
5,6,2,prev_byte,32,211454,162796
5,6,2,prev_byte,33,43,29
5,6,2,prev_byte,34,3252,2318
5,6,2,prev_byte,35,259,168
5,6,2,prev_byte,37,29,23
5,6,2,prev_byte,38,1,1
5,6,2,prev_byte,39,5461,3989
5,6,2,prev_byte,40,4390,3302
5,6,2,prev_byte,41,517,419
5,6,2,prev_byte,42,28032,0
5,6,2,prev_byte,43,1,1
5,6,2,prev_byte,44,406,315
5,6,2,prev_byte,45,54,41
5,6,2,prev_byte,46,5384,4005
5,6,2,prev_byte,47,21,20
5,6,2,prev_byte,48,74,51
5,6,2,prev_byte,49,32,25
5,6,2,prev_byte,50,36,26
5,6,2,prev_byte,51,32,21
5,6,2,prev_byte,52,36,20
5,6,2,prev_byte,53,41,30
5,6,2,prev_byte,54,32,20
5,6,2,prev_byte,55,30,20
5,6,2,prev_byte,56,27,16
5,6,2,prev_byte,57,33,25
5,6,2,prev_byte,74,429,340
5,6,2,prev_byte,75,18,12
5,6,2,prev_byte,76,8,3
5,6,2,prev_byte,77,345,309
5,6,2,prev_byte,78,3429,2511
5,6,2,prev_byte,79,9,6
5,6,2,prev_byte,80,2,1
5,6,2,prev_byte,81,650,544
5,6,2,prev_byte,82,897,659
5,6,2,prev_byte,93,2158,1661
5,6,2,prev_byte,94,13,12
5,6,2,prev_byte,97,24,21
5,6,2,prev_byte,98,1,1
5,6,2,prev_byte,99,8,6
5,6,2,prev_byte,100,8,5
5,6,2,prev_byte,101,11,10
5,6,2,prev_byte,102,3,1
5,6,2,prev_byte,103,3,2
5,6,2,prev_byte,104,9,6
5,6,2,prev_byte,105,13,11
5,6,2,prev_byte,107,15,12
5,6,2,prev_byte,108,12,9
5,6,2,prev_byte,109,12,9
5,6,2,prev_byte,110,23,19
5,6,2,prev_byte,111,9,4
5,6,2,prev_byte,112,10,7
5,6,2,prev_byte,114,17,14
5,6,2,prev_byte,115,49,38
5,6,2,prev_byte,116,24,19
5,6,2,prev_byte,117,5,5
5,6,2,prev_byte,119,4,3
5,6,2,prev_byte,120,1,0
5,6,2,prev_byte,121,15,10
5,6,2,prev_byte,122,1,1
5,6,2,prev_byte,128,20,16
5,6,2,prev_byte,129,15,11
5,6,2,prev_byte,130,25,14
5,6,2,prev_byte,131,13,10
5,6,2,prev_byte,132,38,25
5,6,2,prev_byte,133,25,16
5,6,2,prev_byte,134,24,18
5,6,2,prev_byte,135,13,8
5,6,2,prev_byte,136,19,16
5,6,2,prev_byte,137,25,22
5,6,2,prev_byte,138,23,19
5,6,2,prev_byte,139,18,14
5,6,2,prev_byte,140,36,24
5,6,2,prev_byte,141,32,23
5,6,2,prev_byte,142,36,30
5,6,2,prev_byte,143,28,17
5,6,2,prev_byte,144,34,20
5,6,2,prev_byte,145,24,20
5,6,2,prev_byte,146,36,29
5,6,2,prev_byte,147,28,19
5,6,2,prev_byte,148,41,30
5,6,2,prev_byte,149,18,13
5,6,2,prev_byte,150,30,23
5,6,2,prev_byte,151,23,16
5,6,2,prev_byte,152,30,24
5,6,2,prev_byte,153,32,21
5,6,2,prev_byte,154,29,25
5,6,2,prev_byte,155,30,20
5,6,2,prev_byte,156,66,51
5,6,2,prev_byte,157,46,36
5,6,2,prev_byte,158,25,19
5,6,2,prev_byte,159,39,33
5,6,2,prev_byte,160,45,37
5,6,2,prev_byte,161,34,26
5,6,2,prev_byte,162,65,57
5,6,2,prev_byte,163,34,26
5,6,2,prev_byte,164,24,21
5,6,2,prev_byte,165,27,21
5,6,2,prev_byte,166,12,9
5,6,2,prev_byte,167,38,29
5,6,2,prev_byte,168,23,20
5,6,2,prev_byte,169,25,19
5,6,2,prev_byte,170,28,19
5,6,2,prev_byte,171,25,19
5,6,2,prev_byte,172,51,37
5,6,2,prev_byte,173,35,22
5,6,2,prev_byte,174,43,36
5,6,2,prev_byte,175,24,17
5,6,2,prev_byte,176,47,36
5,6,2,prev_byte,177,15,11
5,6,2,prev_byte,178,37,28
5,6,2,prev_byte,179,23,19
5,6,2,prev_byte,180,22,18
5,6,2,prev_byte,181,19,14
5,6,2,prev_byte,182,19,12
5,6,2,prev_byte,183,17,11
5,6,2,prev_byte,184,39,28
5,6,2,prev_byte,185,18,13
5,6,2,prev_byte,186,36,30
5,6,2,prev_byte,187,34,27
5,6,2,prev_byte,188,18,13
5,6,2,prev_byte,189,24,20
5,6,2,prev_byte,190,12,4
5,6,2,prev_byte,191,27,17
5,6,2,prev_byte,192,49,38
5,6,2,prev_byte,193,50,39
5,6,2,prev_byte,194,47,34
5,6,2,prev_byte,195,47,40
5,6,2,prev_byte,196,43,31
5,6,2,prev_byte,197,39,30
5,6,2,prev_byte,198,39,32
5,6,2,prev_byte,199,28,24
5,6,2,prev_byte,200,31,17
5,6,2,prev_byte,201,40,31
5,6,2,prev_byte,202,30,23
5,6,2,prev_byte,203,33,24
5,6,2,prev_byte,204,37,22
5,6,2,prev_byte,205,21,18
5,6,2,prev_byte,206,31,21
5,6,2,prev_byte,207,25,24
5,6,2,prev2_hash,0,18,15
5,6,2,prev2_hash,1,13,12
5,6,2,prev2_hash,2,18,14
5,6,2,prev2_hash,3,18,16
5,6,2,prev2_hash,4,26,24
5,6,2,prev2_hash,5,8,7
5,6,2,prev2_hash,6,11,8
5,6,2,prev2_hash,7,16,13
5,6,2,prev2_hash,8,14,11
5,6,2,prev2_hash,9,36,31
5,6,2,prev2_hash,10,622,414
5,6,2,prev2_hash,11,27,21
5,6,2,prev2_hash,12,15,10
5,6,2,prev2_hash,13,101,94
5,6,2,prev2_hash,14,10,6
5,6,2,prev2_hash,15,33,20
5,6,2,prev2_hash,16,12,10
5,6,2,prev2_hash,17,22,17
5,6,2,prev2_hash,18,15,14
5,6,2,prev2_hash,19,13,10
5,6,2,prev2_hash,20,1710,1397
5,6,2,prev2_hash,21,138,121
5,6,2,prev2_hash,22,64,45
5,6,2,prev2_hash,23,8,5
5,6,2,prev2_hash,24,83,71
5,6,2,prev2_hash,25,13,7
5,6,2,prev2_hash,26,1087,834
5,6,2,prev2_hash,27,11,7
5,6,2,prev2_hash,28,13,6
5,6,2,prev2_hash,29,14,11
5,6,2,prev2_hash,30,22,16
5,6,2,prev2_hash,31,14,13
5,6,2,prev2_hash,32,26,23
5,6,2,prev2_hash,33,31,29
5,6,2,prev2_hash,34,11,9
5,6,2,prev2_hash,35,20,17
5,6,2,prev2_hash,36,5,5
5,6,2,prev2_hash,37,9,6
5,6,2,prev2_hash,38,5,4
5,6,2,prev2_hash,39,7,5
5,6,2,prev2_hash,40,5,5
5,6,2,prev2_hash,41,12,9
5,6,2,prev2_hash,42,518,359
5,6,2,prev2_hash,43,7,4
5,6,2,prev2_hash,44,62,42
5,6,2,prev2_hash,45,243,166
5,6,2,prev2_hash,47,1,1
5,6,2,prev2_hash,49,31,26
5,6,2,prev2_hash,50,61,51
5,6,2,prev2_hash,51,42,33
5,6,2,prev2_hash,52,27092,8
5,6,2,prev2_hash,54,48,36
5,6,2,prev2_hash,55,101,5
5,6,2,prev2_hash,56,369,274
5,6,2,prev2_hash,58,3,2
5,6,2,prev2_hash,59,1,1
5,6,2,prev2_hash,61,1,1
5,6,2,prev2_hash,62,1,0
5,6,2,prev2_hash,63,3,2
5,6,2,prev2_hash,64,2714,2060
5,6,2,prev2_hash,65,16,15
5,6,2,prev2_hash,66,4896,3577
5,6,2,prev2_hash,67,323,267
5,6,2,prev2_hash,68,3,2
5,6,2,prev2_hash,69,81,57
5,6,2,prev2_hash,70,77,31
5,6,2,prev2_hash,71,2441,1872
5,6,2,prev2_hash,72,4132,3162
5,6,2,prev2_hash,73,4032,3392
5,6,2,prev2_hash,74,116104,90822
5,6,2,prev2_hash,75,27,22
5,6,2,prev2_hash,76,6326,4720
5,6,2,prev2_hash,77,1276,991
5,6,2,prev2_hash,78,20431,14824
5,6,2,prev2_hash,79,134,39
5,6,2,prev2_hash,80,1216,924
5,6,2,prev2_hash,81,172,121
5,6,2,prev2_hash,82,169,119
5,6,2,prev2_hash,83,213,158
5,6,2,prev2_hash,84,1170,388
5,6,2,prev2_hash,85,445,325
5,6,2,prev2_hash,86,213,164
5,6,2,prev2_hash,87,1825,1457
5,6,2,prev2_hash,88,330,276
5,6,2,prev2_hash,89,162,123
5,6,2,prev2_hash,90,55,43
5,6,2,prev2_hash,91,466,385
5,6,2,prev2_hash,92,159,129
5,6,2,prev2_hash,93,36,31
5,6,2,prev2_hash,94,98,70
5,6,2,prev2_hash,95,69,52
5,6,2,prev2_hash,96,102,82
5,6,2,prev2_hash,97,66,51
5,6,2,prev2_hash,98,66,54
5,6,2,prev2_hash,99,97,69
5,6,2,prev2_hash,100,74,49
5,6,2,prev2_hash,101,65,43
5,6,2,prev2_hash,102,67,43
5,6,2,prev2_hash,103,509,384
5,6,2,prev2_hash,104,40,29
5,6,2,prev2_hash,105,26,15
5,6,2,prev2_hash,106,4864,3446
5,6,2,prev2_hash,107,502,345
5,6,2,prev2_hash,108,29,17
5,6,2,prev2_hash,109,1736,1599
5,6,2,prev2_hash,110,434,259
5,6,2,prev2_hash,111,56,45
5,6,2,prev2_hash,112,421,276
5,6,2,prev2_hash,113,1281,1024
5,6,2,prev2_hash,114,3188,2423
5,6,2,prev2_hash,115,99,67
5,6,2,prev2_hash,116,211,49
5,6,2,prev2_hash,117,36,29
5,6,2,prev2_hash,118,57,40
5,6,2,prev2_hash,119,32,24
5,6,2,prev2_hash,120,31,22
5,6,2,prev2_hash,121,35,23
5,6,2,prev2_hash,122,32,26
5,6,2,prev2_hash,123,43,32
5,6,2,prev2_hash,124,48,34
5,6,2,prev2_hash,125,10036,7840
5,6,2,prev2_hash,126,125,107
5,6,2,prev2_hash,127,48,36
5,6,2,prev2_hash,128,27,20
5,6,2,prev2_hash,129,153,119
5,6,2,prev2_hash,130,56,44
5,6,2,prev2_hash,131,139,96
5,6,2,prev2_hash,132,162,130
5,6,2,prev2_hash,133,188,154
5,6,2,prev2_hash,134,121,87
5,6,2,prev2_hash,135,109,86
5,6,2,prev2_hash,136,72,58
5,6,2,prev2_hash,137,349,285
5,6,2,prev2_hash,138,60,41
5,6,2,prev2_hash,139,863,659
5,6,2,prev2_hash,140,100,76
5,6,2,prev2_hash,141,134,103
5,6,2,prev2_hash,142,151,114
5,6,2,prev2_hash,143,108,93
5,6,2,prev2_hash,144,80,60
5,6,2,prev2_hash,145,72,58
5,6,2,prev2_hash,146,132,98
5,6,2,prev2_hash,147,277,193
5,6,2,prev2_hash,148,151,123
5,6,2,prev2_hash,149,77,58
5,6,2,prev2_hash,150,73,57
5,6,2,prev2_hash,151,54,42
5,6,2,prev2_hash,152,52,34
5,6,2,prev2_hash,153,110,82
5,6,2,prev2_hash,154,94,75
5,6,2,prev2_hash,155,54,42
5,6,2,prev2_hash,156,41,29
5,6,2,prev2_hash,157,45,34
5,6,2,prev2_hash,158,41,30
5,6,2,prev2_hash,159,35,27
5,6,2,prev2_hash,160,207,145
5,6,2,prev2_hash,161,211,150
5,6,2,prev2_hash,162,421,334
5,6,2,prev2_hash,163,207,157
5,6,2,prev2_hash,164,210,151
5,6,2,prev2_hash,165,179,119
5,6,2,prev2_hash,166,190,142
5,6,2,prev2_hash,167,137,110
5,6,2,prev2_hash,168,189,141
5,6,2,prev2_hash,169,218,165
5,6,2,prev2_hash,170,128,95
5,6,2,prev2_hash,171,176,138
5,6,2,prev2_hash,172,227,180
5,6,2,prev2_hash,173,244,176
5,6,2,prev2_hash,174,270,204
5,6,2,prev2_hash,175,224,158
5,6,2,prev2_hash,176,722,534
5,6,2,prev2_hash,177,303,224
5,6,2,prev2_hash,178,307,227
5,6,2,prev2_hash,179,276,192
5,6,2,prev2_hash,180,455,312
5,6,2,prev2_hash,181,178,130
5,6,2,prev2_hash,182,242,165
5,6,2,prev2_hash,183,274,196
5,6,2,prev2_hash,184,556,405
5,6,2,prev2_hash,185,300,227
5,6,2,prev2_hash,186,1421,1057
5,6,2,prev2_hash,187,207,154
5,6,2,prev2_hash,188,280,212
5,6,2,prev2_hash,189,443,350
5,6,2,prev2_hash,190,266,185
5,6,2,prev2_hash,191,1747,1228
5,6,2,prev2_hash,192,2108,1610
5,6,2,prev2_hash,193,480,316
5,6,2,prev2_hash,194,353,293
5,6,2,prev2_hash,195,202,155
5,6,2,prev2_hash,196,276,196
5,6,2,prev2_hash,197,245,177
5,6,2,prev2_hash,198,663,504
5,6,2,prev2_hash,199,587,453
5,6,2,prev2_hash,200,215,160
5,6,2,prev2_hash,201,242,170
5,6,2,prev2_hash,202,233,172
5,6,2,prev2_hash,203,273,213
5,6,2,prev2_hash,204,1028,791
5,6,2,prev2_hash,205,282,194
5,6,2,prev2_hash,206,248,179
5,6,2,prev2_hash,207,250,191
5,6,2,prev2_hash,208,1007,715
5,6,2,prev2_hash,209,753,533
5,6,2,prev2_hash,210,1891,1310
5,6,2,prev2_hash,211,1823,1291
5,6,2,prev2_hash,212,302,211
5,6,2,prev2_hash,213,351,268
5,6,2,prev2_hash,214,1044,794
5,6,2,prev2_hash,215,1903,1668
5,6,2,prev2_hash,216,260,174
5,6,2,prev2_hash,217,223,164
5,6,2,prev2_hash,218,296,218
5,6,2,prev2_hash,219,242,181
5,6,2,prev2_hash,220,210,147
5,6,2,prev2_hash,221,201,138
5,6,2,prev2_hash,222,232,165
5,6,2,prev2_hash,223,184,130
5,6,2,prev2_hash,224,572,429
5,6,2,prev2_hash,225,575,471
5,6,2,prev2_hash,226,5530,4302
5,6,2,prev2_hash,227,579,452
5,6,2,prev2_hash,228,1249,939
5,6,2,prev2_hash,229,262,194
5,6,2,prev2_hash,230,549,381
5,6,2,prev2_hash,231,364,270
5,6,2,prev2_hash,232,499,387
5,6,2,prev2_hash,233,333,238
5,6,2,prev2_hash,234,315,241
5,6,2,prev2_hash,235,246,185
5,6,2,prev2_hash,236,305,225
5,6,2,prev2_hash,237,215,153
5,6,2,prev2_hash,238,286,215
5,6,2,prev2_hash,239,308,239
5,6,2,prev2_hash,240,110,70
5,6,2,prev2_hash,241,75,59
5,6,2,prev2_hash,242,85,59
5,6,2,prev2_hash,243,72,61
5,6,2,prev2_hash,244,86,66
5,6,2,prev2_hash,245,66,48
5,6,2,prev2_hash,246,1041,764
5,6,2,prev2_hash,247,104,77
5,6,2,prev2_hash,248,64,53
5,6,2,prev2_hash,249,73,57
5,6,2,prev2_hash,250,58,39
5,6,2,prev2_hash,251,47,30
5,6,2,prev2_hash,252,54,44
5,6,2,prev2_hash,253,50,43
5,6,2,prev2_hash,254,24,22
5,6,2,prev2_hash,255,13,9
5,6,2,stream_band16,0,17005,12716
5,6,2,stream_band16,1,23929,16898
5,6,2,stream_band16,2,22437,13871
5,6,2,stream_band16,3,30330,17449
5,6,2,stream_band16,4,16377,10942
5,6,2,stream_band16,5,26421,18331
5,6,2,stream_band16,6,21244,15172
5,6,2,stream_band16,7,17583,11813
5,6,2,stream_band16,8,19193,13567
5,6,2,stream_band16,9,14535,9906
5,6,2,stream_band16,10,20107,14644
5,6,2,stream_band16,11,20004,15028
5,6,2,stream_band16,12,10036,7755
5,6,2,stream_band16,13,7589,5783
5,6,2,stream_band16,14,8258,5675
5,6,2,stream_band16,15,570,346
5,6,2,stream_band64,0,2892,2273
5,6,2,stream_band64,1,5366,4059
5,6,2,stream_band64,2,4701,3508
5,6,2,stream_band64,3,4046,2876
5,6,2,stream_band64,4,4714,3093
5,6,2,stream_band64,5,7118,5450
5,6,2,stream_band64,6,6156,4369
5,6,2,stream_band64,7,5941,3986
5,6,2,stream_band64,8,6063,3645
5,6,2,stream_band64,9,4414,2424
5,6,2,stream_band64,10,4711,2916
5,6,2,stream_band64,11,7249,4886
5,6,2,stream_band64,12,13357,6974
5,6,2,stream_band64,13,8495,4975
5,6,2,stream_band64,14,4520,2847
5,6,2,stream_band64,15,3958,2653
5,6,2,stream_band64,16,4532,3177
5,6,2,stream_band64,17,3380,2245
5,6,2,stream_band64,18,3685,2553
5,6,2,stream_band64,19,4780,2967
5,6,2,stream_band64,20,5875,4029
5,6,2,stream_band64,21,6523,4645
5,6,2,stream_band64,22,6119,4012
5,6,2,stream_band64,23,7904,5645
5,6,2,stream_band64,24,4578,3337
5,6,2,stream_band64,25,5199,3986
5,6,2,stream_band64,26,6995,4786
5,6,2,stream_band64,27,4472,3063
5,6,2,stream_band64,28,3699,2547
5,6,2,stream_band64,29,4885,3644
5,6,2,stream_band64,30,4355,2645
5,6,2,stream_band64,31,4644,2977
5,6,2,stream_band64,32,9147,6543
5,6,2,stream_band64,33,5151,3785
5,6,2,stream_band64,34,3259,2088
5,6,2,stream_band64,35,1636,1151
5,6,2,stream_band64,36,1682,1130
5,6,2,stream_band64,37,2827,1965
5,6,2,stream_band64,38,5150,3457
5,6,2,stream_band64,39,4876,3354
5,6,2,stream_band64,40,4967,3456
5,6,2,stream_band64,41,4663,3476
5,6,2,stream_band64,42,4593,3143
5,6,2,stream_band64,43,5884,4569
5,6,2,stream_band64,44,5032,4036
5,6,2,stream_band64,45,9148,6846
5,6,2,stream_band64,46,3394,2511
5,6,2,stream_band64,47,2430,1635
5,6,2,stream_band64,48,4313,3420
5,6,2,stream_band64,49,2151,1627
5,6,2,stream_band64,50,1633,1147
5,6,2,stream_band64,51,1939,1561
5,6,2,stream_band64,52,1981,1522
5,6,2,stream_band64,53,1032,832
5,6,2,stream_band64,54,1364,1013
5,6,2,stream_band64,55,3212,2416
5,6,2,stream_band64,56,223,150
5,6,2,stream_band64,57,3837,2805
5,6,2,stream_band64,58,3548,2344
5,6,2,stream_band64,59,650,376
5,6,2,stream_band64,62,222,153
5,6,2,stream_band64,63,348,193
7,22,2,global,0,67225,65136
7,22,2,byte_class,0,67225,65136
7,22,2,line_bucket,0,67225,65136
7,22,2,class_line,0,67225,65136
7,22,2,prev_byte,10,67225,65136
7,22,2,prev2_hash,88,67225,65136
7,22,2,stream_band16,0,2618,2362
7,22,2,stream_band16,1,2694,2519
7,22,2,stream_band16,2,2423,2317
7,22,2,stream_band16,3,3255,3202
7,22,2,stream_band16,4,3455,3113
7,22,2,stream_band16,5,3534,3276
7,22,2,stream_band16,6,2947,2799
7,22,2,stream_band16,7,1798,1691
7,22,2,stream_band16,8,1956,1896
7,22,2,stream_band16,9,1708,1644
7,22,2,stream_band16,10,1755,1675
7,22,2,stream_band16,11,2456,2251
7,22,2,stream_band16,12,11681,11657
7,22,2,stream_band16,13,13637,13585
7,22,2,stream_band16,14,11307,11148
7,22,2,stream_band16,15,1,1
7,22,2,stream_band64,0,289,196
7,22,2,stream_band64,1,631,588
7,22,2,stream_band64,2,696,653
7,22,2,stream_band64,3,1002,925
7,22,2,stream_band64,4,560,453
7,22,2,stream_band64,5,653,634
7,22,2,stream_band64,6,756,737
7,22,2,stream_band64,7,725,695
7,22,2,stream_band64,8,572,551
7,22,2,stream_band64,9,420,393
7,22,2,stream_band64,10,678,643
7,22,2,stream_band64,11,753,730
7,22,2,stream_band64,12,950,940
7,22,2,stream_band64,13,1398,1390
7,22,2,stream_band64,14,348,336
7,22,2,stream_band64,15,559,536
7,22,2,stream_band64,16,571,500
7,22,2,stream_band64,17,818,804
7,22,2,stream_band64,18,669,647
7,22,2,stream_band64,19,1397,1162
7,22,2,stream_band64,20,1257,1066
7,22,2,stream_band64,21,572,558
7,22,2,stream_band64,22,847,822
7,22,2,stream_band64,23,858,830
7,22,2,stream_band64,24,1322,1247
7,22,2,stream_band64,25,664,643
7,22,2,stream_band64,26,421,406
7,22,2,stream_band64,27,540,503
7,22,2,stream_band64,28,795,746
7,22,2,stream_band64,29,279,256
7,22,2,stream_band64,30,322,306
7,22,2,stream_band64,31,402,383
7,22,2,stream_band64,32,481,477
7,22,2,stream_band64,33,384,377
7,22,2,stream_band64,34,349,334
7,22,2,stream_band64,35,742,708
7,22,2,stream_band64,36,729,713
7,22,2,stream_band64,37,463,443
7,22,2,stream_band64,38,297,284
7,22,2,stream_band64,39,219,204
7,22,2,stream_band64,40,376,363
7,22,2,stream_band64,41,675,642
7,22,2,stream_band64,42,377,352
7,22,2,stream_band64,43,327,318
7,22,2,stream_band64,44,709,676
7,22,2,stream_band64,45,521,504
7,22,2,stream_band64,46,965,824
7,22,2,stream_band64,47,261,247
7,22,2,stream_band64,48,2049,2044
7,22,2,stream_band64,49,2976,2967
7,22,2,stream_band64,50,3304,3297
7,22,2,stream_band64,51,3352,3349
7,22,2,stream_band64,52,3295,3290
7,22,2,stream_band64,53,3677,3663
7,22,2,stream_band64,54,3874,3847
7,22,2,stream_band64,55,2791,2785
7,22,2,stream_band64,56,4932,4922
7,22,2,stream_band64,57,1624,1528
7,22,2,stream_band64,58,4701,4664
7,22,2,stream_band64,59,50,34
7,22,2,stream_band64,63,1,1
11,6,2,global,0,136271,108239
11,6,2,byte_class,0,132652,105570
11,6,2,byte_class,1,134,104
11,6,2,byte_class,3,454,294
11,6,2,byte_class,5,2,1
11,6,2,byte_class,6,2935,2229
11,6,2,byte_class,7,94,41
11,6,2,line_bucket,0,132652,105570
11,6,2,line_bucket,1,3224,2388
11,6,2,line_bucket,2,138,113
11,6,2,line_bucket,3,118,53
11,6,2,line_bucket,4,18,15
11,6,2,line_bucket,5,17,13
11,6,2,line_bucket,6,104,87
11,6,2,class_line,0,132652,105570
11,6,2,class_line,9,1,1
11,6,2,class_line,10,7,6
11,6,2,class_line,11,32,24
11,6,2,class_line,12,15,12
11,6,2,class_line,13,15,11
11,6,2,class_line,14,64,50
11,6,2,class_line,25,426,276
11,6,2,class_line,26,5,1
11,6,2,class_line,27,10,6
11,6,2,class_line,28,1,1
11,6,2,class_line,29,2,2
11,6,2,class_line,30,10,8
11,6,2,class_line,46,2,1
11,6,2,class_line,49,2797,2111
11,6,2,class_line,50,116,96
11,6,2,class_line,51,1,1
11,6,2,class_line,52,2,2
11,6,2,class_line,54,19,19
11,6,2,class_line,58,10,10
11,6,2,class_line,59,75,22
11,6,2,class_line,62,9,9
11,6,2,prev_byte,9,5,5
11,6,2,prev_byte,10,132652,105570
11,6,2,prev_byte,32,129,99
11,6,2,prev_byte,34,3,3
11,6,2,prev_byte,35,51,36
11,6,2,prev_byte,38,2,2
11,6,2,prev_byte,39,12,12
11,6,2,prev_byte,40,1,1
11,6,2,prev_byte,41,1,1
11,6,2,prev_byte,42,2867,2176
11,6,2,prev_byte,45,75,22
11,6,2,prev_byte,46,2,2
11,6,2,prev_byte,74,419,270
11,6,2,prev_byte,75,11,6
11,6,2,prev_byte,77,9,8
11,6,2,prev_byte,78,12,8
11,6,2,prev_byte,82,3,2
11,6,2,prev_byte,93,15,15
11,6,2,prev_byte,170,1,0
11,6,2,prev_byte,203,1,1
11,6,2,prev2_hash,19,37,26
11,6,2,prev2_hash,20,5504,4495
11,6,2,prev2_hash,22,2,0
11,6,2,prev2_hash,25,1,0
11,6,2,prev2_hash,34,1,1
11,6,2,prev2_hash,41,5,5
11,6,2,prev2_hash,42,3167,2532
11,6,2,prev2_hash,43,28,21
11,6,2,prev2_hash,44,243,171
11,6,2,prev2_hash,45,52,36
11,6,2,prev2_hash,46,1,1
11,6,2,prev2_hash,47,1,0
11,6,2,prev2_hash,49,1033,793
11,6,2,prev2_hash,50,1,1
11,6,2,prev2_hash,51,4250,3253
11,6,2,prev2_hash,52,2765,2092
11,6,2,prev2_hash,53,5,5
11,6,2,prev2_hash,54,25,20
11,6,2,prev2_hash,55,13,10
11,6,2,prev2_hash,56,6645,5025
11,6,2,prev2_hash,57,114,86
11,6,2,prev2_hash,58,82,62
11,6,2,prev2_hash,59,91,58
11,6,2,prev2_hash,60,99,76
11,6,2,prev2_hash,61,128,104
11,6,2,prev2_hash,62,106,75
11,6,2,prev2_hash,63,167,113
11,6,2,prev2_hash,64,80,60
11,6,2,prev2_hash,65,55,39
11,6,2,prev2_hash,66,54,47
11,6,2,prev2_hash,67,70,60
11,6,2,prev2_hash,71,3,3
11,6,2,prev2_hash,72,1,1
11,6,2,prev2_hash,73,3,2
11,6,2,prev2_hash,74,5,4
11,6,2,prev2_hash,76,9,7
11,6,2,prev2_hash,77,29,22
11,6,2,prev2_hash,78,21,19
11,6,2,prev2_hash,80,3,3
11,6,2,prev2_hash,84,828,590
11,6,2,prev2_hash,85,50,40
11,6,2,prev2_hash,87,29377,24413
11,6,2,prev2_hash,88,526,437
11,6,2,prev2_hash,89,13,6
11,6,2,prev2_hash,90,75,22
11,6,2,prev2_hash,91,3,3
11,6,2,prev2_hash,92,4571,3573
11,6,2,prev2_hash,93,3,2
11,6,2,prev2_hash,98,1,1
11,6,2,prev2_hash,103,65812,52031
11,6,2,prev2_hash,105,1,1
11,6,2,prev2_hash,106,7,6
11,6,2,prev2_hash,107,83,66
11,6,2,prev2_hash,108,10,9
11,6,2,prev2_hash,109,40,34
11,6,2,prev2_hash,110,60,42
11,6,2,prev2_hash,111,106,81
11,6,2,prev2_hash,112,13,7
11,6,2,prev2_hash,113,43,29
11,6,2,prev2_hash,114,25,17
11,6,2,prev2_hash,115,50,37
11,6,2,prev2_hash,116,15,13
11,6,2,prev2_hash,117,71,57
11,6,2,prev2_hash,118,57,34
11,6,2,prev2_hash,119,33,25
11,6,2,prev2_hash,120,94,66
11,6,2,prev2_hash,121,42,33
11,6,2,prev2_hash,122,20,11
11,6,2,prev2_hash,123,5,3
11,6,2,prev2_hash,124,67,46
11,6,2,prev2_hash,125,219,179
11,6,2,prev2_hash,126,47,36
11,6,2,prev2_hash,127,18,15
11,6,2,prev2_hash,128,17,16
11,6,2,prev2_hash,129,6,3
11,6,2,prev2_hash,130,30,23
11,6,2,prev2_hash,131,48,34
11,6,2,prev2_hash,132,14,12
11,6,2,prev2_hash,135,1,1
11,6,2,prev2_hash,138,74,56
11,6,2,prev2_hash,139,69,48
11,6,2,prev2_hash,140,48,40
11,6,2,prev2_hash,141,46,38
11,6,2,prev2_hash,142,54,41
11,6,2,prev2_hash,143,38,28
11,6,2,prev2_hash,144,88,66
11,6,2,prev2_hash,145,42,32
11,6,2,prev2_hash,146,51,37
11,6,2,prev2_hash,147,110,83
11,6,2,prev2_hash,148,63,43
11,6,2,prev2_hash,149,55,45
11,6,2,prev2_hash,150,153,127
11,6,2,prev2_hash,151,253,192
11,6,2,prev2_hash,152,51,38
11,6,2,prev2_hash,153,54,40
11,6,2,prev2_hash,154,96,77
11,6,2,prev2_hash,155,76,66
11,6,2,prev2_hash,156,73,52
11,6,2,prev2_hash,157,108,83
11,6,2,prev2_hash,158,95,73
11,6,2,prev2_hash,159,58,47
11,6,2,prev2_hash,160,85,57
11,6,2,prev2_hash,161,110,88
11,6,2,prev2_hash,162,148,111
11,6,2,prev2_hash,163,94,77
11,6,2,prev2_hash,164,89,70
11,6,2,prev2_hash,165,80,65
11,6,2,prev2_hash,166,71,55
11,6,2,prev2_hash,167,110,76
11,6,2,prev2_hash,168,75,56
11,6,2,prev2_hash,169,77,60
11,6,2,prev2_hash,170,91,77
11,6,2,prev2_hash,171,105,86
11,6,2,prev2_hash,172,59,49
11,6,2,prev2_hash,173,54,44
11,6,2,prev2_hash,174,81,69
11,6,2,prev2_hash,175,68,52
11,6,2,prev2_hash,176,101,72
11,6,2,prev2_hash,177,95,75
11,6,2,prev2_hash,178,86,69
11,6,2,prev2_hash,179,51,39
11,6,2,prev2_hash,180,108,83
11,6,2,prev2_hash,181,81,62
11,6,2,prev2_hash,182,179,136
11,6,2,prev2_hash,183,121,93
11,6,2,prev2_hash,184,240,157
11,6,2,prev2_hash,185,63,47
11,6,2,prev2_hash,186,189,147
11,6,2,prev2_hash,187,74,55
11,6,2,prev2_hash,188,74,52
11,6,2,prev2_hash,189,86,69
11,6,2,prev2_hash,190,56,40
11,6,2,prev2_hash,191,87,65
11,6,2,prev2_hash,192,73,58
11,6,2,prev2_hash,193,46,36
11,6,2,prev2_hash,194,55,49
11,6,2,prev2_hash,195,46,36
11,6,2,prev2_hash,196,172,117
11,6,2,prev2_hash,197,87,69
11,6,2,prev2_hash,198,68,53
11,6,2,prev2_hash,199,47,40
11,6,2,prev2_hash,200,71,57
11,6,2,prev2_hash,201,105,70
11,6,2,prev2_hash,202,507,407
11,6,2,prev2_hash,203,646,511
11,6,2,prev2_hash,204,162,118
11,6,2,prev2_hash,205,180,144
11,6,2,prev2_hash,206,210,156
11,6,2,prev2_hash,207,117,89
11,6,2,prev2_hash,208,126,97
11,6,2,prev2_hash,209,82,60
11,6,2,prev2_hash,210,214,176
11,6,2,prev2_hash,211,176,142
11,6,2,prev2_hash,212,183,142
11,6,2,prev2_hash,213,118,101
11,6,2,prev2_hash,214,94,79
11,6,2,prev2_hash,215,130,111
11,6,2,prev2_hash,216,95,72
11,6,2,prev2_hash,217,203,151
11,6,2,prev2_hash,225,1,1
11,6,2,prev2_hash,226,3,2
11,6,2,prev2_hash,227,9,6
11,6,2,prev2_hash,229,1,1
11,6,2,prev2_hash,252,1,1
11,6,2,stream_band16,0,8383,6876
11,6,2,stream_band16,1,10494,8307
11,6,2,stream_band16,2,8729,6365
11,6,2,stream_band16,3,13353,9113
11,6,2,stream_band16,4,9090,7144
11,6,2,stream_band16,5,11467,8978
11,6,2,stream_band16,6,11276,9173
11,6,2,stream_band16,7,7662,6000
11,6,2,stream_band16,8,8101,6326
11,6,2,stream_band16,9,7550,5906
11,6,2,stream_band16,10,10851,8833
11,6,2,stream_band16,11,12749,10990
11,6,2,stream_band16,12,7180,6221
11,6,2,stream_band16,13,5901,5158
11,6,2,stream_band16,14,3196,2619
11,6,2,stream_band16,15,289,230
11,6,2,stream_band64,0,913,743
11,6,2,stream_band64,1,2351,1922
11,6,2,stream_band64,2,2312,1893
11,6,2,stream_band64,3,2807,2318
11,6,2,stream_band64,4,2627,2044
11,6,2,stream_band64,5,2543,2125
11,6,2,stream_band64,6,2526,2011
11,6,2,stream_band64,7,2798,2127
11,6,2,stream_band64,8,2192,1551
11,6,2,stream_band64,9,1431,962
11,6,2,stream_band64,10,2002,1491
11,6,2,stream_band64,11,3104,2361
11,6,2,stream_band64,12,6038,3852
11,6,2,stream_band64,13,3070,2093
11,6,2,stream_band64,14,2232,1642
11,6,2,stream_band64,15,2013,1526
11,6,2,stream_band64,16,2358,1945
11,6,2,stream_band64,17,2088,1616
11,6,2,stream_band64,18,1948,1576
11,6,2,stream_band64,19,2696,2007
11,6,2,stream_band64,20,2672,2085
11,6,2,stream_band64,21,2089,1650
11,6,2,stream_band64,22,2816,2161
11,6,2,stream_band64,23,3890,3082
11,6,2,stream_band64,24,2378,1927
11,6,2,stream_band64,25,2746,2336
11,6,2,stream_band64,26,3659,2944
11,6,2,stream_band64,27,2493,1966
11,6,2,stream_band64,28,1941,1527
11,6,2,stream_band64,29,2257,1859
11,6,2,stream_band64,30,1326,1034
11,6,2,stream_band64,31,2138,1580
11,6,2,stream_band64,32,3067,2359
11,6,2,stream_band64,33,2049,1660
11,6,2,stream_band64,34,1887,1422
11,6,2,stream_band64,35,1098,885
11,6,2,stream_band64,36,1088,868
11,6,2,stream_band64,37,1599,1309
11,6,2,stream_band64,38,2535,1910
11,6,2,stream_band64,39,2328,1819
11,6,2,stream_band64,40,2280,1790
11,6,2,stream_band64,41,2943,2453
11,6,2,stream_band64,42,2963,2283
11,6,2,stream_band64,43,2665,2307
11,6,2,stream_band64,44,3690,3304
11,6,2,stream_band64,45,4014,3390
11,6,2,stream_band64,46,2855,2489
11,6,2,stream_band64,47,2190,1807
11,6,2,stream_band64,48,2121,1821
11,6,2,stream_band64,49,1887,1629
11,6,2,stream_band64,50,2006,1763
11,6,2,stream_band64,51,1166,1008
11,6,2,stream_band64,52,1697,1439
11,6,2,stream_band64,53,933,844
11,6,2,stream_band64,54,1435,1253
11,6,2,stream_band64,55,1836,1622
11,6,2,stream_band64,56,485,454
11,6,2,stream_band64,57,2351,1923
11,6,2,stream_band64,58,305,213
11,6,2,stream_band64,59,55,29
11,6,2,stream_band64,62,128,100
11,6,2,stream_band64,63,161,130
12,22,2,global,0,24504,19816
12,22,2,byte_class,0,24504,19816
12,22,2,line_bucket,0,24504,19816
12,22,2,class_line,0,24504,19816
12,22,2,prev_byte,10,24504,19816
12,22,2,prev2_hash,88,24504,19816
12,22,2,stream_band16,0,2095,1150
12,22,2,stream_band16,1,1646,1376
12,22,2,stream_band16,2,1766,1508
12,22,2,stream_band16,3,1449,1286
12,22,2,stream_band16,4,2306,2091
12,22,2,stream_band16,5,1379,1164
12,22,2,stream_band16,6,1516,1307
12,22,2,stream_band16,7,1946,1560
12,22,2,stream_band16,8,1662,1430
12,22,2,stream_band16,9,1608,1349
12,22,2,stream_band16,10,2156,1843
12,22,2,stream_band16,11,1757,1520
12,22,2,stream_band16,12,867,797
12,22,2,stream_band16,13,827,763
12,22,2,stream_band16,14,1524,672
12,22,2,stream_band64,0,864,83
12,22,2,stream_band64,1,317,275
12,22,2,stream_band64,2,442,408
12,22,2,stream_band64,3,472,384
12,22,2,stream_band64,4,220,172
12,22,2,stream_band64,5,549,486
12,22,2,stream_band64,6,424,332
12,22,2,stream_band64,7,453,386
12,22,2,stream_band64,8,486,414
12,22,2,stream_band64,9,389,303
12,22,2,stream_band64,10,383,328
12,22,2,stream_band64,11,508,463
12,22,2,stream_band64,12,282,242
12,22,2,stream_band64,13,451,389
12,22,2,stream_band64,14,283,261
12,22,2,stream_band64,15,433,394
12,22,2,stream_band64,16,430,383
12,22,2,stream_band64,17,945,861
12,22,2,stream_band64,18,382,354
12,22,2,stream_band64,19,549,493
12,22,2,stream_band64,20,624,547
12,22,2,stream_band64,21,181,146
12,22,2,stream_band64,22,213,168
12,22,2,stream_band64,23,361,303
12,22,2,stream_band64,24,710,622
12,22,2,stream_band64,25,313,269
12,22,2,stream_band64,26,170,135
12,22,2,stream_band64,27,323,281
12,22,2,stream_band64,28,463,412
12,22,2,stream_band64,29,660,527
12,22,2,stream_band64,30,282,228
12,22,2,stream_band64,31,541,393
12,22,2,stream_band64,32,390,349
12,22,2,stream_band64,33,408,370
12,22,2,stream_band64,34,393,304
12,22,2,stream_band64,35,471,407
12,22,2,stream_band64,36,661,591
12,22,2,stream_band64,37,349,306
12,22,2,stream_band64,38,285,206
12,22,2,stream_band64,39,313,246
12,22,2,stream_band64,40,525,432
12,22,2,stream_band64,41,495,458
12,22,2,stream_band64,42,608,531
12,22,2,stream_band64,43,528,422
12,22,2,stream_band64,44,613,512
12,22,2,stream_band64,45,369,304
12,22,2,stream_band64,46,515,460
12,22,2,stream_band64,47,260,244
12,22,2,stream_band64,48,364,333
12,22,2,stream_band64,49,326,306
12,22,2,stream_band64,50,98,82
12,22,2,stream_band64,51,79,76
12,22,2,stream_band64,52,99,85
12,22,2,stream_band64,53,133,96
12,22,2,stream_band64,54,195,184
12,22,2,stream_band64,55,400,398
12,22,2,stream_band64,56,73,73
12,22,2,stream_band64,57,1319,573
12,22,2,stream_band64,58,110,24
12,22,2,stream_band64,59,22,2
13,12,75,global,0,7203,5041
13,12,75,byte_class,0,7203,5041
13,12,75,line_bucket,0,7203,5041
13,12,75,class_line,0,7203,5041
13,12,75,prev_byte,10,7203,5041
13,12,75,prev2_hash,88,7203,5041
13,12,75,stream_band16,0,131,0
13,12,75,stream_band16,1,60,0
13,12,75,stream_band16,2,83,0
13,12,75,stream_band16,3,79,0
13,12,75,stream_band16,4,45,0
13,12,75,stream_band16,5,76,0
13,12,75,stream_band16,6,60,0
13,12,75,stream_band16,7,45,0
13,12,75,stream_band16,8,55,0
13,12,75,stream_band16,9,39,0
13,12,75,stream_band16,10,59,0
13,12,75,stream_band16,11,52,0
13,12,75,stream_band16,12,3161,2809
13,12,75,stream_band16,13,2270,1757
13,12,75,stream_band16,14,790,475
13,12,75,stream_band16,15,198,0
13,12,75,stream_band64,0,35,0
13,12,75,stream_band64,1,50,0
13,12,75,stream_band64,2,22,0
13,12,75,stream_band64,3,24,0
13,12,75,stream_band64,4,10,0
13,12,75,stream_band64,5,17,0
13,12,75,stream_band64,6,10,0
13,12,75,stream_band64,7,23,0
13,12,75,stream_band64,8,16,0
13,12,75,stream_band64,9,9,0
13,12,75,stream_band64,10,24,0
13,12,75,stream_band64,11,34,0
13,12,75,stream_band64,12,25,0
13,12,75,stream_band64,13,34,0
13,12,75,stream_band64,14,12,0
13,12,75,stream_band64,15,8,0
13,12,75,stream_band64,16,10,0
13,12,75,stream_band64,17,10,0
13,12,75,stream_band64,18,12,0
13,12,75,stream_band64,19,13,0
13,12,75,stream_band64,20,20,0
13,12,75,stream_band64,21,17,0
13,12,75,stream_band64,22,19,0
13,12,75,stream_band64,23,20,0
13,12,75,stream_band64,24,13,0
13,12,75,stream_band64,25,18,0
13,12,75,stream_band64,26,12,0
13,12,75,stream_band64,27,17,0
13,12,75,stream_band64,28,19,0
13,12,75,stream_band64,29,15,0
13,12,75,stream_band64,30,6,0
13,12,75,stream_band64,31,5,0
13,12,75,stream_band64,32,24,0
13,12,75,stream_band64,33,12,0
13,12,75,stream_band64,34,8,0
13,12,75,stream_band64,35,11,0
13,12,75,stream_band64,36,10,0
13,12,75,stream_band64,37,12,0
13,12,75,stream_band64,38,7,0
13,12,75,stream_band64,39,10,0
13,12,75,stream_band64,40,13,0
13,12,75,stream_band64,41,13,0
13,12,75,stream_band64,42,14,0
13,12,75,stream_band64,43,19,0
13,12,75,stream_band64,44,26,0
13,12,75,stream_band64,45,11,0
13,12,75,stream_band64,46,9,0
13,12,75,stream_band64,47,6,0
13,12,75,stream_band64,48,324,272
13,12,75,stream_band64,49,712,612
13,12,75,stream_band64,50,1426,1301
13,12,75,stream_band64,51,699,624
13,12,75,stream_band64,52,186,150
13,12,75,stream_band64,53,1020,919
13,12,75,stream_band64,54,902,637
13,12,75,stream_band64,55,162,51
13,12,75,stream_band64,56,227,187
13,12,75,stream_band64,57,357,288
13,12,75,stream_band64,58,29,0
13,12,75,stream_band64,59,177,0
13,12,75,stream_band64,60,198,0
14,6,7,global,0,40610,36896
14,6,7,byte_class,0,40441,36892
14,6,7,byte_class,1,6,2
14,6,7,byte_class,3,152,0
14,6,7,byte_class,5,2,0
14,6,7,byte_class,6,2,1
14,6,7,byte_class,7,7,1
14,6,7,line_bucket,0,40441,36892
14,6,7,line_bucket,1,136,2
14,6,7,line_bucket,2,17,0
14,6,7,line_bucket,3,5,0
14,6,7,line_bucket,5,2,1
14,6,7,line_bucket,6,9,1
14,6,7,class_line,0,40441,36892
14,6,7,class_line,9,2,2
14,6,7,class_line,10,1,0
14,6,7,class_line,11,3,0
14,6,7,class_line,25,134,0
14,6,7,class_line,26,15,0
14,6,7,class_line,30,3,0
14,6,7,class_line,43,1,0
14,6,7,class_line,46,1,0
14,6,7,class_line,53,2,1
14,6,7,class_line,58,1,0
14,6,7,class_line,59,1,0
14,6,7,class_line,62,5,1
14,6,7,prev_byte,9,1,0
14,6,7,prev_byte,10,40441,36892
14,6,7,prev_byte,32,5,2
14,6,7,prev_byte,39,4,0
14,6,7,prev_byte,45,1,0
14,6,7,prev_byte,46,2,1
14,6,7,prev_byte,75,3,0
14,6,7,prev_byte,77,149,0
14,6,7,prev_byte,93,2,1
14,6,7,prev_byte,129,1,0
14,6,7,prev_byte,147,1,0
14,6,7,prev2_hash,20,39876,36444
14,6,7,prev2_hash,41,1,0
14,6,7,prev2_hash,42,138,73
14,6,7,prev2_hash,43,2,2
14,6,7,prev2_hash,44,2,2
14,6,7,prev2_hash,49,8,7
14,6,7,prev2_hash,51,7,6
14,6,7,prev2_hash,55,1,1
14,6,7,prev2_hash,56,116,96
14,6,7,prev2_hash,63,1,1
14,6,7,prev2_hash,64,2,1
14,6,7,prev2_hash,65,1,1
14,6,7,prev2_hash,66,1,1
14,6,7,prev2_hash,71,2,0
14,6,7,prev2_hash,77,3,0
14,6,7,prev2_hash,78,2,0
14,6,7,prev2_hash,87,135,1
14,6,7,prev2_hash,88,37,29
14,6,7,prev2_hash,90,1,0
14,6,7,prev2_hash,92,133,125
14,6,7,prev2_hash,94,1,0
14,6,7,prev2_hash,103,99,87
14,6,7,prev2_hash,120,1,0
14,6,7,prev2_hash,132,4,1
14,6,7,prev2_hash,141,1,0
14,6,7,prev2_hash,143,1,1
14,6,7,prev2_hash,151,1,1
14,6,7,prev2_hash,154,16,1
14,6,7,prev2_hash,155,1,0
14,6,7,prev2_hash,181,4,4
14,6,7,prev2_hash,186,2,1
14,6,7,prev2_hash,202,1,1
14,6,7,prev2_hash,205,1,1
14,6,7,prev2_hash,206,2,2
14,6,7,prev2_hash,211,1,1
14,6,7,prev2_hash,216,1,1
14,6,7,prev2_hash,217,3,3
14,6,7,prev2_hash,227,1,1
14,6,7,stream_band16,0,992,817
14,6,7,stream_band16,1,1609,1406
14,6,7,stream_band16,2,1611,1394
14,6,7,stream_band16,3,1210,1070
14,6,7,stream_band16,4,1105,935
14,6,7,stream_band16,5,1494,1268
14,6,7,stream_band16,6,942,801
14,6,7,stream_band16,7,863,734
14,6,7,stream_band16,8,900,689
14,6,7,stream_band16,9,938,759
14,6,7,stream_band16,10,1174,1013
14,6,7,stream_band16,11,2151,1818
14,6,7,stream_band16,12,11961,11776
14,6,7,stream_band16,13,11314,10132
14,6,7,stream_band16,14,2225,2172
14,6,7,stream_band16,15,121,112
14,6,7,stream_band64,0,175,137
14,6,7,stream_band64,1,242,216
14,6,7,stream_band64,2,245,193
14,6,7,stream_band64,3,330,271
14,6,7,stream_band64,4,352,278
14,6,7,stream_band64,5,402,360
14,6,7,stream_band64,6,364,321
14,6,7,stream_band64,7,491,447
14,6,7,stream_band64,8,422,332
14,6,7,stream_band64,9,404,363
14,6,7,stream_band64,10,373,328
14,6,7,stream_band64,11,412,371
14,6,7,stream_band64,12,518,467
14,6,7,stream_band64,13,303,269
14,6,7,stream_band64,14,222,194
14,6,7,stream_band64,15,167,140
14,6,7,stream_band64,16,217,194
14,6,7,stream_band64,17,292,223
14,6,7,stream_band64,18,280,234
14,6,7,stream_band64,19,316,284
14,6,7,stream_band64,20,446,383
14,6,7,stream_band64,21,340,295
14,6,7,stream_band64,22,337,286
14,6,7,stream_band64,23,371,304
14,6,7,stream_band64,24,259,221
14,6,7,stream_band64,25,232,195
14,6,7,stream_band64,26,215,188
14,6,7,stream_band64,27,236,197
14,6,7,stream_band64,28,209,169
14,6,7,stream_band64,29,272,243
14,6,7,stream_band64,30,163,138
14,6,7,stream_band64,31,219,184
14,6,7,stream_band64,32,306,204
14,6,7,stream_band64,33,229,193
14,6,7,stream_band64,34,226,178
14,6,7,stream_band64,35,139,114
14,6,7,stream_band64,36,239,202
14,6,7,stream_band64,37,297,220
14,6,7,stream_band64,38,207,173
14,6,7,stream_band64,39,195,164
14,6,7,stream_band64,40,226,204
14,6,7,stream_band64,41,304,261
14,6,7,stream_band64,42,311,265
14,6,7,stream_band64,43,333,283
14,6,7,stream_band64,44,473,412
14,6,7,stream_band64,45,984,895
14,6,7,stream_band64,46,549,382
14,6,7,stream_band64,47,145,129
14,6,7,stream_band64,48,1745,1664
14,6,7,stream_band64,49,3385,3337
14,6,7,stream_band64,50,3405,3367
14,6,7,stream_band64,51,3426,3408
14,6,7,stream_band64,52,3229,3180
14,6,7,stream_band64,53,3321,3298
14,6,7,stream_band64,54,2558,2502
14,6,7,stream_band64,55,2206,1152
14,6,7,stream_band64,56,680,671
14,6,7,stream_band64,57,1503,1477
14,6,7,stream_band64,58,17,13
14,6,7,stream_band64,59,25,11
14,6,7,stream_band64,62,24,20
14,6,7,stream_band64,63,97,92
15,6,5,global,0,45294,39071
15,6,5,byte_class,0,44798,39066
15,6,5,byte_class,1,7,2
15,6,5,byte_class,3,474,0
15,6,5,byte_class,5,1,1
15,6,5,byte_class,6,1,1
15,6,5,byte_class,7,13,1
15,6,5,line_bucket,0,44798,39066
15,6,5,line_bucket,1,421,1
15,6,5,line_bucket,2,50,0
15,6,5,line_bucket,3,6,1
15,6,5,line_bucket,4,3,0
15,6,5,line_bucket,5,3,3
15,6,5,line_bucket,6,13,0
15,6,5,class_line,0,44798,39066
15,6,5,class_line,11,5,1
15,6,5,class_line,12,1,0
15,6,5,class_line,13,1,1
15,6,5,class_line,25,420,0
15,6,5,class_line,26,50,0
15,6,5,class_line,27,1,0
15,6,5,class_line,28,2,0
15,6,5,class_line,30,1,0
15,6,5,class_line,45,1,1
15,6,5,class_line,49,1,1
15,6,5,class_line,61,1,1
15,6,5,class_line,62,12,0
15,6,5,prev_byte,10,44798,39066
15,6,5,prev_byte,32,7,2
15,6,5,prev_byte,39,12,1
15,6,5,prev_byte,46,1,0
15,6,5,prev_byte,77,471,0
15,6,5,prev_byte,78,3,0
15,6,5,prev_byte,91,1,1
15,6,5,prev_byte,154,1,1
15,6,5,prev2_hash,19,4,2
15,6,5,prev2_hash,20,43640,38244
15,6,5,prev2_hash,22,1,0
15,6,5,prev2_hash,42,157,121
15,6,5,prev2_hash,44,5,3
15,6,5,prev2_hash,49,16,13
15,6,5,prev2_hash,51,28,25
15,6,5,prev2_hash,55,12,10
15,6,5,prev2_hash,56,242,174
15,6,5,prev2_hash,57,1,1
15,6,5,prev2_hash,58,1,1
15,6,5,prev2_hash,60,2,1
15,6,5,prev2_hash,61,1,0
15,6,5,prev2_hash,62,2,2
15,6,5,prev2_hash,63,8,8
15,6,5,prev2_hash,64,3,2
15,6,5,prev2_hash,65,4,4
15,6,5,prev2_hash,66,1,1
15,6,5,prev2_hash,71,11,0
15,6,5,prev2_hash,76,1,0
15,6,5,prev2_hash,77,5,1
15,6,5,prev2_hash,78,1,1
15,6,5,prev2_hash,87,429,9
15,6,5,prev2_hash,88,105,55
15,6,5,prev2_hash,92,193,170
15,6,5,prev2_hash,101,1,1
15,6,5,prev2_hash,103,333,193
15,6,5,prev2_hash,109,1,1
15,6,5,prev2_hash,115,1,1
15,6,5,prev2_hash,116,1,0
15,6,5,prev2_hash,118,1,1
15,6,5,prev2_hash,125,1,0
15,6,5,prev2_hash,128,1,1
15,6,5,prev2_hash,130,1,1
15,6,5,prev2_hash,139,1,0
15,6,5,prev2_hash,140,1,1
15,6,5,prev2_hash,144,1,1
15,6,5,prev2_hash,154,50,0
15,6,5,prev2_hash,161,1,1
15,6,5,prev2_hash,166,1,1
15,6,5,prev2_hash,167,1,0
15,6,5,prev2_hash,175,1,1
15,6,5,prev2_hash,182,2,2
15,6,5,prev2_hash,183,2,2
15,6,5,prev2_hash,185,2,2
15,6,5,prev2_hash,189,1,1
15,6,5,prev2_hash,198,1,1
15,6,5,prev2_hash,199,1,1
15,6,5,prev2_hash,204,1,1
15,6,5,prev2_hash,205,2,1
15,6,5,prev2_hash,206,1,1
15,6,5,prev2_hash,207,1,1
15,6,5,prev2_hash,208,3,2
15,6,5,prev2_hash,212,2,2
15,6,5,prev2_hash,214,1,1
15,6,5,prev2_hash,216,1,1
15,6,5,prev2_hash,225,2,0
15,6,5,stream_band16,0,3212,2780
15,6,5,stream_band16,1,3603,3223
15,6,5,stream_band16,2,3457,3063
15,6,5,stream_band16,3,4030,3660
15,6,5,stream_band16,4,4843,4182
15,6,5,stream_band16,5,3719,3208
15,6,5,stream_band16,6,3276,2868
15,6,5,stream_band16,7,3115,2718
15,6,5,stream_band16,8,2759,2344
15,6,5,stream_band16,9,2417,2077
15,6,5,stream_band16,10,3815,3357
15,6,5,stream_band16,11,4238,3616
15,6,5,stream_band16,12,1155,763
15,6,5,stream_band16,13,1111,764
15,6,5,stream_band16,14,385,314
15,6,5,stream_band16,15,159,134
15,6,5,stream_band64,0,459,373
15,6,5,stream_band64,1,923,836
15,6,5,stream_band64,2,895,779
15,6,5,stream_band64,3,935,792
15,6,5,stream_band64,4,888,792
15,6,5,stream_band64,5,1017,921
15,6,5,stream_band64,6,945,852
15,6,5,stream_band64,7,753,658
15,6,5,stream_band64,8,874,754
15,6,5,stream_band64,9,762,673
15,6,5,stream_band64,10,822,728
15,6,5,stream_band64,11,999,908
15,6,5,stream_band64,12,1361,1248
15,6,5,stream_band64,13,1080,961
15,6,5,stream_band64,14,744,685
15,6,5,stream_band64,15,845,766
15,6,5,stream_band64,16,937,842
15,6,5,stream_band64,17,1616,1402
15,6,5,stream_band64,18,1192,994
15,6,5,stream_band64,19,1098,944
15,6,5,stream_band64,20,1025,854
15,6,5,stream_band64,21,731,630
15,6,5,stream_band64,22,834,735
15,6,5,stream_band64,23,1129,989
15,6,5,stream_band64,24,943,809
15,6,5,stream_band64,25,846,744
15,6,5,stream_band64,26,743,656
15,6,5,stream_band64,27,744,659
15,6,5,stream_band64,28,746,640
15,6,5,stream_band64,29,821,736
15,6,5,stream_band64,30,848,785
15,6,5,stream_band64,31,700,557
15,6,5,stream_band64,32,870,734
15,6,5,stream_band64,33,714,626
15,6,5,stream_band64,34,685,573
15,6,5,stream_band64,35,490,411
15,6,5,stream_band64,36,510,419
15,6,5,stream_band64,37,701,580
15,6,5,stream_band64,38,670,591
15,6,5,stream_band64,39,536,487
15,6,5,stream_band64,40,748,681
15,6,5,stream_band64,41,961,838
15,6,5,stream_band64,42,1125,934
15,6,5,stream_band64,43,981,904
15,6,5,stream_band64,44,1320,1150
15,6,5,stream_band64,45,1082,881
15,6,5,stream_band64,46,1055,906
15,6,5,stream_band64,47,781,679
15,6,5,stream_band64,48,408,335
15,6,5,stream_band64,49,162,99
15,6,5,stream_band64,50,339,113
15,6,5,stream_band64,51,246,216
15,6,5,stream_band64,52,235,99
15,6,5,stream_band64,53,193,120
15,6,5,stream_band64,54,126,91
15,6,5,stream_band64,55,557,454
15,6,5,stream_band64,56,156,128
15,6,5,stream_band64,57,143,136
15,6,5,stream_band64,58,65,40
15,6,5,stream_band64,59,21,10
15,6,5,stream_band64,62,95,79
15,6,5,stream_band64,63,64,55
17,6,4,global,0,36454,36298
17,6,4,byte_class,0,36434,36296
17,6,4,byte_class,1,1,0
17,6,4,byte_class,3,18,1
17,6,4,byte_class,5,1,1
17,6,4,line_bucket,0,36434,36296
17,6,4,line_bucket,1,18,1
17,6,4,line_bucket,3,1,1
17,6,4,line_bucket,4,1,0
17,6,4,class_line,0,36434,36296
17,6,4,class_line,12,1,0
17,6,4,class_line,25,18,1
17,6,4,class_line,43,1,1
17,6,4,prev_byte,10,36434,36296
17,6,4,prev_byte,32,1,0
17,6,4,prev_byte,77,18,1
17,6,4,prev_byte,136,1,1
17,6,4,prev2_hash,19,1,0
17,6,4,prev2_hash,20,36369,36232
17,6,4,prev2_hash,42,11,11
17,6,4,prev2_hash,51,1,1
17,6,4,prev2_hash,55,1,1
17,6,4,prev2_hash,56,22,22
17,6,4,prev2_hash,64,1,0
17,6,4,prev2_hash,87,18,1
17,6,4,prev2_hash,103,28,28
17,6,4,prev2_hash,148,1,1
17,6,4,prev2_hash,151,1,1
17,6,4,stream_band16,2,1,1
17,6,4,stream_band16,3,3,2
17,6,4,stream_band16,6,4,4
17,6,4,stream_band16,7,42,42
17,6,4,stream_band16,8,8,5
17,6,4,stream_band16,9,150,144
17,6,4,stream_band16,10,133,128
17,6,4,stream_band16,11,14,13
17,6,4,stream_band16,12,13248,13218
17,6,4,stream_band16,13,16055,15951
17,6,4,stream_band16,14,6796,6790
17,6,4,stream_band64,10,1,1
17,6,4,stream_band64,12,1,1
17,6,4,stream_band64,13,1,0
17,6,4,stream_band64,14,1,1
17,6,4,stream_band64,26,4,4
17,6,4,stream_band64,30,42,42
17,6,4,stream_band64,32,6,4
17,6,4,stream_band64,33,2,1
17,6,4,stream_band64,37,50,50
17,6,4,stream_band64,38,61,59
17,6,4,stream_band64,39,39,35
17,6,4,stream_band64,40,64,61
17,6,4,stream_band64,41,11,10
17,6,4,stream_band64,42,54,54
17,6,4,stream_band64,43,4,3
17,6,4,stream_band64,44,7,6
17,6,4,stream_band64,45,5,5
17,6,4,stream_band64,46,2,2
17,6,4,stream_band64,48,1775,1761
17,6,4,stream_band64,49,3664,3659
17,6,4,stream_band64,50,3750,3746
17,6,4,stream_band64,51,4059,4052
17,6,4,stream_band64,52,3809,3805
17,6,4,stream_band64,53,4300,4298
17,6,4,stream_band64,54,4393,4391
17,6,4,stream_band64,55,3553,3457
17,6,4,stream_band64,56,5126,5125
17,6,4,stream_band64,57,1662,1659
17,6,4,stream_band64,59,8,6
18,6,4,global,0,36942,36148
18,6,4,byte_class,0,36905,36144
18,6,4,byte_class,1,1,1
18,6,4,byte_class,3,34,2
18,6,4,byte_class,7,2,1
18,6,4,line_bucket,0,36905,36144
18,6,4,line_bucket,1,32,0
18,6,4,line_bucket,3,1,0
18,6,4,line_bucket,5,2,2
18,6,4,line_bucket,6,2,2
18,6,4,class_line,0,36905,36144
18,6,4,class_line,14,1,1
18,6,4,class_line,25,32,0
18,6,4,class_line,29,2,2
18,6,4,class_line,59,1,0
18,6,4,class_line,62,1,1
18,6,4,prev_byte,10,36905,36144
18,6,4,prev_byte,32,1,1
18,6,4,prev_byte,39,1,0
18,6,4,prev_byte,41,1,1
18,6,4,prev_byte,77,32,0
18,6,4,prev_byte,78,2,2
18,6,4,prev2_hash,19,2,0
18,6,4,prev2_hash,20,36538,35793
18,6,4,prev2_hash,42,110,101
18,6,4,prev2_hash,44,2,2
18,6,4,prev2_hash,49,1,1
18,6,4,prev2_hash,54,1,1
18,6,4,prev2_hash,55,1,1
18,6,4,prev2_hash,56,111,108
18,6,4,prev2_hash,65,1,1
18,6,4,prev2_hash,78,2,1
18,6,4,prev2_hash,87,32,0
18,6,4,prev2_hash,88,45,45
18,6,4,prev2_hash,89,1,0
18,6,4,prev2_hash,92,4,4
18,6,4,prev2_hash,103,84,83
18,6,4,prev2_hash,105,3,3
18,6,4,prev2_hash,112,2,2
18,6,4,prev2_hash,181,1,1
18,6,4,prev2_hash,199,1,1
18,6,4,stream_band16,1,2,1
18,6,4,stream_band16,2,2,2
18,6,4,stream_band16,3,4,4
18,6,4,stream_band16,4,3,3
18,6,4,stream_band16,5,4,1
18,6,4,stream_band16,6,3,3
18,6,4,stream_band16,8,7,5
18,6,4,stream_band16,9,195,179
18,6,4,stream_band16,10,230,206
18,6,4,stream_band16,11,412,388
18,6,4,stream_band16,12,13236,13168
18,6,4,stream_band16,13,16045,15395
18,6,4,stream_band16,14,6799,6793
18,6,4,stream_band64,7,2,1
18,6,4,stream_band64,9,2,2
18,6,4,stream_band64,13,1,1
18,6,4,stream_band64,14,3,3
18,6,4,stream_band64,19,3,3
18,6,4,stream_band64,20,1,0
18,6,4,stream_band64,21,1,0
18,6,4,stream_band64,22,2,1
18,6,4,stream_band64,27,3,3
18,6,4,stream_band64,32,4,4
18,6,4,stream_band64,33,2,1
18,6,4,stream_band64,35,1,0
18,6,4,stream_band64,36,1,0
18,6,4,stream_band64,37,64,63
18,6,4,stream_band64,38,88,78
18,6,4,stream_band64,39,42,38
18,6,4,stream_band64,40,82,76
18,6,4,stream_band64,41,35,26
18,6,4,stream_band64,42,96,91
18,6,4,stream_band64,43,17,13
18,6,4,stream_band64,44,155,152
18,6,4,stream_band64,45,246,226
18,6,4,stream_band64,46,11,10
18,6,4,stream_band64,48,1764,1737
18,6,4,stream_band64,49,3657,3640
18,6,4,stream_band64,50,3756,3742
18,6,4,stream_band64,51,4059,4049
18,6,4,stream_band64,52,3810,3803
18,6,4,stream_band64,53,4294,4292
18,6,4,stream_band64,54,4390,4380
18,6,4,stream_band64,55,3551,2920
18,6,4,stream_band64,56,5124,5123
18,6,4,stream_band64,57,1656,1656
18,6,4,stream_band64,58,5,2
18,6,4,stream_band64,59,14,12
19,22,117,global,0,30707,1678
19,22,117,byte_class,0,30707,1678
19,22,117,line_bucket,0,30707,1678
19,22,117,class_line,0,30707,1678
19,22,117,prev_byte,10,30707,1678
19,22,117,prev2_hash,88,30707,1678
19,22,117,stream_band16,0,786,0
19,22,117,stream_band16,1,1528,0
19,22,117,stream_band16,2,4096,0
19,22,117,stream_band16,3,1542,0
19,22,117,stream_band16,4,598,0
19,22,117,stream_band16,5,2015,0
19,22,117,stream_band16,6,1528,0
19,22,117,stream_band16,7,1833,0
19,22,117,stream_band16,8,1429,0
19,22,117,stream_band16,9,1249,0
19,22,117,stream_band16,10,1467,0
19,22,117,stream_band16,11,1045,0
19,22,117,stream_band16,12,130,0
19,22,117,stream_band16,13,50,0
19,22,117,stream_band16,14,11411,1678
19,22,117,stream_band64,0,100,0
19,22,117,stream_band64,1,75,0
19,22,117,stream_band64,2,169,0
19,22,117,stream_band64,3,442,0
19,22,117,stream_band64,4,146,0
19,22,117,stream_band64,5,342,0
19,22,117,stream_band64,6,520,0
19,22,117,stream_band64,7,520,0
19,22,117,stream_band64,8,872,0
19,22,117,stream_band64,9,942,0
19,22,117,stream_band64,10,1256,0
19,22,117,stream_band64,11,1026,0
19,22,117,stream_band64,12,729,0
19,22,117,stream_band64,13,488,0
19,22,117,stream_band64,14,237,0
19,22,117,stream_band64,15,88,0
19,22,117,stream_band64,16,117,0
19,22,117,stream_band64,17,74,0
19,22,117,stream_band64,18,156,0
19,22,117,stream_band64,19,251,0
19,22,117,stream_band64,20,257,0
19,22,117,stream_band64,21,479,0
19,22,117,stream_band64,22,580,0
19,22,117,stream_band64,23,699,0
19,22,117,stream_band64,24,225,0
19,22,117,stream_band64,25,337,0
19,22,117,stream_band64,26,265,0
19,22,117,stream_band64,27,701,0
19,22,117,stream_band64,28,1024,0
19,22,117,stream_band64,29,375,0
19,22,117,stream_band64,30,220,0
19,22,117,stream_band64,31,214,0
19,22,117,stream_band64,32,415,0
19,22,117,stream_band64,33,270,0
19,22,117,stream_band64,34,388,0
19,22,117,stream_band64,35,356,0
19,22,117,stream_band64,36,348,0
19,22,117,stream_band64,37,393,0
19,22,117,stream_band64,38,250,0
19,22,117,stream_band64,39,258,0
19,22,117,stream_band64,40,239,0
19,22,117,stream_band64,41,627,0
19,22,117,stream_band64,42,415,0
19,22,117,stream_band64,43,186,0
19,22,117,stream_band64,44,294,0
19,22,117,stream_band64,45,269,0
19,22,117,stream_band64,46,270,0
19,22,117,stream_band64,47,212,0
19,22,117,stream_band64,48,73,0
19,22,117,stream_band64,49,4,0
19,22,117,stream_band64,50,53,0
19,22,117,stream_band64,52,8,0
19,22,117,stream_band64,53,2,0
19,22,117,stream_band64,54,7,0
19,22,117,stream_band64,55,33,0
19,22,117,stream_band64,56,3,0
19,22,117,stream_band64,57,9992,1678
19,22,117,stream_band64,58,1302,0
19,22,117,stream_band64,59,114,0
21,23,1,global,0,9373,9373
21,23,1,byte_class,0,9373,9373
21,23,1,line_bucket,0,9373,9373
21,23,1,class_line,0,9373,9373
21,23,1,prev_byte,10,9373,9373
21,23,1,prev2_hash,88,9373,9373
21,23,1,stream_band16,14,4132,4132
21,23,1,stream_band16,15,5241,5241
21,23,1,stream_band64,59,4132,4132
21,23,1,stream_band64,60,5241,5241
22,6,2,global,0,34957,31908
22,6,2,byte_class,0,33867,31398
22,6,2,byte_class,1,381,130
22,6,2,byte_class,3,669,350
22,6,2,byte_class,5,9,8
22,6,2,byte_class,6,11,5
22,6,2,byte_class,7,20,17
22,6,2,line_bucket,0,33867,31398
22,6,2,line_bucket,1,120,49
22,6,2,line_bucket,2,61,58
22,6,2,line_bucket,3,338,45
22,6,2,line_bucket,4,233,127
22,6,2,line_bucket,5,152,111
22,6,2,line_bucket,6,186,120
22,6,2,class_line,0,33867,31398
22,6,2,class_line,9,120,49
22,6,2,class_line,10,61,58
22,6,2,class_line,11,186,11
22,6,2,class_line,13,3,3
22,6,2,class_line,14,11,9
22,6,2,class_line,27,142,26
22,6,2,class_line,28,228,123
22,6,2,class_line,29,146,105
22,6,2,class_line,30,153,96
22,6,2,class_line,44,1,0
22,6,2,class_line,45,2,2
22,6,2,class_line,46,6,6
22,6,2,class_line,52,1,1
22,6,2,class_line,53,1,1
22,6,2,class_line,54,9,3
22,6,2,class_line,59,10,8
22,6,2,class_line,60,3,3
22,6,2,class_line,62,7,6
22,6,2,prev_byte,9,31,31
22,6,2,prev_byte,10,33867,31398
22,6,2,prev_byte,32,350,99
22,6,2,prev_byte,39,4,3
22,6,2,prev_byte,41,3,3
22,6,2,prev_byte,45,10,8
22,6,2,prev_byte,46,3,3
22,6,2,prev_byte,77,1,0
22,6,2,prev_byte,78,668,350
22,6,2,prev_byte,93,11,5
22,6,2,prev_byte,157,1,0
22,6,2,prev_byte,197,2,2
22,6,2,prev_byte,200,6,6
22,6,2,prev2_hash,0,1,1
22,6,2,prev2_hash,3,1,0
22,6,2,prev2_hash,9,1,1
22,6,2,prev2_hash,10,7,1
22,6,2,prev2_hash,19,84,84
22,6,2,prev2_hash,20,656,541
22,6,2,prev2_hash,22,2,2
22,6,2,prev2_hash,33,1,1
22,6,2,prev2_hash,38,1,0
22,6,2,prev2_hash,42,636,516
22,6,2,prev2_hash,43,97,95
22,6,2,prev2_hash,44,1,1
22,6,2,prev2_hash,47,14,14
22,6,2,prev2_hash,49,276,232
22,6,2,prev2_hash,51,354,323
22,6,2,prev2_hash,52,10,10
22,6,2,prev2_hash,53,1,1
22,6,2,prev2_hash,55,16,13
22,6,2,prev2_hash,56,71,24
22,6,2,prev2_hash,57,1,1
22,6,2,prev2_hash,58,259,222
22,6,2,prev2_hash,59,145,119
22,6,2,prev2_hash,60,138,106
22,6,2,prev2_hash,61,98,78
22,6,2,prev2_hash,62,110,97
22,6,2,prev2_hash,63,155,133
22,6,2,prev2_hash,64,343,148
22,6,2,prev2_hash,65,110,92
22,6,2,prev2_hash,66,116,100
22,6,2,prev2_hash,67,114,91
22,6,2,prev2_hash,77,14,12
22,6,2,prev2_hash,78,4,3
22,6,2,prev2_hash,85,3,1
22,6,2,prev2_hash,87,6,4
22,6,2,prev2_hash,88,21367,19502
22,6,2,prev2_hash,89,18,18
22,6,2,prev2_hash,90,10,8
22,6,2,prev2_hash,91,2,2
22,6,2,prev2_hash,92,24,24
22,6,2,prev2_hash,103,7947,7907
22,6,2,prev2_hash,107,2,2
22,6,2,prev2_hash,110,18,11
22,6,2,prev2_hash,111,44,44
22,6,2,prev2_hash,112,211,141
22,6,2,prev2_hash,113,5,5
22,6,2,prev2_hash,114,4,4
22,6,2,prev2_hash,115,9,7
22,6,2,prev2_hash,116,7,7
22,6,2,prev2_hash,117,4,3
22,6,2,prev2_hash,118,3,3
22,6,2,prev2_hash,119,9,9
22,6,2,prev2_hash,120,12,12
22,6,2,prev2_hash,121,2,2
22,6,2,prev2_hash,122,1,1
22,6,2,prev2_hash,123,2,2
22,6,2,prev2_hash,124,1,1
22,6,2,prev2_hash,125,266,266
22,6,2,prev2_hash,126,47,43
22,6,2,prev2_hash,127,3,3
22,6,2,prev2_hash,128,6,3
22,6,2,prev2_hash,129,1,0
22,6,2,prev2_hash,130,6,6
22,6,2,prev2_hash,131,18,7
22,6,2,prev2_hash,132,1,0
22,6,2,prev2_hash,138,7,6
22,6,2,prev2_hash,139,3,3
22,6,2,prev2_hash,140,6,5
22,6,2,prev2_hash,141,3,2
22,6,2,prev2_hash,142,6,5
22,6,2,prev2_hash,143,5,5
22,6,2,prev2_hash,144,2,2
22,6,2,prev2_hash,145,2,1
22,6,2,prev2_hash,146,4,4
22,6,2,prev2_hash,147,4,4
22,6,2,prev2_hash,148,3,3
22,6,2,prev2_hash,149,11,11
22,6,2,prev2_hash,150,6,6
22,6,2,prev2_hash,151,7,7
22,6,2,prev2_hash,152,22,21
22,6,2,prev2_hash,153,27,27
22,6,2,prev2_hash,154,3,3
22,6,2,prev2_hash,155,1,1
22,6,2,prev2_hash,156,2,2
22,6,2,prev2_hash,157,4,4
22,6,2,prev2_hash,158,4,4
22,6,2,prev2_hash,159,2,2
22,6,2,prev2_hash,160,1,1
22,6,2,prev2_hash,161,8,8
22,6,2,prev2_hash,162,5,4
22,6,2,prev2_hash,163,4,3
22,6,2,prev2_hash,164,72,72
22,6,2,prev2_hash,165,10,10
22,6,2,prev2_hash,166,17,15
22,6,2,prev2_hash,167,20,20
22,6,2,prev2_hash,168,2,2
22,6,2,prev2_hash,169,10,6
22,6,2,prev2_hash,170,1,1
22,6,2,prev2_hash,171,20,19
22,6,2,prev2_hash,172,7,7
22,6,2,prev2_hash,173,5,4
22,6,2,prev2_hash,175,3,3
22,6,2,prev2_hash,176,5,5
22,6,2,prev2_hash,177,2,2
22,6,2,prev2_hash,178,4,4
22,6,2,prev2_hash,179,3,3
22,6,2,prev2_hash,180,1,1
22,6,2,prev2_hash,181,5,5
22,6,2,prev2_hash,182,9,9
22,6,2,prev2_hash,183,12,11
22,6,2,prev2_hash,184,9,7
22,6,2,prev2_hash,185,5,5
22,6,2,prev2_hash,186,17,15
22,6,2,prev2_hash,187,6,6
22,6,2,prev2_hash,188,10,8
22,6,2,prev2_hash,189,7,7
22,6,2,prev2_hash,190,1,1
22,6,2,prev2_hash,191,6,6
22,6,2,prev2_hash,192,182,77
22,6,2,prev2_hash,193,21,18
22,6,2,prev2_hash,194,8,8
22,6,2,prev2_hash,195,10,9
22,6,2,prev2_hash,196,13,12
22,6,2,prev2_hash,197,2,2
22,6,2,prev2_hash,198,2,2
22,6,2,prev2_hash,199,11,2
22,6,2,prev2_hash,200,4,3
22,6,2,prev2_hash,201,2,2
22,6,2,prev2_hash,202,2,2
22,6,2,prev2_hash,203,7,7
22,6,2,prev2_hash,204,4,4
22,6,2,prev2_hash,205,72,72
22,6,2,prev2_hash,206,9,9
22,6,2,prev2_hash,207,6,6
22,6,2,prev2_hash,208,1,1
22,6,2,prev2_hash,209,3,3
22,6,2,prev2_hash,210,3,3
22,6,2,prev2_hash,211,7,6
22,6,2,prev2_hash,212,6,6
22,6,2,prev2_hash,213,6,6
22,6,2,prev2_hash,214,75,73
22,6,2,prev2_hash,215,9,8
22,6,2,prev2_hash,216,4,4
22,6,2,prev2_hash,219,1,0
22,6,2,prev2_hash,232,146,32
22,6,2,prev2_hash,238,2,2
22,6,2,prev2_hash,245,1,0
22,6,2,prev2_hash,247,1,1
22,6,2,prev2_hash,251,2,2
22,6,2,prev2_hash,252,1,1
22,6,2,prev2_hash,254,6,6
22,6,2,prev2_hash,255,11,11
22,6,2,stream_band16,0,209,189
22,6,2,stream_band16,1,914,661
22,6,2,stream_band16,2,1480,1071
22,6,2,stream_band16,3,1139,983
22,6,2,stream_band16,4,381,323
22,6,2,stream_band16,5,2075,1985
22,6,2,stream_band16,6,439,385
22,6,2,stream_band16,7,1970,1824
22,6,2,stream_band16,8,1549,1391
22,6,2,stream_band16,9,2560,2228
22,6,2,stream_band16,10,18547,17945
22,6,2,stream_band16,11,2946,2568
22,6,2,stream_band16,12,234,118
22,6,2,stream_band16,13,54,20
22,6,2,stream_band16,14,396,153
22,6,2,stream_band16,15,64,64
22,6,2,stream_band64,0,37,37
22,6,2,stream_band64,1,49,49
22,6,2,stream_band64,2,92,91
22,6,2,stream_band64,3,31,12
22,6,2,stream_band64,4,55,31
22,6,2,stream_band64,5,142,106
22,6,2,stream_band64,6,164,137
22,6,2,stream_band64,7,553,387
22,6,2,stream_band64,8,408,373
22,6,2,stream_band64,9,423,273
22,6,2,stream_band64,10,332,267
22,6,2,stream_band64,11,317,158
22,6,2,stream_band64,12,166,69
22,6,2,stream_band64,13,914,864
22,6,2,stream_band64,14,43,39
22,6,2,stream_band64,15,16,11
22,6,2,stream_band64,16,121,67
22,6,2,stream_band64,17,49,47
22,6,2,stream_band64,18,31,30
22,6,2,stream_band64,19,180,179
22,6,2,stream_band64,20,222,189
22,6,2,stream_band64,21,1551,1538
22,6,2,stream_band64,22,62,60
22,6,2,stream_band64,23,240,198
22,6,2,stream_band64,24,19,7
22,6,2,stream_band64,25,33,31
22,6,2,stream_band64,26,199,173
22,6,2,stream_band64,27,188,174
22,6,2,stream_band64,28,630,625
22,6,2,stream_band64,29,749,669
22,6,2,stream_band64,30,170,139
22,6,2,stream_band64,31,421,391
22,6,2,stream_band64,32,442,346
22,6,2,stream_band64,33,595,589
22,6,2,stream_band64,34,493,439
22,6,2,stream_band64,35,19,17
22,6,2,stream_band64,36,717,619
22,6,2,stream_band64,37,1475,1304
22,6,2,stream_band64,38,165,115
22,6,2,stream_band64,39,203,190
22,6,2,stream_band64,40,366,182
22,6,2,stream_band64,41,8688,8520
22,6,2,stream_band64,42,8598,8502
22,6,2,stream_band64,43,895,741
22,6,2,stream_band64,44,895,810
22,6,2,stream_band64,45,561,363
22,6,2,stream_band64,46,1104,1088
22,6,2,stream_band64,47,386,307
22,6,2,stream_band64,48,141,66
22,6,2,stream_band64,49,45,29
22,6,2,stream_band64,50,10,8
22,6,2,stream_band64,51,38,15
22,6,2,stream_band64,52,10,0
22,6,2,stream_band64,53,20,7
22,6,2,stream_band64,54,14,13
22,6,2,stream_band64,55,10,0
22,6,2,stream_band64,57,15,11
22,6,2,stream_band64,58,124,111
22,6,2,stream_band64,59,257,31
22,6,2,stream_band64,63,64,64
23,6,3,global,0,28791,27220
23,6,3,byte_class,0,28313,27214
23,6,3,byte_class,1,6,0
23,6,3,byte_class,3,464,4
23,6,3,byte_class,5,1,1
23,6,3,byte_class,7,7,1
23,6,3,line_bucket,0,28313,27214
23,6,3,line_bucket,1,409,0
23,6,3,line_bucket,2,47,0
23,6,3,line_bucket,3,2,1
23,6,3,line_bucket,4,4,0
23,6,3,line_bucket,5,12,4
23,6,3,line_bucket,6,4,1
23,6,3,class_line,0,28313,27214
23,6,3,class_line,10,1,0
23,6,3,class_line,13,5,0
23,6,3,class_line,25,409,0
23,6,3,class_line,26,46,0
23,6,3,class_line,27,1,0
23,6,3,class_line,28,4,0
23,6,3,class_line,29,4,4
23,6,3,class_line,43,1,1
23,6,3,class_line,61,3,0
23,6,3,class_line,62,4,1
23,6,3,prev_byte,9,1,0
23,6,3,prev_byte,10,28313,27214
23,6,3,prev_byte,32,5,0
23,6,3,prev_byte,34,3,0
23,6,3,prev_byte,39,3,0
23,6,3,prev_byte,46,1,1
23,6,3,prev_byte,77,455,0
23,6,3,prev_byte,78,9,4
23,6,3,prev_byte,187,1,1
23,6,3,prev2_hash,19,5,4
23,6,3,prev2_hash,20,27780,26703
23,6,3,prev2_hash,22,2,1
23,6,3,prev2_hash,41,1,0
23,6,3,prev2_hash,42,105,99
23,6,3,prev2_hash,44,6,6
23,6,3,prev2_hash,49,8,8
23,6,3,prev2_hash,51,11,10
23,6,3,prev2_hash,54,1,1
23,6,3,prev2_hash,55,8,7
23,6,3,prev2_hash,56,146,142
23,6,3,prev2_hash,58,4,4
23,6,3,prev2_hash,59,1,1
23,6,3,prev2_hash,60,1,1
23,6,3,prev2_hash,61,2,2
23,6,3,prev2_hash,63,1,0
23,6,3,prev2_hash,64,1,1
23,6,3,prev2_hash,71,3,0
23,6,3,prev2_hash,72,3,0
23,6,3,prev2_hash,79,3,0
23,6,3,prev2_hash,87,414,5
23,6,3,prev2_hash,88,47,46
23,6,3,prev2_hash,89,1,1
23,6,3,prev2_hash,92,76,70
23,6,3,prev2_hash,103,79,78
23,6,3,prev2_hash,105,1,1
23,6,3,prev2_hash,111,1,1
23,6,3,prev2_hash,112,3,3
23,6,3,prev2_hash,120,1,1
23,6,3,prev2_hash,128,1,1
23,6,3,prev2_hash,131,1,1
23,6,3,prev2_hash,138,1,1
23,6,3,prev2_hash,146,1,1
23,6,3,prev2_hash,148,1,1
23,6,3,prev2_hash,150,1,0
23,6,3,prev2_hash,154,46,0
23,6,3,prev2_hash,157,2,2
23,6,3,prev2_hash,161,1,1
23,6,3,prev2_hash,165,1,1
23,6,3,prev2_hash,173,1,1
23,6,3,prev2_hash,183,1,1
23,6,3,prev2_hash,184,1,1
23,6,3,prev2_hash,187,1,1
23,6,3,prev2_hash,192,3,3
23,6,3,prev2_hash,198,1,0
23,6,3,prev2_hash,199,1,1
23,6,3,prev2_hash,201,1,1
23,6,3,prev2_hash,203,2,2
23,6,3,prev2_hash,207,1,1
23,6,3,prev2_hash,215,1,1
23,6,3,prev2_hash,217,2,2
23,6,3,prev2_hash,225,4,0
23,6,3,stream_band16,0,1274,1224
23,6,3,stream_band16,1,2559,2423
23,6,3,stream_band16,2,3524,3332
23,6,3,stream_band16,3,2424,2302
23,6,3,stream_band16,4,1260,1188
23,6,3,stream_band16,5,3384,3162
23,6,3,stream_band16,6,2240,2120
23,6,3,stream_band16,7,1715,1610
23,6,3,stream_band16,8,2190,2068
23,6,3,stream_band16,9,2150,2013
23,6,3,stream_band16,10,2310,2202
23,6,3,stream_band16,11,1906,1808
23,6,3,stream_band16,12,831,806
23,6,3,stream_band16,13,322,319
23,6,3,stream_band16,14,666,610
23,6,3,stream_band16,15,36,33
23,6,3,stream_band64,0,186,173
23,6,3,stream_band64,1,270,259
23,6,3,stream_band64,2,426,417
23,6,3,stream_band64,3,392,375
23,6,3,stream_band64,4,402,380
23,6,3,stream_band64,5,786,742
23,6,3,stream_band64,6,734,696
23,6,3,stream_band64,7,637,605
23,6,3,stream_band64,8,910,869
23,6,3,stream_band64,9,811,767
23,6,3,stream_band64,10,963,900
23,6,3,stream_band64,11,840,796
23,6,3,stream_band64,12,1053,1013
23,6,3,stream_band64,13,742,693
23,6,3,stream_band64,14,320,300
23,6,3,stream_band64,15,309,296
23,6,3,stream_band64,16,303,283
23,6,3,stream_band64,17,250,236
23,6,3,stream_band64,18,385,365
23,6,3,stream_band64,19,322,304
23,6,3,stream_band64,20,479,455
23,6,3,stream_band64,21,879,809
23,6,3,stream_band64,22,930,862
23,6,3,stream_band64,23,1096,1036
23,6,3,stream_band64,24,456,423
23,6,3,stream_band64,25,560,537
23,6,3,stream_band64,26,566,537
23,6,3,stream_band64,27,658,623
23,6,3,stream_band64,28,426,403
23,6,3,stream_band64,29,590,552
23,6,3,stream_band64,30,291,281
23,6,3,stream_band64,31,408,374
23,6,3,stream_band64,32,578,547
23,6,3,stream_band64,33,626,590
23,6,3,stream_band64,34,534,498
23,6,3,stream_band64,35,452,433
23,6,3,stream_band64,36,457,427
23,6,3,stream_band64,37,550,516
23,6,3,stream_band64,38,528,504
23,6,3,stream_band64,39,615,566
23,6,3,stream_band64,40,565,539
23,6,3,stream_band64,41,640,606
23,6,3,stream_band64,42,649,623
23,6,3,stream_band64,43,456,434
23,6,3,stream_band64,44,675,642
23,6,3,stream_band64,45,396,362
23,6,3,stream_band64,46,434,413
23,6,3,stream_band64,47,401,391
23,6,3,stream_band64,48,641,623
23,6,3,stream_band64,49,93,90
23,6,3,stream_band64,50,66,65
23,6,3,stream_band64,51,31,28
23,6,3,stream_band64,52,146,146
23,6,3,stream_band64,53,46,44
23,6,3,stream_band64,54,78,77
23,6,3,stream_band64,55,52,52
23,6,3,stream_band64,56,8,8
23,6,3,stream_band64,57,108,97
23,6,3,stream_band64,58,517,473
23,6,3,stream_band64,59,33,32
23,6,3,stream_band64,62,17,17
23,6,3,stream_band64,63,19,16
24,22,2,global,0,35418,7676
24,22,2,byte_class,0,35418,7676
24,22,2,line_bucket,0,35418,7676
24,22,2,class_line,0,35418,7676
24,22,2,prev_byte,10,35418,7676
24,22,2,prev2_hash,88,35418,7676
24,22,2,stream_band16,0,4773,476
24,22,2,stream_band16,1,3770,235
24,22,2,stream_band16,2,1433,176
24,22,2,stream_band16,3,2236,786
24,22,2,stream_band16,4,1956,1049
24,22,2,stream_band16,5,1813,197
24,22,2,stream_band16,6,1831,284
24,22,2,stream_band16,7,1882,283
24,22,2,stream_band16,8,1779,427
24,22,2,stream_band16,9,2413,405
24,22,2,stream_band16,10,2690,723
24,22,2,stream_band16,11,3975,1812
24,22,2,stream_band16,12,1330,344
24,22,2,stream_band16,13,886,462
24,22,2,stream_band16,14,2630,17
24,22,2,stream_band16,15,21,0
24,22,2,stream_band64,0,3256,76
24,22,2,stream_band64,1,794,224
24,22,2,stream_band64,2,496,144
24,22,2,stream_band64,3,227,32
24,22,2,stream_band64,4,1683,13
24,22,2,stream_band64,5,864,86
24,22,2,stream_band64,6,698,17
24,22,2,stream_band64,7,525,119
24,22,2,stream_band64,8,371,19
24,22,2,stream_band64,9,382,78
24,22,2,stream_band64,10,299,23
24,22,2,stream_band64,11,381,56
24,22,2,stream_band64,12,586,223
24,22,2,stream_band64,13,673,155
24,22,2,stream_band64,14,573,255
24,22,2,stream_band64,15,404,153
24,22,2,stream_band64,16,372,110
24,22,2,stream_band64,17,572,351
24,22,2,stream_band64,18,801,551
24,22,2,stream_band64,19,211,37
24,22,2,stream_band64,20,358,71
24,22,2,stream_band64,21,567,15
24,22,2,stream_band64,22,460,23
24,22,2,stream_band64,23,428,88
24,22,2,stream_band64,24,226,11
24,22,2,stream_band64,25,557,255
24,22,2,stream_band64,26,403,9
24,22,2,stream_band64,27,645,9
24,22,2,stream_band64,28,519,33
24,22,2,stream_band64,29,405,67
24,22,2,stream_band64,30,499,23
24,22,2,stream_band64,31,459,160
24,22,2,stream_band64,32,353,27
24,22,2,stream_band64,33,499,96
24,22,2,stream_band64,34,478,128
24,22,2,stream_band64,35,449,176
24,22,2,stream_band64,36,621,82
24,22,2,stream_band64,37,650,51
24,22,2,stream_band64,38,540,164
24,22,2,stream_band64,39,602,108
24,22,2,stream_band64,40,652,88
24,22,2,stream_band64,41,558,136
24,22,2,stream_band64,42,715,306
24,22,2,stream_band64,43,765,193
24,22,2,stream_band64,44,1093,169
24,22,2,stream_band64,45,1281,965
24,22,2,stream_band64,46,1046,553
24,22,2,stream_band64,47,555,125
24,22,2,stream_band64,48,523,212
24,22,2,stream_band64,49,244,61
24,22,2,stream_band64,50,313,45
24,22,2,stream_band64,51,250,26
24,22,2,stream_band64,52,250,166
24,22,2,stream_band64,53,254,216
24,22,2,stream_band64,54,171,44
24,22,2,stream_band64,55,211,36
24,22,2,stream_band64,56,38,1
24,22,2,stream_band64,57,1522,10
24,22,2,stream_band64,58,915,6
24,22,2,stream_band64,59,155,0
24,22,2,stream_band64,60,21,0
26,6,2,global,0,61064,24009
26,6,2,byte_class,0,3409,1419
26,6,2,byte_class,1,4614,1773
26,6,2,byte_class,2,15170,10049
26,6,2,byte_class,3,4685,1158
26,6,2,byte_class,4,3127,1043
26,6,2,byte_class,5,5909,2185
26,6,2,byte_class,6,18618,4120
26,6,2,byte_class,7,5532,2262
26,6,2,line_bucket,0,3409,1419
26,6,2,line_bucket,1,51,23
26,6,2,line_bucket,2,7,7
26,6,2,line_bucket,3,539,243
26,6,2,line_bucket,4,5984,383
26,6,2,line_bucket,5,16059,1897
26,6,2,line_bucket,6,35015,20037
26,6,2,class_line,0,3409,1419
26,6,2,class_line,9,51,23
26,6,2,class_line,10,2,2
26,6,2,class_line,11,10,2
26,6,2,class_line,12,146,7
26,6,2,class_line,13,1718,58
26,6,2,class_line,14,2687,1681
26,6,2,class_line,18,1,1
26,6,2,class_line,19,201,86
26,6,2,class_line,20,1117,21
26,6,2,class_line,21,1734,565
26,6,2,class_line,22,12117,9376
26,6,2,class_line,26,2,2
26,6,2,class_line,27,182,130
26,6,2,class_line,28,2052,23
26,6,2,class_line,29,909,180
26,6,2,class_line,30,1540,823
26,6,2,class_line,35,25,4
26,6,2,class_line,36,280,19
26,6,2,class_line,37,669,134
26,6,2,class_line,38,2153,886
26,6,2,class_line,42,1,1
26,6,2,class_line,43,105,14
26,6,2,class_line,44,1339,120
26,6,2,class_line,45,1166,416
26,6,2,class_line,46,3298,1634
26,6,2,class_line,51,4,2
26,6,2,class_line,52,784,104
26,6,2,class_line,53,8413,381
26,6,2,class_line,54,9417,3633
26,6,2,class_line,58,1,1
26,6,2,class_line,59,12,5
26,6,2,class_line,60,266,89
26,6,2,class_line,61,1450,163
26,6,2,class_line,62,3803,2004
26,6,2,prev_byte,9,68,0
26,6,2,prev_byte,10,3409,1419
26,6,2,prev_byte,32,4546,1773
26,6,2,prev_byte,33,1392,842
26,6,2,prev_byte,34,36,26
26,6,2,prev_byte,37,163,77
26,6,2,prev_byte,38,1,0
26,6,2,prev_byte,39,2124,281
26,6,2,prev_byte,40,1,0
26,6,2,prev_byte,41,1169,730
26,6,2,prev_byte,42,44,28
26,6,2,prev_byte,43,3,1
26,6,2,prev_byte,44,1,0
26,6,2,prev_byte,45,206,39
26,6,2,prev_byte,46,436,265
26,6,2,prev_byte,47,13,6
26,6,2,prev_byte,48,2392,1247
26,6,2,prev_byte,49,1693,1049
26,6,2,prev_byte,50,1516,1024
26,6,2,prev_byte,51,1457,1012
26,6,2,prev_byte,52,1433,1005
26,6,2,prev_byte,53,1412,976
26,6,2,prev_byte,54,1452,1004
26,6,2,prev_byte,55,1307,938
26,6,2,prev_byte,56,1302,926
26,6,2,prev_byte,57,1206,868
26,6,2,prev_byte,74,2063,14
26,6,2,prev_byte,75,119,44
26,6,2,prev_byte,77,16,2
26,6,2,prev_byte,78,2280,1035
26,6,2,prev_byte,79,86,39
26,6,2,prev_byte,82,121,24
26,6,2,prev_byte,93,18560,4086
26,6,2,prev_byte,95,1,1
26,6,2,prev_byte,97,112,37
26,6,2,prev_byte,98,172,34
26,6,2,prev_byte,99,64,28
26,6,2,prev_byte,100,71,16
26,6,2,prev_byte,101,357,130
26,6,2,prev_byte,102,65,18
26,6,2,prev_byte,103,144,75
26,6,2,prev_byte,104,151,62
26,6,2,prev_byte,105,111,26
26,6,2,prev_byte,106,10,2
26,6,2,prev_byte,107,64,10
26,6,2,prev_byte,108,184,68
26,6,2,prev_byte,109,243,162
26,6,2,prev_byte,110,214,65
26,6,2,prev_byte,111,72,11
26,6,2,prev_byte,112,47,8
26,6,2,prev_byte,113,11,0
26,6,2,prev_byte,114,93,13
26,6,2,prev_byte,115,375,33
26,6,2,prev_byte,116,334,171
26,6,2,prev_byte,117,45,10
26,6,2,prev_byte,118,39,9
26,6,2,prev_byte,119,31,12
26,6,2,prev_byte,120,46,26
26,6,2,prev_byte,121,41,10
26,6,2,prev_byte,122,31,7
26,6,2,prev_byte,128,70,53
26,6,2,prev_byte,129,84,12
26,6,2,prev_byte,130,63,9
26,6,2,prev_byte,131,71,8
26,6,2,prev_byte,132,51,24
26,6,2,prev_byte,133,29,12
26,6,2,prev_byte,134,97,9
26,6,2,prev_byte,135,37,12
26,6,2,prev_byte,136,45,25
26,6,2,prev_byte,137,39,17
26,6,2,prev_byte,138,35,17
26,6,2,prev_byte,139,134,28
26,6,2,prev_byte,140,49,23
26,6,2,prev_byte,141,83,13
26,6,2,prev_byte,142,81,21
26,6,2,prev_byte,143,51,3
26,6,2,prev_byte,144,90,21
26,6,2,prev_byte,145,145,120
26,6,2,prev_byte,146,77,12
26,6,2,prev_byte,147,79,26
26,6,2,prev_byte,148,30,12
26,6,2,prev_byte,149,73,31
26,6,2,prev_byte,150,54,12
26,6,2,prev_byte,151,41,24
26,6,2,prev_byte,152,74,16
26,6,2,prev_byte,153,56,25
26,6,2,prev_byte,154,130,81
26,6,2,prev_byte,155,111,53
26,6,2,prev_byte,156,24,10
26,6,2,prev_byte,157,68,14
26,6,2,prev_byte,158,37,19
26,6,2,prev_byte,159,54,9
26,6,2,prev_byte,160,92,50
26,6,2,prev_byte,161,124,87
26,6,2,prev_byte,162,61,29
26,6,2,prev_byte,163,66,18
26,6,2,prev_byte,164,89,22
26,6,2,prev_byte,165,74,16
26,6,2,prev_byte,166,93,20
26,6,2,prev_byte,167,112,74
26,6,2,prev_byte,168,70,19
26,6,2,prev_byte,169,117,53
26,6,2,prev_byte,170,35,9
26,6,2,prev_byte,171,81,27
26,6,2,prev_byte,172,287,102
26,6,2,prev_byte,173,47,34
26,6,2,prev_byte,174,64,25
26,6,2,prev_byte,175,49,8
26,6,2,prev_byte,176,99,27
26,6,2,prev_byte,177,31,14
26,6,2,prev_byte,178,154,86
26,6,2,prev_byte,179,40,12
26,6,2,prev_byte,180,41,6
26,6,2,prev_byte,181,36,14
26,6,2,prev_byte,182,78,31
26,6,2,prev_byte,183,159,22
26,6,2,prev_byte,184,59,27
26,6,2,prev_byte,185,171,19
26,6,2,prev_byte,186,77,19
26,6,2,prev_byte,187,48,8
26,6,2,prev_byte,188,26,9
26,6,2,prev_byte,189,51,30
26,6,2,prev_byte,190,106,65
26,6,2,prev_byte,191,45,3
26,6,2,prev_byte,192,73,27
26,6,2,prev_byte,193,51,15
26,6,2,prev_byte,194,65,21
26,6,2,prev_byte,195,61,29
26,6,2,prev_byte,196,183,106
26,6,2,prev_byte,197,62,20
26,6,2,prev_byte,198,41,17
26,6,2,prev_byte,199,62,9
26,6,2,prev_byte,200,52,17
26,6,2,prev_byte,201,33,19
26,6,2,prev_byte,202,50,26
26,6,2,prev_byte,203,34,18
26,6,2,prev_byte,204,81,13
26,6,2,prev_byte,205,138,60
26,6,2,prev_byte,206,46,15
26,6,2,prev_byte,207,33,17
26,6,2,prev2_hash,0,36,8
26,6,2,prev2_hash,1,86,25
26,6,2,prev2_hash,2,112,33
26,6,2,prev2_hash,3,146,17
26,6,2,prev2_hash,4,169,45
26,6,2,prev2_hash,5,122,36
26,6,2,prev2_hash,6,86,13
26,6,2,prev2_hash,7,34,7
26,6,2,prev2_hash,8,112,65
26,6,2,prev2_hash,9,244,64
26,6,2,prev2_hash,10,1045,297
26,6,2,prev2_hash,11,144,74
26,6,2,prev2_hash,12,67,21
26,6,2,prev2_hash,13,265,81
26,6,2,prev2_hash,14,149,71
26,6,2,prev2_hash,15,162,92
26,6,2,prev2_hash,16,108,18
26,6,2,prev2_hash,17,120,34
26,6,2,prev2_hash,18,312,168
26,6,2,prev2_hash,19,39,13
26,6,2,prev2_hash,20,189,49
26,6,2,prev2_hash,21,183,9
26,6,2,prev2_hash,22,337,94
26,6,2,prev2_hash,23,208,22
26,6,2,prev2_hash,24,140,59
26,6,2,prev2_hash,25,68,13
26,6,2,prev2_hash,26,145,36
26,6,2,prev2_hash,27,34,6
26,6,2,prev2_hash,28,45,8
26,6,2,prev2_hash,29,48,27
26,6,2,prev2_hash,30,45,24
26,6,2,prev2_hash,31,93,17
26,6,2,prev2_hash,32,56,27
26,6,2,prev2_hash,33,180,32
26,6,2,prev2_hash,34,134,99
26,6,2,prev2_hash,35,100,35
26,6,2,prev2_hash,36,52,16
26,6,2,prev2_hash,37,46,14
26,6,2,prev2_hash,38,79,20
26,6,2,prev2_hash,39,44,16
26,6,2,prev2_hash,40,258,11
26,6,2,prev2_hash,41,58,15
26,6,2,prev2_hash,42,170,71
26,6,2,prev2_hash,43,213,24
26,6,2,prev2_hash,44,23,10
26,6,2,prev2_hash,47,2,1
26,6,2,prev2_hash,49,47,22
26,6,2,prev2_hash,51,48,17
26,6,2,prev2_hash,52,4,1
26,6,2,prev2_hash,53,1,0
26,6,2,prev2_hash,55,3,0
26,6,2,prev2_hash,56,65,62
26,6,2,prev2_hash,57,1,1
26,6,2,prev2_hash,58,5,0
26,6,2,prev2_hash,59,3,1
26,6,2,prev2_hash,60,1,0
26,6,2,prev2_hash,61,2,0
26,6,2,prev2_hash,62,2,0
26,6,2,prev2_hash,63,2,1
26,6,2,prev2_hash,64,1477,1189
26,6,2,prev2_hash,65,12,7
26,6,2,prev2_hash,66,22,21
26,6,2,prev2_hash,67,3,0
26,6,2,prev2_hash,69,15,13
26,6,2,prev2_hash,71,2743,850
26,6,2,prev2_hash,73,112,84
26,6,2,prev2_hash,74,5,4
26,6,2,prev2_hash,75,15,15
26,6,2,prev2_hash,76,3,1
26,6,2,prev2_hash,77,16,3
26,6,2,prev2_hash,78,2126,285
26,6,2,prev2_hash,80,82,22
26,6,2,prev2_hash,81,98,26
26,6,2,prev2_hash,82,51,20
26,6,2,prev2_hash,83,57,13
26,6,2,prev2_hash,84,71,11
26,6,2,prev2_hash,85,83,31
26,6,2,prev2_hash,86,38,8
26,6,2,prev2_hash,87,88,54
26,6,2,prev2_hash,88,379,300
26,6,2,prev2_hash,89,67,20
26,6,2,prev2_hash,90,170,17
26,6,2,prev2_hash,91,38,14
26,6,2,prev2_hash,92,255,140
26,6,2,prev2_hash,93,58,51
26,6,2,prev2_hash,94,70,23
26,6,2,prev2_hash,95,55,17
26,6,2,prev2_hash,96,840,289
26,6,2,prev2_hash,97,460,251
26,6,2,prev2_hash,98,619,351
26,6,2,prev2_hash,99,673,385
26,6,2,prev2_hash,100,750,503
26,6,2,prev2_hash,101,892,612
26,6,2,prev2_hash,102,1017,700
26,6,2,prev2_hash,103,3372,1595
26,6,2,prev2_hash,104,1146,849
26,6,2,prev2_hash,105,1272,944
26,6,2,prev2_hash,106,1274,946
26,6,2,prev2_hash,107,995,755
26,6,2,prev2_hash,108,903,665
26,6,2,prev2_hash,109,719,526
26,6,2,prev2_hash,110,720,529
26,6,2,prev2_hash,111,509,333
26,6,2,prev2_hash,112,558,342
26,6,2,prev2_hash,113,222,163
26,6,2,prev2_hash,114,137,94
26,6,2,prev2_hash,115,56,13
26,6,2,prev2_hash,116,75,27
26,6,2,prev2_hash,117,60,14
26,6,2,prev2_hash,118,66,59
26,6,2,prev2_hash,119,24,3
26,6,2,prev2_hash,120,97,40
26,6,2,prev2_hash,121,69,19
26,6,2,prev2_hash,122,44,25
26,6,2,prev2_hash,123,154,58
26,6,2,prev2_hash,124,155,97
26,6,2,prev2_hash,125,816,96
26,6,2,prev2_hash,126,241,64
26,6,2,prev2_hash,127,262,70
26,6,2,prev2_hash,128,239,102
26,6,2,prev2_hash,129,213,93
26,6,2,prev2_hash,130,158,36
26,6,2,prev2_hash,131,124,35
26,6,2,prev2_hash,132,149,58
26,6,2,prev2_hash,133,127,25
26,6,2,prev2_hash,134,368,139
26,6,2,prev2_hash,135,118,42
26,6,2,prev2_hash,136,135,51
26,6,2,prev2_hash,137,78,22
26,6,2,prev2_hash,138,77,33
26,6,2,prev2_hash,139,175,136
26,6,2,prev2_hash,140,84,47
26,6,2,prev2_hash,141,581,224
26,6,2,prev2_hash,142,380,119
26,6,2,prev2_hash,143,316,128
26,6,2,prev2_hash,144,325,178
26,6,2,prev2_hash,145,309,204
26,6,2,prev2_hash,146,210,100
26,6,2,prev2_hash,147,214,108
26,6,2,prev2_hash,148,255,121
26,6,2,prev2_hash,149,341,109
26,6,2,prev2_hash,150,620,307
26,6,2,prev2_hash,151,113,28
26,6,2,prev2_hash,152,136,83
26,6,2,prev2_hash,153,85,11
26,6,2,prev2_hash,154,71,18
26,6,2,prev2_hash,155,88,15
26,6,2,prev2_hash,156,63,18
26,6,2,prev2_hash,157,106,48
26,6,2,prev2_hash,158,77,30
26,6,2,prev2_hash,159,63,17
26,6,2,prev2_hash,160,91,19
26,6,2,prev2_hash,161,36,7
26,6,2,prev2_hash,162,68,25
26,6,2,prev2_hash,163,89,30
26,6,2,prev2_hash,164,136,62
26,6,2,prev2_hash,165,117,33
26,6,2,prev2_hash,166,95,28
26,6,2,prev2_hash,167,228,31
26,6,2,prev2_hash,168,101,32
26,6,2,prev2_hash,169,64,25
26,6,2,prev2_hash,170,44,19
26,6,2,prev2_hash,171,84,20
26,6,2,prev2_hash,172,143,56
26,6,2,prev2_hash,173,95,18
26,6,2,prev2_hash,174,105,65
26,6,2,prev2_hash,175,49,19
26,6,2,prev2_hash,176,126,41
26,6,2,prev2_hash,177,109,89
26,6,2,prev2_hash,178,85,19
26,6,2,prev2_hash,179,38,6
26,6,2,prev2_hash,180,79,20
26,6,2,prev2_hash,181,113,14
26,6,2,prev2_hash,182,74,53
26,6,2,prev2_hash,183,152,88
26,6,2,prev2_hash,184,59,28
26,6,2,prev2_hash,185,49,26
26,6,2,prev2_hash,186,171,125
26,6,2,prev2_hash,187,82,43
26,6,2,prev2_hash,188,53,12
26,6,2,prev2_hash,189,50,22
26,6,2,prev2_hash,190,3129,135
26,6,2,prev2_hash,191,70,24
26,6,2,prev2_hash,192,204,48
26,6,2,prev2_hash,193,164,31
26,6,2,prev2_hash,194,662,56
26,6,2,prev2_hash,195,75,13
26,6,2,prev2_hash,196,213,86
26,6,2,prev2_hash,197,105,28
26,6,2,prev2_hash,198,216,26
26,6,2,prev2_hash,199,40,18
26,6,2,prev2_hash,200,172,21
26,6,2,prev2_hash,201,437,48
26,6,2,prev2_hash,202,180,33
26,6,2,prev2_hash,203,1015,53
26,6,2,prev2_hash,204,1254,222
26,6,2,prev2_hash,205,120,11
26,6,2,prev2_hash,206,115,28
26,6,2,prev2_hash,207,407,35
26,6,2,prev2_hash,208,1245,39
26,6,2,prev2_hash,209,261,23
26,6,2,prev2_hash,210,235,94
26,6,2,prev2_hash,211,196,45
26,6,2,prev2_hash,212,96,8
26,6,2,prev2_hash,213,150,27
26,6,2,prev2_hash,214,238,48
26,6,2,prev2_hash,215,373,26
26,6,2,prev2_hash,216,229,56
26,6,2,prev2_hash,217,192,29
26,6,2,prev2_hash,218,161,67
26,6,2,prev2_hash,219,123,57
26,6,2,prev2_hash,220,51,15
26,6,2,prev2_hash,221,113,40
26,6,2,prev2_hash,222,73,18
26,6,2,prev2_hash,223,464,24
26,6,2,prev2_hash,224,110,38
26,6,2,prev2_hash,225,219,32
26,6,2,prev2_hash,226,196,26
26,6,2,prev2_hash,227,376,250
26,6,2,prev2_hash,228,150,26
26,6,2,prev2_hash,229,128,25
26,6,2,prev2_hash,230,129,67
26,6,2,prev2_hash,231,198,115
26,6,2,prev2_hash,232,177,138
26,6,2,prev2_hash,233,206,104
26,6,2,prev2_hash,234,95,56
26,6,2,prev2_hash,235,75,23
26,6,2,prev2_hash,236,299,71
26,6,2,prev2_hash,237,58,22
26,6,2,prev2_hash,238,186,46
26,6,2,prev2_hash,239,101,14
26,6,2,prev2_hash,240,108,52
26,6,2,prev2_hash,241,108,38
26,6,2,prev2_hash,242,230,80
26,6,2,prev2_hash,243,153,91
26,6,2,prev2_hash,244,179,162
26,6,2,prev2_hash,245,82,35
26,6,2,prev2_hash,246,151,56
26,6,2,prev2_hash,247,158,57
26,6,2,prev2_hash,248,79,34
26,6,2,prev2_hash,249,137,27
26,6,2,prev2_hash,250,71,21
26,6,2,prev2_hash,251,234,148
26,6,2,prev2_hash,252,129,41
26,6,2,prev2_hash,253,81,33
26,6,2,prev2_hash,254,319,76
26,6,2,prev2_hash,255,83,15
26,6,2,stream_band16,0,563,201
26,6,2,stream_band16,1,2467,930
26,6,2,stream_band16,2,4682,1500
26,6,2,stream_band16,3,3911,1125
26,6,2,stream_band16,4,349,150
26,6,2,stream_band16,5,5917,1875
26,6,2,stream_band16,6,1282,385
26,6,2,stream_band16,7,3045,1325
26,6,2,stream_band16,8,1729,712
26,6,2,stream_band16,9,5079,2239
26,6,2,stream_band16,10,20446,9630
26,6,2,stream_band16,11,8646,2756
26,6,2,stream_band16,12,905,397
26,6,2,stream_band16,13,1504,497
26,6,2,stream_band16,14,346,222
26,6,2,stream_band16,15,193,65
26,6,2,stream_band64,0,54,38
26,6,2,stream_band64,1,97,38
26,6,2,stream_band64,2,327,92
26,6,2,stream_band64,3,85,33
26,6,2,stream_band64,4,148,53
26,6,2,stream_band64,5,327,148
26,6,2,stream_band64,6,460,197
26,6,2,stream_band64,7,1532,532
26,6,2,stream_band64,8,826,395
26,6,2,stream_band64,9,1583,395
26,6,2,stream_band64,10,1129,327
26,6,2,stream_band64,11,1144,383
26,6,2,stream_band64,12,178,77
26,6,2,stream_band64,13,3575,1005
26,6,2,stream_band64,14,139,40
26,6,2,stream_band64,15,19,3
26,6,2,stream_band64,16,160,71
26,6,2,stream_band64,17,97,31
26,6,2,stream_band64,18,7,3
26,6,2,stream_band64,19,85,45
26,6,2,stream_band64,20,462,194
26,6,2,stream_band64,21,5002,1495
26,6,2,stream_band64,22,184,78
26,6,2,stream_band64,23,269,108
26,6,2,stream_band64,24,16,16
26,6,2,stream_band64,25,34,34
26,6,2,stream_band64,26,391,121
26,6,2,stream_band64,27,841,214
26,6,2,stream_band64,28,289,123
26,6,2,stream_band64,29,1793,751
26,6,2,stream_band64,30,470,182
26,6,2,stream_band64,31,493,269
26,6,2,stream_band64,32,1150,454
26,6,2,stream_band64,33,196,42
26,6,2,stream_band64,34,340,197
26,6,2,stream_band64,35,43,19
26,6,2,stream_band64,36,1331,701
26,6,2,stream_band64,37,3047,1290
26,6,2,stream_band64,38,229,111
26,6,2,stream_band64,39,472,137
26,6,2,stream_band64,40,522,298
26,6,2,stream_band64,41,17145,8271
26,6,2,stream_band64,42,1990,748
26,6,2,stream_band64,43,789,313
26,6,2,stream_band64,44,2096,706
26,6,2,stream_band64,45,1161,620
26,6,2,stream_band64,46,3104,859
26,6,2,stream_band64,47,2285,571
26,6,2,stream_band64,48,423,197
26,6,2,stream_band64,49,90,43
26,6,2,stream_band64,50,74,58
26,6,2,stream_band64,51,318,99
26,6,2,stream_band64,52,1380,392
26,6,2,stream_band64,53,100,93
26,6,2,stream_band64,54,6,3
26,6,2,stream_band64,55,18,9
26,6,2,stream_band64,57,22,9
26,6,2,stream_band64,58,151,76
26,6,2,stream_band64,59,173,137
26,6,2,stream_band64,63,193,65
27,12,4,global,0,10888,10066
27,12,4,byte_class,0,10888,10066
27,12,4,line_bucket,0,10888,10066
27,12,4,class_line,0,10888,10066
27,12,4,prev_byte,10,10888,10066
27,12,4,prev2_hash,88,10888,10066
27,12,4,stream_band16,14,4831,4757
27,12,4,stream_band16,15,6057,5309
27,12,4,stream_band64,59,4831,4757
27,12,4,stream_band64,60,6057,5309
29,6,2,global,0,24041,22211
29,6,2,byte_class,5,24041,22211
29,6,2,line_bucket,2,1422,385
29,6,2,line_bucket,3,47,19
29,6,2,line_bucket,4,451,365
29,6,2,line_bucket,5,1432,1347
29,6,2,line_bucket,6,20689,20095
29,6,2,class_line,42,1422,385
29,6,2,class_line,43,47,19
29,6,2,class_line,44,451,365
29,6,2,class_line,45,1432,1347
29,6,2,class_line,46,20689,20095
29,6,2,prev_byte,223,24041,22211
29,6,2,prev2_hash,14,24009,22185
29,6,2,prev2_hash,43,22,19
29,6,2,prev2_hash,230,10,7
29,6,2,stream_band16,0,201,114
29,6,2,stream_band16,1,930,870
29,6,2,stream_band16,2,1500,1410
29,6,2,stream_band16,3,1125,1114
29,6,2,stream_band16,4,150,129
29,6,2,stream_band16,5,1876,1825
29,6,2,stream_band16,6,385,330
29,6,2,stream_band16,7,1325,1297
29,6,2,stream_band16,8,723,633
29,6,2,stream_band16,9,2243,2160
29,6,2,stream_band16,10,9642,9318
29,6,2,stream_band16,11,2756,2576
29,6,2,stream_band16,12,398,168
29,6,2,stream_band16,13,499,18
29,6,2,stream_band16,14,223,185
29,6,2,stream_band16,15,65,64
29,6,2,stream_band64,0,38,9
29,6,2,stream_band64,1,38,37
29,6,2,stream_band64,2,92,47
29,6,2,stream_band64,3,33,21
29,6,2,stream_band64,4,53,44
29,6,2,stream_band64,5,148,139
29,6,2,stream_band64,6,197,178
29,6,2,stream_band64,7,532,509
29,6,2,stream_band64,8,395,384
29,6,2,stream_band64,9,395,385
29,6,2,stream_band64,10,327,274
29,6,2,stream_band64,11,383,367
29,6,2,stream_band64,12,77,73
29,6,2,stream_band64,13,1005,1002
29,6,2,stream_band64,14,40,39
29,6,2,stream_band64,15,3,0
29,6,2,stream_band64,16,71,71
29,6,2,stream_band64,17,31,28
29,6,2,stream_band64,18,3,2
29,6,2,stream_band64,19,45,28
29,6,2,stream_band64,20,194,191
29,6,2,stream_band64,21,1495,1492
29,6,2,stream_band64,22,78,75
29,6,2,stream_band64,23,109,67
29,6,2,stream_band64,24,16,7
29,6,2,stream_band64,25,34,23
29,6,2,stream_band64,26,121,114
29,6,2,stream_band64,27,214,186
29,6,2,stream_band64,28,123,121
29,6,2,stream_band64,29,751,738
29,6,2,stream_band64,30,182,180
29,6,2,stream_band64,31,269,258
29,6,2,stream_band64,32,455,383
29,6,2,stream_band64,33,42,39
29,6,2,stream_band64,34,205,194
29,6,2,stream_band64,35,21,17
29,6,2,stream_band64,36,703,665
29,6,2,stream_band64,37,1292,1269
29,6,2,stream_band64,38,111,96
29,6,2,stream_band64,39,137,130
29,6,2,stream_band64,40,300,153
29,6,2,stream_band64,41,8272,8250
29,6,2,stream_band64,42,748,696
29,6,2,stream_band64,43,322,219
29,6,2,stream_band64,44,706,688
29,6,2,stream_band64,45,620,471
29,6,2,stream_band64,46,859,853
29,6,2,stream_band64,47,571,564
29,6,2,stream_band64,48,197,88
29,6,2,stream_band64,49,43,38
29,6,2,stream_band64,50,58,8
29,6,2,stream_band64,51,100,34
29,6,2,stream_band64,52,393,3
29,6,2,stream_band64,53,94,9
29,6,2,stream_band64,54,3,2
29,6,2,stream_band64,55,9,4
29,6,2,stream_band64,57,9,5
29,6,2,stream_band64,58,77,49
29,6,2,stream_band64,59,137,131
29,6,2,stream_band64,63,65,64
30,6,2,global,0,23053,22035
30,6,2,byte_class,3,23053,22035
30,6,2,line_bucket,1,1,1
30,6,2,line_bucket,4,1,0
30,6,2,line_bucket,5,1,0
30,6,2,line_bucket,6,23050,22034
30,6,2,class_line,25,1,1
30,6,2,class_line,28,1,0
30,6,2,class_line,29,1,0
30,6,2,class_line,30,23050,22034
30,6,2,prev_byte,74,1,1
30,6,2,prev_byte,80,23052,22034
30,6,2,prev2_hash,2,1,1
30,6,2,prev2_hash,12,1,1
30,6,2,prev2_hash,90,1,1
30,6,2,prev2_hash,112,10,6
30,6,2,prev2_hash,121,22885,22004
30,6,2,prev2_hash,124,2,0
30,6,2,prev2_hash,126,127,0
30,6,2,prev2_hash,162,24,22
30,6,2,prev2_hash,173,2,0
30,6,2,stream_band16,10,1,0
30,6,2,stream_band16,12,11674,11050
30,6,2,stream_band16,13,9512,9169
30,6,2,stream_band16,14,1866,1816
30,6,2,stream_band64,40,1,0
30,6,2,stream_band64,48,1572,1318
30,6,2,stream_band64,49,3334,3133
30,6,2,stream_band64,50,3344,3259
30,6,2,stream_band64,51,3424,3340
30,6,2,stream_band64,52,3037,2926
30,6,2,stream_band64,53,3213,3143
30,6,2,stream_band64,54,2265,2183
30,6,2,stream_band64,55,997,917
30,6,2,stream_band64,56,446,442
30,6,2,stream_band64,57,1420,1374
32,11,5,global,0,9679,8679
32,11,5,byte_class,0,9679,8679
32,11,5,line_bucket,0,9679,8679
32,11,5,class_line,0,9679,8679
32,11,5,prev_byte,10,9679,8679
32,11,5,prev2_hash,88,9679,8679
32,11,5,stream_band16,0,39,0
32,11,5,stream_band16,1,39,0
32,11,5,stream_band16,2,48,0
32,11,5,stream_band16,3,54,0
32,11,5,stream_band16,4,47,0
32,11,5,stream_band16,5,28,0
32,11,5,stream_band16,6,48,0
32,11,5,stream_band16,7,39,0
32,11,5,stream_band16,8,38,0
32,11,5,stream_band16,9,42,0
32,11,5,stream_band16,10,90,0
32,11,5,stream_band16,11,49,0
32,11,5,stream_band16,12,78,0
32,11,5,stream_band16,13,26,0
32,11,5,stream_band16,14,4716,4445
32,11,5,stream_band16,15,4298,4234
32,11,5,stream_band64,0,11,0
32,11,5,stream_band64,1,13,0
32,11,5,stream_band64,2,7,0
32,11,5,stream_band64,3,8,0
32,11,5,stream_band64,4,14,0
32,11,5,stream_band64,5,10,0
32,11,5,stream_band64,6,5,0
32,11,5,stream_band64,7,10,0
32,11,5,stream_band64,8,10,0
32,11,5,stream_band64,9,13,0
32,11,5,stream_band64,10,15,0
32,11,5,stream_band64,11,10,0
32,11,5,stream_band64,12,20,0
32,11,5,stream_band64,13,14,0
32,11,5,stream_band64,14,9,0
32,11,5,stream_band64,15,11,0
32,11,5,stream_band64,16,14,0
32,11,5,stream_band64,17,8,0
32,11,5,stream_band64,18,13,0
32,11,5,stream_band64,19,12,0
32,11,5,stream_band64,20,7,0
32,11,5,stream_band64,21,6,0
32,11,5,stream_band64,22,7,0
32,11,5,stream_band64,23,8,0
32,11,5,stream_band64,24,9,0
32,11,5,stream_band64,25,12,0
32,11,5,stream_band64,26,10,0
32,11,5,stream_band64,27,17,0
32,11,5,stream_band64,28,16,0
32,11,5,stream_band64,29,7,0
32,11,5,stream_band64,30,3,0
32,11,5,stream_band64,31,13,0
32,11,5,stream_band64,32,13,0
32,11,5,stream_band64,33,7,0
32,11,5,stream_band64,34,10,0
32,11,5,stream_band64,35,8,0
32,11,5,stream_band64,36,11,0
32,11,5,stream_band64,37,15,0
32,11,5,stream_band64,38,8,0
32,11,5,stream_band64,39,8,0
32,11,5,stream_band64,40,16,0
32,11,5,stream_band64,41,13,0
32,11,5,stream_band64,42,14,0
32,11,5,stream_band64,43,47,0
32,11,5,stream_band64,44,16,0
32,11,5,stream_band64,45,11,0
32,11,5,stream_band64,46,14,0
32,11,5,stream_band64,47,8,0
32,11,5,stream_band64,48,61,0
32,11,5,stream_band64,49,11,0
32,11,5,stream_band64,50,3,0
32,11,5,stream_band64,51,3,0
32,11,5,stream_band64,52,8,0
32,11,5,stream_band64,53,6,0
32,11,5,stream_band64,54,7,0
32,11,5,stream_band64,55,5,0
32,11,5,stream_band64,56,2,0
32,11,5,stream_band64,57,22,0
32,11,5,stream_band64,58,99,0
32,11,5,stream_band64,59,4593,4445
32,11,5,stream_band64,60,4298,4234
33,6,2,global,0,19761,19761
33,6,2,byte_class,1,19745,19745
33,6,2,byte_class,2,1,1
33,6,2,byte_class,4,4,4
33,6,2,byte_class,5,8,8
33,6,2,byte_class,7,3,3
33,6,2,line_bucket,4,2,2
33,6,2,line_bucket,5,18586,18586
33,6,2,line_bucket,6,1173,1173
33,6,2,class_line,12,2,2
33,6,2,class_line,13,18577,18577
33,6,2,class_line,14,1166,1166
33,6,2,class_line,21,1,1
33,6,2,class_line,37,4,4
33,6,2,class_line,45,4,4
33,6,2,class_line,46,4,4
33,6,2,class_line,62,3,3
33,6,2,prev_byte,32,19745,19745
33,6,2,prev_byte,45,1,1
33,6,2,prev_byte,46,2,2
33,6,2,prev_byte,49,1,1
33,6,2,prev_byte,100,1,1
33,6,2,prev_byte,116,2,2
33,6,2,prev_byte,120,1,1
33,6,2,prev_byte,148,1,1
33,6,2,prev_byte,155,1,1
33,6,2,prev_byte,168,1,1
33,6,2,prev_byte,172,1,1
33,6,2,prev_byte,182,1,1
33,6,2,prev_byte,184,1,1
33,6,2,prev_byte,199,1,1
33,6,2,prev_byte,200,1,1
33,6,2,prev2_hash,64,1,1
33,6,2,prev2_hash,65,1,1
33,6,2,prev2_hash,66,28,28
33,6,2,prev2_hash,71,80,80
33,6,2,prev2_hash,73,190,190
33,6,2,prev2_hash,74,4,4
33,6,2,prev2_hash,77,1,1
33,6,2,prev2_hash,78,22,22
33,6,2,prev2_hash,80,14,14
33,6,2,prev2_hash,81,31,31
33,6,2,prev2_hash,82,14,14
33,6,2,prev2_hash,83,5,5
33,6,2,prev2_hash,84,17,17
33,6,2,prev2_hash,85,10,10
33,6,2,prev2_hash,86,19,19
33,6,2,prev2_hash,87,4,4
33,6,2,prev2_hash,88,9,9
33,6,2,prev2_hash,89,12,12
33,6,2,prev2_hash,98,2,2
33,6,2,prev2_hash,106,41,41
33,6,2,prev2_hash,109,4,4
33,6,2,prev2_hash,110,8,8
33,6,2,prev2_hash,111,27,27
33,6,2,prev2_hash,114,1,1
33,6,2,prev2_hash,119,1,1
33,6,2,prev2_hash,122,1,1
33,6,2,prev2_hash,125,276,276
33,6,2,prev2_hash,129,49,49
33,6,2,prev2_hash,130,31,31
33,6,2,prev2_hash,131,37,37
33,6,2,prev2_hash,132,32,32
33,6,2,prev2_hash,133,54,54
33,6,2,prev2_hash,134,4,4
33,6,2,prev2_hash,135,13,13
33,6,2,prev2_hash,136,25,25
33,6,2,prev2_hash,137,50,50
33,6,2,prev2_hash,138,3,3
33,6,2,prev2_hash,139,23,23
33,6,2,prev2_hash,140,21,21
33,6,2,prev2_hash,141,36,36
33,6,2,prev2_hash,142,53,53
33,6,2,prev2_hash,143,23,23
33,6,2,prev2_hash,144,15,15
33,6,2,prev2_hash,145,3,3
33,6,2,prev2_hash,146,38,38
33,6,2,prev2_hash,147,187,187
33,6,2,prev2_hash,148,33,33
33,6,2,prev2_hash,149,9,9
33,6,2,prev2_hash,150,10,10
33,6,2,prev2_hash,151,11,11
33,6,2,prev2_hash,152,10,10
33,6,2,prev2_hash,153,28,28
33,6,2,prev2_hash,154,6,6
33,6,2,prev2_hash,160,96,96
33,6,2,prev2_hash,161,101,101
33,6,2,prev2_hash,162,132,132
33,6,2,prev2_hash,163,94,94
33,6,2,prev2_hash,164,50,50
33,6,2,prev2_hash,165,108,108
33,6,2,prev2_hash,166,118,118
33,6,2,prev2_hash,167,120,120
33,6,2,prev2_hash,168,96,96
33,6,2,prev2_hash,169,125,125
33,6,2,prev2_hash,170,85,85
33,6,2,prev2_hash,171,86,86
33,6,2,prev2_hash,172,75,75
33,6,2,prev2_hash,173,46,46
33,6,2,prev2_hash,174,93,93
33,6,2,prev2_hash,175,96,96
33,6,2,prev2_hash,176,443,443
33,6,2,prev2_hash,177,283,283
33,6,2,prev2_hash,178,99,99
33,6,2,prev2_hash,179,243,243
33,6,2,prev2_hash,180,128,128
33,6,2,prev2_hash,181,91,91
33,6,2,prev2_hash,182,260,260
33,6,2,prev2_hash,183,109,109
33,6,2,prev2_hash,184,1359,1359
33,6,2,prev2_hash,185,199,199
33,6,2,prev2_hash,186,179,179
33,6,2,prev2_hash,187,173,173
33,6,2,prev2_hash,188,183,183
33,6,2,prev2_hash,189,130,130
33,6,2,prev2_hash,190,118,118
33,6,2,prev2_hash,191,139,139
33,6,2,prev2_hash,192,157,157
33,6,2,prev2_hash,193,165,165
33,6,2,prev2_hash,194,72,72
33,6,2,prev2_hash,195,99,99
33,6,2,prev2_hash,196,126,126
33,6,2,prev2_hash,197,109,109
33,6,2,prev2_hash,198,159,159
33,6,2,prev2_hash,199,87,87
33,6,2,prev2_hash,200,351,351
33,6,2,prev2_hash,201,104,104
33,6,2,prev2_hash,202,89,89
33,6,2,prev2_hash,203,112,112
33,6,2,prev2_hash,204,184,184
33,6,2,prev2_hash,205,180,180
33,6,2,prev2_hash,206,290,290
33,6,2,prev2_hash,207,135,135
33,6,2,prev2_hash,208,143,143
33,6,2,prev2_hash,209,104,104
33,6,2,prev2_hash,210,90,90
33,6,2,prev2_hash,211,134,134
33,6,2,prev2_hash,212,86,86
33,6,2,prev2_hash,213,72,72
33,6,2,prev2_hash,214,206,206
33,6,2,prev2_hash,215,97,97
33,6,2,prev2_hash,216,1405,1405
33,6,2,prev2_hash,217,497,497
33,6,2,prev2_hash,218,146,146
33,6,2,prev2_hash,219,154,154
33,6,2,prev2_hash,220,144,144
33,6,2,prev2_hash,221,77,77
33,6,2,prev2_hash,222,77,77
33,6,2,prev2_hash,223,84,84
33,6,2,prev2_hash,224,105,105
33,6,2,prev2_hash,225,138,138
33,6,2,prev2_hash,226,126,126
33,6,2,prev2_hash,227,121,121
33,6,2,prev2_hash,228,1302,1302
33,6,2,prev2_hash,229,279,279
33,6,2,prev2_hash,230,87,87
33,6,2,prev2_hash,231,132,132
33,6,2,prev2_hash,232,166,166
33,6,2,prev2_hash,233,88,88
33,6,2,prev2_hash,234,3147,3147
33,6,2,prev2_hash,235,105,105
33,6,2,prev2_hash,236,90,90
33,6,2,prev2_hash,237,104,104
33,6,2,prev2_hash,238,462,462
33,6,2,prev2_hash,239,90,90
33,6,2,stream_band16,0,1510,1510
33,6,2,stream_band16,1,1237,1237
33,6,2,stream_band16,2,1245,1245
33,6,2,stream_band16,3,1374,1374
33,6,2,stream_band16,4,1682,1682
33,6,2,stream_band16,5,1412,1412
33,6,2,stream_band16,6,1061,1061
33,6,2,stream_band16,7,1145,1145
33,6,2,stream_band16,8,996,996
33,6,2,stream_band16,9,1022,1022
33,6,2,stream_band16,10,1180,1180
33,6,2,stream_band16,11,1368,1368
33,6,2,stream_band16,12,1587,1587
33,6,2,stream_band16,13,2272,2272
33,6,2,stream_band16,14,669,669
33,6,2,stream_band16,15,1,1
33,6,2,stream_band64,0,476,476
33,6,2,stream_band64,1,381,381
33,6,2,stream_band64,2,365,365
33,6,2,stream_band64,3,288,288
33,6,2,stream_band64,4,282,282
33,6,2,stream_band64,5,342,342
33,6,2,stream_band64,6,320,320
33,6,2,stream_band64,7,293,293
33,6,2,stream_band64,8,276,276
33,6,2,stream_band64,9,264,264
33,6,2,stream_band64,10,338,338
33,6,2,stream_band64,11,367,367
33,6,2,stream_band64,12,388,388
33,6,2,stream_band64,13,320,320
33,6,2,stream_band64,14,304,304
33,6,2,stream_band64,15,362,362
33,6,2,stream_band64,16,373,373
33,6,2,stream_band64,17,382,382
33,6,2,stream_band64,18,445,445
33,6,2,stream_band64,19,482,482
33,6,2,stream_band64,20,322,322
33,6,2,stream_band64,21,333,333
33,6,2,stream_band64,22,367,367
33,6,2,stream_band64,23,390,390
33,6,2,stream_band64,24,264,264
33,6,2,stream_band64,25,241,241
33,6,2,stream_band64,26,270,270
33,6,2,stream_band64,27,286,286
33,6,2,stream_band64,28,289,289
33,6,2,stream_band64,29,309,309
33,6,2,stream_band64,30,303,303
33,6,2,stream_band64,31,244,244
33,6,2,stream_band64,32,272,272
33,6,2,stream_band64,33,241,241
33,6,2,stream_band64,34,234,234
33,6,2,stream_band64,35,249,249
33,6,2,stream_band64,36,270,270
33,6,2,stream_band64,37,232,232
33,6,2,stream_band64,38,294,294
33,6,2,stream_band64,39,226,226
33,6,2,stream_band64,40,259,259
33,6,2,stream_band64,41,237,237
33,6,2,stream_band64,42,254,254
33,6,2,stream_band64,43,430,430
33,6,2,stream_band64,44,347,347
33,6,2,stream_band64,45,358,358
33,6,2,stream_band64,46,378,378
33,6,2,stream_band64,47,285,285
33,6,2,stream_band64,48,283,283
33,6,2,stream_band64,49,501,501
33,6,2,stream_band64,50,447,447
33,6,2,stream_band64,51,356,356
33,6,2,stream_band64,52,476,476
33,6,2,stream_band64,53,652,652
33,6,2,stream_band64,54,764,764
33,6,2,stream_band64,55,380,380
33,6,2,stream_band64,56,237,237
33,6,2,stream_band64,57,170,170
33,6,2,stream_band64,58,205,205
33,6,2,stream_band64,59,57,57
33,6,2,stream_band64,60,1,1
34,13,34,global,0,5509,2540
34,13,34,byte_class,0,5509,2540
34,13,34,line_bucket,0,5509,2540
34,13,34,class_line,0,5509,2540
34,13,34,prev_byte,10,5509,2540
34,13,34,prev2_hash,88,5509,2540
34,13,34,stream_band16,0,80,0
34,13,34,stream_band16,1,97,0
34,13,34,stream_band16,2,112,0
34,13,34,stream_band16,3,99,0
34,13,34,stream_band16,4,89,0
34,13,34,stream_band16,5,70,0
34,13,34,stream_band16,6,62,0
34,13,34,stream_band16,7,63,0
34,13,34,stream_band16,8,63,0
34,13,34,stream_band16,9,48,0
34,13,34,stream_band16,10,79,0
34,13,34,stream_band16,11,79,0
34,13,34,stream_band16,12,137,0
34,13,34,stream_band16,13,1162,484
34,13,34,stream_band16,14,3249,2056
34,13,34,stream_band16,15,20,0
34,13,34,stream_band64,0,11,0
34,13,34,stream_band64,1,14,0
34,13,34,stream_band64,2,33,0
34,13,34,stream_band64,3,22,0
34,13,34,stream_band64,4,17,0
34,13,34,stream_band64,5,24,0
34,13,34,stream_band64,6,34,0
34,13,34,stream_band64,7,22,0
34,13,34,stream_band64,8,19,0
34,13,34,stream_band64,9,25,0
34,13,34,stream_band64,10,31,0
34,13,34,stream_band64,11,37,0
34,13,34,stream_band64,12,33,0
34,13,34,stream_band64,13,38,0
34,13,34,stream_band64,14,17,0
34,13,34,stream_band64,15,11,0
34,13,34,stream_band64,16,18,0
34,13,34,stream_band64,17,24,0
34,13,34,stream_band64,18,20,0
34,13,34,stream_band64,19,27,0
34,13,34,stream_band64,20,18,0
34,13,34,stream_band64,21,15,0
34,13,34,stream_band64,22,23,0
34,13,34,stream_band64,23,14,0
34,13,34,stream_band64,24,27,0
34,13,34,stream_band64,25,12,0
34,13,34,stream_band64,26,8,0
34,13,34,stream_band64,27,15,0
34,13,34,stream_band64,28,24,0
34,13,34,stream_band64,29,19,0
34,13,34,stream_band64,30,10,0
34,13,34,stream_band64,31,10,0
34,13,34,stream_band64,32,10,0
34,13,34,stream_band64,33,14,0
34,13,34,stream_band64,34,17,0
34,13,34,stream_band64,35,22,0
34,13,34,stream_band64,36,23,0
34,13,34,stream_band64,37,15,0
34,13,34,stream_band64,38,5,0
34,13,34,stream_band64,39,5,0
34,13,34,stream_band64,40,12,0
34,13,34,stream_band64,41,15,0
34,13,34,stream_band64,42,30,0
34,13,34,stream_band64,43,22,0
34,13,34,stream_band64,44,43,0
34,13,34,stream_band64,45,19,0
34,13,34,stream_band64,46,13,0
34,13,34,stream_band64,47,4,0
34,13,34,stream_band64,48,33,0
34,13,34,stream_band64,49,33,0
34,13,34,stream_band64,50,52,0
34,13,34,stream_band64,51,19,0
34,13,34,stream_band64,52,17,0
34,13,34,stream_band64,53,146,0
34,13,34,stream_band64,54,856,445
34,13,34,stream_band64,55,143,39
34,13,34,stream_band64,56,3017,2054
34,13,34,stream_band64,57,53,2
34,13,34,stream_band64,58,133,0
34,13,34,stream_band64,59,46,0
34,13,34,stream_band64,60,20,0
35,6,2,global,0,19199,18678
35,6,2,byte_class,0,18871,18484
35,6,2,byte_class,1,328,194
35,6,2,line_bucket,0,18871,18484
35,6,2,line_bucket,1,228,175
35,6,2,line_bucket,2,10,0
35,6,2,line_bucket,3,42,18
35,6,2,line_bucket,4,34,0
35,6,2,line_bucket,5,13,0
35,6,2,line_bucket,6,1,1
35,6,2,class_line,0,18871,18484
35,6,2,class_line,9,228,175
35,6,2,class_line,10,10,0
35,6,2,class_line,11,42,18
35,6,2,class_line,12,34,0
35,6,2,class_line,13,13,0
35,6,2,class_line,14,1,1
35,6,2,prev_byte,9,228,175
35,6,2,prev_byte,10,18871,18484
35,6,2,prev_byte,32,100,19
35,6,2,prev2_hash,19,228,175
35,6,2,prev2_hash,42,845,844
35,6,2,prev2_hash,43,1,1
35,6,2,prev2_hash,44,10,10
35,6,2,prev2_hash,49,2,2
35,6,2,prev2_hash,51,11,10
35,6,2,prev2_hash,58,31,31
35,6,2,prev2_hash,59,31,31
35,6,2,prev2_hash,60,38,38
35,6,2,prev2_hash,61,34,34
35,6,2,prev2_hash,62,34,34
35,6,2,prev2_hash,63,36,36
35,6,2,prev2_hash,64,140,59
35,6,2,prev2_hash,65,30,30
35,6,2,prev2_hash,66,27,27
35,6,2,prev2_hash,67,30,30
35,6,2,prev2_hash,85,1,1
35,6,2,prev2_hash,88,17387,17002
35,6,2,prev2_hash,103,17,17
35,6,2,prev2_hash,138,6,6
35,6,2,prev2_hash,139,6,6
35,6,2,prev2_hash,140,6,6
35,6,2,prev2_hash,141,12,12
35,6,2,prev2_hash,143,5,5
35,6,2,prev2_hash,144,6,6
35,6,2,prev2_hash,145,6,6
35,6,2,prev2_hash,148,12,12
35,6,2,prev2_hash,151,5,5
35,6,2,prev2_hash,154,6,6
35,6,2,prev2_hash,155,6,6
35,6,2,prev2_hash,156,6,6
35,6,2,prev2_hash,157,6,6
35,6,2,prev2_hash,158,6,6
35,6,2,prev2_hash,159,6,6
35,6,2,prev2_hash,161,6,6
35,6,2,prev2_hash,162,7,7
35,6,2,prev2_hash,164,6,6
35,6,2,prev2_hash,166,4,4
35,6,2,prev2_hash,167,3,3
35,6,2,prev2_hash,168,6,6
35,6,2,prev2_hash,169,10,10
35,6,2,prev2_hash,171,11,11
35,6,2,prev2_hash,176,6,6
35,6,2,prev2_hash,177,7,7
35,6,2,prev2_hash,178,6,6
35,6,2,prev2_hash,179,6,6
35,6,2,prev2_hash,180,5,5
35,6,2,prev2_hash,181,5,5
35,6,2,prev2_hash,182,6,6
35,6,2,prev2_hash,184,4,4
35,6,2,prev2_hash,186,5,5
35,6,2,prev2_hash,190,6,6
35,6,2,prev2_hash,191,6,6
35,6,2,prev2_hash,196,12,12
35,6,2,prev2_hash,197,5,5
35,6,2,prev2_hash,198,5,5
35,6,2,prev2_hash,199,6,6
35,6,2,prev2_hash,205,5,5
35,6,2,prev2_hash,207,6,6
35,6,2,prev2_hash,210,12,12
35,6,2,stream_band16,0,15401,15009
35,6,2,stream_band16,1,236,175
35,6,2,stream_band16,2,51,20
35,6,2,stream_band16,3,17,0
35,6,2,stream_band16,4,45,45
35,6,2,stream_band16,5,229,221
35,6,2,stream_band16,8,1853,1847
35,6,2,stream_band16,9,1357,1355
35,6,2,stream_band16,10,5,3
35,6,2,stream_band16,14,5,3
35,6,2,stream_band64,0,15379,15009
35,6,2,stream_band64,2,22,0
35,6,2,stream_band64,7,236,175
35,6,2,stream_band64,11,51,20
35,6,2,stream_band64,12,17,0
35,6,2,stream_band64,16,45,45
35,6,2,stream_band64,20,76,68
35,6,2,stream_band64,21,153,153
35,6,2,stream_band64,32,1852,1846
35,6,2,stream_band64,34,1,1
35,6,2,stream_band64,37,46,46
35,6,2,stream_band64,38,163,162
35,6,2,stream_band64,39,1148,1147
35,6,2,stream_band64,40,5,3
35,6,2,stream_band64,59,5,3
36,6,2,global,0,30060,12545
36,6,2,byte_class,0,1270,417
36,6,2,byte_class,1,24429,9389
36,6,2,byte_class,3,2903,2169
36,6,2,byte_class,5,30,15
36,6,2,byte_class,6,149,21
36,6,2,byte_class,7,1279,534
36,6,2,line_bucket,0,1270,417
36,6,2,line_bucket,1,364,214
36,6,2,line_bucket,2,9622,3235
36,6,2,line_bucket,3,2347,1240
36,6,2,line_bucket,4,2864,1483
36,6,2,line_bucket,5,4113,1746
36,6,2,line_bucket,6,9480,4210
36,6,2,class_line,0,1270,417
36,6,2,class_line,10,9389,3057
36,6,2,class_line,11,1243,533
36,6,2,class_line,12,2007,792
36,6,2,class_line,13,3476,1371
36,6,2,class_line,14,8314,3636
36,6,2,class_line,25,310,198
36,6,2,class_line,26,179,144
36,6,2,class_line,27,658,503
36,6,2,class_line,28,742,646
36,6,2,class_line,29,380,265
36,6,2,class_line,30,634,413
36,6,2,class_line,44,8,3
36,6,2,class_line,45,21,11
36,6,2,class_line,46,1,1
36,6,2,class_line,49,47,12
36,6,2,class_line,50,6,6
36,6,2,class_line,52,3,0
36,6,2,class_line,53,3,1
36,6,2,class_line,54,90,2
36,6,2,class_line,57,7,4
36,6,2,class_line,58,48,28
36,6,2,class_line,59,446,204
36,6,2,class_line,60,104,42
36,6,2,class_line,61,233,98
36,6,2,class_line,62,441,158
36,6,2,prev_byte,10,1270,417
36,6,2,prev_byte,32,24429,9389
36,6,2,prev_byte,33,73,5
36,6,2,prev_byte,34,68,20
36,6,2,prev_byte,35,53,18
36,6,2,prev_byte,39,794,364
36,6,2,prev_byte,40,312,135
36,6,2,prev_byte,43,2,1
36,6,2,prev_byte,44,1,1
36,6,2,prev_byte,45,29,8
36,6,2,prev_byte,47,6,3
36,6,2,prev_byte,74,56,22
36,6,2,prev_byte,75,7,7
36,6,2,prev_byte,76,1,0
36,6,2,prev_byte,77,1627,1437
36,6,2,prev_byte,78,479,236
36,6,2,prev_byte,81,731,467
36,6,2,prev_byte,82,2,0
36,6,2,prev_byte,91,1,0
36,6,2,prev_byte,93,89,0
36,6,2,prev_byte,148,29,14
36,6,2,prev_byte,162,1,1
36,6,2,prev2_hash,2,2,2
36,6,2,prev2_hash,3,5,4
36,6,2,prev2_hash,7,1,1
36,6,2,prev2_hash,10,34,23
36,6,2,prev2_hash,11,16,1
36,6,2,prev2_hash,13,8,8
36,6,2,prev2_hash,17,2,0
36,6,2,prev2_hash,18,2,0
36,6,2,prev2_hash,20,135,33
36,6,2,prev2_hash,22,4,1
36,6,2,prev2_hash,24,1,0
36,6,2,prev2_hash,25,22,10
36,6,2,prev2_hash,26,35,16
36,6,2,prev2_hash,27,43,17
36,6,2,prev2_hash,29,1,0
36,6,2,prev2_hash,42,258,150
36,6,2,prev2_hash,43,6,3
36,6,2,prev2_hash,44,1,1
36,6,2,prev2_hash,45,47,12
36,6,2,prev2_hash,49,43,4
36,6,2,prev2_hash,52,14,0
36,6,2,prev2_hash,54,1,0
36,6,2,prev2_hash,55,490,135
36,6,2,prev2_hash,56,1,0
36,6,2,prev2_hash,64,133,38
36,6,2,prev2_hash,65,59,24
36,6,2,prev2_hash,66,62,18
36,6,2,prev2_hash,67,1,0
36,6,2,prev2_hash,70,9,6
36,6,2,prev2_hash,71,377,90
36,6,2,prev2_hash,72,265,94
36,6,2,prev2_hash,73,21,8
36,6,2,prev2_hash,74,8505,2595
36,6,2,prev2_hash,76,1115,565
36,6,2,prev2_hash,77,1805,575
36,6,2,prev2_hash,78,858,382
36,6,2,prev2_hash,79,9,3
36,6,2,prev2_hash,80,13,4
36,6,2,prev2_hash,81,4,3
36,6,2,prev2_hash,82,8,5
36,6,2,prev2_hash,83,10,9
36,6,2,prev2_hash,84,44,17
36,6,2,prev2_hash,85,9,7
36,6,2,prev2_hash,86,7,4
36,6,2,prev2_hash,87,144,57
36,6,2,prev2_hash,88,95,35
36,6,2,prev2_hash,89,2,2
36,6,2,prev2_hash,90,16,0
36,6,2,prev2_hash,91,300,179
36,6,2,prev2_hash,92,4,2
36,6,2,prev2_hash,96,1,0
36,6,2,prev2_hash,103,56,3
36,6,2,prev2_hash,106,1320,497
36,6,2,prev2_hash,107,59,36
36,6,2,prev2_hash,109,711,397
36,6,2,prev2_hash,110,137,29
36,6,2,prev2_hash,112,80,13
36,6,2,prev2_hash,113,790,430
36,6,2,prev2_hash,114,4,2
36,6,2,prev2_hash,115,104,59
36,6,2,prev2_hash,118,38,36
36,6,2,prev2_hash,121,2,1
36,6,2,prev2_hash,123,3,2
36,6,2,prev2_hash,124,1,1
36,6,2,prev2_hash,125,1092,257
36,6,2,prev2_hash,126,119,82
36,6,2,prev2_hash,127,48,38
36,6,2,prev2_hash,128,9,6
36,6,2,prev2_hash,129,8,4
36,6,2,prev2_hash,130,3,1
36,6,2,prev2_hash,131,2,1
36,6,2,prev2_hash,132,25,8
36,6,2,prev2_hash,133,7,1
36,6,2,prev2_hash,134,1,0
36,6,2,prev2_hash,135,46,37
36,6,2,prev2_hash,136,3,1
36,6,2,prev2_hash,137,5,1
36,6,2,prev2_hash,138,4,2
36,6,2,prev2_hash,139,2,0
36,6,2,prev2_hash,140,5,2
36,6,2,prev2_hash,141,11,2
36,6,2,prev2_hash,142,19,7
36,6,2,prev2_hash,143,12,0
36,6,2,prev2_hash,144,7,0
36,6,2,prev2_hash,145,12,0
36,6,2,prev2_hash,146,11,0
36,6,2,prev2_hash,147,11,3
36,6,2,prev2_hash,148,14,1
36,6,2,prev2_hash,149,11,1
36,6,2,prev2_hash,150,8,0
36,6,2,prev2_hash,151,1,0
36,6,2,prev2_hash,152,2,1
36,6,2,prev2_hash,153,1,0
36,6,2,prev2_hash,154,61,40
36,6,2,prev2_hash,156,1,1
36,6,2,prev2_hash,158,2,0
36,6,2,prev2_hash,160,44,22
36,6,2,prev2_hash,161,21,5
36,6,2,prev2_hash,162,287,218
36,6,2,prev2_hash,163,19,7
36,6,2,prev2_hash,164,19,15
36,6,2,prev2_hash,165,13,8
36,6,2,prev2_hash,166,19,8
36,6,2,prev2_hash,167,7,2
36,6,2,prev2_hash,168,8,3
36,6,2,prev2_hash,169,5,1
36,6,2,prev2_hash,170,7,2
36,6,2,prev2_hash,171,47,33
36,6,2,prev2_hash,172,26,14
36,6,2,prev2_hash,173,16,8
36,6,2,prev2_hash,174,11,5
36,6,2,prev2_hash,175,7,4
36,6,2,prev2_hash,176,125,92
36,6,2,prev2_hash,177,113,72
36,6,2,prev2_hash,178,34,16
36,6,2,prev2_hash,179,43,27
36,6,2,prev2_hash,180,1543,619
36,6,2,prev2_hash,181,15,7
36,6,2,prev2_hash,182,15,6
36,6,2,prev2_hash,183,40,19
36,6,2,prev2_hash,184,411,138
36,6,2,prev2_hash,185,25,13
36,6,2,prev2_hash,186,59,22
36,6,2,prev2_hash,187,24,12
36,6,2,prev2_hash,188,19,9
36,6,2,prev2_hash,189,21,10
36,6,2,prev2_hash,190,9,5
36,6,2,prev2_hash,191,1071,388
36,6,2,prev2_hash,192,419,200
36,6,2,prev2_hash,193,27,12
36,6,2,prev2_hash,194,21,7
36,6,2,prev2_hash,195,12,4
36,6,2,prev2_hash,196,19,6
36,6,2,prev2_hash,197,22,12
36,6,2,prev2_hash,198,140,65
36,6,2,prev2_hash,199,142,112
36,6,2,prev2_hash,200,19,4
36,6,2,prev2_hash,201,8,4
36,6,2,prev2_hash,202,12,6
36,6,2,prev2_hash,203,11,4
36,6,2,prev2_hash,204,87,40
36,6,2,prev2_hash,205,11,7
36,6,2,prev2_hash,206,8,3
36,6,2,prev2_hash,207,17,10
36,6,2,prev2_hash,208,120,48
36,6,2,prev2_hash,209,81,36
36,6,2,prev2_hash,210,46,32
36,6,2,prev2_hash,211,290,36
36,6,2,prev2_hash,212,46,18
36,6,2,prev2_hash,213,62,39
36,6,2,prev2_hash,214,64,24
36,6,2,prev2_hash,215,233,129
36,6,2,prev2_hash,216,13,9
36,6,2,prev2_hash,217,48,30
36,6,2,prev2_hash,218,41,29
36,6,2,prev2_hash,219,16,8
36,6,2,prev2_hash,220,20,13
36,6,2,prev2_hash,221,12,2
36,6,2,prev2_hash,222,52,31
36,6,2,prev2_hash,223,11,8
36,6,2,prev2_hash,224,93,76
36,6,2,prev2_hash,225,42,34
36,6,2,prev2_hash,226,1257,682
36,6,2,prev2_hash,227,105,20
36,6,2,prev2_hash,228,456,200
36,6,2,prev2_hash,229,15,4
36,6,2,prev2_hash,230,119,49
36,6,2,prev2_hash,231,11,5
36,6,2,prev2_hash,232,1542,1366
36,6,2,prev2_hash,233,25,11
36,6,2,prev2_hash,234,19,6
36,6,2,prev2_hash,235,75,64
36,6,2,prev2_hash,236,41,17
36,6,2,prev2_hash,237,32,25
36,6,2,prev2_hash,239,23,9
36,6,2,prev2_hash,246,16,13
36,6,2,prev2_hash,254,20,20
36,6,2,stream_band16,0,1411,426
36,6,2,stream_band16,1,1958,438
36,6,2,stream_band16,2,970,153
36,6,2,stream_band16,3,1992,856
36,6,2,stream_band16,4,2080,572
36,6,2,stream_band16,5,2827,1018
36,6,2,stream_band16,6,1336,700
36,6,2,stream_band16,7,2123,1143
36,6,2,stream_band16,8,2302,1231
36,6,2,stream_band16,9,3580,2231
36,6,2,stream_band16,10,3311,1513
36,6,2,stream_band16,11,2795,985
36,6,2,stream_band16,12,634,250
36,6,2,stream_band16,13,302,148
36,6,2,stream_band16,14,1739,620
36,6,2,stream_band16,15,700,261
36,6,2,stream_band64,0,464,251
36,6,2,stream_band64,1,204,38
36,6,2,stream_band64,2,490,91
36,6,2,stream_band64,3,253,46
36,6,2,stream_band64,4,298,166
36,6,2,stream_band64,5,255,52
36,6,2,stream_band64,6,808,16
36,6,2,stream_band64,7,597,204
36,6,2,stream_band64,8,238,25
36,6,2,stream_band64,9,270,23
36,6,2,stream_band64,10,217,20
36,6,2,stream_band64,11,245,85
36,6,2,stream_band64,12,213,48
36,6,2,stream_band64,13,657,107
36,6,2,stream_band64,14,787,522
36,6,2,stream_band64,15,335,179
36,6,2,stream_band64,16,494,215
36,6,2,stream_band64,17,292,176
36,6,2,stream_band64,18,324,73
36,6,2,stream_band64,19,970,108
36,6,2,stream_band64,20,1456,804
36,6,2,stream_band64,21,436,94
36,6,2,stream_band64,22,352,51
36,6,2,stream_band64,23,583,69
36,6,2,stream_band64,24,541,262
36,6,2,stream_band64,25,324,206
36,6,2,stream_band64,26,218,96
36,6,2,stream_band64,27,253,136
36,6,2,stream_band64,28,407,233
36,6,2,stream_band64,29,657,121
36,6,2,stream_band64,30,265,142
36,6,2,stream_band64,31,794,647
36,6,2,stream_band64,32,311,136
36,6,2,stream_band64,33,665,223
36,6,2,stream_band64,34,696,481
36,6,2,stream_band64,35,630,391
36,6,2,stream_band64,36,1281,1001
36,6,2,stream_band64,37,654,376
36,6,2,stream_band64,38,631,262
36,6,2,stream_band64,39,1014,592
36,6,2,stream_band64,40,885,414
36,6,2,stream_band64,41,812,309
36,6,2,stream_band64,42,801,444
36,6,2,stream_band64,43,813,346
36,6,2,stream_band64,44,1454,475
36,6,2,stream_band64,45,580,281
36,6,2,stream_band64,46,302,134
36,6,2,stream_band64,47,459,95
36,6,2,stream_band64,48,362,138
36,6,2,stream_band64,49,119,37
36,6,2,stream_band64,50,96,47
36,6,2,stream_band64,51,57,28
36,6,2,stream_band64,52,159,118
36,6,2,stream_band64,53,34,16
36,6,2,stream_band64,54,47,5
36,6,2,stream_band64,55,62,9
36,6,2,stream_band64,56,7,7
36,6,2,stream_band64,57,156,25
36,6,2,stream_band64,58,462,134
36,6,2,stream_band64,59,1114,454
36,6,2,stream_band64,60,672,241
36,6,2,stream_band64,62,5,4
36,6,2,stream_band64,63,23,16
37,6,2,global,0,15992,15899
37,6,2,byte_class,0,15214,15124
37,6,2,byte_class,3,3,3
37,6,2,byte_class,6,775,772
37,6,2,line_bucket,0,15214,15124
37,6,2,line_bucket,1,728,725
37,6,2,line_bucket,2,40,40
37,6,2,line_bucket,3,8,8
37,6,2,line_bucket,6,2,2
37,6,2,class_line,0,15214,15124
37,6,2,class_line,25,3,3
37,6,2,class_line,49,725,722
37,6,2,class_line,50,40,40
37,6,2,class_line,51,8,8
37,6,2,class_line,54,2,2
37,6,2,prev_byte,10,15214,15124
37,6,2,prev_byte,38,2,2
37,6,2,prev_byte,42,773,770
37,6,2,prev_byte,74,3,3
37,6,2,prev2_hash,19,17,17
37,6,2,prev2_hash,20,237,236
37,6,2,prev2_hash,42,1179,1171
37,6,2,prev2_hash,44,30,30
37,6,2,prev2_hash,45,1,1
37,6,2,prev2_hash,49,1768,1753
37,6,2,prev2_hash,51,6658,6622
37,6,2,prev2_hash,52,741,738
37,6,2,prev2_hash,54,12,12
37,6,2,prev2_hash,56,1413,1405
37,6,2,prev2_hash,58,18,18
37,6,2,prev2_hash,59,25,25
37,6,2,prev2_hash,60,33,33
37,6,2,prev2_hash,61,35,34
37,6,2,prev2_hash,62,33,33
37,6,2,prev2_hash,63,37,37
37,6,2,prev2_hash,64,33,33
37,6,2,prev2_hash,65,29,29
37,6,2,prev2_hash,66,38,37
37,6,2,prev2_hash,67,22,22
37,6,2,prev2_hash,76,2,2
37,6,2,prev2_hash,84,115,115
37,6,2,prev2_hash,85,6,6
37,6,2,prev2_hash,87,697,689
37,6,2,prev2_hash,88,53,53
37,6,2,prev2_hash,89,1,1
37,6,2,prev2_hash,91,6,6
37,6,2,prev2_hash,92,12,12
37,6,2,prev2_hash,103,2142,2138
37,6,2,prev2_hash,107,10,10
37,6,2,prev2_hash,109,2,2
37,6,2,prev2_hash,110,3,3
37,6,2,prev2_hash,111,12,12
37,6,2,prev2_hash,113,5,5
37,6,2,prev2_hash,114,1,1
37,6,2,prev2_hash,115,5,5
37,6,2,prev2_hash,117,21,21
37,6,2,prev2_hash,118,5,5
37,6,2,prev2_hash,119,2,2
37,6,2,prev2_hash,120,16,15
37,6,2,prev2_hash,121,7,7
37,6,2,prev2_hash,122,2,2
37,6,2,prev2_hash,124,6,6
37,6,2,prev2_hash,125,13,13
37,6,2,prev2_hash,126,8,8
37,6,2,prev2_hash,127,1,1
37,6,2,prev2_hash,128,1,1
37,6,2,prev2_hash,130,3,3
37,6,2,prev2_hash,131,11,11
37,6,2,prev2_hash,132,1,1
37,6,2,prev2_hash,138,7,7
37,6,2,prev2_hash,139,3,3
37,6,2,prev2_hash,140,3,3
37,6,2,prev2_hash,141,2,2
37,6,2,prev2_hash,142,4,4
37,6,2,prev2_hash,143,6,6
37,6,2,prev2_hash,144,15,15
37,6,2,prev2_hash,145,1,1
37,6,2,prev2_hash,146,7,7
37,6,2,prev2_hash,147,4,4
37,6,2,prev2_hash,148,5,5
37,6,2,prev2_hash,149,3,3
37,6,2,prev2_hash,150,4,4
37,6,2,prev2_hash,151,1,1
37,6,2,prev2_hash,152,2,2
37,6,2,prev2_hash,153,3,3
37,6,2,prev2_hash,154,2,2
37,6,2,prev2_hash,155,5,5
37,6,2,prev2_hash,156,1,1
37,6,2,prev2_hash,157,8,8
37,6,2,prev2_hash,158,7,7
37,6,2,prev2_hash,159,7,7
37,6,2,prev2_hash,160,3,3
37,6,2,prev2_hash,161,4,4
37,6,2,prev2_hash,162,3,3
37,6,2,prev2_hash,163,5,5
37,6,2,prev2_hash,164,5,5
37,6,2,prev2_hash,165,8,8
37,6,2,prev2_hash,166,11,10
37,6,2,prev2_hash,167,4,4
37,6,2,prev2_hash,168,9,9
37,6,2,prev2_hash,169,6,6
37,6,2,prev2_hash,170,6,6
37,6,2,prev2_hash,171,10,9
37,6,2,prev2_hash,172,6,6
37,6,2,prev2_hash,173,1,1
37,6,2,prev2_hash,174,4,4
37,6,2,prev2_hash,175,2,2
37,6,2,prev2_hash,176,1,1
37,6,2,prev2_hash,177,5,5
37,6,2,prev2_hash,178,10,10
37,6,2,prev2_hash,179,11,11
37,6,2,prev2_hash,180,3,3
37,6,2,prev2_hash,181,4,4
37,6,2,prev2_hash,182,10,10
37,6,2,prev2_hash,183,3,3
37,6,2,prev2_hash,184,3,3
37,6,2,prev2_hash,185,3,3
37,6,2,prev2_hash,186,5,5
37,6,2,prev2_hash,187,11,11
37,6,2,prev2_hash,188,5,4
37,6,2,prev2_hash,189,4,4
37,6,2,prev2_hash,190,3,3
37,6,2,prev2_hash,191,2,2
37,6,2,prev2_hash,192,8,8
37,6,2,prev2_hash,193,5,4
37,6,2,prev2_hash,194,13,13
37,6,2,prev2_hash,195,5,5
37,6,2,prev2_hash,196,1,1
37,6,2,prev2_hash,197,15,15
37,6,2,prev2_hash,198,9,9
37,6,2,prev2_hash,199,5,5
37,6,2,prev2_hash,200,9,9
37,6,2,prev2_hash,201,6,6
37,6,2,prev2_hash,202,14,14
37,6,2,prev2_hash,203,2,2
37,6,2,prev2_hash,204,11,11
37,6,2,prev2_hash,205,8,8
37,6,2,prev2_hash,206,4,4
37,6,2,prev2_hash,207,5,5
37,6,2,prev2_hash,208,1,1
37,6,2,prev2_hash,209,5,5
37,6,2,prev2_hash,210,5,4
37,6,2,prev2_hash,211,8,8
37,6,2,prev2_hash,212,10,10
37,6,2,prev2_hash,213,2,1
37,6,2,prev2_hash,214,26,26
37,6,2,prev2_hash,215,7,6
37,6,2,prev2_hash,216,6,6
37,6,2,prev2_hash,217,4,4
37,6,2,stream_band16,0,1104,1100
37,6,2,stream_band16,1,67,66
37,6,2,stream_band16,2,34,32
37,6,2,stream_band16,3,820,812
37,6,2,stream_band16,4,12651,12588
37,6,2,stream_band16,5,607,600
37,6,2,stream_band16,6,210,207
37,6,2,stream_band16,7,128,128
37,6,2,stream_band16,8,85,82
37,6,2,stream_band16,9,30,30
37,6,2,stream_band16,10,24,24
37,6,2,stream_band16,11,69,68
37,6,2,stream_band16,12,42,41
37,6,2,stream_band16,13,7,7
37,6,2,stream_band16,14,111,111
37,6,2,stream_band16,15,3,3
37,6,2,stream_band64,0,56,56
37,6,2,stream_band64,1,339,336
37,6,2,stream_band64,2,497,497
37,6,2,stream_band64,3,212,211
37,6,2,stream_band64,4,37,37
37,6,2,stream_band64,5,11,11
37,6,2,stream_band64,6,11,10
37,6,2,stream_band64,7,8,8
37,6,2,stream_band64,8,17,16
37,6,2,stream_band64,9,12,11
37,6,2,stream_band64,10,5,5
37,6,2,stream_band64,12,34,31
37,6,2,stream_band64,13,58,57
37,6,2,stream_band64,14,218,217
37,6,2,stream_band64,15,510,507
37,6,2,stream_band64,16,2504,2485
37,6,2,stream_band64,17,4662,4634
37,6,2,stream_band64,18,1653,1648
37,6,2,stream_band64,19,3832,3821
37,6,2,stream_band64,20,455,449
37,6,2,stream_band64,21,27,27
37,6,2,stream_band64,22,77,76
37,6,2,stream_band64,23,48,48
37,6,2,stream_band64,24,85,85
37,6,2,stream_band64,25,41,41
37,6,2,stream_band64,26,43,42
37,6,2,stream_band64,27,41,39
37,6,2,stream_band64,28,10,10
37,6,2,stream_band64,29,20,20
37,6,2,stream_band64,30,30,30
37,6,2,stream_band64,31,68,68
37,6,2,stream_band64,32,33,33
37,6,2,stream_band64,33,29,27
37,6,2,stream_band64,34,7,7
37,6,2,stream_band64,35,16,15
37,6,2,stream_band64,36,7,7
37,6,2,stream_band64,37,5,5
37,6,2,stream_band64,38,14,14
37,6,2,stream_band64,39,4,4
37,6,2,stream_band64,40,1,1
37,6,2,stream_band64,41,3,3
37,6,2,stream_band64,42,12,12
37,6,2,stream_band64,43,8,8
37,6,2,stream_band64,44,17,16
37,6,2,stream_band64,45,25,25
37,6,2,stream_band64,46,5,5
37,6,2,stream_band64,47,22,22
37,6,2,stream_band64,48,30,29
37,6,2,stream_band64,49,10,10
37,6,2,stream_band64,51,2,2
37,6,2,stream_band64,52,3,3
37,6,2,stream_band64,53,3,3
37,6,2,stream_band64,54,1,1
37,6,2,stream_band64,57,12,12
37,6,2,stream_band64,58,99,99
37,6,2,stream_band64,63,3,3
38,6,2,global,0,27104,15558
38,6,2,byte_class,0,22735,14295
38,6,2,byte_class,1,87,86
38,6,2,byte_class,3,4277,1174
38,6,2,byte_class,7,5,3
38,6,2,line_bucket,0,22735,14295
38,6,2,line_bucket,1,82,81
38,6,2,line_bucket,2,748,454
38,6,2,line_bucket,3,35,18
38,6,2,line_bucket,4,504,123
38,6,2,line_bucket,5,2098,168
38,6,2,line_bucket,6,902,419
38,6,2,class_line,0,22735,14295
38,6,2,class_line,9,82,81
38,6,2,class_line,11,2,2
38,6,2,class_line,12,1,1
38,6,2,class_line,13,2,2
38,6,2,class_line,26,748,454
38,6,2,class_line,27,28,13
38,6,2,class_line,28,503,122
38,6,2,class_line,29,2096,166
38,6,2,class_line,30,902,419
38,6,2,class_line,59,5,3
38,6,2,prev_byte,10,22735,14295
38,6,2,prev_byte,32,87,86
38,6,2,prev_byte,45,5,3
38,6,2,prev_byte,80,988,455
38,6,2,prev_byte,81,3289,719
38,6,2,prev2_hash,19,16,2
38,6,2,prev2_hash,20,9,7
38,6,2,prev2_hash,21,7,0
38,6,2,prev2_hash,42,4279,4026
38,6,2,prev2_hash,43,309,114
38,6,2,prev2_hash,44,2402,308
38,6,2,prev2_hash,45,9,9
38,6,2,prev2_hash,46,11,11
38,6,2,prev2_hash,47,85,7
38,6,2,prev2_hash,48,3,3
38,6,2,prev2_hash,49,727,539
38,6,2,prev2_hash,50,3,3
38,6,2,prev2_hash,51,135,67
38,6,2,prev2_hash,52,54,47
38,6,2,prev2_hash,53,4,4
38,6,2,prev2_hash,54,7,7
38,6,2,prev2_hash,55,6473,5467
38,6,2,prev2_hash,56,43,43
38,6,2,prev2_hash,57,5,5
38,6,2,prev2_hash,58,707,297
38,6,2,prev2_hash,59,426,172
38,6,2,prev2_hash,60,387,185
38,6,2,prev2_hash,61,373,165
38,6,2,prev2_hash,62,375,174
38,6,2,prev2_hash,63,351,143
38,6,2,prev2_hash,64,310,136
38,6,2,prev2_hash,65,338,134
38,6,2,prev2_hash,66,329,145
38,6,2,prev2_hash,67,321,135
38,6,2,prev2_hash,74,15,15
38,6,2,prev2_hash,77,2,2
38,6,2,prev2_hash,84,70,1
38,6,2,prev2_hash,85,32,31
38,6,2,prev2_hash,86,1,1
38,6,2,prev2_hash,87,3,3
38,6,2,prev2_hash,88,912,221
38,6,2,prev2_hash,89,42,35
38,6,2,prev2_hash,90,5,3
38,6,2,prev2_hash,91,115,92
38,6,2,prev2_hash,92,279,237
38,6,2,prev2_hash,93,4,4
38,6,2,prev2_hash,98,6,6
38,6,2,prev2_hash,102,3,3
38,6,2,prev2_hash,103,1782,666
38,6,2,prev2_hash,104,8,8
38,6,2,prev2_hash,107,13,5
38,6,2,prev2_hash,108,20,14
38,6,2,prev2_hash,109,15,13
38,6,2,prev2_hash,110,16,10
38,6,2,prev2_hash,111,18,13
38,6,2,prev2_hash,112,3,2
38,6,2,prev2_hash,113,3236,688
38,6,2,prev2_hash,114,8,6
38,6,2,prev2_hash,115,15,9
38,6,2,prev2_hash,116,6,6
38,6,2,prev2_hash,117,12,7
38,6,2,prev2_hash,118,76,67
38,6,2,prev2_hash,119,19,16
38,6,2,prev2_hash,120,16,6
38,6,2,prev2_hash,121,16,10
38,6,2,prev2_hash,122,22,18
38,6,2,prev2_hash,123,5,5
38,6,2,prev2_hash,124,16,7
38,6,2,prev2_hash,125,7,1
38,6,2,prev2_hash,126,11,5
38,6,2,prev2_hash,127,10,8
38,6,2,prev2_hash,128,8,7
38,6,2,prev2_hash,129,16,10
38,6,2,prev2_hash,130,8,7
38,6,2,prev2_hash,131,15,7
38,6,2,prev2_hash,132,10,6
38,6,2,prev2_hash,133,2,2
38,6,2,prev2_hash,134,5,5
38,6,2,prev2_hash,135,1,1
38,6,2,prev2_hash,136,1,1
38,6,2,prev2_hash,137,2,2
38,6,2,prev2_hash,138,3,3
38,6,2,prev2_hash,139,2,2
38,6,2,prev2_hash,140,5,2
38,6,2,prev2_hash,141,1,1
38,6,2,prev2_hash,142,4,3
38,6,2,prev2_hash,143,6,6
38,6,2,prev2_hash,144,10,4
38,6,2,prev2_hash,145,2,1
38,6,2,prev2_hash,146,2,1
38,6,2,prev2_hash,147,7,6
38,6,2,prev2_hash,148,3,1
38,6,2,prev2_hash,149,8,7
38,6,2,prev2_hash,150,7,5
38,6,2,prev2_hash,151,1,1
38,6,2,prev2_hash,152,2,2
38,6,2,prev2_hash,153,5,1
38,6,2,prev2_hash,155,4,3
38,6,2,prev2_hash,156,15,15
38,6,2,prev2_hash,157,3,1
38,6,2,prev2_hash,158,16,10
38,6,2,prev2_hash,159,2,0
38,6,2,prev2_hash,160,991,458
38,6,2,prev2_hash,161,3,3
38,6,2,prev2_hash,162,4,2
38,6,2,prev2_hash,163,1,0
38,6,2,prev2_hash,164,8,4
38,6,2,prev2_hash,165,1,1
38,6,2,prev2_hash,166,4,3
38,6,2,prev2_hash,167,7,5
38,6,2,prev2_hash,168,20,10
38,6,2,prev2_hash,169,2,2
38,6,2,prev2_hash,170,7,6
38,6,2,prev2_hash,171,10,9
38,6,2,prev2_hash,172,24,0
38,6,2,prev2_hash,173,15,15
38,6,2,prev2_hash,174,21,10
38,6,2,prev2_hash,175,2,2
38,6,2,prev2_hash,176,9,8
38,6,2,prev2_hash,177,4,3
38,6,2,prev2_hash,178,14,1
38,6,2,prev2_hash,179,18,12
38,6,2,prev2_hash,180,6,4
38,6,2,prev2_hash,181,8,2
38,6,2,prev2_hash,182,44,14
38,6,2,prev2_hash,183,1,0
38,6,2,prev2_hash,184,1,0
38,6,2,prev2_hash,185,10,4
38,6,2,prev2_hash,186,6,4
38,6,2,prev2_hash,187,8,1
38,6,2,prev2_hash,188,7,2
38,6,2,prev2_hash,189,14,9
38,6,2,prev2_hash,190,10,2
38,6,2,prev2_hash,191,6,3
38,6,2,prev2_hash,192,8,6
38,6,2,prev2_hash,193,3,3
38,6,2,prev2_hash,194,5,5
38,6,2,prev2_hash,195,12,8
38,6,2,prev2_hash,196,9,3
38,6,2,prev2_hash,197,9,6
38,6,2,prev2_hash,198,14,13
38,6,2,prev2_hash,199,12,12
38,6,2,prev2_hash,200,2,1
38,6,2,prev2_hash,201,3,1
38,6,2,prev2_hash,202,8,7
38,6,2,prev2_hash,203,3,3
38,6,2,prev2_hash,204,7,7
38,6,2,prev2_hash,205,1,1
38,6,2,prev2_hash,206,33,25
38,6,2,prev2_hash,207,2,2
38,6,2,prev2_hash,208,12,8
38,6,2,prev2_hash,209,30,2
38,6,2,prev2_hash,210,50,50
38,6,2,prev2_hash,211,11,6
38,6,2,prev2_hash,213,16,15
38,6,2,prev2_hash,214,2,1
38,6,2,prev2_hash,215,37,37
38,6,2,prev2_hash,216,2,1
38,6,2,prev2_hash,217,7,7
38,6,2,prev2_hash,224,1,1
38,6,2,prev2_hash,226,2,2
38,6,2,prev2_hash,253,4,4
38,6,2,stream_band16,0,5900,5710
38,6,2,stream_band16,1,930,461
38,6,2,stream_band16,2,1813,1482
38,6,2,stream_band16,3,780,498
38,6,2,stream_band16,4,458,357
38,6,2,stream_band16,5,540,340
38,6,2,stream_band16,6,1099,262
38,6,2,stream_band16,7,1040,542
38,6,2,stream_band16,8,2310,790
38,6,2,stream_band16,9,2375,991
38,6,2,stream_band16,10,5068,1794
38,6,2,stream_band16,11,1948,1020
38,6,2,stream_band16,12,2201,939
38,6,2,stream_band16,13,532,317
38,6,2,stream_band16,14,107,52
38,6,2,stream_band16,15,3,3
38,6,2,stream_band64,0,5449,5442
38,6,2,stream_band64,1,122,80
38,6,2,stream_band64,2,264,124
38,6,2,stream_band64,3,65,64
38,6,2,stream_band64,4,96,48
38,6,2,stream_band64,5,112,64
38,6,2,stream_band64,6,288,115
38,6,2,stream_band64,7,434,234
38,6,2,stream_band64,8,154,115
38,6,2,stream_band64,9,449,252
38,6,2,stream_band64,10,256,163
38,6,2,stream_band64,11,954,952
38,6,2,stream_band64,12,130,119
38,6,2,stream_band64,13,552,327
38,6,2,stream_band64,14,47,1
38,6,2,stream_band64,15,51,51
38,6,2,stream_band64,16,338,338
38,6,2,stream_band64,17,75,3
38,6,2,stream_band64,18,40,12
38,6,2,stream_band64,19,5,4
38,6,2,stream_band64,20,29,4
38,6,2,stream_band64,21,279,269
38,6,2,stream_band64,22,58,33
38,6,2,stream_band64,23,174,34
38,6,2,stream_band64,24,10,7
38,6,2,stream_band64,25,31,27
38,6,2,stream_band64,26,164,164
38,6,2,stream_band64,27,894,64
38,6,2,stream_band64,28,71,33
38,6,2,stream_band64,29,118,87
38,6,2,stream_band64,30,248,57
38,6,2,stream_band64,31,603,365
38,6,2,stream_band64,32,316,273
38,6,2,stream_band64,33,248,186
38,6,2,stream_band64,34,1599,317
38,6,2,stream_band64,35,147,14
38,6,2,stream_band64,36,190,72
38,6,2,stream_band64,37,354,46
38,6,2,stream_band64,38,580,270
38,6,2,stream_band64,39,1251,603
38,6,2,stream_band64,40,385,180
38,6,2,stream_band64,41,1020,527
38,6,2,stream_band64,42,3194,663
38,6,2,stream_band64,43,469,424
38,6,2,stream_band64,44,212,28
38,6,2,stream_band64,45,346,53
38,6,2,stream_band64,46,277,147
38,6,2,stream_band64,47,1113,792
38,6,2,stream_band64,48,936,503
38,6,2,stream_band64,49,147,80
38,6,2,stream_band64,50,1009,269
38,6,2,stream_band64,51,109,87
38,6,2,stream_band64,52,304,157
38,6,2,stream_band64,54,115,97
38,6,2,stream_band64,55,113,63
38,6,2,stream_band64,56,3,0
38,6,2,stream_band64,57,98,49
38,6,2,stream_band64,58,4,2
38,6,2,stream_band64,59,2,1
38,6,2,stream_band64,62,2,2
38,6,2,stream_band64,63,1,1
39,6,22,global,0,3584,3482
39,6,22,byte_class,0,3552,3479
39,6,22,byte_class,1,2,1
39,6,22,byte_class,3,29,2
39,6,22,byte_class,7,1,0
39,6,22,line_bucket,0,3552,3479
39,6,22,line_bucket,3,3,2
39,6,22,line_bucket,4,27,0
39,6,22,line_bucket,5,1,0
39,6,22,line_bucket,6,1,1
39,6,22,class_line,0,3552,3479
39,6,22,class_line,13,1,0
39,6,22,class_line,14,1,1
39,6,22,class_line,27,3,2
39,6,22,class_line,28,26,0
39,6,22,class_line,60,1,0
39,6,22,prev_byte,10,3552,3479
39,6,22,prev_byte,32,2,1
39,6,22,prev_byte,43,1,0
39,6,22,prev_byte,78,29,2
39,6,22,prev2_hash,19,1,1
39,6,22,prev2_hash,20,3043,3004
39,6,22,prev2_hash,22,1,0
39,6,22,prev2_hash,42,28,28
39,6,22,prev2_hash,43,1,1
39,6,22,prev2_hash,44,3,3
39,6,22,prev2_hash,49,10,10
39,6,22,prev2_hash,51,9,9
39,6,22,prev2_hash,55,9,9
39,6,22,prev2_hash,56,189,189
39,6,22,prev2_hash,64,1,1
39,6,22,prev2_hash,88,1,1
39,6,22,prev2_hash,92,11,10
39,6,22,prev2_hash,103,186,153
39,6,22,prev2_hash,105,1,1
39,6,22,prev2_hash,107,1,1
39,6,22,prev2_hash,108,1,1
39,6,22,prev2_hash,110,1,1
39,6,22,prev2_hash,111,1,1
39,6,22,prev2_hash,116,2,2
39,6,22,prev2_hash,121,1,0
39,6,22,prev2_hash,124,1,1
39,6,22,prev2_hash,130,1,1
39,6,22,prev2_hash,138,1,1
39,6,22,prev2_hash,139,2,2
39,6,22,prev2_hash,140,1,1
39,6,22,prev2_hash,141,1,1
39,6,22,prev2_hash,146,1,1
39,6,22,prev2_hash,148,3,3
39,6,22,prev2_hash,149,1,1
39,6,22,prev2_hash,155,1,1
39,6,22,prev2_hash,157,1,1
39,6,22,prev2_hash,160,1,1
39,6,22,prev2_hash,161,1,1
39,6,22,prev2_hash,162,1,1
39,6,22,prev2_hash,163,1,1
39,6,22,prev2_hash,165,1,1
39,6,22,prev2_hash,166,1,1
39,6,22,prev2_hash,169,1,1
39,6,22,prev2_hash,178,2,1
39,6,22,prev2_hash,179,1,1
39,6,22,prev2_hash,180,1,1
39,6,22,prev2_hash,182,1,1
39,6,22,prev2_hash,183,1,1
39,6,22,prev2_hash,184,1,1
39,6,22,prev2_hash,185,1,1
39,6,22,prev2_hash,186,1,1
39,6,22,prev2_hash,187,1,1
39,6,22,prev2_hash,188,2,2
39,6,22,prev2_hash,189,1,1
39,6,22,prev2_hash,199,1,1
39,6,22,prev2_hash,200,1,1
39,6,22,prev2_hash,202,3,3
39,6,22,prev2_hash,203,2,2
39,6,22,prev2_hash,204,3,3
39,6,22,prev2_hash,205,1,1
39,6,22,prev2_hash,206,1,1
39,6,22,prev2_hash,207,3,3
39,6,22,prev2_hash,212,1,1
39,6,22,prev2_hash,214,2,2
39,6,22,prev2_hash,215,4,4
39,6,22,prev2_hash,216,1,1
39,6,22,prev2_hash,225,26,0
39,6,22,stream_band16,14,3511,3482
39,6,22,stream_band16,15,73,0
39,6,22,stream_band64,57,392,387
39,6,22,stream_band64,58,3118,3095
39,6,22,stream_band64,59,1,0
39,6,22,stream_band64,63,73,0
40,6,2,global,0,14308,14304
40,6,2,byte_class,0,12943,12941
40,6,2,byte_class,1,4,4
40,6,2,byte_class,3,12,12
40,6,2,byte_class,5,1,1
40,6,2,byte_class,6,1347,1345
40,6,2,byte_class,7,1,1
40,6,2,line_bucket,0,12943,12941
40,6,2,line_bucket,1,1199,1197
40,6,2,line_bucket,2,153,153
40,6,2,line_bucket,3,3,3
40,6,2,line_bucket,4,2,2
40,6,2,line_bucket,5,1,1
40,6,2,line_bucket,6,7,7
40,6,2,class_line,0,12943,12941
40,6,2,class_line,11,1,1
40,6,2,class_line,12,1,1
40,6,2,class_line,13,1,1
40,6,2,class_line,14,1,1
40,6,2,class_line,25,8,8
40,6,2,class_line,28,1,1
40,6,2,class_line,30,3,3
40,6,2,class_line,43,1,1
40,6,2,class_line,49,1191,1189
40,6,2,class_line,50,153,153
40,6,2,class_line,54,3,3
40,6,2,class_line,59,1,1
40,6,2,prev_byte,10,12943,12941
40,6,2,prev_byte,32,4,4
40,6,2,prev_byte,35,1,1
40,6,2,prev_byte,42,1343,1341
40,6,2,prev_byte,45,1,1
40,6,2,prev_byte,74,8,8
40,6,2,prev_byte,77,3,3
40,6,2,prev_byte,78,1,1
40,6,2,prev_byte,93,3,3
40,6,2,prev_byte,162,1,1
40,6,2,prev2_hash,19,3,3
40,6,2,prev2_hash,20,521,521
40,6,2,prev2_hash,42,478,478
40,6,2,prev2_hash,44,4,4
40,6,2,prev2_hash,45,1,1
40,6,2,prev2_hash,49,55,55
40,6,2,prev2_hash,51,429,428
40,6,2,prev2_hash,52,1190,1188
40,6,2,prev2_hash,54,1,1
40,6,2,prev2_hash,55,2,2
40,6,2,prev2_hash,56,103,103
40,6,2,prev2_hash,59,3,3
40,6,2,prev2_hash,60,1,1
40,6,2,prev2_hash,66,1,1
40,6,2,prev2_hash,76,1,1
40,6,2,prev2_hash,79,1,1
40,6,2,prev2_hash,84,205,205
40,6,2,prev2_hash,85,3,3
40,6,2,prev2_hash,87,2988,2988
40,6,2,prev2_hash,88,32,32
40,6,2,prev2_hash,90,1,1
40,6,2,prev2_hash,91,5,5
40,6,2,prev2_hash,92,108,108
40,6,2,prev2_hash,103,8001,8000
40,6,2,prev2_hash,106,1,1
40,6,2,prev2_hash,111,2,2
40,6,2,prev2_hash,115,1,1
40,6,2,prev2_hash,120,1,1
40,6,2,prev2_hash,125,1,1
40,6,2,prev2_hash,138,4,4
40,6,2,prev2_hash,139,1,1
40,6,2,prev2_hash,140,2,2
40,6,2,prev2_hash,141,1,1
40,6,2,prev2_hash,143,2,2
40,6,2,prev2_hash,144,1,1
40,6,2,prev2_hash,145,1,1
40,6,2,prev2_hash,146,1,1
40,6,2,prev2_hash,147,1,1
40,6,2,prev2_hash,154,3,3
40,6,2,prev2_hash,155,1,1
40,6,2,prev2_hash,156,1,1
40,6,2,prev2_hash,160,5,5
40,6,2,prev2_hash,161,1,1
40,6,2,prev2_hash,162,8,8
40,6,2,prev2_hash,163,1,1
40,6,2,prev2_hash,164,1,1
40,6,2,prev2_hash,165,1,1
40,6,2,prev2_hash,166,2,2
40,6,2,prev2_hash,168,2,2
40,6,2,prev2_hash,170,2,2
40,6,2,prev2_hash,172,2,2
40,6,2,prev2_hash,174,2,2
40,6,2,prev2_hash,175,7,7
40,6,2,prev2_hash,176,1,1
40,6,2,prev2_hash,177,5,5
40,6,2,prev2_hash,178,1,1
40,6,2,prev2_hash,180,1,1
40,6,2,prev2_hash,181,1,1
40,6,2,prev2_hash,182,40,40
40,6,2,prev2_hash,183,6,6
40,6,2,prev2_hash,184,2,2
40,6,2,prev2_hash,185,2,2
40,6,2,prev2_hash,187,1,1
40,6,2,prev2_hash,188,2,2
40,6,2,prev2_hash,190,1,1
40,6,2,prev2_hash,191,1,1
40,6,2,prev2_hash,192,2,2
40,6,2,prev2_hash,195,12,12
40,6,2,prev2_hash,196,5,5
40,6,2,prev2_hash,198,1,1
40,6,2,prev2_hash,199,1,1
40,6,2,prev2_hash,200,3,3
40,6,2,prev2_hash,201,1,1
40,6,2,prev2_hash,202,3,3
40,6,2,prev2_hash,203,1,1
40,6,2,prev2_hash,204,1,1
40,6,2,prev2_hash,205,1,1
40,6,2,prev2_hash,206,2,2
40,6,2,prev2_hash,209,1,1
40,6,2,prev2_hash,210,2,2
40,6,2,prev2_hash,211,1,1
40,6,2,prev2_hash,213,1,1
40,6,2,prev2_hash,215,3,3
40,6,2,prev2_hash,216,1,1
40,6,2,prev2_hash,217,2,2
40,6,2,prev2_hash,225,1,1
40,6,2,prev2_hash,235,3,3
40,6,2,stream_band16,0,952,952
40,6,2,stream_band16,1,386,386
40,6,2,stream_band16,2,454,454
40,6,2,stream_band16,3,1065,1064
40,6,2,stream_band16,4,930,930
40,6,2,stream_band16,5,2246,2245
40,6,2,stream_band16,6,1049,1049
40,6,2,stream_band16,7,1358,1358
40,6,2,stream_band16,8,926,925
40,6,2,stream_band16,9,1465,1465
40,6,2,stream_band16,10,1693,1693
40,6,2,stream_band16,11,1151,1151
40,6,2,stream_band16,12,294,294
40,6,2,stream_band16,13,160,160
40,6,2,stream_band16,14,176,175
40,6,2,stream_band16,15,3,3
40,6,2,stream_band64,0,62,62
40,6,2,stream_band64,1,255,255
40,6,2,stream_band64,2,443,443
40,6,2,stream_band64,3,192,192
40,6,2,stream_band64,4,104,104
40,6,2,stream_band64,5,105,105
40,6,2,stream_band64,6,59,59
40,6,2,stream_band64,7,118,118
40,6,2,stream_band64,8,88,88
40,6,2,stream_band64,9,115,115
40,6,2,stream_band64,10,144,144
40,6,2,stream_band64,11,107,107
40,6,2,stream_band64,12,337,336
40,6,2,stream_band64,13,221,221
40,6,2,stream_band64,14,383,383
40,6,2,stream_band64,15,124,124
40,6,2,stream_band64,16,290,290
40,6,2,stream_band64,17,232,232
40,6,2,stream_band64,18,185,185
40,6,2,stream_band64,19,223,223
40,6,2,stream_band64,20,1089,1088
40,6,2,stream_band64,21,199,199
40,6,2,stream_band64,22,307,307
40,6,2,stream_band64,23,651,651
40,6,2,stream_band64,24,614,614
40,6,2,stream_band64,25,175,175
40,6,2,stream_band64,26,165,165
40,6,2,stream_band64,27,95,95
40,6,2,stream_band64,28,158,158
40,6,2,stream_band64,29,328,328
40,6,2,stream_band64,30,692,692
40,6,2,stream_band64,31,180,180
40,6,2,stream_band64,32,227,226
40,6,2,stream_band64,33,176,176
40,6,2,stream_band64,34,374,374
40,6,2,stream_band64,35,149,149
40,6,2,stream_band64,36,189,189
40,6,2,stream_band64,37,133,133
40,6,2,stream_band64,38,182,182
40,6,2,stream_band64,39,961,961
40,6,2,stream_band64,40,285,285
40,6,2,stream_band64,41,500,500
40,6,2,stream_band64,42,603,603
40,6,2,stream_band64,43,305,305
40,6,2,stream_band64,44,274,274
40,6,2,stream_band64,45,404,404
40,6,2,stream_band64,46,177,177
40,6,2,stream_band64,47,296,296
40,6,2,stream_band64,48,171,171
40,6,2,stream_band64,49,63,63
40,6,2,stream_band64,50,52,52
40,6,2,stream_band64,51,8,8
40,6,2,stream_band64,52,75,75
40,6,2,stream_band64,53,31,31
40,6,2,stream_band64,54,49,49
40,6,2,stream_band64,55,5,5
40,6,2,stream_band64,56,3,3
40,6,2,stream_band64,57,34,34
40,6,2,stream_band64,58,102,101
40,6,2,stream_band64,59,37,37
40,6,2,stream_band64,62,2,2
40,6,2,stream_band64,63,1,1
41,6,24,global,0,5154,2799
41,6,24,byte_class,0,3170,2618
41,6,24,byte_class,1,1089,83
41,6,24,byte_class,3,885,94
41,6,24,byte_class,5,1,1
41,6,24,byte_class,6,1,1
41,6,24,byte_class,7,8,2
41,6,24,line_bucket,0,3170,2618
41,6,24,line_bucket,1,1,0
41,6,24,line_bucket,3,3,1
41,6,24,line_bucket,4,712,0
41,6,24,line_bucket,5,235,162
41,6,24,line_bucket,6,1033,18
41,6,24,class_line,0,3170,2618
41,6,24,class_line,9,1,0
41,6,24,class_line,11,1,1
41,6,24,class_line,12,19,0
41,6,24,class_line,13,117,67
41,6,24,class_line,14,951,15
41,6,24,class_line,27,2,0
41,6,24,class_line,28,691,0
41,6,24,class_line,29,116,94
41,6,24,class_line,30,76,0
41,6,24,class_line,46,1,1
41,6,24,class_line,53,1,1
41,6,24,class_line,60,2,0
41,6,24,class_line,61,1,0
41,6,24,class_line,62,5,2
41,6,24,prev_byte,10,3170,2618
41,6,24,prev_byte,32,1089,83
41,6,24,prev_byte,43,2,0
41,6,24,prev_byte,46,6,2
41,6,24,prev_byte,78,882,93
41,6,24,prev_byte,82,3,1
41,6,24,prev_byte,93,1,1
41,6,24,prev_byte,135,1,1
41,6,24,prev2_hash,19,6,6
41,6,24,prev2_hash,20,1613,1315
41,6,24,prev2_hash,22,1,0
41,6,24,prev2_hash,42,29,22
41,6,24,prev2_hash,43,7,5
41,6,24,prev2_hash,44,1,1
41,6,24,prev2_hash,49,35,35
41,6,24,prev2_hash,51,123,107
41,6,24,prev2_hash,56,463,334
41,6,24,prev2_hash,57,2,2
41,6,24,prev2_hash,58,5,5
41,6,24,prev2_hash,59,9,8
41,6,24,prev2_hash,60,16,13
41,6,24,prev2_hash,61,14,12
41,6,24,prev2_hash,62,6,5
41,6,24,prev2_hash,63,4,3
41,6,24,prev2_hash,64,43,2
41,6,24,prev2_hash,65,9,9
41,6,24,prev2_hash,66,5,4
41,6,24,prev2_hash,71,1,1
41,6,24,prev2_hash,76,16,0
41,6,24,prev2_hash,78,973,69
41,6,24,prev2_hash,82,1,1
41,6,24,prev2_hash,84,5,4
41,6,24,prev2_hash,87,3,0
41,6,24,prev2_hash,88,13,4
41,6,24,prev2_hash,92,41,37
41,6,24,prev2_hash,103,223,210
41,6,24,prev2_hash,107,5,5
41,6,24,prev2_hash,108,3,3
41,6,24,prev2_hash,109,3,2
41,6,24,prev2_hash,110,11,5
41,6,24,prev2_hash,111,23,23
41,6,24,prev2_hash,112,115,93
41,6,24,prev2_hash,113,6,5
41,6,24,prev2_hash,114,5,3
41,6,24,prev2_hash,115,1,0
41,6,24,prev2_hash,116,70,0
41,6,24,prev2_hash,117,1,1
41,6,24,prev2_hash,118,16,11
41,6,24,prev2_hash,119,2,2
41,6,24,prev2_hash,120,13,12
41,6,24,prev2_hash,121,4,1
41,6,24,prev2_hash,122,1,1
41,6,24,prev2_hash,124,5,5
41,6,24,prev2_hash,125,26,12
41,6,24,prev2_hash,126,4,4
41,6,24,prev2_hash,127,4,3
41,6,24,prev2_hash,128,1,1
41,6,24,prev2_hash,131,2,2
41,6,24,prev2_hash,132,1,1
41,6,24,prev2_hash,138,2,1
41,6,24,prev2_hash,139,3,3
41,6,24,prev2_hash,140,2,1
41,6,24,prev2_hash,141,1,1
41,6,24,prev2_hash,142,4,4
41,6,24,prev2_hash,143,7,6
41,6,24,prev2_hash,144,9,9
41,6,24,prev2_hash,145,2,1
41,6,24,prev2_hash,146,2,2
41,6,24,prev2_hash,147,3,2
41,6,24,prev2_hash,148,2,2
41,6,24,prev2_hash,149,10,8
41,6,24,prev2_hash,150,2,2
41,6,24,prev2_hash,151,4,4
41,6,24,prev2_hash,152,1,1
41,6,24,prev2_hash,154,14,10
41,6,24,prev2_hash,155,1,1
41,6,24,prev2_hash,156,4,4
41,6,24,prev2_hash,157,1,1
41,6,24,prev2_hash,158,2,1
41,6,24,prev2_hash,159,24,24
41,6,24,prev2_hash,160,9,7
41,6,24,prev2_hash,161,13,8
41,6,24,prev2_hash,162,7,6
41,6,24,prev2_hash,165,9,8
41,6,24,prev2_hash,166,3,3
41,6,24,prev2_hash,167,6,5
41,6,24,prev2_hash,168,1,1
41,6,24,prev2_hash,169,28,26
41,6,24,prev2_hash,170,2,2
41,6,24,prev2_hash,171,1,1
41,6,24,prev2_hash,172,3,3
41,6,24,prev2_hash,173,3,3
41,6,24,prev2_hash,174,6,5
41,6,24,prev2_hash,175,2,1
41,6,24,prev2_hash,176,16,15
41,6,24,prev2_hash,177,4,4
41,6,24,prev2_hash,178,10,10
41,6,24,prev2_hash,179,6,2
41,6,24,prev2_hash,180,3,3
41,6,24,prev2_hash,181,4,4
41,6,24,prev2_hash,182,1,1
41,6,24,prev2_hash,183,15,12
41,6,24,prev2_hash,184,1,1
41,6,24,prev2_hash,185,17,15
41,6,24,prev2_hash,186,5,3
41,6,24,prev2_hash,187,8,8
41,6,24,prev2_hash,188,2,2
41,6,24,prev2_hash,189,10,8
41,6,24,prev2_hash,190,22,16
41,6,24,prev2_hash,191,6,6
41,6,24,prev2_hash,192,2,2
41,6,24,prev2_hash,194,8,8
41,6,24,prev2_hash,195,3,3
41,6,24,prev2_hash,196,10,9
41,6,24,prev2_hash,197,3,1
41,6,24,prev2_hash,198,14,13
41,6,24,prev2_hash,199,5,2
41,6,24,prev2_hash,200,7,6
41,6,24,prev2_hash,201,1,1
41,6,24,prev2_hash,202,8,6
41,6,24,prev2_hash,203,5,5
41,6,24,prev2_hash,204,2,2
41,6,24,prev2_hash,205,4,4
41,6,24,prev2_hash,206,15,4
41,6,24,prev2_hash,207,6,6
41,6,24,prev2_hash,208,6,4
41,6,24,prev2_hash,209,7,6
41,6,24,prev2_hash,210,7,5
41,6,24,prev2_hash,211,1,1
41,6,24,prev2_hash,212,10,9
41,6,24,prev2_hash,213,7,7
41,6,24,prev2_hash,215,3,3
41,6,24,prev2_hash,216,2,2
41,6,24,prev2_hash,217,1,1
41,6,24,prev2_hash,218,1,0
41,6,24,prev2_hash,225,688,0
41,6,24,prev2_hash,226,2,0
41,6,24,prev2_hash,227,2,0
41,6,24,prev2_hash,231,1,1
41,6,24,prev2_hash,232,6,0
41,6,24,prev2_hash,234,2,2
41,6,24,prev2_hash,239,3,0
41,6,24,stream_band16,14,5150,2799
41,6,24,stream_band16,15,4,0
41,6,24,stream_band64,57,5149,2799
41,6,24,stream_band64,59,1,0
41,6,24,stream_band64,63,4,0
42,6,6,global,0,33408,7825
42,6,6,byte_class,1,1064,94
42,6,6,byte_class,2,842,199
42,6,6,byte_class,3,308,234
42,6,6,byte_class,4,2854,545
42,6,6,byte_class,5,16369,2980
42,6,6,byte_class,6,1504,612
42,6,6,byte_class,7,10467,3161
42,6,6,line_bucket,5,3,1
42,6,6,line_bucket,6,33405,7824
42,6,6,class_line,14,1064,94
42,6,6,class_line,22,842,199
42,6,6,class_line,30,308,234
42,6,6,class_line,38,2854,545
42,6,6,class_line,45,3,1
42,6,6,class_line,46,16366,2979
42,6,6,class_line,54,1504,612
42,6,6,class_line,62,10467,3161
42,6,6,prev_byte,32,1064,94
42,6,6,prev_byte,33,110,15
42,6,6,prev_byte,34,2896,34
42,6,6,prev_byte,37,2,0
42,6,6,prev_byte,38,1,0
42,6,6,prev_byte,39,4350,2492
42,6,6,prev_byte,41,1061,178
42,6,6,prev_byte,44,6,2
42,6,6,prev_byte,45,6,1
42,6,6,prev_byte,46,2026,439
42,6,6,prev_byte,47,176,23
42,6,6,prev_byte,48,138,27
42,6,6,prev_byte,49,88,16
42,6,6,prev_byte,50,100,22
42,6,6,prev_byte,51,78,24
42,6,6,prev_byte,52,63,17
42,6,6,prev_byte,53,85,28
42,6,6,prev_byte,54,41,15
42,6,6,prev_byte,55,94,10
42,6,6,prev_byte,56,54,11
42,6,6,prev_byte,57,101,29
42,6,6,prev_byte,64,1,0
42,6,6,prev_byte,74,2,0
42,6,6,prev_byte,75,230,227
42,6,6,prev_byte,77,1,0
42,6,6,prev_byte,78,1,0
42,6,6,prev_byte,79,71,7
42,6,6,prev_byte,83,1,0
42,6,6,prev_byte,88,2,0
42,6,6,prev_byte,92,3,0
42,6,6,prev_byte,93,1327,589
42,6,6,prev_byte,94,1,0
42,6,6,prev_byte,95,5,0
42,6,6,prev_byte,97,93,14
42,6,6,prev_byte,98,27,2
42,6,6,prev_byte,99,73,14
42,6,6,prev_byte,100,716,198
42,6,6,prev_byte,101,326,74
42,6,6,prev_byte,102,28,3
42,6,6,prev_byte,103,95,11
42,6,6,prev_byte,104,58,11
42,6,6,prev_byte,105,107,8
42,6,6,prev_byte,106,9,1
42,6,6,prev_byte,107,82,8
42,6,6,prev_byte,108,104,31
42,6,6,prev_byte,109,52,12
42,6,6,prev_byte,110,168,27
42,6,6,prev_byte,111,71,11
42,6,6,prev_byte,112,55,2
42,6,6,prev_byte,113,4,0
42,6,6,prev_byte,114,173,13
42,6,6,prev_byte,115,220,37
42,6,6,prev_byte,116,169,28
42,6,6,prev_byte,117,25,5
42,6,6,prev_byte,118,36,5
42,6,6,prev_byte,119,20,3
42,6,6,prev_byte,120,17,3
42,6,6,prev_byte,121,103,19
42,6,6,prev_byte,122,23,5
42,6,6,prev_byte,128,289,33
42,6,6,prev_byte,129,75,5
42,6,6,prev_byte,130,42,10
42,6,6,prev_byte,131,184,12
42,6,6,prev_byte,132,202,63
42,6,6,prev_byte,133,155,17
42,6,6,prev_byte,134,74,24
42,6,6,prev_byte,135,53,10
42,6,6,prev_byte,136,72,11
42,6,6,prev_byte,137,632,149
42,6,6,prev_byte,138,159,41
42,6,6,prev_byte,139,186,29
42,6,6,prev_byte,140,259,37
42,6,6,prev_byte,141,165,23
42,6,6,prev_byte,142,67,18
42,6,6,prev_byte,143,55,9
42,6,6,prev_byte,144,231,20
42,6,6,prev_byte,145,142,22
42,6,6,prev_byte,146,317,20
42,6,6,prev_byte,147,232,100
42,6,6,prev_byte,148,259,52
42,6,6,prev_byte,149,128,32
42,6,6,prev_byte,150,202,46
42,6,6,prev_byte,151,259,34
42,6,6,prev_byte,152,749,127
42,6,6,prev_byte,153,331,96
42,6,6,prev_byte,154,167,99
42,6,6,prev_byte,155,156,21
42,6,6,prev_byte,156,293,35
42,6,6,prev_byte,157,212,35
42,6,6,prev_byte,158,126,14
42,6,6,prev_byte,159,292,20
42,6,6,prev_byte,160,85,25
42,6,6,prev_byte,161,91,9
42,6,6,prev_byte,162,53,5
42,6,6,prev_byte,163,67,10
42,6,6,prev_byte,164,139,16
42,6,6,prev_byte,165,70,11
42,6,6,prev_byte,166,141,29
42,6,6,prev_byte,167,151,28
42,6,6,prev_byte,168,683,79
42,6,6,prev_byte,169,86,13
42,6,6,prev_byte,170,56,7
42,6,6,prev_byte,171,110,24
42,6,6,prev_byte,172,92,14
42,6,6,prev_byte,173,70,13
42,6,6,prev_byte,174,114,16
42,6,6,prev_byte,175,772,107
42,6,6,prev_byte,176,403,73
42,6,6,prev_byte,177,118,11
42,6,6,prev_byte,178,77,17
42,6,6,prev_byte,179,127,9
42,6,6,prev_byte,180,259,72
42,6,6,prev_byte,181,181,19
42,6,6,prev_byte,182,104,9
42,6,6,prev_byte,183,53,9
42,6,6,prev_byte,184,322,200
42,6,6,prev_byte,185,83,10
42,6,6,prev_byte,186,355,42
42,6,6,prev_byte,187,103,5
42,6,6,prev_byte,188,358,261
42,6,6,prev_byte,189,133,13
42,6,6,prev_byte,190,63,10
42,6,6,prev_byte,191,385,17
42,6,6,prev_byte,192,191,32
42,6,6,prev_byte,193,201,20
42,6,6,prev_byte,194,122,6
42,6,6,prev_byte,195,189,28
42,6,6,prev_byte,196,647,45
42,6,6,prev_byte,197,180,22
42,6,6,prev_byte,198,205,79
42,6,6,prev_byte,199,423,33
42,6,6,prev_byte,200,408,113
42,6,6,prev_byte,201,165,17
42,6,6,prev_byte,202,136,15
42,6,6,prev_byte,203,175,31
42,6,6,prev_byte,204,73,12
42,6,6,prev_byte,205,208,29
42,6,6,prev_byte,206,139,15
42,6,6,prev_byte,207,238,36
42,6,6,prev2_hash,0,3,1
42,6,6,prev2_hash,1,20,19
42,6,6,prev2_hash,2,5,5
42,6,6,prev2_hash,3,2,0
42,6,6,prev2_hash,4,8,1
42,6,6,prev2_hash,5,4,0
42,6,6,prev2_hash,6,2,0
42,6,6,prev2_hash,7,7,4
42,6,6,prev2_hash,8,1,0
42,6,6,prev2_hash,9,17,14
42,6,6,prev2_hash,10,2,1
42,6,6,prev2_hash,11,24,0
42,6,6,prev2_hash,12,1,0
42,6,6,prev2_hash,13,1,0
42,6,6,prev2_hash,14,1,0
42,6,6,prev2_hash,15,1,0
42,6,6,prev2_hash,16,11,8
42,6,6,prev2_hash,17,5,0
42,6,6,prev2_hash,18,9,0
42,6,6,prev2_hash,19,1,0
42,6,6,prev2_hash,20,31,31
42,6,6,prev2_hash,21,4,1
42,6,6,prev2_hash,22,7,4
42,6,6,prev2_hash,23,3,0
42,6,6,prev2_hash,24,6,0
42,6,6,prev2_hash,25,13,12
42,6,6,prev2_hash,26,3,1
42,6,6,prev2_hash,27,14,4
42,6,6,prev2_hash,28,1,1
42,6,6,prev2_hash,29,1,1
42,6,6,prev2_hash,30,3,0
42,6,6,prev2_hash,31,11,3
42,6,6,prev2_hash,32,3,1
42,6,6,prev2_hash,33,14,0
42,6,6,prev2_hash,34,45,19
42,6,6,prev2_hash,35,6,5
42,6,6,prev2_hash,36,4,0
42,6,6,prev2_hash,37,25,16
42,6,6,prev2_hash,38,7,6
42,6,6,prev2_hash,39,2,0
42,6,6,prev2_hash,40,46,42
42,6,6,prev2_hash,41,4,0
42,6,6,prev2_hash,42,8,4
42,6,6,prev2_hash,43,3,0
42,6,6,prev2_hash,44,2,0
42,6,6,prev2_hash,45,1,0
42,6,6,prev2_hash,50,1,0
42,6,6,prev2_hash,53,1,0
42,6,6,prev2_hash,57,1,1
42,6,6,prev2_hash,64,20,5
42,6,6,prev2_hash,65,48,0
42,6,6,prev2_hash,66,370,2
42,6,6,prev2_hash,67,161,1
42,6,6,prev2_hash,71,11,5
42,6,6,prev2_hash,72,286,179
42,6,6,prev2_hash,73,28,4
42,6,6,prev2_hash,74,12,1
42,6,6,prev2_hash,75,27,2
42,6,6,prev2_hash,76,10,3
42,6,6,prev2_hash,77,6,0
42,6,6,prev2_hash,78,282,40
42,6,6,prev2_hash,79,8,4
42,6,6,prev2_hash,80,353,33
42,6,6,prev2_hash,81,79,12
42,6,6,prev2_hash,82,28,6
42,6,6,prev2_hash,83,39,8
42,6,6,prev2_hash,84,30,2
42,6,6,prev2_hash,85,1347,789
42,6,6,prev2_hash,86,94,10
42,6,6,prev2_hash,87,66,7
42,6,6,prev2_hash,88,37,7
42,6,6,prev2_hash,89,132,14
42,6,6,prev2_hash,90,29,12
42,6,6,prev2_hash,91,42,7
42,6,6,prev2_hash,92,117,17
42,6,6,prev2_hash,93,54,8
42,6,6,prev2_hash,94,132,20
42,6,6,prev2_hash,95,216,30
42,6,6,prev2_hash,96,43,12
42,6,6,prev2_hash,97,88,9
42,6,6,prev2_hash,98,90,23
42,6,6,prev2_hash,99,97,18
42,6,6,prev2_hash,100,63,14
42,6,6,prev2_hash,101,166,17
42,6,6,prev2_hash,102,143,30
42,6,6,prev2_hash,103,124,18
42,6,6,prev2_hash,104,289,31
42,6,6,prev2_hash,105,285,100
42,6,6,prev2_hash,106,262,40
42,6,6,prev2_hash,107,102,25
42,6,6,prev2_hash,108,77,13
42,6,6,prev2_hash,109,271,24
42,6,6,prev2_hash,110,145,18
42,6,6,prev2_hash,111,369,53
42,6,6,prev2_hash,112,93,10
42,6,6,prev2_hash,113,142,11
42,6,6,prev2_hash,114,127,31
42,6,6,prev2_hash,115,208,36
42,6,6,prev2_hash,116,67,7
42,6,6,prev2_hash,117,197,112
42,6,6,prev2_hash,118,237,107
42,6,6,prev2_hash,119,769,113
42,6,6,prev2_hash,120,304,60
42,6,6,prev2_hash,121,38,5
42,6,6,prev2_hash,122,150,18
42,6,6,prev2_hash,123,64,10
42,6,6,prev2_hash,124,66,7
42,6,6,prev2_hash,125,194,42
42,6,6,prev2_hash,126,911,25
42,6,6,prev2_hash,127,721,89
42,6,6,prev2_hash,128,750,83
42,6,6,prev2_hash,129,61,10
42,6,6,prev2_hash,130,91,31
42,6,6,prev2_hash,131,239,20
42,6,6,prev2_hash,132,771,514
42,6,6,prev2_hash,133,94,19
42,6,6,prev2_hash,134,214,20
42,6,6,prev2_hash,135,106,9
42,6,6,prev2_hash,136,435,224
42,6,6,prev2_hash,137,153,37
42,6,6,prev2_hash,138,193,19
42,6,6,prev2_hash,139,776,117
42,6,6,prev2_hash,140,200,63
42,6,6,prev2_hash,141,336,98
42,6,6,prev2_hash,142,179,39
42,6,6,prev2_hash,143,282,58
42,6,6,prev2_hash,144,154,45
42,6,6,prev2_hash,145,317,132
42,6,6,prev2_hash,146,201,77
42,6,6,prev2_hash,147,218,63
42,6,6,prev2_hash,148,215,54
42,6,6,prev2_hash,149,682,88
42,6,6,prev2_hash,150,136,32
42,6,6,prev2_hash,151,154,50
42,6,6,prev2_hash,152,80,13
42,6,6,prev2_hash,153,120,27
42,6,6,prev2_hash,154,214,60
42,6,6,prev2_hash,155,209,43
42,6,6,prev2_hash,156,219,34
42,6,6,prev2_hash,157,174,44
42,6,6,prev2_hash,158,176,22
42,6,6,prev2_hash,159,125,28
42,6,6,prev2_hash,160,254,32
42,6,6,prev2_hash,161,207,30
42,6,6,prev2_hash,162,100,21
42,6,6,prev2_hash,163,67,7
42,6,6,prev2_hash,164,550,187
42,6,6,prev2_hash,165,81,7
42,6,6,prev2_hash,166,87,11
42,6,6,prev2_hash,167,91,13
42,6,6,prev2_hash,168,296,38
42,6,6,prev2_hash,169,459,286
42,6,6,prev2_hash,170,194,21
42,6,6,prev2_hash,171,100,19
42,6,6,prev2_hash,172,124,40
42,6,6,prev2_hash,173,648,48
42,6,6,prev2_hash,174,274,34
42,6,6,prev2_hash,175,102,31
42,6,6,prev2_hash,176,274,16
42,6,6,prev2_hash,177,97,17
42,6,6,prev2_hash,178,132,16
42,6,6,prev2_hash,179,345,68
42,6,6,prev2_hash,180,329,35
42,6,6,prev2_hash,181,164,20
42,6,6,prev2_hash,182,348,96
42,6,6,prev2_hash,183,62,11
42,6,6,prev2_hash,184,261,35
42,6,6,prev2_hash,185,195,30
42,6,6,prev2_hash,186,155,30
42,6,6,prev2_hash,187,105,24
42,6,6,prev2_hash,188,40,7
42,6,6,prev2_hash,189,85,15
42,6,6,prev2_hash,190,118,24
42,6,6,prev2_hash,191,196,27
42,6,6,prev2_hash,192,79,23
42,6,6,prev2_hash,193,109,48
42,6,6,prev2_hash,194,254,17
42,6,6,prev2_hash,195,60,17
42,6,6,prev2_hash,196,78,24
42,6,6,prev2_hash,197,124,65
42,6,6,prev2_hash,198,137,47
42,6,6,prev2_hash,199,158,64
42,6,6,prev2_hash,200,77,15
42,6,6,prev2_hash,201,260,48
42,6,6,prev2_hash,202,339,107
42,6,6,prev2_hash,203,100,33
42,6,6,prev2_hash,204,121,31
42,6,6,prev2_hash,205,100,18
42,6,6,prev2_hash,206,87,22
42,6,6,prev2_hash,207,352,57
42,6,6,prev2_hash,208,99,15
42,6,6,prev2_hash,209,175,21
42,6,6,prev2_hash,210,171,32
42,6,6,prev2_hash,211,144,21
42,6,6,prev2_hash,212,140,21
42,6,6,prev2_hash,213,169,28
42,6,6,prev2_hash,214,86,24
42,6,6,prev2_hash,215,176,34
42,6,6,prev2_hash,216,134,29
42,6,6,prev2_hash,217,113,15
42,6,6,prev2_hash,218,58,9
42,6,6,prev2_hash,219,92,22
42,6,6,prev2_hash,220,136,19
42,6,6,prev2_hash,221,139,34
42,6,6,prev2_hash,222,89,18
42,6,6,prev2_hash,223,103,22
42,6,6,prev2_hash,224,82,12
42,6,6,prev2_hash,225,77,17
42,6,6,prev2_hash,226,175,19
42,6,6,prev2_hash,227,134,21
42,6,6,prev2_hash,228,82,13
42,6,6,prev2_hash,229,78,19
42,6,6,prev2_hash,230,75,19
42,6,6,prev2_hash,231,123,44
42,6,6,prev2_hash,232,139,20
42,6,6,prev2_hash,233,252,29
42,6,6,prev2_hash,234,117,29
42,6,6,prev2_hash,235,89,30
42,6,6,prev2_hash,236,41,9
42,6,6,prev2_hash,237,62,16
42,6,6,prev2_hash,238,242,46
42,6,6,prev2_hash,239,76,31
42,6,6,prev2_hash,240,38,4
42,6,6,prev2_hash,241,54,9
42,6,6,prev2_hash,242,70,33
42,6,6,prev2_hash,243,42,10
42,6,6,prev2_hash,244,63,26
42,6,6,prev2_hash,245,137,102
42,6,6,prev2_hash,246,235,144
42,6,6,prev2_hash,247,24,15
42,6,6,prev2_hash,248,40,17
42,6,6,prev2_hash,249,13,0
42,6,6,prev2_hash,250,164,32
42,6,6,prev2_hash,251,24,19
42,6,6,prev2_hash,252,8,3
42,6,6,prev2_hash,253,13,6
42,6,6,prev2_hash,255,5,1
42,6,6,stream_band16,2,2,0
42,6,6,stream_band16,10,1,0
42,6,6,stream_band16,14,33405,7825
42,6,6,stream_band64,9,2,0
42,6,6,stream_band64,41,1,0
42,6,6,stream_band64,58,13977,0
42,6,6,stream_band64,59,19428,7825
43,6,10,global,0,11059,5538
43,6,10,byte_class,0,10830,5435
43,6,10,byte_class,1,129,63
43,6,10,byte_class,3,22,10
43,6,10,byte_class,6,75,30
43,6,10,byte_class,7,3,0
43,6,10,line_bucket,0,10830,5435
43,6,10,line_bucket,1,1,0
43,6,10,line_bucket,2,1,0
43,6,10,line_bucket,3,3,0
43,6,10,line_bucket,4,67,22
43,6,10,line_bucket,5,51,28
43,6,10,line_bucket,6,106,53
43,6,10,class_line,0,10830,5435
43,6,10,class_line,12,22,12
43,6,10,class_line,13,11,0
43,6,10,class_line,14,96,51
43,6,10,class_line,26,1,0
43,6,10,class_line,28,19,10
43,6,10,class_line,29,1,0
43,6,10,class_line,30,1,0
43,6,10,class_line,49,1,0
43,6,10,class_line,51,1,0
43,6,10,class_line,52,25,0
43,6,10,class_line,53,39,28
43,6,10,class_line,54,9,2
43,6,10,class_line,59,2,0
43,6,10,class_line,60,1,0
43,6,10,prev_byte,10,10830,5435
43,6,10,prev_byte,32,129,63
43,6,10,prev_byte,42,1,0
43,6,10,prev_byte,43,1,0
43,6,10,prev_byte,45,2,0
43,6,10,prev_byte,78,21,10
43,6,10,prev_byte,82,1,0
43,6,10,prev_byte,93,74,30
43,6,10,prev2_hash,0,1,0
43,6,10,prev2_hash,3,1,0
43,6,10,prev2_hash,4,1,0
43,6,10,prev2_hash,5,4,0
43,6,10,prev2_hash,7,2,0
43,6,10,prev2_hash,10,2,0
43,6,10,prev2_hash,11,1,0
43,6,10,prev2_hash,13,3,0
43,6,10,prev2_hash,14,2,1
43,6,10,prev2_hash,17,1,0
43,6,10,prev2_hash,18,1,0
43,6,10,prev2_hash,19,5,4
43,6,10,prev2_hash,20,2091,747
43,6,10,prev2_hash,23,1,0
43,6,10,prev2_hash,26,1,0
43,6,10,prev2_hash,27,1,0
43,6,10,prev2_hash,31,3,0
43,6,10,prev2_hash,32,1,0
43,6,10,prev2_hash,42,39,0
43,6,10,prev2_hash,44,2,0
43,6,10,prev2_hash,45,1,0
43,6,10,prev2_hash,49,2,0
43,6,10,prev2_hash,52,2,0
43,6,10,prev2_hash,56,118,43
43,6,10,prev2_hash,76,1,0
43,6,10,prev2_hash,88,7,1
43,6,10,prev2_hash,90,2,0
43,6,10,prev2_hash,92,159,70
43,6,10,prev2_hash,103,8408,4574
43,6,10,prev2_hash,106,10,0
43,6,10,prev2_hash,112,1,0
43,6,10,prev2_hash,121,1,0
43,6,10,prev2_hash,123,2,0
43,6,10,prev2_hash,125,20,0
43,6,10,prev2_hash,126,1,0
43,6,10,prev2_hash,161,1,0
43,6,10,prev2_hash,174,1,0
43,6,10,prev2_hash,178,16,0
43,6,10,prev2_hash,196,1,0
43,6,10,prev2_hash,206,1,0
43,6,10,prev2_hash,207,1,0
43,6,10,prev2_hash,208,1,0
43,6,10,prev2_hash,211,1,0
43,6,10,prev2_hash,212,57,46
43,6,10,prev2_hash,213,21,17
43,6,10,prev2_hash,216,1,0
43,6,10,prev2_hash,218,1,0
43,6,10,prev2_hash,222,1,0
43,6,10,prev2_hash,225,18,10
43,6,10,prev2_hash,227,1,0
43,6,10,prev2_hash,230,8,0
43,6,10,prev2_hash,232,25,25
43,6,10,prev2_hash,240,1,0
43,6,10,prev2_hash,241,3,0
43,6,10,prev2_hash,255,1,0
43,6,10,stream_band16,0,293,0
43,6,10,stream_band16,1,154,0
43,6,10,stream_band16,2,371,0
43,6,10,stream_band16,3,1180,0
43,6,10,stream_band16,4,883,0
43,6,10,stream_band16,5,133,0
43,6,10,stream_band16,6,145,0
43,6,10,stream_band16,7,370,0
43,6,10,stream_band16,8,717,0
43,6,10,stream_band16,9,364,0
43,6,10,stream_band16,10,112,0
43,6,10,stream_band16,11,192,0
43,6,10,stream_band16,12,3958,3785
43,6,10,stream_band16,13,1453,1225
43,6,10,stream_band16,14,603,483
43,6,10,stream_band16,15,131,45
43,6,10,stream_band64,0,71,0
43,6,10,stream_band64,1,93,0
43,6,10,stream_band64,2,88,0
43,6,10,stream_band64,3,41,0
43,6,10,stream_band64,4,36,0
43,6,10,stream_band64,5,89,0
43,6,10,stream_band64,6,8,0
43,6,10,stream_band64,7,21,0
43,6,10,stream_band64,8,59,0
43,6,10,stream_band64,9,212,0
43,6,10,stream_band64,10,66,0
43,6,10,stream_band64,11,34,0
43,6,10,stream_band64,12,25,0
43,6,10,stream_band64,13,86,0
43,6,10,stream_band64,14,358,0
43,6,10,stream_band64,15,711,0
43,6,10,stream_band64,16,303,0
43,6,10,stream_band64,17,150,0
43,6,10,stream_band64,18,197,0
43,6,10,stream_band64,19,233,0
43,6,10,stream_band64,20,56,0
43,6,10,stream_band64,21,17,0
43,6,10,stream_band64,22,25,0
43,6,10,stream_band64,23,35,0
43,6,10,stream_band64,24,20,0
43,6,10,stream_band64,25,8,0
43,6,10,stream_band64,26,40,0
43,6,10,stream_band64,27,77,0
43,6,10,stream_band64,28,52,0
43,6,10,stream_band64,29,152,0
43,6,10,stream_band64,30,33,0
43,6,10,stream_band64,31,133,0
43,6,10,stream_band64,32,88,0
43,6,10,stream_band64,33,235,0
43,6,10,stream_band64,34,155,0
43,6,10,stream_band64,35,239,0
43,6,10,stream_band64,36,68,0
43,6,10,stream_band64,37,253,0
43,6,10,stream_band64,38,34,0
43,6,10,stream_band64,39,9,0
43,6,10,stream_band64,40,45,0
43,6,10,stream_band64,41,11,0
43,6,10,stream_band64,42,23,0
43,6,10,stream_band64,43,33,0
43,6,10,stream_band64,44,43,0
43,6,10,stream_band64,45,74,0
43,6,10,stream_band64,46,38,0
43,6,10,stream_band64,47,37,0
43,6,10,stream_band64,48,874,789
43,6,10,stream_band64,49,1703,1676
43,6,10,stream_band64,50,1313,1286
43,6,10,stream_band64,51,68,34
43,6,10,stream_band64,52,39,20
43,6,10,stream_band64,53,106,32
43,6,10,stream_band64,54,545,498
43,6,10,stream_band64,55,763,675
43,6,10,stream_band64,56,459,366
43,6,10,stream_band64,57,128,117
43,6,10,stream_band64,58,14,0
43,6,10,stream_band64,59,2,0
43,6,10,stream_band64,62,41,0
43,6,10,stream_band64,63,90,45
44,6,2,global,0,12968,12614
44,6,2,byte_class,0,12746,12610
44,6,2,byte_class,1,5,1
44,6,2,byte_class,3,216,3
44,6,2,byte_class,7,1,0
44,6,2,line_bucket,0,12746,12610
44,6,2,line_bucket,1,203,1
44,6,2,line_bucket,2,11,0
44,6,2,line_bucket,3,2,0
44,6,2,line_bucket,4,2,2
44,6,2,line_bucket,5,1,1
44,6,2,line_bucket,6,3,0
44,6,2,class_line,0,12746,12610
44,6,2,class_line,10,1,0
44,6,2,class_line,11,2,0
44,6,2,class_line,12,1,1
44,6,2,class_line,14,1,0
44,6,2,class_line,25,203,1
44,6,2,class_line,26,10,0
44,6,2,class_line,28,1,1
44,6,2,class_line,29,1,1
44,6,2,class_line,30,1,0
44,6,2,class_line,62,1,0
44,6,2,prev_byte,9,1,0
44,6,2,prev_byte,10,12746,12610
44,6,2,prev_byte,32,4,1
44,6,2,prev_byte,39,1,0
44,6,2,prev_byte,74,1,1
44,6,2,prev_byte,77,212,0
44,6,2,prev_byte,78,3,2
44,6,2,prev2_hash,19,5,3
44,6,2,prev2_hash,20,12471,12342
44,6,2,prev2_hash,22,1,0
44,6,2,prev2_hash,41,1,0
44,6,2,prev2_hash,42,35,31
44,6,2,prev2_hash,49,6,6
44,6,2,prev2_hash,51,3,3
44,6,2,prev2_hash,55,3,3
44,6,2,prev2_hash,56,50,50
44,6,2,prev2_hash,57,1,1
44,6,2,prev2_hash,61,2,2
44,6,2,prev2_hash,63,1,1
44,6,2,prev2_hash,71,1,0
44,6,2,prev2_hash,77,2,0
44,6,2,prev2_hash,84,1,1
44,6,2,prev2_hash,87,208,6
44,6,2,prev2_hash,88,21,20
44,6,2,prev2_hash,92,69,69
44,6,2,prev2_hash,103,63,63
44,6,2,prev2_hash,112,1,1
44,6,2,prev2_hash,144,1,1
44,6,2,prev2_hash,154,10,0
44,6,2,prev2_hash,159,1,1
44,6,2,prev2_hash,171,1,1
44,6,2,prev2_hash,177,1,1
44,6,2,prev2_hash,182,2,2
44,6,2,prev2_hash,192,1,1
44,6,2,prev2_hash,198,1,1
44,6,2,prev2_hash,212,2,2
44,6,2,prev2_hash,213,1,1
44,6,2,prev2_hash,225,1,1
44,6,2,prev2_hash,228,1,0
44,6,2,stream_band16,0,606,590
44,6,2,stream_band16,1,1687,1644
44,6,2,stream_band16,2,1360,1324
44,6,2,stream_band16,3,812,777
44,6,2,stream_band16,4,568,562
44,6,2,stream_band16,5,1247,1217
44,6,2,stream_band16,6,1545,1508
44,6,2,stream_band16,7,1128,1099
44,6,2,stream_band16,8,1073,1033
44,6,2,stream_band16,9,1075,1046
44,6,2,stream_band16,10,855,840
44,6,2,stream_band16,11,703,683
44,6,2,stream_band16,12,140,137
44,6,2,stream_band16,13,97,94
44,6,2,stream_band16,14,33,26
44,6,2,stream_band16,15,39,34
44,6,2,stream_band64,0,104,101
44,6,2,stream_band64,1,125,122
44,6,2,stream_band64,2,131,127
44,6,2,stream_band64,3,246,240
44,6,2,stream_band64,4,464,451
44,6,2,stream_band64,5,356,343
44,6,2,stream_band64,6,543,531
44,6,2,stream_band64,7,324,319
44,6,2,stream_band64,8,342,334
44,6,2,stream_band64,9,353,342
44,6,2,stream_band64,10,327,319
44,6,2,stream_band64,11,338,329
44,6,2,stream_band64,12,357,347
44,6,2,stream_band64,13,238,224
44,6,2,stream_band64,14,97,95
44,6,2,stream_band64,15,120,111
44,6,2,stream_band64,16,118,117
44,6,2,stream_band64,17,115,114
44,6,2,stream_band64,18,170,169
44,6,2,stream_band64,19,165,162
44,6,2,stream_band64,20,365,358
44,6,2,stream_band64,21,256,250
44,6,2,stream_band64,22,327,316
44,6,2,stream_band64,23,299,293
44,6,2,stream_band64,24,550,537
44,6,2,stream_band64,25,414,404
44,6,2,stream_band64,26,242,237
44,6,2,stream_band64,27,339,330
44,6,2,stream_band64,28,470,459
44,6,2,stream_band64,29,214,207
44,6,2,stream_band64,30,100,97
44,6,2,stream_band64,31,344,336
44,6,2,stream_band64,32,197,189
44,6,2,stream_band64,33,233,223
44,6,2,stream_band64,34,172,168
44,6,2,stream_band64,35,471,453
44,6,2,stream_band64,36,403,391
44,6,2,stream_band64,37,202,199
44,6,2,stream_band64,38,219,214
44,6,2,stream_band64,39,251,242
44,6,2,stream_band64,40,217,212
44,6,2,stream_band64,41,215,212
44,6,2,stream_band64,42,213,211
44,6,2,stream_band64,43,210,205
44,6,2,stream_band64,44,241,237
44,6,2,stream_band64,45,149,142
44,6,2,stream_band64,46,153,151
44,6,2,stream_band64,47,160,153
44,6,2,stream_band64,48,72,70
44,6,2,stream_band64,49,20,20
44,6,2,stream_band64,50,22,21
44,6,2,stream_band64,51,26,26
44,6,2,stream_band64,52,27,25
44,6,2,stream_band64,53,23,23
44,6,2,stream_band64,54,27,27
44,6,2,stream_band64,55,20,19
44,6,2,stream_band64,56,6,6
44,6,2,stream_band64,57,10,9
44,6,2,stream_band64,58,14,10
44,6,2,stream_band64,59,3,1
44,6,2,stream_band64,62,19,18
44,6,2,stream_band64,63,20,16
46,15,1,global,0,5172,5144
46,15,1,byte_class,0,5172,5144
46,15,1,line_bucket,0,5172,5144
46,15,1,class_line,0,5172,5144
46,15,1,prev_byte,10,5172,5144
46,15,1,prev2_hash,88,5172,5144
46,15,1,stream_band16,0,246,246
46,15,1,stream_band16,1,299,298
46,15,1,stream_band16,2,337,335
46,15,1,stream_band16,3,411,407
46,15,1,stream_band16,4,417,412
46,15,1,stream_band16,5,371,368
46,15,1,stream_band16,6,281,279
46,15,1,stream_band16,7,208,205
46,15,1,stream_band16,8,169,167
46,15,1,stream_band16,9,169,168
46,15,1,stream_band16,10,273,272
46,15,1,stream_band16,11,297,296
46,15,1,stream_band16,12,943,942
46,15,1,stream_band16,13,548,548
46,15,1,stream_band16,14,202,200
46,15,1,stream_band16,15,1,1
46,15,1,stream_band64,0,33,33
46,15,1,stream_band64,1,68,68
46,15,1,stream_band64,2,71,71
46,15,1,stream_band64,3,74,74
46,15,1,stream_band64,4,65,65
46,15,1,stream_band64,5,89,89
46,15,1,stream_band64,6,61,60
46,15,1,stream_band64,7,84,84
46,15,1,stream_band64,8,73,72
46,15,1,stream_band64,9,56,56
46,15,1,stream_band64,10,107,106
46,15,1,stream_band64,11,101,101
46,15,1,stream_band64,12,165,163
46,15,1,stream_band64,13,114,113
46,15,1,stream_band64,14,65,65
46,15,1,stream_band64,15,67,66
46,15,1,stream_band64,16,76,73
46,15,1,stream_band64,17,152,151
46,15,1,stream_band64,18,84,83
46,15,1,stream_band64,19,105,105
46,15,1,stream_band64,20,101,100
46,15,1,stream_band64,21,71,71
46,15,1,stream_band64,22,91,90
46,15,1,stream_band64,23,108,107
46,15,1,stream_band64,24,84,82
46,15,1,stream_band64,25,72,72
46,15,1,stream_band64,26,65,65
46,15,1,stream_band64,27,60,60
46,15,1,stream_band64,28,61,60
46,15,1,stream_band64,29,69,69
46,15,1,stream_band64,30,28,27
46,15,1,stream_band64,31,50,49
46,15,1,stream_band64,32,47,46
46,15,1,stream_band64,33,38,38
46,15,1,stream_band64,34,58,57
46,15,1,stream_band64,35,26,26
46,15,1,stream_band64,36,34,33
46,15,1,stream_band64,37,47,47
46,15,1,stream_band64,38,40,40
46,15,1,stream_band64,39,48,48
46,15,1,stream_band64,40,55,55
46,15,1,stream_band64,41,68,68
46,15,1,stream_band64,42,83,82
46,15,1,stream_band64,43,67,67
46,15,1,stream_band64,44,108,108
46,15,1,stream_band64,45,76,76
46,15,1,stream_band64,46,76,76
46,15,1,stream_band64,47,37,36
46,15,1,stream_band64,48,123,123
46,15,1,stream_band64,49,429,429
46,15,1,stream_band64,50,225,225
46,15,1,stream_band64,51,166,165
46,15,1,stream_band64,52,168,168
46,15,1,stream_band64,53,113,113
46,15,1,stream_band64,54,123,123
46,15,1,stream_band64,55,144,144
46,15,1,stream_band64,56,96,96
46,15,1,stream_band64,57,99,99
46,15,1,stream_band64,58,6,5
46,15,1,stream_band64,59,1,0
46,15,1,stream_band64,63,1,1
47,6,6,global,0,8550,6679
47,6,6,byte_class,0,8448,6632
47,6,6,byte_class,1,27,3
47,6,6,byte_class,3,20,1
47,6,6,byte_class,6,55,43
47,6,6,line_bucket,0,8448,6632
47,6,6,line_bucket,1,1,1
47,6,6,line_bucket,2,1,0
47,6,6,line_bucket,4,42,1
47,6,6,line_bucket,5,51,45
47,6,6,line_bucket,6,7,0
47,6,6,class_line,0,8448,6632
47,6,6,class_line,9,1,1
47,6,6,class_line,12,15,0
47,6,6,class_line,13,5,2
47,6,6,class_line,14,6,0
47,6,6,class_line,28,20,1
47,6,6,class_line,50,1,0
47,6,6,class_line,52,7,0
47,6,6,class_line,53,46,43
47,6,6,class_line,54,1,0
47,6,6,prev_byte,10,8448,6632
47,6,6,prev_byte,32,27,3
47,6,6,prev_byte,78,20,1
47,6,6,prev_byte,91,1,0
47,6,6,prev_byte,93,54,43
47,6,6,prev2_hash,3,2,2
47,6,6,prev2_hash,4,1,0
47,6,6,prev2_hash,6,1,1
47,6,6,prev2_hash,9,1,1
47,6,6,prev2_hash,10,1,1
47,6,6,prev2_hash,11,1,1
47,6,6,prev2_hash,13,2,2
47,6,6,prev2_hash,15,1,1
47,6,6,prev2_hash,20,702,48
47,6,6,prev2_hash,27,2,2
47,6,6,prev2_hash,33,1,1
47,6,6,prev2_hash,34,1,1
47,6,6,prev2_hash,37,1,0
47,6,6,prev2_hash,39,1,1
47,6,6,prev2_hash,40,1,1
47,6,6,prev2_hash,42,42,9
47,6,6,prev2_hash,52,1,0
47,6,6,prev2_hash,56,1,1
47,6,6,prev2_hash,64,1,0
47,6,6,prev2_hash,79,1,1
47,6,6,prev2_hash,88,11,2
47,6,6,prev2_hash,92,30,3
47,6,6,prev2_hash,103,7659,6571
47,6,6,prev2_hash,106,3,0
47,6,6,prev2_hash,125,6,1
47,6,6,prev2_hash,135,1,0
47,6,6,prev2_hash,138,1,0
47,6,6,prev2_hash,139,1,1
47,6,6,prev2_hash,178,3,0
47,6,6,prev2_hash,182,1,0
47,6,6,prev2_hash,186,1,0
47,6,6,prev2_hash,190,2,2
47,6,6,prev2_hash,194,2,2
47,6,6,prev2_hash,203,1,1
47,6,6,prev2_hash,204,1,1
47,6,6,prev2_hash,205,1,1
47,6,6,prev2_hash,206,1,0
47,6,6,prev2_hash,208,3,3
47,6,6,prev2_hash,212,1,0
47,6,6,prev2_hash,214,1,1
47,6,6,prev2_hash,218,1,0
47,6,6,prev2_hash,221,1,1
47,6,6,prev2_hash,222,1,0
47,6,6,prev2_hash,225,20,1
47,6,6,prev2_hash,226,1,1
47,6,6,prev2_hash,227,2,2
47,6,6,prev2_hash,229,2,0
47,6,6,prev2_hash,230,1,1
47,6,6,prev2_hash,232,1,1
47,6,6,prev2_hash,233,1,1
47,6,6,prev2_hash,239,14,2
47,6,6,prev2_hash,244,2,2
47,6,6,prev2_hash,245,3,0
47,6,6,prev2_hash,247,1,1
47,6,6,prev2_hash,248,1,1
47,6,6,prev2_hash,251,2,1
47,6,6,prev2_hash,255,1,1
47,6,6,stream_band16,0,1368,1231
47,6,6,stream_band16,1,538,120
47,6,6,stream_band16,2,299,126
47,6,6,stream_band16,3,410,373
47,6,6,stream_band16,4,2101,2029
47,6,6,stream_band16,5,557,423
47,6,6,stream_band16,6,272,232
47,6,6,stream_band16,7,444,339
47,6,6,stream_band16,8,715,670
47,6,6,stream_band16,9,192,139
47,6,6,stream_band16,10,635,126
47,6,6,stream_band16,11,752,653
47,6,6,stream_band16,12,170,168
47,6,6,stream_band16,13,1,0
47,6,6,stream_band16,14,8,0
47,6,6,stream_band16,15,88,50
47,6,6,stream_band64,0,131,126
47,6,6,stream_band64,1,318,303
47,6,6,stream_band64,2,609,541
47,6,6,stream_band64,3,310,261
47,6,6,stream_band64,4,331,15
47,6,6,stream_band64,5,49,10
47,6,6,stream_band64,6,48,39
47,6,6,stream_band64,7,110,56
47,6,6,stream_band64,8,68,36
47,6,6,stream_band64,9,80,42
47,6,6,stream_band64,10,27,22
47,6,6,stream_band64,11,124,26
47,6,6,stream_band64,12,118,113
47,6,6,stream_band64,13,92,77
47,6,6,stream_band64,14,68,56
47,6,6,stream_band64,15,132,127
47,6,6,stream_band64,16,326,317
47,6,6,stream_band64,17,994,978
47,6,6,stream_band64,18,250,222
47,6,6,stream_band64,19,531,512
47,6,6,stream_band64,20,189,170
47,6,6,stream_band64,21,55,46
47,6,6,stream_band64,22,124,99
47,6,6,stream_band64,23,189,108
47,6,6,stream_band64,24,164,143
47,6,6,stream_band64,25,33,27
47,6,6,stream_band64,26,48,41
47,6,6,stream_band64,27,27,21
47,6,6,stream_band64,28,110,60
47,6,6,stream_band64,29,38,18
47,6,6,stream_band64,30,88,58
47,6,6,stream_band64,31,208,203
47,6,6,stream_band64,32,172,160
47,6,6,stream_band64,33,162,147
47,6,6,stream_band64,34,349,333
47,6,6,stream_band64,35,32,30
47,6,6,stream_band64,36,75,59
47,6,6,stream_band64,37,58,47
47,6,6,stream_band64,38,50,29
47,6,6,stream_band64,39,9,4
47,6,6,stream_band64,40,117,111
47,6,6,stream_band64,41,8,1
47,6,6,stream_band64,42,24,9
47,6,6,stream_band64,43,486,5
47,6,6,stream_band64,44,81,0
47,6,6,stream_band64,45,4,0
47,6,6,stream_band64,46,328,318
47,6,6,stream_band64,47,339,335
47,6,6,stream_band64,48,169,168
47,6,6,stream_band64,49,1,0
47,6,6,stream_band64,55,1,0
47,6,6,stream_band64,57,3,0
47,6,6,stream_band64,58,5,0
47,6,6,stream_band64,62,44,31
47,6,6,stream_band64,63,44,19
48,6,2,global,0,10754,10754
48,6,2,byte_class,1,4,4
48,6,2,byte_class,2,173,173
48,6,2,byte_class,3,21,21
48,6,2,byte_class,4,1971,1971
48,6,2,byte_class,5,7869,7869
48,6,2,byte_class,6,67,67
48,6,2,byte_class,7,649,649
48,6,2,line_bucket,4,10,10
48,6,2,line_bucket,5,6494,6494
48,6,2,line_bucket,6,4250,4250
48,6,2,class_line,12,1,1
48,6,2,class_line,13,1,1
48,6,2,class_line,14,2,2
48,6,2,class_line,21,73,73
48,6,2,class_line,22,100,100
48,6,2,class_line,28,1,1
48,6,2,class_line,29,3,3
48,6,2,class_line,30,17,17
48,6,2,class_line,36,1,1
48,6,2,class_line,37,1134,1134
48,6,2,class_line,38,836,836
48,6,2,class_line,44,7,7
48,6,2,class_line,45,4978,4978
48,6,2,class_line,46,2884,2884
48,6,2,class_line,53,9,9
48,6,2,class_line,54,58,58
48,6,2,class_line,61,296,296
48,6,2,class_line,62,353,353
48,6,2,prev_byte,32,4,4
48,6,2,prev_byte,33,22,22
48,6,2,prev_byte,34,2,2
48,6,2,prev_byte,37,1,1
48,6,2,prev_byte,38,13,13
48,6,2,prev_byte,39,1,1
48,6,2,prev_byte,40,3,3
48,6,2,prev_byte,41,527,527
48,6,2,prev_byte,44,1,1
48,6,2,prev_byte,45,2,2
48,6,2,prev_byte,46,90,90
48,6,2,prev_byte,48,24,24
48,6,2,prev_byte,49,42,42
48,6,2,prev_byte,50,33,33
48,6,2,prev_byte,51,19,19
48,6,2,prev_byte,52,12,12
48,6,2,prev_byte,53,11,11
48,6,2,prev_byte,54,8,8
48,6,2,prev_byte,55,10,10
48,6,2,prev_byte,56,6,6
48,6,2,prev_byte,57,8,8
48,6,2,prev_byte,78,4,4
48,6,2,prev_byte,79,10,10
48,6,2,prev_byte,82,6,6
48,6,2,prev_byte,83,1,1
48,6,2,prev_byte,93,54,54
48,6,2,prev_byte,97,142,142
48,6,2,prev_byte,98,11,11
48,6,2,prev_byte,99,28,28
48,6,2,prev_byte,100,102,102
48,6,2,prev_byte,101,253,253
48,6,2,prev_byte,102,13,13
48,6,2,prev_byte,103,63,63
48,6,2,prev_byte,104,64,64
48,6,2,prev_byte,105,104,104
48,6,2,prev_byte,106,9,9
48,6,2,prev_byte,107,66,66
48,6,2,prev_byte,108,88,88
48,6,2,prev_byte,109,86,86
48,6,2,prev_byte,110,220,220
48,6,2,prev_byte,111,89,89
48,6,2,prev_byte,112,20,20
48,6,2,prev_byte,113,5,5
48,6,2,prev_byte,114,111,111
48,6,2,prev_byte,115,182,182
48,6,2,prev_byte,116,82,82
48,6,2,prev_byte,117,34,34
48,6,2,prev_byte,118,21,21
48,6,2,prev_byte,119,20,20
48,6,2,prev_byte,120,22,22
48,6,2,prev_byte,121,112,112
48,6,2,prev_byte,122,24,24
48,6,2,prev_byte,128,97,97
48,6,2,prev_byte,129,67,67
48,6,2,prev_byte,130,72,72
48,6,2,prev_byte,131,38,38
48,6,2,prev_byte,132,89,89
48,6,2,prev_byte,133,88,88
48,6,2,prev_byte,134,91,91
48,6,2,prev_byte,135,74,74
48,6,2,prev_byte,136,69,69
48,6,2,prev_byte,137,113,113
48,6,2,prev_byte,138,120,120
48,6,2,prev_byte,139,103,103
48,6,2,prev_byte,140,78,78
48,6,2,prev_byte,141,104,104
48,6,2,prev_byte,142,75,75
48,6,2,prev_byte,143,84,84
48,6,2,prev_byte,144,97,97
48,6,2,prev_byte,145,104,104
48,6,2,prev_byte,146,82,82
48,6,2,prev_byte,147,103,103
48,6,2,prev_byte,148,112,112
48,6,2,prev_byte,149,58,58
48,6,2,prev_byte,150,78,78
48,6,2,prev_byte,151,95,95
48,6,2,prev_byte,152,100,100
48,6,2,prev_byte,153,82,82
48,6,2,prev_byte,154,83,83
48,6,2,prev_byte,155,120,120
48,6,2,prev_byte,156,104,104
48,6,2,prev_byte,157,70,70
48,6,2,prev_byte,158,75,75
48,6,2,prev_byte,159,165,165
48,6,2,prev_byte,160,92,92
48,6,2,prev_byte,161,113,113
48,6,2,prev_byte,162,122,122
48,6,2,prev_byte,163,84,84
48,6,2,prev_byte,164,103,103
48,6,2,prev_byte,165,74,74
48,6,2,prev_byte,166,111,111
48,6,2,prev_byte,167,134,134
48,6,2,prev_byte,168,78,78
48,6,2,prev_byte,169,304,304
48,6,2,prev_byte,170,70,70
48,6,2,prev_byte,171,125,125
48,6,2,prev_byte,172,130,130
48,6,2,prev_byte,173,139,139
48,6,2,prev_byte,174,113,113
48,6,2,prev_byte,175,82,82
48,6,2,prev_byte,176,151,151
48,6,2,prev_byte,177,105,105
48,6,2,prev_byte,178,107,107
48,6,2,prev_byte,179,89,89
48,6,2,prev_byte,180,75,75
48,6,2,prev_byte,181,71,71
48,6,2,prev_byte,182,67,67
48,6,2,prev_byte,183,72,72
48,6,2,prev_byte,184,102,102
48,6,2,prev_byte,185,65,65
48,6,2,prev_byte,186,110,110
48,6,2,prev_byte,187,100,100
48,6,2,prev_byte,188,76,76
48,6,2,prev_byte,189,107,107
48,6,2,prev_byte,190,104,104
48,6,2,prev_byte,191,98,98
48,6,2,prev_byte,192,85,85
48,6,2,prev_byte,193,94,94
48,6,2,prev_byte,194,172,172
48,6,2,prev_byte,195,121,121
48,6,2,prev_byte,196,146,146
48,6,2,prev_byte,197,98,98
48,6,2,prev_byte,198,96,96
48,6,2,prev_byte,199,81,81
48,6,2,prev_byte,200,81,81
48,6,2,prev_byte,201,75,75
48,6,2,prev_byte,202,138,138
48,6,2,prev_byte,203,86,86
48,6,2,prev_byte,204,94,94
48,6,2,prev_byte,205,92,92
48,6,2,prev_byte,206,83,83
48,6,2,prev_byte,207,64,64
48,6,2,prev2_hash,0,1,1
48,6,2,prev2_hash,1,1,1
48,6,2,prev2_hash,2,4,4
48,6,2,prev2_hash,4,5,5
48,6,2,prev2_hash,5,4,4
48,6,2,prev2_hash,8,1,1
48,6,2,prev2_hash,9,1,1
48,6,2,prev2_hash,10,5,5
48,6,2,prev2_hash,11,35,35
48,6,2,prev2_hash,12,2,2
48,6,2,prev2_hash,13,29,29
48,6,2,prev2_hash,14,9,9
48,6,2,prev2_hash,15,5,5
48,6,2,prev2_hash,17,1,1
48,6,2,prev2_hash,18,4,4
48,6,2,prev2_hash,19,1,1
48,6,2,prev2_hash,20,1,1
48,6,2,prev2_hash,21,1,1
48,6,2,prev2_hash,22,2,2
48,6,2,prev2_hash,24,4,4
48,6,2,prev2_hash,25,2,2
48,6,2,prev2_hash,26,1,1
48,6,2,prev2_hash,27,1,1
48,6,2,prev2_hash,28,1,1
48,6,2,prev2_hash,29,1,1
48,6,2,prev2_hash,31,1,1
48,6,2,prev2_hash,33,13,13
48,6,2,prev2_hash,35,1,1
48,6,2,prev2_hash,36,1,1
48,6,2,prev2_hash,37,1,1
48,6,2,prev2_hash,39,1,1
48,6,2,prev2_hash,42,13,13
48,6,2,prev2_hash,43,1,1
48,6,2,prev2_hash,44,1,1
48,6,2,prev2_hash,45,2,2
48,6,2,prev2_hash,51,1,1
48,6,2,prev2_hash,52,1,1
48,6,2,prev2_hash,53,1,1
48,6,2,prev2_hash,62,1,1
48,6,2,prev2_hash,66,3,3
48,6,2,prev2_hash,67,1,1
48,6,2,prev2_hash,71,1,1
48,6,2,prev2_hash,72,3,3
48,6,2,prev2_hash,74,2,2
48,6,2,prev2_hash,75,2,2
48,6,2,prev2_hash,77,3,3
48,6,2,prev2_hash,80,2,2
48,6,2,prev2_hash,81,4,4
48,6,2,prev2_hash,82,7,7
48,6,2,prev2_hash,83,15,15
48,6,2,prev2_hash,84,6,6
48,6,2,prev2_hash,85,17,17
48,6,2,prev2_hash,86,8,8
48,6,2,prev2_hash,87,19,19
48,6,2,prev2_hash,88,29,29
48,6,2,prev2_hash,89,23,23
48,6,2,prev2_hash,90,26,26
48,6,2,prev2_hash,91,18,18
48,6,2,prev2_hash,92,26,26
48,6,2,prev2_hash,93,25,25
48,6,2,prev2_hash,94,58,58
48,6,2,prev2_hash,95,37,37
48,6,2,prev2_hash,96,41,41
48,6,2,prev2_hash,97,86,86
48,6,2,prev2_hash,98,48,48
48,6,2,prev2_hash,99,47,47
48,6,2,prev2_hash,100,57,57
48,6,2,prev2_hash,101,50,50
48,6,2,prev2_hash,102,60,60
48,6,2,prev2_hash,103,86,86
48,6,2,prev2_hash,104,65,65
48,6,2,prev2_hash,105,51,51
48,6,2,prev2_hash,106,54,54
48,6,2,prev2_hash,107,62,62
48,6,2,prev2_hash,108,58,58
48,6,2,prev2_hash,109,54,54
48,6,2,prev2_hash,110,56,56
48,6,2,prev2_hash,111,82,82
48,6,2,prev2_hash,112,69,69
48,6,2,prev2_hash,113,57,57
48,6,2,prev2_hash,114,69,69
48,6,2,prev2_hash,115,85,85
48,6,2,prev2_hash,116,128,128
48,6,2,prev2_hash,117,80,80
48,6,2,prev2_hash,118,96,96
48,6,2,prev2_hash,119,55,55
48,6,2,prev2_hash,120,73,73
48,6,2,prev2_hash,121,62,62
48,6,2,prev2_hash,122,73,73
48,6,2,prev2_hash,123,103,103
48,6,2,prev2_hash,124,80,80
48,6,2,prev2_hash,125,69,69
48,6,2,prev2_hash,126,74,74
48,6,2,prev2_hash,127,87,87
48,6,2,prev2_hash,128,72,72
48,6,2,prev2_hash,129,116,116
48,6,2,prev2_hash,130,123,123
48,6,2,prev2_hash,131,72,72
48,6,2,prev2_hash,132,56,56
48,6,2,prev2_hash,133,130,130
48,6,2,prev2_hash,134,106,106
48,6,2,prev2_hash,135,78,78
48,6,2,prev2_hash,136,91,91
48,6,2,prev2_hash,137,77,77
48,6,2,prev2_hash,138,178,178
48,6,2,prev2_hash,139,95,95
48,6,2,prev2_hash,140,86,86
48,6,2,prev2_hash,141,67,67
48,6,2,prev2_hash,142,74,74
48,6,2,prev2_hash,143,77,77
48,6,2,prev2_hash,144,95,95
48,6,2,prev2_hash,145,103,103
48,6,2,prev2_hash,146,75,75
48,6,2,prev2_hash,147,83,83
48,6,2,prev2_hash,148,90,90
48,6,2,prev2_hash,149,112,112
48,6,2,prev2_hash,150,86,86
48,6,2,prev2_hash,151,94,94
48,6,2,prev2_hash,152,91,91
48,6,2,prev2_hash,153,101,101
48,6,2,prev2_hash,154,96,96
48,6,2,prev2_hash,155,105,105
48,6,2,prev2_hash,156,87,87
48,6,2,prev2_hash,157,95,95
48,6,2,prev2_hash,158,85,85
48,6,2,prev2_hash,159,82,82
48,6,2,prev2_hash,160,110,110
48,6,2,prev2_hash,161,81,81
48,6,2,prev2_hash,162,103,103
48,6,2,prev2_hash,163,93,93
48,6,2,prev2_hash,164,119,119
48,6,2,prev2_hash,165,88,88
48,6,2,prev2_hash,166,317,317
48,6,2,prev2_hash,167,97,97
48,6,2,prev2_hash,168,72,72
48,6,2,prev2_hash,169,109,109
48,6,2,prev2_hash,170,74,74
48,6,2,prev2_hash,171,109,109
48,6,2,prev2_hash,172,99,99
48,6,2,prev2_hash,173,83,83
48,6,2,prev2_hash,174,54,54
48,6,2,prev2_hash,175,54,54
48,6,2,prev2_hash,176,65,65
48,6,2,prev2_hash,177,85,85
48,6,2,prev2_hash,178,99,99
48,6,2,prev2_hash,179,64,64
48,6,2,prev2_hash,180,76,76
48,6,2,prev2_hash,181,55,55
48,6,2,prev2_hash,182,40,40
48,6,2,prev2_hash,183,95,95
48,6,2,prev2_hash,184,57,57
48,6,2,prev2_hash,185,35,35
48,6,2,prev2_hash,186,40,40
48,6,2,prev2_hash,187,25,25
48,6,2,prev2_hash,188,63,63
48,6,2,prev2_hash,189,31,31
48,6,2,prev2_hash,190,41,41
48,6,2,prev2_hash,191,37,37
48,6,2,prev2_hash,192,19,19
48,6,2,prev2_hash,193,13,13
48,6,2,prev2_hash,194,36,36
48,6,2,prev2_hash,195,26,26
48,6,2,prev2_hash,196,34,34
48,6,2,prev2_hash,197,38,38
48,6,2,prev2_hash,198,29,29
48,6,2,prev2_hash,199,30,30
48,6,2,prev2_hash,200,37,37
48,6,2,prev2_hash,201,48,48
48,6,2,prev2_hash,202,50,50
48,6,2,prev2_hash,203,39,39
48,6,2,prev2_hash,204,69,69
48,6,2,prev2_hash,205,57,57
48,6,2,prev2_hash,206,64,64
48,6,2,prev2_hash,207,61,61
48,6,2,prev2_hash,208,47,47
48,6,2,prev2_hash,209,79,79
48,6,2,prev2_hash,210,55,55
48,6,2,prev2_hash,211,123,123
48,6,2,prev2_hash,212,43,43
48,6,2,prev2_hash,213,85,85
48,6,2,prev2_hash,214,57,57
48,6,2,prev2_hash,215,137,137
48,6,2,prev2_hash,216,94,94
48,6,2,prev2_hash,217,57,57
48,6,2,prev2_hash,218,52,52
48,6,2,prev2_hash,219,60,60
48,6,2,prev2_hash,220,55,55
48,6,2,prev2_hash,221,113,113
48,6,2,prev2_hash,222,45,45
48,6,2,prev2_hash,223,28,28
48,6,2,prev2_hash,224,42,42
48,6,2,prev2_hash,225,62,62
48,6,2,prev2_hash,226,51,51
48,6,2,prev2_hash,227,75,75
48,6,2,prev2_hash,228,20,20
48,6,2,prev2_hash,229,31,31
48,6,2,prev2_hash,230,30,30
48,6,2,prev2_hash,231,39,39
48,6,2,prev2_hash,232,31,31
48,6,2,prev2_hash,233,20,20
48,6,2,prev2_hash,234,7,7
48,6,2,prev2_hash,235,30,30
48,6,2,prev2_hash,236,13,13
48,6,2,prev2_hash,237,53,53
48,6,2,prev2_hash,238,41,41
48,6,2,prev2_hash,239,11,11
48,6,2,prev2_hash,240,28,28
48,6,2,prev2_hash,241,7,7
48,6,2,prev2_hash,242,11,11
48,6,2,prev2_hash,243,35,35
48,6,2,prev2_hash,244,1,1
48,6,2,prev2_hash,245,38,38
48,6,2,prev2_hash,246,10,10
48,6,2,prev2_hash,247,11,11
48,6,2,prev2_hash,248,9,9
48,6,2,prev2_hash,249,1,1
48,6,2,prev2_hash,250,2,2
48,6,2,prev2_hash,252,4,4
48,6,2,stream_band16,0,69,69
48,6,2,stream_band16,1,60,60
48,6,2,stream_band16,2,144,144
48,6,2,stream_band16,3,73,73
48,6,2,stream_band16,4,53,53
48,6,2,stream_band16,5,77,77
48,6,2,stream_band16,6,62,62
48,6,2,stream_band16,7,57,57
48,6,2,stream_band16,8,54,54
48,6,2,stream_band16,9,48,48
48,6,2,stream_band16,10,42,42
48,6,2,stream_band16,11,52,52
48,6,2,stream_band16,12,36,36
48,6,2,stream_band16,13,99,99
48,6,2,stream_band16,14,5065,5065
48,6,2,stream_band16,15,4763,4763
48,6,2,stream_band64,0,15,15
48,6,2,stream_band64,1,12,12
48,6,2,stream_band64,2,20,20
48,6,2,stream_band64,3,22,22
48,6,2,stream_band64,4,9,9
48,6,2,stream_band64,5,16,16
48,6,2,stream_band64,6,17,17
48,6,2,stream_band64,7,18,18
48,6,2,stream_band64,8,49,49
48,6,2,stream_band64,9,28,28
48,6,2,stream_band64,10,35,35
48,6,2,stream_band64,11,32,32
48,6,2,stream_band64,12,28,28
48,6,2,stream_band64,13,21,21
48,6,2,stream_band64,14,17,17
48,6,2,stream_band64,15,7,7
48,6,2,stream_band64,16,12,12
48,6,2,stream_band64,17,12,12
48,6,2,stream_band64,18,13,13
48,6,2,stream_band64,19,16,16
48,6,2,stream_band64,20,16,16
48,6,2,stream_band64,21,20,20
48,6,2,stream_band64,22,22,22
48,6,2,stream_band64,23,19,19
48,6,2,stream_band64,24,16,16
48,6,2,stream_band64,25,12,12
48,6,2,stream_band64,26,15,15
48,6,2,stream_band64,27,19,19
48,6,2,stream_band64,28,16,16
48,6,2,stream_band64,29,11,11
48,6,2,stream_band64,30,14,14
48,6,2,stream_band64,31,16,16
48,6,2,stream_band64,32,15,15
48,6,2,stream_band64,33,15,15
48,6,2,stream_band64,34,16,16
48,6,2,stream_band64,35,8,8
48,6,2,stream_band64,36,17,17
48,6,2,stream_band64,37,8,8
48,6,2,stream_band64,38,11,11
48,6,2,stream_band64,39,12,12
48,6,2,stream_band64,40,10,10
48,6,2,stream_band64,41,11,11
48,6,2,stream_band64,42,13,13
48,6,2,stream_band64,43,8,8
48,6,2,stream_band64,44,17,17
48,6,2,stream_band64,45,21,21
48,6,2,stream_band64,46,9,9
48,6,2,stream_band64,47,5,5
48,6,2,stream_band64,48,8,8
48,6,2,stream_band64,49,11,11
48,6,2,stream_band64,50,8,8
48,6,2,stream_band64,51,9,9
48,6,2,stream_band64,52,12,12
48,6,2,stream_band64,53,4,4
48,6,2,stream_band64,54,10,10
48,6,2,stream_band64,55,73,73
48,6,2,stream_band64,56,7,7
48,6,2,stream_band64,57,28,28
48,6,2,stream_band64,58,59,59
48,6,2,stream_band64,59,4971,4971
48,6,2,stream_band64,60,4763,4763
50,13,27,global,0,1821,1666
50,13,27,byte_class,0,1814,1666
50,13,27,byte_class,1,6,0
50,13,27,byte_class,7,1,0
50,13,27,line_bucket,0,1814,1666
50,13,27,line_bucket,1,1,0
50,13,27,line_bucket,4,3,0
50,13,27,line_bucket,6,3,0
50,13,27,class_line,0,1814,1666
50,13,27,class_line,12,3,0
50,13,27,class_line,14,3,0
50,13,27,class_line,57,1,0
50,13,27,prev_byte,10,1814,1666
50,13,27,prev_byte,32,6,0
50,13,27,prev_byte,40,1,0
50,13,27,prev2_hash,20,28,4
50,13,27,prev2_hash,42,1,0
50,13,27,prev2_hash,50,1,0
50,13,27,prev2_hash,56,113,0
50,13,27,prev2_hash,103,1672,1662
50,13,27,prev2_hash,213,6,0
50,13,27,stream_band16,12,1,0
50,13,27,stream_band16,13,1,0
50,13,27,stream_band16,14,1817,1666
50,13,27,stream_band16,15,2,0
50,13,27,stream_band64,48,1,0
50,13,27,stream_band64,55,1,0
50,13,27,stream_band64,56,1817,1666
50,13,27,stream_band64,63,2,0
51,24,11,global,0,21298,1899
51,24,11,byte_class,0,21298,1899
51,24,11,line_bucket,0,21298,1899
51,24,11,class_line,0,21298,1899
51,24,11,prev_byte,10,21298,1899
51,24,11,prev2_hash,88,21298,1899
51,24,11,stream_band16,0,951,0
51,24,11,stream_band16,1,1277,0
51,24,11,stream_band16,2,1388,0
51,24,11,stream_band16,3,899,0
51,24,11,stream_band16,4,839,0
51,24,11,stream_band16,5,1067,0
51,24,11,stream_band16,6,1014,0
51,24,11,stream_band16,7,985,0
51,24,11,stream_band16,8,873,0
51,24,11,stream_band16,9,838,0
51,24,11,stream_band16,10,1017,0
51,24,11,stream_band16,11,978,0
51,24,11,stream_band16,12,855,0
51,24,11,stream_band16,13,1027,0
51,24,11,stream_band16,14,5911,1899
51,24,11,stream_band16,15,1379,0
51,24,11,stream_band64,0,291,0
51,24,11,stream_band64,1,237,0
51,24,11,stream_band64,2,183,0
51,24,11,stream_band64,3,240,0
51,24,11,stream_band64,4,323,0
51,24,11,stream_band64,5,306,0
51,24,11,stream_band64,6,311,0
51,24,11,stream_band64,7,337,0
51,24,11,stream_band64,8,267,0
51,24,11,stream_band64,9,234,0
51,24,11,stream_band64,10,382,0
51,24,11,stream_band64,11,505,0
51,24,11,stream_band64,12,275,0
51,24,11,stream_band64,13,338,0
51,24,11,stream_band64,14,147,0
51,24,11,stream_band64,15,139,0
51,24,11,stream_band64,16,132,0
51,24,11,stream_band64,17,288,0
51,24,11,stream_band64,18,186,0
51,24,11,stream_band64,19,233,0
51,24,11,stream_band64,20,260,0
51,24,11,stream_band64,21,238,0
51,24,11,stream_band64,22,245,0
51,24,11,stream_band64,23,324,0
51,24,11,stream_band64,24,386,0
51,24,11,stream_band64,25,243,0
51,24,11,stream_band64,26,142,0
51,24,11,stream_band64,27,243,0
51,24,11,stream_band64,28,327,0
51,24,11,stream_band64,29,221,0
51,24,11,stream_band64,30,173,0
51,24,11,stream_band64,31,264,0
51,24,11,stream_band64,32,224,0
51,24,11,stream_band64,33,189,0
51,24,11,stream_band64,34,198,0
51,24,11,stream_band64,35,262,0
51,24,11,stream_band64,36,247,0
51,24,11,stream_band64,37,257,0
51,24,11,stream_band64,38,153,0
51,24,11,stream_band64,39,181,0
51,24,11,stream_band64,40,270,0
51,24,11,stream_band64,41,266,0
51,24,11,stream_band64,42,308,0
51,24,11,stream_band64,43,173,0
51,24,11,stream_band64,44,379,0
51,24,11,stream_band64,45,211,0
51,24,11,stream_band64,46,259,0
51,24,11,stream_band64,47,129,0
51,24,11,stream_band64,48,170,0
51,24,11,stream_band64,49,213,0
51,24,11,stream_band64,50,256,0
51,24,11,stream_band64,51,216,0
51,24,11,stream_band64,52,175,0
51,24,11,stream_band64,53,222,0
51,24,11,stream_band64,54,191,0
51,24,11,stream_band64,55,439,0
51,24,11,stream_band64,56,203,0
51,24,11,stream_band64,57,1106,0
51,24,11,stream_band64,58,948,7
51,24,11,stream_band64,59,3654,1892
51,24,11,stream_band64,60,1379,0
52,29,8,global,0,1784,1783
52,29,8,byte_class,0,1784,1783
52,29,8,line_bucket,0,1784,1783
52,29,8,class_line,0,1784,1783
52,29,8,prev_byte,10,1784,1783
52,29,8,prev2_hash,88,1784,1783
52,29,8,stream_band16,6,1,0
52,29,8,stream_band16,14,840,840
52,29,8,stream_band16,15,943,943
52,29,8,stream_band64,24,1,0
52,29,8,stream_band64,59,840,840
52,29,8,stream_band64,60,943,943
53,7,1,global,0,9349,9333
53,7,1,byte_class,0,9277,9261
53,7,1,byte_class,1,46,46
53,7,1,byte_class,3,15,15
53,7,1,byte_class,6,10,10
53,7,1,byte_class,7,1,1
53,7,1,line_bucket,0,9277,9261
53,7,1,line_bucket,4,27,27
53,7,1,line_bucket,5,24,24
53,7,1,line_bucket,6,21,21
53,7,1,class_line,0,9277,9261
53,7,1,class_line,12,9,9
53,7,1,class_line,13,19,19
53,7,1,class_line,14,18,18
53,7,1,class_line,28,14,14
53,7,1,class_line,29,1,1
53,7,1,class_line,52,4,4
53,7,1,class_line,53,4,4
53,7,1,class_line,54,2,2
53,7,1,class_line,62,1,1
53,7,1,prev_byte,10,9277,9261
53,7,1,prev_byte,32,46,46
53,7,1,prev_byte,46,1,1
53,7,1,prev_byte,78,15,15
53,7,1,prev_byte,93,10,10
53,7,1,prev2_hash,5,1,1
53,7,1,prev2_hash,6,1,1
53,7,1,prev2_hash,11,1,1
53,7,1,prev2_hash,19,6,6
53,7,1,prev2_hash,20,937,937
53,7,1,prev2_hash,22,1,1
53,7,1,prev2_hash,31,1,1
53,7,1,prev2_hash,37,1,1
53,7,1,prev2_hash,39,1,1
53,7,1,prev2_hash,42,46,46
53,7,1,prev2_hash,45,1,1
53,7,1,prev2_hash,49,2,2
53,7,1,prev2_hash,51,2,2
53,7,1,prev2_hash,56,9,9
53,7,1,prev2_hash,64,2,2
53,7,1,prev2_hash,67,1,1
53,7,1,prev2_hash,79,1,1
53,7,1,prev2_hash,88,23,23
53,7,1,prev2_hash,92,74,74
53,7,1,prev2_hash,103,8170,8154
53,7,1,prev2_hash,106,1,1
53,7,1,prev2_hash,112,1,1
53,7,1,prev2_hash,125,22,22
53,7,1,prev2_hash,141,3,3
53,7,1,prev2_hash,151,1,1
53,7,1,prev2_hash,160,1,1
53,7,1,prev2_hash,163,1,1
53,7,1,prev2_hash,178,12,12
53,7,1,prev2_hash,187,1,1
53,7,1,prev2_hash,192,1,1
53,7,1,prev2_hash,196,1,1
53,7,1,prev2_hash,198,1,1
53,7,1,prev2_hash,203,1,1
53,7,1,prev2_hash,208,1,1
53,7,1,prev2_hash,215,1,1
53,7,1,prev2_hash,216,1,1
53,7,1,prev2_hash,217,1,1
53,7,1,prev2_hash,218,1,1
53,7,1,prev2_hash,225,14,14
53,7,1,prev2_hash,234,1,1
53,7,1,prev2_hash,245,1,1
53,7,1,stream_band16,0,2465,2460
53,7,1,stream_band16,1,190,190
53,7,1,stream_band16,2,210,210
53,7,1,stream_band16,3,405,405
53,7,1,stream_band16,4,3459,3453
53,7,1,stream_band16,5,550,547
53,7,1,stream_band16,6,283,283
53,7,1,stream_band16,7,736,735
53,7,1,stream_band16,8,237,237
53,7,1,stream_band16,9,61,60
53,7,1,stream_band16,10,68,68
53,7,1,stream_band16,11,521,521
53,7,1,stream_band16,12,108,108
53,7,1,stream_band16,13,3,3
53,7,1,stream_band16,14,3,3
53,7,1,stream_band16,15,50,50
53,7,1,stream_band64,0,139,139
53,7,1,stream_band64,1,483,483
53,7,1,stream_band64,2,1162,1158
53,7,1,stream_band64,3,681,680
53,7,1,stream_band64,4,26,26
53,7,1,stream_band64,5,78,78
53,7,1,stream_band64,6,48,48
53,7,1,stream_band64,7,38,38
53,7,1,stream_band64,8,70,70
53,7,1,stream_band64,9,37,37
53,7,1,stream_band64,10,47,47
53,7,1,stream_band64,11,56,56
53,7,1,stream_band64,12,97,97
53,7,1,stream_band64,13,99,99
53,7,1,stream_band64,14,71,71
53,7,1,stream_band64,15,138,138
53,7,1,stream_band64,16,349,349
53,7,1,stream_band64,17,2009,2005
53,7,1,stream_band64,18,372,372
53,7,1,stream_band64,19,729,727
53,7,1,stream_band64,20,214,214
53,7,1,stream_band64,21,57,57
53,7,1,stream_band64,22,120,120
53,7,1,stream_band64,23,159,156
53,7,1,stream_band64,24,204,204
53,7,1,stream_band64,25,26,26
53,7,1,stream_band64,26,44,44
53,7,1,stream_band64,27,9,9
53,7,1,stream_band64,28,35,34
53,7,1,stream_band64,29,83,83
53,7,1,stream_band64,30,147,147
53,7,1,stream_band64,31,471,471
53,7,1,stream_band64,32,116,116
53,7,1,stream_band64,33,37,37
53,7,1,stream_band64,34,10,10
53,7,1,stream_band64,35,74,74
53,7,1,stream_band64,36,16,15
53,7,1,stream_band64,37,30,30
53,7,1,stream_band64,38,3,3
53,7,1,stream_band64,39,12,12
53,7,1,stream_band64,40,22,22
53,7,1,stream_band64,41,13,13
53,7,1,stream_band64,42,23,23
53,7,1,stream_band64,43,10,10
53,7,1,stream_band64,44,5,5
53,7,1,stream_band64,45,7,7
53,7,1,stream_band64,46,172,172
53,7,1,stream_band64,47,337,337
53,7,1,stream_band64,48,107,107
53,7,1,stream_band64,50,1,1
53,7,1,stream_band64,53,1,1
53,7,1,stream_band64,55,2,2
53,7,1,stream_band64,57,2,2
53,7,1,stream_band64,58,1,1
53,7,1,stream_band64,62,36,36
53,7,1,stream_band64,63,14,14
54,6,2,global,0,3338,3338
54,6,2,byte_class,1,2838,2838
54,6,2,byte_class,3,10,10
54,6,2,byte_class,4,17,17
54,6,2,byte_class,6,28,28
54,6,2,byte_class,7,445,445
54,6,2,line_bucket,4,2257,2257
54,6,2,line_bucket,5,872,872
54,6,2,line_bucket,6,209,209
54,6,2,class_line,12,1879,1879
54,6,2,class_line,13,769,769
54,6,2,class_line,14,190,190
54,6,2,class_line,28,8,8
54,6,2,class_line,29,2,2
54,6,2,class_line,36,16,16
54,6,2,class_line,37,1,1
54,6,2,class_line,52,26,26
54,6,2,class_line,54,2,2
54,6,2,class_line,60,328,328
54,6,2,class_line,61,100,100
54,6,2,class_line,62,17,17
54,6,2,prev_byte,7,116,116
54,6,2,prev_byte,32,2838,2838
54,6,2,prev_byte,35,8,8
54,6,2,prev_byte,42,15,15
54,6,2,prev_byte,43,3,3
54,6,2,prev_byte,45,101,101
54,6,2,prev_byte,47,5,5
54,6,2,prev_byte,64,225,225
54,6,2,prev_byte,78,10,10
54,6,2,prev_byte,101,16,16
54,6,2,prev_byte,120,1,1
54,6,2,prev2_hash,39,20,20
54,6,2,prev2_hash,42,26,26
54,6,2,prev2_hash,53,1,1
54,6,2,prev2_hash,67,3,3
54,6,2,prev2_hash,70,5,5
54,6,2,prev2_hash,71,1,1
54,6,2,prev2_hash,73,2,2
54,6,2,prev2_hash,74,2,2
54,6,2,prev2_hash,75,2,2
54,6,2,prev2_hash,76,14,14
54,6,2,prev2_hash,77,5,5
54,6,2,prev2_hash,78,6,6
54,6,2,prev2_hash,79,17,17
54,6,2,prev2_hash,81,1,1
54,6,2,prev2_hash,84,1,1
54,6,2,prev2_hash,85,68,68
54,6,2,prev2_hash,90,2,2
54,6,2,prev2_hash,91,1,1
54,6,2,prev2_hash,96,17,17
54,6,2,prev2_hash,106,1,1
54,6,2,prev2_hash,107,7,7
54,6,2,prev2_hash,110,13,13
54,6,2,prev2_hash,111,1,1
54,6,2,prev2_hash,113,5,5
54,6,2,prev2_hash,116,10,10
54,6,2,prev2_hash,120,15,15
54,6,2,prev2_hash,121,3,3
54,6,2,prev2_hash,125,3,3
54,6,2,prev2_hash,131,1,1
54,6,2,prev2_hash,132,12,12
54,6,2,prev2_hash,133,19,19
54,6,2,prev2_hash,134,1,1
54,6,2,prev2_hash,135,15,15
54,6,2,prev2_hash,137,1,1
54,6,2,prev2_hash,139,5,5
54,6,2,prev2_hash,140,59,59
54,6,2,prev2_hash,142,213,213
54,6,2,prev2_hash,143,1,1
54,6,2,prev2_hash,144,1,1
54,6,2,prev2_hash,146,21,21
54,6,2,prev2_hash,147,4,4
54,6,2,prev2_hash,148,17,17
54,6,2,prev2_hash,152,9,9
54,6,2,prev2_hash,153,1,1
54,6,2,prev2_hash,155,1,1
54,6,2,prev2_hash,160,22,22
54,6,2,prev2_hash,161,5,5
54,6,2,prev2_hash,162,2,2
54,6,2,prev2_hash,163,16,16
54,6,2,prev2_hash,164,10,10
54,6,2,prev2_hash,166,3,3
54,6,2,prev2_hash,167,3,3
54,6,2,prev2_hash,168,11,11
54,6,2,prev2_hash,169,1,1
54,6,2,prev2_hash,170,1,1
54,6,2,prev2_hash,171,133,133
54,6,2,prev2_hash,172,21,21
54,6,2,prev2_hash,173,1,1
54,6,2,prev2_hash,174,143,143
54,6,2,prev2_hash,175,8,8
54,6,2,prev2_hash,176,17,17
54,6,2,prev2_hash,177,3,3
54,6,2,prev2_hash,178,5,5
54,6,2,prev2_hash,179,3,3
54,6,2,prev2_hash,180,10,10
54,6,2,prev2_hash,181,1,1
54,6,2,prev2_hash,182,135,135
54,6,2,prev2_hash,183,6,6
54,6,2,prev2_hash,184,3,3
54,6,2,prev2_hash,185,1,1
54,6,2,prev2_hash,186,1,1
54,6,2,prev2_hash,187,43,43
54,6,2,prev2_hash,188,12,12
54,6,2,prev2_hash,189,1,1
54,6,2,prev2_hash,190,6,6
54,6,2,prev2_hash,192,34,34
54,6,2,prev2_hash,193,37,37
54,6,2,prev2_hash,194,545,545
54,6,2,prev2_hash,196,18,18
54,6,2,prev2_hash,197,13,13
54,6,2,prev2_hash,198,108,108
54,6,2,prev2_hash,199,23,23
54,6,2,prev2_hash,200,3,3
54,6,2,prev2_hash,201,37,37
54,6,2,prev2_hash,202,14,14
54,6,2,prev2_hash,203,30,30
54,6,2,prev2_hash,204,31,31
54,6,2,prev2_hash,207,144,144
54,6,2,prev2_hash,208,85,85
54,6,2,prev2_hash,209,8,8
54,6,2,prev2_hash,210,10,10
54,6,2,prev2_hash,211,3,3
54,6,2,prev2_hash,212,31,31
54,6,2,prev2_hash,213,21,21
54,6,2,prev2_hash,214,43,43
54,6,2,prev2_hash,215,24,24
54,6,2,prev2_hash,218,99,99
54,6,2,prev2_hash,219,6,6
54,6,2,prev2_hash,220,85,85
54,6,2,prev2_hash,221,3,3
54,6,2,prev2_hash,222,11,11
54,6,2,prev2_hash,223,1,1
54,6,2,prev2_hash,224,9,9
54,6,2,prev2_hash,225,5,5
54,6,2,prev2_hash,226,50,50
54,6,2,prev2_hash,228,210,210
54,6,2,prev2_hash,229,32,32
54,6,2,prev2_hash,230,171,171
54,6,2,prev2_hash,231,63,63
54,6,2,prev2_hash,232,3,3
54,6,2,prev2_hash,233,13,13
54,6,2,prev2_hash,234,3,3
54,6,2,prev2_hash,235,11,11
54,6,2,prev2_hash,236,1,1
54,6,2,prev2_hash,237,5,5
54,6,2,prev2_hash,238,4,4
54,6,2,prev2_hash,239,30,30
54,6,2,prev2_hash,241,1,1
54,6,2,stream_band16,0,16,16
54,6,2,stream_band16,1,13,13
54,6,2,stream_band16,2,27,27
54,6,2,stream_band16,3,30,30
54,6,2,stream_band16,4,24,24
54,6,2,stream_band16,5,23,23
54,6,2,stream_band16,6,21,21
54,6,2,stream_band16,7,31,31
54,6,2,stream_band16,8,17,17
54,6,2,stream_band16,9,15,15
54,6,2,stream_band16,10,26,26
54,6,2,stream_band16,11,20,20
54,6,2,stream_band16,12,6,6
54,6,2,stream_band16,13,7,7
54,6,2,stream_band16,14,1774,1774
54,6,2,stream_band16,15,1288,1288
54,6,2,stream_band64,0,4,4
54,6,2,stream_band64,1,4,4
54,6,2,stream_band64,2,2,2
54,6,2,stream_band64,3,6,6
54,6,2,stream_band64,4,6,6
54,6,2,stream_band64,5,1,1
54,6,2,stream_band64,6,4,4
54,6,2,stream_band64,7,2,2
54,6,2,stream_band64,8,6,6
54,6,2,stream_band64,9,10,10
54,6,2,stream_band64,10,7,7
54,6,2,stream_band64,11,4,4
54,6,2,stream_band64,12,4,4
54,6,2,stream_band64,13,15,15
54,6,2,stream_band64,14,6,6
54,6,2,stream_band64,15,5,5
54,6,2,stream_band64,16,5,5
54,6,2,stream_band64,17,5,5
54,6,2,stream_band64,18,9,9
54,6,2,stream_band64,19,5,5
54,6,2,stream_band64,20,7,7
54,6,2,stream_band64,21,3,3
54,6,2,stream_band64,22,6,6
54,6,2,stream_band64,23,7,7
54,6,2,stream_band64,24,5,5
54,6,2,stream_band64,25,3,3
54,6,2,stream_band64,26,8,8
54,6,2,stream_band64,27,5,5
54,6,2,stream_band64,28,7,7
54,6,2,stream_band64,29,3,3
54,6,2,stream_band64,30,14,14
54,6,2,stream_band64,31,7,7
54,6,2,stream_band64,32,6,6
54,6,2,stream_band64,33,1,1
54,6,2,stream_band64,34,3,3
54,6,2,stream_band64,35,7,7
54,6,2,stream_band64,36,4,4
54,6,2,stream_band64,37,4,4
54,6,2,stream_band64,38,2,2
54,6,2,stream_band64,39,5,5
54,6,2,stream_band64,40,6,6
54,6,2,stream_band64,41,5,5
54,6,2,stream_band64,42,3,3
54,6,2,stream_band64,43,12,12
54,6,2,stream_band64,44,7,7
54,6,2,stream_band64,45,6,6
54,6,2,stream_band64,46,5,5
54,6,2,stream_band64,47,2,2
54,6,2,stream_band64,48,4,4
54,6,2,stream_band64,49,1,1
54,6,2,stream_band64,50,1,1
54,6,2,stream_band64,53,1,1
54,6,2,stream_band64,54,3,3
54,6,2,stream_band64,55,3,3
54,6,2,stream_band64,56,2,2
54,6,2,stream_band64,57,5,5
54,6,2,stream_band64,58,37,37
54,6,2,stream_band64,59,1730,1730
54,6,2,stream_band64,60,1288,1288
56,11,9,global,0,7790,2995
56,11,9,byte_class,0,7790,2995
56,11,9,line_bucket,0,7790,2995
56,11,9,class_line,0,7790,2995
56,11,9,prev_byte,10,7790,2995
56,11,9,prev2_hash,88,7790,2995
56,11,9,stream_band16,0,463,0
56,11,9,stream_band16,1,291,0
56,11,9,stream_band16,2,392,0
56,11,9,stream_band16,3,226,0
56,11,9,stream_band16,4,171,0
56,11,9,stream_band16,5,238,0
56,11,9,stream_band16,6,299,0
56,11,9,stream_band16,7,228,0
56,11,9,stream_band16,8,201,0
56,11,9,stream_band16,9,302,0
56,11,9,stream_band16,10,309,0
56,11,9,stream_band16,11,251,0
56,11,9,stream_band16,12,1420,1018
56,11,9,stream_band16,13,2373,1959
56,11,9,stream_band16,14,617,18
56,11,9,stream_band16,15,9,0
56,11,9,stream_band64,0,343,0
56,11,9,stream_band64,1,35,0
56,11,9,stream_band64,2,21,0
56,11,9,stream_band64,3,64,0
56,11,9,stream_band64,4,85,0
56,11,9,stream_band64,5,54,0
56,11,9,stream_band64,6,77,0
56,11,9,stream_band64,7,75,0
56,11,9,stream_band64,8,112,0
56,11,9,stream_band64,9,111,0
56,11,9,stream_band64,10,94,0
56,11,9,stream_band64,11,75,0
56,11,9,stream_band64,12,75,0
56,11,9,stream_band64,13,107,0
56,11,9,stream_band64,14,26,0
56,11,9,stream_band64,15,18,0
56,11,9,stream_band64,16,21,0
56,11,9,stream_band64,17,49,0
56,11,9,stream_band64,18,56,0
56,11,9,stream_band64,19,45,0
56,11,9,stream_band64,20,91,0
56,11,9,stream_band64,21,43,0
56,11,9,stream_band64,22,56,0
56,11,9,stream_band64,23,48,0
56,11,9,stream_band64,24,90,0
56,11,9,stream_band64,25,65,0
56,11,9,stream_band64,26,22,0
56,11,9,stream_band64,27,122,0
56,11,9,stream_band64,28,118,0
56,11,9,stream_band64,29,54,0
56,11,9,stream_band64,30,28,0
56,11,9,stream_band64,31,28,0
56,11,9,stream_band64,32,51,0
56,11,9,stream_band64,33,50,0
56,11,9,stream_band64,34,45,0
56,11,9,stream_band64,35,55,0
56,11,9,stream_band64,36,120,0
56,11,9,stream_band64,37,80,0
56,11,9,stream_band64,38,39,0
56,11,9,stream_band64,39,63,0
56,11,9,stream_band64,40,66,0
56,11,9,stream_band64,41,94,0
56,11,9,stream_band64,42,113,0
56,11,9,stream_band64,43,36,0
56,11,9,stream_band64,44,43,0
56,11,9,stream_band64,45,76,0
56,11,9,stream_band64,46,117,0
56,11,9,stream_band64,47,15,0
56,11,9,stream_band64,48,261,5
56,11,9,stream_band64,49,175,128
56,11,9,stream_band64,50,161,116
56,11,9,stream_band64,51,823,769
56,11,9,stream_band64,52,1500,1405
56,11,9,stream_band64,53,658,532
56,11,9,stream_band64,54,143,21
56,11,9,stream_band64,55,72,1
56,11,9,stream_band64,56,32,6
56,11,9,stream_band64,57,264,0
56,11,9,stream_band64,58,304,12
56,11,9,stream_band64,59,17,0
56,11,9,stream_band64,60,9,0
57,6,2,global,0,8760,8760
57,6,2,byte_class,1,1,1
57,6,2,byte_class,2,339,339
57,6,2,byte_class,3,2,2
57,6,2,byte_class,4,2068,2068
57,6,2,byte_class,5,6345,6345
57,6,2,byte_class,7,5,5
57,6,2,line_bucket,3,1,1
57,6,2,line_bucket,4,655,655
57,6,2,line_bucket,5,3329,3329
57,6,2,line_bucket,6,4775,4775
57,6,2,class_line,11,1,1
57,6,2,class_line,20,5,5
57,6,2,class_line,21,149,149
57,6,2,class_line,22,185,185
57,6,2,class_line,28,2,2
57,6,2,class_line,36,108,108
57,6,2,class_line,37,1367,1367
57,6,2,class_line,38,593,593
57,6,2,class_line,44,540,540
57,6,2,class_line,45,1813,1813
57,6,2,class_line,46,3992,3992
57,6,2,class_line,62,5,5
57,6,2,prev_byte,32,1,1
57,6,2,prev_byte,33,1,1
57,6,2,prev_byte,46,4,4
57,6,2,prev_byte,48,40,40
57,6,2,prev_byte,49,31,31
57,6,2,prev_byte,50,28,28
57,6,2,prev_byte,51,33,33
57,6,2,prev_byte,52,32,32
57,6,2,prev_byte,53,44,44
57,6,2,prev_byte,54,17,17
57,6,2,prev_byte,55,34,34
57,6,2,prev_byte,56,30,30
57,6,2,prev_byte,57,50,50
57,6,2,prev_byte,79,2,2
57,6,2,prev_byte,97,535,535
57,6,2,prev_byte,98,3,3
57,6,2,prev_byte,99,14,14
57,6,2,prev_byte,100,66,66
57,6,2,prev_byte,101,231,231
57,6,2,prev_byte,102,7,7
57,6,2,prev_byte,103,59,59
57,6,2,prev_byte,104,6,6
57,6,2,prev_byte,105,98,98
57,6,2,prev_byte,106,4,4
57,6,2,prev_byte,107,85,85
57,6,2,prev_byte,108,150,150
57,6,2,prev_byte,109,30,30
57,6,2,prev_byte,110,200,200
57,6,2,prev_byte,111,143,143
57,6,2,prev_byte,112,54,54
57,6,2,prev_byte,113,1,1
57,6,2,prev_byte,114,155,155
57,6,2,prev_byte,115,75,75
57,6,2,prev_byte,116,63,63
57,6,2,prev_byte,117,22,22
57,6,2,prev_byte,118,35,35
57,6,2,prev_byte,119,6,6
57,6,2,prev_byte,120,3,3
57,6,2,prev_byte,121,18,18
57,6,2,prev_byte,122,5,5
57,6,2,prev_byte,128,50,50
57,6,2,prev_byte,129,26,26
57,6,2,prev_byte,130,122,122
57,6,2,prev_byte,131,22,22
57,6,2,prev_byte,132,51,51
57,6,2,prev_byte,133,22,22
57,6,2,prev_byte,134,37,37
57,6,2,prev_byte,135,22,22
57,6,2,prev_byte,136,88,88
57,6,2,prev_byte,137,104,104
57,6,2,prev_byte,138,111,111
57,6,2,prev_byte,139,66,66
57,6,2,prev_byte,140,32,32
57,6,2,prev_byte,141,49,49
57,6,2,prev_byte,142,89,89
57,6,2,prev_byte,143,70,70
57,6,2,prev_byte,144,111,111
57,6,2,prev_byte,145,32,32
57,6,2,prev_byte,146,8,8
57,6,2,prev_byte,147,28,28
57,6,2,prev_byte,148,123,123
57,6,2,prev_byte,149,31,31
57,6,2,prev_byte,150,57,57
57,6,2,prev_byte,151,45,45
57,6,2,prev_byte,152,43,43
57,6,2,prev_byte,153,84,84
57,6,2,prev_byte,154,44,44
57,6,2,prev_byte,155,59,59
57,6,2,prev_byte,156,19,19
57,6,2,prev_byte,157,71,71
57,6,2,prev_byte,158,363,363
57,6,2,prev_byte,159,43,43
57,6,2,prev_byte,160,64,64
57,6,2,prev_byte,161,47,47
57,6,2,prev_byte,162,28,28
57,6,2,prev_byte,163,25,25
57,6,2,prev_byte,164,60,60
57,6,2,prev_byte,165,35,35
57,6,2,prev_byte,166,107,107
57,6,2,prev_byte,167,59,59
57,6,2,prev_byte,168,42,42
57,6,2,prev_byte,169,103,103
57,6,2,prev_byte,170,170,170
57,6,2,prev_byte,171,71,71
57,6,2,prev_byte,172,29,29
57,6,2,prev_byte,173,215,215
57,6,2,prev_byte,174,70,70
57,6,2,prev_byte,175,41,41
57,6,2,prev_byte,176,142,142
57,6,2,prev_byte,177,166,166
57,6,2,prev_byte,178,93,93
57,6,2,prev_byte,179,144,144
57,6,2,prev_byte,180,35,35
57,6,2,prev_byte,181,37,37
57,6,2,prev_byte,182,36,36
57,6,2,prev_byte,183,22,22
57,6,2,prev_byte,184,47,47
57,6,2,prev_byte,185,119,119
57,6,2,prev_byte,186,239,239
57,6,2,prev_byte,187,71,71
57,6,2,prev_byte,188,98,98
57,6,2,prev_byte,189,77,77
57,6,2,prev_byte,190,73,73
57,6,2,prev_byte,191,110,110
57,6,2,prev_byte,192,236,236
57,6,2,prev_byte,193,64,64
57,6,2,prev_byte,194,22,22
57,6,2,prev_byte,195,43,43
57,6,2,prev_byte,196,55,55
57,6,2,prev_byte,197,75,75
57,6,2,prev_byte,198,35,35
57,6,2,prev_byte,199,102,102
57,6,2,prev_byte,200,23,23
57,6,2,prev_byte,201,26,26
57,6,2,prev_byte,202,148,148
57,6,2,prev_byte,203,29,29
57,6,2,prev_byte,204,412,412
57,6,2,prev_byte,205,164,164
57,6,2,prev_byte,206,85,85
57,6,2,prev_byte,207,29,29
57,6,2,prev2_hash,0,1,1
57,6,2,prev2_hash,1,3,3
57,6,2,prev2_hash,4,2,2
57,6,2,prev2_hash,6,1,1
57,6,2,prev2_hash,8,2,2
57,6,2,prev2_hash,11,1,1
57,6,2,prev2_hash,12,2,2
57,6,2,prev2_hash,13,4,4
57,6,2,prev2_hash,14,7,7
57,6,2,prev2_hash,15,2,2
57,6,2,prev2_hash,16,4,4
57,6,2,prev2_hash,18,55,55
57,6,2,prev2_hash,19,1,1
57,6,2,prev2_hash,21,2,2
57,6,2,prev2_hash,22,1,1
57,6,2,prev2_hash,23,1,1
57,6,2,prev2_hash,24,9,9
57,6,2,prev2_hash,28,1,1
57,6,2,prev2_hash,29,1,1
57,6,2,prev2_hash,30,11,11
57,6,2,prev2_hash,32,6,6
57,6,2,prev2_hash,33,11,11
57,6,2,prev2_hash,34,1,1
57,6,2,prev2_hash,36,1,1
57,6,2,prev2_hash,40,2,2
57,6,2,prev2_hash,41,1,1
57,6,2,prev2_hash,42,1,1
57,6,2,prev2_hash,48,1,1
57,6,2,prev2_hash,53,1,1
57,6,2,prev2_hash,70,1,1
57,6,2,prev2_hash,72,1,1
57,6,2,prev2_hash,77,1,1
57,6,2,prev2_hash,80,3,3
57,6,2,prev2_hash,81,2,2
57,6,2,prev2_hash,82,5,5
57,6,2,prev2_hash,84,9,9
57,6,2,prev2_hash,86,1,1
57,6,2,prev2_hash,87,4,4
57,6,2,prev2_hash,88,4,4
57,6,2,prev2_hash,89,1,1
57,6,2,prev2_hash,90,6,6
57,6,2,prev2_hash,91,2,2
57,6,2,prev2_hash,92,1,1
57,6,2,prev2_hash,93,2,2
57,6,2,prev2_hash,94,6,6
57,6,2,prev2_hash,95,10,10
57,6,2,prev2_hash,96,18,18
57,6,2,prev2_hash,97,27,27
57,6,2,prev2_hash,98,17,17
57,6,2,prev2_hash,99,31,31
57,6,2,prev2_hash,100,25,25
57,6,2,prev2_hash,101,25,25
57,6,2,prev2_hash,102,28,28
57,6,2,prev2_hash,103,39,39
57,6,2,prev2_hash,104,41,41
57,6,2,prev2_hash,105,116,116
57,6,2,prev2_hash,106,37,37
57,6,2,prev2_hash,107,26,26
57,6,2,prev2_hash,108,61,61
57,6,2,prev2_hash,109,35,35
57,6,2,prev2_hash,110,18,18
57,6,2,prev2_hash,111,106,106
57,6,2,prev2_hash,112,27,27
57,6,2,prev2_hash,113,31,31
57,6,2,prev2_hash,114,30,30
57,6,2,prev2_hash,115,17,17
57,6,2,prev2_hash,116,10,10
57,6,2,prev2_hash,117,115,115
57,6,2,prev2_hash,118,18,18
57,6,2,prev2_hash,119,15,15
57,6,2,prev2_hash,120,15,15
57,6,2,prev2_hash,121,45,45
57,6,2,prev2_hash,122,17,17
57,6,2,prev2_hash,123,85,85
57,6,2,prev2_hash,124,69,69
57,6,2,prev2_hash,125,27,27
57,6,2,prev2_hash,126,22,22
57,6,2,prev2_hash,127,36,36
57,6,2,prev2_hash,128,25,25
57,6,2,prev2_hash,129,34,34
57,6,2,prev2_hash,130,64,64
57,6,2,prev2_hash,131,17,17
57,6,2,prev2_hash,132,13,13
57,6,2,prev2_hash,133,119,119
57,6,2,prev2_hash,134,127,127
57,6,2,prev2_hash,135,91,91
57,6,2,prev2_hash,136,145,145
57,6,2,prev2_hash,137,46,46
57,6,2,prev2_hash,138,14,14
57,6,2,prev2_hash,139,19,19
57,6,2,prev2_hash,140,37,37
57,6,2,prev2_hash,141,37,37
57,6,2,prev2_hash,142,42,42
57,6,2,prev2_hash,143,13,13
57,6,2,prev2_hash,144,26,26
57,6,2,prev2_hash,145,41,41
57,6,2,prev2_hash,146,56,56
57,6,2,prev2_hash,147,39,39
57,6,2,prev2_hash,148,26,26
57,6,2,prev2_hash,149,48,48
57,6,2,prev2_hash,150,12,12
57,6,2,prev2_hash,151,47,47
57,6,2,prev2_hash,152,89,89
57,6,2,prev2_hash,153,22,22
57,6,2,prev2_hash,154,54,54
57,6,2,prev2_hash,155,139,139
57,6,2,prev2_hash,156,100,100
57,6,2,prev2_hash,157,42,42
57,6,2,prev2_hash,158,39,39
57,6,2,prev2_hash,159,250,250
57,6,2,prev2_hash,160,57,57
57,6,2,prev2_hash,161,31,31
57,6,2,prev2_hash,162,56,56
57,6,2,prev2_hash,163,80,80
57,6,2,prev2_hash,164,43,43
57,6,2,prev2_hash,165,49,49
57,6,2,prev2_hash,166,106,106
57,6,2,prev2_hash,167,174,174
57,6,2,prev2_hash,168,34,34
57,6,2,prev2_hash,169,226,226
57,6,2,prev2_hash,170,476,476
57,6,2,prev2_hash,171,55,55
57,6,2,prev2_hash,172,38,38
57,6,2,prev2_hash,173,47,47
57,6,2,prev2_hash,174,33,33
57,6,2,prev2_hash,175,24,24
57,6,2,prev2_hash,176,126,126
57,6,2,prev2_hash,177,16,16
57,6,2,prev2_hash,178,114,114
57,6,2,prev2_hash,179,127,127
57,6,2,prev2_hash,180,49,49
57,6,2,prev2_hash,181,182,182
57,6,2,prev2_hash,182,41,41
57,6,2,prev2_hash,183,286,286
57,6,2,prev2_hash,184,111,111
57,6,2,prev2_hash,185,29,29
57,6,2,prev2_hash,186,9,9
57,6,2,prev2_hash,187,78,78
57,6,2,prev2_hash,188,144,144
57,6,2,prev2_hash,189,18,18
57,6,2,prev2_hash,190,18,18
57,6,2,prev2_hash,191,28,28
57,6,2,prev2_hash,192,35,35
57,6,2,prev2_hash,193,29,29
57,6,2,prev2_hash,194,18,18
57,6,2,prev2_hash,195,29,29
57,6,2,prev2_hash,196,43,43
57,6,2,prev2_hash,197,82,82
57,6,2,prev2_hash,198,19,19
57,6,2,prev2_hash,199,15,15
57,6,2,prev2_hash,200,85,85
57,6,2,prev2_hash,201,85,85
57,6,2,prev2_hash,202,498,498
57,6,2,prev2_hash,203,66,66
57,6,2,prev2_hash,204,58,58
57,6,2,prev2_hash,205,24,24
57,6,2,prev2_hash,206,97,97
57,6,2,prev2_hash,207,35,35
57,6,2,prev2_hash,208,26,26
57,6,2,prev2_hash,209,66,66
57,6,2,prev2_hash,210,52,52
57,6,2,prev2_hash,211,203,203
57,6,2,prev2_hash,212,46,46
57,6,2,prev2_hash,213,90,90
57,6,2,prev2_hash,214,20,20
57,6,2,prev2_hash,215,170,170
57,6,2,prev2_hash,216,56,56
57,6,2,prev2_hash,217,60,60
57,6,2,prev2_hash,218,40,40
57,6,2,prev2_hash,219,47,47
57,6,2,prev2_hash,220,15,15
57,6,2,prev2_hash,221,26,26
57,6,2,prev2_hash,222,8,8
57,6,2,prev2_hash,223,14,14
57,6,2,prev2_hash,224,64,64
57,6,2,prev2_hash,225,114,114
57,6,2,prev2_hash,226,34,34
57,6,2,prev2_hash,227,7,7
57,6,2,prev2_hash,228,4,4
57,6,2,prev2_hash,229,12,12
57,6,2,prev2_hash,230,21,21
57,6,2,prev2_hash,231,44,44
57,6,2,prev2_hash,232,12,12
57,6,2,prev2_hash,233,4,4
57,6,2,prev2_hash,234,2,2
57,6,2,prev2_hash,235,11,11
57,6,2,prev2_hash,236,7,7
57,6,2,prev2_hash,237,57,57
57,6,2,prev2_hash,238,1,1
57,6,2,prev2_hash,240,2,2
57,6,2,prev2_hash,243,1,1
57,6,2,prev2_hash,246,1,1
57,6,2,prev2_hash,249,1,1
57,6,2,prev2_hash,253,2,2
57,6,2,stream_band16,0,5,5
57,6,2,stream_band16,1,1,1
57,6,2,stream_band16,2,68,68
57,6,2,stream_band16,3,6,6
57,6,2,stream_band16,4,11,11
57,6,2,stream_band16,5,13,13
57,6,2,stream_band16,6,2,2
57,6,2,stream_band16,7,9,9
57,6,2,stream_band16,8,8,8
57,6,2,stream_band16,9,25,25
57,6,2,stream_band16,10,1,1
57,6,2,stream_band16,11,15,15
57,6,2,stream_band16,12,169,169
57,6,2,stream_band16,13,6,6
57,6,2,stream_band16,14,1499,1499
57,6,2,stream_band16,15,6922,6922
57,6,2,stream_band64,1,2,2
57,6,2,stream_band64,2,2,2
57,6,2,stream_band64,3,1,1
57,6,2,stream_band64,5,1,1
57,6,2,stream_band64,8,59,59
57,6,2,stream_band64,9,2,2
57,6,2,stream_band64,10,6,6
57,6,2,stream_band64,11,1,1
57,6,2,stream_band64,12,2,2
57,6,2,stream_band64,13,1,1
57,6,2,stream_band64,14,2,2
57,6,2,stream_band64,15,1,1
57,6,2,stream_band64,16,3,3
57,6,2,stream_band64,17,3,3
57,6,2,stream_band64,18,1,1
57,6,2,stream_band64,19,4,4
57,6,2,stream_band64,21,5,5
57,6,2,stream_band64,22,3,3
57,6,2,stream_band64,23,5,5
57,6,2,stream_band64,27,2,2
57,6,2,stream_band64,28,3,3
57,6,2,stream_band64,29,1,1
57,6,2,stream_band64,31,5,5
57,6,2,stream_band64,33,3,3
57,6,2,stream_band64,34,3,3
57,6,2,stream_band64,35,2,2
57,6,2,stream_band64,36,21,21
57,6,2,stream_band64,37,3,3
57,6,2,stream_band64,39,1,1
57,6,2,stream_band64,43,1,1
57,6,2,stream_band64,45,2,2
57,6,2,stream_band64,46,9,9
57,6,2,stream_band64,47,4,4
57,6,2,stream_band64,48,2,2
57,6,2,stream_band64,50,49,49
57,6,2,stream_band64,51,118,118
57,6,2,stream_band64,52,1,1
57,6,2,stream_band64,53,2,2
57,6,2,stream_band64,54,2,2
57,6,2,stream_band64,55,1,1
57,6,2,stream_band64,57,1,1
57,6,2,stream_band64,58,3,3
57,6,2,stream_band64,59,1495,1495
57,6,2,stream_band64,60,1264,1264
57,6,2,stream_band64,62,1390,1390
57,6,2,stream_band64,63,4268,4268
59,6,2,global,0,8996,8532
59,6,2,byte_class,0,8617,8521
59,6,2,byte_class,1,2,0
59,6,2,byte_class,3,372,10
59,6,2,byte_class,7,5,1
59,6,2,line_bucket,0,8617,8521
59,6,2,line_bucket,1,246,0
59,6,2,line_bucket,2,22,0
59,6,2,line_bucket,3,99,1
59,6,2,line_bucket,4,1,0
59,6,2,line_bucket,5,10,10
59,6,2,line_bucket,6,1,0
59,6,2,class_line,0,8617,8521
59,6,2,class_line,10,1,0
59,6,2,class_line,14,1,0
59,6,2,class_line,25,246,0
59,6,2,class_line,26,21,0
59,6,2,class_line,27,94,0
59,6,2,class_line,28,1,0
59,6,2,class_line,29,10,10
59,6,2,class_line,59,5,1
59,6,2,prev_byte,9,1,0
59,6,2,prev_byte,10,8617,8521
59,6,2,prev_byte,32,1,0
59,6,2,prev_byte,45,5,1
59,6,2,prev_byte,77,361,0
59,6,2,prev_byte,78,11,10
59,6,2,prev2_hash,20,8336,8243
59,6,2,prev2_hash,41,1,0
59,6,2,prev2_hash,42,83,82
59,6,2,prev2_hash,49,2,2
59,6,2,prev2_hash,51,1,1
59,6,2,prev2_hash,55,1,1
59,6,2,prev2_hash,56,97,96
59,6,2,prev2_hash,57,1,1
59,6,2,prev2_hash,77,1,0
59,6,2,prev2_hash,87,249,3
59,6,2,prev2_hash,88,15,15
59,6,2,prev2_hash,90,5,1
59,6,2,prev2_hash,92,27,26
59,6,2,prev2_hash,103,46,46
59,6,2,prev2_hash,105,5,5
59,6,2,prev2_hash,109,94,0
59,6,2,prev2_hash,112,10,10
59,6,2,prev2_hash,154,21,0
59,6,2,prev2_hash,225,1,0
59,6,2,stream_band16,0,429,414
59,6,2,stream_band16,1,569,534
59,6,2,stream_band16,2,533,499
59,6,2,stream_band16,3,579,547
59,6,2,stream_band16,4,203,197
59,6,2,stream_band16,5,432,410
59,6,2,stream_band16,6,324,310
59,6,2,stream_band16,7,442,422
59,6,2,stream_band16,8,343,327
59,6,2,stream_band16,9,669,639
59,6,2,stream_band16,10,1562,1509
59,6,2,stream_band16,11,1420,1258
59,6,2,stream_band16,12,835,828
59,6,2,stream_band16,13,542,534
59,6,2,stream_band16,14,113,103
59,6,2,stream_band16,15,1,1
59,6,2,stream_band64,0,42,41
59,6,2,stream_band64,1,208,203
59,6,2,stream_band64,2,87,83
59,6,2,stream_band64,3,92,87
59,6,2,stream_band64,4,70,69
59,6,2,stream_band64,5,223,203
59,6,2,stream_band64,6,146,138
59,6,2,stream_band64,7,130,124
59,6,2,stream_band64,8,124,116
59,6,2,stream_band64,9,91,90
59,6,2,stream_band64,10,129,122
59,6,2,stream_band64,11,189,171
59,6,2,stream_band64,12,228,215
59,6,2,stream_band64,13,138,127
59,6,2,stream_band64,14,123,116
59,6,2,stream_band64,15,90,89
59,6,2,stream_band64,16,113,110
59,6,2,stream_band64,17,19,19
59,6,2,stream_band64,18,45,44
59,6,2,stream_band64,19,26,24
59,6,2,stream_band64,20,101,96
59,6,2,stream_band64,21,92,86
59,6,2,stream_band64,22,76,69
59,6,2,stream_band64,23,163,159
59,6,2,stream_band64,24,83,79
59,6,2,stream_band64,25,81,77
59,6,2,stream_band64,26,89,86
59,6,2,stream_band64,27,71,68
59,6,2,stream_band64,28,77,75
59,6,2,stream_band64,29,259,250
59,6,2,stream_band64,30,69,63
59,6,2,stream_band64,31,37,34
59,6,2,stream_band64,32,112,104
59,6,2,stream_band64,33,80,79
59,6,2,stream_band64,34,85,83
59,6,2,stream_band64,35,66,61
59,6,2,stream_band64,36,35,34
59,6,2,stream_band64,37,105,103
59,6,2,stream_band64,38,322,302
59,6,2,stream_band64,39,207,200
59,6,2,stream_band64,40,292,284
59,6,2,stream_band64,41,405,389
59,6,2,stream_band64,42,447,438
59,6,2,stream_band64,43,418,398
59,6,2,stream_band64,44,474,455
59,6,2,stream_band64,45,592,464
59,6,2,stream_band64,46,196,184
59,6,2,stream_band64,47,158,155
59,6,2,stream_band64,48,187,181
59,6,2,stream_band64,49,439,439
59,6,2,stream_band64,50,107,107
59,6,2,stream_band64,51,102,101
59,6,2,stream_band64,52,288,286
59,6,2,stream_band64,53,90,89
59,6,2,stream_band64,54,76,73
59,6,2,stream_band64,55,88,86
59,6,2,stream_band64,56,43,43
59,6,2,stream_band64,57,60,51
59,6,2,stream_band64,58,6,5
59,6,2,stream_band64,59,4,4
59,6,2,stream_band64,63,1,1
60,6,10,global,0,2067,1876
60,6,10,byte_class,0,1981,1876
60,6,10,byte_class,1,3,0
60,6,10,byte_class,3,83,0
60,6,10,line_bucket,0,1981,1876
60,6,10,line_bucket,3,2,0
60,6,10,line_bucket,4,6,0
60,6,10,line_bucket,5,1,0
60,6,10,line_bucket,6,77,0
60,6,10,class_line,0,1981,1876
60,6,10,class_line,11,1,0
60,6,10,class_line,14,2,0
60,6,10,class_line,27,1,0
60,6,10,class_line,28,6,0
60,6,10,class_line,29,1,0
60,6,10,class_line,30,75,0
60,6,10,prev_byte,10,1981,1876
60,6,10,prev_byte,32,3,0
60,6,10,prev_byte,78,82,0
60,6,10,prev_byte,82,1,0
60,6,10,prev2_hash,20,36,4
60,6,10,prev2_hash,42,3,0
60,6,10,prev2_hash,51,1872,1872
60,6,10,prev2_hash,56,10,0
60,6,10,prev2_hash,61,1,0
60,6,10,prev2_hash,78,2,0
60,6,10,prev2_hash,89,1,0
60,6,10,prev2_hash,92,48,0
60,6,10,prev2_hash,103,6,0
60,6,10,prev2_hash,106,1,0
60,6,10,prev2_hash,116,70,0
60,6,10,prev2_hash,160,3,0
60,6,10,prev2_hash,190,1,0
60,6,10,prev2_hash,225,6,0
60,6,10,prev2_hash,226,1,0
60,6,10,prev2_hash,232,6,0
60,6,10,stream_band16,14,2067,1876
60,6,10,stream_band64,57,2067,1876
63,6,4,global,0,7932,6022
63,6,4,byte_class,0,7759,6019
63,6,4,byte_class,1,2,0
63,6,4,byte_class,3,161,2
63,6,4,byte_class,7,10,1
63,6,4,line_bucket,0,7759,6019
63,6,4,line_bucket,1,144,0
63,6,4,line_bucket,2,14,0
63,6,4,line_bucket,3,10,1
63,6,4,line_bucket,5,4,2
63,6,4,line_bucket,6,1,0
63,6,4,class_line,0,7759,6019
63,6,4,class_line,11,1,0
63,6,4,class_line,13,1,0
63,6,4,class_line,25,144,0
63,6,4,class_line,26,13,0
63,6,4,class_line,29,3,2
63,6,4,class_line,30,1,0
63,6,4,class_line,58,1,0
63,6,4,class_line,59,9,1
63,6,4,prev_byte,10,7759,6019
63,6,4,prev_byte,32,2,0
63,6,4,prev_byte,39,2,0
63,6,4,prev_byte,45,8,1
63,6,4,prev_byte,77,158,0
63,6,4,prev_byte,78,3,2
63,6,4,prev2_hash,19,1,0
63,6,4,prev2_hash,20,7563,5851
63,6,4,prev2_hash,42,47,32
63,6,4,prev2_hash,49,2,2
63,6,4,prev2_hash,51,1,1
63,6,4,prev2_hash,55,1,1
63,6,4,prev2_hash,56,68,60
63,6,4,prev2_hash,57,1,1
63,6,4,prev2_hash,77,2,0
63,6,4,prev2_hash,78,2,0
63,6,4,prev2_hash,87,145,1
63,6,4,prev2_hash,88,18,18
63,6,4,prev2_hash,90,8,1
63,6,4,prev2_hash,92,20,19
63,6,4,prev2_hash,103,29,26
63,6,4,prev2_hash,105,5,5
63,6,4,prev2_hash,112,3,2
63,6,4,prev2_hash,116,1,0
63,6,4,prev2_hash,117,1,1
63,6,4,prev2_hash,154,14,1
63,6,4,stream_band16,0,148,123
63,6,4,stream_band16,1,428,358
63,6,4,stream_band16,2,409,309
63,6,4,stream_band16,3,235,191
63,6,4,stream_band16,4,50,44
63,6,4,stream_band16,5,223,156
63,6,4,stream_band16,6,151,100
63,6,4,stream_band16,7,183,155
63,6,4,stream_band16,8,153,125
63,6,4,stream_band16,9,371,330
63,6,4,stream_band16,10,697,642
63,6,4,stream_band16,11,898,802
63,6,4,stream_band16,12,1490,1384
63,6,4,stream_band16,13,2238,1076
63,6,4,stream_band16,14,257,226
63,6,4,stream_band16,15,1,1
63,6,4,stream_band64,0,11,8
63,6,4,stream_band64,1,49,47
63,6,4,stream_band64,2,17,16
63,6,4,stream_band64,3,71,52
63,6,4,stream_band64,4,67,59
63,6,4,stream_band64,5,98,83
63,6,4,stream_band64,6,74,54
63,6,4,stream_band64,7,189,162
63,6,4,stream_band64,8,96,64
63,6,4,stream_band64,9,78,62
63,6,4,stream_band64,10,95,70
63,6,4,stream_band64,11,140,113
63,6,4,stream_band64,12,116,99
63,6,4,stream_band64,13,57,48
63,6,4,stream_band64,14,41,33
63,6,4,stream_band64,15,21,11
63,6,4,stream_band64,16,27,25
63,6,4,stream_band64,17,6,5
63,6,4,stream_band64,18,7,7
63,6,4,stream_band64,19,10,7
63,6,4,stream_band64,20,55,46
63,6,4,stream_band64,21,44,30
63,6,4,stream_band64,22,54,35
63,6,4,stream_band64,23,70,45
63,6,4,stream_band64,24,27,20
63,6,4,stream_band64,25,37,26
63,6,4,stream_band64,26,51,28
63,6,4,stream_band64,27,36,26
63,6,4,stream_band64,28,35,27
63,6,4,stream_band64,29,101,88
63,6,4,stream_band64,30,35,30
63,6,4,stream_band64,31,12,10
63,6,4,stream_band64,32,61,50
63,6,4,stream_band64,33,49,37
63,6,4,stream_band64,34,22,19
63,6,4,stream_band64,35,21,19
63,6,4,stream_band64,36,27,22
63,6,4,stream_band64,37,114,108
63,6,4,stream_band64,38,122,109
63,6,4,stream_band64,39,108,91
63,6,4,stream_band64,40,114,108
63,6,4,stream_band64,41,153,132
63,6,4,stream_band64,42,203,185
63,6,4,stream_band64,43,227,217
63,6,4,stream_band64,44,293,268
63,6,4,stream_band64,45,468,431
63,6,4,stream_band64,46,97,74
63,6,4,stream_band64,47,40,29
63,6,4,stream_band64,48,399,355
63,6,4,stream_band64,49,318,295
63,6,4,stream_band64,50,366,342
63,6,4,stream_band64,51,407,392
63,6,4,stream_band64,52,207,194
63,6,4,stream_band64,53,171,161
63,6,4,stream_band64,54,404,390
63,6,4,stream_band64,55,1456,331
63,6,4,stream_band64,56,48,45
63,6,4,stream_band64,57,177,162
63,6,4,stream_band64,58,13,6
63,6,4,stream_band64,59,19,13
63,6,4,stream_band64,63,1,1
64,13,26,global,0,2814,1290
64,13,26,byte_class,0,2670,1290
64,13,26,byte_class,1,5,0
64,13,26,byte_class,6,139,0
64,13,26,line_bucket,0,2670,1290
64,13,26,line_bucket,4,5,0
64,13,26,line_bucket,5,139,0
64,13,26,class_line,0,2670,1290
64,13,26,class_line,12,5,0
64,13,26,class_line,53,139,0
64,13,26,prev_byte,10,2670,1290
64,13,26,prev_byte,32,5,0
64,13,26,prev_byte,93,139,0
64,13,26,prev2_hash,6,139,0
64,13,26,prev2_hash,20,70,0
64,13,26,prev2_hash,56,185,0
64,13,26,prev2_hash,92,45,0
64,13,26,prev2_hash,103,2369,1290
64,13,26,prev2_hash,182,1,0
64,13,26,prev2_hash,213,5,0
64,13,26,stream_band16,12,16,0
64,13,26,stream_band16,13,142,0
64,13,26,stream_band16,14,2654,1290
64,13,26,stream_band16,15,2,0
64,13,26,stream_band64,48,16,0
64,13,26,stream_band64,53,4,0
64,13,26,stream_band64,54,2,0
64,13,26,stream_band64,55,136,0
64,13,26,stream_band64,56,2641,1278
64,13,26,stream_band64,57,13,12
64,13,26,stream_band64,63,2,0
65,7,5,global,0,20745,4764
65,7,5,byte_class,0,2093,448
65,7,5,byte_class,1,979,269
65,7,5,byte_class,2,2421,658
65,7,5,byte_class,3,1713,326
65,7,5,byte_class,4,1112,253
65,7,5,byte_class,5,2851,695
65,7,5,byte_class,6,6014,1133
65,7,5,byte_class,7,3562,982
65,7,5,line_bucket,0,2093,448
65,7,5,line_bucket,1,26,5
65,7,5,line_bucket,2,96,17
65,7,5,line_bucket,3,1553,309
65,7,5,line_bucket,4,4588,1020
65,7,5,line_bucket,5,7282,1348
65,7,5,line_bucket,6,5107,1617
65,7,5,class_line,0,2093,448
65,7,5,class_line,9,3,2
65,7,5,class_line,10,12,11
65,7,5,class_line,11,57,6
65,7,5,class_line,12,290,110
65,7,5,class_line,13,354,51
65,7,5,class_line,14,263,89
65,7,5,class_line,17,23,3
65,7,5,class_line,18,73,5
65,7,5,class_line,19,415,33
65,7,5,class_line,20,763,181
65,7,5,class_line,21,610,249
65,7,5,class_line,22,537,187
65,7,5,class_line,27,282,84
65,7,5,class_line,28,245,45
65,7,5,class_line,29,653,96
65,7,5,class_line,30,533,101
65,7,5,class_line,35,178,29
65,7,5,class_line,36,391,76
65,7,5,class_line,37,331,72
65,7,5,class_line,38,212,76
65,7,5,class_line,42,8,1
65,7,5,class_line,43,304,42
65,7,5,class_line,44,976,251
65,7,5,class_line,45,950,197
65,7,5,class_line,46,613,204
65,7,5,class_line,51,22,6
65,7,5,class_line,52,1287,172
65,7,5,class_line,53,3093,438
65,7,5,class_line,54,1612,517
65,7,5,class_line,58,3,0
65,7,5,class_line,59,295,109
65,7,5,class_line,60,636,185
65,7,5,class_line,61,1291,245
65,7,5,class_line,62,1337,443
65,7,5,prev_byte,9,4,4
65,7,5,prev_byte,10,2093,448
65,7,5,prev_byte,32,975,265
65,7,5,prev_byte,33,625,224
65,7,5,prev_byte,34,24,3
65,7,5,prev_byte,37,126,97
65,7,5,prev_byte,39,1588,247
65,7,5,prev_byte,41,891,288
65,7,5,prev_byte,42,34,3
65,7,5,prev_byte,43,4,3
65,7,5,prev_byte,44,21,6
65,7,5,prev_byte,45,96,36
65,7,5,prev_byte,46,184,77
65,7,5,prev_byte,47,56,13
65,7,5,prev_byte,48,454,147
65,7,5,prev_byte,49,340,69
65,7,5,prev_byte,50,237,59
65,7,5,prev_byte,51,226,40
65,7,5,prev_byte,52,234,71
65,7,5,prev_byte,53,211,58
65,7,5,prev_byte,54,154,50
65,7,5,prev_byte,55,172,40
65,7,5,prev_byte,56,217,77
65,7,5,prev_byte,57,176,47
65,7,5,prev_byte,74,208,0
65,7,5,prev_byte,75,28,5
65,7,5,prev_byte,78,1129,271
65,7,5,prev_byte,79,42,19
65,7,5,prev_byte,81,117,0
65,7,5,prev_byte,82,189,31
65,7,5,prev_byte,93,5924,1117
65,7,5,prev_byte,94,3,1
65,7,5,prev_byte,97,75,27
65,7,5,prev_byte,98,44,7
65,7,5,prev_byte,99,43,5
65,7,5,prev_byte,100,87,15
65,7,5,prev_byte,101,91,16
65,7,5,prev_byte,102,8,2
65,7,5,prev_byte,103,98,23
65,7,5,prev_byte,104,20,0
65,7,5,prev_byte,105,47,9
65,7,5,prev_byte,106,8,0
65,7,5,prev_byte,107,24,1
65,7,5,prev_byte,108,45,6
65,7,5,prev_byte,109,87,22
65,7,5,prev_byte,110,79,19
65,7,5,prev_byte,111,76,17
65,7,5,prev_byte,112,31,11
65,7,5,prev_byte,113,3,0
65,7,5,prev_byte,114,36,5
65,7,5,prev_byte,115,96,33
65,7,5,prev_byte,116,32,14
65,7,5,prev_byte,117,11,0
65,7,5,prev_byte,118,13,3
65,7,5,prev_byte,119,18,1
65,7,5,prev_byte,120,12,2
65,7,5,prev_byte,121,17,7
65,7,5,prev_byte,122,11,8
65,7,5,prev_byte,128,61,7
65,7,5,prev_byte,129,22,3
65,7,5,prev_byte,130,27,5
65,7,5,prev_byte,131,15,2
65,7,5,prev_byte,132,45,7
65,7,5,prev_byte,133,35,17
65,7,5,prev_byte,134,16,8
65,7,5,prev_byte,135,29,11
65,7,5,prev_byte,136,21,3
65,7,5,prev_byte,137,16,3
65,7,5,prev_byte,138,8,5
65,7,5,prev_byte,139,60,2
65,7,5,prev_byte,140,125,22
65,7,5,prev_byte,141,15,2
65,7,5,prev_byte,142,31,2
65,7,5,prev_byte,143,176,4
65,7,5,prev_byte,144,40,8
65,7,5,prev_byte,145,38,9
65,7,5,prev_byte,146,20,5
65,7,5,prev_byte,147,26,9
65,7,5,prev_byte,148,32,6
65,7,5,prev_byte,149,20,0
65,7,5,prev_byte,150,24,4
65,7,5,prev_byte,151,38,6
65,7,5,prev_byte,152,44,3
65,7,5,prev_byte,153,27,8
65,7,5,prev_byte,154,22,6
65,7,5,prev_byte,155,69,32
65,7,5,prev_byte,156,37,7
65,7,5,prev_byte,157,27,8
65,7,5,prev_byte,158,24,6
65,7,5,prev_byte,159,57,22
65,7,5,prev_byte,160,32,9
65,7,5,prev_byte,161,30,2
65,7,5,prev_byte,162,18,0
65,7,5,prev_byte,163,21,2
65,7,5,prev_byte,164,68,14
65,7,5,prev_byte,165,44,4
65,7,5,prev_byte,166,16,3
65,7,5,prev_byte,167,33,8
65,7,5,prev_byte,168,37,3
65,7,5,prev_byte,169,35,14
65,7,5,prev_byte,170,49,6
65,7,5,prev_byte,171,39,20
65,7,5,prev_byte,172,85,20
65,7,5,prev_byte,173,13,5
65,7,5,prev_byte,174,14,3
65,7,5,prev_byte,175,14,9
65,7,5,prev_byte,176,39,21
65,7,5,prev_byte,177,50,25
65,7,5,prev_byte,178,39,12
65,7,5,prev_byte,179,25,7
65,7,5,prev_byte,180,30,6
65,7,5,prev_byte,181,51,10
65,7,5,prev_byte,182,29,6
65,7,5,prev_byte,183,30,2
65,7,5,prev_byte,184,39,5
65,7,5,prev_byte,185,50,6
65,7,5,prev_byte,186,30,7
65,7,5,prev_byte,187,63,7
65,7,5,prev_byte,188,31,11
65,7,5,prev_byte,189,33,6
65,7,5,prev_byte,190,12,4
65,7,5,prev_byte,191,19,0
65,7,5,prev_byte,192,32,9
65,7,5,prev_byte,193,24,9
65,7,5,prev_byte,194,24,13
65,7,5,prev_byte,195,23,5
65,7,5,prev_byte,196,85,37
65,7,5,prev_byte,197,14,5
65,7,5,prev_byte,198,18,5
65,7,5,prev_byte,199,12,9
65,7,5,prev_byte,200,36,16
65,7,5,prev_byte,201,22,5
65,7,5,prev_byte,202,25,5
65,7,5,prev_byte,203,53,27
65,7,5,prev_byte,204,24,12
65,7,5,prev_byte,205,48,13
65,7,5,prev_byte,206,31,22
65,7,5,prev_byte,207,15,4
65,7,5,prev2_hash,0,13,0
65,7,5,prev2_hash,1,96,17
65,7,5,prev2_hash,2,36,1
65,7,5,prev2_hash,3,33,3
65,7,5,prev2_hash,4,108,49
65,7,5,prev2_hash,5,40,5
65,7,5,prev2_hash,6,19,2
65,7,5,prev2_hash,7,18,1
65,7,5,prev2_hash,8,32,10
65,7,5,prev2_hash,9,456,20
65,7,5,prev2_hash,10,279,80
65,7,5,prev2_hash,11,110,10
65,7,5,prev2_hash,12,22,2
65,7,5,prev2_hash,13,89,60
65,7,5,prev2_hash,14,27,7
65,7,5,prev2_hash,15,24,3
65,7,5,prev2_hash,16,61,10
65,7,5,prev2_hash,17,26,4
65,7,5,prev2_hash,18,162,40
65,7,5,prev2_hash,19,14,2
65,7,5,prev2_hash,20,47,12
65,7,5,prev2_hash,21,22,4
65,7,5,prev2_hash,22,47,28
65,7,5,prev2_hash,23,24,3
65,7,5,prev2_hash,24,19,0
65,7,5,prev2_hash,25,43,8
65,7,5,prev2_hash,26,16,3
65,7,5,prev2_hash,27,40,6
65,7,5,prev2_hash,28,25,3
65,7,5,prev2_hash,29,54,31
65,7,5,prev2_hash,30,18,9
65,7,5,prev2_hash,31,16,2
65,7,5,prev2_hash,32,23,13
65,7,5,prev2_hash,33,52,22
65,7,5,prev2_hash,34,34,10
65,7,5,prev2_hash,35,60,6
65,7,5,prev2_hash,36,28,5
65,7,5,prev2_hash,37,28,5
65,7,5,prev2_hash,38,23,8
65,7,5,prev2_hash,39,20,4
65,7,5,prev2_hash,40,13,1
65,7,5,prev2_hash,41,19,5
65,7,5,prev2_hash,42,55,26
65,7,5,prev2_hash,43,17,5
65,7,5,prev2_hash,44,25,7
65,7,5,prev2_hash,45,2,0
65,7,5,prev2_hash,47,5,0
65,7,5,prev2_hash,49,19,9
65,7,5,prev2_hash,51,19,3
65,7,5,prev2_hash,52,1,0
65,7,5,prev2_hash,56,36,20
65,7,5,prev2_hash,58,10,1
65,7,5,prev2_hash,60,1,0
65,7,5,prev2_hash,61,4,1
65,7,5,prev2_hash,62,3,1
65,7,5,prev2_hash,63,7,2
65,7,5,prev2_hash,64,72,38
65,7,5,prev2_hash,65,164,23
65,7,5,prev2_hash,66,13,1
65,7,5,prev2_hash,67,4,1
65,7,5,prev2_hash,69,1,1
65,7,5,prev2_hash,71,697,244
65,7,5,prev2_hash,73,8,2
65,7,5,prev2_hash,74,7,1
65,7,5,prev2_hash,75,5,3
65,7,5,prev2_hash,76,1,0
65,7,5,prev2_hash,77,4,2
65,7,5,prev2_hash,78,1589,248
65,7,5,prev2_hash,80,92,18
65,7,5,prev2_hash,81,52,19
65,7,5,prev2_hash,82,19,8
65,7,5,prev2_hash,83,33,11
65,7,5,prev2_hash,84,33,3
65,7,5,prev2_hash,85,67,44
65,7,5,prev2_hash,86,88,41
65,7,5,prev2_hash,87,50,21
65,7,5,prev2_hash,88,1188,287
65,7,5,prev2_hash,89,42,15
65,7,5,prev2_hash,90,58,23
65,7,5,prev2_hash,91,26,11
65,7,5,prev2_hash,92,37,22
65,7,5,prev2_hash,93,29,15
65,7,5,prev2_hash,94,57,9
65,7,5,prev2_hash,95,32,10
65,7,5,prev2_hash,96,146,54
65,7,5,prev2_hash,97,96,19
65,7,5,prev2_hash,98,105,32
65,7,5,prev2_hash,99,104,27
65,7,5,prev2_hash,100,130,32
65,7,5,prev2_hash,101,132,32
65,7,5,prev2_hash,102,131,31
65,7,5,prev2_hash,103,794,120
65,7,5,prev2_hash,104,141,60
65,7,5,prev2_hash,105,152,49
65,7,5,prev2_hash,106,147,37
65,7,5,prev2_hash,107,116,39
65,7,5,prev2_hash,108,137,57
65,7,5,prev2_hash,109,87,30
65,7,5,prev2_hash,110,167,28
65,7,5,prev2_hash,111,77,27
65,7,5,prev2_hash,112,67,27
65,7,5,prev2_hash,113,154,16
65,7,5,prev2_hash,114,31,9
65,7,5,prev2_hash,115,33,11
65,7,5,prev2_hash,116,19,9
65,7,5,prev2_hash,117,6,1
65,7,5,prev2_hash,118,54,12
65,7,5,prev2_hash,119,57,7
65,7,5,prev2_hash,120,14,1
65,7,5,prev2_hash,121,32,7
65,7,5,prev2_hash,122,9,4
65,7,5,prev2_hash,123,97,32
65,7,5,prev2_hash,124,23,7
65,7,5,prev2_hash,125,204,85
65,7,5,prev2_hash,126,159,51
65,7,5,prev2_hash,127,119,17
65,7,5,prev2_hash,128,82,36
65,7,5,prev2_hash,129,143,43
65,7,5,prev2_hash,130,70,22
65,7,5,prev2_hash,131,64,20
65,7,5,prev2_hash,132,105,16
65,7,5,prev2_hash,133,45,18
65,7,5,prev2_hash,134,240,74
65,7,5,prev2_hash,135,95,12
65,7,5,prev2_hash,136,28,7
65,7,5,prev2_hash,137,28,9
65,7,5,prev2_hash,138,24,4
65,7,5,prev2_hash,139,71,21
65,7,5,prev2_hash,140,47,2
65,7,5,prev2_hash,141,182,36
65,7,5,prev2_hash,142,219,28
65,7,5,prev2_hash,143,177,35
65,7,5,prev2_hash,144,207,18
65,7,5,prev2_hash,145,208,26
65,7,5,prev2_hash,146,185,19
65,7,5,prev2_hash,147,165,31
65,7,5,prev2_hash,148,181,26
65,7,5,prev2_hash,149,227,75
65,7,5,prev2_hash,150,194,39
65,7,5,prev2_hash,151,88,5
65,7,5,prev2_hash,152,169,5
65,7,5,prev2_hash,153,52,14
65,7,5,prev2_hash,154,50,16
65,7,5,prev2_hash,155,222,9
65,7,5,prev2_hash,156,62,19
65,7,5,prev2_hash,157,113,29
65,7,5,prev2_hash,158,18,5
65,7,5,prev2_hash,159,141,4
65,7,5,prev2_hash,160,72,7
65,7,5,prev2_hash,161,33,15
65,7,5,prev2_hash,162,95,13
65,7,5,prev2_hash,163,68,4
65,7,5,prev2_hash,164,65,6
65,7,5,prev2_hash,165,49,8
65,7,5,prev2_hash,166,48,11
65,7,5,prev2_hash,167,50,9
65,7,5,prev2_hash,168,93,18
65,7,5,prev2_hash,169,47,12
65,7,5,prev2_hash,170,28,6
65,7,5,prev2_hash,171,81,4
65,7,5,prev2_hash,172,29,7
65,7,5,prev2_hash,173,28,6
65,7,5,prev2_hash,174,63,8
65,7,5,prev2_hash,175,62,6
65,7,5,prev2_hash,176,122,28
65,7,5,prev2_hash,177,28,9
65,7,5,prev2_hash,178,56,9
65,7,5,prev2_hash,179,34,9
65,7,5,prev2_hash,180,22,7
65,7,5,prev2_hash,181,45,17
65,7,5,prev2_hash,182,18,2
65,7,5,prev2_hash,183,88,13
65,7,5,prev2_hash,184,67,26
65,7,5,prev2_hash,185,22,2
65,7,5,prev2_hash,186,82,43
65,7,5,prev2_hash,187,37,13
65,7,5,prev2_hash,188,28,23
65,7,5,prev2_hash,189,38,6
65,7,5,prev2_hash,190,126,20
65,7,5,prev2_hash,191,131,37
65,7,5,prev2_hash,192,445,18
65,7,5,prev2_hash,193,53,34
65,7,5,prev2_hash,194,133,25
65,7,5,prev2_hash,195,61,9
65,7,5,prev2_hash,196,62,10
65,7,5,prev2_hash,197,63,14
65,7,5,prev2_hash,198,109,36
65,7,5,prev2_hash,199,21,7
65,7,5,prev2_hash,200,61,14
65,7,5,prev2_hash,201,95,17
65,7,5,prev2_hash,202,75,25
65,7,5,prev2_hash,203,124,34
65,7,5,prev2_hash,204,55,10
65,7,5,prev2_hash,205,44,16
65,7,5,prev2_hash,206,50,9
65,7,5,prev2_hash,207,80,22
65,7,5,prev2_hash,208,105,21
65,7,5,prev2_hash,209,71,20
65,7,5,prev2_hash,210,63,11
65,7,5,prev2_hash,211,54,12
65,7,5,prev2_hash,212,74,11
65,7,5,prev2_hash,213,88,35
65,7,5,prev2_hash,214,55,13
65,7,5,prev2_hash,215,99,16
65,7,5,prev2_hash,216,40,16
65,7,5,prev2_hash,217,22,5
65,7,5,prev2_hash,218,28,1
65,7,5,prev2_hash,219,62,16
65,7,5,prev2_hash,220,45,11
65,7,5,prev2_hash,221,63,12
65,7,5,prev2_hash,222,44,0
65,7,5,prev2_hash,223,44,11
65,7,5,prev2_hash,224,19,9
65,7,5,prev2_hash,225,31,7
65,7,5,prev2_hash,226,45,10
65,7,5,prev2_hash,227,181,33
65,7,5,prev2_hash,228,59,16
65,7,5,prev2_hash,229,36,9
65,7,5,prev2_hash,230,68,19
65,7,5,prev2_hash,231,43,7
65,7,5,prev2_hash,232,167,49
65,7,5,prev2_hash,233,38,5
65,7,5,prev2_hash,234,23,9
65,7,5,prev2_hash,235,35,5
65,7,5,prev2_hash,236,45,11
65,7,5,prev2_hash,237,41,13
65,7,5,prev2_hash,238,34,14
65,7,5,prev2_hash,239,31,5
65,7,5,prev2_hash,240,21,5
65,7,5,prev2_hash,241,113,33
65,7,5,prev2_hash,242,25,5
65,7,5,prev2_hash,243,47,24
65,7,5,prev2_hash,244,18,4
65,7,5,prev2_hash,245,23,8
65,7,5,prev2_hash,246,120,25
65,7,5,prev2_hash,247,99,12
65,7,5,prev2_hash,248,87,51
65,7,5,prev2_hash,249,24,11
65,7,5,prev2_hash,250,26,3
65,7,5,prev2_hash,251,24,0
65,7,5,prev2_hash,252,27,0
65,7,5,prev2_hash,253,22,7
65,7,5,prev2_hash,254,148,33
65,7,5,prev2_hash,255,32,4
65,7,5,stream_band16,0,2426,403
65,7,5,stream_band16,1,1992,409
65,7,5,stream_band16,2,1628,430
65,7,5,stream_band16,3,597,203
65,7,5,stream_band16,4,689,141
65,7,5,stream_band16,5,1739,290
65,7,5,stream_band16,6,1425,338
65,7,5,stream_band16,7,1522,338
65,7,5,stream_band16,8,2212,605
65,7,5,stream_band16,9,1902,378
65,7,5,stream_band16,10,1311,290
65,7,5,stream_band16,11,2094,721
65,7,5,stream_band16,12,596,136
65,7,5,stream_band16,13,456,36
65,7,5,stream_band16,14,150,44
65,7,5,stream_band16,15,6,2
65,7,5,stream_band64,0,1055,45
65,7,5,stream_band64,1,725,181
65,7,5,stream_band64,2,313,98
65,7,5,stream_band64,3,333,79
65,7,5,stream_band64,4,150,20
65,7,5,stream_band64,5,111,21
65,7,5,stream_band64,6,208,37
65,7,5,stream_band64,7,1523,331
65,7,5,stream_band64,8,201,94
65,7,5,stream_band64,9,714,175
65,7,5,stream_band64,10,570,115
65,7,5,stream_band64,11,143,46
65,7,5,stream_band64,12,200,83
65,7,5,stream_band64,13,190,58
65,7,5,stream_band64,14,52,7
65,7,5,stream_band64,15,155,55
65,7,5,stream_band64,16,111,23
65,7,5,stream_band64,17,47,15
65,7,5,stream_band64,18,185,27
65,7,5,stream_band64,19,346,76
65,7,5,stream_band64,20,356,38
65,7,5,stream_band64,21,1056,172
65,7,5,stream_band64,22,232,65
65,7,5,stream_band64,23,95,15
65,7,5,stream_band64,24,31,9
65,7,5,stream_band64,25,67,22
65,7,5,stream_band64,26,166,61
65,7,5,stream_band64,27,1161,246
65,7,5,stream_band64,28,729,132
65,7,5,stream_band64,29,492,108
65,7,5,stream_band64,30,211,60
65,7,5,stream_band64,31,90,38
65,7,5,stream_band64,32,1072,464
65,7,5,stream_band64,33,37,15
65,7,5,stream_band64,34,1084,125
65,7,5,stream_band64,35,19,1
65,7,5,stream_band64,36,57,15
65,7,5,stream_band64,37,1315,269
65,7,5,stream_band64,38,338,49
65,7,5,stream_band64,39,192,45
65,7,5,stream_band64,40,85,36
65,7,5,stream_band64,41,145,35
65,7,5,stream_band64,42,351,86
65,7,5,stream_band64,43,730,133
65,7,5,stream_band64,44,238,91
65,7,5,stream_band64,45,576,316
65,7,5,stream_band64,46,121,16
65,7,5,stream_band64,47,1159,298
65,7,5,stream_band64,48,404,103
65,7,5,stream_band64,49,11,4
65,7,5,stream_band64,50,148,9
65,7,5,stream_band64,51,33,20
65,7,5,stream_band64,52,105,8
65,7,5,stream_band64,53,310,10
65,7,5,stream_band64,54,19,14
65,7,5,stream_band64,55,22,4
65,7,5,stream_band64,56,10,5
65,7,5,stream_band64,57,13,8
65,7,5,stream_band64,58,90,22
65,7,5,stream_band64,59,37,9
65,7,5,stream_band64,63,6,2
66,24,8,global,0,2286,1508
66,24,8,byte_class,0,2286,1508
66,24,8,line_bucket,0,2286,1508
66,24,8,class_line,0,2286,1508
66,24,8,prev_byte,10,2286,1508
66,24,8,prev2_hash,88,2286,1508
66,24,8,stream_band16,0,29,0
66,24,8,stream_band16,1,40,0
66,24,8,stream_band16,2,41,0
66,24,8,stream_band16,3,22,0
66,24,8,stream_band16,4,26,0
66,24,8,stream_band16,5,39,0
66,24,8,stream_band16,6,36,0
66,24,8,stream_band16,7,38,0
66,24,8,stream_band16,8,22,0
66,24,8,stream_band16,9,46,0
66,24,8,stream_band16,10,45,0
66,24,8,stream_band16,11,24,0
66,24,8,stream_band16,12,18,0
66,24,8,stream_band16,13,25,0
66,24,8,stream_band16,14,516,326
66,24,8,stream_band16,15,1319,1182
66,24,8,stream_band64,0,6,0
66,24,8,stream_band64,1,5,0
66,24,8,stream_band64,2,6,0
66,24,8,stream_band64,3,12,0
66,24,8,stream_band64,4,10,0
66,24,8,stream_band64,5,13,0
66,24,8,stream_band64,6,9,0
66,24,8,stream_band64,7,8,0
66,24,8,stream_band64,8,6,0
66,24,8,stream_band64,9,10,0
66,24,8,stream_band64,10,14,0
66,24,8,stream_band64,11,11,0
66,24,8,stream_band64,12,7,0
66,24,8,stream_band64,13,6,0
66,24,8,stream_band64,14,8,0
66,24,8,stream_band64,15,1,0
66,24,8,stream_band64,16,2,0
66,24,8,stream_band64,17,6,0
66,24,8,stream_band64,18,8,0
66,24,8,stream_band64,19,10,0
66,24,8,stream_band64,20,16,0
66,24,8,stream_band64,21,7,0
66,24,8,stream_band64,22,11,0
66,24,8,stream_band64,23,5,0
66,24,8,stream_band64,24,22,0
66,24,8,stream_band64,25,6,0
66,24,8,stream_band64,26,5,0
66,24,8,stream_band64,27,3,0
66,24,8,stream_band64,28,22,0
66,24,8,stream_band64,29,7,0
66,24,8,stream_band64,30,6,0
66,24,8,stream_band64,31,3,0
66,24,8,stream_band64,32,6,0
66,24,8,stream_band64,33,6,0
66,24,8,stream_band64,34,1,0
66,24,8,stream_band64,35,9,0
66,24,8,stream_band64,36,12,0
66,24,8,stream_band64,37,17,0
66,24,8,stream_band64,38,8,0
66,24,8,stream_band64,39,9,0
66,24,8,stream_band64,40,15,0
66,24,8,stream_band64,41,13,0
66,24,8,stream_band64,42,9,0
66,24,8,stream_band64,43,8,0
66,24,8,stream_band64,44,8,0
66,24,8,stream_band64,45,6,0
66,24,8,stream_band64,46,9,0
66,24,8,stream_band64,47,1,0
66,24,8,stream_band64,48,12,0
66,24,8,stream_band64,49,3,0
66,24,8,stream_band64,50,1,0
66,24,8,stream_band64,51,2,0
66,24,8,stream_band64,52,4,0
66,24,8,stream_band64,53,4,0
66,24,8,stream_band64,54,5,0
66,24,8,stream_band64,55,12,0
66,24,8,stream_band64,56,6,0
66,24,8,stream_band64,57,15,0
66,24,8,stream_band64,58,37,0
66,24,8,stream_band64,59,458,326
66,24,8,stream_band64,60,1319,1182
67,7,5,global,0,4356,4238
67,7,5,byte_class,0,4312,4196
67,7,5,byte_class,1,2,2
67,7,5,byte_class,3,1,0
67,7,5,byte_class,6,41,40
67,7,5,line_bucket,0,4312,4196
67,7,5,line_bucket,4,1,0
67,7,5,line_bucket,5,41,40
67,7,5,line_bucket,6,2,2
67,7,5,class_line,0,4312,4196
67,7,5,class_line,14,2,2
67,7,5,class_line,28,1,0
67,7,5,class_line,53,41,40
67,7,5,prev_byte,10,4312,4196
67,7,5,prev_byte,32,2,2
67,7,5,prev_byte,78,1,0
67,7,5,prev_byte,93,41,40
67,7,5,prev2_hash,6,40,40
67,7,5,prev2_hash,20,1190,1143
67,7,5,prev2_hash,42,1,1
67,7,5,prev2_hash,56,21,20
67,7,5,prev2_hash,57,1,1
67,7,5,prev2_hash,88,13,13
67,7,5,prev2_hash,92,57,56
67,7,5,prev2_hash,103,3027,2960
67,7,5,prev2_hash,120,1,1
67,7,5,prev2_hash,202,1,1
67,7,5,prev2_hash,213,2,2
67,7,5,prev2_hash,225,1,0
67,7,5,prev2_hash,231,1,0
67,7,5,stream_band16,2,3,0
67,7,5,stream_band16,3,6,0
67,7,5,stream_band16,4,7,0
67,7,5,stream_band16,5,9,1
67,7,5,stream_band16,7,3,0
67,7,5,stream_band16,8,6,0
67,7,5,stream_band16,9,12,0
67,7,5,stream_band16,10,17,4
67,7,5,stream_band16,11,381,378
67,7,5,stream_band16,12,271,245
67,7,5,stream_band16,13,3403,3378
67,7,5,stream_band16,14,220,219
67,7,5,stream_band16,15,18,13
67,7,5,stream_band64,8,1,0
67,7,5,stream_band64,11,2,0
67,7,5,stream_band64,12,1,0
67,7,5,stream_band64,13,5,0
67,7,5,stream_band64,16,1,0
67,7,5,stream_band64,18,1,0
67,7,5,stream_band64,19,5,0
67,7,5,stream_band64,20,2,1
67,7,5,stream_band64,23,7,0
67,7,5,stream_band64,29,3,0
67,7,5,stream_band64,32,2,0
67,7,5,stream_band64,33,3,0
67,7,5,stream_band64,35,1,0
67,7,5,stream_band64,36,8,0
67,7,5,stream_band64,37,3,0
67,7,5,stream_band64,38,1,0
67,7,5,stream_band64,41,5,1
67,7,5,stream_band64,42,6,3
67,7,5,stream_band64,43,6,0
67,7,5,stream_band64,44,281,279
67,7,5,stream_band64,45,73,73
67,7,5,stream_band64,46,27,26
67,7,5,stream_band64,48,29,26
67,7,5,stream_band64,49,70,47
67,7,5,stream_band64,50,130,130
67,7,5,stream_band64,51,42,42
67,7,5,stream_band64,52,13,12
67,7,5,stream_band64,53,1223,1212
67,7,5,stream_band64,54,1524,1511
67,7,5,stream_band64,55,643,643
67,7,5,stream_band64,56,215,215
67,7,5,stream_band64,57,4,4
67,7,5,stream_band64,58,1,0
67,7,5,stream_band64,62,4,0
67,7,5,stream_band64,63,14,13
69,6,23,global,0,1890,1461
69,6,23,byte_class,0,1424,1422
69,6,23,byte_class,1,16,10
69,6,23,byte_class,3,450,29
69,6,23,line_bucket,0,1424,1422
69,6,23,line_bucket,1,1,1
69,6,23,line_bucket,3,2,2
69,6,23,line_bucket,4,424,0
69,6,23,line_bucket,5,29,29
69,6,23,line_bucket,6,10,7
69,6,23,class_line,0,1424,1422
69,6,23,class_line,11,2,2
69,6,23,class_line,12,4,0
69,6,23,class_line,13,1,1
69,6,23,class_line,14,9,7
69,6,23,class_line,25,1,1
69,6,23,class_line,28,420,0
69,6,23,class_line,29,28,28
69,6,23,class_line,30,1,0
69,6,23,prev_byte,10,1424,1422
69,6,23,prev_byte,32,16,10
69,6,23,prev_byte,74,1,1
69,6,23,prev_byte,78,449,28
69,6,23,prev2_hash,19,1,1
69,6,23,prev2_hash,20,734,734
69,6,23,prev2_hash,22,1,0
69,6,23,prev2_hash,42,7,7
69,6,23,prev2_hash,43,1,1
69,6,23,prev2_hash,44,1,1
69,6,23,prev2_hash,49,3,3
69,6,23,prev2_hash,51,43,43
69,6,23,prev2_hash,54,1,1
69,6,23,prev2_hash,55,2,2
69,6,23,prev2_hash,56,114,114
69,6,23,prev2_hash,57,5,5
69,6,23,prev2_hash,58,3,3
69,6,23,prev2_hash,59,8,8
69,6,23,prev2_hash,60,2,2
69,6,23,prev2_hash,61,4,4
69,6,23,prev2_hash,62,1,1
69,6,23,prev2_hash,63,2,2
69,6,23,prev2_hash,64,7,7
69,6,23,prev2_hash,65,1,1
69,6,23,prev2_hash,67,14,14
69,6,23,prev2_hash,73,2,2
69,6,23,prev2_hash,78,5,4
69,6,23,prev2_hash,84,1,1
69,6,23,prev2_hash,87,1,1
69,6,23,prev2_hash,88,3,3
69,6,23,prev2_hash,92,4,4
69,6,23,prev2_hash,103,97,95
69,6,23,prev2_hash,107,4,4
69,6,23,prev2_hash,109,3,3
69,6,23,prev2_hash,110,3,3
69,6,23,prev2_hash,111,8,8
69,6,23,prev2_hash,112,28,28
69,6,23,prev2_hash,113,6,6
69,6,23,prev2_hash,114,1,1
69,6,23,prev2_hash,115,2,2
69,6,23,prev2_hash,117,1,1
69,6,23,prev2_hash,118,3,3
69,6,23,prev2_hash,120,9,9
69,6,23,prev2_hash,124,22,22
69,6,23,prev2_hash,125,16,16
69,6,23,prev2_hash,126,1,1
69,6,23,prev2_hash,127,2,2
69,6,23,prev2_hash,128,1,1
69,6,23,prev2_hash,131,1,1
69,6,23,prev2_hash,132,1,1
69,6,23,prev2_hash,135,2,0
69,6,23,prev2_hash,138,5,5
69,6,23,prev2_hash,140,1,1
69,6,23,prev2_hash,143,1,1
69,6,23,prev2_hash,144,4,4
69,6,23,prev2_hash,145,2,2
69,6,23,prev2_hash,146,2,2
69,6,23,prev2_hash,147,10,10
69,6,23,prev2_hash,148,3,3
69,6,23,prev2_hash,149,15,15
69,6,23,prev2_hash,150,1,1
69,6,23,prev2_hash,151,6,6
69,6,23,prev2_hash,152,1,1
69,6,23,prev2_hash,153,1,1
69,6,23,prev2_hash,155,6,6
69,6,23,prev2_hash,156,2,2
69,6,23,prev2_hash,157,1,1
69,6,23,prev2_hash,158,2,2
69,6,23,prev2_hash,160,1,1
69,6,23,prev2_hash,161,6,6
69,6,23,prev2_hash,162,6,6
69,6,23,prev2_hash,163,2,2
69,6,23,prev2_hash,164,1,1
69,6,23,prev2_hash,165,1,1
69,6,23,prev2_hash,166,2,2
69,6,23,prev2_hash,167,25,25
69,6,23,prev2_hash,168,1,1
69,6,23,prev2_hash,169,5,5
69,6,23,prev2_hash,170,1,1
69,6,23,prev2_hash,171,3,3
69,6,23,prev2_hash,172,2,2
69,6,23,prev2_hash,173,1,1
69,6,23,prev2_hash,174,2,2
69,6,23,prev2_hash,176,6,6
69,6,23,prev2_hash,177,4,4
69,6,23,prev2_hash,178,6,6
69,6,23,prev2_hash,180,1,1
69,6,23,prev2_hash,181,2,2
69,6,23,prev2_hash,182,3,3
69,6,23,prev2_hash,183,7,6
69,6,23,prev2_hash,185,2,2
69,6,23,prev2_hash,186,1,1
69,6,23,prev2_hash,187,2,2
69,6,23,prev2_hash,188,1,1
69,6,23,prev2_hash,190,6,5
69,6,23,prev2_hash,191,4,4
69,6,23,prev2_hash,193,2,2
69,6,23,prev2_hash,194,1,1
69,6,23,prev2_hash,196,11,11
69,6,23,prev2_hash,197,4,4
69,6,23,prev2_hash,198,3,3
69,6,23,prev2_hash,201,4,4
69,6,23,prev2_hash,202,5,5
69,6,23,prev2_hash,203,2,2
69,6,23,prev2_hash,204,1,1
69,6,23,prev2_hash,205,1,1
69,6,23,prev2_hash,207,3,3
69,6,23,prev2_hash,208,2,2
69,6,23,prev2_hash,209,57,57
69,6,23,prev2_hash,211,1,1
69,6,23,prev2_hash,212,1,1
69,6,23,prev2_hash,214,3,3
69,6,23,prev2_hash,216,6,6
69,6,23,prev2_hash,217,12,12
69,6,23,prev2_hash,225,420,0
69,6,23,prev2_hash,238,1,1
69,6,23,prev2_hash,239,1,0
69,6,23,stream_band16,14,1888,1461
69,6,23,stream_band16,15,2,0
69,6,23,stream_band64,57,1887,1461
69,6,23,stream_band64,58,1,0
69,6,23,stream_band64,63,2,0
70,11,13,global,0,6015,1760
70,11,13,byte_class,0,6015,1760
70,11,13,line_bucket,0,6015,1760
70,11,13,class_line,0,6015,1760
70,11,13,prev_byte,10,6015,1760
70,11,13,prev2_hash,88,6015,1760
70,11,13,stream_band16,0,59,0
70,11,13,stream_band16,1,70,0
70,11,13,stream_band16,2,131,0
70,11,13,stream_band16,3,84,0
70,11,13,stream_band16,4,37,0
70,11,13,stream_band16,5,64,0
70,11,13,stream_band16,6,70,0
70,11,13,stream_band16,7,109,0
70,11,13,stream_band16,8,34,0
70,11,13,stream_band16,9,49,0
70,11,13,stream_band16,10,142,0
70,11,13,stream_band16,11,158,0
70,11,13,stream_band16,12,43,0
70,11,13,stream_band16,13,11,0
70,11,13,stream_band16,14,4875,1760
70,11,13,stream_band16,15,79,0
70,11,13,stream_band64,0,29,0
70,11,13,stream_band64,1,9,0
70,11,13,stream_band64,2,10,0
70,11,13,stream_band64,3,11,0
70,11,13,stream_band64,4,27,0
70,11,13,stream_band64,5,18,0
70,11,13,stream_band64,6,9,0
70,11,13,stream_band64,7,16,0
70,11,13,stream_band64,8,27,0
70,11,13,stream_band64,9,9,0
70,11,13,stream_band64,10,36,0
70,11,13,stream_band64,11,59,0
70,11,13,stream_band64,12,26,0
70,11,13,stream_band64,13,38,0
70,11,13,stream_band64,14,13,0
70,11,13,stream_band64,15,7,0
70,11,13,stream_band64,16,3,0
70,11,13,stream_band64,17,15,0
70,11,13,stream_band64,18,10,0
70,11,13,stream_band64,19,9,0
70,11,13,stream_band64,20,16,0
70,11,13,stream_band64,21,15,0
70,11,13,stream_band64,22,21,0
70,11,13,stream_band64,23,12,0
70,11,13,stream_band64,24,16,0
70,11,13,stream_band64,25,8,0
70,11,13,stream_band64,26,4,0
70,11,13,stream_band64,27,42,0
70,11,13,stream_band64,28,88,0
70,11,13,stream_band64,29,9,0
70,11,13,stream_band64,30,7,0
70,11,13,stream_band64,31,5,0
70,11,13,stream_band64,32,9,0
70,11,13,stream_band64,33,10,0
70,11,13,stream_band64,34,6,0
70,11,13,stream_band64,35,9,0
70,11,13,stream_band64,36,5,0
70,11,13,stream_band64,37,14,0
70,11,13,stream_band64,38,11,0
70,11,13,stream_band64,39,19,0
70,11,13,stream_band64,40,64,0
70,11,13,stream_band64,41,18,0
70,11,13,stream_band64,42,19,0
70,11,13,stream_band64,43,41,0
70,11,13,stream_band64,44,48,0
70,11,13,stream_band64,45,6,0
70,11,13,stream_band64,46,101,0
70,11,13,stream_band64,47,3,0
70,11,13,stream_band64,48,32,0
70,11,13,stream_band64,49,11,0
70,11,13,stream_band64,53,1,0
70,11,13,stream_band64,54,5,0
70,11,13,stream_band64,55,5,0
70,11,13,stream_band64,56,2,0
70,11,13,stream_band64,57,4580,1760
70,11,13,stream_band64,58,195,0
70,11,13,stream_band64,59,98,0
70,11,13,stream_band64,60,79,0
72,9,3,global,0,88,0
72,9,3,byte_class,0,86,0
72,9,3,byte_class,6,1,0
72,9,3,byte_class,7,1,0
72,9,3,line_bucket,0,86,0
72,9,3,line_bucket,1,1,0
72,9,3,line_bucket,6,1,0
72,9,3,class_line,0,86,0
72,9,3,class_line,49,1,0
72,9,3,class_line,62,1,0
72,9,3,prev_byte,10,86,0
72,9,3,prev_byte,39,1,0
72,9,3,prev_byte,42,1,0
72,9,3,prev2_hash,20,6,0
72,9,3,prev2_hash,42,1,0
72,9,3,prev2_hash,44,1,0
72,9,3,prev2_hash,51,5,0
72,9,3,prev2_hash,52,1,0
72,9,3,prev2_hash,56,5,0
72,9,3,prev2_hash,71,1,0
72,9,3,prev2_hash,87,9,0
72,9,3,prev2_hash,103,50,0
72,9,3,prev2_hash,132,1,0
72,9,3,prev2_hash,168,1,0
72,9,3,prev2_hash,182,1,0
72,9,3,prev2_hash,202,1,0
72,9,3,prev2_hash,205,1,0
72,9,3,prev2_hash,210,1,0
72,9,3,prev2_hash,214,1,0
72,9,3,prev2_hash,216,2,0
72,9,3,stream_band16,0,10,0
72,9,3,stream_band16,2,12,0
72,9,3,stream_band16,3,18,0
72,9,3,stream_band16,4,25,0
72,9,3,stream_band16,5,4,0
72,9,3,stream_band16,6,3,0
72,9,3,stream_band16,7,3,0
72,9,3,stream_band16,8,4,0
72,9,3,stream_band16,9,1,0
72,9,3,stream_band16,10,5,0
72,9,3,stream_band16,11,1,0
72,9,3,stream_band16,12,1,0
72,9,3,stream_band16,14,1,0
72,9,3,stream_band64,1,2,0
72,9,3,stream_band64,2,5,0
72,9,3,stream_band64,3,3,0
72,9,3,stream_band64,8,8,0
72,9,3,stream_band64,9,2,0
72,9,3,stream_band64,11,2,0
72,9,3,stream_band64,12,10,0
72,9,3,stream_band64,13,6,0
72,9,3,stream_band64,15,2,0
72,9,3,stream_band64,16,9,0
72,9,3,stream_band64,17,5,0
72,9,3,stream_band64,18,6,0
72,9,3,stream_band64,19,5,0
72,9,3,stream_band64,20,3,0
72,9,3,stream_band64,21,1,0
72,9,3,stream_band64,25,1,0
72,9,3,stream_band64,26,1,0
72,9,3,stream_band64,27,1,0
72,9,3,stream_band64,29,1,0
72,9,3,stream_band64,30,2,0
72,9,3,stream_band64,33,3,0
72,9,3,stream_band64,34,1,0
72,9,3,stream_band64,39,1,0
72,9,3,stream_band64,40,4,0
72,9,3,stream_band64,41,1,0
72,9,3,stream_band64,47,1,0
72,9,3,stream_band64,48,1,0
72,9,3,stream_band64,59,1,0
73,6,2,global,0,3701,3701
73,6,2,byte_class,5,30,30
73,6,2,byte_class,7,3671,3671
73,6,2,line_bucket,4,44,44
73,6,2,line_bucket,5,3338,3338
73,6,2,line_bucket,6,319,319
73,6,2,class_line,44,22,22
73,6,2,class_line,45,8,8
73,6,2,class_line,60,22,22
73,6,2,class_line,61,3330,3330
73,6,2,class_line,62,319,319
73,6,2,prev_byte,7,52,52
73,6,2,prev_byte,46,3618,3618
73,6,2,prev_byte,64,1,1
73,6,2,prev_byte,244,1,1
73,6,2,prev_byte,245,10,10
73,6,2,prev_byte,247,2,2
73,6,2,prev_byte,248,1,1
73,6,2,prev_byte,249,2,2
73,6,2,prev_byte,250,1,1
73,6,2,prev_byte,251,1,1
73,6,2,prev_byte,252,5,5
73,6,2,prev_byte,253,5,5
73,6,2,prev_byte,254,1,1
73,6,2,prev_byte,255,1,1
73,6,2,prev2_hash,21,5,5
73,6,2,prev2_hash,23,1,1
73,6,2,prev2_hash,25,1,1
73,6,2,prev2_hash,39,1,1
73,6,2,prev2_hash,52,1,1
73,6,2,prev2_hash,53,55,55
73,6,2,prev2_hash,55,1,1
73,6,2,prev2_hash,56,1,1
73,6,2,prev2_hash,57,1,1
73,6,2,prev2_hash,58,1,1
73,6,2,prev2_hash,59,1,1
73,6,2,prev2_hash,60,5,5
73,6,2,prev2_hash,61,5,5
73,6,2,prev2_hash,62,1,1
73,6,2,prev2_hash,63,1,1
73,6,2,prev2_hash,78,1,1
73,6,2,prev2_hash,85,1,1
73,6,2,prev2_hash,87,13,13
73,6,2,prev2_hash,92,2,2
73,6,2,prev2_hash,94,43,43
73,6,2,prev2_hash,95,93,93
73,6,2,prev2_hash,96,104,104
73,6,2,prev2_hash,97,66,66
73,6,2,prev2_hash,98,63,63
73,6,2,prev2_hash,99,41,41
73,6,2,prev2_hash,100,43,43
73,6,2,prev2_hash,101,28,28
73,6,2,prev2_hash,102,43,43
73,6,2,prev2_hash,103,28,28
73,6,2,prev2_hash,142,1,1
73,6,2,prev2_hash,143,161,161
73,6,2,prev2_hash,144,30,30
73,6,2,prev2_hash,145,43,43
73,6,2,prev2_hash,146,66,66
73,6,2,prev2_hash,147,126,126
73,6,2,prev2_hash,148,22,22
73,6,2,prev2_hash,149,56,56
73,6,2,prev2_hash,150,34,34
73,6,2,prev2_hash,151,70,70
73,6,2,prev2_hash,152,43,43
73,6,2,prev2_hash,153,31,31
73,6,2,prev2_hash,154,73,73
73,6,2,prev2_hash,155,67,67
73,6,2,prev2_hash,156,106,106
73,6,2,prev2_hash,157,48,48
73,6,2,prev2_hash,158,26,26
73,6,2,prev2_hash,159,2,2
73,6,2,prev2_hash,160,90,90
73,6,2,prev2_hash,161,85,85
73,6,2,prev2_hash,162,42,42
73,6,2,prev2_hash,163,22,22
73,6,2,prev2_hash,164,9,9
73,6,2,prev2_hash,165,27,27
73,6,2,prev2_hash,166,18,18
73,6,2,prev2_hash,167,10,10
73,6,2,prev2_hash,168,18,18
73,6,2,prev2_hash,174,10,10
73,6,2,prev2_hash,175,11,11
73,6,2,prev2_hash,176,19,19
73,6,2,prev2_hash,177,4,4
73,6,2,prev2_hash,178,27,27
73,6,2,prev2_hash,179,6,6
73,6,2,prev2_hash,180,13,13
73,6,2,prev2_hash,181,6,6
73,6,2,prev2_hash,182,8,8
73,6,2,prev2_hash,183,19,19
73,6,2,prev2_hash,184,8,8
73,6,2,prev2_hash,185,10,10
73,6,2,prev2_hash,186,4,4
73,6,2,prev2_hash,187,6,6
73,6,2,prev2_hash,188,6,6
73,6,2,prev2_hash,189,9,9
73,6,2,prev2_hash,190,29,29
73,6,2,prev2_hash,191,17,17
73,6,2,prev2_hash,192,9,9
73,6,2,prev2_hash,193,9,9
73,6,2,prev2_hash,194,220,220
73,6,2,prev2_hash,195,107,107
73,6,2,prev2_hash,196,7,7
73,6,2,prev2_hash,197,8,8
73,6,2,prev2_hash,198,10,10
73,6,2,prev2_hash,199,13,13
73,6,2,prev2_hash,200,21,21
73,6,2,prev2_hash,201,29,29
73,6,2,prev2_hash,202,12,12
73,6,2,prev2_hash,203,7,7
73,6,2,prev2_hash,204,18,18
73,6,2,prev2_hash,205,16,16
73,6,2,prev2_hash,206,14,14
73,6,2,prev2_hash,207,9,9
73,6,2,prev2_hash,208,17,17
73,6,2,prev2_hash,209,14,14
73,6,2,prev2_hash,210,8,8
73,6,2,prev2_hash,211,10,10
73,6,2,prev2_hash,212,20,20
73,6,2,prev2_hash,213,22,22
73,6,2,prev2_hash,214,7,7
73,6,2,prev2_hash,215,9,9
73,6,2,prev2_hash,216,14,14
73,6,2,prev2_hash,217,15,15
73,6,2,prev2_hash,218,9,9
73,6,2,prev2_hash,219,19,19
73,6,2,prev2_hash,220,25,25
73,6,2,prev2_hash,221,91,91
73,6,2,prev2_hash,222,27,27
73,6,2,prev2_hash,223,15,15
73,6,2,prev2_hash,224,13,13
73,6,2,prev2_hash,225,15,15
73,6,2,prev2_hash,226,6,6
73,6,2,prev2_hash,227,12,12
73,6,2,prev2_hash,228,7,7
73,6,2,prev2_hash,229,18,18
73,6,2,prev2_hash,230,12,12
73,6,2,prev2_hash,231,28,28
73,6,2,prev2_hash,232,14,14
73,6,2,prev2_hash,233,14,14
73,6,2,prev2_hash,234,134,134
73,6,2,prev2_hash,235,25,25
73,6,2,prev2_hash,236,30,30
73,6,2,prev2_hash,237,8,8
73,6,2,prev2_hash,238,14,14
73,6,2,prev2_hash,239,13,13
73,6,2,prev2_hash,240,4,4
73,6,2,prev2_hash,241,157,157
73,6,2,prev2_hash,242,15,15
73,6,2,prev2_hash,243,17,17
73,6,2,prev2_hash,244,28,28
73,6,2,prev2_hash,245,10,10
73,6,2,prev2_hash,246,7,7
73,6,2,prev2_hash,247,13,13
73,6,2,prev2_hash,248,4,4
73,6,2,prev2_hash,249,13,13
73,6,2,prev2_hash,250,9,9
73,6,2,prev2_hash,251,13,13
73,6,2,prev2_hash,252,19,19
73,6,2,prev2_hash,253,10,10
73,6,2,stream_band16,0,2,2
73,6,2,stream_band16,1,1,1
73,6,2,stream_band16,2,6,6
73,6,2,stream_band16,4,3,3
73,6,2,stream_band16,5,2,2
73,6,2,stream_band16,6,1,1
73,6,2,stream_band16,8,1,1
73,6,2,stream_band16,9,3,3
73,6,2,stream_band16,10,1,1
73,6,2,stream_band16,11,1,1
73,6,2,stream_band16,14,3675,3675
73,6,2,stream_band16,15,5,5
73,6,2,stream_band64,1,1,1
73,6,2,stream_band64,3,1,1
73,6,2,stream_band64,7,1,1
73,6,2,stream_band64,8,1,1
73,6,2,stream_band64,9,1,1
73,6,2,stream_band64,10,3,3
73,6,2,stream_band64,11,1,1
73,6,2,stream_band64,18,2,2
73,6,2,stream_band64,19,1,1
73,6,2,stream_band64,20,1,1
73,6,2,stream_band64,23,1,1
73,6,2,stream_band64,27,1,1
73,6,2,stream_band64,35,1,1
73,6,2,stream_band64,36,3,3
73,6,2,stream_band64,42,1,1
73,6,2,stream_band64,45,1,1
73,6,2,stream_band64,57,3667,3667
73,6,2,stream_band64,58,5,5
73,6,2,stream_band64,59,3,3
73,6,2,stream_band64,60,5,5
74,13,3,global,0,2673,2634
74,13,3,byte_class,0,2673,2634
74,13,3,line_bucket,0,2673,2634
74,13,3,class_line,0,2673,2634
74,13,3,prev_byte,10,2673,2634
74,13,3,prev2_hash,88,2673,2634
74,13,3,stream_band16,14,2673,2634
74,13,3,stream_band64,57,2673,2634
75,6,2,global,0,6142,6142
75,6,2,byte_class,1,3,3
75,6,2,byte_class,2,1082,1082
75,6,2,byte_class,3,1,1
75,6,2,byte_class,4,2190,2190
75,6,2,byte_class,5,2768,2768
75,6,2,byte_class,7,98,98
75,6,2,line_bucket,4,404,404
75,6,2,line_bucket,5,5163,5163
75,6,2,line_bucket,6,575,575
75,6,2,class_line,13,3,3
75,6,2,class_line,20,35,35
75,6,2,class_line,21,1001,1001
75,6,2,class_line,22,46,46
75,6,2,class_line,30,1,1
75,6,2,class_line,36,26,26
75,6,2,class_line,37,1923,1923
75,6,2,class_line,38,241,241
75,6,2,class_line,44,343,343
75,6,2,class_line,45,2167,2167
75,6,2,class_line,46,258,258
75,6,2,class_line,61,69,69
75,6,2,class_line,62,29,29
75,6,2,prev_byte,32,3,3
75,6,2,prev_byte,39,2,2
75,6,2,prev_byte,41,93,93
75,6,2,prev_byte,45,1,1
75,6,2,prev_byte,46,2,2
75,6,2,prev_byte,48,126,126
75,6,2,prev_byte,49,250,250
75,6,2,prev_byte,50,191,191
75,6,2,prev_byte,51,174,174
75,6,2,prev_byte,52,76,76
75,6,2,prev_byte,53,62,62
75,6,2,prev_byte,54,47,47
75,6,2,prev_byte,55,62,62
75,6,2,prev_byte,56,50,50
75,6,2,prev_byte,57,44,44
75,6,2,prev_byte,79,1,1
75,6,2,prev_byte,97,211,211
75,6,2,prev_byte,98,30,30
75,6,2,prev_byte,99,30,30
75,6,2,prev_byte,100,80,80
75,6,2,prev_byte,101,177,177
75,6,2,prev_byte,102,8,8
75,6,2,prev_byte,103,62,62
75,6,2,prev_byte,104,34,34
75,6,2,prev_byte,105,65,65
75,6,2,prev_byte,106,4,4
75,6,2,prev_byte,107,52,52
75,6,2,prev_byte,108,138,138
75,6,2,prev_byte,109,76,76
75,6,2,prev_byte,110,122,122
75,6,2,prev_byte,111,65,65
75,6,2,prev_byte,112,26,26
75,6,2,prev_byte,113,2,2
75,6,2,prev_byte,114,184,184
75,6,2,prev_byte,115,199,199
75,6,2,prev_byte,116,95,95
75,6,2,prev_byte,117,26,26
75,6,2,prev_byte,118,35,35
75,6,2,prev_byte,119,18,18
75,6,2,prev_byte,120,373,373
75,6,2,prev_byte,121,64,64
75,6,2,prev_byte,122,14,14
75,6,2,prev_byte,128,26,26
75,6,2,prev_byte,129,40,40
75,6,2,prev_byte,130,27,27
75,6,2,prev_byte,131,25,25
75,6,2,prev_byte,132,23,23
75,6,2,prev_byte,133,29,29
75,6,2,prev_byte,134,19,19
75,6,2,prev_byte,135,21,21
75,6,2,prev_byte,136,32,32
75,6,2,prev_byte,137,154,154
75,6,2,prev_byte,138,23,23
75,6,2,prev_byte,139,40,40
75,6,2,prev_byte,140,15,15
75,6,2,prev_byte,141,16,16
75,6,2,prev_byte,142,20,20
75,6,2,prev_byte,143,23,23
75,6,2,prev_byte,144,38,38
75,6,2,prev_byte,145,29,29
75,6,2,prev_byte,146,25,25
75,6,2,prev_byte,147,30,30
75,6,2,prev_byte,148,79,79
75,6,2,prev_byte,149,138,138
75,6,2,prev_byte,150,25,25
75,6,2,prev_byte,151,40,40
75,6,2,prev_byte,152,41,41
75,6,2,prev_byte,153,25,25
75,6,2,prev_byte,154,24,24
75,6,2,prev_byte,155,37,37
75,6,2,prev_byte,156,32,32
75,6,2,prev_byte,157,30,30
75,6,2,prev_byte,158,20,20
75,6,2,prev_byte,159,16,16
75,6,2,prev_byte,160,36,36
75,6,2,prev_byte,161,34,34
75,6,2,prev_byte,162,39,39
75,6,2,prev_byte,163,28,28
75,6,2,prev_byte,164,18,18
75,6,2,prev_byte,165,19,19
75,6,2,prev_byte,166,33,33
75,6,2,prev_byte,167,34,34
75,6,2,prev_byte,168,28,28
75,6,2,prev_byte,169,29,29
75,6,2,prev_byte,170,24,24
75,6,2,prev_byte,171,28,28
75,6,2,prev_byte,172,46,46
75,6,2,prev_byte,173,18,18
75,6,2,prev_byte,174,26,26
75,6,2,prev_byte,175,45,45
75,6,2,prev_byte,176,39,39
75,6,2,prev_byte,177,47,47
75,6,2,prev_byte,178,46,46
75,6,2,prev_byte,179,40,40
75,6,2,prev_byte,180,16,16
75,6,2,prev_byte,181,27,27
75,6,2,prev_byte,182,21,21
75,6,2,prev_byte,183,24,24
75,6,2,prev_byte,184,30,30
75,6,2,prev_byte,185,48,48
75,6,2,prev_byte,186,34,34
75,6,2,prev_byte,187,36,36
75,6,2,prev_byte,188,64,64
75,6,2,prev_byte,189,46,46
75,6,2,prev_byte,190,56,56
75,6,2,prev_byte,191,23,23
75,6,2,prev_byte,192,35,35
75,6,2,prev_byte,193,27,27
75,6,2,prev_byte,194,24,24
75,6,2,prev_byte,195,46,46
75,6,2,prev_byte,196,28,28
75,6,2,prev_byte,197,23,23
75,6,2,prev_byte,198,38,38
75,6,2,prev_byte,199,36,36
75,6,2,prev_byte,200,23,23
75,6,2,prev_byte,201,41,41
75,6,2,prev_byte,202,43,43
75,6,2,prev_byte,203,25,25
75,6,2,prev_byte,204,43,43
75,6,2,prev_byte,205,26,26
75,6,2,prev_byte,206,29,29
75,6,2,prev_byte,207,37,37
75,6,2,prev2_hash,0,1,1
75,6,2,prev2_hash,1,2,2
75,6,2,prev2_hash,2,1,1
75,6,2,prev2_hash,4,5,5
75,6,2,prev2_hash,5,1,1
75,6,2,prev2_hash,11,3,3
75,6,2,prev2_hash,16,1,1
75,6,2,prev2_hash,17,1,1
75,6,2,prev2_hash,26,1,1
75,6,2,prev2_hash,27,1,1
75,6,2,prev2_hash,28,2,2
75,6,2,prev2_hash,33,1,1
75,6,2,prev2_hash,41,1,1
75,6,2,prev2_hash,43,1,1
75,6,2,prev2_hash,48,1,1
75,6,2,prev2_hash,50,1,1
75,6,2,prev2_hash,63,1,1
75,6,2,prev2_hash,81,35,35
75,6,2,prev2_hash,82,21,21
75,6,2,prev2_hash,83,12,12
75,6,2,prev2_hash,84,7,7
75,6,2,prev2_hash,85,4,4
75,6,2,prev2_hash,86,7,7
75,6,2,prev2_hash,87,6,6
75,6,2,prev2_hash,88,7,7
75,6,2,prev2_hash,89,23,23
75,6,2,prev2_hash,90,6,6
75,6,2,prev2_hash,91,8,8
75,6,2,prev2_hash,92,12,12
75,6,2,prev2_hash,93,18,18
75,6,2,prev2_hash,94,22,22
75,6,2,prev2_hash,95,17,17
75,6,2,prev2_hash,96,47,47
75,6,2,prev2_hash,97,108,108
75,6,2,prev2_hash,98,70,70
75,6,2,prev2_hash,99,72,72
75,6,2,prev2_hash,100,56,56
75,6,2,prev2_hash,101,154,154
75,6,2,prev2_hash,102,48,48
75,6,2,prev2_hash,103,62,62
75,6,2,prev2_hash,104,59,59
75,6,2,prev2_hash,105,54,54
75,6,2,prev2_hash,106,54,54
75,6,2,prev2_hash,107,49,49
75,6,2,prev2_hash,108,51,51
75,6,2,prev2_hash,109,44,44
75,6,2,prev2_hash,110,39,39
75,6,2,prev2_hash,111,43,43
75,6,2,prev2_hash,112,42,42
75,6,2,prev2_hash,113,40,40
75,6,2,prev2_hash,114,41,41
75,6,2,prev2_hash,115,33,33
75,6,2,prev2_hash,116,22,22
75,6,2,prev2_hash,117,19,19
75,6,2,prev2_hash,118,26,26
75,6,2,prev2_hash,119,28,28
75,6,2,prev2_hash,120,34,34
75,6,2,prev2_hash,121,24,24
75,6,2,prev2_hash,122,35,35
75,6,2,prev2_hash,123,26,26
75,6,2,prev2_hash,124,17,17
75,6,2,prev2_hash,125,29,29
75,6,2,prev2_hash,126,24,24
75,6,2,prev2_hash,127,28,28
75,6,2,prev2_hash,128,22,22
75,6,2,prev2_hash,129,19,19
75,6,2,prev2_hash,130,17,17
75,6,2,prev2_hash,131,29,29
75,6,2,prev2_hash,132,21,21
75,6,2,prev2_hash,133,34,34
75,6,2,prev2_hash,134,34,34
75,6,2,prev2_hash,135,70,70
75,6,2,prev2_hash,136,136,136
75,6,2,prev2_hash,137,28,28
75,6,2,prev2_hash,138,30,30
75,6,2,prev2_hash,139,22,22
75,6,2,prev2_hash,140,30,30
75,6,2,prev2_hash,141,33,33
75,6,2,prev2_hash,142,34,34
75,6,2,prev2_hash,143,23,23
75,6,2,prev2_hash,144,25,25
75,6,2,prev2_hash,145,53,53
75,6,2,prev2_hash,146,30,30
75,6,2,prev2_hash,147,37,37
75,6,2,prev2_hash,148,44,44
75,6,2,prev2_hash,149,41,41
75,6,2,prev2_hash,150,41,41
75,6,2,prev2_hash,151,27,27
75,6,2,prev2_hash,152,19,19
75,6,2,prev2_hash,153,40,40
75,6,2,prev2_hash,154,37,37
75,6,2,prev2_hash,155,25,25
75,6,2,prev2_hash,156,32,32
75,6,2,prev2_hash,157,56,56
75,6,2,prev2_hash,158,46,46
75,6,2,prev2_hash,159,35,35
75,6,2,prev2_hash,160,35,35
75,6,2,prev2_hash,161,49,49
75,6,2,prev2_hash,162,29,29
75,6,2,prev2_hash,163,28,28
75,6,2,prev2_hash,164,54,54
75,6,2,prev2_hash,165,35,35
75,6,2,prev2_hash,166,38,38
75,6,2,prev2_hash,167,21,21
75,6,2,prev2_hash,168,37,37
75,6,2,prev2_hash,169,62,62
75,6,2,prev2_hash,170,35,35
75,6,2,prev2_hash,171,26,26
75,6,2,prev2_hash,172,28,28
75,6,2,prev2_hash,173,19,19
75,6,2,prev2_hash,174,31,31
75,6,2,prev2_hash,175,28,28
75,6,2,prev2_hash,176,20,20
75,6,2,prev2_hash,177,36,36
75,6,2,prev2_hash,178,27,27
75,6,2,prev2_hash,179,13,13
75,6,2,prev2_hash,180,10,10
75,6,2,prev2_hash,181,21,21
75,6,2,prev2_hash,182,7,7
75,6,2,prev2_hash,183,16,16
75,6,2,prev2_hash,184,16,16
75,6,2,prev2_hash,185,131,131
75,6,2,prev2_hash,186,4,4
75,6,2,prev2_hash,187,7,7
75,6,2,prev2_hash,188,6,6
75,6,2,prev2_hash,189,14,14
75,6,2,prev2_hash,190,38,38
75,6,2,prev2_hash,191,2,2
75,6,2,prev2_hash,192,4,4
75,6,2,prev2_hash,193,6,6
75,6,2,prev2_hash,194,38,38
75,6,2,prev2_hash,195,11,11
75,6,2,prev2_hash,196,15,15
75,6,2,prev2_hash,197,27,27
75,6,2,prev2_hash,198,24,24
75,6,2,prev2_hash,199,11,11
75,6,2,prev2_hash,200,33,33
75,6,2,prev2_hash,201,30,30
75,6,2,prev2_hash,202,49,49
75,6,2,prev2_hash,203,24,24
75,6,2,prev2_hash,204,36,36
75,6,2,prev2_hash,205,65,65
75,6,2,prev2_hash,206,35,35
75,6,2,prev2_hash,207,52,52
75,6,2,prev2_hash,208,92,92
75,6,2,prev2_hash,209,54,54
75,6,2,prev2_hash,210,47,47
75,6,2,prev2_hash,211,99,99
75,6,2,prev2_hash,212,41,41
75,6,2,prev2_hash,213,66,66
75,6,2,prev2_hash,214,40,40
75,6,2,prev2_hash,215,185,185
75,6,2,prev2_hash,216,89,89
75,6,2,prev2_hash,217,62,62
75,6,2,prev2_hash,218,43,43
75,6,2,prev2_hash,219,45,45
75,6,2,prev2_hash,220,83,83
75,6,2,prev2_hash,221,77,77
75,6,2,prev2_hash,222,31,31
75,6,2,prev2_hash,223,30,30
75,6,2,prev2_hash,224,64,64
75,6,2,prev2_hash,225,401,401
75,6,2,prev2_hash,226,44,44
75,6,2,prev2_hash,227,30,30
75,6,2,prev2_hash,228,12,12
75,6,2,prev2_hash,229,38,38
75,6,2,prev2_hash,230,29,29
75,6,2,prev2_hash,231,46,46
75,6,2,prev2_hash,232,29,29
75,6,2,prev2_hash,233,14,14
75,6,2,prev2_hash,234,7,7
75,6,2,prev2_hash,235,15,15
75,6,2,prev2_hash,236,8,8
75,6,2,prev2_hash,237,4,4
75,6,2,prev2_hash,238,8,8
75,6,2,prev2_hash,239,7,7
75,6,2,prev2_hash,240,6,6
75,6,2,prev2_hash,241,4,4
75,6,2,prev2_hash,243,2,2
75,6,2,prev2_hash,244,3,3
75,6,2,prev2_hash,245,3,3
75,6,2,prev2_hash,247,3,3
75,6,2,prev2_hash,248,3,3
75,6,2,prev2_hash,249,3,3
75,6,2,prev2_hash,251,4,4
75,6,2,prev2_hash,252,2,2
75,6,2,prev2_hash,254,4,4
75,6,2,prev2_hash,255,4,4
75,6,2,stream_band16,14,6140,6140
75,6,2,stream_band16,15,2,2
75,6,2,stream_band64,57,6140,6140
75,6,2,stream_band64,60,2,2
76,6,2,global,0,7684,6017
76,6,2,byte_class,0,13,4
76,6,2,byte_class,1,6367,5941
76,6,2,byte_class,3,40,12
76,6,2,byte_class,6,41,11
76,6,2,byte_class,7,1223,49
76,6,2,line_bucket,0,13,4
76,6,2,line_bucket,1,28,0
76,6,2,line_bucket,2,21,0
76,6,2,line_bucket,3,32,0
76,6,2,line_bucket,4,897,18
76,6,2,line_bucket,5,6279,5876
76,6,2,line_bucket,6,414,119
76,6,2,class_line,0,13,4
76,6,2,class_line,10,14,0
76,6,2,class_line,11,15,0
76,6,2,class_line,12,77,18
76,6,2,class_line,13,5966,5874
76,6,2,class_line,14,295,49
76,6,2,class_line,25,10,0
76,6,2,class_line,26,2,0
76,6,2,class_line,27,2,0
76,6,2,class_line,28,3,0
76,6,2,class_line,30,23,12
76,6,2,class_line,49,18,0
76,6,2,class_line,50,2,0
76,6,2,class_line,54,21,11
76,6,2,class_line,58,3,0
76,6,2,class_line,59,15,0
76,6,2,class_line,60,817,0
76,6,2,class_line,61,313,2
76,6,2,class_line,62,75,47
76,6,2,prev_byte,10,13,4
76,6,2,prev_byte,32,6367,5941
76,6,2,prev_byte,33,5,3
76,6,2,prev_byte,34,4,0
76,6,2,prev_byte,39,38,5
76,6,2,prev_byte,40,1163,28
76,6,2,prev_byte,42,20,0
76,6,2,prev_byte,43,1,1
76,6,2,prev_byte,44,5,5
76,6,2,prev_byte,46,6,6
76,6,2,prev_byte,47,7,7
76,6,2,prev_byte,74,10,0
76,6,2,prev_byte,77,4,0
76,6,2,prev_byte,78,22,9
76,6,2,prev_byte,81,3,2
76,6,2,prev_byte,82,1,1
76,6,2,prev_byte,92,1,1
76,6,2,prev_byte,93,14,4
76,6,2,prev2_hash,20,3,0
76,6,2,prev2_hash,22,5,2
76,6,2,prev2_hash,51,1,0
76,6,2,prev2_hash,52,18,0
76,6,2,prev2_hash,64,2,0
76,6,2,prev2_hash,66,3,0
76,6,2,prev2_hash,70,1,1
76,6,2,prev2_hash,71,7,3
76,6,2,prev2_hash,72,1161,26
76,6,2,prev2_hash,73,2,2
76,6,2,prev2_hash,74,12,0
76,6,2,prev2_hash,76,11,2
76,6,2,prev2_hash,77,12,1
76,6,2,prev2_hash,78,55,13
76,6,2,prev2_hash,84,16,2
76,6,2,prev2_hash,88,1,0
76,6,2,prev2_hash,92,1,1
76,6,2,prev2_hash,106,31,0
76,6,2,prev2_hash,107,3,0
76,6,2,prev2_hash,112,12,5
76,6,2,prev2_hash,113,39,14
76,6,2,prev2_hash,124,1,1
76,6,2,prev2_hash,125,90,23
76,6,2,prev2_hash,126,1,1
76,6,2,prev2_hash,136,1,1
76,6,2,prev2_hash,137,5,5
76,6,2,prev2_hash,139,6,5
76,6,2,prev2_hash,140,7,7
76,6,2,prev2_hash,150,3,3
76,6,2,prev2_hash,153,1,1
76,6,2,prev2_hash,154,4,0
76,6,2,prev2_hash,157,1,1
76,6,2,prev2_hash,162,1,0
76,6,2,prev2_hash,163,1,0
76,6,2,prev2_hash,165,1,0
76,6,2,prev2_hash,168,6,3
76,6,2,prev2_hash,170,2,0
76,6,2,prev2_hash,171,5,2
76,6,2,prev2_hash,172,13,0
76,6,2,prev2_hash,174,3,2
76,6,2,prev2_hash,176,8,6
76,6,2,prev2_hash,180,28,0
76,6,2,prev2_hash,183,1,1
76,6,2,prev2_hash,184,4,0
76,6,2,prev2_hash,185,2,0
76,6,2,prev2_hash,186,5,0
76,6,2,prev2_hash,187,2,0
76,6,2,prev2_hash,189,1,0
76,6,2,prev2_hash,190,2,0
76,6,2,prev2_hash,191,13,0
76,6,2,prev2_hash,192,14,0
76,6,2,prev2_hash,195,1,1
76,6,2,prev2_hash,196,1,0
76,6,2,prev2_hash,198,15,0
76,6,2,prev2_hash,199,4,1
76,6,2,prev2_hash,202,2,0
76,6,2,prev2_hash,204,2,0
76,6,2,prev2_hash,206,1,0
76,6,2,prev2_hash,207,22,0
76,6,2,prev2_hash,208,11,1
76,6,2,prev2_hash,209,13,1
76,6,2,prev2_hash,210,3,0
76,6,2,prev2_hash,211,15,0
76,6,2,prev2_hash,212,1,1
76,6,2,prev2_hash,214,5881,5876
76,6,2,prev2_hash,215,7,0
76,6,2,prev2_hash,216,2,0
76,6,2,prev2_hash,217,1,0
76,6,2,prev2_hash,218,1,0
76,6,2,prev2_hash,220,1,0
76,6,2,prev2_hash,221,1,0
76,6,2,prev2_hash,222,1,0
76,6,2,prev2_hash,224,2,0
76,6,2,prev2_hash,225,4,0
76,6,2,prev2_hash,226,45,1
76,6,2,prev2_hash,227,1,0
76,6,2,prev2_hash,228,3,0
76,6,2,prev2_hash,229,3,0
76,6,2,prev2_hash,230,3,0
76,6,2,prev2_hash,235,1,0
76,6,2,prev2_hash,236,6,0
76,6,2,prev2_hash,237,1,0
76,6,2,prev2_hash,247,1,1
76,6,2,stream_band16,0,342,338
76,6,2,stream_band16,1,642,640
76,6,2,stream_band16,2,459,406
76,6,2,stream_band16,3,280,269
76,6,2,stream_band16,4,269,266
76,6,2,stream_band16,5,443,424
76,6,2,stream_band16,6,300,299
76,6,2,stream_band16,7,376,368
76,6,2,stream_band16,8,296,290
76,6,2,stream_band16,9,281,278
76,6,2,stream_band16,10,380,379
76,6,2,stream_band16,11,254,246
76,6,2,stream_band16,12,435,433
76,6,2,stream_band16,13,445,441
76,6,2,stream_band16,14,2309,817
76,6,2,stream_band16,15,173,123
76,6,2,stream_band64,0,138,136
76,6,2,stream_band64,1,58,58
76,6,2,stream_band64,2,60,59
76,6,2,stream_band64,3,86,85
76,6,2,stream_band64,4,149,149
76,6,2,stream_band64,5,150,149
76,6,2,stream_band64,6,161,161
76,6,2,stream_band64,7,182,181
76,6,2,stream_band64,8,135,129
76,6,2,stream_band64,9,94,94
76,6,2,stream_band64,10,123,97
76,6,2,stream_band64,11,107,86
76,6,2,stream_band64,12,72,71
76,6,2,stream_band64,13,113,105
76,6,2,stream_band64,14,44,42
76,6,2,stream_band64,15,51,51
76,6,2,stream_band64,16,47,46
76,6,2,stream_band64,17,96,95
76,6,2,stream_band64,18,61,60
76,6,2,stream_band64,19,65,65
76,6,2,stream_band64,20,105,90
76,6,2,stream_band64,21,111,110
76,6,2,stream_band64,22,115,113
76,6,2,stream_band64,23,112,111
76,6,2,stream_band64,24,86,86
76,6,2,stream_band64,25,74,73
76,6,2,stream_band64,26,60,60
76,6,2,stream_band64,27,80,80
76,6,2,stream_band64,28,116,113
76,6,2,stream_band64,29,56,55
76,6,2,stream_band64,30,92,90
76,6,2,stream_band64,31,112,110
76,6,2,stream_band64,32,86,86
76,6,2,stream_band64,33,75,75
76,6,2,stream_band64,34,49,49
76,6,2,stream_band64,35,86,80
76,6,2,stream_band64,36,57,57
76,6,2,stream_band64,37,70,68
76,6,2,stream_band64,38,63,62
76,6,2,stream_band64,39,91,91
76,6,2,stream_band64,40,115,115
76,6,2,stream_band64,41,111,110
76,6,2,stream_band64,42,116,116
76,6,2,stream_band64,43,38,38
76,6,2,stream_band64,44,92,92
76,6,2,stream_band64,45,48,48
76,6,2,stream_band64,46,64,58
76,6,2,stream_band64,47,50,48
76,6,2,stream_band64,48,64,63
76,6,2,stream_band64,49,88,88
76,6,2,stream_band64,50,142,142
76,6,2,stream_band64,51,141,140
76,6,2,stream_band64,52,92,91
76,6,2,stream_band64,53,129,128
76,6,2,stream_band64,54,104,104
76,6,2,stream_band64,55,120,118
76,6,2,stream_band64,56,131,131
76,6,2,stream_band64,57,177,176
76,6,2,stream_band64,58,1190,282
76,6,2,stream_band64,59,811,228
76,6,2,stream_band64,60,156,116
76,6,2,stream_band64,63,17,7
77,15,1,global,0,3535,2478
77,15,1,byte_class,0,3535,2478
77,15,1,line_bucket,0,3535,2478
77,15,1,class_line,0,3535,2478
77,15,1,prev_byte,10,3535,2478
77,15,1,prev2_hash,88,3535,2478
77,15,1,stream_band16,0,22,0
77,15,1,stream_band16,1,44,0
77,15,1,stream_band16,2,87,0
77,15,1,stream_band16,3,65,1
77,15,1,stream_band16,4,33,0
77,15,1,stream_band16,5,72,0
77,15,1,stream_band16,6,34,0
77,15,1,stream_band16,7,37,0
77,15,1,stream_band16,8,32,1
77,15,1,stream_band16,9,34,7
77,15,1,stream_band16,10,60,30
77,15,1,stream_band16,11,43,14
77,15,1,stream_band16,12,691,504
77,15,1,stream_band16,13,2070,1828
77,15,1,stream_band16,14,211,93
77,15,1,stream_band64,0,2,0
77,15,1,stream_band64,1,12,0
77,15,1,stream_band64,2,5,0
77,15,1,stream_band64,3,3,0
77,15,1,stream_band64,4,6,0
77,15,1,stream_band64,5,13,0
77,15,1,stream_band64,6,15,0
77,15,1,stream_band64,7,10,0
77,15,1,stream_band64,8,15,0
77,15,1,stream_band64,9,30,0
77,15,1,stream_band64,10,32,0
77,15,1,stream_band64,11,10,0
77,15,1,stream_band64,12,36,0
77,15,1,stream_band64,13,10,0
77,15,1,stream_band64,14,15,1
77,15,1,stream_band64,15,4,0
77,15,1,stream_band64,16,9,0
77,15,1,stream_band64,17,1,0
77,15,1,stream_band64,18,11,0
77,15,1,stream_band64,19,12,0
77,15,1,stream_band64,20,12,0
77,15,1,stream_band64,21,23,0
77,15,1,stream_band64,22,18,0
77,15,1,stream_band64,23,19,0
77,15,1,stream_band64,24,8,0
77,15,1,stream_band64,25,8,0
77,15,1,stream_band64,26,13,0
77,15,1,stream_band64,27,5,0
77,15,1,stream_band64,28,9,0
77,15,1,stream_band64,29,8,0
77,15,1,stream_band64,30,4,0
77,15,1,stream_band64,31,16,0
77,15,1,stream_band64,32,9,1
77,15,1,stream_band64,33,9,0
77,15,1,stream_band64,34,10,0
77,15,1,stream_band64,35,4,0
77,15,1,stream_band64,36,1,0
77,15,1,stream_band64,37,11,4
77,15,1,stream_band64,38,9,2
77,15,1,stream_band64,39,13,1
77,15,1,stream_band64,40,21,7
77,15,1,stream_band64,41,11,7
77,15,1,stream_band64,42,18,12
77,15,1,stream_band64,43,10,4
77,15,1,stream_band64,44,9,5
77,15,1,stream_band64,45,22,9
77,15,1,stream_band64,46,4,0
77,15,1,stream_band64,47,8,0
77,15,1,stream_band64,48,58,40
77,15,1,stream_band64,49,150,103
77,15,1,stream_band64,50,134,61
77,15,1,stream_band64,51,349,300
77,15,1,stream_band64,52,222,173
77,15,1,stream_band64,53,896,832
77,15,1,stream_band64,54,781,701
77,15,1,stream_band64,55,171,122
77,15,1,stream_band64,56,169,78
77,15,1,stream_band64,57,31,13
77,15,1,stream_band64,58,6,2
77,15,1,stream_band64,59,5,0
78,10,2,global,0,4607,3433
78,10,2,byte_class,0,4607,3433
78,10,2,line_bucket,0,4607,3433
78,10,2,class_line,0,4607,3433
78,10,2,prev_byte,10,4607,3433
78,10,2,prev2_hash,88,4607,3433
78,10,2,stream_band16,0,134,116
78,10,2,stream_band16,1,159,144
78,10,2,stream_band16,2,127,98
78,10,2,stream_band16,3,143,109
78,10,2,stream_band16,4,160,147
78,10,2,stream_band16,5,273,237
78,10,2,stream_band16,6,175,151
78,10,2,stream_band16,7,556,477
78,10,2,stream_band16,8,435,144
78,10,2,stream_band16,9,315,160
78,10,2,stream_band16,10,349,323
78,10,2,stream_band16,11,251,220
78,10,2,stream_band16,12,71,61
78,10,2,stream_band16,13,12,0
78,10,2,stream_band16,14,601,397
78,10,2,stream_band16,15,846,649
78,10,2,stream_band64,0,19,12
78,10,2,stream_band64,1,31,27
78,10,2,stream_band64,2,41,34
78,10,2,stream_band64,3,43,43
78,10,2,stream_band64,4,33,31
78,10,2,stream_band64,5,35,31
78,10,2,stream_band64,6,59,54
78,10,2,stream_band64,7,32,28
78,10,2,stream_band64,8,18,15
78,10,2,stream_band64,9,27,23
78,10,2,stream_band64,10,58,45
78,10,2,stream_band64,11,24,15
78,10,2,stream_band64,12,29,16
78,10,2,stream_band64,13,37,35
78,10,2,stream_band64,14,33,16
78,10,2,stream_band64,15,44,42
78,10,2,stream_band64,16,53,52
78,10,2,stream_band64,17,13,12
78,10,2,stream_band64,18,28,19
78,10,2,stream_band64,19,66,64
78,10,2,stream_band64,20,75,72
78,10,2,stream_band64,21,57,53
78,10,2,stream_band64,22,55,41
78,10,2,stream_band64,23,86,71
78,10,2,stream_band64,24,79,76
78,10,2,stream_band64,25,39,28
78,10,2,stream_band64,26,30,21
78,10,2,stream_band64,27,27,26
78,10,2,stream_band64,28,341,318
78,10,2,stream_band64,29,41,34
78,10,2,stream_band64,30,50,46
78,10,2,stream_band64,31,124,79
78,10,2,stream_band64,32,38,27
78,10,2,stream_band64,33,52,31
78,10,2,stream_band64,34,99,62
78,10,2,stream_band64,35,246,24
78,10,2,stream_band64,36,162,68
78,10,2,stream_band64,37,81,31
78,10,2,stream_band64,38,42,36
78,10,2,stream_band64,39,30,25
78,10,2,stream_band64,40,55,49
78,10,2,stream_band64,41,128,113
78,10,2,stream_band64,42,102,99
78,10,2,stream_band64,43,64,62
78,10,2,stream_band64,44,73,62
78,10,2,stream_band64,45,99,98
78,10,2,stream_band64,46,55,36
78,10,2,stream_band64,47,24,24
78,10,2,stream_band64,48,61,61
78,10,2,stream_band64,49,4,0
78,10,2,stream_band64,50,3,0
78,10,2,stream_band64,51,3,0
78,10,2,stream_band64,52,2,0
78,10,2,stream_band64,53,3,0
78,10,2,stream_band64,54,3,0
78,10,2,stream_band64,55,4,0
78,10,2,stream_band64,56,5,0
78,10,2,stream_band64,57,5,1
78,10,2,stream_band64,58,55,8
78,10,2,stream_band64,59,536,388
78,10,2,stream_band64,60,846,649
79,29,3,global,0,2020,1111
79,29,3,byte_class,0,2020,1111
79,29,3,line_bucket,0,2020,1111
79,29,3,class_line,0,2020,1111
79,29,3,prev_byte,10,2020,1111
79,29,3,prev2_hash,88,2020,1111
79,29,3,stream_band16,14,1081,694
79,29,3,stream_band16,15,939,417
79,29,3,stream_band64,59,1081,694
79,29,3,stream_band64,60,939,417
80,11,1,global,0,1209,1111
80,11,1,byte_class,0,1209,1111
80,11,1,line_bucket,0,1209,1111
80,11,1,class_line,0,1209,1111
80,11,1,prev_byte,10,1209,1111
80,11,1,prev2_hash,88,1209,1111
80,11,1,stream_band16,0,16,12
80,11,1,stream_band16,1,46,38
80,11,1,stream_band16,2,45,37
80,11,1,stream_band16,3,28,21
80,11,1,stream_band16,4,21,16
80,11,1,stream_band16,5,31,23
80,11,1,stream_band16,6,25,18
80,11,1,stream_band16,7,18,14
80,11,1,stream_band16,8,25,16
80,11,1,stream_band16,9,18,15
80,11,1,stream_band16,10,31,25
80,11,1,stream_band16,11,46,41
80,11,1,stream_band16,12,17,12
80,11,1,stream_band16,13,50,49
80,11,1,stream_band16,14,508,492
80,11,1,stream_band16,15,284,282
80,11,1,stream_band64,1,5,5
80,11,1,stream_band64,2,5,2
80,11,1,stream_band64,3,6,5
80,11,1,stream_band64,4,14,11
80,11,1,stream_band64,5,13,12
80,11,1,stream_band64,6,8,7
80,11,1,stream_band64,7,11,8
80,11,1,stream_band64,8,10,8
80,11,1,stream_band64,9,9,8
80,11,1,stream_band64,10,17,14
80,11,1,stream_band64,11,9,7
80,11,1,stream_band64,12,10,6
80,11,1,stream_band64,13,13,12
80,11,1,stream_band64,14,3,1
80,11,1,stream_band64,15,2,2
80,11,1,stream_band64,16,4,2
80,11,1,stream_band64,17,2,2
80,11,1,stream_band64,18,8,7
80,11,1,stream_band64,19,7,5
80,11,1,stream_band64,20,4,2
80,11,1,stream_band64,21,14,11
80,11,1,stream_band64,22,9,7
80,11,1,stream_band64,23,4,3
80,11,1,stream_band64,24,12,7
80,11,1,stream_band64,25,5,5
80,11,1,stream_band64,26,3,2
80,11,1,stream_band64,27,5,4
80,11,1,stream_band64,28,3,2
80,11,1,stream_band64,29,8,6
80,11,1,stream_band64,30,1,1
80,11,1,stream_band64,31,6,5
80,11,1,stream_band64,32,7,2
80,11,1,stream_band64,33,4,2
80,11,1,stream_band64,34,8,8
80,11,1,stream_band64,35,6,4
80,11,1,stream_band64,36,5,4
80,11,1,stream_band64,37,6,6
80,11,1,stream_band64,38,3,3
80,11,1,stream_band64,39,4,2
80,11,1,stream_band64,40,8,6
80,11,1,stream_band64,41,5,5
80,11,1,stream_band64,42,8,6
80,11,1,stream_band64,43,10,8
80,11,1,stream_band64,44,32,29
80,11,1,stream_band64,45,8,8
80,11,1,stream_band64,46,5,3
80,11,1,stream_band64,47,1,1
80,11,1,stream_band64,48,7,6
80,11,1,stream_band64,49,3,2
80,11,1,stream_band64,50,5,3
80,11,1,stream_band64,51,2,1
80,11,1,stream_band64,52,4,3
80,11,1,stream_band64,53,4,4
80,11,1,stream_band64,54,7,7
80,11,1,stream_band64,55,35,35
80,11,1,stream_band64,56,11,3
80,11,1,stream_band64,57,85,83
80,11,1,stream_band64,58,63,59
80,11,1,stream_band64,59,349,347
80,11,1,stream_band64,60,284,282
81,6,6,global,0,3802,3313
81,6,6,byte_class,0,3597,3263
81,6,6,byte_class,1,148,0
81,6,6,byte_class,3,57,50
81,6,6,line_bucket,0,3597,3263
81,6,6,line_bucket,1,148,0
81,6,6,line_bucket,2,6,0
81,6,6,line_bucket,4,28,28
81,6,6,line_bucket,5,23,22
81,6,6,class_line,0,3597,3263
81,6,6,class_line,9,148,0
81,6,6,class_line,26,6,0
81,6,6,class_line,28,28,28
81,6,6,class_line,29,23,22
81,6,6,prev_byte,10,3597,3263
81,6,6,prev_byte,32,148,0
81,6,6,prev_byte,80,7,0
81,6,6,prev_byte,81,50,50
81,6,6,prev2_hash,42,208,57
81,6,6,prev2_hash,43,7,0
81,6,6,prev2_hash,44,234,234
81,6,6,prev2_hash,49,32,32
81,6,6,prev2_hash,55,386,332
81,6,6,prev2_hash,56,2,0
81,6,6,prev2_hash,58,284,284
81,6,6,prev2_hash,59,248,245
81,6,6,prev2_hash,60,252,252
81,6,6,prev2_hash,61,215,215
81,6,6,prev2_hash,62,226,226
81,6,6,prev2_hash,63,170,168
81,6,6,prev2_hash,64,194,194
81,6,6,prev2_hash,65,178,178
81,6,6,prev2_hash,66,177,176
81,6,6,prev2_hash,67,146,146
81,6,6,prev2_hash,85,1,1
81,6,6,prev2_hash,88,33,0
81,6,6,prev2_hash,91,33,33
81,6,6,prev2_hash,103,86,44
81,6,6,prev2_hash,107,17,15
81,6,6,prev2_hash,108,2,2
81,6,6,prev2_hash,109,2,2
81,6,6,prev2_hash,110,3,2
81,6,6,prev2_hash,111,1,1
81,6,6,prev2_hash,113,51,51
81,6,6,prev2_hash,114,1,1
81,6,6,prev2_hash,116,4,4
81,6,6,prev2_hash,117,3,3
81,6,6,prev2_hash,118,191,190
81,6,6,prev2_hash,119,2,2
81,6,6,prev2_hash,120,2,2
81,6,6,prev2_hash,121,4,4
81,6,6,prev2_hash,122,1,1
81,6,6,prev2_hash,125,4,2
81,6,6,prev2_hash,126,3,3
81,6,6,prev2_hash,138,87,0
81,6,6,prev2_hash,139,2,0
81,6,6,prev2_hash,140,4,2
81,6,6,prev2_hash,141,1,0
81,6,6,prev2_hash,142,3,0
81,6,6,prev2_hash,143,2,0
81,6,6,prev2_hash,144,6,3
81,6,6,prev2_hash,145,1,0
81,6,6,prev2_hash,146,3,0
81,6,6,prev2_hash,147,1,0
81,6,6,prev2_hash,148,2,0
81,6,6,prev2_hash,149,23,20
81,6,6,prev2_hash,150,4,1
81,6,6,prev2_hash,151,15,9
81,6,6,prev2_hash,152,5,5
81,6,6,prev2_hash,154,8,6
81,6,6,prev2_hash,155,1,1
81,6,6,prev2_hash,156,17,17
81,6,6,prev2_hash,157,6,4
81,6,6,prev2_hash,160,7,0
81,6,6,prev2_hash,161,2,1
81,6,6,prev2_hash,163,1,0
81,6,6,prev2_hash,164,1,0
81,6,6,prev2_hash,165,2,2
81,6,6,prev2_hash,167,4,4
81,6,6,prev2_hash,168,6,6
81,6,6,prev2_hash,169,11,11
81,6,6,prev2_hash,170,1,0
81,6,6,prev2_hash,171,1,0
81,6,6,prev2_hash,173,10,9
81,6,6,prev2_hash,179,2,0
81,6,6,prev2_hash,180,2,1
81,6,6,prev2_hash,181,1,0
81,6,6,prev2_hash,182,3,0
81,6,6,prev2_hash,183,16,15
81,6,6,prev2_hash,185,2,0
81,6,6,prev2_hash,186,1,1
81,6,6,prev2_hash,187,2,0
81,6,6,prev2_hash,188,25,22
81,6,6,prev2_hash,189,5,0
81,6,6,prev2_hash,190,2,0
81,6,6,prev2_hash,191,1,0
81,6,6,prev2_hash,192,1,0
81,6,6,prev2_hash,193,2,0
81,6,6,prev2_hash,194,1,0
81,6,6,prev2_hash,195,2,0
81,6,6,prev2_hash,196,2,2
81,6,6,prev2_hash,197,2,1
81,6,6,prev2_hash,198,1,0
81,6,6,prev2_hash,199,6,0
81,6,6,prev2_hash,200,1,0
81,6,6,prev2_hash,201,1,0
81,6,6,prev2_hash,202,1,0
81,6,6,prev2_hash,204,6,0
81,6,6,prev2_hash,205,31,30
81,6,6,prev2_hash,206,20,20
81,6,6,prev2_hash,207,1,1
81,6,6,prev2_hash,208,1,0
81,6,6,prev2_hash,211,1,0
81,6,6,prev2_hash,215,20,17
81,6,6,stream_band16,1,18,0
81,6,6,stream_band16,2,1,0
81,6,6,stream_band16,5,280,140
81,6,6,stream_band16,7,148,0
81,6,6,stream_band16,9,1,0
81,6,6,stream_band16,11,3354,3173
81,6,6,stream_band64,4,18,0
81,6,6,stream_band64,8,1,0
81,6,6,stream_band64,20,280,140
81,6,6,stream_band64,30,148,0
81,6,6,stream_band64,36,1,0
81,6,6,stream_band64,44,5,0
81,6,6,stream_band64,45,176,0
81,6,6,stream_band64,47,3173,3173
82,6,2,global,0,5506,5506
82,6,2,byte_class,2,3,3
82,6,2,byte_class,4,5141,5141
82,6,2,byte_class,5,346,346
82,6,2,byte_class,7,16,16
82,6,2,line_bucket,3,36,36
82,6,2,line_bucket,4,1670,1670
82,6,2,line_bucket,5,2446,2446
82,6,2,line_bucket,6,1354,1354
82,6,2,class_line,20,1,1
82,6,2,class_line,21,1,1
82,6,2,class_line,22,1,1
82,6,2,class_line,35,35,35
82,6,2,class_line,36,1608,1608
82,6,2,class_line,37,2287,2287
82,6,2,class_line,38,1211,1211
82,6,2,class_line,44,58,58
82,6,2,class_line,45,151,151
82,6,2,class_line,46,137,137
82,6,2,class_line,59,1,1
82,6,2,class_line,60,3,3
82,6,2,class_line,61,7,7
82,6,2,class_line,62,5,5
82,6,2,prev_byte,48,1,1
82,6,2,prev_byte,51,1,1
82,6,2,prev_byte,57,1,1
82,6,2,prev_byte,64,16,16
82,6,2,prev_byte,97,771,771
82,6,2,prev_byte,98,1,1
82,6,2,prev_byte,99,4,4
82,6,2,prev_byte,101,1535,1535
82,6,2,prev_byte,102,2,2
82,6,2,prev_byte,103,19,19
82,6,2,prev_byte,104,27,27
82,6,2,prev_byte,105,620,620
82,6,2,prev_byte,106,16,16
82,6,2,prev_byte,107,1,1
82,6,2,prev_byte,108,22,22
82,6,2,prev_byte,109,16,16
82,6,2,prev_byte,110,107,107
82,6,2,prev_byte,111,1047,1047
82,6,2,prev_byte,112,3,3
82,6,2,prev_byte,114,158,158
82,6,2,prev_byte,115,4,4
82,6,2,prev_byte,116,3,3
82,6,2,prev_byte,117,709,709
82,6,2,prev_byte,118,3,3
82,6,2,prev_byte,119,34,34
82,6,2,prev_byte,121,38,38
82,6,2,prev_byte,122,1,1
82,6,2,prev_byte,129,8,8
82,6,2,prev_byte,131,8,8
82,6,2,prev_byte,133,1,1
82,6,2,prev_byte,135,2,2
82,6,2,prev_byte,136,2,2
82,6,2,prev_byte,140,2,2
82,6,2,prev_byte,141,1,1
82,6,2,prev_byte,145,2,2
82,6,2,prev_byte,149,1,1
82,6,2,prev_byte,150,3,3
82,6,2,prev_byte,155,1,1
82,6,2,prev_byte,160,1,1
82,6,2,prev_byte,161,53,53
82,6,2,prev_byte,162,16,16
82,6,2,prev_byte,163,3,3
82,6,2,prev_byte,164,37,37
82,6,2,prev_byte,165,6,6
82,6,2,prev_byte,166,1,1
82,6,2,prev_byte,167,3,3
82,6,2,prev_byte,169,25,25
82,6,2,prev_byte,170,1,1
82,6,2,prev_byte,171,12,12
82,6,2,prev_byte,173,15,15
82,6,2,prev_byte,174,3,3
82,6,2,prev_byte,175,3,3
82,6,2,prev_byte,177,2,2
82,6,2,prev_byte,178,1,1
82,6,2,prev_byte,179,88,88
82,6,2,prev_byte,180,3,3
82,6,2,prev_byte,182,22,22
82,6,2,prev_byte,185,1,1
82,6,2,prev_byte,186,5,5
82,6,2,prev_byte,187,4,4
82,6,2,prev_byte,188,3,3
82,6,2,prev_byte,191,2,2
82,6,2,prev_byte,196,1,1
82,6,2,prev_byte,198,3,3
82,6,2,prev_byte,199,1,1
82,6,2,prev2_hash,0,1,1
82,6,2,prev2_hash,2,1,1
82,6,2,prev2_hash,4,1,1
82,6,2,prev2_hash,9,1,1
82,6,2,prev2_hash,10,2,2
82,6,2,prev2_hash,14,1,1
82,6,2,prev2_hash,16,1,1
82,6,2,prev2_hash,19,3,3
82,6,2,prev2_hash,22,2,2
82,6,2,prev2_hash,23,1,1
82,6,2,prev2_hash,25,1,1
82,6,2,prev2_hash,28,2,2
82,6,2,prev2_hash,29,3,3
82,6,2,prev2_hash,30,1,1
82,6,2,prev2_hash,31,1,1
82,6,2,prev2_hash,32,1,1
82,6,2,prev2_hash,34,3,3
82,6,2,prev2_hash,37,2,2
82,6,2,prev2_hash,40,12,12
82,6,2,prev2_hash,42,1,1
82,6,2,prev2_hash,44,1,1
82,6,2,prev2_hash,46,1,1
82,6,2,prev2_hash,49,1,1
82,6,2,prev2_hash,60,2,2
82,6,2,prev2_hash,83,1,1
82,6,2,prev2_hash,89,1,1
82,6,2,prev2_hash,94,4,4
82,6,2,prev2_hash,96,7,7
82,6,2,prev2_hash,101,3,3
82,6,2,prev2_hash,105,1,1
82,6,2,prev2_hash,106,3,3
82,6,2,prev2_hash,107,1,1
82,6,2,prev2_hash,110,1,1
82,6,2,prev2_hash,111,5,5
82,6,2,prev2_hash,114,1,1
82,6,2,prev2_hash,115,1,1
82,6,2,prev2_hash,116,3,3
82,6,2,prev2_hash,121,1,1
82,6,2,prev2_hash,122,3,3
82,6,2,prev2_hash,123,2,2
82,6,2,prev2_hash,126,3,3
82,6,2,prev2_hash,127,2,2
82,6,2,prev2_hash,132,1,1
82,6,2,prev2_hash,133,1,1
82,6,2,prev2_hash,138,1,1
82,6,2,prev2_hash,141,7,7
82,6,2,prev2_hash,143,4,4
82,6,2,prev2_hash,145,2,2
82,6,2,prev2_hash,147,1,1
82,6,2,prev2_hash,149,1,1
82,6,2,prev2_hash,157,2,2
82,6,2,prev2_hash,160,1,1
82,6,2,prev2_hash,161,2,2
82,6,2,prev2_hash,162,1,1
82,6,2,prev2_hash,163,1,1
82,6,2,prev2_hash,164,3,3
82,6,2,prev2_hash,165,1,1
82,6,2,prev2_hash,167,1,1
82,6,2,prev2_hash,168,1,1
82,6,2,prev2_hash,169,1,1
82,6,2,prev2_hash,170,1,1
82,6,2,prev2_hash,172,1,1
82,6,2,prev2_hash,173,53,53
82,6,2,prev2_hash,174,15,15
82,6,2,prev2_hash,175,3,3
82,6,2,prev2_hash,176,37,37
82,6,2,prev2_hash,177,6,6
82,6,2,prev2_hash,179,1,1
82,6,2,prev2_hash,180,1,1
82,6,2,prev2_hash,181,25,25
82,6,2,prev2_hash,182,1,1
82,6,2,prev2_hash,183,11,11
82,6,2,prev2_hash,185,15,15
82,6,2,prev2_hash,186,4,4
82,6,2,prev2_hash,187,3,3
82,6,2,prev2_hash,189,2,2
82,6,2,prev2_hash,191,88,88
82,6,2,prev2_hash,192,3,3
82,6,2,prev2_hash,194,45,45
82,6,2,prev2_hash,195,12,12
82,6,2,prev2_hash,196,15,15
82,6,2,prev2_hash,197,13,13
82,6,2,prev2_hash,198,24,24
82,6,2,prev2_hash,199,43,43
82,6,2,prev2_hash,200,64,64
82,6,2,prev2_hash,201,237,237
82,6,2,prev2_hash,202,162,162
82,6,2,prev2_hash,203,44,44
82,6,2,prev2_hash,204,209,209
82,6,2,prev2_hash,205,121,121
82,6,2,prev2_hash,206,368,368
82,6,2,prev2_hash,207,136,136
82,6,2,prev2_hash,208,118,118
82,6,2,prev2_hash,209,162,162
82,6,2,prev2_hash,210,65,65
82,6,2,prev2_hash,211,314,314
82,6,2,prev2_hash,212,86,86
82,6,2,prev2_hash,213,157,157
82,6,2,prev2_hash,214,57,57
82,6,2,prev2_hash,215,256,256
82,6,2,prev2_hash,216,360,360
82,6,2,prev2_hash,217,213,213
82,6,2,prev2_hash,218,35,35
82,6,2,prev2_hash,219,151,151
82,6,2,prev2_hash,220,103,103
82,6,2,prev2_hash,221,101,101
82,6,2,prev2_hash,222,65,65
82,6,2,prev2_hash,223,71,71
82,6,2,prev2_hash,224,9,9
82,6,2,prev2_hash,225,156,156
82,6,2,prev2_hash,226,756,756
82,6,2,prev2_hash,227,200,200
82,6,2,prev2_hash,228,11,11
82,6,2,prev2_hash,229,28,28
82,6,2,prev2_hash,230,24,24
82,6,2,prev2_hash,231,30,30
82,6,2,prev2_hash,232,25,25
82,6,2,prev2_hash,233,32,32
82,6,2,prev2_hash,235,1,1
82,6,2,prev2_hash,236,2,2
82,6,2,prev2_hash,237,4,4
82,6,2,prev2_hash,238,9,9
82,6,2,prev2_hash,239,1,1
82,6,2,prev2_hash,240,9,9
82,6,2,prev2_hash,243,3,3
82,6,2,prev2_hash,244,1,1
82,6,2,prev2_hash,246,4,4
82,6,2,prev2_hash,250,1,1
82,6,2,prev2_hash,251,1,1
82,6,2,prev2_hash,253,1,1
82,6,2,stream_band16,0,18,18
82,6,2,stream_band16,1,17,17
82,6,2,stream_band16,2,5,5
82,6,2,stream_band16,3,11,11
82,6,2,stream_band16,4,43,43
82,6,2,stream_band16,5,6,6
82,6,2,stream_band16,6,35,35
82,6,2,stream_band16,7,17,17
82,6,2,stream_band16,8,23,23
82,6,2,stream_band16,9,22,22
82,6,2,stream_band16,10,5,5
82,6,2,stream_band16,11,17,17
82,6,2,stream_band16,12,11,11
82,6,2,stream_band16,14,484,484
82,6,2,stream_band16,15,4792,4792
82,6,2,stream_band64,1,3,3
82,6,2,stream_band64,2,7,7
82,6,2,stream_band64,3,8,8
82,6,2,stream_band64,5,14,14
82,6,2,stream_band64,6,1,1
82,6,2,stream_band64,7,2,2
82,6,2,stream_band64,8,1,1
82,6,2,stream_band64,9,2,2
82,6,2,stream_band64,10,1,1
82,6,2,stream_band64,11,1,1
82,6,2,stream_band64,13,1,1
82,6,2,stream_band64,14,6,6
82,6,2,stream_band64,15,4,4
82,6,2,stream_band64,16,9,9
82,6,2,stream_band64,17,11,11
82,6,2,stream_band64,18,6,6
82,6,2,stream_band64,19,17,17
82,6,2,stream_band64,20,2,2
82,6,2,stream_band64,21,2,2
82,6,2,stream_band64,22,1,1
82,6,2,stream_band64,23,1,1
82,6,2,stream_band64,24,19,19
82,6,2,stream_band64,25,1,1
82,6,2,stream_band64,26,11,11
82,6,2,stream_band64,27,4,4
82,6,2,stream_band64,28,6,6
82,6,2,stream_band64,30,1,1
82,6,2,stream_band64,31,10,10
82,6,2,stream_band64,32,4,4
82,6,2,stream_band64,33,1,1
82,6,2,stream_band64,34,10,10
82,6,2,stream_band64,35,8,8
82,6,2,stream_band64,36,10,10
82,6,2,stream_band64,37,8,8
82,6,2,stream_band64,38,3,3
82,6,2,stream_band64,39,1,1
82,6,2,stream_band64,40,1,1
82,6,2,stream_band64,41,3,3
82,6,2,stream_band64,43,1,1
82,6,2,stream_band64,44,5,5
82,6,2,stream_band64,45,4,4
82,6,2,stream_band64,46,3,3
82,6,2,stream_band64,47,5,5
82,6,2,stream_band64,48,11,11
82,6,2,stream_band64,57,2,2
82,6,2,stream_band64,58,1,1
82,6,2,stream_band64,59,481,481
82,6,2,stream_band64,60,700,700
82,6,2,stream_band64,62,1389,1389
82,6,2,stream_band64,63,2703,2703
83,6,2,global,0,5461,5461
83,6,2,byte_class,4,5376,5376
83,6,2,byte_class,5,85,85
83,6,2,line_bucket,3,141,141
83,6,2,line_bucket,4,2052,2052
83,6,2,line_bucket,5,1953,1953
83,6,2,line_bucket,6,1315,1315
83,6,2,class_line,35,140,140
83,6,2,class_line,36,2021,2021
83,6,2,class_line,37,1904,1904
83,6,2,class_line,38,1311,1311
83,6,2,class_line,43,1,1
83,6,2,class_line,44,31,31
83,6,2,class_line,45,49,49
83,6,2,class_line,46,4,4
83,6,2,prev_byte,97,100,100
83,6,2,prev_byte,98,121,121
83,6,2,prev_byte,99,191,191
83,6,2,prev_byte,100,296,296
83,6,2,prev_byte,101,103,103
83,6,2,prev_byte,102,19,19
83,6,2,prev_byte,103,192,192
83,6,2,prev_byte,104,135,135
83,6,2,prev_byte,105,801,801
83,6,2,prev_byte,106,201,201
83,6,2,prev_byte,107,291,291
83,6,2,prev_byte,108,413,413
83,6,2,prev_byte,109,211,211
83,6,2,prev_byte,110,654,654
83,6,2,prev_byte,111,52,52
83,6,2,prev_byte,112,85,85
83,6,2,prev_byte,113,2,2
83,6,2,prev_byte,114,433,433
83,6,2,prev_byte,115,197,197
83,6,2,prev_byte,116,383,383
83,6,2,prev_byte,117,57,57
83,6,2,prev_byte,118,142,142
83,6,2,prev_byte,119,109,109
83,6,2,prev_byte,120,5,5
83,6,2,prev_byte,121,93,93
83,6,2,prev_byte,122,90,90
83,6,2,prev_byte,129,2,2
83,6,2,prev_byte,130,1,1
83,6,2,prev_byte,132,1,1
83,6,2,prev_byte,133,5,5
83,6,2,prev_byte,135,1,1
83,6,2,prev_byte,136,2,2
83,6,2,prev_byte,142,1,1
83,6,2,prev_byte,145,1,1
83,6,2,prev_byte,147,1,1
83,6,2,prev_byte,148,1,1
83,6,2,prev_byte,151,1,1
83,6,2,prev_byte,152,1,1
83,6,2,prev_byte,153,2,2
83,6,2,prev_byte,154,1,1
83,6,2,prev_byte,155,4,4
83,6,2,prev_byte,157,2,2
83,6,2,prev_byte,158,1,1
83,6,2,prev_byte,159,2,2
83,6,2,prev_byte,160,1,1
83,6,2,prev_byte,161,5,5
83,6,2,prev_byte,162,3,3
83,6,2,prev_byte,163,2,2
83,6,2,prev_byte,164,2,2
83,6,2,prev_byte,165,2,2
83,6,2,prev_byte,166,3,3
83,6,2,prev_byte,167,1,1
83,6,2,prev_byte,168,2,2
83,6,2,prev_byte,169,3,3
83,6,2,prev_byte,170,2,2
83,6,2,prev_byte,171,1,1
83,6,2,prev_byte,173,2,2
83,6,2,prev_byte,174,1,1
83,6,2,prev_byte,177,1,1
83,6,2,prev_byte,180,2,2
83,6,2,prev_byte,182,1,1
83,6,2,prev_byte,183,2,2
83,6,2,prev_byte,184,1,1
83,6,2,prev_byte,186,2,2
83,6,2,prev_byte,188,1,1
83,6,2,prev_byte,190,1,1
83,6,2,prev_byte,192,1,1
83,6,2,prev_byte,195,2,2
83,6,2,prev_byte,196,2,2
83,6,2,prev_byte,197,1,1
83,6,2,prev_byte,199,2,2
83,6,2,prev_byte,201,1,1
83,6,2,prev_byte,202,3,3
83,6,2,prev_byte,205,2,2
83,6,2,prev2_hash,1,2,2
83,6,2,prev2_hash,2,2,2
83,6,2,prev2_hash,3,1,1
83,6,2,prev2_hash,4,1,1
83,6,2,prev2_hash,5,1,1
83,6,2,prev2_hash,6,2,2
83,6,2,prev2_hash,8,5,5
83,6,2,prev2_hash,9,3,3
83,6,2,prev2_hash,10,3,3
83,6,2,prev2_hash,11,5,5
83,6,2,prev2_hash,12,9,9
83,6,2,prev2_hash,13,3,3
83,6,2,prev2_hash,15,2,2
83,6,2,prev2_hash,16,3,3
83,6,2,prev2_hash,19,2,2
83,6,2,prev2_hash,21,2,2
83,6,2,prev2_hash,22,6,6
83,6,2,prev2_hash,23,4,4
83,6,2,prev2_hash,24,2,2
83,6,2,prev2_hash,26,3,3
83,6,2,prev2_hash,27,4,4
83,6,2,prev2_hash,29,5,5
83,6,2,prev2_hash,30,2,2
83,6,2,prev2_hash,32,5,5
83,6,2,prev2_hash,33,4,4
83,6,2,prev2_hash,34,1,1
83,6,2,prev2_hash,36,6,6
83,6,2,prev2_hash,37,1,1
83,6,2,prev2_hash,39,1,1
83,6,2,prev2_hash,40,3,3
83,6,2,prev2_hash,41,3,3
83,6,2,prev2_hash,42,2,2
83,6,2,prev2_hash,44,3,3
83,6,2,prev2_hash,45,2,2
83,6,2,prev2_hash,48,1,1
83,6,2,prev2_hash,50,1,1
83,6,2,prev2_hash,51,3,3
83,6,2,prev2_hash,52,2,2
83,6,2,prev2_hash,53,2,2
83,6,2,prev2_hash,55,2,2
83,6,2,prev2_hash,85,1,1
83,6,2,prev2_hash,87,1,1
83,6,2,prev2_hash,92,2,2
83,6,2,prev2_hash,102,1,1
83,6,2,prev2_hash,104,5,5
83,6,2,prev2_hash,105,4,4
83,6,2,prev2_hash,106,3,3
83,6,2,prev2_hash,107,5,5
83,6,2,prev2_hash,108,3,3
83,6,2,prev2_hash,109,3,3
83,6,2,prev2_hash,110,1,1
83,6,2,prev2_hash,111,2,2
83,6,2,prev2_hash,112,3,3
83,6,2,prev2_hash,114,5,5
83,6,2,prev2_hash,115,3,3
83,6,2,prev2_hash,116,4,4
83,6,2,prev2_hash,117,2,2
83,6,2,prev2_hash,119,2,2
83,6,2,prev2_hash,120,4,4
83,6,2,prev2_hash,121,1,1
83,6,2,prev2_hash,122,1,1
83,6,2,prev2_hash,123,1,1
83,6,2,prev2_hash,124,3,3
83,6,2,prev2_hash,125,3,3
83,6,2,prev2_hash,126,2,2
83,6,2,prev2_hash,128,1,1
83,6,2,prev2_hash,129,5,5
83,6,2,prev2_hash,131,1,1
83,6,2,prev2_hash,132,4,4
83,6,2,prev2_hash,133,2,2
83,6,2,prev2_hash,134,3,3
83,6,2,prev2_hash,136,4,4
83,6,2,prev2_hash,137,3,3
83,6,2,prev2_hash,138,1,1
83,6,2,prev2_hash,139,3,3
83,6,2,prev2_hash,140,3,3
83,6,2,prev2_hash,141,1,1
83,6,2,prev2_hash,142,3,3
83,6,2,prev2_hash,143,1,1
83,6,2,prev2_hash,144,1,1
83,6,2,prev2_hash,146,3,3
83,6,2,prev2_hash,148,1,1
83,6,2,prev2_hash,149,2,2
83,6,2,prev2_hash,152,1,1
83,6,2,prev2_hash,153,1,1
83,6,2,prev2_hash,154,6,6
83,6,2,prev2_hash,155,2,2
83,6,2,prev2_hash,158,3,3
83,6,2,prev2_hash,159,2,2
83,6,2,prev2_hash,160,3,3
83,6,2,prev2_hash,161,3,3
83,6,2,prev2_hash,162,2,2
83,6,2,prev2_hash,163,1,1
83,6,2,prev2_hash,165,2,2
83,6,2,prev2_hash,166,4,4
83,6,2,prev2_hash,167,5,5
83,6,2,prev2_hash,168,2,2
83,6,2,prev2_hash,170,1,1
83,6,2,prev2_hash,171,4,4
83,6,2,prev2_hash,172,6,6
83,6,2,prev2_hash,173,5,5
83,6,2,prev2_hash,174,3,3
83,6,2,prev2_hash,175,2,2
83,6,2,prev2_hash,176,1,1
83,6,2,prev2_hash,178,7,7
83,6,2,prev2_hash,179,2,2
83,6,2,prev2_hash,180,1,1
83,6,2,prev2_hash,181,4,4
83,6,2,prev2_hash,183,1,1
83,6,2,prev2_hash,184,1,1
83,6,2,prev2_hash,194,2,2
83,6,2,prev2_hash,195,22,22
83,6,2,prev2_hash,196,21,21
83,6,2,prev2_hash,197,70,70
83,6,2,prev2_hash,198,83,83
83,6,2,prev2_hash,199,11,11
83,6,2,prev2_hash,200,39,39
83,6,2,prev2_hash,201,45,45
83,6,2,prev2_hash,202,17,17
83,6,2,prev2_hash,203,86,86
83,6,2,prev2_hash,204,179,179
83,6,2,prev2_hash,205,201,201
83,6,2,prev2_hash,206,166,166
83,6,2,prev2_hash,207,167,167
83,6,2,prev2_hash,208,83,83
83,6,2,prev2_hash,209,115,115
83,6,2,prev2_hash,210,118,118
83,6,2,prev2_hash,211,256,256
83,6,2,prev2_hash,212,118,118
83,6,2,prev2_hash,213,289,289
83,6,2,prev2_hash,214,210,210
83,6,2,prev2_hash,215,386,386
83,6,2,prev2_hash,216,195,195
83,6,2,prev2_hash,217,181,181
83,6,2,prev2_hash,218,70,70
83,6,2,prev2_hash,219,276,276
83,6,2,prev2_hash,220,146,146
83,6,2,prev2_hash,221,173,173
83,6,2,prev2_hash,222,126,126
83,6,2,prev2_hash,223,104,104
83,6,2,prev2_hash,224,191,191
83,6,2,prev2_hash,225,151,151
83,6,2,prev2_hash,226,161,161
83,6,2,prev2_hash,227,87,87
83,6,2,prev2_hash,228,34,34
83,6,2,prev2_hash,229,63,63
83,6,2,prev2_hash,230,144,144
83,6,2,prev2_hash,231,126,126
83,6,2,prev2_hash,232,100,100
83,6,2,prev2_hash,233,31,31
83,6,2,prev2_hash,234,4,4
83,6,2,prev2_hash,235,35,35
83,6,2,prev2_hash,236,19,19
83,6,2,prev2_hash,237,29,29
83,6,2,prev2_hash,238,5,5
83,6,2,prev2_hash,239,12,12
83,6,2,prev2_hash,240,2,2
83,6,2,prev2_hash,242,2,2
83,6,2,prev2_hash,243,2,2
83,6,2,prev2_hash,244,3,3
83,6,2,prev2_hash,248,3,3
83,6,2,prev2_hash,250,3,3
83,6,2,prev2_hash,251,3,3
83,6,2,stream_band16,0,19,19
83,6,2,stream_band16,1,10,10
83,6,2,stream_band16,2,5,5
83,6,2,stream_band16,3,13,13
83,6,2,stream_band16,4,44,44
83,6,2,stream_band16,5,16,16
83,6,2,stream_band16,6,17,17
83,6,2,stream_band16,7,15,15
83,6,2,stream_band16,8,12,12
83,6,2,stream_band16,9,20,20
83,6,2,stream_band16,10,13,13
83,6,2,stream_band16,11,10,10
83,6,2,stream_band16,12,24,24
83,6,2,stream_band16,14,570,570
83,6,2,stream_band16,15,4673,4673
83,6,2,stream_band64,0,2,2
83,6,2,stream_band64,1,1,1
83,6,2,stream_band64,2,9,9
83,6,2,stream_band64,3,7,7
83,6,2,stream_band64,4,7,7
83,6,2,stream_band64,6,2,2
83,6,2,stream_band64,7,1,1
83,6,2,stream_band64,8,1,1
83,6,2,stream_band64,9,1,1
83,6,2,stream_band64,11,3,3
83,6,2,stream_band64,12,2,2
83,6,2,stream_band64,13,2,2
83,6,2,stream_band64,14,2,2
83,6,2,stream_band64,15,7,7
83,6,2,stream_band64,16,12,12
83,6,2,stream_band64,17,23,23
83,6,2,stream_band64,19,9,9
83,6,2,stream_band64,20,10,10
83,6,2,stream_band64,21,2,2
83,6,2,stream_band64,22,3,3
83,6,2,stream_band64,23,1,1
83,6,2,stream_band64,24,5,5
83,6,2,stream_band64,25,4,4
83,6,2,stream_band64,26,3,3
83,6,2,stream_band64,27,5,5
83,6,2,stream_band64,28,5,5
83,6,2,stream_band64,29,1,1
83,6,2,stream_band64,30,6,6
83,6,2,stream_band64,31,3,3
83,6,2,stream_band64,32,5,5
83,6,2,stream_band64,34,2,2
83,6,2,stream_band64,35,5,5
83,6,2,stream_band64,36,12,12
83,6,2,stream_band64,37,8,8
83,6,2,stream_band64,40,2,2
83,6,2,stream_band64,41,11,11
83,6,2,stream_band64,44,2,2
83,6,2,stream_band64,46,5,5
83,6,2,stream_band64,47,3,3
83,6,2,stream_band64,48,24,24
83,6,2,stream_band64,57,6,6
83,6,2,stream_band64,58,2,2
83,6,2,stream_band64,59,562,562
83,6,2,stream_band64,60,571,571
83,6,2,stream_band64,62,1797,1797
83,6,2,stream_band64,63,2305,2305
84,6,2,global,0,5338,5338
84,6,2,byte_class,2,1,1
84,6,2,byte_class,3,1,1
84,6,2,byte_class,4,5159,5159
84,6,2,byte_class,5,149,149
84,6,2,byte_class,7,28,28
84,6,2,line_bucket,3,59,59
84,6,2,line_bucket,4,1772,1772
84,6,2,line_bucket,5,2048,2048
84,6,2,line_bucket,6,1459,1459
84,6,2,class_line,20,1,1
84,6,2,class_line,29,1,1
84,6,2,class_line,35,54,54
84,6,2,class_line,36,1721,1721
84,6,2,class_line,37,1984,1984
84,6,2,class_line,38,1400,1400
84,6,2,class_line,43,4,4
84,6,2,class_line,44,46,46
84,6,2,class_line,45,55,55
84,6,2,class_line,46,44,44
84,6,2,class_line,59,1,1
84,6,2,class_line,60,4,4
84,6,2,class_line,61,8,8
84,6,2,class_line,62,15,15
84,6,2,prev_byte,6,1,1
84,6,2,prev_byte,45,1,1
84,6,2,prev_byte,49,1,1
84,6,2,prev_byte,64,26,26
84,6,2,prev_byte,74,1,1
84,6,2,prev_byte,97,304,304
84,6,2,prev_byte,98,83,83
84,6,2,prev_byte,99,165,165
84,6,2,prev_byte,100,405,405
84,6,2,prev_byte,101,113,113
84,6,2,prev_byte,102,57,57
84,6,2,prev_byte,103,196,196
84,6,2,prev_byte,104,119,119
84,6,2,prev_byte,105,435,435
84,6,2,prev_byte,106,74,74
84,6,2,prev_byte,107,207,207
84,6,2,prev_byte,108,445,445
84,6,2,prev_byte,109,187,187
84,6,2,prev_byte,110,629,629
84,6,2,prev_byte,111,50,50
84,6,2,prev_byte,112,91,91
84,6,2,prev_byte,114,464,464
84,6,2,prev_byte,115,330,330
84,6,2,prev_byte,116,405,405
84,6,2,prev_byte,117,169,169
84,6,2,prev_byte,118,67,67
84,6,2,prev_byte,119,53,53
84,6,2,prev_byte,120,7,7
84,6,2,prev_byte,121,61,61
84,6,2,prev_byte,122,43,43
84,6,2,prev_byte,129,3,3
84,6,2,prev_byte,130,3,3
84,6,2,prev_byte,131,1,1
84,6,2,prev_byte,133,2,2
84,6,2,prev_byte,135,5,5
84,6,2,prev_byte,136,1,1
84,6,2,prev_byte,139,1,1
84,6,2,prev_byte,140,4,4
84,6,2,prev_byte,141,5,5
84,6,2,prev_byte,143,1,1
84,6,2,prev_byte,144,3,3
84,6,2,prev_byte,145,2,2
84,6,2,prev_byte,147,1,1
84,6,2,prev_byte,148,2,2
84,6,2,prev_byte,149,2,2
84,6,2,prev_byte,150,1,1
84,6,2,prev_byte,152,2,2
84,6,2,prev_byte,155,2,2
84,6,2,prev_byte,156,1,1
84,6,2,prev_byte,157,1,1
84,6,2,prev_byte,158,1,1
84,6,2,prev_byte,159,7,7
84,6,2,prev_byte,161,5,5
84,6,2,prev_byte,162,3,3
84,6,2,prev_byte,166,1,1
84,6,2,prev_byte,167,3,3
84,6,2,prev_byte,169,46,46
84,6,2,prev_byte,170,3,3
84,6,2,prev_byte,174,1,1
84,6,2,prev_byte,175,2,2
84,6,2,prev_byte,176,1,1
84,6,2,prev_byte,179,1,1
84,6,2,prev_byte,180,1,1
84,6,2,prev_byte,182,2,2
84,6,2,prev_byte,183,3,3
84,6,2,prev_byte,185,1,1
84,6,2,prev_byte,188,4,4
84,6,2,prev_byte,189,2,2
84,6,2,prev_byte,190,1,1
84,6,2,prev_byte,191,1,1
84,6,2,prev_byte,192,3,3
84,6,2,prev_byte,193,1,1
84,6,2,prev_byte,194,3,3
84,6,2,prev_byte,195,2,2
84,6,2,prev_byte,196,1,1
84,6,2,prev_byte,197,1,1
84,6,2,prev_byte,200,1,1
84,6,2,prev_byte,202,2,2
84,6,2,prev_byte,203,1,1
84,6,2,prev_byte,204,1,1
84,6,2,prev_byte,205,1,1
84,6,2,prev2_hash,5,1,1
84,6,2,prev2_hash,8,3,3
84,6,2,prev2_hash,9,5,5
84,6,2,prev2_hash,11,2,2
84,6,2,prev2_hash,12,3,3
84,6,2,prev2_hash,14,1,1
84,6,2,prev2_hash,15,5,5
84,6,2,prev2_hash,16,7,7
84,6,2,prev2_hash,17,2,2
84,6,2,prev2_hash,19,8,8
84,6,2,prev2_hash,20,4,4
84,6,2,prev2_hash,21,1,1
84,6,2,prev2_hash,22,23,23
84,6,2,prev2_hash,23,3,3
84,6,2,prev2_hash,24,1,1
84,6,2,prev2_hash,26,37,37
84,6,2,prev2_hash,27,5,5
84,6,2,prev2_hash,28,5,5
84,6,2,prev2_hash,30,4,4
84,6,2,prev2_hash,31,2,2
84,6,2,prev2_hash,32,3,3
84,6,2,prev2_hash,33,6,6
84,6,2,prev2_hash,34,9,9
84,6,2,prev2_hash,35,8,8
84,6,2,prev2_hash,36,1,1
84,6,2,prev2_hash,38,2,2
84,6,2,prev2_hash,39,1,1
84,6,2,prev2_hash,40,5,5
84,6,2,prev2_hash,43,1,1
84,6,2,prev2_hash,45,1,1
84,6,2,prev2_hash,46,3,3
84,6,2,prev2_hash,47,1,1
84,6,2,prev2_hash,49,2,2
84,6,2,prev2_hash,50,1,1
84,6,2,prev2_hash,51,2,2
84,6,2,prev2_hash,94,2,2
84,6,2,prev2_hash,96,8,8
84,6,2,prev2_hash,98,1,1
84,6,2,prev2_hash,101,1,1
84,6,2,prev2_hash,102,1,1
84,6,2,prev2_hash,103,1,1
84,6,2,prev2_hash,104,2,2
84,6,2,prev2_hash,106,5,5
84,6,2,prev2_hash,107,45,45
84,6,2,prev2_hash,108,2,2
84,6,2,prev2_hash,109,5,5
84,6,2,prev2_hash,110,3,3
84,6,2,prev2_hash,111,8,8
84,6,2,prev2_hash,112,1,1
84,6,2,prev2_hash,113,1,1
84,6,2,prev2_hash,114,1,1
84,6,2,prev2_hash,115,1,1
84,6,2,prev2_hash,116,1,1
84,6,2,prev2_hash,117,3,3
84,6,2,prev2_hash,118,3,3
84,6,2,prev2_hash,119,2,2
84,6,2,prev2_hash,120,1,1
84,6,2,prev2_hash,121,4,4
84,6,2,prev2_hash,122,4,4
84,6,2,prev2_hash,123,1,1
84,6,2,prev2_hash,124,4,4
84,6,2,prev2_hash,125,3,3
84,6,2,prev2_hash,126,2,2
84,6,2,prev2_hash,127,2,2
84,6,2,prev2_hash,128,3,3
84,6,2,prev2_hash,129,1,1
84,6,2,prev2_hash,130,2,2
84,6,2,prev2_hash,132,43,43
84,6,2,prev2_hash,134,2,2
84,6,2,prev2_hash,135,1,1
84,6,2,prev2_hash,137,1,1
84,6,2,prev2_hash,138,2,2
84,6,2,prev2_hash,139,1,1
84,6,2,prev2_hash,140,8,8
84,6,2,prev2_hash,142,1,1
84,6,2,prev2_hash,143,3,3
84,6,2,prev2_hash,144,1,1
84,6,2,prev2_hash,145,6,6
84,6,2,prev2_hash,147,1,1
84,6,2,prev2_hash,149,4,4
84,6,2,prev2_hash,150,1,1
84,6,2,prev2_hash,152,1,1
84,6,2,prev2_hash,153,6,6
84,6,2,prev2_hash,156,2,2
84,6,2,prev2_hash,157,2,2
84,6,2,prev2_hash,160,3,3
84,6,2,prev2_hash,161,2,2
84,6,2,prev2_hash,162,1,1
84,6,2,prev2_hash,163,19,19
84,6,2,prev2_hash,164,5,5
84,6,2,prev2_hash,165,2,2
84,6,2,prev2_hash,166,3,3
84,6,2,prev2_hash,168,1,1
84,6,2,prev2_hash,169,1,1
84,6,2,prev2_hash,170,1,1
84,6,2,prev2_hash,171,7,7
84,6,2,prev2_hash,172,4,4
84,6,2,prev2_hash,173,19,19
84,6,2,prev2_hash,174,2,2
84,6,2,prev2_hash,175,1,1
84,6,2,prev2_hash,176,1,1
84,6,2,prev2_hash,178,5,5
84,6,2,prev2_hash,179,2,2
84,6,2,prev2_hash,180,1,1
84,6,2,prev2_hash,181,45,45
84,6,2,prev2_hash,182,5,5
84,6,2,prev2_hash,194,2,2
84,6,2,prev2_hash,195,14,14
84,6,2,prev2_hash,196,28,28
84,6,2,prev2_hash,197,227,227
84,6,2,prev2_hash,198,67,67
84,6,2,prev2_hash,199,39,39
84,6,2,prev2_hash,200,60,60
84,6,2,prev2_hash,201,52,52
84,6,2,prev2_hash,202,7,7
84,6,2,prev2_hash,203,130,130
84,6,2,prev2_hash,204,117,117
84,6,2,prev2_hash,205,149,149
84,6,2,prev2_hash,206,86,86
84,6,2,prev2_hash,207,120,120
84,6,2,prev2_hash,208,133,133
84,6,2,prev2_hash,209,115,115
84,6,2,prev2_hash,210,91,91
84,6,2,prev2_hash,211,297,297
84,6,2,prev2_hash,212,130,130
84,6,2,prev2_hash,213,222,222
84,6,2,prev2_hash,214,94,94
84,6,2,prev2_hash,215,306,306
84,6,2,prev2_hash,216,223,223
84,6,2,prev2_hash,217,126,126
84,6,2,prev2_hash,218,63,63
84,6,2,prev2_hash,219,154,154
84,6,2,prev2_hash,220,222,222
84,6,2,prev2_hash,221,259,259
84,6,2,prev2_hash,222,63,63
84,6,2,prev2_hash,223,78,78
84,6,2,prev2_hash,224,179,179
84,6,2,prev2_hash,225,108,108
84,6,2,prev2_hash,226,129,129
84,6,2,prev2_hash,227,59,59
84,6,2,prev2_hash,228,37,37
84,6,2,prev2_hash,229,37,37
84,6,2,prev2_hash,230,273,273
84,6,2,prev2_hash,231,81,81
84,6,2,prev2_hash,232,149,149
84,6,2,prev2_hash,233,16,16
84,6,2,prev2_hash,234,1,1
84,6,2,prev2_hash,235,21,21
84,6,2,prev2_hash,236,15,15
84,6,2,prev2_hash,237,28,28
84,6,2,prev2_hash,238,6,6
84,6,2,prev2_hash,239,6,6
84,6,2,prev2_hash,240,1,1
84,6,2,prev2_hash,242,1,1
84,6,2,prev2_hash,244,1,1
84,6,2,prev2_hash,245,1,1
84,6,2,prev2_hash,247,1,1
84,6,2,prev2_hash,249,1,1
84,6,2,prev2_hash,251,2,2
84,6,2,prev2_hash,252,1,1
84,6,2,prev2_hash,254,2,2
84,6,2,stream_band16,0,92,92
84,6,2,stream_band16,1,31,31
84,6,2,stream_band16,2,5,5
84,6,2,stream_band16,3,9,9
84,6,2,stream_band16,4,30,30
84,6,2,stream_band16,5,14,14
84,6,2,stream_band16,6,42,42
84,6,2,stream_band16,7,23,23
84,6,2,stream_band16,8,42,42
84,6,2,stream_band16,9,18,18
84,6,2,stream_band16,10,12,12
84,6,2,stream_band16,11,30,30
84,6,2,stream_band16,12,11,11
84,6,2,stream_band16,14,567,567
84,6,2,stream_band16,15,4412,4412
84,6,2,stream_band64,0,60,60
84,6,2,stream_band64,1,2,2
84,6,2,stream_band64,2,10,10
84,6,2,stream_band64,3,20,20
84,6,2,stream_band64,4,24,24
84,6,2,stream_band64,5,3,3
84,6,2,stream_band64,6,3,3
84,6,2,stream_band64,7,1,1
84,6,2,stream_band64,8,1,1
84,6,2,stream_band64,10,2,2
84,6,2,stream_band64,11,2,2
84,6,2,stream_band64,12,1,1
84,6,2,stream_band64,13,4,4
84,6,2,stream_band64,14,1,1
84,6,2,stream_band64,15,3,3
84,6,2,stream_band64,16,4,4
84,6,2,stream_band64,17,18,18
84,6,2,stream_band64,19,8,8
84,6,2,stream_band64,20,13,13
84,6,2,stream_band64,21,1,1
84,6,2,stream_band64,24,28,28
84,6,2,stream_band64,25,10,10
84,6,2,stream_band64,26,2,2
84,6,2,stream_band64,27,2,2
84,6,2,stream_band64,28,1,1
84,6,2,stream_band64,29,3,3
84,6,2,stream_band64,30,9,9
84,6,2,stream_band64,31,10,10
84,6,2,stream_band64,33,2,2
84,6,2,stream_band64,34,3,3
84,6,2,stream_band64,35,37,37
84,6,2,stream_band64,36,9,9
84,6,2,stream_band64,37,7,7
84,6,2,stream_band64,39,2,2
84,6,2,stream_band64,40,6,6
84,6,2,stream_band64,41,4,4
84,6,2,stream_band64,42,1,1
84,6,2,stream_band64,43,1,1
84,6,2,stream_band64,44,17,17
84,6,2,stream_band64,45,4,4
84,6,2,stream_band64,46,3,3
84,6,2,stream_band64,47,6,6
84,6,2,stream_band64,48,9,9
84,6,2,stream_band64,49,1,1
84,6,2,stream_band64,51,1,1
84,6,2,stream_band64,57,45,45
84,6,2,stream_band64,58,1,1
84,6,2,stream_band64,59,521,521
84,6,2,stream_band64,60,662,662
84,6,2,stream_band64,62,1815,1815
84,6,2,stream_band64,63,1935,1935
85,13,5,global,0,1017,1017
85,13,5,byte_class,0,1017,1017
85,13,5,line_bucket,0,1017,1017
85,13,5,class_line,0,1017,1017
85,13,5,prev_byte,10,1017,1017
85,13,5,prev2_hash,88,1017,1017
85,13,5,stream_band16,0,1,1
85,13,5,stream_band16,6,1,1
85,13,5,stream_band16,14,626,626
85,13,5,stream_band16,15,389,389
85,13,5,stream_band64,3,1,1
85,13,5,stream_band64,26,1,1
85,13,5,stream_band64,59,626,626
85,13,5,stream_band64,60,389,389
86,6,9,global,0,2669,2346
86,6,9,byte_class,0,2592,2346
86,6,9,byte_class,3,77,0
86,6,9,line_bucket,0,2592,2346
86,6,9,line_bucket,1,77,0
86,6,9,class_line,0,2592,2346
86,6,9,class_line,25,77,0
86,6,9,prev_byte,10,2592,2346
86,6,9,prev_byte,77,77,0
86,6,9,prev2_hash,20,2578,2334
86,6,9,prev2_hash,56,8,8
86,6,9,prev2_hash,87,77,0
86,6,9,prev2_hash,88,2,0
86,6,9,prev2_hash,92,1,1
86,6,9,prev2_hash,103,3,3
86,6,9,stream_band16,3,1,0
86,6,9,stream_band16,5,1,0
86,6,9,stream_band16,7,1,0
86,6,9,stream_band16,8,1,0
86,6,9,stream_band16,9,56,1
86,6,9,stream_band16,10,24,1
86,6,9,stream_band16,11,8,3
86,6,9,stream_band16,12,1396,1336
86,6,9,stream_band16,13,1157,985
86,6,9,stream_band16,14,24,20
86,6,9,stream_band64,13,1,0
86,6,9,stream_band64,20,1,0
86,6,9,stream_band64,28,1,0
86,6,9,stream_band64,32,1,0
86,6,9,stream_band64,37,55,0
86,6,9,stream_band64,39,1,1
86,6,9,stream_band64,40,2,0
86,6,9,stream_band64,41,4,0
86,6,9,stream_band64,42,11,1
86,6,9,stream_band64,43,7,0
86,6,9,stream_band64,44,3,3
86,6,9,stream_band64,45,4,0
86,6,9,stream_band64,46,1,0
86,6,9,stream_band64,48,158,124
86,6,9,stream_band64,49,306,292
86,6,9,stream_band64,50,336,329
86,6,9,stream_band64,51,596,591
86,6,9,stream_band64,52,715,701
86,6,9,stream_band64,53,237,193
86,6,9,stream_band64,54,88,75
86,6,9,stream_band64,55,117,16
86,6,9,stream_band64,56,6,5
86,6,9,stream_band64,57,14,13
86,6,9,stream_band64,58,2,1
86,6,9,stream_band64,59,2,1
87,6,2,global,0,3704,3704
87,6,2,byte_class,5,3056,3056
87,6,2,byte_class,7,648,648
87,6,2,line_bucket,3,98,98
87,6,2,line_bucket,4,1273,1273
87,6,2,line_bucket,5,1410,1410
87,6,2,line_bucket,6,923,923
87,6,2,class_line,43,98,98
87,6,2,class_line,44,1219,1219
87,6,2,class_line,45,1250,1250
87,6,2,class_line,46,489,489
87,6,2,class_line,60,54,54
87,6,2,class_line,61,160,160
87,6,2,class_line,62,434,434
87,6,2,prev_byte,12,648,648
87,6,2,prev_byte,208,25,25
87,6,2,prev_byte,209,16,16
87,6,2,prev_byte,210,13,13
87,6,2,prev_byte,211,25,25
87,6,2,prev_byte,212,32,32
87,6,2,prev_byte,213,9,9
87,6,2,prev_byte,214,17,17
87,6,2,prev_byte,215,33,33
87,6,2,prev_byte,216,13,13
87,6,2,prev_byte,217,12,12
87,6,2,prev_byte,218,8,8
87,6,2,prev_byte,219,9,9
87,6,2,prev_byte,220,16,16
87,6,2,prev_byte,221,31,31
87,6,2,prev_byte,222,11,11
87,6,2,prev_byte,223,16,16
87,6,2,prev_byte,224,32,32
87,6,2,prev_byte,225,20,20
87,6,2,prev_byte,226,38,38
87,6,2,prev_byte,227,33,33
87,6,2,prev_byte,228,12,12
87,6,2,prev_byte,229,28,28
87,6,2,prev_byte,230,16,16
87,6,2,prev_byte,231,22,22
87,6,2,prev_byte,232,8,8
87,6,2,prev_byte,233,25,25
87,6,2,prev_byte,234,20,20
87,6,2,prev_byte,235,40,40
87,6,2,prev_byte,236,27,27
87,6,2,prev_byte,237,17,17
87,6,2,prev_byte,238,36,36
87,6,2,prev_byte,239,33,33
87,6,2,prev_byte,242,9,9
87,6,2,prev_byte,243,3,3
87,6,2,prev_byte,244,4,4
87,6,2,prev_byte,245,1,1
87,6,2,prev_byte,246,1,1
87,6,2,prev_byte,247,34,34
87,6,2,prev_byte,248,29,29
87,6,2,prev_byte,249,5,5
87,6,2,prev_byte,250,1,1
87,6,2,prev_byte,251,20,20
87,6,2,prev_byte,252,118,118
87,6,2,prev_byte,253,1582,1582
87,6,2,prev_byte,254,556,556
87,6,2,prev2_hash,0,1,1
87,6,2,prev2_hash,2,1,1
87,6,2,prev2_hash,3,1,1
87,6,2,prev2_hash,4,2,2
87,6,2,prev2_hash,5,6,6
87,6,2,prev2_hash,7,5,5
87,6,2,prev2_hash,9,3,3
87,6,2,prev2_hash,13,4,4
87,6,2,prev2_hash,15,4,4
87,6,2,prev2_hash,18,2,2
87,6,2,prev2_hash,19,1,1
87,6,2,prev2_hash,22,1,1
87,6,2,prev2_hash,24,24,24
87,6,2,prev2_hash,25,1,1
87,6,2,prev2_hash,26,1,1
87,6,2,prev2_hash,27,16,16
87,6,2,prev2_hash,28,11,11
87,6,2,prev2_hash,29,22,22
87,6,2,prev2_hash,30,553,553
87,6,2,prev2_hash,32,1,1
87,6,2,prev2_hash,34,26,26
87,6,2,prev2_hash,35,2,2
87,6,2,prev2_hash,37,9,9
87,6,2,prev2_hash,38,1,1
87,6,2,prev2_hash,39,4,4
87,6,2,prev2_hash,40,4,4
87,6,2,prev2_hash,41,4,4
87,6,2,prev2_hash,42,9,9
87,6,2,prev2_hash,43,23,23
87,6,2,prev2_hash,45,2,2
87,6,2,prev2_hash,46,2,2
87,6,2,prev2_hash,47,3,3
87,6,2,prev2_hash,50,4,4
87,6,2,prev2_hash,51,2,2
87,6,2,prev2_hash,52,4,4
87,6,2,prev2_hash,53,1,1
87,6,2,prev2_hash,55,34,34
87,6,2,prev2_hash,56,5,5
87,6,2,prev2_hash,57,4,4
87,6,2,prev2_hash,59,4,4
87,6,2,prev2_hash,60,118,118
87,6,2,prev2_hash,61,1582,1582
87,6,2,prev2_hash,62,4,4
87,6,2,prev2_hash,70,1,1
87,6,2,prev2_hash,77,3,3
87,6,2,prev2_hash,92,5,5
87,6,2,prev2_hash,142,3,3
87,6,2,prev2_hash,143,74,74
87,6,2,prev2_hash,145,5,5
87,6,2,prev2_hash,150,26,26
87,6,2,prev2_hash,151,1,1
87,6,2,prev2_hash,152,13,13
87,6,2,prev2_hash,154,1,1
87,6,2,prev2_hash,156,12,12
87,6,2,prev2_hash,157,1,1
87,6,2,prev2_hash,158,1,1
87,6,2,prev2_hash,159,2,2
87,6,2,prev2_hash,160,12,12
87,6,2,prev2_hash,161,2,2
87,6,2,prev2_hash,163,32,32
87,6,2,prev2_hash,165,80,80
87,6,2,prev2_hash,167,4,4
87,6,2,prev2_hash,168,7,7
87,6,2,prev2_hash,169,1,1
87,6,2,prev2_hash,173,236,236
87,6,2,prev2_hash,174,5,5
87,6,2,prev2_hash,175,1,1
87,6,2,prev2_hash,176,13,13
87,6,2,prev2_hash,177,7,7
87,6,2,prev2_hash,178,1,1
87,6,2,prev2_hash,179,1,1
87,6,2,prev2_hash,180,1,1
87,6,2,prev2_hash,182,4,4
87,6,2,prev2_hash,187,3,3
87,6,2,prev2_hash,188,2,2
87,6,2,prev2_hash,190,2,2
87,6,2,prev2_hash,192,9,9
87,6,2,prev2_hash,195,1,1
87,6,2,prev2_hash,196,6,6
87,6,2,prev2_hash,197,1,1
87,6,2,prev2_hash,198,18,18
87,6,2,prev2_hash,199,13,13
87,6,2,prev2_hash,200,4,4
87,6,2,prev2_hash,201,7,7
87,6,2,prev2_hash,202,8,8
87,6,2,prev2_hash,203,5,5
87,6,2,prev2_hash,204,5,5
87,6,2,prev2_hash,205,8,8
87,6,2,prev2_hash,206,28,28
87,6,2,prev2_hash,207,20,20
87,6,2,prev2_hash,208,3,3
87,6,2,prev2_hash,209,12,12
87,6,2,prev2_hash,210,23,23
87,6,2,prev2_hash,211,47,47
87,6,2,prev2_hash,212,18,18
87,6,2,prev2_hash,213,23,23
87,6,2,prev2_hash,214,22,22
87,6,2,prev2_hash,215,8,8
87,6,2,prev2_hash,216,11,11
87,6,2,prev2_hash,217,7,7
87,6,2,prev2_hash,218,11,11
87,6,2,prev2_hash,219,40,40
87,6,2,prev2_hash,220,15,15
87,6,2,prev2_hash,221,14,14
87,6,2,prev2_hash,222,17,17
87,6,2,prev2_hash,223,8,8
87,6,2,prev2_hash,224,6,6
87,6,2,prev2_hash,225,12,12
87,6,2,prev2_hash,226,13,13
87,6,2,prev2_hash,227,76,76
87,6,2,prev2_hash,228,14,14
87,6,2,prev2_hash,229,12,12
87,6,2,prev2_hash,230,33,33
87,6,2,prev2_hash,231,3,3
87,6,2,prev2_hash,232,10,10
87,6,2,prev2_hash,233,9,9
87,6,2,prev2_hash,234,6,6
87,6,2,prev2_hash,235,12,12
87,6,2,prev2_hash,236,13,13
87,6,2,stream_band16,0,532,532
87,6,2,stream_band16,1,9,9
87,6,2,stream_band16,2,8,8
87,6,2,stream_band16,3,15,15
87,6,2,stream_band16,4,17,17
87,6,2,stream_band16,5,27,27
87,6,2,stream_band16,6,25,25
87,6,2,stream_band16,7,11,11
87,6,2,stream_band16,8,19,19
87,6,2,stream_band16,9,23,23
87,6,2,stream_band16,10,17,17
87,6,2,stream_band16,11,30,30
87,6,2,stream_band16,12,9,9
87,6,2,stream_band16,13,3,3
87,6,2,stream_band16,14,1779,1779
87,6,2,stream_band16,15,1180,1180
87,6,2,stream_band64,0,192,192
87,6,2,stream_band64,1,236,236
87,6,2,stream_band64,2,100,100
87,6,2,stream_band64,3,4,4
87,6,2,stream_band64,4,4,4
87,6,2,stream_band64,5,3,3
87,6,2,stream_band64,6,1,1
87,6,2,stream_band64,7,1,1
87,6,2,stream_band64,9,1,1
87,6,2,stream_band64,10,4,4
87,6,2,stream_band64,11,3,3
87,6,2,stream_band64,12,1,1
87,6,2,stream_band64,13,5,5
87,6,2,stream_band64,14,2,2
87,6,2,stream_band64,15,7,7
87,6,2,stream_band64,16,5,5
87,6,2,stream_band64,17,3,3
87,6,2,stream_band64,18,2,2
87,6,2,stream_band64,19,7,7
87,6,2,stream_band64,20,9,9
87,6,2,stream_band64,21,10,10
87,6,2,stream_band64,22,5,5
87,6,2,stream_band64,23,3,3
87,6,2,stream_band64,24,10,10
87,6,2,stream_band64,25,2,2
87,6,2,stream_band64,26,4,4
87,6,2,stream_band64,27,9,9
87,6,2,stream_band64,29,4,4
87,6,2,stream_band64,30,2,2
87,6,2,stream_band64,31,5,5
87,6,2,stream_band64,32,3,3
87,6,2,stream_band64,33,2,2
87,6,2,stream_band64,34,6,6
87,6,2,stream_band64,35,8,8
87,6,2,stream_band64,36,9,9
87,6,2,stream_band64,37,11,11
87,6,2,stream_band64,39,3,3
87,6,2,stream_band64,40,7,7
87,6,2,stream_band64,41,1,1
87,6,2,stream_band64,42,5,5
87,6,2,stream_band64,43,4,4
87,6,2,stream_band64,44,17,17
87,6,2,stream_band64,45,3,3
87,6,2,stream_band64,46,4,4
87,6,2,stream_band64,47,6,6
87,6,2,stream_band64,48,8,8
87,6,2,stream_band64,50,1,1
87,6,2,stream_band64,53,2,2
87,6,2,stream_band64,55,1,1
87,6,2,stream_band64,56,645,645
87,6,2,stream_band64,57,872,872
87,6,2,stream_band64,58,3,3
87,6,2,stream_band64,59,259,259
87,6,2,stream_band64,60,263,263
87,6,2,stream_band64,62,407,407
87,6,2,stream_band64,63,510,510
88,6,6,global,0,13134,1234
88,6,6,byte_class,2,18,4
88,6,6,byte_class,4,1949,374
88,6,6,byte_class,5,11119,849
88,6,6,byte_class,6,28,0
88,6,6,byte_class,7,20,7
88,6,6,line_bucket,3,585,0
88,6,6,line_bucket,4,4384,508
88,6,6,line_bucket,5,2245,660
88,6,6,line_bucket,6,5920,66
88,6,6,class_line,19,1,0
88,6,6,class_line,20,5,0
88,6,6,class_line,21,5,4
88,6,6,class_line,22,7,0
88,6,6,class_line,35,13,0
88,6,6,class_line,36,945,121
88,6,6,class_line,37,323,253
88,6,6,class_line,38,668,0
88,6,6,class_line,43,571,0
88,6,6,class_line,44,3428,387
88,6,6,class_line,45,1901,396
88,6,6,class_line,46,5219,66
88,6,6,class_line,52,5,0
88,6,6,class_line,53,4,0
88,6,6,class_line,54,19,0
88,6,6,class_line,60,1,0
88,6,6,class_line,61,12,7
88,6,6,class_line,62,7,0
88,6,6,prev_byte,39,1,0
88,6,6,prev_byte,41,19,7
88,6,6,prev_byte,48,7,2
88,6,6,prev_byte,49,3,1
88,6,6,prev_byte,50,3,1
88,6,6,prev_byte,51,1,0
88,6,6,prev_byte,52,1,0
88,6,6,prev_byte,53,1,0
88,6,6,prev_byte,54,1,0
88,6,6,prev_byte,55,1,0
88,6,6,prev_byte,93,28,0
88,6,6,prev_byte,97,263,48
88,6,6,prev_byte,100,209,30
88,6,6,prev_byte,101,320,61
88,6,6,prev_byte,102,12,3
88,6,6,prev_byte,103,45,9
88,6,6,prev_byte,104,56,11
88,6,6,prev_byte,105,41,7
88,6,6,prev_byte,107,70,16
88,6,6,prev_byte,108,49,11
88,6,6,prev_byte,109,60,10
88,6,6,prev_byte,110,311,66
88,6,6,prev_byte,111,105,18
88,6,6,prev_byte,112,8,2
88,6,6,prev_byte,114,69,14
88,6,6,prev_byte,115,68,16
88,6,6,prev_byte,116,70,13
88,6,6,prev_byte,117,18,5
88,6,6,prev_byte,118,4,1
88,6,6,prev_byte,119,38,6
88,6,6,prev_byte,121,129,26
88,6,6,prev_byte,122,4,1
88,6,6,prev_byte,128,57,9
88,6,6,prev_byte,129,18,3
88,6,6,prev_byte,130,47,9
88,6,6,prev_byte,131,28,5
88,6,6,prev_byte,132,63,10
88,6,6,prev_byte,133,71,14
88,6,6,prev_byte,134,21,4
88,6,6,prev_byte,135,37,4
88,6,6,prev_byte,136,28,6
88,6,6,prev_byte,137,74,4
88,6,6,prev_byte,138,13,2
88,6,6,prev_byte,139,118,15
88,6,6,prev_byte,140,27,7
88,6,6,prev_byte,141,16,3
88,6,6,prev_byte,142,19,5
88,6,6,prev_byte,143,13,2
88,6,6,prev_byte,144,32,6
88,6,6,prev_byte,145,2805,2
88,6,6,prev_byte,146,97,10
88,6,6,prev_byte,147,43,7
88,6,6,prev_byte,148,427,9
88,6,6,prev_byte,149,35,5
88,6,6,prev_byte,150,57,5
88,6,6,prev_byte,151,33,7
88,6,6,prev_byte,152,40,9
88,6,6,prev_byte,153,16,3
88,6,6,prev_byte,154,57,12
88,6,6,prev_byte,155,21,5
88,6,6,prev_byte,156,77,8
88,6,6,prev_byte,157,8,1
88,6,6,prev_byte,158,41,8
88,6,6,prev_byte,159,19,3
88,6,6,prev_byte,160,20,4
88,6,6,prev_byte,161,19,3
88,6,6,prev_byte,162,13,2
88,6,6,prev_byte,163,273,67
88,6,6,prev_byte,164,64,11
88,6,6,prev_byte,165,12,3
88,6,6,prev_byte,166,35,8
88,6,6,prev_byte,167,61,10
88,6,6,prev_byte,168,10,2
88,6,6,prev_byte,169,20,3
88,6,6,prev_byte,170,33,5
88,6,6,prev_byte,171,16,3
88,6,6,prev_byte,172,28,5
88,6,6,prev_byte,173,20,4
88,6,6,prev_byte,174,6,1
88,6,6,prev_byte,175,37,5
88,6,6,prev_byte,176,490,20
88,6,6,prev_byte,177,25,4
88,6,6,prev_byte,178,72,14
88,6,6,prev_byte,179,41,8
88,6,6,prev_byte,180,32,7
88,6,6,prev_byte,181,30,7
88,6,6,prev_byte,182,8,1
88,6,6,prev_byte,183,24,4
88,6,6,prev_byte,184,37,8
88,6,6,prev_byte,185,24,5
88,6,6,prev_byte,186,33,5
88,6,6,prev_byte,187,13,3
88,6,6,prev_byte,188,66,16
88,6,6,prev_byte,189,96,19
88,6,6,prev_byte,190,29,7
88,6,6,prev_byte,191,38,8
88,6,6,prev_byte,192,10,2
88,6,6,prev_byte,193,25,4
88,6,6,prev_byte,194,23,5
88,6,6,prev_byte,195,32,8
88,6,6,prev_byte,196,10,2
88,6,6,prev_byte,197,95,15
88,6,6,prev_byte,198,4490,296
88,6,6,prev_byte,199,32,6
88,6,6,prev_byte,200,5,1
88,6,6,prev_byte,201,47,8
88,6,6,prev_byte,202,34,6
88,6,6,prev_byte,203,18,4
88,6,6,prev_byte,204,27,5
88,6,6,prev_byte,205,17,3
88,6,6,prev_byte,206,44,5
88,6,6,prev_byte,207,27,5
88,6,6,prev2_hash,8,1,0
88,6,6,prev2_hash,9,1,0
88,6,6,prev2_hash,13,1,0
88,6,6,prev2_hash,20,1,0
88,6,6,prev2_hash,24,1,0
88,6,6,prev2_hash,26,1,0
88,6,6,prev2_hash,29,1,0
88,6,6,prev2_hash,30,1,0
88,6,6,prev2_hash,31,1,0
88,6,6,prev2_hash,35,1,0
88,6,6,prev2_hash,36,1,0
88,6,6,prev2_hash,37,1,0
88,6,6,prev2_hash,75,1,0
88,6,6,prev2_hash,78,1,0
88,6,6,prev2_hash,80,2,0
88,6,6,prev2_hash,81,2,1
88,6,6,prev2_hash,82,2,1
88,6,6,prev2_hash,83,7,1
88,6,6,prev2_hash,85,4,1
88,6,6,prev2_hash,86,4,1
88,6,6,prev2_hash,87,42,8
88,6,6,prev2_hash,89,5,1
88,6,6,prev2_hash,90,32,6
88,6,6,prev2_hash,92,108,13
88,6,6,prev2_hash,94,15,3
88,6,6,prev2_hash,95,10,2
88,6,6,prev2_hash,96,11,2
88,6,6,prev2_hash,97,16,2
88,6,6,prev2_hash,98,16,3
88,6,6,prev2_hash,99,7,2
88,6,6,prev2_hash,100,13,2
88,6,6,prev2_hash,101,22,4
88,6,6,prev2_hash,102,2864,10
88,6,6,prev2_hash,103,28,6
88,6,6,prev2_hash,104,17,3
88,6,6,prev2_hash,105,23,4
88,6,6,prev2_hash,106,67,12
88,6,6,prev2_hash,107,9,2
88,6,6,prev2_hash,108,26,6
88,6,6,prev2_hash,109,28,5
88,6,6,prev2_hash,110,5,1
88,6,6,prev2_hash,111,83,5
88,6,6,prev2_hash,112,345,11
88,6,6,prev2_hash,113,36,5
88,6,6,prev2_hash,114,23,5
88,6,6,prev2_hash,115,26,6
88,6,6,prev2_hash,116,20,4
88,6,6,prev2_hash,117,20,4
88,6,6,prev2_hash,118,21,4
88,6,6,prev2_hash,119,32,6
88,6,6,prev2_hash,120,32,6
88,6,6,prev2_hash,121,121,5
88,6,6,prev2_hash,122,60,9
88,6,6,prev2_hash,123,97,6
88,6,6,prev2_hash,124,37,6
88,6,6,prev2_hash,125,33,6
88,6,6,prev2_hash,126,21,4
88,6,6,prev2_hash,127,33,7
88,6,6,prev2_hash,128,19,4
88,6,6,prev2_hash,129,24,4
88,6,6,prev2_hash,130,19,4
88,6,6,prev2_hash,131,25,4
88,6,6,prev2_hash,132,26,5
88,6,6,prev2_hash,133,20,5
88,6,6,prev2_hash,134,16,3
88,6,6,prev2_hash,135,40,7
88,6,6,prev2_hash,136,14,3
88,6,6,prev2_hash,137,28,5
88,6,6,prev2_hash,138,28,6
88,6,6,prev2_hash,139,11,3
88,6,6,prev2_hash,140,10,2
88,6,6,prev2_hash,141,21,5
88,6,6,prev2_hash,142,393,4
88,6,6,prev2_hash,143,26,5
88,6,6,prev2_hash,144,35,6
88,6,6,prev2_hash,145,9,2
88,6,6,prev2_hash,146,78,14
88,6,6,prev2_hash,147,41,2
88,6,6,prev2_hash,148,47,8
88,6,6,prev2_hash,149,279,66
88,6,6,prev2_hash,150,67,11
88,6,6,prev2_hash,151,27,5
88,6,6,prev2_hash,152,44,8
88,6,6,prev2_hash,153,27,7
88,6,6,prev2_hash,154,28,6
88,6,6,prev2_hash,155,41,8
88,6,6,prev2_hash,156,12,3
88,6,6,prev2_hash,157,24,4
88,6,6,prev2_hash,158,4,1
88,6,6,prev2_hash,159,34,7
88,6,6,prev2_hash,160,37,9
88,6,6,prev2_hash,161,24,5
88,6,6,prev2_hash,162,24,4
88,6,6,prev2_hash,163,31,6
88,6,6,prev2_hash,164,19,4
88,6,6,prev2_hash,165,18,4
88,6,6,prev2_hash,166,35,8
88,6,6,prev2_hash,167,66,16
88,6,6,prev2_hash,168,67,11
88,6,6,prev2_hash,169,50,8
88,6,6,prev2_hash,170,17,3
88,6,6,prev2_hash,171,52,10
88,6,6,prev2_hash,172,31,6
88,6,6,prev2_hash,173,33,5
88,6,6,prev2_hash,174,19,1
88,6,6,prev2_hash,175,43,8
88,6,6,prev2_hash,176,5,1
88,6,6,prev2_hash,177,9,1
88,6,6,prev2_hash,178,16,2
88,6,6,prev2_hash,179,36,4
88,6,6,prev2_hash,180,23,4
88,6,6,prev2_hash,181,8,2
88,6,6,prev2_hash,183,7,2
88,6,6,prev2_hash,184,6,1
88,6,6,prev2_hash,186,6,1
88,6,6,prev2_hash,188,4,1
88,6,6,prev2_hash,190,7,1
88,6,6,prev2_hash,193,1,0
88,6,6,prev2_hash,194,9,2
88,6,6,prev2_hash,195,9,2
88,6,6,prev2_hash,196,47,9
88,6,6,prev2_hash,197,4528,300
88,6,6,prev2_hash,198,20,2
88,6,6,prev2_hash,200,4,1
88,6,6,prev2_hash,201,33,7
88,6,6,prev2_hash,202,23,5
88,6,6,prev2_hash,203,2,0
88,6,6,prev2_hash,204,68,10
88,6,6,prev2_hash,205,25,6
88,6,6,prev2_hash,206,81,19
88,6,6,prev2_hash,207,100,16
88,6,6,prev2_hash,208,68,9
88,6,6,prev2_hash,209,197,37
88,6,6,prev2_hash,210,48,10
88,6,6,prev2_hash,211,158,29
88,6,6,prev2_hash,212,25,6
88,6,6,prev2_hash,213,67,14
88,6,6,prev2_hash,214,83,16
88,6,6,prev2_hash,215,91,22
88,6,6,prev2_hash,216,58,13
88,6,6,prev2_hash,217,81,14
88,6,6,prev2_hash,218,37,8
88,6,6,prev2_hash,219,36,8
88,6,6,prev2_hash,220,98,15
88,6,6,prev2_hash,221,172,36
88,6,6,prev2_hash,222,42,9
88,6,6,prev2_hash,224,25,5
88,6,6,prev2_hash,225,13,3
88,6,6,prev2_hash,226,44,9
88,6,6,prev2_hash,227,46,5
88,6,6,prev2_hash,228,14,3
88,6,6,prev2_hash,229,55,11
88,6,6,prev2_hash,230,21,6
88,6,6,prev2_hash,231,19,4
88,6,6,prev2_hash,232,30,6
88,6,6,prev2_hash,236,4,1
88,6,6,prev2_hash,237,1,0
88,6,6,prev2_hash,241,1,0
88,6,6,prev2_hash,242,1,0
88,6,6,stream_band16,0,64,0
88,6,6,stream_band16,1,43,0
88,6,6,stream_band16,2,34,0
88,6,6,stream_band16,3,37,0
88,6,6,stream_band16,4,133,0
88,6,6,stream_band16,5,85,0
88,6,6,stream_band16,6,76,0
88,6,6,stream_band16,7,248,0
88,6,6,stream_band16,8,30,0
88,6,6,stream_band16,9,26,0
88,6,6,stream_band16,10,370,0
88,6,6,stream_band16,11,256,0
88,6,6,stream_band16,12,288,15
88,6,6,stream_band16,13,7647,992
88,6,6,stream_band16,14,2918,214
88,6,6,stream_band16,15,879,13
88,6,6,stream_band64,0,6,0
88,6,6,stream_band64,1,19,0
88,6,6,stream_band64,2,27,0
88,6,6,stream_band64,3,12,0
88,6,6,stream_band64,4,8,0
88,6,6,stream_band64,5,25,0
88,6,6,stream_band64,6,3,0
88,6,6,stream_band64,7,7,0
88,6,6,stream_band64,8,2,0
88,6,6,stream_band64,9,3,0
88,6,6,stream_band64,10,2,0
88,6,6,stream_band64,11,27,0
88,6,6,stream_band64,12,3,0
88,6,6,stream_band64,13,15,0
88,6,6,stream_band64,14,3,0
88,6,6,stream_band64,15,16,0
88,6,6,stream_band64,16,65,0
88,6,6,stream_band64,17,25,0
88,6,6,stream_band64,18,15,0
88,6,6,stream_band64,19,28,0
88,6,6,stream_band64,20,18,0
88,6,6,stream_band64,21,8,0
88,6,6,stream_band64,22,7,0
88,6,6,stream_band64,23,52,0
88,6,6,stream_band64,24,39,0
88,6,6,stream_band64,25,21,0
88,6,6,stream_band64,26,11,0
88,6,6,stream_band64,27,5,0
88,6,6,stream_band64,28,14,0
88,6,6,stream_band64,29,9,0
88,6,6,stream_band64,30,30,0
88,6,6,stream_band64,31,195,0
88,6,6,stream_band64,32,15,0
88,6,6,stream_band64,33,9,0
88,6,6,stream_band64,34,3,0
88,6,6,stream_band64,35,3,0
88,6,6,stream_band64,36,2,0
88,6,6,stream_band64,37,14,0
88,6,6,stream_band64,38,7,0
88,6,6,stream_band64,39,3,0
88,6,6,stream_band64,40,8,0
88,6,6,stream_band64,41,8,0
88,6,6,stream_band64,42,158,0
88,6,6,stream_band64,43,196,0
88,6,6,stream_band64,44,49,0
88,6,6,stream_band64,45,42,0
88,6,6,stream_band64,46,41,0
88,6,6,stream_band64,47,124,0
88,6,6,stream_band64,48,216,2
88,6,6,stream_band64,49,50,9
88,6,6,stream_band64,50,6,0
88,6,6,stream_band64,51,16,4
88,6,6,stream_band64,52,94,7
88,6,6,stream_band64,53,7372,912
88,6,6,stream_band64,54,26,3
88,6,6,stream_band64,55,155,70
88,6,6,stream_band64,56,2354,207
88,6,6,stream_band64,57,23,0
88,6,6,stream_band64,58,432,3
88,6,6,stream_band64,59,109,4
88,6,6,stream_band64,60,24,13
88,6,6,stream_band64,63,855,0
89,12,4,global,0,2684,2058
89,12,4,byte_class,0,2684,2058
89,12,4,line_bucket,0,2684,2058
89,12,4,class_line,0,2684,2058
89,12,4,prev_byte,10,2684,2058
89,12,4,prev2_hash,88,2684,2058
89,12,4,stream_band16,14,857,706
89,12,4,stream_band16,15,1827,1352
89,12,4,stream_band64,59,857,706
89,12,4,stream_band64,60,1827,1352
90,6,2,global,0,4834,4796
90,6,2,byte_class,0,4807,4772
90,6,2,byte_class,1,2,1
90,6,2,byte_class,3,25,23
90,6,2,line_bucket,0,4807,4772
90,6,2,line_bucket,1,3,3
90,6,2,line_bucket,3,1,1
90,6,2,line_bucket,5,1,0
90,6,2,line_bucket,6,22,20
90,6,2,class_line,0,4807,4772
90,6,2,class_line,9,1,1
90,6,2,class_line,14,1,0
90,6,2,class_line,25,2,2
90,6,2,class_line,27,1,1
90,6,2,class_line,29,1,0
90,6,2,class_line,30,21,20
90,6,2,prev_byte,10,4807,4772
90,6,2,prev_byte,32,2,1
90,6,2,prev_byte,78,1,1
90,6,2,prev_byte,82,24,22
90,6,2,prev2_hash,15,1,1
90,6,2,prev2_hash,19,1,0
90,6,2,prev2_hash,20,83,83
90,6,2,prev2_hash,22,1,1
90,6,2,prev2_hash,42,30,29
90,6,2,prev2_hash,43,1,1
90,6,2,prev2_hash,47,2,2
90,6,2,prev2_hash,49,25,24
90,6,2,prev2_hash,51,13,13
90,6,2,prev2_hash,55,46,46
90,6,2,prev2_hash,56,1,1
90,6,2,prev2_hash,62,2,2
90,6,2,prev2_hash,63,1,1
90,6,2,prev2_hash,64,2,1
90,6,2,prev2_hash,67,1,1
90,6,2,prev2_hash,88,1,1
90,6,2,prev2_hash,92,4587,4555
90,6,2,prev2_hash,103,11,11
90,6,2,prev2_hash,109,1,1
90,6,2,prev2_hash,121,1,1
90,6,2,prev2_hash,130,1,1
90,6,2,prev2_hash,132,1,1
90,6,2,prev2_hash,133,1,0
90,6,2,prev2_hash,134,1,1
90,6,2,prev2_hash,135,1,1
90,6,2,prev2_hash,137,2,2
90,6,2,prev2_hash,138,1,1
90,6,2,prev2_hash,149,1,1
90,6,2,prev2_hash,175,13,12
90,6,2,prev2_hash,204,1,1
90,6,2,stream_band16,0,82,82
90,6,2,stream_band16,1,32,32
90,6,2,stream_band16,2,21,20
90,6,2,stream_band16,3,53,53
90,6,2,stream_band16,4,102,101
90,6,2,stream_band16,5,116,116
90,6,2,stream_band16,6,268,265
90,6,2,stream_band16,7,754,750
90,6,2,stream_band16,8,1531,1517
90,6,2,stream_band16,9,1102,1098
90,6,2,stream_band16,10,285,284
90,6,2,stream_band16,11,433,429
90,6,2,stream_band16,12,37,35
90,6,2,stream_band16,13,6,6
90,6,2,stream_band16,14,3,3
90,6,2,stream_band16,15,9,5
90,6,2,stream_band64,0,23,23
90,6,2,stream_band64,2,10,10
90,6,2,stream_band64,3,49,49
90,6,2,stream_band64,4,1,1
90,6,2,stream_band64,6,10,10
90,6,2,stream_band64,7,21,21
90,6,2,stream_band64,8,12,12
90,6,2,stream_band64,9,6,6
90,6,2,stream_band64,11,3,2
90,6,2,stream_band64,12,4,4
90,6,2,stream_band64,13,3,3
90,6,2,stream_band64,14,37,37
90,6,2,stream_band64,15,9,9
90,6,2,stream_band64,16,47,47
90,6,2,stream_band64,17,27,26
90,6,2,stream_band64,18,15,15
90,6,2,stream_band64,19,13,13
90,6,2,stream_band64,20,89,89
90,6,2,stream_band64,22,15,15
90,6,2,stream_band64,23,12,12
90,6,2,stream_band64,24,46,46
90,6,2,stream_band64,25,159,156
90,6,2,stream_band64,26,15,15
90,6,2,stream_band64,27,48,48
90,6,2,stream_band64,28,137,137
90,6,2,stream_band64,29,11,11
90,6,2,stream_band64,30,6,6
90,6,2,stream_band64,31,600,596
90,6,2,stream_band64,32,169,168
90,6,2,stream_band64,33,187,184
90,6,2,stream_band64,34,548,547
90,6,2,stream_band64,35,627,618
90,6,2,stream_band64,36,774,771
90,6,2,stream_band64,37,243,243
90,6,2,stream_band64,38,73,73
90,6,2,stream_band64,39,12,11
90,6,2,stream_band64,40,185,185
90,6,2,stream_band64,41,10,10
90,6,2,stream_band64,42,4,3
90,6,2,stream_band64,43,86,86
90,6,2,stream_band64,44,7,7
90,6,2,stream_band64,45,6,5
90,6,2,stream_band64,46,193,193
90,6,2,stream_band64,47,227,224
90,6,2,stream_band64,48,37,35
90,6,2,stream_band64,52,1,1
90,6,2,stream_band64,55,5,5
90,6,2,stream_band64,59,3,3
90,6,2,stream_band64,62,3,3
90,6,2,stream_band64,63,6,2
91,6,2,global,0,4854,4786
91,6,2,byte_class,0,4842,4776
91,6,2,byte_class,1,3,3
91,6,2,byte_class,3,7,6
91,6,2,byte_class,7,2,1
91,6,2,line_bucket,0,4842,4776
91,6,2,line_bucket,1,3,3
91,6,2,line_bucket,2,2,1
91,6,2,line_bucket,3,5,4
91,6,2,line_bucket,4,1,1
91,6,2,line_bucket,6,1,1
91,6,2,class_line,0,4842,4776
91,6,2,class_line,9,1,1
91,6,2,class_line,11,1,1
91,6,2,class_line,14,1,1
91,6,2,class_line,25,2,2
91,6,2,class_line,27,4,3
91,6,2,class_line,28,1,1
91,6,2,class_line,58,2,1
91,6,2,prev_byte,10,4842,4776
91,6,2,prev_byte,32,3,3
91,6,2,prev_byte,39,2,1
91,6,2,prev_byte,78,2,1
91,6,2,prev_byte,81,2,2
91,6,2,prev_byte,82,3,3
91,6,2,prev2_hash,19,2,1
91,6,2,prev2_hash,20,4392,4333
91,6,2,prev2_hash,22,1,0
91,6,2,prev2_hash,31,3,3
91,6,2,prev2_hash,42,28,28
91,6,2,prev2_hash,49,2,2
91,6,2,prev2_hash,51,6,6
91,6,2,prev2_hash,55,10,10
91,6,2,prev2_hash,56,35,35
91,6,2,prev2_hash,57,1,1
91,6,2,prev2_hash,63,1,1
91,6,2,prev2_hash,78,2,1
91,6,2,prev2_hash,84,2,2
91,6,2,prev2_hash,87,61,61
91,6,2,prev2_hash,88,65,64
91,6,2,prev2_hash,91,2,2
91,6,2,prev2_hash,92,154,150
91,6,2,prev2_hash,103,74,73
91,6,2,prev2_hash,113,1,1
91,6,2,prev2_hash,123,1,1
91,6,2,prev2_hash,132,2,2
91,6,2,prev2_hash,141,1,1
91,6,2,prev2_hash,151,2,2
91,6,2,prev2_hash,202,1,1
91,6,2,prev2_hash,203,1,1
91,6,2,prev2_hash,208,1,1
91,6,2,prev2_hash,210,2,2
91,6,2,prev2_hash,215,1,1
91,6,2,stream_band16,0,82,82
91,6,2,stream_band16,1,33,33
91,6,2,stream_band16,2,24,20
91,6,2,stream_band16,3,63,63
91,6,2,stream_band16,4,165,165
91,6,2,stream_band16,5,125,112
91,6,2,stream_band16,6,274,264
91,6,2,stream_band16,7,745,736
91,6,2,stream_band16,8,1541,1522
91,6,2,stream_band16,9,1124,1118
91,6,2,stream_band16,10,202,202
91,6,2,stream_band16,11,425,420
91,6,2,stream_band16,12,39,39
91,6,2,stream_band16,14,3,2
91,6,2,stream_band16,15,9,8
91,6,2,stream_band64,0,23,23
91,6,2,stream_band64,2,10,10
91,6,2,stream_band64,3,49,49
91,6,2,stream_band64,4,1,1
91,6,2,stream_band64,6,10,10
91,6,2,stream_band64,7,22,22
91,6,2,stream_band64,8,13,11
91,6,2,stream_band64,9,8,6
91,6,2,stream_band64,11,3,3
91,6,2,stream_band64,12,4,4
91,6,2,stream_band64,13,3,3
91,6,2,stream_band64,14,43,43
91,6,2,stream_band64,15,13,13
91,6,2,stream_band64,16,46,46
91,6,2,stream_band64,17,62,62
91,6,2,stream_band64,18,42,42
91,6,2,stream_band64,19,15,15
91,6,2,stream_band64,20,98,85
91,6,2,stream_band64,22,15,15
91,6,2,stream_band64,23,12,12
91,6,2,stream_band64,24,51,45
91,6,2,stream_band64,25,160,156
91,6,2,stream_band64,26,15,15
91,6,2,stream_band64,27,48,48
91,6,2,stream_band64,28,140,137
91,6,2,stream_band64,29,11,11
91,6,2,stream_band64,30,6,6
91,6,2,stream_band64,31,588,582
91,6,2,stream_band64,32,170,167
91,6,2,stream_band64,33,188,186
91,6,2,stream_band64,34,551,546
91,6,2,stream_band64,35,632,623
91,6,2,stream_band64,36,791,789
91,6,2,stream_band64,37,243,241
91,6,2,stream_band64,38,78,77
91,6,2,stream_band64,39,12,11
91,6,2,stream_band64,40,184,184
91,6,2,stream_band64,41,10,10
91,6,2,stream_band64,42,5,5
91,6,2,stream_band64,43,3,3
91,6,2,stream_band64,45,6,6
91,6,2,stream_band64,46,199,195
91,6,2,stream_band64,47,220,219
91,6,2,stream_band64,48,39,39
91,6,2,stream_band64,59,3,2
91,6,2,stream_band64,62,3,3
91,6,2,stream_band64,63,6,5
92,6,6,global,0,119450,2862
92,6,6,byte_class,1,3,0
92,6,6,byte_class,2,2,0
92,6,6,byte_class,3,1,0
92,6,6,byte_class,4,33600,1156
92,6,6,byte_class,5,85801,1706
92,6,6,byte_class,6,29,0
92,6,6,byte_class,7,14,0
92,6,6,line_bucket,1,1,0
92,6,6,line_bucket,2,6,0
92,6,6,line_bucket,3,17775,363
92,6,6,line_bucket,4,38555,2201
92,6,6,line_bucket,5,14096,285
92,6,6,line_bucket,6,49017,13
92,6,6,class_line,13,1,0
92,6,6,class_line,14,2,0
92,6,6,class_line,21,2,0
92,6,6,class_line,30,1,0
92,6,6,class_line,34,1,0
92,6,6,class_line,35,365,0
92,6,6,class_line,36,14404,1016
92,6,6,class_line,37,4592,136
92,6,6,class_line,38,14238,4
92,6,6,class_line,42,5,0
92,6,6,class_line,43,17409,363
92,6,6,class_line,44,24151,1185
92,6,6,class_line,45,9494,149
92,6,6,class_line,46,34742,9
92,6,6,class_line,49,1,0
92,6,6,class_line,53,6,0
92,6,6,class_line,54,22,0
92,6,6,class_line,59,1,0
92,6,6,class_line,61,1,0
92,6,6,class_line,62,12,0
92,6,6,prev_byte,32,3,0
92,6,6,prev_byte,38,1,0
92,6,6,prev_byte,41,5,0
92,6,6,prev_byte,42,1,0
92,6,6,prev_byte,44,6,0
92,6,6,prev_byte,46,3,0
92,6,6,prev_byte,49,1,0
92,6,6,prev_byte,50,1,0
92,6,6,prev_byte,82,1,0
92,6,6,prev_byte,93,27,0
92,6,6,prev_byte,97,5057,159
92,6,6,prev_byte,98,429,0
92,6,6,prev_byte,99,890,22
92,6,6,prev_byte,100,1750,67
92,6,6,prev_byte,101,5552,142
92,6,6,prev_byte,102,1,0
92,6,6,prev_byte,103,856,12
92,6,6,prev_byte,104,785,0
92,6,6,prev_byte,105,600,118
92,6,6,prev_byte,106,1,0
92,6,6,prev_byte,107,911,0
92,6,6,prev_byte,108,1025,0
92,6,6,prev_byte,109,542,0
92,6,6,prev_byte,110,4341,257
92,6,6,prev_byte,111,2324,20
92,6,6,prev_byte,112,160,0
92,6,6,prev_byte,114,1588,87
92,6,6,prev_byte,115,3256,176
92,6,6,prev_byte,116,1244,51
92,6,6,prev_byte,117,420,45
92,6,6,prev_byte,118,1,0
92,6,6,prev_byte,119,325,0
92,6,6,prev_byte,120,114,0
92,6,6,prev_byte,121,1372,0
92,6,6,prev_byte,122,56,0
92,6,6,prev_byte,128,876,0
92,6,6,prev_byte,129,1402,21
92,6,6,prev_byte,130,1360,0
92,6,6,prev_byte,131,773,17
92,6,6,prev_byte,132,933,36
92,6,6,prev_byte,133,747,39
92,6,6,prev_byte,134,1585,37
92,6,6,prev_byte,135,1650,0
92,6,6,prev_byte,136,720,33
92,6,6,prev_byte,137,1146,87
92,6,6,prev_byte,138,1082,0
92,6,6,prev_byte,139,1295,0
92,6,6,prev_byte,140,1710,137
92,6,6,prev_byte,141,746,42
92,6,6,prev_byte,142,523,0
92,6,6,prev_byte,143,322,17
92,6,6,prev_byte,144,668,0
92,6,6,prev_byte,145,1046,30
92,6,6,prev_byte,146,1410,0
92,6,6,prev_byte,147,1013,0
92,6,6,prev_byte,148,767,0
92,6,6,prev_byte,149,489,0
92,6,6,prev_byte,150,719,0
92,6,6,prev_byte,151,2423,77
92,6,6,prev_byte,152,1147,0
92,6,6,prev_byte,153,546,0
92,6,6,prev_byte,154,1182,34
92,6,6,prev_byte,155,684,0
92,6,6,prev_byte,156,1739,78
92,6,6,prev_byte,157,2103,65
92,6,6,prev_byte,158,1388,0
92,6,6,prev_byte,159,937,31
92,6,6,prev_byte,160,893,30
92,6,6,prev_byte,161,900,0
92,6,6,prev_byte,162,2138,20
92,6,6,prev_byte,163,949,29
92,6,6,prev_byte,164,1566,0
92,6,6,prev_byte,165,568,0
92,6,6,prev_byte,166,996,0
92,6,6,prev_byte,167,1844,0
92,6,6,prev_byte,168,429,0
92,6,6,prev_byte,169,1537,49
92,6,6,prev_byte,170,1199,21
92,6,6,prev_byte,171,802,0
92,6,6,prev_byte,172,861,22
92,6,6,prev_byte,173,426,0
92,6,6,prev_byte,174,563,20
92,6,6,prev_byte,175,1428,0
92,6,6,prev_byte,176,949,49
92,6,6,prev_byte,177,1878,38
92,6,6,prev_byte,178,479,0
92,6,6,prev_byte,179,361,0
92,6,6,prev_byte,180,726,0
92,6,6,prev_byte,181,1440,0
92,6,6,prev_byte,182,1313,31
92,6,6,prev_byte,183,890,0
92,6,6,prev_byte,184,641,0
92,6,6,prev_byte,185,633,0
92,6,6,prev_byte,186,1341,0
92,6,6,prev_byte,187,1346,0
92,6,6,prev_byte,188,1316,27
92,6,6,prev_byte,189,1442,8
92,6,6,prev_byte,190,1097,33
92,6,6,prev_byte,191,594,0
92,6,6,prev_byte,192,545,0
92,6,6,prev_byte,193,421,0
92,6,6,prev_byte,194,2074,68
92,6,6,prev_byte,195,1721,47
92,6,6,prev_byte,196,1474,0
92,6,6,prev_byte,197,820,111
92,6,6,prev_byte,198,804,0
92,6,6,prev_byte,199,1141,21
92,6,6,prev_byte,200,836,25
92,6,6,prev_byte,201,574,0
92,6,6,prev_byte,202,1091,116
92,6,6,prev_byte,203,946,26
92,6,6,prev_byte,204,1024,52
92,6,6,prev_byte,205,1628,82
92,6,6,prev_byte,206,481,0
92,6,6,prev_byte,207,1545,0
92,6,6,prev2_hash,1,1,0
92,6,6,prev2_hash,2,1,0
92,6,6,prev2_hash,5,1,0
92,6,6,prev2_hash,8,65,0
92,6,6,prev2_hash,10,18,0
92,6,6,prev2_hash,13,1,0
92,6,6,prev2_hash,23,11,0
92,6,6,prev2_hash,25,1,0
92,6,6,prev2_hash,31,50,0
92,6,6,prev2_hash,32,1,0
92,6,6,prev2_hash,35,2,0
92,6,6,prev2_hash,42,1,0
92,6,6,prev2_hash,52,1,0
92,6,6,prev2_hash,76,1,0
92,6,6,prev2_hash,78,1,0
92,6,6,prev2_hash,81,40,0
92,6,6,prev2_hash,82,34,0
92,6,6,prev2_hash,83,165,0
92,6,6,prev2_hash,84,21,0
92,6,6,prev2_hash,85,33,0
92,6,6,prev2_hash,86,12,0
92,6,6,prev2_hash,87,32,0
92,6,6,prev2_hash,89,217,0
92,6,6,prev2_hash,90,131,0
92,6,6,prev2_hash,91,182,0
92,6,6,prev2_hash,92,438,0
92,6,6,prev2_hash,93,397,0
92,6,6,prev2_hash,94,331,21
92,6,6,prev2_hash,95,848,0
92,6,6,prev2_hash,96,302,0
92,6,6,prev2_hash,97,494,0
92,6,6,prev2_hash,98,1200,0
92,6,6,prev2_hash,99,1194,126
92,6,6,prev2_hash,100,749,0
92,6,6,prev2_hash,101,551,33
92,6,6,prev2_hash,102,653,16
92,6,6,prev2_hash,103,1303,0
92,6,6,prev2_hash,104,998,0
92,6,6,prev2_hash,105,372,0
92,6,6,prev2_hash,106,1034,154
92,6,6,prev2_hash,107,724,0
92,6,6,prev2_hash,108,437,36
92,6,6,prev2_hash,109,545,37
92,6,6,prev2_hash,110,1283,0
92,6,6,prev2_hash,111,1364,96
92,6,6,prev2_hash,112,1476,0
92,6,6,prev2_hash,113,851,17
92,6,6,prev2_hash,114,805,26
92,6,6,prev2_hash,115,547,0
92,6,6,prev2_hash,116,878,0
92,6,6,prev2_hash,117,2705,0
92,6,6,prev2_hash,118,829,0
92,6,6,prev2_hash,119,883,0
92,6,6,prev2_hash,120,671,0
92,6,6,prev2_hash,121,1236,29
92,6,6,prev2_hash,122,835,0
92,6,6,prev2_hash,123,782,49
92,6,6,prev2_hash,124,616,30
92,6,6,prev2_hash,125,507,53
92,6,6,prev2_hash,126,824,0
92,6,6,prev2_hash,127,1157,20
92,6,6,prev2_hash,128,964,49
92,6,6,prev2_hash,129,1380,0
92,6,6,prev2_hash,130,1159,38
92,6,6,prev2_hash,131,773,0
92,6,6,prev2_hash,132,1725,0
92,6,6,prev2_hash,133,1007,0
92,6,6,prev2_hash,134,1038,57
92,6,6,prev2_hash,135,757,0
92,6,6,prev2_hash,136,1432,34
92,6,6,prev2_hash,137,706,22
92,6,6,prev2_hash,138,574,0
92,6,6,prev2_hash,139,855,0
92,6,6,prev2_hash,140,844,0
92,6,6,prev2_hash,141,732,0
92,6,6,prev2_hash,142,871,0
92,6,6,prev2_hash,143,616,0
92,6,6,prev2_hash,144,822,20
92,6,6,prev2_hash,145,342,0
92,6,6,prev2_hash,146,670,0
92,6,6,prev2_hash,147,1732,0
92,6,6,prev2_hash,148,1795,96
92,6,6,prev2_hash,149,1586,29
92,6,6,prev2_hash,150,1150,0
92,6,6,prev2_hash,151,1942,48
92,6,6,prev2_hash,152,743,0
92,6,6,prev2_hash,153,680,0
92,6,6,prev2_hash,154,2327,30
92,6,6,prev2_hash,155,566,33
92,6,6,prev2_hash,156,315,0
92,6,6,prev2_hash,157,961,0
92,6,6,prev2_hash,158,360,0
92,6,6,prev2_hash,159,1468,0
92,6,6,prev2_hash,160,1328,23
92,6,6,prev2_hash,161,1108,0
92,6,6,prev2_hash,162,787,85
92,6,6,prev2_hash,163,1095,0
92,6,6,prev2_hash,164,1310,43
92,6,6,prev2_hash,165,503,0
92,6,6,prev2_hash,166,930,0
92,6,6,prev2_hash,167,739,0
92,6,6,prev2_hash,168,371,0
92,6,6,prev2_hash,169,3165,0
92,6,6,prev2_hash,170,284,0
92,6,6,prev2_hash,171,316,0
92,6,6,prev2_hash,172,1068,0
92,6,6,prev2_hash,173,792,48
92,6,6,prev2_hash,174,717,25
92,6,6,prev2_hash,175,484,0
92,6,6,prev2_hash,176,825,21
92,6,6,prev2_hash,177,474,0
92,6,6,prev2_hash,178,1081,103
92,6,6,prev2_hash,179,720,65
92,6,6,prev2_hash,180,500,8
92,6,6,prev2_hash,181,351,0
92,6,6,prev2_hash,182,282,0
92,6,6,prev2_hash,183,462,0
92,6,6,prev2_hash,184,205,0
92,6,6,prev2_hash,185,252,0
92,6,6,prev2_hash,186,2,0
92,6,6,prev2_hash,187,38,0
92,6,6,prev2_hash,188,22,0
92,6,6,prev2_hash,189,38,0
92,6,6,prev2_hash,190,198,31
92,6,6,prev2_hash,191,1,0
92,6,6,prev2_hash,192,111,0
92,6,6,prev2_hash,194,52,0
92,6,6,prev2_hash,195,368,0
92,6,6,prev2_hash,196,988,137
92,6,6,prev2_hash,197,217,0
92,6,6,prev2_hash,198,24,0
92,6,6,prev2_hash,199,79,0
92,6,6,prev2_hash,200,655,22
92,6,6,prev2_hash,201,1252,44
92,6,6,prev2_hash,202,1657,0
92,6,6,prev2_hash,203,125,0
92,6,6,prev2_hash,204,500,23
92,6,6,prev2_hash,205,712,0
92,6,6,prev2_hash,206,1686,0
92,6,6,prev2_hash,207,1462,27
92,6,6,prev2_hash,208,652,0
92,6,6,prev2_hash,209,1070,104
92,6,6,prev2_hash,210,1188,0
92,6,6,prev2_hash,211,2142,103
92,6,6,prev2_hash,212,957,0
92,6,6,prev2_hash,213,1138,12
92,6,6,prev2_hash,214,2143,154
92,6,6,prev2_hash,215,2571,184
92,6,6,prev2_hash,216,1785,22
92,6,6,prev2_hash,217,927,18
92,6,6,prev2_hash,218,739,33
92,6,6,prev2_hash,219,516,0
92,6,6,prev2_hash,220,622,0
92,6,6,prev2_hash,221,1930,83
92,6,6,prev2_hash,222,839,0
92,6,6,prev2_hash,223,212,0
92,6,6,prev2_hash,224,693,69
92,6,6,prev2_hash,225,383,70
92,6,6,prev2_hash,226,526,0
92,6,6,prev2_hash,227,555,0
92,6,6,prev2_hash,228,139,0
92,6,6,prev2_hash,229,134,0
92,6,6,prev2_hash,230,983,81
92,6,6,prev2_hash,231,588,25
92,6,6,prev2_hash,232,574,0
92,6,6,prev2_hash,233,29,0
92,6,6,prev2_hash,235,265,0
92,6,6,prev2_hash,236,31,0
92,6,6,prev2_hash,237,16,0
92,6,6,prev2_hash,238,27,0
92,6,6,prev2_hash,242,2,0
92,6,6,prev2_hash,243,1,0
92,6,6,prev2_hash,246,1,0
92,6,6,prev2_hash,252,1,0
92,6,6,prev2_hash,254,1,0
92,6,6,stream_band16,0,118,0
92,6,6,stream_band16,1,169,1
92,6,6,stream_band16,2,62,0
92,6,6,stream_band16,3,60,0
92,6,6,stream_band16,4,215,0
92,6,6,stream_band16,5,166,1
92,6,6,stream_band16,6,144,0
92,6,6,stream_band16,7,1310,0
92,6,6,stream_band16,8,229,0
92,6,6,stream_band16,9,145,0
92,6,6,stream_band16,10,2375,0
92,6,6,stream_band16,11,731,2
92,6,6,stream_band16,12,41305,10
92,6,6,stream_band16,13,47032,919
92,6,6,stream_band16,14,23528,1926
92,6,6,stream_band16,15,1861,3
92,6,6,stream_band64,0,29,0
92,6,6,stream_band64,1,25,0
92,6,6,stream_band64,2,51,0
92,6,6,stream_band64,3,13,0
92,6,6,stream_band64,4,48,0
92,6,6,stream_band64,5,63,1
92,6,6,stream_band64,6,13,0
92,6,6,stream_band64,7,45,0
92,6,6,stream_band64,8,15,0
92,6,6,stream_band64,9,7,0
92,6,6,stream_band64,10,2,0
92,6,6,stream_band64,11,38,0
92,6,6,stream_band64,12,10,0
92,6,6,stream_band64,13,24,0
92,6,6,stream_band64,14,7,0
92,6,6,stream_band64,15,19,0
92,6,6,stream_band64,16,52,0
92,6,6,stream_band64,17,57,0
92,6,6,stream_band64,18,37,0
92,6,6,stream_band64,19,69,0
92,6,6,stream_band64,20,43,0
92,6,6,stream_band64,21,34,0
92,6,6,stream_band64,22,36,0
92,6,6,stream_band64,23,53,1
92,6,6,stream_band64,24,22,0
92,6,6,stream_band64,25,73,0
92,6,6,stream_band64,26,32,0
92,6,6,stream_band64,27,17,0
92,6,6,stream_band64,28,20,0
92,6,6,stream_band64,29,33,0
92,6,6,stream_band64,30,193,0
92,6,6,stream_band64,31,1064,0
92,6,6,stream_band64,32,65,0
92,6,6,stream_band64,33,16,0
92,6,6,stream_band64,34,22,0
92,6,6,stream_band64,35,126,0
92,6,6,stream_band64,36,33,0
92,6,6,stream_band64,37,25,0
92,6,6,stream_band64,38,37,0
92,6,6,stream_band64,39,50,0
92,6,6,stream_band64,40,31,0
92,6,6,stream_band64,41,109,0
92,6,6,stream_band64,42,1481,0
92,6,6,stream_band64,43,754,0
92,6,6,stream_band64,44,403,0
92,6,6,stream_band64,45,188,2
92,6,6,stream_band64,46,86,0
92,6,6,stream_band64,47,54,0
92,6,6,stream_band64,48,10200,2
92,6,6,stream_band64,49,9978,4
92,6,6,stream_band64,50,10000,0
92,6,6,stream_band64,51,11127,4
92,6,6,stream_band64,52,13917,6
92,6,6,stream_band64,53,11413,838
92,6,6,stream_band64,54,11369,3
92,6,6,stream_band64,55,10333,72
92,6,6,stream_band64,56,12965,1691
92,6,6,stream_band64,57,5242,0
92,6,6,stream_band64,58,4967,235
92,6,6,stream_band64,59,354,0
92,6,6,stream_band64,60,1565,0
92,6,6,stream_band64,63,296,3
93,15,1,global,0,10947,2036
93,15,1,byte_class,0,10901,2026
93,15,1,byte_class,1,16,3
93,15,1,byte_class,3,1,1
93,15,1,byte_class,6,29,6
93,15,1,line_bucket,0,10901,2026
93,15,1,line_bucket,1,30,6
93,15,1,line_bucket,2,14,3
93,15,1,line_bucket,4,1,1
93,15,1,line_bucket,6,1,0
93,15,1,class_line,0,10901,2026
93,15,1,class_line,9,2,0
93,15,1,class_line,10,13,2
93,15,1,class_line,12,1,1
93,15,1,class_line,26,1,1
93,15,1,class_line,49,28,6
93,15,1,class_line,54,1,0
93,15,1,prev_byte,10,10901,2026
93,15,1,prev_byte,32,16,3
93,15,1,prev_byte,42,28,6
93,15,1,prev_byte,78,1,1
93,15,1,prev_byte,93,1,0
93,15,1,prev2_hash,20,446,84
93,15,1,prev2_hash,42,23,10
93,15,1,prev2_hash,44,1,0
93,15,1,prev2_hash,49,4,2
93,15,1,prev2_hash,51,43,27
93,15,1,prev2_hash,52,28,6
93,15,1,prev2_hash,56,22,2
93,15,1,prev2_hash,57,11,1
93,15,1,prev2_hash,74,13,2
93,15,1,prev2_hash,87,9041,1653
93,15,1,prev2_hash,88,3,0
93,15,1,prev2_hash,92,27,16
93,15,1,prev2_hash,103,1215,223
93,15,1,prev2_hash,107,1,0
93,15,1,prev2_hash,111,1,0
93,15,1,prev2_hash,123,1,1
93,15,1,prev2_hash,125,1,0
93,15,1,prev2_hash,141,1,0
93,15,1,prev2_hash,144,3,0
93,15,1,prev2_hash,151,4,2
93,15,1,prev2_hash,156,1,1
93,15,1,prev2_hash,163,1,0
93,15,1,prev2_hash,165,1,0
93,15,1,prev2_hash,166,1,0
93,15,1,prev2_hash,168,1,0
93,15,1,prev2_hash,174,1,0
93,15,1,prev2_hash,178,2,0
93,15,1,prev2_hash,182,1,0
93,15,1,prev2_hash,183,1,1
93,15,1,prev2_hash,186,2,0
93,15,1,prev2_hash,191,1,0
93,15,1,prev2_hash,195,1,0
93,15,1,prev2_hash,196,6,0
93,15,1,prev2_hash,198,1,0
93,15,1,prev2_hash,199,1,0
93,15,1,prev2_hash,202,7,0
93,15,1,prev2_hash,203,7,0
93,15,1,prev2_hash,206,1,1
93,15,1,prev2_hash,207,1,0
93,15,1,prev2_hash,210,5,0
93,15,1,prev2_hash,211,3,2
93,15,1,prev2_hash,213,2,1
93,15,1,prev2_hash,215,1,0
93,15,1,prev2_hash,216,2,0
93,15,1,prev2_hash,217,7,1
93,15,1,stream_band16,3,1,0
93,15,1,stream_band16,7,2,0
93,15,1,stream_band16,10,4,1
93,15,1,stream_band16,11,3,0
93,15,1,stream_band16,12,7322,582
93,15,1,stream_band16,13,3287,1160
93,15,1,stream_band16,14,296,288
93,15,1,stream_band16,15,32,5
93,15,1,stream_band64,13,1,0
93,15,1,stream_band64,30,1,0
93,15,1,stream_band64,31,1,0
93,15,1,stream_band64,42,2,1
93,15,1,stream_band64,43,2,0
93,15,1,stream_band64,44,1,0
93,15,1,stream_band64,45,1,0
93,15,1,stream_band64,47,1,0
93,15,1,stream_band64,48,292,10
93,15,1,stream_band64,49,1549,262
93,15,1,stream_band64,50,2340,286
93,15,1,stream_band64,51,3141,24
93,15,1,stream_band64,52,1947,416
93,15,1,stream_band64,53,884,421
93,15,1,stream_band64,54,445,320
93,15,1,stream_band64,55,11,3
93,15,1,stream_band64,56,55,55
93,15,1,stream_band64,57,241,233
93,15,1,stream_band64,63,32,5
94,10,2,global,0,3014,2841
94,10,2,byte_class,0,3014,2841
94,10,2,line_bucket,0,3014,2841
94,10,2,class_line,0,3014,2841
94,10,2,prev_byte,10,3014,2841
94,10,2,prev2_hash,88,3014,2841
94,10,2,stream_band16,0,396,387
94,10,2,stream_band16,1,28,27
94,10,2,stream_band16,2,12,12
94,10,2,stream_band16,3,177,175
94,10,2,stream_band16,4,819,815
94,10,2,stream_band16,5,175,168
94,10,2,stream_band16,6,77,73
94,10,2,stream_band16,7,27,27
94,10,2,stream_band16,8,54,52
94,10,2,stream_band16,9,11,10
94,10,2,stream_band16,10,12,12
94,10,2,stream_band16,11,38,38
94,10,2,stream_band16,12,21,20
94,10,2,stream_band16,13,4,4
94,10,2,stream_band16,14,688,584
94,10,2,stream_band16,15,475,437
94,10,2,stream_band64,0,46,46
94,10,2,stream_band64,1,235,228
94,10,2,stream_band64,2,92,91
94,10,2,stream_band64,3,23,22
94,10,2,stream_band64,4,11,11
94,10,2,stream_band64,5,6,6
94,10,2,stream_band64,6,7,7
94,10,2,stream_band64,7,4,3
94,10,2,stream_band64,8,5,5
94,10,2,stream_band64,9,4,4
94,10,2,stream_band64,10,3,3
94,10,2,stream_band64,12,12,12
94,10,2,stream_band64,13,17,16
94,10,2,stream_band64,14,55,54
94,10,2,stream_band64,15,93,93
94,10,2,stream_band64,16,105,105
94,10,2,stream_band64,17,186,185
94,10,2,stream_band64,18,325,323
94,10,2,stream_band64,19,203,202
94,10,2,stream_band64,20,112,111
94,10,2,stream_band64,21,14,11
94,10,2,stream_band64,22,30,27
94,10,2,stream_band64,23,19,19
94,10,2,stream_band64,24,16,16
94,10,2,stream_band64,25,24,23
94,10,2,stream_band64,26,27,24
94,10,2,stream_band64,27,10,10
94,10,2,stream_band64,28,7,7
94,10,2,stream_band64,29,9,9
94,10,2,stream_band64,30,11,11
94,10,2,stream_band64,32,20,18
94,10,2,stream_band64,33,12,12
94,10,2,stream_band64,34,11,11
94,10,2,stream_band64,35,11,11
94,10,2,stream_band64,37,5,5
94,10,2,stream_band64,38,2,2
94,10,2,stream_band64,39,4,3
94,10,2,stream_band64,40,2,2
94,10,2,stream_band64,41,1,1
94,10,2,stream_band64,42,3,3
94,10,2,stream_band64,43,6,6
94,10,2,stream_band64,44,18,18
94,10,2,stream_band64,45,7,7
94,10,2,stream_band64,46,8,8
94,10,2,stream_band64,47,5,5
94,10,2,stream_band64,48,14,13
94,10,2,stream_band64,49,3,3
94,10,2,stream_band64,50,3,3
94,10,2,stream_band64,51,1,1
94,10,2,stream_band64,52,1,1
94,10,2,stream_band64,54,3,3
94,10,2,stream_band64,57,8,8
94,10,2,stream_band64,58,60,59
94,10,2,stream_band64,59,620,517
94,10,2,stream_band64,60,475,437
95,29,3,global,0,1972,947
95,29,3,byte_class,0,1972,947
95,29,3,line_bucket,0,1972,947
95,29,3,class_line,0,1972,947
95,29,3,prev_byte,10,1972,947
95,29,3,prev2_hash,88,1972,947
95,29,3,stream_band16,14,1214,651
95,29,3,stream_band16,15,758,296
95,29,3,stream_band64,59,1214,651
95,29,3,stream_band64,60,758,296
97,6,2,global,0,2214,2214
97,6,2,byte_class,1,2,2
97,6,2,byte_class,5,1310,1310
97,6,2,byte_class,7,902,902
97,6,2,line_bucket,3,105,105
97,6,2,line_bucket,4,493,493
97,6,2,line_bucket,5,602,602
97,6,2,line_bucket,6,1014,1014
97,6,2,class_line,13,2,2
97,6,2,class_line,43,104,104
97,6,2,class_line,44,445,445
97,6,2,class_line,45,300,300
97,6,2,class_line,46,461,461
97,6,2,class_line,59,1,1
97,6,2,class_line,60,48,48
97,6,2,class_line,61,300,300
97,6,2,class_line,62,553,553
97,6,2,prev_byte,7,2,2
97,6,2,prev_byte,12,887,887
97,6,2,prev_byte,32,2,2
97,6,2,prev_byte,45,7,7
97,6,2,prev_byte,64,6,6
97,6,2,prev_byte,161,6,6
97,6,2,prev_byte,169,2,2
97,6,2,prev_byte,176,1,1
97,6,2,prev_byte,179,1,1
97,6,2,prev_byte,208,15,15
97,6,2,prev_byte,209,7,7
97,6,2,prev_byte,210,17,17
97,6,2,prev_byte,211,50,50
97,6,2,prev_byte,212,14,14
97,6,2,prev_byte,213,60,60
97,6,2,prev_byte,214,26,26
97,6,2,prev_byte,215,19,19
97,6,2,prev_byte,216,21,21
97,6,2,prev_byte,217,218,218
97,6,2,prev_byte,218,7,7
97,6,2,prev_byte,219,3,3
97,6,2,prev_byte,220,33,33
97,6,2,prev_byte,221,14,14
97,6,2,prev_byte,222,37,37
97,6,2,prev_byte,223,19,19
97,6,2,prev_byte,224,23,23
97,6,2,prev_byte,225,14,14
97,6,2,prev_byte,226,123,123
97,6,2,prev_byte,227,8,8
97,6,2,prev_byte,228,44,44
97,6,2,prev_byte,229,23,23
97,6,2,prev_byte,230,20,20
97,6,2,prev_byte,231,50,50
97,6,2,prev_byte,232,29,29
97,6,2,prev_byte,233,19,19
97,6,2,prev_byte,234,28,28
97,6,2,prev_byte,235,38,38
97,6,2,prev_byte,236,21,21
97,6,2,prev_byte,237,22,22
97,6,2,prev_byte,238,27,27
97,6,2,prev_byte,239,65,65
97,6,2,prev_byte,241,2,2
97,6,2,prev_byte,242,6,6
97,6,2,prev_byte,243,22,22
97,6,2,prev_byte,244,2,2
97,6,2,prev_byte,245,5,5
97,6,2,prev_byte,246,35,35
97,6,2,prev_byte,247,7,7
97,6,2,prev_byte,248,2,2
97,6,2,prev_byte,249,4,4
97,6,2,prev_byte,251,24,24
97,6,2,prev_byte,252,19,19
97,6,2,prev_byte,253,20,20
97,6,2,prev_byte,255,38,38
97,6,2,prev2_hash,0,4,4
97,6,2,prev2_hash,2,1,1
97,6,2,prev2_hash,3,1,1
97,6,2,prev2_hash,4,4,4
97,6,2,prev2_hash,5,8,8
97,6,2,prev2_hash,6,1,1
97,6,2,prev2_hash,7,17,17
97,6,2,prev2_hash,10,3,3
97,6,2,prev2_hash,11,9,9
97,6,2,prev2_hash,14,4,4
97,6,2,prev2_hash,18,4,4
97,6,2,prev2_hash,20,2,2
97,6,2,prev2_hash,21,57,57
97,6,2,prev2_hash,22,28,28
97,6,2,prev2_hash,23,1,1
97,6,2,prev2_hash,24,1,1
97,6,2,prev2_hash,25,5,5
97,6,2,prev2_hash,27,22,22
97,6,2,prev2_hash,28,27,27
97,6,2,prev2_hash,29,3,3
97,6,2,prev2_hash,30,9,9
97,6,2,prev2_hash,31,5,5
97,6,2,prev2_hash,32,3,3
97,6,2,prev2_hash,33,2,2
97,6,2,prev2_hash,34,110,110
97,6,2,prev2_hash,36,2,2
97,6,2,prev2_hash,37,8,8
97,6,2,prev2_hash,38,3,3
97,6,2,prev2_hash,39,1,1
97,6,2,prev2_hash,40,2,2
97,6,2,prev2_hash,41,4,4
97,6,2,prev2_hash,42,8,8
97,6,2,prev2_hash,43,5,5
97,6,2,prev2_hash,45,1,1
97,6,2,prev2_hash,46,1,1
97,6,2,prev2_hash,47,6,6
97,6,2,prev2_hash,49,2,2
97,6,2,prev2_hash,50,2,2
97,6,2,prev2_hash,51,22,22
97,6,2,prev2_hash,53,5,5
97,6,2,prev2_hash,54,18,18
97,6,2,prev2_hash,55,5,5
97,6,2,prev2_hash,56,1,1
97,6,2,prev2_hash,57,1,1
97,6,2,prev2_hash,59,1,1
97,6,2,prev2_hash,60,19,19
97,6,2,prev2_hash,61,21,21
97,6,2,prev2_hash,63,32,32
97,6,2,prev2_hash,65,1,1
97,6,2,prev2_hash,74,2,2
97,6,2,prev2_hash,81,2,2
97,6,2,prev2_hash,90,2,2
97,6,2,prev2_hash,96,1,1
97,6,2,prev2_hash,109,5,5
97,6,2,prev2_hash,141,2,2
97,6,2,prev2_hash,142,44,44
97,6,2,prev2_hash,144,3,3
97,6,2,prev2_hash,145,19,19
97,6,2,prev2_hash,146,3,3
97,6,2,prev2_hash,147,1,1
97,6,2,prev2_hash,148,28,28
97,6,2,prev2_hash,149,1,1
97,6,2,prev2_hash,152,1,1
97,6,2,prev2_hash,155,19,19
97,6,2,prev2_hash,156,1,1
97,6,2,prev2_hash,157,1,1
97,6,2,prev2_hash,158,3,3
97,6,2,prev2_hash,160,4,4
97,6,2,prev2_hash,161,93,93
97,6,2,prev2_hash,162,1,1
97,6,2,prev2_hash,163,1,1
97,6,2,prev2_hash,165,2,2
97,6,2,prev2_hash,166,1,1
97,6,2,prev2_hash,168,25,25
97,6,2,prev2_hash,169,2,2
97,6,2,prev2_hash,172,1,1
97,6,2,prev2_hash,173,6,6
97,6,2,prev2_hash,174,2,2
97,6,2,prev2_hash,175,5,5
97,6,2,prev2_hash,176,2,2
97,6,2,prev2_hash,179,2,2
97,6,2,prev2_hash,181,2,2
97,6,2,prev2_hash,184,2,2
97,6,2,prev2_hash,185,15,15
97,6,2,prev2_hash,186,18,18
97,6,2,prev2_hash,188,1,1
97,6,2,prev2_hash,191,11,11
97,6,2,prev2_hash,193,1,1
97,6,2,prev2_hash,196,12,12
97,6,2,prev2_hash,197,5,5
97,6,2,prev2_hash,198,1,1
97,6,2,prev2_hash,199,1,1
97,6,2,prev2_hash,200,16,16
97,6,2,prev2_hash,201,13,13
97,6,2,prev2_hash,202,6,6
97,6,2,prev2_hash,203,15,15
97,6,2,prev2_hash,204,4,4
97,6,2,prev2_hash,205,10,10
97,6,2,prev2_hash,206,14,14
97,6,2,prev2_hash,207,7,7
97,6,2,prev2_hash,208,220,220
97,6,2,prev2_hash,209,11,11
97,6,2,prev2_hash,210,36,36
97,6,2,prev2_hash,211,25,25
97,6,2,prev2_hash,212,15,15
97,6,2,prev2_hash,213,4,4
97,6,2,prev2_hash,214,4,4
97,6,2,prev2_hash,215,10,10
97,6,2,prev2_hash,216,16,16
97,6,2,prev2_hash,217,33,33
97,6,2,prev2_hash,218,2,2
97,6,2,prev2_hash,219,17,17
97,6,2,prev2_hash,220,576,576
97,6,2,prev2_hash,221,8,8
97,6,2,prev2_hash,222,20,20
97,6,2,prev2_hash,223,14,14
97,6,2,prev2_hash,224,33,33
97,6,2,prev2_hash,225,20,20
97,6,2,prev2_hash,226,15,15
97,6,2,prev2_hash,227,15,15
97,6,2,prev2_hash,228,19,19
97,6,2,prev2_hash,229,57,57
97,6,2,prev2_hash,230,9,9
97,6,2,prev2_hash,231,4,4
97,6,2,prev2_hash,232,24,24
97,6,2,prev2_hash,233,26,26
97,6,2,prev2_hash,234,4,4
97,6,2,prev2_hash,235,13,13
97,6,2,prev2_hash,236,3,3
97,6,2,prev2_hash,240,2,2
97,6,2,prev2_hash,249,2,2
97,6,2,prev2_hash,254,16,16
97,6,2,stream_band16,0,52,52
97,6,2,stream_band16,1,18,18
97,6,2,stream_band16,2,27,27
97,6,2,stream_band16,3,22,22
97,6,2,stream_band16,4,40,40
97,6,2,stream_band16,5,34,34
97,6,2,stream_band16,6,33,33
97,6,2,stream_band16,7,27,27
97,6,2,stream_band16,8,20,20
97,6,2,stream_band16,9,7,7
97,6,2,stream_band16,10,18,18
97,6,2,stream_band16,11,72,72
97,6,2,stream_band16,12,57,57
97,6,2,stream_band16,13,5,5
97,6,2,stream_band16,14,338,338
97,6,2,stream_band16,15,1444,1444
97,6,2,stream_band64,0,2,2
97,6,2,stream_band64,1,5,5
97,6,2,stream_band64,2,43,43
97,6,2,stream_band64,3,2,2
97,6,2,stream_band64,4,2,2
97,6,2,stream_band64,5,8,8
97,6,2,stream_band64,6,5,5
97,6,2,stream_band64,7,3,3
97,6,2,stream_band64,8,5,5
97,6,2,stream_band64,9,2,2
97,6,2,stream_band64,10,4,4
97,6,2,stream_band64,11,16,16
97,6,2,stream_band64,12,5,5
97,6,2,stream_band64,13,4,4
97,6,2,stream_band64,14,10,10
97,6,2,stream_band64,15,3,3
97,6,2,stream_band64,16,25,25
97,6,2,stream_band64,17,7,7
97,6,2,stream_band64,18,5,5
97,6,2,stream_band64,19,3,3
97,6,2,stream_band64,20,5,5
97,6,2,stream_band64,21,7,7
97,6,2,stream_band64,22,13,13
97,6,2,stream_band64,23,9,9
97,6,2,stream_band64,24,14,14
97,6,2,stream_band64,25,6,6
97,6,2,stream_band64,26,8,8
97,6,2,stream_band64,27,5,5
97,6,2,stream_band64,28,6,6
97,6,2,stream_band64,29,8,8
97,6,2,stream_band64,30,5,5
97,6,2,stream_band64,31,8,8
97,6,2,stream_band64,32,5,5
97,6,2,stream_band64,33,6,6
97,6,2,stream_band64,34,5,5
97,6,2,stream_band64,35,4,4
97,6,2,stream_band64,36,3,3
97,6,2,stream_band64,37,2,2
97,6,2,stream_band64,39,2,2
97,6,2,stream_band64,40,3,3
97,6,2,stream_band64,41,4,4
97,6,2,stream_band64,42,4,4
97,6,2,stream_band64,43,7,7
97,6,2,stream_band64,44,31,31
97,6,2,stream_band64,45,27,27
97,6,2,stream_band64,46,5,5
97,6,2,stream_band64,47,9,9
97,6,2,stream_band64,48,10,10
97,6,2,stream_band64,50,47,47
97,6,2,stream_band64,52,1,1
97,6,2,stream_band64,53,1,1
97,6,2,stream_band64,54,2,2
97,6,2,stream_band64,55,1,1
97,6,2,stream_band64,57,3,3
97,6,2,stream_band64,58,2,2
97,6,2,stream_band64,59,333,333
97,6,2,stream_band64,60,262,262
97,6,2,stream_band64,62,540,540
97,6,2,stream_band64,63,642,642
98,6,2,global,0,4581,4581
98,6,2,byte_class,4,4403,4403
98,6,2,byte_class,5,178,178
98,6,2,line_bucket,3,125,125
98,6,2,line_bucket,4,1749,1749
98,6,2,line_bucket,5,1382,1382
98,6,2,line_bucket,6,1325,1325
98,6,2,class_line,35,125,125
98,6,2,class_line,36,1648,1648
98,6,2,class_line,37,1341,1341
98,6,2,class_line,38,1289,1289
98,6,2,class_line,44,101,101
98,6,2,class_line,45,41,41
98,6,2,class_line,46,36,36
98,6,2,prev_byte,97,531,531
98,6,2,prev_byte,98,42,42
98,6,2,prev_byte,99,68,68
98,6,2,prev_byte,100,75,75
98,6,2,prev_byte,101,827,827
98,6,2,prev_byte,102,25,25
98,6,2,prev_byte,103,19,19
98,6,2,prev_byte,104,24,24
98,6,2,prev_byte,105,545,545
98,6,2,prev_byte,106,6,6
98,6,2,prev_byte,107,54,54
98,6,2,prev_byte,108,78,78
98,6,2,prev_byte,109,61,61
98,6,2,prev_byte,110,262,262
98,6,2,prev_byte,111,477,477
98,6,2,prev_byte,112,60,60
98,6,2,prev_byte,114,200,200
98,6,2,prev_byte,115,139,139
98,6,2,prev_byte,116,112,112
98,6,2,prev_byte,117,714,714
98,6,2,prev_byte,118,4,4
98,6,2,prev_byte,119,9,9
98,6,2,prev_byte,120,1,1
98,6,2,prev_byte,121,69,69
98,6,2,prev_byte,122,1,1
98,6,2,prev_byte,128,2,2
98,6,2,prev_byte,129,1,1
98,6,2,prev_byte,131,2,2
98,6,2,prev_byte,132,3,3
98,6,2,prev_byte,133,2,2
98,6,2,prev_byte,134,1,1
98,6,2,prev_byte,135,3,3
98,6,2,prev_byte,139,2,2
98,6,2,prev_byte,140,4,4
98,6,2,prev_byte,141,2,2
98,6,2,prev_byte,143,7,7
98,6,2,prev_byte,144,1,1
98,6,2,prev_byte,145,2,2
98,6,2,prev_byte,147,1,1
98,6,2,prev_byte,148,1,1
98,6,2,prev_byte,149,2,2
98,6,2,prev_byte,150,1,1
98,6,2,prev_byte,151,2,2
98,6,2,prev_byte,152,1,1
98,6,2,prev_byte,154,2,2
98,6,2,prev_byte,156,1,1
98,6,2,prev_byte,157,1,1
98,6,2,prev_byte,158,6,6
98,6,2,prev_byte,159,5,5
98,6,2,prev_byte,160,1,1
98,6,2,prev_byte,161,2,2
98,6,2,prev_byte,162,2,2
98,6,2,prev_byte,163,1,1
98,6,2,prev_byte,166,4,4
98,6,2,prev_byte,167,1,1
98,6,2,prev_byte,168,1,1
98,6,2,prev_byte,169,4,4
98,6,2,prev_byte,172,5,5
98,6,2,prev_byte,173,9,9
98,6,2,prev_byte,174,5,5
98,6,2,prev_byte,175,1,1
98,6,2,prev_byte,176,4,4
98,6,2,prev_byte,177,2,2
98,6,2,prev_byte,178,2,2
98,6,2,prev_byte,179,5,5
98,6,2,prev_byte,180,2,2
98,6,2,prev_byte,181,2,2
98,6,2,prev_byte,182,2,2
98,6,2,prev_byte,183,1,1
98,6,2,prev_byte,184,3,3
98,6,2,prev_byte,185,9,9
98,6,2,prev_byte,186,1,1
98,6,2,prev_byte,187,8,8
98,6,2,prev_byte,188,4,4
98,6,2,prev_byte,189,3,3
98,6,2,prev_byte,190,2,2
98,6,2,prev_byte,192,3,3
98,6,2,prev_byte,193,1,1
98,6,2,prev_byte,194,4,4
98,6,2,prev_byte,195,3,3
98,6,2,prev_byte,197,2,2
98,6,2,prev_byte,198,1,1
98,6,2,prev_byte,199,2,2
98,6,2,prev_byte,200,4,4
98,6,2,prev_byte,201,1,1
98,6,2,prev_byte,202,1,1
98,6,2,prev_byte,203,2,2
98,6,2,prev_byte,204,1,1
98,6,2,prev_byte,206,9,9
98,6,2,prev_byte,207,3,3
98,6,2,prev2_hash,3,1,1
98,6,2,prev2_hash,4,4,4
98,6,2,prev2_hash,7,1,1
98,6,2,prev2_hash,8,1,1
98,6,2,prev2_hash,9,2,2
98,6,2,prev2_hash,10,3,3
98,6,2,prev2_hash,12,1,1
98,6,2,prev2_hash,14,12,12
98,6,2,prev2_hash,15,3,3
98,6,2,prev2_hash,16,4,4
98,6,2,prev2_hash,17,2,2
98,6,2,prev2_hash,18,1,1
98,6,2,prev2_hash,19,1,1
98,6,2,prev2_hash,20,6,6
98,6,2,prev2_hash,21,2,2
98,6,2,prev2_hash,24,2,2
98,6,2,prev2_hash,25,3,3
98,6,2,prev2_hash,26,11,11
98,6,2,prev2_hash,27,2,2
98,6,2,prev2_hash,28,1,1
98,6,2,prev2_hash,30,2,2
98,6,2,prev2_hash,31,2,2
98,6,2,prev2_hash,33,1,1
98,6,2,prev2_hash,34,1,1
98,6,2,prev2_hash,35,2,2
98,6,2,prev2_hash,36,3,3
98,6,2,prev2_hash,41,1,1
98,6,2,prev2_hash,42,1,1
98,6,2,prev2_hash,45,3,3
98,6,2,prev2_hash,46,3,3
98,6,2,prev2_hash,49,1,1
98,6,2,prev2_hash,50,1,1
98,6,2,prev2_hash,52,1,1
98,6,2,prev2_hash,54,1,1
98,6,2,prev2_hash,55,1,1
98,6,2,prev2_hash,56,1,1
98,6,2,prev2_hash,61,1,1
98,6,2,prev2_hash,89,1,1
98,6,2,prev2_hash,93,1,1
98,6,2,prev2_hash,95,2,2
98,6,2,prev2_hash,97,1,1
98,6,2,prev2_hash,98,2,2
98,6,2,prev2_hash,100,2,2
98,6,2,prev2_hash,101,5,5
98,6,2,prev2_hash,102,2,2
98,6,2,prev2_hash,103,1,1
98,6,2,prev2_hash,104,1,1
98,6,2,prev2_hash,105,3,3
98,6,2,prev2_hash,106,4,4
98,6,2,prev2_hash,107,2,2
98,6,2,prev2_hash,108,3,3
98,6,2,prev2_hash,109,3,3
98,6,2,prev2_hash,110,3,3
98,6,2,prev2_hash,111,1,1
98,6,2,prev2_hash,113,2,2
98,6,2,prev2_hash,114,2,2
98,6,2,prev2_hash,115,1,1
98,6,2,prev2_hash,116,8,8
98,6,2,prev2_hash,117,4,4
98,6,2,prev2_hash,118,26,26
98,6,2,prev2_hash,119,3,3
98,6,2,prev2_hash,121,2,2
98,6,2,prev2_hash,122,1,1
98,6,2,prev2_hash,123,5,5
98,6,2,prev2_hash,124,2,2
98,6,2,prev2_hash,125,2,2
98,6,2,prev2_hash,126,2,2
98,6,2,prev2_hash,127,1,1
98,6,2,prev2_hash,128,4,4
98,6,2,prev2_hash,129,3,3
98,6,2,prev2_hash,130,3,3
98,6,2,prev2_hash,131,6,6
98,6,2,prev2_hash,132,1,1
98,6,2,prev2_hash,134,1,1
98,6,2,prev2_hash,135,1,1
98,6,2,prev2_hash,136,2,2
98,6,2,prev2_hash,137,3,3
98,6,2,prev2_hash,138,4,4
98,6,2,prev2_hash,139,1,1
98,6,2,prev2_hash,140,10,10
98,6,2,prev2_hash,141,7,7
98,6,2,prev2_hash,142,2,2
98,6,2,prev2_hash,143,1,1
98,6,2,prev2_hash,145,1,1
98,6,2,prev2_hash,146,3,3
98,6,2,prev2_hash,148,4,4
98,6,2,prev2_hash,150,5,5
98,6,2,prev2_hash,152,2,2
98,6,2,prev2_hash,153,1,1
98,6,2,prev2_hash,154,5,5
98,6,2,prev2_hash,155,4,4
98,6,2,prev2_hash,156,1,1
98,6,2,prev2_hash,157,5,5
98,6,2,prev2_hash,158,3,3
98,6,2,prev2_hash,159,1,1
98,6,2,prev2_hash,161,1,1
98,6,2,prev2_hash,162,5,5
98,6,2,prev2_hash,163,1,1
98,6,2,prev2_hash,164,1,1
98,6,2,prev2_hash,165,9,9
98,6,2,prev2_hash,166,1,1
98,6,2,prev2_hash,167,3,3
98,6,2,prev2_hash,168,4,4
98,6,2,prev2_hash,169,4,4
98,6,2,prev2_hash,170,1,1
98,6,2,prev2_hash,172,1,1
98,6,2,prev2_hash,173,1,1
98,6,2,prev2_hash,174,1,1
98,6,2,prev2_hash,176,3,3
98,6,2,prev2_hash,177,2,2
98,6,2,prev2_hash,179,7,7
98,6,2,prev2_hash,180,4,4
98,6,2,prev2_hash,181,2,2
98,6,2,prev2_hash,186,3,3
98,6,2,prev2_hash,194,16,16
98,6,2,prev2_hash,195,20,20
98,6,2,prev2_hash,196,28,28
98,6,2,prev2_hash,197,53,53
98,6,2,prev2_hash,198,15,15
98,6,2,prev2_hash,199,25,25
98,6,2,prev2_hash,200,32,32
98,6,2,prev2_hash,201,61,61
98,6,2,prev2_hash,202,102,102
98,6,2,prev2_hash,203,33,33
98,6,2,prev2_hash,204,122,122
98,6,2,prev2_hash,205,96,96
98,6,2,prev2_hash,206,164,164
98,6,2,prev2_hash,207,185,185
98,6,2,prev2_hash,208,38,38
98,6,2,prev2_hash,209,222,222
98,6,2,prev2_hash,210,102,102
98,6,2,prev2_hash,211,304,304
98,6,2,prev2_hash,212,61,61
98,6,2,prev2_hash,213,172,172
98,6,2,prev2_hash,214,70,70
98,6,2,prev2_hash,215,336,336
98,6,2,prev2_hash,216,206,206
98,6,2,prev2_hash,217,166,166
98,6,2,prev2_hash,218,107,107
98,6,2,prev2_hash,219,137,137
98,6,2,prev2_hash,220,175,175
98,6,2,prev2_hash,221,183,183
98,6,2,prev2_hash,222,159,159
98,6,2,prev2_hash,223,59,59
98,6,2,prev2_hash,224,22,22
98,6,2,prev2_hash,225,175,175
98,6,2,prev2_hash,226,128,128
98,6,2,prev2_hash,227,120,120
98,6,2,prev2_hash,228,20,20
98,6,2,prev2_hash,229,42,42
98,6,2,prev2_hash,230,21,21
98,6,2,prev2_hash,231,95,95
98,6,2,prev2_hash,232,46,46
98,6,2,prev2_hash,233,56,56
98,6,2,prev2_hash,234,20,20
98,6,2,prev2_hash,235,11,11
98,6,2,prev2_hash,236,11,11
98,6,2,prev2_hash,237,12,12
98,6,2,prev2_hash,238,5,5
98,6,2,prev2_hash,239,5,5
98,6,2,prev2_hash,240,4,4
98,6,2,prev2_hash,242,3,3
98,6,2,prev2_hash,245,2,2
98,6,2,prev2_hash,247,1,1
98,6,2,prev2_hash,248,2,2
98,6,2,prev2_hash,249,1,1
98,6,2,prev2_hash,250,2,2
98,6,2,prev2_hash,251,1,1
98,6,2,prev2_hash,254,1,1
98,6,2,prev2_hash,255,1,1
98,6,2,stream_band16,0,46,46
98,6,2,stream_band16,1,128,128
98,6,2,stream_band16,2,30,30
98,6,2,stream_band16,3,36,36
98,6,2,stream_band16,4,29,29
98,6,2,stream_band16,5,32,32
98,6,2,stream_band16,6,45,45
98,6,2,stream_band16,7,27,27
98,6,2,stream_band16,8,13,13
98,6,2,stream_band16,9,13,13
98,6,2,stream_band16,10,17,17
98,6,2,stream_band16,11,39,39
98,6,2,stream_band16,12,2,2
98,6,2,stream_band16,13,3,3
98,6,2,stream_band16,14,636,636
98,6,2,stream_band16,15,3485,3485
98,6,2,stream_band64,0,23,23
98,6,2,stream_band64,1,10,10
98,6,2,stream_band64,2,8,8
98,6,2,stream_band64,3,5,5
98,6,2,stream_band64,4,58,58
98,6,2,stream_band64,5,35,35
98,6,2,stream_band64,6,11,11
98,6,2,stream_band64,7,24,24
98,6,2,stream_band64,8,2,2
98,6,2,stream_band64,9,13,13
98,6,2,stream_band64,10,12,12
98,6,2,stream_band64,11,3,3
98,6,2,stream_band64,12,4,4
98,6,2,stream_band64,13,9,9
98,6,2,stream_band64,14,11,11
98,6,2,stream_band64,15,12,12
98,6,2,stream_band64,16,12,12
98,6,2,stream_band64,17,5,5
98,6,2,stream_band64,18,3,3
98,6,2,stream_band64,19,9,9
98,6,2,stream_band64,20,9,9
98,6,2,stream_band64,21,9,9
98,6,2,stream_band64,22,9,9
98,6,2,stream_band64,23,5,5
98,6,2,stream_band64,24,14,14
98,6,2,stream_band64,25,12,12
98,6,2,stream_band64,26,4,4
98,6,2,stream_band64,27,15,15
98,6,2,stream_band64,28,18,18
98,6,2,stream_band64,29,3,3
98,6,2,stream_band64,30,4,4
98,6,2,stream_band64,31,2,2
98,6,2,stream_band64,33,2,2
98,6,2,stream_band64,34,4,4
98,6,2,stream_band64,35,7,7
98,6,2,stream_band64,36,6,6
98,6,2,stream_band64,37,4,4
98,6,2,stream_band64,38,3,3
98,6,2,stream_band64,40,4,4
98,6,2,stream_band64,41,4,4
98,6,2,stream_band64,42,7,7
98,6,2,stream_band64,43,2,2
98,6,2,stream_band64,44,26,26
98,6,2,stream_band64,46,3,3
98,6,2,stream_band64,47,10,10
98,6,2,stream_band64,48,2,2
98,6,2,stream_band64,54,3,3
98,6,2,stream_band64,57,14,14
98,6,2,stream_band64,58,2,2
98,6,2,stream_band64,59,620,620
98,6,2,stream_band64,60,563,563
98,6,2,stream_band64,62,1291,1291
98,6,2,stream_band64,63,1631,1631
100,7,5,global,0,3253,2705
100,7,5,byte_class,7,3253,2705
100,7,5,line_bucket,4,485,483
100,7,5,line_bucket,5,2137,1877
100,7,5,line_bucket,6,631,345
100,7,5,class_line,60,485,483
100,7,5,class_line,61,2137,1877
100,7,5,class_line,62,631,345
100,7,5,prev_byte,64,3253,2705
100,7,5,prev2_hash,96,3247,2703
100,7,5,prev2_hash,111,2,2
100,7,5,prev2_hash,142,3,0
100,7,5,prev2_hash,145,1,0
100,7,5,stream_band16,0,1,1
100,7,5,stream_band16,1,1,0
100,7,5,stream_band16,4,4,4
100,7,5,stream_band16,5,2,0
100,7,5,stream_band16,6,20,1
100,7,5,stream_band16,7,5,4
100,7,5,stream_band16,8,1,0
100,7,5,stream_band16,9,1,1
100,7,5,stream_band16,10,1,1
100,7,5,stream_band16,11,18,15
100,7,5,stream_band16,12,69,68
100,7,5,stream_band16,13,1970,1959
100,7,5,stream_band16,14,89,87
100,7,5,stream_band16,15,1071,564
100,7,5,stream_band64,0,1,1
100,7,5,stream_band64,7,1,0
100,7,5,stream_band64,17,1,1
100,7,5,stream_band64,18,3,3
100,7,5,stream_band64,20,1,0
100,7,5,stream_band64,23,1,0
100,7,5,stream_band64,24,2,0
100,7,5,stream_band64,25,18,1
100,7,5,stream_band64,30,1,1
100,7,5,stream_band64,31,4,3
100,7,5,stream_band64,34,1,0
100,7,5,stream_band64,37,1,1
100,7,5,stream_band64,42,1,1
100,7,5,stream_band64,44,8,8
100,7,5,stream_band64,45,7,5
100,7,5,stream_band64,46,3,2
100,7,5,stream_band64,48,65,65
100,7,5,stream_band64,50,3,3
100,7,5,stream_band64,51,1,0
100,7,5,stream_band64,52,2,2
100,7,5,stream_band64,54,7,6
100,7,5,stream_band64,55,1961,1951
100,7,5,stream_band64,57,1,0
100,7,5,stream_band64,58,58,58
100,7,5,stream_band64,59,30,29
100,7,5,stream_band64,60,1071,564
101,6,2,global,0,4421,4421
101,6,2,byte_class,5,4420,4420
101,6,2,byte_class,7,1,1
101,6,2,line_bucket,3,1915,1915
101,6,2,line_bucket,4,2340,2340
101,6,2,line_bucket,5,155,155
101,6,2,line_bucket,6,11,11
101,6,2,class_line,43,1915,1915
101,6,2,class_line,44,2340,2340
101,6,2,class_line,45,155,155
101,6,2,class_line,46,10,10
101,6,2,class_line,62,1,1
101,6,2,prev_byte,12,1,1
101,6,2,prev_byte,223,4404,4404
101,6,2,prev_byte,226,1,1
101,6,2,prev_byte,228,2,2
101,6,2,prev_byte,251,12,12
101,6,2,prev_byte,253,1,1
101,6,2,prev2_hash,12,4399,4399
101,6,2,prev2_hash,59,12,12
101,6,2,prev2_hash,61,1,1
101,6,2,prev2_hash,207,1,1
101,6,2,prev2_hash,213,1,1
101,6,2,prev2_hash,214,5,5
101,6,2,prev2_hash,221,2,2
101,6,2,stream_band16,0,248,248
101,6,2,stream_band16,1,256,256
101,6,2,stream_band16,2,323,323
101,6,2,stream_band16,3,270,270
101,6,2,stream_band16,4,329,329
101,6,2,stream_band16,5,356,356
101,6,2,stream_band16,6,200,200
101,6,2,stream_band16,7,251,251
101,6,2,stream_band16,8,205,205
101,6,2,stream_band16,9,116,116
101,6,2,stream_band16,10,340,340
101,6,2,stream_band16,11,366,366
101,6,2,stream_band16,12,141,141
101,6,2,stream_band16,13,11,11
101,6,2,stream_band16,14,18,18
101,6,2,stream_band16,15,991,991
101,6,2,stream_band64,0,36,36
101,6,2,stream_band64,1,72,72
101,6,2,stream_band64,2,74,74
101,6,2,stream_band64,3,66,66
101,6,2,stream_band64,4,52,52
101,6,2,stream_band64,5,64,64
101,6,2,stream_band64,6,79,79
101,6,2,stream_band64,7,61,61
101,6,2,stream_band64,8,55,55
101,6,2,stream_band64,9,29,29
101,6,2,stream_band64,10,89,89
101,6,2,stream_band64,11,150,150
101,6,2,stream_band64,12,113,113
101,6,2,stream_band64,13,57,57
101,6,2,stream_band64,14,33,33
101,6,2,stream_band64,15,67,67
101,6,2,stream_band64,16,70,70
101,6,2,stream_band64,17,107,107
101,6,2,stream_band64,18,71,71
101,6,2,stream_band64,19,81,81
101,6,2,stream_band64,20,77,77
101,6,2,stream_band64,21,64,64
101,6,2,stream_band64,22,116,116
101,6,2,stream_band64,23,99,99
101,6,2,stream_band64,24,62,62
101,6,2,stream_band64,25,38,38
101,6,2,stream_band64,26,31,31
101,6,2,stream_band64,27,69,69
101,6,2,stream_band64,28,132,132
101,6,2,stream_band64,29,59,59
101,6,2,stream_band64,30,17,17
101,6,2,stream_band64,31,43,43
101,6,2,stream_band64,32,43,43
101,6,2,stream_band64,33,28,28
101,6,2,stream_band64,34,60,60
101,6,2,stream_band64,35,74,74
101,6,2,stream_band64,36,18,18
101,6,2,stream_band64,37,43,43
101,6,2,stream_band64,38,36,36
101,6,2,stream_band64,39,19,19
101,6,2,stream_band64,40,24,24
101,6,2,stream_band64,41,140,140
101,6,2,stream_band64,42,69,69
101,6,2,stream_band64,43,107,107
101,6,2,stream_band64,44,256,256
101,6,2,stream_band64,45,39,39
101,6,2,stream_band64,46,43,43
101,6,2,stream_band64,47,28,28
101,6,2,stream_band64,48,135,135
101,6,2,stream_band64,49,3,3
101,6,2,stream_band64,50,3,3
101,6,2,stream_band64,53,1,1
101,6,2,stream_band64,54,5,5
101,6,2,stream_band64,55,5,5
101,6,2,stream_band64,56,5,5
101,6,2,stream_band64,57,3,3
101,6,2,stream_band64,58,7,7
101,6,2,stream_band64,59,3,3
101,6,2,stream_band64,60,2,2
101,6,2,stream_band64,62,454,454
101,6,2,stream_band64,63,535,535
102,6,6,global,0,8291,2613
102,6,6,byte_class,1,5215,2612
102,6,6,byte_class,5,6,0
102,6,6,byte_class,7,3070,1
102,6,6,line_bucket,4,9,0
102,6,6,line_bucket,5,5304,1472
102,6,6,line_bucket,6,2978,1141
102,6,6,class_line,12,9,0
102,6,6,class_line,13,2430,1472
102,6,6,class_line,14,2776,1140
102,6,6,class_line,45,1,0
102,6,6,class_line,46,5,0
102,6,6,class_line,61,2873,0
102,6,6,class_line,62,197,1
102,6,6,prev_byte,32,5215,2612
102,6,6,prev_byte,45,1,0
102,6,6,prev_byte,46,2,1
102,6,6,prev_byte,95,3067,0
102,6,6,prev_byte,128,3,0
102,6,6,prev_byte,200,3,0
102,6,6,prev2_hash,0,28,0
102,6,6,prev2_hash,1,60,0
102,6,6,prev2_hash,2,21,0
102,6,6,prev2_hash,3,35,0
102,6,6,prev2_hash,4,14,0
102,6,6,prev2_hash,5,28,0
102,6,6,prev2_hash,6,53,0
102,6,6,prev2_hash,7,18,0
102,6,6,prev2_hash,8,36,0
102,6,6,prev2_hash,9,38,0
102,6,6,prev2_hash,10,24,0
102,6,6,prev2_hash,11,20,0
102,6,6,prev2_hash,12,10,0
102,6,6,prev2_hash,13,16,0
102,6,6,prev2_hash,14,23,0
102,6,6,prev2_hash,15,17,0
102,6,6,prev2_hash,16,58,0
102,6,6,prev2_hash,17,13,0
102,6,6,prev2_hash,18,15,0
102,6,6,prev2_hash,19,16,0
102,6,6,prev2_hash,20,30,0
102,6,6,prev2_hash,21,18,0
102,6,6,prev2_hash,22,21,0
102,6,6,prev2_hash,23,18,0
102,6,6,prev2_hash,24,10,0
102,6,6,prev2_hash,25,39,0
102,6,6,prev2_hash,26,21,0
102,6,6,prev2_hash,27,36,0
102,6,6,prev2_hash,28,26,0
102,6,6,prev2_hash,29,25,0
102,6,6,prev2_hash,30,13,0
102,6,6,prev2_hash,31,22,0
102,6,6,prev2_hash,32,10,0
102,6,6,prev2_hash,33,50,0
102,6,6,prev2_hash,34,45,0
102,6,6,prev2_hash,35,40,0
102,6,6,prev2_hash,36,21,0
102,6,6,prev2_hash,37,15,0
102,6,6,prev2_hash,38,26,0
102,6,6,prev2_hash,39,27,0
102,6,6,prev2_hash,40,18,0
102,6,6,prev2_hash,41,28,0
102,6,6,prev2_hash,42,31,0
102,6,6,prev2_hash,43,27,0
102,6,6,prev2_hash,44,29,0
102,6,6,prev2_hash,45,13,0
102,6,6,prev2_hash,46,36,0
102,6,6,prev2_hash,64,1,0
102,6,6,prev2_hash,107,3,0
102,6,6,prev2_hash,129,210,103
102,6,6,prev2_hash,130,12,7
102,6,6,prev2_hash,131,29,15
102,6,6,prev2_hash,132,99,32
102,6,6,prev2_hash,133,274,138
102,6,6,prev2_hash,135,39,17
102,6,6,prev2_hash,136,45,22
102,6,6,prev2_hash,137,20,10
102,6,6,prev2_hash,139,39,20
102,6,6,prev2_hash,140,49,24
102,6,6,prev2_hash,141,26,13
102,6,6,prev2_hash,142,197,102
102,6,6,prev2_hash,143,100,49
102,6,6,prev2_hash,144,12,7
102,6,6,prev2_hash,146,98,51
102,6,6,prev2_hash,147,128,65
102,6,6,prev2_hash,148,53,27
102,6,6,prev2_hash,149,16,8
102,6,6,prev2_hash,151,12,6
102,6,6,prev2_hash,152,5,3
102,6,6,prev2_hash,153,98,50
102,6,6,prev2_hash,154,4,2
102,6,6,prev2_hash,160,39,18
102,6,6,prev2_hash,161,70,36
102,6,6,prev2_hash,162,58,29
102,6,6,prev2_hash,163,40,21
102,6,6,prev2_hash,164,40,20
102,6,6,prev2_hash,165,47,24
102,6,6,prev2_hash,166,58,29
102,6,6,prev2_hash,167,73,37
102,6,6,prev2_hash,168,41,21
102,6,6,prev2_hash,169,41,21
102,6,6,prev2_hash,170,58,30
102,6,6,prev2_hash,171,50,26
102,6,6,prev2_hash,172,24,13
102,6,6,prev2_hash,173,24,13
102,6,6,prev2_hash,174,23,11
102,6,6,prev2_hash,175,19,10
102,6,6,prev2_hash,176,33,16
102,6,6,prev2_hash,177,47,24
102,6,6,prev2_hash,178,53,27
102,6,6,prev2_hash,179,43,22
102,6,6,prev2_hash,180,35,17
102,6,6,prev2_hash,181,32,16
102,6,6,prev2_hash,182,28,17
102,6,6,prev2_hash,183,92,47
102,6,6,prev2_hash,184,49,26
102,6,6,prev2_hash,185,37,19
102,6,6,prev2_hash,186,53,25
102,6,6,prev2_hash,187,45,23
102,6,6,prev2_hash,188,90,46
102,6,6,prev2_hash,189,82,41
102,6,6,prev2_hash,190,54,27
102,6,6,prev2_hash,191,32,16
102,6,6,prev2_hash,192,161,21
102,6,6,prev2_hash,193,57,22
102,6,6,prev2_hash,194,116,52
102,6,6,prev2_hash,195,88,19
102,6,6,prev2_hash,196,214,30
102,6,6,prev2_hash,197,32,17
102,6,6,prev2_hash,198,77,27
102,6,6,prev2_hash,199,110,43
102,6,6,prev2_hash,200,35,13
102,6,6,prev2_hash,201,64,33
102,6,6,prev2_hash,202,89,35
102,6,6,prev2_hash,203,69,20
102,6,6,prev2_hash,204,50,16
102,6,6,prev2_hash,205,136,11
102,6,6,prev2_hash,206,83,15
102,6,6,prev2_hash,207,44,19
102,6,6,prev2_hash,208,29,13
102,6,6,prev2_hash,209,147,48
102,6,6,prev2_hash,210,96,11
102,6,6,prev2_hash,211,68,9
102,6,6,prev2_hash,212,36,15
102,6,6,prev2_hash,213,45,24
102,6,6,prev2_hash,214,43,19
102,6,6,prev2_hash,215,38,17
102,6,6,prev2_hash,216,86,15
102,6,6,prev2_hash,217,18,6
102,6,6,prev2_hash,218,66,34
102,6,6,prev2_hash,219,40,21
102,6,6,prev2_hash,220,66,33
102,6,6,prev2_hash,221,42,21
102,6,6,prev2_hash,222,54,18
102,6,6,prev2_hash,223,51,13
102,6,6,prev2_hash,224,83,20
102,6,6,prev2_hash,225,57,10
102,6,6,prev2_hash,226,105,43
102,6,6,prev2_hash,227,102,39
102,6,6,prev2_hash,228,92,33
102,6,6,prev2_hash,229,69,17
102,6,6,prev2_hash,230,64,10
102,6,6,prev2_hash,231,70,25
102,6,6,prev2_hash,232,77,24
102,6,6,prev2_hash,233,60,13
102,6,6,prev2_hash,234,78,24
102,6,6,prev2_hash,235,61,23
102,6,6,prev2_hash,236,57,21
102,6,6,prev2_hash,237,59,25
102,6,6,prev2_hash,238,31,11
102,6,6,prev2_hash,239,69,26
102,6,6,prev2_hash,240,27,0
102,6,6,prev2_hash,241,30,0
102,6,6,prev2_hash,242,21,0
102,6,6,prev2_hash,243,22,0
102,6,6,prev2_hash,244,19,0
102,6,6,prev2_hash,245,19,0
102,6,6,prev2_hash,246,56,0
102,6,6,prev2_hash,247,32,0
102,6,6,prev2_hash,248,19,0
102,6,6,prev2_hash,249,30,0
102,6,6,prev2_hash,250,28,0
102,6,6,prev2_hash,251,56,0
102,6,6,prev2_hash,252,53,0
102,6,6,prev2_hash,253,33,0
102,6,6,prev2_hash,254,16,0
102,6,6,prev2_hash,255,29,0
102,6,6,stream_band16,10,32,0
102,6,6,stream_band16,11,47,0
102,6,6,stream_band16,12,1156,0
102,6,6,stream_band16,13,1262,0
102,6,6,stream_band16,14,5793,2613
102,6,6,stream_band16,15,1,0
102,6,6,stream_band64,42,32,0
102,6,6,stream_band64,44,3,0
102,6,6,stream_band64,45,43,0
102,6,6,stream_band64,47,1,0
102,6,6,stream_band64,48,74,0
102,6,6,stream_band64,49,305,0
102,6,6,stream_band64,50,439,0
102,6,6,stream_band64,51,338,0
102,6,6,stream_band64,52,699,0
102,6,6,stream_band64,53,300,0
102,6,6,stream_band64,54,103,0
102,6,6,stream_band64,55,160,0
102,6,6,stream_band64,56,29,0
102,6,6,stream_band64,57,2708,2613
102,6,6,stream_band64,58,13,0
102,6,6,stream_band64,59,3043,0
102,6,6,stream_band64,63,1,0
103,6,6,global,0,15003,2602
103,6,6,byte_class,2,3,0
103,6,6,byte_class,4,2428,485
103,6,6,byte_class,5,11224,1875
103,6,6,byte_class,6,11,0
103,6,6,byte_class,7,1337,242
103,6,6,line_bucket,3,953,0
103,6,6,line_bucket,4,3725,745
103,6,6,line_bucket,5,3998,1618
103,6,6,line_bucket,6,6327,239
103,6,6,class_line,22,3,0
103,6,6,class_line,35,35,0
103,6,6,class_line,36,873,148
103,6,6,class_line,37,424,337
103,6,6,class_line,38,1096,0
103,6,6,class_line,43,918,0
103,6,6,class_line,44,2639,597
103,6,6,class_line,45,3139,1039
103,6,6,class_line,46,4528,239
103,6,6,class_line,53,3,0
103,6,6,class_line,54,8,0
103,6,6,class_line,60,213,0
103,6,6,class_line,61,432,242
103,6,6,class_line,62,692,0
103,6,6,prev_byte,41,1337,242
103,6,6,prev_byte,49,1,0
103,6,6,prev_byte,50,1,0
103,6,6,prev_byte,53,1,0
103,6,6,prev_byte,93,11,0
103,6,6,prev_byte,97,307,58
103,6,6,prev_byte,98,5,1
103,6,6,prev_byte,99,79,7
103,6,6,prev_byte,100,206,40
103,6,6,prev_byte,101,503,100
103,6,6,prev_byte,102,1,0
103,6,6,prev_byte,103,66,17
103,6,6,prev_byte,104,105,14
103,6,6,prev_byte,105,20,5
103,6,6,prev_byte,107,43,13
103,6,6,prev_byte,108,37,11
103,6,6,prev_byte,109,21,5
103,6,6,prev_byte,110,418,88
103,6,6,prev_byte,111,149,31
103,6,6,prev_byte,112,12,3
103,6,6,prev_byte,114,93,23
103,6,6,prev_byte,115,59,13
103,6,6,prev_byte,116,104,22
103,6,6,prev_byte,117,54,3
103,6,6,prev_byte,119,22,6
103,6,6,prev_byte,120,31,0
103,6,6,prev_byte,121,78,21
103,6,6,prev_byte,122,15,4
103,6,6,prev_byte,128,56,13
103,6,6,prev_byte,129,34,6
103,6,6,prev_byte,130,104,24
103,6,6,prev_byte,131,18,3
103,6,6,prev_byte,132,71,13
103,6,6,prev_byte,133,41,8
103,6,6,prev_byte,134,39,10
103,6,6,prev_byte,135,45,11
103,6,6,prev_byte,136,7,1
103,6,6,prev_byte,137,19,4
103,6,6,prev_byte,138,37,10
103,6,6,prev_byte,139,97,21
103,6,6,prev_byte,140,51,13
103,6,6,prev_byte,141,14,4
103,6,6,prev_byte,142,20,6
103,6,6,prev_byte,143,24,8
103,6,6,prev_byte,144,37,9
103,6,6,prev_byte,145,39,9
103,6,6,prev_byte,146,97,11
103,6,6,prev_byte,147,25,3
103,6,6,prev_byte,148,28,7
103,6,6,prev_byte,149,26,7
103,6,6,prev_byte,150,21,5
103,6,6,prev_byte,151,39,8
103,6,6,prev_byte,152,39,8
103,6,6,prev_byte,153,34,8
103,6,6,prev_byte,154,34,8
103,6,6,prev_byte,155,34,7
103,6,6,prev_byte,156,58,13
103,6,6,prev_byte,157,46,9
103,6,6,prev_byte,158,35,8
103,6,6,prev_byte,159,33,9
103,6,6,prev_byte,160,23,6
103,6,6,prev_byte,161,35,7
103,6,6,prev_byte,162,41,8
103,6,6,prev_byte,163,191,48
103,6,6,prev_byte,164,52,8
103,6,6,prev_byte,165,14,4
103,6,6,prev_byte,166,37,7
103,6,6,prev_byte,167,42,10
103,6,6,prev_byte,168,16,4
103,6,6,prev_byte,169,54,13
103,6,6,prev_byte,170,157,12
103,6,6,prev_byte,171,11,4
103,6,6,prev_byte,172,17,4
103,6,6,prev_byte,173,35,7
103,6,6,prev_byte,174,7,1
103,6,6,prev_byte,175,356,5
103,6,6,prev_byte,176,97,19
103,6,6,prev_byte,177,213,10
103,6,6,prev_byte,178,136,14
103,6,6,prev_byte,179,67,11
103,6,6,prev_byte,180,44,6
103,6,6,prev_byte,181,35,8
103,6,6,prev_byte,182,29,9
103,6,6,prev_byte,183,17,3
103,6,6,prev_byte,184,40,8
103,6,6,prev_byte,185,19,4
103,6,6,prev_byte,186,25,6
103,6,6,prev_byte,187,28,7
103,6,6,prev_byte,188,88,20
103,6,6,prev_byte,189,51,13
103,6,6,prev_byte,190,38,10
103,6,6,prev_byte,191,34,9
103,6,6,prev_byte,192,46,9
103,6,6,prev_byte,193,38,9
103,6,6,prev_byte,194,32,7
103,6,6,prev_byte,195,146,33
103,6,6,prev_byte,196,54,12
103,6,6,prev_byte,197,150,19
103,6,6,prev_byte,198,7061,1126
103,6,6,prev_byte,199,47,13
103,6,6,prev_byte,200,32,8
103,6,6,prev_byte,201,30,7
103,6,6,prev_byte,202,42,7
103,6,6,prev_byte,203,16,3
103,6,6,prev_byte,204,53,13
103,6,6,prev_byte,205,26,7
103,6,6,prev_byte,206,35,3
103,6,6,prev_byte,207,65,10
103,6,6,prev2_hash,1,3,1
103,6,6,prev2_hash,12,1,0
103,6,6,prev2_hash,13,1,0
103,6,6,prev2_hash,14,2,0
103,6,6,prev2_hash,15,1,0
103,6,6,prev2_hash,16,2,1
103,6,6,prev2_hash,28,1,0
103,6,6,prev2_hash,35,2,0
103,6,6,prev2_hash,36,1,0
103,6,6,prev2_hash,40,1,0
103,6,6,prev2_hash,45,3,1
103,6,6,prev2_hash,59,1,0
103,6,6,prev2_hash,62,3,1
103,6,6,prev2_hash,82,2,0
103,6,6,prev2_hash,83,23,2
103,6,6,prev2_hash,85,3,1
103,6,6,prev2_hash,86,5,1
103,6,6,prev2_hash,87,53,14
103,6,6,prev2_hash,89,11,3
103,6,6,prev2_hash,90,14,3
103,6,6,prev2_hash,91,3,1
103,6,6,prev2_hash,92,87,18
103,6,6,prev2_hash,93,3,1
103,6,6,prev2_hash,94,12,2
103,6,6,prev2_hash,95,25,5
103,6,6,prev2_hash,96,7,2
103,6,6,prev2_hash,97,15,4
103,6,6,prev2_hash,98,32,7
103,6,6,prev2_hash,99,15,4
103,6,6,prev2_hash,100,16,2
103,6,6,prev2_hash,101,40,8
103,6,6,prev2_hash,102,63,15
103,6,6,prev2_hash,103,29,8
103,6,6,prev2_hash,104,15,3
103,6,6,prev2_hash,105,13,4
103,6,6,prev2_hash,106,62,11
103,6,6,prev2_hash,107,33,8
103,6,6,prev2_hash,108,27,7
103,6,6,prev2_hash,109,33,9
103,6,6,prev2_hash,110,21,6
103,6,6,prev2_hash,111,21,5
103,6,6,prev2_hash,112,45,10
103,6,6,prev2_hash,113,25,5
103,6,6,prev2_hash,114,48,11
103,6,6,prev2_hash,115,30,7
103,6,6,prev2_hash,116,29,7
103,6,6,prev2_hash,117,32,8
103,6,6,prev2_hash,118,10,2
103,6,6,prev2_hash,119,23,7
103,6,6,prev2_hash,120,48,12
103,6,6,prev2_hash,121,92,8
103,6,6,prev2_hash,122,44,11
103,6,6,prev2_hash,123,40,9
103,6,6,prev2_hash,124,24,7
103,6,6,prev2_hash,125,68,7
103,6,6,prev2_hash,126,44,11
103,6,6,prev2_hash,127,25,5
103,6,6,prev2_hash,128,5,1
103,6,6,prev2_hash,129,30,7
103,6,6,prev2_hash,130,35,8
103,6,6,prev2_hash,131,29,7
103,6,6,prev2_hash,132,19,3
103,6,6,prev2_hash,133,30,6
103,6,6,prev2_hash,134,51,9
103,6,6,prev2_hash,135,18,3
103,6,6,prev2_hash,136,21,4
103,6,6,prev2_hash,137,14,3
103,6,6,prev2_hash,138,25,6
103,6,6,prev2_hash,139,23,7
103,6,6,prev2_hash,140,40,8
103,6,6,prev2_hash,141,377,9
103,6,6,prev2_hash,142,39,9
103,6,6,prev2_hash,143,13,4
103,6,6,prev2_hash,144,26,6
103,6,6,prev2_hash,145,13,4
103,6,6,prev2_hash,146,135,21
103,6,6,prev2_hash,147,46,9
103,6,6,prev2_hash,148,33,8
103,6,6,prev2_hash,149,205,51
103,6,6,prev2_hash,150,218,10
103,6,6,prev2_hash,151,81,16
103,6,6,prev2_hash,152,35,7
103,6,6,prev2_hash,153,50,12
103,6,6,prev2_hash,154,78,13
103,6,6,prev2_hash,155,14,3
103,6,6,prev2_hash,156,31,3
103,6,6,prev2_hash,157,32,7
103,6,6,prev2_hash,158,29,5
103,6,6,prev2_hash,159,32,8
103,6,6,prev2_hash,160,75,17
103,6,6,prev2_hash,161,150,9
103,6,6,prev2_hash,162,25,6
103,6,6,prev2_hash,163,28,5
103,6,6,prev2_hash,164,53,10
103,6,6,prev2_hash,165,33,7
103,6,6,prev2_hash,166,106,25
103,6,6,prev2_hash,167,99,20
103,6,6,prev2_hash,168,39,10
103,6,6,prev2_hash,169,40,9
103,6,6,prev2_hash,170,33,7
103,6,6,prev2_hash,171,73,5
103,6,6,prev2_hash,172,25,6
103,6,6,prev2_hash,173,4,1
103,6,6,prev2_hash,174,24,6
103,6,6,prev2_hash,175,47,12
103,6,6,prev2_hash,176,21,4
103,6,6,prev2_hash,177,20,5
103,6,6,prev2_hash,178,42,10
103,6,6,prev2_hash,179,64,9
103,6,6,prev2_hash,180,6,2
103,6,6,prev2_hash,181,16,5
103,6,6,prev2_hash,182,11,2
103,6,6,prev2_hash,183,3,1
103,6,6,prev2_hash,184,3,1
103,6,6,prev2_hash,185,10,2
103,6,6,prev2_hash,186,5,1
103,6,6,prev2_hash,187,8,2
103,6,6,prev2_hash,188,8,2
103,6,6,prev2_hash,189,4,1
103,6,6,prev2_hash,190,6,1
103,6,6,prev2_hash,191,11,1
103,6,6,prev2_hash,193,1,0
103,6,6,prev2_hash,194,9,2
103,6,6,prev2_hash,195,12,3
103,6,6,prev2_hash,196,48,7
103,6,6,prev2_hash,197,7022,1116
103,6,6,prev2_hash,199,9,2
103,6,6,prev2_hash,200,10,2
103,6,6,prev2_hash,201,117,13
103,6,6,prev2_hash,202,91,20
103,6,6,prev2_hash,203,3,1
103,6,6,prev2_hash,204,31,7
103,6,6,prev2_hash,205,20,4
103,6,6,prev2_hash,206,77,14
103,6,6,prev2_hash,207,143,29
103,6,6,prev2_hash,208,101,17
103,6,6,prev2_hash,209,268,63
103,6,6,prev2_hash,210,118,22
103,6,6,prev2_hash,211,125,27
103,6,6,prev2_hash,212,24,5
103,6,6,prev2_hash,213,32,9
103,6,6,prev2_hash,214,146,20
103,6,6,prev2_hash,215,131,30
103,6,6,prev2_hash,216,94,14
103,6,6,prev2_hash,217,118,33
103,6,6,prev2_hash,218,1253,219
103,6,6,prev2_hash,219,99,14
103,6,6,prev2_hash,220,50,11
103,6,6,prev2_hash,221,215,45
103,6,6,prev2_hash,222,42,11
103,6,6,prev2_hash,223,22,3
103,6,6,prev2_hash,224,34,6
103,6,6,prev2_hash,225,58,15
103,6,6,prev2_hash,226,25,7
103,6,6,prev2_hash,227,35,8
103,6,6,prev2_hash,228,3,1
103,6,6,prev2_hash,229,45,12
103,6,6,prev2_hash,230,11,3
103,6,6,prev2_hash,231,9,3
103,6,6,prev2_hash,232,39,10
103,6,6,prev2_hash,233,4,1
103,6,6,prev2_hash,234,1,1
103,6,6,prev2_hash,235,17,4
103,6,6,prev2_hash,237,3,1
103,6,6,prev2_hash,238,5,1
103,6,6,prev2_hash,240,31,0
103,6,6,prev2_hash,241,1,0
103,6,6,stream_band16,0,50,0
103,6,6,stream_band16,1,39,0
103,6,6,stream_band16,2,24,0
103,6,6,stream_band16,3,31,0
103,6,6,stream_band16,4,76,0
103,6,6,stream_band16,5,60,0
103,6,6,stream_band16,6,147,0
103,6,6,stream_band16,7,172,0
103,6,6,stream_band16,8,39,0
103,6,6,stream_band16,9,26,0
103,6,6,stream_band16,10,429,0
103,6,6,stream_band16,11,182,1
103,6,6,stream_band16,12,155,1
103,6,6,stream_band16,13,10970,1955
103,6,6,stream_band16,14,1377,144
103,6,6,stream_band16,15,1226,501
103,6,6,stream_band64,0,4,0
103,6,6,stream_band64,1,15,0
103,6,6,stream_band64,2,22,0
103,6,6,stream_band64,3,9,0
103,6,6,stream_band64,4,4,0
103,6,6,stream_band64,5,21,0
103,6,6,stream_band64,6,6,0
103,6,6,stream_band64,7,8,0
103,6,6,stream_band64,8,3,0
103,6,6,stream_band64,9,11,0
103,6,6,stream_band64,10,3,0
103,6,6,stream_band64,11,7,0
103,6,6,stream_band64,12,4,0
103,6,6,stream_band64,13,20,0
103,6,6,stream_band64,14,5,0
103,6,6,stream_band64,15,2,0
103,6,6,stream_band64,16,19,0
103,6,6,stream_band64,17,19,0
103,6,6,stream_band64,18,11,0
103,6,6,stream_band64,19,27,0
103,6,6,stream_band64,20,14,0
103,6,6,stream_band64,21,11,0
103,6,6,stream_band64,22,5,0
103,6,6,stream_band64,23,30,0
103,6,6,stream_band64,24,55,0
103,6,6,stream_band64,25,34,0
103,6,6,stream_band64,26,18,0
103,6,6,stream_band64,27,40,0
103,6,6,stream_band64,28,19,0
103,6,6,stream_band64,29,29,0
103,6,6,stream_band64,30,57,0
103,6,6,stream_band64,31,67,0
103,6,6,stream_band64,32,21,0
103,6,6,stream_band64,33,6,0
103,6,6,stream_band64,34,3,0
103,6,6,stream_band64,35,9,0
103,6,6,stream_band64,36,1,0
103,6,6,stream_band64,37,15,0
103,6,6,stream_band64,38,4,0
103,6,6,stream_band64,39,6,0
103,6,6,stream_band64,40,10,0
103,6,6,stream_band64,41,14,0
103,6,6,stream_band64,42,140,0
103,6,6,stream_band64,43,265,0
103,6,6,stream_band64,44,81,1
103,6,6,stream_band64,45,20,0
103,6,6,stream_band64,46,22,0
103,6,6,stream_band64,47,59,0
103,6,6,stream_band64,48,149,1
103,6,6,stream_band64,49,2,0
103,6,6,stream_band64,50,3,0
103,6,6,stream_band64,51,1,0
103,6,6,stream_band64,52,28,3
103,6,6,stream_band64,53,88,12
103,6,6,stream_band64,54,10820,1937
103,6,6,stream_band64,55,34,3
103,6,6,stream_band64,56,5,0
103,6,6,stream_band64,57,15,0
103,6,6,stream_band64,58,1171,139
103,6,6,stream_band64,59,186,5
103,6,6,stream_band64,60,1219,501
103,6,6,stream_band64,63,7,0
105,25,6,global,0,1573,891
105,25,6,byte_class,0,1573,891
105,25,6,line_bucket,0,1573,891
105,25,6,class_line,0,1573,891
105,25,6,prev_byte,10,1573,891
105,25,6,prev2_hash,88,1573,891
105,25,6,stream_band16,1,3,0
105,25,6,stream_band16,4,2,0
105,25,6,stream_band16,5,1,0
105,25,6,stream_band16,7,1,0
105,25,6,stream_band16,8,1,0
105,25,6,stream_band16,10,1,0
105,25,6,stream_band16,12,1,0
105,25,6,stream_band16,14,1016,563
105,25,6,stream_band16,15,547,328
105,25,6,stream_band64,4,1,0
105,25,6,stream_band64,6,2,0
105,25,6,stream_band64,16,1,0
105,25,6,stream_band64,18,1,0
105,25,6,stream_band64,23,1,0
105,25,6,stream_band64,31,1,0
105,25,6,stream_band64,32,1,0
105,25,6,stream_band64,41,1,0
105,25,6,stream_band64,51,1,0
105,25,6,stream_band64,59,1016,563
105,25,6,stream_band64,60,547,328
107,6,2,global,0,5834,4094
107,6,2,byte_class,0,4665,3313
107,6,2,byte_class,1,5,3
107,6,2,byte_class,3,1164,778
107,6,2,line_bucket,0,4665,3313
107,6,2,line_bucket,1,42,33
107,6,2,line_bucket,2,1,1
107,6,2,line_bucket,5,1125,746
107,6,2,line_bucket,6,1,1
107,6,2,class_line,0,4665,3313
107,6,2,class_line,9,4,2
107,6,2,class_line,10,1,1
107,6,2,class_line,25,38,31
107,6,2,class_line,29,1125,746
107,6,2,class_line,30,1,1
107,6,2,prev_byte,9,1,1
107,6,2,prev_byte,10,4665,3313
107,6,2,prev_byte,32,4,2
107,6,2,prev_byte,74,38,31
107,6,2,prev_byte,78,1126,747
107,6,2,prev2_hash,19,1,0
107,6,2,prev2_hash,20,2032,1593
107,6,2,prev2_hash,41,1,1
107,6,2,prev2_hash,42,93,48
107,6,2,prev2_hash,44,4,1
107,6,2,prev2_hash,49,147,58
107,6,2,prev2_hash,51,208,11
107,6,2,prev2_hash,55,11,8
107,6,2,prev2_hash,56,124,78
107,6,2,prev2_hash,58,2,1
107,6,2,prev2_hash,67,1,0
107,6,2,prev2_hash,84,165,104
107,6,2,prev2_hash,87,1167,927
107,6,2,prev2_hash,88,281,219
107,6,2,prev2_hash,91,294,187
107,6,2,prev2_hash,92,95,46
107,6,2,prev2_hash,103,58,45
107,6,2,prev2_hash,105,7,7
107,6,2,prev2_hash,109,1,1
107,6,2,prev2_hash,112,1125,746
107,6,2,prev2_hash,120,1,1
107,6,2,prev2_hash,123,1,1
107,6,2,prev2_hash,154,1,1
107,6,2,prev2_hash,158,1,1
107,6,2,prev2_hash,162,1,1
107,6,2,prev2_hash,170,1,1
107,6,2,prev2_hash,177,1,1
107,6,2,prev2_hash,178,1,1
107,6,2,prev2_hash,181,2,0
107,6,2,prev2_hash,182,1,1
107,6,2,prev2_hash,187,1,0
107,6,2,prev2_hash,193,1,1
107,6,2,prev2_hash,199,1,1
107,6,2,prev2_hash,206,1,0
107,6,2,prev2_hash,217,2,2
107,6,2,stream_band16,0,431,136
107,6,2,stream_band16,1,319,247
107,6,2,stream_band16,2,473,383
107,6,2,stream_band16,3,327,283
107,6,2,stream_band16,4,212,166
107,6,2,stream_band16,5,308,199
107,6,2,stream_band16,6,200,151
107,6,2,stream_band16,7,258,187
107,6,2,stream_band16,8,400,289
107,6,2,stream_band16,9,787,499
107,6,2,stream_band16,10,828,585
107,6,2,stream_band16,11,787,523
107,6,2,stream_band16,12,220,196
107,6,2,stream_band16,13,234,206
107,6,2,stream_band16,14,42,37
107,6,2,stream_band16,15,8,7
107,6,2,stream_band64,0,115,48
107,6,2,stream_band64,1,204,36
107,6,2,stream_band64,2,69,20
107,6,2,stream_band64,3,43,32
107,6,2,stream_band64,4,39,14
107,6,2,stream_band64,5,72,67
107,6,2,stream_band64,6,84,81
107,6,2,stream_band64,7,124,85
107,6,2,stream_band64,8,85,81
107,6,2,stream_band64,9,185,142
107,6,2,stream_band64,10,95,77
107,6,2,stream_band64,11,108,83
107,6,2,stream_band64,12,65,39
107,6,2,stream_band64,13,166,160
107,6,2,stream_band64,14,50,41
107,6,2,stream_band64,15,46,43
107,6,2,stream_band64,16,77,58
107,6,2,stream_band64,17,95,91
107,6,2,stream_band64,18,22,8
107,6,2,stream_band64,19,18,9
107,6,2,stream_band64,20,49,35
107,6,2,stream_band64,21,180,99
107,6,2,stream_band64,22,19,14
107,6,2,stream_band64,23,60,51
107,6,2,stream_band64,24,51,44
107,6,2,stream_band64,25,83,57
107,6,2,stream_band64,26,14,9
107,6,2,stream_band64,27,52,41
107,6,2,stream_band64,28,39,33
107,6,2,stream_band64,29,83,54
107,6,2,stream_band64,30,46,31
107,6,2,stream_band64,31,90,69
107,6,2,stream_band64,32,78,55
107,6,2,stream_band64,33,77,50
107,6,2,stream_band64,34,138,112
107,6,2,stream_band64,35,107,72
107,6,2,stream_band64,36,182,94
107,6,2,stream_band64,37,243,211
107,6,2,stream_band64,38,150,86
107,6,2,stream_band64,39,212,108
107,6,2,stream_band64,40,187,83
107,6,2,stream_band64,41,315,239
107,6,2,stream_band64,42,259,227
107,6,2,stream_band64,43,67,36
107,6,2,stream_band64,44,167,27
107,6,2,stream_band64,45,129,117
107,6,2,stream_band64,46,375,310
107,6,2,stream_band64,47,116,69
107,6,2,stream_band64,48,60,52
107,6,2,stream_band64,49,21,15
107,6,2,stream_band64,50,88,82
107,6,2,stream_band64,51,51,47
107,6,2,stream_band64,52,28,18
107,6,2,stream_band64,53,174,167
107,6,2,stream_band64,54,14,10
107,6,2,stream_band64,55,18,11
107,6,2,stream_band64,57,8,8
107,6,2,stream_band64,58,21,20
107,6,2,stream_band64,59,13,9
107,6,2,stream_band64,63,8,7
108,6,6,global,0,13467,729
108,6,6,byte_class,5,13467,729
108,6,6,line_bucket,2,6,0
108,6,6,line_bucket,3,92,0
108,6,6,line_bucket,4,1325,28
108,6,6,line_bucket,5,1652,92
108,6,6,line_bucket,6,10392,609
108,6,6,class_line,42,6,0
108,6,6,class_line,43,92,0
108,6,6,class_line,44,1325,28
108,6,6,class_line,45,1652,92
108,6,6,class_line,46,10392,609
108,6,6,prev_byte,233,13455,729
108,6,6,prev_byte,245,12,0
108,6,6,prev2_hash,41,13455,729
108,6,6,prev2_hash,53,12,0
108,6,6,stream_band16,0,802,2
108,6,6,stream_band16,1,259,2
108,6,6,stream_band16,2,198,1
108,6,6,stream_band16,3,199,0
108,6,6,stream_band16,4,1094,0
108,6,6,stream_band16,5,593,1
108,6,6,stream_band16,6,493,1
108,6,6,stream_band16,7,1357,3
108,6,6,stream_band16,8,428,1
108,6,6,stream_band16,9,302,2
108,6,6,stream_band16,10,871,5
108,6,6,stream_band16,11,761,7
108,6,6,stream_band16,12,440,2
108,6,6,stream_band16,13,3945,93
108,6,6,stream_band16,14,1087,22
108,6,6,stream_band16,15,638,587
108,6,6,stream_band64,0,68,0
108,6,6,stream_band64,1,253,1
108,6,6,stream_band64,2,275,1
108,6,6,stream_band64,3,206,0
108,6,6,stream_band64,4,53,0
108,6,6,stream_band64,5,79,1
108,6,6,stream_band64,6,47,1
108,6,6,stream_band64,7,80,0
108,6,6,stream_band64,8,58,1
108,6,6,stream_band64,9,15,0
108,6,6,stream_band64,10,25,0
108,6,6,stream_band64,11,100,0
108,6,6,stream_band64,12,28,0
108,6,6,stream_band64,13,64,0
108,6,6,stream_band64,14,18,0
108,6,6,stream_band64,15,89,0
108,6,6,stream_band64,16,206,0
108,6,6,stream_band64,17,464,0
108,6,6,stream_band64,18,168,0
108,6,6,stream_band64,19,256,0
108,6,6,stream_band64,20,222,1
108,6,6,stream_band64,21,78,0
108,6,6,stream_band64,22,97,0
108,6,6,stream_band64,23,196,0
108,6,6,stream_band64,24,230,0
108,6,6,stream_band64,25,127,0
108,6,6,stream_band64,26,99,1
108,6,6,stream_band64,27,37,0
108,6,6,stream_band64,28,56,0
108,6,6,stream_band64,29,88,0
108,6,6,stream_band64,30,328,1
108,6,6,stream_band64,31,885,2
108,6,6,stream_band64,32,162,0
108,6,6,stream_band64,33,59,0
108,6,6,stream_band64,34,45,0
108,6,6,stream_band64,35,162,1
108,6,6,stream_band64,36,61,0
108,6,6,stream_band64,37,134,2
108,6,6,stream_band64,38,33,0
108,6,6,stream_band64,39,74,0
108,6,6,stream_band64,40,28,0
108,6,6,stream_band64,41,82,0
108,6,6,stream_band64,42,263,3
108,6,6,stream_band64,43,498,2
108,6,6,stream_band64,44,195,2
108,6,6,stream_band64,45,178,2
108,6,6,stream_band64,46,166,0
108,6,6,stream_band64,47,222,3
108,6,6,stream_band64,48,373,2
108,6,6,stream_band64,49,12,0
108,6,6,stream_band64,50,28,0
108,6,6,stream_band64,51,27,0
108,6,6,stream_band64,52,30,0
108,6,6,stream_band64,53,13,0
108,6,6,stream_band64,54,32,0
108,6,6,stream_band64,55,3870,93
108,6,6,stream_band64,56,12,0
108,6,6,stream_band64,57,86,2
108,6,6,stream_band64,58,867,0
108,6,6,stream_band64,59,122,20
108,6,6,stream_band64,60,585,575
108,6,6,stream_band64,62,14,1
108,6,6,stream_band64,63,39,11
109,6,2,global,0,1690,1690
109,6,2,byte_class,5,1463,1463
109,6,2,byte_class,7,227,227
109,6,2,line_bucket,3,73,73
109,6,2,line_bucket,4,461,461
109,6,2,line_bucket,5,643,643
109,6,2,line_bucket,6,513,513
109,6,2,class_line,43,72,72
109,6,2,class_line,44,423,423
109,6,2,class_line,45,567,567
109,6,2,class_line,46,401,401
109,6,2,class_line,59,1,1
109,6,2,class_line,60,38,38
109,6,2,class_line,61,76,76
109,6,2,class_line,62,112,112
109,6,2,prev_byte,12,227,227
109,6,2,prev_byte,208,26,26
109,6,2,prev_byte,209,24,24
109,6,2,prev_byte,210,14,14
109,6,2,prev_byte,211,12,12
109,6,2,prev_byte,212,26,26
109,6,2,prev_byte,213,21,21
109,6,2,prev_byte,214,81,81
109,6,2,prev_byte,215,6,6
109,6,2,prev_byte,216,7,7
109,6,2,prev_byte,217,20,20
109,6,2,prev_byte,218,18,18
109,6,2,prev_byte,219,12,12
109,6,2,prev_byte,220,19,19
109,6,2,prev_byte,221,52,52
109,6,2,prev_byte,222,18,18
109,6,2,prev_byte,223,8,8
109,6,2,prev_byte,224,27,27
109,6,2,prev_byte,225,49,49
109,6,2,prev_byte,226,71,71
109,6,2,prev_byte,227,44,44
109,6,2,prev_byte,228,9,9
109,6,2,prev_byte,229,26,26
109,6,2,prev_byte,230,20,20
109,6,2,prev_byte,231,40,40
109,6,2,prev_byte,232,36,36
109,6,2,prev_byte,233,10,10
109,6,2,prev_byte,234,7,7
109,6,2,prev_byte,235,20,20
109,6,2,prev_byte,236,18,18
109,6,2,prev_byte,237,16,16
109,6,2,prev_byte,238,16,16
109,6,2,prev_byte,239,100,100
109,6,2,prev_byte,241,2,2
109,6,2,prev_byte,242,2,2
109,6,2,prev_byte,243,1,1
109,6,2,prev_byte,244,5,5
109,6,2,prev_byte,247,9,9
109,6,2,prev_byte,248,10,10
109,6,2,prev_byte,249,9,9
109,6,2,prev_byte,250,2,2
109,6,2,prev_byte,251,11,11
109,6,2,prev_byte,252,20,20
109,6,2,prev_byte,253,500,500
109,6,2,prev_byte,254,13,13
109,6,2,prev_byte,255,6,6
109,6,2,prev2_hash,0,10,10
109,6,2,prev2_hash,1,11,11
109,6,2,prev2_hash,2,35,35
109,6,2,prev2_hash,3,20,20
109,6,2,prev2_hash,4,4,4
109,6,2,prev2_hash,5,4,4
109,6,2,prev2_hash,6,3,3
109,6,2,prev2_hash,7,5,5
109,6,2,prev2_hash,8,7,7
109,6,2,prev2_hash,12,1,1
109,6,2,prev2_hash,13,4,4
109,6,2,prev2_hash,14,12,12
109,6,2,prev2_hash,15,31,31
109,6,2,prev2_hash,17,2,2
109,6,2,prev2_hash,18,3,3
109,6,2,prev2_hash,21,14,14
109,6,2,prev2_hash,22,1,1
109,6,2,prev2_hash,24,5,5
109,6,2,prev2_hash,25,4,4
109,6,2,prev2_hash,26,2,2
109,6,2,prev2_hash,27,2,2
109,6,2,prev2_hash,29,40,40
109,6,2,prev2_hash,30,17,17
109,6,2,prev2_hash,31,2,2
109,6,2,prev2_hash,32,1,1
109,6,2,prev2_hash,34,5,5
109,6,2,prev2_hash,37,5,5
109,6,2,prev2_hash,38,3,3
109,6,2,prev2_hash,39,10,10
109,6,2,prev2_hash,40,6,6
109,6,2,prev2_hash,43,17,17
109,6,2,prev2_hash,44,8,8
109,6,2,prev2_hash,47,54,54
109,6,2,prev2_hash,51,1,1
109,6,2,prev2_hash,52,5,5
109,6,2,prev2_hash,55,9,9
109,6,2,prev2_hash,56,5,5
109,6,2,prev2_hash,57,6,6
109,6,2,prev2_hash,59,9,9
109,6,2,prev2_hash,60,20,20
109,6,2,prev2_hash,61,500,500
109,6,2,prev2_hash,62,1,1
109,6,2,prev2_hash,63,4,4
109,6,2,prev2_hash,65,3,3
109,6,2,prev2_hash,66,2,2
109,6,2,prev2_hash,77,2,2
109,6,2,prev2_hash,80,1,1
109,6,2,prev2_hash,93,1,1
109,6,2,prev2_hash,140,3,3
109,6,2,prev2_hash,143,4,4
109,6,2,prev2_hash,144,1,1
109,6,2,prev2_hash,147,2,2
109,6,2,prev2_hash,150,2,2
109,6,2,prev2_hash,151,2,2
109,6,2,prev2_hash,152,1,1
109,6,2,prev2_hash,156,1,1
109,6,2,prev2_hash,159,2,2
109,6,2,prev2_hash,161,2,2
109,6,2,prev2_hash,168,48,48
109,6,2,prev2_hash,169,1,1
109,6,2,prev2_hash,170,3,3
109,6,2,prev2_hash,174,2,2
109,6,2,prev2_hash,175,2,2
109,6,2,prev2_hash,178,1,1
109,6,2,prev2_hash,185,1,1
109,6,2,prev2_hash,186,2,2
109,6,2,prev2_hash,187,16,16
109,6,2,prev2_hash,190,2,2
109,6,2,prev2_hash,192,4,4
109,6,2,prev2_hash,193,2,2
109,6,2,prev2_hash,195,19,19
109,6,2,prev2_hash,196,21,21
109,6,2,prev2_hash,197,8,8
109,6,2,prev2_hash,198,13,13
109,6,2,prev2_hash,199,5,5
109,6,2,prev2_hash,200,9,9
109,6,2,prev2_hash,201,16,16
109,6,2,prev2_hash,202,6,6
109,6,2,prev2_hash,203,2,2
109,6,2,prev2_hash,204,67,67
109,6,2,prev2_hash,205,11,11
109,6,2,prev2_hash,206,11,11
109,6,2,prev2_hash,207,6,6
109,6,2,prev2_hash,208,21,21
109,6,2,prev2_hash,209,13,13
109,6,2,prev2_hash,210,13,13
109,6,2,prev2_hash,211,17,17
109,6,2,prev2_hash,212,25,25
109,6,2,prev2_hash,213,49,49
109,6,2,prev2_hash,214,22,22
109,6,2,prev2_hash,215,15,15
109,6,2,prev2_hash,216,12,12
109,6,2,prev2_hash,217,17,17
109,6,2,prev2_hash,218,8,8
109,6,2,prev2_hash,219,15,15
109,6,2,prev2_hash,220,18,18
109,6,2,prev2_hash,221,6,6
109,6,2,prev2_hash,222,18,18
109,6,2,prev2_hash,223,15,15
109,6,2,prev2_hash,224,19,19
109,6,2,prev2_hash,225,7,7
109,6,2,prev2_hash,226,21,21
109,6,2,prev2_hash,227,79,79
109,6,2,prev2_hash,228,14,14
109,6,2,prev2_hash,229,6,6
109,6,2,prev2_hash,230,10,10
109,6,2,prev2_hash,231,8,8
109,6,2,prev2_hash,232,3,3
109,6,2,prev2_hash,233,4,4
109,6,2,prev2_hash,234,2,2
109,6,2,prev2_hash,236,11,11
109,6,2,prev2_hash,240,7,7
109,6,2,stream_band16,0,78,78
109,6,2,stream_band16,1,11,11
109,6,2,stream_band16,2,19,19
109,6,2,stream_band16,3,13,13
109,6,2,stream_band16,4,52,52
109,6,2,stream_band16,5,17,17
109,6,2,stream_band16,6,13,13
109,6,2,stream_band16,7,12,12
109,6,2,stream_band16,8,16,16
109,6,2,stream_band16,9,12,12
109,6,2,stream_band16,10,11,11
109,6,2,stream_band16,11,27,27
109,6,2,stream_band16,12,436,436
109,6,2,stream_band16,13,4,4
109,6,2,stream_band16,14,259,259
109,6,2,stream_band16,15,710,710
109,6,2,stream_band64,1,5,5
109,6,2,stream_band64,2,69,69
109,6,2,stream_band64,3,4,4
109,6,2,stream_band64,4,3,3
109,6,2,stream_band64,5,3,3
109,6,2,stream_band64,6,3,3
109,6,2,stream_band64,7,2,2
109,6,2,stream_band64,8,4,4
109,6,2,stream_band64,9,9,9
109,6,2,stream_band64,10,5,5
109,6,2,stream_band64,11,1,1
109,6,2,stream_band64,12,6,6
109,6,2,stream_band64,13,1,1
109,6,2,stream_band64,14,2,2
109,6,2,stream_band64,15,4,4
109,6,2,stream_band64,16,7,7
109,6,2,stream_band64,17,7,7
109,6,2,stream_band64,18,6,6
109,6,2,stream_band64,19,32,32
109,6,2,stream_band64,20,2,2
109,6,2,stream_band64,21,2,2
109,6,2,stream_band64,22,5,5
109,6,2,stream_band64,23,8,8
109,6,2,stream_band64,24,6,6
109,6,2,stream_band64,25,2,2
109,6,2,stream_band64,26,5,5
109,6,2,stream_band64,28,3,3
109,6,2,stream_band64,29,1,1
109,6,2,stream_band64,30,2,2
109,6,2,stream_band64,31,6,6
109,6,2,stream_band64,33,3,3
109,6,2,stream_band64,34,4,4
109,6,2,stream_band64,35,9,9
109,6,2,stream_band64,36,7,7
109,6,2,stream_band64,37,3,3
109,6,2,stream_band64,39,2,2
109,6,2,stream_band64,40,1,1
109,6,2,stream_band64,41,2,2
109,6,2,stream_band64,42,5,5
109,6,2,stream_band64,43,3,3
109,6,2,stream_band64,44,15,15
109,6,2,stream_band64,45,5,5
109,6,2,stream_band64,46,2,2
109,6,2,stream_band64,47,5,5
109,6,2,stream_band64,48,13,13
109,6,2,stream_band64,49,422,422
109,6,2,stream_band64,50,1,1
109,6,2,stream_band64,52,1,1
109,6,2,stream_band64,53,1,1
109,6,2,stream_band64,54,2,2
109,6,2,stream_band64,57,5,5
109,6,2,stream_band64,58,2,2
109,6,2,stream_band64,59,252,252
109,6,2,stream_band64,60,245,245
109,6,2,stream_band64,62,188,188
109,6,2,stream_band64,63,277,277
110,6,10,global,0,18056,1713
110,6,10,byte_class,1,18051,1713
110,6,10,byte_class,5,2,0
110,6,10,byte_class,7,3,0
110,6,10,line_bucket,3,4620,0
110,6,10,line_bucket,4,6627,781
110,6,10,line_bucket,5,3499,932
110,6,10,line_bucket,6,3310,0
110,6,10,class_line,11,4620,0
110,6,10,class_line,12,6627,781
110,6,10,class_line,13,3496,932
110,6,10,class_line,14,3308,0
110,6,10,class_line,45,1,0
110,6,10,class_line,46,1,0
110,6,10,class_line,61,2,0
110,6,10,class_line,62,1,0
110,6,10,prev_byte,32,18051,1713
110,6,10,prev_byte,44,2,0
110,6,10,prev_byte,45,1,0
110,6,10,prev_byte,148,2,0
110,6,10,prev2_hash,64,2,0
110,6,10,prev2_hash,76,2,0
110,6,10,prev2_hash,85,2,1
110,6,10,prev2_hash,103,2,0
110,6,10,prev2_hash,125,1,0
110,6,10,prev2_hash,129,482,76
110,6,10,prev2_hash,130,8,1
110,6,10,prev2_hash,131,16,2
110,6,10,prev2_hash,132,658,75
110,6,10,prev2_hash,133,663,111
110,6,10,prev2_hash,134,12,4
110,6,10,prev2_hash,135,186,17
110,6,10,prev2_hash,136,99,13
110,6,10,prev2_hash,137,46,9
110,6,10,prev2_hash,139,290,20
110,6,10,prev2_hash,140,163,23
110,6,10,prev2_hash,141,155,21
110,6,10,prev2_hash,142,990,114
110,6,10,prev2_hash,143,228,35
110,6,10,prev2_hash,144,14,4
110,6,10,prev2_hash,146,199,30
110,6,10,prev2_hash,147,189,28
110,6,10,prev2_hash,148,225,28
110,6,10,prev2_hash,149,9,1
110,6,10,prev2_hash,151,70,6
110,6,10,prev2_hash,152,14,0
110,6,10,prev2_hash,153,356,35
110,6,10,prev2_hash,154,10,2
110,6,10,prev2_hash,160,129,24
110,6,10,prev2_hash,161,104,14
110,6,10,prev2_hash,162,213,31
110,6,10,prev2_hash,163,83,12
110,6,10,prev2_hash,164,103,11
110,6,10,prev2_hash,165,94,8
110,6,10,prev2_hash,166,409,15
110,6,10,prev2_hash,167,184,13
110,6,10,prev2_hash,168,121,8
110,6,10,prev2_hash,169,99,8
110,6,10,prev2_hash,170,252,9
110,6,10,prev2_hash,171,155,18
110,6,10,prev2_hash,172,156,12
110,6,10,prev2_hash,173,102,5
110,6,10,prev2_hash,174,107,6
110,6,10,prev2_hash,175,125,5
110,6,10,prev2_hash,176,213,9
110,6,10,prev2_hash,177,99,9
110,6,10,prev2_hash,178,126,9
110,6,10,prev2_hash,179,170,14
110,6,10,prev2_hash,180,101,6
110,6,10,prev2_hash,181,84,10
110,6,10,prev2_hash,182,121,8
110,6,10,prev2_hash,183,164,13
110,6,10,prev2_hash,184,142,12
110,6,10,prev2_hash,185,132,9
110,6,10,prev2_hash,186,185,13
110,6,10,prev2_hash,187,138,15
110,6,10,prev2_hash,188,315,13
110,6,10,prev2_hash,189,301,9
110,6,10,prev2_hash,190,279,11
110,6,10,prev2_hash,191,89,9
110,6,10,prev2_hash,192,98,8
110,6,10,prev2_hash,193,69,6
110,6,10,prev2_hash,194,242,11
110,6,10,prev2_hash,195,671,99
110,6,10,prev2_hash,196,244,9
110,6,10,prev2_hash,197,65,8
110,6,10,prev2_hash,198,205,15
110,6,10,prev2_hash,199,250,20
110,6,10,prev2_hash,200,74,13
110,6,10,prev2_hash,201,89,5
110,6,10,prev2_hash,202,155,13
110,6,10,prev2_hash,203,98,5
110,6,10,prev2_hash,204,83,8
110,6,10,prev2_hash,205,61,7
110,6,10,prev2_hash,206,42,3
110,6,10,prev2_hash,207,129,7
110,6,10,prev2_hash,208,206,22
110,6,10,prev2_hash,209,154,16
110,6,10,prev2_hash,210,144,18
110,6,10,prev2_hash,211,152,18
110,6,10,prev2_hash,212,91,9
110,6,10,prev2_hash,213,153,12
110,6,10,prev2_hash,214,449,6
110,6,10,prev2_hash,215,58,10
110,6,10,prev2_hash,216,117,10
110,6,10,prev2_hash,217,88,11
110,6,10,prev2_hash,218,128,9
110,6,10,prev2_hash,219,222,10
110,6,10,prev2_hash,220,205,33
110,6,10,prev2_hash,221,291,37
110,6,10,prev2_hash,222,134,10
110,6,10,prev2_hash,223,83,9
110,6,10,prev2_hash,224,134,8
110,6,10,prev2_hash,225,130,9
110,6,10,prev2_hash,226,209,13
110,6,10,prev2_hash,227,384,37
110,6,10,prev2_hash,228,201,17
110,6,10,prev2_hash,229,160,20
110,6,10,prev2_hash,230,168,11
110,6,10,prev2_hash,231,181,14
110,6,10,prev2_hash,232,93,11
110,6,10,prev2_hash,233,115,12
110,6,10,prev2_hash,234,184,12
110,6,10,prev2_hash,235,93,13
110,6,10,prev2_hash,236,187,11
110,6,10,prev2_hash,237,142,10
110,6,10,prev2_hash,238,134,5
110,6,10,prev2_hash,239,105,9
110,6,10,stream_band16,0,5,0
110,6,10,stream_band16,1,7,0
110,6,10,stream_band16,2,13,0
110,6,10,stream_band16,3,11,0
110,6,10,stream_band16,4,12,0
110,6,10,stream_band16,5,12,0
110,6,10,stream_band16,6,7,0
110,6,10,stream_band16,7,47,0
110,6,10,stream_band16,8,13,0
110,6,10,stream_band16,9,9,0
110,6,10,stream_band16,10,166,0
110,6,10,stream_band16,11,86,0
110,6,10,stream_band16,12,240,1
110,6,10,stream_band16,13,5122,0
110,6,10,stream_band16,14,12230,1711
110,6,10,stream_band16,15,76,1
110,6,10,stream_band64,1,2,0
110,6,10,stream_band64,2,2,0
110,6,10,stream_band64,3,1,0
110,6,10,stream_band64,5,6,0
110,6,10,stream_band64,7,1,0
110,6,10,stream_band64,8,5,0
110,6,10,stream_band64,9,4,0
110,6,10,stream_band64,11,4,0
110,6,10,stream_band64,12,1,0
110,6,10,stream_band64,13,8,0
110,6,10,stream_band64,15,2,0
110,6,10,stream_band64,16,3,0
110,6,10,stream_band64,17,8,0
110,6,10,stream_band64,18,1,0
110,6,10,stream_band64,20,3,0
110,6,10,stream_band64,21,3,0
110,6,10,stream_band64,22,2,0
110,6,10,stream_band64,23,4,0
110,6,10,stream_band64,25,2,0
110,6,10,stream_band64,26,3,0
110,6,10,stream_band64,27,2,0
110,6,10,stream_band64,28,2,0
110,6,10,stream_band64,29,3,0
110,6,10,stream_band64,30,14,0
110,6,10,stream_band64,31,28,0
110,6,10,stream_band64,32,2,0
110,6,10,stream_band64,33,1,0
110,6,10,stream_band64,34,1,0
110,6,10,stream_band64,35,9,0
110,6,10,stream_band64,36,1,0
110,6,10,stream_band64,37,1,0
110,6,10,stream_band64,38,7,0
110,6,10,stream_band64,41,2,0
110,6,10,stream_band64,42,22,0
110,6,10,stream_band64,43,142,0
110,6,10,stream_band64,44,38,0
110,6,10,stream_band64,45,21,0
110,6,10,stream_band64,46,17,0
110,6,10,stream_band64,47,10,0
110,6,10,stream_band64,48,203,1
110,6,10,stream_band64,49,6,0
110,6,10,stream_band64,50,7,0
110,6,10,stream_band64,51,24,0
110,6,10,stream_band64,52,415,0
110,6,10,stream_band64,53,2775,0
110,6,10,stream_band64,54,100,0
110,6,10,stream_band64,55,1832,0
110,6,10,stream_band64,56,5660,1620
110,6,10,stream_band64,57,2931,0
110,6,10,stream_band64,58,2783,87
110,6,10,stream_band64,59,856,4
110,6,10,stream_band64,60,73,1
110,6,10,stream_band64,63,3,0
111,6,2,global,0,2326,2326
111,6,2,byte_class,5,2053,2053
111,6,2,byte_class,7,273,273
111,6,2,line_bucket,3,65,65
111,6,2,line_bucket,4,651,651
111,6,2,line_bucket,5,1088,1088
111,6,2,line_bucket,6,522,522
111,6,2,class_line,43,65,65
111,6,2,class_line,44,606,606
111,6,2,class_line,45,968,968
111,6,2,class_line,46,414,414
111,6,2,class_line,60,45,45
111,6,2,class_line,61,120,120
111,6,2,class_line,62,108,108
111,6,2,prev_byte,12,258,258
111,6,2,prev_byte,45,1,1
111,6,2,prev_byte,64,14,14
111,6,2,prev_byte,167,3,3
111,6,2,prev_byte,169,3,3
111,6,2,prev_byte,208,13,13
111,6,2,prev_byte,209,12,12
111,6,2,prev_byte,210,11,11
111,6,2,prev_byte,211,10,10
111,6,2,prev_byte,212,10,10
111,6,2,prev_byte,213,72,72
111,6,2,prev_byte,214,11,11
111,6,2,prev_byte,215,23,23
111,6,2,prev_byte,216,11,11
111,6,2,prev_byte,217,8,8
111,6,2,prev_byte,218,8,8
111,6,2,prev_byte,219,22,22
111,6,2,prev_byte,220,21,21
111,6,2,prev_byte,221,13,13
111,6,2,prev_byte,222,1107,1107
111,6,2,prev_byte,223,23,23
111,6,2,prev_byte,224,52,52
111,6,2,prev_byte,225,7,7
111,6,2,prev_byte,226,39,39
111,6,2,prev_byte,227,27,27
111,6,2,prev_byte,228,10,10
111,6,2,prev_byte,229,28,28
111,6,2,prev_byte,230,29,29
111,6,2,prev_byte,231,38,38
111,6,2,prev_byte,232,12,12
111,6,2,prev_byte,233,21,21
111,6,2,prev_byte,234,80,80
111,6,2,prev_byte,235,12,12
111,6,2,prev_byte,236,12,12
111,6,2,prev_byte,237,4,4
111,6,2,prev_byte,238,61,61
111,6,2,prev_byte,239,24,24
111,6,2,prev_byte,240,14,14
111,6,2,prev_byte,242,13,13
111,6,2,prev_byte,243,16,16
111,6,2,prev_byte,244,2,2
111,6,2,prev_byte,245,1,1
111,6,2,prev_byte,246,98,98
111,6,2,prev_byte,247,4,4
111,6,2,prev_byte,251,16,16
111,6,2,prev_byte,252,12,12
111,6,2,prev_byte,253,40,40
111,6,2,prev2_hash,0,31,31
111,6,2,prev2_hash,2,4,4
111,6,2,prev2_hash,4,3,3
111,6,2,prev2_hash,5,3,3
111,6,2,prev2_hash,6,6,6
111,6,2,prev2_hash,7,21,21
111,6,2,prev2_hash,8,1,1
111,6,2,prev2_hash,9,1,1
111,6,2,prev2_hash,10,5,5
111,6,2,prev2_hash,11,2,2
111,6,2,prev2_hash,13,1,1
111,6,2,prev2_hash,14,38,38
111,6,2,prev2_hash,16,11,11
111,6,2,prev2_hash,18,13,13
111,6,2,prev2_hash,19,2,2
111,6,2,prev2_hash,20,1,1
111,6,2,prev2_hash,21,67,67
111,6,2,prev2_hash,22,81,81
111,6,2,prev2_hash,23,4,4
111,6,2,prev2_hash,27,16,16
111,6,2,prev2_hash,28,18,18
111,6,2,prev2_hash,29,8,8
111,6,2,prev2_hash,32,1,1
111,6,2,prev2_hash,34,11,11
111,6,2,prev2_hash,35,3,3
111,6,2,prev2_hash,38,6,6
111,6,2,prev2_hash,39,8,8
111,6,2,prev2_hash,40,2,2
111,6,2,prev2_hash,41,2,2
111,6,2,prev2_hash,42,65,65
111,6,2,prev2_hash,43,7,7
111,6,2,prev2_hash,44,3,3
111,6,2,prev2_hash,47,5,5
111,6,2,prev2_hash,48,12,12
111,6,2,prev2_hash,50,2,2
111,6,2,prev2_hash,51,15,15
111,6,2,prev2_hash,52,1,1
111,6,2,prev2_hash,54,15,15
111,6,2,prev2_hash,55,2,2
111,6,2,prev2_hash,58,2,2
111,6,2,prev2_hash,60,12,12
111,6,2,prev2_hash,61,41,41
111,6,2,prev2_hash,78,1,1
111,6,2,prev2_hash,81,2,2
111,6,2,prev2_hash,96,14,14
111,6,2,prev2_hash,123,1,1
111,6,2,prev2_hash,142,6,6
111,6,2,prev2_hash,143,1,1
111,6,2,prev2_hash,144,3,3
111,6,2,prev2_hash,146,2,2
111,6,2,prev2_hash,147,1,1
111,6,2,prev2_hash,148,2,2
111,6,2,prev2_hash,150,13,13
111,6,2,prev2_hash,151,6,6
111,6,2,prev2_hash,153,1,1
111,6,2,prev2_hash,154,14,14
111,6,2,prev2_hash,159,1,1
111,6,2,prev2_hash,160,7,7
111,6,2,prev2_hash,161,1,1
111,6,2,prev2_hash,169,3,3
111,6,2,prev2_hash,171,3,3
111,6,2,prev2_hash,172,11,11
111,6,2,prev2_hash,173,1,1
111,6,2,prev2_hash,174,4,4
111,6,2,prev2_hash,176,2,2
111,6,2,prev2_hash,179,3,3
111,6,2,prev2_hash,180,2,2
111,6,2,prev2_hash,181,9,9
111,6,2,prev2_hash,186,2,2
111,6,2,prev2_hash,188,3,3
111,6,2,prev2_hash,189,27,27
111,6,2,prev2_hash,190,1,1
111,6,2,prev2_hash,193,17,17
111,6,2,prev2_hash,194,2,2
111,6,2,prev2_hash,197,4,4
111,6,2,prev2_hash,199,3,3
111,6,2,prev2_hash,200,5,5
111,6,2,prev2_hash,201,11,11
111,6,2,prev2_hash,202,5,5
111,6,2,prev2_hash,203,8,8
111,6,2,prev2_hash,204,5,5
111,6,2,prev2_hash,205,1,1
111,6,2,prev2_hash,206,8,8
111,6,2,prev2_hash,207,4,4
111,6,2,prev2_hash,208,85,85
111,6,2,prev2_hash,209,11,11
111,6,2,prev2_hash,210,3,3
111,6,2,prev2_hash,211,27,27
111,6,2,prev2_hash,212,16,16
111,6,2,prev2_hash,213,5,5
111,6,2,prev2_hash,214,12,12
111,6,2,prev2_hash,215,6,6
111,6,2,prev2_hash,216,9,9
111,6,2,prev2_hash,217,18,18
111,6,2,prev2_hash,218,30,30
111,6,2,prev2_hash,219,24,24
111,6,2,prev2_hash,220,1125,1125
111,6,2,prev2_hash,221,14,14
111,6,2,prev2_hash,222,11,11
111,6,2,prev2_hash,223,7,7
111,6,2,prev2_hash,224,14,14
111,6,2,prev2_hash,225,27,27
111,6,2,prev2_hash,226,11,11
111,6,2,prev2_hash,227,14,14
111,6,2,prev2_hash,228,16,16
111,6,2,prev2_hash,229,7,7
111,6,2,prev2_hash,230,12,12
111,6,2,prev2_hash,231,13,13
111,6,2,prev2_hash,232,8,8
111,6,2,prev2_hash,233,13,13
111,6,2,prev2_hash,234,1,1
111,6,2,prev2_hash,235,2,2
111,6,2,prev2_hash,236,8,8
111,6,2,prev2_hash,238,1,1
111,6,2,prev2_hash,250,1,1
111,6,2,prev2_hash,254,2,2
111,6,2,prev2_hash,255,1,1
111,6,2,stream_band16,0,8,8
111,6,2,stream_band16,1,12,12
111,6,2,stream_band16,2,20,20
111,6,2,stream_band16,3,11,11
111,6,2,stream_band16,4,60,60
111,6,2,stream_band16,5,30,30
111,6,2,stream_band16,6,20,20
111,6,2,stream_band16,7,15,15
111,6,2,stream_band16,8,11,11
111,6,2,stream_band16,9,11,11
111,6,2,stream_band16,10,27,27
111,6,2,stream_band16,11,20,20
111,6,2,stream_band16,12,11,11
111,6,2,stream_band16,13,77,77
111,6,2,stream_band16,14,395,395
111,6,2,stream_band16,15,1598,1598
111,6,2,stream_band64,0,3,3
111,6,2,stream_band64,2,2,2
111,6,2,stream_band64,3,3,3
111,6,2,stream_band64,4,7,7
111,6,2,stream_band64,5,4,4
111,6,2,stream_band64,7,1,1
111,6,2,stream_band64,9,2,2
111,6,2,stream_band64,10,3,3
111,6,2,stream_band64,11,15,15
111,6,2,stream_band64,12,3,3
111,6,2,stream_band64,13,1,1
111,6,2,stream_band64,14,5,5
111,6,2,stream_band64,15,2,2
111,6,2,stream_band64,16,49,49
111,6,2,stream_band64,17,1,1
111,6,2,stream_band64,18,5,5
111,6,2,stream_band64,19,5,5
111,6,2,stream_band64,20,17,17
111,6,2,stream_band64,22,6,6
111,6,2,stream_band64,23,7,7
111,6,2,stream_band64,24,6,6
111,6,2,stream_band64,25,6,6
111,6,2,stream_band64,26,2,2
111,6,2,stream_band64,27,6,6
111,6,2,stream_band64,28,3,3
111,6,2,stream_band64,29,1,1
111,6,2,stream_band64,30,5,5
111,6,2,stream_band64,31,6,6
111,6,2,stream_band64,33,2,2
111,6,2,stream_band64,34,5,5
111,6,2,stream_band64,35,4,4
111,6,2,stream_band64,36,4,4
111,6,2,stream_band64,37,3,3
111,6,2,stream_band64,39,4,4
111,6,2,stream_band64,40,5,5
111,6,2,stream_band64,41,5,5
111,6,2,stream_band64,42,5,5
111,6,2,stream_band64,43,12,12
111,6,2,stream_band64,44,5,5
111,6,2,stream_band64,45,5,5
111,6,2,stream_band64,46,3,3
111,6,2,stream_band64,47,7,7
111,6,2,stream_band64,48,2,2
111,6,2,stream_band64,49,9,9
111,6,2,stream_band64,53,6,6
111,6,2,stream_band64,54,1,1
111,6,2,stream_band64,55,70,70
111,6,2,stream_band64,56,140,140
111,6,2,stream_band64,57,5,5
111,6,2,stream_band64,58,4,4
111,6,2,stream_band64,59,246,246
111,6,2,stream_band64,60,237,237
111,6,2,stream_band64,62,277,277
111,6,2,stream_band64,63,1084,1084
112,6,10,global,0,9181,1705
112,6,10,byte_class,1,8870,1705
112,6,10,byte_class,3,6,0
112,6,10,byte_class,5,61,0
112,6,10,byte_class,6,5,0
112,6,10,byte_class,7,239,0
112,6,10,line_bucket,1,47,0
112,6,10,line_bucket,2,13,0
112,6,10,line_bucket,3,114,0
112,6,10,line_bucket,4,4247,1703
112,6,10,line_bucket,5,660,0
112,6,10,line_bucket,6,4100,2
112,6,10,class_line,10,1,0
112,6,10,class_line,11,106,0
112,6,10,class_line,12,4222,1703
112,6,10,class_line,13,630,0
112,6,10,class_line,14,3911,2
112,6,10,class_line,26,1,0
112,6,10,class_line,28,2,0
112,6,10,class_line,29,2,0
112,6,10,class_line,30,1,0
112,6,10,class_line,43,4,0
112,6,10,class_line,44,4,0
112,6,10,class_line,45,11,0
112,6,10,class_line,46,42,0
112,6,10,class_line,49,2,0
112,6,10,class_line,54,3,0
112,6,10,class_line,57,45,0
112,6,10,class_line,58,11,0
112,6,10,class_line,59,4,0
112,6,10,class_line,60,19,0
112,6,10,class_line,61,17,0
112,6,10,class_line,62,143,0
112,6,10,prev_byte,32,8870,1705
112,6,10,prev_byte,39,1,0
112,6,10,prev_byte,40,9,0
112,6,10,prev_byte,42,2,0
112,6,10,prev_byte,64,229,0
112,6,10,prev_byte,77,1,0
112,6,10,prev_byte,78,4,0
112,6,10,prev_byte,81,1,0
112,6,10,prev_byte,91,2,0
112,6,10,prev_byte,93,1,0
112,6,10,prev_byte,210,1,0
112,6,10,prev_byte,213,6,0
112,6,10,prev_byte,214,1,0
112,6,10,prev_byte,216,3,0
112,6,10,prev_byte,217,1,0
112,6,10,prev_byte,220,1,0
112,6,10,prev_byte,221,1,0
112,6,10,prev_byte,226,12,0
112,6,10,prev_byte,233,1,0
112,6,10,prev_byte,236,5,0
112,6,10,prev_byte,239,1,0
112,6,10,prev_byte,241,1,0
112,6,10,prev_byte,243,5,0
112,6,10,prev_byte,244,5,0
112,6,10,prev_byte,246,14,0
112,6,10,prev_byte,252,1,0
112,6,10,prev_byte,255,2,0
112,6,10,prev2_hash,15,1,0
112,6,10,prev2_hash,17,1,0
112,6,10,prev2_hash,18,1,0
112,6,10,prev2_hash,19,5,0
112,6,10,prev2_hash,20,4,0
112,6,10,prev2_hash,21,7,0
112,6,10,prev2_hash,34,10,0
112,6,10,prev2_hash,47,1,0
112,6,10,prev2_hash,52,3,0
112,6,10,prev2_hash,54,14,0
112,6,10,prev2_hash,60,1,0
112,6,10,prev2_hash,63,2,0
112,6,10,prev2_hash,64,2,0
112,6,10,prev2_hash,66,27,0
112,6,10,prev2_hash,69,1,0
112,6,10,prev2_hash,71,33,0
112,6,10,prev2_hash,72,9,0
112,6,10,prev2_hash,73,33,0
112,6,10,prev2_hash,74,45,0
112,6,10,prev2_hash,76,67,0
112,6,10,prev2_hash,77,1,0
112,6,10,prev2_hash,78,3,0
112,6,10,prev2_hash,80,13,0
112,6,10,prev2_hash,81,7,0
112,6,10,prev2_hash,82,4,0
112,6,10,prev2_hash,83,4,0
112,6,10,prev2_hash,84,3,0
112,6,10,prev2_hash,85,15,0
112,6,10,prev2_hash,86,6,0
112,6,10,prev2_hash,87,10,0
112,6,10,prev2_hash,88,3,0
112,6,10,prev2_hash,89,4,0
112,6,10,prev2_hash,96,165,0
112,6,10,prev2_hash,98,3,0
112,6,10,prev2_hash,103,3,0
112,6,10,prev2_hash,104,3,0
112,6,10,prev2_hash,106,6,0
112,6,10,prev2_hash,107,4,0
112,6,10,prev2_hash,123,1,0
112,6,10,prev2_hash,125,466,0
112,6,10,prev2_hash,129,7,0
112,6,10,prev2_hash,130,2,0
112,6,10,prev2_hash,131,3,0
112,6,10,prev2_hash,132,14,0
112,6,10,prev2_hash,133,10,0
112,6,10,prev2_hash,134,1,0
112,6,10,prev2_hash,135,4,0
112,6,10,prev2_hash,136,3,0
112,6,10,prev2_hash,137,6,0
112,6,10,prev2_hash,139,1,0
112,6,10,prev2_hash,140,2,0
112,6,10,prev2_hash,141,13,0
112,6,10,prev2_hash,142,14,0
112,6,10,prev2_hash,143,3,0
112,6,10,prev2_hash,144,1,0
112,6,10,prev2_hash,145,1,0
112,6,10,prev2_hash,146,9,0
112,6,10,prev2_hash,147,39,0
112,6,10,prev2_hash,148,10,0
112,6,10,prev2_hash,149,3,0
112,6,10,prev2_hash,150,3,0
112,6,10,prev2_hash,151,1,0
112,6,10,prev2_hash,152,1,0
112,6,10,prev2_hash,153,6,0
112,6,10,prev2_hash,154,5,0
112,6,10,prev2_hash,160,829,363
112,6,10,prev2_hash,161,53,0
112,6,10,prev2_hash,162,36,0
112,6,10,prev2_hash,163,22,0
112,6,10,prev2_hash,164,44,0
112,6,10,prev2_hash,165,68,1
112,6,10,prev2_hash,166,23,0
112,6,10,prev2_hash,167,66,0
112,6,10,prev2_hash,168,102,0
112,6,10,prev2_hash,169,120,0
112,6,10,prev2_hash,170,37,0
112,6,10,prev2_hash,171,65,0
112,6,10,prev2_hash,172,48,0
112,6,10,prev2_hash,173,25,0
112,6,10,prev2_hash,174,68,0
112,6,10,prev2_hash,175,16,0
112,6,10,prev2_hash,176,87,0
112,6,10,prev2_hash,177,104,0
112,6,10,prev2_hash,178,58,0
112,6,10,prev2_hash,179,31,0
112,6,10,prev2_hash,180,50,0
112,6,10,prev2_hash,181,91,0
112,6,10,prev2_hash,182,48,0
112,6,10,prev2_hash,183,36,0
112,6,10,prev2_hash,184,1315,841
112,6,10,prev2_hash,185,289,11
112,6,10,prev2_hash,186,79,0
112,6,10,prev2_hash,187,104,0
112,6,10,prev2_hash,188,69,0
112,6,10,prev2_hash,189,33,0
112,6,10,prev2_hash,190,60,0
112,6,10,prev2_hash,191,28,0
112,6,10,prev2_hash,192,110,0
112,6,10,prev2_hash,193,32,0
112,6,10,prev2_hash,194,160,3
112,6,10,prev2_hash,195,54,0
112,6,10,prev2_hash,196,33,0
112,6,10,prev2_hash,197,43,0
112,6,10,prev2_hash,198,644,468
112,6,10,prev2_hash,199,67,0
112,6,10,prev2_hash,200,62,0
112,6,10,prev2_hash,201,57,0
112,6,10,prev2_hash,202,26,0
112,6,10,prev2_hash,203,40,0
112,6,10,prev2_hash,204,54,0
112,6,10,prev2_hash,205,59,0
112,6,10,prev2_hash,206,37,0
112,6,10,prev2_hash,207,29,0
112,6,10,prev2_hash,208,89,0
112,6,10,prev2_hash,209,567,0
112,6,10,prev2_hash,210,83,0
112,6,10,prev2_hash,211,34,0
112,6,10,prev2_hash,212,61,3
112,6,10,prev2_hash,213,17,0
112,6,10,prev2_hash,214,38,0
112,6,10,prev2_hash,215,43,1
112,6,10,prev2_hash,216,100,2
112,6,10,prev2_hash,217,101,1
112,6,10,prev2_hash,218,35,0
112,6,10,prev2_hash,219,36,5
112,6,10,prev2_hash,220,35,0
112,6,10,prev2_hash,221,46,1
112,6,10,prev2_hash,222,34,0
112,6,10,prev2_hash,223,23,0
112,6,10,prev2_hash,224,52,0
112,6,10,prev2_hash,225,102,0
112,6,10,prev2_hash,226,73,0
112,6,10,prev2_hash,227,34,0
112,6,10,prev2_hash,228,45,0
112,6,10,prev2_hash,229,99,0
112,6,10,prev2_hash,230,57,0
112,6,10,prev2_hash,231,176,5
112,6,10,prev2_hash,232,53,0
112,6,10,prev2_hash,233,30,0
112,6,10,prev2_hash,234,59,0
112,6,10,prev2_hash,235,37,0
112,6,10,prev2_hash,236,50,0
112,6,10,prev2_hash,237,45,0
112,6,10,prev2_hash,238,139,0
112,6,10,prev2_hash,239,19,0
112,6,10,prev2_hash,246,1,0
112,6,10,prev2_hash,247,1,0
112,6,10,prev2_hash,248,2,0
112,6,10,prev2_hash,249,1,0
112,6,10,stream_band16,0,759,0
112,6,10,stream_band16,1,227,0
112,6,10,stream_band16,2,96,0
112,6,10,stream_band16,3,144,0
112,6,10,stream_band16,4,642,0
112,6,10,stream_band16,5,444,1
112,6,10,stream_band16,6,359,3
112,6,10,stream_band16,7,517,0
112,6,10,stream_band16,8,301,0
112,6,10,stream_band16,9,105,0
112,6,10,stream_band16,10,929,7
112,6,10,stream_band16,11,504,2
112,6,10,stream_band16,12,466,6
112,6,10,stream_band16,13,2602,1680
112,6,10,stream_band16,14,1014,0
112,6,10,stream_band16,15,72,6
112,6,10,stream_band64,0,88,0
112,6,10,stream_band64,1,181,0
112,6,10,stream_band64,2,185,0
112,6,10,stream_band64,3,305,0
112,6,10,stream_band64,4,76,0
112,6,10,stream_band64,5,88,0
112,6,10,stream_band64,6,36,0
112,6,10,stream_band64,7,27,0
112,6,10,stream_band64,8,40,0
112,6,10,stream_band64,9,7,0
112,6,10,stream_band64,10,6,0
112,6,10,stream_band64,11,43,0
112,6,10,stream_band64,12,19,0
112,6,10,stream_band64,13,45,0
112,6,10,stream_band64,14,14,0
112,6,10,stream_band64,15,66,0
112,6,10,stream_band64,16,158,0
112,6,10,stream_band64,17,201,0
112,6,10,stream_band64,18,135,0
112,6,10,stream_band64,19,148,0
112,6,10,stream_band64,20,117,1
112,6,10,stream_band64,21,90,0
112,6,10,stream_band64,22,97,0
112,6,10,stream_band64,23,140,0
112,6,10,stream_band64,24,216,2
112,6,10,stream_band64,25,55,1
112,6,10,stream_band64,26,71,0
112,6,10,stream_band64,27,17,0
112,6,10,stream_band64,28,47,0
112,6,10,stream_band64,29,65,0
112,6,10,stream_band64,30,177,0
112,6,10,stream_band64,31,228,0
112,6,10,stream_band64,32,98,0
112,6,10,stream_band64,33,47,0
112,6,10,stream_band64,34,94,0
112,6,10,stream_band64,35,62,0
112,6,10,stream_band64,36,15,0
112,6,10,stream_band64,37,33,0
112,6,10,stream_band64,38,18,0
112,6,10,stream_band64,39,39,0
112,6,10,stream_band64,40,105,0
112,6,10,stream_band64,41,165,0
112,6,10,stream_band64,42,116,0
112,6,10,stream_band64,43,543,7
112,6,10,stream_band64,44,107,0
112,6,10,stream_band64,45,180,1
112,6,10,stream_band64,46,83,1
112,6,10,stream_band64,47,134,0
112,6,10,stream_band64,48,176,3
112,6,10,stream_band64,49,235,0
112,6,10,stream_band64,50,45,3
112,6,10,stream_band64,51,10,0
112,6,10,stream_band64,52,11,0
112,6,10,stream_band64,53,22,0
112,6,10,stream_band64,54,104,6
112,6,10,stream_band64,55,2465,1674
112,6,10,stream_band64,56,2,0
112,6,10,stream_band64,57,860,0
112,6,10,stream_band64,58,125,0
112,6,10,stream_band64,59,27,0
112,6,10,stream_band64,60,8,1
112,6,10,stream_band64,62,13,1
112,6,10,stream_band64,63,51,4
113,7,1,global,0,3989,3970
113,7,1,byte_class,0,3934,3916
113,7,1,byte_class,1,33,33
113,7,1,byte_class,3,3,2
113,7,1,byte_class,6,16,16
113,7,1,byte_class,7,3,3
113,7,1,line_bucket,0,3934,3916
113,7,1,line_bucket,1,1,1
113,7,1,line_bucket,3,1,1
113,7,1,line_bucket,4,14,13
113,7,1,line_bucket,5,8,8
113,7,1,line_bucket,6,31,31
113,7,1,class_line,0,3934,3916
113,7,1,class_line,9,1,1
113,7,1,class_line,11,1,1
113,7,1,class_line,12,1,1
113,7,1,class_line,13,3,3
113,7,1,class_line,14,27,27
113,7,1,class_line,28,3,2
113,7,1,class_line,52,7,7
113,7,1,class_line,53,5,5
113,7,1,class_line,54,4,4
113,7,1,class_line,60,3,3
113,7,1,prev_byte,10,3934,3916
113,7,1,prev_byte,32,33,33
113,7,1,prev_byte,43,1,1
113,7,1,prev_byte,45,2,2
113,7,1,prev_byte,78,3,2
113,7,1,prev_byte,93,16,16
113,7,1,prev2_hash,4,2,2
113,7,1,prev2_hash,12,1,1
113,7,1,prev2_hash,19,1,1
113,7,1,prev2_hash,20,914,905
113,7,1,prev2_hash,23,1,1
113,7,1,prev2_hash,42,30,30
113,7,1,prev2_hash,49,1,1
113,7,1,prev2_hash,51,2,2
113,7,1,prev2_hash,55,1,1
113,7,1,prev2_hash,56,9,9
113,7,1,prev2_hash,64,1,1
113,7,1,prev2_hash,77,1,1
113,7,1,prev2_hash,88,6,5
113,7,1,prev2_hash,92,31,31
113,7,1,prev2_hash,103,2938,2930
113,7,1,prev2_hash,106,1,1
113,7,1,prev2_hash,121,1,1
113,7,1,prev2_hash,123,2,2
113,7,1,prev2_hash,125,2,2
113,7,1,prev2_hash,153,1,1
113,7,1,prev2_hash,178,25,25
113,7,1,prev2_hash,189,1,1
113,7,1,prev2_hash,198,1,1
113,7,1,prev2_hash,208,1,1
113,7,1,prev2_hash,213,1,1
113,7,1,prev2_hash,217,1,1
113,7,1,prev2_hash,222,1,1
113,7,1,prev2_hash,225,3,2
113,7,1,prev2_hash,240,1,1
113,7,1,prev2_hash,246,2,2
113,7,1,prev2_hash,247,3,3
113,7,1,prev2_hash,248,2,2
113,7,1,prev2_hash,253,1,1
113,7,1,stream_band16,0,15,15
113,7,1,stream_band16,1,100,91
113,7,1,stream_band16,2,103,102
113,7,1,stream_band16,3,46,46
113,7,1,stream_band16,4,31,31
113,7,1,stream_band16,5,167,164
113,7,1,stream_band16,6,245,245
113,7,1,stream_band16,7,425,425
113,7,1,stream_band16,8,863,862
113,7,1,stream_band16,9,1051,1050
113,7,1,stream_band16,10,583,580
113,7,1,stream_band16,11,191,191
113,7,1,stream_band16,12,51,51
113,7,1,stream_band16,13,9,8
113,7,1,stream_band16,14,23,23
113,7,1,stream_band16,15,86,86
113,7,1,stream_band64,0,1,1
113,7,1,stream_band64,1,4,4
113,7,1,stream_band64,2,7,7
113,7,1,stream_band64,3,3,3
113,7,1,stream_band64,4,2,2
113,7,1,stream_band64,5,5,5
113,7,1,stream_band64,6,73,64
113,7,1,stream_band64,7,20,20
113,7,1,stream_band64,8,33,33
113,7,1,stream_band64,9,36,36
113,7,1,stream_band64,10,10,10
113,7,1,stream_band64,11,24,23
113,7,1,stream_band64,12,16,16
113,7,1,stream_band64,13,17,17
113,7,1,stream_band64,14,1,1
113,7,1,stream_band64,15,12,12
113,7,1,stream_band64,16,1,1
113,7,1,stream_band64,17,9,9
113,7,1,stream_band64,18,13,13
113,7,1,stream_band64,19,8,8
113,7,1,stream_band64,20,36,36
113,7,1,stream_band64,21,40,40
113,7,1,stream_band64,22,47,45
113,7,1,stream_band64,23,44,43
113,7,1,stream_band64,24,44,44
113,7,1,stream_band64,25,107,107
113,7,1,stream_band64,26,21,21
113,7,1,stream_band64,27,73,73
113,7,1,stream_band64,28,48,48
113,7,1,stream_band64,29,31,31
113,7,1,stream_band64,30,153,153
113,7,1,stream_band64,31,193,193
113,7,1,stream_band64,32,168,168
113,7,1,stream_band64,33,227,227
113,7,1,stream_band64,34,195,195
113,7,1,stream_band64,35,273,272
113,7,1,stream_band64,36,377,377
113,7,1,stream_band64,37,164,164
113,7,1,stream_band64,38,240,239
113,7,1,stream_band64,39,270,270
113,7,1,stream_band64,40,283,280
113,7,1,stream_band64,41,164,164
113,7,1,stream_band64,42,108,108
113,7,1,stream_band64,43,28,28
113,7,1,stream_band64,44,114,114
113,7,1,stream_band64,45,36,36
113,7,1,stream_band64,46,29,29
113,7,1,stream_band64,47,12,12
113,7,1,stream_band64,48,43,43
113,7,1,stream_band64,49,3,3
113,7,1,stream_band64,50,1,1
113,7,1,stream_band64,51,4,4
113,7,1,stream_band64,52,2,2
113,7,1,stream_band64,53,2,1
113,7,1,stream_band64,54,2,2
113,7,1,stream_band64,55,3,3
113,7,1,stream_band64,57,6,6
113,7,1,stream_band64,58,14,14
113,7,1,stream_band64,59,3,3
113,7,1,stream_band64,62,7,7
113,7,1,stream_band64,63,79,79
114,24,8,global,0,989,790
114,24,8,byte_class,0,989,790
114,24,8,line_bucket,0,989,790
114,24,8,class_line,0,989,790
114,24,8,prev_byte,10,989,790
114,24,8,prev2_hash,88,989,790
114,24,8,stream_band16,0,16,9
114,24,8,stream_band16,1,12,5
114,24,8,stream_band16,2,16,7
114,24,8,stream_band16,3,11,6
114,24,8,stream_band16,4,26,21
114,24,8,stream_band16,5,34,23
114,24,8,stream_band16,6,21,9
114,24,8,stream_band16,7,12,6
114,24,8,stream_band16,8,16,7
114,24,8,stream_band16,9,15,5
114,24,8,stream_band16,10,17,2
114,24,8,stream_band16,11,15,8
114,24,8,stream_band16,12,23,20
114,24,8,stream_band16,13,19,5
114,24,8,stream_band16,14,108,33
114,24,8,stream_band16,15,628,624
114,24,8,stream_band64,0,5,3
114,24,8,stream_band64,1,4,1
114,24,8,stream_band64,2,4,2
114,24,8,stream_band64,3,3,3
114,24,8,stream_band64,4,2,0
114,24,8,stream_band64,5,5,2
114,24,8,stream_band64,6,2,0
114,24,8,stream_band64,7,3,3
114,24,8,stream_band64,8,2,2
114,24,8,stream_band64,9,6,1
114,24,8,stream_band64,10,6,2
114,24,8,stream_band64,11,2,2
114,24,8,stream_band64,12,3,2
114,24,8,stream_band64,13,2,1
114,24,8,stream_band64,14,4,1
114,24,8,stream_band64,15,2,2
114,24,8,stream_band64,16,2,1
114,24,8,stream_band64,17,13,11
114,24,8,stream_band64,18,1,1
114,24,8,stream_band64,19,10,8
114,24,8,stream_band64,20,23,20
114,24,8,stream_band64,21,5,1
114,24,8,stream_band64,22,4,2
114,24,8,stream_band64,23,2,0
114,24,8,stream_band64,24,6,3
114,24,8,stream_band64,25,9,4
114,24,8,stream_band64,26,2,1
114,24,8,stream_band64,27,4,1
114,24,8,stream_band64,28,3,3
114,24,8,stream_band64,29,4,1
114,24,8,stream_band64,30,4,1
114,24,8,stream_band64,31,1,1
114,24,8,stream_band64,32,4,1
114,24,8,stream_band64,33,4,3
114,24,8,stream_band64,34,2,1
114,24,8,stream_band64,35,6,2
114,24,8,stream_band64,36,6,3
114,24,8,stream_band64,37,3,0
114,24,8,stream_band64,38,1,0
114,24,8,stream_band64,39,5,2
114,24,8,stream_band64,40,6,0
114,24,8,stream_band64,41,4,1
114,24,8,stream_band64,42,4,0
114,24,8,stream_band64,43,3,1
114,24,8,stream_band64,44,5,4
114,24,8,stream_band64,46,8,4
114,24,8,stream_band64,47,2,0
114,24,8,stream_band64,49,20,19
114,24,8,stream_band64,50,1,0
114,24,8,stream_band64,51,2,1
114,24,8,stream_band64,52,4,2
114,24,8,stream_band64,53,1,0
114,24,8,stream_band64,54,1,0
114,24,8,stream_band64,55,13,3
114,24,8,stream_band64,56,53,10
114,24,8,stream_band64,57,28,9
114,24,8,stream_band64,58,21,13
114,24,8,stream_band64,59,6,1
114,24,8,stream_band64,60,628,624
115,6,6,global,0,9957,2363
115,6,6,byte_class,4,2,0
115,6,6,byte_class,5,2287,1171
115,6,6,byte_class,6,1,0
115,6,6,byte_class,7,7667,1192
115,6,6,line_bucket,3,282,2
115,6,6,line_bucket,4,3438,1442
115,6,6,line_bucket,5,1618,391
115,6,6,line_bucket,6,4619,528
115,6,6,class_line,37,1,0
115,6,6,class_line,38,1,0
115,6,6,class_line,43,7,2
115,6,6,class_line,44,1911,1116
115,6,6,class_line,45,121,25
115,6,6,class_line,46,248,28
115,6,6,class_line,53,1,0
115,6,6,class_line,59,275,0
115,6,6,class_line,60,1527,326
115,6,6,class_line,61,1495,366
115,6,6,class_line,62,4370,500
115,6,6,prev_byte,44,7667,1192
115,6,6,prev_byte,47,1,0
115,6,6,prev_byte,101,1,0
115,6,6,prev_byte,117,1,0
115,6,6,prev_byte,140,3,1
115,6,6,prev_byte,156,2,0
115,6,6,prev_byte,160,2,0
115,6,6,prev_byte,163,3,0
115,6,6,prev_byte,174,2,0
115,6,6,prev_byte,176,2042,1158
115,6,6,prev_byte,177,2,0
115,6,6,prev_byte,178,10,0
115,6,6,prev_byte,183,156,11
115,6,6,prev_byte,185,1,0
115,6,6,prev_byte,193,1,0
115,6,6,prev_byte,196,2,0
115,6,6,prev_byte,200,1,0
115,6,6,prev_byte,203,60,1
115,6,6,prev2_hash,18,1,0
115,6,6,prev2_hash,85,399,212
115,6,6,prev2_hash,135,2,0
115,6,6,prev2_hash,139,3,1
115,6,6,prev2_hash,141,125,19
115,6,6,prev2_hash,142,3,0
115,6,6,prev2_hash,143,28,5
115,6,6,prev2_hash,144,86,12
115,6,6,prev2_hash,145,190,20
115,6,6,prev2_hash,146,1,0
115,6,6,prev2_hash,147,24,5
115,6,6,prev2_hash,148,45,5
115,6,6,prev2_hash,149,10,3
115,6,6,prev2_hash,151,16,2
115,6,6,prev2_hash,152,15,1
115,6,6,prev2_hash,153,8,2
115,6,6,prev2_hash,154,170,22
115,6,6,prev2_hash,155,61,11
115,6,6,prev2_hash,156,5,1
115,6,6,prev2_hash,158,35,3
115,6,6,prev2_hash,159,24,1
115,6,6,prev2_hash,160,37,5
115,6,6,prev2_hash,161,19,3
115,6,6,prev2_hash,163,7,0
115,6,6,prev2_hash,164,31,0
115,6,6,prev2_hash,165,29,2
115,6,6,prev2_hash,166,6,0
115,6,6,prev2_hash,172,22,2
115,6,6,prev2_hash,173,21,1
115,6,6,prev2_hash,174,47,4
115,6,6,prev2_hash,175,8,1
115,6,6,prev2_hash,176,27,2
115,6,6,prev2_hash,177,20,2
115,6,6,prev2_hash,178,20,0
115,6,6,prev2_hash,179,18,2
115,6,6,prev2_hash,180,3,0
115,6,6,prev2_hash,181,6,1
115,6,6,prev2_hash,182,18,0
115,6,6,prev2_hash,183,38,6
115,6,6,prev2_hash,184,18,1
115,6,6,prev2_hash,185,6,0
115,6,6,prev2_hash,186,9,0
115,6,6,prev2_hash,187,10,0
115,6,6,prev2_hash,188,16,2
115,6,6,prev2_hash,189,18,0
115,6,6,prev2_hash,190,88,4
115,6,6,prev2_hash,191,16,1
115,6,6,prev2_hash,192,14,2
115,6,6,prev2_hash,193,10,1
115,6,6,prev2_hash,194,8,0
115,6,6,prev2_hash,195,20,2
115,6,6,prev2_hash,196,18,1
115,6,6,prev2_hash,197,17,1
115,6,6,prev2_hash,198,14,0
115,6,6,prev2_hash,199,14,2
115,6,6,prev2_hash,200,29,3
115,6,6,prev2_hash,201,20,1
115,6,6,prev2_hash,202,20,1
115,6,6,prev2_hash,203,14,1
115,6,6,prev2_hash,204,11,0
115,6,6,prev2_hash,205,19,2
115,6,6,prev2_hash,206,21,1
115,6,6,prev2_hash,207,77,8
115,6,6,prev2_hash,208,2068,1161
115,6,6,prev2_hash,209,7,0
115,6,6,prev2_hash,210,26,1
115,6,6,prev2_hash,211,19,1
115,6,6,prev2_hash,212,5,0
115,6,6,prev2_hash,213,20,0
115,6,6,prev2_hash,214,66,2
115,6,6,prev2_hash,215,159,11
115,6,6,prev2_hash,216,6,0
115,6,6,prev2_hash,217,13,2
115,6,6,prev2_hash,218,5,0
115,6,6,prev2_hash,219,160,8
115,6,6,prev2_hash,220,46,0
115,6,6,prev2_hash,221,100,5
115,6,6,prev2_hash,222,55,5
115,6,6,prev2_hash,223,23,2
115,6,6,prev2_hash,224,24,3
115,6,6,prev2_hash,225,14,4
115,6,6,prev2_hash,226,10,0
115,6,6,prev2_hash,227,6,1
115,6,6,prev2_hash,228,19,4
115,6,6,prev2_hash,229,12,0
115,6,6,prev2_hash,230,12,2
115,6,6,prev2_hash,231,15,1
115,6,6,prev2_hash,232,36,1
115,6,6,prev2_hash,233,24,0
115,6,6,prev2_hash,234,14,3
115,6,6,prev2_hash,235,12,3
115,6,6,prev2_hash,236,25,4
115,6,6,prev2_hash,237,20,2
115,6,6,prev2_hash,238,16,1
115,6,6,prev2_hash,239,66,7
115,6,6,prev2_hash,240,27,4
115,6,6,prev2_hash,241,43,6
115,6,6,prev2_hash,242,4495,716
115,6,6,prev2_hash,243,21,1
115,6,6,prev2_hash,244,16,1
115,6,6,prev2_hash,245,12,1
115,6,6,prev2_hash,246,17,1
115,6,6,prev2_hash,247,7,1
115,6,6,prev2_hash,248,20,4
115,6,6,prev2_hash,249,12,0
115,6,6,prev2_hash,250,20,1
115,6,6,prev2_hash,251,29,3
115,6,6,stream_band16,0,35,0
115,6,6,stream_band16,1,28,0
115,6,6,stream_band16,2,22,0
115,6,6,stream_band16,3,25,0
115,6,6,stream_band16,4,58,0
115,6,6,stream_band16,5,58,1
115,6,6,stream_band16,6,82,3
115,6,6,stream_band16,7,148,0
115,6,6,stream_band16,8,34,0
115,6,6,stream_band16,9,13,0
115,6,6,stream_band16,10,279,1
115,6,6,stream_band16,11,114,6
115,6,6,stream_band16,12,31,1
115,6,6,stream_band16,13,7420,1831
115,6,6,stream_band16,14,1089,9
115,6,6,stream_band16,15,521,511
115,6,6,stream_band64,0,2,0
115,6,6,stream_band64,1,12,0
115,6,6,stream_band64,2,14,0
115,6,6,stream_band64,3,7,0
115,6,6,stream_band64,4,1,0
115,6,6,stream_band64,5,14,0
115,6,6,stream_band64,6,7,0
115,6,6,stream_band64,7,6,0
115,6,6,stream_band64,8,4,0
115,6,6,stream_band64,9,7,0
115,6,6,stream_band64,10,2,0
115,6,6,stream_band64,11,9,0
115,6,6,stream_band64,12,3,0
115,6,6,stream_band64,13,15,0
115,6,6,stream_band64,14,5,0
115,6,6,stream_band64,15,2,0
115,6,6,stream_band64,16,13,0
115,6,6,stream_band64,17,16,0
115,6,6,stream_band64,18,9,0
115,6,6,stream_band64,19,20,0
115,6,6,stream_band64,20,10,0
115,6,6,stream_band64,21,8,0
115,6,6,stream_band64,22,10,0
115,6,6,stream_band64,23,30,1
115,6,6,stream_band64,24,55,1
115,6,6,stream_band64,25,17,2
115,6,6,stream_band64,26,6,0
115,6,6,stream_band64,27,4,0
115,6,6,stream_band64,28,18,0
115,6,6,stream_band64,29,21,0
115,6,6,stream_band64,30,47,0
115,6,6,stream_band64,31,62,0
115,6,6,stream_band64,32,19,0
115,6,6,stream_band64,33,5,0
115,6,6,stream_band64,34,4,0
115,6,6,stream_band64,35,6,0
115,6,6,stream_band64,37,5,0
115,6,6,stream_band64,38,3,0
115,6,6,stream_band64,39,5,0
115,6,6,stream_band64,40,7,1
115,6,6,stream_band64,41,10,0
115,6,6,stream_band64,42,63,0
115,6,6,stream_band64,43,199,0
115,6,6,stream_band64,44,23,1
115,6,6,stream_band64,45,31,2
115,6,6,stream_band64,46,22,0
115,6,6,stream_band64,47,38,3
115,6,6,stream_band64,48,27,1
115,6,6,stream_band64,49,2,0
115,6,6,stream_band64,50,2,0
115,6,6,stream_band64,52,21,3
115,6,6,stream_band64,53,73,11
115,6,6,stream_band64,54,7305,1814
115,6,6,stream_band64,55,21,3
115,6,6,stream_band64,56,1,0
115,6,6,stream_band64,57,17,0
115,6,6,stream_band64,58,896,1
115,6,6,stream_band64,59,175,8
115,6,6,stream_band64,60,505,503
115,6,6,stream_band64,62,1,1
115,6,6,stream_band64,63,15,7
116,13,19,global,0,2965,784
116,13,19,byte_class,0,2965,784
116,13,19,line_bucket,0,2965,784
116,13,19,class_line,0,2965,784
116,13,19,prev_byte,10,2965,784
116,13,19,prev2_hash,88,2965,784
116,13,19,stream_band16,0,116,0
116,13,19,stream_band16,1,64,0
116,13,19,stream_band16,2,143,0
116,13,19,stream_band16,3,101,0
116,13,19,stream_band16,4,105,0
116,13,19,stream_band16,5,93,0
116,13,19,stream_band16,6,115,0
116,13,19,stream_band16,7,195,0
116,13,19,stream_band16,8,83,0
116,13,19,stream_band16,9,77,0
116,13,19,stream_band16,10,109,0
116,13,19,stream_band16,11,123,0
116,13,19,stream_band16,12,46,0
116,13,19,stream_band16,13,37,0
116,13,19,stream_band16,14,1014,365
116,13,19,stream_band16,15,544,419
116,13,19,stream_band64,0,36,0
116,13,19,stream_band64,1,32,0
116,13,19,stream_band64,2,24,0
116,13,19,stream_band64,3,24,0
116,13,19,stream_band64,4,19,0
116,13,19,stream_band64,5,19,0
116,13,19,stream_band64,6,12,0
116,13,19,stream_band64,7,14,0
116,13,19,stream_band64,8,8,0
116,13,19,stream_band64,9,21,0
116,13,19,stream_band64,10,46,0
116,13,19,stream_band64,11,68,0
116,13,19,stream_band64,12,27,0
116,13,19,stream_band64,13,40,0
116,13,19,stream_band64,14,16,0
116,13,19,stream_band64,15,18,0
116,13,19,stream_band64,16,15,0
116,13,19,stream_band64,17,46,0
116,13,19,stream_band64,18,19,0
116,13,19,stream_band64,19,25,0
116,13,19,stream_band64,20,23,0
116,13,19,stream_band64,21,17,0
116,13,19,stream_band64,22,13,0
116,13,19,stream_band64,23,40,0
116,13,19,stream_band64,24,38,0
116,13,19,stream_band64,25,27,0
116,13,19,stream_band64,26,8,0
116,13,19,stream_band64,27,42,0
116,13,19,stream_band64,28,35,0
116,13,19,stream_band64,29,55,0
116,13,19,stream_band64,30,21,0
116,13,19,stream_band64,31,84,0
116,13,19,stream_band64,32,25,0
116,13,19,stream_band64,33,18,0
116,13,19,stream_band64,34,12,0
116,13,19,stream_band64,35,28,0
116,13,19,stream_band64,36,32,0
116,13,19,stream_band64,37,23,0
116,13,19,stream_band64,38,16,0
116,13,19,stream_band64,39,6,0
116,13,19,stream_band64,40,13,0
116,13,19,stream_band64,41,19,0
116,13,19,stream_band64,42,65,0
116,13,19,stream_band64,43,12,0
116,13,19,stream_band64,44,62,0
116,13,19,stream_band64,45,25,0
116,13,19,stream_band64,46,12,0
116,13,19,stream_band64,47,24,0
116,13,19,stream_band64,48,14,0
116,13,19,stream_band64,49,5,0
116,13,19,stream_band64,50,23,0
116,13,19,stream_band64,51,4,0
116,13,19,stream_band64,52,4,0
116,13,19,stream_band64,53,11,0
116,13,19,stream_band64,54,10,0
116,13,19,stream_band64,55,12,0
116,13,19,stream_band64,56,11,0
116,13,19,stream_band64,57,31,0
116,13,19,stream_band64,58,404,0
116,13,19,stream_band64,59,568,365
116,13,19,stream_band64,60,544,419
117,6,6,global,0,2471,2320
117,6,6,byte_class,0,2193,2058
117,6,6,byte_class,1,258,249
117,6,6,byte_class,6,19,13
117,6,6,byte_class,7,1,0
117,6,6,line_bucket,0,2193,2058
117,6,6,line_bucket,1,15,10
117,6,6,line_bucket,2,257,249
117,6,6,line_bucket,3,1,0
117,6,6,line_bucket,6,5,3
117,6,6,class_line,0,2193,2058
117,6,6,class_line,10,257,249
117,6,6,class_line,14,1,0
117,6,6,class_line,49,15,10
117,6,6,class_line,54,4,3
117,6,6,class_line,59,1,0
117,6,6,prev_byte,10,2193,2058
117,6,6,prev_byte,32,258,249
117,6,6,prev_byte,42,15,10
117,6,6,prev_byte,45,1,0
117,6,6,prev_byte,93,4,3
117,6,6,prev2_hash,19,1,1
117,6,6,prev2_hash,20,162,148
117,6,6,prev2_hash,42,6,6
117,6,6,prev2_hash,51,8,6
117,6,6,prev2_hash,52,15,10
117,6,6,prev2_hash,56,1,1
117,6,6,prev2_hash,57,1,1
117,6,6,prev2_hash,61,1,0
117,6,6,prev2_hash,74,257,249
117,6,6,prev2_hash,87,1503,1500
117,6,6,prev2_hash,90,1,0
117,6,6,prev2_hash,92,76,4
117,6,6,prev2_hash,103,401,363
117,6,6,prev2_hash,106,1,0
117,6,6,prev2_hash,144,4,4
117,6,6,prev2_hash,150,1,1
117,6,6,prev2_hash,151,1,1
117,6,6,prev2_hash,176,1,1
117,6,6,prev2_hash,178,1,1
117,6,6,prev2_hash,179,1,0
117,6,6,prev2_hash,182,1,1
117,6,6,prev2_hash,185,1,1
117,6,6,prev2_hash,186,6,4
117,6,6,prev2_hash,201,1,0
117,6,6,prev2_hash,202,5,4
117,6,6,prev2_hash,203,8,7
117,6,6,prev2_hash,208,1,1
117,6,6,prev2_hash,210,2,2
117,6,6,prev2_hash,212,1,1
117,6,6,prev2_hash,217,2,2
117,6,6,stream_band16,0,1,0
117,6,6,stream_band16,1,1,0
117,6,6,stream_band16,2,6,0
117,6,6,stream_band16,3,1,1
117,6,6,stream_band16,5,1,0
117,6,6,stream_band16,6,2,0
117,6,6,stream_band16,7,11,1
117,6,6,stream_band16,9,5,0
117,6,6,stream_band16,10,104,10
117,6,6,stream_band16,11,18,0
117,6,6,stream_band16,12,1084,1075
117,6,6,stream_band16,13,1080,1077
117,6,6,stream_band16,14,153,152
117,6,6,stream_band16,15,4,4
117,6,6,stream_band64,2,1,0
117,6,6,stream_band64,4,1,0
117,6,6,stream_band64,8,6,0
117,6,6,stream_band64,13,1,1
117,6,6,stream_band64,23,1,0
117,6,6,stream_band64,24,2,0
117,6,6,stream_band64,29,1,0
117,6,6,stream_band64,30,9,1
117,6,6,stream_band64,31,1,0
117,6,6,stream_band64,36,2,0
117,6,6,stream_band64,37,3,0
117,6,6,stream_band64,40,2,0
117,6,6,stream_band64,41,1,0
117,6,6,stream_band64,42,25,8
117,6,6,stream_band64,43,76,2
117,6,6,stream_band64,44,9,0
117,6,6,stream_band64,45,4,0
117,6,6,stream_band64,47,5,0
117,6,6,stream_band64,48,296,288
117,6,6,stream_band64,49,250,250
117,6,6,stream_band64,50,277,276
117,6,6,stream_band64,51,261,261
117,6,6,stream_band64,52,247,246
117,6,6,stream_band64,53,275,274
117,6,6,stream_band64,54,199,199
117,6,6,stream_band64,55,359,358
117,6,6,stream_band64,56,39,38
117,6,6,stream_band64,57,114,114
117,6,6,stream_band64,63,4,4
118,6,10,global,0,2775,1655
118,6,10,byte_class,0,2656,1643
118,6,10,byte_class,1,49,2
118,6,10,byte_class,3,70,10
118,6,10,line_bucket,0,2656,1643
118,6,10,line_bucket,1,4,0
118,6,10,line_bucket,2,27,0
118,6,10,line_bucket,3,11,0
118,6,10,line_bucket,4,8,0
118,6,10,line_bucket,5,66,12
118,6,10,line_bucket,6,3,0
118,6,10,class_line,0,2656,1643
118,6,10,class_line,10,23,0
118,6,10,class_line,11,10,0
118,6,10,class_line,12,7,0
118,6,10,class_line,13,7,2
118,6,10,class_line,14,2,0
118,6,10,class_line,25,4,0
118,6,10,class_line,26,4,0
118,6,10,class_line,27,1,0
118,6,10,class_line,28,1,0
118,6,10,class_line,29,59,10
118,6,10,class_line,30,1,0
118,6,10,prev_byte,10,2656,1643
118,6,10,prev_byte,32,49,2
118,6,10,prev_byte,77,4,0
118,6,10,prev_byte,78,59,10
118,6,10,prev_byte,81,7,0
118,6,10,prev2_hash,10,1,0
118,6,10,prev2_hash,20,123,68
118,6,10,prev2_hash,42,6,3
118,6,10,prev2_hash,49,1,0
118,6,10,prev2_hash,56,7,0
118,6,10,prev2_hash,64,1,0
118,6,10,prev2_hash,87,2493,1571
118,6,10,prev2_hash,88,6,0
118,6,10,prev2_hash,91,5,1
118,6,10,prev2_hash,92,7,0
118,6,10,prev2_hash,103,12,0
118,6,10,prev2_hash,106,6,0
118,6,10,prev2_hash,109,9,0
118,6,10,prev2_hash,112,56,10
118,6,10,prev2_hash,113,32,2
118,6,10,prev2_hash,115,2,0
118,6,10,prev2_hash,125,1,0
118,6,10,prev2_hash,128,1,0
118,6,10,prev2_hash,131,1,0
118,6,10,prev2_hash,213,1,0
118,6,10,prev2_hash,252,4,0
118,6,10,stream_band16,0,7,0
118,6,10,stream_band16,1,4,0
118,6,10,stream_band16,2,9,0
118,6,10,stream_band16,3,6,0
118,6,10,stream_band16,4,16,0
118,6,10,stream_band16,5,14,0
118,6,10,stream_band16,6,1,0
118,6,10,stream_band16,7,22,0
118,6,10,stream_band16,8,31,0
118,6,10,stream_band16,9,4,0
118,6,10,stream_band16,10,14,0
118,6,10,stream_band16,11,58,1
118,6,10,stream_band16,12,910,0
118,6,10,stream_band16,13,1678,1654
118,6,10,stream_band16,14,1,0
118,6,10,stream_band64,1,1,0
118,6,10,stream_band64,2,1,0
118,6,10,stream_band64,3,5,0
118,6,10,stream_band64,4,1,0
118,6,10,stream_band64,6,1,0
118,6,10,stream_band64,7,2,0
118,6,10,stream_band64,8,1,0
118,6,10,stream_band64,10,1,0
118,6,10,stream_band64,11,7,0
118,6,10,stream_band64,12,1,0
118,6,10,stream_band64,15,5,0
118,6,10,stream_band64,16,13,0
118,6,10,stream_band64,17,2,0
118,6,10,stream_band64,19,1,0
118,6,10,stream_band64,20,6,0
118,6,10,stream_band64,22,2,0
118,6,10,stream_band64,23,6,0
118,6,10,stream_band64,25,1,0
118,6,10,stream_band64,28,1,0
118,6,10,stream_band64,29,1,0
118,6,10,stream_band64,30,19,0
118,6,10,stream_band64,31,1,0
118,6,10,stream_band64,32,10,0
118,6,10,stream_band64,33,10,0
118,6,10,stream_band64,34,5,0
118,6,10,stream_band64,35,6,0
118,6,10,stream_band64,36,1,0
118,6,10,stream_band64,37,3,0
118,6,10,stream_band64,40,2,0
118,6,10,stream_band64,42,1,0
118,6,10,stream_band64,43,11,0
118,6,10,stream_band64,44,7,1
118,6,10,stream_band64,45,13,0
118,6,10,stream_band64,46,7,0
118,6,10,stream_band64,47,31,0
118,6,10,stream_band64,48,25,0
118,6,10,stream_band64,49,629,0
118,6,10,stream_band64,50,255,0
118,6,10,stream_band64,51,1,0
118,6,10,stream_band64,52,9,3
118,6,10,stream_band64,53,19,12
118,6,10,stream_band64,54,1648,1638
118,6,10,stream_band64,55,2,1
118,6,10,stream_band64,57,1,0
119,13,11,global,0,5126,1046
119,13,11,byte_class,0,5126,1046
119,13,11,line_bucket,0,5126,1046
119,13,11,class_line,0,5126,1046
119,13,11,prev_byte,10,5126,1046
119,13,11,prev2_hash,88,5126,1046
119,13,11,stream_band16,0,39,0
119,13,11,stream_band16,1,44,0
119,13,11,stream_band16,2,52,0
119,13,11,stream_band16,3,38,0
119,13,11,stream_band16,4,44,0
119,13,11,stream_band16,5,37,0
119,13,11,stream_band16,6,46,0
119,13,11,stream_band16,7,31,0
119,13,11,stream_band16,8,26,0
119,13,11,stream_band16,9,28,0
119,13,11,stream_band16,10,49,0
119,13,11,stream_band16,11,28,0
119,13,11,stream_band16,12,16,0
119,13,11,stream_band16,13,33,0
119,13,11,stream_band16,14,2653,766
119,13,11,stream_band16,15,1962,280
119,13,11,stream_band64,0,9,0
119,13,11,stream_band64,1,5,0
119,13,11,stream_band64,2,9,0
119,13,11,stream_band64,3,16,0
119,13,11,stream_band64,4,10,0
119,13,11,stream_band64,5,12,0
119,13,11,stream_band64,6,9,0
119,13,11,stream_band64,7,13,0
119,13,11,stream_band64,8,11,0
119,13,11,stream_band64,9,16,0
119,13,11,stream_band64,10,18,0
119,13,11,stream_band64,11,7,0
119,13,11,stream_band64,12,7,0
119,13,11,stream_band64,13,18,0
119,13,11,stream_band64,14,9,0
119,13,11,stream_band64,15,4,0
119,13,11,stream_band64,16,2,0
119,13,11,stream_band64,17,6,0
119,13,11,stream_band64,18,19,0
119,13,11,stream_band64,19,17,0
119,13,11,stream_band64,20,17,0
119,13,11,stream_band64,21,2,0
119,13,11,stream_band64,22,8,0
119,13,11,stream_band64,23,10,0
119,13,11,stream_band64,24,30,0
119,13,11,stream_band64,25,7,0
119,13,11,stream_band64,26,5,0
119,13,11,stream_band64,27,4,0
119,13,11,stream_band64,28,5,0
119,13,11,stream_band64,29,9,0
119,13,11,stream_band64,30,8,0
119,13,11,stream_band64,31,9,0
119,13,11,stream_band64,32,4,0
119,13,11,stream_band64,33,2,0
119,13,11,stream_band64,34,8,0
119,13,11,stream_band64,35,12,0
119,13,11,stream_band64,36,12,0
119,13,11,stream_band64,37,11,0
119,13,11,stream_band64,38,2,0
119,13,11,stream_band64,39,3,0
119,13,11,stream_band64,40,11,0
119,13,11,stream_band64,41,20,0
119,13,11,stream_band64,42,11,0
119,13,11,stream_band64,43,7,0
119,13,11,stream_band64,44,4,0
119,13,11,stream_band64,45,11,0
119,13,11,stream_band64,46,11,0
119,13,11,stream_band64,47,2,0
119,13,11,stream_band64,48,8,0
119,13,11,stream_band64,49,2,0
119,13,11,stream_band64,50,2,0
119,13,11,stream_band64,51,4,0
119,13,11,stream_band64,52,3,0
119,13,11,stream_band64,53,8,0
119,13,11,stream_band64,54,2,0
119,13,11,stream_band64,55,20,0
119,13,11,stream_band64,56,3,0
119,13,11,stream_band64,57,23,0
119,13,11,stream_band64,58,42,0
119,13,11,stream_band64,59,2585,766
119,13,11,stream_band64,60,1962,280
120,7,1,global,0,3791,3782
120,7,1,byte_class,0,3761,3752
120,7,1,byte_class,1,23,23
120,7,1,byte_class,3,3,3
120,7,1,byte_class,6,4,4
120,7,1,line_bucket,0,3761,3752
120,7,1,line_bucket,3,1,1
120,7,1,line_bucket,4,5,5
120,7,1,line_bucket,5,7,7
120,7,1,line_bucket,6,17,17
120,7,1,class_line,0,3761,3752
120,7,1,class_line,11,1,1
120,7,1,class_line,12,2,2
120,7,1,class_line,13,4,4
120,7,1,class_line,14,16,16
120,7,1,class_line,28,3,3
120,7,1,class_line,53,3,3
120,7,1,class_line,54,1,1
120,7,1,prev_byte,10,3761,3752
120,7,1,prev_byte,32,23,23
120,7,1,prev_byte,78,3,3
120,7,1,prev_byte,93,4,4
120,7,1,prev2_hash,20,579,573
120,7,1,prev2_hash,31,2,2
120,7,1,prev2_hash,42,18,18
120,7,1,prev2_hash,44,1,1
120,7,1,prev2_hash,49,1,1
120,7,1,prev2_hash,51,1,1
120,7,1,prev2_hash,56,5,5
120,7,1,prev2_hash,64,1,1
120,7,1,prev2_hash,77,1,1
120,7,1,prev2_hash,88,18,18
120,7,1,prev2_hash,92,22,22
120,7,1,prev2_hash,103,3114,3111
120,7,1,prev2_hash,106,5,5
120,7,1,prev2_hash,110,1,1
120,7,1,prev2_hash,125,10,10
120,7,1,prev2_hash,178,5,5
120,7,1,prev2_hash,196,1,1
120,7,1,prev2_hash,207,1,1
120,7,1,prev2_hash,224,1,1
120,7,1,prev2_hash,225,3,3
120,7,1,prev2_hash,246,1,1
120,7,1,stream_band16,0,436,436
120,7,1,stream_band16,1,141,140
120,7,1,stream_band16,2,115,114
120,7,1,stream_band16,3,106,106
120,7,1,stream_band16,4,1038,1037
120,7,1,stream_band16,5,257,257
120,7,1,stream_band16,6,357,357
120,7,1,stream_band16,7,184,184
120,7,1,stream_band16,8,810,805
120,7,1,stream_band16,9,121,121
120,7,1,stream_band16,10,87,87
120,7,1,stream_band16,11,86,85
120,7,1,stream_band16,12,3,3
120,7,1,stream_band16,14,5,5
120,7,1,stream_band16,15,45,45
120,7,1,stream_band64,0,18,18
120,7,1,stream_band64,1,261,261
120,7,1,stream_band64,2,124,124
120,7,1,stream_band64,3,33,33
120,7,1,stream_band64,4,8,8
120,7,1,stream_band64,5,50,49
120,7,1,stream_band64,6,58,58
120,7,1,stream_band64,7,25,25
120,7,1,stream_band64,8,23,22
120,7,1,stream_band64,9,60,60
120,7,1,stream_band64,10,14,14
120,7,1,stream_band64,11,18,18
120,7,1,stream_band64,12,21,21
120,7,1,stream_band64,13,2,2
120,7,1,stream_band64,14,26,26
120,7,1,stream_band64,15,57,57
120,7,1,stream_band64,16,419,419
120,7,1,stream_band64,17,235,234
120,7,1,stream_band64,18,126,126
120,7,1,stream_band64,19,258,258
120,7,1,stream_band64,20,168,168
120,7,1,stream_band64,21,19,19
120,7,1,stream_band64,22,34,34
120,7,1,stream_band64,23,36,36
120,7,1,stream_band64,24,281,281
120,7,1,stream_band64,25,24,24
120,7,1,stream_band64,26,19,19
120,7,1,stream_band64,27,33,33
120,7,1,stream_band64,28,35,35
120,7,1,stream_band64,29,111,111
120,7,1,stream_band64,30,23,23
120,7,1,stream_band64,31,15,15
120,7,1,stream_band64,32,24,24
120,7,1,stream_band64,33,40,40
120,7,1,stream_band64,34,462,462
120,7,1,stream_band64,35,284,279
120,7,1,stream_band64,36,62,62
120,7,1,stream_band64,37,18,18
120,7,1,stream_band64,38,15,15
120,7,1,stream_band64,39,26,26
120,7,1,stream_band64,40,48,48
120,7,1,stream_band64,41,4,4
120,7,1,stream_band64,42,3,3
120,7,1,stream_band64,43,32,32
120,7,1,stream_band64,44,28,28
120,7,1,stream_band64,45,5,5
120,7,1,stream_band64,46,39,38
120,7,1,stream_band64,47,14,14
120,7,1,stream_band64,48,3,3
120,7,1,stream_band64,57,1,1
120,7,1,stream_band64,58,4,4
120,7,1,stream_band64,62,24,24
120,7,1,stream_band64,63,21,21
122,7,1,global,0,3786,3735
122,7,1,byte_class,0,3752,3701
122,7,1,byte_class,1,27,27
122,7,1,byte_class,3,1,1
122,7,1,byte_class,6,6,6
122,7,1,line_bucket,0,3752,3701
122,7,1,line_bucket,1,1,1
122,7,1,line_bucket,2,1,1
122,7,1,line_bucket,4,2,2
122,7,1,line_bucket,5,2,2
122,7,1,line_bucket,6,28,28
122,7,1,class_line,0,3752,3701
122,7,1,class_line,14,27,27
122,7,1,class_line,28,1,1
122,7,1,class_line,49,1,1
122,7,1,class_line,50,1,1
122,7,1,class_line,52,1,1
122,7,1,class_line,53,2,2
122,7,1,class_line,54,1,1
122,7,1,prev_byte,10,3752,3701
122,7,1,prev_byte,32,27,27
122,7,1,prev_byte,42,1,1
122,7,1,prev_byte,78,1,1
122,7,1,prev_byte,91,1,1
122,7,1,prev_byte,93,4,4
122,7,1,prev2_hash,19,1,1
122,7,1,prev2_hash,20,99,81
122,7,1,prev2_hash,27,1,1
122,7,1,prev2_hash,39,1,1
122,7,1,prev2_hash,42,16,16
122,7,1,prev2_hash,52,1,1
122,7,1,prev2_hash,56,1,1
122,7,1,prev2_hash,64,1,0
122,7,1,prev2_hash,88,11,11
122,7,1,prev2_hash,92,8,7
122,7,1,prev2_hash,103,3614,3583
122,7,1,prev2_hash,106,5,5
122,7,1,prev2_hash,150,1,1
122,7,1,prev2_hash,178,22,22
122,7,1,prev2_hash,182,1,1
122,7,1,prev2_hash,224,1,1
122,7,1,prev2_hash,225,1,1
122,7,1,prev2_hash,245,1,1
122,7,1,stream_band16,0,558,551
122,7,1,stream_band16,1,57,56
122,7,1,stream_band16,2,66,66
122,7,1,stream_band16,3,147,147
122,7,1,stream_band16,4,1124,1121
122,7,1,stream_band16,5,169,165
122,7,1,stream_band16,6,157,157
122,7,1,stream_band16,7,569,569
122,7,1,stream_band16,8,287,286
122,7,1,stream_band16,9,124,91
122,7,1,stream_band16,10,94,93
122,7,1,stream_band16,11,353,353
122,7,1,stream_band16,12,49,49
122,7,1,stream_band16,14,1,1
122,7,1,stream_band16,15,31,30
122,7,1,stream_band64,0,35,35
122,7,1,stream_band64,1,86,86
122,7,1,stream_band64,2,299,299
122,7,1,stream_band64,3,138,131
122,7,1,stream_band64,4,10,9
122,7,1,stream_band64,5,11,11
122,7,1,stream_band64,6,25,25
122,7,1,stream_band64,7,11,11
122,7,1,stream_band64,8,34,34
122,7,1,stream_band64,9,9,9
122,7,1,stream_band64,10,7,7
122,7,1,stream_band64,11,16,16
122,7,1,stream_band64,12,24,24
122,7,1,stream_band64,13,46,46
122,7,1,stream_band64,14,26,26
122,7,1,stream_band64,15,51,51
122,7,1,stream_band64,16,142,142
122,7,1,stream_band64,17,705,705
122,7,1,stream_band64,18,93,90
122,7,1,stream_band64,19,184,184
122,7,1,stream_band64,20,101,98
122,7,1,stream_band64,21,8,8
122,7,1,stream_band64,22,21,20
122,7,1,stream_band64,23,39,39
122,7,1,stream_band64,24,72,72
122,7,1,stream_band64,25,38,38
122,7,1,stream_band64,26,30,30
122,7,1,stream_band64,27,17,17
122,7,1,stream_band64,28,98,98
122,7,1,stream_band64,29,30,30
122,7,1,stream_band64,30,69,69
122,7,1,stream_band64,31,372,372
122,7,1,stream_band64,32,86,85
122,7,1,stream_band64,33,42,42
122,7,1,stream_band64,34,90,90
122,7,1,stream_band64,35,69,69
122,7,1,stream_band64,36,23,23
122,7,1,stream_band64,37,83,60
122,7,1,stream_band64,38,11,3
122,7,1,stream_band64,39,7,5
122,7,1,stream_band64,40,72,72
122,7,1,stream_band64,41,17,16
122,7,1,stream_band64,42,1,1
122,7,1,stream_band64,43,4,4
122,7,1,stream_band64,44,5,5
122,7,1,stream_band64,45,4,4
122,7,1,stream_band64,46,93,93
122,7,1,stream_band64,47,251,251
122,7,1,stream_band64,48,49,49
122,7,1,stream_band64,58,1,1
122,7,1,stream_band64,62,15,14
122,7,1,stream_band64,63,16,16
123,6,6,global,0,1441,1190
123,6,6,byte_class,4,92,92
123,6,6,byte_class,5,1342,1092
123,6,6,byte_class,7,7,6
123,6,6,line_bucket,4,1095,859
123,6,6,line_bucket,5,341,330
123,6,6,line_bucket,6,5,1
123,6,6,class_line,36,89,89
123,6,6,class_line,37,3,3
123,6,6,class_line,44,1000,765
123,6,6,class_line,45,337,326
123,6,6,class_line,46,5,1
123,6,6,class_line,60,6,5
123,6,6,class_line,61,1,1
123,6,6,prev_byte,44,3,2
123,6,6,prev_byte,45,1,1
123,6,6,prev_byte,46,3,3
123,6,6,prev_byte,100,1,1
123,6,6,prev_byte,101,1,1
123,6,6,prev_byte,103,2,2
123,6,6,prev_byte,109,55,55
123,6,6,prev_byte,111,4,4
123,6,6,prev_byte,114,27,27
123,6,6,prev_byte,116,1,1
123,6,6,prev_byte,118,1,1
123,6,6,prev_byte,128,2,1
123,6,6,prev_byte,129,1,1
123,6,6,prev_byte,130,1,1
123,6,6,prev_byte,131,2,2
123,6,6,prev_byte,132,2,2
123,6,6,prev_byte,134,6,6
123,6,6,prev_byte,136,5,5
123,6,6,prev_byte,139,144,135
123,6,6,prev_byte,140,15,13
123,6,6,prev_byte,142,472,440
123,6,6,prev_byte,143,1,1
123,6,6,prev_byte,145,3,3
123,6,6,prev_byte,149,3,3
123,6,6,prev_byte,150,345,214
123,6,6,prev_byte,151,2,1
123,6,6,prev_byte,155,1,1
123,6,6,prev_byte,158,2,2
123,6,6,prev_byte,162,183,121
123,6,6,prev_byte,163,1,1
123,6,6,prev_byte,166,2,1
123,6,6,prev_byte,167,1,1
123,6,6,prev_byte,169,1,1
123,6,6,prev_byte,171,1,1
123,6,6,prev_byte,176,8,8
123,6,6,prev_byte,178,1,0
123,6,6,prev_byte,179,4,3
123,6,6,prev_byte,180,14,12
123,6,6,prev_byte,182,33,33
123,6,6,prev_byte,183,23,22
123,6,6,prev_byte,185,1,1
123,6,6,prev_byte,190,6,6
123,6,6,prev_byte,192,10,10
123,6,6,prev_byte,193,10,9
123,6,6,prev_byte,194,5,4
123,6,6,prev_byte,196,11,10
123,6,6,prev_byte,197,1,1
123,6,6,prev_byte,198,18,15
123,6,6,prev_byte,203,1,1
123,6,6,prev2_hash,81,1,0
123,6,6,prev2_hash,83,1,1
123,6,6,prev2_hash,89,1,1
123,6,6,prev2_hash,92,6,6
123,6,6,prev2_hash,93,15,13
123,6,6,prev2_hash,94,3,3
123,6,6,prev2_hash,95,472,440
123,6,6,prev2_hash,96,1,1
123,6,6,prev2_hash,97,144,135
123,6,6,prev2_hash,100,2,2
123,6,6,prev2_hash,112,2,2
123,6,6,prev2_hash,113,2,2
123,6,6,prev2_hash,119,13,13
123,6,6,prev2_hash,120,2,1
123,6,6,prev2_hash,123,1,1
123,6,6,prev2_hash,128,4,4
123,6,6,prev2_hash,129,184,122
123,6,6,prev2_hash,130,10,10
123,6,6,prev2_hash,131,1,1
123,6,6,prev2_hash,135,2,2
123,6,6,prev2_hash,137,333,201
123,6,6,prev2_hash,138,1,1
123,6,6,prev2_hash,141,24,21
123,6,6,prev2_hash,142,11,10
123,6,6,prev2_hash,145,30,30
123,6,6,prev2_hash,146,5,5
123,6,6,prev2_hash,147,1,1
123,6,6,prev2_hash,151,1,1
123,6,6,prev2_hash,153,1,1
123,6,6,prev2_hash,155,17,17
123,6,6,prev2_hash,159,1,1
123,6,6,prev2_hash,160,1,1
123,6,6,prev2_hash,161,1,1
123,6,6,prev2_hash,163,5,4
123,6,6,prev2_hash,171,9,8
123,6,6,prev2_hash,175,1,0
123,6,6,prev2_hash,177,18,16
123,6,6,prev2_hash,178,1,1
123,6,6,prev2_hash,198,1,1
123,6,6,prev2_hash,201,1,1
123,6,6,prev2_hash,209,1,1
123,6,6,prev2_hash,210,1,0
123,6,6,prev2_hash,211,2,2
123,6,6,prev2_hash,213,2,2
123,6,6,prev2_hash,214,3,3
123,6,6,prev2_hash,215,5,4
123,6,6,prev2_hash,223,53,53
123,6,6,prev2_hash,226,3,3
123,6,6,prev2_hash,227,1,1
123,6,6,prev2_hash,228,38,37
123,6,6,prev2_hash,242,1,1
123,6,6,prev2_hash,249,1,1
123,6,6,stream_band16,0,1,1
123,6,6,stream_band16,2,2,1
123,6,6,stream_band16,4,3,1
123,6,6,stream_band16,9,1,1
123,6,6,stream_band16,11,1,0
123,6,6,stream_band16,12,1,0
123,6,6,stream_band16,14,768,646
123,6,6,stream_band16,15,664,540
123,6,6,stream_band64,0,1,1
123,6,6,stream_band64,9,1,1
123,6,6,stream_band64,10,1,0
123,6,6,stream_band64,17,2,1
123,6,6,stream_band64,18,1,0
123,6,6,stream_band64,38,1,1
123,6,6,stream_band64,46,1,0
123,6,6,stream_band64,50,1,0
123,6,6,stream_band64,58,3,2
123,6,6,stream_band64,59,765,644
123,6,6,stream_band64,60,664,540
124,6,2,global,0,3719,3718
124,6,2,byte_class,0,3523,3522
124,6,2,byte_class,1,184,184
124,6,2,byte_class,3,8,8
124,6,2,byte_class,6,4,4
124,6,2,line_bucket,0,3523,3522
124,6,2,line_bucket,2,1,1
124,6,2,line_bucket,4,12,12
124,6,2,line_bucket,5,6,6
124,6,2,line_bucket,6,177,177
124,6,2,class_line,0,3523,3522
124,6,2,class_line,12,1,1
124,6,2,class_line,13,6,6
124,6,2,class_line,14,177,177
124,6,2,class_line,28,8,8
124,6,2,class_line,50,1,1
124,6,2,class_line,52,3,3
124,6,2,prev_byte,10,3523,3522
124,6,2,prev_byte,32,184,184
124,6,2,prev_byte,78,7,7
124,6,2,prev_byte,82,1,1
124,6,2,prev_byte,91,1,1
124,6,2,prev_byte,93,3,3
124,6,2,prev2_hash,4,1,1
124,6,2,prev2_hash,20,902,902
124,6,2,prev2_hash,26,1,1
124,6,2,prev2_hash,42,8,8
124,6,2,prev2_hash,51,1,1
124,6,2,prev2_hash,56,1,1
124,6,2,prev2_hash,79,5,5
124,6,2,prev2_hash,88,46,46
124,6,2,prev2_hash,92,76,76
124,6,2,prev2_hash,103,2486,2485
124,6,2,prev2_hash,106,1,1
124,6,2,prev2_hash,110,1,1
124,6,2,prev2_hash,125,1,1
124,6,2,prev2_hash,142,1,1
124,6,2,prev2_hash,151,1,1
124,6,2,prev2_hash,178,152,152
124,6,2,prev2_hash,182,1,1
124,6,2,prev2_hash,192,1,1
124,6,2,prev2_hash,196,1,1
124,6,2,prev2_hash,213,23,23
124,6,2,prev2_hash,225,6,6
124,6,2,prev2_hash,246,1,1
124,6,2,prev2_hash,252,2,2
124,6,2,stream_band16,0,67,67
124,6,2,stream_band16,1,48,48
124,6,2,stream_band16,2,36,36
124,6,2,stream_band16,3,118,118
124,6,2,stream_band16,4,417,417
124,6,2,stream_band16,5,214,214
124,6,2,stream_band16,6,68,68
124,6,2,stream_band16,7,1013,1012
124,6,2,stream_band16,8,701,701
124,6,2,stream_band16,9,448,448
124,6,2,stream_band16,10,84,84
124,6,2,stream_band16,11,87,87
124,6,2,stream_band16,12,64,64
124,6,2,stream_band16,13,1,1
124,6,2,stream_band16,14,330,330
124,6,2,stream_band16,15,23,23
124,6,2,stream_band64,0,36,36
124,6,2,stream_band64,1,9,9
124,6,2,stream_band64,2,15,15
124,6,2,stream_band64,3,7,7
124,6,2,stream_band64,4,5,5
124,6,2,stream_band64,5,23,23
124,6,2,stream_band64,6,7,7
124,6,2,stream_band64,7,13,13
124,6,2,stream_band64,8,18,18
124,6,2,stream_band64,9,2,2
124,6,2,stream_band64,10,2,2
124,6,2,stream_band64,11,14,14
124,6,2,stream_band64,12,1,1
124,6,2,stream_band64,13,86,86
124,6,2,stream_band64,14,4,4
124,6,2,stream_band64,15,27,27
124,6,2,stream_band64,16,49,49
124,6,2,stream_band64,17,185,185
124,6,2,stream_band64,18,149,149
124,6,2,stream_band64,19,34,34
124,6,2,stream_band64,20,68,68
124,6,2,stream_band64,21,41,41
124,6,2,stream_band64,22,51,51
124,6,2,stream_band64,23,54,54
124,6,2,stream_band64,24,17,17
124,6,2,stream_band64,25,17,17
124,6,2,stream_band64,26,34,34
124,6,2,stream_band64,28,5,5
124,6,2,stream_band64,29,86,85
124,6,2,stream_band64,30,53,53
124,6,2,stream_band64,31,869,869
124,6,2,stream_band64,32,486,486
124,6,2,stream_band64,33,43,43
124,6,2,stream_band64,34,52,52
124,6,2,stream_band64,35,120,120
124,6,2,stream_band64,36,199,199
124,6,2,stream_band64,37,232,232
124,6,2,stream_band64,38,5,5
124,6,2,stream_band64,39,12,12
124,6,2,stream_band64,40,21,21
124,6,2,stream_band64,41,15,15
124,6,2,stream_band64,42,32,32
124,6,2,stream_band64,43,16,16
124,6,2,stream_band64,44,16,16
124,6,2,stream_band64,45,14,14
124,6,2,stream_band64,46,10,10
124,6,2,stream_band64,47,47,47
124,6,2,stream_band64,48,54,54
124,6,2,stream_band64,49,1,1
124,6,2,stream_band64,50,9,9
124,6,2,stream_band64,54,1,1
124,6,2,stream_band64,57,328,328
124,6,2,stream_band64,58,2,2
124,6,2,stream_band64,62,6,6
124,6,2,stream_band64,63,17,17
125,23,1,global,0,988,983
125,23,1,byte_class,0,988,983
125,23,1,line_bucket,0,988,983
125,23,1,class_line,0,988,983
125,23,1,prev_byte,10,988,983
125,23,1,prev2_hash,88,988,983
125,23,1,stream_band16,2,1,0
125,23,1,stream_band16,14,482,478
125,23,1,stream_band16,15,505,505
125,23,1,stream_band64,11,1,0
125,23,1,stream_band64,57,1,0
125,23,1,stream_band64,58,2,0
125,23,1,stream_band64,59,479,478
125,23,1,stream_band64,60,505,505
126,29,8,global,0,276,0
126,29,8,byte_class,0,276,0
126,29,8,line_bucket,0,276,0
126,29,8,class_line,0,276,0
126,29,8,prev_byte,10,276,0
126,29,8,prev2_hash,88,276,0
126,29,8,stream_band16,14,211,0
126,29,8,stream_band16,15,65,0
126,29,8,stream_band64,59,211,0
126,29,8,stream_band64,60,65,0
127,6,2,global,0,3501,3501
127,6,2,byte_class,1,1,1
127,6,2,byte_class,5,860,860
127,6,2,byte_class,7,2640,2640
127,6,2,line_bucket,3,86,86
127,6,2,line_bucket,4,2264,2264
127,6,2,line_bucket,5,654,654
127,6,2,line_bucket,6,497,497
127,6,2,class_line,14,1,1
127,6,2,class_line,43,85,85
127,6,2,class_line,44,218,218
127,6,2,class_line,45,209,209
127,6,2,class_line,46,348,348
127,6,2,class_line,59,1,1
127,6,2,class_line,60,2046,2046
127,6,2,class_line,61,445,445
127,6,2,class_line,62,148,148
127,6,2,prev_byte,12,2640,2640
127,6,2,prev_byte,32,1,1
127,6,2,prev_byte,208,15,15
127,6,2,prev_byte,209,9,9
127,6,2,prev_byte,210,21,21
127,6,2,prev_byte,211,27,27
127,6,2,prev_byte,212,12,12
127,6,2,prev_byte,213,26,26
127,6,2,prev_byte,214,9,9
127,6,2,prev_byte,215,13,13
127,6,2,prev_byte,216,20,20
127,6,2,prev_byte,217,10,10
127,6,2,prev_byte,218,26,26
127,6,2,prev_byte,219,8,8
127,6,2,prev_byte,220,28,28
127,6,2,prev_byte,221,4,4
127,6,2,prev_byte,222,5,5
127,6,2,prev_byte,223,22,22
127,6,2,prev_byte,224,24,24
127,6,2,prev_byte,225,43,43
127,6,2,prev_byte,226,17,17
127,6,2,prev_byte,227,8,8
127,6,2,prev_byte,228,31,31
127,6,2,prev_byte,229,2,2
127,6,2,prev_byte,230,55,55
127,6,2,prev_byte,231,22,22
127,6,2,prev_byte,232,16,16
127,6,2,prev_byte,233,51,51
127,6,2,prev_byte,234,33,33
127,6,2,prev_byte,235,15,15
127,6,2,prev_byte,236,10,10
127,6,2,prev_byte,237,33,33
127,6,2,prev_byte,238,13,13
127,6,2,prev_byte,239,25,25
127,6,2,prev_byte,242,12,12
127,6,2,prev_byte,243,23,23
127,6,2,prev_byte,246,7,7
127,6,2,prev_byte,247,1,1
127,6,2,prev_byte,248,38,38
127,6,2,prev_byte,250,31,31
127,6,2,prev_byte,251,2,2
127,6,2,prev_byte,252,48,48
127,6,2,prev_byte,253,23,23
127,6,2,prev_byte,254,22,22
127,6,2,prev2_hash,0,1,1
127,6,2,prev2_hash,1,35,35
127,6,2,prev2_hash,6,2,2
127,6,2,prev2_hash,7,12,12
127,6,2,prev2_hash,10,3,3
127,6,2,prev2_hash,11,4,4
127,6,2,prev2_hash,13,16,16
127,6,2,prev2_hash,14,1,1
127,6,2,prev2_hash,15,8,8
127,6,2,prev2_hash,16,2,2
127,6,2,prev2_hash,17,2,2
127,6,2,prev2_hash,18,6,6
127,6,2,prev2_hash,21,15,15
127,6,2,prev2_hash,24,37,37
127,6,2,prev2_hash,28,11,11
127,6,2,prev2_hash,29,2,2
127,6,2,prev2_hash,30,20,20
127,6,2,prev2_hash,31,3,3
127,6,2,prev2_hash,33,3,3
127,6,2,prev2_hash,34,1,1
127,6,2,prev2_hash,36,8,8
127,6,2,prev2_hash,38,2,2
127,6,2,prev2_hash,41,5,5
127,6,2,prev2_hash,42,1,1
127,6,2,prev2_hash,44,3,3
127,6,2,prev2_hash,47,4,4
127,6,2,prev2_hash,48,1,1
127,6,2,prev2_hash,50,3,3
127,6,2,prev2_hash,51,23,23
127,6,2,prev2_hash,54,7,7
127,6,2,prev2_hash,55,1,1
127,6,2,prev2_hash,56,1,1
127,6,2,prev2_hash,58,29,29
127,6,2,prev2_hash,59,2,2
127,6,2,prev2_hash,60,48,48
127,6,2,prev2_hash,61,23,23
127,6,2,prev2_hash,62,2,2
127,6,2,prev2_hash,65,1,1
127,6,2,prev2_hash,70,1,1
127,6,2,prev2_hash,85,2,2
127,6,2,prev2_hash,141,1,1
127,6,2,prev2_hash,142,4,4
127,6,2,prev2_hash,143,2,2
127,6,2,prev2_hash,144,2,2
127,6,2,prev2_hash,145,2,2
127,6,2,prev2_hash,147,1,1
127,6,2,prev2_hash,148,3,3
127,6,2,prev2_hash,149,1,1
127,6,2,prev2_hash,152,2,2
127,6,2,prev2_hash,153,1,1
127,6,2,prev2_hash,156,11,11
127,6,2,prev2_hash,158,1,1
127,6,2,prev2_hash,161,2,2
127,6,2,prev2_hash,162,6,6
127,6,2,prev2_hash,163,20,20
127,6,2,prev2_hash,164,1,1
127,6,2,prev2_hash,165,1,1
127,6,2,prev2_hash,166,4,4
127,6,2,prev2_hash,167,2,2
127,6,2,prev2_hash,169,2,2
127,6,2,prev2_hash,171,1,1
127,6,2,prev2_hash,172,31,31
127,6,2,prev2_hash,176,7,7
127,6,2,prev2_hash,177,8,8
127,6,2,prev2_hash,178,1,1
127,6,2,prev2_hash,181,2,2
127,6,2,prev2_hash,187,19,19
127,6,2,prev2_hash,188,16,16
127,6,2,prev2_hash,190,1,1
127,6,2,prev2_hash,191,2,2
127,6,2,prev2_hash,192,1,1
127,6,2,prev2_hash,193,1,1
127,6,2,prev2_hash,194,10,10
127,6,2,prev2_hash,195,13,13
127,6,2,prev2_hash,196,11,11
127,6,2,prev2_hash,197,2318,2318
127,6,2,prev2_hash,198,9,9
127,6,2,prev2_hash,199,15,15
127,6,2,prev2_hash,200,5,5
127,6,2,prev2_hash,201,7,7
127,6,2,prev2_hash,202,7,7
127,6,2,prev2_hash,203,9,9
127,6,2,prev2_hash,204,2,2
127,6,2,prev2_hash,205,18,18
127,6,2,prev2_hash,206,6,6
127,6,2,prev2_hash,207,33,33
127,6,2,prev2_hash,208,3,3
127,6,2,prev2_hash,209,11,11
127,6,2,prev2_hash,210,19,19
127,6,2,prev2_hash,211,20,20
127,6,2,prev2_hash,212,8,8
127,6,2,prev2_hash,213,16,16
127,6,2,prev2_hash,214,8,8
127,6,2,prev2_hash,215,7,7
127,6,2,prev2_hash,216,13,13
127,6,2,prev2_hash,217,11,11
127,6,2,prev2_hash,218,15,15
127,6,2,prev2_hash,219,10,10
127,6,2,prev2_hash,220,120,120
127,6,2,prev2_hash,221,6,6
127,6,2,prev2_hash,222,76,76
127,6,2,prev2_hash,223,12,12
127,6,2,prev2_hash,224,16,16
127,6,2,prev2_hash,225,11,11
127,6,2,prev2_hash,226,22,22
127,6,2,prev2_hash,227,14,14
127,6,2,prev2_hash,228,15,15
127,6,2,prev2_hash,229,12,12
127,6,2,prev2_hash,230,23,23
127,6,2,prev2_hash,231,10,10
127,6,2,prev2_hash,232,10,10
127,6,2,prev2_hash,233,16,16
127,6,2,prev2_hash,234,1,1
127,6,2,prev2_hash,235,3,3
127,6,2,prev2_hash,236,13,13
127,6,2,prev2_hash,245,5,5
127,6,2,prev2_hash,254,2,2
127,6,2,stream_band16,0,5,5
127,6,2,stream_band16,1,12,12
127,6,2,stream_band16,2,24,24
127,6,2,stream_band16,3,5,5
127,6,2,stream_band16,4,15,15
127,6,2,stream_band16,5,27,27
127,6,2,stream_band16,6,33,33
127,6,2,stream_band16,7,13,13
127,6,2,stream_band16,8,8,8
127,6,2,stream_band16,9,4,4
127,6,2,stream_band16,10,23,23
127,6,2,stream_band16,11,17,17
127,6,2,stream_band16,12,8,8
127,6,2,stream_band16,14,240,240
127,6,2,stream_band16,15,3067,3067
127,6,2,stream_band64,1,2,2
127,6,2,stream_band64,2,1,1
127,6,2,stream_band64,3,2,2
127,6,2,stream_band64,4,5,5
127,6,2,stream_band64,6,6,6
127,6,2,stream_band64,7,1,1
127,6,2,stream_band64,8,2,2
127,6,2,stream_band64,9,2,2
127,6,2,stream_band64,10,11,11
127,6,2,stream_band64,11,9,9
127,6,2,stream_band64,13,3,3
127,6,2,stream_band64,14,1,1
127,6,2,stream_band64,15,1,1
127,6,2,stream_band64,16,4,4
127,6,2,stream_band64,17,2,2
127,6,2,stream_band64,18,4,4
127,6,2,stream_band64,19,5,5
127,6,2,stream_band64,20,1,1
127,6,2,stream_band64,21,3,3
127,6,2,stream_band64,22,13,13
127,6,2,stream_band64,23,10,10
127,6,2,stream_band64,24,3,3
127,6,2,stream_band64,25,3,3
127,6,2,stream_band64,26,3,3
127,6,2,stream_band64,27,24,24
127,6,2,stream_band64,28,3,3
127,6,2,stream_band64,29,2,2
127,6,2,stream_band64,30,2,2
127,6,2,stream_band64,31,6,6
127,6,2,stream_band64,32,1,1
127,6,2,stream_band64,33,2,2
127,6,2,stream_band64,34,3,3
127,6,2,stream_band64,35,2,2
127,6,2,stream_band64,36,1,1
127,6,2,stream_band64,38,2,2
127,6,2,stream_band64,39,1,1
127,6,2,stream_band64,40,4,4
127,6,2,stream_band64,41,9,9
127,6,2,stream_band64,42,4,4
127,6,2,stream_band64,43,6,6
127,6,2,stream_band64,44,9,9
127,6,2,stream_band64,45,1,1
127,6,2,stream_band64,46,6,6
127,6,2,stream_band64,47,1,1
127,6,2,stream_band64,48,8,8
127,6,2,stream_band64,57,6,6
127,6,2,stream_band64,58,1,1
127,6,2,stream_band64,59,233,233
127,6,2,stream_band64,60,205,205
127,6,2,stream_band64,62,2347,2347
127,6,2,stream_band64,63,515,515
128,6,6,global,0,13355,2076
128,6,6,byte_class,5,13355,2076
128,6,6,line_bucket,3,58,6
128,6,6,line_bucket,4,4042,1672
128,6,6,line_bucket,5,1834,373
128,6,6,line_bucket,6,7421,25
128,6,6,class_line,43,58,6
128,6,6,class_line,44,4042,1672
128,6,6,class_line,45,1834,373
128,6,6,class_line,46,7421,25
128,6,6,prev_byte,208,15,3
128,6,6,prev_byte,212,14,1
128,6,6,prev_byte,213,4,0
128,6,6,prev_byte,215,13,0
128,6,6,prev_byte,216,35,2
128,6,6,prev_byte,218,20,1
128,6,6,prev_byte,221,4,0
128,6,6,prev_byte,223,4,0
128,6,6,prev_byte,225,2,0
128,6,6,prev_byte,227,9,1
128,6,6,prev_byte,228,34,3
128,6,6,prev_byte,230,1,0
128,6,6,prev_byte,231,3,0
128,6,6,prev_byte,232,7,0
128,6,6,prev_byte,233,1,0
128,6,6,prev_byte,237,42,2
128,6,6,prev_byte,238,7,0
128,6,6,prev_byte,239,9,0
128,6,6,prev_byte,242,1,0
128,6,6,prev_byte,243,3,0
128,6,6,prev_byte,245,18,1
128,6,6,prev_byte,252,7,0
128,6,6,prev_byte,253,6,1
128,6,6,prev_byte,255,13096,2061
128,6,6,prev2_hash,4,1,0
128,6,6,prev2_hash,21,4,0
128,6,6,prev2_hash,31,3,0
128,6,6,prev2_hash,36,1,0
128,6,6,prev2_hash,40,1,0
128,6,6,prev2_hash,41,1,0
128,6,6,prev2_hash,45,42,2
128,6,6,prev2_hash,50,1,0
128,6,6,prev2_hash,51,3,0
128,6,6,prev2_hash,53,18,1
128,6,6,prev2_hash,60,7,0
128,6,6,prev2_hash,61,6,1
128,6,6,prev2_hash,63,13093,2061
128,6,6,prev2_hash,207,15,3
128,6,6,prev2_hash,208,14,1
128,6,6,prev2_hash,209,13,0
128,6,6,prev2_hash,211,35,2
128,6,6,prev2_hash,215,3,0
128,6,6,prev2_hash,216,20,1
128,6,6,prev2_hash,218,2,0
128,6,6,prev2_hash,219,8,0
128,6,6,prev2_hash,222,6,1
128,6,6,prev2_hash,223,32,3
128,6,6,prev2_hash,224,1,0
128,6,6,prev2_hash,230,10,0
128,6,6,prev2_hash,231,2,0
128,6,6,prev2_hash,235,11,0
128,6,6,prev2_hash,236,2,0
128,6,6,stream_band16,0,21,0
128,6,6,stream_band16,1,12,0
128,6,6,stream_band16,2,9,0
128,6,6,stream_band16,3,10,0
128,6,6,stream_band16,4,35,0
128,6,6,stream_band16,5,36,3
128,6,6,stream_band16,6,25,1
128,6,6,stream_band16,7,107,0
128,6,6,stream_band16,8,23,4
128,6,6,stream_band16,9,8,0
128,6,6,stream_band16,10,431,6
128,6,6,stream_band16,11,303,11
128,6,6,stream_band16,12,2185,39
128,6,6,stream_band16,13,6710,1852
128,6,6,stream_band16,14,2787,151
128,6,6,stream_band16,15,653,9
128,6,6,stream_band64,0,1,0
128,6,6,stream_band64,1,7,0
128,6,6,stream_band64,2,6,0
128,6,6,stream_band64,3,7,0
128,6,6,stream_band64,5,5,0
128,6,6,stream_band64,6,1,0
128,6,6,stream_band64,7,6,0
128,6,6,stream_band64,8,4,0
128,6,6,stream_band64,9,1,0
128,6,6,stream_band64,10,1,0
128,6,6,stream_band64,11,3,0
128,6,6,stream_band64,13,5,0
128,6,6,stream_band64,14,1,0
128,6,6,stream_band64,15,4,0
128,6,6,stream_band64,16,7,0
128,6,6,stream_band64,17,8,0
128,6,6,stream_band64,18,1,0
128,6,6,stream_band64,19,19,0
128,6,6,stream_band64,20,13,2
128,6,6,stream_band64,21,2,0
128,6,6,stream_band64,22,11,0
128,6,6,stream_band64,23,10,1
128,6,6,stream_band64,24,6,1
128,6,6,stream_band64,25,10,0
128,6,6,stream_band64,26,6,0
128,6,6,stream_band64,27,3,0
128,6,6,stream_band64,28,2,0
128,6,6,stream_band64,29,4,0
128,6,6,stream_band64,30,20,0
128,6,6,stream_band64,31,81,0
128,6,6,stream_band64,32,7,3
128,6,6,stream_band64,33,4,0
128,6,6,stream_band64,34,1,0
128,6,6,stream_band64,35,11,1
128,6,6,stream_band64,36,2,0
128,6,6,stream_band64,37,3,0
128,6,6,stream_band64,38,2,0
128,6,6,stream_band64,39,1,0
128,6,6,stream_band64,40,1,0
128,6,6,stream_band64,41,13,0
128,6,6,stream_band64,42,252,2
128,6,6,stream_band64,43,165,4
128,6,6,stream_band64,44,235,3
128,6,6,stream_band64,45,54,7
128,6,6,stream_band64,46,10,1
128,6,6,stream_band64,47,4,0
128,6,6,stream_band64,48,1590,36
128,6,6,stream_band64,49,549,0
128,6,6,stream_band64,50,44,3
128,6,6,stream_band64,51,2,0
128,6,6,stream_band64,52,35,0
128,6,6,stream_band64,53,11,0
128,6,6,stream_band64,54,149,5
128,6,6,stream_band64,55,6515,1847
128,6,6,stream_band64,56,2,0
128,6,6,stream_band64,57,2326,0
128,6,6,stream_band64,58,423,151
128,6,6,stream_band64,59,36,0
128,6,6,stream_band64,60,562,0
128,6,6,stream_band64,63,91,9
