// Generated by tools/design_causal_scr2_priors.py.
inline constexpr std::uint16_t kCausalScr2PriorStrength = 128u;
inline constexpr std::uint8_t kCausalScr2PriorCodes[] = {
  0x88, 0x88, 0x88, 0x88, 0x88, 0x88, 0x88, 0x88, 0x88, 0x88, 0x88, 0x88, 0x88, 0x88, 0x88, 0x88, 0x88, 0x88, 0x88, 0x88, 0x88, 0x88, 0x88, 0x88,
  0x88, 0x88, 0x88, 0x88, 0x88, 0x88, 0x88, 0x88, 0x88, 0x88, 0x88, 0x88, 0x88, 0x88, 0x88, 0x88, 0x88, 0x88, 0x88, 0x88, 0x88, 0x88, 0x88, 0x88,
  0x88, 0x88, 0x88, 0x88, 0x88, 0x88, 0x88, 0x88, 0x88, 0x88, 0x88, 0x88, 0x88, 0x88, 0x88, 0x88, 0x88, 0x88, 0x88, 0x88, 0x88, 0x88, 0x88, 0x88,
  0x88, 0x88, 0x88, 0x88, 0x88, 0x88, 0x88, 0x88, 0x88, 0x88, 0x88, 0x88, 0x88, 0x88, 0x88, 0x88, 0x88, 0x88, 0x88, 0x88, 0x88, 0x88, 0x88, 0x88,
  0x88, 0x88, 0x88, 0x88, 0x88, 0x88, 0x88, 0x88, 0x88, 0x88, 0x88, 0x88, 0x88, 0x88, 0x88, 0x88, 0x88, 0x88, 0x88, 0x88, 0x88, 0x88, 0x88, 0x88,
  0x88, 0x88, 0x88, 0x88, 0x88, 0x88, 0x88, 0x88, 0x88, 0x88, 0x88, 0x88, 0x88, 0x88, 0x88, 0x88, 0x88, 0x88, 0x88, 0x88, 0x88, 0x88, 0x88, 0x88,
  0x88, 0x88, 0x88, 0x88, 0x88, 0x88, 0x88, 0x88, 0x88, 0x88, 0x88, 0x88, 0x88, 0x88, 0x88, 0x88, 0x88, 0x88, 0x88, 0x88, 0x88, 0x88, 0x88, 0x88,
  0x88, 0x88, 0x88, 0x88, 0x88, 0x88, 0x88, 0x88, 0x88, 0x88, 0x88, 0x88, 0x88, 0x88, 0x88, 0x88, 0x88, 0x88, 0x88, 0x88, 0x88, 0x88, 0x88, 0x88,
  0x88, 0x88, 0x88, 0x88, 0x88, 0x88, 0x88, 0x88, 0x88, 0x88, 0x88, 0x88, 0x88, 0x88, 0x88, 0x88, 0x88, 0x88, 0x88, 0x88, 0x88, 0x88, 0x88, 0x88,
  0x88, 0x88, 0x88, 0x88, 0x88, 0x88, 0x88, 0x88, 0x88, 0x88, 0x88, 0x88, 0x88, 0x88, 0x88, 0x88, 0x88, 0x88, 0x88, 0x88, 0x88, 0x88, 0x88, 0x88,
  0x88, 0x88, 0x88, 0x88, 0x88, 0x88, 0x88, 0x88, 0x88, 0x88, 0x88, 0x88, 0x88, 0x88, 0x88, 0x88, 0x8f, 0x88, 0x88, 0x88, 0x8f, 0x88, 0x88, 0x88,
  0x8f, 0x88, 0x88, 0x88, 0x8f, 0x88, 0x88, 0x80, 0x0f, 0x80, 0x88, 0x88, 0x8f, 0x88, 0x88, 0x88, 0x8f, 0x80, 0x00, 0x88, 0x0e, 0x00, 0x00, 0x80,
  0x8f, 0x08, 0x80, 0x80, 0x8f, 0x88, 0x88, 0x88, 0x8f, 0x88, 0x00, 0x88, 0x0f, 0x00, 0x80, 0x88, 0x0e, 0x00, 0x80, 0x88, 0x8f, 0x88, 0x88, 0x80,
  0x8f, 0x80, 0x88, 0x88, 0x8f, 0x88, 0x88, 0x88, 0x8f, 0x08, 0x88, 0x88, 0x8f, 0x88, 0x88, 0x88, 0x8f, 0x88, 0x88, 0x88, 0x8f, 0x88, 0x88, 0x88,
  0x8f, 0x00, 0x88, 0x80, 0x8f, 0x88, 0x88, 0x88, 0x8f, 0x88, 0x88, 0x80, 0x8f, 0x88, 0x88, 0x88, 0x8f, 0x88, 0x88, 0x88, 0x8f, 0x88, 0x88, 0x88,
  0x8e, 0x80, 0x88, 0x88, 0x8f, 0x08, 0x80, 0x88, 0x8f, 0x88, 0x88, 0x88, 0x0c, 0x08, 0x08, 0x80, 0x8f, 0x88, 0x88, 0x88, 0x8f, 0x88, 0x88, 0x88,
  0x8e, 0x80, 0x88, 0x88, 0x8f, 0x88, 0x88, 0x88, 0x8f, 0x80, 0x88, 0x80, 0x8f, 0x88, 0x88, 0x88, 0x8f, 0x88, 0x88, 0x88, 0x8f, 0x88, 0x08, 0x80,
  0x8f, 0x88, 0x88, 0x88, 0x8f, 0x88, 0x08, 0x80, 0x8f, 0x80, 0x08, 0x80, 0x8f, 0x88, 0x08, 0x88, 0x8f, 0x80, 0x08, 0x80, 0x8f, 0x88, 0x08, 0x88,
  0x8f, 0x88, 0x88, 0x88, 0x8f, 0x88, 0x80, 0x88, 0x8e, 0x80, 0x88, 0x88, 0x8d, 0x80, 0x88, 0x88, 0x8f, 0x88, 0x88, 0x88, 0x8f, 0x88, 0x88, 0x88,
  0x8f, 0x88, 0x88, 0x88, 0x8f, 0x00, 0x88, 0x88, 0x8f, 0x88, 0x88, 0x80, 0x8f, 0x88, 0x88, 0x88, 0x8f, 0x88, 0x88, 0x88, 0x8f, 0x88, 0x88, 0x88,
  0x8f, 0x88, 0x88, 0x88, 0x8f, 0x00, 0x80, 0x88, 0x8f, 0x88, 0x08, 0x88, 0x8a, 0x00, 0x08, 0x80, 0x8f, 0x88, 0x88, 0x88, 0x88, 0x88, 0x88, 0x88,
  0x88, 0x88, 0x88, 0x88, 0x80, 0x80, 0x88, 0x88, 0x88, 0x88, 0x88, 0x88, 0x88, 0x88, 0x88, 0x88, 0x88, 0x88, 0x88, 0x88, 0x88, 0x88, 0x88, 0x88,
  0x88, 0x88, 0x88, 0x88, 0x88, 0x88, 0x88, 0x88, 0x88, 0x88, 0x88, 0x88, 0x88, 0x88, 0x88, 0x88, 0x88, 0x88, 0x88, 0x88, 0x88, 0x88, 0x88, 0x88,
  0x88, 0x88, 0x88, 0x88, 0x88, 0x88, 0x88, 0x88, 0x88, 0x88, 0x88, 0x88, 0x88, 0x88, 0x88, 0x88, 0x88, 0x88, 0x88, 0x88, 0x88, 0x88, 0x88, 0x88,
  0x88, 0x88, 0x88, 0x88, 0x88, 0x88, 0x88, 0x88, 0x88, 0x88, 0x88, 0x88, 0x88, 0x88, 0x88, 0x88, 0x88, 0x88, 0x88, 0x88, 0x88, 0x88, 0x88, 0x88,
  0x88, 0x88, 0x88, 0x88, 0x88, 0x88, 0x88, 0x88, 0x88, 0x88, 0x88, 0x88, 0x88, 0x88, 0x88, 0x88, 0x88, 0x88, 0x88, 0x88, 0x88, 0x88, 0x88, 0x88,
  0x88, 0x88, 0x88, 0x88, 0x88, 0x88, 0x88, 0x88, 0x88, 0x88, 0x88, 0x88, 0x88, 0x88, 0x88, 0x88, 0x88, 0x88, 0x88, 0x88, 0x88, 0x88, 0x88, 0x88,
  0x88, 0x88, 0x88, 0x88, 0x88, 0x88, 0x88, 0x88, 0x88, 0x88, 0x88, 0x88, 0x88, 0x88, 0x88, 0x88, 0x88, 0x88, 0x88, 0x88, 0x88, 0x88, 0x88, 0x88,
  0x88, 0x88, 0x88, 0x88, 0x88, 0x88, 0x88, 0x88, 0x88, 0x88, 0x88, 0x88, 0x88, 0x88, 0x88, 0x88, 0x88, 0x88, 0x88, 0x88, 0x88, 0x88, 0x88, 0x88,
  0x88, 0x88, 0x88, 0x88, 0x88, 0x88, 0x88, 0x88, 0x88, 0x88, 0x88, 0x88, 0x88, 0x88, 0x88, 0x88, 0x88, 0x88, 0x88, 0x88, 0x88, 0x88, 0x88, 0x88,
  0x88, 0x88, 0x88, 0x88, 0x88, 0x88, 0x88, 0x88, 0x88, 0x88, 0x88, 0x88, 0x88, 0x88, 0x88, 0x88, 0x88, 0x88, 0x88, 0x88, 0x88, 0x88, 0x88, 0x88,
  0x88, 0x88, 0x88, 0x88, 0x88, 0x88, 0x88, 0x88, 0x88, 0x88, 0x88, 0x88, 0x88, 0x88, 0x88, 0x88, 0x88, 0x88, 0x88, 0x88, 0x88, 0x88, 0x88, 0x88,
  0x88, 0xf8, 0xff, 0x8f, 0x88, 0xff, 0xff, 0x8f, 0xf8, 0xf8, 0xff, 0x8f, 0x88, 0xf8, 0xff, 0x8f, 0x88, 0xf8, 0xff, 0x8f, 0x88, 0xf8, 0xff, 0x8f,
  0x88, 0xf8, 0xff, 0x8f, 0x88, 0xf8, 0xff, 0x8f, 0x88, 0xf8, 0xff, 0x8f, 0x88, 0xff, 0xff, 0x8f, 0x88, 0xf8, 0xff, 0x8f, 0x88, 0xff, 0xff, 0x8f,
  0x88, 0xf8, 0xff, 0x8f, 0x88, 0xff, 0xff, 0x8f, 0x88, 0xf8, 0xff, 0x8f, 0x88, 0xf8, 0xff, 0x8f, 0xf8, 0xf8, 0xff, 0x8f, 0x88, 0xf8, 0xff, 0x8f,
  0x88, 0xf8, 0xff, 0x8f, 0x88, 0xf8, 0xff, 0x8f, 0x88, 0xf8, 0xff, 0x8f, 0x88, 0xf8, 0xff, 0x8f, 0x88, 0xff, 0xff, 0x8f, 0xf8, 0xff, 0xff, 0x8f,
  0xf8, 0xff, 0xff, 0x8f, 0xf8, 0xf8, 0xff, 0x8f, 0x88, 0xf8, 0xff, 0x8f, 0x88, 0xf8, 0xff, 0x8f, 0x88, 0xf8, 0xff, 0x8f, 0x88, 0xff, 0xff, 0x8f,
  0x88, 0xf8, 0xff, 0x8f, 0xf8, 0xff, 0xff, 0x8f, 0x88, 0xf8, 0xff, 0x8f, 0x88, 0xf8, 0xff, 0x8f, 0xf8, 0xf8, 0xff, 0x8f, 0xf8, 0xff, 0xff, 0x8f,
  0x88, 0xf8, 0xff, 0x8f, 0x88, 0xf8, 0xff, 0x8f, 0xf8, 0xf8, 0xff, 0x8f, 0xf8, 0xf8, 0xff, 0x8f, 0x88, 0xf8, 0xff, 0x8f, 0xf8, 0xf8, 0xff, 0x8f,
  0x88, 0xf8, 0xff, 0x8f, 0x88, 0xf8, 0xff, 0x8f, 0x88, 0xf8, 0xff, 0x8f, 0x88, 0xf8, 0xff, 0x8f, 0x88, 0xf8, 0xff, 0x8f, 0x88, 0xf8, 0xff, 0x8f,
  0x88, 0xf8, 0xff, 0x8f, 0x88, 0xf8, 0xff, 0x8f, 0xf8, 0xf8, 0xff, 0x8f, 0x88, 0xf8, 0xff, 0x8f, 0x88, 0xff, 0xff, 0x8f, 0x88, 0xf8, 0xff, 0x8f,
  0x88, 0xff, 0xff, 0x8f, 0xf8, 0xf8, 0xff, 0x8f, 0x88, 0xf8, 0xff, 0x8f, 0xf8, 0xff, 0xff, 0x8f, 0xf8, 0xf8, 0xff, 0x8f, 0xff, 0xff, 0xff, 0x8f,
  0xff, 0xff, 0xff, 0x8f, 0x88, 0x88, 0x88, 0x88, 0x08, 0x00, 0x00, 0x80, 0x08, 0x00, 0x00, 0x80, 0x88, 0x88, 0x88, 0x88, 0x88, 0x88, 0x88, 0x88,
  0x88, 0x88, 0x88, 0x88, 0x88, 0x88, 0x88, 0x88, 0x88, 0x88, 0x88, 0x88, 0x88, 0x88, 0x88, 0x88, 0x88, 0x88, 0x88, 0x88, 0x88, 0x88, 0x88, 0x88,
  0x88, 0x88, 0x88, 0x88, 0x88, 0x88, 0x88, 0x88, 0x88, 0x88, 0x88, 0x88, 0x88, 0x88, 0x88, 0x88, 0x88, 0x88, 0x88, 0x88, 0x88, 0x88, 0x88, 0x88,
  0x88, 0x88, 0x88, 0x88, 0x88, 0x88, 0x88, 0x88, 0x88, 0x88, 0x88, 0x88, 0x88, 0x88, 0x88, 0x88, 0x88, 0x88, 0x88, 0x88, 0x88, 0x88, 0x88, 0x88,
  0x88, 0x88, 0x88, 0x88, 0x88, 0x88, 0x88, 0x88, 0x88, 0x88, 0x88, 0x88, 0x88, 0x88, 0x88, 0x88, 0x88, 0x88, 0x88, 0x88, 0x88, 0x88, 0x88, 0x88,
  0x88, 0x88, 0x88, 0x88, 0x88, 0x88, 0x88, 0x88, 0x88, 0x88, 0x88, 0x88, 0x88, 0x88, 0x88, 0x88, 0x88, 0x88, 0x88, 0x88, 0x88, 0x88, 0x88, 0x88,
  0x88, 0x88, 0x88, 0x88, 0x88, 0x88, 0x88, 0x88, 0x88, 0x88, 0x88, 0x88, 0x88, 0x88, 0x88, 0x88, 0x88, 0x88, 0x88, 0x88, 0x88, 0x88, 0x88, 0x88,
  0x88, 0x88, 0x88, 0x88, 0x88, 0x88, 0x88, 0x88, 0x88, 0x88, 0x88, 0x88, 0x88, 0x88, 0x88, 0x88, 0x88, 0x88, 0x88, 0x88, 0x88, 0x88, 0x88, 0x88,
  0x88, 0x88, 0x88, 0x88, 0x88, 0x88, 0x88, 0x88, 0x88, 0x88, 0x88, 0x88, 0x88, 0x88, 0x88, 0x88, 0x88, 0x88, 0x88, 0x88, 0x88, 0x88, 0x88, 0x88,
  0x88, 0x88, 0x88, 0x88, 0x88, 0x88, 0x88, 0x88, 0x88, 0x88, 0x88, 0x88, 0x88, 0x88, 0x88, 0x88, 0x88, 0x88, 0x88, 0x88, 0x88, 0x88, 0x88, 0x88,
  0x88, 0x88, 0x88, 0x88, 0x88, 0x88, 0x88, 0x88, 0x88, 0x88, 0x88, 0x88, 0x88, 0x88, 0x88, 0x88, 0x88, 0x88, 0x88, 0x88, 0x88, 0x88, 0x88, 0x88,
  0x88, 0x88, 0x88, 0x88, 0x88, 0x88, 0x88, 0x88, 0x3c, 0xfb, 0xbb, 0x8a, 0x3a, 0x9a, 0xcb, 0x8a, 0x2b, 0xab, 0xba, 0x8a, 0x0a, 0xaa, 0xa9, 0x8a,
  0x4a, 0xaa, 0x8a, 0x8a, 0x2a, 0xaa, 0xaa, 0x8a, 0x4b, 0xaa, 0xaa, 0x8a, 0x0a, 0x8a, 0xaa, 0x8a, 0x2b, 0x99, 0x99, 0x89, 0x09, 0x89, 0x98, 0x89,
  0x0a, 0xa9, 0x9a, 0x89, 0x0a, 0xaa, 0xab, 0x8a, 0x09, 0x99, 0x89, 0x89, 0x0b, 0x99, 0x98, 0x89, 0x19, 0x9a, 0x9a, 0x89, 0x29, 0x9a, 0xaa, 0x8a,
  0x59, 0xaa, 0xaa, 0x8a, 0x09, 0xaa, 0xa9, 0x8a, 0x0a, 0xba, 0xaa, 0x8a, 0x4b, 0xaa, 0xaa, 0x89, 0x09, 0xaa, 0xaa, 0x8a, 0x3a, 0xaa, 0xaa, 0x8a,
  0x29, 0xaa, 0x99, 0x8a, 0x2b, 0x9a, 0xab, 0x8a, 0x2a, 0xaa, 0xab, 0x8a, 0x2c, 0xbb, 0xba, 0x8b, 0x3b, 0x9a, 0x99, 0x8a, 0x1a, 0xba, 0xaa, 0x8a,
  0x0b, 0xaa, 0xaa, 0x8a, 0x3a, 0xbb, 0xaa, 0x8a, 0x16, 0x99, 0xaa, 0x89, 0x09, 0x9a, 0xa9, 0x89, 0x3a, 0xaa, 0xaa, 0x8a, 0x5a, 0xaa, 0xba, 0x8a,
  0x2a, 0xba, 0xba, 0x89, 0x3a, 0xba, 0xbc, 0x8a, 0x3a, 0xaa, 0x99, 0x8a, 0x0b, 0xaa, 0xaa, 0x89, 0x2a, 0x8a, 0xaa, 0x89, 0x39, 0xba, 0xaa, 0x8a,
  0x0b, 0xaa, 0x9b, 0x8a, 0x1b, 0xab, 0xbb, 0x8a, 0x2a, 0x9a, 0xbb, 0x8a, 0x1a, 0xcb, 0xba, 0x8a, 0x2c, 0xdb, 0xbb, 0x8b, 0x6b, 0xbb, 0x9a, 0x8a,
  0x2b, 0xbb, 0xbc, 0x8a, 0x1a, 0xbb, 0xba, 0x89, 0x0a, 0xab, 0xab, 0x8b, 0x2b, 0xbb, 0xcb, 0x8a, 0x0b, 0xbb, 0xca, 0x8a, 0x1c, 0xdb, 0xbb, 0x8a,
  0x0b, 0xba, 0xcc, 0x8a, 0x2b, 0xfc, 0xab, 0x8b, 0x1b, 0xbb, 0xba, 0x8b, 0x0b, 0xca, 0xb9, 0x8a, 0x09, 0x8a, 0xf9, 0x8b, 0x49, 0x8a, 0xa9, 0x8b,
  0x49, 0x98, 0xab, 0x89, 0x38, 0x88, 0x89, 0x89, 0x88, 0x88, 0x88, 0x88, 0x88, 0x88, 0x88, 0x88, 0x0b, 0x8a, 0x8a, 0x8c, 0x07, 0x8a, 0x9a, 0x89,
  0x88, 0x88, 0x88, 0x88, 0x88, 0x88, 0x88, 0x88, 0x88, 0x88, 0x88, 0x88, 0x88, 0x88, 0x88, 0x88, 0x88, 0x88, 0x88, 0x88, 0x88, 0x88, 0x88, 0x88,
  0x88, 0x88, 0x88, 0x88, 0x88, 0x88, 0x88, 0x88, 0x88, 0x88, 0x88, 0x88, 0x88, 0x88, 0x88, 0x88, 0x88, 0x88, 0x88, 0x88, 0x88, 0x88, 0x88, 0x88,
  0x88, 0x88, 0x88, 0x88, 0x88, 0x88, 0x88, 0x88, 0x88, 0x88, 0x88, 0x88, 0x88, 0x88, 0x88, 0x88, 0x88, 0x88, 0x88, 0x88, 0x88, 0x88, 0x88, 0x88,
  0x88, 0x88, 0x88, 0x88, 0x88, 0x88, 0x88, 0x88, 0x88, 0x88, 0x88, 0x88, 0x88, 0x88, 0x88, 0x88, 0x88, 0x88, 0x88, 0x88, 0x88, 0x88, 0x88, 0x88,
  0x88, 0x88, 0x88, 0x88, 0x88, 0x88, 0x88, 0x88, 0x88, 0x88, 0x88, 0x88, 0x88, 0x88, 0x88, 0x88, 0x88, 0x88, 0x88, 0x88, 0x88, 0x88, 0x88, 0x88,
  0x88, 0x88, 0x88, 0x88, 0x88, 0x88, 0x88, 0x88, 0x88, 0x88, 0x88, 0x88, 0x88, 0x88, 0x88, 0x88, 0x88, 0x88, 0x88, 0x88, 0x88, 0x88, 0x88, 0x88,
  0x88, 0x88, 0x88, 0x88, 0x88, 0x88, 0x88, 0x88, 0x88, 0x88, 0x88, 0x88, 0x88, 0x88, 0x88, 0x88, 0x88, 0x88, 0x88, 0x88, 0x88, 0x88, 0x88, 0x88,
  0x88, 0x88, 0x88, 0x88, 0x88, 0x88, 0x88, 0x88, 0x88, 0x88, 0x88, 0x88, 0x88, 0x88, 0x88, 0x88, 0x88, 0x88, 0x88, 0x88, 0x88, 0x88, 0x88, 0x88,
  0x88, 0x88, 0x88, 0x88, 0x88, 0x88, 0x88, 0x88, 0x88, 0x88, 0x88, 0x88, 0x88, 0x88, 0x88, 0x88, 0x88, 0x88, 0x88, 0x88, 0x88, 0x88, 0x88, 0x88,
  0x88, 0x88, 0x88, 0x88, 0x88, 0x88, 0x88, 0x88, 0x88, 0x88, 0x88, 0x88, 0x88, 0x88, 0x88, 0x88, 0x88, 0x88, 0x88, 0x88, 0x88, 0x88, 0x88, 0x88,
  0x88, 0x88, 0x88, 0x88, 0x88, 0x88, 0x88, 0x88, 0x88, 0x88, 0x88, 0x88, 0x88, 0x88, 0x88, 0x88, 0x89, 0x88, 0x88, 0x88, 0x8c, 0x88, 0x88, 0x88,
  0x8c, 0x88, 0x88, 0x88, 0x8c, 0x88, 0x88, 0x88, 0x8a, 0x88, 0x88, 0x88, 0x8d, 0x88, 0x88, 0x88, 0x8e, 0x88, 0x88, 0x88, 0x8d, 0x88, 0x88, 0x88,
  0x8d, 0x88, 0x88, 0x88, 0x8c, 0x88, 0x88, 0x88, 0x8c, 0x88, 0x88, 0x88, 0x8d, 0x88, 0x88, 0x88, 0x8f, 0x88, 0x88, 0x88, 0x8f, 0x88, 0x88, 0x88,
  0x8d, 0x88, 0x88, 0x88, 0x8d, 0x88, 0x88, 0x88, 0x8b, 0x88, 0x88, 0x88, 0x8e, 0x88, 0x88, 0x88, 0x8d, 0x88, 0x88, 0x88, 0x8b, 0x88, 0x88, 0x88,
  0x8b, 0x88, 0x88, 0x88, 0x8e, 0x88, 0x88, 0x88, 0x8d, 0x88, 0x88, 0x88, 0x8d, 0x88, 0x88, 0x88, 0x8c, 0x88, 0x88, 0x88, 0x8d, 0x88, 0x88, 0x88,
  0x8d, 0x88, 0x88, 0x88, 0x8c, 0x88, 0x88, 0x88, 0x8c, 0x88, 0x88, 0x88, 0x8c, 0x88, 0x88, 0x88, 0x8d, 0x88, 0x88, 0x88, 0x8d, 0x88, 0x88, 0x88,
  0x8f, 0x88, 0x88, 0x88, 0x8e, 0x88, 0x88, 0x88, 0x8d, 0x88, 0x88, 0x88, 0x8d, 0x88, 0x88, 0x88, 0x8e, 0x88, 0x88, 0x88, 0x8d, 0x88, 0x88, 0x88,
  0x8d, 0x88, 0x88, 0x88, 0x8c, 0x88, 0x88, 0x88, 0x8d, 0x88, 0x88, 0x88, 0x8d, 0x88, 0x88, 0x88, 0x8c, 0x88, 0x88, 0x88, 0x8d, 0x88, 0x88, 0x88,
  0x8d, 0x88, 0x88, 0x88, 0x8d, 0x88, 0x88, 0x88, 0x8b, 0x88, 0x88, 0x88, 0x8c, 0x88, 0x88, 0x88, 0x8f, 0x88, 0x88, 0x88, 0x8f, 0x88, 0x88, 0x88,
  0x8f, 0x88, 0x88, 0x88, 0x8f, 0x88, 0x88, 0x88, 0x8f, 0x88, 0x88, 0x88, 0x8f, 0x88, 0x88, 0x88, 0x8f, 0x88, 0x88, 0x88, 0x8f, 0x88, 0x88, 0x88,
  0x8f, 0x88, 0x88, 0x88, 0x8c, 0x88, 0x88, 0x88, 0x8f, 0x88, 0x88, 0x88, 0x89, 0x88, 0x88, 0x88, 0x88, 0x88, 0x88, 0x88, 0x88, 0x88, 0x88, 0x88,
  0x88, 0x88, 0x88, 0x88, 0x8f, 0x88, 0x88, 0x88, 0x88, 0x88, 0x88, 0x88, 0x88, 0x88, 0x88, 0x88, 0x88, 0x88, 0x88, 0x88, 0x88, 0x88, 0x88, 0x88,
  0x88, 0x88, 0x88, 0x88, 0x88, 0x88, 0x88, 0x88, 0x88, 0x88, 0x88, 0x88, 0x88, 0x88, 0x88, 0x88, 0x88, 0x88, 0x88, 0x88, 0x88, 0x88, 0x88, 0x88,
  0x88, 0x88, 0x88, 0x88, 0x88, 0x88, 0x88, 0x88, 0x88, 0x88, 0x88, 0x88, 0x88, 0x88, 0x88, 0x88, 0x88, 0x88, 0x88, 0x88, 0x88, 0x88, 0x88, 0x88,
  0x88, 0x88, 0x88, 0x88, 0x88, 0x88, 0x88, 0x88, 0x88, 0x88, 0x88, 0x88, 0x88, 0x88, 0x88, 0x88, 0x88, 0x88, 0x88, 0x88, 0x88, 0x88, 0x88, 0x88,
  0x88, 0x88, 0x88, 0x88, 0x88, 0x88, 0x88, 0x88, 0x88, 0x88, 0x88, 0x88, 0x88, 0x88, 0x88, 0x88, 0x88, 0x88, 0x88, 0x88, 0x88, 0x88, 0x88, 0x88,
  0x88, 0x88, 0x88, 0x88, 0x88, 0x88, 0x88, 0x88, 0x88, 0x88, 0x88, 0x88, 0x88, 0x88, 0x88, 0x88, 0x88, 0x88, 0x88, 0x88, 0x88, 0x88, 0x88, 0x88,
  0x88, 0x88, 0x88, 0x88, 0x88, 0x88, 0x88, 0x88, 0x88, 0x88, 0x88, 0x88, 0x88, 0x88, 0x88, 0x88, 0x88, 0x88, 0x88, 0x88, 0x88, 0x88, 0x88, 0x88,
  0x88, 0x88, 0x88, 0x88, 0x88, 0x88, 0x88, 0x88, 0x88, 0x88, 0x88, 0x88, 0x88, 0x88, 0x88, 0x88, 0x88, 0x88, 0x88, 0x88, 0x88, 0x88, 0x88, 0x88,
  0x88, 0x88, 0x88, 0x88, 0x88, 0x88, 0x88, 0x88, 0x88, 0x88, 0x88, 0x88, 0x88, 0x88, 0x88, 0x88, 0x88, 0x88, 0x88, 0x88, 0x88, 0x88, 0x88, 0x88,
  0x88, 0x88, 0x88, 0x88, 0x88, 0x88, 0x88, 0x88, 0x88, 0x88, 0x88, 0x88, 0x88, 0x88, 0x88, 0x88, 0x88, 0x88, 0x88, 0x88, 0x88, 0x88, 0x88, 0x88,
  0x88, 0x88, 0x88, 0x88, 0x88, 0x88, 0x88, 0x88, 0x88, 0x88, 0x88, 0x88, 0x88, 0x88, 0x88, 0x88, 0x88, 0x88, 0x88, 0x88, 0x88, 0x88, 0x88, 0x88,
  0x88, 0x88, 0x88, 0x88, 0x88, 0x88, 0x88, 0x88, 0x88, 0x88, 0x88, 0x88, 0x88, 0x88, 0x88, 0x88, 0x88, 0x88, 0x88, 0x88, 0x88, 0x88, 0x88, 0x88,
  0x88, 0x88, 0x88, 0x88, 0x88, 0x88, 0x88, 0x88, 0x88, 0x88, 0x88, 0x88, 0x88, 0x88, 0x88, 0x88, 0x88, 0x88, 0x88, 0x88, 0x88, 0x88, 0x88, 0x88,
  0x88, 0x88, 0x88, 0x88, 0x88, 0x88, 0x88, 0x88, 0x88, 0x88, 0x88, 0x88, 0x88, 0x88, 0x88, 0x88, 0x88, 0x88, 0x88, 0x88, 0x88, 0x88, 0x88, 0x88,
  0x88, 0x88, 0x88, 0x88, 0x88, 0x88, 0x88, 0x88, 0x88, 0x88, 0x88, 0x88, 0x88, 0x88, 0x88, 0x88, 0x88, 0x88, 0x88, 0x88, 0x88, 0x88, 0x88, 0x88,
  0x88, 0x88, 0x88, 0x88, 0x88, 0x88, 0x88, 0x88, 0x88, 0x88, 0x88, 0x88, 0x88, 0x88, 0x88, 0x88, 0x88, 0x88, 0x88, 0x88, 0x88, 0x88, 0x88, 0x88,
  0x88, 0x88, 0x88, 0x88, 0x88, 0x88, 0x88, 0x88, 0x88, 0x88, 0x88, 0x88, 0x88, 0x88, 0x88, 0x88, 0x88, 0x88, 0x88, 0x88, 0x88, 0x88, 0x88, 0x88,
  0x88, 0x88, 0x88, 0x88, 0x88, 0x88, 0x88, 0x88, 0x88, 0x88, 0x88, 0x88, 0x88, 0x88, 0x88, 0x88, 0x88, 0x88, 0x88, 0x88, 0x88, 0x88, 0x88, 0x88,
  0x88, 0x88, 0x88, 0x88, 0x88, 0x88, 0x88, 0x88, 0x88, 0x88, 0x88, 0x88, 0x88, 0x88, 0x88, 0x88, 0x88, 0x88, 0x88, 0x88, 0x88, 0x88, 0x88, 0x88,
  0x88, 0x88, 0x88, 0x88, 0x88, 0x88, 0x88, 0x88, 0x88, 0x88, 0x88, 0x88, 0x88, 0x88, 0x88, 0x88, 0x88, 0x88, 0x88, 0x88, 0x88, 0x88, 0x88, 0x88,
  0x88, 0x88, 0x88, 0x88, 0x88, 0x88, 0x88, 0x88, 0x88, 0x88, 0x88, 0x88, 0x88, 0x88, 0x88, 0x88, 0x88, 0x88, 0x88, 0x88, 0x88, 0x88, 0x88, 0x88,
  0x88, 0x88, 0x88, 0x88, 0x88, 0x88, 0x88, 0x88, 0x88, 0x88, 0x88, 0x88, 0x88, 0x88, 0x88, 0x88, 0x88, 0x88, 0x88, 0x88, 0x88, 0x88, 0x88, 0x88,
  0x88, 0x88, 0x88, 0x88, 0x88, 0x88, 0x88, 0x88, 0x88, 0x88, 0x88, 0x88, 0x88, 0x88, 0x88, 0x88, 0x88, 0x88, 0x88, 0x88, 0x88, 0x88, 0x88, 0x88,
  0x88, 0x88, 0x88, 0x88, 0x88, 0x88, 0x88, 0x88, 0x88, 0x88, 0x88, 0x88, 0x88, 0x88, 0x88, 0x88, 0x88, 0x88, 0x88, 0x88, 0x88, 0x88, 0x88, 0x88,
  0x88, 0x88, 0x88, 0x88, 0x88, 0x88, 0x88, 0x88, 0x88, 0x88, 0x88, 0x88, 0x88, 0x88, 0x88, 0x88, 0x88, 0x88, 0x88, 0x88, 0x88, 0x88, 0x88, 0x88,
  0x88, 0x88, 0x88, 0x88, 0x88, 0x88, 0x88, 0x88, 0x88, 0x88, 0x88, 0x88, 0x88, 0x88, 0x88, 0x88, 0x88, 0x88, 0x88, 0x88, 0x88, 0x88, 0x88, 0x88,
  0x88, 0x88, 0x88, 0x88, 0x88, 0x88, 0x88, 0x88, 0x88, 0x88, 0x88, 0x88, 0x88, 0x88, 0x88, 0x88, 0x88, 0x88, 0x88, 0x88, 0x88, 0x88, 0x88, 0x88,
  0x88, 0x88, 0x88, 0x88, 0x88, 0x88, 0x88, 0x88, 0x88, 0x88, 0x88, 0x88, 0x88, 0x88, 0x88, 0x88, 0x88, 0x88, 0x88, 0x88, 0x88, 0x88, 0x88, 0x88,
  0x88, 0x88, 0x88, 0x88, 0x88, 0x88, 0x88, 0x88, 0x88, 0x88, 0x88, 0x88, 0x88, 0x88, 0x88, 0x88, 0x88, 0x88, 0x88, 0x88, 0x88, 0x88, 0x88, 0x88,
  0x88, 0x88, 0x88, 0x88, 0x88, 0x88, 0x88, 0x88, 0x88, 0x88, 0x88, 0x88, 0x88, 0x88, 0x88, 0x88, 0x88, 0x88, 0x88, 0x88, 0x88, 0x88, 0x88, 0x88,
  0x88, 0x88, 0x88, 0x88, 0x88, 0x88, 0x88, 0x88, 0x88, 0x88, 0x88, 0x88, 0x88, 0x88, 0x88, 0x88, 0x88, 0x88, 0x88, 0x88, 0x88, 0x88, 0x88, 0x88,
  0x88, 0x88, 0x88, 0x88, 0x88, 0x88, 0x88, 0x88, 0x88, 0x88, 0x88, 0x88, 0x88, 0x88, 0x88, 0x88, 0x88, 0x88, 0x88, 0x88, 0x88, 0x88, 0x88, 0x88,
  0x88, 0x88, 0x88, 0x88, 0x88, 0x88, 0x88, 0x88, 0x8a, 0x88, 0x88, 0x88, 0xaa, 0x8a, 0x88, 0x8f, 0xaa, 0xa8, 0x0f, 0x8f, 0xca, 0x88, 0xff, 0x88,
  0xaa, 0xf8, 0x08, 0x88, 0xab, 0x88, 0xf8, 0x88, 0xaa, 0x8f, 0x8f, 0x8f, 0xba, 0x88, 0x88, 0x88, 0x99, 0x88, 0x88, 0x87, 0x99, 0x8f, 0x88, 0x88,
  0x8a, 0xfb, 0x88, 0x8f, 0xba, 0x78, 0xf8, 0x8f, 0x99, 0x90, 0x88, 0x80, 0x89, 0xff, 0x8f, 0x89, 0xaa, 0xff, 0xf8, 0x8f, 0x8a, 0xf0, 0x80, 0x88,
  0xab, 0xf0, 0xf0, 0x8f, 0xba, 0xff, 0x88, 0x88, 0xaa, 0x08, 0x88, 0x88, 0x9a, 0xff, 0x0f, 0x8f, 0xaa, 0xf8, 0x88, 0x8f, 0x9a, 0x08, 0x88, 0x88,
  0x8a, 0x0c, 0xf8, 0x8f, 0xca, 0xaf, 0x88, 0x8f, 0x8a, 0xff, 0xf8, 0x88, 0xbb, 0x08, 0x88, 0x80, 0xba, 0xff, 0x88, 0x8b, 0xba, 0x80, 0x88, 0x88,
  0x9a, 0x98, 0x88, 0x8f, 0xca, 0xfb, 0x88, 0x8f, 0xca, 0x8f, 0x88, 0x88, 0xba, 0x8f, 0x88, 0x80, 0x9a, 0xf8, 0x88, 0x88, 0xaa, 0xb8, 0x8f, 0x8f,
  0xaa, 0x88, 0xff, 0x88, 0xba, 0x8f, 0x88, 0x88, 0xba, 0x8f, 0x8f, 0x8f, 0xca, 0x08, 0x88, 0x8f, 0xaa, 0x28, 0x88, 0x88, 0x8a, 0xf8, 0x88, 0x8f,
  0xca, 0x8f, 0x88, 0x8f, 0xab, 0x98, 0x8f, 0x8f, 0x8a, 0x98, 0xf8, 0x8f, 0xcb, 0xff, 0xf8, 0x8a, 0xbb, 0x08, 0x89, 0x8f, 0x9b, 0x88, 0x8f, 0x8f,
  0xbb, 0xf9, 0x88, 0x8f, 0xab, 0xff, 0x88, 0x88, 0xab, 0xf8, 0x88, 0x8f, 0x9b, 0x8f, 0x88, 0x88, 0xbb, 0x88, 0x88, 0x88, 0xfb, 0x8f, 0x88, 0x88,
  0x9b, 0x88, 0x88, 0x88, 0x8c, 0x88, 0x8f, 0x8f, 0x5b, 0x80, 0x88, 0x88, 0xab, 0x88, 0x88, 0x8f, 0xfc, 0x88, 0x88, 0x8f, 0xca, 0x8f, 0x88, 0x88,
  0xa9, 0x00, 0x88, 0x8c, 0x88, 0x88, 0x88, 0x8a, 0x88, 0x88, 0x88, 0x88, 0x88, 0x88, 0x88, 0x88, 0x8a, 0x88, 0x8f, 0x88, 0x7a, 0x88, 0x88, 0x88,
  0x84, 0x88, 0x88, 0x88, 0x8b, 0x88, 0x88, 0x88, 0x8c, 0x88, 0x88, 0x88, 0x8a, 0x88, 0x88, 0x88, 0x8a, 0x88, 0x88, 0x88, 0x8b, 0x88, 0x88, 0x88,
  0x8a, 0x88, 0x88, 0x88, 0x8b, 0x88, 0x88, 0x88, 0x8b, 0x88, 0x88, 0x88, 0x8a, 0x88, 0x88, 0x88, 0x8b, 0x88, 0x88, 0x88, 0x8c, 0x88, 0x88, 0x88,
  0x8b, 0x88, 0x88, 0x88, 0x8b, 0x88, 0x88, 0x88, 0x8c, 0x88, 0x88, 0x88, 0x8c, 0x88, 0x88, 0x88, 0x8b, 0x88, 0x88, 0x88, 0x8c, 0x88, 0x88, 0x88,
  0x8c, 0x88, 0x88, 0x88, 0x8b, 0x88, 0x88, 0x88, 0x8b, 0x88, 0x88, 0x88, 0x8a, 0x88, 0x88, 0x88, 0x8a, 0x88, 0x88, 0x88, 0x8b, 0x88, 0x88, 0x88,
  0x8b, 0x88, 0x88, 0x88, 0x8b, 0x88, 0x88, 0x88, 0x8a, 0x88, 0x88, 0x88, 0x8b, 0x88, 0x88, 0x88, 0x8b, 0x88, 0x88, 0x88, 0x8a, 0x88, 0x88, 0x88,
  0x8a, 0x88, 0x88, 0x88, 0x8a, 0x88, 0x88, 0x88, 0x8b, 0x88, 0x88, 0x88, 0x8c, 0x88, 0x88, 0x88, 0x8a, 0x88, 0x88, 0x88, 0x8b, 0x88, 0x88, 0x88,
  0x8b, 0x88, 0x88, 0x88, 0x8b, 0x88, 0x88, 0x88, 0x8a, 0x88, 0x88, 0x88, 0x8a, 0x88, 0x88, 0x88, 0x8a, 0x88, 0x88, 0x88, 0x8c, 0x88, 0x88, 0x88,
  0x8b, 0x88, 0x88, 0x88, 0x8a, 0x88, 0x88, 0x88, 0x8b, 0x88, 0x88, 0x88, 0x8a, 0x88, 0x88, 0x88, 0x8b, 0x88, 0x88, 0x88, 0x8c, 0x88, 0x88, 0x88,
  0x8c, 0x88, 0x88, 0x88, 0x8c, 0x88, 0x88, 0x88, 0x8b, 0x88, 0x88, 0x88, 0x8d, 0x88, 0x88, 0x88, 0x8b, 0x88, 0x88, 0x88, 0x8a, 0x88, 0x88, 0x88,
  0x8c, 0x88, 0x88, 0x88, 0x8f, 0x88, 0x88, 0x88, 0x8f, 0x88, 0x88, 0x88, 0x88, 0x88, 0x88, 0x88, 0x86, 0x88, 0x88, 0x88, 0x84, 0x88, 0x88, 0x88,
  0x88, 0x88, 0x88, 0x88, 0x88, 0x88, 0x88, 0x88, 0x88, 0x88, 0x88, 0x88, 0x88, 0x88, 0x88, 0x88, 0x80, 0x88, 0x88, 0x88, 0x80, 0x88, 0x88, 0x88,
  0x80, 0x88, 0x88, 0x88, 0x80, 0x88, 0x88, 0x88, 0x80, 0x88, 0x88, 0x88, 0x80, 0x88, 0x88, 0x88, 0x80, 0x88, 0x88, 0x88, 0x80, 0x88, 0x88, 0x88,
  0x80, 0x88, 0x88, 0x88, 0x80, 0x88, 0x88, 0x88, 0x80, 0x88, 0x88, 0x88, 0x80, 0x88, 0x88, 0x88, 0x80, 0x88, 0x88, 0x88, 0x80, 0x88, 0x88, 0x88,
  0x80, 0x88, 0x88, 0x88, 0x80, 0x88, 0x88, 0x88, 0x80, 0x88, 0x88, 0x88, 0x80, 0x88, 0x88, 0x88, 0x80, 0x88, 0x88, 0x88, 0x80, 0x88, 0x88, 0x88,
  0x80, 0x88, 0x88, 0x88, 0x80, 0x88, 0x88, 0x88, 0x80, 0x88, 0x88, 0x88, 0x80, 0x88, 0x88, 0x88, 0x80, 0x88, 0x88, 0x88, 0x80, 0x88, 0x88, 0x88,
  0x80, 0x88, 0x88, 0x88, 0x80, 0x88, 0x88, 0x88, 0x80, 0x88, 0x88, 0x88, 0x80, 0x88, 0x88, 0x88, 0x80, 0x88, 0x88, 0x88, 0x80, 0x88, 0x88, 0x88,
  0x80, 0x88, 0x88, 0x88, 0x80, 0x88, 0x88, 0x88, 0x80, 0x88, 0x88, 0x88, 0x80, 0x88, 0x88, 0x88, 0x80, 0x88, 0x88, 0x88, 0x80, 0x88, 0x88, 0x88,
  0x80, 0x88, 0x88, 0x88, 0x80, 0x88, 0x88, 0x88, 0x80, 0x88, 0x88, 0x88, 0x80, 0x88, 0x88, 0x88, 0x80, 0x88, 0x88, 0x88, 0x80, 0x88, 0x88, 0x88,
  0x80, 0x88, 0x88, 0x88, 0x80, 0x88, 0x88, 0x88, 0x80, 0x88, 0x88, 0x88, 0x80, 0x88, 0x88, 0x88, 0x8b, 0x88, 0x88, 0x88, 0x8b, 0x88, 0x88, 0x88,
  0x8c, 0x88, 0x88, 0x88, 0x8b, 0x88, 0x88, 0x88, 0x8a, 0x88, 0x88, 0x88, 0x8b, 0x88, 0x88, 0x88, 0x89, 0x88, 0x88, 0x88, 0x87, 0x88, 0x88, 0x88,
  0x8a, 0x88, 0x88, 0x88, 0x8a, 0x88, 0x88, 0x88, 0x80, 0x88, 0x88, 0x88, 0x80, 0x88, 0x88, 0x88, 0x80, 0x88, 0x88, 0x88, 0x88, 0x88, 0x88, 0x88,
  0x88, 0x88, 0x88, 0x88, 0x88, 0x88, 0x88, 0x88, 0x0a, 0x88, 0x88, 0x88, 0x8b, 0x88, 0x88, 0x88, 0x0a, 0x88, 0x88, 0x88, 0x0b, 0x88, 0x88, 0x88,
  0x0a, 0x88, 0x88, 0x88, 0x0b, 0x80, 0x88, 0x88, 0x0b, 0x88, 0x88, 0x88, 0x0c, 0x88, 0x88, 0x88, 0x0a, 0x80, 0x88, 0x88, 0x0c, 0x88, 0x88, 0x88,
  0x0b, 0x88, 0x88, 0x88, 0x0b, 0x88, 0x88, 0x88, 0x0c, 0x00, 0x88, 0x88, 0x0b, 0x88, 0x88, 0x88, 0x0b, 0x80, 0x88, 0x88, 0x0b, 0x88, 0x88, 0x88,
  0x0c, 0x88, 0x88, 0x88, 0x8a, 0x88, 0x88, 0x88, 0x8b, 0x88, 0x88, 0x88, 0x0c, 0x88, 0x08, 0x88, 0x0b, 0x08, 0x88, 0x88, 0x0b, 0x08, 0x88, 0x88,
  0x0b, 0x88, 0x88, 0x88, 0x0b, 0x80, 0x88, 0x88, 0x0b, 0x88, 0x88, 0x88, 0x0b, 0x88, 0x88, 0x88, 0x0b, 0x88, 0x88, 0x88, 0x0b, 0x88, 0x88, 0x88,
  0x0a, 0x88, 0x88, 0x88, 0x0b, 0x80, 0x88, 0x88, 0x8b, 0x88, 0x88, 0x88, 0x0b, 0x88, 0x88, 0x88, 0x09, 0x80, 0x88, 0x88, 0x0b, 0x88, 0x88, 0x88,
  0x0a, 0x88, 0x88, 0x88, 0x0b, 0x88, 0x88, 0x88, 0x0b, 0x80, 0x88, 0x88, 0x0a, 0x88, 0x88, 0x88, 0x0b, 0x88, 0x88, 0x88, 0x0b, 0x80, 0x88, 0x88,
  0x0c, 0x88, 0x88, 0x88, 0x0b, 0x80, 0x88, 0x88, 0x0b, 0x88, 0x88, 0x88, 0x0b, 0x80, 0x88, 0x88, 0x0b, 0x88, 0x88, 0x88, 0x0c, 0x88, 0x88, 0x88,
  0x09, 0x88, 0x88, 0x88, 0x0b, 0x88, 0x88, 0x88, 0x0d, 0x88, 0x88, 0x88, 0x0e, 0x88, 0x88, 0x8f, 0x8e, 0x88, 0xf8, 0x88, 0x8f, 0x88, 0x88, 0x88,
  0xfe, 0x88, 0x88, 0x88, 0x0f, 0x88, 0x88, 0x88, 0xfe, 0x88, 0x88, 0x88, 0x88, 0x88, 0x88, 0x88, 0x8e, 0x88, 0x88, 0x88, 0x8e, 0x88, 0x88, 0x88,
  0x8b, 0x80, 0x88, 0x80, 0x09, 0x88, 0x88, 0x80, 0x88, 0x88, 0x88, 0x88, 0x88, 0x88, 0x88, 0x88, 0x0b, 0x88, 0x88, 0x88, 0x0d, 0x88, 0x88, 0x88,
  0x0a, 0x88, 0x88, 0x88, 0x0c, 0x80, 0x88, 0x88, 0x0b, 0x88, 0x88, 0x88, 0x0b, 0x88, 0x88, 0x88, 0x0b, 0x80, 0x88, 0x88, 0x0c, 0x80, 0x88, 0x88,
  0x0c, 0x80, 0x88, 0x88, 0x0b, 0x80, 0x88, 0x88, 0x0b, 0x80, 0x88, 0x88, 0x0b, 0x80, 0x88, 0x88, 0x0b, 0x88, 0x88, 0x88, 0x0c, 0x88, 0x80, 0x88,
  0x0c, 0x08, 0x88, 0x88, 0x0b, 0x80, 0x88, 0x88, 0x0c, 0x88, 0x88, 0x88, 0x0c, 0x88, 0x88, 0x88, 0x5c, 0x88, 0x88, 0x88, 0x0b, 0x08, 0x88, 0x88,
  0x0b, 0x88, 0x88, 0x88, 0x0b, 0x88, 0x88, 0x88, 0x0b, 0x80, 0x88, 0x88, 0x0b, 0x80, 0x88, 0x88, 0x0b, 0x88, 0xf8, 0x88, 0x0b, 0x88, 0x88, 0x88,
  0x0b, 0x80, 0x88, 0x88, 0x0b, 0x00, 0x88, 0x88, 0x0b, 0x80, 0xf8, 0x88, 0x0b, 0x88, 0x88, 0x88, 0x0b, 0x88, 0x88, 0x88, 0x0c, 0x88, 0x88, 0x88,
  0x0c, 0x88, 0x88, 0x88, 0x0a, 0x88, 0x88, 0x88, 0x0b, 0x80, 0x80, 0x88, 0x0b, 0x80, 0x88, 0x88, 0x0b, 0x88, 0x88, 0x88, 0x0b, 0x88, 0x88, 0x88,
  0x0b, 0x88, 0x88, 0x88, 0x0b, 0x88, 0x88, 0x88, 0x0b, 0x88, 0x88, 0x88, 0x0c, 0x88, 0x88, 0x88, 0x0c, 0x88, 0x88, 0x88, 0x0b, 0x88, 0x88, 0x88,
  0x0b, 0x80, 0x88, 0x88, 0x0c, 0x80, 0x88, 0x88, 0x0b, 0x00, 0x88, 0x88, 0x0a, 0x88, 0x88, 0x88, 0x0b, 0xf8, 0x88, 0x88, 0x0b, 0x80, 0x88, 0x88,
  0x0b, 0x88, 0x88, 0x88, 0x89, 0x88, 0x88, 0x88, 0x87, 0x88, 0x88, 0x88, 0x8b, 0x88, 0x80, 0x88, 0x08, 0x88, 0x88, 0x88, 0x89, 0x88, 0x88, 0x88,
  0x8a, 0x88, 0x88, 0x88, 0x0a, 0x88, 0x88, 0x88, 0x8a, 0x88, 0x88, 0x88, 0x8d, 0x88, 0x88, 0x88, 0x0b, 0x08, 0x88, 0x80, 0x09, 0x88, 0x88, 0x80,
  0x88, 0x88, 0x88, 0x88, 0x88, 0x88, 0x88, 0x88, 0x0b, 0x88, 0x88, 0x88, 0x0b, 0x88, 0x88, 0x88, 0x88, 0x88, 0x88, 0x88, 0x88, 0x88, 0x88, 0x88,
  0x88, 0x88, 0x88, 0x88, 0x88, 0x88, 0x88, 0x88, 0x88, 0x88, 0x88, 0x88, 0x88, 0x88, 0x88, 0x88, 0x88, 0x88, 0x88, 0x88, 0x88, 0x88, 0x88, 0x88,
  0x88, 0x88, 0x88, 0x88, 0x88, 0x88, 0x88, 0x88, 0x88, 0x88, 0x88, 0x88, 0x88, 0x88, 0x88, 0x88, 0x88, 0x88, 0x88, 0x88, 0x88, 0x88, 0x88, 0x88,
  0x88, 0x88, 0x88, 0x88, 0x88, 0x88, 0x88, 0x88, 0x88, 0x88, 0x88, 0x88, 0x88, 0x88, 0x88, 0x88, 0x88, 0x88, 0x88, 0x88, 0x88, 0x88, 0x88, 0x88,
  0x88, 0x88, 0x88, 0x88, 0x88, 0x88, 0x88, 0x88, 0x88, 0x88, 0x88, 0x88, 0x88, 0x88, 0x88, 0x88, 0x88, 0x88, 0x88, 0x88, 0x88, 0x88, 0x88, 0x88,
  0x88, 0x88, 0x88, 0x88, 0x88, 0x88, 0x88, 0x88, 0x88, 0x88, 0x88, 0x88, 0x88, 0x88, 0x88, 0x88, 0x88, 0x88, 0x88, 0x88, 0x88, 0x88, 0x88, 0x88,
  0x88, 0x88, 0x88, 0x88, 0x88, 0x88, 0x88, 0x88, 0x88, 0x88, 0x88, 0x88, 0x88, 0x88, 0x88, 0x88, 0x88, 0x88, 0x88, 0x88, 0x88, 0x88, 0x88, 0x88,
  0x88, 0x88, 0x88, 0x88, 0x88, 0x88, 0x88, 0x88, 0x88, 0x88, 0x88, 0x88, 0x88, 0x88, 0x88, 0x88, 0x88, 0x88, 0x88, 0x88, 0x88, 0x88, 0x88, 0x88,
  0x88, 0x88, 0x88, 0x88, 0x88, 0x88, 0x88, 0x88, 0x88, 0x88, 0x88, 0x88, 0x88, 0x88, 0x88, 0x88, 0x88, 0x88, 0x88, 0x88, 0x88, 0x88, 0x88, 0x88,
  0x88, 0x88, 0x88, 0x88, 0x88, 0x88, 0x88, 0x88, 0x88, 0x88, 0x88, 0x88, 0x88, 0x88, 0x88, 0x88, 0x88, 0x88, 0x88, 0x88, 0x88, 0x88, 0x88, 0x88,
  0x88, 0x88, 0x88, 0x88, 0x88, 0x88, 0x88, 0x88, 0x88, 0x88, 0x88, 0x88, 0x88, 0x88, 0x88, 0x88, 0x88, 0x88, 0x88, 0x88, 0x88, 0x88, 0x88, 0x88,
  0x88, 0x88, 0x88, 0x88, 0x88, 0x88, 0x88, 0x88, 0x88, 0x88, 0x88, 0x88, 0x88, 0x88, 0x88, 0x88, 0x88, 0x88, 0x88, 0x88, 0x88, 0x88, 0x88, 0x88,
  0x88, 0x88, 0x88, 0x88, 0x88, 0x88, 0x88, 0x88, 0x88, 0x88, 0x88, 0x88, 0x88, 0x88, 0x88, 0x88, 0x88, 0x88, 0x88, 0x88, 0x88, 0x88, 0x88, 0x88,
  0x8f, 0x88, 0x88, 0x88, 0x88, 0x88, 0x88, 0x88, 0x8f, 0x88, 0x88, 0x88, 0x80, 0x88, 0x88, 0x88, 0x8f, 0x88, 0x88, 0x88, 0x88, 0x88, 0x88, 0x88,
  0x88, 0x88, 0x88, 0x88, 0x88, 0x88, 0x88, 0x88, 0x88, 0x88, 0x88, 0x88, 0x88, 0x88, 0x88, 0x88, 0x88, 0x88, 0x88, 0x88, 0x88, 0x88, 0x88, 0x88,
  0x88, 0x88, 0x88, 0x88, 0x88, 0x88, 0x88, 0x88, 0x88, 0x88, 0x88, 0x88, 0x88, 0x88, 0x88, 0x88, 0x8f, 0x88, 0x88, 0x88, 0x88, 0x88, 0x88, 0x88,
  0x88, 0x88, 0x88, 0x88, 0x88, 0x88, 0x88, 0x88, 0x8f, 0x88, 0x88, 0x88, 0x88, 0x88, 0x88, 0x88, 0x0f, 0x88, 0x88, 0x88, 0x88, 0x88, 0x88, 0x88,
  0x88, 0x88, 0x88, 0x88, 0x88, 0x88, 0x88, 0x88, 0x88, 0x88, 0x88, 0x88, 0x8f, 0x88, 0x88, 0x88, 0x8d, 0x88, 0x88, 0x88, 0x8b, 0x88, 0x88, 0x88,
  0x0d, 0x88, 0x88, 0x88, 0x8c, 0x88, 0x88, 0x88, 0x8f, 0x88, 0x88, 0x88, 0x8a, 0x88, 0x88, 0x88, 0x8b, 0x88, 0x88, 0x88, 0x8f, 0x88, 0x88, 0x88,
  0x8f, 0x88, 0x88, 0x88, 0x88, 0x88, 0x88, 0x88, 0x0f, 0x88, 0x88, 0x88, 0x0f, 0xf8, 0x88, 0x88, 0x8f, 0x88, 0x88, 0x88, 0x0f, 0x88, 0x88, 0x88,
  0x0f, 0x88, 0x88, 0x88, 0x0f, 0x88, 0x88, 0x88, 0x8f, 0x88, 0x88, 0x88, 0x8e, 0x88, 0x80, 0x88, 0x0f, 0x88, 0x88, 0x88, 0x8f, 0x88, 0x88, 0x88,
  0x88, 0x88, 0x88, 0x88, 0x0f, 0x88, 0x88, 0x88, 0x88, 0x88, 0x88, 0x88, 0x88, 0x88, 0x88, 0x88, 0x88, 0x88, 0x88, 0x88, 0x88, 0x88, 0x88, 0x88,
  0x88, 0x88, 0x88, 0x88, 0x88, 0x88, 0x88, 0x88, 0x88, 0x88, 0x88, 0x88, 0x88, 0x88, 0x88, 0x88, 0x88, 0x88, 0x88, 0x88, 0x88, 0x88, 0x88, 0x88,
  0x88, 0x88, 0x88, 0x88, 0x0f, 0x88, 0x88, 0x88, 0x88, 0x88, 0x88, 0x88, 0x8f, 0x88, 0x88, 0x88, 0x88, 0x88, 0x88, 0x88, 0x88, 0x88, 0x88, 0x88,
  0x88, 0x88, 0x88, 0x88, 0x8f, 0x88, 0x88, 0x88, 0x8f, 0x88, 0x88, 0x88, 0x88, 0x88, 0x88, 0x88, 0x88, 0x88, 0x88, 0x88, 0x88, 0x88, 0x88, 0x88,
  0x88, 0x88, 0x88, 0x88, 0x8f, 0x88, 0x88, 0x88, 0x08, 0x88, 0x88, 0x88, 0x08, 0x88, 0x88, 0x88, 0x0f, 0x88, 0x88, 0x88, 0x88, 0x88, 0x88, 0x88,
  0x88, 0x88, 0x88, 0x88, 0x88, 0x88, 0x88, 0x88, 0x88, 0x88, 0x88, 0x88, 0x8f, 0x88, 0x88, 0x88, 0x88, 0x88, 0x88, 0x88, 0x88, 0x88, 0x88, 0x88,
  0x88, 0x88, 0x88, 0x88, 0x88, 0x88, 0x88, 0x88, 0x8f, 0x88, 0x88, 0x88, 0x88, 0x88, 0x88, 0x88, 0x88, 0x88, 0x88, 0x88, 0x08, 0x88, 0x88, 0x88,
  0x80, 0x88, 0x88, 0x88, 0x8e, 0x88, 0x88, 0x88, 0x0b, 0x88, 0x88, 0x88, 0x0c, 0x88, 0x88, 0x88, 0x8c, 0x88, 0x88, 0x88, 0x0a, 0x88, 0x88, 0x88,
  0x0d, 0x88, 0x88, 0x88, 0x8a, 0x88, 0x88, 0x88, 0x8e, 0x88, 0x88, 0x88, 0x0c, 0x88, 0x88, 0x88, 0x8c, 0x88, 0x88, 0x88, 0x88, 0x88, 0x88, 0x88,
  0x0e, 0x88, 0x88, 0x88, 0x0f, 0x88, 0x88, 0x88, 0x0f, 0x88, 0x88, 0x8f, 0x0f, 0x88, 0x88, 0x88, 0x8f, 0x88, 0x88, 0x8f, 0x8f, 0x88, 0xf8, 0x88,
  0x0f, 0x88, 0xf8, 0x88, 0x8a, 0x08, 0x88, 0x88, 0x0f, 0x88, 0x88, 0x88, 0x8f, 0x88, 0x88, 0x88, 0x09, 0x88, 0x88, 0x88, 0x0f, 0x88, 0x88, 0x88,
  0x88, 0x88, 0x88, 0x88, 0x88, 0x88, 0x88, 0x88, 0x88, 0x88, 0x88, 0x88, 0x88, 0x88, 0x88, 0x88, 0x80, 0x88, 0x88, 0x88, 0x80, 0x88, 0x88, 0x88,
  0x80, 0x88, 0x88, 0x88, 0x80, 0x88, 0x88, 0x88, 0x80, 0x88, 0x88, 0x88, 0x80, 0x88, 0x88, 0x88, 0x80, 0x88, 0x88, 0x88, 0x80, 0x88, 0x88, 0x88,
  0x80, 0x88, 0x88, 0x88, 0x80, 0x88, 0x88, 0x88, 0x80, 0x88, 0x88, 0x88, 0x80, 0x88, 0x88, 0x88, 0x80, 0x88, 0x88, 0x88, 0x80, 0x88, 0x88, 0x88,
  0x80, 0x88, 0x88, 0x88, 0x80, 0x88, 0x88, 0x88, 0x80, 0x88, 0x88, 0x88, 0x80, 0x88, 0x88, 0x88, 0x80, 0x88, 0x88, 0x88, 0x80, 0x88, 0x88, 0x88,
  0x80, 0x88, 0x88, 0x88, 0x80, 0x88, 0x88, 0x88, 0x80, 0x88, 0x88, 0x88, 0x80, 0x88, 0x88, 0x88, 0x80, 0x88, 0x88, 0x88, 0x80, 0x88, 0x88, 0x88,
  0x80, 0x88, 0x88, 0x88, 0x80, 0x88, 0x88, 0x88, 0x80, 0x88, 0x88, 0x88, 0x80, 0x88, 0x88, 0x88, 0x80, 0x88, 0x88, 0x88, 0x80, 0x88, 0x88, 0x88,
  0x80, 0x88, 0x88, 0x88, 0x80, 0x88, 0x88, 0x88, 0x80, 0x88, 0x88, 0x88, 0x80, 0x88, 0x88, 0x88, 0x80, 0x88, 0x88, 0x88, 0x80, 0x88, 0x88, 0x88,
  0x80, 0x88, 0x88, 0x88, 0x80, 0x88, 0x88, 0x88, 0x80, 0x88, 0x88, 0x88, 0x80, 0x88, 0x88, 0x88, 0x80, 0x88, 0x88, 0x88, 0x80, 0x88, 0x88, 0x88,
  0x80, 0x88, 0x88, 0x88, 0x80, 0x88, 0x88, 0x88, 0x80, 0x88, 0x88, 0x88, 0x80, 0x88, 0x88, 0x88, 0x80, 0x88, 0x88, 0x88, 0x80, 0x88, 0x88, 0x88,
  0x80, 0x88, 0x88, 0x88, 0x88, 0x88, 0x88, 0x88, 0x80, 0x88, 0x88, 0x88, 0x80, 0x88, 0x88, 0x88, 0x80, 0x88, 0x88, 0x88, 0x80, 0x88, 0x88, 0x88,
  0x80, 0x88, 0x88, 0x88, 0x85, 0x88, 0x88, 0x88, 0x80, 0x88, 0x88, 0x88, 0x80, 0x88, 0x88, 0x88, 0x88, 0x88, 0x88, 0x88, 0x88, 0x88, 0x88, 0x88,
  0x88, 0x88, 0x88, 0x88, 0x88, 0x88, 0x88, 0x88, 0x88, 0x88, 0x88, 0x88, 0x88, 0x88, 0x88, 0x88, 0x88, 0x88, 0x88, 0x88, 0x88, 0x88, 0x88, 0x88,
  0x88, 0x88, 0x88, 0x88, 0x88, 0x88, 0x88, 0x88, 0x88, 0x88, 0x88, 0x88, 0x88, 0x88, 0x88, 0x88, 0x88, 0x88, 0x88, 0x88, 0x88, 0x88, 0x88, 0x88,
  0x88, 0x88, 0x88, 0x88, 0x88, 0x88, 0x88, 0x88, 0x88, 0x88, 0x88, 0x88, 0x88, 0x88, 0x88, 0x88, 0x88, 0x88, 0x88, 0x88, 0x88, 0x88, 0x88, 0x88,
  0x88, 0x88, 0x88, 0x88, 0x88, 0x88, 0x88, 0x88, 0x88, 0x88, 0x88, 0x88, 0x88, 0x88, 0x88, 0x88, 0x88, 0x88, 0x88, 0x88, 0x88, 0x88, 0x88, 0x88,
  0x88, 0x88, 0x88, 0x88, 0x88, 0x88, 0x88, 0x88, 0x88, 0x88, 0x88, 0x88, 0x88, 0x88, 0x88, 0x88, 0x88, 0x88, 0x88, 0x88, 0x88, 0x88, 0x88, 0x88,
  0x88, 0x88, 0x88, 0x88, 0x88, 0x88, 0x88, 0x88, 0x88, 0x88, 0x88, 0x88, 0x88, 0x88, 0x88, 0x88, 0x88, 0x88, 0x88, 0x88, 0x88, 0x88, 0x88, 0x88,
  0x88, 0x88, 0x88, 0x88, 0x88, 0x88, 0x88, 0x88, 0x88, 0x88, 0x88, 0x88, 0x88, 0x88, 0x88, 0x88, 0x88, 0x88, 0x88, 0x88, 0x88, 0x88, 0x88, 0x88,
  0x88, 0x88, 0x88, 0x88, 0x88, 0x88, 0x88, 0x88, 0x88, 0x88, 0x88, 0x88, 0x88, 0x88, 0x88, 0x88, 0x88, 0x88, 0x88, 0x88, 0x88, 0x88, 0x88, 0x88,
  0x88, 0x88, 0x88, 0x88, 0x88, 0x88, 0x88, 0x88, 0x88, 0x88, 0x88, 0x88, 0x88, 0x88, 0x88, 0x88, 0x88, 0x88, 0x88, 0x88, 0x88, 0x88, 0x88, 0x88,
  0x88, 0x88, 0x88, 0x88, 0x88, 0x88, 0x88, 0x88, 0x88, 0x88, 0x88, 0x88, 0x88, 0x88, 0x88, 0x88, 0x88, 0x88, 0x88, 0x88, 0x88, 0x88, 0x88, 0x88,
  0x88, 0x88, 0x88, 0x88, 0x88, 0x88, 0x88, 0x88, 0x88, 0x88, 0x88, 0x88, 0x88, 0x88, 0x88, 0x88, 0x88, 0x88, 0x88, 0x88, 0x88, 0x88, 0x88, 0x88,
  0x88, 0x88, 0x88, 0x88, 0x88, 0x88, 0x88, 0x88, 0x88, 0x88, 0x88, 0x88, 0x88, 0x88, 0x88, 0x88, 0x88, 0x88, 0x88, 0x88, 0x88, 0x88, 0x88, 0x88,
  0x88, 0x88, 0x88, 0x88, 0x88, 0x88, 0x88, 0x88, 0x88, 0x88, 0x88, 0x88, 0x88, 0x88, 0x88, 0x88, 0x88, 0x88, 0x88, 0x88, 0x88, 0x88, 0x88, 0x88,
  0x88, 0x88, 0x88, 0x88, 0x88, 0x88, 0x88, 0x88, 0x88, 0x88, 0x88, 0x88, 0x88, 0x88, 0x88, 0x88, 0x88, 0x88, 0x88, 0x88, 0x88, 0x88, 0x88, 0x88,
  0x88, 0x88, 0x88, 0x88, 0x88, 0x88, 0x88, 0x88, 0x88, 0x88, 0x88, 0x88, 0x88, 0x88, 0x88, 0x88, 0x88, 0x88, 0x88, 0x88, 0x88, 0x88, 0x88, 0x88,
  0x88, 0x88, 0x88, 0x88, 0x88, 0x88, 0x88, 0x88, 0x88, 0x88, 0x88, 0x88, 0x88, 0x88, 0x88, 0x88, 0x88, 0x88, 0x88, 0x88, 0x88, 0x88, 0x88, 0x88,
  0x88, 0x88, 0x88, 0x88, 0x88, 0x88, 0x88, 0x88, 0x88, 0x88, 0x88, 0x88, 0x88, 0x88, 0x88, 0x88, 0x88, 0x88, 0x88, 0x88, 0x88, 0x88, 0x88, 0x88,
  0x88, 0x88, 0x88, 0x88, 0x88, 0x88, 0x88, 0x88, 0x88, 0x88, 0x88, 0x88, 0x88, 0x88, 0x88, 0x88, 0x88, 0x88, 0x88, 0x88, 0x88, 0x88, 0x88, 0x88,
  0x88, 0x88, 0x88, 0x88, 0x88, 0x88, 0x88, 0x88, 0x88, 0x88, 0x88, 0x88, 0x88, 0x88, 0x88, 0x88, 0x88, 0x88, 0x88, 0x88, 0x88, 0x88, 0x88, 0x88,
  0x88, 0x88, 0x88, 0x88, 0x88, 0x88, 0x88, 0x88, 0x88, 0x88, 0x88, 0x88, 0x88, 0x88, 0x88, 0x88, 0x88, 0x88, 0x88, 0x88, 0x88, 0x88, 0x88, 0x88,
  0x88, 0x88, 0x88, 0x88, 0x88, 0x88, 0x88, 0x88, 0x88, 0x88, 0x88, 0x88, 0x88, 0x88, 0x88, 0x88, 0x88, 0x88, 0x88, 0x88, 0x8f, 0x88, 0x88, 0x88,
  0x8f, 0x88, 0x88, 0x88, 0x88, 0x88, 0x88, 0x88, 0x88, 0x88, 0x88, 0x88, 0x88, 0x88, 0x88, 0x88, 0x8f, 0x88, 0xff, 0x8f, 0x8f, 0x88, 0xff, 0x8f,
  0x8f, 0x08, 0x8f, 0x8f, 0x85, 0x88, 0x8a, 0x8a, 0x88, 0x00, 0x8f, 0x88, 0x8a, 0x08, 0xff, 0x88, 0x8b, 0x88, 0xff, 0x8f, 0x89, 0x88, 0x88, 0x8f,
  0x8c, 0xf8, 0xf0, 0x88, 0x89, 0x0f, 0x8f, 0x88, 0x8a, 0x88, 0xc8, 0x80, 0x08, 0x88, 0xff, 0x88, 0xfd, 0x18, 0x8f, 0x88, 0x8c, 0x08, 0x8f, 0x8a,
  0x8f, 0x08, 0x80, 0x88, 0x8f, 0x88, 0x80, 0x88, 0x86, 0x8d, 0x08, 0x88, 0x8e, 0xf8, 0x8f, 0x88, 0x8f, 0x88, 0xf0, 0x88, 0x8f, 0x88, 0xfb, 0x8f,
  0x8b, 0x08, 0xff, 0x8a, 0x8f, 0x08, 0xff, 0x8f, 0x8e, 0x88, 0x88, 0x88, 0x8c, 0x08, 0x00, 0x85, 0x85, 0x88, 0x0f, 0x89, 0x8c, 0x88, 0xf0, 0x8f,
  0x8b, 0x8f, 0x8f, 0x8f, 0x8c, 0x08, 0xff, 0x8f, 0x8f, 0xf8, 0x08, 0x88, 0x8b, 0xf8, 0xf8, 0x8f, 0xfb, 0x88, 0xf8, 0x86, 0x8c, 0x88, 0x8f, 0x8f,
  0x8d, 0x38, 0x88, 0x89, 0x8f, 0x88, 0xf8, 0x88, 0x8c, 0x78, 0x08, 0x86, 0x8b, 0xf8, 0x8f, 0x88, 0x8b, 0xa8, 0x09, 0x88, 0x8b, 0xf8, 0xff, 0x8f,
  0x8a, 0x08, 0x08, 0x88, 0x8c, 0x08, 0x8f, 0x88, 0x89, 0x08, 0x04, 0x8f, 0x0e, 0x08, 0x07, 0x8f, 0x9f, 0x58, 0xab, 0x8a, 0x0b, 0x08, 0x97, 0x80,
  0x8c, 0x68, 0x88, 0x8f, 0x89, 0x88, 0x8b, 0x8f, 0xfe, 0x88, 0x88, 0x8b, 0x8a, 0x88, 0x80, 0x80, 0x88, 0x08, 0x88, 0x8f, 0x89, 0x08, 0x88, 0x88,
  0x8a, 0x88, 0x88, 0x88, 0x88, 0x08, 0x80, 0x88, 0x80, 0x08, 0x88, 0x88, 0x87, 0x88, 0x8f, 0x88, 0x8c, 0x88, 0x88, 0x8f, 0x80, 0x08, 0x88, 0x88,
  0x88, 0x88, 0x88, 0x88, 0x8f, 0x08, 0x80, 0x88, 0x8c, 0x88, 0x86, 0x8f, 0x85, 0x88, 0x88, 0x88, 0x88, 0x88, 0x88, 0x88, 0x88, 0x88, 0x88, 0x88,
  0x88, 0x88, 0x88, 0x88, 0x8f, 0x88, 0x88, 0x88, 0x0d, 0x88, 0x88, 0x88, 0x0d, 0x88, 0x88, 0x88, 0x0e, 0x88, 0xf8, 0x88, 0x0d, 0x80, 0x88, 0x88,
  0x0d, 0x80, 0x88, 0x88, 0x0d, 0x80, 0x88, 0x88, 0x0d, 0x88, 0x88, 0x88, 0x0d, 0x88, 0x88, 0x88, 0x0d, 0x80, 0x80, 0x88, 0x0d, 0x88, 0x88, 0x88,
  0x0c, 0x80, 0x88, 0x88, 0x0d, 0x88, 0x88, 0x88, 0x0d, 0x88, 0x88, 0x88, 0x0d, 0x80, 0x88, 0x88, 0x0d, 0x80, 0x08, 0x88, 0x0d, 0x88, 0x88, 0x88,
  0x0d, 0x88, 0x88, 0x88, 0x8d, 0x80, 0x00, 0x88, 0x0d, 0x80, 0x88, 0x88, 0x0d, 0x88, 0x08, 0x88, 0x0d, 0x88, 0x88, 0x88, 0x0c, 0x80, 0xf0, 0x88,
  0x0c, 0x88, 0x88, 0x88, 0x0d, 0x80, 0x88, 0x88, 0x0d, 0x80, 0xf8, 0x88, 0x0d, 0x88, 0x88, 0x88, 0x0d, 0xf8, 0x88, 0x88, 0x0d, 0x88, 0x88, 0x88,
  0x0d, 0x88, 0x88, 0x88, 0x0d, 0x80, 0x08, 0x88, 0x0e, 0x88, 0x88, 0x88, 0x0c, 0x80, 0x88, 0x88, 0x0d, 0x88, 0x08, 0x88, 0x0d, 0x88, 0x88, 0x88,
  0x0c, 0x80, 0x88, 0x88, 0x0e, 0x88, 0x08, 0x88, 0x0d, 0x88, 0x88, 0x88, 0x0d, 0x88, 0x88, 0x88, 0x0d, 0x88, 0x88, 0x88, 0x0e, 0x80, 0x88, 0x88,
  0x0d, 0x88, 0x88, 0x88, 0x0d, 0x88, 0x88, 0x88, 0x0d, 0x88, 0x88, 0x88, 0x0d, 0x88, 0x88, 0x88, 0x0d, 0x88, 0x88, 0x88, 0x0c, 0x88, 0x88, 0x88,
  0x0d, 0x88, 0x88, 0x88, 0x0e, 0x88, 0x88, 0x88, 0x0e, 0x80, 0x88, 0x8f, 0x0e, 0x88, 0x88, 0x88, 0x8e, 0x88, 0x88, 0x88, 0x0c, 0x88, 0x88, 0x88,
  0x8f, 0x88, 0x88, 0x88, 0x0e, 0x88, 0x88, 0x88, 0x8e, 0x88, 0x88, 0x88, 0x8f, 0x88, 0x88, 0x88, 0x8f, 0x88, 0x88, 0x88, 0x0c, 0x80, 0x88, 0x88,
  0x0d, 0x00, 0x08, 0x80, 0x8d, 0x88, 0x88, 0x88, 0x88, 0x88, 0x88, 0x88, 0x88, 0x88, 0x88, 0x88, 0x8f, 0x88, 0x88, 0x88, 0x0c, 0x88, 0x88, 0x88,
  0x82, 0x88, 0x88, 0x88, 0x87, 0x88, 0x88, 0x88, 0x87, 0x88, 0x88, 0x88, 0x85, 0x88, 0x88, 0x88, 0x80, 0x88, 0x88, 0x88, 0x85, 0x88, 0x88, 0x88,
  0x82, 0x88, 0x88, 0x88, 0x86, 0x88, 0x88, 0x88, 0x84, 0x88, 0x88, 0x88, 0x86, 0x88, 0x88, 0x88, 0x84, 0x88, 0x88, 0x88, 0x85, 0x88, 0x88, 0x88,
  0x87, 0x88, 0x88, 0x88, 0x86, 0x88, 0x88, 0x88, 0x88, 0x88, 0x88, 0x88, 0x87, 0x88, 0x88, 0x88, 0x87, 0x88, 0x88, 0x88, 0x89, 0x88, 0x88, 0x88,
  0x89, 0x88, 0x88, 0x88, 0x86, 0x88, 0x88, 0x88, 0x86, 0x88, 0x88, 0x88, 0x82, 0x88, 0x88, 0x88, 0x83, 0x88, 0x88, 0x88, 0x86, 0x88, 0x88, 0x88,
  0x83, 0x88, 0x88, 0x88, 0x88, 0x88, 0x88, 0x88, 0x82, 0x88, 0x88, 0x88, 0x81, 0x88, 0x88, 0x88, 0x84, 0x88, 0x88, 0x88, 0x85, 0x88, 0x88, 0x88,
  0x83, 0x88, 0x88, 0x88, 0x87, 0x88, 0x88, 0x88, 0x84, 0x88, 0x88, 0x88, 0x86, 0x88, 0x88, 0x88, 0x86, 0x88, 0x88, 0x88, 0x87, 0x88, 0x88, 0x88,
  0x85, 0x88, 0x88, 0x88, 0x84, 0x88, 0x88, 0x88, 0x87, 0x88, 0x88, 0x88, 0x86, 0x88, 0x88, 0x88, 0x85, 0x88, 0x88, 0x88, 0x86, 0x88, 0x88, 0x88,
  0x88, 0x88, 0x88, 0x88, 0x86, 0x88, 0x88, 0x88, 0x85, 0x88, 0x88, 0x88, 0x8a, 0x88, 0x88, 0x88, 0x88, 0x88, 0x88, 0x88, 0x86, 0x88, 0x88, 0x88,
  0x87, 0x88, 0x88, 0x88, 0x86, 0x88, 0x88, 0x88, 0x85, 0x88, 0x88, 0x88, 0x85, 0x88, 0x88, 0x88, 0x89, 0x88, 0x88, 0x88, 0x8b, 0x88, 0x88, 0x88,
  0x86, 0x88, 0x88, 0x88, 0x85, 0x88, 0x88, 0x88, 0x82, 0x88, 0x88, 0x88, 0x80, 0x88, 0x88, 0x88, 0x80, 0x88, 0x88, 0x88, 0x80, 0x88, 0x88, 0x88,
  0x80, 0x88, 0x88, 0x88, 0x88, 0x88, 0x88, 0x88, 0x88, 0x88, 0x88, 0x88, 0x88, 0x88, 0x88, 0x88, 0x88, 0x88, 0x88, 0x88, 0x88, 0x88, 0x88, 0x88,
  0x88, 0x88, 0x88, 0x88, 0x88, 0x88, 0x88, 0x88, 0x88, 0x88, 0x88, 0x88, 0x88, 0x88, 0x88, 0x88, 0x88, 0x88, 0x88, 0x88, 0x88, 0x88, 0x88, 0x88,
  0x88, 0x88, 0x88, 0x88, 0x88, 0x88, 0x88, 0x88, 0x88, 0x88, 0x88, 0x88, 0x88, 0x88, 0x88, 0x88, 0x88, 0x88, 0x88, 0x88, 0x88, 0x88, 0x88, 0x88,
  0x88, 0x88, 0x88, 0x88, 0x88, 0x88, 0x88, 0x88, 0x88, 0x88, 0x88, 0x88, 0x88, 0x88, 0x88, 0x88, 0x88, 0x88, 0x88, 0x88, 0x88, 0x88, 0x88, 0x88,
  0x88, 0x88, 0x88, 0x88, 0x88, 0x88, 0x88, 0x88, 0x88, 0x88, 0x88, 0x88, 0x88, 0x88, 0x88, 0x88, 0x88, 0x88, 0x88, 0x88, 0x88, 0x88, 0x88, 0x88,
  0x88, 0x88, 0x88, 0x88, 0x88, 0x88, 0x88, 0x88, 0x88, 0x88, 0x88, 0x88, 0x88, 0x88, 0x88, 0x88, 0x88, 0x88, 0x88, 0x88, 0x88, 0x88, 0x88, 0x88,
  0x88, 0x88, 0x88, 0x88, 0x88, 0x88, 0x88, 0x88, 0x88, 0x88, 0x88, 0x88, 0x88, 0x88, 0x88, 0x88, 0x88, 0x88, 0x88, 0x88, 0x88, 0x88, 0x88, 0x88,
  0x88, 0x88, 0x88, 0x88, 0x88, 0x88, 0x88, 0x88, 0x88, 0x88, 0x88, 0x88, 0x88, 0x88, 0x88, 0x88, 0x88, 0x88, 0x88, 0x88, 0x88, 0x88, 0x88, 0x88,
  0x88, 0x88, 0x88, 0x88, 0x88, 0x88, 0x88, 0x88, 0x88, 0x88, 0x88, 0x88, 0x88, 0x88, 0x88, 0x88, 0x88, 0x88, 0x88, 0x88, 0x88, 0x88, 0x88, 0x88,
  0x88, 0x88, 0x88, 0x88, 0x88, 0x88, 0x88, 0x88, 0x88, 0x88, 0x88, 0x88, 0x88, 0x88, 0x88, 0x88, 0x88, 0x88, 0x88, 0x88, 0x88, 0x88, 0x88, 0x88,
  0x88, 0x88, 0x88, 0x88, 0x88, 0x88, 0x88, 0x88, 0x88, 0x88, 0x88, 0x88, 0x88, 0x88, 0x88, 0x88, 0x88, 0x88, 0x88, 0x88, 0x88, 0x88, 0x88, 0x88,
  0x88, 0x88, 0x88, 0x88, 0x88, 0x88, 0x88, 0x88, 0x8f, 0x88, 0xb9, 0x88, 0x88, 0x08, 0x00, 0x88, 0x85, 0x88, 0x40, 0x88, 0x8f, 0x88, 0x68, 0x87,
  0x89, 0x88, 0x00, 0x88, 0x88, 0xf8, 0x60, 0x89, 0x8f, 0xf8, 0x67, 0x88, 0x8f, 0x8f, 0x41, 0x88, 0x8b, 0x78, 0x90, 0x89, 0x8a, 0x58, 0x33, 0x87,
  0x08, 0x08, 0x65, 0x87, 0x89, 0x08, 0x63, 0x87, 0xf9, 0x78, 0x40, 0x8b, 0x8c, 0x8f, 0x40, 0x87, 0x86, 0x08, 0x30, 0x88, 0x86, 0x08, 0x00, 0x88,
  0x8f, 0x88, 0x40, 0x89, 0x88, 0x88, 0x00, 0x89, 0x87, 0x88, 0xf8, 0x88, 0x88, 0x88, 0x00, 0x8a, 0x88, 0x88, 0x90, 0x88, 0x8f, 0x48, 0x12, 0x88,
  0x8b, 0x88, 0x60, 0x89, 0x8c, 0x08, 0x50, 0x88, 0x8f, 0xf8, 0x88, 0x8f, 0x8f, 0xf8, 0xff, 0x8f, 0x88, 0xf8, 0x66, 0x87, 0x8b, 0x08, 0x50, 0x87,
  0x8a, 0x88, 0x04, 0x8b, 0x8a, 0xf8, 0x60, 0x8a, 0x8f, 0x08, 0x00, 0x88, 0x87, 0xf8, 0x65, 0x8c, 0x8a, 0x58, 0x77, 0x88, 0x8f, 0x08, 0x30, 0x86,
  0x8b, 0xf8, 0x5b, 0x8e, 0x88, 0x88, 0x87, 0x87, 0x89, 0xa8, 0xa1, 0x8d, 0x89, 0x5f, 0x81, 0x89, 0x88, 0xf8, 0x83, 0x89, 0x89, 0x68, 0x40, 0x88,
  0x88, 0xf8, 0x7e, 0x88, 0x89, 0xa8, 0x20, 0x8a, 0x88, 0x88, 0x51, 0x88, 0x89, 0x08, 0x64, 0x88, 0x88, 0xaf, 0x40, 0x88, 0x86, 0xa8, 0x85, 0x8a,
  0x89, 0x4f, 0x10, 0x88, 0x8a, 0x08, 0x57, 0x87, 0x77, 0xb8, 0x89, 0x8d, 0x88, 0xf8, 0x47, 0x89, 0x8a, 0xf8, 0x97, 0x8b, 0x87, 0x88, 0x64, 0x89,
  0x87, 0x98, 0x00, 0x88, 0x8f, 0x88, 0x58, 0x8b, 0x86, 0xf8, 0x88, 0x8f, 0x88, 0x88, 0x88, 0x88, 0x88, 0x88, 0x88, 0x88, 0x88, 0x88, 0x00, 0x89,
  0x8b, 0x98, 0x74, 0x89, 0x89, 0xe8, 0x85, 0x8a, 0x88, 0x88, 0x88, 0x88, 0x88, 0x88, 0x88, 0x88, 0x88, 0x88, 0x88, 0x88, 0x8f, 0x88, 0x00, 0x89,
  0x88, 0x88, 0x88, 0x88, 0x88, 0x88, 0x88, 0x88, 0x88, 0x88, 0x88, 0x88, 0x88, 0x88, 0x88, 0x88, 0x88, 0x88, 0x88, 0x88, 0x88, 0x88, 0x88, 0x88,
  0x88, 0x88, 0x88, 0x88, 0x88, 0x88, 0x88, 0x88, 0x88, 0x88, 0x88, 0x88, 0x88, 0x88, 0x88, 0x88, 0x88, 0x88, 0x88, 0x88, 0x88, 0x88, 0x88, 0x88,
  0x88, 0x88, 0x88, 0x88, 0x88, 0x88, 0x88, 0x88, 0x88, 0x88, 0x88, 0x88, 0x88, 0x88, 0x88, 0x88, 0x88, 0x88, 0x88, 0x88, 0x88, 0x88, 0x88, 0x88,
  0x88, 0x88, 0x88, 0x88, 0x88, 0x88, 0x88, 0x88, 0x88, 0x88, 0x88, 0x88, 0x88, 0x88, 0x88, 0x88, 0x88, 0x88, 0x88, 0x88, 0x88, 0x88, 0x88, 0x88,
  0x88, 0x88, 0x88, 0x88, 0x88, 0x88, 0x88, 0x88, 0x88, 0x88, 0x88, 0x88, 0x88, 0x88, 0x88, 0x88, 0x88, 0x88, 0x88, 0x88, 0x88, 0x88, 0x88, 0x88,
  0x88, 0x88, 0x88, 0x88, 0x88, 0x88, 0x88, 0x88, 0x88, 0x88, 0x88, 0x88, 0x88, 0x88, 0x88, 0x88, 0x88, 0x88, 0x88, 0x88, 0x88, 0x88, 0x88, 0x88,
  0x88, 0x88, 0x88, 0x88, 0x88, 0x88, 0x88, 0x88, 0x88, 0x88, 0x88, 0x88, 0x88, 0x88, 0x88, 0x88, 0x88, 0x88, 0x88, 0x88, 0x88, 0x88, 0x88, 0x88,
  0x88, 0x88, 0x88, 0x88, 0x88, 0x88, 0x88, 0x88, 0x88, 0x88, 0x88, 0x88, 0x88, 0x88, 0x88, 0x88, 0x88, 0x88, 0x88, 0x88, 0x88, 0x88, 0x88, 0x88,
  0x88, 0x88, 0x88, 0x88, 0x88, 0x88, 0x88, 0x88, 0x88, 0x88, 0x88, 0x88, 0x88, 0x88, 0x88, 0x88, 0x88, 0x88, 0x88, 0x88, 0x88, 0x88, 0x88, 0x88,
  0x88, 0x88, 0x88, 0x88, 0x88, 0x88, 0x88, 0x88, 0x88, 0x88, 0x88, 0x88, 0x88, 0x88, 0x88, 0x88, 0x88, 0x88, 0x88, 0x88, 0x8e, 0x88, 0x88, 0x88,
  0x8b, 0x88, 0x88, 0x88, 0x88, 0x88, 0x88, 0x88, 0x88, 0x88, 0x88, 0x88, 0x88, 0x88, 0x88, 0x88, 0x88, 0x88, 0x88, 0x88, 0x88, 0x88, 0x88, 0x88,
  0x88, 0x88, 0x88, 0x88, 0x88, 0x88, 0x88, 0x88, 0x88, 0x88, 0x88, 0x88, 0x88, 0x88, 0x88, 0x88, 0x88, 0x88, 0x88, 0x88, 0x88, 0x88, 0x88, 0x88,
  0x88, 0x88, 0x88, 0x88, 0x88, 0x88, 0x88, 0x88, 0x88, 0x88, 0x88, 0x88, 0x88, 0x88, 0x88, 0x88, 0x88, 0x88, 0x88, 0x88, 0x88, 0x88, 0x88, 0x88,
  0x88, 0x88, 0x88, 0x88, 0x88, 0x88, 0x88, 0x88, 0x88, 0x88, 0x88, 0x88, 0x88, 0x88, 0x88, 0x88, 0x88, 0x88, 0x88, 0x88, 0x88, 0x88, 0x88, 0x88,
  0x88, 0x88, 0x88, 0x88, 0x88, 0x88, 0x88, 0x88, 0x88, 0x88, 0x88, 0x88, 0x88, 0x88, 0x88, 0x88, 0x88, 0x88, 0x88, 0x88, 0x88, 0x88, 0x88, 0x88,
  0x88, 0x88, 0x88, 0x88, 0x88, 0x88, 0x88, 0x88, 0x88, 0x88, 0x88, 0x88, 0x88, 0x88, 0x88, 0x88, 0x88, 0x88, 0x88, 0x88, 0x88, 0x88, 0x88, 0x88,
  0x88, 0x88, 0x88, 0x88, 0x88, 0x88, 0x88, 0x88, 0x88, 0x88, 0x88, 0x88, 0x88, 0x88, 0x88, 0x88, 0x88, 0x88, 0x88, 0x88, 0x88, 0x88, 0x88, 0x88,
  0x88, 0x88, 0x88, 0x88, 0x88, 0x88, 0x88, 0x88, 0x88, 0x88, 0x88, 0x88, 0x88, 0x88, 0x88, 0x88, 0x88, 0x88, 0x88, 0x88, 0x88, 0x88, 0x88, 0x88,
  0x88, 0x88, 0x88, 0x88, 0x88, 0x88, 0x88, 0x88, 0x88, 0x88, 0x88, 0x88, 0x88, 0x88, 0x88, 0x88, 0x88, 0x88, 0x88, 0x88, 0x88, 0x88, 0x88, 0x88,
  0x88, 0x88, 0x88, 0x88, 0x88, 0x88, 0x88, 0x88, 0x88, 0x88, 0x88, 0x88, 0x88, 0x88, 0x88, 0x88, 0x88, 0x88, 0x88, 0x88, 0x88, 0x88, 0x88, 0x88,
  0x88, 0x88, 0x88, 0x88, 0x88, 0x88, 0x88, 0x88, 0x88, 0x88, 0x88, 0x88, 0x88, 0x88, 0x88, 0x88, 0x88, 0x88, 0x88, 0x88, 0x88, 0x88, 0x88, 0x88,
  0x88, 0x88, 0x88, 0x88, 0x88, 0x88, 0x88, 0x88, 0x88, 0x80, 0x06, 0x8a, 0x88, 0x88, 0x88, 0x8e, 0x88, 0x80, 0xff, 0x88, 0x88, 0x87, 0x80, 0x8a,
  0x88, 0x87, 0x88, 0x8f, 0x88, 0x80, 0xff, 0x8f, 0x88, 0xf7, 0xff, 0x8c, 0x88, 0xf0, 0xff, 0x8d, 0x88, 0x89, 0xef, 0x8e, 0x88, 0x8b, 0xb9, 0x8e,
  0x88, 0x84, 0xef, 0x8d, 0x88, 0x88, 0xef, 0x8d, 0x88, 0x00, 0xf0, 0x8f, 0x88, 0xfc, 0xf8, 0x8f, 0x88, 0x80, 0x88, 0x8f, 0x88, 0x80, 0x88, 0x88,
  0x88, 0x8f, 0xf8, 0x8f, 0x88, 0x88, 0x88, 0x8b, 0x88, 0x88, 0xf8, 0x88, 0x88, 0x80, 0x88, 0x89, 0x88, 0x8a, 0xf8, 0x8f, 0x88, 0x8f, 0xff, 0x8f,
  0x88, 0x89, 0xf8, 0x8e, 0x88, 0xf0, 0xb8, 0x89, 0x88, 0x80, 0x8f, 0x87, 0x88, 0x8f, 0xf0, 0x8a, 0x88, 0x89, 0xdf, 0x8d, 0x88, 0x85, 0xa8, 0x8c,
  0x88, 0x8b, 0xff, 0x8f, 0x88, 0x88, 0xef, 0x8f, 0x88, 0x89, 0x88, 0x8f, 0x88, 0xff, 0xdf, 0x8d, 0x88, 0x89, 0xff, 0x89, 0x88, 0x80, 0x88, 0x8d,
  0x88, 0x8c, 0xff, 0x8c, 0x88, 0x88, 0xbf, 0x8a, 0x88, 0x8b, 0xb7, 0x8e, 0x88, 0x7a, 0xdf, 0x8f, 0x88, 0x87, 0xdf, 0x8c, 0x88, 0x86, 0xbf, 0x8e,
  0x88, 0x86, 0xc8, 0x8c, 0x88, 0x88, 0xff, 0x8f, 0x88, 0x07, 0xff, 0x8e, 0x88, 0x98, 0x9f, 0x89, 0x88, 0xfa, 0xa9, 0x8e, 0x88, 0xf9, 0xeb, 0x8a,
  0x88, 0xf9, 0xbf, 0x8f, 0x88, 0x87, 0xdf, 0x8f, 0x88, 0x05, 0xfa, 0x8b, 0x88, 0x80, 0xff, 0x8f, 0x88, 0x80, 0xff, 0x89, 0x88, 0x01, 0xf8, 0x8f,
  0x88, 0x80, 0x88, 0x80, 0x88, 0x83, 0x88, 0x8a, 0x88, 0x80, 0x8f, 0x8f, 0x88, 0x88, 0x88, 0x88, 0x88, 0x88, 0x88, 0x88, 0x88, 0x80, 0x88, 0x8b,
  0x88, 0x87, 0x97, 0x8a, 0x88, 0x88, 0xfe, 0x8c, 0x88, 0x88, 0x88, 0x88, 0x88, 0x88, 0x88, 0x88, 0x88, 0x88, 0x88, 0x88, 0x88, 0x80, 0x88, 0x8f,
  0x88, 0x88, 0x88, 0x88, 0x88, 0x88, 0x88, 0x88, 0x88, 0x88, 0x88, 0x88, 0x88, 0x88, 0x88, 0x88, 0x88, 0x88, 0x88, 0x88, 0x88, 0x88, 0x88, 0x88,
  0x88, 0x88, 0x88, 0x88, 0x88, 0x88, 0x88, 0x88, 0x88, 0x88, 0x88, 0x88, 0x88, 0x88, 0x88, 0x88, 0x88, 0x88, 0x88, 0x88, 0x88, 0x88, 0x88, 0x88,
  0x88, 0x88, 0x88, 0x88, 0x88, 0x88, 0x88, 0x88, 0x88, 0x88, 0x88, 0x88, 0x88, 0x88, 0x88, 0x88, 0x88, 0x88, 0x88, 0x88, 0x88, 0x88, 0x88, 0x88,
  0x88, 0x88, 0x88, 0x88, 0x88, 0x88, 0x88, 0x88, 0x88, 0x88, 0x88, 0x88, 0x88, 0x88, 0x88, 0x88, 0x88, 0x88, 0x88, 0x88, 0x88, 0x88, 0x88, 0x88,
  0x88, 0x88, 0x88, 0x88, 0x88, 0x88, 0x88, 0x88, 0x88, 0x88, 0x88, 0x88, 0x88, 0x88, 0x88, 0x88, 0x88, 0x88, 0x88, 0x88, 0x88, 0x88, 0x88, 0x88,
  0x88, 0x88, 0x88, 0x88, 0x88, 0x88, 0x88, 0x88, 0x88, 0x88, 0x88, 0x88, 0x88, 0x88, 0x88, 0x88, 0x88, 0x88, 0x88, 0x88, 0x88, 0x88, 0x88, 0x88,
  0x88, 0x88, 0x88, 0x88, 0x88, 0x88, 0x88, 0x88, 0x88, 0x88, 0x88, 0x88, 0x88, 0x88, 0x88, 0x88, 0x88, 0x88, 0x88, 0x80, 0x88, 0x88, 0x88, 0x88,
  0x88, 0x88, 0x88, 0x88, 0x88, 0x88, 0x88, 0x88, 0x88, 0x88, 0x88, 0x88, 0x88, 0x88, 0x88, 0x88, 0x88, 0x88, 0x88, 0x88, 0x88, 0x88, 0x88, 0x88,
  0x88, 0x88, 0x08, 0x8b, 0x88, 0x88, 0x80, 0x8c, 0x88, 0x88, 0x88, 0x8e, 0x88, 0x88, 0x88, 0x8e, 0x88, 0x88, 0x88, 0x8d, 0x88, 0x88, 0x88, 0x8e,
  0x88, 0x88, 0x88, 0x8d, 0x88, 0x88, 0x88, 0x8c, 0x88, 0x88, 0x88, 0x8f, 0xf8, 0x88, 0x88, 0x8d, 0x88, 0x88, 0x88, 0x88, 0x88, 0x88, 0x88, 0x88,
  0x88, 0x88, 0x88, 0x88, 0x88, 0x88, 0x88, 0x88, 0x88, 0x88, 0x88, 0x88, 0x88, 0x88, 0x88, 0x88, 0x88, 0x88, 0x88, 0x88, 0x88, 0x88, 0x88, 0x88,
  0x88, 0x88, 0x88, 0x88, 0x88, 0x88, 0x88, 0x88, 0x88, 0x88, 0x88, 0x88, 0x88, 0x88, 0x88, 0x88, 0x88, 0x88, 0x88, 0x88, 0x88, 0x88, 0x88, 0x88,
  0x88, 0x88, 0x88, 0x88, 0x88, 0x88, 0x88, 0x88, 0x88, 0x88, 0x88, 0x88, 0x88, 0x88, 0x88, 0x88, 0x88, 0x88, 0x88, 0x88, 0x88, 0x88, 0x88, 0x88,
  0x88, 0x88, 0x88, 0x88, 0x88, 0x88, 0x88, 0x88, 0x88, 0x88, 0x88, 0x88, 0x88, 0x88, 0x88, 0x88, 0x88, 0x88, 0x88, 0x88, 0x88, 0x88, 0x88, 0x88,
  0x88, 0x88, 0x88, 0x88, 0x88, 0x88, 0x88, 0x88, 0x88, 0x88, 0x88, 0x88, 0x88, 0x88, 0x88, 0x88, 0x88, 0x88, 0x88, 0x88, 0x88, 0x88, 0x88, 0x88,
  0x88, 0x88, 0x88, 0x88, 0x88, 0x88, 0x88, 0x88, 0x88, 0x88, 0x88, 0x88, 0x88, 0x88, 0x88, 0x88, 0x88, 0x88, 0x88, 0x88, 0x88, 0x88, 0x88, 0x88,
  0x88, 0x88, 0x88, 0x88, 0x88, 0x88, 0x88, 0x88, 0x88, 0x88, 0x88, 0x88, 0x88, 0x88, 0x88, 0x88, 0x88, 0x88, 0x88, 0x88, 0x88, 0x88, 0x88, 0x88,
  0x88, 0x88, 0x88, 0x88, 0x88, 0x88, 0x88, 0x88, 0x88, 0x88, 0x88, 0x88, 0x88, 0x88, 0x88, 0x88, 0x88, 0x88, 0x88, 0x88, 0x88, 0x88, 0x88, 0x88,
  0x88, 0x88, 0x88, 0x88, 0x88, 0x88, 0x88, 0x88, 0x88, 0x88, 0x88, 0x88, 0x88, 0x88, 0x88, 0x88, 0x88, 0x88, 0x88, 0x88, 0x88, 0x88, 0x88, 0x88,
  0x88, 0x88, 0x88, 0x88, 0x88, 0x88, 0x88, 0x88, 0x88, 0x88, 0x88, 0x88, 0x88, 0x88, 0x88, 0x88, 0x88, 0x88, 0x88, 0x88, 0x88, 0x88, 0x88, 0x88,
  0x88, 0x88, 0x88, 0x88, 0x88, 0x88, 0x88, 0x88, 0x88, 0x88, 0x88, 0x88, 0x88, 0x88, 0x88, 0x88, 0x88, 0x88, 0x88, 0x88, 0x88, 0x88, 0x88, 0x88,
  0x88, 0x88, 0x88, 0x88, 0x88, 0x88, 0x88, 0x88, 0x80, 0x88, 0x88, 0x88, 0x80, 0x88, 0x88, 0x88, 0x80, 0x88, 0x88, 0x88, 0x80, 0x88, 0x88, 0x88,
  0x80, 0x88, 0x88, 0x88, 0x80, 0x88, 0x88, 0x88, 0x80, 0x88, 0x88, 0x88, 0x80, 0x88, 0x88, 0x88, 0x80, 0x88, 0x88, 0x88, 0x80, 0x88, 0x88, 0x88,
  0x80, 0x88, 0x88, 0x88, 0x80, 0x88, 0x88, 0x88, 0x80, 0x88, 0x88, 0x88, 0x80, 0x88, 0x88, 0x88, 0x80, 0x88, 0x88, 0x88, 0x80, 0x88, 0x88, 0x88,
  0x80, 0x88, 0x88, 0x88, 0x80, 0x88, 0x88, 0x88, 0x80, 0x88, 0x88, 0x88, 0x80, 0x88, 0x88, 0x88, 0x80, 0x88, 0x88, 0x88, 0x80, 0x88, 0x88, 0x88,
  0x80, 0x88, 0x88, 0x88, 0x80, 0x88, 0x88, 0x88, 0x80, 0x88, 0x88, 0x88, 0x80, 0x88, 0x88, 0x88, 0x80, 0x88, 0x88, 0x88, 0x80, 0x88, 0x88, 0x88,
  0x80, 0x88, 0x88, 0x88, 0x80, 0x88, 0x88, 0x88, 0x80, 0x88, 0x88, 0x88, 0x80, 0x88, 0x88, 0x88, 0x80, 0x88, 0x88, 0x88, 0x80, 0x88, 0x88, 0x88,
  0x80, 0x88, 0x88, 0x88, 0x80, 0x88, 0x88, 0x88, 0x80, 0x88, 0x88, 0x88, 0x80, 0x88, 0x88, 0x88, 0x80, 0x88, 0x88, 0x88, 0x80, 0x88, 0x88, 0x88,
  0x80, 0x88, 0x88, 0x88, 0x80, 0x88, 0x88, 0x88, 0x80, 0x88, 0x88, 0x88, 0x80, 0x88, 0x88, 0x88, 0x80, 0x88, 0x88, 0x88, 0x80, 0x88, 0x88, 0x88,
  0x80, 0x88, 0x88, 0x88, 0x80, 0x88, 0x88, 0x88, 0x80, 0x88, 0x88, 0x88, 0x80, 0x88, 0x88, 0x88, 0x80, 0x88, 0x88, 0x88, 0x80, 0x88, 0x88, 0x88,
  0x80, 0x88, 0x88, 0x88, 0x80, 0x88, 0x88, 0x88, 0x80, 0x88, 0x88, 0x88, 0x80, 0x88, 0x88, 0x88, 0x80, 0x88, 0x88, 0x88, 0x80, 0x88, 0x88, 0x88,
  0x80, 0x88, 0x88, 0x88, 0x8d, 0x88, 0x88, 0x88, 0x8e, 0x88, 0x88, 0x88, 0x88, 0x88, 0x88, 0x88, 0x88, 0x88, 0x88, 0x88, 0x88, 0x88, 0x88, 0x88,
  0x88, 0x88, 0xf8, 0x8f, 0x88, 0x88, 0xf8, 0x8f, 0x88, 0x88, 0xf8, 0x8f, 0x88, 0x88, 0xf8, 0x8f, 0x88, 0x88, 0xf8, 0x8f, 0x88, 0x88, 0xf8, 0x8f,
  0x88, 0x88, 0xf8, 0x8f, 0x88, 0x88, 0xf8, 0x8f, 0x88, 0x88, 0xf8, 0x8f, 0x88, 0x88, 0xf8, 0x8f, 0x88, 0x88, 0xf8, 0x8f, 0x88, 0x88, 0xf8, 0x8f,
  0x88, 0x88, 0xf8, 0x8f, 0x88, 0x88, 0xf8, 0x8f, 0x88, 0x88, 0xf8, 0x8f, 0x88, 0x88, 0xf8, 0x8f, 0x88, 0x88, 0xf8, 0x8f, 0x88, 0x88, 0xf8, 0x8f,
  0x88, 0x88, 0xf8, 0x8f, 0x88, 0x88, 0xf8, 0x8f, 0x88, 0x88, 0xf8, 0x8f, 0x88, 0x88, 0xf8, 0x8f, 0x88, 0x88, 0xf8, 0x8f, 0x88, 0x88, 0xff, 0x8f,
  0x88, 0x88, 0xf8, 0x8f, 0x88, 0x88, 0xf8, 0x8f, 0x88, 0x88, 0xf8, 0x8f, 0x88, 0x88, 0xf8, 0x8f, 0x88, 0x88, 0xf8, 0x8f, 0x88, 0x88, 0xf8, 0x8f,
  0x88, 0x88, 0xf8, 0x8f, 0x88, 0x88, 0xff, 0x8f, 0x88, 0x88, 0xf8, 0x8f, 0x88, 0x88, 0xf8, 0x8f, 0x88, 0x88, 0xf8, 0x8f, 0x88, 0x88, 0xf8, 0x8f,
  0x88, 0x88, 0xf8, 0x8f, 0x88, 0x88, 0xf8, 0x8f, 0x88, 0x88, 0xf8, 0x8f, 0x88, 0x88, 0xf8, 0x8f, 0x88, 0x88, 0xf8, 0x8f, 0x88, 0x88, 0xf8, 0x8f,
  0x88, 0x88, 0xf8, 0x8f, 0x88, 0x88, 0xf8, 0x8f, 0x88, 0x88, 0xf8, 0x8f, 0x88, 0x88, 0xf8, 0x8f, 0x88, 0x88, 0xf8, 0x8f, 0x88, 0x88, 0xf8, 0x8f,
  0x88, 0x88, 0xf8, 0x8f, 0x88, 0x88, 0xf8, 0x8f, 0x88, 0x88, 0xf8, 0x8f, 0x88, 0x88, 0xf8, 0x8f, 0x88, 0x88, 0xf8, 0x8f, 0x88, 0x88, 0xf8, 0x8f,
  0x88, 0x88, 0xf8, 0x8f, 0x88, 0x88, 0xf8, 0x8f, 0x88, 0x88, 0xf8, 0x88, 0x88, 0x88, 0xf8, 0x8f, 0x88, 0x88, 0xf8, 0x8f, 0x88, 0x88, 0xf8, 0x8f,
  0x88, 0x88, 0xf8, 0x88, 0x88, 0x88, 0x88, 0x88, 0x88, 0x88, 0x88, 0x88, 0x88, 0x88, 0x88, 0x88, 0x80, 0x88, 0x88, 0x88, 0x80, 0x88, 0x88, 0x88,
  0x80, 0x88, 0x88, 0x88, 0x80, 0x88, 0x88, 0x88, 0x80, 0x88, 0x88, 0x88, 0x80, 0x88, 0x88, 0x88, 0x80, 0x88, 0x88, 0x88, 0x80, 0x88, 0x88, 0x88,
  0x80, 0x88, 0x88, 0x88, 0x80, 0x88, 0x88, 0x88, 0x80, 0x88, 0x88, 0x88, 0x80, 0x88, 0x88, 0x88, 0x80, 0x88, 0x88, 0x88, 0x80, 0x88, 0x88, 0x88,
  0x80, 0x88, 0x88, 0x88, 0x80, 0x88, 0x88, 0x88, 0x80, 0x88, 0x88, 0x88, 0x80, 0x88, 0x88, 0x88, 0x80, 0x88, 0x88, 0x88, 0x80, 0x88, 0x88, 0x88,
  0x80, 0x88, 0x88, 0x88, 0x80, 0x88, 0x88, 0x88, 0x80, 0x88, 0x88, 0x88, 0x80, 0x88, 0x88, 0x88, 0x80, 0x88, 0x88, 0x88, 0x80, 0x88, 0x88, 0x88,
  0x80, 0x88, 0x88, 0x88, 0x80, 0x88, 0x88, 0x88, 0x80, 0x88, 0x88, 0x88, 0x80, 0x88, 0x88, 0x88, 0x80, 0x88, 0x88, 0x88, 0x80, 0x88, 0x88, 0x88,
  0x80, 0x88, 0x88, 0x88, 0x80, 0x88, 0x88, 0x88, 0x80, 0x88, 0x88, 0x88, 0x80, 0x88, 0x88, 0x88, 0x80, 0x88, 0x88, 0x88, 0x80, 0x88, 0x88, 0x88,
  0x80, 0x88, 0x88, 0x88, 0x80, 0x88, 0x88, 0x88, 0x80, 0x88, 0x88, 0x88, 0x80, 0x88, 0x88, 0x88, 0x80, 0x88, 0x88, 0x88, 0x80, 0x88, 0x88, 0x88,
  0x80, 0x88, 0x88, 0x88, 0x80, 0x88, 0x88, 0x88, 0x80, 0x88, 0x88, 0x88, 0x80, 0x88, 0x88, 0x88, 0x80, 0x88, 0x88, 0x88, 0x80, 0x88, 0x88, 0x88,
  0x80, 0x88, 0x88, 0x88, 0x80, 0x88, 0x88, 0x88, 0x80, 0x88, 0x88, 0x88, 0x80, 0x88, 0x88, 0x88, 0x88, 0x88, 0x88, 0x88, 0x86, 0x88, 0x88, 0x88,
  0x89, 0x88, 0x88, 0x88, 0x83, 0x88, 0x88, 0x88, 0x80, 0x88, 0x88, 0x88, 0x80, 0x88, 0x88, 0x88, 0x80, 0x88, 0x88, 0x88, 0x88, 0x88, 0x88, 0x88,
  0x88, 0x88, 0x88, 0x88, 0x88, 0x88, 0x88, 0x88, 0x8e, 0x88, 0x88, 0x88, 0x88, 0x88, 0x88, 0x88, 0x88, 0x88, 0x80, 0x88, 0x88, 0x88, 0x88, 0x88,
  0x88, 0x88, 0x88, 0x88, 0x88, 0x88, 0x88, 0x88, 0x88, 0x88, 0x88, 0x88, 0xa8, 0x80, 0x88, 0x88, 0x88, 0x88, 0x88, 0x88, 0x88, 0x88, 0x88, 0x88,
  0x88, 0x88, 0x88, 0x88, 0x8f, 0x80, 0x80, 0x88, 0x80, 0x88, 0x00, 0x88, 0x88, 0x88, 0x88, 0x88, 0x88, 0x88, 0x88, 0x88, 0x88, 0x88, 0x88, 0x88,
  0x8f, 0x88, 0x88, 0x88, 0x88, 0x88, 0x88, 0x88, 0x88, 0x88, 0x88, 0x88, 0x88, 0x88, 0x88, 0x88, 0x8b, 0x88, 0x88, 0x88, 0x8f, 0x88, 0x88, 0x88,
  0x88, 0x88, 0x88, 0x88, 0x88, 0x88, 0x88, 0x88, 0x88, 0x88, 0x88, 0x88, 0x88, 0x88, 0x88, 0x88, 0x88, 0x88, 0x88, 0x88, 0x88, 0x88, 0x88, 0x88,
  0x88, 0x88, 0x88, 0x88, 0x88, 0x88, 0x88, 0x88, 0x88, 0x88, 0x88, 0x88, 0x88, 0x88, 0x88, 0x88, 0x8f, 0x88, 0x80, 0x88, 0x88, 0x88, 0x88, 0x88,
  0x88, 0x88, 0x88, 0x8f, 0x88, 0x88, 0x88, 0x88, 0x88, 0x88, 0x88, 0x88, 0x8f, 0x88, 0x88, 0x88, 0x8f, 0x88, 0x88, 0x88, 0x8f, 0x88, 0x88, 0x88,
  0x89, 0x88, 0x88, 0x88, 0x88, 0x88, 0x88, 0x88, 0x88, 0x88, 0x88, 0x88, 0x88, 0x88, 0x88, 0x88, 0x88, 0x88, 0x88, 0x88, 0x88, 0x88, 0x88, 0x88,
  0x88, 0x88, 0x88, 0x88, 0x88, 0x88, 0x88, 0x88, 0x88, 0x88, 0x88, 0x88, 0x88, 0x88, 0x88, 0x88, 0x88, 0x88, 0x88, 0x88, 0x88, 0x88, 0x88, 0x88,
  0x88, 0x88, 0x88, 0x88, 0x88, 0x88, 0x88, 0x88, 0x88, 0x88, 0x88, 0x88, 0x88, 0x88, 0x88, 0x88, 0x88, 0x88, 0x88, 0x88, 0x88, 0x88, 0x88, 0x88,
  0x88, 0x88, 0x88, 0x88, 0x89, 0x88, 0x88, 0x88, 0x88, 0x88, 0x88, 0x88, 0x88, 0x88, 0x88, 0x88, 0x88, 0x88, 0x88, 0x88, 0x88, 0x88, 0x88, 0x88,
  0x83, 0x98, 0xd9, 0x87, 0x80, 0x65, 0x69, 0x86, 0x84, 0x64, 0x69, 0x86, 0xf0, 0x65, 0x67, 0x85, 0xf8, 0x87, 0xaa, 0x89, 0x07, 0x75, 0x67, 0x86,
  0x80, 0x04, 0x45, 0x80, 0xf5, 0x58, 0x75, 0x84, 0x84, 0x53, 0x46, 0x86, 0x00, 0x04, 0x54, 0x86, 0x08, 0x44, 0x54, 0x85, 0x84, 0xb7, 0x76, 0x87,
  0x86, 0x45, 0x66, 0x87, 0x85, 0x65, 0x44, 0x86, 0xf9, 0x98, 0xa9, 0x89, 0xf6, 0x98, 0x7a, 0x89, 0x09, 0x88, 0x78, 0x87, 0x80, 0xa8, 0x96, 0x89,
  0x80, 0x66, 0x57, 0x86, 0x50, 0xa7, 0x46, 0x86, 0x02, 0x57, 0xa5, 0x8a, 0x84, 0x56, 0x64, 0x85, 0x80, 0x75, 0x54, 0x86, 0x87, 0x55, 0x34, 0x85,
  0x88, 0x87, 0x99, 0x88, 0x0f, 0xa9, 0x88, 0x89, 0x89, 0x87, 0x7a, 0x88, 0x8f, 0x68, 0x97, 0x88, 0x88, 0x88, 0x7b, 0x88, 0x03, 0x76, 0x65, 0x86,
  0x87, 0x66, 0xa8, 0x89, 0x88, 0xb8, 0xbc, 0x8b, 0x88, 0x96, 0x99, 0x89, 0xb8, 0x87, 0x48, 0x88, 0xea, 0xa9, 0x9a, 0x89, 0x88, 0xa8, 0xb9, 0x88,
  0xf8, 0xb9, 0x9c, 0x8a, 0x00, 0xa8, 0x8a, 0x8a, 0x9a, 0x77, 0x98, 0x87, 0x7e, 0x78, 0x88, 0x88, 0x98, 0x77, 0x98, 0x88, 0xf8, 0x77, 0xb6, 0x87,
  0xf7, 0x89, 0x87, 0x88, 0x00, 0x88, 0x78, 0x86, 0x86, 0x77, 0x96, 0x86, 0x8a, 0xb5, 0x88, 0x88, 0x88, 0x77, 0x88, 0x88, 0x88, 0x66, 0x04, 0x86,
  0x98, 0x78, 0x68, 0x87, 0xf0, 0x77, 0x79, 0x86, 0x80, 0x78, 0x08, 0x88, 0x88, 0xa8, 0x67, 0x88, 0x80, 0xf7, 0x79, 0x8d, 0x88, 0x80, 0xab, 0x87,
  0x88, 0x88, 0x00, 0x84, 0x80, 0x03, 0x88, 0x87, 0x88, 0x88, 0xf8, 0x8f, 0x88, 0x86, 0x59, 0x85, 0x56, 0x67, 0x76, 0x87, 0x70, 0x78, 0x78, 0x87,
  0x88, 0x88, 0x76, 0x80, 0x88, 0x88, 0x88, 0x88, 0x88, 0x80, 0x88, 0x8f, 0x8b, 0x80, 0x80, 0x8f, 0x8f, 0x88, 0x88, 0x88, 0x8f, 0x88, 0x88, 0x88,
  0x8f, 0x88, 0x88, 0x8f, 0xff, 0x8f, 0x88, 0x88, 0xff, 0x88, 0x88, 0x88, 0x8f, 0x88, 0x88, 0x88, 0x8c, 0x88, 0x88, 0x88, 0x8f, 0x88, 0x88, 0x88,
  0xfc, 0x88, 0x88, 0x88, 0xfc, 0x88, 0x88, 0x88, 0x8f, 0x88, 0x88, 0x88, 0x88, 0x88, 0x88, 0x88, 0x8c, 0x88, 0x88, 0x88, 0xfe, 0x88, 0x88, 0x88,
  0xff, 0x88, 0x88, 0x8f, 0xff, 0x88, 0x88, 0x88, 0xef, 0xff, 0x88, 0x88, 0xff, 0x88, 0x88, 0x88, 0xff, 0x88, 0x88, 0x88, 0xff, 0x8f, 0x88, 0x88,
  0xfe, 0x88, 0x88, 0x88, 0x8f, 0x88, 0x88, 0x88, 0xfe, 0x88, 0x88, 0x88, 0xff, 0x88, 0x88, 0x88, 0xff, 0x88, 0x88, 0x88, 0xff, 0x88, 0x88, 0x88,
  0xfe, 0x8f, 0x88, 0x88, 0xfc, 0x88, 0x88, 0x88, 0xff, 0x8f, 0x88, 0x88, 0xff, 0x88, 0x88, 0x88, 0x8f, 0x88, 0x88, 0x88, 0xff, 0x88, 0x88, 0x88,
  0xff, 0x88, 0x88, 0x88, 0x8c, 0x88, 0x88, 0x88, 0x8f, 0x88, 0x88, 0x88, 0x8c, 0x88, 0x88, 0x88, 0x8f, 0x88, 0x88, 0x88, 0x8f, 0x88, 0x88, 0x88,
  0x8f, 0x88, 0x88, 0x88, 0x8f, 0x88, 0x88, 0x88, 0x8f, 0x88, 0x88, 0x88, 0x8f, 0x88, 0x88, 0x88, 0xff, 0x88, 0x88, 0x88, 0x8f, 0x88, 0x88, 0x88,
  0x8c, 0x88, 0x88, 0x88, 0x8f, 0x88, 0x88, 0x88, 0x8f, 0x88, 0x88, 0x88, 0x8f, 0x88, 0x88, 0x88, 0x8d, 0x88, 0x88, 0x88, 0x8f, 0x88, 0x88, 0x88,
  0x88, 0x88, 0x88, 0x88, 0x8f, 0x88, 0x88, 0x88, 0x8f, 0x88, 0x88, 0x88, 0x8f, 0x88, 0x88, 0x88, 0x8f, 0x88, 0x88, 0x88, 0x88, 0x88, 0x88, 0x88,
  0x88, 0x88, 0x88, 0x88, 0x8f, 0x88, 0x88, 0x88, 0xff, 0x8f, 0x88, 0x88, 0x88, 0x88, 0x88, 0x88, 0x88, 0x88, 0x88, 0x88, 0x88, 0x88, 0x88, 0x88,
  0x88, 0x88, 0x88, 0x88, 0x8f, 0x88, 0x88, 0x88, 0x8f, 0x88, 0x78, 0x88, 0x89, 0x88, 0x08, 0x88, 0x88, 0x80, 0xbf, 0x8f, 0x8f, 0x8b, 0x88, 0x88,
  0x88, 0xf7, 0xa7, 0x89, 0x89, 0x88, 0x08, 0x88, 0x87, 0x87, 0x08, 0x88, 0x89, 0xf7, 0x48, 0x80, 0x8c, 0x0a, 0x00, 0x80, 0x88, 0x87, 0x68, 0x8f,
  0x89, 0x88, 0xf8, 0x8f, 0x8f, 0x8a, 0xff, 0x88, 0xfb, 0x8f, 0x00, 0x89, 0x89, 0x8b, 0x88, 0x88, 0x80, 0x04, 0x00, 0x80, 0x8f, 0x88, 0x88, 0x88,
  0x8f, 0x88, 0x88, 0x8f, 0x88, 0x8f, 0x08, 0x8f, 0x8f, 0x80, 0x08, 0x88, 0x8f, 0x80, 0x88, 0x8f, 0x85, 0x8f, 0x00, 0x88, 0x8f, 0x89, 0xf8, 0x88,
  0x89, 0x8f, 0xff, 0x80, 0x89, 0x05, 0x40, 0x84, 0x8f, 0x88, 0x08, 0x88, 0x8b, 0x80, 0xc8, 0x8f, 0x8f, 0x8f, 0x88, 0x88, 0x83, 0x8f, 0x08, 0x88,
  0x80, 0x8d, 0x08, 0x88, 0x87, 0xf9, 0xff, 0x8f, 0x86, 0x8a, 0x08, 0x80, 0x89, 0x8d, 0x08, 0x80, 0x8b, 0x8d, 0x00, 0x8f, 0x8a, 0x8c, 0x08, 0x88,
  0x86, 0x87, 0x6f, 0x88, 0x83, 0x8a, 0x08, 0x88, 0x86, 0x8b, 0x08, 0x88, 0x85, 0x80, 0x08, 0x88, 0x88, 0x8a, 0x00, 0x80, 0x88, 0x08, 0x08, 0x83,
  0x89, 0x89, 0x00, 0x83, 0x88, 0x84, 0x6f, 0x8b, 0x86, 0x07, 0x40, 0x86, 0x8b, 0x88, 0x9f, 0x8f, 0x86, 0x8f, 0x40, 0x80, 0x87, 0x89, 0x44, 0x86,
  0x89, 0x00, 0x08, 0x80, 0x89, 0x88, 0x6f, 0x88, 0x8c, 0xf7, 0x08, 0x80, 0x8d, 0xf0, 0x00, 0x80, 0x87, 0x88, 0x00, 0x80, 0x8e, 0x8f, 0x08, 0x80,
  0x8f, 0x88, 0x08, 0x80, 0x88, 0x88, 0x88, 0x88, 0x8f, 0x88, 0x88, 0x80, 0x8f, 0x88, 0x08, 0x80, 0x88, 0x80, 0x88, 0x88, 0x8f, 0x80, 0x08, 0x80,
  0x88, 0x88, 0x88, 0x88, 0x8f, 0x80, 0x88, 0x88, 0x88, 0x88, 0x88, 0x88, 0x88, 0x88, 0x88, 0x88, 0x8f, 0x88, 0x88, 0x88, 0x88, 0x8f, 0x88, 0x88,
  0x88, 0x88, 0x88, 0x88, 0x88, 0x88, 0x88, 0x88, 0x88, 0x88, 0x88, 0x88, 0x88, 0x88, 0x88, 0x88, 0x88, 0x88, 0x88, 0x88, 0x88, 0x88, 0x88, 0x88,
  0x88, 0x88, 0x88, 0x88, 0x88, 0x88, 0x88, 0x88, 0x88, 0x88, 0x88, 0x88, 0x88, 0x88, 0x88, 0x88, 0x88, 0x88, 0x88, 0x88, 0x88, 0x88, 0x88, 0x88,
  0x88, 0x88, 0x88, 0x88, 0x88, 0x88, 0x88, 0x88, 0x88, 0x88, 0x88, 0x88, 0x88, 0x88, 0x88, 0x88, 0x88, 0x88, 0x88, 0x88, 0x88, 0x88, 0x88, 0x88,
  0x88, 0x88, 0x88, 0x88, 0x88, 0x88, 0x88, 0x88, 0x88, 0x88, 0x88, 0x88, 0x88, 0x88, 0x88, 0x88, 0x88, 0x88, 0x88, 0x88, 0x88, 0x88, 0x88, 0x88,
  0x88, 0x88, 0x88, 0x88, 0x88, 0x88, 0x88, 0x88, 0x88, 0x88, 0x88, 0x88, 0x88, 0x88, 0x88, 0x88, 0x88, 0x88, 0x88, 0x88, 0x88, 0x88, 0x88, 0x88,
  0x88, 0x88, 0x88, 0x88, 0x88, 0x88, 0x88, 0x88, 0x88, 0x88, 0x88, 0x88, 0x88, 0x88, 0x88, 0x88, 0x88, 0x88, 0x88, 0x88, 0x88, 0x88, 0x88, 0x88,
  0x88, 0x88, 0x88, 0x88, 0x88, 0x88, 0x88, 0x88, 0x88, 0x88, 0x88, 0x88, 0x88, 0x88, 0x88, 0x88, 0x88, 0x88, 0x88, 0x88, 0x88, 0x88, 0x88, 0x88,
  0x88, 0x88, 0x88, 0x88, 0x88, 0x88, 0x88, 0x88, 0x88, 0x88, 0x88, 0x88, 0x88, 0x88, 0x88, 0x88, 0x88, 0x88, 0x88, 0x88, 0x88, 0x88, 0x88, 0x88,
  0x88, 0x88, 0x88, 0x88, 0x88, 0x88, 0x88, 0x88, 0x88, 0x88, 0x88, 0x88, 0x88, 0x88, 0x88, 0x88, 0x88, 0x88, 0x88, 0x88, 0x88, 0x88, 0x88, 0x88,
  0x88, 0x88, 0x88, 0x88, 0x88, 0x88, 0x88, 0x88, 0x88, 0x88, 0x88, 0x88, 0x8f, 0x88, 0x80, 0x88, 0x8f, 0xf8, 0x00, 0x8f, 0x88, 0x08, 0x88, 0x88,
  0x88, 0x88, 0x88, 0x88, 0x88, 0x88, 0x88, 0x88, 0x88, 0x88, 0x88, 0x88, 0x80, 0x88, 0x88, 0x88, 0x8f, 0x88, 0x88, 0x88, 0xff, 0x88, 0x88, 0x88,
  0x8f, 0x88, 0x88, 0x88, 0xff, 0x88, 0x88, 0x88, 0xff, 0x88, 0xf8, 0x88, 0xff, 0x88, 0x88, 0x88, 0x8f, 0x88, 0x88, 0x88, 0xff, 0x88, 0x88, 0x88,
  0xff, 0x8f, 0x88, 0x88, 0x8f, 0x88, 0x88, 0x88, 0xff, 0x88, 0x88, 0x88, 0xff, 0x88, 0x88, 0x88, 0xff, 0x88, 0x88, 0x88, 0xff, 0x88, 0x88, 0x88,
  0xff, 0x8f, 0x88, 0x88, 0xff, 0x88, 0x88, 0x88, 0xff, 0x88, 0x88, 0x88, 0x8f, 0x88, 0x88, 0x88, 0xff, 0x88, 0x88, 0x88, 0xff, 0x88, 0x88, 0x88,
  0xff, 0x8f, 0x88, 0x88, 0xff, 0x88, 0x88, 0x88, 0xff, 0x8f, 0x88, 0x88, 0xff, 0x88, 0x88, 0x88, 0xff, 0x88, 0x88, 0x8f, 0xff, 0x88, 0x88, 0x88,
  0xff, 0x88, 0x88, 0x88, 0xff, 0x88, 0x88, 0x88, 0xff, 0x8f, 0x88, 0x88, 0xff, 0x88, 0x88, 0x88, 0xff, 0x88, 0x88, 0x88, 0xff, 0xf8, 0x88, 0x88,
  0xff, 0x88, 0x88, 0x88, 0x8f, 0x88, 0x8f, 0x88, 0xff, 0x88, 0x88, 0x88, 0xff, 0x8f, 0x88, 0x88, 0xff, 0x88, 0x88, 0x88, 0x8f, 0x88, 0x88, 0x88,
  0xff, 0x88, 0x88, 0x88, 0xff, 0x8f, 0x8f, 0x88, 0xff, 0x88, 0x88, 0x88, 0xff, 0x88, 0x88, 0x88, 0xff, 0x88, 0x88, 0x88, 0xff, 0x8f, 0x88, 0x88,
  0xff, 0x8f, 0x88, 0x88, 0xff, 0xf8, 0x88, 0x88, 0xff, 0x88, 0x88, 0x88, 0xff, 0x88, 0x88, 0x88, 0x8f, 0xf8, 0x88, 0x88, 0x8f, 0x88, 0x88, 0x88,
  0x8f, 0x88, 0x88, 0x88, 0xff, 0x88, 0x88, 0x88, 0x8f, 0x88, 0x88, 0x88, 0x8f, 0x88, 0x88, 0x88, 0x8f, 0x88, 0x88, 0x88, 0x8f, 0x88, 0x88, 0x88,
  0x8f, 0x88, 0x88, 0x88, 0x8f, 0x88, 0x88, 0x88, 0x9f, 0x88, 0x88, 0x8f, 0xff, 0x88, 0x88, 0x88, 0x88, 0x88, 0x88, 0x88, 0x88, 0x88, 0x88, 0x88,
  0x8f, 0x88, 0x88, 0x88, 0x8f, 0x88, 0x88, 0x88, 0x88, 0x88, 0x88, 0x88, 0x88, 0x88, 0x88, 0x88, 0x88, 0x88, 0x88, 0x88, 0x88, 0x88, 0x88, 0x88,
  0x88, 0x88, 0x88, 0x88, 0x88, 0x88, 0x88, 0x88, 0x88, 0x88, 0x88, 0x88, 0x88, 0x88, 0x88, 0x88, 0x88, 0x88, 0x88, 0x88, 0x88, 0x88, 0x88, 0x88,
  0x88, 0x88, 0x88, 0x88, 0x88, 0x88, 0x88, 0x88, 0x88, 0x88, 0x88, 0x88, 0x88, 0x88, 0x88, 0x88, 0x88, 0x88, 0x88, 0x88, 0x88, 0x88, 0x88, 0x88,
  0x88, 0x88, 0x88, 0x88, 0x88, 0x88, 0x88, 0x88, 0x88, 0x88, 0x88, 0x88, 0x88, 0x88, 0x88, 0x88, 0x88, 0x88, 0x88, 0x88, 0x88, 0x88, 0x88, 0x88,
  0x88, 0x88, 0x88, 0x88, 0x88, 0x88, 0x88, 0x88, 0x88, 0x88, 0x88, 0x88, 0x88, 0x88, 0x88, 0x88, 0x88, 0x88, 0x88, 0x88, 0x88, 0x88, 0x88, 0x88,
  0x88, 0x88, 0x88, 0x88, 0x88, 0x88, 0x88, 0x88, 0x88, 0x88, 0x88, 0x88, 0x88, 0x88, 0x88, 0x88, 0x88, 0x88, 0x88, 0x88, 0x88, 0x88, 0x88, 0x88,
  0x88, 0x88, 0x88, 0x88, 0x88, 0x88, 0x88, 0x88, 0x88, 0x88, 0x88, 0x88, 0x88, 0x88, 0x88, 0x88, 0x88, 0x88, 0x88, 0x88, 0x88, 0x88, 0x88, 0x88,
  0x88, 0x88, 0x88, 0x88, 0x88, 0x88, 0x88, 0x88, 0x88, 0x88, 0x88, 0x88, 0x88, 0x88, 0x88, 0x88, 0x88, 0x88, 0x88, 0x88, 0x88, 0x88, 0x88, 0x88,
  0x88, 0x88, 0x88, 0x88, 0x88, 0x88, 0x88, 0x88, 0x88, 0x88, 0x88, 0x88, 0x88, 0x88, 0x88, 0x88, 0x88, 0x88, 0x88, 0x88, 0x88, 0x88, 0x88, 0x88,
  0x88, 0x88, 0x88, 0x88, 0x88, 0x88, 0x88, 0x88, 0x88, 0x88, 0x88, 0x88, 0x88, 0x88, 0x88, 0x88, 0x88, 0x88, 0x88, 0x88, 0x0b, 0x78, 0x90, 0x82,
  0x88, 0x88, 0x88, 0x88, 0x88, 0x88, 0x88, 0x80, 0x88, 0x88, 0x88, 0x88, 0x88, 0x88, 0x88, 0x88, 0x88, 0x88, 0x88, 0x88, 0x80, 0x88, 0x88, 0x88,
  0x88, 0x88, 0x88, 0x88, 0x88, 0x88, 0x88, 0x88, 0x88, 0x88, 0x88, 0x88, 0x88, 0x88, 0x88, 0x88, 0x88, 0x88, 0x88, 0x88, 0x88, 0x88, 0x88, 0x88,
  0x88, 0x88, 0x88, 0x88, 0x88, 0x88, 0x88, 0x88, 0x88, 0x88, 0x88, 0x88, 0x88, 0x88, 0x08, 0x88, 0x88, 0x88, 0x88, 0x88, 0x88, 0x88, 0x88, 0x88,
  0x88, 0x88, 0x88, 0x88, 0x88, 0x88, 0x88, 0x88, 0x88, 0x88, 0x88, 0x88, 0x88, 0x88, 0x88, 0x88, 0x88, 0x88, 0x88, 0x88, 0x88, 0x88, 0x88, 0x88,
  0x88, 0x88, 0x88, 0x88, 0x88, 0x88, 0x88, 0x88, 0x88, 0x88, 0x88, 0x88, 0x88, 0x88, 0x88, 0x88, 0x88, 0x88, 0x88, 0x88, 0x88, 0x88, 0x88, 0x88,
  0x88, 0x88, 0x88, 0x88, 0x88, 0x88, 0x88, 0x88, 0x88, 0x88, 0x88, 0x88, 0x88, 0x88, 0x88, 0x88, 0x88, 0x88, 0x88, 0x88, 0x88, 0x88, 0x88, 0x88,
  0x88, 0x88, 0x88, 0x88, 0x88, 0x88, 0x88, 0x88, 0x88, 0x88, 0x88, 0x88, 0x88, 0x88, 0x88, 0x88, 0x88, 0x88, 0x88, 0x88, 0x88, 0x88, 0x88, 0x88,
  0x88, 0x88, 0x88, 0x88, 0x88, 0x88, 0x88, 0x88, 0x88, 0x88, 0x88, 0x88, 0x88, 0x88, 0x88, 0x88, 0x88, 0x88, 0x88, 0x88, 0x88, 0x88, 0x88, 0x80,
  0x88, 0x88, 0x88, 0x88, 0x88, 0x88, 0x88, 0x88, 0x88, 0x88, 0x88, 0x88, 0x88, 0x88, 0x88, 0x88, 0x88, 0x88, 0x88, 0x88, 0x88, 0x88, 0x88, 0x88,
  0x88, 0x88, 0x88, 0x88, 0x88, 0x88, 0x88, 0x88, 0x88, 0x88, 0x88, 0x88, 0x88, 0x88, 0x88, 0x88, 0x88, 0x88, 0x88, 0x88, 0x88, 0x88, 0x88, 0x88,
  0x88, 0x88, 0x88, 0x88, 0x88, 0x88, 0x88, 0x88, 0x88, 0x88, 0x88, 0x88, 0x88, 0x88, 0x88, 0x88, 0x88, 0x88, 0x88, 0x80, 0x88, 0x88, 0xf8, 0x87,
  0x88, 0x88, 0x88, 0x88, 0x88, 0x88, 0x88, 0x88, 0x88, 0x88, 0x88, 0x88, 0x88, 0x88, 0x88, 0x88, 0x80, 0x88, 0x00, 0x88, 0x80, 0x88, 0x08, 0x80,
  0x80, 0x88, 0x88, 0x88, 0x80, 0x88, 0x88, 0x88, 0x80, 0x88, 0x08, 0x88, 0x80, 0x88, 0x88, 0x80, 0x80, 0x88, 0x88, 0x88, 0x80, 0x88, 0x88, 0x88,
  0x80, 0x88, 0x88, 0x88, 0x80, 0x88, 0x00, 0x80, 0x80, 0x88, 0x00, 0x88, 0x80, 0x88, 0x88, 0x88, 0x80, 0x88, 0x88, 0x88, 0x80, 0x88, 0x08, 0x88,
  0x80, 0x08, 0x00, 0x80, 0x80, 0x08, 0x00, 0x80, 0x00, 0x88, 0x80, 0x80, 0x80, 0x88, 0x88, 0x88, 0x80, 0x88, 0x00, 0x88, 0x80, 0x80, 0x08, 0x80,
  0x80, 0x88, 0x08, 0x80, 0x80, 0x88, 0x88, 0x88, 0x80, 0x88, 0x80, 0x88, 0x80, 0x88, 0x88, 0x88, 0x80, 0x88, 0x88, 0x88, 0x80, 0x88, 0x88, 0x80,
  0x80, 0x88, 0x80, 0x88, 0x80, 0x08, 0x00, 0x88, 0x80, 0x88, 0x00, 0x88, 0x80, 0x88, 0x00, 0x88, 0x80, 0x88, 0x80, 0x80, 0x80, 0x88, 0x88, 0x80,
  0x80, 0x88, 0x88, 0x88, 0x80, 0x88, 0x08, 0x88, 0x80, 0x88, 0x88, 0x80, 0x80, 0x88, 0x88, 0x88, 0x80, 0x88, 0x88, 0x80, 0x80, 0x88, 0x80, 0x88,
  0x80, 0x88, 0x88, 0x88, 0x80, 0x88, 0x88, 0x88, 0x80, 0x88, 0x88, 0x88, 0x80, 0x88, 0x88, 0x88, 0x80, 0x88, 0x88, 0x80, 0x80, 0x88, 0x88, 0x88,
  0x80, 0x88, 0x88, 0x88, 0x80, 0x88, 0x88, 0x88, 0x80, 0x88, 0x88, 0x88, 0x80, 0x88, 0x88, 0x88, 0x8c, 0x88, 0x80, 0x88, 0x8e, 0x88, 0xff, 0x8f,
  0x8e, 0x88, 0x80, 0x88, 0x88, 0x88, 0x88, 0x88, 0x88, 0x88, 0x88, 0x88, 0x87, 0x88, 0x80, 0x88, 0x8c, 0x88, 0x80, 0x8f, 0x8b, 0x88, 0x8f, 0x8a,
  0x8a, 0x88, 0x0f, 0x88, 0x8c, 0x88, 0x88, 0x88, 0x80, 0x88, 0x88, 0x88, 0x88, 0x88, 0x88, 0x80, 0x88, 0x88, 0x88, 0x88, 0x88, 0x88, 0x88, 0x88,
  0x80, 0x88, 0x88, 0x88, 0x88, 0x88, 0x88, 0x88, 0x0f, 0x80, 0x88, 0x88, 0x0e, 0x88, 0x88, 0x88, 0x0e, 0x88, 0x88, 0x88, 0x0f, 0x08, 0x88, 0x88,
  0x0e, 0x88, 0x88, 0x88, 0x0e, 0x80, 0x88, 0x88, 0x0f, 0x88, 0x88, 0x88, 0x0f, 0x80, 0x88, 0x88, 0x0f, 0x80, 0x88, 0x88, 0x0e, 0x88, 0x88, 0x88,
  0x0f, 0x88, 0x88, 0x88, 0x0e, 0x88, 0x88, 0x88, 0x0f, 0x80, 0x88, 0x88, 0x0e, 0x88, 0x88, 0x88, 0x0f, 0x88, 0x88, 0x88, 0x0c, 0x88, 0x88, 0x88,
  0x0f, 0x88, 0x88, 0x88, 0x0f, 0x88, 0x8f, 0x88, 0x0f, 0x88, 0x88, 0x88, 0x0f, 0x88, 0x88, 0x88, 0x0f, 0x88, 0x88, 0x88, 0x0f, 0x00, 0x88, 0x88,
  0x0e, 0x88, 0x88, 0x88, 0x0f, 0x88, 0x88, 0x80, 0x5f, 0x80, 0xf8, 0x88, 0x0f, 0x88, 0x88, 0x88, 0x0f, 0x88, 0x88, 0x88, 0x0f, 0x88, 0x88, 0x88,
  0x0f, 0x88, 0x88, 0x88, 0x0f, 0x80, 0x88, 0x88, 0x0e, 0x88, 0x88, 0x88, 0x0e, 0x88, 0x88, 0x88, 0x0e, 0x88, 0x88, 0x88, 0x0e, 0x80, 0x88, 0x88,
  0x0e, 0x88, 0x88, 0x88, 0x0e, 0x88, 0x88, 0x88, 0x0f, 0x88, 0x8f, 0x88, 0x0f, 0x88, 0x88, 0x88, 0x0e, 0x88, 0x88, 0x88, 0x0f, 0x88, 0x88, 0x88,
  0x0f, 0x88, 0x88, 0x88, 0x0f, 0x88, 0x88, 0x88, 0x8f, 0x88, 0x88, 0x88, 0x0f, 0x88, 0x88, 0x88, 0x0e, 0x88, 0x88, 0x88, 0x0e, 0x88, 0x88, 0x88,
  0x0f, 0x88, 0x88, 0x88, 0x0e, 0x88, 0x88, 0x88, 0x0f, 0x88, 0x88, 0x88, 0x8f, 0x88, 0x88, 0x88, 0x0f, 0x88, 0x88, 0x88, 0x8f, 0x88, 0x88, 0x88,
  0x0f, 0x88, 0x88, 0x88, 0x8f, 0x88, 0x88, 0x88, 0x8f, 0x88, 0x88, 0x88, 0x0f, 0x88, 0x88, 0x88, 0x8f, 0x88, 0x88, 0x88, 0x8b, 0x88, 0x88, 0x88,
  0x0f, 0x88, 0x88, 0x80, 0x08, 0x88, 0x88, 0x88, 0x88, 0x88, 0x88, 0x88, 0x88, 0x88, 0x88, 0x88, 0x0f, 0x88, 0x88, 0x88, 0x0b, 0x88, 0x88, 0x88,
  0x88, 0x88, 0x88, 0x88, 0x88, 0x88, 0x88, 0x88, 0x88, 0x88, 0x88, 0x88, 0x88, 0x88, 0x88, 0x88, 0x88, 0x88, 0x88, 0x88, 0x88, 0x88, 0x88, 0x88,
  0x88, 0x88, 0x88, 0x88, 0x88, 0x88, 0x88, 0x88, 0x88, 0x88, 0x88, 0x88, 0x88, 0x88, 0x88, 0x88, 0x88, 0x88, 0x88, 0x88, 0x88, 0x88, 0x88, 0x88,
  0x88, 0x88, 0x88, 0x88, 0x88, 0x88, 0x88, 0x88, 0x88, 0x88, 0x88, 0x88, 0x88, 0x88, 0x88, 0x88, 0x88, 0x88, 0x88, 0x88, 0x88, 0x88, 0x88, 0x88,
  0x88, 0x88, 0x88, 0x88, 0x88, 0x88, 0x88, 0x88, 0x88, 0x88, 0x88, 0x88, 0x88, 0x88, 0x88, 0x88, 0x88, 0x88, 0x88, 0x88, 0x88, 0x88, 0x88, 0x88,
  0x88, 0x88, 0x88, 0x88, 0x88, 0x88, 0x88, 0x88, 0x88, 0x88, 0x88, 0x88, 0x88, 0x88, 0x88, 0x88, 0x88, 0x88, 0x88, 0x88, 0x88, 0x88, 0x88, 0x88,
  0x88, 0x88, 0x88, 0x88, 0x88, 0x88, 0x88, 0x88, 0x88, 0x88, 0x88, 0x88, 0x88, 0x88, 0x88, 0x88, 0x88, 0x88, 0x88, 0x88, 0x88, 0x88, 0x88, 0x88,
  0x88, 0x88, 0x88, 0x88, 0x88, 0x88, 0x88, 0x88, 0x88, 0x88, 0x88, 0x88, 0x88, 0x88, 0x88, 0x88, 0x88, 0x88, 0x88, 0x88, 0x88, 0x88, 0x88, 0x88,
  0x88, 0x88, 0x88, 0x88, 0x88, 0x88, 0x88, 0x88, 0x88, 0x88, 0x88, 0x88, 0x88, 0x88, 0x88, 0x88, 0x88, 0x88, 0x88, 0x88, 0x88, 0x88, 0x88, 0x88,
  0x88, 0x88, 0x88, 0x88, 0x88, 0x88, 0x88, 0x88, 0x88, 0x88, 0x88, 0x88, 0x88, 0x88, 0x88, 0x88, 0x88, 0x88, 0x88, 0x88, 0x88, 0x88, 0x88, 0x88,
  0x88, 0x88, 0x88, 0x88, 0x88, 0x88, 0x88, 0x88, 0x88, 0x88, 0x88, 0x88, 0x88, 0x88, 0x88, 0x88, 0x88, 0x88, 0x88, 0x88, 0x88, 0x88, 0x88, 0x88,
  0x88, 0x88, 0x88, 0x88, 0x88, 0x88, 0x88, 0x88, 0x88, 0x88, 0x88, 0x88, 0x88, 0x88, 0x88, 0x88, 0x8f, 0x88, 0x88, 0x88, 0x8f, 0x88, 0x88, 0x88,
  0x8f, 0x88, 0x88, 0x88, 0x8f, 0x88, 0x88, 0x88, 0x8f, 0x88, 0x88, 0x88, 0x8f, 0x88, 0x88, 0x88, 0x8e, 0x88, 0x88, 0x88, 0x8f, 0x88, 0x88, 0x88,
  0x8e, 0x88, 0x88, 0x88, 0x8f, 0x88, 0x88, 0x88, 0x8f, 0x88, 0x88, 0x88, 0x8f, 0x88, 0x88, 0x88, 0x8e, 0x88, 0x88, 0x88, 0x8f, 0x88, 0x88, 0x88,
  0x8f, 0x88, 0x88, 0x88, 0x8e, 0x88, 0x88, 0x88, 0x8d, 0x88, 0x88, 0x88, 0x8f, 0x88, 0x88, 0x88, 0x8e, 0x88, 0x88, 0x88, 0x8f, 0x88, 0x88, 0x88,
  0x8f, 0x88, 0x88, 0x88, 0x8f, 0x88, 0x88, 0x88, 0x8e, 0x88, 0x88, 0x88, 0x8f, 0x88, 0x88, 0x88, 0x8e, 0x88, 0x88, 0x88, 0x8f, 0x88, 0x88, 0x88,
  0x8f, 0x88, 0x88, 0x88, 0x8f, 0x88, 0x88, 0x88, 0x8e, 0x88, 0x88, 0x88, 0x8f, 0x88, 0x88, 0x88, 0x8d, 0x88, 0x88, 0x88, 0x8e, 0x88, 0x88, 0x88,
  0x8e, 0x88, 0x88, 0x88, 0x8f, 0x88, 0x88, 0x88, 0x8e, 0x88, 0x88, 0x88, 0x8f, 0x88, 0x88, 0x88, 0x8d, 0x88, 0x88, 0x88, 0x8f, 0x88, 0x88, 0x88,
  0x8f, 0x88, 0x88, 0x88, 0x8f, 0x88, 0x88, 0x88, 0x8f, 0x88, 0x88, 0x88, 0x8f, 0x88, 0x88, 0x88, 0x8e, 0x88, 0x88, 0x88, 0x8f, 0x88, 0x88, 0x88,
  0x8f, 0x88, 0x88, 0x88, 0x8f, 0x88, 0x88, 0x88, 0x8f, 0x88, 0x88, 0x88, 0x8e, 0x88, 0x88, 0x88, 0x8f, 0x88, 0x88, 0x88, 0x8f, 0x88, 0x88, 0x88,
  0x8f, 0x88, 0x88, 0x88, 0x8f, 0x88, 0x88, 0x88, 0x8f, 0x88, 0x88, 0x88, 0x8f, 0x88, 0x88, 0x88, 0x8f, 0x88, 0x88, 0x88, 0x8f, 0x88, 0x88, 0x88,
  0x8f, 0x88, 0x88, 0x88, 0x8f, 0x88, 0x88, 0x88, 0x8b, 0x88, 0x88, 0x88, 0x80, 0x88, 0x88, 0x88, 0x88, 0x88, 0x88, 0x88, 0x88, 0x88, 0x88, 0x88,
  0x88, 0x88, 0x88, 0x88, 0x8f, 0x88, 0x88, 0x88, 0x8d, 0x88, 0xf8, 0x88, 0x8d, 0x88, 0xf0, 0x88, 0x8b, 0x88, 0xf0, 0x88, 0x8b, 0x88, 0xf0, 0x88,
  0x83, 0x88, 0x80, 0x88, 0x86, 0x88, 0x80, 0x88, 0x8a, 0x88, 0x88, 0x88, 0x88, 0x88, 0x88, 0x88, 0x88, 0x88, 0xf8, 0x88, 0x88, 0x88, 0x00, 0x88,
  0x8a, 0x88, 0x88, 0x88, 0x86, 0x88, 0x88, 0x80, 0x8d, 0x88, 0xf8, 0x88, 0x8b, 0x88, 0x88, 0x88, 0x8b, 0x88, 0x80, 0x88, 0x8d, 0x88, 0x80, 0x88,
  0x8e, 0x88, 0x80, 0x88, 0x8e, 0x88, 0xf8, 0x88, 0x8b, 0x88, 0xf8, 0x88, 0x8d, 0x88, 0xf0, 0x88, 0x8c, 0x80, 0x88, 0x88, 0xfb, 0x88, 0x80, 0x88,
  0x8a, 0x88, 0x80, 0x88, 0x88, 0x88, 0x80, 0x88, 0x8b, 0x88, 0xf0, 0x88, 0x8a, 0x88, 0x88, 0x88, 0x8b, 0x88, 0xf8, 0x88, 0x8a, 0x88, 0x88, 0x88,
  0x88, 0x88, 0x80, 0x88, 0x88, 0x88, 0x88, 0x88, 0x89, 0x88, 0x80, 0x88, 0x8e, 0x88, 0x88, 0x88, 0x8c, 0x88, 0x88, 0x88, 0x8c, 0x88, 0x08, 0x88,
  0x8d, 0x88, 0x80, 0x88, 0x8c, 0x88, 0x88, 0x88, 0x8a, 0x88, 0xf8, 0x88, 0x8a, 0x88, 0x80, 0x88, 0x89, 0x88, 0x88, 0x88, 0x88, 0x88, 0x88, 0x88,
  0x8c, 0x88, 0xf8, 0x88, 0x85, 0x88, 0x88, 0x88, 0x87, 0x88, 0x00, 0x88, 0x81, 0x88, 0x80, 0x88, 0x80, 0x88, 0x08, 0x80, 0x80, 0x88, 0x88, 0x88,
  0x8d, 0x88, 0xf8, 0x88, 0x8e, 0x88, 0x88, 0x88, 0x8f, 0x88, 0x88, 0x88, 0x80, 0x88, 0x88, 0x88, 0x88, 0x88, 0x88, 0x88, 0x88, 0x88, 0x88, 0x88,
  0x88, 0x88, 0x88, 0x88, 0x88, 0x88, 0x88, 0x88, 0x88, 0x88, 0x88, 0x88, 0x80, 0x88, 0x88, 0x88, 0x88, 0x88, 0x88, 0x88, 0x80, 0x88, 0x88, 0x88,
  0x80, 0x88, 0x88, 0x88, 0x88, 0x88, 0x88, 0x88, 0x88, 0x88, 0x88, 0x88, 0x88, 0x88, 0x88, 0x88, 0x89, 0x88, 0xf8, 0x88, 0x88, 0x88, 0x88, 0x88,
  0x88, 0x88, 0xf8, 0x8f, 0x88, 0x88, 0x88, 0x8f, 0x88, 0x88, 0xff, 0x8f, 0x88, 0x88, 0xf8, 0x8f, 0x88, 0x88, 0xf8, 0x8f, 0x88, 0x88, 0xf8, 0x8f,
  0x88, 0x88, 0xf8, 0x8f, 0x88, 0x88, 0xf8, 0x8f, 0x88, 0x88, 0xff, 0x8f, 0x88, 0x88, 0xf8, 0x8f, 0x88, 0x88, 0xf8, 0x8f, 0x88, 0x88, 0xff, 0x8f,
  0x88, 0x88, 0xf8, 0x8f, 0x88, 0x88, 0xf8, 0x8f, 0x88, 0x88, 0xf8, 0x8f, 0x88, 0x88, 0xf8, 0x8f, 0x88, 0x88, 0xf8, 0x8f, 0x88, 0x88, 0xf8, 0x8f,
  0x88, 0x88, 0xf8, 0x8f, 0x88, 0x88, 0xf8, 0x8f, 0x88, 0x88, 0xf8, 0x8f, 0x88, 0x88, 0xf8, 0x8f, 0x88, 0x88, 0xf8, 0x8f, 0x88, 0x88, 0xf8, 0x8f,
  0x88, 0x88, 0xff, 0x8f, 0x88, 0x88, 0x88, 0x8f, 0x88, 0x88, 0xf8, 0x8f, 0x88, 0x88, 0xf8, 0x8f, 0x88, 0x88, 0xf8, 0x8f, 0x88, 0x88, 0xf8, 0x8f,
  0x88, 0x88, 0xf8, 0x8f, 0x88, 0x88, 0xf8, 0x8f, 0x88, 0x88, 0xf8, 0x8f, 0x88, 0x88, 0xf8, 0x8f, 0x88, 0x88, 0xf8, 0x8f, 0x88, 0x88, 0xff, 0x8f,
  0x88, 0x88, 0xf8, 0x8f, 0x88, 0x88, 0x88, 0x8f, 0x88, 0x88, 0xf8, 0x8f, 0x88, 0x88, 0xf8, 0x8f, 0x88, 0x88, 0xf8, 0x8f, 0x88, 0x88, 0xf8, 0x8f,
  0x88, 0x88, 0xf8, 0x8f, 0x88, 0x88, 0xf8, 0x8f, 0x88, 0x88, 0xf8, 0x8f, 0x88, 0x88, 0xff, 0x8f, 0x88, 0x88, 0xf8, 0x8f, 0x88, 0x88, 0xf8, 0x8f,
  0x88, 0x88, 0xf8, 0x8f, 0x88, 0x88, 0xf8, 0x8f, 0x88, 0x88, 0xf8, 0x8f, 0x88, 0x88, 0xf8, 0x8f, 0x88, 0x88, 0xf8, 0x8f, 0x88, 0x88, 0xf8, 0x8f,
  0x88, 0x88, 0xf8, 0x8f, 0x88, 0x88, 0xff, 0x8f, 0x88, 0x88, 0xf8, 0x8f, 0x88, 0x88, 0xff, 0x8f, 0x88, 0x88, 0xf8, 0x8f, 0x88, 0x88, 0xf8, 0x8f,
  0x88, 0x88, 0xf8, 0x8f, 0x88, 0x88, 0x88, 0x88, 0x88, 0x88, 0x88, 0x88, 0x88, 0x88, 0x88, 0x88, 0x88, 0x88, 0x88, 0x88, 0x88, 0x88, 0x88, 0x88,
  0x88, 0x88, 0x88, 0x88, 0x88, 0x88, 0x88, 0x88, 0x88, 0x88, 0x88, 0x88, 0x88, 0x88, 0x88, 0x88, 0x88, 0x88, 0x88, 0x88, 0x88, 0x88, 0x88, 0x88,
  0x88, 0x88, 0x88, 0x88, 0x88, 0x88, 0x88, 0x88, 0x88, 0x88, 0x88, 0x88, 0x88, 0x88, 0x88, 0x88, 0x88, 0x88, 0x88, 0x88, 0x88, 0x88, 0x88, 0x88,
  0x88, 0x88, 0x88, 0x88, 0x88, 0x88, 0x88, 0x88, 0x88, 0x88, 0x88, 0x88, 0x88, 0x88, 0x88, 0x88, 0x88, 0x88, 0x88, 0x88, 0x88, 0x88, 0x88, 0x88,
  0x88, 0x88, 0x88, 0x88, 0x88, 0x88, 0x88, 0x88, 0x88, 0x88, 0x88, 0x88, 0x88, 0x88, 0x88, 0x88, 0x88, 0x88, 0x88, 0x88, 0x88, 0x88, 0x88, 0x88,
  0x88, 0x88, 0x88, 0x88, 0x88, 0x88, 0x88, 0x88, 0x88, 0x88, 0x88, 0x88, 0x88, 0x88, 0x88, 0x88, 0x88, 0x88, 0x88, 0x88, 0x88, 0x88, 0x88, 0x88,
  0x88, 0x88, 0x88, 0x88, 0x88, 0x88, 0x88, 0x88, 0x88, 0x88, 0x88, 0x88, 0x88, 0x88, 0x88, 0x88, 0x88, 0x88, 0x88, 0x88, 0x88, 0x88, 0x88, 0x88,
  0x88, 0x88, 0x88, 0x88, 0x88, 0x88, 0x88, 0x88, 0x88, 0x88, 0x88, 0x88, 0x88, 0x88, 0x88, 0x88, 0x88, 0x88, 0x88, 0x88, 0x88, 0x88, 0x88, 0x88,
  0x88, 0x88, 0x88, 0x88, 0x88, 0x88, 0x88, 0x88, 0x88, 0x88, 0x88, 0x88, 0x88, 0x88, 0x88, 0x88, 0x88, 0x88, 0x88, 0x88, 0x88, 0x88, 0x88, 0x88,
  0x88, 0x88, 0x88, 0x88, 0x88, 0x88, 0x88, 0x88, 0x88, 0x88, 0x88, 0x88, 0x88, 0x88, 0x88, 0x88, 0x88, 0x88, 0x88, 0x88, 0x88, 0x88, 0x88, 0x88,
  0x88, 0x88, 0x88, 0x88, 0x88, 0x88, 0x88, 0x88, 0x88, 0x88, 0x88, 0x88, 0x88, 0x88, 0x88, 0x88, 0x88, 0x88, 0x88, 0x88, 0x88, 0x88, 0x88, 0x88,
  0x88, 0x88, 0x88, 0x88, 0x88, 0x88, 0x88, 0x88, 0x88, 0x88, 0x88, 0x88, 0x88, 0x88, 0x88, 0x88, 0x88, 0x88, 0x88, 0x88, 0x88, 0x88, 0x88, 0x88,
  0x88, 0x88, 0x88, 0x88, 0x88, 0x88, 0x88, 0x88, 0x88, 0x88, 0x88, 0x88, 0x88, 0x88, 0x88, 0x88, 0x88, 0x88, 0x88, 0x88, 0x88, 0x88, 0x88, 0x88,
  0x88, 0x88, 0x88, 0x88, 0x88, 0x88, 0x88, 0x88, 0x88, 0x88, 0x88, 0x88, 0x88, 0x88, 0x88, 0x88, 0x88, 0x88, 0x88, 0x88, 0x88, 0x88, 0x88, 0x88,
  0x88, 0x88, 0x88, 0x88, 0x88, 0x88, 0x88, 0x88, 0x88, 0x88, 0x88, 0x88, 0x88, 0x88, 0x88, 0x88, 0x88, 0x88, 0x88, 0x88, 0x88, 0x88, 0x88, 0x88,
  0x88, 0x88, 0x88, 0x88, 0x88, 0x88, 0x88, 0x88, 0x88, 0x88, 0x88, 0x88, 0x88, 0x88, 0x88, 0x88, 0x88, 0x88, 0x88, 0x88, 0x88, 0x88, 0x88, 0x88,
  0x88, 0x88, 0x88, 0x88, 0x88, 0x88, 0x88, 0x88, 0x88, 0x88, 0x88, 0x88, 0x88, 0x88, 0x88, 0x88, 0x88, 0x88, 0x88, 0x88, 0x88, 0x88, 0x88, 0x88,
  0x88, 0x88, 0x88, 0x88, 0x88, 0x88, 0x88, 0x88, 0x88, 0x88, 0x88, 0x88, 0x88, 0x88, 0x88, 0x88, 0x88, 0x88, 0x88, 0x88, 0x88, 0x88, 0x88, 0x88,
  0x88, 0x88, 0x88, 0x88, 0x88, 0x88, 0x88, 0x88, 0x88, 0x88, 0x88, 0x88, 0x88, 0x88, 0x88, 0x88, 0x88, 0x88, 0x88, 0x88, 0x88, 0x88, 0x88, 0x88,
  0x88, 0x88, 0x88, 0x88, 0x88, 0x88, 0x88, 0x88, 0x80, 0x88, 0x88, 0x88, 0x88, 0x88, 0x88, 0x88, 0x88, 0x88, 0x88, 0x88, 0x88, 0x88, 0x88, 0x88,
  0x88, 0x88, 0x88, 0x88, 0x88, 0x88, 0x88, 0x88, 0x88, 0x88, 0x88, 0x88, 0x80, 0x88, 0x88, 0x88, 0x0c, 0x88, 0x80, 0x80, 0x88, 0x88, 0x88, 0x88,
  0x88, 0x88, 0x88, 0x88, 0x88, 0x88, 0x88, 0x88, 0x88, 0x88, 0x88, 0x88, 0x88, 0x88, 0x88, 0x88, 0x88, 0x88, 0x88, 0x88, 0x80, 0x88, 0x88, 0x88,
  0x80, 0x88, 0x88, 0x88, 0x80, 0x88, 0x88, 0x88, 0x80, 0x88, 0x88, 0x88, 0x80, 0x88, 0x88, 0x88, 0x80, 0x88, 0x88, 0x88, 0x80, 0x88, 0x88, 0x88,
  0x80, 0x88, 0x88, 0x88, 0x80, 0x88, 0x88, 0x88, 0x80, 0x88, 0x88, 0x88, 0x80, 0x88, 0x88, 0x88, 0x80, 0x88, 0x88, 0x88, 0x80, 0x88, 0x88, 0x88,
  0x80, 0x88, 0x88, 0x88, 0x80, 0x88, 0x88, 0x88, 0x80, 0x88, 0x88, 0x88, 0x80, 0x88, 0x88, 0x88, 0x80, 0x88, 0x88, 0x88, 0x80, 0x88, 0x88, 0x88,
  0x80, 0x88, 0x88, 0x88, 0x80, 0x88, 0x88, 0x88, 0x80, 0x88, 0x88, 0x88, 0x80, 0x88, 0x88, 0x88, 0x80, 0x88, 0x88, 0x88, 0x80, 0x88, 0x88, 0x88,
  0x80, 0x88, 0x88, 0x88, 0x80, 0x88, 0x88, 0x88, 0x80, 0x88, 0x88, 0x88, 0x80, 0x88, 0x88, 0x88, 0x80, 0x88, 0x88, 0x88, 0x80, 0x88, 0x88, 0x88,
  0x80, 0x88, 0x88, 0x88, 0x80, 0x88, 0x88, 0x88, 0x80, 0x88, 0x88, 0x88, 0x80, 0x88, 0x88, 0x88, 0x80, 0x88, 0x88, 0x88, 0x80, 0x88, 0x88, 0x88,
  0x80, 0x88, 0x88, 0x88, 0x80, 0x88, 0x88, 0x88, 0x80, 0x88, 0x88, 0x88, 0x80, 0x88, 0x88, 0x88, 0x80, 0x88, 0x88, 0x88, 0x80, 0x88, 0x88, 0x88,
  0x80, 0x88, 0x88, 0x88, 0x80, 0x88, 0x88, 0x88, 0x80, 0x88, 0x88, 0x88, 0x80, 0x88, 0x88, 0x88, 0x80, 0x88, 0x88, 0x88, 0x80, 0x88, 0x88, 0x88,
  0x80, 0x88, 0x88, 0x88, 0x80, 0x88, 0x88, 0x88, 0x80, 0x88, 0x88, 0x88, 0x80, 0x88, 0x88, 0x88, 0x80, 0x88, 0x88, 0x88, 0x80, 0x88, 0x88, 0x88,
  0x80, 0x88, 0x88, 0x88, 0x80, 0x88, 0x88, 0x88, 0x80, 0x88, 0x88, 0x88, 0x80, 0x88, 0x88, 0x88, 0x80, 0x88, 0x88, 0x88, 0x88, 0x88, 0x88, 0x88,
  0x80, 0x88, 0x88, 0x88, 0x88, 0x88, 0x88, 0x88, 0x88, 0x88, 0x88, 0x88, 0x88, 0x88, 0x88, 0x88, 0x88, 0x88, 0x88, 0x88, 0x88, 0x88, 0x88, 0x88,
  0x88, 0x88, 0x88, 0x88, 0x88, 0x88, 0x88, 0x88, 0x88, 0x88, 0x88, 0x88, 0x88, 0x88, 0x88, 0x88, 0x88, 0x88, 0x88, 0x88, 0x88, 0x88, 0x88, 0x88,
  0x88, 0x88, 0x88, 0x88, 0x88, 0x88, 0x88, 0x88, 0x88, 0x88, 0x88, 0x88, 0x88, 0x88, 0x88, 0x88, 0x88, 0x88, 0x88, 0x88, 0x88, 0x88, 0x88, 0x88,
  0x88, 0x88, 0x88, 0x88, 0x88, 0x88, 0x88, 0x88, 0x88, 0x88, 0x88, 0x88, 0x88, 0x88, 0x88, 0x88, 0x88, 0x88, 0x88, 0x88, 0x88, 0x88, 0x88, 0x88,
  0x88, 0x88, 0x88, 0x88, 0x88, 0x88, 0x88, 0x88, 0x88, 0x88, 0x88, 0x88, 0x88, 0x88, 0x88, 0x88, 0x80, 0x88, 0x88, 0x88, 0x88, 0x88, 0x88, 0x88,
  0x88, 0x88, 0x88, 0x88, 0x88, 0x88, 0x88, 0x88, 0x88, 0x88, 0x88, 0x88, 0x88, 0x88, 0x88, 0x88, 0x88, 0x88, 0x88, 0x88, 0x88, 0x88, 0x88, 0x88,
  0x88, 0x88, 0x88, 0x88, 0x88, 0x88, 0x88, 0x88, 0x88, 0x88, 0x88, 0x88, 0x88, 0x88, 0x88, 0x88, 0x88, 0x88, 0x88, 0x88, 0x88, 0x88, 0x88, 0x88,
  0x88, 0x88, 0x88, 0x88, 0x88, 0x88, 0x88, 0x88, 0x88, 0x88, 0x88, 0x88, 0x88, 0x88, 0x88, 0x88, 0x88, 0x88, 0x88, 0x88, 0x88, 0x88, 0x88, 0x88,
  0x88, 0x88, 0x88, 0x88, 0x88, 0x88, 0x88, 0x88, 0x88, 0x88, 0x88, 0x88, 0x88, 0x88, 0x88, 0x88, 0x88, 0x88, 0x88, 0x88, 0x88, 0x88, 0x88, 0x88,
  0x88, 0x88, 0x88, 0x88, 0x88, 0x88, 0x88, 0x88, 0x88, 0x88, 0x88, 0x88, 0x88, 0x88, 0x88, 0x88, 0x88, 0x88, 0x88, 0x88, 0x88, 0x88, 0x88, 0x88,
  0x88, 0x88, 0x88, 0x88, 0x88, 0x88, 0x88, 0x88, 0x88, 0x88, 0x88, 0x88, 0x8f, 0x88, 0x88, 0x88, 0x8f, 0x88, 0x88, 0x88, 0x88, 0x88, 0x88, 0x88,
  0x88, 0x88, 0x88, 0x88, 0x88, 0x88, 0x88, 0x88, 0x8f, 0x88, 0x8f, 0x88, 0x8f, 0x88, 0xff, 0x8f, 0x8f, 0x88, 0xff, 0x88, 0x8f, 0x88, 0xff, 0x8f,
  0x8f, 0x88, 0x8f, 0x8f, 0x8f, 0x88, 0xf8, 0x88, 0x8f, 0x88, 0x88, 0x88, 0x8f, 0x88, 0x88, 0x88, 0x8f, 0x88, 0x88, 0x8f, 0x8f, 0x88, 0x88, 0x88,
  0x8f, 0x88, 0xf8, 0x88, 0x8f, 0x88, 0x88, 0x88, 0x8f, 0x88, 0x88, 0x88, 0x8f, 0x88, 0x88, 0x88, 0x8f, 0x88, 0x88, 0x88, 0x8f, 0x88, 0x88, 0x88,
  0x8f, 0x88, 0x88, 0x88, 0x8f, 0x88, 0xff, 0x8f, 0x8f, 0x88, 0xff, 0x8f, 0x8f, 0x88, 0xf8, 0x8f, 0x8f, 0x88, 0x8f, 0x88, 0x8f, 0x88, 0x88, 0x88,
  0x8f, 0x88, 0x8f, 0x88, 0x8e, 0x88, 0x88, 0x8f, 0x8f, 0x88, 0xff, 0x88, 0x8f, 0x88, 0x88, 0x88, 0x8f, 0x88, 0x88, 0x88, 0x8f, 0x88, 0x88, 0x88,
  0x8d, 0x88, 0x88, 0x8f, 0x8f, 0x88, 0x88, 0x88, 0x8f, 0x88, 0x88, 0x88, 0x8f, 0x88, 0x8f, 0x8f, 0x8f, 0x88, 0x88, 0x88, 0x8f, 0x88, 0x88, 0x8f,
  0x8f, 0x88, 0xf8, 0x88, 0x8f, 0x88, 0x88, 0x88, 0x8c, 0x88, 0x88, 0x88, 0x8f, 0x88, 0x88, 0x88, 0x8f, 0x88, 0x88, 0x88, 0x8f, 0x88, 0x88, 0x88,
  0x8f, 0x88, 0x88, 0x88, 0x8f, 0x88, 0x88, 0x88, 0x8f, 0x88, 0x88, 0x88, 0x8f, 0x88, 0x88, 0x88, 0x8f, 0x88, 0x88, 0x88, 0x8f, 0x88, 0x88, 0x88,
  0x8f, 0x88, 0xf8, 0x88, 0x8f, 0x88, 0xff, 0x88, 0x8f, 0x88, 0x8f, 0x88, 0x88, 0x88, 0x88, 0x88, 0x8f, 0x88, 0x88, 0x88, 0x88, 0x88, 0x88, 0x88,
  0x88, 0x88, 0x88, 0x88, 0x8f, 0x88, 0x88, 0x88, 0x88, 0x88, 0x88, 0x88, 0x8f, 0x88, 0x88, 0x88, 0x88, 0x88, 0x88, 0x88, 0x8f, 0x88, 0x88, 0x88,
  0x8f, 0x88, 0x88, 0x88, 0x88, 0x88, 0x88, 0x88, 0x88, 0x88, 0x88, 0x88, 0x88, 0x88, 0x88, 0x88, 0x8f, 0x88, 0x88, 0x88, 0x8f, 0x88, 0x88, 0x88,
  0x88, 0x88, 0xff, 0x88, 0x88, 0x88, 0xff, 0x88, 0x88, 0x88, 0xff, 0x88, 0x88, 0x88, 0xff, 0x8f, 0x88, 0x88, 0xff, 0x88, 0x88, 0x88, 0x8f, 0x88,
  0x88, 0x88, 0xff, 0x8f, 0x88, 0x88, 0xf8, 0x8f, 0x88, 0x88, 0xff, 0x88, 0x88, 0x88, 0xff, 0x8f, 0x88, 0x88, 0xff, 0x8f, 0x88, 0x88, 0xff, 0x8f,
  0x88, 0x88, 0xff, 0x8f, 0x88, 0x88, 0xff, 0x8f, 0x88, 0x88, 0xff, 0x8f, 0x88, 0x88, 0xff, 0x8f, 0x88, 0x88, 0xff, 0x8f, 0x88, 0x88, 0xff, 0x88,
  0x88, 0x88, 0xff, 0x88, 0x88, 0x88, 0xff, 0x8f, 0x88, 0x88, 0xff, 0x88, 0x88, 0x88, 0xff, 0x8f, 0x88, 0x88, 0xff, 0x88, 0x88, 0x88, 0xff, 0x8f,
  0x88, 0x88, 0xff, 0x8f, 0x88, 0x88, 0xf8, 0x88, 0x88, 0x88, 0xff, 0x88, 0x88, 0x88, 0xff, 0x8f, 0x88, 0x88, 0xff, 0x8f, 0x88, 0x88, 0x8f, 0x88,
  0x88, 0x88, 0xff, 0x8f, 0x88, 0x88, 0xff, 0x8f, 0x88, 0x88, 0xff, 0x88, 0x88, 0x88, 0x8f, 0x88, 0x88, 0x88, 0x8f, 0x88, 0x88, 0x88, 0xff, 0x8f,
  0x88, 0x88, 0x8f, 0x88, 0x88, 0x88, 0xff, 0x88, 0x88, 0x88, 0x8f, 0x88, 0x88, 0x88, 0xff, 0x8f, 0x88, 0x88, 0xff, 0x88, 0x88, 0x88, 0xff, 0x8f,
  0x88, 0x88, 0xff, 0x88, 0x88, 0x88, 0xff, 0x88, 0x88, 0x88, 0xff, 0x8f, 0x88, 0x88, 0xff, 0x8f, 0x88, 0x88, 0xff, 0x88, 0x88, 0x88, 0xf8, 0x88,
  0x88, 0x88, 0xff, 0x88, 0x88, 0x88, 0xf8, 0x88, 0x88, 0x88, 0x88, 0x8f, 0x88, 0x88, 0x88, 0x88, 0x88, 0x88, 0x88, 0x88, 0x88, 0x88, 0x8f, 0x88,
  0x88, 0x88, 0xff, 0x88, 0x88, 0x88, 0x8f, 0x88, 0x88, 0x88, 0xff, 0x88, 0x88, 0x88, 0xff, 0x88, 0x88, 0x88, 0xff, 0x8f, 0x88, 0x88, 0xff, 0x8f,
  0x88, 0x88, 0xff, 0x8f, 0x88, 0x88, 0x88, 0x88, 0x88, 0x88, 0x88, 0x88, 0x88, 0x88, 0x88, 0x88, 0x88, 0x88, 0x88, 0x88, 0x88, 0x88, 0x88, 0x88,
  0x88, 0x88, 0x88, 0x88, 0x88, 0x88, 0x88, 0x88, 0x88, 0x88, 0x88, 0x88, 0x88, 0x88, 0x88, 0x88, 0x88, 0x88, 0x88, 0x88, 0x88, 0x88, 0x88, 0x88,
  0x88, 0x88, 0x88, 0x88, 0x88, 0x88, 0x88, 0x88, 0x88, 0x88, 0x88, 0x88, 0x88, 0x88, 0x88, 0x88, 0x88, 0x88, 0x88, 0x88, 0x88, 0x88, 0x88, 0x88,
  0x88, 0x88, 0x88, 0x88, 0x88, 0x88, 0x88, 0x88, 0x88, 0x88, 0x88, 0x88, 0x88, 0x88, 0x88, 0x88, 0x88, 0x88, 0x88, 0x88, 0x88, 0x88, 0x88, 0x88,
  0x88, 0x88, 0x88, 0x88, 0x88, 0x88, 0x88, 0x88, 0x88, 0x88, 0x88, 0x88, 0x88, 0x88, 0x88, 0x88, 0x88, 0x88, 0x88, 0x88, 0x88, 0x88, 0x88, 0x88,
  0x88, 0x88, 0x88, 0x88, 0x88, 0x88, 0x88, 0x88, 0x88, 0x88, 0x88, 0x88, 0x88, 0x88, 0x88, 0x88, 0x88, 0x88, 0x88, 0x88, 0x88, 0x88, 0x88, 0x88,
  0x88, 0x88, 0x88, 0x88, 0x88, 0x88, 0x88, 0x88, 0x88, 0x88, 0x88, 0x88, 0x88, 0x88, 0x88, 0x88, 0x88, 0x88, 0x88, 0x88, 0x88, 0x88, 0x88, 0x88,
  0x88, 0x88, 0x88, 0x88, 0x88, 0x88, 0x88, 0x88, 0x88, 0x88, 0x88, 0x88, 0x88, 0x88, 0x88, 0x88, 0x88, 0x88, 0x88, 0x88, 0x88, 0x88, 0x88, 0x88,
  0x88, 0x88, 0x88, 0x88, 0x88, 0x88, 0x88, 0x88, 0x88, 0x88, 0x88, 0x88, 0x88, 0x88, 0x88, 0x88, 0x88, 0x88, 0x88, 0x88, 0x88, 0x88, 0x88, 0x88,
  0x88, 0x88, 0x88, 0x88, 0x88, 0x88, 0x88, 0x88, 0x88, 0x88, 0x88, 0x88, 0x88, 0x88, 0x88, 0x88, 0x88, 0x88, 0x88, 0x88, 0x88, 0x88, 0x88, 0x88,
  0x88, 0x88, 0x88, 0x88, 0x88, 0x88, 0x88, 0x88, 0x88, 0x88, 0x88, 0x88, 0x88, 0x88, 0x88, 0x88, 0x88, 0x88, 0x88, 0x88, 0x88, 0x88, 0x88, 0x88,
  0x88, 0x88, 0x88, 0x88, 0x88, 0x88, 0x88, 0x88, 0x80, 0x88, 0x88, 0x88, 0x80, 0x88, 0x88, 0x88, 0x80, 0x88, 0x88, 0x88, 0x80, 0x88, 0x88, 0x88,
  0x80, 0x88, 0x88, 0x88, 0x80, 0x88, 0x88, 0x88, 0x80, 0x88, 0x88, 0x88, 0x80, 0x88, 0x88, 0x88, 0x80, 0x88, 0x88, 0x88, 0x80, 0x88, 0x88, 0x88,
  0x80, 0x88, 0x88, 0x88, 0x80, 0x88, 0x88, 0x88, 0x80, 0x88, 0x88, 0x88, 0x80, 0x88, 0x88, 0x88, 0x80, 0x88, 0x88, 0x88, 0x80, 0x88, 0x88, 0x88,
  0x80, 0x88, 0x88, 0x88, 0x80, 0x88, 0x88, 0x88, 0x80, 0x88, 0x88, 0x88, 0x80, 0x88, 0x88, 0x88, 0x80, 0x88, 0x88, 0x88, 0x80, 0x88, 0x88, 0x88,
  0x80, 0x88, 0x88, 0x88, 0x80, 0x88, 0x88, 0x88, 0x80, 0x88, 0x88, 0x88, 0x80, 0x88, 0x88, 0x88, 0x80, 0x88, 0x88, 0x88, 0x80, 0x88, 0x88, 0x88,
  0x80, 0x88, 0x88, 0x88, 0x80, 0x88, 0x88, 0x88, 0x80, 0x88, 0x88, 0x88, 0x80, 0x88, 0x88, 0x88, 0x80, 0x88, 0x88, 0x88, 0x80, 0x88, 0x88, 0x88,
  0x80, 0x88, 0x88, 0x88, 0x80, 0x88, 0x88, 0x88, 0x80, 0x88, 0x88, 0x88, 0x80, 0x88, 0x88, 0x88, 0x80, 0x88, 0x88, 0x88, 0x80, 0x88, 0x88, 0x88,
  0x80, 0x88, 0x88, 0x88, 0x80, 0x88, 0x88, 0x88, 0x80, 0x88, 0x88, 0x88, 0x80, 0x88, 0x88, 0x88, 0x80, 0x88, 0x88, 0x88, 0x80, 0x88, 0x88, 0x88,
  0x80, 0x88, 0x88, 0x88, 0x80, 0x88, 0x88, 0x88, 0x82, 0x88, 0x88, 0x88, 0x8a, 0x88, 0x88, 0x88, 0x8a, 0x88, 0x88, 0x88, 0x8c, 0x88, 0x88, 0x88,
  0x8c, 0x88, 0x88, 0x88, 0x8a, 0x88, 0x88, 0x88, 0x85, 0x88, 0x88, 0x88, 0x81, 0x88, 0x88, 0x88, 0x86, 0x88, 0x88, 0x88, 0x80, 0x88, 0x88, 0x88,
  0x83, 0x88, 0x88, 0x88, 0x80, 0x88, 0x88, 0x88, 0x80, 0x88, 0x88, 0x88, 0x88, 0x88, 0x88, 0x88, 0x88, 0x88, 0x88, 0x88, 0x88, 0x88, 0x88, 0x88,
  0x88, 0x88, 0x88, 0x88, 0x88, 0x88, 0xf8, 0x88, 0x88, 0x88, 0xf8, 0x8f, 0x88, 0x88, 0xf8, 0x88, 0x88, 0x88, 0x88, 0x88, 0x88, 0x88, 0x8f, 0x88,
  0x88, 0x88, 0x88, 0x88, 0x88, 0x88, 0x88, 0x88, 0x88, 0x88, 0xf8, 0x88, 0x88, 0x88, 0xff, 0x88, 0x88, 0x88, 0x8f, 0x88, 0x88, 0x88, 0xf8, 0x88,
  0x88, 0x88, 0x8f, 0x88, 0x88, 0x88, 0x8f, 0x88, 0x88, 0x88, 0x8f, 0x8f, 0x88, 0x88, 0x88, 0x8f, 0x88, 0x88, 0xff, 0x8f, 0x88, 0x88, 0xf8, 0x88,
  0x88, 0x88, 0x8f, 0x88, 0x88, 0x88, 0xff, 0x8f, 0x88, 0x88, 0x88, 0x88, 0x88, 0x88, 0xff, 0x8f, 0x88, 0x88, 0xf8, 0x88, 0x88, 0x88, 0xf8, 0x8f,
  0x88, 0x88, 0x88, 0x88, 0x88, 0x88, 0x88, 0x88, 0x88, 0x88, 0x88, 0x88, 0x88, 0x88, 0xff, 0x88, 0x88, 0x88, 0xf8, 0x8f, 0x88, 0x88, 0x8f, 0x88,
  0x88, 0x88, 0x88, 0x88, 0x88, 0x88, 0xf8, 0x8f, 0x88, 0x88, 0x88, 0x88, 0x88, 0x88, 0xf8, 0x8f, 0x88, 0x88, 0xf8, 0x8f, 0x88, 0x88, 0xff, 0x88,
  0x88, 0x88, 0xf8, 0x8f, 0x88, 0x88, 0x88, 0x8f, 0x88, 0x88, 0x88, 0x88, 0x88, 0x88, 0xf8, 0x88, 0x88, 0x88, 0x88, 0x88, 0x88, 0x88, 0x88, 0x88,
  0x88, 0x88, 0x88, 0x88, 0x88, 0x88, 0xf8, 0x88, 0x88, 0x88, 0x88, 0x88, 0x88, 0x88, 0x8f, 0x8f, 0x88, 0x88, 0xff, 0x8f, 0x88, 0x88, 0xf8, 0x88,
  0x88, 0x88, 0xf8, 0x88, 0x88, 0x88, 0x88, 0x88, 0x88, 0x88, 0xff, 0x88, 0x88, 0x88, 0xf8, 0x88, 0x88, 0x88, 0xf8, 0x88, 0x88, 0x88, 0xf8, 0x88,
  0x88, 0x88, 0xf8, 0x8f, 0x88, 0x88, 0x88, 0x8f, 0x88, 0x88, 0x88, 0x88, 0x88, 0x88, 0xf8, 0x88, 0x88, 0x88, 0xf8, 0x8f, 0x88, 0x88, 0xff, 0x8f,
  0x88, 0x88, 0x88, 0x8f, 0x88, 0x88, 0x88, 0x88, 0x88, 0xf8, 0xff, 0x8f, 0x88, 0x88, 0xff, 0x8f, 0x88, 0x88, 0x88, 0x88, 0x88, 0x88, 0x88, 0x88,
  0x88, 0x88, 0x88, 0x88, 0x88, 0x88, 0x88, 0x88, 0x88, 0x88, 0x88, 0x88, 0x88, 0x88, 0x88, 0x88, 0x88, 0x88, 0x88, 0x88, 0x88, 0x88, 0x88, 0x88,
  0x88, 0x88, 0x88, 0x88, 0x88, 0x88, 0x88, 0x88, 0x88, 0x88, 0x88, 0x88, 0x88, 0x88, 0x88, 0x88, 0x88, 0x88, 0x88, 0x88, 0x88, 0x88, 0x88, 0x88,
  0x88, 0x88, 0x88, 0x88, 0x88, 0x88, 0x88, 0x88, 0x88, 0x88, 0x88, 0x88, 0x88, 0x88, 0x88, 0x88, 0x88, 0x88, 0x88, 0x88, 0x88, 0x88, 0x88, 0x88,
  0x88, 0x88, 0x88, 0x88, 0x88, 0x88, 0x88, 0x88, 0x88, 0x88, 0x88, 0x88, 0x88, 0x88, 0x88, 0x88, 0x88, 0x88, 0x88, 0x88, 0x88, 0x88, 0x88, 0x88,
  0x88, 0x88, 0x88, 0x88, 0x88, 0x88, 0x88, 0x88, 0x88, 0x88, 0x88, 0x88, 0x88, 0x88, 0x88, 0x88, 0x88, 0x88, 0x88, 0x88, 0x88, 0x88, 0x88, 0x88,
  0x88, 0x88, 0x88, 0x88, 0x88, 0x88, 0x88, 0x88, 0x88, 0x88, 0x88, 0x88, 0x88, 0x88, 0x88, 0x88, 0x88, 0x88, 0x88, 0x88, 0x88, 0x88, 0x88, 0x88,
  0x88, 0x88, 0x88, 0x88, 0x88, 0x88, 0x88, 0x88, 0x88, 0x88, 0x88, 0x88, 0x88, 0x88, 0x88, 0x88, 0x88, 0x88, 0x88, 0x88, 0x88, 0x88, 0x88, 0x88,
  0x88, 0x88, 0x88, 0x88, 0x88, 0x88, 0x88, 0x88, 0x88, 0x88, 0x88, 0x88, 0x88, 0x88, 0x88, 0x88, 0x88, 0x88, 0x88, 0x88, 0x88, 0x88, 0x88, 0x88,
  0x88, 0x88, 0x88, 0x88, 0x88, 0x88, 0x88, 0x88, 0x88, 0x88, 0x88, 0x88, 0x88, 0x88, 0x88, 0x88, 0x88, 0x88, 0x88, 0x88, 0x88, 0x88, 0x88, 0x88,
  0x88, 0x88, 0x88, 0x88, 0x88, 0x88, 0x88, 0x88, 0x88, 0x88, 0x88, 0x88, 0x88, 0x88, 0x88, 0x88, 0x88, 0x88, 0x88, 0x88, 0x88, 0x88, 0x88, 0x88,
  0x88, 0x88, 0x88, 0x88, 0x88, 0x88, 0x88, 0x88, 0x8e, 0x88, 0x88, 0x88, 0x0f, 0x88, 0x88, 0x88, 0x0f, 0x88, 0x88, 0x88, 0x0f, 0x80, 0x88, 0x88,
  0x8e, 0x88, 0x88, 0x88, 0x0d, 0x88, 0xf8, 0x88, 0x0e, 0x88, 0xf8, 0x88, 0x0f, 0x80, 0xf8, 0x88, 0x0f, 0x80, 0x88, 0x88, 0x0f, 0x88, 0x88, 0x88,
  0x0f, 0x80, 0x88, 0x88, 0x0e, 0x88, 0x88, 0x88, 0x0f, 0x88, 0x88, 0x88, 0x0e, 0x88, 0xf8, 0x88, 0x0f, 0x80, 0x88, 0x88, 0x0f, 0x88, 0x88, 0x88,
  0x0f, 0x80, 0x88, 0x88, 0x8f, 0x88, 0x88, 0x88, 0x0f, 0x88, 0xf8, 0x88, 0x8f, 0x80, 0x88, 0x88, 0x0f, 0x88, 0x88, 0x88, 0x0e, 0x88, 0x88, 0x88,
  0x0f, 0x88, 0x88, 0x88, 0x0f, 0x88, 0x88, 0x88, 0x0e, 0x80, 0xf8, 0x88, 0x0e, 0x88, 0x88, 0x88, 0x0e, 0x88, 0x88, 0x88, 0x0d, 0x88, 0x88, 0x88,
  0x0f, 0x80, 0x88, 0x88, 0x0e, 0x80, 0x88, 0x88, 0x0d, 0x80, 0x88, 0x88, 0x0f, 0x80, 0x88, 0x88, 0x0e, 0x80, 0x88, 0x88, 0x0f, 0x88, 0x88, 0x88,
  0x8e, 0x88, 0x88, 0x88, 0x0e, 0x88, 0xf8, 0x88, 0x0f, 0x88, 0x88, 0x88, 0x0f, 0x88, 0x88, 0x88, 0x0e, 0x68, 0x80, 0x80, 0x0f, 0x88, 0xf8, 0x88,
  0x0e, 0x88, 0x88, 0x88, 0x0e, 0x80, 0x88, 0x88, 0x0f, 0x88, 0x88, 0x88, 0x0f, 0x80, 0x88, 0x88, 0x0f, 0x80, 0x88, 0x88, 0x0e, 0x08, 0x88, 0x88,
  0x0e, 0x80, 0x88, 0x88, 0x0f, 0x88, 0x88, 0x88, 0x0e, 0x80, 0x88, 0x88, 0x8f, 0x88, 0x88, 0x88, 0x8f, 0x88, 0x88, 0x88, 0x8f, 0x88, 0x88, 0x88,
  0x8f, 0x88, 0x88, 0x88, 0x8f, 0x80, 0x88, 0x88, 0x0e, 0x88, 0x88, 0x88, 0x8e, 0x88, 0x88, 0x88, 0x8f, 0x88, 0x88, 0x88, 0x8b, 0x88, 0x88, 0x88,
  0x0f, 0x88, 0x88, 0x88, 0x8f, 0x88, 0x88, 0x88, 0x88, 0x88, 0x88, 0x88, 0x88, 0x88, 0x88, 0x88, 0x88, 0x88, 0x88, 0x88, 0x8f, 0x88, 0x88, 0x88,
  0x88, 0x88, 0x88, 0x88, 0x88, 0x88, 0x88, 0x88, 0x88, 0x88, 0x88, 0x88, 0x88, 0x88, 0x88, 0x88, 0x88, 0x88, 0x88, 0x88, 0x88, 0x88, 0x88, 0x88,
  0x88, 0x88, 0x88, 0x88, 0x88, 0x88, 0x88, 0x88, 0x88, 0x88, 0x88, 0x88, 0x88, 0x88, 0x88, 0x88, 0x88, 0x88, 0x88, 0x88, 0x88, 0x88, 0x88, 0x88,
  0x88, 0x88, 0x88, 0x88, 0x88, 0x88, 0x88, 0x88, 0x88, 0x88, 0x88, 0x88, 0x88, 0x88, 0x88, 0x88, 0x88, 0x88, 0x88, 0x88, 0x88, 0x88, 0x88, 0x88,
  0x88, 0x88, 0x88, 0x88, 0x88, 0x88, 0x88, 0x88, 0x88, 0x88, 0x88, 0x88, 0x88, 0x88, 0x88, 0x88, 0x88, 0x88, 0x88, 0x88, 0x88, 0x88, 0x88, 0x88,
  0x88, 0x88, 0x88, 0x88, 0x88, 0x88, 0x88, 0x88, 0x88, 0x88, 0x88, 0x88, 0x88, 0x88, 0x88, 0x88, 0x88, 0x88, 0x88, 0x88, 0x88, 0x88, 0x88, 0x88,
  0x88, 0x88, 0x88, 0x88, 0x88, 0x88, 0x88, 0x88, 0x88, 0x88, 0x88, 0x88, 0x88, 0x88, 0x88, 0x88, 0x88, 0x88, 0x88, 0x88, 0x88, 0x88, 0x88, 0x88,
  0x88, 0x88, 0x88, 0x88, 0x88, 0x88, 0x88, 0x88, 0x88, 0x88, 0x88, 0x88, 0x88, 0x88, 0x88, 0x88, 0x88, 0x88, 0x88, 0x88, 0x88, 0x88, 0x88, 0x88,
  0x88, 0x88, 0x88, 0x88, 0x88, 0x88, 0x88, 0x88, 0x88, 0x88, 0x88, 0x88, 0x88, 0x88, 0x88, 0x88, 0x88, 0x88, 0x88, 0x88, 0x88, 0x88, 0x88, 0x88,
  0x88, 0x88, 0x88, 0x88, 0x88, 0x88, 0x88, 0x88, 0x88, 0x88, 0x88, 0x88, 0x88, 0x88, 0x88, 0x88, 0x88, 0x88, 0x88, 0x88, 0x88, 0x88, 0x88, 0x88,
  0x88, 0x88, 0x88, 0x88, 0x88, 0x88, 0x88, 0x88, 0x88, 0x88, 0x88, 0x88, 0x8c, 0x08, 0x00, 0x80, 0x88, 0x88, 0x88, 0x88, 0x88, 0x88, 0x88, 0x88,
  0x88, 0x88, 0x88, 0x88, 0x88, 0x88, 0x88, 0x88, 0x88, 0x88, 0x88, 0x88, 0x88, 0x88, 0x88, 0x88, 0x88, 0x88, 0x88, 0x88, 0x88, 0x88, 0x88, 0x88,
  0x88, 0x88, 0x88, 0x88, 0x88, 0x88, 0x88, 0x88, 0x88, 0x88, 0x88, 0x88, 0x88, 0x88, 0x88, 0x88, 0x88, 0x88, 0x88, 0x88, 0x88, 0x88, 0x88, 0x88,
  0x88, 0x88, 0x88, 0x88, 0x88, 0x88, 0x88, 0x88, 0x88, 0x88, 0x88, 0x88, 0x88, 0x88, 0x88, 0x88, 0x88, 0x88, 0x88, 0x88, 0x88, 0x88, 0x88, 0x88,
  0x88, 0x88, 0x88, 0x88, 0x88, 0x88, 0x88, 0x88, 0x88, 0x88, 0x88, 0x88, 0x88, 0x88, 0x88, 0x88, 0x88, 0x88, 0x88, 0x88, 0x88, 0x88, 0x88, 0x88,
  0x88, 0x88, 0x88, 0x88, 0x88, 0x88, 0x88, 0x88, 0x88, 0x88, 0x88, 0x88, 0x88, 0x88, 0x88, 0x88, 0x88, 0x88, 0x88, 0x88, 0x88, 0x88, 0x88, 0x88,
  0x88, 0x88, 0x88, 0x88, 0x88, 0x88, 0x88, 0x88, 0x88, 0x88, 0x88, 0x88, 0x88, 0x88, 0x88, 0x88, 0x88, 0x88, 0x88, 0x88, 0x88, 0x88, 0x88, 0x88,
  0x88, 0x88, 0x88, 0x88, 0x88, 0x88, 0x88, 0x88, 0x88, 0x88, 0x88, 0x88, 0x88, 0x88, 0x88, 0x88, 0x88, 0x88, 0x88, 0x88, 0x88, 0x88, 0x88, 0x88,
  0x88, 0x88, 0x88, 0x88, 0x88, 0x88, 0x88, 0x88, 0x88, 0x88, 0x88, 0x88, 0x88, 0x88, 0x88, 0x88, 0x88, 0x88, 0x88, 0x88, 0x88, 0x88, 0x88, 0x88,
  0x88, 0x88, 0x88, 0x88, 0x88, 0x88, 0x88, 0x88, 0x88, 0x88, 0x88, 0x88, 0x88, 0x88, 0x88, 0x88, 0x88, 0x88, 0x88, 0x88, 0x88, 0x88, 0x88, 0x88,
  0x88, 0x88, 0x88, 0x88, 0x88, 0x88, 0x88, 0x88, 0x88, 0x88, 0x88, 0x88, 0x88, 0x88, 0x88, 0x88, 0x88, 0x88, 0x88, 0x88, 0x88, 0x88, 0x88, 0x88,
  0x88, 0x88, 0x88, 0x88, 0x88, 0x88, 0x88, 0x88, 0x88, 0x88, 0x88, 0x88, 0x88, 0x88, 0x88, 0x88, 0x88, 0x88, 0x88, 0x88, 0x88, 0x88, 0x88, 0x88,
  0x88, 0x88, 0x88, 0x88, 0x88, 0x88, 0x88, 0x88, 0x88, 0x88, 0x88, 0x88, 0x88, 0x88, 0x88, 0x88, 0x88, 0x88, 0x88, 0x88, 0x88, 0x88, 0x88, 0x88,
  0x88, 0x88, 0x88, 0x88, 0x88, 0x88, 0x88, 0x88, 0x88, 0x88, 0x88, 0x88, 0x88, 0x88, 0x88, 0x88, 0x88, 0x88, 0x88, 0x88, 0x88, 0x88, 0x88, 0x88,
  0x88, 0x88, 0x88, 0x88, 0x88, 0x88, 0x88, 0x88, 0x88, 0x88, 0x88, 0x88, 0x88, 0x88, 0x88, 0x88, 0x88, 0x88, 0x88, 0x88, 0x88, 0x88, 0x88, 0x88,
  0x88, 0x88, 0x88, 0x88, 0x88, 0x88, 0x88, 0x88, 0x88, 0x88, 0x88, 0x88, 0x88, 0x88, 0x88, 0x88, 0x88, 0x88, 0x88, 0x88, 0x88, 0x88, 0x88, 0x88,
  0x88, 0x88, 0x88, 0x88, 0x88, 0x88, 0x88, 0x88, 0x88, 0x88, 0x88, 0x88, 0x88, 0x88, 0x88, 0x88, 0x88, 0x88, 0x88, 0x88, 0x88, 0x88, 0x88, 0x88,
  0x88, 0x88, 0x88, 0x88, 0x88, 0x88, 0x88, 0x88, 0x88, 0x88, 0x88, 0x88, 0x88, 0x88, 0x88, 0x88, 0x88, 0x88, 0x88, 0x88, 0x88, 0x88, 0x88, 0x88,
  0x88, 0x88, 0x88, 0x88, 0x88, 0x88, 0x88, 0x88, 0x88, 0x88, 0x88, 0x88, 0x88, 0x88, 0x88, 0x88, 0x88, 0x88, 0x88, 0x88, 0x88, 0x88, 0x88, 0x88,
  0x88, 0x88, 0x88, 0x88, 0x88, 0x88, 0x88, 0x88, 0x88, 0x88, 0x88, 0x88, 0x88, 0x88, 0x88, 0x88, 0x88, 0x88, 0x88, 0x88, 0x88, 0x88, 0x88, 0x88,
  0x88, 0x88, 0x88, 0x88, 0x88, 0x88, 0x88, 0x88, 0x88, 0x88, 0x88, 0x88, 0x88, 0x88, 0x88, 0x88, 0x88, 0x88, 0x88, 0x88, 0x88, 0x88, 0x88, 0x88,
  0x88, 0x88, 0x88, 0x88, 0x88, 0x88, 0x88, 0x88, 0x88, 0x88, 0x88, 0x88, 0x88, 0x88, 0x88, 0x88, 0x88, 0x88, 0x88, 0x88, 0x88, 0x88, 0x88, 0x88,
  0x88, 0x88, 0x88, 0x88, 0x88, 0x88, 0x88, 0x88, 0x88, 0x88, 0x88, 0x88, 0x88, 0x88, 0x88, 0x88, 0x88, 0x88, 0x88, 0x88, 0x88, 0x88, 0x88, 0x88,
  0x8a, 0x88, 0x88, 0x88, 0x0e, 0x88, 0x88, 0x88, 0x8c, 0x88, 0x88, 0x88, 0x8a, 0x88, 0x88, 0x88, 0x0c, 0x88, 0x08, 0x88, 0x0b, 0x80, 0x88, 0x88,
  0x0a, 0x88, 0x88, 0x88, 0x0b, 0x88, 0x88, 0x88, 0x0a, 0x80, 0x88, 0x88, 0x0a, 0x88, 0x88, 0x88, 0x0a, 0x80, 0x88, 0x88, 0x0b, 0x88, 0x88, 0x88,
  0x0b, 0x88, 0x88, 0x88, 0x8b, 0x88, 0x88, 0x88, 0x0b, 0x88, 0x88, 0x88, 0x08, 0x80, 0x88, 0x88, 0x8c, 0x88, 0x88, 0x88, 0x8b, 0x88, 0x88, 0x88,
  0x8f, 0x88, 0x88, 0x88, 0x0a, 0x88, 0x88, 0x88, 0x0b, 0x88, 0x88, 0x88, 0x09, 0x88, 0x88, 0x88, 0x0a, 0x80, 0x88, 0x88, 0x09, 0x88, 0x88, 0x88,
  0x8a, 0x88, 0x88, 0x88, 0x0a, 0x88, 0x88, 0x88, 0x09, 0x80, 0x88, 0x88, 0x8a, 0x88, 0x88, 0x88, 0x0b, 0x80, 0x88, 0x88, 0x0b, 0x08, 0x88, 0x88,
  0x8b, 0x88, 0x88, 0x88, 0x0c, 0x88, 0x88, 0x88, 0x8b, 0x80, 0x88, 0x88, 0x0a, 0x80, 0x88, 0x88, 0x8b, 0x88, 0x88, 0x88, 0x8c, 0x88, 0x88, 0x88,
  0x0b, 0x88, 0x88, 0x88, 0x0d, 0x88, 0x88, 0x88, 0x0c, 0x00, 0x88, 0x88, 0x0b, 0xf8, 0x88, 0x88, 0x0d, 0x88, 0x88, 0x88, 0x0b, 0x88, 0x88, 0x88,
  0x0c, 0x80, 0x88, 0x88, 0x8d, 0x88, 0xf8, 0x88, 0x0c, 0x08, 0x88, 0x88, 0x0d, 0x00, 0x88, 0x88, 0x0b, 0x88, 0x88, 0x88, 0x0a, 0x88, 0x88, 0x88,
  0x0b, 0x88, 0x88, 0x88, 0x0c, 0x88, 0x88, 0x88, 0x0c, 0x88, 0x88, 0x88, 0x0d, 0x88, 0x88, 0x88, 0x0c, 0x88, 0x88, 0x88, 0x0c, 0x88, 0x88, 0x88,
  0x8d, 0x88, 0x88, 0x88, 0x86, 0x08, 0x88, 0x88, 0x8c, 0x88, 0x88, 0x88, 0x8c, 0x88, 0x88, 0x88, 0x0b, 0x80, 0x88, 0x88, 0x0f, 0x88, 0x88, 0x80,
  0x88, 0x88, 0x88, 0x88, 0x88, 0x88, 0x88, 0x88, 0x88, 0x88, 0x88, 0x88, 0x8f, 0x88, 0x88, 0x88, 0x88, 0x88, 0x88, 0x88, 0x88, 0x88, 0x88, 0x88,
  0x88, 0x88, 0x88, 0x88, 0x88, 0x88, 0x88, 0x88, 0x88, 0x88, 0x88, 0x88, 0x88, 0x88, 0x88, 0x88, 0x88, 0x88, 0x88, 0x88, 0x88, 0x88, 0x88, 0x88,
  0x88, 0x88, 0x88, 0x88, 0x88, 0x88, 0x88, 0x88, 0x88, 0x88, 0x88, 0x88, 0x88, 0x88, 0x88, 0x88, 0x88, 0x88, 0x88, 0x88, 0x88, 0x88, 0x88, 0x88,
  0x88, 0x88, 0x88, 0x88, 0x88, 0x88, 0x88, 0x88, 0x88, 0x88, 0x88, 0x88, 0x88, 0x88, 0x88, 0x88, 0x88, 0x88, 0x88, 0x88, 0x88, 0x88, 0x88, 0x88,
  0x88, 0x88, 0x88, 0x88, 0x88, 0x88, 0x88, 0x88, 0x88, 0x88, 0x88, 0x88, 0x88, 0x88, 0x88, 0x88, 0x88, 0x88, 0x88, 0x88, 0x88, 0x88, 0x88, 0x88,
  0x88, 0x88, 0x88, 0x88, 0x88, 0x88, 0x88, 0x88, 0x88, 0x88, 0x88, 0x88, 0x88, 0x88, 0x88, 0x88, 0x88, 0x88, 0x88, 0x88, 0x88, 0x88, 0x88, 0x88,
  0x88, 0x88, 0x88, 0x88, 0x88, 0x88, 0x88, 0x88, 0x88, 0x88, 0x88, 0x88, 0x88, 0x88, 0x88, 0x88, 0x88, 0x88, 0x88, 0x88, 0x88, 0x88, 0x88, 0x88,
  0x88, 0x88, 0x88, 0x88, 0x88, 0x88, 0x88, 0x88, 0x88, 0x88, 0x88, 0x88, 0x88, 0x88, 0x88, 0x88, 0x88, 0x88, 0x88, 0x88, 0x88, 0x88, 0x88, 0x88,
  0x88, 0x88, 0x88, 0x88, 0x88, 0x88, 0x88, 0x88, 0x88, 0x88, 0x88, 0x88, 0x88, 0x88, 0x88, 0x88, 0x80, 0x88, 0x88, 0x88, 0x88, 0x88, 0x88, 0x88,
  0x88, 0x88, 0x88, 0x88, 0x88, 0x88, 0x88, 0x88, 0x88, 0x88, 0x88, 0x88, 0x80, 0x88, 0x88, 0x88, 0x80, 0x88, 0x88, 0x88, 0x80, 0x88, 0x00, 0x88,
  0x88, 0x88, 0x00, 0x88, 0x8c, 0x88, 0x88, 0x88, 0x88, 0x88, 0x88, 0x88, 0x88, 0x88, 0x88, 0x88, 0x88, 0x88, 0x88, 0x88, 0x88, 0x88, 0x88, 0x88,
  0x88, 0x88, 0x88, 0x88, 0x80, 0x88, 0x88, 0x88, 0x88, 0x98, 0x27, 0x84, 0x80, 0x88, 0x57, 0x85, 0x89, 0xf8, 0x67, 0x85, 0x88, 0x08, 0x66, 0x88,
  0x87, 0x78, 0x53, 0x85, 0x88, 0x88, 0x53, 0x87, 0x86, 0x68, 0x62, 0x86, 0x85, 0x68, 0x75, 0x86, 0x86, 0x08, 0x89, 0x87, 0x87, 0x48, 0x74, 0x86,
  0x87, 0x48, 0x65, 0x86, 0x05, 0x68, 0x85, 0x89, 0x8b, 0x68, 0x86, 0x89, 0x88, 0x80, 0x66, 0x88, 0x88, 0x58, 0x50, 0x86, 0x88, 0x88, 0x69, 0x8a,
  0x8f, 0xa8, 0x43, 0x80, 0x80, 0x88, 0x88, 0x87, 0x88, 0x78, 0x00, 0x80, 0x86, 0x48, 0x76, 0x8f, 0x87, 0x88, 0x63, 0x87, 0x86, 0x58, 0x56, 0x86,
  0x87, 0x08, 0x77, 0x89, 0x88, 0x08, 0x60, 0x85, 0x88, 0x88, 0x88, 0x85, 0x88, 0x88, 0x87, 0x83, 0x87, 0x68, 0x65, 0x89, 0x85, 0x4c, 0x56, 0x86,
  0x80, 0x78, 0x45, 0x86, 0x87, 0x58, 0x64, 0x87, 0x8f, 0x38, 0x58, 0x87, 0x88, 0x08, 0x77, 0x8a, 0x89, 0x68, 0x85, 0x89, 0x88, 0xf8, 0x8f, 0x80,
  0x84, 0x68, 0x58, 0x85, 0x88, 0x08, 0x00, 0x87, 0x8f, 0x00, 0x5f, 0x86, 0x8b, 0x60, 0x65, 0x86, 0x86, 0x68, 0x43, 0x85, 0x87, 0x08, 0x73, 0x86,
  0x87, 0x88, 0x20, 0x8b, 0x86, 0x08, 0x8f, 0x85, 0x88, 0x40, 0x37, 0x84, 0x88, 0xc8, 0x49, 0x86, 0x88, 0x08, 0x68, 0x84, 0x89, 0x08, 0x50, 0x8c,
  0x87, 0x08, 0x7a, 0x80, 0x80, 0x48, 0x57, 0x88, 0x86, 0x08, 0x66, 0x87, 0x88, 0x88, 0x6f, 0x87, 0x81, 0xf8, 0x88, 0x88, 0x88, 0x88, 0x79, 0x8a,
  0x80, 0x88, 0x07, 0x83, 0x50, 0x44, 0x88, 0x83, 0x80, 0x88, 0x7f, 0x8c, 0x88, 0x88, 0x7f, 0x85, 0x88, 0xf8, 0x78, 0x87, 0xf8, 0x8f, 0x88, 0x80,
  0x87, 0x58, 0x60, 0x84, 0x80, 0x88, 0x58, 0x80, 0x88, 0x88, 0x88, 0x88, 0x88, 0x88, 0x88, 0x88, 0x88, 0x88, 0x88, 0x88, 0x88, 0x88, 0x88, 0x80,
  0x80, 0x88, 0x88, 0x88, 0x80, 0x88, 0x88, 0x88, 0x80, 0x88, 0x88, 0x88, 0x80, 0x88, 0x88, 0x88, 0x80, 0x88, 0x88, 0x88, 0x80, 0x88, 0x88, 0x88,
  0x80, 0x88, 0x88, 0x88, 0x80, 0x88, 0x88, 0x88, 0x80, 0x88, 0x88, 0x88, 0x80, 0x88, 0x88, 0x88, 0x80, 0x88, 0x88, 0x88, 0x80, 0x88, 0x88, 0x88,
  0x80, 0x88, 0x88, 0x88, 0x80, 0x88, 0x88, 0x88, 0x80, 0x88, 0x88, 0x88, 0x80, 0x88, 0x88, 0x88, 0x80, 0x88, 0x88, 0x88, 0x80, 0x88, 0x88, 0x88,
  0x80, 0x88, 0x88, 0x88, 0x80, 0x88, 0x88, 0x88, 0x80, 0x88, 0x88, 0x88, 0x80, 0x88, 0x88, 0x88, 0x80, 0x88, 0x88, 0x88, 0x80, 0x88, 0x88, 0x88,
  0x80, 0x88, 0x88, 0x88, 0x80, 0x88, 0x88, 0x88, 0x80, 0x88, 0x88, 0x88, 0x80, 0x88, 0x88, 0x88, 0x80, 0x88, 0x88, 0x88, 0x80, 0x88, 0x88, 0x88,
  0x80, 0x88, 0x88, 0x88, 0x80, 0x88, 0x88, 0x88, 0x80, 0x88, 0x88, 0x88, 0x80, 0x88, 0x88, 0x88, 0x80, 0x88, 0x88, 0x88, 0x80, 0x88, 0x88, 0x88,
  0x80, 0x88, 0x88, 0x88, 0x80, 0x88, 0x88, 0x88, 0x80, 0x88, 0x88, 0x88, 0x80, 0x88, 0x88, 0x88, 0x80, 0x88, 0x88, 0x88, 0x80, 0x88, 0x88, 0x88,
  0x80, 0x88, 0x88, 0x88, 0x80, 0x88, 0x88, 0x88, 0x80, 0x88, 0x88, 0x88, 0x80, 0x88, 0x88, 0x88, 0x80, 0x88, 0x88, 0x88, 0x80, 0x88, 0x88, 0x88,
  0x80, 0x88, 0x88, 0x88, 0x80, 0x88, 0x88, 0x88, 0x80, 0x88, 0x88, 0x88, 0x80, 0x88, 0x88, 0x88, 0x80, 0x88, 0x88, 0x88, 0x80, 0x88, 0x88, 0x88,
  0x80, 0x88, 0x88, 0x88, 0x80, 0x88, 0x88, 0x88, 0x80, 0x88, 0x88, 0x88, 0x80, 0x88, 0x88, 0x88, 0x80, 0x88, 0x88, 0x88, 0x89, 0x88, 0x88, 0x88,
  0x8b, 0x88, 0x88, 0x88, 0x88, 0x88, 0x88, 0x88, 0x88, 0x88, 0x88, 0x88, 0x88, 0x88, 0x88, 0x88, 0x88, 0x88, 0x88, 0x88, 0x88, 0x88, 0x88, 0x88,
  0x88, 0x88, 0x88, 0x88, 0x88, 0x88, 0x88, 0x88, 0x88, 0x88, 0x88, 0x88, 0x88, 0x88, 0x88, 0x88, 0x88, 0x88, 0x88, 0x88, 0x88, 0x88, 0x88, 0x88,
  0x80, 0x88, 0x88, 0x88, 0x88, 0x88, 0x88, 0x88, 0x88, 0x88, 0x88, 0x88, 0x80, 0x88, 0x88, 0x88, 0x80, 0x88, 0x88, 0x88, 0x80, 0x88, 0x88, 0x88,
  0x88, 0x88, 0x88, 0x88, 0x88, 0x88, 0x88, 0x88, 0x80, 0x88, 0x88, 0x88, 0x88, 0x88, 0x88, 0x88, 0x80, 0x88, 0x88, 0x88, 0x80, 0x88, 0x80, 0x88,
  0x88, 0x88, 0x88, 0x88, 0x88, 0x88, 0x88, 0x88, 0x88, 0x88, 0x88, 0x88, 0x80, 0x88, 0x88, 0x88, 0x88, 0x88, 0x88, 0x88, 0x88, 0x88, 0x88, 0x88,
  0x88, 0x88, 0x88, 0x88, 0x88, 0x88, 0x88, 0x88, 0x88, 0x88, 0x88, 0x88, 0x80, 0x88, 0x88, 0x88, 0x88, 0x88, 0x88, 0x88, 0x88, 0x88, 0x88, 0x88,
  0x80, 0x88, 0x88, 0x88, 0x80, 0x88, 0x88, 0x88, 0x88, 0x88, 0x88, 0x88, 0x80, 0x88, 0x88, 0x88, 0x80, 0x88, 0x88, 0x88, 0x80, 0x88, 0x88, 0x88,
  0x80, 0x88, 0x88, 0x88, 0x88, 0x88, 0x88, 0x88, 0x88, 0x88, 0x88, 0x88, 0x86, 0x88, 0x88, 0x88, 0x88, 0x88, 0x88, 0x88, 0x80, 0x88, 0x88, 0x88,
  0x8f, 0x88, 0x88, 0x88, 0x8f, 0x88, 0x88, 0x88, 0x8d, 0x88, 0x88, 0x88, 0x88, 0x88, 0x88, 0x88, 0x8c, 0x88, 0x08, 0x88, 0x89, 0x88, 0x88, 0x88,
  0x8f, 0x88, 0x88, 0x88, 0x8f, 0x88, 0x88, 0x88, 0x8c, 0x88, 0x88, 0x88, 0x8f, 0x88, 0x88, 0x88, 0x8f, 0x88, 0xf8, 0x88, 0x8f, 0x88, 0xf8, 0x8f,
  0x8f, 0x88, 0xf8, 0x88, 0x8f, 0x88, 0x88, 0x88, 0x80, 0x88, 0x88, 0x88, 0x88, 0x88, 0x88, 0x88, 0x88, 0x88, 0x88, 0x88, 0x88, 0x88, 0x88, 0x88,
  0x80, 0x88, 0x88, 0x88, 0x8c, 0x88, 0x88, 0x88, 0x88, 0x88, 0x88, 0x88, 0x88, 0x88, 0x88, 0x88, 0x88, 0x88, 0x88, 0x88, 0x88, 0x88, 0x88, 0x88,
  0x88, 0x88, 0x88, 0x88, 0x88, 0x88, 0x88, 0x88, 0x88, 0x88, 0x88, 0x88, 0x88, 0x88, 0x88, 0x88, 0x88, 0x88, 0x88, 0x88, 0x88, 0x88, 0x88, 0x88,
  0x88, 0x88, 0x88, 0x88, 0x88, 0x88, 0x88, 0x88, 0x88, 0x88, 0x88, 0x88, 0x88, 0x88, 0x88, 0x88, 0x88, 0x88, 0x88, 0x88, 0x88, 0x88, 0x88, 0x88,
  0x88, 0x88, 0x88, 0x88, 0x88, 0x88, 0x88, 0x88, 0x88, 0x88, 0x88, 0x88, 0x88, 0x88, 0x88, 0x88, 0x88, 0x88, 0x88, 0x88, 0x88, 0x88, 0x88, 0x88,
  0x88, 0x88, 0x88, 0x88, 0x88, 0x88, 0x88, 0x88, 0x88, 0x88, 0x88, 0x88, 0x88, 0x88, 0x88, 0x88, 0x88, 0x88, 0x88, 0x88, 0x88, 0x88, 0x88, 0x88,
  0x88, 0x88, 0x88, 0x88, 0x88, 0x88, 0x88, 0x88, 0x88, 0x88, 0x88, 0x88, 0x88, 0x88, 0x88, 0x88, 0x88, 0x88, 0x88, 0x88, 0x88, 0x88, 0x88, 0x88,
  0x88, 0x88, 0x88, 0x88, 0x88, 0x88, 0x88, 0x88, 0x88, 0x88, 0x88, 0x88, 0x88, 0x88, 0x88, 0x88, 0x88, 0x88, 0x88, 0x88, 0x88, 0x88, 0x88, 0x88,
  0x88, 0x88, 0x88, 0x88, 0x88, 0x88, 0x88, 0x88, 0x88, 0x88, 0x88, 0x88, 0x88, 0x88, 0x88, 0x88, 0x88, 0x88, 0x88, 0x88, 0x88, 0x88, 0x88, 0x88,
  0x88, 0x88, 0x88, 0x88, 0x88, 0x88, 0x88, 0x88, 0x88, 0x88, 0x88, 0x88, 0x88, 0x88, 0x88, 0x88, 0x88, 0x88, 0x88, 0x88, 0x88, 0x88, 0x88, 0x88,
  0x88, 0x88, 0x88, 0x88, 0x88, 0x88, 0x88, 0x88, 0x88, 0x88, 0x88, 0x88, 0x88, 0x88, 0x88, 0x88, 0x88, 0x88, 0x88, 0x88, 0x88, 0x88, 0x88, 0x88,
  0x88, 0x88, 0x88, 0x88, 0x88, 0x88, 0x88, 0x88, 0x88, 0x88, 0x88, 0x88, 0x88, 0x88, 0x88, 0x88, 0x88, 0x88, 0x88, 0x88, 0x88, 0x88, 0x88, 0x88,
  0x88, 0x88, 0x88, 0x88, 0x88, 0x88, 0x88, 0x88, 0x88, 0x88, 0x88, 0x88, 0x88, 0x88, 0x88, 0x88, 0x88, 0x88, 0x88, 0x88, 0x88, 0x88, 0x88, 0x88,
  0x88, 0x88, 0x88, 0x88, 0x88, 0x88, 0x88, 0x88, 0x88, 0x88, 0x88, 0x88, 0x88, 0x88, 0x88, 0x88, 0x88, 0x88, 0x88, 0x88, 0x88, 0x88, 0x88, 0x88,
  0x88, 0x88, 0x88, 0x88, 0x88, 0x88, 0x88, 0x88, 0x88, 0x88, 0x88, 0x88, 0x88, 0x88, 0x88, 0x88, 0x88, 0x88, 0x88, 0x88, 0x88, 0x88, 0x88, 0x88,
  0x88, 0x88, 0x88, 0x88, 0x88, 0x88, 0x88, 0x88, 0x88, 0x88, 0x88, 0x88, 0x88, 0x88, 0x88, 0x88, 0x88, 0x88, 0x88, 0x88, 0x88, 0x88, 0x88, 0x88,
  0x88, 0x88, 0x88, 0x88, 0x88, 0x88, 0x88, 0x88, 0x88, 0x88, 0x88, 0x88, 0x88, 0x88, 0x88, 0x88, 0x88, 0x88, 0x88, 0x88, 0x88, 0x88, 0x88, 0x88,
  0x88, 0x88, 0x88, 0x88, 0x88, 0x88, 0x88, 0x88, 0x88, 0x88, 0x88, 0x88, 0x88, 0x88, 0x88, 0x88, 0x88, 0x88, 0x88, 0x88, 0x88, 0x88, 0x88, 0x88,
  0x88, 0x88, 0x88, 0x88, 0x88, 0x88, 0x88, 0x88, 0x88, 0x88, 0x88, 0x88, 0x88, 0x88, 0x88, 0x88, 0x88, 0x88, 0x88, 0x88, 0x88, 0x88, 0x88, 0x88,
  0x88, 0x88, 0x88, 0x88, 0x88, 0x88, 0x88, 0x88, 0x88, 0x88, 0x88, 0x88, 0x88, 0x88, 0x88, 0x88, 0x88, 0x88, 0x88, 0x88, 0x88, 0x88, 0x88, 0x88,
  0x88, 0x88, 0x88, 0x88, 0x88, 0x88, 0x88, 0x88, 0x88, 0x88, 0x88, 0x88, 0x88, 0x88, 0x88, 0x88, 0x88, 0x88, 0x88, 0x88, 0x88, 0x88, 0x88, 0x88,
  0x88, 0x88, 0x88, 0x88, 0x88, 0x88, 0x88, 0x88, 0x88, 0x88, 0x88, 0x88, 0xff, 0xf8, 0xf0, 0x8a, 0x88, 0x88, 0x88, 0x80, 0x88, 0x88, 0x88, 0x88,
  0x88, 0x88, 0x88, 0x88, 0x88, 0x88, 0x88, 0x88, 0x88, 0x88, 0x88, 0x88, 0x80, 0x88, 0x88, 0x88, 0x80, 0x88, 0x88, 0x88, 0x80, 0x88, 0x88, 0x88,
  0x80, 0x88, 0x88, 0x88, 0x80, 0x88, 0x88, 0x88, 0x80, 0x88, 0x88, 0x88, 0x80, 0x88, 0x88, 0x88, 0x80, 0x88, 0x88, 0x88, 0x80, 0x88, 0x88, 0x88,
  0x80, 0x88, 0x88, 0x88, 0x80, 0x88, 0x88, 0x88, 0x80, 0x88, 0x88, 0x88, 0x80, 0x88, 0x88, 0x88, 0x80, 0x88, 0x88, 0x88, 0x80, 0x88, 0x88, 0x88,
  0x80, 0x88, 0x88, 0x88, 0x80, 0x88, 0x88, 0x88, 0x80, 0x88, 0x88, 0x88, 0x80, 0x88, 0x88, 0x88, 0x80, 0x88, 0x88, 0x88, 0x80, 0x88, 0x88, 0x88,
  0x80, 0x88, 0x88, 0x88, 0x80, 0x88, 0x88, 0x88, 0x80, 0x88, 0x88, 0x88, 0x80, 0x88, 0x88, 0x88, 0x80, 0x88, 0x88, 0x88, 0x80, 0x88, 0x88, 0x88,
  0x80, 0x88, 0x88, 0x88, 0x80, 0x88, 0x88, 0x88, 0x80, 0x88, 0x88, 0x88, 0x80, 0x88, 0x88, 0x88, 0x80, 0x88, 0x88, 0x88, 0x80, 0x88, 0x88, 0x88,
  0x80, 0x88, 0x88, 0x88, 0x80, 0x88, 0x88, 0x88, 0x80, 0x88, 0x88, 0x88, 0x80, 0x88, 0x88, 0x88, 0x80, 0x88, 0x88, 0x88, 0x80, 0x88, 0x88, 0x88,
  0x80, 0x88, 0x88, 0x88, 0x80, 0x88, 0x88, 0x88, 0x80, 0x88, 0x88, 0x88, 0x80, 0x88, 0x88, 0x88, 0x80, 0x88, 0x88, 0x88, 0x80, 0x88, 0x88, 0x88,
  0x80, 0x88, 0x88, 0x88, 0x80, 0x88, 0x88, 0x88, 0x80, 0x88, 0x88, 0x88, 0x80, 0x88, 0x88, 0x88, 0x80, 0x88, 0x88, 0x88, 0x80, 0x88, 0x88, 0x88,
  0x88, 0x88, 0x88, 0x88, 0x88, 0x88, 0x88, 0x88, 0x88, 0x88, 0x88, 0x88, 0x80, 0x88, 0x88, 0x88, 0x80, 0x88, 0x88, 0x88, 0x80, 0x88, 0x88, 0x88,
  0x80, 0x88, 0x88, 0x88, 0x87, 0x88, 0x88, 0x88, 0x80, 0x88, 0x88, 0x88, 0x80, 0x88, 0x88, 0x88, 0x80, 0x88, 0x88, 0x88, 0x88, 0x88, 0x88, 0x88,
  0x88, 0x88, 0x88, 0x88, 0x88, 0x88, 0x88, 0x88, 0x88, 0x88, 0x88, 0x88, 0x88, 0x88, 0x88, 0x88, 0x88, 0x88, 0x88, 0x88, 0x88, 0x88, 0x88, 0x88,
  0x88, 0x88, 0x88, 0x88, 0x88, 0x88, 0x88, 0x88, 0x88, 0x88, 0x88, 0x88, 0x88, 0x88, 0x88, 0x88, 0x88, 0x88, 0x88, 0x88, 0x88, 0x88, 0x88, 0x88,
  0x88, 0x88, 0x88, 0x88, 0x88, 0x88, 0x88, 0x88, 0x88, 0x88, 0x88, 0x88, 0x88, 0x88, 0x88, 0x88, 0x88, 0x88, 0x88, 0x88, 0x88, 0x88, 0x88, 0x88,
  0x88, 0x88, 0x88, 0x88, 0x88, 0x88, 0x88, 0x88, 0x88, 0x88, 0x88, 0x88, 0x88, 0x88, 0x88, 0x88, 0x88, 0x88, 0x88, 0x88, 0x88, 0x88, 0x88, 0x88,
  0x88, 0x88, 0x88, 0x88, 0x88, 0x88, 0x88, 0x88, 0x88, 0x88, 0x88, 0x88, 0x88, 0x88, 0x88, 0x88, 0x88, 0x88, 0x88, 0x88, 0x88, 0x88, 0x88, 0x88,
  0x88, 0x88, 0x88, 0x88, 0x88, 0x88, 0x88, 0x88, 0x88, 0x88, 0x88, 0x88, 0x88, 0x88, 0x88, 0x88, 0x88, 0x88, 0x88, 0x88, 0x88, 0x88, 0x88, 0x88,
  0x88, 0x88, 0x88, 0x88, 0x88, 0x88, 0x88, 0x88, 0x88, 0x88, 0x88, 0x88, 0x88, 0x88, 0x88, 0x88, 0x88, 0x88, 0x88, 0x88, 0x88, 0x88, 0x88, 0x88,
  0x88, 0x88, 0x88, 0x88, 0x88, 0x88, 0x88, 0x88, 0x88, 0x88, 0x88, 0x88, 0x88, 0x88, 0x88, 0x88, 0x88, 0x88, 0x88, 0x88, 0x88, 0x88, 0x88, 0x88,
  0x88, 0x88, 0x88, 0x88, 0x88, 0x88, 0x88, 0x88, 0x88, 0x88, 0x88, 0x88, 0x88, 0x88, 0x88, 0x88, 0x88, 0x88, 0x88, 0x88, 0x88, 0x88, 0x88, 0x88,
  0x88, 0x88, 0x88, 0x88, 0x88, 0x88, 0x88, 0x88, 0x88, 0x88, 0x88, 0x88, 0x88, 0x88, 0x88, 0x88, 0x88, 0x88, 0x88, 0x88, 0x88, 0x88, 0x88, 0x88,
  0x88, 0x88, 0x88, 0x88, 0x88, 0x88, 0x88, 0x88, 0x88, 0x88, 0x88, 0x88, 0x88, 0x88, 0x88, 0x88, 0x88, 0x88, 0x88, 0x88, 0x88, 0x88, 0x88, 0x88,
  0x88, 0x88, 0x88, 0x88, 0x80, 0x88, 0x88, 0x88, 0x80, 0x88, 0x88, 0x88, 0x80, 0x88, 0x88, 0x88, 0x88, 0x88, 0x88, 0x88, 0x88, 0x88, 0x88, 0x88,
  0x88, 0x88, 0x88, 0x88, 0x88, 0x88, 0x88, 0x88, 0x80, 0x88, 0x88, 0x88, 0x80, 0x88, 0x88, 0x88, 0x88, 0x88, 0x88, 0x88, 0x80, 0x88, 0x88, 0x88,
  0x00, 0x88, 0x88, 0x88, 0x80, 0x88, 0x88, 0x88, 0x88, 0x88, 0x88, 0x88, 0x80, 0x88, 0x88, 0x88, 0x80, 0x88, 0x88, 0x88, 0x80, 0x88, 0x88, 0x88,
  0x80, 0x88, 0x88, 0x88, 0x80, 0x88, 0x88, 0x88, 0x80, 0x88, 0x88, 0x88, 0x80, 0x88, 0x88, 0x88, 0x88, 0x88, 0x88, 0x88, 0x88, 0x88, 0x88, 0x88,
  0x88, 0x88, 0x88, 0x88, 0x80, 0x88, 0x88, 0x88, 0x80, 0x88, 0x88, 0x88, 0x80, 0x88, 0x88, 0x88, 0x88, 0x88, 0x88, 0x88, 0x80, 0x88, 0x88, 0x88,
  0x80, 0x88, 0x88, 0x88, 0x88, 0x88, 0x88, 0x88, 0x88, 0x88, 0x88, 0x88, 0x80, 0x88, 0x88, 0x88, 0x80, 0x88, 0x88, 0x88, 0x88, 0x88, 0x88, 0x88,
  0x88, 0x88, 0x88, 0x88, 0x88, 0x88, 0x88, 0x88, 0x88, 0x88, 0x88, 0x88, 0x80, 0x88, 0x88, 0x88, 0x80, 0x88, 0x88, 0x88, 0x80, 0x88, 0x88, 0x88,
  0x88, 0x88, 0x88, 0x88, 0x88, 0x88, 0x88, 0x88, 0x88, 0x88, 0x88, 0x88, 0x88, 0x88, 0x88, 0x88, 0x88, 0x88, 0x88, 0x88, 0x80, 0x88, 0x88, 0x88,
  0x80, 0x88, 0x88, 0x88, 0x88, 0x88, 0x88, 0x88, 0x88, 0x88, 0x88, 0x88, 0x88, 0x88, 0x88, 0x88, 0x88, 0x88, 0x88, 0x88, 0x88, 0x88, 0x88, 0x88,
  0x88, 0x88, 0x88, 0x88, 0x88, 0x88, 0x88, 0x88, 0x88, 0x88, 0x88, 0x88, 0x88, 0x88, 0x88, 0x88, 0x88, 0x88, 0x88, 0x88, 0x88, 0x88, 0x88, 0x80,
  0x88, 0x88, 0x88, 0x88, 0x88, 0x88, 0x88, 0x88, 0x88, 0x88, 0x88, 0x88, 0x88, 0x88, 0x88, 0x88, 0x88, 0x88, 0x88, 0x88, 0x88, 0x88, 0x8f, 0x88,
  0x88, 0x88, 0x88, 0x88, 0x88, 0x88, 0x8f, 0x88, 0x88, 0x88, 0x88, 0x88, 0x88, 0x88, 0x88, 0x88, 0x88, 0x88, 0x88, 0x88, 0x88, 0x88, 0x8f, 0x88,
  0x88, 0x88, 0x8f, 0x88, 0x88, 0x88, 0x8f, 0x88, 0x88, 0x88, 0x8f, 0x88, 0x88, 0x88, 0x8f, 0x88, 0x88, 0x88, 0x88, 0x88, 0x88, 0x88, 0x88, 0x88,
  0x88, 0x88, 0x88, 0x88, 0x88, 0x88, 0x88, 0x88, 0x88, 0x88, 0x88, 0x88, 0x88, 0x88, 0x88, 0x88, 0x88, 0x88, 0xff, 0x88, 0x88, 0x88, 0x8f, 0x88,
  0x88, 0x88, 0xf8, 0x88, 0x88, 0x88, 0x88, 0x88, 0x88, 0x88, 0x88, 0x88, 0x88, 0x88, 0x8f, 0x88, 0x88, 0x88, 0x88, 0x88, 0x88, 0x88, 0x88, 0x88,
  0x88, 0x88, 0x88, 0x88, 0x88, 0x88, 0x8f, 0x88, 0x88, 0x88, 0x88, 0x88, 0x88, 0x88, 0x88, 0x88, 0x88, 0x88, 0x88, 0x88, 0x88, 0x88, 0x88, 0x88,
  0x88, 0x88, 0x88, 0x88, 0x88, 0x88, 0x88, 0x88, 0x88, 0x88, 0x88, 0x88, 0x88, 0x88, 0x8f, 0x88, 0x88, 0x88, 0xff, 0x88, 0x88, 0x88, 0x88, 0x88,
  0x88, 0x88, 0x88, 0x88, 0x88, 0x88, 0x88, 0x88, 0x88, 0x88, 0x88, 0x88, 0x88, 0x88, 0x88, 0x88, 0x88, 0x88, 0x8f, 0x88, 0x88, 0x88, 0x88, 0x88,
  0x88, 0x88, 0x88, 0x88, 0x88, 0x88, 0xf8, 0x88, 0x88, 0x88, 0x88, 0x88, 0x88, 0x88, 0x88, 0x88, 0x88, 0x88, 0x88, 0x88, 0x88, 0x88, 0x88, 0x88,
  0x88, 0x88, 0x88, 0x88, 0x88, 0x88, 0x88, 0x88, 0x88, 0x88, 0x88, 0x88, 0x88, 0x88, 0x88, 0x88, 0x88, 0x88, 0x88, 0x88, 0x88, 0x88, 0x88, 0x88,
  0x88, 0x88, 0x88, 0x88, 0x88, 0x88, 0xff, 0x8f, 0x88, 0x88, 0x8f, 0x8f, 0x88, 0x88, 0x8f, 0x88, 0x88, 0x88, 0xff, 0x88, 0x88, 0x88, 0x88, 0x88,
  0x88, 0x88, 0x88, 0x88, 0x88, 0x88, 0x88, 0x88, 0x88, 0x88, 0x88, 0x88, 0x88, 0x88, 0x88, 0x88, 0x88, 0x88, 0x88, 0x88, 0x88, 0x88, 0x88, 0x88,
  0x88, 0x88, 0x88, 0x88, 0x88, 0x88, 0x88, 0x88, 0x88, 0x88, 0x88, 0x88, 0x88, 0x88, 0x88, 0x88, 0x88, 0x88, 0x88, 0x88, 0x88, 0x88, 0x88, 0x88,
  0x88, 0x88, 0x88, 0x88, 0x88, 0x88, 0x88, 0x88, 0x88, 0x88, 0x88, 0x88, 0x88, 0x88, 0x88, 0x88, 0x88, 0x88, 0x88, 0x88, 0x88, 0x88, 0x88, 0x88,
  0x88, 0x88, 0x88, 0x88, 0x88, 0x88, 0x88, 0x88, 0x88, 0x88, 0x88, 0x88, 0x88, 0x88, 0x88, 0x88, 0x88, 0x88, 0x88, 0x88, 0x88, 0x88, 0x88, 0x88,
  0x88, 0x88, 0x88, 0x88, 0x88, 0x88, 0x88, 0x88, 0x88, 0x88, 0x88, 0x88, 0x88, 0x88, 0x88, 0x88, 0x88, 0x88, 0x88, 0x88, 0x88, 0x88, 0x88, 0x88,
  0x88, 0x88, 0x88, 0x88, 0x88, 0x88, 0x88, 0x88, 0x88, 0x88, 0x88, 0x88, 0x88, 0x88, 0x88, 0x88, 0x88, 0x88, 0x88, 0x88, 0x88, 0x88, 0x88, 0x88,
  0x88, 0x88, 0x88, 0x88, 0x88, 0x88, 0x88, 0x88, 0x88, 0x88, 0x88, 0x88, 0x88, 0x88, 0x88, 0x88, 0x88, 0x88, 0x88, 0x88, 0x88, 0x88, 0x88, 0x88,
  0x88, 0x88, 0x88, 0x88, 0x88, 0x88, 0x88, 0x88, 0x88, 0x88, 0x88, 0x88, 0x88, 0x88, 0x88, 0x88, 0x88, 0x88, 0x88, 0x88, 0x88, 0x88, 0x88, 0x88,
  0x88, 0x88, 0x88, 0x88, 0x88, 0x88, 0x88, 0x88, 0x88, 0x88, 0x88, 0x88, 0x88, 0x88, 0x88, 0x88, 0x88, 0x88, 0x88, 0x88, 0x88, 0x88, 0x88, 0x88,
  0x88, 0x88, 0x88, 0x88, 0x88, 0x88, 0x88, 0x88, 0x88, 0x88, 0x88, 0x88, 0x88, 0x88, 0x88, 0x88, 0x88, 0x88, 0x88, 0x88, 0x8e, 0x88, 0x88, 0x88,
  0x88, 0x88, 0x88, 0x88, 0x88, 0x88, 0x88, 0x88, 0x88, 0x88, 0x88, 0x88, 0x88, 0x88, 0x88, 0x88, 0x88, 0x88, 0x88, 0x88, 0x88, 0x88, 0x88, 0x88,
  0x88, 0x88, 0x88, 0x88, 0x88, 0x88, 0x88, 0x88, 0x88, 0x88, 0x88, 0x88, 0x88, 0x88, 0x88, 0x88, 0x88, 0x88, 0x88, 0x88, 0x88, 0x88, 0x88, 0x88,
  0x88, 0x88, 0x88, 0x88, 0x88, 0x88, 0x88, 0x88, 0x88, 0x88, 0x88, 0x88, 0x88, 0x88, 0x88, 0x88, 0x88, 0x88, 0x88, 0x88, 0x88, 0x88, 0x88, 0x88,
  0x88, 0x88, 0x88, 0x88, 0x88, 0x88, 0x88, 0x88, 0x88, 0x88, 0x88, 0x88, 0x88, 0x88, 0x88, 0x88, 0x88, 0x88, 0x88, 0x88, 0x88, 0x88, 0x88, 0x88,
  0x88, 0x88, 0x88, 0x88, 0x88, 0x88, 0x88, 0x88, 0x88, 0x88, 0x88, 0x88, 0x88, 0x88, 0x88, 0x88, 0x88, 0x88, 0x88, 0x88, 0x88, 0x88, 0x88, 0x88,
  0x88, 0x88, 0x88, 0x88, 0x88, 0x88, 0x88, 0x88, 0x88, 0x88, 0x88, 0x88, 0x88, 0x88, 0x88, 0x88, 0x88, 0x88, 0x88, 0x88, 0x88, 0x88, 0x88, 0x88,
  0x88, 0x88, 0x88, 0x88, 0x88, 0x88, 0x88, 0x88, 0x88, 0x88, 0x88, 0x88, 0x88, 0x88, 0x88, 0x88, 0x88, 0x88, 0x88, 0x88, 0x88, 0x88, 0x88, 0x88,
  0x88, 0x88, 0x88, 0x88, 0x88, 0x88, 0x88, 0x88, 0x88, 0x88, 0x88, 0x88, 0x88, 0x88, 0x88, 0x88, 0x88, 0x88, 0x88, 0x88, 0x88, 0x88, 0x88, 0x88,
  0x88, 0x88, 0x88, 0x88, 0x88, 0x88, 0x88, 0x88, 0x88, 0x88, 0x88, 0x88, 0x88, 0x88, 0x88, 0x88, 0x88, 0x88, 0x88, 0x88, 0x88, 0x88, 0x88, 0x88,
  0x88, 0x88, 0x88, 0x88, 0x88, 0x88, 0x88, 0x88, 0x88, 0x88, 0x88, 0x88, 0x88, 0x88, 0x88, 0x88, 0x88, 0x88, 0x88, 0x88, 0x88, 0x88, 0x88, 0x88,
  0x88, 0x88, 0x88, 0x88, 0x88, 0x88, 0x88, 0x88, 0x88, 0x88, 0x88, 0x88, 0x88, 0x88, 0xff, 0x8f, 0x88, 0x88, 0x88, 0x88, 0x88, 0x88, 0x88, 0x88,
  0x88, 0x88, 0xf8, 0x88, 0x88, 0x88, 0x88, 0x88, 0x88, 0x88, 0x88, 0x88, 0x88, 0x88, 0x88, 0x88, 0x88, 0x88, 0xf8, 0x88, 0x88, 0x88, 0xf8, 0x88,
  0x88, 0x88, 0xf8, 0x80, 0x88, 0x88, 0xf8, 0x80, 0x88, 0x88, 0xf8, 0x88, 0x88, 0x80, 0xff, 0x8f, 0x88, 0x88, 0xf8, 0x8f, 0x88, 0x88, 0xf8, 0x88,
  0x88, 0x80, 0xff, 0x80, 0x88, 0x88, 0xf8, 0x8f, 0x08, 0x08, 0xf8, 0x80, 0x88, 0x80, 0xcf, 0x80, 0x88, 0x88, 0xf8, 0x80, 0x88, 0x88, 0xf8, 0x85,
  0x88, 0x88, 0xff, 0x80, 0x88, 0x88, 0xff, 0x88, 0x88, 0x88, 0xf8, 0x88, 0x88, 0x88, 0xf8, 0x88, 0x08, 0x88, 0xff, 0x8f, 0x88, 0x88, 0xf8, 0x88,
  0x88, 0x88, 0xf0, 0x84, 0x88, 0x88, 0xf8, 0x88, 0x88, 0x88, 0xf8, 0x80, 0x88, 0x88, 0xff, 0x89, 0x88, 0x88, 0xf8, 0x88, 0x88, 0x88, 0xff, 0x80,
  0x88, 0x88, 0xf8, 0x88, 0x88, 0x88, 0xf8, 0x8f, 0x08, 0x88, 0xf8, 0x80, 0x88, 0x88, 0xf8, 0x80, 0x88, 0x08, 0xf8, 0x88, 0x88, 0x88, 0xff, 0x87,
  0x88, 0x88, 0xf8, 0x88, 0x88, 0x88, 0xf8, 0x8f, 0x88, 0x88, 0xff, 0x8f, 0x88, 0x88, 0xf8, 0x85, 0x88, 0x88, 0xf8, 0x88, 0x88, 0x88, 0xff, 0x80,
  0x08, 0x88, 0xf8, 0x88, 0x88, 0x88, 0xf8, 0x88, 0x88, 0x88, 0xf8, 0x88, 0x88, 0x88, 0xf8, 0x89, 0x88, 0x88, 0xf8, 0x8f, 0x88, 0x88, 0xf8, 0x88,
  0x88, 0x88, 0xf8, 0x88, 0x88, 0x88, 0xf8, 0x88, 0x88, 0x88, 0xff, 0x85, 0x88, 0x88, 0xe8, 0x80, 0x88, 0x88, 0xf8, 0x88, 0x88, 0x88, 0xff, 0x88,
  0x88, 0x88, 0xff, 0x88, 0x88, 0x88, 0xf8, 0x88, 0x88, 0x88, 0xf8, 0x88, 0x88, 0x88, 0xf8, 0x80, 0x88, 0x88, 0xff, 0x88, 0x88, 0x88, 0xf8, 0x89,
  0x88, 0x88, 0xf8, 0x88, 0x88, 0x88, 0xf8, 0x8b, 0x00, 0x00, 0x90, 0x86, 0x08, 0x00, 0x80, 0x88, 0x88, 0x88, 0xb0, 0x83, 0x88, 0x88, 0x88, 0x88,
  0x88, 0x88, 0x88, 0x88, 0x88, 0x88, 0x08, 0x87, 0x80, 0x88, 0x88, 0x88, 0x80, 0x88, 0x88, 0x88, 0x80, 0x88, 0x88, 0x88, 0x80, 0x88, 0x88, 0x88,
  0x80, 0x88, 0x88, 0x88, 0x80, 0x88, 0x88, 0x88, 0x80, 0x88, 0x88, 0x88, 0x80, 0x88, 0x88, 0x88, 0x80, 0x88, 0x88, 0x88, 0x80, 0x88, 0x88, 0x88,
  0x80, 0x88, 0x88, 0x88, 0x80, 0x88, 0x88, 0x88, 0x80, 0x88, 0x88, 0x88, 0x80, 0x88, 0x88, 0x88, 0x84, 0x88, 0x88, 0x88, 0x80, 0x88, 0x88, 0x88,
  0x80, 0x88, 0x88, 0x88, 0x80, 0x88, 0x88, 0x88, 0x80, 0x88, 0x88, 0x88, 0x80, 0x88, 0x88, 0x88, 0x80, 0x88, 0x88, 0x88, 0x80, 0x88, 0x88, 0x88,
  0x80, 0x88, 0x88, 0x88, 0x80, 0x88, 0x88, 0x88, 0x80, 0x88, 0x88, 0x88, 0x80, 0x88, 0x88, 0x88, 0x80, 0x88, 0x88, 0x88, 0x80, 0x88, 0x88, 0x88,
  0x80, 0x88, 0x88, 0x88, 0x80, 0x88, 0x88, 0x88, 0x80, 0x88, 0x88, 0x88, 0x80, 0x88, 0x88, 0x88, 0x85, 0x88, 0x88, 0x88, 0x80, 0x88, 0x88, 0x88,
  0x80, 0x88, 0x88, 0x88, 0x80, 0x88, 0x88, 0x88, 0x80, 0x88, 0x88, 0x88, 0x87, 0x88, 0x88, 0x88, 0x86, 0x88, 0x88, 0x88, 0x84, 0x88, 0x88, 0x88,
  0x87, 0x88, 0x88, 0x88, 0x89, 0x88, 0x88, 0x88, 0x89, 0x88, 0x88, 0x88, 0x87, 0x88, 0x88, 0x88, 0x88, 0x88, 0x88, 0x88, 0x87, 0x88, 0x88, 0x88,
  0x80, 0x88, 0x88, 0x88, 0x80, 0x88, 0x88, 0x88, 0x89, 0x88, 0x88, 0x88, 0x89, 0x88, 0x88, 0x88, 0x88, 0x88, 0x88, 0x88, 0x8b, 0x88, 0x88, 0x88,
  0x8a, 0x88, 0x88, 0x88, 0x8c, 0x88, 0x88, 0x88, 0x8b, 0x88, 0x88, 0x88, 0x89, 0x88, 0x88, 0x88, 0x88, 0x88, 0x88, 0x88, 0x87, 0x88, 0x88, 0x88,
  0x87, 0x88, 0x88, 0x88, 0x80, 0x88, 0x88, 0x88, 0x88, 0x88, 0x88, 0x88, 0x88, 0x88, 0x88, 0x88, 0x88, 0x88, 0x88, 0x88, 0x88, 0x88, 0x88, 0x88,
  0x89, 0x88, 0x88, 0x88, 0x8b, 0x88, 0x88, 0x88, 0x8b, 0x88, 0x88, 0x88, 0x8f, 0x88, 0x88, 0x88, 0x8c, 0x88, 0x88, 0x88, 0x8b, 0x88, 0x88, 0x88,
  0x8c, 0x88, 0x88, 0x88, 0x8b, 0x88, 0x88, 0x88, 0x8b, 0x88, 0x88, 0x88, 0x8b, 0x88, 0x88, 0x88, 0x8a, 0x88, 0x88, 0x88, 0x89, 0x88, 0x88, 0x88,
  0x88, 0x88, 0x88, 0x88, 0x8c, 0x88, 0x88, 0x88, 0x88, 0x88, 0x88, 0x88, 0x8d, 0x88, 0x88, 0x88, 0x8e, 0x88, 0x88, 0x88, 0x8c, 0x88, 0x88, 0x88,
  0x89, 0x88, 0x88, 0x88, 0x8d, 0x88, 0x88, 0x88, 0x8d, 0x88, 0x88, 0x88, 0x8c, 0x88, 0x88, 0x88, 0x8a, 0x88, 0x88, 0x88, 0x8b, 0x88, 0x88, 0x88,
  0x8d, 0x88, 0x88, 0x88, 0x89, 0x88, 0x88, 0x88, 0x89, 0x88, 0x88, 0x88, 0x8d, 0x88, 0x88, 0x88, 0x8c, 0x88, 0x88, 0x88, 0x8b, 0x88, 0x88, 0x88,
  0x8c, 0x88, 0x88, 0x88, 0x89, 0x88, 0x88, 0x88, 0x89, 0x88, 0x88, 0x88, 0x89, 0x88, 0x88, 0x88, 0x89, 0x88, 0x88, 0x88, 0x85, 0x88, 0x88, 0x88,
  0x87, 0x88, 0x88, 0x88, 0x87, 0x88, 0x88, 0x88, 0x8b, 0x88, 0x88, 0x88, 0x8b, 0x88, 0x88, 0x88, 0x8b, 0x88, 0x88, 0x88, 0x8b, 0x88, 0x88, 0x88,
  0x8d, 0x88, 0x88, 0x88, 0x8d, 0x88, 0x88, 0x88, 0x8b, 0x88, 0x88, 0x88, 0x8f, 0x88, 0x88, 0x88, 0x89, 0x88, 0x88, 0x88, 0x8f, 0x88, 0x88, 0x88,
  0x8f, 0x88, 0x88, 0x88, 0x80, 0x88, 0x88, 0x88, 0x80, 0x88, 0x88, 0x88, 0x80, 0x88, 0x88, 0x88, 0x80, 0x88, 0x88, 0x88, 0x80, 0x88, 0x88, 0x88,
  0x80, 0x88, 0x88, 0x88, 0x80, 0x88, 0x88, 0x88, 0x80, 0x88, 0x88, 0x88, 0x86, 0x88, 0x88, 0x88, 0x85, 0x88, 0x88, 0x88, 0x8a, 0x88, 0x88, 0x88,
  0x8a, 0x88, 0x88, 0x88, 0x88, 0x88, 0x88, 0x88, 0x88, 0x88, 0x88, 0x88, 0x88, 0x88, 0x88, 0x88, 0x88, 0x88, 0x88, 0x88, 0x88, 0x88, 0x88, 0x88,
  0x88, 0x88, 0x88, 0x88, 0x88, 0x88, 0x88, 0x88, 0x88, 0x88, 0x88, 0x88, 0x88, 0x88, 0x88, 0x88, 0x88, 0x88, 0x88, 0x88, 0x88, 0x88, 0x88, 0x88,
  0x88, 0x88, 0x88, 0x88, 0x88, 0x88, 0x88, 0x88, 0x88, 0x88, 0x88, 0x88, 0x88, 0x88, 0x88, 0x88, 0x88, 0x88, 0x88, 0x88, 0x88, 0x88, 0x88, 0x88,
  0x88, 0x88, 0x88, 0x88, 0x88, 0x88, 0x88, 0x88, 0x88, 0x88, 0x88, 0x88, 0x88, 0x88, 0x88, 0x88, 0x88, 0x88, 0x88, 0x88, 0x88, 0x88, 0x88, 0x88,
  0x88, 0x88, 0x88, 0x88, 0x88, 0x88, 0x88, 0x88, 0x88, 0x88, 0x88, 0x88, 0x88, 0x88, 0x88, 0x88, 0x88, 0x88, 0x88, 0x88, 0x88, 0x88, 0x88, 0x88,
  0x88, 0x88, 0x88, 0x88, 0x88, 0x88, 0x88, 0x88, 0x88, 0x88, 0x88, 0x88, 0x88, 0x88, 0x88, 0x88, 0x88, 0x88, 0x88, 0x88, 0x88, 0x88, 0x88, 0x88,
  0x88, 0x88, 0x88, 0x88, 0x88, 0x88, 0x88, 0x88, 0x88, 0x88, 0x88, 0x88, 0x88, 0x88, 0x88, 0x88, 0x88, 0x88, 0x88, 0x88, 0x88, 0x88, 0x88, 0x88,
  0x88, 0x88, 0x88, 0x88, 0x88, 0x88, 0x88, 0x88, 0x88, 0x88, 0x88, 0x88, 0x88, 0x88, 0x88, 0x88, 0x88, 0x88, 0x88, 0x88, 0x88, 0x88, 0x88, 0x88,
  0x88, 0x88, 0x88, 0x88, 0x88, 0x88, 0x88, 0x88, 0x88, 0x88, 0x88, 0x88, 0x88, 0x88, 0x88, 0x88, 0x88, 0x88, 0x88, 0x88, 0x88, 0x88, 0x88, 0x88,
  0x88, 0x88, 0x88, 0x88, 0x88, 0x88, 0x88, 0x88, 0x88, 0x88, 0x88, 0x88, 0x88, 0x88, 0x88, 0x88, 0x88, 0x88, 0x88, 0x88, 0x88, 0x88, 0x88, 0x88,
  0x88, 0x88, 0x88, 0x88, 0x88, 0x88, 0x88, 0x88, 0x88, 0x88, 0x88, 0x88, 0x89, 0x88, 0x88, 0x88, 0x88, 0x88, 0x88, 0x88, 0x88, 0x88, 0x88, 0x88,
  0x88, 0x88, 0x88, 0x88, 0x88, 0x88, 0x88, 0x88, 0x88, 0x88, 0x88, 0x88, 0x8f, 0x88, 0x88, 0x88, 0x87, 0x88, 0x88, 0x88, 0x8b, 0x88, 0x88, 0x88,
  0x8a, 0x88, 0x88, 0x88, 0x8c, 0x88, 0x88, 0x88, 0x8b, 0x88, 0x88, 0x88, 0x8a, 0x88, 0x88, 0x88, 0x8a, 0x88, 0x88, 0x88, 0x8b, 0x88, 0x88, 0x88,
  0x8a, 0x88, 0x88, 0x88, 0x8a, 0x88, 0x88, 0x88, 0x89, 0x88, 0x88, 0x88, 0x8c, 0x88, 0x88, 0x88, 0x87, 0x88, 0x88, 0x88, 0x8f, 0x88, 0x88, 0x88,
  0x88, 0x88, 0x88, 0x88, 0x8f, 0x88, 0x88, 0x88, 0x8b, 0x88, 0x88, 0x88, 0x89, 0x88, 0x88, 0x88, 0x88, 0x88, 0x88, 0x88, 0x8a, 0x88, 0x88, 0x88,
  0x8a, 0x88, 0x88, 0x88, 0x8a, 0x88, 0x88, 0x88, 0x89, 0x88, 0x88, 0x88, 0x8f, 0x88, 0x88, 0x88, 0x89, 0x88, 0x88, 0x88, 0x8a, 0x88, 0x88, 0x88,
  0x89, 0x88, 0x88, 0x88, 0x8a, 0x88, 0x88, 0x88, 0x8f, 0x88, 0x88, 0x88, 0x8b, 0x88, 0x88, 0x88, 0x87, 0x88, 0x88, 0x88, 0x88, 0x88, 0x88, 0x88,
  0x8f, 0x88, 0x88, 0x88, 0x89, 0x88, 0x88, 0x88, 0x8a, 0x88, 0x88, 0x88, 0x8f, 0x88, 0x88, 0x88, 0x8f, 0x88, 0x88, 0x88, 0x88, 0x88, 0x88, 0x88,
  0x8a, 0x88, 0x88, 0x88, 0x8f, 0x88, 0x88, 0x88, 0x8a, 0x88, 0x88, 0x88, 0x8a, 0x88, 0x88, 0x88, 0x8c, 0x88, 0x88, 0x88, 0x8f, 0x88, 0x88, 0x88,
  0x89, 0x88, 0x88, 0x88, 0x8f, 0x88, 0x88, 0x88, 0x8b, 0x88, 0x88, 0x88, 0x89, 0x88, 0x88, 0x88, 0x89, 0x88, 0x88, 0x88, 0x88, 0x88, 0x88, 0x88,
  0x8a, 0x88, 0x88, 0x88, 0x8f, 0x88, 0x88, 0x88, 0x8f, 0x88, 0x88, 0x88, 0x8f, 0x88, 0x88, 0x88, 0x86, 0x88, 0x88, 0x88, 0x8e, 0x88, 0x88, 0x88,
  0x8c, 0x88, 0x88, 0x88, 0x8f, 0x88, 0x88, 0x88, 0x8f, 0x88, 0x88, 0x88, 0x88, 0x88, 0x88, 0x88, 0x88, 0x88, 0x88, 0x88, 0x88, 0x88, 0x88, 0x88,
  0x88, 0x88, 0x88, 0x88, 0x88, 0x88, 0x88, 0x88, 0x88, 0x88, 0x88, 0x88, 0x88, 0x88, 0x88, 0x88, 0x80, 0x88, 0x88, 0x88, 0x88, 0x88, 0x88, 0x88,
  0x88, 0x88, 0x88, 0x88, 0x88, 0x88, 0x88, 0x88, 0x88, 0x80, 0x88, 0x88, 0x88, 0x88, 0x88, 0x88, 0x88, 0x88, 0x88, 0x88, 0x88, 0x88, 0x88, 0x88,
  0x88, 0x88, 0x88, 0x88, 0x88, 0x88, 0x88, 0x88, 0x88, 0x88, 0x88, 0x88, 0x88, 0x88, 0x88, 0x88, 0x88, 0x88, 0x88, 0x88, 0x88, 0x88, 0x88, 0x88,
  0x88, 0x88, 0x88, 0x88, 0x88, 0x88, 0x88, 0x88, 0x87, 0x88, 0xff, 0x88, 0x88, 0x88, 0x88, 0x88, 0x88, 0x88, 0x88, 0x88, 0x88, 0x88, 0x88, 0x88,
  0x88, 0x88, 0x88, 0x88, 0x88, 0x88, 0x88, 0x88, 0x88, 0x88, 0x88, 0x88, 0x88, 0x88, 0x88, 0x88, 0x88, 0x88, 0x88, 0x88, 0x88, 0x88, 0x88, 0x88,
  0x08, 0x88, 0x88, 0x88, 0x88, 0x88, 0x88, 0x88, 0x88, 0x88, 0x88, 0x88, 0x88, 0x88, 0x88, 0x88, 0x88, 0x88, 0x88, 0x88, 0x88, 0x88, 0x88, 0x88,
  0x88, 0x80, 0x88, 0x88, 0x88, 0x88, 0x88, 0x88, 0x88, 0x88, 0x88, 0x88, 0x88, 0x88, 0x88, 0x88, 0x88, 0x88, 0x88, 0x88, 0x88, 0x88, 0x88, 0x88,
  0x88, 0x88, 0x88, 0x88, 0x88, 0x88, 0x88, 0x88, 0x88, 0x80, 0x08, 0x88, 0x80, 0x88, 0x88, 0x88, 0x88, 0x88, 0x88, 0x88, 0x8f, 0x88, 0x88, 0x88,
  0x88, 0x88, 0x88, 0x88, 0x88, 0x88, 0x88, 0x88, 0x88, 0x88, 0x88, 0x88, 0x88, 0x88, 0x88, 0x88, 0x88, 0x88, 0x88, 0x88, 0x88, 0x88, 0x88, 0x88,
  0x88, 0x88, 0x88, 0x88, 0x88, 0x88, 0x88, 0x88, 0x88, 0x88, 0x88, 0x88, 0x88, 0x88, 0x88, 0x88, 0x88, 0x88, 0x88, 0x88, 0x88, 0x88, 0x88, 0x88,
  0x88, 0x88, 0x88, 0x88, 0x88, 0x88, 0x88, 0x88, 0x88, 0x88, 0x88, 0x88, 0x88, 0x88, 0x88, 0x88, 0x88, 0x88, 0x88, 0x88, 0x88, 0x88, 0xf8, 0x88,
  0x88, 0x88, 0xf8, 0x88, 0x88, 0x88, 0xff, 0x88, 0x88, 0x88, 0x88, 0x88, 0x88, 0x88, 0xff, 0x88, 0x88, 0x88, 0x8f, 0x88, 0x88, 0x88, 0xf8, 0x8f,
  0x88, 0x88, 0xf8, 0x88, 0x88, 0x88, 0xf8, 0x88, 0x88, 0x88, 0xf8, 0x88, 0x88, 0x88, 0xf8, 0x88, 0x88, 0x88, 0x88, 0x88, 0x88, 0x88, 0xf8, 0x88,
  0x88, 0x88, 0xf8, 0x8f, 0x88, 0x88, 0xff, 0x8f, 0x88, 0x88, 0xf8, 0x88, 0x88, 0x88, 0xf8, 0x8f, 0x88, 0x88, 0xf8, 0x8f, 0x88, 0x88, 0xf8, 0x8f,
  0x88, 0x88, 0xf8, 0x88, 0x88, 0x88, 0xf8, 0x88, 0x88, 0x88, 0xf8, 0x88, 0x88, 0x88, 0xf8, 0x88, 0x88, 0x88, 0xf8, 0x8f, 0x88, 0x88, 0xf8, 0x88,
  0x88, 0x88, 0xff, 0x8f, 0x88, 0xf8, 0xff, 0x88, 0x88, 0x88, 0x8f, 0x88, 0x88, 0x88, 0x88, 0x88, 0x88, 0x88, 0x88, 0x8f, 0x88, 0x88, 0xff, 0x8f,
  0x88, 0x88, 0xf8, 0x8f, 0x88, 0x88, 0xf8, 0x88, 0x88, 0x88, 0xf8, 0x8f, 0x88, 0x88, 0xf8, 0x8f, 0x88, 0x88, 0xf8, 0x8f, 0x88, 0x88, 0xf8, 0x8f,
  0x88, 0x88, 0x8f, 0x88, 0x88, 0x88, 0xf8, 0x88, 0x88, 0x88, 0x88, 0x8f, 0x88, 0x88, 0xf8, 0x88, 0x88, 0x88, 0x88, 0x88, 0x88, 0x88, 0x88, 0x8f,
  0x88, 0x88, 0xf8, 0x88, 0x88, 0x88, 0xff, 0x8f, 0x88, 0x88, 0xf8, 0x8f, 0x88, 0x88, 0xf8, 0x8f, 0x88, 0x88, 0xf8, 0x8f, 0x88, 0x88, 0x88, 0x88,
  0x88, 0x88, 0x88, 0x88, 0x88, 0x88, 0x88, 0x88, 0x88, 0x88, 0x88, 0x88, 0x88, 0x88, 0x88, 0x88, 0x88, 0x88, 0x88, 0x88, 0x88, 0x88, 0x88, 0x88,
  0x88, 0x88, 0x88, 0x88, 0x88, 0x88, 0xf8, 0x8f, 0x88, 0x88, 0xf8, 0x88, 0x88, 0x88, 0xf8, 0x8f, 0x88, 0x88, 0xf8, 0x8f, 0x88, 0x88, 0x88, 0x88,
  0x88, 0xf8, 0xff, 0x8f, 0x88, 0xf8, 0xff, 0x8f, 0x88, 0x88, 0xff, 0x88, 0x88, 0x88, 0xf8, 0x88, 0x88, 0x88, 0xff, 0x8f, 0x88, 0x88, 0xff, 0x88,
  0x88, 0x88, 0xff, 0x88, 0x88, 0x88, 0x88, 0x88, 0x88, 0x88, 0xf8, 0x88, 0x88, 0x88, 0x8f, 0x88, 0x88, 0x88, 0xf8, 0x88, 0x88, 0x88, 0x8f, 0x88,
  0x88, 0x88, 0x88, 0x88, 0x88, 0x88, 0x8f, 0x88, 0x88, 0x88, 0xf8, 0x8f, 0x88, 0x88, 0xff, 0x88, 0x88, 0x88, 0x8f, 0x88, 0x88, 0x88, 0xff, 0x8f,
  0x88, 0x88, 0xff, 0x8f, 0x88, 0x88, 0xf8, 0x8f, 0x88, 0x88, 0x88, 0x88, 0x88, 0x88, 0xf8, 0x8f, 0x88, 0x88, 0xf8, 0x8f, 0x88, 0x88, 0xf8, 0x8f,
  0x88, 0x88, 0xff, 0x88, 0x88, 0x88, 0xf8, 0x88, 0x88, 0x88, 0xff, 0x8f, 0x88, 0x88, 0xff, 0x88, 0x88, 0x88, 0xf8, 0x88, 0x88, 0x88, 0xff, 0x8f,
  0x88, 0x88, 0xf8, 0x8f, 0x88, 0x88, 0x88, 0x8f, 0x88, 0x88, 0xf8, 0x8f, 0x88, 0x88, 0xff, 0x8f, 0x88, 0x88, 0xf8, 0x8f, 0x88, 0x88, 0x88, 0x88,
  0x88, 0x88, 0xf8, 0x88, 0x88, 0x88, 0xf8, 0x8f, 0x88, 0x88, 0xf8, 0x8f, 0x88, 0x88, 0xf8, 0x8f, 0x88, 0x88, 0x88, 0x88, 0x88, 0x88, 0x88, 0x88,
  0x88, 0x88, 0xf8, 0x8f, 0x88, 0x88, 0xff, 0x8f, 0x88, 0x88, 0x88, 0x88, 0x88, 0x88, 0x88, 0x88, 0x88, 0x88, 0x88, 0x8f, 0x88, 0x88, 0x88, 0x88,
  0x88, 0x88, 0xf8, 0x8f, 0x88, 0x88, 0xf8, 0x8f, 0x88, 0x88, 0xf8, 0x88, 0x88, 0x88, 0x88, 0x88, 0x88, 0x88, 0x88, 0x88, 0x88, 0x88, 0x88, 0x88,
  0x88, 0x88, 0x88, 0x88, 0x88, 0x88, 0x88, 0x88, 0x88, 0x88, 0x88, 0x88, 0x88, 0x88, 0x88, 0x88, 0x88, 0x88, 0x88, 0x88, 0x88, 0x88, 0x8f, 0x8f,
  0x88, 0x88, 0xf8, 0x88, 0x88, 0x88, 0xf8, 0x8f, 0x88, 0x88, 0xf8, 0x8f, 0x88, 0x88, 0x88, 0x88, 0x88, 0xf8, 0xff, 0x8f, 0x88, 0xf8, 0xff, 0x8f,
  0x88, 0x88, 0xff, 0x8f, 0x88, 0x88, 0xf8, 0x88, 0x88, 0x88, 0xff, 0x8f, 0x88, 0x88, 0xf8, 0x8f, 0x88, 0x88, 0xff, 0x88, 0x88, 0x88, 0xf8, 0x88,
  0x88, 0x88, 0xff, 0x88, 0x88, 0x88, 0x8f, 0x88, 0x88, 0x88, 0x88, 0x8f, 0x88, 0x88, 0x88, 0x88, 0x88, 0x88, 0xff, 0x88, 0x88, 0x88, 0xf8, 0x8f,
  0x88, 0x88, 0xf8, 0x88, 0x88, 0x88, 0xff, 0x8f, 0x88, 0x88, 0x88, 0x8f, 0x88, 0x88, 0xf8, 0x8f, 0x88, 0x88, 0xf8, 0x88, 0x88, 0x88, 0xf8, 0x8f,
  0x88, 0x88, 0x88, 0x88, 0x88, 0x88, 0xff, 0x8f, 0x88, 0x88, 0xf8, 0x8f, 0x88, 0x88, 0xf8, 0x88, 0x88, 0x88, 0x88, 0x88, 0x88, 0x88, 0x88, 0x88,
  0x88, 0x88, 0xff, 0x8f, 0x88, 0x88, 0xff, 0x8f, 0x88, 0x88, 0xf8, 0x8f, 0x88, 0x88, 0xf8, 0x8f, 0x88, 0x88, 0xf8, 0x88, 0x88, 0x88, 0xf8, 0x8f,
  0x88, 0x88, 0xf8, 0x8f, 0x88, 0x88, 0xf8, 0x8f, 0x88, 0x88, 0x88, 0x88, 0x88, 0x88, 0xf8, 0x8f, 0x88, 0x88, 0x8f, 0x8f, 0x88, 0x88, 0xf8, 0x8f,
  0x88, 0x88, 0xf8, 0x8f, 0x88, 0x88, 0xf8, 0x8f, 0x88, 0x88, 0x88, 0x88, 0x88, 0x88, 0xff, 0x88, 0x88, 0x88, 0xff, 0x8f, 0x88, 0x88, 0xf8, 0x8f,
  0x88, 0x88, 0xf8, 0x88, 0x88, 0x88, 0xf8, 0x88, 0x88, 0x88, 0xff, 0x88, 0x88, 0x88, 0xff, 0x88, 0x88, 0x88, 0xff, 0x88, 0x88, 0x88, 0xf8, 0x8f,
  0x88, 0x88, 0xf8, 0x8f, 0x88, 0x88, 0x8f, 0x88, 0x88, 0x88, 0x88, 0x88, 0x88, 0x88, 0x8f, 0x88, 0x88, 0x88, 0x88, 0x88, 0x88, 0x88, 0x88, 0x88,
  0x88, 0x88, 0x88, 0x88, 0x88, 0x88, 0x88, 0x88, 0x88, 0x88, 0x88, 0x88, 0x88, 0x88, 0xff, 0x88, 0x88, 0x88, 0xf8, 0x88, 0x88, 0xf8, 0xf8, 0x8f,
  0x88, 0x88, 0xff, 0x8f, 0x88, 0x88, 0x88, 0x88, 0x88, 0xf8, 0xff, 0x8f, 0x88, 0xf8, 0xff, 0x8f, 0x88, 0x88, 0x88, 0x88, 0x88, 0x88, 0x88, 0x88,
  0x88, 0x88, 0x88, 0x88, 0x8f, 0x88, 0x88, 0x88, 0x88, 0x88, 0x88, 0x88, 0x88, 0x88, 0x88, 0x88, 0x88, 0x88, 0x88, 0x88, 0x88, 0x88, 0x88, 0x88,
  0x88, 0x88, 0x88, 0x88, 0x88, 0x88, 0x88, 0x88, 0x88, 0x88, 0x88, 0x88, 0x88, 0x88, 0x88, 0x88, 0x88, 0x88, 0x88, 0x88, 0x88, 0x88, 0x88, 0x88,
  0x88, 0x88, 0x88, 0x88, 0x88, 0x88, 0x88, 0x88, 0x88, 0x88, 0x88, 0x88, 0x88, 0x88, 0x88, 0x88, 0x88, 0x88, 0x88, 0x88, 0x88, 0x88, 0x88, 0x88,
  0x88, 0x88, 0x88, 0x88, 0x88, 0x88, 0x88, 0x88, 0x88, 0x88, 0x88, 0x88, 0x88, 0x88, 0x88, 0x88, 0x88, 0x88, 0x88, 0x88, 0x88, 0x88, 0x88, 0x88,
  0x8f, 0x88, 0x88, 0x88, 0x88, 0x88, 0x88, 0x88, 0x88, 0x88, 0x88, 0x88, 0x88, 0x88, 0x88, 0x88, 0x88, 0x88, 0x88, 0x88, 0x88, 0x88, 0x88, 0x88,
  0x88, 0x88, 0x88, 0x88, 0x88, 0x88, 0x88, 0x88, 0x88, 0x88, 0x88, 0x88, 0x88, 0x88, 0x88, 0x88, 0x88, 0x88, 0x88, 0x88, 0x88, 0x88, 0x88, 0x88,
  0x88, 0x88, 0x88, 0x88, 0x88, 0x88, 0x88, 0x88, 0x88, 0x88, 0x88, 0x88, 0x88, 0x88, 0x88, 0x88, 0x88, 0x88, 0x88, 0x88, 0x88, 0x88, 0x88, 0x88,
  0x88, 0x88, 0x88, 0x88, 0x88, 0x88, 0x88, 0x88, 0x88, 0x88, 0x88, 0x88, 0x88, 0x88, 0x88, 0x88, 0x88, 0x88, 0x88, 0x88, 0x88, 0x88, 0x88, 0x88,
  0x88, 0x88, 0x88, 0x88, 0x88, 0x88, 0x88, 0x88, 0x88, 0x88, 0x88, 0x88, 0x88, 0x88, 0x88, 0x88, 0x88, 0x88, 0x88, 0x88, 0x88, 0x88, 0x88, 0x88,
  0x88, 0x88, 0x88, 0x88, 0x88, 0x88, 0x88, 0x88, 0x88, 0x88, 0x88, 0x88, 0x8f, 0x88, 0x88, 0x88, 0x8f, 0x88, 0x88, 0x88, 0x88, 0x88, 0x88, 0x88,
  0x88, 0x88, 0x88, 0x88, 0x88, 0x88, 0x88, 0x88, 0x88, 0x88, 0x88, 0x88, 0x88, 0x88, 0x88, 0x88, 0x88, 0x88, 0x88, 0x88, 0x88, 0x88, 0x88, 0x88,
  0x88, 0x88, 0x88, 0x88, 0x88, 0x88, 0x88, 0x88, 0x88, 0x88, 0x88, 0x88, 0x88, 0x88, 0x88, 0x88, 0x88, 0x88, 0x88, 0x88, 0x88, 0x88, 0x88, 0x88,
  0x88, 0x88, 0x88, 0x88, 0x88, 0x88, 0x88, 0x88, 0x88, 0x88, 0x88, 0x88, 0x80, 0x88, 0x88, 0x88, 0x88, 0x88, 0x88, 0x88, 0x88, 0x88, 0x88, 0x88,
  0x88, 0x88, 0x88, 0x88, 0x88, 0x88, 0x88, 0x88, 0x88, 0x88, 0x88, 0x88, 0x88, 0x88, 0x88, 0x88, 0x08, 0x88, 0x88, 0x88, 0x88, 0x88, 0x88, 0x88,
  0x88, 0x88, 0x88, 0x88, 0x88, 0x88, 0x88, 0x88, 0x88, 0x88, 0x88, 0x88, 0x88, 0x88, 0x88, 0x88, 0x88, 0x88, 0x88, 0x88, 0x88, 0x88, 0x88, 0x88,
  0x80, 0x88, 0x88, 0x88, 0x88, 0x88, 0x88, 0x88, 0x88, 0x88, 0x88, 0x88, 0x88, 0x88, 0x88, 0x88, 0x80, 0x88, 0x88, 0x88, 0x88, 0x88, 0x88, 0x88,
  0x88, 0x88, 0x88, 0x88, 0x88, 0x88, 0x88, 0x88, 0x88, 0x88, 0x88, 0x88, 0x08, 0x88, 0x88, 0x88, 0x88, 0x88, 0x88, 0x88, 0x8f, 0x88, 0x88, 0x88,
  0x00, 0x88, 0x88, 0x88, 0x80, 0x88, 0x88, 0x88, 0x05, 0x88, 0x88, 0x88, 0x00, 0x88, 0x88, 0x88, 0x8f, 0x88, 0x88, 0x88, 0x80, 0x88, 0x88, 0x88,
  0x80, 0x88, 0x88, 0x88, 0x88, 0x88, 0x88, 0x88, 0x0a, 0x88, 0x88, 0x88, 0x0d, 0x88, 0x88, 0x88, 0x0e, 0x88, 0x88, 0x88, 0x0f, 0x88, 0x88, 0x88,
  0x8e, 0x88, 0x88, 0x88, 0x8a, 0x88, 0x88, 0x88, 0x8b, 0x88, 0x88, 0x88, 0x05, 0x88, 0x88, 0x88, 0x8b, 0x88, 0x88, 0x88, 0x8c, 0x88, 0x88, 0x88,
  0x0f, 0x88, 0x88, 0x88, 0x0f, 0x88, 0x88, 0x88, 0x88, 0x88, 0x88, 0x88, 0x88, 0x88, 0x88, 0x88, 0x88, 0x88, 0x88, 0x88, 0x88, 0x88, 0x88, 0x88,
  0x88, 0xf8, 0xff, 0x8f, 0x88, 0x88, 0xff, 0x8f, 0x88, 0x88, 0xff, 0x8f, 0x88, 0xf8, 0xff, 0x88, 0x88, 0xf8, 0xff, 0x88, 0x88, 0xf8, 0x8f, 0x88,
  0x88, 0x88, 0x8f, 0x88, 0x88, 0xf8, 0x88, 0x88, 0x88, 0x88, 0x88, 0x88, 0x88, 0xf8, 0x88, 0x88, 0x88, 0xf8, 0xf8, 0x88, 0x88, 0x88, 0x8f, 0x88,
  0x88, 0xf8, 0x88, 0x88, 0x88, 0x88, 0xff, 0x88, 0x88, 0x88, 0xff, 0x88, 0x88, 0x88, 0xff, 0x8f, 0x88, 0x88, 0xff, 0x88, 0x88, 0xf8, 0xf8, 0x88,
  0x88, 0x88, 0xff, 0x88, 0x88, 0x88, 0xff, 0x8f, 0x88, 0xf8, 0xff, 0x88, 0x88, 0xf8, 0xff, 0x88, 0x88, 0xf8, 0xff, 0x8f, 0x88, 0xf8, 0x8f, 0x8f,
  0x88, 0xf8, 0xff, 0x8f, 0x88, 0x88, 0xff, 0x88, 0x88, 0x88, 0xff, 0x88, 0x88, 0xf8, 0x8f, 0x88, 0x88, 0x88, 0x88, 0x88, 0x88, 0x88, 0xff, 0x88,
  0x88, 0xf8, 0xf8, 0x88, 0x88, 0xf8, 0xff, 0x8f, 0x88, 0xf8, 0xf8, 0x88, 0x88, 0x88, 0xff, 0x88, 0x88, 0x88, 0xff, 0x8f, 0x88, 0x88, 0xff, 0x8f,
  0x88, 0xf8, 0x8f, 0x88, 0x88, 0x88, 0xff, 0x88, 0x88, 0x88, 0x88, 0x88, 0x88, 0xf8, 0x8f, 0x88, 0x88, 0xf8, 0xff, 0x88, 0x88, 0x88, 0x8f, 0x88,
  0x88, 0x88, 0xff, 0x88, 0x88, 0x88, 0xff, 0x88, 0x88, 0xf8, 0xff, 0x88, 0x88, 0x88, 0xf8, 0x88, 0x88, 0x88, 0xff, 0x8f, 0x88, 0x88, 0xff, 0x88,
  0x88, 0x88, 0xf8, 0x8f, 0x88, 0x88, 0x88, 0x88, 0x88, 0x88, 0xf8, 0x88, 0x88, 0x88, 0x88, 0x88, 0x88, 0x88, 0x88, 0x88, 0x88, 0x88, 0xff, 0x88,
  0x88, 0x88, 0x88, 0x88, 0x88, 0x88, 0xf8, 0x88, 0x88, 0x88, 0xff, 0x8f, 0x88, 0xf8, 0xff, 0x8f, 0x88, 0x88, 0xff, 0x88, 0x88, 0x88, 0xf8, 0x8f,
  0x88, 0x88, 0xf8, 0x8f, 0x88, 0x88, 0x88, 0x88, 0x88, 0xf8, 0xff, 0x8f, 0x88, 0xf8, 0xff, 0x8f, 0x88, 0x08, 0x88, 0x80, 0x88, 0x08, 0x08, 0x80,
  0x88, 0x88, 0x08, 0x80, 0x88, 0x08, 0x00, 0x80, 0x88, 0x88, 0x88, 0x80, 0x88, 0x88, 0x00, 0x80, 0x88, 0x88, 0x80, 0x80, 0x88, 0x88, 0x00, 0x80,
  0x88, 0x88, 0x88, 0x80, 0x88, 0x88, 0x88, 0x80, 0x88, 0x88, 0x88, 0x80, 0x88, 0x88, 0x00, 0x80, 0x88, 0x88, 0x88, 0x80, 0x88, 0x08, 0x00, 0x80,
  0x88, 0x88, 0x88, 0x80, 0x88, 0x88, 0x00, 0x80, 0x88, 0x08, 0x00, 0x80, 0x88, 0x08, 0x00, 0x80, 0x88, 0x08, 0x00, 0x80, 0x88, 0x08, 0x00, 0x80,
  0x88, 0x08, 0x08, 0x80, 0x88, 0x08, 0x80, 0x80, 0x88, 0x88, 0x80, 0x80, 0x88, 0x08, 0x00, 0x80, 0x88, 0x88, 0x00, 0x80, 0x88, 0x08, 0x00, 0x80,
  0x88, 0x88, 0x08, 0x80, 0x88, 0x88, 0x80, 0x80, 0x88, 0x88, 0x00, 0x80, 0x88, 0x88, 0x80, 0x80, 0x88, 0x08, 0x08, 0x80, 0x88, 0x08, 0x00, 0x80,
  0x88, 0x88, 0x00, 0x80, 0x88, 0x88, 0x88, 0x80, 0x88, 0x88, 0x08, 0x80, 0x88, 0x88, 0x08, 0x80, 0x88, 0x88, 0x88, 0x80, 0x88, 0x88, 0x00, 0x80,
  0x88, 0x08, 0x00, 0x80, 0x88, 0x08, 0x80, 0x80, 0x88, 0x88, 0x80, 0x80, 0x88, 0x08, 0x80, 0x80, 0x88, 0x08, 0x00, 0x80, 0x88, 0x08, 0x00, 0x80,
  0x88, 0x88, 0x00, 0x80, 0x88, 0x08, 0x00, 0x80, 0x88, 0x88, 0x00, 0x80, 0x88, 0x08, 0x00, 0x80, 0x88, 0x08, 0x41, 0x80, 0x88, 0x88, 0x89, 0x80,
  0x88, 0x88, 0x88, 0x80, 0x88, 0x88, 0x8f, 0x80, 0x88, 0x08, 0x64, 0x80, 0x88, 0x08, 0x65, 0x80, 0x88, 0x08, 0x0a, 0x80, 0x88, 0x88, 0xd9, 0x81,
  0x88, 0x08, 0xa4, 0x83, 0x88, 0x08, 0x00, 0x80, 0x88, 0x08, 0x40, 0x80, 0x88, 0x08, 0x53, 0x80, 0x88, 0x88, 0xbf, 0x87, 0x88, 0x88, 0x88, 0x88,
  0x88, 0x88, 0x88, 0x88, 0x88, 0x08, 0x00, 0x88, 0x88, 0x88, 0x88, 0x88, 0x88, 0x88, 0x88, 0x88, 0x88, 0x88, 0x88, 0x88, 0x88, 0x88, 0x88, 0x88,
  0x88, 0x88, 0x88, 0x88, 0x88, 0x88, 0x88, 0x88, 0x88, 0x88, 0x88, 0x88, 0x88, 0x88, 0x88, 0x88, 0x88, 0x88, 0x88, 0x88, 0x88, 0x88, 0x88, 0x88,
  0x88, 0x88, 0x88, 0x88, 0x88, 0x88, 0x88, 0x88, 0x88, 0x88, 0x88, 0x88, 0x88, 0x88, 0x88, 0x88, 0x88, 0x88, 0x88, 0x88, 0x88, 0x88, 0x88, 0x88,
  0x88, 0x88, 0x88, 0x88, 0x88, 0x88, 0x88, 0x88, 0x88, 0x88, 0x88, 0x88, 0x88, 0x88, 0x88, 0x88, 0x88, 0x88, 0x88, 0x88, 0x88, 0x88, 0x88, 0x88,
  0x88, 0x88, 0x88, 0x88, 0x88, 0x88, 0x88, 0x88, 0x88, 0x88, 0x88, 0x88, 0x88, 0x88, 0x88, 0x88, 0x88, 0x88, 0x88, 0x88, 0x88, 0x88, 0x88, 0x88,
  0x88, 0x88, 0x88, 0x88, 0x88, 0x88, 0x88, 0x88, 0x88, 0x88, 0x88, 0x88, 0x88, 0x88, 0x88, 0x88, 0x88, 0x88, 0x88, 0x88, 0x88, 0x88, 0x88, 0x88,
  0x88, 0x88, 0x88, 0x88, 0x88, 0x88, 0x88, 0x88, 0x88, 0x88, 0x88, 0x88, 0x88, 0x88, 0x88, 0x88, 0x88, 0x88, 0x88, 0x88, 0x88, 0x88, 0x88, 0x88,
  0x88, 0x88, 0x88, 0x88, 0x88, 0x88, 0x88, 0x88, 0x88, 0x88, 0x88, 0x88, 0x88, 0x88, 0x88, 0x88, 0x88, 0x88, 0x88, 0x88, 0x88, 0x88, 0x88, 0x88,
  0x88, 0x88, 0x88, 0x88, 0x88, 0x88, 0x88, 0x88, 0x88, 0x88, 0x88, 0x88, 0x88, 0x88, 0x88, 0x88, 0x88, 0x88, 0x88, 0x88, 0x88, 0x88, 0x88, 0x88,
  0x88, 0x88, 0x88, 0x88, 0x88, 0x88, 0x88, 0x88, 0x88, 0x88, 0x88, 0x88, 0x88, 0x88, 0x88, 0x88, 0x88, 0x88, 0x88, 0x88, 0x88, 0x88, 0x88, 0x88,
  0x88, 0x88, 0x88, 0x88, 0x8a, 0x88, 0x88, 0x88, 0x8a, 0x88, 0x88, 0x88, 0x88, 0x88, 0x88, 0x88, 0x88, 0x88, 0x88, 0x88, 0x88, 0x88, 0x88, 0x88,
  0x8f, 0x88, 0x88, 0x88, 0x88, 0x88, 0x88, 0x88, 0x8f, 0x88, 0x88, 0x88, 0x8f, 0x88, 0x88, 0x88, 0x8f, 0x88, 0x88, 0x88, 0x88, 0x88, 0x88, 0x88,
  0x8f, 0x88, 0x88, 0x88, 0x8f, 0x88, 0x88, 0x88, 0x8f, 0x88, 0x88, 0x88, 0x8f, 0x88, 0x88, 0x88, 0x88, 0x88, 0x88, 0x88, 0x89, 0x88, 0x88, 0x88,
  0x8f, 0x88, 0x88, 0x88, 0x8f, 0x88, 0x88, 0x88, 0x8f, 0x88, 0x88, 0x88, 0x8f, 0x88, 0x88, 0x88, 0xff, 0x88, 0x88, 0x88, 0x8f, 0x88, 0x08, 0x88,
  0x8f, 0x88, 0x88, 0x88, 0x8f, 0x88, 0x88, 0x88, 0x8f, 0x88, 0x88, 0x8f, 0x88, 0x88, 0x88, 0x88, 0x8f, 0x88, 0x88, 0x88, 0x8f, 0x88, 0x88, 0x88,
  0x8f, 0x88, 0x88, 0x8f, 0x8e, 0x88, 0x88, 0x8f, 0x8f, 0x88, 0x88, 0x88, 0x8f, 0x88, 0x88, 0x88, 0x8f, 0x88, 0x88, 0x8f, 0x8f, 0x88, 0x88, 0x88,
  0x8f, 0x88, 0x88, 0x88, 0xff, 0x88, 0x88, 0x89, 0x8f, 0x88, 0x88, 0x88, 0xfe, 0x88, 0x88, 0x88, 0x8f, 0x88, 0x88, 0x8f, 0x8e, 0x88, 0x88, 0x8f,
  0x8f, 0x88, 0x88, 0x88, 0x8f, 0x88, 0x88, 0x88, 0x8f, 0x88, 0x88, 0x88, 0x8c, 0x88, 0x88, 0x88, 0x8f, 0x88, 0x88, 0x88, 0x8f, 0x88, 0x88, 0x88,
  0x8a, 0x88, 0x88, 0x88, 0x8f, 0x88, 0x88, 0x88, 0x8f, 0x88, 0x88, 0x88, 0x8b, 0x88, 0x88, 0x88, 0x8f, 0x88, 0x88, 0x88, 0x8e, 0x88, 0x88, 0x88,
  0x8c, 0x88, 0x88, 0x88, 0x88, 0x88, 0x88, 0x88, 0x88, 0x88, 0x88, 0x88, 0x88, 0x88, 0x88, 0x88, 0x8f, 0x88, 0x88, 0x88, 0x88, 0x88, 0x88, 0x88,
  0x88, 0x88, 0x88, 0x88, 0x8f, 0x88, 0x88, 0x88, 0x88, 0x88, 0x88, 0x88, 0x88, 0x88, 0x88, 0x88, 0x88, 0x88, 0x88, 0x88, 0x8f, 0xf8, 0x88, 0x88,
  0x88, 0x88, 0x88, 0x88, 0x88, 0x88, 0x88, 0x88, 0x8f, 0x88, 0x88, 0x88, 0x87, 0x88, 0x88, 0x80, 0x8f, 0x88, 0x88, 0x88, 0x88, 0x88, 0x88, 0x88,
  0x8f, 0x88, 0x88, 0x88, 0x8f, 0x88, 0x88, 0x88, 0x8f, 0x88, 0x88, 0x88, 0x88, 0x88, 0x88, 0x88, 0x8f, 0x88, 0x88, 0x88, 0x8f, 0x88, 0x88, 0x88,
  0x8b, 0x88, 0x88, 0x88, 0x8a, 0x88, 0x88, 0x88, 0x88, 0x88, 0x88, 0x88, 0x8f, 0x88, 0x88, 0x88, 0x8f, 0x88, 0x88, 0x88, 0x8f, 0x88, 0x88, 0x88,
  0x8f, 0x88, 0x88, 0x88, 0x8f, 0x88, 0x88, 0x88, 0x8f, 0x88, 0x88, 0x88, 0x8f, 0x88, 0x88, 0x88, 0x8f, 0x88, 0x88, 0x88, 0x8f, 0x88, 0x88, 0x88,
  0x8b, 0x88, 0x88, 0x88, 0x88, 0x88, 0x88, 0x88, 0x8f, 0x88, 0x88, 0x88, 0x8f, 0x88, 0x88, 0x88, 0x8b, 0x88, 0x88, 0x88, 0x8e, 0x88, 0x88, 0x88,
  0x8f, 0x88, 0x88, 0x88, 0x8f, 0x88, 0x88, 0x88, 0x8e, 0xf8, 0x88, 0x88, 0x8f, 0x88, 0x88, 0x88, 0x8f, 0x88, 0x88, 0x88, 0x8f, 0x88, 0x8f, 0x8f,
  0x8e, 0x88, 0x88, 0x88, 0x8f, 0xf8, 0x88, 0x88, 0x8f, 0x80, 0x88, 0x88, 0x8e, 0x8f, 0x88, 0x88, 0xff, 0x88, 0x88, 0x88, 0x8f, 0x88, 0x88, 0x88,
  0x8e, 0x88, 0x88, 0x88, 0x8c, 0x88, 0x88, 0x88, 0xff, 0x88, 0x88, 0x88, 0x8f, 0x88, 0x88, 0x88, 0x8f, 0x88, 0x88, 0x88, 0x8f, 0x88, 0x88, 0x88,
  0x88, 0x88, 0x88, 0x88, 0x8f, 0x88, 0x88, 0x88, 0x8e, 0x88, 0x88, 0x88, 0x8f, 0x88, 0x88, 0x88, 0x8f, 0x88, 0x88, 0x88, 0x88, 0x88, 0x88, 0x88,
  0x88, 0x88, 0x88, 0x88, 0x88, 0x88, 0x88, 0x88, 0x88, 0x88, 0x88, 0x88, 0x88, 0x88, 0x88, 0x88, 0x88, 0x88, 0x88, 0x88, 0x88, 0x88, 0x88, 0x88,
  0x88, 0x88, 0x88, 0x88, 0x88, 0x88, 0x88, 0x88, 0x88, 0x88, 0x88, 0x88, 0x8f, 0x08, 0x88, 0x88, 0x88, 0x88, 0x88, 0x88, 0x88, 0x88, 0x88, 0x88,
  0x8f, 0x88, 0x88, 0x88, 0x8b, 0x88, 0x88, 0x88, 0x88, 0x88, 0x00, 0x80, 0x88, 0x88, 0x00, 0x80, 0x88, 0x08, 0x00, 0x80, 0x88, 0x88, 0x08, 0x80,
  0x88, 0x88, 0x88, 0x80, 0x88, 0x88, 0x05, 0x80, 0x88, 0x88, 0x08, 0x80, 0x88, 0x08, 0x00, 0x80, 0x88, 0x08, 0x00, 0x80, 0x88, 0x88, 0x80, 0x80,
  0x88, 0x88, 0x88, 0x80, 0x88, 0x88, 0x00, 0x80, 0x88, 0x88, 0x88, 0x80, 0x88, 0x08, 0x00, 0x80, 0x88, 0x88, 0x08, 0x80, 0x88, 0x08, 0x80, 0x80,
  0x88, 0x08, 0x00, 0x80, 0x88, 0x08, 0x00, 0x80, 0x88, 0x88, 0x00, 0x80, 0x88, 0x08, 0x00, 0x80, 0x88, 0x88, 0x00, 0x80, 0x88, 0x08, 0x00, 0x80,
  0x88, 0x88, 0x08, 0x80, 0x88, 0x08, 0x04, 0x80, 0x88, 0x88, 0x00, 0x80, 0x88, 0x08, 0x00, 0x80, 0x88, 0x88, 0x00, 0x80, 0x88, 0x08, 0x08, 0x80,
  0x88, 0x08, 0x00, 0x80, 0x88, 0x88, 0x00, 0x80, 0x88, 0x08, 0x00, 0x80, 0x88, 0x08, 0x00, 0x80, 0x88, 0x08, 0x00, 0x80, 0x88, 0x88, 0x00, 0x80,
  0x88, 0x88, 0x00, 0x80, 0x88, 0x08, 0x00, 0x80, 0x08, 0x08, 0x00, 0x80, 0x88, 0x88, 0x00, 0x80, 0x88, 0x08, 0x00, 0x80, 0x88, 0x08, 0x00, 0x80,
  0x88, 0x08, 0x00, 0x80, 0x88, 0x08, 0x00, 0x80, 0x88, 0x08, 0x00, 0x80, 0x88, 0x08, 0x00, 0x80, 0x88, 0x08, 0x00, 0x80, 0x88, 0x08, 0x50, 0x80,
  0x88, 0x88, 0x00, 0x80, 0x88, 0x08, 0x00, 0x80, 0x88, 0x08, 0x00, 0x80, 0x88, 0x00, 0x00, 0x80, 0x88, 0x08, 0x00, 0x80, 0x88, 0x08, 0x00, 0x80,
  0x88, 0x00, 0x00, 0x80, 0x88, 0x48, 0x35, 0x80, 0x88, 0x08, 0x00, 0x80, 0x88, 0x18, 0x02, 0x80, 0x88, 0x58, 0x27, 0x80, 0x88, 0x08, 0x00, 0x80,
  0x88, 0x08, 0x41, 0x82, 0x88, 0x00, 0x00, 0x80, 0x88, 0x88, 0x00, 0x80, 0x88, 0x88, 0x88, 0x88, 0x88, 0x88, 0x88, 0x88, 0x88, 0x08, 0x01, 0x80,
  0x88, 0x88, 0x88, 0x88, 0x88, 0x88, 0x88, 0x88, 0x88, 0x88, 0x88, 0x88, 0x88, 0x88, 0x88, 0x88, 0x88, 0x88, 0x88, 0x88, 0x88, 0x88, 0x88, 0x88,
  0x88, 0x88, 0x88, 0x88, 0x88, 0x88, 0x88, 0x88, 0x88, 0x88, 0x88, 0x88, 0x88, 0x88, 0x88, 0x88, 0x88, 0x88, 0x88, 0x88, 0x88, 0x88, 0x88, 0x88,
  0x88, 0x88, 0x88, 0x88, 0x80, 0x88, 0x88, 0x88, 0x88, 0x88, 0x88, 0x88, 0x88, 0x88, 0x88, 0x88, 0x88, 0x88, 0x88, 0x88, 0x88, 0x88, 0x88, 0x88,
  0x88, 0x88, 0x88, 0x88, 0x88, 0x88, 0x88, 0x88, 0x88, 0x88, 0x88, 0x88, 0x88, 0x88, 0x88, 0x88, 0x88, 0x88, 0x88, 0x88, 0x88, 0x88, 0x88, 0x88,
  0x88, 0x88, 0x88, 0x88, 0x88, 0x88, 0x88, 0x88, 0x88, 0x88, 0x88, 0x88, 0x88, 0x88, 0x88, 0x88, 0x88, 0x88, 0x88, 0x88, 0x88, 0x88, 0x88, 0x88,
  0x80, 0x88, 0x88, 0x88, 0x80, 0x88, 0x88, 0x88, 0x88, 0x88, 0x88, 0x88, 0x88, 0x88, 0x88, 0x88, 0x88, 0x88, 0x88, 0x88, 0x88, 0x88, 0x88, 0x88,
  0x88, 0x88, 0x88, 0x88, 0x88, 0x88, 0x88, 0x88, 0x88, 0x88, 0x88, 0x88, 0x88, 0x88, 0x88, 0x88, 0x88, 0x88, 0x88, 0x88, 0x88, 0x88, 0x88, 0x88,
  0x88, 0x88, 0x88, 0x88, 0x80, 0x88, 0x88, 0x88, 0x80, 0x88, 0x88, 0x88, 0x80, 0x88, 0x88, 0x88, 0x88, 0x88, 0x88, 0x88, 0x80, 0x88, 0x88, 0x88,
  0x03, 0x80, 0x88, 0x88, 0x05, 0x80, 0x88, 0x80, 0x05, 0x88, 0x8f, 0x88, 0x50, 0x86, 0x88, 0x88, 0x66, 0x80, 0x88, 0x88, 0x88, 0x87, 0x88, 0x88,
  0x8a, 0x80, 0x88, 0x88, 0x86, 0x88, 0x88, 0x88, 0x8f, 0x8f, 0x88, 0x88, 0xfd, 0x88, 0x88, 0x88, 0x88, 0x88, 0x88, 0x88, 0x88, 0x88, 0x88, 0x88,
  0x88, 0x88, 0x88, 0x88, 0x88, 0x88, 0x88, 0x88, 0x88, 0x88, 0x88, 0x88, 0x85, 0x88, 0x88, 0x88, 0x8f, 0x88, 0x88, 0x88, 0x8d, 0x88, 0x88, 0x88,
  0x8e, 0x88, 0x88, 0x88, 0x8d, 0x88, 0x88, 0x88, 0x8f, 0x88, 0x88, 0x88, 0x8f, 0x88, 0x88, 0x88, 0x8f, 0x88, 0x88, 0x88, 0x8a, 0x88, 0x88, 0x88,
  0x8f, 0x88, 0x88, 0x88, 0x8f, 0x88, 0x88, 0x88, 0x8f, 0x88, 0x88, 0x88, 0x88, 0x88, 0x88, 0x88, 0x8f, 0x88, 0x88, 0x88, 0x8c, 0x88, 0x88, 0x88,
  0x8e, 0x88, 0x88, 0x88, 0x8f, 0x88, 0x88, 0x88, 0x8f, 0x88, 0x88, 0x88, 0x8f, 0x88, 0x88, 0x88, 0x8f, 0x88, 0x88, 0x88, 0x8f, 0x88, 0x88, 0x88,
  0x8f, 0x88, 0x88, 0x88, 0x8a, 0x88, 0x88, 0x88, 0x8b, 0x88, 0x88, 0x88, 0x8f, 0x88, 0x88, 0x88, 0x8f, 0x88, 0x88, 0x88, 0x8d, 0x88, 0x88, 0x88,
  0x8b, 0x88, 0x88, 0x88, 0x8f, 0x88, 0x88, 0x88, 0x8f, 0x88, 0x88, 0x88, 0x8f, 0x88, 0x88, 0x88, 0x8f, 0x88, 0x88, 0x88, 0x88, 0x88, 0x88, 0x88,
  0x8b, 0x88, 0x88, 0x88, 0x8f, 0x88, 0x88, 0x88, 0x8f, 0x88, 0x88, 0x88, 0x8f, 0x88, 0x88, 0x88, 0x88, 0x88, 0x88, 0x88, 0x8f, 0x88, 0x88, 0x88,
  0x8f, 0x88, 0x88, 0x88, 0x8a, 0x88, 0x88, 0x88, 0x8f, 0x88, 0x88, 0x88, 0x8f, 0x88, 0x88, 0x88, 0x8f, 0x88, 0x88, 0x88, 0x8f, 0x88, 0x88, 0x88,
  0x8f, 0x88, 0x88, 0x88, 0x8f, 0x88, 0x88, 0x88, 0x8f, 0x88, 0x88, 0x88, 0x8f, 0x88, 0x88, 0x88, 0x8c, 0x88, 0x88, 0x88, 0x8f, 0x88, 0x88, 0x88,
  0x8f, 0x88, 0x88, 0x88, 0x8f, 0x88, 0x88, 0x88, 0x8f, 0x88, 0x88, 0x88, 0x88, 0x88, 0x88, 0x88, 0x8f, 0x88, 0x88, 0x88, 0x88, 0x88, 0x88, 0x88,
  0x88, 0x88, 0x88, 0x88, 0x8f, 0x88, 0x88, 0x88, 0x8e, 0x88, 0x88, 0x88, 0x8b, 0x88, 0x88, 0x88, 0x8c, 0x88, 0x88, 0x88, 0x88, 0x88, 0x88, 0x88,
  0x88, 0x88, 0x88, 0x88, 0x88, 0x88, 0x88, 0x88, 0x88, 0x88, 0x88, 0x88, 0x88, 0x88, 0x88, 0x88, 0x88, 0x88, 0x88, 0x88, 0x88, 0x88, 0x88, 0x88,
  0x88, 0x88, 0x88, 0x88, 0x88, 0x88, 0x88, 0x88, 0x88, 0x88, 0x88, 0x88, 0x88, 0x88, 0x88, 0x88, 0x88, 0x88, 0x88, 0x88, 0x88, 0x88, 0x88, 0x88,
  0x88, 0x88, 0x88, 0x88, 0x88, 0x88, 0x88, 0x88, 0x88, 0x88, 0x88, 0x88, 0x88, 0x88, 0x88, 0x88, 0x88, 0x88, 0x88, 0x88, 0x88, 0x88, 0x88, 0x88,
  0x88, 0x88, 0x88, 0x88, 0x88, 0x88, 0x88, 0x88, 0x88, 0x88, 0x88, 0x88, 0x88, 0x88, 0x88, 0x88, 0x88, 0x88, 0x88, 0x88, 0x88, 0x88, 0x88, 0x88,
  0x88, 0x88, 0x88, 0x88, 0x88, 0x88, 0x88, 0x88, 0x88, 0x88, 0x88, 0x88, 0x88, 0x88, 0x88, 0x88, 0x88, 0x88, 0x88, 0x88, 0x88, 0x88, 0x88, 0x88,
  0x88, 0x88, 0x88, 0x88, 0x88, 0x88, 0x88, 0x88, 0x88, 0x88, 0x88, 0x88, 0x88, 0x88, 0x88, 0x88, 0x88, 0x88, 0x88, 0x88, 0x88, 0x88, 0x88, 0x88,
  0x88, 0x88, 0x88, 0x88, 0x88, 0x88, 0x88, 0x88, 0x88, 0x88, 0x88, 0x88, 0x88, 0x88, 0x88, 0x88, 0x88, 0x88, 0x88, 0x88, 0x88, 0x88, 0x88, 0x88,
  0x88, 0x88, 0x88, 0x88, 0x88, 0x88, 0x88, 0x88, 0x88, 0x88, 0x88, 0x88, 0x88, 0x88, 0x88, 0x88, 0x88, 0x88, 0x88, 0x88, 0x88, 0x88, 0x88, 0x88,
  0x88, 0x88, 0x88, 0x88, 0x88, 0x88, 0x88, 0x88, 0x88, 0x88, 0x88, 0x88, 0x88, 0x88, 0x88, 0x88, 0x88, 0x88, 0x88, 0x88, 0x88, 0x88, 0x88, 0x88,
  0x88, 0x88, 0x88, 0x88, 0x88, 0x88, 0x88, 0x88, 0x88, 0x88, 0x88, 0x88, 0x88, 0x88, 0x88, 0x88, 0x88, 0x88, 0x88, 0x88, 0x88, 0x88, 0x88, 0x88,
  0x88, 0x88, 0x88, 0x88, 0x88, 0x88, 0x88, 0x88, 0x87, 0x88, 0x88, 0x88, 0x88, 0x88, 0x88, 0x88, 0x88, 0x88, 0x88, 0x88, 0x88, 0x88, 0x88, 0x88,
  0x88, 0x88, 0x88, 0x88, 0x88, 0x88, 0x88, 0x88, 0x88, 0x88, 0x88, 0x88, 0x88, 0x88, 0x88, 0x88, 0x88, 0x88, 0x88, 0x88, 0x88, 0x88, 0x88, 0x88,
  0x88, 0x88, 0x88, 0x88, 0x88, 0x88, 0x88, 0x88, 0x88, 0x88, 0x88, 0x88, 0x88, 0x88, 0x88, 0x88, 0x88, 0x88, 0x88, 0x88, 0x88, 0x88, 0x88, 0x88,
  0x88, 0x88, 0x88, 0x88, 0x88, 0x88, 0x88, 0x88, 0x88, 0x88, 0x88, 0x88, 0x88, 0x88, 0x88, 0x88, 0x88, 0x88, 0x88, 0x88, 0x88, 0x88, 0x88, 0x88,
  0x88, 0x88, 0x88, 0x88, 0x88, 0x88, 0x88, 0x88, 0x88, 0x88, 0x88, 0x88, 0x88, 0x88, 0x88, 0x88, 0x88, 0x88, 0x88, 0x88, 0x88, 0x88, 0x88, 0x88,
  0x88, 0x88, 0x88, 0x88, 0x88, 0x88, 0x88, 0x88, 0x88, 0x88, 0x88, 0x88, 0x88, 0x88, 0x88, 0x88, 0x88, 0x88, 0x88, 0x88, 0x88, 0x88, 0x88, 0x88,
  0x88, 0x88, 0x88, 0x88, 0x88, 0x88, 0x88, 0x88, 0x88, 0x88, 0x88, 0x88, 0x88, 0x88, 0x88, 0x88, 0x88, 0x88, 0x88, 0x88, 0x88, 0x88, 0x88, 0x88,
  0x88, 0x88, 0x88, 0x88, 0x88, 0x88, 0x88, 0x88, 0x88, 0x88, 0x88, 0x88, 0x88, 0x88, 0x88, 0x88, 0x88, 0x88, 0x88, 0x88, 0x88, 0x88, 0x88, 0x88,
  0x88, 0x88, 0x88, 0x88, 0x88, 0x88, 0x88, 0x88, 0x88, 0x88, 0x88, 0x88, 0x88, 0x88, 0x88, 0x88, 0x88, 0x88, 0x88, 0x88, 0x88, 0x88, 0x88, 0x88,
  0x88, 0x88, 0x88, 0x88, 0x88, 0x88, 0x88, 0x88, 0x88, 0x88, 0x88, 0x88, 0x88, 0x88, 0x88, 0x88, 0x88, 0x88, 0x88, 0x88, 0x88, 0x88, 0x88, 0x88,
  0x88, 0x88, 0x88, 0x88, 0x88, 0x88, 0x88, 0x88, 0x88, 0x88, 0x88, 0x88, 0x88, 0x88, 0x88, 0x88, 0x88, 0x88, 0x88, 0x88, 0x88, 0x88, 0x88, 0x88,
  0x88, 0x88, 0x88, 0x88, 0x88, 0x88, 0x88, 0x88, 0x88, 0x88, 0x88, 0x88, 0x88, 0x88, 0x88, 0x88, 0x88, 0x88, 0x8f, 0x88, 0x88, 0x88, 0xff, 0x88,
  0x88, 0x88, 0xff, 0x88, 0x88, 0x88, 0x8f, 0x88, 0x88, 0xf8, 0xf8, 0x88, 0x88, 0x88, 0xff, 0x88, 0x88, 0xf8, 0xff, 0x88, 0x88, 0x88, 0xff, 0x88,
  0x88, 0xf8, 0xff, 0x88, 0x88, 0xf8, 0x88, 0x88, 0x88, 0xf8, 0x8f, 0x88, 0x88, 0xf8, 0x8f, 0x88, 0x88, 0xf8, 0x8f, 0x88, 0x88, 0xf8, 0x8f, 0x88,
  0x88, 0xf8, 0xff, 0x88, 0x88, 0x88, 0xff, 0x88, 0x88, 0xf8, 0xff, 0x88, 0x88, 0x88, 0xff, 0x88, 0x88, 0x88, 0xf8, 0x88, 0x88, 0x88, 0xff, 0x88,
  0x88, 0x88, 0xff, 0x88, 0x88, 0xf8, 0x8f, 0x88, 0x88, 0xf8, 0x8f, 0x88, 0x88, 0xf8, 0xff, 0x88, 0x88, 0xf8, 0xff, 0x8f, 0x88, 0xf8, 0x8f, 0x8f,
  0x88, 0xf8, 0xff, 0x88, 0x88, 0xf8, 0xf8, 0x88, 0x88, 0x88, 0xff, 0x88, 0x88, 0x88, 0xff, 0x88, 0x88, 0x88, 0xff, 0x8f, 0x88, 0x88, 0xff, 0x8f,
  0x88, 0x88, 0x8f, 0x8f, 0x88, 0x88, 0x8f, 0x88, 0x88, 0x88, 0xff, 0x8f, 0x88, 0x88, 0xff, 0x8f, 0x88, 0x88, 0xf8, 0x88, 0x88, 0x88, 0xff, 0x88,
  0x88, 0x88, 0x88, 0x88, 0x88, 0x88, 0xff, 0x88, 0x88, 0x88, 0xff, 0x88, 0x88, 0x88, 0xff, 0x88, 0x88, 0x88, 0xff, 0x88, 0x88, 0x88, 0xff, 0x88,
  0x88, 0xf8, 0xff, 0x88, 0x88, 0x88, 0xff, 0x88, 0x88, 0x88, 0x8f, 0x88, 0x88, 0x88, 0xff, 0x8f, 0x88, 0x88, 0xff, 0x8f, 0x88, 0x88, 0x88, 0x88,
  0x88, 0x88, 0x8f, 0x88, 0x88, 0x88, 0x88, 0x88, 0x88, 0x88, 0x8f, 0x88, 0x88, 0x88, 0x8f, 0x88, 0x88, 0x88, 0x8f, 0x88, 0x88, 0x88, 0x8f, 0x88,
  0x88, 0x88, 0x88, 0x88, 0x88, 0x88, 0xff, 0x88, 0x88, 0x88, 0xf8, 0x8f, 0x88, 0x88, 0xf8, 0x8f, 0x88, 0x88, 0xf8, 0x8f, 0x88, 0x88, 0x88, 0x88,
  0x88, 0xf8, 0xff, 0x8f, 0x88, 0xf8, 0xff, 0x8f, 0x88, 0x88, 0xff, 0x88, 0x88, 0x88, 0xff, 0x88, 0x88, 0x88, 0xff, 0x8f, 0x88, 0x88, 0xff, 0x88,
  0x88, 0x88, 0xff, 0x88, 0x88, 0x88, 0xff, 0x8f, 0x88, 0x88, 0xff, 0x88, 0x88, 0x88, 0xff, 0x88, 0x88, 0x88, 0x8f, 0x88, 0x88, 0x88, 0x8f, 0x88,
  0x88, 0x88, 0x8f, 0x88, 0x88, 0x88, 0x8f, 0x88, 0x88, 0x88, 0xff, 0x88, 0x88, 0x88, 0x8f, 0x88, 0x88, 0x88, 0xff, 0x88, 0x88, 0x88, 0xff, 0x8f,
  0x88, 0x88, 0xff, 0x8f, 0x88, 0x88, 0xf8, 0x8f, 0x88, 0x88, 0xff, 0x88, 0x88, 0x88, 0xff, 0x8f, 0x88, 0x88, 0xff, 0x8f, 0x88, 0x88, 0xff, 0x8f,
  0x88, 0x88, 0x8f, 0x8f, 0x88, 0x88, 0xff, 0x88, 0x88, 0x88, 0xf8, 0x8f, 0x88, 0x88, 0xff, 0x8f, 0x88, 0x88, 0x8f, 0x88, 0x88, 0x88, 0xff, 0x88,
  0x88, 0x88, 0xff, 0x8f, 0x88, 0x88, 0xff, 0x88, 0x88, 0x88, 0xff, 0x88, 0x88, 0x88, 0xf8, 0x8f, 0x88, 0x88, 0x88, 0x88, 0x88, 0x88, 0xff, 0x88,
  0x88, 0x88, 0xff, 0x8f, 0x88, 0x88, 0xff, 0x88, 0x88, 0x88, 0xff, 0x88, 0x88, 0x88, 0x8f, 0x88, 0x88, 0x88, 0x8f, 0x88, 0x88, 0x88, 0x88, 0x88,
  0x88, 0x88, 0xff, 0x8f, 0x88, 0x88, 0xff, 0x88, 0x88, 0x88, 0xff, 0x88, 0x88, 0x88, 0xff, 0x88, 0x88, 0x88, 0xff, 0x88, 0x88, 0x88, 0x88, 0x88,
  0x88, 0x88, 0xff, 0x88, 0x88, 0x88, 0xff, 0x88, 0x88, 0x88, 0x8f, 0x8f, 0x88, 0x88, 0x88, 0x88, 0x88, 0x88, 0x88, 0x88, 0x88, 0x88, 0x88, 0x88,
  0x88, 0x88, 0x88, 0x88, 0x88, 0x88, 0x88, 0x88, 0x88, 0x88, 0x8f, 0x88, 0x88, 0x88, 0x88, 0x88, 0x88, 0x88, 0x88, 0x88, 0x88, 0x88, 0xff, 0x88,
  0x88, 0x88, 0xff, 0x88, 0x88, 0x88, 0xf8, 0x8f, 0x88, 0x88, 0xff, 0x8f, 0x88, 0x88, 0x88, 0x88, 0x88, 0xf8, 0xff, 0x8f, 0x88, 0xf8, 0xff, 0x8f,
  0x88, 0x88, 0x88, 0x88, 0x88, 0x88, 0x88, 0x88, 0x88, 0x88, 0x88, 0x88, 0x88, 0x88, 0x88, 0x88, 0x88, 0x88, 0x88, 0x88, 0x88, 0x88, 0x88, 0x88,
  0x88, 0x88, 0x88, 0x88, 0x88, 0x88, 0x88, 0x88, 0x88, 0x88, 0x88, 0x88, 0x88, 0x88, 0x88, 0x88, 0x88, 0x88, 0x88, 0x88, 0x88, 0x88, 0x88, 0x88,
  0x88, 0x88, 0x88, 0x88, 0x88, 0x88, 0x88, 0x88, 0x88, 0x88, 0x88, 0x88, 0x88, 0x88, 0x88, 0x88, 0x88, 0x88, 0x88, 0x88, 0x88, 0x88, 0x88, 0x88,
  0x88, 0x88, 0x88, 0x88, 0x88, 0x88, 0x88, 0x88, 0x88, 0x88, 0x88, 0x88, 0x88, 0x88, 0x88, 0x88, 0x88, 0x88, 0x88, 0x88, 0x88, 0x88, 0x88, 0x88,
  0x88, 0x88, 0x88, 0x88, 0x88, 0x88, 0x88, 0x88, 0x88, 0x88, 0x88, 0x88, 0x88, 0x88, 0x88, 0x88, 0x88, 0x88, 0x88, 0x88, 0x88, 0x88, 0x88, 0x88,
  0x88, 0x88, 0x88, 0x88, 0x88, 0x88, 0x88, 0x88, 0x88, 0x88, 0x88, 0x88, 0x88, 0x88, 0x88, 0x88, 0x88, 0x88, 0x88, 0x88, 0x88, 0x88, 0x88, 0x88,
  0x88, 0x88, 0x88, 0x88, 0x88, 0x88, 0x88, 0x88, 0x88, 0x88, 0x88, 0x88, 0x88, 0x88, 0x88, 0x88, 0x88, 0x88, 0x88, 0x88, 0x88, 0x88, 0x88, 0x88,
  0x88, 0x88, 0x88, 0x88, 0x88, 0x88, 0x88, 0x88, 0x88, 0x88, 0x88, 0x88, 0x88, 0x88, 0x88, 0x88, 0x88, 0x88, 0x88, 0x88, 0x88, 0x88, 0x88, 0x88,
  0x88, 0x88, 0x88, 0x88, 0x88, 0x88, 0x88, 0x88, 0x88, 0x88, 0x88, 0x88, 0x88, 0x88, 0x88, 0x88, 0x88, 0x88, 0x88, 0x88, 0x88, 0x88, 0x88, 0x88,
  0x88, 0x88, 0x88, 0x88, 0x88, 0x88, 0x88, 0x88, 0x88, 0x88, 0x88, 0x88, 0x88, 0x88, 0x88, 0x88, 0x88, 0x88, 0x88, 0x88, 0x88, 0x88, 0x88, 0x88,
  0x88, 0x88, 0x88, 0x88, 0x88, 0x88, 0x88, 0x88, 0x88, 0x88, 0x88, 0x88, 0x88, 0x88, 0x88, 0x88, 0x88, 0x88, 0xf8, 0x88, 0x88, 0x88, 0x88, 0x88,
  0x88, 0x88, 0x88, 0x88, 0x88, 0x88, 0x88, 0x88, 0x88, 0x88, 0x88, 0x88, 0x88, 0x88, 0x88, 0x88, 0x88, 0x88, 0x88, 0x88, 0x88, 0x88, 0x08, 0x88,
  0x88, 0x88, 0x88, 0x88, 0x88, 0x88, 0x88, 0x88, 0x88, 0x88, 0x88, 0x88, 0x88, 0x88, 0x88, 0x88, 0x88, 0x88, 0x88, 0x88, 0x88, 0x88, 0x88, 0x88,
  0x88, 0x88, 0x88, 0x88, 0x88, 0x88, 0x88, 0x88, 0x88, 0x88, 0x88, 0x88, 0x88, 0x88, 0xf8, 0x88, 0x88, 0x88, 0xff, 0x88, 0x88, 0x88, 0x88, 0x88,
  0x88, 0x88, 0x80, 0x88, 0x88, 0x88, 0x88, 0x88, 0x88, 0x88, 0x88, 0x88, 0x88, 0x88, 0x88, 0x80, 0x88, 0x88, 0x88, 0x80, 0x88, 0x88, 0xf8, 0x80,
  0x88, 0x88, 0x88, 0x88, 0x88, 0x88, 0x88, 0x88, 0x88, 0x88, 0x88, 0x88, 0x88, 0x88, 0x88, 0x88, 0x88, 0x88, 0xf8, 0x88, 0x88, 0x88, 0xf0, 0x88,
  0x88, 0x88, 0x88, 0x88, 0x88, 0x88, 0x88, 0x88, 0x88, 0x88, 0x88, 0x80, 0x88, 0x88, 0x88, 0x88, 0x88, 0x88, 0x88, 0x88, 0x88, 0x88, 0x8f, 0x88,
  0x88, 0x88, 0x88, 0x88, 0x88, 0x88, 0x88, 0x88, 0x88, 0x88, 0x88, 0x88, 0x88, 0x88, 0x88, 0x88, 0x88, 0x88, 0xf8, 0x88, 0x88, 0x88, 0x88, 0x88,
  0x88, 0x88, 0xff, 0x8f, 0x88, 0x88, 0xf8, 0x80, 0x88, 0x88, 0xff, 0x80, 0x88, 0x88, 0x88, 0x88, 0x88, 0x88, 0xff, 0x88, 0x88, 0x88, 0x88, 0x88,
  0x88, 0x88, 0xff, 0x88, 0x88, 0x88, 0x88, 0x80, 0x88, 0x88, 0xf8, 0x88, 0x88, 0x88, 0x88, 0x88, 0x88, 0x88, 0xff, 0x80, 0x88, 0x88, 0xff, 0x89,
  0x88, 0x88, 0x88, 0x88, 0x88, 0x88, 0x88, 0x80, 0x88, 0x88, 0xff, 0x88, 0x88, 0x88, 0xff, 0x80, 0x88, 0x88, 0x8f, 0x88, 0x88, 0x88, 0x88, 0x88,
  0x88, 0x88, 0x88, 0x88, 0x88, 0x88, 0x88, 0x88, 0x88, 0xf8, 0x8f, 0x88, 0x88, 0xf8, 0xff, 0x88, 0x88, 0xf8, 0xff, 0x88, 0x88, 0xf8, 0xff, 0x88,
  0x88, 0xf8, 0x8f, 0x88, 0x88, 0xf8, 0xff, 0x88, 0x88, 0xf8, 0x8f, 0x88, 0x88, 0xf8, 0x8f, 0x88, 0x88, 0xf8, 0x8f, 0x88, 0x88, 0xf8, 0x8f, 0x88,
  0x88, 0xf8, 0xff, 0x88, 0x88, 0xf8, 0x8f, 0x88, 0x88, 0xf8, 0x8f, 0x88, 0x88, 0xf8, 0x8f, 0x88, 0x88, 0xf8, 0x8f, 0x88, 0x88, 0xf8, 0xff, 0x88,
  0x88, 0xf8, 0x8f, 0x88, 0x88, 0xf8, 0x8f, 0x88, 0x88, 0xf8, 0xff, 0x88, 0x88, 0xf8, 0xff, 0x88, 0x88, 0xf8, 0x8f, 0x88, 0x88, 0xf8, 0x8f, 0x88,
  0x88, 0xf8, 0x8f, 0x88, 0x88, 0xf8, 0x8f, 0x88, 0x88, 0xf8, 0x8f, 0x88, 0x88, 0xf8, 0x8f, 0x88, 0x88, 0xf8, 0x8f, 0x88, 0x88, 0xf8, 0xff, 0x88,
  0x88, 0xf8, 0xff, 0x8f, 0x88, 0xf8, 0xff, 0x88, 0x88, 0xf8, 0x8f, 0x88, 0x88, 0xf8, 0x8f, 0x88, 0x88, 0xf8, 0xff, 0x88, 0x88, 0xf8, 0x8f, 0x88,
  0x88, 0xf8, 0x8f, 0x88, 0x88, 0xf8, 0x8f, 0x88, 0x88, 0xf8, 0x8f, 0x88, 0x88, 0xf8, 0x8f, 0x88, 0x88, 0xf8, 0x8f, 0x88, 0x88, 0xf8, 0x8f, 0x88,
  0x88, 0xf8, 0x8f, 0x88, 0x88, 0xf8, 0xff, 0x8f, 0x88, 0xf8, 0xff, 0x88, 0x88, 0xf8, 0xff, 0x88, 0x88, 0xf8, 0xff, 0x88, 0x88, 0xf8, 0xff, 0x88,
  0x88, 0xf8, 0x8f, 0x88, 0x88, 0xf8, 0xff, 0x88, 0x88, 0xf8, 0xff, 0x88, 0x88, 0x88, 0x8f, 0x88, 0x88, 0x88, 0x8f, 0x88, 0x88, 0x88, 0x88, 0x88,
  0x88, 0x88, 0x88, 0x88, 0x88, 0x88, 0x8f, 0x88, 0x88, 0x88, 0x8f, 0x88, 0x88, 0x88, 0x8f, 0x88, 0x88, 0x88, 0x8f, 0x88, 0x88, 0xf8, 0xff, 0x88,
  0x88, 0xf8, 0x8f, 0x88, 0x88, 0x88, 0x88, 0x8f, 0x88, 0x88, 0x88, 0x8f, 0x88, 0x88, 0x88, 0x88, 0x88, 0xf8, 0xff, 0x8f, 0x88, 0xf8, 0xff, 0x8f,
  0x88, 0x88, 0x88, 0x88, 0x88, 0x88, 0x88, 0x88, 0x88, 0x88, 0x88, 0x88, 0x88, 0x88, 0x88, 0x88, 0x88, 0x88, 0x88, 0x88, 0x88, 0x88, 0x88, 0x88,
  0x88, 0x88, 0x88, 0x88, 0x88, 0x88, 0x88, 0x88, 0x88, 0x88, 0x88, 0x88, 0x88, 0x88, 0x88, 0x88, 0x88, 0x88, 0x88, 0x88, 0x88, 0x88, 0x88, 0x88,
  0x88, 0x88, 0x88, 0x88, 0x88, 0x88, 0x88, 0x88, 0x88, 0x88, 0x88, 0x88, 0x88, 0x88, 0x88, 0x88, 0x88, 0x88, 0x88, 0x88, 0x88, 0x88, 0x88, 0x88,
  0x88, 0x88, 0x88, 0x88, 0x88, 0x88, 0x88, 0x88, 0x88, 0x88, 0x88, 0x88, 0x88, 0x88, 0x88, 0x88, 0x88, 0x88, 0x88, 0x88, 0x88, 0x88, 0x88, 0x88,
  0x88, 0x88, 0x88, 0x88, 0x88, 0x88, 0x88, 0x88, 0x88, 0x88, 0x88, 0x88, 0x88, 0x88, 0x88, 0x88, 0x88, 0x88, 0x88, 0x88, 0x88, 0x88, 0x88, 0x88,
  0x88, 0x88, 0x88, 0x88, 0x88, 0x88, 0x88, 0x88, 0x88, 0x88, 0x88, 0x88, 0x88, 0x88, 0x88, 0x88, 0x88, 0x88, 0x88, 0x88, 0x88, 0x88, 0x88, 0x88,
  0x88, 0x88, 0x88, 0x88, 0x88, 0x88, 0x88, 0x88, 0x88, 0x88, 0x88, 0x88, 0x88, 0x88, 0x88, 0x88, 0x88, 0x88, 0x88, 0x88, 0x88, 0x88, 0x88, 0x88,
  0x88, 0x88, 0x08, 0x80, 0x88, 0x88, 0x88, 0x88, 0x88, 0x88, 0x08, 0x88, 0x88, 0x88, 0x00, 0x80, 0x88, 0x88, 0x88, 0x88, 0x88, 0x88, 0x08, 0x88,
  0x88, 0x88, 0x08, 0x80, 0x88, 0x88, 0x00, 0x80, 0x88, 0x88, 0x08, 0x80, 0x88, 0x88, 0x08, 0x80, 0x88, 0x88, 0x00, 0x80, 0x88, 0x88, 0x08, 0x80,
  0x88, 0x88, 0x08, 0x80, 0x88, 0x88, 0x08, 0x80, 0x88, 0x88, 0x08, 0x80, 0x88, 0x88, 0xc8, 0x8f, 0x88, 0x88, 0x88, 0x80, 0x88, 0x88, 0x08, 0x80,
  0x88, 0x88, 0x88, 0x88, 0x88, 0x88, 0x88, 0x88, 0x88, 0x88, 0x88, 0x88, 0x88, 0x88, 0x88, 0x80, 0x88, 0x88, 0x00, 0x80, 0x88, 0x08, 0x08, 0x80,
  0x88, 0x08, 0x08, 0x80, 0x88, 0x08, 0x08, 0x80, 0x88, 0x88, 0x88, 0x80, 0x88, 0x08, 0x00, 0x80, 0x88, 0x88, 0x88, 0x80, 0x88, 0x88, 0x00, 0x80,
  0x88, 0x88, 0x00, 0x80, 0x88, 0x88, 0x08, 0x80, 0x88, 0x88, 0x08, 0x80, 0x88, 0x88, 0x88, 0x80, 0x88, 0x88, 0x80, 0x80, 0x88, 0x08, 0x08, 0x80,
  0x88, 0x88, 0x88, 0x80, 0x88, 0x88, 0x88, 0x80, 0x88, 0x88, 0x08, 0x80, 0x88, 0x88, 0x00, 0x80, 0x88, 0x08, 0x08, 0x80, 0x88, 0x88, 0x00, 0x80,
  0x88, 0x88, 0x00, 0x80, 0x88, 0x08, 0x00, 0x80, 0x88, 0x88, 0x88, 0x80, 0x88, 0x08, 0x00, 0x80, 0x88, 0x88, 0x00, 0x80, 0x88, 0x08, 0x00, 0x80,
  0x88, 0x88, 0x80, 0x80, 0x88, 0x88, 0x00, 0x80, 0x88, 0x88, 0x00, 0x80, 0x88, 0x88, 0x08, 0x80, 0x88, 0x88, 0x08, 0x80, 0x88, 0x08, 0x00, 0x80,
  0x88, 0x88, 0x80, 0x80, 0x88, 0x88, 0x88, 0x80, 0x88, 0x88, 0x88, 0x80, 0x88, 0x88, 0x08, 0x80, 0x88, 0x88, 0x88, 0x80, 0x88, 0x88, 0x08, 0x80,
  0x88, 0x88, 0x80, 0x80, 0x88, 0x88, 0x00, 0x80, 0x88, 0x08, 0x88, 0x80, 0x88, 0x08, 0x80, 0x80, 0x88, 0x08, 0x00, 0x80, 0x88, 0x08, 0x00, 0x80,
  0x88, 0x08, 0x30, 0x80, 0x88, 0x08, 0x08, 0x80, 0x88, 0x88, 0x00, 0x80, 0x88, 0x08, 0x00, 0x80, 0x88, 0x08, 0x01, 0x80, 0x88, 0x88, 0x88, 0x80,
  0x88, 0x88, 0x88, 0x80, 0x88, 0x88, 0x88, 0x80, 0x88, 0x88, 0x76, 0x80, 0x88, 0x08, 0x76, 0x80, 0x88, 0x08, 0x86, 0x80, 0x88, 0x88, 0x80, 0x80,
  0x88, 0x88, 0x00, 0x80, 0x88, 0x08, 0x00, 0x80, 0x88, 0x08, 0x46, 0x80, 0x88, 0x08, 0x60, 0x85, 0x88, 0x88, 0x88, 0x87, 0x88, 0x88, 0x88, 0x88,
  0x88, 0x88, 0x88, 0x88, 0x88, 0x88, 0x00, 0x88, 0x88, 0x88, 0x88, 0x88, 0x88, 0x88, 0x88, 0x88, 0x88, 0x88, 0x88, 0x88, 0x88, 0x88, 0x88, 0x88,
  0x88, 0x88, 0x88, 0x88, 0x88, 0x88, 0x88, 0x88, 0x88, 0x88, 0x88, 0x88, 0x88, 0x88, 0x88, 0x88, 0x88, 0x88, 0x88, 0x88, 0x88, 0x88, 0x88, 0x88,
  0x88, 0x88, 0x88, 0x88, 0x88, 0x88, 0x88, 0x88, 0x88, 0x88, 0x88, 0x88, 0x88, 0x88, 0x88, 0x88, 0x88, 0x88, 0x88, 0x88, 0x88, 0x88, 0x88, 0x88,
  0x88, 0x88, 0x88, 0x88, 0x88, 0x88, 0x88, 0x88, 0x88, 0x88, 0x88, 0x88, 0x88, 0x88, 0x88, 0x88, 0x88, 0x88, 0x88, 0x88, 0x88, 0x88, 0x88, 0x88,
  0x88, 0x88, 0x88, 0x88, 0x88, 0x88, 0x88, 0x88, 0x88, 0x88, 0x88, 0x88, 0x88, 0x88, 0x88, 0x88, 0x88, 0x88, 0x88, 0x88, 0x88, 0x88, 0x88, 0x88,
  0x88, 0x88, 0x88, 0x88, 0x88, 0x88, 0x88, 0x88, 0x88, 0x88, 0x88, 0x88, 0x88, 0x88, 0x88, 0x88, 0x88, 0x88, 0x88, 0x88, 0x88, 0x88, 0x88, 0x88,
  0x88, 0x88, 0x88, 0x88, 0x88, 0x88, 0x88, 0x88, 0x88, 0x88, 0x88, 0x88, 0x88, 0x88, 0x88, 0x88, 0x88, 0x88, 0x88, 0x88, 0x88, 0x88, 0x88, 0x88,
  0x88, 0x88, 0x88, 0x88, 0x88, 0x88, 0x88, 0x88, 0x88, 0x88, 0x88, 0x88, 0x88, 0x88, 0x88, 0x88, 0x88, 0x88, 0x88, 0x88, 0x88, 0x88, 0x88, 0x88,
  0x88, 0x88, 0x88, 0x88, 0x88, 0x88, 0x88, 0x88, 0x88, 0x88, 0x88, 0x88, 0x88, 0x88, 0x88, 0x88, 0x88, 0x88, 0x88, 0x88, 0x88, 0x88, 0x88, 0x88,
  0x88, 0x88, 0x88, 0x88, 0x88, 0x88, 0x88, 0x88, 0x88, 0x88, 0x88, 0x88, 0x88, 0x88, 0x88, 0x88, 0x88, 0x88, 0x88, 0x88, 0x88, 0x88, 0x88, 0x88,
  0x88, 0x88, 0x88, 0x88, 0x88, 0x88, 0x88, 0x88, 0x88, 0x88, 0x88, 0x88, 0x88, 0x88, 0x88, 0x88, 0x88, 0x88, 0x88, 0x88, 0x88, 0x88, 0x88, 0x88,
  0x88, 0x88, 0x88, 0x88, 0x88, 0x88, 0x88, 0x88, 0x88, 0x88, 0x88, 0x88, 0x88, 0x88, 0x88, 0x88, 0x80, 0x88, 0x88, 0x88, 0x88, 0x88, 0x88, 0x88,
  0x80, 0x88, 0x88, 0x88, 0x88, 0x88, 0x88, 0x88, 0x88, 0x88, 0x88, 0x88, 0x88, 0x88, 0x88, 0x88, 0x88, 0x88, 0x88, 0x88, 0x88, 0x88, 0x88, 0x88,
  0x88, 0x88, 0x88, 0x88, 0x88, 0x88, 0x88, 0x88, 0x88, 0x88, 0x88, 0x88, 0x88, 0x88, 0x88, 0x88, 0x80, 0x88, 0x88, 0x88, 0x88, 0x88, 0x88, 0x88,
  0x80, 0x88, 0x88, 0x88, 0x88, 0x88, 0x88, 0x88, 0x88, 0x88, 0x88, 0x88, 0x88, 0x88, 0x88, 0x88, 0x88, 0x88, 0x88, 0x88, 0x80, 0x88, 0x88, 0x88,
  0x88, 0x88, 0x88, 0x88, 0x88, 0x88, 0x88, 0x88, 0x88, 0x88, 0x88, 0x88, 0x88, 0x88, 0x88, 0x88, 0x88, 0x88, 0x88, 0x88, 0x88, 0x88, 0x88, 0x88,
  0x88, 0x88, 0x88, 0x88, 0x80, 0x88, 0x88, 0x88, 0x80, 0x88, 0x88, 0x88, 0x88, 0x88, 0x88, 0x88, 0x88, 0x88, 0x88, 0x88, 0x88, 0x88, 0x88, 0x88,
  0x88, 0x88, 0x88, 0x88, 0x88, 0x88, 0x88, 0x88, 0x88, 0x88, 0x88, 0x88, 0x88, 0x88, 0x88, 0x88, 0x88, 0x88, 0x88, 0x88, 0x80, 0x88, 0x88, 0x88,
  0x88, 0x88, 0x88, 0x88, 0x88, 0x88, 0x88, 0x88, 0x88, 0x88, 0x88, 0x88, 0x88, 0x88, 0x88, 0x88, 0x88, 0x88, 0x88, 0x88, 0x88, 0x88, 0x88, 0x88,
  0x88, 0x88, 0x88, 0x88, 0x88, 0x88, 0x88, 0x88, 0x88, 0x88, 0x88, 0x88, 0x80, 0x88, 0x88, 0x88, 0x88, 0x88, 0x88, 0x88, 0x88, 0x88, 0x88, 0x88,
  0x88, 0x88, 0x88, 0x88, 0x88, 0x88, 0x88, 0x88, 0x88, 0x88, 0x88, 0x88, 0x88, 0x88, 0x88, 0x88, 0x88, 0x88, 0x88, 0x88, 0x88, 0x88, 0x88, 0x88,
  0x89, 0x88, 0x88, 0x88, 0x88, 0x88, 0x88, 0x88, 0x88, 0x88, 0x88, 0x88, 0x88, 0x88, 0x88, 0x88, 0x88, 0x88, 0x88, 0x88, 0x88, 0x88, 0x88, 0x88,
  0x88, 0x88, 0x88, 0x88, 0x88, 0x88, 0x88, 0x88, 0x88, 0x88, 0x88, 0x88, 0x88, 0x88, 0x88, 0x88, 0x88, 0x88, 0x88, 0x88, 0x88, 0x88, 0x88, 0x88,
  0x88, 0x88, 0x88, 0x88, 0x88, 0x88, 0x88, 0x88, 0x88, 0x88, 0x88, 0x88, 0x88, 0x88, 0x88, 0x88, 0x88, 0x88, 0x88, 0x88, 0x88, 0x88, 0x88, 0x88,
  0x88, 0x88, 0x88, 0x88, 0x88, 0x88, 0x88, 0x88, 0x88, 0x88, 0x88, 0x88, 0x88, 0x88, 0x88, 0x88, 0x88, 0x88, 0x88, 0x88, 0x88, 0x88, 0x88, 0x88,
  0x88, 0x88, 0x88, 0x88, 0x88, 0x88, 0x88, 0x88, 0x88, 0x88, 0x88, 0x88, 0x88, 0x88, 0x88, 0x88, 0x88, 0x88, 0x88, 0x88, 0x88, 0x88, 0x88, 0x88,
  0x88, 0x88, 0x88, 0x88, 0x88, 0x88, 0x88, 0x88, 0x88, 0x88, 0x88, 0x88, 0x88, 0x88, 0x88, 0x88, 0x88, 0x88, 0x88, 0x88, 0x88, 0x88, 0x88, 0x88,
  0x88, 0x88, 0x88, 0x88, 0x88, 0x88, 0x88, 0x88, 0x88, 0x88, 0x88, 0x88, 0x88, 0x88, 0x88, 0x88, 0x88, 0x88, 0x88, 0x88, 0x88, 0x88, 0x88, 0x88,
  0x88, 0x88, 0x88, 0x88, 0x88, 0x88, 0x88, 0x88, 0x88, 0x88, 0x88, 0x88, 0x88, 0x88, 0x88, 0x88, 0x88, 0x88, 0x88, 0x88, 0x88, 0x88, 0x88, 0x88,
  0x88, 0x88, 0x88, 0x88, 0x88, 0x88, 0x88, 0x88, 0x88, 0x88, 0x88, 0x88, 0x88, 0x88, 0x88, 0x88, 0x88, 0x88, 0x88, 0x88, 0x88, 0x88, 0x88, 0x88,
  0x88, 0x88, 0x88, 0x88, 0x88, 0x88, 0x88, 0x88, 0x88, 0x88, 0x88, 0x88, 0x88, 0x88, 0x88, 0x88, 0x88, 0x88, 0x88, 0x88, 0x88, 0x88, 0x88, 0x88,
  0x88, 0x88, 0x88, 0x88, 0x88, 0x88, 0x88, 0x88, 0x88, 0x88, 0x88, 0x88, 0x88, 0x88, 0x88, 0x88, 0x88, 0x88, 0x88, 0x88, 0x88, 0x88, 0x88, 0x88,
  0x88, 0x88, 0x88, 0x88, 0x88, 0x88, 0x88, 0x88, 0x87, 0x88, 0xf8, 0x88, 0xf5, 0x88, 0xf8, 0x88, 0x86, 0x88, 0xf8, 0x88, 0x8a, 0x88, 0x88, 0x88,
  0x87, 0x88, 0x58, 0x88, 0x8b, 0x88, 0xf8, 0x8f, 0x8d, 0x88, 0xf8, 0x88, 0xfb, 0x88, 0x58, 0x88, 0xfd, 0x88, 0xa8, 0x88, 0xfa, 0x88, 0xf8, 0x88,
  0x8a, 0x88, 0xf8, 0x88, 0xfa, 0x88, 0x88, 0x88, 0xf9, 0x88, 0xf8, 0x88, 0x8d, 0x88, 0xd8, 0x88, 0x8b, 0x88, 0x88, 0x88, 0x8c, 0x88, 0x88, 0x88,
  0x8a, 0x88, 0x08, 0x88, 0x8d, 0x88, 0x08, 0x88, 0x87, 0x88, 0x88, 0x88, 0x88, 0x88, 0xf8, 0x88, 0x89, 0x88, 0x88, 0x88, 0x78, 0x88, 0x88, 0x88,
  0x8a, 0x88, 0x88, 0x88, 0x8b, 0x88, 0x08, 0x88, 0x8b, 0x88, 0xa8, 0x88, 0x89, 0x88, 0xf8, 0x88, 0x89, 0x88, 0x08, 0x88, 0x8a, 0x88, 0x78, 0x88,
  0x8c, 0x88, 0x68, 0x88, 0x8a, 0x8f, 0x78, 0x88, 0x89, 0x88, 0xb8, 0x88, 0x8a, 0x88, 0x08, 0x88, 0xa9, 0x88, 0xf8, 0x88, 0x0a, 0x88, 0x78, 0x88,
  0x8b, 0x88, 0x98, 0x88, 0x89, 0x88, 0x08, 0x88, 0x87, 0x88, 0x98, 0x88, 0x8a, 0x88, 0xc8, 0x88, 0xc9, 0x88, 0x68, 0x88, 0x08, 0x88, 0x68, 0x88,
  0x08, 0x88, 0x68, 0x88, 0xfa, 0x88, 0xa8, 0x88, 0x8b, 0x88, 0x98, 0x88, 0x88, 0x88, 0xf8, 0x88, 0x86, 0x88, 0x48, 0x88, 0x8b, 0x88, 0xf8, 0x88,
  0x8b, 0x88, 0xa8, 0x88, 0x89, 0x88, 0x48, 0x88, 0x8b, 0x88, 0xb8, 0x88, 0x89, 0x88, 0xa8, 0x88, 0x8c, 0x88, 0xd8, 0x88, 0x8c, 0x88, 0xc8, 0x88,
  0x89, 0x88, 0x98, 0x88, 0x8f, 0x88, 0x58, 0x88, 0x88, 0x88, 0xb8, 0x88, 0x87, 0x88, 0xf8, 0x88, 0x88, 0x88, 0x88, 0x88, 0x8f, 0x88, 0xf8, 0x88,
  0x8f, 0x88, 0x08, 0x88, 0x89, 0x88, 0x88, 0x88, 0x88, 0x88, 0x88, 0x88, 0x88, 0x88, 0x88, 0x88, 0x88, 0x88, 0x88, 0x88, 0x8b, 0x88, 0x88, 0x88,
  0x88, 0x08, 0x00, 0x80, 0x88, 0x80, 0x05, 0x80, 0x88, 0x80, 0x20, 0x80, 0x88, 0x08, 0x00, 0x80, 0x88, 0x88, 0x08, 0x80, 0x88, 0x08, 0x05, 0x80,
  0x88, 0x88, 0x06, 0x80, 0x88, 0x08, 0x00, 0x80, 0x88, 0x88, 0x48, 0x80, 0x88, 0x88, 0x08, 0x80, 0x88, 0x88, 0x00, 0x80, 0x88, 0x08, 0x00, 0x80,
  0x88, 0x88, 0x00, 0x80, 0x88, 0x80, 0x00, 0x80, 0x88, 0x88, 0x08, 0x80, 0x88, 0x88, 0x00, 0x80, 0x88, 0x88, 0x00, 0x80, 0x88, 0x08, 0x00, 0x80,
  0x88, 0x88, 0x00, 0x80, 0x88, 0x08, 0x00, 0x80, 0x88, 0x88, 0x30, 0x80, 0x88, 0x08, 0x00, 0x80, 0x88, 0x08, 0x00, 0x80, 0x88, 0x08, 0x00, 0x80,
  0x88, 0x08, 0x00, 0x80, 0x88, 0x08, 0x00, 0x80, 0x88, 0x88, 0x40, 0x80, 0x88, 0x08, 0x00, 0x80, 0x88, 0x08, 0x00, 0x80, 0x88, 0x88, 0x00, 0x80,
  0x88, 0x08, 0x04, 0x80, 0x88, 0x00, 0x04, 0x80, 0x88, 0x08, 0x00, 0x80, 0x88, 0x88, 0x00, 0x80, 0x88, 0x08, 0x00, 0x80, 0x88, 0x08, 0x04, 0x80,
  0x88, 0x88, 0x00, 0x80, 0x88, 0x08, 0x46, 0x80, 0x88, 0x08, 0x00, 0x80, 0x88, 0x08, 0x00, 0x80, 0x88, 0x08, 0x08, 0x80, 0x88, 0x08, 0x00, 0x80,
  0x88, 0x00, 0x04, 0x80, 0x88, 0x08, 0x20, 0x80, 0x88, 0x08, 0x40, 0x80, 0x88, 0x08, 0x23, 0x80, 0x88, 0x08, 0x00, 0x80, 0x88, 0x88, 0x40, 0x80,
  0x88, 0x08, 0x20, 0x80, 0x88, 0x88, 0x88, 0x80, 0x88, 0x88, 0x08, 0x80, 0x88, 0x88, 0x88, 0x80, 0x88, 0x88, 0x88, 0x80, 0x88, 0x88, 0x08, 0x80,
  0x88, 0x88, 0x08, 0x80, 0x88, 0x88, 0x63, 0x80, 0x88, 0x88, 0x08, 0x80, 0x88, 0x88, 0x50, 0x80, 0x88, 0x08, 0x00, 0x80, 0x88, 0x80, 0x50, 0x89,
  0x88, 0x88, 0x78, 0x8f, 0x88, 0x88, 0x88, 0x88, 0x88, 0x88, 0x50, 0x80, 0x88, 0x88, 0x67, 0x80, 0x88, 0x88, 0x88, 0x88, 0x88, 0x88, 0xf8, 0x8f,
  0x88, 0x88, 0xff, 0x8f, 0x88, 0x88, 0xff, 0x88, 0x88, 0xf8, 0x8f, 0x88, 0x88, 0x88, 0x8f, 0x88, 0x88, 0xf8, 0x8f, 0x88, 0x88, 0x88, 0xf8, 0x88,
  0x88, 0x88, 0xff, 0x8f, 0x88, 0xf8, 0xff, 0x88, 0x88, 0xf8, 0x8f, 0x8f, 0x88, 0x88, 0x8f, 0x88, 0x88, 0xf8, 0x8f, 0x88, 0x88, 0x88, 0x8f, 0x88,
  0x88, 0x88, 0x8f, 0x88, 0x88, 0x88, 0x8f, 0x88, 0x88, 0xf8, 0xf8, 0x88, 0x88, 0xf8, 0xf8, 0x8f, 0x88, 0xf8, 0xf8, 0x8f, 0x88, 0xf8, 0xff, 0x8f,
  0x88, 0x88, 0x8f, 0x8f, 0x88, 0xf8, 0x8f, 0x88, 0x88, 0x88, 0xff, 0x88, 0x88, 0xf8, 0xff, 0x88, 0x88, 0xf8, 0xff, 0x88, 0x88, 0xf8, 0x8f, 0x88,
  0x88, 0xf8, 0xff, 0x88, 0x88, 0x88, 0x88, 0x88, 0x88, 0xf8, 0x8f, 0x88, 0x88, 0x88, 0xf8, 0x88, 0x88, 0x88, 0xff, 0x88, 0x88, 0xf8, 0xf8, 0x8f,
  0x88, 0x88, 0x88, 0x88, 0x88, 0x88, 0x8f, 0x88, 0x88, 0x88, 0xff, 0x88, 0x88, 0xf8, 0xff, 0x88, 0x88, 0x88, 0xff, 0x88, 0x88, 0x88, 0xff, 0x8f,
  0x88, 0x88, 0x88, 0x88, 0x88, 0xf8, 0x8f, 0x88, 0x88, 0x88, 0x8f, 0x88, 0x88, 0x88, 0xff, 0x88, 0x88, 0x88, 0xff, 0x88, 0x88, 0x88, 0xff, 0x88,
  0x88, 0xf8, 0xff, 0x88, 0x88, 0xf8, 0xff, 0x88, 0x88, 0x88, 0xf8, 0x88, 0x88, 0x88, 0xff, 0x88, 0x88, 0x88, 0xff, 0x88, 0x88, 0x88, 0xff, 0x88,
  0x88, 0x88, 0xf8, 0x88, 0x88, 0x88, 0x88, 0x88, 0x88, 0x88, 0x8f, 0x88, 0x88, 0x88, 0x8f, 0x88, 0x88, 0x88, 0xf8, 0x88, 0x88, 0x88, 0x88, 0x88,
  0x88, 0x88, 0x88, 0x88, 0x88, 0x88, 0xf8, 0x8f, 0x88, 0x88, 0xf8, 0x88, 0x88, 0x88, 0xf8, 0x8f, 0x88, 0x88, 0xf8, 0x8f, 0x88, 0x88, 0x88, 0x88,
  0x88, 0xf8, 0xff, 0x8f, 0x88, 0xf8, 0xff, 0x8f, 0x88, 0x88, 0x88, 0x88, 0x88, 0x88, 0x88, 0x80, 0x88, 0x88, 0x88, 0x80, 0x88, 0x88, 0x08, 0x88,
  0x88, 0x88, 0x88, 0x88, 0x88, 0x08, 0x08, 0x80, 0x88, 0x88, 0x88, 0x88, 0x88, 0x88, 0x88, 0x80, 0x88, 0x88, 0x88, 0x80, 0x88, 0x88, 0x88, 0x80,
  0x88, 0x88, 0x88, 0x88, 0x88, 0x88, 0x88, 0x80, 0x88, 0x88, 0x88, 0x80, 0x88, 0x08, 0x80, 0x80, 0x88, 0x88, 0x88, 0x88, 0x88, 0x88, 0x80, 0x80,
  0x88, 0x88, 0x08, 0x80, 0x88, 0x88, 0x08, 0x80, 0x88, 0x88, 0x88, 0x80, 0x88, 0x88, 0x88, 0x88, 0x88, 0x88, 0x88, 0x80, 0x88, 0x08, 0x80, 0x80,
  0x88, 0x88, 0x08, 0x80, 0x88, 0x88, 0x88, 0x80, 0x88, 0x88, 0x88, 0x88, 0x88, 0x88, 0x88, 0x80, 0x88, 0x88, 0x88, 0x80, 0x88, 0x88, 0x88, 0x80,
  0x88, 0x88, 0x80, 0x80, 0x88, 0x88, 0x80, 0x80, 0x88, 0x88, 0x08, 0x80, 0x88, 0x08, 0x00, 0x80, 0x88, 0x88, 0x88, 0x80, 0x88, 0x88, 0x88, 0x80,
  0x88, 0x88, 0x88, 0x80, 0x88, 0x08, 0x00, 0x80, 0x88, 0x88, 0x88, 0x80, 0x88, 0x88, 0x88, 0x80, 0x88, 0x88, 0x00, 0x80, 0x88, 0x88, 0x88, 0x88,
  0x88, 0x88, 0x88, 0x88, 0x88, 0x88, 0x88, 0x80, 0x88, 0x08, 0x80, 0x80, 0x88, 0x08, 0x00, 0x80, 0x88, 0x08, 0x00, 0x80, 0x88, 0x08, 0x00, 0x80,
  0x88, 0x88, 0x08, 0x80, 0x88, 0x08, 0x80, 0x80, 0x88, 0x08, 0x40, 0x80, 0x88, 0x88, 0x00, 0x80, 0x88, 0x88, 0x08, 0x80, 0x88, 0x88, 0x80, 0x80,
  0x88, 0x08, 0x00, 0x80, 0x88, 0x08, 0x00, 0x80, 0x88, 0x08, 0x00, 0x80, 0x88, 0x08, 0x00, 0x80, 0x88, 0x08, 0x86, 0x80, 0x88, 0x08, 0x00, 0x80,
  0x88, 0x08, 0x64, 0x80, 0x88, 0x08, 0x11, 0x80, 0x88, 0x88, 0x20, 0x80, 0x88, 0x88, 0x88, 0x88, 0x88, 0x88, 0x88, 0x88, 0x88, 0x88, 0x80, 0x88,
  0x88, 0xf8, 0x8f, 0x88, 0x88, 0x88, 0x88, 0x88, 0x88, 0x88, 0xf8, 0x88, 0x88, 0x88, 0xff, 0x8f, 0x88, 0x88, 0xff, 0x88, 0x88, 0x88, 0xff, 0x88,
  0x88, 0x88, 0x88, 0x88, 0x88, 0x88, 0x8f, 0x88, 0x88, 0x88, 0x88, 0x88, 0x88, 0x88, 0x8f, 0x88, 0x88, 0xf8, 0x8f, 0x88, 0x88, 0x88, 0xff, 0x88,
  0x88, 0x88, 0xff, 0x88, 0x88, 0x88, 0xf8, 0x88, 0x88, 0x88, 0x8f, 0x88, 0x88, 0x88, 0xff, 0x88, 0x88, 0x88, 0xff, 0x88, 0x88, 0x88, 0xf8, 0x88,
  0x88, 0x88, 0xf8, 0x8f, 0x88, 0x88, 0xf8, 0x8f, 0x88, 0xf8, 0xff, 0x88, 0x88, 0x88, 0x88, 0x88, 0x88, 0xf8, 0xff, 0x88, 0x88, 0x88, 0xff, 0x88,
  0x88, 0x88, 0xff, 0x88, 0x88, 0x88, 0x8f, 0x8f, 0x88, 0xf8, 0x88, 0x88, 0x88, 0xf8, 0xff, 0x88, 0x88, 0x88, 0xff, 0x88, 0x88, 0x88, 0xf8, 0x88,
  0x88, 0x88, 0xf8, 0x8f, 0x88, 0x88, 0xff, 0x8f, 0x88, 0x88, 0x88, 0x88, 0x88, 0x88, 0x8f, 0x88, 0x88, 0x88, 0xf8, 0x8f, 0x88, 0xf8, 0xff, 0x88,
  0x88, 0xf8, 0xf8, 0x88, 0x88, 0x88, 0xf8, 0x8f, 0x88, 0x88, 0x88, 0x88, 0x88, 0x88, 0xff, 0x8f, 0x88, 0x88, 0xff, 0x88, 0x88, 0x88, 0xff, 0x88,
  0x88, 0x88, 0xff, 0x88, 0x88, 0x88, 0xff, 0x8f, 0x88, 0x88, 0xff, 0x88, 0x88, 0x88, 0xff, 0x88, 0x88, 0x88, 0xf8, 0x88, 0x88, 0x88, 0xf8, 0x8f,
  0x88, 0x88, 0xff, 0x88, 0x88, 0x88, 0xf8, 0x88, 0x88, 0x88, 0x88, 0x88, 0x88, 0x88, 0x88, 0x88, 0x88, 0x88, 0x88, 0x88, 0x88, 0x88, 0xff, 0x88,
  0x88, 0x88, 0xf8, 0x88, 0x88, 0x88, 0xf8, 0x8f, 0x88, 0x88, 0xf8, 0x8f, 0x88, 0x88, 0xf8, 0x88, 0x88, 0x88, 0xf8, 0x8f, 0x88, 0x88, 0xf8, 0x8f,
  0x88, 0x88, 0xf8, 0x8f, 0x88, 0x88, 0x88, 0x88, 0x88, 0xf8, 0xff, 0x8f, 0x88, 0xf8, 0xff, 0x8f, 0x88, 0x80, 0x00, 0x80, 0x08, 0x88, 0x00, 0x80,
  0x08, 0x08, 0x00, 0x80, 0x08, 0x08, 0x00, 0x80, 0x08, 0x88, 0x00, 0x80, 0x08, 0x08, 0x00, 0x80, 0x88, 0x88, 0x00, 0x80, 0x88, 0x88, 0x00, 0x80,
  0x08, 0x88, 0x00, 0x80, 0x88, 0x88, 0x00, 0x80, 0x88, 0x88, 0x80, 0x80, 0x88, 0x08, 0x00, 0x80, 0x08, 0x88, 0x00, 0x80, 0x08, 0x80, 0x00, 0x80,
  0x88, 0x88, 0x00, 0x80, 0x88, 0x08, 0x00, 0x80, 0x08, 0x08, 0x00, 0x80, 0x08, 0x00, 0x00, 0x80, 0x88, 0x08, 0x00, 0x80, 0x08, 0x08, 0x00, 0x80,
  0x08, 0x08, 0x04, 0x80, 0x08, 0x80, 0x00, 0x80, 0x08, 0x08, 0x00, 0x80, 0x08, 0x08, 0x00, 0x80, 0x88, 0x08, 0x05, 0x80, 0x88, 0x08, 0x08, 0x80,
  0x08, 0x08, 0x00, 0x80, 0x88, 0x08, 0x00, 0x80, 0x08, 0x08, 0x00, 0x80, 0x88, 0x08, 0x00, 0x80, 0x08, 0x08, 0x00, 0x80, 0x88, 0x08, 0x00, 0x80,
  0x88, 0x88, 0x00, 0x80, 0x08, 0x08, 0x00, 0x80, 0x08, 0x08, 0x00, 0x80, 0x08, 0x88, 0x00, 0x80, 0x88, 0x88, 0x00, 0x80, 0x88, 0x88, 0x00, 0x80,
  0x88, 0x88, 0x88, 0x80, 0x08, 0x88, 0x00, 0x80, 0x08, 0x08, 0x00, 0x80, 0x88, 0x08, 0x00, 0x80, 0x08, 0x00, 0x00, 0x80, 0x08, 0x08, 0x02, 0x80,
  0x08, 0x88, 0x00, 0x80, 0x88, 0x08, 0x01, 0x80, 0x88, 0x00, 0x04, 0x80, 0x08, 0x08, 0x00, 0x80, 0x08, 0x08, 0x03, 0x80, 0x88, 0x88, 0x00, 0x80,
  0x88, 0x88, 0x07, 0x80, 0x88, 0x88, 0x80, 0x80, 0x88, 0x88, 0x80, 0x80, 0x88, 0x08, 0x00, 0x80, 0x08, 0x08, 0x04, 0x80, 0x88, 0x08, 0x0a, 0x80,
  0x88, 0x88, 0x88, 0x80, 0x08, 0x00, 0x00, 0x80, 0x08, 0x00, 0x00, 0x80, 0x88, 0x88, 0x00, 0x80, 0x88, 0x88, 0x00, 0x88, 0x88, 0x88, 0x88, 0x88,
  0x88, 0x08, 0x05, 0x80, 0x88, 0x88, 0x04, 0x80, 0x8f, 0x88, 0x88, 0x88, 0x8f, 0x88, 0x88, 0x88, 0x8f, 0x88, 0x88, 0x8f, 0x8f, 0x88, 0x88, 0x88,
  0x8f, 0x88, 0x88, 0x88, 0x8f, 0x88, 0x88, 0x88, 0x8b, 0x88, 0x88, 0x88, 0x8f, 0x88, 0x88, 0x8f, 0x8f, 0x88, 0x88, 0x88, 0x8f, 0x88, 0xff, 0x88,
  0x8f, 0x88, 0x8f, 0x88, 0x8d, 0x88, 0x88, 0x88, 0x8f, 0x88, 0x88, 0x88, 0x8f, 0x88, 0x88, 0x88, 0x8f, 0x88, 0x88, 0x88, 0x8f, 0x88, 0x88, 0x88,
  0x8f, 0x88, 0x88, 0x88, 0x8f, 0x88, 0x88, 0x88, 0x8f, 0x88, 0x88, 0x88, 0x8f, 0x88, 0x8f, 0x88, 0x8f, 0x88, 0x8f, 0x8f, 0x8f, 0x88, 0x88, 0x8f,
  0x8d, 0xf8, 0x88, 0x88, 0x8e, 0x88, 0x88, 0x88, 0x8f, 0x88, 0x88, 0x8f, 0x8f, 0x88, 0x8f, 0x88, 0x8f, 0x88, 0x88, 0x88, 0x8f, 0x88, 0x88, 0x8f,
  0x8f, 0x88, 0x8f, 0x88, 0x8f, 0x88, 0x88, 0x88, 0x8f, 0x88, 0x88, 0x8f, 0x8f, 0x88, 0x88, 0x8f, 0x8f, 0x88, 0x88, 0x8f, 0x8f, 0x88, 0x88, 0x88,
  0xff, 0x88, 0x88, 0x88, 0x8f, 0x88, 0xf8, 0x8f, 0x8f, 0x88, 0xff, 0x88, 0x8f, 0x88, 0xf8, 0x8f, 0x8f, 0x88, 0x88, 0x88, 0x8f, 0x88, 0xf8, 0x8f,
  0x8f, 0x88, 0x80, 0x8f, 0x8f, 0x88, 0xf8, 0x8f, 0x8f, 0x88, 0x88, 0x8f, 0x8f, 0x88, 0x88, 0x88, 0x8f, 0x88, 0x88, 0x8f, 0x8f, 0x88, 0x88, 0x88,
  0x8f, 0x88, 0x88, 0x88, 0x8f, 0x88, 0x88, 0x88, 0x8f, 0x88, 0x88, 0x8f, 0x8f, 0x88, 0x88, 0x88, 0x8f, 0x88, 0x88, 0x88, 0x8f, 0x88, 0x88, 0x8f,
  0x8f, 0x88, 0x88, 0x88, 0x88, 0x88, 0x88, 0x88, 0x8f, 0x88, 0x88, 0x8f, 0x8f, 0x88, 0x88, 0x88, 0x88, 0x88, 0x88, 0x88, 0x8f, 0x88, 0x88, 0x88,
  0x8f, 0x88, 0x88, 0x88, 0x8f, 0x88, 0x88, 0x88, 0x88, 0x88, 0x88, 0x88, 0x88, 0x88, 0x88, 0x88, 0x8f, 0x88, 0x88, 0x88, 0x8f, 0x88, 0x8f, 0x8f,
  0x89, 0x88, 0x88, 0x88, 0x86, 0x88, 0x88, 0x88, 0x88, 0x88, 0x88, 0x88, 0x8f, 0x88, 0x88, 0x88, 0x80, 0x88, 0x88, 0x88, 0x87, 0x88, 0x88, 0x88,
  0x80, 0x88, 0x88, 0x88, 0x8f, 0x88, 0x88, 0x88, 0x8f, 0x88, 0x88, 0x88, 0x85, 0x88, 0x88, 0x88, 0x87, 0x88, 0x88, 0x88, 0x8f, 0x88, 0x88, 0x88,
  0x89, 0x88, 0x88, 0x88, 0x88, 0x88, 0x88, 0x88, 0x86, 0x88, 0x88, 0x88, 0x8f, 0x88, 0x88, 0x88, 0x88, 0x88, 0x88, 0x88, 0x8b, 0x88, 0x88, 0x88,
  0x8f, 0x88, 0x88, 0x88, 0x8a, 0x88, 0x88, 0x88, 0x8b, 0x88, 0x88, 0x88, 0x86, 0x88, 0x88, 0x88, 0x88, 0x88, 0x88, 0x88, 0x80, 0x88, 0x88, 0x88,
  0x88, 0x88, 0x88, 0x88, 0x88, 0x88, 0x88, 0x88, 0x88, 0x88, 0x88, 0x88, 0x86, 0x88, 0x88, 0x88, 0x8f, 0x88, 0x88, 0x88, 0x86, 0x88, 0x88, 0x88,
  0x86, 0x88, 0x88, 0x88, 0x8f, 0x88, 0x88, 0x88, 0x86, 0x88, 0x88, 0x88, 0x8a, 0x88, 0x88, 0x88, 0x88, 0x88, 0x88, 0x88, 0x87, 0x88, 0x88, 0x88,
  0x88, 0x88, 0x88, 0x88, 0x80, 0x88, 0x88, 0x88, 0x80, 0x88, 0x88, 0x88, 0x87, 0x88, 0x88, 0x88, 0x80, 0x88, 0x88, 0x88, 0x86, 0x88, 0x88, 0x88,
  0x80, 0x88, 0x88, 0x88, 0x87, 0x88, 0x88, 0x88, 0x8a, 0x88, 0x88, 0x88, 0x88, 0x88, 0x88, 0x88, 0x88, 0x88, 0x88, 0x88, 0x80, 0x88, 0x88, 0x88,
  0x88, 0x88, 0x88, 0x88, 0x8c, 0x88, 0x88, 0x88, 0x80, 0x88, 0x88, 0x88, 0x88, 0x88, 0x88, 0x88, 0x88, 0x88, 0x88, 0x88, 0x80, 0x88, 0x88, 0x88,
  0x80, 0x88, 0x88, 0x88, 0x86, 0x88, 0x88, 0x88, 0x86, 0x88, 0x88, 0x88, 0x87, 0x88, 0x88, 0x88, 0x89, 0x88, 0x88, 0x88, 0x85, 0x88, 0x88, 0x88,
  0x8f, 0x88, 0x88, 0x88, 0x88, 0x88, 0x88, 0x88, 0x88, 0x88, 0x88, 0x88, 0x88, 0x88, 0x88, 0x88, 0x88, 0x88, 0x08, 0x88, 0x88, 0x88, 0x80, 0x80,
  0x88, 0x88, 0x08, 0x80, 0x88, 0x88, 0x00, 0x80, 0x88, 0x88, 0x88, 0x80, 0x88, 0x08, 0x00, 0x80, 0x88, 0x88, 0x88, 0x80, 0x88, 0x88, 0x00, 0x80,
  0x88, 0x88, 0x88, 0x80, 0x88, 0x88, 0x00, 0x80, 0x88, 0x88, 0x08, 0x80, 0x88, 0x88, 0x08, 0x80, 0x88, 0x88, 0x80, 0x80, 0x88, 0x08, 0x08, 0x80,
  0x88, 0x88, 0x88, 0x80, 0x88, 0x88, 0x88, 0x80, 0x88, 0x88, 0x00, 0x80, 0x88, 0x88, 0x00, 0x80, 0x88, 0x88, 0x00, 0x80, 0x88, 0x88, 0x00, 0x80,
  0x88, 0x88, 0x00, 0x80, 0x88, 0x88, 0x88, 0x80, 0x88, 0x88, 0x08, 0x80, 0x88, 0x08, 0x05, 0x80, 0x88, 0x88, 0x08, 0x80, 0x88, 0x88, 0x08, 0x80,
  0x88, 0x88, 0x88, 0x80, 0x88, 0x88, 0x80, 0x80, 0x88, 0x88, 0x00, 0x80, 0x88, 0x88, 0x00, 0x80, 0x88, 0x88, 0x08, 0x80, 0x88, 0x88, 0x00, 0x80,
  0x88, 0x88, 0x00, 0x80, 0x88, 0x88, 0x08, 0x80, 0x88, 0x88, 0x08, 0x80, 0x88, 0x88, 0x08, 0x80, 0x88, 0x88, 0x88, 0x88, 0x88, 0x88, 0x08, 0x80,
  0x88, 0x88, 0x80, 0x80, 0x88, 0x88, 0x00, 0x88, 0x88, 0x88, 0x88, 0x80, 0x88, 0x08, 0x08, 0x80, 0x88, 0x08, 0x00, 0x80, 0x88, 0x08, 0x00, 0x80,
  0x88, 0x88, 0x07, 0x80, 0x88, 0x08, 0x06, 0x80, 0x88, 0x88, 0x08, 0x80, 0x88, 0x08, 0x57, 0x80, 0x88, 0x08, 0x70, 0x80, 0x88, 0x88, 0x88, 0x80,
  0x88, 0x88, 0x88, 0x80, 0x88, 0x88, 0x88, 0x88, 0x88, 0x88, 0xf5, 0x80, 0x88, 0x88, 0x86, 0x80, 0x88, 0x08, 0x78, 0x81, 0x88, 0x88, 0xf7, 0x80,
  0x88, 0x88, 0x88, 0x80, 0x88, 0x08, 0x00, 0x80, 0x88, 0x08, 0x00, 0x80, 0x88, 0x08, 0x60, 0x8b, 0x88, 0x88, 0xc8, 0x8f, 0x88, 0x88, 0x88, 0x88,
  0x88, 0x88, 0x8f, 0x88, 0x88, 0xf8, 0x59, 0x88, 0x80, 0x88, 0x88, 0x88, 0x80, 0x88, 0x88, 0x88, 0x80, 0x88, 0x88, 0x88, 0x80, 0x88, 0x88, 0x88,
  0x80, 0x88, 0x88, 0x88, 0x80, 0x88, 0x88, 0x88, 0x80, 0x88, 0x88, 0x88, 0x80, 0x88, 0x88, 0x88, 0x80, 0x88, 0x88, 0x88, 0x80, 0x88, 0x88, 0x88,
  0x80, 0x88, 0x88, 0x88, 0x80, 0x88, 0x88, 0x88, 0x80, 0x88, 0x88, 0x88, 0x80, 0x88, 0x88, 0x88, 0x80, 0x88, 0x88, 0x88, 0x80, 0x88, 0x88, 0x88,
  0x80, 0x88, 0x88, 0x88, 0x80, 0x88, 0x88, 0x88, 0x80, 0x88, 0x88, 0x88, 0x80, 0x88, 0x88, 0x88, 0x80, 0x88, 0x88, 0x88, 0x80, 0x88, 0x88, 0x88,
  0x80, 0x88, 0x88, 0x88, 0x80, 0x88, 0x88, 0x88, 0x80, 0x88, 0x88, 0x88, 0x80, 0x88, 0x88, 0x88, 0x80, 0x88, 0x88, 0x88, 0x80, 0x88, 0x88, 0x88,
  0x80, 0x88, 0x88, 0x88, 0x80, 0x88, 0x88, 0x88, 0x80, 0x88, 0x88, 0x88, 0x80, 0x88, 0x88, 0x88, 0x80, 0x88, 0x88, 0x88, 0x80, 0x88, 0x88, 0x88,
  0x80, 0x88, 0x88, 0x88, 0x80, 0x88, 0x88, 0x88, 0x80, 0x88, 0x88, 0x88, 0x80, 0x88, 0x88, 0x88, 0x80, 0x88, 0x88, 0x88, 0x80, 0x88, 0x88, 0x88,
  0x80, 0x88, 0x88, 0x88, 0x80, 0x88, 0x88, 0x88, 0x80, 0x88, 0x88, 0x88, 0x80, 0x88, 0x88, 0x88, 0x80, 0x88, 0x88, 0x88, 0x80, 0x88, 0x88, 0x88,
  0x80, 0x88, 0x88, 0x88, 0x80, 0x88, 0x88, 0x88, 0x80, 0x88, 0x88, 0x88, 0x80, 0x88, 0x88, 0x88, 0x80, 0x88, 0x88, 0x88, 0x80, 0x88, 0x88, 0x88,
  0x80, 0x88, 0x88, 0x88, 0x80, 0x88, 0x88, 0x88, 0x80, 0x88, 0x88, 0x88, 0x80, 0x88, 0x88, 0x88, 0x80, 0x88, 0x88, 0x88, 0x80, 0x88, 0x88, 0x88,
  0x80, 0x88, 0x88, 0x88, 0x89, 0x88, 0x88, 0x88, 0x8a, 0x88, 0x88, 0x88, 0x88, 0x88, 0x88, 0x88, 0x88, 0x88, 0x88, 0x88, 0x88, 0x88, 0x88, 0x88,
  0x88, 0x88, 0x88, 0x88, 0x88, 0x88, 0x88, 0x88, 0x80, 0x88, 0x88, 0x88, 0x88, 0x88, 0x88, 0x88, 0x80, 0x88, 0x88, 0x88, 0x88, 0x88, 0x88, 0x88,
  0x88, 0x88, 0x88, 0x88, 0x88, 0x88, 0x88, 0x88, 0x00, 0x88, 0x88, 0x88, 0x88, 0x88, 0x88, 0x88, 0x88, 0x88, 0x88, 0x88, 0x88, 0x88, 0x88, 0x88,
  0x88, 0x88, 0x88, 0x88, 0xf8, 0x88, 0x88, 0x88, 0x88, 0x88, 0x88, 0x88, 0x88, 0x88, 0x88, 0x88, 0x88, 0x88, 0x88, 0x88, 0x88, 0x88, 0x88, 0x88,
  0x88, 0x88, 0x88, 0x88, 0x88, 0x88, 0x88, 0x88, 0x88, 0x88, 0x88, 0x88, 0x88, 0x88, 0x88, 0x88, 0x88, 0x88, 0x88, 0x88, 0x80, 0x88, 0x88, 0x88,
  0x80, 0x88, 0x88, 0x88, 0x88, 0x88, 0x88, 0x88, 0x88, 0x88, 0x88, 0x88, 0x88, 0x88, 0x88, 0x88, 0x88, 0x88, 0x88, 0x88, 0x88, 0x80, 0x88, 0x88,
  0x05, 0x88, 0x88, 0x88, 0x80, 0x88, 0x88, 0x88, 0x88, 0x88, 0x88, 0x88, 0x88, 0x88, 0x88, 0x88, 0x88, 0x88, 0x88, 0x88, 0x88, 0x88, 0x88, 0x88,
  0x80, 0x88, 0x88, 0x88, 0x80, 0x88, 0x88, 0x88, 0x88, 0x88, 0x88, 0x88, 0x88, 0x88, 0x88, 0x88, 0x80, 0x80, 0x88, 0x88, 0x80, 0x88, 0x88, 0x88,
  0xf6, 0x07, 0x88, 0x88, 0x83, 0x80, 0x88, 0x80, 0x00, 0x88, 0x88, 0x88, 0x80, 0x88, 0x88, 0x88, 0x88, 0x88, 0x88, 0x88, 0x80, 0x80, 0x88, 0x88,
  0x8e, 0x88, 0x88, 0x88, 0x8f, 0x88, 0x88, 0x88, 0x8f, 0x80, 0x88, 0x88, 0x8f, 0x88, 0x88, 0x8f, 0x8f, 0x88, 0x88, 0x8f, 0xff, 0x8f, 0x88, 0x88,
  0xff, 0x8f, 0x88, 0x88, 0xaf, 0x8f, 0x88, 0x8f, 0x8e, 0x88, 0x88, 0x88, 0x8f, 0x88, 0x88, 0x88, 0x88, 0x88, 0x88, 0x88, 0x88, 0x88, 0x88, 0x88,
  0x88, 0x88, 0x88, 0x88, 0x88, 0x88, 0x88, 0x88, 0x88, 0x88, 0x88, 0x88, 0x8f, 0x88, 0x88, 0x88, 0x88, 0x88, 0x88, 0x88, 0x88, 0x88, 0x08, 0x88,
  0x80, 0x88, 0x88, 0x88, 0x80, 0x88, 0x08, 0x88, 0x88, 0x88, 0x08, 0x88, 0x88, 0x88, 0x88, 0x88, 0x88, 0x88, 0x08, 0x88, 0x80, 0x88, 0x88, 0x88,
  0x80, 0x88, 0x88, 0x88, 0x88, 0x88, 0x88, 0x88, 0x80, 0x88, 0x88, 0x88, 0x80, 0x88, 0x08, 0x88, 0x80, 0x88, 0x88, 0x88, 0x88, 0x88, 0x88, 0x88,
  0x88, 0x88, 0x88, 0x88, 0x00, 0x88, 0x88, 0x88, 0x80, 0x08, 0x00, 0x88, 0x80, 0x88, 0x08, 0x88, 0x88, 0x88, 0x88, 0x88, 0x88, 0x88, 0x08, 0x88,
  0x80, 0x08, 0x08, 0x88, 0x88, 0x88, 0x88, 0x88, 0x80, 0x88, 0x88, 0x80, 0x80, 0x88, 0x00, 0x88, 0x88, 0x88, 0x88, 0x88, 0x88, 0x88, 0x08, 0x88,
  0x88, 0x88, 0x88, 0x88, 0x88, 0x88, 0x88, 0x88, 0x80, 0x88, 0x88, 0x88, 0x80, 0x88, 0x88, 0x88, 0x00, 0x80, 0x08, 0x88, 0x80, 0x88, 0x88, 0x88,
  0x80, 0x88, 0x08, 0x88, 0x00, 0x80, 0x08, 0x88, 0x80, 0x80, 0x88, 0x80, 0x80, 0x88, 0x08, 0x88, 0x80, 0x88, 0x88, 0x88, 0x00, 0x80, 0x88, 0x88,
  0x88, 0x88, 0x88, 0x88, 0x88, 0x88, 0x88, 0x88, 0x80, 0x88, 0x80, 0x88, 0x88, 0x88, 0x88, 0x88, 0x80, 0x88, 0x88, 0x88, 0x80, 0x88, 0x08, 0x88,
  0x80, 0x88, 0xf8, 0x88, 0x80, 0x00, 0x00, 0x88, 0x80, 0x88, 0x08, 0x88, 0x80, 0x00, 0x00, 0x80, 0x80, 0x88, 0x08, 0x88, 0x80, 0x88, 0x08, 0x88,
  0x80, 0x08, 0x08, 0x88, 0x80, 0x88, 0x88, 0x88, 0x87, 0x88, 0x88, 0x88, 0x89, 0x88, 0xf8, 0x88, 0x8f, 0x88, 0xc8, 0x88, 0x88, 0x88, 0x88, 0x88,
  0x88, 0x88, 0x88, 0x88, 0x80, 0x88, 0x88, 0x88, 0x88, 0x88, 0x88, 0x88, 0x88, 0x88, 0x88, 0x88, 0x88, 0x88, 0x88, 0x88, 0x88, 0x88, 0x88, 0x88,
  0x88, 0x88, 0x88, 0x88, 0x88, 0x88, 0x88, 0x88, 0x80, 0x88, 0x88, 0x88, 0x80, 0x88, 0x88, 0x88, 0x80, 0x88, 0x88, 0x88, 0x80, 0x88, 0x88, 0x88,
  0x80, 0x88, 0x88, 0x88, 0x80, 0x88, 0x88, 0x88, 0x80, 0x88, 0x88, 0x88, 0x80, 0x88, 0x88, 0x88, 0x80, 0x88, 0x88, 0x88, 0x80, 0x88, 0x88, 0x88,
  0x80, 0x88, 0x88, 0x88, 0x80, 0x88, 0x88, 0x88, 0x80, 0x88, 0x88, 0x88, 0x80, 0x88, 0x88, 0x88, 0x80, 0x88, 0x88, 0x88, 0x80, 0x88, 0x88, 0x88,
  0x80, 0x88, 0x88, 0x88, 0x80, 0x88, 0x88, 0x88, 0x80, 0x88, 0x88, 0x88, 0x80, 0x88, 0x88, 0x88, 0x80, 0x88, 0x88, 0x88, 0x80, 0x88, 0x88, 0x88,
  0x80, 0x88, 0x88, 0x88, 0x80, 0x88, 0x88, 0x88, 0x80, 0x88, 0x88, 0x88, 0x80, 0x88, 0x88, 0x88, 0x80, 0x88, 0x88, 0x88, 0x80, 0x88, 0x88, 0x88,
  0x80, 0x88, 0x88, 0x88, 0x80, 0x88, 0x88, 0x88, 0x80, 0x88, 0x88, 0x88, 0x80, 0x88, 0x88, 0x88, 0x80, 0x88, 0x88, 0x88, 0x80, 0x88, 0x88, 0x88,
  0x80, 0x88, 0x88, 0x88, 0x80, 0x88, 0x88, 0x88, 0x80, 0x88, 0x88, 0x88, 0x80, 0x88, 0x88, 0x88, 0x80, 0x88, 0x88, 0x88, 0x80, 0x88, 0x88, 0x88,
  0x80, 0x88, 0x88, 0x88, 0x80, 0x88, 0x88, 0x88, 0x80, 0x88, 0x88, 0x88, 0x80, 0x88, 0x88, 0x88, 0x80, 0x88, 0x88, 0x88, 0x80, 0x88, 0x88, 0x88,
  0x80, 0x88, 0x88, 0x88, 0x80, 0x88, 0x88, 0x88, 0x80, 0x88, 0x88, 0x88, 0x80, 0x88, 0x88, 0x88, 0x80, 0x88, 0x88, 0x88, 0x80, 0x88, 0x88, 0x88,
  0x80, 0x88, 0x88, 0x88, 0x80, 0x88, 0x88, 0x88, 0x80, 0x88, 0x88, 0x88, 0x80, 0x88, 0x88, 0x88, 0x80, 0x88, 0x88, 0x88, 0x80, 0x88, 0x88, 0x88,
  0x80, 0x88, 0x88, 0x88, 0x87, 0x88, 0x88, 0x88, 0x85, 0x88, 0x88, 0x88, 0x88, 0x88, 0x88, 0x88, 0x88, 0x88, 0x88, 0x88, 0x88, 0x88, 0x88, 0x88,
  0x8f, 0x88, 0x88, 0x88, 0x8f, 0x88, 0xff, 0x8f, 0x8f, 0x88, 0x88, 0x8f, 0x8f, 0x88, 0x88, 0x88, 0x8f, 0x88, 0x88, 0x88, 0x8e, 0x88, 0x88, 0x88,
  0x8f, 0x88, 0x88, 0x88, 0x8f, 0x88, 0x88, 0x88, 0x8d, 0x88, 0x88, 0x88, 0x8f, 0xf8, 0x88, 0x88, 0x8f, 0x88, 0x88, 0x88, 0x8f, 0x88, 0x88, 0x88,
  0x8f, 0x88, 0x88, 0x88, 0x8f, 0x88, 0x88, 0x88, 0x8f, 0x88, 0x88, 0x88, 0x8f, 0x88, 0x88, 0x88, 0x8f, 0x88, 0x88, 0x8f, 0x8f, 0x88, 0xf8, 0x88,
  0x8f, 0x88, 0x88, 0x88, 0x8f, 0x88, 0x88, 0x8f, 0x8f, 0x88, 0xff, 0x88, 0x8f, 0x88, 0x88, 0x88, 0x8f, 0x88, 0x88, 0x88, 0x8f, 0x88, 0x88, 0x8f,
  0x8f, 0x88, 0x88, 0x8f, 0x8f, 0x88, 0x88, 0x88, 0x8f, 0x88, 0x88, 0x88, 0x8f, 0x88, 0x88, 0x88, 0x8f, 0x88, 0x88, 0x88, 0x8f, 0x88, 0x88, 0x88,
  0x8f, 0x88, 0x88, 0x88, 0x8f, 0x88, 0x88, 0x88, 0x8f, 0x88, 0x88, 0x88, 0x8f, 0x88, 0x88, 0x88, 0x8f, 0x88, 0xf8, 0x8f, 0x8e, 0x88, 0xf8, 0x88,
  0x8f, 0x88, 0x88, 0x88, 0x8f, 0x88, 0x88, 0x88, 0x8f, 0x88, 0x88, 0x88, 0x8f, 0x88, 0x88, 0x88, 0x8f, 0x88, 0x88, 0x8f, 0x8f, 0x88, 0x88, 0x88,
  0x8f, 0x88, 0x88, 0x88, 0x8f, 0x88, 0x8f, 0x88, 0x8f, 0x88, 0x88, 0x8f, 0x8f, 0x88, 0x88, 0x88, 0x8e, 0x88, 0x88, 0x88, 0x8f, 0x88, 0x88, 0x88,
  0x8f, 0x88, 0x88, 0x88, 0x88, 0x88, 0x88, 0x88, 0x88, 0x88, 0x88, 0x88, 0x88, 0x88, 0x88, 0x88, 0x88, 0x88, 0x88, 0x88, 0x88, 0x88, 0x88, 0x88,
  0x88, 0x88, 0x88, 0x88, 0x88, 0x88, 0x88, 0x88, 0x88, 0x88, 0x88, 0x88, 0x8f, 0x88, 0x88, 0x88, 0x8f, 0x88, 0x88, 0x88, 0x88, 0x88, 0x88, 0x88,
  0x88, 0x88, 0x88, 0x88, 0x88, 0x88, 0x88, 0x88, 0x8f, 0x88, 0x8f, 0x88, 0x8f, 0x88, 0x88, 0x88, 0x88, 0x88, 0x88, 0x88, 0x88, 0x88, 0x88, 0x88,
  0x88, 0x88, 0x88, 0x88, 0x88, 0x88, 0x88, 0x88, 0x88, 0x88, 0x88, 0x88, 0x88, 0x88, 0x88, 0x88, 0x88, 0x88, 0x88, 0x88, 0x88, 0x88, 0x88, 0x88,
  0x88, 0x88, 0x88, 0x88, 0x88, 0x88, 0x88, 0x88, 0x88, 0x88, 0x88, 0x88, 0x88, 0x88, 0x88, 0x88, 0x88, 0x88, 0x88, 0x88, 0x88, 0x88, 0x88, 0x88,
  0x88, 0x88, 0x88, 0x88, 0x88, 0x88, 0x88, 0x88, 0x88, 0x88, 0x88, 0x88, 0x88, 0x88, 0x88, 0x88, 0x88, 0x88, 0x88, 0x88, 0x88, 0x88, 0x88, 0x88,
  0x88, 0x88, 0x88, 0x88, 0x88, 0x88, 0x88, 0x88, 0x88, 0x88, 0x88, 0x88, 0x88, 0x88, 0x88, 0x88, 0x88, 0x88, 0x88, 0x88, 0x88, 0x88, 0x88, 0x88,
  0x88, 0x88, 0x88, 0x88, 0x88, 0x88, 0x88, 0x88, 0x88, 0x88, 0x88, 0x88, 0x88, 0x88, 0x88, 0x88, 0x88, 0x88, 0x88, 0x88, 0x88, 0x88, 0x88, 0x88,
  0x88, 0x88, 0x88, 0x88, 0x88, 0x88, 0x88, 0x88, 0x88, 0x88, 0x88, 0x88, 0x88, 0x88, 0x88, 0x88, 0x88, 0x88, 0x88, 0x88, 0x88, 0x88, 0x88, 0x88,
  0x88, 0x88, 0x88, 0x88, 0x88, 0x88, 0x88, 0x88, 0x88, 0x88, 0x88, 0x88, 0x88, 0x88, 0x88, 0x88, 0x88, 0x88, 0x88, 0x88, 0x88, 0x88, 0x88, 0x88,
  0x88, 0x88, 0x88, 0x88, 0x88, 0x88, 0x88, 0x88, 0x88, 0x88, 0x88, 0x88, 0x88, 0x88, 0x88, 0x88, 0x88, 0x88, 0x88, 0x88, 0x88, 0x88, 0x88, 0x88,
  0x88, 0x88, 0x88, 0x88, 0x88, 0x88, 0x88, 0x88, 0x88, 0x88, 0x88, 0x88, 0x88, 0x88, 0x88, 0x88, 0x88, 0x88, 0x88, 0x88, 0x88, 0x88, 0x88, 0x88,
  0x88, 0x88, 0x88, 0x88, 0x88, 0x88, 0x88, 0x88, 0x88, 0x88, 0x88, 0x88, 0x88, 0x88, 0x88, 0x88, 0x88, 0x88, 0x88, 0x88, 0x88, 0x88, 0x88, 0x88,
  0x88, 0x88, 0x88, 0x88, 0x88, 0x88, 0x88, 0x88, 0x8f, 0x88, 0x88, 0x88, 0xff, 0x88, 0x88, 0x88, 0x8f, 0x88, 0x88, 0x8f, 0x8c, 0x8f, 0x88, 0x88,
  0x8b, 0x88, 0x88, 0x88, 0x8f, 0x88, 0x88, 0x88, 0x8f, 0x88, 0x88, 0x88, 0x8f, 0x88, 0x88, 0x88, 0x8f, 0x88, 0x88, 0x88, 0x8f, 0x88, 0x88, 0x88,
  0x8f, 0x88, 0x88, 0x88, 0x8f, 0x88, 0x88, 0x88, 0x8f, 0x88, 0x88, 0x88, 0x8f, 0x88, 0x88, 0x88, 0x8f, 0x88, 0x88, 0x88, 0x8f, 0x88, 0x88, 0x88,
  0x8f, 0x88, 0x88, 0x88, 0x8f, 0x88, 0x88, 0x8f, 0x8d, 0x88, 0x88, 0x88, 0x8f, 0x88, 0x88, 0x8f, 0x8d, 0x88, 0x88, 0x88, 0x8f, 0x88, 0x88, 0x88,
  0x8d, 0x88, 0x88, 0x88, 0x8f, 0x88, 0x88, 0x88, 0x8f, 0x88, 0x88, 0x88, 0x8f, 0x88, 0xf8, 0x8f, 0x8f, 0x88, 0x88, 0x8f, 0x8f, 0x88, 0x88, 0x88,
  0x8f, 0x88, 0xff, 0x88, 0x8f, 0x88, 0x88, 0x88, 0x8f, 0x88, 0x88, 0x8f, 0x8f, 0x88, 0x88, 0x8f, 0x8e, 0x88, 0x88, 0x8f, 0x8f, 0x88, 0x88, 0x8f,
  0x8f, 0x88, 0x88, 0x88, 0x8f, 0x88, 0x88, 0x8f, 0x8f, 0x88, 0x88, 0x88, 0x8a, 0x88, 0x88, 0x88, 0x86, 0x88, 0x88, 0x88, 0x89, 0x88, 0x88, 0x88,
  0x8f, 0x88, 0x88, 0x88, 0x8c, 0x88, 0x88, 0x88, 0x8f, 0x88, 0x88, 0x88, 0x8f, 0x88, 0x88, 0x88, 0x8f, 0x88, 0x88, 0x88, 0x8f, 0x88, 0x88, 0x88,
  0x8f, 0x88, 0x88, 0x8f, 0x8f, 0x88, 0x8f, 0x88, 0x8f, 0x88, 0x88, 0x8f, 0x88, 0x88, 0x88, 0x88, 0x88, 0x88, 0x88, 0x88, 0x88, 0x88, 0x88, 0x88,
  0x88, 0x88, 0x88, 0x88, 0x88, 0x88, 0x88, 0x88, 0x88, 0x88, 0x88, 0x88, 0x88, 0x88, 0x88, 0x88, 0x88, 0x88, 0x88, 0x88, 0x88, 0x88, 0x88, 0x88,
  0x8f, 0x88, 0x88, 0x88, 0x88, 0x88, 0x88, 0x88, 0x88, 0x88, 0x88, 0x88, 0x88, 0x88, 0x88, 0x88, 0x8c, 0x88, 0x88, 0x88, 0x8f, 0x88, 0x88, 0x88,
  0x88, 0x88, 0xf8, 0x88, 0x88, 0x88, 0x88, 0x88, 0x88, 0x88, 0x88, 0x88, 0x88, 0x88, 0x88, 0x88, 0x88, 0x88, 0x88, 0x88, 0x88, 0x88, 0x88, 0x88,
  0x88, 0x88, 0x88, 0x88, 0x88, 0x88, 0x88, 0x88, 0x88, 0x88, 0x88, 0x88, 0x88, 0x88, 0x8f, 0x88, 0x88, 0x88, 0x08, 0x88, 0x88, 0x88, 0x88, 0x88,
  0x88, 0x88, 0x88, 0x88, 0x88, 0x88, 0x88, 0x88, 0x88, 0x88, 0x88, 0x88, 0x88, 0x88, 0x88, 0x88, 0x88, 0x88, 0x88, 0x88, 0x88, 0x88, 0x88, 0x88,
  0x88, 0x88, 0x80, 0x88, 0x88, 0x88, 0x88, 0x88, 0x88, 0x88, 0x88, 0x88, 0x88, 0x88, 0x88, 0x88, 0x88, 0x88, 0x88, 0x88, 0x88, 0x88, 0x88, 0x88,
  0x88, 0x88, 0x88, 0x88, 0x88, 0x88, 0x88, 0x88, 0x88, 0x88, 0x88, 0x88, 0x88, 0x88, 0x88, 0x88, 0x88, 0x88, 0x88, 0x88, 0x88, 0x88, 0x88, 0x88,
  0x88, 0x88, 0x88, 0x88, 0x88, 0x88, 0x88, 0x88, 0x88, 0x88, 0x88, 0x88, 0x88, 0x88, 0x88, 0x88, 0x88, 0x88, 0x88, 0x88, 0x88, 0x88, 0x88, 0x88,
  0x88, 0x88, 0x88, 0x88, 0x88, 0x88, 0x88, 0x88, 0x88, 0x88, 0x8f, 0x88, 0x88, 0x88, 0x88, 0x88, 0x88, 0x88, 0x88, 0x88, 0x88, 0x88, 0x88, 0x88,
  0x88, 0x88, 0x88, 0x88, 0x88, 0x88, 0x88, 0x88, 0x88, 0x88, 0x88, 0x88, 0x88, 0x88, 0x88, 0x88, 0x88, 0x88, 0x88, 0x80, 0x88, 0x88, 0x88, 0x88,
  0x88, 0x88, 0x88, 0x88, 0x88, 0x88, 0x88, 0x88, 0x88, 0x88, 0x08, 0x88, 0x88, 0x88, 0x88, 0x88, 0x88, 0x88, 0x88, 0x88, 0x88, 0x88, 0x88, 0x88,
  0x88, 0x88, 0x88, 0x88, 0x88, 0x88, 0x88, 0x88, 0x88, 0x88, 0x88, 0x88, 0x88, 0x88, 0x88, 0x88, 0x88, 0x88, 0xff, 0x80, 0x88, 0x88, 0xda, 0x88,
  0x88, 0x88, 0xea, 0x87, 0x88, 0x88, 0x88, 0x88, 0x88, 0x88, 0x88, 0x88, 0x88, 0x88, 0x88, 0x88, 0x8f, 0x88, 0x88, 0x88, 0x8f, 0x88, 0x88, 0x88,
  0x8f, 0x88, 0x88, 0x88, 0x8f, 0x88, 0x88, 0x88, 0x8f, 0x88, 0x88, 0x88, 0x8f, 0x88, 0x88, 0x88, 0x8f, 0x88, 0x88, 0x88, 0x8f, 0x88, 0x8f, 0x88,
  0x8f, 0x88, 0x88, 0x88, 0x8f, 0x88, 0x88, 0x88, 0x8f, 0x88, 0x88, 0x88, 0x8f, 0x88, 0x88, 0x88, 0x8f, 0x88, 0x88, 0x88, 0x8f, 0x88, 0xff, 0x8f,
  0x8f, 0x88, 0x88, 0x88, 0x8f, 0x8f, 0x88, 0x88, 0x8f, 0x88, 0x88, 0x88, 0x8f, 0x88, 0x88, 0x88, 0x8f, 0x88, 0x88, 0x88, 0x8f, 0x88, 0x88, 0x88,
  0x8f, 0x88, 0x88, 0x88, 0x8f, 0x88, 0x8f, 0x8f, 0x8f, 0x88, 0x88, 0x8f, 0x8f, 0x88, 0xff, 0x8f, 0x8f, 0x88, 0x88, 0x88, 0x8f, 0x88, 0x88, 0x8f,
  0x8f, 0x88, 0x88, 0x8f, 0x88, 0x88, 0x88, 0x88, 0x8f, 0x88, 0x88, 0x88, 0x8e, 0x88, 0x88, 0x88, 0x8f, 0x88, 0x88, 0x8f, 0x8f, 0x88, 0x8f, 0x8f,
  0x8f, 0x88, 0x8f, 0x8f, 0x8f, 0x88, 0xf8, 0x88, 0x8f, 0x88, 0xf8, 0x88, 0x8f, 0x88, 0x8f, 0x88, 0x8f, 0x88, 0x88, 0x88, 0x8f, 0x88, 0x88, 0x88,
  0x8f, 0x88, 0x88, 0x88, 0x8f, 0x88, 0x88, 0x8f, 0x8f, 0x88, 0x88, 0x88, 0x8f, 0x88, 0x88, 0x88, 0x8f, 0x88, 0x88, 0x88, 0x8f, 0x88, 0xf8, 0x88,
  0x8f, 0x88, 0x8f, 0x88, 0x8f, 0x88, 0x8f, 0x88, 0x8f, 0x88, 0x88, 0x88, 0x8f, 0x88, 0x88, 0x88, 0x8f, 0x88, 0x8f, 0x88, 0x8f, 0x88, 0x88, 0x88,
  0x8f, 0x88, 0x88, 0x88, 0x88, 0x88, 0x88, 0x88, 0x88, 0x88, 0x88, 0x88, 0x88, 0x88, 0x88, 0x88, 0x8f, 0x88, 0x88, 0x88, 0x88, 0x88, 0x88, 0x88,
  0x88, 0x88, 0x88, 0x88, 0x8f, 0x88, 0x88, 0x8f, 0x8f, 0x88, 0x88, 0x88, 0x88, 0x88, 0x88, 0x88, 0x88, 0x88, 0x88, 0x88, 0x88, 0x88, 0x88, 0x88,
  0x8f, 0x88, 0x88, 0x88, 0x8f, 0x88, 0x88, 0x88, 0x88, 0x88, 0x88, 0x88, 0x88, 0x88, 0x88, 0x88, 0x88, 0x88, 0x88, 0x88, 0x88, 0x88, 0x88, 0x88,
  0x88, 0x88, 0x88, 0x88, 0x88, 0x88, 0x88, 0x88, 0x88, 0x88, 0x88, 0x88, 0x88, 0x88, 0x88, 0x88, 0x88, 0x88, 0x88, 0x88, 0x88, 0x88, 0x88, 0x88,
  0x88, 0x88, 0x88, 0x88, 0x80, 0x88, 0x88, 0x88, 0x88, 0x88, 0x88, 0x88, 0x88, 0x88, 0x88, 0x88, 0x88, 0x88, 0x88, 0x88, 0x88, 0x88, 0x88, 0x88,
  0x88, 0x88, 0x88, 0x88, 0x88, 0x88, 0x88, 0x88, 0x88, 0x88, 0x88, 0x88, 0x88, 0x88, 0x88, 0x88, 0x88, 0x88, 0x88, 0x88, 0x88, 0x88, 0x88, 0x88,
  0x88, 0x88, 0x88, 0x88, 0x88, 0x88, 0x88, 0x88, 0x88, 0x88, 0x88, 0x88, 0x88, 0x88, 0x88, 0x88, 0x88, 0x88, 0x88, 0x88, 0x88, 0x88, 0x88, 0x88,
  0x88, 0x88, 0x88, 0x88, 0x88, 0x88, 0x88, 0x88, 0x88, 0x88, 0x88, 0x88, 0x88, 0x88, 0x88, 0x88, 0x88, 0x88, 0x88, 0x88, 0x88, 0x88, 0x88, 0x88,
  0x88, 0x88, 0x88, 0x88, 0x88, 0x88, 0x88, 0x88, 0x88, 0x88, 0x88, 0x88, 0x88, 0x88, 0x88, 0x88, 0x88, 0x88, 0x88, 0x88, 0x88, 0x88, 0x88, 0x88,
  0x88, 0x88, 0x88, 0x88, 0x88, 0x88, 0x88, 0x88, 0x88, 0x88, 0x88, 0x88, 0x88, 0x88, 0x88, 0x88, 0x88, 0x88, 0x88, 0x88, 0x88, 0x88, 0x88, 0x88,
  0x88, 0x88, 0x88, 0x88, 0x88, 0x88, 0x88, 0x88, 0x88, 0x88, 0x88, 0x88, 0x88, 0x88, 0x88, 0x88, 0x88, 0x88, 0x88, 0x88, 0x88, 0x88, 0x88, 0x88,
  0x88, 0x88, 0x88, 0x88, 0x88, 0x88, 0x88, 0x88, 0x88, 0x88, 0x88, 0x88, 0x88, 0x88, 0x88, 0x88, 0x88, 0x88, 0x88, 0x88, 0x80, 0x88, 0x88, 0x88,
  0x80, 0x88, 0x88, 0x88, 0x8f, 0x88, 0x88, 0x88, 0x8f, 0x88, 0x88, 0x88, 0x88, 0x88, 0x88, 0x88, 0x88, 0x88, 0x88, 0x88, 0x88, 0x88, 0x88, 0x88,
  0x88, 0x88, 0x88, 0x88, 0x88, 0x88, 0x88, 0x88, 0x88, 0x88, 0x88, 0x88, 0x88, 0x88, 0x88, 0x88, 0x88, 0x88, 0x88, 0x88, 0x88, 0x88, 0x88, 0x88,
  0x88, 0x88, 0x88, 0x88, 0x88, 0x88, 0x88, 0x88, 0x88, 0x88, 0x88, 0x88, 0x88, 0x88, 0x88, 0x88, 0x88, 0x88, 0x88, 0x88, 0x88, 0x88, 0x88, 0x88,
  0x88, 0x88, 0x88, 0x88, 0x88, 0x88, 0x88, 0x88, 0x88, 0x88, 0x88, 0x88, 0x88, 0x88, 0x88, 0x88, 0x88, 0x88, 0x88, 0x88, 0x88, 0x88, 0x88, 0x88,
  0x88, 0x88, 0x88, 0x88, 0x88, 0x88, 0x88, 0x88, 0x88, 0x88, 0x88, 0x88, 0x88, 0x88, 0x88, 0x88, 0x88, 0x88, 0x88, 0x88, 0x88, 0x88, 0x88, 0x88,
  0x88, 0x88, 0x88, 0x88, 0x88, 0x88, 0x88, 0x88, 0x88, 0x88, 0x88, 0x88, 0x88, 0x88, 0x88, 0x88, 0x88, 0x88, 0x88, 0x88, 0x88, 0x88, 0x88, 0x88,
  0x88, 0x88, 0x88, 0x88, 0x88, 0x88, 0x88, 0x88, 0x88, 0x88, 0x88, 0x88, 0x88, 0x88, 0x88, 0x88, 0x88, 0x88, 0x88, 0x88, 0x88, 0x88, 0x88, 0x88,
  0x88, 0x88, 0x88, 0x88, 0x88, 0x88, 0x88, 0x88, 0x88, 0x88, 0x88, 0x88, 0x88, 0x88, 0x88, 0x88, 0x88, 0x88, 0x88, 0x88, 0x88, 0x88, 0x88, 0x88,
  0x88, 0x88, 0x88, 0x88, 0x88, 0x88, 0x88, 0x88, 0x88, 0x88, 0x88, 0x88, 0x88, 0x88, 0x88, 0x88, 0x88, 0x88, 0x88, 0x88, 0x88, 0x88, 0x88, 0x88,
  0x88, 0x88, 0x88, 0x88, 0x88, 0x88, 0x88, 0x88, 0x88, 0x88, 0x88, 0x88, 0x88, 0x88, 0x88, 0x88, 0x88, 0x88, 0x88, 0x88, 0x88, 0x88, 0x88, 0x88,
  0x88, 0x88, 0x88, 0x88, 0x88, 0x88, 0x88, 0x88, 0x88, 0x88, 0x88, 0x88, 0x88, 0x88, 0x88, 0x88, 0x88, 0x88, 0x88, 0x88, 0x80, 0x88, 0x88, 0x88,
  0x80, 0x88, 0x88, 0x88, 0x88, 0x88, 0x88, 0x88, 0x88, 0x88, 0x88, 0x88, 0x88, 0x88, 0x88, 0x88, 0x88, 0x88, 0x88, 0x88, 0x88, 0x88, 0xf8, 0x88,
  0x88, 0x88, 0x8f, 0x88, 0x88, 0x88, 0xf8, 0x88, 0x88, 0xf8, 0x8f, 0x88, 0x88, 0x88, 0x88, 0x88, 0x88, 0x88, 0xff, 0x88, 0x88, 0xf8, 0x88, 0x88,
  0x88, 0x88, 0xff, 0x88, 0x88, 0x88, 0x8f, 0x88, 0x88, 0xf8, 0xff, 0x88, 0x88, 0xf8, 0x8f, 0x88, 0x88, 0x88, 0x88, 0x88, 0x88, 0xf8, 0x88, 0x8f,
  0x88, 0x88, 0xf8, 0x88, 0x88, 0x88, 0x8f, 0x88, 0x88, 0x88, 0xff, 0x88, 0x88, 0x88, 0x8f, 0x8f, 0x88, 0x88, 0xff, 0x88, 0x88, 0x88, 0xff, 0x8f,
  0x88, 0x88, 0x8f, 0x88, 0x88, 0xf8, 0x8f, 0x8f, 0x88, 0xf8, 0xff, 0x88, 0x88, 0x88, 0x8f, 0x88, 0x88, 0xf8, 0xf8, 0x8f, 0x88, 0xf8, 0x8f, 0x88,
  0x88, 0x88, 0xff, 0x88, 0x88, 0x88, 0xff, 0x88, 0x88, 0x88, 0xff, 0x88, 0x88, 0xf8, 0x88, 0x88, 0x88, 0xf8, 0xf8, 0x88, 0x88, 0xf8, 0xf8, 0x8f,
  0x88, 0x88, 0xf8, 0x88, 0x88, 0xf8, 0xf8, 0x88, 0x88, 0x88, 0xff, 0x88, 0x88, 0x88, 0xf8, 0x8f, 0x88, 0x88, 0xf8, 0x88, 0x88, 0x88, 0x88, 0x88,
  0x88, 0x88, 0x8f, 0x88, 0x88, 0xf8, 0x88, 0x88, 0x88, 0xf8, 0xff, 0x88, 0x88, 0x88, 0xff, 0x88, 0x88, 0x88, 0x8f, 0x88, 0x88, 0x88, 0xff, 0x88,
  0x88, 0x88, 0xff, 0x88, 0x88, 0x88, 0xf8, 0x88, 0x88, 0xf8, 0xf8, 0x8f, 0x88, 0x88, 0xf8, 0x88, 0x88, 0x88, 0xf8, 0x8f, 0x88, 0x88, 0x88, 0x88,
  0x88, 0x88, 0x88, 0x88, 0x88, 0x88, 0x88, 0x88, 0x88, 0x88, 0x88, 0x88, 0x88, 0x88, 0x88, 0x88, 0x88, 0x88, 0x88, 0x88, 0x88, 0x88, 0x88, 0x88,
  0x88, 0x88, 0x88, 0x88, 0x88, 0x88, 0xff, 0x8f, 0x88, 0x88, 0x88, 0x8f, 0x88, 0x88, 0xff, 0x8f, 0x88, 0x88, 0xf8, 0x8f, 0x88, 0x88, 0x88, 0x88,
  0x88, 0xf8, 0xff, 0x8f, 0x88, 0xf8, 0xff, 0x8f, 0x88, 0x88, 0x88, 0x80, 0x88, 0x88, 0x08, 0x80, 0x88, 0x88, 0x08, 0x80, 0x88, 0x88, 0x88, 0x80,
  0x88, 0x88, 0x88, 0x88, 0x88, 0x88, 0x08, 0x80, 0x88, 0x88, 0x88, 0x80, 0x88, 0x88, 0x88, 0x80, 0x88, 0x88, 0x80, 0x80, 0x88, 0x88, 0x88, 0x80,
  0x88, 0x88, 0x88, 0x80, 0x88, 0x88, 0x88, 0x80, 0x88, 0x88, 0x88, 0x88, 0x88, 0x88, 0x80, 0x80, 0x88, 0x88, 0x08, 0x88, 0x88, 0x88, 0x80, 0x80,
  0x88, 0x88, 0x08, 0x80, 0x88, 0x88, 0x08, 0x80, 0x88, 0x88, 0x88, 0x80, 0x88, 0x08, 0x00, 0x80, 0x88, 0x88, 0x80, 0x80, 0x88, 0x88, 0x08, 0x80,
  0x88, 0x88, 0x08, 0x80, 0x88, 0xf8, 0x00, 0x80, 0x88, 0x88, 0x8f, 0x80, 0x88, 0x88, 0x88, 0x80, 0x88, 0x88, 0x88, 0x80, 0x88, 0x88, 0x80, 0x80,
  0x88, 0x88, 0x88, 0x80, 0x88, 0x88, 0x08, 0x80, 0x88, 0x88, 0x00, 0x80, 0x88, 0x08, 0x00, 0x80, 0x88, 0x88, 0x88, 0x88, 0x88, 0x88, 0x88, 0x80,
  0x88, 0x88, 0x88, 0x80, 0x88, 0x88, 0x06, 0x80, 0x88, 0x88, 0x00, 0x88, 0x88, 0x88, 0x88, 0x80, 0x88, 0x88, 0x88, 0x80, 0x88, 0x88, 0x08, 0x88,
  0x88, 0x88, 0x88, 0x80, 0x88, 0x88, 0x08, 0x80, 0x88, 0x08, 0x31, 0x80, 0x88, 0x08, 0x05, 0x80, 0x88, 0x08, 0x22, 0x80, 0x88, 0x88, 0x66, 0x83,
  0x88, 0x88, 0x80, 0x85, 0x88, 0x88, 0x80, 0x80, 0x88, 0x08, 0x35, 0x80, 0x88, 0x08, 0x00, 0x80, 0x88, 0x88, 0x04, 0x80, 0x88, 0x88, 0x80, 0x80,
  0x88, 0x88, 0x00, 0x80, 0x88, 0x88, 0x80, 0x80, 0x88, 0x88, 0x04, 0x80, 0x88, 0x08, 0x7a, 0x80, 0x88, 0x88, 0x08, 0x80, 0x88, 0x08, 0x00, 0x80,
  0x88, 0x78, 0x78, 0x85, 0x88, 0x08, 0x00, 0x80, 0x88, 0x88, 0x08, 0x80, 0x88, 0x88, 0x88, 0x88, 0x88, 0x88, 0x88, 0x88, 0x88, 0x08, 0x05, 0x88,
};
