offset,length,bits,mask,stream_class,profile_id,baseline_bytes,mini_bytes,donor_bytes,combined_bytes,selected_bytes,mini_gain_bytes,donor_gain_bytes,combined_gain_bytes,best_mode,best_gain_bytes
6405,10374,82996,114688,9,0,1457.48346029,1457.46487295,1457.55235358,1457.53385118,1457.53385118,0.0185873327287,-0.0688932936991,-0.050390897974,mini_cmix,0.0185873327287
17702,14057,112460,114688,9,0,1841.84859133,1841.84143714,1841.73095742,1841.72318502,1841.72318502,0.00715418993423,0.117633903194,0.125406309361,mini_donor,0.125406309361
32993,4227,33823,114688,9,0,732.916491902,732.929326481,732.881481374,732.894534851,732.894534851,-0.0128345793437,0.0350105279258,0.0219570510571,donor_profile,0.0350105279258
37570,2663,21304,114688,9,0,540.030074989,539.997406781,540.001890783,539.969390744,539.969390744,0.0326682085953,0.028184206185,0.0606842452654,mini_donor,0.0606842452654
40432,621,4972,114688,9,0,90.1365047934,90.1383122308,90.1421172568,90.143955566,90.143955566,-0.00180743737224,-0.00561246343386,-0.00745077265333,baseline,0
41093,1674,13397,114688,6,0,586.940203586,586.940542532,586.954469897,586.954808411,586.954808411,-0.000338946088505,-0.0142663111728,-0.0146048248876,baseline,0
42838,1517,12142,114688,6,0,390.089590097,390.079862188,390.014834824,390.005185741,390.005185741,0.00972790906053,0.0747552733146,0.0844043567076,mini_donor,0.0844043567076
44414,993,7950,114688,6,0,180.896991842,180.894161299,180.926838312,180.92408948,180.92408948,0.00283054296415,-0.0298464693506,-0.0270976381844,mini_cmix,0.00283054296415
45451,630,5045,114688,9,0,190.61690971,190.632299731,190.544408234,190.559755767,190.559755767,-0.0153900214791,0.0725014755171,0.0571539430111,donor_profile,0.0725014755171
46119,2385,19085,114688,0,0,786.279717032,786.278949544,786.31532749,786.314573038,786.314573038,0.000767487945268,-0.0356104582788,-0.0348560063794,mini_cmix,0.000767487945268
48578,1748,13986,114688,9,0,488.260725805,488.275311671,488.299830889,488.314431087,488.314431087,-0.014585866555,-0.03910508436,-0.0537052819467,baseline,0
50397,2256,18054,114688,6,0,678.254927749,678.268495874,678.29384131,678.307479962,678.307479962,-0.0135681246416,-0.0389135607147,-0.052552212916,baseline,0
52747,2925,23406,114688,6,0,880.277874699,880.279756974,880.216975419,880.218867837,880.218867837,-0.00188227472245,0.0608992804437,0.0590068616248,donor_profile,0.0608992804437
55772,903,7229,114688,6,0,117.988097283,117.988694248,117.988467553,117.989072963,117.989072963,-0.000596965467139,-0.000370270075109,-0.000975680000465,baseline,0
56717,1583,12664,114688,6,0,434.391820218,434.394342746,434.434721975,434.437272559,434.437272559,-0.00252252762675,-0.0429017563938,-0.0454523410572,baseline,0
58352,3150,25201,114688,0,0,1236.03965585,1236.04111358,1236.1489586,1236.15049243,1236.15049243,-0.0014577316183,-0.109302747698,-0.110836580575,baseline,0
61602,2703,21629,114688,9,0,899.845440798,899.859567137,899.866053007,899.880240189,899.880240189,-0.0141263388159,-0.0206122092468,-0.0347993910564,baseline,0
64406,2682,21458,114688,6,0,742.86615397,742.870121782,742.830321674,742.834299542,742.834299542,-0.00396781227937,0.035832295478,0.031854428169,donor_profile,0.035832295478
67192,2528,20226,114688,0,0,731.701874788,731.693238459,731.823302588,731.814753497,731.814753497,0.00863632840549,-0.121427800485,-0.112878709658,mini_cmix,0.00863632840549
69823,1645,13160,114688,6,0,331.165210164,331.165667475,331.084528371,331.084983465,331.084983465,-0.000457311351511,0.0806817927914,0.0802266987935,donor_profile,0.0806817927914
71552,1403,11229,114688,6,0,310.724204269,310.724508415,310.726370624,310.726672914,310.726672914,-0.000304146446069,-0.00216635472134,-0.0024686452889,baseline,0
73018,1718,13747,114688,6,0,345.590509499,345.590713889,345.662372433,345.662577183,345.662577183,-0.000204389719329,-0.0718629334569,-0.0720676841602,baseline,0
74809,1261,10091,114688,6,0,279.687105042,279.687105076,279.698038343,279.698038343,279.698038343,-3.35276126862e-08,-0.010933300754,-0.010933300754,baseline,0
76128,957,7661,114688,6,0,148.010494504,148.010494683,148.002632003,148.002632003,148.002632003,-1.78813934326e-07,0.00786250087367,0.00786250087367,donor_profile,0.00786250087367
77129,1132,9057,114688,9,0,270.677490347,270.669153471,270.697009331,270.688657179,270.688657179,0.00833687594331,-0.0195189840542,-0.011166831895,mini_cmix,0.00833687594331
78319,492,3938,114688,9,0,56.9920566015,56.9777945872,56.9753956998,56.9611968487,56.9611968487,0.0142620142666,0.0166609016569,0.0308597527934,mini_donor,0.0308597527934
78838,693,5546,114688,6,0,82.7093321628,82.7093322411,82.6899563109,82.6899563109,82.6899563109,-7.82310962677e-08,0.0193758519526,0.0193758519526,donor_profile,0.0193758519526
79566,428,3431,114688,9,0,37.1329206934,37.1423935415,37.1688678115,37.1783565371,37.1783565371,-0.0094728480899,-0.0359471180618,-0.0454358437082,baseline,0
80019,536,4289,114688,9,0,49.1985357583,49.206446077,49.2235186236,49.2314569517,49.2314569517,-0.00791031862479,-0.0249828652313,-0.0329211933998,baseline,0
80583,442,3537,114688,9,0,12.9319354333,12.9303818056,12.9547628647,12.9532209598,12.9532209598,0.00155362768373,-0.0228274313804,-0.0212855264758,mini_cmix,0.00155362768373
81050,439,3518,114688,9,0,11.5667660846,11.5689151343,11.5741221696,11.576271653,11.576271653,-0.0021490496797,-0.00735608494506,-0.00950556833459,baseline,0
81514,491,3931,114688,9,0,57.1740789469,57.1785405146,57.1568615325,57.1613867558,57.1613867558,-0.00446156772159,0.0172174143654,0.0126921911406,donor_profile,0.0172174143654
82032,225,1807,114688,1,0,4.66799594237,4.66799594237,4.70830125804,4.70830125804,4.70830125804,0,-0.040305315667,-0.040305315667,baseline,0
82271,437,3496,114688,9,0,23.0299437835,23.0396798337,23.0201177921,23.0298478217,23.0298478217,-0.00973605015452,0.00982599142571,9.59617859735e-05,donor_profile,0.00982599142571
82733,460,3685,114688,9,0,29.0789523978,29.0875171856,29.1286482397,29.1372145916,29.1372145916,-0.00856478781952,-0.0496958419462,-0.058262193822,baseline,0
83219,1152,9216,114688,6,0,259.73407761,259.731148634,259.649764622,259.646831122,259.646831122,0.00292897559666,0.0843129878658,0.0872464874637,mini_donor,0.0872464874637
84424,632,5063,114688,6,0,29.2390696888,29.2386684232,29.2099805761,29.2095723314,29.2095723314,0.000401265570417,0.0290891127061,0.0294973573577,mini_donor,0.0294973573577
85090,837,6700,114688,6,0,72.0278791281,72.0288356731,71.9919514715,71.992896796,71.992896796,-0.000956544973974,0.0359276565823,0.0349823320863,donor_profile,0.0359276565823
85968,734,5878,114688,6,0,41.6903834853,41.6912421608,41.6856142818,41.6864756634,41.6864756634,-0.000858675540371,0.00476920351684,0.00390782187503,donor_profile,0.00476920351684
86743,660,5286,114688,6,0,26.6402208978,26.6418287098,26.6392079668,26.6408225344,26.6408225344,-0.00160781203977,0.00101293099397,-0.000601636640567,donor_profile,0.00101293099397
87438,668,5344,114688,6,0,35.873270827,35.8736197552,35.8880392141,35.8883916059,35.8883916059,-0.000348928221229,-0.0147683870673,-0.0151207789481,baseline,0
88140,598,4786,114688,1,0,24.0333036962,24.033317546,24.0425708981,24.0425846104,24.0425846104,-1.38497562148e-05,-0.00926720188181,-0.00928091422793,baseline,0
88769,1206,9654,114688,6,0,139.035554839,139.035725156,139.081056196,139.081228187,139.081228187,-0.000170317322045,-0.0455013571263,-0.045673348257,baseline,0
90044,859,6876,114688,6,0,92.3548530901,92.3548531012,92.3965909287,92.3965913057,92.3965913057,-1.11076587928e-08,-0.0417378386182,-0.0417382156538,baseline,0
90945,759,6074,114688,6,0,28.5460635866,28.5464889164,28.5488766885,28.5493019269,28.5493019269,-0.000425329774316,-0.00281310183709,-0.00323834025903,baseline,0
91744,1853,14830,114688,6,0,463.484475029,463.485012924,463.430898708,463.431439046,463.431439046,-0.000537895183243,0.0535763208818,0.0530359824402,donor_profile,0.0535763208818
93685,2559,20472,114688,6,0,792.042794864,792.032654076,792.084163748,792.074506224,792.074506224,0.0101407881502,-0.0413688837843,-0.0317113598248,mini_cmix,0.0101407881502
96329,476,3815,114688,9,0,55.596539256,55.5983656331,55.5953797405,55.5972326277,55.5972326277,-0.00182637712874,0.00115951549742,-0.000693371723855,donor_profile,0.00115951549742
96843,454,3639,114688,9,0,32.513205696,32.5144404917,32.5197536771,32.5210071689,32.5210071689,-0.00123479568992,-0.00654798107462,-0.00780147283604,baseline,0
97323,767,6138,114688,6,0,52.7611473159,52.7629190796,52.7860406504,52.7878094652,52.7878094652,-0.0017717637611,-0.024893334501,-0.0266621493492,baseline,0
98128,448,3591,114688,9,0,16.9569094016,16.9614413372,16.985246202,16.9898350537,16.9898350537,-0.00453193568819,-0.028336800402,-0.0329256521795,baseline,0
98602,490,3925,114688,9,0,37.4299615955,37.4307181386,37.3830169864,37.3837892263,37.3837892263,-0.000756543073749,0.0469446091774,0.0461723692201,donor_profile,0.0469446091774
99120,657,5258,114688,6,0,28.3642380891,28.3640476141,28.3373767421,28.3371862183,28.3371862183,0.000190475022009,0.0268613470098,0.0270518707771,mini_donor,0.0270518707771
99811,443,3551,114688,9,0,14.4916260046,14.4917579786,14.4321446733,14.4322766964,14.4322766964,-0.000131973910811,0.0594813313164,0.0593493082201,donor_profile,0.0594813313164
100280,658,5265,114688,6,0,19.3958354946,19.3958731798,19.3917639963,19.3918017769,19.3918017769,-3.7685172174e-05,0.00407149831517,0.00403371779885,donor_profile,0.00407149831517
100972,459,3673,114688,9,0,11.7089809766,11.7079465767,11.6755826084,11.6745482201,11.6745482201,0.00103439992472,0.033398368183,0.0344327565099,mini_donor,0.0344327565099
101456,790,6321,114688,9,0,149.16448388,149.178887392,149.112228397,149.126541303,149.126541303,-0.0144035122271,0.0522554829195,0.037942576932,donor_profile,0.0522554829195
102282,661,5292,114688,6,0,19.3762813533,19.3761922146,19.408727709,19.4086395532,19.4086395532,8.91387703632e-05,-0.0324463556844,-0.0323581998741,mini_cmix,8.91387703632e-05
102978,449,3593,114688,9,0,13.1287745439,13.1266513364,13.1584877472,13.1563643107,13.1563643107,0.0021232075128,-0.0297132032601,-0.0275897667175,mini_cmix,0.0021232075128
103452,456,3653,114688,9,0,10.3599583893,10.3560261061,10.3765724508,10.3726385534,10.3726385534,0.00393228320047,-0.0166140614892,-0.0126801641248,mini_cmix,0.00393228320047
103934,587,4702,114688,1,0,16.1777271906,16.1787968455,16.1621728046,16.1632425575,16.1632425575,-0.00106965490249,0.0155543859846,0.0144846330386,donor_profile,0.0155543859846
104551,607,4862,114688,1,0,16.1345716828,16.1347926598,16.1626357441,16.1628571709,16.1628571709,-0.000220976975697,-0.0280640612627,-0.0282854880563,baseline,0
105191,471,3771,114688,9,0,13.2550908172,13.2570399079,13.2819306465,13.2838826436,13.2838826436,-0.00194909066101,-0.0268398293001,-0.0287918263278,baseline,0
105688,449,3599,114688,9,0,12.2426014502,12.242380672,12.2667790863,12.2665593694,12.2665593694,0.000220778195285,-0.0241776360836,-0.0239579191885,mini_cmix,0.000220778195285
106163,455,3646,114688,9,0,11.0595896967,11.061589461,11.0643140107,11.06631347,11.06631347,-0.00199976434124,-0.00472431403159,-0.00672377332103,baseline,0
106645,446,3573,114688,9,0,10.0026304804,10.0009102324,10.0098875011,10.0081667892,10.0081667892,0.00172024803942,-0.00725702067211,-0.00553630880404,mini_cmix,0.00172024803942
107117,465,3725,114688,9,0,11.6360828643,11.6404387171,11.6232567857,11.6276121649,11.6276121649,-0.00435585280809,0.0128260786032,0.00847069936447,donor_profile,0.0128260786032
107610,701,5613,114688,6,0,38.5821777662,38.5821443682,38.5662415992,38.5662096089,38.5662096089,3.33980324285e-05,0.0159361670139,0.0159681573041,mini_donor,0.0159681573041
108350,451,3615,114688,9,0,10.9286210961,10.9288453003,10.9593729706,10.9595943619,10.9595943619,-0.000224204196456,-0.030751874463,-0.0309732657506,baseline,0
108827,455,3645,114688,9,0,9.53145875733,9.53296404253,9.53397629237,9.53548199758,9.53548199758,-0.00150528519862,-0.00251753504017,-0.00402324024799,baseline,0
109308,793,6345,114688,6,0,47.8336434054,47.8328723612,47.8628044007,47.8620458567,47.8620458567,0.000771044235989,-0.0291609952837,-0.0284024512421,mini_cmix,0.000771044235989
110140,409,3275,114688,9,0,14.0984627118,14.0984153588,14.0859079173,14.0858649425,14.0858649425,4.73530317322e-05,0.0125547945527,0.0125977693442,mini_donor,0.0125977693442
110574,426,3414,114688,9,0,19.9950682415,19.9977504453,20.0112471741,20.0139360589,20.0139360589,-0.00268220372482,-0.0161789325302,-0.0188678173131,baseline,0
111025,443,3551,114688,9,0,12.242279354,12.243026471,12.2236183054,12.2243612895,12.2243612895,-0.000747116993693,0.0186610486289,0.0179180645656,donor_profile,0.0186610486289
111494,450,3607,114688,9,0,10.9223570868,10.9218613794,10.8929763309,10.8924858976,10.8924858976,0.000495707407595,0.0293807559365,0.0298711892234,mini_donor,0.0298711892234
111970,602,4818,114688,9,0,53.9182115537,53.9208205614,53.8699625762,53.8725608456,53.8725608456,-0.00260900771241,0.048248977515,0.0456507080992,donor_profile,0.048248977515
112605,422,3379,114688,9,0,27.1383126864,27.1421966203,27.2222581185,27.2261621625,27.2261621625,-0.00388393393587,-0.0839454321085,-0.0878494760873,baseline,0
113051,450,3601,114688,9,0,11.292859911,11.2930378817,11.353167994,11.3533272607,11.3533272607,-0.000177970734399,-0.0603080830642,-0.0604673496872,baseline,0
113526,467,3741,114688,9,0,11.2191994535,11.220245878,11.2591274036,11.2601567764,11.2601567764,-0.00104642458416,-0.0399279501216,-0.0409573229798,baseline,0
114018,520,4165,114688,9,0,55.0148713276,55.014026194,54.9995709147,54.99872456,54.99872456,0.000845133559892,0.0153004129061,0.0161467675244,mini_donor,0.0161467675244
114566,449,3599,114688,9,0,9.55807977575,9.55710505347,9.59205418159,9.59107102685,9.59107102685,0.000974722282081,-0.0339744058401,-0.0329912511006,mini_cmix,0.000974722282081
115040,704,5637,114688,6,0,40.0535638765,40.0519667637,40.0270513279,40.0254415531,40.0254415531,0.00159711276524,0.0265125485694,0.0281223233535,mini_donor,0.0281223233535
115781,452,3617,114688,9,0,11.2673203621,11.267447927,11.2763066578,11.2764260035,11.2764260035,-0.000127564845457,-0.00898629566746,-0.00910564137746,baseline,0
116258,457,3658,114688,9,0,13.0258935207,13.0283635461,13.0336564427,13.0361142621,13.0361142621,-0.00247002537151,-0.00776292198771,-0.010220741331,baseline,0
116741,451,3613,114688,9,0,10.2080534672,10.2075726527,10.2289328353,10.228453562,10.228453562,0.000480814480056,-0.0208793681359,-0.0204000947937,mini_cmix,0.000480814480056
117218,456,3651,114688,9,0,12.0040079077,12.0030332507,12.0146141915,12.0136269654,12.0136269654,0.000974657050278,-0.0106062838031,-0.009619057647,mini_cmix,0.000974657050278
117700,444,3558,114688,9,0,10.4807703194,10.4822201838,10.4829264997,10.4843845397,10.4843845397,-0.00144986439352,-0.00215618036509,-0.00361422031472,baseline,0
118170,688,5509,114688,6,0,19.1298135445,19.1311482842,19.1070884715,19.1084335433,19.1084335433,-0.00133473966935,0.022725073014,0.0213800012011,donor_profile,0.022725073014
118894,458,3667,114688,9,0,12.4631873046,12.4622409604,12.4890513167,12.4880959426,12.4880959426,0.000946344240219,-0.0258640120928,-0.0249086379345,mini_cmix,0.000946344240219
119378,452,3621,114688,9,0,9.34290416757,9.34310598158,9.35339028452,9.3535779027,9.3535779027,-0.000201814012485,-0.0104861169484,-0.0106737351338,baseline,0
119856,608,4870,114688,1,0,19.5427941867,19.5428568309,19.5082934973,19.5083561721,19.5083561721,-6.26441537861e-05,0.0345006894258,0.0344380146184,donor_profile,0.0345006894258
120498,693,5544,114688,6,0,20.1960057068,20.1914281638,20.1895739686,20.1850005344,20.1850005344,0.00457754294291,0.00643173812932,0.0110051723999,mini_donor,0.0110051723999
121228,495,3967,114688,9,0,27.1344164488,27.1338797988,27.1243921385,27.1238291798,27.1238291798,0.000536649935384,0.0100243103079,0.0105872689555,mini_donor,0.0105872689555
121750,969,7756,114688,6,0,93.4568876132,93.4545718152,93.4845231046,93.4823237773,93.4823237773,0.00231579804085,-0.0276354913476,-0.0254361640896,mini_cmix,0.00231579804085
122766,678,5426,114688,6,0,20.3213629717,20.320070041,20.3250080903,20.3237195513,20.3237195513,0.00129293063401,-0.00364511866519,-0.0023565796655,mini_cmix,0.00129293063401
123481,458,3667,114688,9,0,10.8567449664,10.8569485907,10.8638018847,10.8640060474,10.8640060474,-0.0002036243161,-0.0070569183672,-0.00726108100503,baseline,0
123965,808,6465,114688,9,0,66.9090087793,66.909994057,66.932184742,66.9331692511,66.9331692511,-0.000985277700124,-0.0231759626658,-0.0241604718257,baseline,0
124818,635,5083,114688,6,0,31.6653076379,31.6641073044,31.594909235,31.5937021509,31.5937021509,0.00120033350322,0.070398402846,0.0716054869363,mini_donor,0.0716054869363
125485,444,3559,114688,9,0,11.0685882642,11.0683655418,11.0963282322,11.0960986322,11.0960986322,0.000222722441663,-0.0277399679326,-0.0275103679825,mini_cmix,0.000222722441663
125954,635,5082,114688,6,0,15.4054025335,15.4050747016,15.4096497049,15.4093329704,15.4093329704,0.000327831907043,-0.00424717138503,-0.00393043691679,mini_cmix,0.000327831907043
126623,579,4635,114688,1,0,17.1550262461,17.1551148998,17.1641988395,17.1642879291,17.1642879291,-8.86537441147e-05,-0.00917259342441,-0.00926168296746,baseline,0
127233,448,3585,114688,9,0,10.9225017419,10.9218026555,10.9374244058,10.9367257462,10.9367257462,0.000699086446843,-0.0149226639041,-0.0142240042622,mini_cmix,0.000699086446843
127706,613,4908,114688,6,0,16.3847118243,16.3850884366,16.3347509169,16.335155011,16.335155011,-0.000376612258378,0.0499609074241,0.0495568132762,donor_profile,0.0499609074241
128351,448,3589,114688,9,0,11.5239542114,11.5242042847,11.4964764599,11.496736785,11.496736785,-0.000250073274174,0.027477751456,0.0272174263839,donor_profile,0.027477751456
128825,703,5630,114688,6,0,19.7319220883,19.7366483689,19.7239416981,19.7286454103,19.7286454103,-0.00472628060425,0.00798039023448,0.00327667801548,donor_profile,0.00798039023448
129564,450,3604,114688,9,0,12.5831375155,12.5852179378,12.5930308392,12.5951096625,12.5951096625,-0.00208042234146,-0.0098933236759,-0.0119721469929,baseline,0
130040,602,4820,114688,1,0,18.2842845635,18.2845902566,18.3021443762,18.3024500124,18.3024500124,-0.000305693175051,-0.0178598127432,-0.0181654489093,baseline,0
130675,451,3608,114688,9,0,10.7890417827,10.7891299667,10.8092285466,10.8093219609,10.8093219609,-8.8184018864e-05,-0.020186763898,-0.0202801782053,baseline,0
131152,630,5042,114688,6,0,14.2740734703,14.270558592,14.2683666452,14.2648585115,14.2648585115,0.00351487824832,0.00570682505258,0.00921495881744,mini_donor,0.00921495881744
131816,801,6414,114688,1,0,250.264324352,250.265472839,250.288462019,250.289596654,250.289596654,-0.00114848689827,-0.0241376672884,-0.0252723019912,baseline,0
132640,442,3536,114688,9,0,9.96595289654,9.96575875014,10.0114185184,10.0112026674,10.0112026674,0.000194146402237,-0.0454656218744,-0.0452497709032,mini_cmix,0.000194146402237
133107,442,3540,114688,9,0,9.46796170937,9.46707554656,9.48893974105,9.48804353965,9.48804353965,0.000886162818233,-0.0209780316727,-0.0200818302749,mini_cmix,0.000886162818233
133574,653,5225,114688,6,0,20.0346246745,20.0378129081,19.9505682057,19.9537475504,19.9537475504,-0.00318823362988,0.084056468796,0.0808771240366,donor_profile,0.084056468796
134260,442,3536,114688,9,0,10.0857387689,10.0861244104,10.0982304311,10.0986000163,10.0986000163,-0.00038564157046,-0.0124916622335,-0.012861247389,baseline,0
134727,646,5173,114688,6,0,13.0218601041,13.0221545789,13.0325532425,13.0328511212,13.0328511212,-0.000294474808811,-0.0106931383516,-0.0109910170726,baseline,0
135407,651,5210,114688,6,0,15.3521377964,15.3519911102,15.3443281628,15.3441808246,15.3441808246,0.000146686254197,0.00780963364105,0.00795697178557,mini_donor,0.00795697178557
136094,625,5006,114688,6,0,22.0959257034,22.0964935111,22.0234709585,22.0240347441,22.0240347441,-0.000567807739799,0.0724547448954,0.071890959229,donor_profile,0.0724547448954
136753,452,3622,114688,9,0,11.6058156175,11.6064336602,11.6101679029,11.610776547,11.610776547,-0.000618042665224,-0.0043522853066,-0.00496092944275,baseline,0
137230,679,5435,114688,6,0,27.9430115903,27.9439819126,27.9159423753,27.9168954424,27.9168954424,-0.000970322334979,0.0270692149916,0.0261161478311,donor_profile,0.0270692149916
137945,606,4849,114688,6,0,17.146391822,17.1451582719,17.1472496274,17.1460196556,17.1460196556,0.00123355003552,-0.00085780538484,0.000372166327452,mini_cmix,0.00123355003552
138583,422,3383,114688,9,0,13.2799872472,13.2799720512,13.3106003571,13.3105883328,13.3105883328,1.51960261974e-05,-0.0306131098669,-0.0306010855761,mini_cmix,1.51960261974e-05
139030,432,3463,114688,9,0,11.0203685648,11.0200426892,11.0341929,11.0339070695,11.0339070695,0.00032587562373,-0.0138243352148,-0.0135385047547,mini_cmix,0.00032587562373
139487,902,7218,114688,9,0,177.332555864,177.332324014,177.339433246,177.339190713,177.339190713,0.000231849876059,-0.00687738194483,-0.00663484917038,mini_cmix,0.000231849876059
140429,1018,8151,114688,6,0,122.893182763,122.892401543,122.852715828,122.851946131,122.851946131,0.000781219736837,0.0404669344316,0.0412366321993,mini_donor,0.0412366321993
141497,484,3877,114688,9,0,36.7978191228,36.7960045059,36.8198433978,36.8180658361,36.8180658361,0.00181461684406,-0.0220242750238,-0.0202467133004,mini_cmix,0.00181461684406
142006,421,3369,114688,9,0,11.931637077,11.9307241898,11.9541306873,11.9532112574,11.9532112574,0.000912887216941,-0.0224936102968,-0.0215741804487,mini_cmix,0.000912887216941
142451,422,3382,114688,9,0,8.79746484526,8.79700103634,8.80099768876,8.80049774836,8.80049774836,0.000463808926042,-0.0035328434933,-0.00303290310126,mini_cmix,0.000463808926042
142898,688,5507,114688,6,0,19.4671737375,19.4728700659,19.4836489819,19.4893581216,19.4893581216,-0.00569632838915,-0.016475244387,-0.0221843840295,baseline,0
143621,1175,9400,114688,9,0,204.781379889,204.784577129,204.772741798,204.776046059,204.776046059,-0.00319724050814,0.00863809105977,0.00533382972435,donor_profile,0.00863809105977
144865,433,3466,114688,9,0,12.6006555194,12.6024577646,12.6108970109,12.6126430228,12.6126430228,-0.00180224519431,-0.0102414915282,-0.0119875034745,baseline,0
145322,647,5180,114688,6,0,13.3451226079,13.3451606542,13.3567207435,13.3567593091,13.3567593091,-3.80462611247e-05,-0.0115981356175,-0.0116367011419,baseline,0
146002,540,4322,114688,9,0,50.3445777421,50.3432188347,50.3120546707,50.3106993399,50.3106993399,0.00135890743081,0.032523071407,0.0338784021835,mini_donor,0.0338784021835
146570,597,4776,114688,1,0,15.8774943451,15.8776023855,15.8678410925,15.8679498449,15.8679498449,-0.000108040406303,0.00965325261222,0.00954450024983,donor_profile,0.00965325261222
147198,397,3177,114688,9,0,11.8058090125,11.8043797828,11.8291898371,11.8277334551,11.8277334551,0.0014292296587,-0.0233808246639,-0.0219244426639,mini_cmix,0.0014292296587
147619,395,3166,114688,9,0,10.6112888623,10.6115773957,10.6116193565,10.611909136,10.611909136,-0.000288533413368,-0.000330494195623,-0.000620273714503,baseline,0
148039,509,4079,114688,9,0,46.4383007361,46.4384230585,46.4515127547,46.4516952448,46.4516952448,-0.000122322317452,-0.0132120185363,-0.0133945086776,baseline,0
148575,529,4237,114688,9,0,34.8129100597,34.8113263601,34.7788197846,34.7772811091,34.7772811091,0.00158369950555,0.0340902750841,0.0356289505073,mini_donor,0.0356289505073
149134,642,5137,114688,6,0,20.6510356322,20.6509459378,20.6509939571,20.6509042669,20.6509042669,8.9694426606e-05,4.16751181547e-05,0.000131365386551,mini_donor,0.000131365386551
149810,426,3414,114688,9,0,10.8654601882,10.8643706526,10.8561632845,10.8550513917,10.8550513917,0.00108953559936,0.00929690366684,0.0104087965086,mini_donor,0.0104087965086
150261,1629,13039,114688,1,0,378.136934219,378.142044942,378.238550576,378.243675127,378.243675127,-0.00511072267886,-0.101616356285,-0.106740907493,baseline,0
151947,233,1866,114688,1,0,27.0636109276,27.0632953626,27.0519773881,27.0516622317,27.0516622317,0.000315565035635,0.0116335395305,0.0119486959484,mini_donor,0.0119486959484
152192,445,3567,114688,9,0,13.8889557792,13.890847949,13.8882010727,13.8900858211,13.8900858211,-0.00189216984359,0.000754706503358,-0.00113004192076,donor_profile,0.000754706503358
152662,456,3649,114688,9,0,13.8572828348,13.8592413933,13.8700836873,13.8720560266,13.8720560266,-0.00195855852064,-0.0128008525253,-0.0147731918224,baseline,0
153144,491,3931,114688,9,0,41.2217494078,41.2222125195,41.2842749452,41.2847310962,41.2847310962,-0.000463111657155,-0.062525537428,-0.0629816884302,baseline,0
153661,426,3415,114688,9,0,12.5312731151,12.5318850402,12.5280455607,12.5286474872,12.5286474872,-0.000611925106227,0.00322755440538,0.00262562788646,donor_profile,0.00322755440538
154111,457,3660,114688,9,0,13.1352379215,13.1370391094,13.1322488869,13.134054323,13.134054323,-0.00180118791752,0.00298903462681,0.00118359847954,donor_profile,0.00298903462681
154594,452,3622,114688,9,0,12.1568344236,12.1564312069,12.1660167586,12.1656050496,12.1656050496,0.000403216760787,-0.0091823349876,-0.00877062597374,mini_cmix,0.000403216760787
155072,442,3542,114688,9,0,12.4163311871,12.4166043735,12.4031231808,12.4033830695,12.4033830695,-0.0002731863284,0.0132080063022,0.0129481176258,donor_profile,0.0132080063022
155540,446,3575,114688,9,0,11.6201888444,11.6209550487,11.6197988349,11.620537039,11.620537039,-0.000766204318779,0.000390009499824,-0.000348194613935,donor_profile,0.000390009499824
156011,460,3682,114688,9,0,11.1249400388,11.1263043505,11.1321841093,11.1335446225,11.1335446225,-0.00136431171325,-0.0072440704871,-0.0086045837603,baseline,0
156496,443,3546,114688,9,0,11.3306261368,11.3310040448,11.3542288365,11.3546093624,11.3546093624,-0.000377908046971,-0.0236026997691,-0.0239832256792,baseline,0
156964,441,3532,114688,9,0,10.8815223058,10.8798841326,10.8538488372,10.8522991304,10.8522991304,0.00163817325131,0.0276734686213,0.0292231753803,mini_donor,0.0292231753803
157431,452,3616,114688,9,0,11.9025348446,11.9029110363,11.9365733636,11.9369764473,11.9369764473,-0.000376191689952,-0.0340385190611,-0.0344416027186,baseline,0
157907,442,3539,114688,9,0,9.22440139236,9.22346380675,9.25685048494,9.25591775602,9.25591775602,0.000937585610359,-0.0324490925732,-0.0315163636554,mini_cmix,0.000937585610359
158374,518,4144,114688,9,0,26.8869714105,26.8904188619,26.8769825853,26.8804216498,26.8804216498,-0.00344745146322,0.00998882514705,0.00654976069836,donor_profile,0.00998882514705
158921,455,3646,114688,9,0,9.37748299644,9.37836028872,9.38318379191,9.38407414023,9.38407414023,-0.000877292279597,-0.00570079546924,-0.00659114379266,baseline,0
159402,451,3613,114688,9,0,11.5065427162,11.5065177137,11.4972127164,11.4971631243,11.4971631243,2.50025116202e-05,0.00932999979523,0.00937959193493,mini_donor,0.00937959193493
159879,450,3604,114688,9,0,11.4706411961,11.4706817066,11.4741740072,11.4741997896,11.4741997896,-4.05105024583e-05,-0.00353281117805,-0.00355859352157,baseline,0
160355,449,3598,114688,9,0,10.1109676535,10.1106397291,10.0974582669,10.0971301614,10.0971301614,0.000327924370936,0.0135093865829,0.0138374920251,mini_donor,0.0138374920251
160830,434,3477,114688,9,0,16.5812962902,16.5857046775,16.5690019425,16.5734063599,16.5734063599,-0.00440838732106,0.0122943477054,0.00788993027868,donor_profile,0.0122943477054
161290,448,3587,114688,9,0,11.6161894732,11.616692964,11.6204240268,11.620926791,11.620926791,-0.00050349080675,-0.00423455358123,-0.00473731779448,baseline,0
161763,450,3603,114688,9,0,11.1030121908,11.1034536101,11.12111062,11.1214847725,11.1214847725,-0.000441419288109,-0.0180984291801,-0.0184725816835,baseline,0
162239,444,3554,114688,9,0,8.76351740536,8.76379068861,8.77533246436,8.77554479696,8.77554479696,-0.000273283252909,-0.011815058996,-0.0120273916039,baseline,0
162708,452,3621,114688,9,0,9.8611708755,9.85972007156,9.85728887932,9.85580413944,9.85580413944,0.00145080393963,0.0038819961801,0.00536673606371,mini_donor,0.00536673606371
163187,456,3653,114688,9,0,24.3108068699,24.3173424656,24.2911191399,24.2976233032,24.2976233032,-0.00653559566103,0.0196877300596,0.0131835667119,donor_profile,0.0196877300596
163671,670,5361,114688,6,0,20.6981932282,20.6991640053,20.7202209098,20.7211917629,20.7211917629,-0.000970777089606,-0.0220276815353,-0.0229985347241,baseline,0
164378,548,4386,114688,9,0,63.2546842127,63.2555322784,63.1681355251,63.1688686118,63.1688686118,-0.000848065699074,0.0865486876501,0.0858156009679,donor_profile,0.0865486876501
164958,444,3552,114688,9,0,10.5338561343,10.5338365498,10.5158468714,10.5158174316,10.5158174316,1.95844502286e-05,0.018009262928,0.0180387027124,mini_donor,0.0180387027124
165427,457,3657,114688,9,0,10.3387317929,10.3390483258,10.3607416037,10.3610505545,10.3610505545,-0.00031653292649,-0.0220098107438,-0.0223187615541,baseline,0
165909,449,3598,114688,9,0,10.4763100106,10.4761905168,10.494947093,10.4948113376,10.4948113376,0.00011949385987,-0.0186370824031,-0.0185013270089,mini_cmix,0.00011949385987
166383,587,4698,114688,1,0,14.4875589954,14.4875762439,14.4976109603,14.4976282237,14.4976282237,-1.72485157464e-05,-0.0100519648677,-0.0100692282846,baseline,0
167000,452,3617,114688,9,0,10.0476292686,10.0444882602,10.0718726104,10.0687273784,10.0687273784,0.00314100843536,-0.0242433418152,-0.0210981097483,mini_cmix,0.00314100843536
167477,462,3696,114688,9,0,10.1998614773,10.1958812195,10.2055967389,10.2015924577,10.2015924577,0.00398025779441,-0.00573526158678,-0.00173098041114,mini_cmix,0.00398025779441
167965,451,3608,114688,9,0,9.10749743171,9.10823388287,9.11879184863,9.11951240851,9.11951240851,-0.000736451164357,-0.0112944169205,-0.0120149767995,baseline,0
168443,455,3642,114688,9,0,10.6872730586,10.6837729646,10.6944259443,10.6909152326,10.6909152326,0.00350009400529,-0.00715288570791,-0.00364217405229,mini_cmix,0.00350009400529
168925,447,3577,114688,9,0,9.08728660897,9.0875394044,9.09262750998,9.09287154882,9.09287154882,-0.000252795426604,-0.00534090101519,-0.00558493984545,baseline,0
169399,557,4463,114688,9,0,46.3877151803,46.3873720894,46.4051900852,46.4048442036,46.4048442036,0.000343090900401,-0.0174749049729,-0.0171290233353,mini_cmix,0.000343090900401
169986,462,3699,114688,9,0,9.82952544523,9.83179667454,9.84482891806,9.84706391116,9.84706391116,-0.00227122931187,-0.0153034728319,-0.0175384659349,baseline,0
170475,473,3789,114688,9,0,13.4624286507,13.460312559,13.4695392706,13.4673699392,13.4673699392,0.00211609169992,-0.00711061993206,-0.00494128849505,mini_cmix,0.00211609169992
170977,456,3648,114688,9,0,8.97486353079,8.97686984821,8.98422519115,8.98621268623,8.98621268623,-0.00200631742177,-0.00936166035444,-0.0113491554368,baseline,0
171459,454,3633,114688,9,0,11.4964804526,11.4946662487,11.5015216151,11.4996907389,11.4996907389,0.00181420393574,-0.00504116252523,-0.0032102863438,mini_cmix,0.00181420393574
171939,450,3602,114688,9,0,9.42998262918,9.42845472906,9.43558881443,9.43405405524,9.43405405524,0.00152790012226,-0.00560618524833,-0.00407142606309,mini_cmix,0.00152790012226
172415,459,3674,114688,9,0,10.265911604,10.2683683574,10.2628837923,10.2653371769,10.2653371769,-0.00245675333554,0.00302781177106,0.00057442717025,donor_profile,0.00302781177106
172901,601,4811,114688,9,0,74.8412242328,74.8428720437,74.8284559051,74.8301159697,74.8301159697,-0.00164781092974,0.0127683276596,0.0111082630496,donor_profile,0.0127683276596
173532,449,3596,114688,9,0,9.80891280234,9.80954242917,9.81440245296,9.81502584756,9.81502584756,-0.00062962683046,-0.00548965062535,-0.00611304522431,baseline,0
174007,459,3677,114688,9,0,12.1264897078,12.1265315295,12.1323246938,12.1323610413,12.1323610413,-4.1821652303e-05,-0.00583498602555,-0.00587133345834,baseline,0
174492,457,3662,114688,9,0,10.7314947115,10.7336770068,10.7414040562,10.7436126927,10.7436126927,-0.00218229534562,-0.00990934468246,-0.0121179811729,baseline,0
174975,461,3690,114688,9,0,9.15584696835,9.15720864508,9.16107969209,9.16246616488,9.16246616488,-0.00136167673395,-0.00523272374176,-0.0066191965318,baseline,0
175462,674,5394,114688,9,0,75.3125109699,75.313199981,75.3432801295,75.3439945194,75.3439945194,-0.000689011155487,-0.0307691595817,-0.0314835495047,baseline,0
176174,451,3609,114688,9,0,9.93333143765,9.9326338278,9.92973003858,9.92901050041,9.92901050041,0.00069760984843,0.0036013990748,0.00432093724339,mini_donor,0.00432093724339
176651,462,3703,114688,9,0,9.47566464898,9.47656136755,9.48383297245,9.48474868214,9.48474868214,-0.000896718569948,-0.00816832347482,-0.0090840331618,baseline,0
177139,451,3612,114688,9,0,9.52785206922,9.52839066789,9.53328559503,9.53382347642,9.53382347642,-0.000538598663525,-0.00543352580553,-0.00597140719651,baseline,0
177616,452,3617,114688,9,0,9.93446203335,9.93486062307,9.93564955704,9.93604752613,9.93604752613,-0.000398589716042,-0.0011875236878,-0.00158549278194,baseline,0
178094,428,3431,114688,9,0,14.5303387892,14.5268599399,14.5211239168,14.5176367358,14.5176367358,0.00347884922007,0.00921487236883,0.0127020533998,mini_donor,0.0127020533998
178548,445,3560,114688,9,0,10.0085031496,10.0096108744,9.98354841,9.98464158184,9.98464158184,-0.00110772487506,0.024954739547,0.0238615677104,donor_profile,0.024954739547
179018,453,3629,114688,9,0,11.7862041647,11.7849009024,11.8115061172,11.8100911458,11.8100911458,0.0013032623267,-0.0253019525426,-0.0238869810598,mini_cmix,0.0013032623267
179497,459,3676,114688,9,0,23.2726202923,23.2714736335,23.2664363291,23.2651742414,23.2651742414,0.00114665883393,0.00618396329173,0.00744605096679,mini_donor,0.00744605096679
179983,572,4583,114688,9,0,47.8413684256,47.8388055855,47.8283718653,47.8257499861,47.8257499861,0.00256284011277,0.0129965602764,0.015618439522,mini_donor,0.015618439522
180586,434,3474,114688,9,0,11.1392479482,11.1412958209,11.1463997725,11.1484249298,11.1484249298,-0.00204787272105,-0.00715182428212,-0.00917698155808,baseline,0
181044,434,3473,114688,9,0,9.92681134946,9.92757873338,9.92536275586,9.92610089699,9.92610089699,-0.000767383925222,0.00144859359443,0.000710452472276,donor_profile,0.00144859359443
181502,446,3570,114688,9,0,9.0956525386,9.09647229808,9.10847930489,9.10930864124,9.10930864124,-0.000819759479555,-0.0128267662903,-0.0136561026427,baseline,0
181973,440,3522,114688,9,0,9.05411352403,9.05367704303,9.06723530939,9.06673899826,9.06673899826,0.000436480990629,-0.0131217853686,-0.0126254742377,mini_cmix,0.000436480990629
182438,441,3529,114688,9,0,9.57330305861,9.5729729662,9.57932520002,9.57895277043,9.57895277043,0.000330092412923,-0.00602214140963,-0.00564971182189,mini_cmix,0.000330092412923
182905,443,3549,114688,9,0,9.36842735461,9.36873611946,9.3757248448,9.37603161728,9.37603161728,-0.000308764855845,-0.00729749019592,-0.00760426267266,baseline,0
183375,451,3609,114688,9,0,8.47739782353,8.47763996792,8.49066284521,8.49090410561,8.49090410561,-0.000242144391905,-0.0132650216865,-0.0135062820809,baseline,0
183852,443,3550,114688,9,0,9.22082100727,9.22053756831,9.21110890351,9.21081373502,9.21081373502,0.000283438960423,0.00971210376338,0.0100072722532,mini_donor,0.0100072722532
184321,450,3607,114688,9,0,11.4785800214,11.4814601572,11.4780921468,11.4809719477,11.4809719477,-0.00288013574209,0.000487874590362,-0.00239192629033,donor_profile,0.000487874590362
184798,445,3562,114688,9,0,11.7460240441,11.7421299474,11.7435645216,11.7396680336,11.7396680336,0.00389409671436,0.00245952244222,0.00635601052466,mini_donor,0.00635601052466
185268,448,3591,114688,9,0,9.54372117672,9.54384656924,9.55357530109,9.5537022191,9.5537022191,-0.000125392511563,-0.00985412436694,-0.00998104237942,baseline,0
185742,445,3562,114688,9,0,9.9291376974,9.93038497889,9.93256519593,9.93383418687,9.93383418687,-0.00124728148967,-0.00342749852734,-0.00469648946728,baseline,0
186213,432,3460,114688,9,0,10.4265032757,10.4259645078,10.420329801,10.4197896903,10.4197896903,0.000538767950729,0.00617347473508,0.0067135854656,mini_donor,0.0067135854656
186670,439,3515,114688,9,0,10.0245964856,10.0246788723,10.0319752871,10.0320380405,10.0320380405,-8.23866522524e-05,-0.00737880140787,-0.00744155481345,baseline,0
187135,440,3521,114688,9,0,11.3573031554,11.3557219802,11.3496326107,11.3480506705,11.3480506705,0.00158117513593,0.0076705446736,0.00925248484646,mini_donor,0.00925248484646
187602,390,3125,114688,9,0,12.3936369817,12.3953387216,12.3971109736,12.3988379266,12.3988379266,-0.00170173992547,-0.00347399192924,-0.00520094492686,baseline,0
188017,845,6766,114688,1,0,76.5826961566,76.5837652748,76.7134786963,76.7145082045,76.7145082045,-0.00106911822957,-0.13078253974,-0.131812047925,baseline,0
188896,447,3583,114688,9,0,9.36333037528,9.36414853172,9.4166771396,9.417509225,9.417509225,-0.000818156440118,-0.0533467643227,-0.0541788497278,baseline,0
189368,615,4920,114688,9,0,91.0702530441,91.0717659266,91.1200476552,91.1216007407,91.1216007407,-0.00151288244729,-0.0497946111072,-0.0513476966382,baseline,0
190012,419,3358,114688,9,0,10.6791303306,10.684509393,10.7167085851,10.722076587,10.722076587,-0.00537906236877,-0.0375782545379,-0.0429462563825,baseline,0
190455,679,5438,114688,6,0,14.6138915297,14.613883885,14.6128483722,14.6128406158,14.6128406158,7.64471178627e-06,0.00104315743101,0.00105091390697,mini_donor,0.00105091390697
191169,446,3571,114688,9,0,8.94548156813,8.94495111808,8.96190443175,8.96130665158,8.96130665158,0.000530450047677,-0.0164228636213,-0.0158250834535,mini_cmix,0.000530450047677
191641,444,3557,114688,9,0,9.49611653099,9.49599304767,9.510115767,9.50995794821,9.50995794821,0.000123483322909,-0.0139992360109,-0.0138414172221,mini_cmix,0.000123483322909
192111,419,3352,114688,9,0,11.7318476153,11.7320880168,11.7343530321,11.7345874736,11.7345874736,-0.000240401435462,-0.00250541676996,-0.00273985830302,baseline,0
192555,419,3358,114688,9,0,11.9004617439,11.9011851752,11.9069578234,11.9076782948,11.9076782948,-0.000723431219967,-0.00649607947889,-0.00721655091388,baseline,0
193000,423,3390,114688,9,0,11.3995311652,11.3957466432,11.4047235615,11.4009519896,11.4009519896,0.00378452196867,-0.00519239635742,-0.00142082441369,mini_cmix,0.00378452196867
193449,435,3483,114688,9,0,9.61107812878,9.61413335939,9.61410827311,9.61707476074,9.61707476074,-0.00305523061104,-0.00303014433302,-0.00599663196351,baseline,0
193911,422,3379,114688,9,0,9.79880730576,9.79880017081,9.81114552713,9.81112550858,9.81112550858,7.134947964e-06,-0.0123382213715,-0.0123182028199,mini_cmix,7.134947964e-06
194360,425,3405,114688,9,0,10.2386572426,10.238456048,10.2330409325,10.2327899263,10.2327899263,0.00020119458145,0.00561631015262,0.00586731633916,mini_donor,0.00586731633916
194812,401,3215,114688,9,0,15.2903094181,15.2843913329,15.293691772,15.2877730676,15.2877730676,0.00591808527429,-0.00338235383151,0.00253635053582,mini_cmix,0.00591808527429
195240,486,3893,114688,9,0,48.3359916367,48.3441546402,48.3567920194,48.3649604344,48.3649604344,-0.00816300346617,-0.0208003827038,-0.0289687977225,baseline,0
195756,938,7507,114688,9,0,200.527295007,200.513066108,200.571606974,200.55739994,200.55739994,0.0142288991644,-0.0443119671272,-0.0301049328993,mini_cmix,0.0142288991644
196736,475,3805,114688,9,0,22.6994153446,22.7005843966,22.6786459514,22.6797163022,22.6797163022,-0.00116905201037,0.0207693932753,0.0196990424876,donor_profile,0.0207693932753
197237,520,4164,114688,9,0,16.8726864829,16.8649988177,16.8726262356,16.864841007,16.864841007,0.00768766515,6.02472273386e-05,0.00784547582305,mini_donor,0.00784547582305
197786,445,3565,114688,9,0,21.2323517693,21.2322806898,21.2539332932,21.2538908648,21.2538908648,7.10795584382e-05,-0.0215815239126,-0.0215390954454,mini_cmix,7.10795584382e-05
198256,438,3505,114688,9,0,11.6578504423,11.6607665517,11.6625540499,11.6653624843,11.6653624843,-0.00291610942566,-0.00470360763302,-0.00751204203004,baseline,0
198718,708,5666,114688,6,0,22.3865398835,22.3863073055,22.3335241085,22.3332914196,22.3332914196,0.000232577970564,0.0530157750036,0.0532484638743,mini_donor,0.0532484638743
199461,422,3376,114688,9,0,10.3396735048,10.3385451279,10.3367814163,10.3356274501,10.3356274501,0.00112837686163,0.00289208844515,0.00404605462506,mini_donor,0.00404605462506
199907,430,3447,114688,9,0,11.3529189966,11.3549650639,11.3440414655,11.3460143595,11.3460143595,-0.00204606731313,0.00887753114876,0.00690463709634,donor_profile,0.00887753114876
200362,443,3548,114688,9,0,14.9548031818,14.9545252792,14.9522946271,14.9518926983,14.9518926983,0.000277902609355,0.00250855466584,0.0029104834797,mini_donor,0.0029104834797
200831,433,3467,114688,9,0,10.8001373938,10.799011305,10.8056652137,10.8045291501,10.8045291501,0.00112608875463,-0.00552781994429,-0.00439175629197,mini_cmix,0.00112608875463
201289,419,3355,114688,9,0,10.6729566137,10.6730696017,10.6835013878,10.6835470624,10.6835470624,-0.000112988091587,-0.0105447741525,-0.0105904487382,baseline,0
201732,435,3482,114688,9,0,10.9511411132,10.9489025171,10.960116759,10.9577930022,10.9577930022,0.00223859616551,-0.00897564577826,-0.00665188893902,mini_cmix,0.00223859616551
202192,384,3073,114688,9,0,12.9048260166,12.9049311527,12.8941950296,12.8943084661,12.8943084661,-0.000105136115053,0.0106309870134,0.0105175505132,donor_profile,0.0106309870134
202599,400,3202,114688,9,0,9.87458182898,9.87646729083,9.88289532174,9.884802796,9.884802796,-0.00188546184802,-0.00831349276268,-0.0102209670191,baseline,0
203023,426,3415,114688,9,0,9.55236441586,9.55153316487,9.5647636264,9.56388042424,9.56388042424,0.000831250997066,-0.0123992105337,-0.0115160083761,mini_cmix,0.000831250997066
203474,480,3845,114688,9,0,29.3388169031,29.3394238828,29.337397788,29.3380051872,29.3380051872,-0.000606979670692,0.00141911510127,0.000811715937971,donor_profile,0.00141911510127
203983,508,4069,114688,9,0,23.3622220966,23.3625872416,23.3332048666,23.3335448166,23.3335448166,-0.00036514498413,0.0290172300965,0.0286772800602,donor_profile,0.0290172300965
204519,499,3995,114688,9,0,39.616008843,39.6192461615,39.6114216634,39.614700248,39.614700248,-0.00323731847664,0.00458717965648,0.00130859499961,donor_profile,0.00458717965648
205045,470,3764,114688,9,0,18.9685716672,18.971443045,18.990801358,18.9936812109,18.9936812109,-0.00287137781413,-0.0222296907459,-0.0251095437219,baseline,0
205541,409,3278,114688,9,0,9.77065835258,9.768516035,9.77800577662,9.77575619227,9.77575619227,0.00214231757718,-0.0073474240462,-0.00509783968891,mini_cmix,0.00214231757718
205974,443,3548,114688,9,0,9.11827268354,9.11730213617,9.12656622933,9.12555116349,9.12555116349,0.000970547366592,-0.00829354579491,-0.00727847995779,mini_cmix,0.000970547366592
206442,421,3375,114688,9,0,10.0115938537,10.011726247,10.0305743881,10.0307008873,10.0307008873,-0.000132393285753,-0.0189805343825,-0.0191070335196,baseline,0
206888,880,7045,114688,6,0,117.475546878,117.47504768,117.465960792,117.465474829,117.465474829,0.000499198234706,0.00958608610836,0.0100720486886,mini_donor,0.0100720486886
207806,418,3347,114688,9,0,9.38339587304,9.38517212851,9.39654117143,9.39831562112,9.39831562112,-0.00177625546235,-0.0131452983869,-0.0149197480766,baseline,0
208248,418,3347,114688,9,0,9.80914562078,9.80958735504,9.81539140599,9.81582378901,9.81582378901,-0.000441734267952,-0.00624578521183,-0.00667816823807,baseline,0
208690,431,3448,114688,9,0,11.1923906665,11.1941382337,11.2008221741,11.2025897234,11.2025897234,-0.00174756723584,-0.00843150761557,-0.0101990569157,baseline,0
209146,501,4011,114688,9,0,39.7378831197,39.7416837195,39.7073381242,39.7111484904,39.7111484904,-0.00380059982172,0.0305449954685,0.0267346292171,donor_profile,0.0305449954685
209675,1214,9712,114688,9,0,369.694746302,369.697430147,369.647446852,369.650114517,369.650114517,-0.0026838447186,0.0472994496167,0.0446317846324,donor_profile,0.0472994496167
210931,1478,11825,114688,6,0,353.189141214,353.188708149,353.107417293,353.106960773,353.106960773,0.000433064681374,0.0817239209218,0.0821804409832,mini_donor,0.0821804409832
212471,539,4319,114688,9,0,29.2446258373,29.2448959861,29.2770750016,29.2773263329,29.2773263329,-0.000270148789809,-0.0324491643405,-0.0327004956231,baseline,0
213040,902,7223,114688,9,0,172.834497665,172.833673472,172.803247913,172.802330434,172.802330434,0.000824192398909,0.0312497514551,0.032167230189,mini_donor,0.032167230189
213981,487,3902,114688,9,0,17.7016963607,17.7054022204,17.7021610187,17.7057137201,17.7057137201,-0.00370585967926,-0.000464657984594,-0.00401735933997,baseline,0
214500,1206,9648,114688,9,0,264.127371962,264.125545552,264.196162658,264.193572113,264.193572113,0.00182640957405,-0.0687906961366,-0.0662001506337,mini_cmix,0.00182640957405
215763,503,4030,114688,9,0,22.3483632251,22.3484822366,22.4041559188,22.4042815687,22.4042815687,-0.000119011531638,-0.0557926936754,-0.0559183435834,baseline,0
216298,1016,8134,114688,9,0,158.645094734,158.635814633,158.712406763,158.702413186,158.702413186,0.00928010025473,-0.0673120294368,-0.057318452903,mini_cmix,0.00928010025473
217384,721,5775,114688,6,0,36.3009981379,36.300773755,36.3031864453,36.3029638429,36.3029638429,0.000224382816555,-0.00218830743415,-0.00196570503624,mini_cmix,0.000224382816555
218145,507,4060,114688,9,0,14.7745219696,14.7723559429,14.8383875475,14.8360910754,14.8360910754,0.00216602671867,-0.0638655778657,-0.0615691057144,mini_cmix,0.00216602671867
218684,504,4036,114688,9,0,13.6758324104,13.6729028486,13.6792517151,13.6762654067,13.6762654067,0.0029295617893,-0.00341930471313,-0.000432996303402,mini_cmix,0.0029295617893
219220,1449,11592,114688,9,0,333.92099968,333.924228592,333.848264541,333.851310154,333.851310154,-0.003228912145,0.0727351390751,0.0696895258038,donor_profile,0.0727351390751
220742,483,3864,114688,9,0,21.77604079,21.7982882639,21.7948194356,21.8169785562,21.8169785562,-0.0222474738863,-0.0187786455845,-0.0409377661778,baseline,0
221256,1149,9199,114688,6,0,180.585648783,180.589415884,180.578366043,180.582173739,180.582173739,-0.00376710105422,0.00728273926779,0.0034750434487,donor_profile,0.00728273926779
222462,1091,8734,114688,9,0,250.887371689,250.884512477,250.818362516,250.815541206,250.815541206,0.00285921211218,0.0690091728065,0.0718304831686,mini_donor,0.0718304831686
223602,702,5621,114688,6,0,30.7224580887,30.7238245128,30.755628539,30.7569997368,30.7569997368,-0.0013664240995,-0.0331704503014,-0.0345416480549,baseline,0
224345,461,3695,114688,9,0,22.2893408836,22.2851368533,22.264627032,22.2604317015,22.2604317015,0.00420403034468,0.0247138515888,0.0289091821155,mini_donor,0.0289091821155
224836,1063,8510,114688,6,0,144.614144889,144.614983305,144.598537796,144.599408959,144.599408959,-0.000838416647639,0.0156070926923,0.014735929758,donor_profile,0.0156070926923
225956,952,7621,114688,6,0,102.294014234,102.294263645,102.305741902,102.305994442,102.305994442,-0.000249410830747,-0.0117276687934,-0.0119802086888,baseline,0
226958,502,4017,114688,9,0,16.7702114352,16.7652098638,16.7628566899,16.7578307877,16.7578307877,0.00500157140175,0.00735474526664,0.0123806474897,mini_donor,0.0123806474897
227490,978,7824,114688,6,0,99.6737758783,99.6737755711,99.6618958055,99.6618983424,99.6618983424,3.07181835524e-07,0.011880072725,0.0118775359106,donor_profile,0.011880072725
228519,493,3947,114688,9,0,13.3334794625,13.3362643024,13.3403667032,13.3431755885,13.3431755885,-0.00278483982299,-0.00688724064912,-0.00969612598135,baseline,0
229042,500,4005,114688,9,0,14.2084183755,14.211107564,14.2233710539,14.2261219259,14.2261219259,-0.00268918854226,-0.0149526783962,-0.0177035504516,baseline,0
229573,502,4019,114688,9,0,14.4669133163,14.4686160379,14.4936763174,14.49545226,14.49545226,-0.00170272158039,-0.0267630010221,-0.0285389436808,baseline,0
230106,494,3955,114688,9,0,12.698877135,12.7004649709,12.7131855307,12.7148460674,12.7148460674,-0.00158783583743,-0.01430839563,-0.0159689323475,baseline,0
230630,484,3876,114688,9,0,15.6197683477,15.6018412426,15.6411443917,15.6230482788,15.6230482788,0.0179271051246,-0.0213760439701,-0.00327993111762,mini_cmix,0.0179271051246
231144,473,3785,114688,9,0,19.6168769318,19.6146036528,19.6033748201,19.6009806888,19.6009806888,0.00227327892367,0.0135021116557,0.0158962429266,mini_donor,0.0158962429266
231647,497,3976,114688,9,0,11.9399184107,11.9418719633,11.9659485848,11.9679067058,11.9679067058,-0.00195355259268,-0.0260301741209,-0.0279882951301,baseline,0
232173,489,3913,114688,9,0,12.134882336,12.1346402467,12.1550102087,12.1546512989,12.1546512989,0.000242089268909,-0.0201278727036,-0.0197689629593,mini_cmix,0.000242089268909
232691,604,4835,114688,9,0,49.4408746287,49.4427612336,49.4734242133,49.4746473329,49.4746473329,-0.00188660486299,-0.0325495845454,-0.033772704185,baseline,0
233330,488,3904,114688,9,0,15.2865994427,15.2842705092,15.2994117602,15.2969073577,15.2969073577,0.00232893345515,-0.0128123175464,-0.0103079150401,mini_cmix,0.00232893345515
233848,512,4100,114688,9,0,25.9381678291,25.9469664965,25.8945929233,25.9033580904,25.9033580904,-0.00879866733737,0.0435749058288,0.0348097387511,donor_profile,0.0435749058288
234392,935,7487,114688,6,0,73.1146616127,73.1154465984,73.0327066129,73.0335015888,73.0335015888,-0.000784985699283,0.0819549998487,0.0811600239558,donor_profile,0.0819549998487
235387,672,5378,114688,9,0,84.9388589148,84.9392342223,84.9589279279,84.9591820829,84.9591820829,-0.000375307437594,-0.0200690130532,-0.0203231680795,baseline,0
236094,1529,12238,114688,6,0,355.164037505,355.155162074,355.136271658,355.127317588,355.127317588,0.00887543149952,0.0277658476298,0.03671991755,mini_donor,0.03671991755
237687,497,3983,114688,9,0,19.6742296151,19.6802706138,19.7318981772,19.7378154138,19.7378154138,-0.00604099873738,-0.0576685620481,-0.0635857986964,baseline,0
238216,3246,25971,114688,6,0,1075.30247513,1075.30580569,1075.06662859,1075.06990733,1075.06990733,-0.00333055963756,0.235846538162,0.232567802686,donor_profile,0.235846538162
241607,3871,30974,114688,6,0,1419.29549822,1419.2945579,1419.29463,1419.2936743,1419.2936743,0.000940315860589,0.000868216824529,0.00182391807311,mini_donor,0.00182391807311
245609,4887,39097,114688,6,0,1446.33074301,1446.25705103,1446.22940928,1446.15654113,1446.15654113,0.0736919777064,0.10133372588,0.174201881146,mini_donor,0.174201881146
250716,504,4036,114688,9,0,19.0620980671,19.0647902788,19.1073072731,19.1100111478,19.1100111478,-0.00269221174619,-0.0452092060259,-0.0479130807556,baseline,0
251251,502,4021,114688,9,0,13.0714522245,13.0729188464,13.1150152944,13.1163274034,13.1163274034,-0.0014666218425,-0.0435630698794,-0.0448751788603,baseline,0
251784,499,3998,114688,9,0,15.5583305567,15.5504964344,15.5874512212,15.5796693878,15.5796693878,0.00783412221574,-0.0291206645843,-0.0213388311034,mini_cmix,0.00783412221574
252314,724,5798,114688,9,0,94.8470781367,94.8508869847,94.8927766566,94.8968412785,94.8968412785,-0.00380884807964,-0.045698519983,-0.0497631418066,baseline,0
253080,713,5706,114688,9,0,112.628165714,112.623556129,112.706478445,112.701649572,112.701649572,0.00460958570682,-0.0783127301029,-0.0734838575337,mini_cmix,0.00460958570682
253838,486,3892,114688,9,0,14.3445706271,14.3435842469,14.3951461729,14.3937542444,14.3937542444,0.000986380191193,-0.050575545828,-0.0491836173181,mini_cmix,0.000986380191193
254354,493,3951,114688,9,0,15.7844146064,15.789520616,15.8067190941,15.8117584381,15.8117584381,-0.00510600961593,-0.0223044876984,-0.0273438317174,baseline,0
254878,501,4015,114688,9,0,20.070095002,20.0712726554,20.1031106386,20.1042924397,20.1042924397,-0.00117765331231,-0.0330156365944,-0.034197437641,baseline,0
255411,498,3991,114688,9,0,15.2608194079,15.260823647,15.2719865153,15.271995939,15.271995939,-4.2391450279e-06,-0.0111671074064,-0.0111765311324,baseline,0
255939,506,4051,114688,9,0,13.4837105435,13.4828325388,13.4885115691,13.4876343842,13.4876343842,0.000878004695664,-0.00480102567053,-0.00392384069426,mini_cmix,0.000878004695664
256476,492,3936,114688,9,0,15.0515881051,15.0504004293,15.0453558153,15.0441486953,15.0441486953,0.00118767583615,0.00623228975019,0.00743940975815,mini_donor,0.00743940975815
256999,494,3956,114688,9,0,14.416225535,14.4169834707,14.431748763,14.432508198,14.432508198,-0.000757935617003,-0.0155232279149,-0.0162826630012,baseline,0
257525,492,3936,114688,9,0,12.375679224,12.3744316686,12.3800511438,12.3787873295,12.3787873295,0.00124755534353,-0.00437191982019,-0.00310810557357,mini_cmix,0.00124755534353
258047,486,3894,114688,9,0,10.879329562,10.8799616963,10.8818911134,10.8825306735,10.8825306735,-0.00063213430974,-0.00256155134412,-0.00320111149529,baseline,0
258565,495,3961,114688,9,0,12.6555326517,12.6579738364,12.656192864,12.6586408915,12.6586408915,-0.00244118468959,-0.000660212333969,-0.00310823983159,baseline,0
259091,528,4228,114688,9,0,25.1712076411,25.1830746272,25.1781422555,25.1900274971,25.1900274971,-0.0118669861695,-0.00693461443097,-0.0188198559963,baseline,0
259653,781,6254,114688,9,0,145.323300261,145.336714789,145.4629533,145.476331004,145.476331004,-0.0134145285137,-0.139653039205,-0.153030743551,baseline,0
260484,501,4012,114688,9,0,14.0111086488,14.0074262059,14.0155346906,14.0118414842,14.0118414842,0.00368244298443,-0.00442604173622,-0.000732835348572,mini_cmix,0.00368244298443
261016,500,4002,114688,9,0,13.1168648198,13.1168460776,13.1303158984,13.1302655739,13.1302655739,1.87421662758e-05,-0.013451078652,-0.0134007541176,mini_cmix,1.87421662758e-05
261546,505,4046,114688,9,0,13.2066011135,13.2079892112,13.2181316683,13.2194983281,13.2194983281,-0.00138809762996,-0.0115305547752,-0.0128972145272,baseline,0
262082,501,4008,114688,9,0,9.33684346514,9.33842098742,9.34160224154,9.34318357797,9.34318357797,-0.00157752228222,-0.00475877639929,-0.00634011283489,baseline,0
262613,499,3995,114688,9,0,12.3080433667,12.3093712307,12.3092285724,12.3105579968,12.3105579968,-0.00132786400366,-0.00118520574961,-0.00251463015877,baseline,0
263143,511,4090,114688,9,0,16.4633166255,16.4640342886,16.4619195249,16.4626347175,16.4626347175,-0.000717663048931,0.00139710060466,0.000681908022557,donor_profile,0.00139710060466
263684,506,4055,114688,9,0,11.8228607751,11.8233915682,11.8252782532,11.8258086099,11.8258086099,-0.000530793057578,-0.00241747812652,-0.00294783482946,baseline,0
264222,272,2180,114688,1,0,4.9536475103,4.95376538234,4.93233426881,4.93245247072,4.93245247072,-0.000117872039823,0.0213132414874,0.0211950395775,donor_profile,0.0213132414874
264512,490,3925,114688,9,0,12.1323220963,12.1340087607,12.1401195741,12.1418059289,12.1418059289,-0.00168666439595,-0.00779747778415,-0.00948383256718,baseline,0
265033,503,4029,114688,9,0,14.8080106243,14.8077125516,14.8087922453,14.8084947386,14.8084947386,0.000298072740065,-0.000781620980888,-0.000484114262122,mini_cmix,0.000298072740065
265567,447,3581,114688,9,0,14.2906704955,14.2857300915,14.3265675737,14.3212768005,14.3212768005,0.00494040408978,-0.0358970781917,-0.0306063049487,mini_cmix,0.00494040408978
266042,453,3627,114688,9,0,12.4099117273,12.4132766403,12.4093801811,12.4127062217,12.4127062217,-0.00336491300334,0.000531546214916,-0.00279449434868,donor_profile,0.000531546214916
266523,446,3570,114688,9,0,12.6814531973,12.683121307,12.6872162083,12.6888947203,12.6888947203,-0.00166810971996,-0.00576301106139,-0.00744152299512,baseline,0
266997,718,5748,114688,9,0,113.790084267,113.774679753,113.752056021,113.736663584,113.736663584,0.0154045144403,0.0380282463047,0.0534206832266,mini_donor,0.0534206832266
267757,447,3582,114688,9,0,14.1179404238,14.117123284,14.1316634761,14.1308722363,14.1308722363,0.000817139749984,-0.0137230522914,-0.0129318125504,mini_cmix,0.000817139749984
268234,464,3714,114688,9,0,14.4174129213,14.4239584505,14.4302483197,14.4368032937,14.4368032937,-0.00654552920639,-0.0128353984301,-0.0193903724415,baseline,0
268727,447,3582,114688,9,0,11.6621586871,11.6636888645,11.6692606899,11.6707965272,11.6707965272,-0.00153017737875,-0.00710200273988,-0.00863784003877,baseline,0
269203,448,3588,114688,9,0,11.3688824971,11.3703179914,11.3708739705,11.372317004,11.372317004,-0.00143549436245,-0.00199147339026,-0.00343450693811,baseline,0
269680,859,6876,114688,6,0,78.1053855336,78.0612234146,78.0374307725,77.9933489154,77.9933489154,0.0441621189675,0.0679547611089,0.112036618216,mini_donor,0.112036618216
270587,680,5447,114688,6,0,21.2162915153,21.2168159662,21.1655517667,21.1660762764,21.1660762764,-0.000524450927401,0.0507397486008,0.0502152389037,donor_profile,0.0507397486008
271307,489,3917,114688,9,0,13.4361234556,13.436312465,13.4177295294,13.4176649596,13.4176649596,-0.000189009453038,0.0183939261933,0.0184584960285,mini_donor,0.0184584960285
271828,488,3909,114688,9,0,22.6708194587,22.6654474487,22.7127691222,22.7073372319,22.7073372319,0.005372009947,-0.0419496634877,-0.0365177732499,mini_cmix,0.005372009947
272347,708,5667,114688,6,0,28.869430492,28.865225053,28.8749392498,28.8707022661,28.8707022661,0.00420543900134,-0.00550875784666,-0.00127177409661,mini_cmix,0.00420543900134
273096,453,3627,114688,9,0,13.2394827075,13.2429843921,13.2568823426,13.2604040286,13.2604040286,-0.00350168457908,-0.0173996350995,-0.0209213210787,baseline,0
273577,452,3618,114688,9,0,12.7954623583,12.7947492138,12.8052576127,12.8045653382,12.8045653382,0.000713144517135,-0.00979525443381,-0.00910297987332,mini_cmix,0.000713144517135
274058,436,3491,114688,9,0,16.2226232226,16.2084502886,16.2442110649,16.2300675609,16.2300675609,0.0141729340322,-0.0215878422723,-0.00744433826765,mini_cmix,0.0141729340322
274522,445,3560,114688,9,0,13.7899894286,13.7918323896,13.7963558776,13.7982275075,13.7982275075,-0.00184296104032,-0.00636644905626,-0.008238078933,baseline,0
274994,459,3675,114688,9,0,9.69418294584,9.69157443929,9.69867816509,9.6960798934,9.6960798934,0.00260850654433,-0.00449521925111,-0.00189694756534,mini_cmix,0.00260850654433
275482,454,3639,114688,9,0,12.9955307726,12.9944847343,12.999113046,12.9980709536,12.9980709536,0.00104603836462,-0.00358227338711,-0.00254018098713,mini_cmix,0.00104603836462
275965,446,3568,114688,9,0,11.6942540409,11.69843753,11.6964465734,11.7006423531,11.7006423531,-0.00418348906021,-0.00219253245177,-0.00638831215963,baseline,0
276439,450,3602,114688,9,0,14.0030855246,14.004045599,14.0071945237,14.0081586958,14.0081586958,-0.000960074412319,-0.00410899910457,-0.00507317120707,baseline,0
276918,452,3620,114688,9,0,10.1196613207,10.1207454173,10.1216613051,10.1227505463,10.1227505463,-0.00108409663903,-0.0019999844053,-0.00308922564113,baseline,0
277399,441,3528,114688,9,0,13.0564050116,13.056329713,13.0561905779,13.0560934,13.0560934,7.52986126145e-05,0.000214433714973,0.000311611532311,mini_donor,0.000311611532311
277867,421,3375,114688,9,0,10.8971250742,10.8962123861,10.923605276,10.9220510943,10.9220510943,0.000912688117864,-0.0264802017728,-0.0249260201234,mini_cmix,0.000912688117864
278317,434,3474,114688,9,0,13.8683053231,13.8674176864,13.8649676911,13.8640500234,13.8640500234,0.00088763665201,0.00333763193066,0.00425529970937,mini_donor,0.00425529970937
278779,261,2090,114688,1,0,6.7856858163,6.78574637156,6.78002734022,6.78008793868,6.78008793868,-6.05552605748e-05,0.00565847607686,0.00559787761165,donor_profile,0.00565847607686
279057,445,3562,114688,9,0,9.78909235605,9.79017004881,9.80327029729,9.80435413787,9.80435413787,-0.00107769275712,-0.0141779412388,-0.0152617818218,baseline,0
279530,437,3502,114688,9,0,10.914451556,10.9036848669,10.9156345594,10.9048423107,10.9048423107,0.0107666891478,-0.00118300334998,0.00960924529011,mini_cmix,0.0107666891478
279996,451,3610,114688,9,0,12.2863696149,12.2878250654,12.2931424351,12.2946020082,12.2946020082,-0.0014554505841,-0.00677282025299,-0.00823239337376,baseline,0
280476,436,3492,114688,9,0,9.75473074419,9.7555656041,9.76055112166,9.76139037616,9.76139037616,-0.0008348599074,-0.00582037746244,-0.00665963197002,baseline,0
280940,454,3634,114688,9,0,10.8379166332,10.8347556979,10.8439830813,10.8408259828,10.8408259828,0.00316093528113,-0.00606644814889,-0.00290934966119,mini_cmix,0.00316093528113
281423,445,3564,114688,9,0,13.0125322048,13.0203612972,13.0194395796,13.0272690756,13.0272690756,-0.0078290923409,-0.00690737479454,-0.0147368707692,baseline,0
281896,443,3550,114688,9,0,11.8279756214,11.8194974229,11.8283054165,11.8198272411,11.8198272411,0.00847819854766,-0.000329795067955,0.00814838035399,mini_cmix,0.00847819854766
282368,269,2152,114688,1,0,6.84594328156,6.84596318606,6.84463880659,6.84465873677,6.84465873677,-1.99045075533e-05,0.00130447496031,0.00128454478318,donor_profile,0.00130447496031
282654,454,3635,114688,9,0,11.3034872801,11.3058480738,11.3143844482,11.3167540318,11.3167540318,-0.00236079373792,-0.0108971681839,-0.0132667517188,baseline,0
283136,474,3799,114688,9,0,14.9495117191,14.9484303642,14.9607050408,14.9587723352,14.9587723352,0.00108135490893,-0.0111933216831,-0.00926061608413,mini_cmix,0.00108135490893
283641,449,3595,114688,9,0,12.4721370738,12.4801482377,12.4513140597,12.4593581855,12.4593581855,-0.00801116390335,0.0208230141652,0.0127788883749,donor_profile,0.0208230141652
284119,679,5437,114688,9,0,87.6473234156,87.6400065785,87.6699442658,87.6626098134,87.6626098134,0.0073168370858,-0.022620850259,-0.0152863978689,mini_cmix,0.0073168370858
284839,477,3823,114688,9,0,17.9126553455,17.914112462,17.9331411392,17.93353287,17.93353287,-0.00145711655171,-0.0204857937824,-0.0208775245779,baseline,0
285347,449,3599,114688,9,0,11.0218609195,11.0169467447,11.0630693769,11.0571063362,11.0571063362,0.00491417486671,-0.04120845736,-0.0352454166933,mini_cmix,0.00491417486671
285825,440,3523,114688,9,0,10.6475965385,10.644326349,10.6633501221,10.6593741381,10.6593741381,0.00327018948485,-0.0157535835906,-0.0117775995699,mini_cmix,0.00327018948485
286292,449,3592,114688,9,0,12.5012554647,12.5017412094,12.5030049786,12.503233424,12.503233424,-0.000485744668254,-0.0017495138145,-0.0019779592393,baseline,0
286769,457,3663,114688,9,0,16.0247949355,16.0269852514,16.0240474764,16.0261498716,16.0261498716,-0.00219031590166,0.000747459156628,-0.00135493607957,donor_profile,0.000747459156628
287255,436,3490,114688,1,0,78.5288584747,78.5128904981,78.5107684305,78.4947989322,78.4947989322,0.0159679766252,0.0180900441655,0.0340595425064,mini_donor,0.0340595425064
287713,265,2123,114688,1,0,4.0835854668,4.08363686347,4.10235742655,4.10240887702,4.10240887702,-5.13966718927e-05,-0.0187719597543,-0.0188234102246,baseline,0
287995,918,7346,114688,6,0,125.271556877,125.299422828,125.265663584,125.294030384,125.294030384,-0.0278659508124,0.00589329271952,-0.0224735073282,donor_profile,0.00589329271952
288969,557,4459,114688,9,0,30.3910192727,30.4074761602,30.350317,30.3663407709,30.3663407709,-0.0164568875092,0.040702272654,0.0246785017385,donor_profile,0.040702272654
289558,495,3966,114688,9,0,11.5863417189,11.5898081053,11.6210682927,11.6242799485,11.6242799485,-0.00346638635824,-0.0347265737537,-0.0379382296107,baseline,0
290084,493,3950,114688,9,0,12.4271355823,12.4299522311,12.4424139829,12.4450812865,12.4450812865,-0.00281664877923,-0.0152784006505,-0.0179457042406,baseline,0
290609,505,4045,114688,9,0,15.0011138908,15.0042888586,15.0234409388,15.0265496734,15.0265496734,-0.0031749678501,-0.0223270479846,-0.0254357826607,baseline,0
291146,826,6613,114688,9,0,116.13593198,116.144898493,116.104349087,116.113195277,116.113195277,-0.00896651369544,0.031582892324,0.022736702773,donor_profile,0.031582892324
292022,481,3848,114688,9,0,13.222404407,13.2236636325,13.2148096544,13.215945694,13.215945694,-0.001259225588,0.0075947525138,0.00645871291636,donor_profile,0.0075947525138
292533,498,3990,114688,9,0,14.8809867734,14.8779231826,14.8871733049,14.8840559159,14.8840559159,0.00306359085516,-0.00618653149013,-0.00306914242083,mini_cmix,0.00306359085516
293062,473,3786,114688,9,0,12.6978548335,12.6997670337,12.6877279862,12.6896114719,12.6896114719,-0.00191220020429,0.0101268472899,0.00824336163146,donor_profile,0.0101268472899
293565,493,3948,114688,9,0,11.5166326967,11.5162770915,11.521764251,11.5212599372,11.5212599372,0.000355605248615,-0.00513155428325,-0.0046272404677,mini_cmix,0.000355605248615
294089,880,7043,114688,9,0,148.061976839,148.059618071,148.060174774,148.057444729,148.057444729,0.00235876802867,0.00180206485402,0.00453211015588,mini_donor,0.00453211015588
295013,496,3974,114688,9,0,13.0050784907,13.0135654587,13.0321776494,13.0405235363,13.0405235363,-0.00848696803848,-0.0270991587386,-0.0354450455987,baseline,0
295541,473,3791,114688,9,0,15.4572243431,15.4545898517,15.423875356,15.421181239,15.421181239,0.00263449139288,0.0333489870563,0.0360431041424,mini_donor,0.0360431041424
296046,499,3997,114688,9,0,11.5947071219,11.5932363565,11.6235316889,11.6219573834,11.6219573834,0.00147076543215,-0.0288245669981,-0.0272502614204,mini_cmix,0.00147076543215
296577,508,4069,114688,9,0,12.4875361503,12.4886306451,12.5229980968,12.5240157992,12.5240157992,-0.00109449484023,-0.0354619465043,-0.0364796489142,baseline,0
297118,497,3976,114688,9,0,9.68846253711,9.6899773671,9.71029337097,9.71179178251,9.71179178251,-0.00151482999831,-0.0218308338663,-0.0233292454079,baseline,0
297646,496,3970,114688,9,0,12.7693012481,12.7710777213,12.7776665225,12.7794352306,12.7794352306,-0.00177647325654,-0.00836527438696,-0.0101339824914,baseline,0
298173,262,2102,114688,1,0,6.45163057265,6.45163864331,6.46033823657,6.46034633955,6.46034633955,-8.0706585095e-06,-0.00870766392018,-0.00871576690349,baseline,0
298452,493,3946,114688,9,0,12.5234529547,12.5255938134,12.540170417,12.5422872058,12.5422872058,-0.00214085879122,-0.0167174623339,-0.0188342511932,baseline,0
298976,624,4997,114688,9,0,77.7890179472,77.7814367098,77.7903556705,77.7827707382,77.7827707382,0.00758123734568,-0.00133772335175,0.00624720895894,mini_cmix,0.00758123734568
299639,481,3853,114688,9,0,10.1022420064,10.1037592307,10.1137415122,10.1152447848,10.1152447848,-0.00151722431019,-0.0114995058366,-0.0130027784417,baseline,0
300150,488,3906,114688,9,0,9.0822003454,9.08385336574,9.09285062585,9.09450767919,9.09450767919,-0.00165302033736,-0.010650280452,-0.0123073337917,baseline,0
300668,496,3969,114688,9,0,11.3931983072,11.3947446738,11.3977296066,11.3992786475,11.3992786475,-0.00154636663603,-0.00453129943253,-0.00608034027948,baseline,0
301195,494,3952,114688,9,0,11.2286603328,11.2299806989,11.2300643643,11.2313882626,11.2313882626,-0.00132036614127,-0.00140403149817,-0.00272792989585,baseline,0
301720,495,3964,114688,9,0,10.3580886737,10.3590032571,10.3637710331,10.36468914,10.36468914,-0.000914583370673,-0.00568235938863,-0.00660046627729,baseline,0
302247,496,3968,114688,9,0,9.1627000009,9.16387423957,9.16734444266,9.16853126176,9.16853126176,-0.00117423866811,-0.00464444175941,-0.00583126086156,baseline,0
302774,836,6688,114688,1,0,79.2951334147,79.2873052215,79.2068732382,79.1990209096,79.1990209096,0.0078281932266,0.088260176527,0.096112505155,mini_donor,0.096112505155
303651,515,4124,114688,9,0,19.3913040534,19.3864439024,19.4154610266,19.4104858197,19.4104858197,0.00486015104548,-0.0241569731434,-0.0191817662351,mini_cmix,0.00486015104548
304198,490,3921,114688,9,0,11.4172956547,11.4172585167,11.4303101147,11.4300706391,11.4300706391,3.7137944787e-05,-0.0130144600789,-0.0127749843913,mini_cmix,3.7137944787e-05
304718,716,5735,114688,9,0,131.20895959,131.205241193,131.216686775,131.212255434,131.212255434,0.00371839665922,-0.00772718568624,-0.00329584448855,mini_cmix,0.00371839665922
305471,499,3997,114688,9,0,11.2891942177,11.2895572092,11.3060987384,11.3063226454,11.3063226454,-0.000362991511906,-0.0169045207695,-0.017128427735,baseline,0
306001,507,4060,114688,9,0,11.3186147442,11.3197314747,11.3251411029,11.3261337009,11.3261337009,-0.00111673048593,-0.00652635867664,-0.00751895673636,baseline,0
306540,463,3707,114688,9,0,12.3635816947,12.3549973497,12.3680700568,12.3591121244,12.3591121244,0.00858434503539,-0.00448836201667,0.00446957035206,mini_cmix,0.00858434503539
307031,501,4010,114688,9,0,14.6448916796,14.6461762687,14.6654776949,14.6665594476,14.6665594476,-0.00128458915083,-0.0205860152846,-0.0216677679912,baseline,0
307564,799,6395,114688,6,0,35.9156739899,35.9207045458,35.8486492609,35.8536903774,35.8536903774,-0.0050305559605,0.0670247289581,0.0619836125227,donor_profile,0.0670247289581
308407,270,2165,114688,1,0,5.33975483241,5.33977679938,5.35151241194,5.351534412,5.351534412,-2.19669711896e-05,-0.0117575795275,-0.0117795795952,baseline,0
308694,491,3930,114688,9,0,11.1357490622,11.1374743138,11.1414461852,11.1431515044,11.1431515044,-0.00172525155767,-0.00569712299148,-0.00740244220242,baseline,0
309216,496,3968,114688,9,0,14.6988385307,14.6922780153,14.6999546755,14.6934159628,14.6934159628,0.00656051545627,-0.0011161448183,0.00542256789174,mini_cmix,0.00656051545627
309744,500,4002,114688,9,0,11.8354146684,11.8372986584,11.8456232909,11.8474936742,11.8474936742,-0.00188398995431,-0.0102086224888,-0.0120790058112,baseline,0
310275,428,3426,114688,9,0,10.320301879,10.3217663756,10.3167736039,10.3177221199,10.3177221199,-0.00146449659132,0.00352827504412,0.00257975910063,donor_profile,0.00352827504412
310733,487,3900,114688,9,0,8.54104614587,8.5428200506,8.54616689283,8.54793497501,8.54793497501,-0.00177390473095,-0.00512074696053,-0.00688882913823,baseline,0
311252,493,3944,114688,9,0,11.1493867065,11.1489167312,11.1365617698,11.1360827661,11.1360827661,0.000469975365377,0.0128249367117,0.0133039404382,mini_donor,0.0133039404382
311777,15725,125805,114688,9,0,2384.36561642,2384.36757485,2384.38075862,2384.38175679,2384.38175679,-0.00195842756966,-0.0151421990367,-0.0161403683569,baseline,0
328917,561,4494,114688,1,0,138.501530747,138.49843031,138.525775197,138.522717565,138.522717565,0.00310043667378,-0.0242444504911,-0.0211868185197,mini_cmix,0.00310043667378
329506,352,2817,114688,1,0,58.4208340831,58.4116440373,58.4211793611,58.4120603325,58.4120603325,0.00919004583557,-0.00034527805019,0.00877375061191,mini_cmix,0.00919004583557
329878,397,3179,114688,9,0,123.651836656,123.637508767,123.68558806,123.670836406,123.670836406,0.014327889152,-0.0337514038638,-0.0189997501492,mini_cmix,0.014327889152
330300,394,3159,114688,9,0,50.7052229859,50.711301651,50.6951663279,50.7005657622,50.7005657622,-0.00607866508949,0.0100566579995,0.00465722365766,donor_profile,0.0100566579995
330720,403,3229,114688,9,0,42.387900611,42.3944764981,42.3753055381,42.3815812709,42.3815812709,-0.00657588711692,0.0125950729207,0.00631934005924,donor_profile,0.0125950729207
331148,397,3183,114688,1,0,71.3748674456,71.3748283505,71.4108872897,71.4108462521,71.4108462521,3.90951325926e-05,-0.0360198441022,-0.0359788064599,mini_cmix,3.90951325926e-05
331570,342,2736,114688,1,0,50.5334887317,50.5391643173,50.5308884874,50.5365535714,50.5365535714,-0.00567558550665,0.0026002443783,-0.00306483965505,donor_profile,0.0026002443783
331933,417,3338,114688,9,0,43.4380914613,43.4481435882,43.4660740318,43.4753420846,43.4753420846,-0.0100521269285,-0.0279825705275,-0.0372506233277,baseline,0
332377,475,3802,114688,1,0,78.2789707665,78.293213369,78.1938913695,78.2081641896,78.2081641896,-0.0142426024978,0.0850793970485,0.0708065769694,donor_profile,0.0850793970485
332877,601,4809,114688,1,0,129.955853978,129.965315885,129.915033506,129.924575753,129.924575753,-0.00946190631657,0.0408204727564,0.0312782248957,donor_profile,0.0408204727564
333509,505,4047,114688,9,0,54.7026533202,54.708590081,54.6989741618,54.7049584832,54.7049584832,-0.00593676071958,0.00367915842071,-0.0023051629355,donor_profile,0.00367915842071
334043,395,3167,114688,9,0,44.4130208129,44.4189752895,44.4310961305,44.4370434184,44.4370434184,-0.00595447663056,-0.0180753176555,-0.0240226054817,baseline,0
334463,403,3231,114688,9,0,26.9338748058,26.9370921501,26.9571653126,26.9603882524,26.9603882524,-0.00321734438364,-0.0232905067933,-0.0265134466575,baseline,0
334890,424,3395,114688,9,0,21.7702031334,21.7721817286,21.7783839532,21.7803693497,21.7803693497,-0.00197859526099,-0.00818081982925,-0.0101662163244,baseline,0
335340,385,3086,114688,1,0,41.8905883757,41.8849881064,41.8766946997,41.8710985284,41.8710985284,0.00560026927792,0.0138936759895,0.0194898472589,mini_donor,0.0194898472589
335745,502,4021,114688,9,0,37.2449875773,37.2462115842,37.2487805467,37.2500125311,37.2500125311,-0.00122400690907,-0.00379296944539,-0.00502495386536,baseline,0
336279,479,3834,114688,9,0,40.3997137269,40.4017787327,40.3979366759,40.400000058,40.400000058,-0.00206500575109,0.00177705103488,-0.000286331055349,donor_profile,0.00177705103488
336785,431,3450,114688,9,0,22.9773113196,22.9804573657,22.9802837363,22.9834286179,22.9834286179,-0.00314604607638,-0.00297241665157,-0.00611729823504,baseline,0
337240,439,3515,114688,1,0,67.3374770495,67.3203102767,67.3503753761,67.3332582424,67.3332582424,0.0171667728112,-0.0128983266095,0.00421880715589,mini_cmix,0.0171667728112
337700,675,5406,114688,9,0,98.8989490098,98.899197476,98.9178809209,98.9180913084,98.9180913084,-0.000248466281619,-0.0189319111969,-0.0191422986752,baseline,0
338415,451,3611,114688,9,0,30.8525024587,30.8579949092,30.8877728945,30.8932798606,30.8932798606,-0.00549245049422,-0.0352704357565,-0.0407774018862,baseline,0
338893,435,3483,114688,9,0,45.2951848429,45.2951008243,45.3157156646,45.3156447555,45.3156447555,8.40186272626e-05,-0.0205308217437,-0.0204599126249,mini_cmix,8.40186272626e-05
339350,404,3238,114688,1,0,67.7589248547,67.7573803424,67.7531893509,67.7516482559,67.7516482559,0.00154451227036,0.00573550382251,0.00727659878658,mini_donor,0.00727659878658
339774,282,2260,114688,1,0,23.8017374639,23.8064640589,23.787591532,23.7923393239,23.7923393239,-0.00472659508432,0.0141459318784,0.00939813997229,donor_profile,0.0141459318784
340070,394,3152,114688,9,0,27.0357678845,27.0377068243,27.040944337,27.0428716769,27.0428716769,-0.00193893970857,-0.00517645241416,-0.00710379232362,baseline,0
340483,466,3729,114688,1,0,77.8442833989,77.8410199335,77.8641125626,77.8608811883,77.8608811883,0.00326346535621,-0.0198291637325,-0.0165977894158,mini_cmix,0.00326346535621
340972,434,3472,114688,9,0,48.8210739069,48.8165720761,48.803249736,48.798755892,48.798755892,0.00450183075509,0.0178241709018,0.0223180148464,mini_donor,0.0223180148464
341426,441,3534,114688,9,0,37.1462561594,37.1473843389,37.209494742,37.2106138581,37.2106138581,-0.00112817953698,-0.0632385826084,-0.0643576987696,baseline,0
341886,4349,34794,114688,6,0,1593.32737152,1593.18564312,1593.30204589,1593.1604632,1593.1604632,0.141728397657,0.0253256249898,0.166908318306,mini_donor,0.166908318306
346409,479,3839,114688,9,0,58.7239441325,58.7245675959,58.7660221038,58.7666990905,58.7666990905,-0.000623463419515,-0.0420779712813,-0.0427549579774,baseline,0
346913,452,3622,114688,9,0,55.9964858318,56.0011188617,55.9605171339,55.9651628922,55.9651628922,-0.0046330299291,0.0359686978691,0.0313229395725,donor_profile,0.0359686978691
347385,1630,13044,114688,1,0,569.648317652,569.613015226,569.462380662,569.427246768,569.427246768,0.0353024255874,0.185936989964,0.221070883304,mini_donor,0.221070883304
349088,161,1293,114688,9,0,45.3115168268,45.2891781948,45.2901664895,45.2674876341,45.2674876341,0.0223386320255,0.0213503373498,0.0440291927786,mini_donor,0.0440291927786
349258,177,1420,114688,9,0,20.3085181989,20.2969861875,20.3581427706,20.3460665113,20.3460665113,0.0115320114737,-0.0496245716331,-0.0375483123562,mini_cmix,0.0115320114737
349444,88,705,114688,1,0,17.2006379743,17.2007417674,17.2212890811,17.221392587,17.221392587,-0.000103793114249,-0.0206511068463,-0.0207546127021,baseline,0
349537,409,3277,114688,6,0,125.798895469,125.807555396,125.700273632,125.709074037,125.709074037,-0.00865992728768,0.0986218372836,0.0898214322328,donor_profile,0.0986218372836
349962,1503,12027,114688,6,0,542.778865653,542.747924747,542.672518856,542.641185204,542.641185204,0.0309409056363,0.106346797039,0.137680448749,mini_donor,0.137680448749
351524,3979,31838,114688,6,0,1230.72595255,1230.81147505,1230.88941455,1230.97593319,1230.97593319,-0.0855225012128,-0.163461995727,-0.24998063853,baseline,0
355667,2129,17032,114688,6,0,432.660383572,432.6511813,432.708897794,432.700224054,432.700224054,0.00920227138897,-0.0485142218581,-0.0398404826377,mini_cmix,0.00920227138897
357884,1085,8686,114688,9,0,332.453449871,332.457232688,332.213281929,332.217149847,332.217149847,-0.0037828163687,0.240167942317,0.236300024501,donor_profile,0.240167942317
359031,4330,34640,114688,9,0,1015.08186504,1015.08089138,1015.0351604,1015.03392578,1015.03392578,0.000973663634909,0.0467046467638,0.0479392656017,mini_donor,0.0479392656017
363572,173,1390,114688,1,0,52.471419947,52.4463773044,52.3425725271,52.3176762892,52.3176762892,0.0250426425537,0.128847419874,0.153743657747,mini_donor,0.153743657747
363760,997,7982,114688,6,0,339.91273373,339.877188971,339.935898262,339.900289171,339.900289171,0.0355447588045,-0.023164531699,0.0124445588135,mini_cmix,0.0355447588045
364810,1190,9520,114688,0,0,342.455200019,342.46316958,342.553022328,342.561048797,342.561048797,-0.00796956156466,-0.0978223089523,-0.105848778549,baseline,0
366054,320,2562,114688,1,0,85.594784175,85.551641745,85.5726200263,85.5296522112,85.5296522112,0.0431424299459,0.0221641486796,0.0651319637373,mini_donor,0.0651319637373
366389,584,4673,114688,1,0,193.249540618,193.263945975,193.174172441,193.188688242,193.188688242,-0.0144053565137,0.0753681767837,0.0608523767231,donor_profile,0.0753681767837
366993,2817,22538,114688,9,0,453.831688095,453.846203278,453.87160193,453.88613425,453.88613425,-0.0145151834611,-0.0399138348812,-0.0544461547986,baseline,0
369968,1867,14936,114688,9,0,169.255822056,169.280335675,169.397255723,169.421887361,169.421887361,-0.024513618701,-0.141433667381,-0.166065305273,baseline,0
371915,2101,16810,114688,9,0,185.11752676,185.136672043,185.134632076,185.153924664,185.153924664,-0.0191452832486,-0.0171053162321,-0.0363979043685,baseline,0
374114,2211,17689,114688,9,0,164.049131048,164.061032146,164.057780805,164.069921186,164.069921186,-0.0119010981826,-0.00864975741752,-0.0207901383193,baseline,0
376437,2399,19199,114688,9,0,163.157439291,163.167362979,163.176390268,163.186356879,163.186356879,-0.00992368810705,-0.0189509770444,-0.0289175887798,baseline,0
378960,2177,17416,114688,9,0,137.805511559,137.799725228,137.789903863,137.784171586,137.784171586,0.00578633115356,0.0156076955927,0.0213399724994,mini_donor,0.0213399724994
381241,2106,16855,114688,9,0,183.562819211,183.57704277,183.544452009,183.558764091,183.558764091,-0.0142235588349,0.0183672022058,0.00405512016516,donor_profile,0.0183672022058
383446,2195,17561,114688,9,0,178.771040995,178.776499794,178.74788739,178.753430354,178.753430354,-0.00545879803371,0.0231536054371,0.0176106410565,donor_profile,0.0231536054371
385740,2328,18631,114688,9,0,212.314687607,212.312327343,212.238094738,212.235834733,212.235834733,0.00236026330083,0.0765928686178,0.078852873189,mini_donor,0.078852873189
388174,2080,16646,114688,9,0,120.139547331,120.112779325,120.208902937,120.182221423,120.182221423,0.0267680058256,-0.069355605965,-0.0426740916649,mini_cmix,0.0267680058256
390351,2823,22591,114688,9,0,233.330877333,233.309649541,233.304897291,233.283688581,233.283688581,0.0212277924139,0.0259800422609,0.0471887521172,mini_donor,0.0471887521172
393325,2722,21779,114688,9,0,262.783797941,262.795523066,262.848978624,262.860565114,262.860565114,-0.0117251251572,-0.0651806837286,-0.0767671730409,baseline,0
396176,2356,18850,114688,9,0,238.846921733,238.86055438,238.680906933,238.694588713,238.694588713,-0.0136326472691,0.166014800344,0.152333019677,donor_profile,0.166014800344
398634,1930,15442,114688,9,0,89.2475429423,89.2516450592,89.2578696349,89.2622987321,89.2622987321,-0.00410211687597,-0.0103266926435,-0.0147557898505,baseline,0
400637,2912,23301,114688,9,0,210.032304177,210.038041778,210.017603863,210.023482755,210.023482755,-0.00573760164093,0.0147003131369,0.00882142175328,donor_profile,0.0147003131369
403708,2353,18829,114688,9,0,231.457650496,231.461698223,231.484919431,231.489344552,231.489344552,-0.00404772711147,-0.0272689354206,-0.0316940557797,baseline,0
406162,2257,18058,114688,9,0,147.105626796,147.117095037,147.155273146,147.166876372,147.166876372,-0.0114682413537,-0.0496463504078,-0.0612495758792,baseline,0
408524,1885,15086,114688,9,0,100.484549572,100.48425526,100.492594806,100.492342794,100.492342794,0.000294312028927,-0.00804523336956,-0.00779322132621,mini_cmix,0.000294312028927
410490,2195,17560,114688,9,0,148.273705316,148.253476456,148.247898491,148.227826499,148.227826499,0.0202288604033,0.0258068258609,0.0458788177967,mini_donor,0.0458788177967
412778,2174,17394,114688,6,0,171.50318288,171.458084109,171.565684221,171.520486736,171.520486736,0.0450987711055,-0.0625013407807,-0.0173038563909,mini_cmix,0.0450987711055
415044,2818,22548,114688,9,0,254.802555582,254.818920242,254.826947951,254.84339388,254.84339388,-0.0163646597852,-0.024392368573,-0.0408382976315,baseline,0
418009,1713,13704,114688,9,0,99.4789189557,99.4777988813,99.5196582334,99.5185146752,99.5185146752,0.00112007444068,-0.0407392776251,-0.0395957195128,mini_cmix,0.00112007444068
419794,4713,37709,114688,6,0,1100.26013995,1100.31826274,1100.31153192,1100.36891584,1100.36891584,-0.0581227926982,-0.0513919757923,-0.108775895344,baseline,0
424710,2324,18597,114688,9,0,355.358412374,355.288086729,355.294861437,355.224685515,355.224685515,0.0703256447814,0.0635509363256,0.133726858457,mini_donor,0.133726858457
427190,406,3255,114688,1,0,78.5932358898,78.6266973127,78.5955087457,78.6295225392,78.6295225392,-0.0334614229326,-0.00227285585697,-0.0362866494355,baseline,0
427625,1936,15491,114688,9,0,729.613296266,729.579996841,729.655980989,729.62280857,729.62280857,0.0332994253015,-0.0426847233202,-0.00951230411079,mini_cmix,0.0332994253015
429621,9330,74643,114688,9,0,3240.91633179,3240.72472588,3240.73481602,3240.54427189,3240.54427189,0.191605911536,0.181515772489,0.372059896219,mini_donor,0.372059896219
439326,556,4455,114688,1,0,124.501425753,124.514103696,124.523111241,124.535862425,124.535862425,-0.0126779422499,-0.0216854881419,-0.0344366716654,baseline,0
439919,1641,13135,114688,6,0,379.936686111,379.937536563,379.505564354,379.506430514,379.506430514,-0.000850451348242,0.431121757253,0.430255596973,donor_profile,0.431121757253
441644,2291,18329,114688,9,0,256.072973637,256.103749361,256.063937357,256.095052172,256.095052172,-0.0307757245409,0.009036280082,-0.0220785350593,donor_profile,0.009036280082
444118,3728,29829,114688,6,0,1313.67800542,1313.68434859,1313.66195354,1313.66911275,1313.66911275,-0.00634317145386,0.016051877581,0.0088926698395,donor_profile,0.016051877581
447984,1636,13090,114688,6,0,752.279684067,752.288440978,752.182832849,752.193006228,752.193006228,-0.00875691025055,0.096851218751,0.0866778388255,donor_profile,0.096851218751
449716,1863,14908,114688,6,0,590.506541373,590.584763248,590.520450422,590.598858285,590.598858285,-0.0782218753099,-0.0139090496168,-0.0923169123568,baseline,0
451656,5292,42339,114688,9,0,1853.56631077,1853.30522167,1853.31977204,1853.05998913,1853.05998913,0.261089100192,0.246538727106,0.506321640266,mini_donor,0.506321640266
457157,1338,10707,114688,6,0,388.330937866,388.364833334,388.332908599,388.366836157,388.366836157,-0.0338954682221,-0.00197073296567,-0.0358982906029,baseline,0
458551,20086,160689,114688,9,0,3834.85501331,3834.99652857,3835.71930018,3835.86588655,3835.86588655,-0.141515266901,-0.864286876564,-1.01087324,baseline,0
480203,1766,14133,114688,6,0,605.794805941,605.835107379,605.934064029,605.97452973,605.97452973,-0.0403014384146,-0.139258088296,-0.179723788828,baseline,0
482047,581,4654,114688,1,0,172.369430045,172.366243955,172.373974873,172.370905366,172.370905366,0.00318609009355,-0.00454482762871,-0.00147532056417,mini_cmix,0.00318609009355
482658,2064,16512,114688,6,0,650.442691819,650.514384564,650.475791134,650.547731345,650.547731345,-0.071692744626,-0.0330993147454,-0.105039525104,baseline,0
484832,678,5429,114688,6,0,166.521573269,166.502947919,166.517214639,166.498691729,166.498691729,0.0186253500783,0.0043586305701,0.0228815403375,mini_donor,0.0228815403375
485544,850,6802,114688,6,0,248.627939434,248.611028416,248.6145964,248.597864809,248.597864809,0.0169110178934,0.0133430343567,0.0300746246979,mini_donor,0.0300746246979
486434,545,4363,114688,9,0,88.0246066185,88.0415739239,88.0442667511,88.0611857856,88.0611857856,-0.0169673053973,-0.0196601326725,-0.0365791671414,baseline,0
487014,1108,8866,114688,6,0,307.832382456,307.835822393,307.812567747,307.816150091,307.816150091,-0.00343993726165,0.0198147092169,0.0162323644608,donor_profile,0.0198147092169
488175,1229,9833,114688,6,0,351.116381384,351.12293857,351.171094804,351.177870921,351.177870921,-0.00655718606572,-0.05471342072,-0.0614895373535,baseline,0
489461,750,6003,114688,9,0,261.015240773,261.004396355,261.099724892,261.088929848,261.088929848,0.0108444181128,-0.0844841185999,-0.07368907502,mini_cmix,0.0108444181128
490239,531,4248,114688,6,0,132.562642453,132.542324019,132.577235689,132.556879395,132.556879395,0.0203184339523,-0.0145932359428,0.00576305809113,mini_cmix,0.0203184339523
490797,863,6906,114688,6,0,205.882151715,205.830205529,205.937777684,205.885940424,205.885940424,0.0519461862955,-0.0556259685527,-0.00378870899249,mini_cmix,0.0519461862955
491704,15185,121487,114688,9,0,1739.50093763,1739.14416453,1739.64143192,1739.28719935,1739.28719935,0.356773096599,-0.140494294943,0.213738277076,mini_cmix,0.356773096599
507886,3296,26370,114688,6,0,943.517363318,943.520155655,943.368275706,943.371591536,943.371591536,-0.00279233759409,0.149087611476,0.14577178206,donor_profile,0.149087611476
511331,4929,39438,114688,0,0,1332.51994091,1332.54102521,1332.37059603,1332.39177943,1332.39177943,-0.0210843036302,0.149344884181,0.12816147986,donor_profile,0.149344884181
516455,11781,94253,114688,6,0,3632.86476867,3632.44166178,3632.69671647,3632.27672851,3632.27672851,0.423106891355,0.168052199557,0.588040156558,mini_donor,0.588040156558
528641,1992,15941,114688,6,0,234.430684007,234.437980734,234.466559486,234.47445055,234.47445055,-0.00729672734701,-0.0358754796762,-0.0437665433471,baseline,0
530710,5472,43776,114688,6,0,1673.45782307,1673.32340579,1673.48041056,1673.34636654,1673.34636654,0.134417287627,-0.0225874861308,0.111456535314,mini_cmix,0.134417287627
536415,3460,27686,114688,6,0,1032.95464897,1032.96459114,1032.90608968,1032.91789398,1032.91789398,-0.00994217269408,0.048559289301,0.0367549923599,donor_profile,0.048559289301
540023,1956,15651,114688,6,0,555.212449629,555.160199505,555.144825104,555.094684407,555.094684407,0.0522501239583,0.0676245245468,0.117765221678,mini_donor,0.117765221678
542065,16923,135390,114688,6,0,6465.49207304,6464.96145366,6464.82849538,6464.30395947,6464.30395947,0.530619388544,0.663577664229,1.18811357309,mini_donor,1.18811357309
559510,2572,20583,114688,0,0,928.251117891,928.238695999,928.387356129,928.375174455,928.375174455,0.0124218927126,-0.136238237293,-0.124056564171,mini_cmix,0.0124218927126
562160,5981,47849,114688,6,0,2033.92110589,2034.12705065,2033.93085972,2034.14057164,2034.14057164,-0.20594475727,-0.00975383407967,-0.21946575492,baseline,0
568401,35227,281818,114688,9,0,9006.33762758,9006.65076346,9006.15606995,9006.47486851,9006.47486851,-0.313135881308,0.181557633081,-0.137240923774,donor_profile,0.181557633081
605847,969,7757,114688,9,0,309.394433787,309.391695581,309.366908718,309.364285694,309.364285694,0.00273820563871,0.0275250690374,0.0301480931212,mini_donor,0.0301480931212
606865,1185,9484,114688,6,0,429.884753855,429.80862692,429.848429892,429.773111953,429.773111953,0.0761269351138,0.0363239627195,0.111641902336,mini_donor,0.111641902336
608099,631,5054,114688,6,0,161.669773781,161.744325947,161.67023858,161.745448382,161.745448382,-0.0745521666669,-0.000464799715701,-0.0756746011094,baseline,0
608761,19108,152864,114688,6,0,3264.94157259,3264.86463511,3265.26932147,3265.19373749,3265.19373749,0.0769374787292,-0.327748878623,-0.252164902661,mini_cmix,0.0769374787292
628870,4441,35531,114688,6,0,1523.34342532,1523.44518283,1523.25575799,1523.36163246,1523.36163246,-0.101757509631,0.0876673218554,-0.0182071428453,donor_profile,0.0876673218554
633476,6019,48152,114688,6,0,2075.98314661,2075.89962951,2076.03158788,2075.94975934,2075.94975934,0.0835170951432,-0.0484412732594,0.0333872663387,mini_cmix,0.0835170951432
639726,1522,12177,114688,0,0,508.751260709,508.76632172,508.775363296,508.790724806,508.790724806,-0.0150610104969,-0.024102586578,-0.0394640963799,baseline,0
641306,11261,90094,114688,0,0,4137.32356213,4137.35072568,4137.16490951,4137.19303771,4137.19303771,-0.027163552917,0.158652615119,0.130524414122,donor_profile,0.158652615119
652911,40716,325732,114688,9,0,5003.89628297,5004.48181461,5003.96950931,5004.55739312,5004.55739312,-0.585531637261,-0.0732263364844,-0.661110152617,baseline,0
696979,1393,11150,114688,6,0,485.251030936,485.322825597,485.129628142,485.202457103,485.202457103,-0.0717946607415,0.121402793642,0.0485738325274,donor_profile,0.121402793642
698435,3676,29414,114688,9,0,1286.68365064,1286.76202796,1286.82007152,1286.89916416,1286.89916416,-0.0783773198364,-0.136420882031,-0.215513521161,baseline,0
702254,3046,24373,114688,6,0,1052.07654345,1052.14638431,1051.96519644,1052.03622122,1052.03622122,-0.0698408547105,0.111347012719,0.0403222346704,donor_profile,0.111347012719
705430,3099,24794,114688,6,0,914.654369369,915.058373389,914.778491619,915.185572263,915.185572263,-0.404004020346,-0.124122250652,-0.531202894142,baseline,0
708698,1434,11475,114688,9,0,328.963028339,328.972756526,328.917891578,328.929072348,328.929072348,-0.00972818711671,0.0451367615933,0.0339559909671,donor_profile,0.0451367615933
710219,1911,15289,114688,6,0,550.4072616,550.355306193,550.445109813,550.39425027,550.39425027,0.051955407185,-0.0378482135329,0.0130113297507,mini_cmix,0.051955407185
712226,1801,14413,114688,6,0,361.00591344,361.1066,360.991620935,361.093433544,361.093433544,-0.10068656008,0.0142925048613,-0.0875201043502,donor_profile,0.0142925048613
714122,1681,13452,114688,6,0,370.018258504,370.175367631,370.122448607,370.28070267,370.28070267,-0.157109126963,-0.10419010223,-0.26244416527,baseline,0
715895,2309,18475,114688,6,0,489.359483128,489.418031811,489.295306444,489.355319616,489.355319616,-0.0585486829607,0.0641766842555,0.00416351173385,donor_profile,0.0641766842555
718332,3188,25511,114688,6,0,728.790874308,728.96678857,728.633813382,728.810945982,728.810945982,-0.175914262247,0.157060925992,-0.0200716736475,donor_profile,0.157060925992
721699,2415,19323,114688,6,0,475.768382298,475.797879043,475.770569294,475.801481189,475.801481189,-0.0294967451218,-0.00218699607922,-0.033098891392,baseline,0
724243,2079,16636,114688,6,0,425.799043544,425.73591544,425.733684024,425.671035641,425.671035641,0.063128103679,0.0653595201602,0.128007903003,mini_donor,0.128007903003
726433,7945,63566,114688,6,0,2436.26831103,2436.32695477,2436.14560184,2436.20493888,2436.20493888,-0.0586437320271,0.12270919782,0.0633721520071,donor_profile,0.12270919782
734680,1676,13410,114688,6,0,281.252958194,281.26921143,281.343152834,281.360424516,281.360424516,-0.0162532358171,-0.0901946400736,-0.107466322265,baseline,0
736443,2405,19240,114688,6,0,585.411826864,585.43173959,585.432055685,585.453345441,585.453345441,-0.0199127254656,-0.020228820521,-0.0415185771982,baseline,0
738961,2914,23316,114688,6,0,624.75135509,624.940241352,624.840986015,625.030530018,625.030530018,-0.188886262517,-0.0896309257269,-0.279174928252,baseline,0
742021,2630,21043,114688,6,0,623.424458189,623.521325462,623.365466333,623.462991622,623.462991622,-0.0968672727354,0.0589918555315,-0.0385334335383,donor_profile,0.0589918555315
744774,2370,18962,114688,6,0,441.930442231,442.119327218,441.987136095,442.178119659,442.178119659,-0.188884987393,-0.0566938638212,-0.247677428191,baseline,0
747250,2475,19801,114688,6,0,497.715822048,497.791813219,497.823519986,497.898982104,497.898982104,-0.0759911716809,-0.107697938451,-0.183160056438,baseline,0
749859,18586,148690,114688,6,0,5547.82240356,5548.2931128,5548.01261715,5548.4942513,5548.4942513,-0.470709232057,-0.190213583824,-0.671847732542,baseline,0
769151,2229,17834,114688,6,0,498.961123006,499.150928145,498.92908366,499.119783586,499.119783586,-0.189805139466,0.0320393451502,-0.158660580638,donor_profile,0.0320393451502
771496,2376,19010,114688,6,0,489.494482829,489.561477841,489.548396754,489.618270599,489.618270599,-0.0669950121442,-0.0539139250159,-0.12378777049,baseline,0
773986,4497,35976,114688,6,0,935.985966739,935.900285737,936.063655425,935.98084509,935.98084509,0.085681001795,-0.0776886856884,0.00512164870736,mini_cmix,0.085681001795
778703,1814,14512,114688,6,0,373.81084349,373.783843666,373.81546638,373.789024174,373.789024174,0.0269998238738,-0.00462289001007,0.0218193160428,mini_cmix,0.0269998238738
780610,2756,22051,114688,6,0,496.500004173,496.599959429,496.526451355,496.629401048,496.629401048,-0.0999552569496,-0.0264471829719,-0.129396875742,baseline,0
783519,2507,20060,114688,6,0,452.913536561,453.033028201,452.823009504,452.94681835,452.94681835,-0.119491639864,0.0905270567046,-0.0332817893076,donor_profile,0.0905270567046
786159,18868,150950,114688,9,0,3821.29480764,3821.30388233,3821.21749691,3821.2304361,3821.2304361,-0.00907468813602,0.0773107356185,0.0643715491292,donor_profile,0.0773107356185
806020,2058,16468,114688,6,0,702.302382869,702.333888972,702.250451667,702.282898537,702.282898537,-0.031506102616,0.0519312023662,0.0194843326715,donor_profile,0.0519312023662
808153,1098,8786,114688,6,0,307.708508915,307.709679928,307.773489138,307.774944882,307.774944882,-0.00117101293915,-0.0649802232756,-0.0664359673036,baseline,0
809308,1275,10200,114688,6,0,344.439956638,344.237339665,344.369373717,344.16672053,344.16672053,0.202616973821,0.0705829211684,0.273236108187,mini_donor,0.273236108187
810644,426,3410,114688,1,0,84.0717199154,84.1062780293,84.0333544235,84.0679751209,84.0679751209,-0.0345581139009,0.0383654918751,0.00374479449783,donor_profile,0.0383654918751
811090,463,3709,114688,1,0,95.2424930505,95.2535892487,95.1723654278,95.1832213879,95.1832213879,-0.0110961982144,0.0701276227192,0.0592716625916,donor_profile,0.0701276227192
811579,2968,23749,114688,0,0,915.740953562,915.740450663,915.807764057,915.807387524,915.807387524,0.000502898484228,-0.0668104949809,-0.0664339620544,mini_cmix,0.000502898484228
814667,10939,87517,114688,9,0,3384.89103132,3385.07677468,3384.6797926,3384.86687546,3384.86687546,-0.185743360303,0.211238722271,0.0241558583548,donor_profile,0.211238722271
826118,1258,10071,114688,9,0,364.694824248,364.715086546,364.675483177,364.69595666,364.69595666,-0.0202622983767,0.0193410710463,-0.00113241224028,donor_profile,0.0193410710463
827443,932,7463,114688,6,0,254.207221095,254.20108567,254.283892761,254.278011699,254.278011699,0.00613542537519,-0.0766716655316,-0.0707906041831,mini_cmix,0.00613542537519
828426,3805,30445,114688,0,0,1287.41543803,1287.43380561,1287.26477161,1287.28335891,1287.28335891,-0.0183675858034,0.150666411619,0.132079117649,donor_profile,0.150666411619
832392,1409,11272,114688,6,0,404.440126157,404.394516415,404.446988399,404.401983981,404.401983981,0.0456097420533,-0.0068622422441,0.0381421760935,mini_cmix,0.0456097420533
833865,1634,13078,114688,6,0,497.7326416,497.692358625,497.58006167,497.53994933,497.53994933,0.0402829750285,0.152579930072,0.19269227041,mini_donor,0.19269227041
835566,2659,21279,114688,6,0,900.873375222,901.00801624,900.973720083,901.108187317,901.108187317,-0.134641018443,-0.10034486114,-0.234812094637,baseline,0
838355,1052,8421,114688,0,0,213.415629052,213.413929749,213.43872967,213.437123523,213.437123523,0.00169930285665,-0.023100618344,-0.0214944711188,mini_cmix,0.00169930285665
839471,2913,23305,114688,9,0,848.846986135,848.838937157,848.854122501,848.84675876,848.84675876,0.00804897750584,-0.00713636624732,0.000227375138252,mini_cmix,0.00804897750584
842550,4284,34278,114688,6,0,1395.75406556,1395.78415156,1395.71201211,1395.74521319,1395.74521319,-0.0300859976737,0.0420534444784,0.008852365449,donor_profile,0.0420534444784
847017,20538,164309,114688,9,0,2040.25943582,2040.52084019,2040.14235767,2040.40713306,2040.40713306,-0.261404372622,0.117078148311,-0.147697240135,donor_profile,0.117078148311
869513,4208,33666,114688,9,0,1123.49427264,1123.62133185,1123.43569578,1123.56258203,1123.56258203,-0.127059208117,0.0585768602241,-0.0683093870139,donor_profile,0.0585768602241
873951,4559,36472,114688,9,0,1525.08676547,1525.19835665,1525.35933462,1525.47591959,1525.47591959,-0.111591177791,-0.272569150085,-0.389154120439,baseline,0
878677,2325,18601,114688,6,0,789.937632759,789.857521156,789.995540698,789.915096708,789.915096708,0.0801116032397,-0.0579079392983,0.0225360509165,mini_cmix,0.0801116032397
881103,6537,52302,114688,9,0,1869.94940062,1870.02451289,1869.88231497,1869.95953963,1869.95953963,-0.0751122627198,0.0670856498164,-0.0101390096224,donor_profile,0.0670856498164
887922,1427,11419,114688,9,0,394.397985348,394.372841635,394.335031308,394.311424211,394.311424211,0.0251437132697,0.0629540402751,0.0865611378745,mini_donor,0.0865611378745
889423,2499,19996,114688,9,0,714.701207625,714.705291998,714.552841108,714.55777139,714.55777139,-0.00408437360875,0.148366516782,0.143436234927,donor_profile,0.148366516782
892062,1455,11647,114688,9,0,315.088358623,315.111256874,315.123206281,315.146462211,315.146462211,-0.0228982506267,-0.0348476573126,-0.0581035875946,baseline,0
893597,4433,35470,114688,9,0,1255.60813058,1255.60229004,1255.79433932,1255.78889318,1255.78889318,0.00584054227465,-0.186208742617,-0.180762599946,mini_cmix,0.00584054227465
898255,15520,124162,114688,9,0,3032.4257651,3032.87417559,3032.61779667,3033.06856328,3033.06856328,-0.448410491068,-0.192031571786,-0.642798178796,baseline,0
914820,13125,105002,114688,9,0,4153.39241013,4153.22314314,4153.30224056,4153.1362582,4153.1362582,0.169266992028,0.0901695711709,0.256151933092,mini_donor,0.256151933092
928545,8464,67718,114688,6,0,2776.55446863,2776.61377121,2776.4113646,2776.47589872,2776.47589872,-0.0593025802636,0.143104028281,0.0785699144308,donor_profile,0.143104028281
937382,9587,76700,114688,9,0,2343.15744239,2343.62754484,2343.24140945,2343.71333783,2343.71333783,-0.470102456307,-0.083967060742,-0.555895445148,baseline,0
947436,9268,74144,114688,0,0,2458.26178563,2458.30815127,2458.27345318,2458.32075036,2458.32075036,-0.0463656451843,-0.0116675520494,-0.0589647336496,baseline,0
957119,9406,75252,114688,6,0,2328.32055831,2328.61413105,2328.4397969,2328.74072169,2328.74072169,-0.293572730779,-0.119238586094,-0.420163373528,baseline,0
966921,20142,161142,114688,9,0,5143.92202622,5144.01766385,5143.84735866,5143.9549962,5143.9549962,-0.0956376242066,0.0746675643104,-0.0329699760969,donor_profile,0.0746675643104
987941,764,6118,114688,0,0,217.893406488,217.886657159,217.774935564,217.768127023,217.768127023,0.00674932917116,0.118470924677,0.125279464791,mini_donor,0.125279464791
988740,5809,46475,114688,6,0,1882.55368276,1882.20883418,1882.67478692,1882.33469215,1882.33469215,0.344848586637,-0.121104160661,0.218990612083,mini_cmix,0.344848586637
994832,17713,141706,114688,9,0,3447.63840517,3447.73416613,3447.97125563,3448.0722478,3448.0722478,-0.0957609584721,-0.332850459342,-0.433842621365,baseline,0
1013604,1813,14505,114688,9,0,588.028012838,587.982013083,587.941564509,587.896355845,587.896355845,0.0459997549951,0.0864483299238,0.131656993743,mini_donor,0.131656993743
1015494,1725,13807,114688,9,0,354.598295951,354.622638764,354.589693228,354.614337906,354.614337906,-0.0243428126305,0.00860272313366,-0.0160419544522,donor_profile,0.00860272313366
1017325,929,7433,114688,6,0,252.234511595,252.307369903,252.287719503,252.360583774,252.360583774,-0.0728583074329,-0.0532079073837,-0.126072179105,baseline,0
1018296,805,6444,114688,6,0,241.561838998,241.496421945,241.675606814,241.610486686,241.610486686,0.0654170536419,-0.11376781579,-0.0486476879777,mini_cmix,0.0654170536419
1019134,604,4832,114688,1,0,114.849849478,114.852805729,114.878508277,114.881507511,114.881507511,-0.00295625077888,-0.0286587994797,-0.0316580330064,baseline,0
1019771,2347,18780,114688,9,0,429.411560132,429.511463499,429.456886882,429.557001457,429.557001457,-0.0999033661855,-0.0453267499297,-0.145441324933,baseline,0
1022294,4271,34175,114688,6,0,1002.79659018,1002.86380573,1002.85299869,1002.92351661,1002.92351661,-0.0672155441042,-0.0564085092537,-0.126926424255,baseline,0
1026745,4241,33932,114688,6,0,1079.20606905,1079.27837693,1079.28463747,1079.35983245,1079.35983245,-0.0723078799028,-0.0785684197999,-0.153763404554,baseline,0
1031158,1341,10730,114688,6,0,321.020138876,321.109417095,320.97183889,321.062646923,321.062646923,-0.0892782196892,0.0482999853275,-0.0425080479021,donor_profile,0.0482999853275
1032568,2581,20655,114688,6,0,865.33831432,865.334542222,865.506029292,865.503534594,865.503534594,0.0037720975389,-0.167714972073,-0.165220274202,mini_cmix,0.0037720975389
1035243,1790,14320,114688,6,0,477.207742601,477.148334583,477.24323806,477.184695912,477.184695912,0.0594080185665,-0.0354954586519,0.0230466893754,mini_cmix,0.0594080185665
1037114,6303,50428,114688,9,0,898.437134669,898.986264316,898.43985642,898.989040224,898.989040224,-0.549129647195,-0.00272175073133,-0.551905555303,baseline,0
1043781,3287,26299,114688,6,0,992.763431827,992.908618199,992.761554235,992.908534752,992.908534752,-0.145186372738,0.00187759204073,-0.145102925214,donor_profile,0.00187759204073
