recipient_group,recipient_start,recipient_length,recipient_class,best_source_group,best_donor_windows,donor_evidence,donor_expected_gross,donor_expected_net,donor_high_bound,scr2_macro_hits,scr2_raw_saving_bytes,scr2_cross_boundary_hits,scr2_top_macros,scr2_raw_reduction_pct,scr2_entropy_estimate,mini11_oracle_high,mini11_expected_net,recommended_trial,validation,priority_rank
389,407838930,1041373,url,388,407573504:4096;407581696:2048;407775744:2048;407787520:4096;407793664:4096;407799808:4096;407810048:2048,validated_source_proxy,774.0,766.71875,3096.0,3470,32371,1,M1:4485;M2:3164;M11:2922;M3:2860;M10:2718,3.10849234616223,0.0,2.8082151114225975,0.0,donor,exact_warm_prefix_required,1
390,408880303,1043290,mixed,388,407573504:4096;407581696:2048;407775744:2048;407787520:4096;407793664:4096;407799808:4096;407810048:2048,validated_source_proxy,546.3529411764706,539.0716911764706,2185.4117647058824,2932,25822,1,M1:3956;M2:2660;M11:2448;M10:2076;M5:1674,2.4750548744836047,0.0,0.0,0.0,donor,exact_warm_prefix_required,2
391,409923593,1050878,mixed,388,407573504:4096;407581696:2048;407775744:2048;407787520:4096;407793664:4096;407799808:4096;407810048:2048,validated_source_proxy,500.82352941176475,493.54227941176475,2003.294117647059,3304,31775,1,M1:4761;M2:3416;M3:3388;M11:2952;M7:2178,3.0236621187235815,0.0,0.0,0.0,donor,exact_warm_prefix_required,3
403,422496780,1048698,url,388,407573504:4096;407581696:2048;407775744:2048;407787520:4096;407793664:4096;407799808:4096;407810048:2048,validated_source_proxy,489.44117647058823,482.15992647058823,1957.764705882353,8265,89269,0,M1:23828;M7:9416;M9:7865;M24:6754;M6:6312,8.512364856231251,0.0,2.827968048834236,0.0,donor+scr2_oracle,exact_warm_prefix_required,4
524,549240968,1048632,xml,388,407573504:4096;407581696:2048;407775744:2048;407787520:4096;407793664:4096;407799808:4096;407810048:2048,validated_source_proxy,455.29411764705884,448.01286764705884,1821.1764705882354,37208,555593,0,M3:157586;M8:149270;M6:48186;M9:31097;M1:26174,52.982647868842456,0.0,41.172659134853646,0.0,donor+scr2_oracle,exact_warm_prefix_required,5
509,533656382,1047603,list,388,407573504:4096;407581696:2048;407775744:2048;407787520:4096;407793664:4096;407799808:4096;407810048:2048,validated_source_proxy,443.9117647058823,436.6305147058823,1775.6470588235293,6060,83406,0,M7:17622;M39:16406;M1:15801;M6:8370;M2:8288,7.961603775476015,0.0,8.926607934644503,0.0,donor+scr2_oracle,exact_warm_prefix_required,6
528,553435380,1048533,xml,388,407573504:4096;407581696:2048;407775744:2048;407787520:4096;407793664:4096;407799808:4096;407810048:2048,validated_source_proxy,432.5294117647059,425.2481617647059,1730.1176470588236,37171,565969,0,M3:156926;M8:148764;M6:49170;M9:34661;M1:29141,53.977223415953524,0.0,41.16877207699698,0.0,donor+scr2_oracle,exact_warm_prefix_required,7
522,547143784,1048619,xml,388,407573504:4096;407581696:2048;407775744:2048;407787520:4096;407793664:4096;407799808:4096;407810048:2048,validated_source_proxy,409.7647058823529,402.4834558823529,1639.0588235294117,37845,554298,1,M8:159104;M3:157740;M6:48924;M9:34507;M1:25967,52.85980894872208,0.0,41.172148713114886,0.0,donor+scr2_oracle,exact_warm_prefix_required,8
432,452936697,1048802,prose,388,407573504:4096;407581696:2048;407775744:2048;407787520:4096;407793664:4096;407799808:4096;407810048:2048,validated_source_proxy,409.7647058823529,402.4834558823529,1639.0588235294117,5617,79026,0,M13:15385;M7:11682;M3:10802;M43:7546;M14:5907,7.534882656592951,0.0,5.941408189282838,0.0,donor+scr2_oracle,exact_warm_prefix_required,9
525,550289600,1048564,xml,388,407573504:4096;407581696:2048;407775744:2048;407787520:4096;407793664:4096;407799808:4096;407810048:2048,validated_source_proxy,398.3823529411764,391.1011029411764,1593.5294117647056,37427,555498,0,M3:157036;M8:147158;M6:47610;M9:35530;M21:27060,52.97702381542758,0.0,41.169989236527854,0.0,donor+scr2_oracle,exact_warm_prefix_required,10
523,548192403,1048565,xml,388,407573504:4096;407581696:2048;407775744:2048;407787520:4096;407793664:4096;407799808:4096;407810048:2048,validated_source_proxy,398.3823529411764,391.1011029411764,1593.5294117647056,37255,554973,0,M3:153802;M8:142494;M6:49860;M1:34454;M21:32186,52.926904865220564,0.0,41.17002849973853,0.0,donor+scr2_oracle,exact_warm_prefix_required,11
508,532607853,1048529,list,388,407573504:4096;407581696:2048;407775744:2048;407787520:4096;407793664:4096;407799808:4096;407810048:2048,validated_source_proxy,398.3823529411764,391.1011029411764,1593.5294117647056,7469,102353,1,M7:21340;M39:20878;M1:18078;M2:10290;M6:9984,9.761580271027315,0.0,8.934498365415969,0.0,donor+scr2_oracle,exact_warm_prefix_required,12
526,551338164,1048610,xml,388,407573504:4096;407581696:2048;407775744:2048;407787520:4096;407793664:4096;407799808:4096;407810048:2048,validated_source_proxy,387.0,379.71875,1548.0,37065,551809,0,M3:153604;M8:149490;M6:47268;M9:32208;M1:28957,52.62290079247766,0.0,41.17179534421883,0.0,donor+scr2_oracle,exact_warm_prefix_required,13
527,552386774,1048606,xml,388,407573504:4096;407581696:2048;407775744:2048;407787520:4096;407793664:4096;407799808:4096;407810048:2048,validated_source_proxy,387.0,379.71875,1548.0,36608,539562,0,M8:145486;M3:127820;M1:46920;M6:46128;M9:28391,51.45517000665646,0.0,41.171638291376134,0.0,donor+scr2_oracle,exact_warm_prefix_required,14
421,441379615,1058817,list,388,407573504:4096;407581696:2048;407775744:2048;407787520:4096;407793664:4096;407799808:4096;407810048:2048,validated_source_proxy,387.0,379.71875,1548.0,4607,50313,1,M1:11477;M7:8140;M9:4169;M6:3546;M23:2877,4.751812636177923,0.0,9.022162244224662,0.0,donor+scr2_oracle,exact_warm_prefix_required,15
400,419351577,1048012,url,388,407573504:4096;407581696:2048;407775744:2048;407787520:4096;407793664:4096;407799808:4096;407810048:2048,validated_source_proxy,387.0,379.71875,1548.0,4319,42547,0,M1:7199;M7:4114;M5:3690;M10:3054;M3:2860,4.059781758224142,0.0,2.8261181491667435,0.0,donor+scr2_oracle,exact_warm_prefix_required,16
392,410974471,1049607,list,388,407573504:4096;407581696:2048;407775744:2048;407787520:4096;407793664:4096;407799808:4096;407810048:2048,validated_source_proxy,387.0,379.71875,1548.0,2859,29609,1,M1:4807;M3:3696;M2:3486;M6:2214;M10:2040,2.820960607160585,0.0,8.94368398568772,0.0,donor,exact_warm_prefix_required,17
521,546095219,1048565,xml,388,407573504:4096;407581696:2048;407775744:2048;407787520:4096;407793664:4096;407799808:4096;407810048:2048,validated_source_proxy,375.61764705882354,368.33639705882354,1502.4705882352941,36365,571188,1,M3:162976;M8:162294;M51:49137;M6:48882;M9:28391,54.47330399164573,0.0,41.17002849973853,0.0,donor+scr2_oracle,exact_warm_prefix_required,18
507,531559207,1048646,list,388,407573504:4096;407581696:2048;407775744:2048;407787520:4096;407793664:4096;407799808:4096;407810048:2048,validated_source_proxy,375.61764705882354,368.33639705882354,1502.4705882352941,7975,109000,1,M1:21965;M7:18546;M39:17550;M2:13524;M6:10440,10.39435615069337,0.0,8.935495320491846,0.0,donor+scr2_oracle,exact_warm_prefix_required,19
510,534703985,1048494,list,388,407573504:4096;407581696:2048;407775744:2048;407787520:4096;407793664:4096;407799808:4096;407810048:2048,validated_source_proxy,375.61764705882354,368.33639705882354,1502.4705882352941,7808,108234,1,M7:28644;M39:20982;M1:19826;M6:10362;M9:8129,10.322805852966255,0.0,8.934200130991561,0.0,donor+scr2_oracle,exact_warm_prefix_required,20
426,446641702,1048624,url,388,407573504:4096;407581696:2048;407775744:2048;407787520:4096;407793664:4096;407799808:4096;407810048:2048,validated_source_proxy,375.61764705882354,368.33639705882354,1502.4705882352941,5082,55386,1,M7:7194;M1:5842;M14:4411;M3:3762;M17:3328,5.281778788202445,0.0,2.8277684969750605,0.0,donor+scr2_oracle,exact_warm_prefix_required,21
482,505362867,1048252,mixed,388,407573504:4096;407581696:2048;407775744:2048;407787520:4096;407793664:4096;407799808:4096;407810048:2048,validated_source_proxy,375.61764705882354,368.33639705882354,1502.4705882352941,4521,48395,1,M3:7282;M12:5522;M7:3608;M17:3592;M18:3576,4.616733380904591,0.0,0.0,0.0,donor+scr2_oracle,exact_warm_prefix_required,22
402,421448568,1048212,url,388,407573504:4096;407581696:2048;407775744:2048;407787520:4096;407793664:4096;407799808:4096;407810048:2048,validated_source_proxy,375.61764705882354,368.33639705882354,1502.4705882352941,4084,47186,1,M1:13478;M24:9790;M9:4301;M6:3564;M4:2280,4.501570293032326,0.0,2.8266574785158665,0.0,donor+scr2_oracle,exact_warm_prefix_required,23
428,448742521,1048964,url,388,407573504:4096;407581696:2048;407775744:2048;407787520:4096;407793664:4096;407799808:4096;407810048:2048,validated_source_proxy,375.61764705882354,368.33639705882354,1502.4705882352941,3315,31059,1,M1:4508;M7:2618;M11:2490;M14:2156;M20:1950,2.9609214424899233,0.0,2.82868535686857,0.0,donor,exact_warm_prefix_required,24
422,442438432,1051705,list,388,407573504:4096;407581696:2048;407775744:2048;407787520:4096;407793664:4096;407799808:4096;407810048:2048,validated_source_proxy,375.61764705882354,368.33639705882354,1502.4705882352941,2786,28694,1,M1:4278;M7:2860;M3:2376;M12:1672;M9:1650,2.7283316139031384,0.0,8.96156100918506,0.0,donor,exact_warm_prefix_required,25
504,528413765,1048611,xml,388,407573504:4096;407581696:2048;407775744:2048;407787520:4096;407793664:4096;407799808:4096;407810048:2048,validated_source_proxy,364.2352941176471,356.9540441176471,1456.9411764705883,24919,305462,0,M2:67858;M3:65912;M31:45510;M41:27300;M9:21670,29.130154080016325,0.0,41.1718346074295,0.0,donor+scr2_oracle,exact_warm_prefix_required,26
529,554483913,383400,xml,388,407573504:4096;407581696:2048;407775744:2048;407787520:4096;407793664:4096;407799808:4096;407810048:2048,validated_source_proxy,364.2352941176471,356.9540441176471,1456.9411764705883,13575,201091,0,M3:55132;M8:48246;M6:17340;M21:14938;M9:12650,52.44940010432968,0.0,15.053514972176023,0.0,donor+scr2_oracle,exact_warm_prefix_required,27
464,486490859,1049387,prose,388,407573504:4096;407581696:2048;407775744:2048;407787520:4096;407793664:4096;407799808:4096;407810048:2048,validated_source_proxy,364.2352941176471,356.9540441176471,1456.9411764705883,5530,65287,1,M7:11352;M1:11017;M14:4301;M17:4288;M18:4272,6.221441660702867,0.0,5.94472218352649,0.0,donor+scr2_oracle,exact_warm_prefix_required,28
479,502216453,1049001,prose,388,407573504:4096;407581696:2048;407775744:2048;407787520:4096;407793664:4096;407799808:4096;407810048:2048,validated_source_proxy,364.2352941176471,356.9540441176471,1456.9411764705883,4511,54231,0,M3:10406;M7:9614;M17:4088;M18:4080;M34:3960,5.169775815275677,0.0,5.942535513820422,0.0,donor+scr2_oracle,exact_warm_prefix_required,29
429,449791485,1047988,mixed,388,407573504:4096;407581696:2048;407775744:2048;407787520:4096;407793664:4096;407799808:4096;407810048:2048,validated_source_proxy,364.2352941176471,356.9540441176471,1456.9411764705883,3581,34849,1,M1:4646;M7:3300;M14:2431;M11:2160;M17:1992,3.325324335774837,0.0,0.0,0.0,donor,exact_warm_prefix_required,30
472,494878210,1048247,prose,388,407573504:4096;407581696:2048;407775744:2048;407787520:4096;407793664:4096;407799808:4096;407810048:2048,validated_source_proxy,352.8529411764706,345.5716911764706,1411.4117647058824,5618,81179,0,M13:21080;M3:11132;M7:10934;M14:5709;M67:5160,7.744262564071255,0.0,5.938264143461938,0.0,donor+scr2_oracle,exact_warm_prefix_required,31
485,508507664,1048084,mixed,388,407573504:4096;407581696:2048;407775744:2048;407787520:4096;407793664:4096;407799808:4096;407810048:2048,validated_source_proxy,352.8529411764706,345.5716911764706,1411.4117647058824,5327,57655,1,M1:9706;M7:8624;M100:4280;M128:4150;M17:3152,5.500990378633774,0.0,0.0,0.0,donor+scr2_oracle,exact_warm_prefix_required,32
511,535752479,1045767,list,388,407573504:4096;407581696:2048;407775744:2048;407787520:4096;407793664:4096;407799808:4096;407810048:2048,validated_source_proxy,341.4705882352941,334.1893382352941,1365.8823529411764,7092,96991,0,M7:25586;M39:14716;M9:10593;M3:10538;M6:8262,9.274628095933416,0.0,8.910963408838441,0.0,donor+scr2_oracle,exact_warm_prefix_required,33
430,450839473,1048996,prose,388,407573504:4096;407581696:2048;407775744:2048;407787520:4096;407793664:4096;407799808:4096;407810048:2048,validated_source_proxy,341.4705882352941,334.1893382352941,1365.8823529411764,5276,61623,0,M7:9460;M3:8602;M43:6888;M14:5434;M17:4000,5.874474259196413,0.0,5.942507189083297,0.0,donor+scr2_oracle,exact_warm_prefix_required,34
450,471801499,1048049,mixed,388,407573504:4096;407581696:2048;407775744:2048;407787520:4096;407793664:4096;407799808:4096;407810048:2048,validated_source_proxy,341.4705882352941,334.1893382352941,1365.8823529411764,4585,48170,1,M1:8487;M7:5346;M17:3344;M18:3336;M14:2981,4.596159149047421,0.0,0.0,0.0,donor+scr2_oracle,exact_warm_prefix_required,35
424,444541495,1045024,mixed,388,407573504:4096;407581696:2048;407775744:2048;407787520:4096;407793664:4096;407799808:4096;407810048:2048,validated_source_proxy,341.4705882352941,334.1893382352941,1365.8823529411764,3727,41151,1,M7:4532;M1:3611;M3:3498;M14:3014;M13:2805,3.9378042992314053,0.0,0.0,0.0,donor+scr2_oracle,exact_warm_prefix_required,36
470,492781013,1047740,prose,388,407573504:4096;407581696:2048;407775744:2048;407787520:4096;407793664:4096;407799808:4096;407810048:2048,validated_source_proxy,330.0882352941176,322.8069852941176,1320.3529411764705,6007,73787,0,M7:11726;M3:11198;M13:6970;M14:6039;M18:4408,7.0424914578044175,0.0,5.93539201511744,0.0,donor+scr2_oracle,exact_warm_prefix_required,37
439,460276478,1049257,prose,388,407573504:4096;407581696:2048;407775744:2048;407787520:4096;407793664:4096;407799808:4096;407810048:2048,validated_source_proxy,330.0882352941176,322.8069852941176,1320.3529411764705,4492,58759,0,M13:9945;M3:8228;M7:7920;M14:4290;M43:3514,5.600057945765432,0.0,5.943985740361234,0.0,donor+scr2_oracle,exact_warm_prefix_required,38
414,434027024,1049104,list,388,407573504:4096;407581696:2048;407775744:2048;407787520:4096;407793664:4096;407799808:4096;407810048:2048,validated_source_proxy,330.0882352941176,322.8069852941176,1320.3529411764705,6361,55386,1,M81:31730;M38:3516;M28:3096;M1:2484;M2:1358,5.279362198599948,0.0,8.939397930959807,0.0,donor+scr2_oracle,exact_warm_prefix_required,39
467,489635862,1048909,list,388,407573504:4096;407581696:2048;407775744:2048;407787520:4096;407793664:4096;407799808:4096;407810048:2048,validated_source_proxy,330.0882352941176,322.8069852941176,1320.3529411764705,3775,40063,0,M1:4577;M3:4070;M2:3752;M17:2984;M18:2976,3.819492444053774,0.0,8.937736339166678,0.0,donor+scr2_oracle,exact_warm_prefix_required,40
503,527365185,1048580,mixed,388,407573504:4096;407581696:2048;407775744:2048;407787520:4096;407793664:4096;407799808:4096;407810048:2048,validated_source_proxy,318.70588235294116,311.42463235294116,1274.8235294117646,17889,218047,0,M3:46926;M2:44436;M31:30720;M41:18676;M9:16478,20.794503042209463,0.0,0.0,0.0,donor+scr2_oracle,exact_warm_prefix_required,41
436,457131352,1047848,prose,388,407573504:4096;407581696:2048;407775744:2048;407787520:4096;407793664:4096;407799808:4096;407810048:2048,validated_source_proxy,318.70588235294116,311.42463235294116,1274.8235294117646,4953,58186,0,M7:7260;M3:7216;M13:5270;M14:4213;M17:3584,5.55290461975401,0.0,5.936003829439344,0.0,donor+scr2_oracle,exact_warm_prefix_required,42
433,453985499,1048967,url,388,407573504:4096;407581696:2048;407775744:2048;407787520:4096;407793664:4096;407799808:4096;407810048:2048,validated_source_proxy,318.70588235294116,311.42463235294116,1274.8235294117646,4537,49970,1,M7:6424;M1:5244;M13:4165;M14:3575;M20:3080,4.763734226148201,0.0,2.8286934468088067,0.0,donor+scr2_oracle,exact_warm_prefix_required,43
488,511651677,1048310,mixed,388,407573504:4096;407581696:2048;407775744:2048;407787520:4096;407793664:4096;407799808:4096;407810048:2048,validated_source_proxy,318.70588235294116,311.42463235294116,1274.8235294117646,4519,49911,0,M7:7810;M1:4991;M3:4136;M17:3120;M18:3080,4.761091661817592,0.0,0.0,0.0,donor+scr2_oracle,exact_warm_prefix_required,44
3,3146668,1048846,list,2,2097920:16384;3080960:65536,uncalibrated_source_proxy,309.6,302.4301886792453,3096.0,1120,13089,1,M1:4324;M2:2982;M9:1639;M6:1296;M4:1014,1.2479429773293695,0.0,8.937199517202746,0.0,donor,exact_warm_prefix_required,45
2,2097908,1048760,list,1,1048320:65536;1540096:65536,uncalibrated_source_proxy,309.6,302.3777777777778,3096.0,5840,61078,1,M1:21436;M2:13258;M9:7051;M6:5694;M28:3724,5.823830046912544,0.0,8.936466712617058,0.0,donor+scr2_oracle,exact_warm_prefix_required,46
495,518991519,1048192,prose,427,448183552:65536,uncalibrated_source_proxy,309.6,302.1135135135135,3096.0,5680,87467,0,M13:14280;M7:12232;M1:8372;M34:6930;M50:6080,8.344559012089388,0.0,5.93795257135356,0.0,donor+scr2_oracle,exact_warm_prefix_required,47
471,493828753,1049457,prose,427,447690496:65536,uncalibrated_source_proxy,309.6,302.1135135135135,3096.0,5672,87352,0,M13:26265;M7:11770;M3:11462;M14:5984;M67:5080,8.32354255581696,0.0,5.945118729846243,0.0,donor+scr2_oracle,exact_warm_prefix_required,48
476,499072095,1047966,prose,427,447690496:65536,uncalibrated_source_proxy,309.6,302.1135135135135,3096.0,6857,82659,1,M1:12788;M7:12034;M118:6818;M103:5610;M13:5440,7.887565054591466,0.0,5.9366722932355,0.0,donor+scr2_oracle,exact_warm_prefix_required,49
444,465519446,1048625,prose,427,448183552:65536;447690496:65536,uncalibrated_source_proxy,309.6,302.1135135135135,3096.0,5576,81443,0,M13:22695;M3:11374;M7:11308;M14:5665;M20:4880,7.7666467993801405,0.0,5.940405493588605,0.0,donor+scr2_oracle,exact_warm_prefix_required,50
474,496975100,1048117,prose,430,451355648:16384,uncalibrated_source_proxy,309.6,302.1135135135135,3096.0,5588,81008,1,M13:19550;M7:11154;M3:10780;M14:5764;M17:4224,7.728908127623156,0.0,5.937527700296682,0.0,donor+scr2_oracle,exact_warm_prefix_required,51
493,516894220,1049390,prose,430,450839552:16384,uncalibrated_source_proxy,309.6,302.1135135135135,3096.0,5129,80890,0,M50:21888;M7:13530;M34:11250;M110:7826;M92:5780,7.7082876718855715,0.0,5.944739178368765,0.0,donor+scr2_oracle,exact_warm_prefix_required,52
441,462374119,1047493,prose,427,447690496:65536;448183552:65536,uncalibrated_source_proxy,309.6,302.1135135135135,3096.0,5102,78255,1,M13:22355;M7:10846;M3:8536;M43:5376;M14:4356,7.470694314902343,0.0,5.933992773103453,0.0,donor+scr2_oracle,exact_warm_prefix_required,53
431,451888469,1048228,prose,427,448183552:65536;447690496:65536,uncalibrated_source_proxy,309.6,302.1135135135135,3096.0,5655,77086,0,M13:14450;M7:11110;M43:7238;M3:6204;M14:5764,7.353934449375518,0.0,5.938156509460862,0.0,donor+scr2_oracle,exact_warm_prefix_required,54
492,515845125,1049095,prose,427,447690496:65536,uncalibrated_source_proxy,309.6,302.1135135135135,3096.0,4884,75590,0,M34:13680;M50:13642;M7:12826;M110:5180;M17:4824,7.205257865112311,0.0,5.943068018878376,0.0,donor+scr2_oracle,exact_warm_prefix_required,55
443,464470470,1048976,prose,427,447690496:65536;448183552:65536,uncalibrated_source_proxy,309.6,302.1135135135135,3096.0,5411,74860,0,M13:18190;M3:10582;M7:10384;M14:5390;M61:4790,7.13648358017724,0.0,5.942393890134796,0.0,donor+scr2_oracle,exact_warm_prefix_required,56
451,472849548,1048439,prose,427,448183552:65536,uncalibrated_source_proxy,309.6,302.1135135135135,3096.0,5589,72938,1,M7:11704;M13:9860;M1:7889;M14:5951;M20:4980,6.956818660885373,0.0,5.939351813367547,0.0,donor+scr2_oracle,exact_warm_prefix_required,57
440,461325735,1048384,prose,427,448183552:65536;447690496:65536,uncalibrated_source_proxy,309.6,302.1135135135135,3096.0,5318,72845,0,M13:14705;M7:10560;M3:9614;M43:6888;M14:5379,6.948312831939442,0.0,5.939040241259169,0.0,donor+scr2_oracle,exact_warm_prefix_required,58
454,476005114,1048830,prose,430,451355648:16384,uncalibrated_source_proxy,309.6,302.1135135135135,3096.0,5114,71150,0,M13:15385;M7:10912;M3:8096;M14:4807;M17:4056,6.783749511360278,0.0,5.941566807810739,0.0,donor+scr2_oracle,exact_warm_prefix_required,59
438,459227595,1048883,prose,427,448183552:65536;447690496:65536,uncalibrated_source_proxy,309.6,302.1135135135135,3096.0,4989,71040,0,M13:18615;M3:9636;M7:8712;M14:5016;M20:4150,6.772919381856699,0.0,5.941867050024267,0.0,donor+scr2_oracle,exact_warm_prefix_required,60
499,523185708,1047713,prose,427,447690496:65536,uncalibrated_source_proxy,309.6,302.1135135135135,3096.0,5269,68964,1,M13:12835;M1:10764;M7:10032;M14:5214;M17:3896,6.582336956781103,0.0,5.935239061536963,0.0,donor+scr2_oracle,exact_warm_prefix_required,61
487,510603142,1048535,prose,427,448183552:65536,uncalibrated_source_proxy,309.6,302.1135135135135,3096.0,6086,68465,1,M1:9430;M7:8910;M43:5068;M100:4550;M128:4300,6.529586518332722,0.0,5.939895648320351,0.0,donor+scr2_oracle,exact_warm_prefix_required,62
473,495926457,1048643,prose,427,447690496:65536,uncalibrated_source_proxy,309.6,302.1135135135135,3096.0,5102,68057,0,M13:13515;M3:8822;M7:8624;M14:5104;M67:4140,6.490006608540752,0.0,5.940507462642256,0.0,donor+scr2_oracle,exact_warm_prefix_required,63
468,490684771,1048061,prose,427,448183552:65536,uncalibrated_source_proxy,309.6,302.1135135135135,3096.0,5388,65990,0,M3:10604;M7:8008;M13:6715;M14:5632;M17:4136,6.296389236886021,0.0,5.937210463240879,0.0,donor+scr2_oracle,exact_warm_prefix_required,64
496,520039711,1049031,prose,427,447690496:65536,uncalibrated_source_proxy,309.6,302.1135135135135,3096.0,4040,65928,0,M64:18241;M7:12892;M34:12195;M17:4880;M18:4880,6.284656983444722,0.0,5.942705462243174,0.0,donor+scr2_oracle,exact_warm_prefix_required,65
463,485442897,1047962,prose,430,451355648:16384,uncalibrated_source_proxy,309.6,302.1135135135135,3096.0,5607,65820,1,M1:12213;M7:11528;M14:5852;M56:5490;M61:5320,6.28076208870169,0.0,5.9366496334458,0.0,donor+scr2_oracle,exact_warm_prefix_required,66
466,488588139,1047723,prose,427,447690496:65536,uncalibrated_source_proxy,309.6,302.1135135135135,3096.0,4855,65723,0,M13:15045;M7:9570;M3:7040;M14:3630;M17:3448,6.272936644513865,0.0,5.9352957110112134,0.0,donor+scr2_oracle,exact_warm_prefix_required,67
465,487540246,1047893,prose,427,447690496:65536,uncalibrated_source_proxy,309.6,302.1135135135135,3096.0,5522,64330,1,M1:12627;M7:11792;M92:5540;M104:5470;M88:5460,6.138985564365828,0.0,5.9362587520734715,0.0,donor+scr2_oracle,exact_warm_prefix_required,68
462,484392529,1050368,prose,427,448183552:65536,uncalibrated_source_proxy,309.6,302.1135135135135,3096.0,5568,63963,1,M7:10758;M1:8487;M14:5533;M17:4096;M18:4088,6.089580032902754,0.0,5.9502794969504595,0.0,donor+scr2_oracle,exact_warm_prefix_required,69
460,482295161,1049184,prose,427,448183552:65536,uncalibrated_source_proxy,309.6,302.1135135135135,3096.0,5534,63824,1,M1:11385;M7:11088;M56:5832;M14:5632;M17:4136,6.083203708787019,0.0,5.943572199199205,0.0,donor+scr2_oracle,exact_warm_prefix_required,70
497,521088742,1048925,prose,427,447690496:65536,uncalibrated_source_proxy,309.6,302.1135135135135,3096.0,3983,62935,0,M64:18722;M7:12628;M34:9225;M17:4848;M18:4848,5.999952332149582,0.0,5.942104977816118,0.0,donor+scr2_oracle,exact_warm_prefix_required,71
500,524233421,1037778,prose,427,448183552:65536,uncalibrated_source_proxy,309.6,302.1135135135135,3096.0,4709,61533,1,M13:11645;M1:9959;M7:8932;M14:4587;M71:3752,5.929302798864497,0.0,5.878957808869134,0.0,donor+scr2_oracle,exact_warm_prefix_required,72
491,514796869,1048256,prose,427,447690496:65536,uncalibrated_source_proxy,309.6,302.1135135135135,3096.0,4390,61413,0,M3:12518;M34:12240;M7:11748;M62:5670;M17:4584,5.858587978509067,0.0,5.938315127988763,0.0,donor+scr2_oracle,exact_warm_prefix_required,73
448,469708075,1047775,prose,427,448183552:65536;447690496:65536,uncalibrated_source_proxy,309.6,302.1135135135135,3096.0,4757,60551,1,M13:12325;M7:8096;M3:7392;M14:3993;M20:3480,5.779007897687958,0.0,5.935590288277316,0.0,donor+scr2_oracle,exact_warm_prefix_required,74
461,483344345,1048184,prose,430,451355648:16384,uncalibrated_source_proxy,309.6,302.1135135135135,3096.0,5295,59822,1,M1:10235;M7:9570;M14:5005;M56:4788;M104:3760,5.70720407867321,0.0,5.93790725177416,0.0,donor+scr2_oracle,exact_warm_prefix_required,75
453,474956992,1048122,prose,427,447690496:65536,uncalibrated_source_proxy,309.6,302.1135135135135,3096.0,5183,58929,0,M7:8844;M3:6248;M1:5198;M14:4554;M18:4032,5.622341673965435,0.0,5.937556025033807,0.0,donor+scr2_oracle,exact_warm_prefix_required,76
455,477053944,1049318,prose,430,451355648:16384,uncalibrated_source_proxy,309.6,302.1135135135135,3096.0,4600,57189,0,M7:9086;M13:7480;M3:5368;M1:4531;M14:3696,5.450111405693984,0.0,5.944331302154162,0.0,donor+scr2_oracle,exact_warm_prefix_required,77
490,513748968,1047901,prose,427,447690496:65536,uncalibrated_source_proxy,309.6,302.1135135135135,3096.0,4406,57082,0,M3:12276;M7:11594;M34:7290;M17:4488;M18:4488,5.447270305114701,0.0,5.936304071652872,0.0,donor+scr2_oracle,exact_warm_prefix_required,78
459,481246748,1048413,prose,427,447690496:65536,uncalibrated_source_proxy,309.6,302.1135135135135,3096.0,4979,56172,1,M7:8954;M1:8924;M14:4741;M17:3528;M18:3528,5.35781223620844,0.0,5.939204524734495,0.0,donor+scr2_oracle,exact_warm_prefix_required,79
452,473897987,1059005,prose,427,447690496:65536,uncalibrated_source_proxy,309.6,302.1135135135135,3096.0,4923,55118,1,M1:8786;M7:7810;M14:4334;M56:3834;M17:3624,5.204696861676763,0.0,5.99920764786058,0.0,donor+scr2_oracle,exact_warm_prefix_required,80
449,470755850,1045649,prose,427,447690496:65536,uncalibrated_source_proxy,309.6,302.1135135135135,3096.0,4729,53130,1,M1:10051;M7:8030;M14:4235;M61:3680;M18:3584,5.081054923784176,0.0,5.923546610051669,0.0,donor+scr2_oracle,exact_warm_prefix_required,81
458,480198852,1047896,prose,430,451355648:16384,uncalibrated_source_proxy,309.6,302.1135135135135,3096.0,4573,49033,1,M1:7912;M7:6820;M14:4114;M18:3056;M17:3040,4.679185720720377,0.0,5.936275746915746,0.0,donor+scr2_oracle,exact_warm_prefix_required,82
498,522137667,1048041,prose,427,447690496:65536,uncalibrated_source_proxy,309.6,302.1135135135135,3096.0,3601,47746,1,M64:9028;M7:7986;M1:4301;M17:3408;M18:3408,4.555737800334147,0.0,5.937097164292378,0.0,donor+scr2_oracle,exact_warm_prefix_required,83
494,517943610,1047909,prose,431,452410368:4096,uncalibrated_source_proxy,309.6,302.07058823529417,3096.0,5050,84366,0,M50:21660;M34:16965;M7:13420;M110:7434;M92:5790,8.050889915059418,0.0,5.936349391232272,0.0,donor+scr2_oracle,exact_warm_prefix_required,84
477,500120061,1048419,prose,431,452410368:4096,uncalibrated_source_proxy,309.6,302.07058823529417,3096.0,6242,79025,1,M1:13547;M7:12540;M34:8370;M118:7560;M106:6180,7.537539857633256,0.0,5.939238514419046,0.0,donor+scr2_oracle,exact_warm_prefix_required,85
478,501168480,1047973,prose,431,451888640:16384,uncalibrated_source_proxy,309.6,302.07058823529417,3096.0,5749,70154,0,M7:11682;M1:9867;M34:4860;M17:4560;M18:4552,6.694256435995966,0.0,5.936711947867475,0.0,donor+scr2_oracle,exact_warm_prefix_required,86
275,288355507,1053024,mixed,274,288338944:16384,uncalibrated_source_proxy,309.6,302.0193548387097,3096.0,1783,16157,1,M3:1958;M1:1610;M2:1498;M9:1045;M10:990,1.5343429969307443,0.0,0.0,0.0,donor,exact_warm_prefix_required,87
43,45130116,1046219,list,42,44573440:65536;44605696:1024,uncalibrated_source_proxy,309.6,301.85,3096.0,2258,24280,1,M1:7038;M2:4186;M9:2123;M6:2064;M4:1200,2.320737818754964,0.0,8.914814893405074,0.0,donor,exact_warm_prefix_required,88
1,1048219,1049689,list,0,982528:65536;491264:65536,uncalibrated_source_proxy,309.6,301.81739130434784,3096.0,4274,41741,1,M1:12719;M38:9498;M2:7728;M9:3333;M6:3324,3.9765111380608924,0.0,8.944382706339189,0.0,donor+scr2_oracle,exact_warm_prefix_required,89
323,338718959,1044495,mixed,322,338187264:16384,uncalibrated_source_proxy,309.6,301.7428571428572,3096.0,3765,32578,1,M26:4542;M22:4170;M1:3887;M2:3696;M3:3432,3.119019238962369,0.0,0.0,0.0,donor,exact_warm_prefix_required,90
447,468659769,1048306,mixed,424,444541696:16384,uncalibrated_source_proxy,309.6,301.6,3096.0,5260,66130,0,M13:14280;M3:9614;M7:9592;M20:4250;M14:3685,6.308272584531616,0.0,0.0,0.0,donor+scr2_oracle,exact_warm_prefix_required,91
475,498023217,1048878,mixed,424,445031168:65536,uncalibrated_source_proxy,309.6,301.6,3096.0,5608,63907,1,M1:7682;M7:7238;M103:4090;M118:3710;M17:3616,6.092891642307303,0.0,0.0,0.0,donor+scr2_oracle,exact_warm_prefix_required,92
480,503265454,1048905,mixed,424,445031168:65536,uncalibrated_source_proxy,309.6,301.6,3096.0,4645,55112,0,M3:8250;M7:6798;M13:4590;M17:3400;M18:3384,5.25424132786096,0.0,0.0,0.0,donor+scr2_oracle,exact_warm_prefix_required,93
435,456082902,1048450,mixed,424,444541696:16384,uncalibrated_source_proxy,309.6,301.6,3096.0,4417,52866,0,M7:6512;M13:6290;M3:6116;M14:3674;M17:3200,5.042300538890744,0.0,0.0,0.0,donor+scr2_oracle,exact_warm_prefix_required,94
469,491732832,1048181,mixed,424,445031168:65536,uncalibrated_source_proxy,309.6,301.6,3096.0,4407,52140,0,M3:7150;M13:5610;M7:5038;M14:4015;M17:2952,4.9743317232424555,0.0,0.0,0.0,donor+scr2_oracle,exact_warm_prefix_required,95
434,455034466,1048436,mixed,424,444541696:16384,uncalibrated_source_proxy,309.6,301.6,3096.0,4619,51632,1,M1:8533;M7:6160;M13:4250;M14:3520;M18:2984,4.924668744682556,0.0,0.0,0.0,donor+scr2_oracle,exact_warm_prefix_required,96
486,509555748,1047394,mixed,424,445031168:65536,uncalibrated_source_proxy,309.6,301.6,3096.0,4887,51211,1,M1:8142;M7:7238;M100:3700;M128:3230;M17:2832,4.889373053502312,0.0,0.0,0.0,donor+scr2_oracle,exact_warm_prefix_required,97
437,458179200,1048395,mixed,424,445031168:65536,uncalibrated_source_proxy,309.6,301.6,3096.0,4601,50639,0,M7:6402;M1:6026;M3:4114;M14:3641;M18:3568,4.830145126598277,0.0,0.0,0.0,donor+scr2_oracle,exact_warm_prefix_required,98
425,445586519,1055183,mixed,424,444541696:4096,uncalibrated_source_proxy,309.6,301.6,3096.0,4358,49917,1,M13:8075;M7:4950;M3:4158;M10:3996;M14:3157,4.730648617348839,0.0,0.0,0.0,donor+scr2_oracle,exact_warm_prefix_required,99
483,506411119,1048772,mixed,424,445031168:65536,uncalibrated_source_proxy,309.6,301.6,3096.0,4433,49396,1,M7:7744;M1:5842;M3:4070;M17:3376;M18:3000,4.709889280034173,0.0,0.0,0.0,donor+scr2_oracle,exact_warm_prefix_required,100
445,466568071,1042648,mixed,424,445031168:65536,uncalibrated_source_proxy,309.6,301.6,3096.0,4239,44175,1,M7:4884;M3:4818;M13:3060;M14:3047;M17:2576,4.236808587366014,0.0,0.0,0.0,donor+scr2_oracle,exact_warm_prefix_required,101
446,467610719,1049050,mixed,424,444541696:4096,uncalibrated_source_proxy,309.6,301.6,3096.0,4098,42510,0,M1:4347;M3:4114;M7:3586;M14:3399;M17:2968,4.05223773890663,0.0,0.0,0.0,donor+scr2_oracle,exact_warm_prefix_required,102
489,512699987,1048981,mixed,424,444541696:4096,uncalibrated_source_proxy,309.6,301.6,3096.0,3716,41046,0,M3:6974;M7:6468;M18:3192;M17:3184;M6:2454,3.9129402725120856,0.0,0.0,0.0,donor+scr2_oracle,exact_warm_prefix_required,103
442,463421612,1048858,mixed,424,445031168:65536,uncalibrated_source_proxy,309.6,301.6,3096.0,3497,35403,0,M7:4180;M1:4163;M11:3072;M3:2112;M17:2016,3.3753854191892514,0.0,0.0,0.0,donor,exact_warm_prefix_required,104
156,163601184,1044809,list,155,163535616:65536,uncalibrated_source_proxy,309.6,301.6,3096.0,2823,28803,1,M1:5083;M37:4284;M3:2530;M24:2046;M7:2002,2.756771811881406,0.0,8.90280030659323,0.0,donor,exact_warm_prefix_required,105
159,166741011,1051639,list,155,163535616:65536,uncalibrated_source_proxy,309.6,301.6,3096.0,2335,23916,1,M1:5083;M37:2610;M24:2486;M6:1308;M15:1269,2.274164423342991,0.0,8.960998624270463,0.0,donor,exact_warm_prefix_required,106
157,164645993,1046364,list,156,163601408:65536,uncalibrated_source_proxy,309.6,301.40000000000003,3096.0,2694,25571,0,M1:4002;M37:3696;M3:1760;M7:1738;M24:1562,2.443795849245578,0.0,8.916050436020477,0.0,donor,exact_warm_prefix_required,107
8,8392535,1054725,list,7,8326912:65536;7834624:65536,uncalibrated_source_proxy,309.6,301.21538461538466,3096.0,2941,27107,1,M1:5658;M5:3396;M2:2758;M6:1608;M11:1494,2.5700538054943234,0.0,8.987294379519648,0.0,donor,exact_warm_prefix_required,108
15,15749490,1048369,list,7,8326912:65536;7865344:4096,uncalibrated_source_proxy,309.6,301.21538461538466,3096.0,2326,23280,1,M1:5842;M2:2968;M5:2160;M6:1560;M9:1529,2.2205921769911168,0.0,8.933135008047248,0.0,donor,exact_warm_prefix_required,109
20,20990874,1048917,list,12,13575936:65536;12591104:65536,uncalibrated_source_proxy,309.6,301.1,3096.0,2266,21090,0,M1:3519;M11:1746;M10:1632;M12:1584;M47:1180,2.0106452655453197,0.0,8.937804507035114,0.0,donor,exact_warm_prefix_required,110
12,12591020,1050582,list,8,8392704:65536;8392704:16384,uncalibrated_source_proxy,309.6,300.9636363636364,3096.0,2185,21127,1,M1:3841;M10:2094;M7:1606;M11:1242;M5:1182,2.0109805802878786,0.0,8.951991944653356,0.0,donor,exact_warm_prefix_required,111
456,478103262,1048852,list,421,441876224:65536,uncalibrated_source_proxy,309.6,300.6,3096.0,3572,37291,1,M1:5727;M86:3640;M7:3300;M2:2884;M18:2840,3.5554110589482595,0.0,8.937250643104072,0.0,donor,exact_warm_prefix_required,112
484,507459891,1047773,list,422,442438656:65536,uncalibrated_source_proxy,309.6,300.35,3096.0,4691,51190,1,M1:9223;M7:7942;M112:4690;M100:4060;M128:3980,4.885600220658483,0.0,8.928056501848767,0.0,donor+scr2_oracle,exact_warm_prefix_required,113
457,479152114,1046738,list,422,442438656:65536,uncalibrated_source_proxy,309.6,300.35,3096.0,3152,34189,1,M1:5658;M7:4290;M86:3887;M17:2496;M18:2488,3.266242364373893,0.0,8.91923728386986,0.0,donor,exact_warm_prefix_required,114
423,443490137,1051358,list,422,442438656:65536,uncalibrated_source_proxy,309.6,300.35,3096.0,2546,22341,1,M1:2829;M11:2244;M7:1430;M38:1374;M5:1362,2.124965996358995,0.0,8.958604227891648,0.0,donor,exact_warm_prefix_required,115
399,418303849,1047728,url,398,417771520:16384;417777664:4096,uncalibrated_source_proxy,309.6,300.35,3096.0,2528,20048,1,M5:3048;M11:2898;M10:2526;M3:1518;M1:1449,1.9134737260052228,0.0,2.8253523014909883,0.0,donor,exact_warm_prefix_required,116
324,339763454,1045033,mixed,322,338187264:16384,uncalibrated_source_proxy,307.31509792355587,299.45795506641304,3073.150979235558,2665,23353,0,M2:2898;M1:2806;M3:2684;M26:2664;M22:2412,2.2346662736966203,0.0,0.0,0.0,donor,exact_warm_prefix_required,117
501,525271199,1046106,url,426,447624704:65536,uncalibrated_source_proxy,309.6,299.0,3096.0,3724,36498,1,M12:4884;M11:4062;M1:3703;M14:2783;M3:2596,3.488938979415088,0.0,2.820978340469599,0.0,donor,exact_warm_prefix_required,118
481,504314359,1048508,url,426,447673856:16384,uncalibrated_source_proxy,309.6,299.0,3096.0,3617,34737,0,M3:3652;M7:3146;M10:2808;M1:2806;M17:2152,3.312993320031893,0.0,2.827455685952569,0.0,donor,exact_warm_prefix_required,119
502,526317305,1047880,url,426,447624704:65536,uncalibrated_source_proxy,309.6,299.0,3096.0,3534,33426,0,M11:5016;M3:3894;M12:3674;M5:2364;M62:2180,3.1898690689773637,0.0,2.825762191796322,0.0,donor,exact_warm_prefix_required,120
272,285202995,1046489,list,2,2097920:16384,uncalibrated_source_proxy,306.16625241467597,298.99644109392125,3061.6625241467596,2157,20864,0,M1:3703;M2:1862;M3:1628;M6:1338;M10:1152,1.9937142196430158,0.0,8.91711555896479,0.0,donor,exact_warm_prefix_required,121
97,101762496,1047087,mixed,95,100699136:16384;100649984:65536,uncalibrated_source_proxy,306.16625241467597,298.72722802443207,3061.6625241467596,4197,45867,0,M3:7810;M1:7084;M2:6664;M9:4312;M6:3978,4.3804383016883985,0.0,0.0,0.0,donor+scr2_oracle,exact_warm_prefix_required,122
5,5243475,1048325,mixed,4,5177856:65536;4195584:256,uncalibrated_source_proxy,309.6,298.1,3096.0,12960,93075,1,M35:60258;M1:8142;M2:6986;M9:4169;M3:3630,8.878448954284215,0.0,0.0,0.0,donor+scr2_oracle,exact_warm_prefix_required,123
37,38839404,1047692,mixed,4,5177856:65536;4195584:256,uncalibrated_source_proxy,309.6,298.1,3096.0,2169,21440,1,M1:5888;M2:3528;M11:1920;M9:1672;M6:1608,2.046402950485448,0.0,0.0,0.0,donor,exact_warm_prefix_required,124
505,529462376,1048479,mixed,503,527881216:16384,uncalibrated_source_proxy,309.6,296.6,3096.0,22083,313890,0,M3:56342;M2:52822;M19:37401;M41:30324;M31:27530,29.937652542397128,0.0,0.0,0.0,donor+scr2_oracle,exact_warm_prefix_required,125
516,540869020,1239141,list,515,539848960:4096;539848960:16384,uncalibrated_source_proxy,309.6,296.6,3096.0,4527,45376,0,M42:44210;M3:308;M2:266;M1:115;M6:114,3.661891584573507,0.0,10.558700082706258,0.0,donor,exact_warm_prefix_required,126
267,279950692,1054372,list,266,278900736:65536;278900736:16384,uncalibrated_source_proxy,309.6,296.6,3096.0,938,9763,1,M1:2806;M2:1400;M10:1104;M15:1062;M6:732,0.9259540276107484,0.0,8.98428647232491,0.0,donor,exact_warm_prefix_required,127
268,281005064,1051686,list,266,278900736:65536;278900736:16384,uncalibrated_source_proxy,309.6,296.6,3096.0,907,9407,1,M1:2599;M2:1316;M10:1290;M15:837;M16:760,0.8944685010544973,0.0,8.961399110497524,0.0,donor,exact_warm_prefix_required,128
22,23094528,1044683,list,12,12591104:65536,uncalibrated_source_proxy,303.8555306875486,295.3555306875486,3038.5553068754857,2325,22031,0,M1:3841;M7:1738;M10:1200;M11:1104;M3:1100,2.1088693890874075,0.0,8.901726662665363,0.0,donor,exact_warm_prefix_required,129
14,14699215,1050275,list,7,8326912:65536,uncalibrated_source_proxy,302.6935549946416,294.30893961002624,3026.935549946416,1981,18841,1,M1:4117;M10:1824;M2:1442;M5:1284;M11:1218,1.793911118516579,0.0,8.949376002702126,0.0,donor,exact_warm_prefix_required,130
518,543008316,991756,list,517,542942720:65536,uncalibrated_source_proxy,309.6,293.6,3096.0,116,963,1,M3:176;M5:150;M10:150;M2:140;M36:102,0.09710049649308902,0.0,8.45073656607636,0.0,donor,exact_warm_prefix_required,131
10,10494038,1049016,list,7,8326912:65536;7865344:4096,uncalibrated_source_proxy,301.5271015036235,293.14248611900814,3015.271015036235,2867,29602,1,M1:5221;M7:3014;M3:2728;M2:2128;M11:1806,2.821882602362595,0.0,8.93864808440701,0.0,donor,exact_warm_prefix_required,132
260,272612496,1050255,list,259,272546816:65536,uncalibrated_source_proxy,301.5271015036235,292.7271015036235,3015.271015036235,1930,16331,1,M1:2829;M2:1428;M26:1380;M22:1164;M6:876,1.5549557012344621,0.0,8.949205583031036,0.0,donor,exact_warm_prefix_required,133
40,41986401,1048172,mixed,4,5177856:65536;4195584:256,uncalibrated_source_proxy,301.5271015036235,290.0271015036235,3015.271015036235,2811,29180,1,M1:7567;M2:4634;M6:2352;M9:2332;M4:1740,2.7838942463641465,0.0,0.0,0.0,donor,exact_warm_prefix_required,134
38,39887096,1050095,list,3,3638272:65536;4129792:65536,uncalibrated_source_proxy,293.23203420218766,285.9551111252646,2932.3203420218765,2401,25700,1,M1:4968;M2:4900;M3:3432;M9:2827;M6:2232,2.4473976164061346,0.0,8.947842225662315,0.0,donor,exact_warm_prefix_required,135
347,363867419,1046794,mixed,346,363335424:16384,uncalibrated_source_proxy,309.6,284.6,3096.0,3673,28157,1,M35:6870;M40:3690;M1:3266;M2:2002;M36:1794,2.6898320013297745,0.0,0.0,0.0,donor,exact_warm_prefix_required,136
415,435076128,1045922,list,414,434549504:4096,uncalibrated_source_proxy,309.6,284.6,3096.0,1708,14568,1,M1:2162;M2:1246;M28:1160;M3:990;M11:948,1.3928380892647827,0.0,8.912284161289389,0.0,donor,exact_warm_prefix_required,137
41,43034573,1047746,mixed,40,42508288:4096;42968832:65536,uncalibrated_source_proxy,285.93050574859456,278.8427008705458,2859.3050574859453,3049,32048,1,M1:4899;M3:4708;M2:3640;M7:3410;M6:2514,3.058756607040256,0.0,0.0,0.0,donor,exact_warm_prefix_required,138
23,24139211,1054234,list,15,16732160:65536;16781312:16384,uncalibrated_source_proxy,285.93050574859456,278.5305057485946,2859.3050574859453,2344,21681,1,M1:3657;M5:1854;M10:1398;M2:1274;M11:1206,2.0565642921780176,0.0,8.98311057659439,0.0,donor,exact_warm_prefix_required,139
515,539848779,1020241,list,514,539783168:65536,uncalibrated_source_proxy,284.69537899925496,268.69537899925496,2846.9537899925494,178,1719,1,M3:374;M2:350;M1:161;M6:150;M5:114,0.16848960196659415,0.0,8.693456782626283,0.0,donor,exact_warm_prefix_required,140
388,406790108,1048822,mixed,387,406724352:65536,uncalibrated_source_proxy,273.3281931606591,265.5455844650069,2733.281931606591,2809,29120,1,M1:4002;M3:3652;M12:2684;M11:2346;M7:2178,2.776448243839279,0.0,0.0,0.0,donor,exact_warm_prefix_required,141
271,284155763,1047232,list,2,2097920:16384,uncalibrated_source_proxy,272.03585403831045,264.86604271755573,2720.3585403831044,1595,16003,1,M1:3634;M2:1876;M6:1176;M3:836;M5:822,1.5281236631424555,0.0,8.923446649745783,0.0,donor,exact_warm_prefix_required,142
96,100715632,1046864,mixed,95,100649984:65536;100183040:16384,uncalibrated_source_proxy,269.43258023876336,261.99355584851946,2694.3258023876333,2994,29893,0,M1:4324;M3:3982;M2:3080;M10:2934;M7:2376,2.855480750126091,0.0,0.0,0.0,donor,exact_warm_prefix_required,143
54,56673889,1049159,mixed,53,56115712:65536;55623168:256,uncalibrated_source_proxy,266.8039068414898,259.46428419998034,2668.039068414898,2362,23966,1,M1:5428;M2:2478;M6:1776;M10:1566;M7:1562,2.284305810654057,0.0,0.0,0.0,donor,exact_warm_prefix_required,144
42,44082319,1047797,list,38,40920576:16384,uncalibrated_source_proxy,265.47980980060373,257.42098627119196,2654.798098006037,2102,22487,1,M1:6854;M2:4158;M9:2420;M6:1914;M4:1338,2.1461218155806896,0.0,8.928261005454075,0.0,donor,exact_warm_prefix_required,145
53,55623067,1050822,mixed,52,55098368:1024;55621888:1024,uncalibrated_source_proxy,260.1160284090431,251.91602840904312,2601.160284090431,1888,17980,1,M1:3059;M2:2002;M10:1788;M3:1430;M5:1398,1.7110414513590313,0.0,0.0,0.0,donor,exact_warm_prefix_required,146
11,11543054,1047966,list,8,8392704:16384,uncalibrated_source_proxy,258.75771088254834,250.1213472461847,2587.5771088254833,2496,23428,1,M1:3933;M10:2688;M7:1848;M11:1392;M3:1364,2.235568711198646,0.0,8.929701051674785,0.0,donor,exact_warm_prefix_required,147
325,340808487,1068324,mixed,322,338187264:16384,uncalibrated_source_proxy,257.392225304221,249.5350824470781,2573.9222530422094,2009,19612,1,M1:3887;M2:2548;M9:1573;M3:1408;M6:1368,1.835772668216758,0.0,0.0,0.0,donor,exact_warm_prefix_required,148
21,22039791,1054737,list,15,16732160:65536;16271616:4096,uncalibrated_source_proxy,254.63928812896006,247.23928812896006,2546.3928812896006,1725,16016,1,M1:2231;M5:1572;M2:1568;M3:1518;M10:1302,1.5184828066143503,0.0,8.987396631322303,0.0,donor,exact_warm_prefix_required,149
179,187670326,1039704,list,174,182438400:65536,uncalibrated_source_proxy,253.2515977535105,245.30422933245788,2532.515977535105,3081,31827,0,M3:5478;M2:4186;M1:3887;M36:2652;M6:2304,3.0611597146880265,0.0,8.85930068554751,0.0,donor,exact_warm_prefix_required,150
152,159408987,1048203,list,150,157314048:65536,uncalibrated_source_proxy,250.45315166008714,241.65315166008713,2504.5315166008713,3443,31930,1,M1:5589;M37:4236;M12:2926;M47:2070;M15:1773,3.0461656759234614,0.0,8.931720524777202,0.0,donor,exact_warm_prefix_required,151
24,25193445,1048781,list,23,24139264:256;24139264:1024,uncalibrated_source_proxy,249.04213676073564,239.04213676073564,2490.4213676073564,2637,25878,1,M1:4830;M7:2354;M11:2130;M6:1626;M2:1610,2.4674360042754397,0.0,8.936645653271702,0.0,donor,exact_warm_prefix_required,152
66,69260290,1048631,mixed,65,68727552:16384,uncalibrated_source_proxy,262.81160328937045,237.81160328937045,2628.1160328937044,3221,27983,0,M1:4968;M28:2748;M10:2040;M4:1794;M2:1750,2.6685268697949995,0.0,0.0,0.0,donor,exact_warm_prefix_required,153
98,102809583,1052458,mixed,97,101762560:16384;101762560:65536,uncalibrated_source_proxy,246.195847434756,237.695847434756,2461.95847434756,3159,31054,1,M1:5290;M3:2816;M2:2716;M10:2694;M7:2552,2.950616556670195,0.0,0.0,0.0,donor,exact_warm_prefix_required,154
362,379542164,1044910,mixed,361,378494464:16384,uncalibrated_source_proxy,244.76029089703258,236.76029089703258,2447.6029089703256,2135,21352,1,M1:5083;M7:1870;M11:1506;M9:1474;M6:1398,2.043429577666976,0.0,0.0,0.0,donor,exact_warm_prefix_required,155
352,369102383,1039028,mixed,347,363867648:4096,uncalibrated_source_proxy,238.93182882054336,231.2651621538767,2389.3182882054334,2201,21294,1,M1:4462;M2:2268;M6:1476;M10:1386;M9:1210,2.049415415176492,0.0,0.0,0.0,donor,exact_warm_prefix_required,156
269,282056750,1050551,list,266,278900736:16384;279417344:16384,uncalibrated_source_proxy,243.31626477874917,230.31626477874917,2433.1626477874916,949,8234,1,M5:2652;M1:1771;M2:1092;M6:492;M16:390,0.7837791787357301,0.0,8.951727794163167,0.0,donor,exact_warm_prefix_required,157
16,16797859,1046789,list,15,16271616:4096;15749632:4096,uncalibrated_source_proxy,235.963616337973,228.563616337973,2359.63616337973,1549,15130,1,M1:3174;M2:1162;M7:1144;M10:1068;M5:1050,1.4453724676128619,0.0,8.91967185403114,0.0,donor,exact_warm_prefix_required,158
45,47228198,1048609,url,44,46669568:65536;46694144:16384,uncalibrated_source_proxy,229.9122594791838,222.63533640226072,2299.122594791838,2882,29451,1,M1:6693;M2:2688;M10:2496;M6:2130;M7:2090,2.80857783978585,0.0,2.8277280472738764,0.0,donor,exact_warm_prefix_required,159
44,46176335,1051863,url,39,40937216:16384,uncalibrated_source_proxy,229.9122594791838,222.63533640226072,2299.122594791838,2494,24899,1,M1:6164;M2:3346;M10:2088;M6:1800;M11:1566,2.3671333624245743,0.0,2.8365029357841114,0.0,donor,exact_warm_prefix_required,160
62,65063939,1049331,mixed,61,65047552:16384,uncalibrated_source_proxy,228.37436757374036,220.73151043088322,2283.7436757374035,3185,25212,1,M1:4876;M28:3212;M2:2520;M10:1662;M11:1554,2.4026737035311068,0.0,0.0,0.0,donor,exact_warm_prefix_required,161
55,57723048,1049196,mixed,52,55096832:4096;55098368:1024,uncalibrated_source_proxy,228.37436757374036,220.17436757374037,2283.7436757374035,2497,24796,1,M1:5543;M2:2716;M7:1914;M6:1776;M10:1776,2.363333447706625,0.0,0.0,0.0,donor,exact_warm_prefix_required,162
519,544000072,1046560,list,517,542108416:4096,uncalibrated_source_proxy,232.95758765719313,216.95758765719313,2329.575876571931,1989,21302,0,M42:8370;M3:3762;M2:2800;M6:1314;M1:1104,2.035430362329919,0.0,8.91772054879716,0.0,donor,exact_warm_prefix_required,163
276,289408531,1048397,mixed,275,288355584:16384,uncalibrated_source_proxy,240.40219241439345,215.40219241439345,2404.0219241439345,3357,31014,0,M3:3784;M1:3105;M7:2508;M9:1815;M22:1776,2.9582305176378796,0.0,0.0,0.0,donor,exact_warm_prefix_required,164
127,133196198,1048059,mixed,126,132636928:65536,uncalibrated_source_proxy,222.1163447120344,212.5449161406058,2221.163447120344,1587,15869,1,M1:3772;M2:1638;M6:1038;M9:946;M40:852,1.5141323150700485,0.0,0.0,0.0,donor,exact_warm_prefix_required,165
78,81846058,1049627,mixed,77,81780480:65536,uncalibrated_source_proxy,217.30458970275424,209.24576617334247,2173.045897027542,2790,28977,1,M1:8119;M2:4326;M6:2310;M9:2079;M10:1740,2.7606949897439756,0.0,0.0,0.0,donor,exact_warm_prefix_required,166
248,260009461,1049560,mixed,247,259476736:16384,uncalibrated_source_proxy,215.67681704755543,208.0961718862651,2156.768170475554,2378,25926,1,M1:7222;M7:3586;M6:1998;M9:1925;M12:1430,2.470177979343725,0.0,0.0,0.0,donor,exact_warm_prefix_required,167
52,54574659,1048408,mixed,50,53000448:4096,uncalibrated_source_proxy,214.03666535817425,206.6970427166648,2140.3666535817424,2564,25668,1,M1:6302;M2:2618;M6:1854;M10:1782;M7:1628,2.4482834926860537,0.0,0.0,0.0,donor,exact_warm_prefix_required,168
218,228534656,1049802,prose,217,228518144:16384,uncalibrated_source_proxy,214.03666535817425,205.97784182876248,2140.3666535817424,2043,22690,1,M3:3696;M7:3586;M1:2967;M6:1776;M9:1683,2.1613599516861273,0.0,5.947073136707884,0.0,donor,exact_warm_prefix_required,169
412,431934927,1041992,list,411,431400704:16384,uncalibrated_source_proxy,229.9122594791838,204.9122594791838,2299.122594791838,1911,14782,1,M26:2250;M1:2185;M11:1974;M2:1246;M22:1110,1.418628933811392,0.0,8.878796695920204,0.0,donor,exact_warm_prefix_required,170
59,61910108,1051779,mixed,53,56115712:65536,uncalibrated_source_proxy,210.7180664523376,203.37844381082817,2107.180664523376,2894,29606,1,M1:7130;M2:2786;M7:2288;M6:2208;M11:1770,2.8148498876665156,0.0,0.0,0.0,donor,exact_warm_prefix_required,171
161,168838837,1043875,list,159,166741248:4096,uncalibrated_source_proxy,207.34635984549251,199.80090530003798,2073.463598454925,1979,20455,1,M1:4278;M24:2068;M11:1176;M6:1140;M15:1134,1.9595258052927793,0.0,8.894841707953328,0.0,donor,exact_warm_prefix_required,172
160,167792650,1046187,list,159,166741248:4096;166741248:16384,uncalibrated_source_proxy,207.34635984549251,199.80090530003798,2073.463598454925,1635,16693,1,M1:3404;M24:1826;M10:996;M15:954;M5:840,1.5956038452016705,0.0,8.914542221931331,0.0,donor,exact_warm_prefix_required,173
311,326131634,1050057,prose,217,228518144:16384,uncalibrated_source_proxy,207.34635984549251,199.28753631608075,2073.463598454925,1968,20895,1,M1:4324;M7:2574;M3:1672;M9:1573;M6:1566,1.9898919772926613,0.0,5.948517698301271,0.0,donor,exact_warm_prefix_required,174
360,377443478,1050959,mixed,246,258894848:65536,uncalibrated_source_proxy,203.91891121948743,196.67233587702168,2039.189112194874,3962,41970,1,M1:8947;M2:7140;M3:5104;M6:3708;M9:2541,3.9934954646185057,0.0,0.0,0.0,donor+scr2_oracle,exact_warm_prefix_required,175
309,324039683,1045659,prose,217,228518144:16384,uncalibrated_source_proxy,200.43286099017268,192.37403746076092,2004.3286099017266,1683,19149,1,M1:5083;M12:2112;M7:2046;M6:1530;M9:1463,1.8312853425447493,0.0,5.923603259525919,0.0,donor,exact_warm_prefix_required,176
56,58772244,1044753,url,44,46669568:65536;46694144:16384,uncalibrated_source_proxy,198.66689827595394,191.38997519903086,1986.6689827595394,2489,23080,1,M1:5037;M2:2492;M5:2424;M10:1848;M6:1506,2.2091345992784897,0.0,2.81732977742278,0.0,donor,exact_warm_prefix_required,177
350,367008266,1045634,mixed,347,363867648:4096,uncalibrated_source_proxy,198.66689827595394,191.00023160928728,1986.6689827595394,2200,20982,1,M1:4347;M2:2142;M11:1842;M6:1398;M5:1236,2.006629470732589,0.0,0.0,0.0,donor,exact_warm_prefix_required,178
348,364914213,1049699,mixed,347,363867648:4096,uncalibrated_source_proxy,196.88509637976816,189.2184297131015,1968.8509637976815,2073,19770,1,M1:4002;M11:2022;M2:1946;M6:1320;M10:1092,1.8833970500114794,0.0,0.0,0.0,donor,exact_warm_prefix_required,179
13,13641602,1057613,list,7,7859200:16384;7865344:4096,uncalibrated_source_proxy,193.27221887336862,184.88760348875323,1932.722188733686,2003,19727,1,M1:3726;M7:1716;M10:1308;M11:1158;M5:1128,1.8652380407578197,0.0,9.011902980025043,0.0,donor,exact_warm_prefix_required,180
247,258960628,1048833,mixed,246,257912832:16384,uncalibrated_source_proxy,191.44021336730077,184.19363802483502,1914.4021336730077,2520,27793,1,M1:7337;M7:4224;M9:2299;M6:2088;M2:1484,2.649897552803926,0.0,0.0,0.0,donor,exact_warm_prefix_required,181
266,278900538,1050154,list,1,1048320:65536;1540096:65536,uncalibrated_source_proxy,189.59050609141798,182.36828386919575,1895.9050609141798,1058,10895,1,M1:3013;M2:1708;M10:1224;M15:1116;M6:828,1.037466885809129,0.0,8.948344963692032,0.0,donor,exact_warm_prefix_required,182
174,182438310,1048420,list,166,175045632:65536,uncalibrated_source_proxy,189.59050609141798,182.1719014402552,1895.9050609141798,3978,42335,1,M3:6556;M1:5106;M7:4994;M2:3402;M37:3366,4.037980961828275,0.0,8.933569578208528,0.0,donor+scr2_oracle,exact_warm_prefix_required,183
155,162553906,1047278,list,138,144744704:65536,uncalibrated_source_proxy,187.72257377812173,179.59757377812173,1877.2257377812173,2624,30412,1,M1:4692;M3:4092;M7:3652;M24:2596;M6:1896,2.9039089907359843,0.0,8.92383861498929,0.0,donor,exact_warm_prefix_required,184
49,51429545,1048619,url,44,46669568:65536;46694144:16384,uncalibrated_source_proxy,185.83586686042258,178.5589437834995,1858.3586686042258,2488,22711,1,M1:4669;M10:2694;M2:2590;M5:1794;M6:1398,2.1658009248354264,0.0,2.8277550137413323,0.0,donor,exact_warm_prefix_required,185
153,160457190,1049443,list,150,157314048:65536,uncalibrated_source_proxy,183.92980758334704,175.12980758334703,1839.2980758334702,3278,30013,1,M37:6000;M1:4876;M12:2354;M7:1826;M6:1518,2.8598980602090824,0.0,8.942286544384782,0.0,donor,exact_warm_prefix_required,186
371,388958357,1054637,list,115,121671680:4096,uncalibrated_source_proxy,182.00378793731028,174.7992424827648,1820.0378793731027,2255,24923,1,M1:6900;M2:2646;M9:2057;M6:1938;M12:1408,2.3631827823222586,0.0,8.986544532966853,0.0,donor,exact_warm_prefix_required,187
91,95475522,1047783,mixed,90,94918912:65536;94428160:65536,uncalibrated_source_proxy,182.00378793731028,174.48950222302457,1820.0378793731027,2205,23064,1,M1:5451;M2:3248;M6:1818;M3:1540;M10:1434,2.201219145567355,0.0,0.0,0.0,donor,exact_warm_prefix_required,188
163,170930787,1044859,list,155,163535616:65536,uncalibrated_source_proxy,182.00378793731028,174.00378793731028,1820.0378793731027,2520,26159,1,M1:4646;M7:2904;M3:2442;M2:1792;M6:1734,2.5035913936712992,0.0,8.903226355770956,0.0,donor,exact_warm_prefix_required,189
60,62961887,1052056,url,44,46669568:65536;46694144:16384,uncalibrated_source_proxy,180.0571673925028,172.78024431557972,1800.5716739250279,2848,28246,1,M1:6647;M2:2436;M7:2222;M5:2058;M6:1944,2.684838069456379,0.0,2.837023388606015,0.0,donor,exact_warm_prefix_required,190
319,334529865,1047954,mixed,248,260525824:16384,uncalibrated_source_proxy,180.0571673925028,172.57068090601632,1800.5716739250279,2073,21887,1,M1:5842;M7:1958;M6:1584;M2:1484;M9:1397,2.0885458712882436,0.0,0.0,0.0,donor,exact_warm_prefix_required,191
172,180343252,1042821,list,155,163535616:65536,uncalibrated_source_proxy,178.0892704103594,170.0892704103594,1780.892704103594,2637,25540,1,M1:4278;M7:2662;M37:1902;M11:1740;M3:1738,2.4491259765578177,0.0,8.885860591286885,0.0,donor,exact_warm_prefix_required,192
18,18895671,1047724,list,15,16271616:4096;16797440:256,uncalibrated_source_proxy,176.0993837047037,168.6993837047037,1760.993837047037,2491,23127,0,M1:3496;M7:2222;M10:1692;M11:1656;M3:1364,2.207356135776216,0.0,8.927638973654597,0.0,donor,exact_warm_prefix_required,193
27,28339390,1043373,list,26,27812352:4096;27813888:1024,uncalibrated_source_proxy,176.0993837047037,168.5993837047037,1760.993837047037,2155,22601,1,M1:4048;M7:3036;M3:2024;M6:1572;M53:1434,2.1661476768135652,0.0,8.890564174208968,0.0,donor,exact_warm_prefix_required,194
162,169882712,1048075,list,159,166741248:4096;166741248:16384,uncalibrated_source_proxy,176.0993837047037,168.55392915924918,1760.993837047037,2175,21953,0,M1:3910;M7:1958;M10:1578;M3:1474;M11:1338,2.094602008444052,0.0,8.930629838882226,0.0,donor,exact_warm_prefix_required,195
165,173025176,1048648,list,155,163535616:65536,uncalibrated_source_proxy,176.0993837047037,168.0993837047037,1760.993837047037,1843,19794,1,M1:3726;M7:2398;M3:1628;M9:1111;M5:1110,1.8875733325195871,0.0,8.935512362458955,0.0,donor,exact_warm_prefix_required,196
517,542108161,900155,list,515,539848960:4096,uncalibrated_source_proxy,180.0571673925028,167.0571673925028,1800.5716739250279,2772,27793,0,M42:25670;M1:414;M2:350;M3:242;M5:240,3.087579361332215,0.0,7.670205951500637,0.0,donor,exact_warm_prefix_required,197
246,257912791,1047837,mixed,40,42508288:4096,uncalibrated_source_proxy,174.08675322108468,166.9989483430359,1740.8675322108465,3536,42081,1,M1:12903;M2:8092;M6:4272;M3:3322;M9:3135,4.015987219386221,0.0,0.0,0.0,donor+scr2_oracle,exact_warm_prefix_required,198
47,49326598,1048518,mixed,40,42968832:65536;43017984:16384,uncalibrated_source_proxy,174.08675322108468,166.9989483430359,1740.8675322108465,3295,34540,1,M1:7567;M7:2926;M2:2562;M6:2538;M12:2398,3.2941732998384388,0.0,0.0,0.0,donor,exact_warm_prefix_required,199
387,405741416,1048692,mixed,246,258894848:65536,uncalibrated_source_proxy,174.08675322108468,166.84017787861893,1740.8675322108465,3839,41374,1,M1:6762;M3:5456;M2:3822;M7:3476;M6:3168,3.9452956635504037,0.0,0.0,0.0,donor+scr2_oracle,exact_warm_prefix_required,200
113,118538560,1041394,url,112,118522112:16384;118534400:4096,uncalibrated_source_proxy,174.08675322108468,165.58675322108468,1740.8675322108465,3664,33382,0,M1:5037;M10:4290;M5:3594;M11:2310;M7:2200,3.2055110745788817,0.0,2.8082717410042553,0.0,donor,exact_warm_prefix_required,201
70,73462010,1043106,mixed,63,66113280:65536;66113280:4096,uncalibrated_source_proxy,172.05058079803504,164.74549605227233,1720.5058079803503,2926,29659,1,M1:6992;M2:3122;M7:2244;M6:2190;M9:1672,2.8433351931634943,0.0,0.0,0.0,donor,exact_warm_prefix_required,202
166,174073824,1037472,list,26,27812352:4096,uncalibrated_source_proxy,172.05058079803504,164.55058079803504,1720.5058079803503,2609,24896,1,M1:3818;M7:2728;M37:1644;M3:1518;M12:1518,2.3996792202584745,0.0,8.840281850253866,0.0,donor,exact_warm_prefix_required,203
77,80797080,1048978,mixed,40,42508288:4096;42968832:65536,uncalibrated_source_proxy,169.99002046833084,162.90221559028205,1699.9002046833082,2582,26567,1,M1:7337;M2:3668;M6:2052;M9:1727;M10:1524,2.532655594302264,0.0,0.0,0.0,donor,exact_warm_prefix_required,204
17,17844648,1051023,list,16,16797952:4096,uncalibrated_source_proxy,169.99002046833084,162.82020914757612,1699.9002046833082,1037,9656,0,M1:1886;M37:1332;M2:1148;M6:510;M3:506,0.918723948001138,0.0,8.955749698400892,0.0,donor,exact_warm_prefix_required,205
316,331388016,1052723,prose,217,228518144:16384,uncalibrated_source_proxy,169.99002046833084,161.93119693891907,1699.9002046833082,2180,22467,1,M1:6003;M2:2030;M12:1738;M6:1608;M9:1595,2.1341796464977016,0.0,5.963620448136442,0.0,donor,exact_warm_prefix_required,206
173,181386073,1052237,list,171,179786752:65536,uncalibrated_source_proxy,169.99002046833084,161.60540508371545,1699.9002046833082,3205,28502,1,M1:3841;M37:2838;M7:2288;M3:2046;M12:1584,2.7087053582035225,0.0,8.966094172436053,0.0,donor,exact_warm_prefix_required,207
51,53526828,1047831,url,44,46669568:65536;46694144:16384,uncalibrated_source_proxy,167.90417435163988,160.6272512747168,1679.0417435163988,2768,24382,1,M5:4434;M1:4301;M10:2346;M11:1620;M2:1554,2.326901952700388,0.0,2.825630056105787,0.0,donor,exact_warm_prefix_required,208
123,129000537,1042937,mixed,122,127956224:65536,uncalibrated_source_proxy,169.99002046833084,160.41859189690226,1699.9002046833082,1776,15742,1,M1:2461;M10:2064;M11:1878;M5:1242;M24:1188,1.5093912671618708,0.0,0.0,0.0,donor,exact_warm_prefix_required,209
154,161506633,1047273,list,27,28852736:16384,uncalibrated_source_proxy,167.90417435163988,160.28348469646747,1679.0417435163988,3199,29990,1,M1:4922;M37:4380;M12:3146;M7:2068;M6:1608,2.863627726485835,0.0,8.923796010071518,0.0,donor,exact_warm_prefix_required,210
151,158360441,1048546,list,148,156259072:4096,uncalibrated_source_proxy,167.90417435163988,160.2118666593322,1679.0417435163988,2985,28489,0,M1:4807;M12:2090;M53:1836;M11:1644;M37:1614,2.7170004940174297,0.0,8.934643222136396,0.0,donor,exact_warm_prefix_required,211
308,322997753,1041930,prose,218,229057536:4096;228534784:65536,uncalibrated_source_proxy,167.90417435163988,159.90417435163988,1679.0417435163988,1997,20205,1,M1:3496;M7:1804;M3:1738;M6:1386;M9:1155,1.9391897728254297,0.0,5.902478670577923,0.0,donor,exact_warm_prefix_required,212
26,27289725,1049665,list,12,12591104:256;12591104:1024,uncalibrated_source_proxy,167.90417435163988,159.40417435163988,1679.0417435163988,3040,32129,0,M1:5980;M7:4290;M3:2420;M6:2184;M9:2013,3.0608813288049044,0.0,8.94417820273388,0.0,donor,exact_warm_prefix_required,213
244,255816879,1047041,mixed,40,42968832:65536,uncalibrated_source_proxy,165.79208808199576,158.70428320394697,1657.9208808199573,2957,32251,1,M1:8947;M2:4592;M6:2784;M9:2365;M7:2046,3.080204118081336,0.0,0.0,0.0,donor,exact_warm_prefix_required,214
208,218063298,1047259,mixed,40,42508288:4096,uncalibrated_source_proxy,165.79208808199576,158.70428320394697,1657.9208808199573,2781,26873,0,M1:4278;M3:2376;M7:2134;M2:2128;M11:1992,2.566031898508392,0.0,0.0,0.0,donor,exact_warm_prefix_required,215
249,261059021,1055955,mixed,245,257355520:65536,uncalibrated_source_proxy,165.79208808199576,158.19208808199576,1657.9208808199573,2228,21506,1,M1:4462;M22:3564;M2:2268;M6:1440;M7:1386,2.036639818931678,0.0,0.0,0.0,donor,exact_warm_prefix_required,216
401,420399589,1048979,mixed,246,257912832:4096,uncalibrated_source_proxy,163.6527457040382,156.40617036157246,1636.527457040382,4269,46643,1,M1:11569;M24:5918;M14:3619;M11:3492;M9:3256,4.4465141818854335,0.0,0.0,0.0,donor+scr2_oracle,exact_warm_prefix_required,217
191,200245613,1048239,url,44,46669568:65536;46694144:16384,uncalibrated_source_proxy,163.6527457040382,156.37582262711513,1636.527457040382,2554,23218,1,M1:4301;M10:2694;M2:2394;M5:2310;M11:1632,2.2149528876525295,0.0,2.8267302879779983,0.0,donor,exact_warm_prefix_required,218
48,50375116,1054429,url,44,46669568:65536;46694144:16384,uncalibrated_source_proxy,163.6527457040382,156.37582262711513,1636.527457040382,2507,23037,1,M1:3565;M10:2496;M5:2292;M11:1920;M7:1650,2.1847843714465363,0.0,2.8434225313333625,0.0,donor,exact_warm_prefix_required,219
65,68210996,1049294,mixed,64,67162368:16384;67162368:65536,uncalibrated_source_proxy,163.6527457040382,156.16625921755173,1636.527457040382,2101,21270,1,M1:5037;M11:1458;M2:1456;M6:1410;M24:1342,2.0270772538487782,0.0,0.0,0.0,donor,exact_warm_prefix_required,220
313,328229354,1063245,prose,218,228534784:65536;229057536:4096,uncalibrated_source_proxy,163.6527457040382,155.6527457040382,1636.527457040382,2021,21925,1,M1:4807;M7:2684;M3:1826;M6:1734;M2:1512,2.062083527314965,0.0,6.023227024942774,0.0,donor,exact_warm_prefix_required,221
320,335577819,1043567,mixed,246,257912832:16384,uncalibrated_source_proxy,161.485063960581,154.23848861811524,1614.8506396058099,2440,25174,1,M1:6463;M7:2508;M6:1812;M12:1518;M9:1452,2.4123031870498015,0.0,0.0,0.0,donor,exact_warm_prefix_required,222
80,83944520,1045011,mixed,78,81846272:65536;82362624:16384,uncalibrated_source_proxy,161.485063960581,153.985063960581,1614.8506396058099,2369,23398,1,M1:5175;M10:2040;M2:1834;M7:1628;M6:1584,2.239019493574709,0.0,0.0,0.0,donor,exact_warm_prefix_required,223
326,341876811,1050510,mixed,322,338187264:16384,uncalibrated_source_proxy,161.485063960581,153.62792110343813,1614.8506396058099,2300,21472,1,M1:3979;M2:1834;M9:1353;M6:1308;M11:1188,2.0439596005749587,0.0,0.0,0.0,donor,exact_warm_prefix_required,224
245,256863920,1048871,mixed,40,42508288:4096,uncalibrated_source_proxy,159.28788588036224,152.20008100231345,1592.8788588036223,3846,42110,1,M1:11776;M2:7700;M6:3924;M3:3146;M9:3102,4.014793048906872,0.0,0.0,0.0,donor+scr2_oracle,exact_warm_prefix_required,225
50,52478164,1048664,mixed,40,42508288:4096;42968832:65536,uncalibrated_source_proxy,159.28788588036224,152.20008100231345,1592.8788588036223,2426,26184,0,M1:6394;M2:2380;M6:1986;M10:1434;M9:1386,2.4968912826224607,0.0,0.0,0.0,donor,exact_warm_prefix_required,226
35,36735523,1050153,list,2,2097920:16384,uncalibrated_source_proxy,159.28788588036224,152.11807455960752,1592.8788588036223,2008,23264,1,M1:6601;M7:2926;M2:1988;M6:1854;M9:1639,2.2152962473087254,0.0,8.948336442708476,0.0,donor,exact_warm_prefix_required,227
74,77649549,1049401,url,44,46669568:65536;46694144:16384,uncalibrated_source_proxy,159.28788588036224,152.01096280343916,1592.8788588036223,2573,24020,1,M1:4669;M5:2832;M10:2010;M7:1804;M2:1596,2.288924824733348,0.0,2.8298637914964044,0.0,donor,exact_warm_prefix_required,228
108,113303579,1052130,url,99,104893952:16384;104353536:65536,uncalibrated_source_proxy,159.28788588036224,151.75847411565636,1592.8788588036223,3340,30742,1,M1:5681;M10:2808;M11:2580;M2:2436;M5:2130,2.9218822769049453,0.0,2.8372229404651907,0.0,donor,exact_warm_prefix_required,229
28,29382763,1047972,list,27,28852736:16384;28858880:4096,uncalibrated_source_proxy,159.28788588036224,151.66719622518983,1592.8788588036223,1743,17441,0,M1:3013;M7:1848;M3:1562;M2:1330;M6:1200,1.6642620222677704,0.0,8.929752177576113,0.0,donor,exact_warm_prefix_required,230
349,365963912,1044354,mixed,347,363867648:4096,uncalibrated_source_proxy,159.28788588036224,151.62121921369558,1592.8788588036223,2176,21506,1,M1:4623;M2:1918;M11:1692;M6:1476;M12:1298,2.0592634298331793,0.0,0.0,0.0,donor,exact_warm_prefix_required,231
301,315647810,1056973,mixed,299,314534912:65536,uncalibrated_source_proxy,159.28788588036224,151.53788588036224,1592.8788588036223,2079,18980,1,M1:2461;M3:1782;M2:1344;M11:1170;M5:1146,1.7956939297408732,0.0,0.0,0.0,donor,exact_warm_prefix_required,232
361,378494437,1047727,mixed,353,371169024:16384,uncalibrated_source_proxy,159.28788588036224,151.16288588036224,1592.8788588036223,3565,33864,1,M1:6831;M7:2706;M2:2352;M9:2046;M6:2022,3.2321396699712808,0.0,0.0,0.0,donor,exact_warm_prefix_required,233
57,59816997,1047586,mixed,52,55098368:1024,uncalibrated_source_proxy,159.28788588036224,151.08788588036225,1592.8788588036223,2780,28707,1,M1:6279;M7:3080;M6:1956;M9:1936;M5:1836,2.740300080375263,0.0,0.0,0.0,donor,exact_warm_prefix_required,234
188,197095732,1052115,mixed,97,101762560:16384,uncalibrated_source_proxy,159.28788588036224,150.78788588036224,1592.8788588036223,2669,25777,1,M1:4347;M10:3078;M7:2046;M2:2002;M3:1980,2.450017346012556,0.0,0.0,0.0,donor,exact_warm_prefix_required,235
95,99667131,1048501,mixed,40,42508288:4096;42968832:65536,uncalibrated_source_proxy,157.0599735582483,149.9721686801995,1570.5997355824827,2884,29764,0,M1:6141;M2:3416;M3:2464;M6:2268;M7:2002,2.838719276376465,0.0,0.0,0.0,donor,exact_warm_prefix_required,236
82,86038265,1049376,mixed,59,62435328:1024,uncalibrated_source_proxy,157.0599735582483,149.76965097760313,1570.5997355824827,2913,26802,0,M1:5405;M2:2856;M10:2460;M11:1842;M6:1716,2.5540892873479097,0.0,0.0,0.0,donor,exact_warm_prefix_required,237
167,175111296,1052652,list,166,175045632:65536,uncalibrated_source_proxy,157.0599735582483,149.6413689070855,1570.5997355824827,2655,26498,1,M1:4485;M7:3124;M3:1804;M10:1716;M11:1602,2.5172611651333963,0.0,8.969630380611171,0.0,donor,exact_warm_prefix_required,238
33,34637194,1045396,list,26,27812352:4096;27813888:1024,uncalibrated_source_proxy,157.0599735582483,149.5599735582483,1570.5997355824827,2203,23062,0,M1:5106;M7:3058;M11:1896;M9:1540;M6:1524,2.2060539738051417,0.0,8.907802123939721,0.0,donor,exact_warm_prefix_required,239
92,96523305,1048709,mixed,90,94918912:65536;94428160:65536,uncalibrated_source_proxy,157.0599735582483,149.54568784396258,1570.5997355824827,3360,33352,1,M1:6256;M2:3108;M3:2750;M10:2394;M6:2328,3.1802911961278104,0.0,0.0,0.0,donor,exact_warm_prefix_required,240
116,121676009,1048337,mixed,93,97572096:16384,uncalibrated_source_proxy,157.0599735582483,149.4599735582483,1570.5997355824827,4049,40220,1,M1:7682;M7:4752;M10:4254;M3:2794;M6:2700,3.8365525589576635,0.0,0.0,0.0,donor+scr2_oracle,exact_warm_prefix_required,241
182,190806814,1045886,mixed,93,97572096:16384,uncalibrated_source_proxy,157.0599735582483,149.4599735582483,1570.5997355824827,3443,32383,1,M1:5198;M10:2490;M3:2310;M2:2240;M5:2196,3.096226548591338,0.0,0.0,0.0,donor,exact_warm_prefix_required,242
85,89184861,1050339,mixed,84,88136704:16384;88136704:65536,uncalibrated_source_proxy,157.0599735582483,149.43928390307588,1570.5997355824827,2110,19970,0,M1:4830;M2:3122;M6:1512;M9:1265;M28:1172,1.9012909165517038,0.0,0.0,0.0,donor,exact_warm_prefix_required,243
115,120628164,1047845,list,79,83878912:65536;83940352:4096,uncalibrated_source_proxy,157.0599735582483,149.24179174006647,1570.5997355824827,5880,74796,0,M7:19030;M1:17549;M3:9416;M6:7128;M9:4697,7.138078628041361,0.0,8.928670012664691,0.0,donor+scr2_oracle,exact_warm_prefix_required,244
357,374302992,1041099,list,174,182438400:65536,uncalibrated_source_proxy,157.0599735582483,149.11260513719566,1570.5997355824827,2452,24008,1,M1:5290;M7:2156;M6:1572;M2:1344;M15:1323,2.306024691215725,0.0,8.871187457606036,0.0,donor,exact_warm_prefix_required,245
63,66113270,1048925,mixed,52,55098368:1024,uncalibrated_source_proxy,157.0599735582483,148.8599735582483,1570.5997355824827,3348,32671,1,M1:7774;M2:3122;M7:2662;M6:2382;M28:1900,3.1147126820316036,0.0,0.0,0.0,donor,exact_warm_prefix_required,246
520,545046632,1048587,mixed,40,42508288:4096,uncalibrated_source_proxy,154.8,147.71219512195123,1548.0,10646,147460,0,M3:41096;M8:37422;M51:13266;M6:12360;M9:6655,14.062733945776554,0.0,0.0,0.0,donor+scr2_oracle,exact_warm_prefix_required,247
177,185575336,1045763,list,163,171420416:65536,uncalibrated_source_proxy,154.8,147.31351351351353,1548.0,2700,26356,1,M1:3634;M7:2970;M3:2662;M11:1794;M12:1672,2.520265107868609,0.0,8.910929324904222,0.0,donor,exact_warm_prefix_required,248
171,179295928,1047324,list,26,27812352:4096;27813888:1024,uncalibrated_source_proxy,154.8,147.3,1548.0,3545,30858,1,M37:8946;M1:4600;M7:2090;M2:1694;M3:1452,2.9463661674897166,0.0,8.924230580232797,0.0,donor,exact_warm_prefix_required,249
112,117490417,1048143,url,111,117424640:65536,uncalibrated_source_proxy,154.8,147.2857142857143,1548.0,3687,32680,1,M1:4853;M10:4314;M11:3516;M5:3480;M7:2816,3.1178951727006714,0.0,2.826471409890419,0.0,donor,exact_warm_prefix_required,250
181,189758380,1048434,url,99,104893952:16384,uncalibrated_source_proxy,154.8,147.27058823529413,1548.0,3454,31607,0,M1:4600;M5:4482;M10:2202;M11:2094;M3:2024,3.0146866660180804,0.0,2.8272561340933935,0.0,donor,exact_warm_prefix_required,251
211,221201293,1047999,url,206,216999424:16384,uncalibrated_source_proxy,154.8,147.21935483870968,1548.0,3417,33516,0,M1:5428;M7:3894;M10:3192;M11:2490;M3:2442,3.198094654670472,0.0,2.8260830927590503,0.0,donor,exact_warm_prefix_required,252
209,219110557,1046057,url,206,216999424:16384;216950272:65536,uncalibrated_source_proxy,154.8,147.21935483870968,1548.0,3101,30269,1,M1:5175;M11:2634;M5:2274;M3:2222;M2:1946,2.8936281674899167,0.0,2.8208462047790634,0.0,donor,exact_warm_prefix_required,253
110,115398305,1047858,url,109,114355712:256;114355712:1024,uncalibrated_source_proxy,154.8,147.15714285714287,1548.0,3551,33436,1,M1:6095;M10:3372;M11:3114;M5:2526;M7:2222,3.190890368733168,0.0,2.8257028655679184,0.0,donor,exact_warm_prefix_required,254
61,64013943,1049996,mixed,54,57165568:65536,uncalibrated_source_proxy,154.8,146.9,1548.0,2754,26419,1,M1:5336;M10:2124;M2:1974;M7:1892;M6:1728,2.5161048232564696,0.0,0.0,0.0,donor,exact_warm_prefix_required,255
201,210723012,1051312,list,174,182438400:65536,uncalibrated_source_proxy,154.8,146.85263157894738,1548.0,2930,29535,1,M1:5566;M2:2968;M7:2860;M3:2618;M6:2100,2.809346797144901,0.0,8.958212262648141,0.0,donor,exact_warm_prefix_required,256
372,390012994,1038573,mixed,40,42968832:65536,uncalibrated_source_proxy,152.50653987905685,145.41873500100806,1525.0653987905685,2971,27882,0,M1:5566;M2:2576;M12:1826;M6:1734;M9:1529,2.6846451814171948,0.0,0.0,0.0,donor,exact_warm_prefix_required,257
242,253718215,1053736,mixed,40,42968832:65536,uncalibrated_source_proxy,152.50653987905685,145.41873500100806,1525.0653987905685,2305,24409,1,M1:6900;M2:3416;M9:2101;M6:1950;M11:1380,2.316424607302019,0.0,0.0,0.0,donor,exact_warm_prefix_required,258
64,67162195,1048801,mixed,63,66113280:65536;66113280:4096,uncalibrated_source_proxy,152.50653987905685,145.20145513329413,1525.0653987905685,2952,31302,1,M1:7429;M2:2576;M7:2442;M6:2334;M12:2200,2.984550930062042,0.0,0.0,0.0,donor,exact_warm_prefix_required,259
200,209675726,1047286,mixed,95,100183040:16384,uncalibrated_source_proxy,152.50653987905685,145.06751548881294,1525.0653987905685,2928,28122,1,M1:4439;M3:2728;M2:2618;M7:2420;M6:1842,2.685226385151716,0.0,0.0,0.0,donor,exact_warm_prefix_required,260
88,92334574,1044990,template,87,91284224:1024;91284224:4096,uncalibrated_source_proxy,169.99002046833084,144.99002046833084,1699.9002046833082,1971,19737,0,M1:4853;M2:2968;M6:1440;M9:1320;M10:924,1.8887262079062959,0.0,0.0,0.0,donor,exact_warm_prefix_required,261
89,93379564,1048442,mixed,83,87087872:4096;87087872:16384,uncalibrated_source_proxy,152.50653987905685,144.9610853336023,1525.0653987905685,1728,19807,1,M1:5290;M2:3626;M6:1764;M3:1628;M9:1573,1.8891841418027893,0.0,0.0,0.0,donor,exact_warm_prefix_required,262
207,217015871,1047427,url,206,216950272:65536;216999424:16384,uncalibrated_source_proxy,152.50653987905685,144.9258947177665,1525.0653987905685,3169,29125,0,M1:4301;M10:3552;M5:2598;M7:2508;M11:2352,2.7806233751850966,0.0,2.824540610820558,0.0,donor,exact_warm_prefix_required,263
146,153118709,1046941,list,145,152586240:16384;153102080:16384,uncalibrated_source_proxy,152.50653987905685,144.8636827361997,1525.0653987905685,2018,18176,0,M37:1926;M3:1848;M1:1840;M11:1386;M7:1254,1.7361054729922698,0.0,8.920967043531423,0.0,donor,exact_warm_prefix_required,264
122,127956076,1044461,mixed,121,127430912:1024;127431424:256,uncalibrated_source_proxy,154.8,144.8,1548.0,1299,12990,0,M1:2553;M24:1342;M10:1050;M11:1020;M6:774,1.24370369022874,0.0,0.0,0.0,donor,exact_warm_prefix_required,265
366,383725790,1040959,mixed,361,378494464:16384,uncalibrated_source_proxy,152.50653987905685,144.50653987905685,1525.0653987905685,2837,27078,1,M1:5888;M10:2592;M11:2112;M2:1708;M6:1596,2.601255188725012,0.0,0.0,0.0,donor,exact_warm_prefix_required,266
169,177194672,1049078,list,155,163535616:65536,uncalibrated_source_proxy,152.50653987905685,144.50653987905685,1525.0653987905685,2593,26024,1,M1:4301;M7:3256;M3:2244;M37:1728;M6:1560,2.480654441328481,0.0,8.93917638538739,0.0,donor,exact_warm_prefix_required,267
105,110158158,1049924,mixed,97,101762560:16384,uncalibrated_source_proxy,152.50653987905685,144.00653987905685,1525.0653987905685,3314,31246,1,M1:5957;M2:3444;M10:2964;M7:2156;M6:2118,2.9760249313283627,0.0,0.0,0.0,donor,exact_warm_prefix_required,268
93,97572014,1047722,mixed,40,42968832:65536;43017984:16384,uncalibrated_source_proxy,150.1780590224974,143.0902541444486,1501.7805902249738,3056,31329,1,M1:6739;M2:2576;M6:2262;M12:2178;M11:2070,2.990201599279198,0.0,0.0,0.0,donor,exact_warm_prefix_required,269
213,223297502,1048685,mixed,40,42968832:65536,uncalibrated_source_proxy,150.1780590224974,143.0902541444486,1501.7805902249738,2495,26068,1,M1:5957;M12:3520;M6:1782;M10:1626;M7:1540,2.485779809952464,0.0,0.0,0.0,donor,exact_warm_prefix_required,270
180,188710030,1048350,mixed,136,143680512:4096;143152128:16384,uncalibrated_source_proxy,150.1780590224974,143.02929869191888,1501.7805902249738,3129,30603,0,M1:4577;M7:4004;M3:2552;M5:2466;M11:1986,2.9191586779224497,0.0,0.0,0.0,donor,exact_warm_prefix_required,271
262,274710082,1048091,mixed,136,143680512:4096,uncalibrated_source_proxy,150.1780590224974,143.02929869191888,1501.7805902249738,2866,27424,1,M1:5175;M2:3304;M3:2266;M6:1974;M11:1404,2.616566691251046,0.0,0.0,0.0,donor,exact_warm_prefix_required,272
417,437170591,1049760,list,115,121119232:65536,uncalibrated_source_proxy,150.1780590224974,142.97351356795193,1501.7805902249738,1637,15856,0,M3:2222;M1:1886;M2:1820;M11:1230;M6:1086,1.5104404816338972,0.0,8.944987696171557,0.0,donor,exact_warm_prefix_required,273
369,386863527,1045288,mixed,246,257912832:4096,uncalibrated_source_proxy,150.1780590224974,142.93148368003165,1501.7805902249738,3032,30703,1,M1:7866;M2:2534;M9:2321;M6:2088;M10:1998,2.9372766165879645,0.0,0.0,0.0,donor,exact_warm_prefix_required,274
58,60864583,1045525,url,44,46669568:65536;46694144:16384,uncalibrated_source_proxy,150.1780590224974,142.9011359455743,1501.7805902249738,2461,23620,1,M1:4876;M2:1904;M5:1878;M7:1826;M10:1794,2.259152100619306,0.0,2.8194115887103957,0.0,donor,exact_warm_prefix_required,275
117,122724346,1039846,url,113,118538752:16384,uncalibrated_source_proxy,150.1780590224974,142.7390346322535,1501.7805902249738,2791,25483,1,M1:4968;M10:3126;M5:2064;M2:1918;M11:1638,2.450651346449378,0.0,2.8040973318420415,0.0,donor,exact_warm_prefix_required,276
375,393152014,1051028,list,169,178227200:16384,uncalibrated_source_proxy,150.1780590224974,142.7280590224974,1501.7805902249738,3090,30615,1,M1:5681;M11:2832;M2:2380;M3:2178;M12:2046,2.912862454663434,0.0,8.955792303318663,0.0,donor,exact_warm_prefix_required,277
202,211774324,1049489,mixed,116,122707712:16384,uncalibrated_source_proxy,150.1780590224974,142.7280590224974,1501.7805902249738,2605,25541,1,M1:4669;M2:2632;M7:2310;M3:2156;M6:1800,2.4336605719545417,0.0,0.0,0.0,donor,exact_warm_prefix_required,278
111,116446163,1044254,url,99,104893952:16384;104353536:65536,uncalibrated_source_proxy,150.1780590224974,142.6486472577915,1501.7805902249738,4155,36669,1,M1:6095;M10:4248;M5:4032;M11:3744;M7:2574,3.5115019908949354,0.0,2.8159841506967176,0.0,donor,exact_warm_prefix_required,279
101,105963052,1043174,url,99,104893952:16384;104353536:65536,uncalibrated_source_proxy,150.1780590224974,142.6486472577915,1501.7805902249738,2773,27427,1,M1:5658;M10:3144;M2:2268;M6:1890;M7:1738,2.6291874605770467,0.0,2.813071772211452,0.0,donor,exact_warm_prefix_required,280
100,104910507,1052545,url,99,104353536:65536;103862272:4096,uncalibrated_source_proxy,150.1780590224974,142.6486472577915,1501.7805902249738,2932,26955,1,M1:4876;M10:3456;M2:1736;M5:1686;M7:1672,2.5609356369561396,0.0,2.8383420488646216,0.0,donor,exact_warm_prefix_required,281
219,229584458,1043218,mixed,213,223297536:65536,uncalibrated_source_proxy,150.1780590224974,142.59741386120706,1501.7805902249738,2140,23100,1,M1:4761;M7:3740;M3:1738;M6:1680;M9:1529,2.2143022838946416,0.0,0.0,0.0,donor,exact_warm_prefix_required,282
216,226442019,1046400,mixed,213,223297536:65536,uncalibrated_source_proxy,150.1780590224974,142.59741386120706,1501.7805902249738,1831,21023,1,M1:4577;M7:3916;M9:1925;M3:1650;M6:1638,2.00907874617737,0.0,0.0,0.0,donor,exact_warm_prefix_required,283
253,265275642,1043240,url,207,218046720:16384,uncalibrated_source_proxy,150.1780590224974,142.59741386120706,1501.7805902249738,2062,19637,1,M1:3818;M10:2016;M2:1456;M11:1374;M6:1194,1.8823089605459913,0.0,2.813249750896663,0.0,donor,exact_warm_prefix_required,284
198,207577877,1047909,mixed,93,97572096:16384,uncalibrated_source_proxy,150.1780590224974,142.5780590224974,1501.7805902249738,2498,24305,0,M1:4094;M2:2786;M3:2244;M10:2208;M6:1668,2.3193807859270223,0.0,0.0,0.0,donor,exact_warm_prefix_required,285
148,155214816,1048578,list,27,28852736:16384;28858880:4096,uncalibrated_source_proxy,150.1780590224974,142.55736936732498,1501.7805902249738,2927,28094,0,M1:3588;M3:2596;M7:2486;M37:1812;M12:1782,2.6792475142526353,0.0,8.934915893610139,0.0,donor,exact_warm_prefix_required,286
406,425640170,1044607,mixed,387,406724352:65536,uncalibrated_source_proxy,150.1780590224974,142.3954503268452,1501.7805902249738,2100,20371,1,M1:5290;M2:2282;M6:1452;M7:1210;M107:1092,1.9501113816009275,0.0,0.0,0.0,donor,exact_warm_prefix_required,287
170,178243750,1052178,list,155,163535616:65536,uncalibrated_source_proxy,150.1780590224974,142.1780590224974,1501.7805902249738,2409,24843,1,M1:4025;M7:3124;M3:2222;M10:1620;M6:1458,2.361102399023739,0.0,8.965591434406338,0.0,donor,exact_warm_prefix_required,288
81,84989531,1048734,mixed,77,81780480:65536,uncalibrated_source_proxy,150.1780590224974,142.11923549308563,1501.7805902249738,2437,24120,1,M1:5382;M2:2254;M10:2154;M6:1662;M12:1474,2.299915898597738,0.0,0.0,0.0,donor,exact_warm_prefix_required,289
327,342927321,1047836,mixed,40,42508288:4096,uncalibrated_source_proxy,147.81290240586938,140.7250975278206,1478.1290240586936,2793,28107,1,M1:4255;M3:3652;M2:3192;M6:2106;M11:1734,2.6823854114575183,0.0,0.0,0.0,donor,exact_warm_prefix_required,290
46,48276807,1049791,mixed,40,42968832:65536;43017984:16384,uncalibrated_source_proxy,147.81290240586938,140.7250975278206,1478.1290240586936,2743,27720,1,M1:5382;M2:1946;M12:1914;M3:1892;M6:1884,2.64052559033179,0.0,0.0,0.0,donor,exact_warm_prefix_required,291
297,311453368,1048121,mixed,136,143680512:4096,uncalibrated_source_proxy,147.81290240586938,140.66414207529087,1478.1290240586936,3071,27099,0,M1:5750;M28:2396;M2:2142;M6:1578;M9:1419,2.5854839279052704,0.0,0.0,0.0,donor,exact_warm_prefix_required,292
300,314600538,1047272,mixed,136,143680512:4096,uncalibrated_source_proxy,147.81290240586938,140.66414207529087,1478.1290240586936,2226,20709,0,M1:2944;M3:1936;M2:1834;M11:1464;M6:1296,1.9774232482105891,0.0,0.0,0.0,donor,exact_warm_prefix_required,293
384,402590316,1050597,mixed,246,258894848:65536,uncalibrated_source_proxy,147.81290240586938,140.56632706340363,1478.1290240586936,2527,24669,1,M1:4071;M2:2184;M3:2112;M5:1614;M6:1572,2.348093512545724,0.0,0.0,0.0,donor,exact_warm_prefix_required,294
124,130043474,1052565,url,113,118538752:16384,uncalibrated_source_proxy,147.81290240586938,140.37387801562548,1478.1290240586936,2306,21983,1,M1:3266;M10:3144;M11:1680;M7:1540;M3:1474,2.088517098706493,0.0,2.838395981799534,0.0,donor,exact_warm_prefix_required,295
205,214920002,1050963,mixed,116,122707712:16384,uncalibrated_source_proxy,147.81290240586938,140.3629024058694,1478.1290240586936,2813,26809,1,M1:4646;M5:2364;M11:2334;M2:2156;M3:1738,2.5508985568473865,0.0,0.0,0.0,donor,exact_warm_prefix_required,296
136,142635942,1048683,mixed,116,122707712:16384,uncalibrated_source_proxy,147.81290240586938,140.3629024058694,1478.1290240586936,2282,22019,0,M1:3289;M5:2292;M7:2266;M3:1650;M11:1566,2.0996812192054226,0.0,0.0,0.0,donor,exact_warm_prefix_required,297
107,112256143,1047436,url,102,107988480:65536;107522048:16384,uncalibrated_source_proxy,147.81290240586938,140.31290240586938,1478.1290240586936,3321,32115,1,M1:5106;M7:4180;M10:3774;M11:2550;M3:2222,3.066058451303946,0.0,2.8245648806412684,0.0,donor,exact_warm_prefix_required,298
206,215970965,1044906,url,99,104893952:16384;104353536:65536,uncalibrated_source_proxy,147.81290240586938,140.2834906411635,1478.1290240586936,3494,31860,0,M1:4117;M5:3498;M3:2596;M10:2592;M11:2562,3.0490780988911923,0.0,2.8177423643748596,0.0,donor,exact_warm_prefix_required,299
90,94428006,1047516,mixed,83,87087872:4096;87087872:16384,uncalibrated_source_proxy,147.81290240586938,140.26744786041485,1478.1290240586936,2435,23094,1,M1:4830;M2:2548;M7:1606;M6:1560;M10:1374,2.204644129540742,0.0,0.0,0.0,donor,exact_warm_prefix_required,300
214,224346187,1047114,mixed,213,223297536:65536,uncalibrated_source_proxy,147.81290240586938,140.23225724457905,1478.1290240586936,2313,23416,1,M1:4232;M7:2266;M3:1980;M10:1812;M2:1666,2.2362417081616712,0.0,0.0,0.0,donor,exact_warm_prefix_required,301
279,292572130,1047800,mixed,274,287819264:16384,uncalibrated_source_proxy,147.81290240586938,140.23225724457905,1478.1290240586936,2187,18903,1,M1:2070;M3:1672;M5:1284;M124:1224;M10:1206,1.8040656613857606,0.0,0.0,0.0,donor,exact_warm_prefix_required,302
351,368053900,1048483,mixed,347,363867648:4096,uncalibrated_source_proxy,147.81290240586938,140.14623573920272,1478.1290240586936,2155,20689,1,M1:3910;M2:1694;M10:1566;M6:1272;M12:1188,1.9732318025184958,0.0,0.0,0.0,donor,exact_warm_prefix_required,303
73,76600145,1049404,mixed,66,69784064:1024;69260544:1024,uncalibrated_source_proxy,147.81290240586938,140.06290240586938,1478.1290240586936,2230,22571,1,M1:5244;M2:1988;M6:1614;M10:1434;M12:1386,2.150839905317685,0.0,0.0,0.0,donor,exact_warm_prefix_required,304
396,415167595,1048524,list,174,182438400:65536,uncalibrated_source_proxy,147.81290240586938,139.86553398481675,1478.1290240586936,3583,31961,0,M5:5142;M1:5083;M11:2568;M10:2112;M2:2072,3.0481896456351976,0.0,8.934455760498196,0.0,donor,exact_warm_prefix_required,305
83,87087641,1048959,mixed,40,42968832:65536;43017984:16384,uncalibrated_source_proxy,145.4092803899717,138.32147551192293,1454.0928038997172,2136,22559,1,M1:5497;M2:2422;M6:1692;M9:1474;M10:1368,2.1506083650552594,0.0,0.0,0.0,donor,exact_warm_prefix_required,306
215,225393301,1048718,mixed,40,42968832:65536,uncalibrated_source_proxy,145.4092803899717,138.32147551192293,1454.0928038997172,2113,20445,0,M1:4370;M10:1848;M11:1848;M2:1708;M6:1344,1.9495231320526585,0.0,0.0,0.0,donor,exact_warm_prefix_required,307
150,157314043,1046398,list,115,121671680:4096;121674752:1024,uncalibrated_source_proxy,145.4092803899717,138.20473493542625,1454.0928038997172,4000,37262,1,M1:5980;M12:3872;M37:3204;M53:3144;M47:2650,3.560977754162374,0.0,8.91634014946133,0.0,donor,exact_warm_prefix_required,308
404,423545478,1042307,mixed,246,258944000:16384,uncalibrated_source_proxy,145.4092803899717,138.16270504750597,1454.0928038997172,2755,29052,1,M1:6578;M12:2552;M7:2420;M6:2064;M9:1991,2.78727860409649,0.0,0.0,0.0,donor,exact_warm_prefix_required,309
258,270512944,1050707,mixed,63,66113280:4096,uncalibrated_source_proxy,145.4092803899717,138.104195644209,1454.0928038997172,2449,24391,1,M1:5129;M2:1778;M10:1674;M6:1650;M12:1650,2.3213893121488676,0.0,0.0,0.0,donor,exact_warm_prefix_required,310
126,132143389,1052809,mixed,64,68145408:65536,uncalibrated_source_proxy,145.4092803899717,137.92279390348523,1454.0928038997172,2150,24618,1,M1:6509;M2:2366;M7:2354;M6:2118;M9:1716,2.3383158768589554,0.0,0.0,0.0,donor,exact_warm_prefix_required,311
317,332440739,1039971,mixed,248,260525824:16384,uncalibrated_source_proxy,145.4092803899717,137.92279390348523,1454.0928038997172,2171,23191,1,M1:6647;M7:2178;M2:1862;M6:1752;M12:1518,2.229966027898855,0.0,0.0,0.0,donor,exact_warm_prefix_required,312
175,183486730,1046059,list,26,27812352:4096;27813888:1024,uncalibrated_source_proxy,145.4092803899717,137.9092803899717,1454.0928038997172,2458,25664,1,M1:6647;M7:3190;M6:1716;M12:1716;M9:1672,2.453398900062042,0.0,8.913451536036355,0.0,donor,exact_warm_prefix_required,313
94,98619736,1047395,mixed,90,94918912:65536;94428160:65536,uncalibrated_source_proxy,145.4092803899717,137.894994675686,1454.0928038997172,3059,29828,1,M1:5727;M7:2904;M10:2814;M2:1988;M6:1944,2.8478272285050052,0.0,0.0,0.0,donor,exact_warm_prefix_required,314
373,391051567,1050407,url,206,216999424:16384,uncalibrated_source_proxy,145.4092803899717,137.82863522868138,1454.0928038997172,2685,25087,0,M1:3841;M3:2068;M2:2058;M11:1866;M6:1464,2.388312339883493,0.0,2.832576618122494,0.0,donor,exact_warm_prefix_required,315
76,79749109,1047971,mixed,75,78699008:4096;78699008:16384,uncalibrated_source_proxy,147.81290240586938,137.81290240586938,1478.1290240586936,1671,16680,1,M1:3887;M2:1848;M10:1212;M6:1170;M7:990,1.5916470971047862,0.0,0.0,0.0,donor,exact_warm_prefix_required,316
280,293619930,1048338,mixed,212,223231744:65536,uncalibrated_source_proxy,145.4092803899717,137.46191196891908,1454.0928038997172,3474,29365,0,M3:3300;M1:2783;M2:2380;M10:2022;M5:1860,2.8011004084560516,0.0,0.0,0.0,donor,exact_warm_prefix_required,317
420,440330985,1048630,prose,311,327165184:16384;326131712:65536,uncalibrated_source_proxy,145.4092803899717,137.20928038997172,1454.0928038997172,3048,33121,1,M1:5313;M7:5038;M3:3740;M6:2370;M9:2354,3.1585020455260673,0.0,5.94043381832573,0.0,donor,exact_warm_prefix_required,318
394,413070506,1049673,mixed,40,42508288:4096,uncalibrated_source_proxy,142.96525287429728,135.8774479962485,1429.6525287429727,3657,36353,0,M1:8004;M24:3762;M9:2420;M6:2244;M5:2238,3.463269037119179,0.0,0.0,0.0,donor,exact_warm_prefix_required,319
222,232720769,1047311,mixed,40,42968832:65536,uncalibrated_source_proxy,142.96525287429728,135.8774479962485,1429.6525287429727,2316,22770,1,M1:4692;M7:2442;M11:1548;M2:1540;M6:1440,2.174139295777472,0.0,0.0,0.0,donor,exact_warm_prefix_required,320
220,230627676,1046019,mixed,40,42508288:4096,uncalibrated_source_proxy,142.96525287429728,135.8774479962485,1429.6525287429727,1940,20801,1,M1:4738;M7:2398;M6:1452;M9:1419;M12:1254,1.9885872053949307,0.0,0.0,0.0,donor,exact_warm_prefix_required,321
368,385815352,1048175,mixed,246,258894848:65536,uncalibrated_source_proxy,142.96525287429728,135.71867753183153,1429.6525287429727,3474,29618,1,M1:5359;M22:3294;M26:3282;M2:1610;M6:1422,2.825673193884609,0.0,0.0,0.0,donor,exact_warm_prefix_required,322
328,343975157,1042296,mixed,246,258944000:16384,uncalibrated_source_proxy,142.96525287429728,135.71867753183153,1429.6525287429727,2300,25603,1,M1:7360;M7:3168;M6:2070;M2:1862;M12:1540,2.4564039389962162,0.0,0.0,0.0,donor,exact_warm_prefix_required,323
71,74505116,1045745,mixed,63,66113280:4096;66113280:65536,uncalibrated_source_proxy,142.96525287429728,135.66016812853456,1429.6525287429727,2596,24620,1,M1:4784;M2:2394;M6:1674;M11:1608;M3:1540,2.3543024351060726,0.0,0.0,0.0,donor,exact_warm_prefix_required,324
212,222249292,1048210,mixed,116,122707712:16384,uncalibrated_source_proxy,142.96525287429728,135.5152528742973,1429.6525287429727,2946,30725,0,M1:5773;M12:3234;M7:2574;M3:2376;M10:2148,2.9311874528958892,0.0,0.0,0.0,donor,exact_warm_prefix_required,325
199,208625786,1049940,mixed,116,121676032:65536,uncalibrated_source_proxy,142.96525287429728,135.5152528742973,1429.6525287429727,2108,22077,1,M1:4140;M2:3108;M3:2574;M6:1758;M9:1474,2.102691582376136,0.0,0.0,0.0,donor,exact_warm_prefix_required,326
225,235867814,1050750,mixed,224,235802112:65536,uncalibrated_source_proxy,142.96525287429728,135.5152528742973,1429.6525287429727,2006,18722,1,M1:3404;M11:2148;M5:1878;M2:1834;M7:1320,1.7817749226742803,0.0,0.0,0.0,donor,exact_warm_prefix_required,327
72,75550861,1049284,mixed,64,67162368:16384;67162368:65536,uncalibrated_source_proxy,142.96525287429728,135.4787663878108,1429.6525287429727,2254,21798,1,M1:4140;M10:1962;M5:1938;M2:1652;M6:1416,2.0774166002721857,0.0,0.0,0.0,donor,exact_warm_prefix_required,328
176,184532789,1042547,list,26,27812352:4096,uncalibrated_source_proxy,142.96525287429728,135.46525287429728,1429.6525287429727,2129,22608,1,M1:5497;M7:2552;M12:1848;M10:1638;M6:1476,2.1685353274240873,0.0,8.883525841792952,0.0,donor,exact_warm_prefix_required,329
106,111208082,1048061,mixed,90,94918912:65536;94428160:65536,uncalibrated_source_proxy,142.96525287429728,135.45096716001157,1429.6525287429727,2279,22948,1,M1:4784;M2:3080;M3:1694;M6:1686;M9:1430,2.189567210305507,0.0,0.0,0.0,donor,exact_warm_prefix_required,330
298,312501489,1050336,mixed,274,287819264:16384,uncalibrated_source_proxy,142.96525287429728,135.38460771300694,1429.6525287429727,1978,19517,1,M3:2596;M1:2484;M2:1862;M9:1485;M7:1386,1.8581672912287115,0.0,0.0,0.0,donor,exact_warm_prefix_required,331
315,330339751,1048265,mixed,312,327181824:16384,uncalibrated_source_proxy,142.96525287429728,135.36525287429728,1429.6525287429727,1754,18331,1,M1:4715;M2:1904;M6:1374;M12:1232;M9:1067,1.748699040795982,0.0,0.0,0.0,donor,exact_warm_prefix_required,332
265,277854391,1046147,list,174,182438400:65536,uncalibrated_source_proxy,142.96525287429728,135.01788445324465,1429.6525287429727,1946,18614,1,M1:3289;M2:1792;M10:1464;M3:1276;M6:1158,1.7792910556547024,0.0,8.91420138258915,0.0,donor,exact_warm_prefix_required,333
363,380587074,1042556,mixed,361,378494464:16384,uncalibrated_source_proxy,142.96525287429728,134.96525287429728,1429.6525287429727,18327,118216,1,M22:49026;M26:48678;M1:5221;M2:1694;M11:1662,11.339055168259547,0.0,0.0,0.0,donor+scr2_oracle,exact_warm_prefix_required,334
257,269464779,1048165,mixed,40,42508288:4096,uncalibrated_source_proxy,140.47871096822504,133.39090609017626,1404.7871096822505,2454,24255,0,M1:4324;M12:2024;M10:1932;M2:1876;M3:1848,2.314044067489374,0.0,0.0,0.0,donor,exact_warm_prefix_required,335
367,384766749,1048603,list,115,121671680:4096,uncalibrated_source_proxy,140.47871096822504,133.27416551367958,1404.7871096822505,3539,28970,1,M1:5681;M28:3188;M10:1986;M2:1904;M9:1573,2.7627233566945737,0.0,8.935128918199002,0.0,donor,exact_warm_prefix_required,336
256,268414674,1050105,mixed,246,257912832:4096,uncalibrated_source_proxy,140.47871096822504,133.2321356257593,1404.7871096822505,2002,19250,1,M1:3611;M2:1862;M12:1342;M6:1272;M3:1254,1.8331500183315002,0.0,0.0,0.0,donor,exact_warm_prefix_required,337
75,78698950,1050159,mixed,63,66113280:65536;66113280:4096,uncalibrated_source_proxy,140.47871096822504,133.17362622246233,1404.7871096822505,2581,24633,1,M1:5221;M10:1824;M2:1736;M12:1584;M6:1566,2.3456448023585,0.0,0.0,0.0,donor,exact_warm_prefix_required,338
336,352326203,1057085,mixed,248,260525824:16384,uncalibrated_source_proxy,140.47871096822504,132.99222448173856,1404.7871096822505,1899,17356,1,M1:3105;M2:1694;M3:1276;M6:1140;M10:894,1.6418736430845202,0.0,0.0,0.0,donor,exact_warm_prefix_required,339
103,108054113,1055045,url,102,107522048:16384;107988480:65536,uncalibrated_source_proxy,140.47871096822504,132.97871096822504,1404.7871096822505,2598,23695,1,M1:4462;M11:2382;M10:2058;M12:1716;M2:1582,2.2458757683321564,0.0,2.8450836657286622,0.0,donor,exact_warm_prefix_required,340
193,202341339,1048350,mixed,90,94918912:65536,uncalibrated_source_proxy,140.47871096822504,132.96442525393934,1404.7871096822505,2587,25978,1,M1:5221;M2:2576;M10:2520;M7:2420;M6:1842,2.477989221157056,0.0,0.0,0.0,donor,exact_warm_prefix_required,341
164,171975646,1049530,mixed,141,148868352:65536,uncalibrated_source_proxy,140.47871096822504,132.96442525393934,1404.7871096822505,2023,21340,0,M1:3657;M3:2376;M24:1738;M2:1722;M6:1296,2.033291092203177,0.0,0.0,0.0,donor,exact_warm_prefix_required,342
114,119579954,1048210,url,99,104893952:16384;104353536:65536,uncalibrated_source_proxy,140.47871096822504,132.94929920351916,1404.7871096822505,3387,31817,0,M1:4876;M10:3666;M5:2658;M7:2508;M3:2464,3.03536505089629,0.0,2.8266520852223755,0.0,donor,exact_warm_prefix_required,343
264,276803120,1051271,url,206,216999424:16384,uncalibrated_source_proxy,140.47871096822504,132.8980658069347,1404.7871096822505,2280,22127,0,M1:3151;M3:2024;M7:1628;M12:1628;M10:1590,2.1047855405504383,0.0,2.8349065209107067,0.0,donor,exact_warm_prefix_required,344
312,327181691,1047663,mixed,247,259476736:16384,uncalibrated_source_proxy,140.47871096822504,132.8980658069347,1404.7871096822505,1988,21784,1,M1:3381;M3:3168;M7:2794;M6:1734;M9:1452,2.079294582322751,0.0,0.0,0.0,donor,exact_warm_prefix_required,345
137,143684625,1059844,list,27,28852736:16384;28858880:4096,uncalibrated_source_proxy,140.47871096822504,132.85802131305263,1404.7871096822505,2464,28914,1,M1:5612;M7:4026;M3:3388;M12:2178;M6:2130,2.728137348515442,0.0,9.030913294335132,0.0,donor,exact_warm_prefix_required,346
158,165692357,1048654,list,27,28852736:16384,uncalibrated_source_proxy,140.47871096822504,132.85802131305263,1404.7871096822505,2718,26979,1,M1:5083;M7:2266;M6:1524;M11:1518;M15:1485,2.5727265618592976,0.0,8.935563488360282,0.0,donor,exact_warm_prefix_required,347
138,144744469,1047857,list,137,143684864:65536;144181760:65536,uncalibrated_source_proxy,140.47871096822504,132.47871096822504,1404.7871096822505,1990,20271,0,M1:3036;M3:1936;M12:1562;M7:1518;M6:1212,1.9345196911410623,0.0,8.928772264467344,0.0,donor,exact_warm_prefix_required,348
251,263175200,1050600,mixed,200,210657280:65536,uncalibrated_source_proxy,140.47871096822504,131.97871096822504,1404.7871096822505,2496,25751,1,M1:4554;M3:2508;M2:2170;M7:1958;M10:1902,2.4510755758614127,0.0,0.0,0.0,donor,exact_warm_prefix_required,349
514,538902052,946727,list,513,538341888:65536,uncalibrated_source_proxy,147.81290240586938,131.81290240586938,1478.1290240586936,486,4657,0,M3:946;M2:672;M5:630;M1:391;M6:360,0.49190526941768853,0.0,8.067045197600795,0.0,donor,exact_warm_prefix_required,350
263,275758173,1044947,mixed,40,42968832:65536,uncalibrated_source_proxy,137.94735568751025,130.85955080946147,1379.4735568751025,3230,28899,1,M1:3979;M40:3822;M3:2178;M7:1760;M2:1722,2.765594810071707,0.0,0.0,0.0,donor,exact_warm_prefix_required,351
382,400495021,1047303,mixed,40,42968832:65536,uncalibrated_source_proxy,137.94735568751025,130.85955080946147,1379.4735568751025,2968,25105,1,M1:4071;M5:3132;M11:1974;M28:1652;M2:1582,2.397109527997151,0.0,0.0,0.0,donor,exact_warm_prefix_required,352
86,90235200,1048918,mixed,40,42968832:65536;43017984:16384,uncalibrated_source_proxy,137.94735568751025,130.85955080946147,1379.4735568751025,1717,18268,1,M1:5083;M2:3612;M6:1620;M9:1276;M3:1100,1.7416042054765006,0.0,0.0,0.0,donor,exact_warm_prefix_required,353
282,295717238,1048109,mixed,246,258944000:16384,uncalibrated_source_proxy,137.94735568751025,130.7007803450445,1379.4735568751025,4049,32745,1,M35:11076;M1:4646;M7:2530;M11:1536;M6:1362,3.1241979603266454,0.0,0.0,0.0,donor,exact_warm_prefix_required,354
322,337672152,1046807,mixed,246,258944000:16384,uncalibrated_source_proxy,137.94735568751025,130.7007803450445,1379.4735568751025,2541,26398,1,M1:5198;M3:2178;M2:2156;M12:2112;M6:1908,2.5217638017323156,0.0,0.0,0.0,donor,exact_warm_prefix_required,355
353,370141411,1044038,mixed,59,62403072:65536,uncalibrated_source_proxy,137.94735568751025,130.6570331068651,1379.4735568751025,2708,26135,1,M1:5129;M2:2898;M10:1908;M6:1746;M3:1716,2.503261375543802,0.0,0.0,0.0,donor,exact_warm_prefix_required,356
238,249525609,1048131,mixed,63,66113280:4096,uncalibrated_source_proxy,137.94735568751025,130.64227094174754,1379.4735568751025,2315,21492,1,M1:4715;M2:2184;M10:1734;M11:1596;M6:1392,2.0505070453979513,0.0,0.0,0.0,donor,exact_warm_prefix_required,357
203,212823813,1047894,mixed,50,53000448:4096,uncalibrated_source_proxy,137.94735568751025,130.60773304600082,1379.4735568751025,2149,20416,1,M1:4094;M2:1876;M7:1650;M11:1644;M5:1560,1.9482886627845946,0.0,0.0,0.0,donor,exact_warm_prefix_required,358
261,273662751,1047331,mixed,199,209117952:65536,uncalibrated_source_proxy,137.94735568751025,130.51878425893884,1379.4735568751025,2268,20020,1,M1:3473;M5:2196;M2:1582;M10:1284;M26:1134,1.9115255826477016,0.0,0.0,0.0,donor,exact_warm_prefix_required,359
364,381629630,1049905,url,113,118538752:16384,uncalibrated_source_proxy,137.94735568751025,130.50833129726635,1379.4735568751025,2737,26064,1,M1:5727;M11:2028;M12:1672;M7:1606;M6:1596,2.4825103223624994,0.0,2.831222901456195,0.0,donor,exact_warm_prefix_required,360
190,199197219,1048394,mixed,95,100183040:16384,uncalibrated_source_proxy,137.94735568751025,130.50833129726635,1379.4735568751025,2437,22876,0,M1:3910;M5:2214;M2:2128;M10:1998;M11:1734,2.1820040938807357,0.0,0.0,0.0,donor,exact_warm_prefix_required,361
120,125859662,1047287,mixed,119,125843200:16384,uncalibrated_source_proxy,137.94735568751025,130.38485568751025,1379.4735568751025,2592,23584,1,M1:3956;M10:2316;M11:1764;M5:1704;M12:1628,2.2519137543003973,0.0,0.0,0.0,donor,exact_warm_prefix_required,362
418,438220351,1064821,mixed,312,327181824:65536,uncalibrated_source_proxy,137.94735568751025,130.34735568751026,1379.4735568751025,2674,21996,1,M28:2636;M1:2438;M3:1870;M2:1400;M65:1220,2.0656993053292525,0.0,0.0,0.0,donor,exact_warm_prefix_required,363
149,156263394,1050649,list,27,28852736:16384;28858880:4096,uncalibrated_source_proxy,137.94735568751025,130.32666603233784,1379.4735568751025,2571,25784,1,M1:4117;M7:2068;M3:1892;M12:1870;M6:1566,2.454102178748564,0.0,8.952562850551509,0.0,donor,exact_warm_prefix_required,364
274,287299757,1055750,mixed,212,223231744:65536,uncalibrated_source_proxy,137.94735568751025,129.99998726645762,1379.4735568751025,2129,20162,0,M1:2507;M3:2178;M12:1650;M5:1254;M6:1242,1.9097324177125266,0.0,0.0,0.0,donor,exact_warm_prefix_required,365
194,203389689,1048976,mixed,97,101762560:16384,uncalibrated_source_proxy,137.94735568751025,129.44735568751025,1379.4735568751025,2158,21572,1,M1:4347;M7:2134;M2:1988;M10:1944;M6:1464,2.0564817498207777,0.0,0.0,0.0,donor,exact_warm_prefix_required,366
506,530510855,1048352,list,388,407573504:4096;407581696:2048;407775744:2048;407787520:4096;407793664:4096;407799808:4096;407810048:2048,validated_source_proxy,136.58823529411765,129.30698529411765,546.3529411764706,9985,327074,0,M19:190978;M3:35068;M70:31614;M74:22190;M60:21672,31.19887213455023,0.0,8.932990151326823,0.0,donor+scr2_oracle,exact_warm_prefix_required,367
197,206528155,1049722,mixed,196,206462464:65536,uncalibrated_source_proxy,137.94735568751025,128.69735568751025,1379.4735568751025,2509,24490,1,M1:4577;M7:2728;M11:1998;M10:1896;M2:1820,2.3329986415450947,0.0,0.0,0.0,donor,exact_warm_prefix_required,368
288,302008902,1050078,mixed,40,42508288:4096,uncalibrated_source_proxy,135.3686730638179,128.28086818576912,1353.6867306381791,2497,22654,1,M1:4163;M5:2130;M10:2106;M2:2072;M11:1626,2.1573635482316553,0.0,0.0,0.0,donor,exact_warm_prefix_required,369
243,254771951,1044928,mixed,40,42508288:4096,uncalibrated_source_proxy,135.3686730638179,128.28086818576912,1353.6867306381791,2236,21752,1,M1:5014;M2:2352;M6:1488;M5:1260;M9:1254,2.081674526857353,0.0,0.0,0.0,donor,exact_warm_prefix_required,370
234,245326624,1049103,mixed,40,42508288:4096,uncalibrated_source_proxy,135.3686730638179,128.28086818576912,1353.6867306381791,2133,20411,1,M1:3542;M10:1944;M7:1716;M11:1698;M2:1638,1.945566831855404,0.0,0.0,0.0,donor,exact_warm_prefix_required,371
332,348133198,1044800,mixed,40,42508288:4096,uncalibrated_source_proxy,135.3686730638179,128.28086818576912,1353.6867306381791,2131,19543,1,M1:3864;M2:1666;M10:1266;M11:1188;M6:1128,1.8705015313935682,0.0,0.0,0.0,donor,exact_warm_prefix_required,372
356,373254651,1048341,mixed,40,42508288:4096,uncalibrated_source_proxy,135.3686730638179,128.28086818576912,1353.6867306381791,1774,15900,1,M1:2990;M10:2028;M5:1200;M2:1092;M12:924,1.51668207195941,0.0,0.0,0.0,donor,exact_warm_prefix_required,373
299,313551825,1048713,mixed,40,42968832:65536,uncalibrated_source_proxy,135.3686730638179,128.28086818576912,1353.6867306381791,1548,15432,1,M1:2622;M2:1680;M3:1584;M6:1104;M9:913,1.4715179462827295,0.0,0.0,0.0,donor,exact_warm_prefix_required,374
168,176163948,1030724,mixed,136,143680512:4096,uncalibrated_source_proxy,135.3686730638179,128.2199127332394,1353.6867306381791,2125,21110,1,M1:3818;M7:1782;M10:1728;M11:1584;M3:1342,2.0480749453782003,0.0,0.0,0.0,donor,exact_warm_prefix_required,375
331,347083973,1049225,mixed,136,143680512:4096,uncalibrated_source_proxy,135.3686730638179,128.2199127332394,1353.6867306381791,2484,20352,1,M1:3657;M28:2612;M65:1540;M2:1344;M6:1038,1.9397174104696324,0.0,0.0,0.0,donor,exact_warm_prefix_required,376
254,266318882,1049739,mixed,246,258944000:16384,uncalibrated_source_proxy,135.3686730638179,128.12209772135216,1353.6867306381791,2819,23112,1,M1:3289;M10:2844;M4:2484;M11:1854;M28:1400,2.2016901344048376,0.0,0.0,0.0,donor,exact_warm_prefix_required,377
383,401542324,1047992,mixed,246,257912832:4096,uncalibrated_source_proxy,135.3686730638179,128.12209772135216,1353.6867306381791,2652,21710,0,M5:4026;M1:2599;M11:1554;M38:1470;M10:1452,2.071580699089306,0.0,0.0,0.0,donor,exact_warm_prefix_required,378
334,350229990,1047914,mixed,246,257912832:4096,uncalibrated_source_proxy,135.3686730638179,128.12209772135216,1353.6867306381791,2065,18628,1,M1:3772;M11:1812;M2:1596;M10:1296;M6:1128,1.7776267899846743,0.0,0.0,0.0,donor,exact_warm_prefix_required,379
359,376392831,1050647,mixed,246,258894848:65536,uncalibrated_source_proxy,135.3686730638179,128.12209772135216,1353.6867306381791,2002,18587,1,M1:2967;M2:1554;M3:1452;M10:1326;M11:1242,1.769100373388969,0.0,0.0,0.0,donor,exact_warm_prefix_required,380
314,329292599,1047152,list,166,175045632:65536,uncalibrated_source_proxy,135.3686730638179,127.95006841265511,1353.6867306381791,1520,15641,0,M1:3427;M2:1764;M6:1158;M7:1122;M3:1100,1.493670450899201,0.0,8.922764971061422,0.0,donor,exact_warm_prefix_required,381
237,248479027,1046582,mixed,199,209117952:65536,uncalibrated_source_proxy,135.3686730638179,127.94010163524648,1353.6867306381791,2912,27112,0,M1:4278;M2:3458;M3:3102;M6:1944;M9:1837,2.590528023604457,0.0,0.0,0.0,donor,exact_warm_prefix_required,382
318,333480710,1049155,mixed,248,260525824:16384,uncalibrated_source_proxy,135.3686730638179,127.88218657733142,1353.6867306381791,2373,24784,1,M1:7061;M7:2574;M6:1854;M2:1848;M36:1662,2.3622820269645572,0.0,0.0,0.0,donor,exact_warm_prefix_required,383
307,321949082,1048671,list,163,171420416:65536,uncalibrated_source_proxy,135.3686730638179,127.88218657733142,1353.6867306381791,1894,18676,1,M1:3565;M2:1582;M3:1298;M6:1266;M7:1210,1.7809208035694704,0.0,8.935708345080707,0.0,donor,exact_warm_prefix_required,384
204,213871707,1048295,url,99,104893952:16384;104353536:65536,uncalibrated_source_proxy,135.3686730638179,127.83926129911202,1353.6867306381791,2971,26845,1,M1:4485;M5:2646;M10:2604;M11:2568;M2:1960,2.560824958623288,0.0,2.826881300195753,0.0,donor,exact_warm_prefix_required,385
118,123764192,1047401,url,99,104893952:16384;104353536:65536,uncalibrated_source_proxy,135.3686730638179,127.83926129911202,1353.6867306381791,2192,21446,1,M1:5037;M2:2184;M9:1551;M6:1458;M10:1440,2.0475443502536277,0.0,2.824470498005172,0.0,donor,exact_warm_prefix_required,386
284,297815604,1048908,url,206,216999424:16384,uncalibrated_source_proxy,135.3686730638179,127.78802790252759,1353.6867306381791,3398,29376,1,M65:4080;M1:3013;M5:2934;M3:2112;M10:1998,2.8006269377295245,0.0,2.8285343446508153,0.0,donor,exact_warm_prefix_required,387
292,306213617,1058085,mixed,245,257355520:65536,uncalibrated_source_proxy,135.3686730638179,127.76867306381791,1353.6867306381791,1667,16851,1,M1:4186;M12:1518;M10:1320;M6:1158;M2:1050,1.5925941677653497,0.0,0.0,0.0,donor,exact_warm_prefix_required,388
358,375344091,1048740,mixed,251,263175424:1024,uncalibrated_source_proxy,135.3686730638179,127.4686730638179,1353.6867306381791,1957,20103,0,M1:4508;M12:1738;M7:1540;M6:1368;M9:1254,1.9168716745809258,0.0,0.0,0.0,donor,exact_warm_prefix_required,389
386,404700319,1041097,mixed,358,376327168:65536,uncalibrated_source_proxy,135.3686730638179,127.42130464276528,1353.6867306381791,3224,30902,1,M1:5612;M2:2590;M11:2208;M3:2134;M6:2034,2.9682152575600544,0.0,0.0,0.0,donor,exact_warm_prefix_required,390
346,362819734,1047685,mixed,343,360172800:65536,uncalibrated_source_proxy,135.3686730638179,127.42130464276528,1353.6867306381791,2138,20840,0,M1:4439;M2:2450;M6:1494;M3:1320;M12:1254,1.9891475013959348,0.0,0.0,0.0,donor,exact_warm_prefix_required,391
427,447690326,1052195,prose,217,228518144:16384,uncalibrated_source_proxy,135.3686730638179,127.30984953440614,1353.6867306381791,4630,59657,1,M13:9350;M7:8712;M3:7106;M43:5390;M14:4466,5.66976653567067,0.0,5.960629355896018,0.0,donor+scr2_oracle,exact_warm_prefix_required,392
139,145792326,1049713,list,138,144744704:65536,uncalibrated_source_proxy,135.3686730638179,127.24367306381791,1353.6867306381791,2023,19260,1,M1:2415;M3:2002;M10:1836;M12:1430;M5:1212,1.8347872227932778,0.0,8.944587209944496,0.0,donor,exact_warm_prefix_required,393
99,103862041,1048466,url,74,77649664:65536,uncalibrated_source_proxy,135.3686730638179,126.73230942745427,1353.6867306381791,3221,30180,1,M1:4899;M10:3234;M2:2590;M3:2354;M5:2322,2.8784910526426226,0.0,2.827342426789253,0.0,donor,exact_warm_prefix_required,394
102,107006226,1047887,url,74,77649664:65536,uncalibrated_source_proxy,135.3686730638179,126.73230942745427,1353.6867306381791,2577,24742,1,M1:4554;M10:2970;M11:1650;M12:1628;M2:1526,2.3611324503500857,0.0,2.825781068323541,0.0,donor,exact_warm_prefix_required,395
240,251621366,1049944,mixed,40,42508288:4096,uncalibrated_source_proxy,132.73990490030187,125.65210002225308,1327.3990490030185,2761,23698,1,M1:4163;M28:2052;M2:1960;M10:1944;M6:1332,2.25707275816615,0.0,0.0,0.0,donor,exact_warm_prefix_required,396
241,252671310,1046905,mixed,40,42968832:65536,uncalibrated_source_proxy,132.73990490030187,125.65210002225308,1327.3990490030185,2184,22908,1,M1:5175;M2:3024;M6:1806;M3:1782;M9:1562,2.188164160071831,0.0,0.0,0.0,donor,exact_warm_prefix_required,397
295,309360245,1044800,mixed,40,42968832:65536,uncalibrated_source_proxy,132.73990490030187,125.65210002225308,1327.3990490030185,2401,21311,1,M5:3876;M1:3358;M11:1710;M2:1484;M10:1386,2.0397205206738134,0.0,0.0,0.0,donor,exact_warm_prefix_required,398
385,403640913,1059406,mixed,40,42968832:65536,uncalibrated_source_proxy,132.73990490030187,125.65210002225308,1327.3990490030185,2185,20929,1,M1:3611;M10:1854;M12:1804;M11:1536;M3:1342,1.9755410107173266,0.0,0.0,0.0,donor,exact_warm_prefix_required,399
335,351277904,1048299,mixed,136,143158272:4096,uncalibrated_source_proxy,132.73990490030187,125.59114456972335,1327.3990490030185,2074,21420,1,M1:4531;M24:1650;M11:1572;M6:1506;M2:1470,2.0433101624631904,0.0,0.0,0.0,donor,exact_warm_prefix_required,400
79,82895685,1048835,list,2,2097920:16384,uncalibrated_source_proxy,132.73990490030187,125.57009357954715,1327.3990490030185,2357,24514,1,M1:6325;M2:2282;M9:1782;M6:1710;M10:1674,2.337259912188285,0.0,8.937105786383645,0.0,donor,exact_warm_prefix_required,401
19,19943395,1047479,list,16,16797952:4096,uncalibrated_source_proxy,132.73990490030187,125.57009357954715,1327.3990490030185,2066,19788,0,M1:3496;M7:1474;M53:1338;M12:1254;M10:1236,1.8891070847243716,0.0,8.925551332683744,0.0,donor,exact_warm_prefix_required,402
413,432976919,1050105,list,115,121671680:4096,uncalibrated_source_proxy,132.73990490030187,125.53535944575641,1327.3990490030185,2065,20321,1,M1:3519;M11:1776;M3:1562;M7:1562;M2:1540,1.9351398193513982,0.0,8.94792743549786,0.0,donor,exact_warm_prefix_required,403
259,271563651,1048845,list,115,121671680:4096,uncalibrated_source_proxy,132.73990490030187,125.53535944575641,1327.3990490030185,2118,19719,0,M1:3979;M2:1778;M6:1206;M12:1166;M10:1092,1.8800680748823706,0.0,8.93719099621919,0.0,donor,exact_warm_prefix_required,404
304,318803696,1049520,mixed,246,258944000:16384,uncalibrated_source_proxy,132.73990490030187,125.49332955783612,1327.3990490030185,2722,23147,1,M1:2622;M3:1738;M22:1728;M2:1456;M6:1062,2.2054844119216406,0.0,0.0,0.0,donor,exact_warm_prefix_required,405
178,186621099,1049227,mixed,41,43556352:4096,uncalibrated_source_proxy,132.73990490030187,125.43482015453915,1327.3990490030185,2063,23693,0,M1:4669;M7:3916;M3:2530;M6:1878;M9:1859,2.2581386106152435,0.0,0.0,0.0,donor,exact_warm_prefix_required,406
273,286249484,1050273,mixed,199,209117952:65536,uncalibrated_source_proxy,132.73990490030187,125.31133347173044,1327.3990490030185,2137,19983,1,M1:2691;M3:1826;M11:1512;M12:1474;M6:1200,1.9026481686190162,0.0,0.0,0.0,donor,exact_warm_prefix_required,407
196,205486793,1041362,mixed,64,68145408:65536,uncalibrated_source_proxy,132.73990490030187,125.25341841381538,1327.3990490030185,2105,19563,1,M1:3243;M11:2376;M7:1914;M10:1620;M5:1266,1.8785974521828144,0.0,0.0,0.0,donor,exact_warm_prefix_required,408
125,131096039,1047350,mixed,64,68145408:65536,uncalibrated_source_proxy,132.73990490030187,125.25341841381538,1327.3990490030185,2150,19466,1,M10:3468;M1:2645;M11:1488;M3:1342;M5:1206,1.8585955029359813,0.0,0.0,0.0,donor,exact_warm_prefix_required,409
379,397345533,1049370,list,26,27812352:4096,uncalibrated_source_proxy,132.73990490030187,125.23990490030187,1327.3990490030185,2049,20341,0,M1:4347;M2:2198;M10:2064;M6:1404;M15:1251,1.9384011359196471,0.0,8.941664512585303,0.0,donor,exact_warm_prefix_required,410
365,382679535,1046255,url,207,218046720:16384,uncalibrated_source_proxy,132.73990490030187,125.15925973901155,1327.3990490030185,2755,26843,1,M1:6072;M11:2526;M7:2002;M6:1686;M9:1661,2.5656269265140907,0.0,2.8213801408346955,0.0,donor,exact_warm_prefix_required,411
354,371185449,1028861,url,207,218046720:16384,uncalibrated_source_proxy,132.73990490030187,125.15925973901155,1327.3990490030185,2255,20964,1,M1:3933;M2:1806;M10:1602;M11:1470;M6:1260,2.037593027629583,0.0,2.774474667341447,0.0,donor,exact_warm_prefix_required,412
289,303058980,1048563,mixed,245,257355520:65536,uncalibrated_source_proxy,132.73990490030187,125.13990490030187,1327.3990490030185,1917,18287,1,M1:3956;M2:1988;M10:1620;M5:1470;M6:1230,1.7440058441886659,0.0,0.0,0.0,donor,exact_warm_prefix_required,413
143,149985050,1044901,list,27,28852736:16384;28858880:4096,uncalibrated_source_proxy,132.73990490030187,125.11921524512945,1327.3990490030185,2199,20574,0,M1:2783;M3:1826;M5:1374;M2:1288;M7:1276,1.968990363680387,0.0,8.903584237080244,0.0,donor,exact_warm_prefix_required,414
281,294668268,1048970,url,264,277295872:65536,uncalibrated_source_proxy,132.73990490030187,125.0732382336352,1327.3990490030185,3057,24993,1,M1:2438;M3:2266;M5:2196;M10:1836;M2:1806,2.3826229539452988,0.0,2.8287015367490436,0.0,donor,exact_warm_prefix_required,415
287,300957943,1050959,url,264,277295872:65536,uncalibrated_source_proxy,132.73990490030187,125.0732382336352,1327.3990490030185,2450,22057,1,M1:3772;M10:2112;M5:1878;M2:1638;M11:1452,2.098749808508229,0.0,2.834065167126074,0.0,donor,exact_warm_prefix_required,416
409,428788754,1038252,mixed,387,406724352:65536,uncalibrated_source_proxy,132.73990490030187,124.9572962046497,1327.3990490030185,2077,18959,0,M1:2622;M10:2376;M11:1980;M3:1540;M2:1176,1.8260499377800379,0.0,0.0,0.0,donor,exact_warm_prefix_required,417
293,307271702,1043472,mixed,292,306213632:65536,uncalibrated_source_proxy,132.73990490030187,124.9572962046497,1327.3990490030185,1868,18362,1,M1:4209;M12:1276;M6:1182;M2:1078;M38:1050,1.759702224880016,0.0,0.0,0.0,donor,exact_warm_prefix_required,418
145,152070567,1048142,list,138,144744704:65536,uncalibrated_source_proxy,132.73990490030187,124.61490490030187,1327.3990490030185,1651,14547,1,M1:2070;M11:1248;M10:1164;M2:952;M3:924,1.3878844660360905,0.0,8.931200744780378,0.0,donor,exact_warm_prefix_required,419
227,237961713,1046633,url,114,119580160:65536,uncalibrated_source_proxy,132.73990490030187,123.93990490030187,1327.3990490030185,2709,23059,1,M10:3018;M5:3012;M1:2668;M11:2364;M3:1672,2.203160037950265,0.0,2.8223994733045386,0.0,donor,exact_warm_prefix_required,420
68,71359090,1054090,mixed,40,42508288:4096;42968832:65536,uncalibrated_source_proxy,130.05801420452156,122.97020932647277,1300.5801420452156,2299,22180,1,M1:3565;M10:2892;M3:1914;M7:1870;M2:1750,2.104184652164426,0.0,0.0,0.0,donor,exact_warm_prefix_required,421
186,194999546,1050949,list,115,120628224:4096;121671680:4096,uncalibrated_source_proxy,130.05801420452156,122.8534687499761,1300.5801420452156,4671,34246,1,M22:8112;M26:8070;M1:3312;M2:2282;M28:1640,3.2585786750831867,0.0,8.955119145617857,0.0,donor,exact_warm_prefix_required,422
147,154165650,1049166,list,115,121674752:1024;121671680:4096,uncalibrated_source_proxy,130.05801420452156,122.8534687499761,1300.5801420452156,2644,25321,0,M3:3212;M7:2596;M1:2254;M10:1596;M11:1596,2.4134407710505297,0.0,8.939926231940186,0.0,donor,exact_warm_prefix_required,423
310,325085342,1046292,mixed,246,258944000:16384,uncalibrated_source_proxy,130.05801420452156,122.81143886205581,1300.5801420452156,1495,17118,1,M1:5221;M2:1904;M6:1458;M9:1265;M24:1166,1.6360633551628034,0.0,0.0,0.0,donor,exact_warm_prefix_required,424
67,70308921,1050169,mixed,41,43556352:4096,uncalibrated_source_proxy,130.05801420452156,122.75292945875884,1300.5801420452156,2738,25574,1,M1:3680;M3:2442;M2:2030;M7:1870;M6:1614,2.435227092020427,0.0,0.0,0.0,donor,exact_warm_prefix_required,425
513,537847452,1054600,list,510,534704128:16384,uncalibrated_source_proxy,132.73990490030187,122.73990490030187,1327.3990490030185,1912,15883,0,M5:5976;M1:2185;M2:2072;M3:1364;M6:942,1.5060686516214679,0.0,8.986229256575337,0.0,donor,exact_warm_prefix_required,426
109,114355709,1042596,url,100,104910592:4096,uncalibrated_source_proxy,130.05801420452156,122.64892329543065,1300.5801420452156,3166,28903,0,M1:5106;M5:3312;M10:3264;M11:2598;M7:1716,2.7722147408967617,0.0,2.811513110392486,0.0,donor,exact_warm_prefix_required,427
142,148933922,1051128,url,100,105897472:65536;104910592:4096,uncalibrated_source_proxy,130.05801420452156,122.64892329543065,1300.5801420452156,2913,24734,1,M5:2550;M1:2392;M11:2076;M3:1892;M10:1656,2.3530911554063825,0.0,2.8345209004260834,0.0,donor,exact_warm_prefix_required,428
184,192900101,1047633,list,163,171420416:65536,uncalibrated_source_proxy,130.05801420452156,122.57152771803507,1300.5801420452156,2660,23574,0,M1:4991;M2:2436;M28:1656;M6:1470;M9:1441,2.250215485766485,0.0,8.926863564151137,0.0,donor,exact_warm_prefix_required,429
187,196050495,1045237,list,163,171420416:65536,uncalibrated_source_proxy,130.05801420452156,122.57152771803507,1300.5801420452156,1837,18114,0,M1:3243;M2:1960;M3:1540;M6:1164;M7:1078,1.73300409380839,0.0,8.906447287554556,0.0,donor,exact_warm_prefix_required,430
185,193947734,1051812,list,26,27812352:4096,uncalibrated_source_proxy,130.05801420452156,122.55801420452156,1300.5801420452156,2159,21242,1,M1:4439;M10:2526;M2:2226;M7:1650;M6:1446,2.019562431309017,0.0,8.962472754425391,0.0,donor,exact_warm_prefix_required,431
291,305164045,1049572,url,99,104353536:65536,uncalibrated_source_proxy,130.05801420452156,122.52860243981567,1300.5801420452156,1989,17587,1,M1:3059;M5:2244;M11:1800;M10:1608;M7:1034,1.6756354018590436,0.0,2.8303249180899046,0.0,donor,exact_warm_prefix_required,432
277,290456928,1049059,url,206,216999424:16384,uncalibrated_source_proxy,130.05801420452156,122.47736904323123,1300.5801420452156,2684,23045,1,M5:2598;M3:2090;M1:2024;M11:1734;M6:1080,2.1967305937988235,0.0,2.8289415383094036,0.0,donor,exact_warm_prefix_required,433
104,109109158,1049000,mixed,93,97572096:16384,uncalibrated_source_proxy,130.05801420452156,122.45801420452156,1300.5801420452156,3000,26992,1,M1:4186;M38:4044;M2:2072;M3:1738;M10:1650,2.573117254528122,0.0,0.0,0.0,donor,exact_warm_prefix_required,434
224,234819972,1047842,mixed,221,232704256:16384,uncalibrated_source_proxy,130.05801420452156,122.45801420452156,1300.5801420452156,2123,20263,0,M1:3956;M2:1988;M10:1554;M5:1452;M11:1386,1.933783910169663,0.0,0.0,0.0,donor,exact_warm_prefix_required,435
32,33581405,1055789,list,27,28852736:16384;28858880:4096,uncalibrated_source_proxy,130.05801420452156,122.43732454934914,1300.5801420452156,2028,20663,1,M1:4623;M2:2100;M7:1914;M6:1434;M9:1386,1.957114537090271,0.0,8.996360706021637,0.0,donor,exact_warm_prefix_required,436
419,439285172,1045813,list,174,182438400:65536,uncalibrated_source_proxy,130.05801420452156,122.11064578346893,1300.5801420452156,1681,15118,1,M1:1932;M11:1194;M3:1100;M24:968;M47:830,1.4455739219152945,0.0,8.911355374081948,0.0,donor,exact_warm_prefix_required,437
321,336621386,1050766,prose,217,228518144:16384,uncalibrated_source_proxy,130.05801420452156,121.99919067510979,1300.5801420452156,1668,19437,1,M1:5957;M7:2112;M12:1738;M9:1595;M6:1542,1.849793388823011,0.0,5.952534146025628,0.0,donor,exact_warm_prefix_required,438
290,304107543,1056502,list,271,284671232:16384,uncalibrated_source_proxy,145.4092803899717,120.40928038997171,1454.0928038997172,1867,17673,1,M1:3427;M2:1498;M5:1476;M11:1284;M10:1242,1.672784339262964,0.0,9.002436167295995,0.0,donor,exact_warm_prefix_required,439
183,191852700,1047401,mixed,40,42508288:4096,uncalibrated_source_proxy,127.31964406448003,120.23183918643124,1273.1964406448003,4080,30498,1,M40:5394;M1:3404;M28:2944;M10:1794;M2:1526,2.9117787743185275,0.0,0.0,0.0,donor,exact_warm_prefix_required,440
329,345017453,1048200,list,115,121671680:4096,uncalibrated_source_proxy,127.31964406448003,120.11509860993458,1273.1964406448003,3108,27545,1,M1:5796;M2:2296;M28:1692;M5:1608;M6:1536,2.62783819881702,0.0,8.931694961826539,0.0,donor,exact_warm_prefix_required,441
210,220156614,1044679,list,115,121671680:4096,uncalibrated_source_proxy,127.31964406448003,120.11509860993458,1273.1964406448003,2362,21375,1,M1:3381;M40:2982;M7:1540;M2:1302;M3:1210,2.0460830551777147,0.0,8.901692578731145,0.0,donor,exact_warm_prefix_required,442
141,147886989,1046933,mixed,50,53000448:4096,uncalibrated_source_proxy,127.31964406448003,119.9800214229706,1273.1964406448003,2291,21554,0,M1:2645;M3:2244;M11:1902;M10:1692;M5:1488,2.0587754899310653,0.0,0.0,0.0,donor,exact_warm_prefix_required,443
129,135298059,1053942,mixed,116,122707712:16384,uncalibrated_source_proxy,127.31964406448003,119.86964406448003,1273.1964406448003,1347,13612,1,M1:2346;M3:1298;M2:1274;M6:942;M12:902,1.2915321715995758,0.0,0.0,0.0,donor,exact_warm_prefix_required,444
128,134244257,1053802,mixed,116,122707712:16384,uncalibrated_source_proxy,127.31964406448003,119.86964406448003,1273.1964406448003,1343,11949,1,M1:2116;M2:1134;M36:1002;M11:816;M6:672,1.1338942230134315,0.0,0.0,0.0,donor,exact_warm_prefix_required,445
252,264225800,1049842,url,111,117424640:65536,uncalibrated_source_proxy,127.31964406448003,119.80535835019431,1273.1964406448003,2651,23735,1,M1:3956;M11:2274;M10:2040;M2:1596;M12:1364,2.2608163895138507,0.0,2.8310530127112212,0.0,donor,exact_warm_prefix_required,446
397,416216119,1039686,url,206,216999424:16384,uncalibrated_source_proxy,127.31964406448003,119.73899890318971,1273.1964406448003,2700,23522,1,M10:2748;M5:2634;M1:2254;M3:2244;M11:2124,2.2624138441798776,0.0,2.8036658683627427,0.0,donor,exact_warm_prefix_required,447
377,395251046,1046860,url,284,298798848:65536,uncalibrated_source_proxy,127.31964406448003,119.50146224629822,1273.1964406448003,3147,27250,0,M1:3864;M10:2820;M11:2034;M5:1764;M2:1666,2.6030223716638328,0.0,2.8230116121157933,0.0,donor,exact_warm_prefix_required,448
285,298864512,1045862,url,284,298798848:65536;298339584:1024,uncalibrated_source_proxy,127.31964406448003,119.50146224629822,1273.1964406448003,2366,18842,0,M5:3066;M10:2994;M1:2415;M11:1578;M2:1008,1.8015761161606407,0.0,2.8203203586636687,0.0,donor,exact_warm_prefix_required,449
376,394203042,1048004,list,174,182438400:65536,uncalibrated_source_proxy,127.31964406448003,119.3722756434274,1273.1964406448003,2568,20759,1,M1:2898;M5:2118;M11:1650;M10:1446;M2:1120,1.980813050331869,0.0,8.930024849049856,0.0,donor,exact_warm_prefix_required,450
303,317753088,1050608,mixed,212,223231744:65536,uncalibrated_source_proxy,127.31964406448003,119.3722756434274,1273.1964406448003,2038,17880,0,M3:2024;M1:1679;M2:1190;M5:1020;M11:870,1.7018716781140064,0.0,0.0,0.0,donor,exact_warm_prefix_required,451
370,387908815,1049542,mixed,361,378494464:16384,uncalibrated_source_proxy,127.31964406448003,119.31964406448003,1273.1964406448003,9395,64915,1,M22:45186;M1:5313;M24:2288;M9:1408;M6:1398,6.185078824858843,0.0,0.0,0.0,donor+scr2_oracle,exact_warm_prefix_required,452
36,37785676,1053728,url,31,33055744:1024,uncalibrated_source_proxy,127.31964406448003,119.31964406448003,1273.1964406448003,3100,28538,1,M1:5635;M5:3084;M2:2884;M11:2574;M10:1974,2.7082890461295515,0.0,2.8415321819646855,0.0,donor,exact_warm_prefix_required,453
306,320900148,1048934,list,152,159930880:4096,uncalibrated_source_proxy,127.31964406448003,119.11964406448003,1273.1964406448003,1840,17912,1,M1:2760;M3:1738;M2:1386;M10:1308;M6:1182,1.707638421483144,0.0,8.937949363755541,0.0,donor,exact_warm_prefix_required,454
374,392101974,1050040,list,371,389947392:65536,uncalibrated_source_proxy,127.31964406448003,118.51964406448003,1273.1964406448003,2794,23864,1,M1:2645;M38:2022;M3:1826;M11:1806;M5:1728,2.272675326654223,0.0,8.947373571566818,0.0,donor,exact_warm_prefix_required,455
195,204438665,1048128,mixed,40,42968832:65536,uncalibrated_source_proxy,124.52106838036782,117.43326350231904,1245.2106838036782,2066,20368,1,M1:3749;M7:2046;M10:1698;M2:1652;M3:1474,1.943274103926238,0.0,0.0,0.0,donor,exact_warm_prefix_required,456
236,247430483,1048544,mixed,40,42968832:65536,uncalibrated_source_proxy,124.52106838036782,117.43326350231904,1245.2106838036782,1893,19647,1,M1:4186;M2:2352;M7:1804;M3:1606;M9:1540,1.8737411114841152,0.0,0.0,0.0,donor,exact_warm_prefix_required,457
302,316704783,1048305,mixed,40,42968832:65536,uncalibrated_source_proxy,124.52106838036782,117.43326350231904,1245.2106838036782,1753,15884,1,M1:2162;M10:1428;M3:1408;M2:1316;M5:1068,1.5152078832019307,0.0,0.0,0.0,donor,exact_warm_prefix_required,458
340,356534971,1049268,mixed,40,42508288:4096,uncalibrated_source_proxy,124.52106838036782,117.43326350231904,1245.2106838036782,1704,15448,1,M1:3220;M11:1740;M2:1232;M5:1110;M10:990,1.4722644738998998,0.0,0.0,0.0,donor,exact_warm_prefix_required,459
344,360733023,1048107,mixed,40,42508288:4096,uncalibrated_source_proxy,124.52106838036782,117.43326350231904,1245.2106838036782,1669,14471,1,M1:2530;M10:1392;M5:1278;M11:1170;M2:1120,1.3806796443492888,0.0,0.0,0.0,donor,exact_warm_prefix_required,460
270,283107301,1048462,list,2,2097920:16384,uncalibrated_source_proxy,124.52106838036782,117.3512570596131,1245.2106838036782,1651,14916,1,M1:1932;M5:1410;M10:1350;M3:1320;M11:1278,1.4226552798289305,0.0,8.933927459517818,0.0,donor,exact_warm_prefix_required,461
189,198147847,1049372,url,45,48260352:16384;47719680:65536,uncalibrated_source_proxy,124.52106838036782,117.23074579972265,1245.2106838036782,2598,22378,0,M5:3288;M1:3266;M10:2772;M2:1638;M11:1410,2.1325135414323997,0.0,2.8297855887407812,0.0,donor,exact_warm_prefix_required,462
255,267368621,1046053,mixed,41,43556352:4096,uncalibrated_source_proxy,124.52106838036782,117.21598363460511,1245.2106838036782,2287,21049,1,M1:3795;M10:2574;M11:1776;M2:1694;M12:1408,2.0122307378306834,0.0,0.0,0.0,donor,exact_warm_prefix_required,463
84,88136600,1048261,mixed,63,66113280:65536;66113280:4096,uncalibrated_source_proxy,124.52106838036782,117.21598363460511,1245.2106838036782,2085,19579,1,M1:4278;M7:1628;M2:1554;M6:1200;M10:1152,1.8677600330452053,0.0,0.0,0.0,donor,exact_warm_prefix_required,464
9,9447260,1046778,mixed,5,5759488:16384,uncalibrated_source_proxy,124.52106838036782,117.13808965696357,1245.2106838036782,3203,28749,1,M1:3841;M10:2424;M11:2424;M3:1958;M7:1606,2.746427609292515,0.0,0.0,0.0,donor,exact_warm_prefix_required,465
192,201293852,1047487,url,113,118538752:16384,uncalibrated_source_proxy,124.52106838036782,117.08204399012392,1245.2106838036782,2372,21836,1,M1:3795;M10:2682;M5:2106;M7:1958;M11:1332,2.084608209934825,0.0,2.824702409625295,0.0,donor,exact_warm_prefix_required,466
119,124811593,1048069,mixed,116,122707712:16384,uncalibrated_source_proxy,124.52106838036782,117.07106838036782,1245.2106838036782,2216,21003,1,M1:4554;M10:1800;M2:1554;M12:1496;M9:1353,2.003971112588961,0.0,0.0,0.0,donor,exact_warm_prefix_required,467
296,310405045,1048323,mixed,78,82362624:16384,uncalibrated_source_proxy,124.52106838036782,117.02106838036782,1245.2106838036782,2259,20061,1,M1:3496;M22:2382;M5:2022;M2:1372;M11:1290,1.9136277654883085,0.0,0.0,0.0,donor,exact_warm_prefix_required,468
355,372214310,1040341,url,206,216999424:16384,uncalibrated_source_proxy,124.52106838036782,116.9404232190775,1245.2106838036782,1981,17576,1,M1:3312;M5:2766;M2:1232;M6:906;M11:840,1.689446056629509,0.0,2.8054321719811215,0.0,donor,exact_warm_prefix_required,469
393,412024078,1046428,list,357,374815232:16384,uncalibrated_source_proxy,124.52106838036782,116.57369995931519,1245.2106838036782,4610,40413,1,M1:6831;M22:4302;M26:4110;M24:3344;M9:2486,3.8619952830008373,0.0,8.916595778967965,0.0,donor+scr2_oracle,exact_warm_prefix_required,470
305,319853216,1046932,mixed,263,276802048:1024,uncalibrated_source_proxy,124.52106838036782,116.13645299575244,1245.2106838036782,1847,18992,1,M1:3979;M2:1610;M6:1332;M3:1254;M12:1254,1.8140624223922852,0.0,0.0,0.0,donor,exact_warm_prefix_required,471
221,231673695,1047074,mixed,40,42968832:65536,uncalibrated_source_proxy,121.65813238937459,114.5703275113258,1216.5813238937458,2126,23408,1,M1:6463;M24:4928;M6:1746;M5:1644;M9:1474,2.2355631025123346,0.0,0.0,0.0,donor,exact_warm_prefix_required,472
226,236918564,1043149,mixed,40,42508288:4096,uncalibrated_source_proxy,121.65813238937459,114.5703275113258,1216.5813238937458,2219,19283,1,M1:2622;M11:2292;M5:2208;M10:2058;M2:1610,1.8485374572568252,0.0,0.0,0.0,donor,exact_warm_prefix_required,473
405,424587785,1052385,mixed,136,143680512:4096,uncalibrated_source_proxy,121.65813238937459,114.50937205879607,1216.5813238937458,2242,22449,1,M1:5244;M2:1988;M11:1908;M6:1542;M7:1474,2.1331546914864807,0.0,0.0,0.0,donor,exact_warm_prefix_required,474
6,6291800,1050555,list,2,2097920:16384,uncalibrated_source_proxy,121.65813238937459,114.48832106861987,1216.5813238937458,7529,55313,1,M35:29796;M1:5566;M10:2226;M7:2024;M2:1708,5.265121768969735,0.0,8.951761878097384,0.0,donor+scr2_oracle,exact_warm_prefix_required,475
333,349177998,1051992,list,115,121671680:4096,uncalibrated_source_proxy,121.65813238937459,114.45358693482913,1216.5813238937458,2137,19499,1,M1:3680;M10:1668;M2:1554;M11:1368;M6:1098,1.8535312055604987,0.0,8.964006531465202,0.0,donor,exact_warm_prefix_required,476
69,72413180,1048830,url,39,40937216:16384,uncalibrated_source_proxy,121.65813238937459,114.3812093124515,1216.5813238937458,3065,27847,1,M1:4646;M5:3420;M10:2238;M11:2010;M2:1792,2.6550537265333753,0.0,2.8283240062046575,0.0,donor,exact_warm_prefix_required,477
230,241116537,1055858,mixed,41,43556352:4096,uncalibrated_source_proxy,121.65813238937459,114.35304764361187,1216.5813238937458,1964,16469,1,M1:2484;M11:1728;M5:1668;M10:1488;M2:1204,1.5597741362948427,0.0,0.0,0.0,donor,exact_warm_prefix_required,478
25,26242226,1047499,mixed,5,5759488:16384,uncalibrated_source_proxy,121.65813238937459,114.27515366597034,1216.5813238937458,3113,30789,1,M1:6210;M10:2724;M7:2684;M6:1956;M9:1837,2.9392868155482725,0.0,0.0,0.0,donor,exact_warm_prefix_required,479
121,126906949,1049127,mixed,64,68145408:65536,uncalibrated_source_proxy,121.65813238937459,114.1716459028881,1216.5813238937458,3189,25027,0,M26:4788;M22:4776;M1:2737;M24:1562;M10:1470,2.385507188357558,0.0,0.0,0.0,donor,exact_warm_prefix_required,480
341,357584239,1044338,mixed,248,260525824:16384,uncalibrated_source_proxy,121.65813238937459,114.1716459028881,1216.5813238937458,1712,15130,1,M1:2944;M10:1386;M11:1302;M2:1204;M5:1062,1.4487646719740161,0.0,0.0,0.0,donor,exact_warm_prefix_required,481
132,138449376,1039752,list,26,27812352:4096;27813888:1024,uncalibrated_source_proxy,121.65813238937459,114.15813238937459,1216.5813238937458,1294,13199,1,M1:2852;M11:1182;M7:1034;M24:880;M10:846,1.269437327362679,0.0,8.859709692758125,0.0,donor,exact_warm_prefix_required,482
228,239008346,1056407,url,69,72413184:16384;73457664:4096,uncalibrated_source_proxy,121.65813238937459,114.14384667508887,1216.5813238937458,2064,16978,1,M5:2970;M11:1650;M1:1633;M3:1452;M2:1442,1.6071457307647525,0.0,2.8487564985961913,0.0,donor,exact_warm_prefix_required,483
378,396297906,1047627,url,207,218046720:16384,uncalibrated_source_proxy,121.65813238937459,114.07748722808427,1216.5813238937458,2418,22889,1,M1:3611;M11:2574;M24:1760;M5:1710;M3:1364,2.18484250596825,0.0,2.8250799401696813,0.0,donor,exact_warm_prefix_required,484
250,262114976,1060224,list,174,182438400:65536,uncalibrated_source_proxy,121.65813238937459,113.71076396832196,1216.5813238937458,1776,19175,1,M1:5244;M2:3682;M78:2490;M3:1144;M28:1040,1.8085800736448148,0.0,9.034151268085843,0.0,donor,exact_warm_prefix_required,485
410,429827006,1055957,mixed,390,408880384:65536,uncalibrated_source_proxy,121.65813238937459,112.40813238937459,1216.5813238937458,2012,16103,1,M1:2139;M4:1704;M28:1424;M2:1008;M11:930,1.5249673992406887,0.0,0.0,0.0,donor,exact_warm_prefix_required,486
134,140539767,1048234,mixed,40,42968832:65536;43017984:16384,uncalibrated_source_proxy,118.72618027357294,111.63837539552415,1187.2618027357294,989,9366,1,M1:1725;M2:1064;M10:918;M11:882;M3:594,0.8935027865915435,0.0,0.0,0.0,donor,exact_warm_prefix_required,487
345,361781130,1038604,list,2,3080960:65536,uncalibrated_source_proxy,118.72618027357294,111.55636895281822,1187.2618027357294,1779,15637,1,M1:2277;M10:1686;M2:1680;M5:1302;M3:1144,1.5055786421003579,0.0,8.84992760363756,0.0,donor,exact_warm_prefix_required,488
380,398394903,1051957,list,115,121671680:4096,uncalibrated_source_proxy,118.72618027357294,111.52163481902748,1187.2618027357294,2344,22747,1,M3:3586;M22:2664;M12:2332;M1:2208;M2:1820,2.162350742473314,0.0,8.963708297040794,0.0,donor,exact_warm_prefix_required,489
144,151029951,1040616,list,115,121659392:16384;121119232:65536,uncalibrated_source_proxy,118.72618027357294,111.52163481902748,1187.2618027357294,2519,19752,0,M37:8172;M1:1978;M2:1344;M3:1144;M11:864,1.8981065061463596,0.0,8.867071822549214,0.0,donor,exact_warm_prefix_required,490
130,136352001,1050287,list,115,121119232:65536;121610240:65536,uncalibrated_source_proxy,118.72618027357294,111.52163481902748,1187.2618027357294,1544,14421,1,M1:2254;M2:1316;M3:1100;M11:1098;M5:936,1.3730532702013831,0.0,8.949478254504779,0.0,donor,exact_warm_prefix_required,491
416,436122050,1048541,list,115,121671680:4096,uncalibrated_source_proxy,118.72618027357294,111.52163481902748,1187.2618027357294,1523,14295,1,M3:1782;M1:1311;M24:1100;M10:1092;M11:840,1.3633229411153212,0.0,8.934600617218623,0.0,donor,exact_warm_prefix_required,492
223,233768080,1051892,url,45,48260352:16384;47228416:16384,uncalibrated_source_proxy,118.72618027357294,111.43585769292777,1187.2618027357294,2158,19418,1,M1:3841;M5:2856;M11:1884;M2:1778;M10:1380,1.8460070045213768,0.0,2.836581138539734,0.0,donor,exact_warm_prefix_required,493
29,30430735,1054148,mixed,5,5759488:16384,uncalibrated_source_proxy,118.72618027357294,111.34320155016869,1187.2618027357294,1920,18735,1,M1:2806;M3:2046;M2:1820;M11:1692;M7:1408,1.777264672512778,0.0,0.0,0.0,donor,exact_warm_prefix_required,494
411,430882963,1051964,list,169,178227200:16384,uncalibrated_source_proxy,118.72618027357294,111.27618027357293,1187.2618027357294,1601,16129,1,M1:3887;M2:1386;M11:1356;M7:1144;M6:1038,1.5332273727998296,0.0,8.963767943925674,0.0,donor,exact_warm_prefix_required,495
233,244274074,1052550,mixed,141,148868352:65536,uncalibrated_source_proxy,118.72618027357294,111.21189455928722,1187.2618027357294,1709,15706,1,M1:2530;M11:2520;M7:1342;M10:1218;M5:1008,1.49218564438744,0.0,0.0,0.0,donor,exact_warm_prefix_required,496
140,146842039,1044950,list,137,143684864:65536;144181760:65536,uncalibrated_source_proxy,118.72618027357294,110.72618027357294,1187.2618027357294,1144,11372,1,M1:1932;M3:1100;M2:1050;M10:1026;M6:738,1.0882817359682282,0.0,8.904001765274415,0.0,donor,exact_warm_prefix_required,497
407,426684777,1048625,list,392,411958528:65536,uncalibrated_source_proxy,118.72618027357294,110.52618027357293,1187.2618027357294,1137,11677,1,M1:3174;M2:1764;M6:882;M16:780;M11:588,1.1135534628680415,0.0,8.9353163798372,0.0,donor,exact_warm_prefix_required,498
131,137402288,1047088,list,115,121671680:4096;121659392:16384,uncalibrated_source_proxy,115.71996624712304,108.51542079257759,1157.1996624712303,1242,12310,1,M1:2990;M10:1416;M2:1092;M6:852;M5:774,1.1756413978576776,0.0,8.922219628113934,0.0,donor,exact_warm_prefix_required,499
286,299910374,1047569,url,39,40937216:16384,uncalibrated_source_proxy,115.71996624712304,108.44304317019996,1157.1996624712303,2410,19592,0,M5:4164;M1:2438;M10:2340;M11:2016;M2:1036,1.8702348007625273,0.0,2.8249235346584354,0.0,donor,exact_warm_prefix_required,500
283,296765347,1050257,url,113,118538752:16384,uncalibrated_source_proxy,115.71996624712304,108.28094185687914,1157.1996624712303,2620,21916,0,M5:5304;M10:2142;M1:2139;M3:1738;M11:1674,2.086727343878689,0.0,2.8321721211106516,0.0,donor,exact_warm_prefix_required,501
395,414120179,1047416,list,169,178227200:16384,uncalibrated_source_proxy,115.71996624712304,108.26996624712304,1157.1996624712303,2575,21861,1,M1:2530;M10:2526;M5:2430;M11:1860;M2:1778,2.087136343153055,0.0,8.92501451071981,0.0,donor,exact_warm_prefix_required,502
133,139489128,1050639,mixed,64,68145408:65536,uncalibrated_source_proxy,115.71996624712304,108.23347976063656,1157.1996624712303,1432,13206,1,M1:2530;M11:1296;M10:1272;M2:882;M5:780,1.2569493422574263,0.0,0.0,0.0,donor,exact_warm_prefix_required,503
381,399446860,1048161,list,26,27812352:4096,uncalibrated_source_proxy,115.71996624712304,108.21996624712304,1157.1996624712303,2232,22384,0,M3:3630;M2:3122;M1:2944;M6:1734;M11:1338,2.1355497867216964,0.0,8.931362643467914,0.0,donor,exact_warm_prefix_required,504
398,417255805,1048044,url,99,104353536:65536,uncalibrated_source_proxy,115.71996624712304,108.19055448241716,1157.1996624712303,2786,23038,1,M5:4194;M11:2328;M3:2200;M10:1656;M1:1403,2.1981901523218492,0.0,2.826204441862603,0.0,donor,exact_warm_prefix_required,505
232,243222974,1051100,mixed,195,204954368:16384,uncalibrated_source_proxy,115.71996624712304,108.19055448241716,1157.1996624712303,1587,13776,1,M11:2448;M1:2185;M2:1036;M5:1014;M10:924,1.3106269622300448,0.0,0.0,0.0,donor,exact_warm_prefix_required,506
235,246375727,1054756,url,207,218046720:16384,uncalibrated_source_proxy,115.71996624712304,108.13932108583272,1157.1996624712303,2125,18801,1,M1:3082;M11:2460;M5:1764;M10:1722;M7:1298,1.7824975634175109,0.0,2.844304334819179,0.0,donor,exact_warm_prefix_required,507
229,240064753,1051784,url,207,218046720:16384,uncalibrated_source_proxy,115.71996624712304,108.13932108583272,1157.1996624712303,2128,17793,1,M5:3126;M11:2070;M1:1978;M10:1956;M2:1484,1.6916971545488426,0.0,2.8362899006912077,0.0,donor,exact_warm_prefix_required,508
278,291505987,1066143,url,206,216999424:16384,uncalibrated_source_proxy,115.71996624712304,108.13932108583272,1157.1996624712303,2145,17759,1,M5:2244;M1:1955;M10:1836;M3:1100;M2:1022,1.6657240163842937,0.0,2.875011051311511,0.0,donor,exact_warm_prefix_required,509
408,427733402,1055352,list,173,181910016:4096,uncalibrated_source_proxy,115.71996624712304,107.51996624712304,1157.1996624712303,2032,19233,1,M1:4255;M2:1820;M22:1392;M6:1188;M7:1056,1.822425124508221,0.0,8.99263703620832,0.0,donor,exact_warm_prefix_required,510
512,536798246,1049206,mixed,40,42968832:65536,uncalibrated_source_proxy,112.63354426687305,105.54573938882426,1126.3354426687304,2016,17769,1,M5:3096;M3:3014;M10:2700;M2:2688;M1:1334,1.6935663730478094,0.0,0.0,0.0,donor,exact_warm_prefix_required,511
343,359678422,1054601,mixed,63,66113280:4096,uncalibrated_source_proxy,112.63354426687305,105.32845952111033,1126.3354426687304,1787,14402,1,M1:2277;M10:1866;M5:1422;M11:1206;M2:952,1.3656349652617434,0.0,0.0,0.0,donor,exact_warm_prefix_required,512
34,35682590,1052933,mixed,5,5759488:16384,uncalibrated_source_proxy,112.63354426687305,105.2505655434688,1126.3354426687304,2267,24407,1,M1:6026;M7:3212;M6:1716;M9:1463;M11:1422,2.3180012403448274,0.0,0.0,0.0,donor,exact_warm_prefix_required,513
239,250573740,1047626,url,111,117424640:65536,uncalibrated_source_proxy,112.63354426687305,105.11925855258733,1126.3354426687304,2110,18334,1,M1:3197;M11:2646;M10:2268;M2:1330;M5:1284,1.7500520223820333,0.0,2.8250772435229354,0.0,donor,exact_warm_prefix_required,514
294,308315174,1045071,mixed,234,245326848:65536,uncalibrated_source_proxy,112.63354426687305,104.43354426687304,1126.3354426687304,1496,15150,1,M1:3519;M2:1078;M6:1020;M12:990;M7:968,1.4496622717499577,0.0,0.0,0.0,donor,exact_warm_prefix_required,515
39,40937191,1049210,url,30,31484928:256,uncalibrated_source_proxy,112.63354426687305,103.63354426687305,1126.3354426687304,2635,25662,1,M1:6371;M2:3780;M5:2046;M9:1914;M6:1854,2.4458402035817426,0.0,2.8293487319679915,0.0,donor,exact_warm_prefix_required,516
339,355486094,1048877,url,111,117424640:65536,uncalibrated_source_proxy,109.46012972767755,101.94584401339183,1094.6012972767755,2093,17485,1,M1:3013;M10:2316;M5:1644;M2:1456;M11:1314,1.6670210139034416,0.0,2.828450748601701,0.0,donor,exact_warm_prefix_required,517
337,353383288,1041599,url,206,216999424:16384,uncalibrated_source_proxy,109.46012972767755,101.87948456638723,1094.6012972767755,1840,15615,1,M10:2640;M1:2507;M5:1368;M11:1248;M2:1008,1.4991373839644624,0.0,2.8088245535871064,0.0,donor,exact_warm_prefix_required,518
338,354424887,1061207,mixed,40,42968832:65536;43017984:16384,uncalibrated_source_proxy,106.19192392024148,99.10411904219269,1061.9192392024147,1619,13735,1,M1:2231;M5:1950;M10:1644;M11:1026;M2:966,1.2942809461302083,0.0,0.0,0.0,donor,exact_warm_prefix_required,519
135,141588001,1047941,list,15,16271616:4096,uncalibrated_source_proxy,106.19192392024148,98.79192392024147,1061.9192392024147,1429,13278,1,M1:1978;M10:1416;M11:1182;M3:858;M15:837,1.267056065179242,0.0,8.929488027085924,0.0,donor,exact_warm_prefix_required,520
231,242172395,1050579,url,113,118538752:16384,uncalibrated_source_proxy,106.19192392024148,98.75289952999758,1061.9192392024147,2163,18564,1,M1:2967;M10:2010;M11:1680;M5:1494;M2:1470,1.7670256115913225,0.0,2.83304044136274,0.0,donor,exact_warm_prefix_required,521
330,346065653,1018320,mixed,328,345013248:4096,uncalibrated_source_proxy,106.19192392024148,98.67763820595576,1061.9192392024147,2236,17367,1,M1:3657;M28:3508;M2:1568;M6:1044;M7:880,1.7054560452510017,0.0,0.0,0.0,donor,exact_warm_prefix_required,522
7,7342355,1050180,list,2,2097920:16384;3080960:65536,uncalibrated_source_proxy,102.81988821120507,95.65007689045035,1028.1988821120506,2502,24563,1,M1:6279;M2:2912;M5:1938;M6:1650;M9:1364,2.3389323734978764,0.0,8.948566509264447,0.0,donor,exact_warm_prefix_required,523
342,358628577,1049845,url,44,46694144:16384,uncalibrated_source_proxy,102.81988821120507,95.54296513428199,1028.1988821120506,2646,19951,1,M1:2944;M38:2418;M10:2070;M28:1904;M11:1320,1.9003757697564878,0.0,2.831061102651458,0.0,donor,exact_warm_prefix_required,524
530,554867313,32271513,xml,,,none,0.0,0.0,0.0,30099,183246,0,M57:33948;M83:24612;M82:24552;M84:22500;M98:17532,0.5678258716906146,0.0,1267.0832136679007,0.0,defer,exact_warm_prefix_required,525
0,0,1048219,list,,,none,0.0,0.0,0.0,9960,98881,1,M1:30705;M38:21000;M2:18704;M9:11352;M6:8022,9.433238664820996,0.0,8.931856860514074,0.0,scr2_oracle,exact_warm_prefix_required,526
4,4195514,1047961,mixed,,,none,0.0,0.0,0.0,3655,31170,1,M1:7981;M2:5068;M28:4536;M9:2508;M6:2238,2.974347327810863,0.0,0.0,0.0,defer,exact_warm_prefix_required,527
217,227488419,1046237,prose,,,none,0.0,0.0,0.0,2389,29256,0,M7:7326;M1:5359;M3:3916;M9:2805;M6:2454,2.7963071464687257,0.0,5.926877599137596,0.0,defer,exact_warm_prefix_required,528
30,31484883,1046146,url,,,none,0.0,0.0,0.0,2665,26060,1,M1:5405;M11:2598;M10:2394;M2:1918;M12:1716,2.4910480946254157,0.0,2.8210862063394235,0.0,defer,exact_warm_prefix_required,529
31,32531029,1050376,url,,,none,0.0,0.0,0.0,2481,23613,1,M1:4738;M10:2814;M2:2030;M11:1878;M6:1512,2.248052126095798,0.0,2.83249302207338,0.0,defer,exact_warm_prefix_required,530
87,91284118,1050456,template,,,none,0.0,0.0,0.0,1785,18149,1,M1:4646;M2:2912;M6:1470;M9:1232;M3:968,1.7277258638153334,0.0,0.0,0.0,defer,exact_warm_prefix_required,531
