pack_id,recipient_offset,candidate_rank,source_group,source_start,donor_offset,donor_length,phrase_score,signature_hits,overlap_windows,overlap_fraction,class_match,screen_score
1,1048219,0,0,0,982528,65536,482,80,346,0.013462511,1,518718.511186
1,1048219,1,0,0,491264,65536,457,75,346,0.013462511,1,492478.511186
2,2097908,0,1,1048219,1048320,65536,215,35,218,0.007292677,1,232868.677215
2,2097908,1,0,0,982528,65536,126,20,232,0.009026886,1,141602.886113
2,2097908,2,1,1048219,1540096,65536,125,21,218,0.007292677,1,138916.677215
2,2097908,3,0,0,491264,65536,114,18,232,0.009026886,1,129058.886113
3,3146668,0,2,2097908,2097920,16384,48,8,156,0.005137325,1,56001.324639
3,3146668,1,1,1048219,1048320,65536,48,8,7,0.000234169,1,50502.168534
3,3146668,2,0,0,0,1024,12,2,9,0.000350181,1,12994.180927
3,3146668,3,2,2097908,3080960,65536,42,6,156,0.005137325,1,49601.324639
3,3146668,4,1,1048219,1540096,65536,48,8,7,0.000234169,1,50502.168534
3,3146668,5,0,0,0,4096,12,2,9,0.000350181,1,12994.180927
5,5243475,0,4,4195514,5177856,65536,96,14,242,0.008549122,1,109677.122125
5,5243475,1,4,4195514,4195584,256,29,7,242,0.008549122,1,40173.122125
6,6291800,0,2,2097908,2097920,16384,33,5,21,0.000691563,1,35271.562932
6,6291800,1,1,1048219,1048320,65536,33,5,12,0.000401432,1,34945.431773
6,6291800,2,3,3146668,4129792,65536,33,5,9,0.000290473,1,34822.472502
6,6291800,3,0,0,523520,1024,3,1,15,0.000583635,1,3907.634878
6,6291800,4,1,1048219,1540096,65536,33,5,12,0.000401432,1,34945.431773
6,6291800,5,0,0,523776,256,3,1,15,0.000583635,1,3907.634878
7,7342355,0,2,2097908,2097920,16384,31,5,15,0.000493974,1,33001.973523
7,7342355,1,3,3146668,4129792,65536,31,5,14,0.000435269,1,32939.269245
7,7342355,2,1,1048219,1048320,65536,31,5,11,0.000367979,1,32859.979126
7,7342355,3,0,0,523520,1024,6,2,13,0.000505817,1,7021.816894
7,7342355,4,2,2097908,3080960,65536,15,3,15,0.000493974,1,16361.973523
7,7342355,5,1,1048219,1540096,65536,31,5,11,0.000367979,1,32859.979126
7,7342355,6,0,0,523776,256,6,2,13,0.000505817,1,7021.816894
8,8392535,0,7,7342355,8326912,65536,84,12,227,0.006993653,1,95517.653337
8,8392535,1,2,2097908,2097920,16384,39,7,20,0.000658631,1,41634.631364
8,8392535,2,1,1048219,1048320,65536,39,7,16,0.000535242,1,41495.242364
8,8392535,3,3,3146668,4129792,65536,39,7,10,0.000310907,1,41246.906604
8,8392535,4,0,0,523520,1024,6,2,20,0.000778180,1,7322.179837
8,8392535,5,7,7342355,7834624,65536,39,7,227,0.006993653,1,48797.653337
8,8392535,6,1,1048219,1540096,65536,39,7,16,0.000535242,1,41495.242364
8,8392535,7,0,0,523776,256,6,2,20,0.000778180,1,7322.179837
9,9447260,0,5,5243475,5759488,16384,22,4,22,0.000777193,1,23969.192920
10,10494038,0,7,7342355,8326912,65536,63,9,129,0.003974367,1,70218.366874
10,10494038,1,2,2097908,3080960,65536,48,8,21,0.000691563,1,51015.562932
10,10494038,2,7,7342355,7865344,4096,20,4,129,0.003974367,1,25546.366874
11,11543054,0,7,7342355,7834624,65536,46,8,83,0.002557151,1,51081.150779
11,11543054,1,2,2097908,2097920,16384,36,6,17,0.000559837,1,38323.836659
11,11543054,2,3,3146668,4129792,65536,36,6,13,0.000404179,1,38152.178585
11,11543054,3,1,1048219,1048320,65536,36,6,9,0.000301074,1,38033.073830
11,11543054,4,10,10494038,10494208,65536,21,3,79,0.002424205,1,24692.205229
11,11543054,5,8,8392535,8392704,16384,12,2,95,0.002919663,1,15907.663163
11,11543054,6,7,7342355,8326912,65536,21,3,83,0.002557151,1,24841.150779
11,11543054,7,2,2097908,3080960,65536,21,3,17,0.000559837,1,22579.836659
11,11543054,8,1,1048219,1540096,65536,36,6,9,0.000301074,1,38033.073830
12,12591020,0,7,7342355,7834624,65536,90,14,132,0.004066794,1,98610.794011
12,12591020,1,8,8392535,8392704,65536,73,13,144,0.004434726,1,81490.726371
12,12591020,2,2,2097908,3080960,65536,21,3,15,0.000493974,1,22505.973523
12,12591020,3,3,3146668,4129792,65536,12,2,11,0.000341997,1,12993.997264
12,12591020,4,1,1048219,1048320,65536,12,2,8,0.000267621,1,12907.621182
12,12591020,5,7,7342355,8326912,65536,54,8,132,0.004066794,1,60978.794011
12,12591020,6,8,8392535,8392704,16384,5,1,144,0.004434726,1,10322.726371
12,12591020,7,2,2097908,2097920,16384,12,2,15,0.000493974,1,13161.973523
12,12591020,8,1,1048219,1540096,65536,12,2,8,0.000267621,1,12907.621182
13,13641602,0,2,2097908,2097920,16384,24,4,14,0.000461042,1,25669.041955
13,13641602,1,3,3146668,4129792,65536,24,4,13,0.000404179,1,25608.178585
13,13641602,2,1,1048219,1048320,65536,24,4,11,0.000367979,1,25563.979126
13,13641602,3,7,7342355,7859200,16384,12,2,53,0.001632879,1,14452.879413
13,13641602,4,0,0,523520,1024,6,2,14,0.000544726,1,7064.725886
13,13641602,5,11,11543054,11543296,256,3,1,39,0.001194670,1,4614.669934
13,13641602,6,1,1048219,1540096,65536,24,4,11,0.000367979,1,25563.979126
13,13641602,7,7,7342355,7865344,4096,12,2,53,0.001632879,1,14452.879413
13,13641602,8,0,0,523776,256,6,2,14,0.000544726,1,7064.725886
14,14699215,0,2,2097908,2097920,16384,60,10,20,0.000658631,1,63522.631364
14,14699215,1,1,1048219,1048320,65536,60,10,13,0.000434884,1,63270.884421
14,14699215,2,3,3146668,4129792,65536,60,10,10,0.000310907,1,63134.906604
14,14699215,3,7,7342355,8326912,65536,42,6,130,0.004005176,1,48365.175920
14,14699215,4,12,12591020,12591104,65536,41,7,93,0.002864094,1,46180.094115
14,14699215,5,13,13641602,13641728,16384,42,6,54,0.001654158,1,45710.158370
14,14699215,6,6,6291800,7276800,65536,21,3,53,0.001710560,1,23874.560289
14,14699215,7,8,8392535,8392704,65536,16,2,127,0.003903129,1,21115.128650
14,14699215,8,2,2097908,3080960,65536,42,6,20,0.000658631,1,44578.631364
14,14699215,9,1,1048219,1540096,65536,60,10,13,0.000434884,1,63270.884421
14,14699215,10,8,8392535,8392704,16384,15,3,127,0.003903129,1,20219.128650
15,15749490,0,7,7342355,8326912,65536,63,9,210,0.006487288,1,73055.288005
15,15749490,1,13,13641602,13641728,16384,57,9,79,0.002440456,1,62340.455964
15,15749490,2,6,6291800,7276800,65536,45,7,62,0.002001033,1,49289.032791
15,15749490,3,2,2097908,3080960,65536,45,7,16,0.000526905,1,47630.905091
15,15749490,4,8,8392535,8392704,16384,24,4,224,0.006919774,1,32967.773872
15,15749490,5,12,12591020,12591104,65536,21,3,133,0.004108616,1,26592.615736
15,15749490,6,0,0,523520,1024,11,5,15,0.000583635,1,12611.634878
15,15749490,7,7,7342355,7865344,4096,25,5,210,0.006487288,1,33631.288005
15,15749490,8,6,6291800,7325952,16384,5,1,62,0.002001033,1,7561.032791
15,15749490,9,8,8392535,8392704,65536,21,3,224,0.006919774,1,29767.773872
15,15749490,10,0,0,523776,256,11,5,15,0.000583635,1,12611.634878
16,16797859,0,2,2097908,2097920,16384,57,9,18,0.000592768,1,60248.768228
16,16797859,1,1,1048219,1048320,65536,57,9,12,0.000401432,1,60033.431773
16,16797859,2,3,3146668,4129792,65536,57,9,12,0.000373088,1,60005.087924
16,16797859,3,15,15749490,16271616,4096,20,4,79,0.002440456,1,23812.455964
16,16797859,4,13,13641602,13641728,16384,12,2,30,0.000919371,1,13647.371150
16,16797859,5,8,8392535,8392704,16384,8,2,73,0.002243531,1,11047.530641
16,16797859,6,0,0,1047040,1024,3,1,12,0.000466908,1,3778.907902
16,16797859,7,1,1048219,1540096,65536,57,9,12,0.000401432,1,60033.431773
16,16797859,8,15,15749490,15749632,4096,8,2,79,0.002440456,1,11268.455964
17,17844648,0,7,7342355,7859200,16384,15,3,22,0.000677799,1,16573.799002
17,17844648,1,16,16797859,16797952,4096,10,2,41,0.001256474,1,11980.473905
17,17844648,2,7,7342355,7865344,4096,15,3,22,0.000677799,1,16573.799002
18,18895671,0,13,13641602,13641728,16384,104,16,36,0.001101490,1,109853.490071
18,18895671,1,2,2097908,3080960,65536,87,13,19,0.000625700,1,91517.699796
18,18895671,2,3,3146668,4129792,65536,66,10,10,0.000310907,1,69278.906604
18,18895671,3,1,1048219,1048320,65536,66,10,8,0.000267621,1,69227.621182
18,18895671,4,16,16797859,16797952,4096,31,7,31,0.000950017,1,33778.016855
18,18895671,5,15,15749490,16271616,4096,13,3,44,0.001359241,1,15295.241296
18,18895671,6,2,2097908,2097920,16384,66,10,19,0.000625700,1,69629.699796
18,18895671,7,1,1048219,1540096,65536,66,10,8,0.000267621,1,69227.621182
18,18895671,8,16,16797859,16797952,16384,17,3,31,0.000950017,1,18930.016855
18,18895671,9,15,15749490,16797440,256,1,1,44,0.001359241,1,2751.241296
19,19943395,0,13,13641602,13641728,16384,46,8,22,0.000673978,1,48953.978310
19,19943395,1,2,2097908,3080960,65536,46,8,18,0.000592768,1,48856.768228
19,19943395,2,1,1048219,1048320,65536,36,6,16,0.000535242,1,38295.242364
19,19943395,3,3,3146668,4129792,65536,36,6,11,0.000341997,1,38081.997264
19,19943395,4,16,16797859,16797952,4096,18,4,25,0.000766143,1,19874.142625
19,19943395,5,17,17844648,18368000,4096,8,2,23,0.000704614,1,9308.613688
19,19943395,6,2,2097908,2097920,16384,36,6,18,0.000592768,1,38360.768228
19,19943395,7,1,1048219,1540096,65536,36,6,16,0.000535242,1,38295.242364
20,20990874,0,7,7342355,7834624,65536,59,9,74,0.002279869,1,64207.869370
20,20990874,1,12,12591020,13575936,65536,54,8,144,0.004434726,1,61394.726371
20,20990874,2,16,16797859,16797952,4096,47,13,26,0.000799459,1,50759.458828
20,20990874,3,13,13641602,13641728,16384,39,7,38,0.001168440,1,42216.439825
20,20990874,4,15,15749490,16271616,4096,28,8,84,0.002594915,1,32690.915202
20,20990874,5,19,19943395,19943424,16384,24,4,35,0.001076195,1,26368.194576
20,20990874,6,2,2097908,3080960,65536,24,4,15,0.000493974,1,25705.973523
20,20990874,7,8,8392535,8392704,65536,21,3,99,0.003044093,1,25392.093229
20,20990874,8,1,1048219,1048320,65536,12,2,11,0.000367979,1,13019.979126
20,20990874,9,3,3146668,4129792,65536,12,2,10,0.000310907,1,12958.906604
20,20990874,10,0,0,523520,1024,3,1,15,0.000583635,1,3907.634878
20,20990874,11,7,7342355,7865344,4096,13,3,74,0.002279869,1,16335.869370
20,20990874,12,12,12591020,12591104,65536,21,3,144,0.004434726,1,26962.726371
20,20990874,13,16,16797859,16797952,16384,15,3,26,0.000799459,1,16711.458828
20,20990874,14,19,19943395,19943424,256,1,1,35,0.001076195,1,2432.194576
20,20990874,15,2,2097908,2097920,16384,12,2,15,0.000493974,1,13161.973523
20,20990874,16,1,1048219,1540096,65536,12,2,11,0.000367979,1,13019.979126
20,20990874,17,0,0,523776,256,3,1,15,0.000583635,1,3907.634878
21,22039791,0,13,13641602,13641728,16384,50,8,44,0.001362735,1,53826.735382
21,22039791,1,8,8392535,8392704,65536,42,6,80,0.002477701,1,46637.700694
21,22039791,2,12,12591020,12591104,65536,42,6,68,0.002106046,1,46218.045590
21,22039791,3,15,15749490,16732160,65536,37,7,92,0.002849356,1,42065.355798
21,22039791,4,7,7342355,8326912,65536,37,7,80,0.002477701,1,41645.700694
21,22039791,5,2,2097908,2097920,16384,39,7,15,0.000493974,1,41449.973523
21,22039791,6,1,1048219,1048320,65536,39,7,9,0.000301074,1,41233.073830
21,22039791,7,3,3146668,4129792,65536,39,7,9,0.000279816,1,41211.815943
21,22039791,8,16,16797859,16797952,4096,31,7,35,0.001083994,1,33927.994054
21,22039791,9,11,11543054,11543296,256,4,2,46,0.001424678,1,6024.677899
21,22039791,10,0,0,1047040,1024,4,2,5,0.000194545,1,4630.544959
21,22039791,11,8,8392535,9381632,65536,12,2,80,0.002477701,1,15405.700694
21,22039791,12,15,15749490,16271616,4096,5,1,92,0.002849356,1,8529.355798
21,22039791,13,7,7342355,7834624,65536,12,2,80,0.002477701,1,15405.700694
21,22039791,14,2,2097908,3080960,65536,21,3,15,0.000493974,1,22505.973523
21,22039791,15,1,1048219,1540096,65536,39,7,9,0.000301074,1,41233.073830
21,22039791,16,16,16797859,16797952,16384,29,5,35,0.001083994,1,31623.994054
22,23094528,0,2,2097908,2097920,16384,108,18,21,0.000691563,1,113735.562932
22,23094528,1,1,1048219,1048320,65536,108,18,13,0.000434884,1,113446.884421
22,23094528,2,3,3146668,4129792,65536,108,18,12,0.000373088,1,113381.087924
22,23094528,3,13,13641602,13641728,16384,50,10,32,0.000984403,1,53656.403359
22,23094528,4,16,16797859,16797952,16384,29,7,45,0.001384317,1,32220.317224
22,23094528,5,21,22039791,22534400,65536,24,4,100,0.003097126,1,28649.125867
22,23094528,6,12,12591020,12591104,65536,21,3,131,0.004034369,1,26510.369129
22,23094528,7,8,8392535,8392704,65536,21,3,100,0.003076260,1,25428.260498
22,23094528,8,15,15749490,16732160,65536,21,3,95,0.002934726,1,25266.725526
22,23094528,9,7,7342355,8326912,65536,21,3,87,0.002680387,1,24980.386962
22,23094528,10,0,0,0,256,3,1,13,0.000505817,1,3821.816894
22,23094528,11,19,19943395,19943424,256,1,1,28,0.000861353,1,2189.352939
22,23094528,12,2,2097908,3080960,65536,21,3,21,0.000691563,1,22727.562932
22,23094528,13,1,1048219,1540096,65536,108,18,13,0.000434884,1,113446.884421
22,23094528,14,16,16797859,16797952,4096,10,2,45,0.001384317,1,12124.317224
22,23094528,15,21,22039791,23090432,4096,20,4,100,0.003097126,1,24553.125867
22,23094528,16,15,15749490,16271616,4096,5,1,95,0.002934726,1,8626.725526
22,23094528,17,7,7342355,7865344,4096,16,4,87,0.002680387,1,19988.386962
23,24139211,0,15,15749490,16732160,65536,66,10,116,0.003583454,1,72975.454326
23,24139211,1,13,13641602,13641728,16384,53,9,35,0.001067464,1,56695.463706
23,24139211,2,7,7342355,8326912,65536,45,7,109,0.003358186,1,50834.185963
23,24139211,3,16,16797859,16797952,4096,39,9,42,0.001287120,1,42607.119610
23,24139211,4,2,2097908,3080960,65536,33,5,16,0.000526905,1,35086.905091
23,24139211,5,21,22039791,22534400,65536,24,4,76,0.002353816,1,27809.815659
23,24139211,6,8,8392535,8392704,65536,21,3,111,0.003411396,1,25807.395906
23,24139211,7,1,1048219,1048320,65536,21,3,10,0.000334526,1,22326.526478
23,24139211,8,3,3146668,4129792,65536,21,3,10,0.000310907,1,22302.906604
23,24139211,9,12,12591020,12591104,256,7,3,96,0.002956484,1,10956.484247
23,24139211,10,0,0,1047040,1024,4,2,13,0.000505817,1,4973.816894
23,24139211,11,15,15749490,16781312,16384,21,3,116,0.003583454,1,25999.454326
23,24139211,12,16,16797859,16797952,16384,20,4,42,0.001287120,1,22511.119610
23,24139211,13,2,2097908,2097920,16384,21,3,16,0.000526905,1,22542.905091
23,24139211,14,8,8392535,8911616,16384,15,3,111,0.003411396,1,19663.395906
23,24139211,15,1,1048219,1540096,65536,21,3,10,0.000334526,1,22326.526478
23,24139211,16,12,12591020,12591104,1024,7,3,96,0.002956484,1,10956.484247
23,24139211,17,0,0,523520,1024,3,1,13,0.000505817,1,3821.816894
24,25193445,0,13,13641602,13641728,16384,83,13,37,0.001132850,1,88000.849576
24,25193445,1,2,2097908,2097920,16384,54,8,21,0.000691563,1,57159.562932
24,25193445,2,1,1048219,1048320,65536,54,8,15,0.000501790,1,56945.789717
24,25193445,3,3,3146668,4129792,65536,54,8,12,0.000373088,1,56805.087924
24,25193445,4,16,16797859,16797952,4096,41,9,39,0.001195182,1,44551.182495
24,25193445,5,15,15749490,16271616,4096,36,8,79,0.002440456,1,40708.455964
24,25193445,6,23,24139211,24139264,256,10,4,88,0.002694345,1,13862.344937
24,25193445,7,19,19943395,19943424,16384,5,1,36,0.001102874,1,6558.873598
24,25193445,8,12,12591020,12591104,256,3,1,55,0.001693819,1,5177.819100
24,25193445,9,0,0,0,256,3,1,14,0.000544726,1,3864.725886
24,25193445,10,2,2097908,3080960,65536,54,8,21,0.000691563,1,57159.562932
24,25193445,11,1,1048219,1540096,65536,54,8,15,0.000501790,1,56945.789717
24,25193445,12,16,16797859,16797952,16384,29,5,39,0.001195182,1,31751.182495
24,25193445,13,15,15749490,15749632,65536,25,5,79,0.002440456,1,29060.455964
24,25193445,14,23,24139211,24139264,1024,10,4,88,0.002694345,1,13862.344937
24,25193445,15,12,12591020,12591104,1024,3,1,55,0.001693819,1,5177.819100
24,25193445,16,0,0,1047040,1024,1,1,14,0.000544726,1,1816.725886
25,26242226,0,5,5243475,5759488,16384,48,10,21,0.000741866,1,51321.865970
26,27289725,0,16,16797859,16797952,4096,68,18,25,0.000766143,1,72866.142625
26,27289725,1,2,2097908,2097920,16384,55,11,23,0.000757426,1,58641.426069
26,27289725,2,3,3146668,4129792,65536,55,11,14,0.000435269,1,58283.269245
26,27289725,3,1,1048219,1048320,65536,55,11,11,0.000367979,1,58203.979126
26,27289725,4,13,13641602,13641728,16384,40,8,27,0.000826573,1,42982.572784
26,27289725,5,15,15749490,16271616,4096,28,8,32,0.000988539,1,30876.539125
26,27289725,6,7,7342355,8326912,65536,21,3,27,0.000831844,1,22891.844229
26,27289725,7,19,19943395,19943424,16384,17,3,36,0.001102874,1,19102.873598
26,27289725,8,12,12591020,12591104,256,3,1,40,0.001231868,1,4655.868436
26,27289725,9,23,24139211,24139264,256,3,1,26,0.000795959,1,4163.958977
26,27289725,10,11,11543054,11543296,256,3,1,24,0.000735181,1,4095.181498
26,27289725,11,0,0,523520,1024,3,1,15,0.000583635,1,3907.634878
26,27289725,12,16,16797859,16797952,16384,28,6,25,0.000766143,1,30370.142625
26,27289725,13,2,2097908,3080960,65536,12,2,23,0.000757426,1,13457.426069
26,27289725,14,1,1048219,1540096,65536,55,11,11,0.000367979,1,58203.979126
26,27289725,15,15,15749490,16732160,65536,21,3,32,0.000988539,1,23068.539125
26,27289725,16,19,19943395,19943424,256,1,1,36,0.001102874,1,2462.873598
26,27289725,17,12,12591020,12591104,1024,3,1,40,0.001231868,1,4655.868436
26,27289725,18,23,24139211,24139264,1024,3,1,26,0.000795959,1,4163.958977
26,27289725,19,0,0,523776,256,3,1,15,0.000583635,1,3907.634878
27,28339390,0,13,13641602,13641728,16384,87,15,27,0.000830258,1,92010.258303
27,28339390,1,2,2097908,3080960,65536,82,14,24,0.000790358,1,86710.357637
27,28339390,2,16,16797859,16797952,4096,53,13,22,0.000676507,1,56764.506765
27,28339390,3,1,1048219,1048320,65536,51,9,14,0.000468337,1,53964.337069
27,28339390,4,3,3146668,4129792,65536,51,9,13,0.000404179,1,53896.178585
27,28339390,5,26,27289725,27812352,4096,29,7,44,0.001353014,1,32185.013530
27,28339390,6,15,15749490,16271616,4096,29,7,25,0.000772296,1,31528.296191
27,28339390,7,19,19943395,19943424,16384,28,6,28,0.000861009,1,30477.008610
27,28339390,8,12,12591020,12591104,256,4,2,27,0.000831511,1,5355.511195
27,28339390,9,24,25193445,25193472,256,1,1,28,0.000861009,1,2189.008610
27,28339390,10,0,0,0,256,1,1,20,0.000778180,1,2074.179837
27,28339390,11,2,2097908,2097920,16384,51,9,24,0.000790358,1,54326.357637
27,28339390,12,16,16797859,16797952,16384,5,1,22,0.000676507,1,6076.506765
27,28339390,13,1,1048219,1540096,65536,51,9,14,0.000468337,1,53964.337069
27,28339390,14,26,27289725,27813888,1024,29,7,44,0.001353014,1,32185.013530
27,28339390,15,12,12591020,12591104,1024,4,2,27,0.000831511,1,5355.511195
28,29382763,0,13,13641602,13641728,16384,84,14,18,0.000551758,1,88495.757962
28,29382763,1,2,2097908,3080960,65536,69,11,16,0.000526905,1,72718.905091
28,29382763,2,27,28339390,28852736,16384,63,9,36,0.001107011,1,66979.011070
28,29382763,3,1,1048219,1048320,65536,63,9,11,0.000367979,1,66139.979126
28,29382763,4,3,3146668,4129792,65536,63,9,10,0.000310907,1,66078.906604
28,29382763,5,16,16797859,16797952,4096,23,5,21,0.000643718,1,24983.717623
28,29382763,6,26,27289725,27812352,4096,8,2,29,0.000888943,1,9516.943384
28,29382763,7,15,15749490,16271616,4096,8,2,16,0.000494270,1,9070.269562
28,29382763,8,11,11543054,11543296,256,4,2,15,0.000459798,1,4935.798302
28,29382763,9,0,0,523520,1024,3,1,13,0.000505817,1,3821.816894
28,29382763,10,2,2097908,2097920,16384,63,9,16,0.000526905,1,66318.905091
28,29382763,11,27,28339390,28858880,4096,63,9,36,0.001107011,1,66979.011070
28,29382763,12,1,1048219,1540096,65536,63,9,11,0.000367979,1,66139.979126
28,29382763,13,16,16797859,16797952,16384,15,3,21,0.000643718,1,16535.717623
28,29382763,14,26,27289725,27813888,1024,8,2,29,0.000888943,1,9516.943384
28,29382763,15,0,0,523776,256,3,1,13,0.000505817,1,3821.816894
29,30430735,0,5,5243475,5759488,16384,32,6,20,0.000706539,1,34386.539019
32,33581405,0,16,16797859,16797952,4096,47,11,16,0.000490331,1,50154.331280
32,33581405,1,8,8392535,9381632,65536,27,5,15,0.000460999,1,28872.999447
32,33581405,2,27,28339390,28852736,16384,24,4,24,0.000738007,1,25986.007380
32,33581405,3,1,1048219,1048320,65536,24,4,18,0.000602148,1,25826.147660
32,33581405,4,2,2097908,2097920,16384,24,4,17,0.000559837,1,25779.836659
32,33581405,5,3,3146668,4129792,65536,24,4,13,0.000404179,1,25608.178585
32,33581405,6,26,27289725,27812352,4096,15,3,22,0.000673504,1,16569.503750
32,33581405,7,15,15749490,16271616,4096,15,3,18,0.000556053,1,16436.053258
32,33581405,8,0,0,523520,1024,3,1,16,0.000622544,1,3950.543870
32,33581405,9,24,25193445,25193472,256,1,1,20,0.000612351,1,1908.351122
32,33581405,10,27,28339390,28858880,4096,24,4,24,0.000738007,1,25986.007380
32,33581405,11,1,1048219,1540096,65536,24,4,18,0.000602148,1,25826.147660
32,33581405,12,26,27289725,27813888,1024,15,3,22,0.000673504,1,16569.503750
32,33581405,13,15,15749490,16797440,256,3,1,18,0.000556053,1,3892.053258
32,33581405,14,0,0,523776,256,3,1,16,0.000622544,1,3950.543870
33,34637194,0,16,16797859,16797952,4096,64,14,20,0.000613648,1,68085.647521
33,34637194,1,27,28339390,28852736,16384,60,10,23,0.000707257,1,63583.257073
33,34637194,2,2,2097908,2097920,16384,60,10,18,0.000592768,1,63448.768228
33,34637194,3,3,3146668,4129792,65536,60,10,12,0.000373088,1,63205.087924
33,34637194,4,1,1048219,1048320,65536,60,10,11,0.000367979,1,63195.979126
33,34637194,5,26,27289725,27812352,4096,46,10,35,0.001073883,1,49661.883162
33,34637194,6,15,15749490,16271616,4096,46,10,22,0.000679621,1,49215.620648
33,34637194,7,13,13641602,13641728,16384,12,2,16,0.000490918,1,13162.918017
33,34637194,8,0,0,1047040,1024,11,5,9,0.000350181,1,12354.180927
33,34637194,9,32,33581405,34107136,4096,5,1,26,0.000797742,1,6213.741777
33,34637194,10,21,22039791,23090432,4096,5,1,16,0.000495540,1,5871.540139
33,34637194,11,12,12591020,12591104,256,3,1,28,0.000862308,1,4238.307906
33,34637194,12,16,16797859,16797952,16384,12,2,20,0.000613648,1,13301.647521
33,34637194,13,27,28339390,28858880,4096,60,10,23,0.000707257,1,63583.257073
33,34637194,14,1,1048219,1540096,65536,60,10,11,0.000367979,1,63195.979126
33,34637194,15,26,27289725,27813888,1024,46,10,35,0.001073883,1,49661.883162
33,34637194,16,0,0,523520,1024,3,1,9,0.000350181,1,3650.180927
33,34637194,17,12,12591020,12591104,1024,3,1,28,0.000862308,1,4238.307906
34,35682590,0,5,5243475,5759488,16384,12,2,18,0.000635885,1,13315.885117
35,36735523,0,16,16797859,16797952,4096,66,14,19,0.000582268,1,70098.268395
35,36735523,1,2,2097908,2097920,16384,45,7,36,0.001185536,1,48369.536455
35,36735523,2,27,28339390,28852736,16384,45,7,27,0.000830258,1,47978.258303
35,36735523,3,1,1048219,1048320,65536,45,7,23,0.000769411,1,47901.410899
35,36735523,4,3,3146668,4129792,65536,45,7,12,0.000373088,1,47461.087924
35,36735523,5,26,27289725,27812352,4096,31,7,28,0.000858001,1,33674.000858
35,36735523,6,15,15749490,16271616,4096,31,7,21,0.000648729,1,33436.728800
35,36735523,7,32,33581405,34107136,4096,22,6,30,0.000919287,1,24399.286634
35,36735523,8,13,13641602,13641728,16384,16,4,18,0.000551572,1,17583.571980
35,36735523,9,19,19943395,19943424,16384,15,3,21,0.000643501,1,16535.500644
35,36735523,10,8,8392535,9381632,65536,12,2,15,0.000460999,1,13128.999447
35,36735523,11,12,12591020,12591104,256,5,3,19,0.000585138,1,6229.137507
35,36735523,12,16,16797859,16797952,16384,16,4,19,0.000582268,1,17618.268395
35,36735523,13,27,28339390,28858880,4096,45,7,27,0.000830258,1,47978.258303
35,36735523,14,1,1048219,1540096,65536,45,7,23,0.000769411,1,47901.410899
35,36735523,15,26,27289725,27813888,1024,31,7,28,0.000858001,1,33674.000858
35,36735523,16,19,19943395,19943424,256,1,1,21,0.000643501,1,1943.500644
35,36735523,17,12,12591020,12591104,1024,5,3,19,0.000585138,1,6229.137507
36,37785676,0,31,32531029,33055744,1024,11,3,23,0.000708695,1,12512.695384
37,38839404,0,5,5243475,5243648,65536,105,17,132,0.004663158,1,114951.157523
37,38839404,1,4,4195514,5177856,65536,105,17,138,0.004379979,1,114691.979052
37,38839404,2,34,35682590,36208640,1024,1,1,20,0.000617875,1,1913.875127
37,38839404,3,5,5243475,5767168,1024,16,4,132,0.004663158,1,22151.157523
37,38839404,4,4,4195514,4195584,256,13,3,138,0.004379979,1,18691.979052
38,39887096,0,2,2097908,3080960,65536,182,30,101,0.003326088,1,194002.088388
38,39887096,1,3,3146668,3638272,65536,145,23,122,0.003855635,1,155831.634916
38,39887096,2,16,16797859,16797952,4096,72,16,16,0.000505657,1,76409.657038
38,39887096,3,27,28339390,28852736,16384,60,10,19,0.000600468,1,63460.467733
38,39887096,4,1,1048219,1048320,65536,60,10,9,0.000301074,1,63121.073830
38,39887096,5,13,13641602,13641728,16384,49,9,16,0.000505657,1,51961.657038
38,39887096,6,26,27289725,27812352,4096,41,9,21,0.000663675,1,43947.674863
38,39887096,7,15,15749490,16271616,4096,41,9,18,0.000568864,1,43840.864168
38,39887096,8,33,34637194,34637312,65536,37,7,16,0.000505657,1,39417.657038
38,39887096,9,19,19943395,19943424,16384,15,3,17,0.000537261,1,16413.260603
38,39887096,10,32,33581405,34107136,4096,15,3,17,0.000537261,1,16413.260603
38,39887096,11,23,24139211,24139264,256,12,4,17,0.000537261,1,13469.260603
38,39887096,12,2,2097908,3130112,16384,145,23,101,0.003326088,1,155218.088388
38,39887096,13,3,3146668,4129792,65536,60,10,122,0.003855635,1,67127.634916
38,39887096,14,16,16797859,16797952,16384,12,2,16,0.000505657,1,13177.657038
38,39887096,15,27,28339390,28858880,4096,60,10,19,0.000600468,1,63460.467733
38,39887096,16,1,1048219,1540096,65536,60,10,9,0.000301074,1,63121.073830
38,39887096,17,26,27289725,27813888,1024,41,9,21,0.000663675,1,43947.674863
38,39887096,18,15,15749490,16732160,65536,15,3,18,0.000568864,1,16448.864168
38,39887096,19,33,34637194,34637312,1024,6,2,16,0.000505657,1,7033.657038
38,39887096,20,23,24139211,24139264,1024,12,4,17,0.000537261,1,13469.260603
39,40937191,0,31,32531029,33055744,1024,6,2,17,0.000526936,1,7058.935714
39,40937191,1,30,31484883,31484928,256,1,1,18,0.000557932,1,1845.931932
40,41986401,0,5,5243475,5243648,65536,24,4,121,0.004274561,1,29910.561063
40,41986401,1,4,4195514,5177856,65536,24,4,129,0.004094328,1,29762.328245
40,41986401,2,37,38839404,39361024,4096,10,2,98,0.003027588,1,13979.588124
40,41986401,3,5,5243475,5759488,16384,24,4,121,0.004274561,1,29910.561063
40,41986401,4,4,4195514,4195584,256,5,1,129,0.004094328,1,9922.328245
41,43034573,0,5,5243475,5759488,16384,47,9,83,0.002932137,1,52608.136927
41,43034573,1,40,41986401,42508288,4096,45,9,116,0.003606517,1,51366.516602
41,43034573,2,4,4195514,4195584,256,8,2,88,0.002793030,1,11657.030120
41,43034573,3,34,35682590,36208640,1024,7,3,21,0.000652904,1,8352.903868
41,43034573,4,5,5243475,5767168,1024,11,3,83,0.002932137,1,14976.136927
41,43034573,5,40,41986401,42968832,65536,45,7,116,0.003606517,1,51110.516602
41,43034573,6,4,4195514,4195584,1024,8,2,88,0.002793030,1,11657.030120
42,44082319,0,3,3146668,4129792,65536,29,5,86,0.002681550,1,33425.550310
42,44082319,1,2,2097908,2097920,16384,29,5,77,0.002535731,1,33243.730751
42,44082319,2,27,28339390,28852736,16384,29,5,20,0.000623616,1,31103.616351
42,44082319,3,1,1048219,1048320,65536,29,5,15,0.000501790,1,30961.789717
42,44082319,4,16,16797859,16797952,4096,26,6,16,0.000498893,1,28018.893081
42,44082319,5,26,27289725,27812352,4096,21,5,21,0.000654797,1,22946.797169
42,44082319,6,15,15749490,16271616,4096,21,5,18,0.000561255,1,22841.254716
42,44082319,7,38,39887096,40920576,16384,15,3,100,0.003160356,1,19368.356488
42,44082319,8,32,33581405,34107136,4096,15,3,19,0.000592436,1,16476.435534
42,44082319,9,33,34637194,34637312,1024,10,4,17,0.000530074,1,11414.073899
42,44082319,10,23,24139211,24139264,256,6,2,17,0.000530074,1,7062.073899
42,44082319,11,13,13641602,13641728,16384,5,1,16,0.000498893,1,5874.893081
42,44082319,12,3,3146668,3146752,256,13,3,86,0.002681550,1,16785.550310
42,44082319,13,27,28339390,28858880,4096,29,5,20,0.000623616,1,31103.616351
42,44082319,14,1,1048219,1540096,65536,29,5,15,0.000501790,1,30961.789717
42,44082319,15,16,16797859,16797952,16384,5,1,16,0.000498893,1,5874.893081
42,44082319,16,26,27289725,27813888,1024,21,5,21,0.000654797,1,22946.797169
42,44082319,17,23,24139211,24139264,1024,6,2,17,0.000530074,1,7062.073899
43,45130116,0,16,16797859,16797952,4096,95,21,17,0.000527263,1,100627.262577
43,45130116,1,42,44082319,44573440,65536,70,12,242,0.007545758,1,81793.757850
43,45130116,2,3,3146668,4129792,65536,45,7,88,0.002735978,1,50127.978112
43,45130116,3,2,2097908,2097920,16384,45,7,73,0.002404004,1,49736.004479
43,45130116,4,26,27289725,27812352,4096,46,10,21,0.000651324,1,49183.324360
43,45130116,5,15,15749490,16271616,4096,46,10,16,0.000496247,1,49008.247131
43,45130116,6,27,28339390,28852736,16384,45,7,20,0.000620309,1,47740.308914
43,45130116,7,1,1048219,1048320,65536,45,7,18,0.000602148,1,47714.147660
43,45130116,8,38,39887096,40379136,65536,21,3,101,0.003191960,1,25547.960053
43,45130116,9,33,34637194,34637312,65536,21,3,23,0.000713355,1,22757.355251
43,45130116,10,13,13641602,13641728,16384,21,3,19,0.000589293,1,22617.293468
43,45130116,11,0,0,523520,1024,10,4,17,0.000661453,1,11545.452862
43,45130116,12,42,44082319,44605696,1024,49,13,242,0.007545758,1,60417.757850
43,45130116,13,3,3146668,3662848,16384,24,4,88,0.002735978,1,28239.978112
43,45130116,14,2,2097908,3080960,65536,21,3,73,0.002404004,1,24648.004479
43,45130116,15,26,27289725,27813888,1024,46,10,21,0.000651324,1,49183.324360
43,45130116,16,15,15749490,16732160,65536,12,2,16,0.000496247,1,13168.247131
43,45130116,17,27,28339390,28858880,4096,45,7,20,0.000620309,1,47740.308914
43,45130116,18,1,1048219,1540096,65536,45,7,18,0.000602148,1,47714.147660
43,45130116,19,33,34637194,34637312,1024,6,2,23,0.000713355,1,7269.355251
43,45130116,20,0,0,523776,256,10,4,17,0.000661453,1,11545.452862
44,46176335,0,39,40937191,40937216,16384,27,5,75,0.002324716,1,30976.716385
44,46176335,1,31,32531029,33055744,1024,11,3,17,0.000523689,1,12303.689237
45,47228198,0,44,46176335,46669568,65536,56,10,75,0.002310394,1,61298.393691
45,47228198,1,39,40937191,40937216,16384,56,10,50,0.001549811,1,60437.810923
45,47228198,2,31,32531029,33055744,1024,6,2,19,0.000581484,1,7121.484315
45,47228198,3,30,31484883,31484928,256,4,2,25,0.000767884,1,5283.884019
45,47228198,4,44,46176335,46694144,16384,56,10,75,0.002310394,1,61298.393691
45,47228198,5,39,40937191,40937216,256,1,1,50,0.001549811,1,2965.810923
46,48276807,0,40,41986401,42968832,65536,76,14,31,0.000957056,1,80761.055972
46,48276807,1,5,5243475,5759488,16384,20,4,27,0.000953828,1,22117.827675
46,48276807,2,41,43034573,43556352,4096,18,4,28,0.000870538,1,19990.538490
46,48276807,3,40,41986401,43017984,16384,76,14,31,0.000957056,1,80761.055972
46,48276807,4,5,5243475,5243648,4096,5,1,27,0.000953828,1,6373.827675
47,49326598,0,40,41986401,42968832,65536,96,16,43,0.001327529,1,101915.529252
47,49326598,1,5,5243475,5759488,16384,41,7,31,0.001095135,1,44163.135479
47,49326598,2,41,43034573,43556352,4096,22,6,34,0.001057082,1,24553.082452
47,49326598,3,40,41986401,43017984,16384,96,16,43,0.001327529,1,101915.529252
48,50375116,0,44,46176335,46669568,65536,54,8,38,0.001170599,1,57706.599470
48,50375116,1,45,47228198,48260352,16384,54,8,30,0.000918133,1,57422.133129
48,50375116,2,39,40937191,40937216,16384,54,8,22,0.000681917,1,57153.916806
48,50375116,3,31,32531029,33055744,1024,5,1,19,0.000579887,1,5967.887075
48,50375116,4,44,46176335,46694144,16384,54,8,38,0.001170599,1,57706.599470
48,50375116,5,45,47228198,47719680,65536,21,3,30,0.000918133,1,22990.133129
49,51429545,0,44,46176335,46669568,65536,76,14,49,0.001509457,1,81385.457212
49,51429545,1,45,47228198,48260352,16384,76,14,35,0.001076757,1,80896.757422
49,51429545,2,39,40937191,40937216,16384,76,14,24,0.000743909,1,80519.909243
49,51429545,3,44,46176335,46694144,16384,76,14,49,0.001509457,1,81385.457212
50,52478164,0,40,41986401,42508288,4096,98,22,36,0.001111420,1,104487.419839
50,52478164,1,41,43034573,43556352,4096,21,5,22,0.000683995,1,22979.994528
50,52478164,2,34,35682590,36208640,1024,3,1,20,0.000613252,1,3957.252384
50,52478164,3,40,41986401,42968832,65536,54,10,36,0.001111420,1,57895.419839
51,53526828,0,44,46176335,46669568,65536,24,4,40,0.001232210,1,26544.209969
51,53526828,1,39,40937191,40937216,16384,24,4,25,0.000774905,1,26026.905462
51,53526828,2,45,47228198,48260352,16384,24,4,25,0.000767460,1,26019.459708
51,53526828,3,48,50375116,50375168,256,1,1,30,0.000920952,1,2256.951650
51,53526828,4,30,31484883,31484928,256,1,1,22,0.000675738,1,1979.737937
51,53526828,5,44,46176335,46694144,16384,24,4,40,0.001232210,1,26544.209969
51,53526828,6,45,47228198,47228416,16384,12,2,25,0.000767460,1,13475.459708
52,54574659,0,40,41986401,42968832,65536,88,16,39,0.001204038,1,93584.038159
52,54574659,1,50,52478164,53000448,4096,39,9,65,0.001993070,1,43405.070248
52,54574659,2,41,43034573,43556352,4096,39,9,22,0.000683995,1,41923.994528
52,54574659,3,40,41986401,43017984,16384,88,16,39,0.001204038,1,93584.038159
53,55623067,0,40,41986401,42508288,4096,35,9,30,0.000926183,1,38102.183199
53,55623067,1,50,52478164,53000448,4096,13,3,55,0.001688878,1,15668.877971
53,55623067,2,41,43034573,43556352,4096,13,3,21,0.000652904,1,14496.903868
53,55623067,3,5,5243475,5759488,16384,12,2,19,0.000671212,1,13355.212068
53,55623067,4,52,54574659,55098368,1024,6,2,96,0.002947860,1,9795.859731
53,55623067,5,34,35682590,36208640,1024,3,1,25,0.000767672,1,4131.671805
53,55623067,6,40,41986401,42968832,65536,21,3,30,0.000926183,1,22998.183199
53,55623067,7,5,5243475,5243648,4096,5,1,19,0.000671212,1,6059.212068
53,55623067,8,52,54574659,55621888,1024,3,1,96,0.002947860,1,6595.859731
54,56673889,0,40,41986401,42968832,65536,136,24,37,0.001142293,1,143690.292612
54,56673889,1,53,55623067,56115712,65536,21,3,101,0.003101394,1,25457.394092
54,56673889,2,50,52478164,53000448,4096,18,4,65,0.001993070,1,21261.070248
54,56673889,3,41,43034573,43556352,4096,18,4,24,0.000746176,1,19850.175849
54,56673889,4,52,54574659,55098368,1024,6,2,98,0.003003739,1,9859.739349
54,56673889,5,5,5243475,5243648,4096,5,1,24,0.000847847,1,6255.846822
54,56673889,6,40,41986401,43017984,16384,136,24,37,0.001142293,1,143690.292612
54,56673889,7,53,55623067,55623168,256,5,1,101,0.003101394,1,8817.394092
55,57723048,0,40,41986401,42968832,65536,99,17,34,0.001049674,1,104801.674292
55,57723048,1,50,52478164,53000448,4096,26,6,45,0.001379818,1,29015.817864
55,57723048,2,41,43034573,43556352,4096,26,6,18,0.000559632,1,28087.631887
55,57723048,3,53,55623067,56115712,65536,12,2,68,0.002088067,1,14968.067309
55,57723048,4,52,54574659,55096832,4096,8,2,74,0.002267296,1,11075.295790
55,57723048,5,5,5243475,5243648,4096,9,3,23,0.000812520,1,10568.519871
55,57723048,6,40,41986401,43017984,16384,99,17,34,0.001049674,1,104801.674292
55,57723048,7,53,55623067,55623168,256,3,1,68,0.002088067,1,5624.067309
55,57723048,8,52,54574659,55098368,1024,3,1,74,0.002267296,1,5827.295790
56,58772244,0,45,47228198,47719680,65536,48,8,44,0.001354722,1,51770.721512
56,58772244,1,44,46176335,46669568,65536,47,9,56,0.001725094,1,51293.093956
56,58772244,2,39,40937191,40937216,16384,47,9,39,0.001208853,1,50708.852520
56,58772244,3,45,47228198,48260352,16384,47,9,44,0.001354722,1,50874.721512
56,58772244,4,44,46176335,46694144,16384,47,9,56,0.001725094,1,51293.093956
57,59816997,0,40,41986401,42508288,4096,49,11,29,0.000895310,1,52659.310426
57,59816997,1,53,55623067,56115712,65536,42,6,29,0.000890499,1,44846.499294
57,59816997,2,50,52478164,53000448,4096,31,7,31,0.000950541,1,33778.541195
57,59816997,3,41,43034573,43556352,4096,31,7,27,0.000839448,1,33651.447830
57,59816997,4,54,56673889,56674048,65536,24,4,35,0.001072764,1,26364.764053
57,59816997,5,55,57723048,58214912,65536,24,4,29,0.000887991,1,26155.990691
57,59816997,6,5,5243475,5759488,16384,15,3,26,0.000918501,1,16830.500724
57,59816997,7,52,54574659,55098368,1024,3,1,36,0.001103009,1,4511.008763
57,59816997,8,40,41986401,42968832,65536,36,6,29,0.000895310,1,38707.310426
57,59816997,9,54,56673889,57165568,65536,21,3,35,0.001072764,1,23164.764053
57,59816997,10,55,57723048,58239488,16384,24,4,29,0.000887991,1,26155.990691
58,60864583,0,44,46176335,46669568,65536,61,11,32,0.000985768,1,65049.767975
58,60864583,1,45,47228198,48260352,16384,61,11,29,0.000889489,1,64941.488697
58,60864583,2,39,40937191,40937216,16384,61,11,27,0.000836898,1,64880.897898
58,60864583,3,30,31484883,31484928,256,3,1,23,0.000706453,1,4062.453297
58,60864583,4,44,46176335,46694144,16384,61,11,32,0.000985768,1,65049.767975
59,61910108,0,40,41986401,42508288,4096,66,16,40,0.001234911,1,71090.910932
59,61910108,1,50,52478164,53000448,4096,38,10,53,0.001625119,1,42093.118818
59,61910108,2,41,43034573,43556352,4096,38,10,19,0.000590723,1,40922.722547
59,61910108,3,53,55623067,56115712,65536,24,4,63,0.001934533,1,27338.532948
59,61910108,4,37,38839404,38839552,65536,21,3,29,0.000895919,1,22963.918935
59,61910108,5,52,54574659,55096832,4096,5,1,54,0.001654513,1,7182.513144
59,61910108,6,5,5243475,5759488,16384,5,1,20,0.000706539,1,6098.539019
59,61910108,7,40,41986401,42968832,65536,49,9,40,0.001234911,1,52786.910932
60,62961887,0,44,46176335,46669568,65536,42,8,46,0.001417041,1,45697.041464
60,62961887,1,45,47228198,48260352,16384,42,8,41,0.001256320,1,45516.319902
60,62961887,2,39,40937191,40937216,16384,42,8,35,0.001084868,1,45320.867646
60,62961887,3,31,32531029,33055744,1024,6,2,17,0.000520913,1,7052.913130
60,62961887,4,44,46176335,46694144,16384,42,8,46,0.001417041,1,45697.041464
61,64013943,0,40,41986401,42508288,4096,60,12,28,0.000864438,1,64016.437652
61,64013943,1,54,56673889,57165568,65536,21,3,34,0.001042114,1,23130.113652
61,64013943,2,59,61910108,62403072,65536,12,2,33,0.001009113,1,13749.112593
61,64013943,3,53,55623067,56115712,65536,12,2,28,0.000859792,1,13579.792422
61,64013943,4,50,52478164,53000448,4096,10,2,26,0.000797228,1,11461.228099
61,64013943,5,41,43034573,43556352,4096,10,2,19,0.000590723,1,11226.722547
61,64013943,6,40,41986401,42968832,65536,27,5,28,0.000864438,1,29328.437652
61,64013943,7,59,61910108,62435328,1024,7,3,33,0.001009113,1,8757.112593
62,65063939,0,61,64013943,65047552,16384,60,10,74,0.002333354,1,65413.354355
62,65063939,1,40,41986401,42968832,65536,48,8,26,0.000819827,1,51163.827206
62,65063939,2,50,52478164,53000448,4096,26,6,25,0.000788295,1,28344.295390
62,65063939,3,41,43034573,43556352,4096,26,6,19,0.000599104,1,28131.104496
62,65063939,4,59,61910108,62435328,1024,6,2,35,0.001103614,1,7707.613546
62,65063939,5,52,54574659,55096832,4096,5,1,25,0.000788295,1,6200.295390
62,65063939,6,5,5243475,5243648,4096,5,1,22,0.000777193,1,6177.192920
62,65063939,7,40,41986401,43017984,16384,48,8,26,0.000819827,1,51163.827206
62,65063939,8,52,54574659,55098368,1024,3,1,25,0.000788295,1,4152.295390
63,66113270,0,40,41986401,42968832,65536,72,12,34,0.001049674,1,76513.674292
63,66113270,1,50,52478164,53000448,4096,32,8,31,0.000950541,1,34930.541195
63,66113270,2,41,43034573,43556352,4096,32,8,26,0.000808357,1,34768.357170
63,66113270,3,59,61910108,62403072,65536,25,5,26,0.000796032,1,27204.032086
63,66113270,4,53,55623067,56115712,65536,25,5,22,0.000675551,1,27067.551188
63,66113270,5,5,5243475,5759488,16384,12,2,25,0.000883174,1,13591.173773
63,66113270,6,61,64013943,64530688,16384,12,2,28,0.000857265,1,13577.265324
63,66113270,7,52,54574659,55098368,1024,5,3,35,0.001072370,1,6780.369630
63,66113270,8,40,41986401,43017984,16384,72,12,34,0.001049674,1,76513.674292
63,66113270,9,59,61910108,62435328,1024,11,5,26,0.000796032,1,12868.032086
64,67162195,0,40,41986401,42508288,4096,96,22,30,0.000926183,1,102230.183199
64,67162195,1,63,66113270,66113280,65536,78,14,33,0.001012705,1,82872.704843
64,67162195,2,59,61910108,62403072,65536,33,5,31,0.000951329,1,35571.328792
64,67162195,3,53,55623067,56115712,65536,33,5,25,0.000767672,1,35363.671805
64,67162195,4,50,52478164,53000448,4096,30,6,33,0.001012705,1,32696.704843
64,67162195,5,41,43034573,43556352,4096,30,6,23,0.000715085,1,32359.085188
64,67162195,6,61,64013943,64530688,16384,12,2,32,0.000982017,1,13718.016817
64,67162195,7,5,5243475,5759488,16384,12,2,23,0.000812520,1,13512.519871
64,67162195,8,34,35682590,36208640,1024,10,4,23,0.000705825,1,11613.824587
64,67162195,9,40,41986401,42968832,65536,78,14,30,0.000926183,1,82774.183199
64,67162195,10,63,66113270,66113280,4096,26,6,33,0.001012705,1,28600.704843
64,67162195,11,59,61910108,62435328,1024,3,1,31,0.000951329,1,4339.328792
65,68210996,0,64,67162195,67162368,16384,111,17,38,0.001170095,1,117226.094839
65,68210996,1,40,41986401,42968832,65536,111,17,29,0.000895310,1,116915.310426
65,68210996,2,63,66113270,66113280,65536,111,17,28,0.000862175,1,116878.175145
65,68210996,3,34,35682590,36208640,1024,9,3,19,0.000585047,1,10325.047420
65,68210996,4,59,61910108,62435328,1024,7,3,27,0.000831383,1,8555.383175
65,68210996,5,52,54574659,55096832,4096,5,1,26,0.000800591,1,6216.591206
65,68210996,6,50,52478164,53000448,4096,5,1,25,0.000769799,1,6181.799236
65,68210996,7,41,43034573,43556352,4096,5,1,22,0.000683995,1,6083.994528
65,68210996,8,64,67162195,67162368,65536,111,17,38,0.001170095,1,117226.094839
65,68210996,9,40,41986401,43017984,16384,111,17,29,0.000895310,1,116915.310426
65,68210996,10,63,66113270,66113280,4096,35,9,28,0.000862175,1,38030.175145
66,69260290,0,64,67162195,68145408,65536,72,12,23,0.000707540,1,76127.539914
66,69260290,1,40,41986401,42508288,4096,45,9,29,0.000895310,1,48307.310426
66,69260290,2,59,61910108,62403072,65536,42,6,28,0.000861353,1,44813.352939
66,69260290,3,53,55623067,56115712,65536,42,6,23,0.000707540,1,44639.539914
66,69260290,4,63,66113270,66113280,4096,30,6,33,0.001015166,1,32699.165964
66,69260290,5,41,43034573,43556352,4096,25,5,27,0.000839448,1,27251.447830
66,69260290,6,50,52478164,53000448,4096,25,5,25,0.000769065,1,27173.065124
66,69260290,7,65,68210996,68727552,16384,12,2,98,0.003017613,1,16017.613007
66,69260290,8,5,5243475,5243648,4096,5,1,17,0.000600558,1,5980.558166
66,69260290,9,25,26242226,26242304,256,4,2,25,0.000769065,1,5285.065124
66,69260290,10,52,54574659,55098368,1024,4,2,25,0.000769065,1,5285.065124
66,69260290,11,64,67162195,67162368,16384,30,6,23,0.000707540,1,32351.539914
66,69260290,12,40,41986401,42968832,65536,30,6,29,0.000895310,1,32563.310426
66,69260290,13,59,61910108,62435328,1024,10,4,28,0.000861353,1,11789.352939
66,69260290,14,63,66113270,66113280,65536,30,6,33,0.001015166,1,32699.165964
66,69260290,15,25,26242226,26242304,1024,4,2,25,0.000769065,1,5285.065124
67,70308921,0,64,67162195,68145408,65536,153,23,21,0.000644449,1,160408.448536
67,70308921,1,63,66113270,66113280,65536,99,15,23,0.000704182,1,104156.182230
67,70308921,2,40,41986401,42968832,65536,99,15,20,0.000617455,1,104057.455466
67,70308921,3,66,69260290,70292480,16384,54,8,24,0.000738303,1,57218.302519
67,70308921,4,59,61910108,62403072,65536,54,8,22,0.000673339,1,57145.338842
67,70308921,5,53,55623067,56115712,65536,54,8,19,0.000583431,1,57043.430572
67,70308921,6,41,43034573,43556352,4096,49,11,24,0.000746176,1,52490.175849
67,70308921,7,50,52478164,53000448,4096,49,11,20,0.000613252,1,52341.252384
67,70308921,8,52,54574659,55098368,1024,6,2,19,0.000582144,1,7122.143514
67,70308921,9,64,67162195,67162368,16384,99,15,21,0.000644449,1,104088.448536
67,70308921,10,63,66113270,66113280,4096,46,10,23,0.000704182,1,49244.182230
67,70308921,11,40,41986401,43017984,16384,99,15,20,0.000617455,1,104057.455466
67,70308921,12,66,69260290,69784064,1024,3,1,24,0.000738303,1,4098.302519
68,71359090,0,64,67162195,68145408,65536,81,13,19,0.000583072,1,85331.072485
68,71359090,1,66,69260290,70292480,16384,54,8,24,0.000738303,1,57218.302519
68,71359090,2,53,55623067,56115712,65536,54,8,18,0.000552724,1,57008.723700
68,71359090,3,59,61910108,62403072,65536,54,8,18,0.000550425,1,57006.425050
68,71359090,4,40,41986401,42508288,4096,51,11,24,0.000740947,1,54532.946559
68,71359090,5,67,70308921,70309120,16384,27,5,18,0.000550914,1,28974.913598
68,71359090,6,63,66113270,66113280,65536,27,5,17,0.000520483,1,28940.482518
68,71359090,7,54,56673889,57165568,65536,25,5,20,0.000613008,1,26997.008030
68,71359090,8,50,52478164,53000448,4096,18,4,21,0.000643915,1,19735.915003
68,71359090,9,41,43034573,43556352,4096,18,4,18,0.000559632,1,19639.631887
68,71359090,10,5,5243475,5759488,16384,12,2,20,0.000706539,1,13394.539019
68,71359090,11,61,64013943,64530688,16384,12,2,22,0.000672064,1,13368.063541
68,71359090,12,64,67162195,67162368,16384,27,5,19,0.000583072,1,29011.072485
68,71359090,13,66,69260290,69260544,1024,4,2,24,0.000738303,1,5250.302519
68,71359090,14,59,61910108,62435328,1024,3,1,18,0.000550425,1,3886.425050
68,71359090,15,40,41986401,42968832,65536,27,5,24,0.000740947,1,29188.946559
68,71359090,16,67,70308921,70309120,4096,18,4,18,0.000550914,1,19630.913598
68,71359090,17,63,66113270,66604800,65536,25,5,17,0.000520483,1,26892.482518
68,71359090,18,5,5243475,5243648,4096,9,3,20,0.000706539,1,10450.539019
69,72413180,0,39,40937191,40937216,16384,92,18,21,0.000650921,1,97310.920588
69,72413180,1,45,47228198,48260352,16384,92,18,21,0.000643166,1,97303.165600
69,72413180,2,44,46176335,46669568,65536,92,18,19,0.000585300,1,97237.299735
69,72413180,3,31,32531029,33055744,1024,7,3,18,0.000551285,1,8239.284800
69,72413180,4,45,47228198,47719680,65536,42,6,21,0.000643166,1,44567.165600
69,72413180,5,44,46176335,46694144,16384,92,18,19,0.000585300,1,97237.299735
70,73462010,0,64,67162195,68145408,65536,114,18,37,0.001138637,1,120390.636713
70,73462010,1,63,66113270,66113280,65536,81,13,42,0.001292507,1,86132.506539
70,73462010,2,40,41986401,42968832,65536,81,13,32,0.000987929,1,85787.928746
70,73462010,3,67,70308921,70309120,16384,81,13,26,0.000800123,1,85576.123096
70,73462010,4,68,71359090,71853312,65536,81,13,26,0.000800123,1,85576.123096
70,73462010,5,50,52478164,53000448,4096,42,10,28,0.000861671,1,45325.671026
70,73462010,6,41,43034573,43556352,4096,42,10,23,0.000715085,1,45159.085188
70,73462010,7,59,61910108,62403072,65536,33,5,33,0.001015541,1,35643.540852
70,73462010,8,66,69260290,70292480,16384,33,5,29,0.000892445,1,35504.444992
70,73462010,9,53,55623067,56115712,65536,33,5,22,0.000677027,1,35261.027235
70,73462010,10,52,54574659,55096832,4096,17,3,32,0.000984767,1,18968.766887
70,73462010,11,5,5243475,5759488,16384,17,3,26,0.000918501,1,18878.500724
70,73462010,12,64,67162195,67162368,16384,81,13,37,0.001138637,1,85958.636713
70,73462010,13,63,66113270,66113280,4096,24,6,42,0.001292507,1,26868.506539
70,73462010,14,40,41986401,43017984,16384,81,13,32,0.000987929,1,85787.928746
70,73462010,15,67,70308921,70309120,4096,42,10,26,0.000800123,1,45256.123096
70,73462010,16,59,61910108,62435328,1024,4,2,33,0.001015541,1,5563.540852
70,73462010,17,66,69260290,69260544,1024,3,1,29,0.000892445,1,4272.444992
70,73462010,18,52,54574659,55098368,1024,4,2,32,0.000984767,1,5528.766887
71,74505116,0,40,41986401,42508288,4096,42,10,23,0.000710074,1,45154.073786
71,74505116,1,64,67162195,68145408,65536,36,6,22,0.000675137,1,38459.136562
71,74505116,2,59,61910108,62403072,65536,21,3,24,0.000736129,1,22784.128577
71,74505116,3,54,56673889,56674048,65536,21,3,23,0.000705457,1,22749.456553
71,74505116,4,66,69260290,70292480,16384,21,3,18,0.000553727,1,22577.726890
71,74505116,5,53,55623067,56115712,65536,21,3,18,0.000552724,1,22576.723700
71,74505116,6,55,57723048,58214912,65536,21,3,17,0.000521424,1,22541.424409
71,74505116,7,63,66113270,66113280,4096,18,4,29,0.000889489,1,20013.488697
71,74505116,8,68,71359090,71853312,65536,15,3,20,0.000613440,1,16501.440481
71,74505116,9,67,70308921,70309120,16384,15,3,17,0.000521424,1,16397.424409
71,74505116,10,50,52478164,53000448,4096,13,3,23,0.000705457,1,14557.456553
71,74505116,11,41,43034573,43556352,4096,13,3,20,0.000621813,1,14461.813207
71,74505116,12,40,41986401,42968832,65536,15,3,23,0.000710074,1,16610.073786
71,74505116,13,64,67162195,67162368,16384,15,3,22,0.000675137,1,16571.136562
71,74505116,14,54,56673889,57165568,65536,5,1,23,0.000705457,1,6109.456553
71,74505116,15,66,69260290,69260544,1024,3,1,18,0.000553727,1,3889.726890
71,74505116,16,55,57723048,58239488,16384,21,3,17,0.000521424,1,22541.424409
71,74505116,17,63,66113270,66113280,65536,15,3,29,0.000889489,1,16813.488697
71,74505116,18,68,71359090,71359232,1024,3,1,20,0.000613440,1,3957.440481
71,74505116,19,67,70308921,70309120,4096,13,3,17,0.000521424,1,14349.424409
72,75550861,0,64,67162195,67162368,16384,66,10,29,0.000889953,1,69933.952740
72,75550861,1,63,66113270,66113280,65536,66,10,27,0.000826649,1,69862.648705
72,75550861,2,40,41986401,42968832,65536,66,10,24,0.000740947,1,69764.946559
72,75550861,3,68,71359090,71853312,65536,66,10,23,0.000702848,1,69722.848063
72,75550861,4,67,70308921,70309120,16384,66,10,19,0.000581520,1,69585.519909
72,75550861,5,50,52478164,53000448,4096,46,10,22,0.000674578,1,49210.577622
72,75550861,6,41,43034573,43556352,4096,46,10,21,0.000652904,1,49184.903868
72,75550861,7,71,74505116,74505216,65536,21,3,21,0.000644113,1,22680.112505
72,75550861,8,66,69260290,69260544,1024,5,1,25,0.000769065,1,6181.065124
72,75550861,9,34,35682590,36208640,1024,3,1,21,0.000641731,1,3989.730840
72,75550861,10,52,54574659,55098368,1024,3,1,19,0.000582144,1,3922.143514
72,75550861,11,64,67162195,67162368,65536,66,10,29,0.000889953,1,69933.952740
72,75550861,12,40,41986401,43017984,16384,66,10,24,0.000740947,1,69764.946559
72,75550861,13,67,70308921,70309120,4096,46,10,19,0.000581520,1,49105.519909
72,75550861,14,66,69260290,69260544,256,1,1,25,0.000769065,1,2085.065124
73,76600145,0,40,41986401,42508288,4096,28,6,28,0.000864438,1,30480.437652
73,76600145,1,61,64013943,64530688,16384,24,4,20,0.000611042,1,25843.041520
73,76600145,2,5,5243475,5759488,16384,24,4,17,0.000600558,1,25820.558166
73,76600145,3,63,66113270,66113280,4096,15,3,27,0.000826649,1,16742.648705
73,76600145,4,66,69260290,69784064,1024,6,2,31,0.000953641,1,7541.640754
73,76600145,5,50,52478164,53000448,4096,5,1,23,0.000705240,1,6109.240242
73,76600145,6,41,43034573,43556352,4096,5,1,22,0.000683995,1,6083.994528
73,76600145,7,67,70308921,70309120,4096,5,1,22,0.000673339,1,6073.338842
73,76600145,8,59,61910108,62435328,1024,3,1,25,0.000764479,1,4128.479237
73,76600145,9,34,35682590,36208640,1024,3,1,23,0.000702698,1,4058.697748
73,76600145,10,66,69260290,69260544,1024,3,1,31,0.000953641,1,4341.640754
74,77649549,0,69,72413180,73457664,4096,37,9,18,0.000551285,1,39727.284800
74,77649549,1,44,46176335,46669568,65536,24,4,36,0.001108989,1,26404.988972
74,77649549,2,45,47228198,48260352,16384,24,4,30,0.000918133,1,26190.133129
74,77649549,3,39,40937191,40937216,16384,24,4,23,0.000712913,1,25956.913025
74,77649549,4,31,32531029,33055744,1024,11,3,21,0.000641731,1,12437.730840
74,77649549,5,48,50375116,50375168,256,1,1,26,0.000794524,1,2114.523897
74,77649549,6,30,31484883,31484928,256,1,1,19,0.000583592,1,1875.591854
74,77649549,7,69,72413180,73460736,1024,37,9,18,0.000551285,1,39727.284800
74,77649549,8,44,46176335,46694144,16384,24,4,36,0.001108989,1,26404.988972
75,78698950,0,63,66113270,66113280,65536,99,17,28,0.000857265,1,104585.265324
75,78698950,1,40,41986401,42968832,65536,99,17,25,0.000771819,1,104487.819333
75,78698950,2,67,70308921,70309120,16384,99,17,23,0.000703945,1,104411.945153
75,78698950,3,64,67162195,67162368,16384,99,17,22,0.000675137,1,104379.136562
75,78698950,4,68,71359090,71853312,65536,99,17,18,0.000550173,1,104238.172693
75,78698950,5,61,64013943,64530688,16384,36,6,23,0.000702998,1,38490.998441
75,78698950,6,5,5243475,5759488,16384,36,6,19,0.000671212,1,38443.212068
75,78698950,7,54,56673889,57165568,65536,21,3,25,0.000766260,1,22818.260038
75,78698950,8,41,43034573,43556352,4096,9,3,25,0.000777267,1,10541.266509
75,78698950,9,50,52478164,53000448,4096,9,3,19,0.000582590,1,10322.589765
75,78698950,10,52,54574659,55098368,1024,8,4,19,0.000582144,1,9426.143514
75,78698950,11,63,66113270,66113280,4096,21,5,28,0.000857265,1,23177.265324
75,78698950,12,40,41986401,43017984,16384,99,17,25,0.000771819,1,104487.819333
75,78698950,13,67,70308921,70309120,4096,9,3,23,0.000703945,1,10459.945153
75,78698950,14,64,67162195,67162368,65536,99,17,22,0.000675137,1,104379.136562
75,78698950,15,5,5243475,5243648,4096,4,2,19,0.000671212,1,5163.212068
76,79749109,0,40,41986401,42508288,4096,47,11,25,0.000771819,1,50471.819333
76,79749109,1,50,52478164,53000448,4096,34,8,22,0.000674578,1,36666.577622
76,79749109,2,41,43034573,43556352,4096,34,8,19,0.000590723,1,36570.722547
76,79749109,3,67,70308921,70309120,4096,34,8,16,0.000489701,1,36457.700976
76,79749109,4,75,78698950,78699008,4096,33,5,31,0.000948331,1,35568.331243
76,79749109,5,63,66113270,66113280,65536,33,5,22,0.000673566,1,35257.565611
76,79749109,6,64,67162195,67162368,16384,33,5,20,0.000613761,1,35189.760511
76,79749109,7,68,71359090,71853312,65536,33,5,16,0.000489461,1,35049.461287
76,79749109,8,52,54574659,55098368,1024,3,1,30,0.000919174,1,4303.173969
76,79749109,9,40,41986401,42968832,65536,33,5,25,0.000771819,1,35367.819333
76,79749109,10,67,70308921,70309120,16384,33,5,16,0.000489701,1,35049.700976
76,79749109,11,75,78698950,78699008,16384,33,5,31,0.000948331,1,35568.331243
76,79749109,12,63,66113270,66113280,4096,10,2,22,0.000673566,1,11321.565611
76,79749109,13,64,67162195,67162368,65536,33,5,20,0.000613761,1,35189.760511
77,80797080,0,40,41986401,42508288,4096,85,21,41,0.001265784,1,91221.783705
77,80797080,1,63,66113270,66113280,65536,51,9,36,0.001105380,1,54689.379514
77,80797080,2,64,67162195,67162368,16384,51,9,30,0.000921150,1,54481.149595
77,80797080,3,75,78698950,78699008,4096,51,9,26,0.000798330,1,54342.329649
77,80797080,4,76,79749109,79749120,256,51,9,26,0.000798330,1,54342.329649
77,80797080,5,67,70308921,70309120,16384,51,9,23,0.000706215,1,54238.214689
77,80797080,6,68,71359090,71853312,65536,51,9,23,0.000706215,1,54238.214689
77,80797080,7,50,52478164,53000448,4096,40,10,31,0.000951855,1,43379.854581
77,80797080,8,41,43034573,43556352,4096,40,10,29,0.000901629,1,43321.629151
77,80797080,9,5,5243475,5759488,16384,28,6,30,0.001059809,1,30683.808528
77,80797080,10,61,64013943,64530688,16384,28,6,28,0.000859740,1,30475.739622
77,80797080,11,59,61910108,62403072,65536,24,4,31,0.000951855,1,26227.854581
77,80797080,12,40,41986401,42968832,65536,51,9,41,0.001265784,1,54869.783705
77,80797080,13,63,66113270,66113280,4096,16,4,36,0.001105380,1,18209.379514
77,80797080,14,64,67162195,68145408,65536,24,4,30,0.000921150,1,26193.149595
77,80797080,15,75,78698950,78699008,16384,51,9,26,0.000798330,1,54342.329649
77,80797080,16,76,79749109,79749120,1024,51,9,26,0.000798330,1,54342.329649
77,80797080,17,67,70308921,70309120,4096,40,10,23,0.000706215,1,43102.214689
77,80797080,18,59,61910108,62435328,1024,3,1,31,0.000951855,1,4339.854581
78,81846058,0,77,80797080,81780480,65536,104,18,67,0.002061983,1,111193.982581
78,81846058,1,40,41986401,42968832,65536,104,18,37,0.001142293,1,110154.292612
78,81846058,2,68,71359090,71853312,65536,104,18,25,0.000769396,1,109733.396485
78,81846058,3,63,66113270,66113280,65536,104,18,24,0.000738621,1,109698.620626
78,81846058,4,64,67162195,67162368,16384,104,18,24,0.000738621,1,109698.620626
78,81846058,5,76,79749109,79749120,256,104,18,22,0.000677069,1,109629.068907
78,81846058,6,75,78698950,78699008,4096,104,18,20,0.000615517,1,109559.517188
78,81846058,7,59,61910108,62403072,65536,45,7,27,0.000830948,1,47978.948204
78,81846058,8,66,69260290,70292480,16384,45,7,24,0.000738621,1,47874.620626
78,81846058,9,53,55623067,56115712,65536,45,7,22,0.000677069,1,47805.068907
78,81846058,10,61,64013943,64530688,16384,32,6,28,0.000861724,1,34573.724064
78,81846058,11,5,5243475,5759488,16384,32,6,19,0.000671212,1,34347.212068
78,81846058,12,40,41986401,43017984,16384,104,18,37,0.001142293,1,110154.292612
78,81846058,13,68,71359090,71359232,1024,4,2,25,0.000769396,1,5285.396485
78,81846058,14,63,66113270,66113280,4096,25,5,24,0.000738621,1,27138.620626
78,81846058,15,64,67162195,68145408,65536,45,7,24,0.000738621,1,47874.620626
78,81846058,16,76,79749109,79749120,1024,104,18,22,0.000677069,1,109629.068907
78,81846058,17,75,78698950,78699008,16384,104,18,20,0.000615517,1,109559.517188
78,81846058,18,66,69260290,69260544,1024,15,5,24,0.000738621,1,16898.620626
78,81846058,19,5,5243475,5243648,4096,3,1,19,0.000671212,1,4011.212068
79,82895685,0,2,2097908,2097920,16384,55,11,25,0.000823289,1,58715.289205
79,82895685,1,27,28339390,28852736,16384,55,11,20,0.000625508,1,58497.508225
79,82895685,2,1,1048219,1048320,65536,55,11,18,0.000602148,1,58466.147660
79,82895685,3,42,44082319,44573440,65536,55,11,16,0.000500407,1,58356.406580
79,82895685,4,3,3146668,4129792,65536,55,11,13,0.000406580,1,58250.580347
79,82895685,5,16,16797859,16797952,4096,38,8,11,0.000344030,1,40388.029524
79,82895685,6,26,27289725,27812352,4096,20,4,24,0.000750610,1,21902.609871
79,82895685,7,15,15749490,16271616,4096,20,4,20,0.000625508,1,21761.508225
79,82895685,8,32,33581405,34107136,4096,15,3,20,0.000625508,1,16513.508225
79,82895685,9,19,19943395,19943424,16384,12,2,20,0.000625508,1,13313.508225
79,82895685,10,0,0,0,1024,8,2,20,0.000778180,1,9370.179837
79,82895685,11,23,24139211,24139264,256,6,2,14,0.000437856,1,6957.855758
79,82895685,12,27,28339390,28858880,4096,55,11,20,0.000625508,1,58497.508225
79,82895685,13,1,1048219,1540096,65536,55,11,18,0.000602148,1,58466.147660
79,82895685,14,42,44082319,44605696,1024,3,1,16,0.000500407,1,3828.406580
79,82895685,15,26,27289725,27813888,1024,20,4,24,0.000750610,1,21902.609871
79,82895685,16,19,19943395,19943424,256,1,1,20,0.000625508,1,1921.508225
79,82895685,17,0,0,0,4096,8,2,20,0.000778180,1,9370.179837
79,82895685,18,23,24139211,24139264,1024,6,2,14,0.000437856,1,6957.855758
80,83944520,0,54,56673889,57165568,65536,42,6,26,0.000797742,1,44741.741777
80,83944520,1,63,66113270,66604800,65536,42,6,25,0.000767059,1,44707.059401
80,83944520,2,78,81846058,81846272,65536,39,7,37,0.001138707,1,42182.706798
80,83944520,3,77,80797080,81780480,65536,39,7,32,0.000982560,1,42006.559568
80,83944520,4,40,41986401,42968832,65536,39,7,30,0.000926183,1,41942.183199
80,83944520,5,64,67162195,67162368,16384,39,7,28,0.000859265,1,41867.264715
80,83944520,6,75,78698950,78699008,4096,39,7,19,0.000582965,1,41554.965145
80,83944520,7,76,79749109,79749120,256,39,7,17,0.000521600,1,41485.600393
80,83944520,8,66,69260290,69751808,65536,21,3,21,0.000646015,1,22682.014705
80,83944520,9,41,43034573,43556352,4096,15,3,26,0.000808357,1,16720.357170
80,83944520,10,5,5243475,5759488,16384,15,3,23,0.000812520,1,16712.519871
80,83944520,11,50,52478164,53000448,4096,15,3,26,0.000797742,1,16709.741777
80,83944520,12,63,66113270,66629376,16384,42,6,25,0.000767059,1,44707.059401
80,83944520,13,78,81846058,82362624,16384,15,3,37,0.001138707,1,17094.706798
80,83944520,14,40,41986401,43017984,16384,39,7,30,0.000926183,1,41942.183199
80,83944520,15,64,67162195,67686144,1024,1,1,28,0.000859265,1,2187.264715
80,83944520,16,75,78698950,78699008,16384,39,7,19,0.000582965,1,41554.965145
80,83944520,17,76,79749109,79749120,1024,39,7,17,0.000521600,1,41485.600393
80,83944520,18,66,69260290,69784064,1024,3,1,21,0.000646015,1,3994.014705
81,84989531,0,40,41986401,42508288,4096,58,14,27,0.000833565,1,62189.564879
81,84989531,1,50,52478164,53000448,4096,26,6,31,0.000950541,1,28530.541195
81,84989531,2,63,66113270,66113280,4096,26,6,27,0.000826649,1,28390.648705
81,84989531,3,41,43034573,43556352,4096,26,6,20,0.000621813,1,28157.813207
81,84989531,4,67,70308921,70309120,4096,26,6,19,0.000581520,1,28113.519909
81,84989531,5,77,80797080,81780480,65536,16,4,32,0.000982560,1,18070.559568
81,84989531,6,64,67162195,67162368,16384,16,4,30,0.000920641,1,18000.640766
81,84989531,7,76,79749109,79749120,256,16,4,23,0.000703601,1,17755.600600
81,84989531,8,78,81846058,81846272,65536,16,4,20,0.000615517,1,17655.517188
81,84989531,9,75,78698950,78699008,4096,16,4,20,0.000611677,1,17651.676912
81,84989531,10,80,83944520,84434176,65536,12,2,30,0.000920471,1,13648.471281
81,84989531,11,52,54574659,55096832,4096,12,2,30,0.000919174,1,13647.173969
81,84989531,12,40,41986401,42968832,65536,16,4,27,0.000833565,1,17901.564879
81,84989531,13,63,66113270,66113280,65536,16,4,27,0.000826649,1,17894.648705
81,84989531,14,64,67162195,68145408,65536,12,2,30,0.000920641,1,13648.640766
81,84989531,15,76,79749109,79749120,1024,16,4,23,0.000703601,1,17755.600600
81,84989531,16,75,78698950,78699008,16384,16,4,20,0.000611677,1,17651.676912
81,84989531,17,80,83944520,84466944,256,1,1,30,0.000920471,1,2256.471281
81,84989531,18,52,54574659,55098368,1024,2,2,30,0.000919174,1,3407.173969
82,86038265,0,40,41986401,42508288,4096,52,12,32,0.000987929,1,55963.928746
82,86038265,1,81,84989531,86021632,16384,46,8,26,0.000797155,1,49093.154771
82,86038265,2,50,52478164,53000448,4096,26,6,26,0.000797228,1,28357.228099
82,86038265,3,67,70308921,70309120,4096,26,6,20,0.000613196,1,28149.195977
82,86038265,4,41,43034573,43556352,4096,26,6,19,0.000590723,1,28122.722547
82,86038265,5,63,66113270,66113280,4096,15,3,28,0.000858474,1,16778.474368
82,86038265,6,78,81846058,82362624,16384,12,2,25,0.000769396,1,13477.396485
82,86038265,7,5,5243475,5759488,16384,12,2,21,0.000741866,1,13433.865970
82,86038265,8,61,64013943,64530688,16384,12,2,22,0.000674516,1,13370.515575
82,86038265,9,59,61910108,62435328,1024,4,2,35,0.001073093,1,5629.092961
82,86038265,10,66,69260290,69784064,1024,3,1,25,0.000769065,1,4133.065124
82,86038265,11,80,83944520,83944704,256,3,1,20,0.000613648,1,3957.647521
83,87087641,0,40,41986401,42968832,65536,78,14,30,0.000926183,1,82774.183199
83,87087641,1,77,80797080,81780480,65536,78,14,28,0.000859740,1,82699.739622
83,87087641,2,78,81846058,81846272,65536,78,14,27,0.000830948,1,82666.948204
83,87087641,3,75,78698950,78699008,4096,78,14,27,0.000825966,1,82661.965921
83,87087641,4,63,66113270,66113280,65536,78,14,26,0.000796032,1,82628.032086
83,87087641,5,64,67162195,67162368,16384,78,14,23,0.000705825,1,82525.824587
83,87087641,6,76,79749109,79749120,256,78,14,16,0.000489461,1,82281.461287
83,87087641,7,80,83944520,84434176,65536,42,6,27,0.000828424,1,44776.424153
83,87087641,8,59,61910108,62403072,65536,42,6,21,0.000642418,1,44566.417939
83,87087641,9,81,84989531,85480960,65536,42,6,21,0.000642418,1,44566.417939
83,87087641,10,66,69260290,70292480,16384,42,6,20,0.000615252,1,44535.252100
83,87087641,11,53,55623067,56115712,65536,42,6,17,0.000522017,1,44430.016827
83,87087641,12,40,41986401,43017984,16384,78,14,30,0.000926183,1,82774.183199
83,87087641,13,78,81846058,82362624,16384,20,4,27,0.000830948,1,21994.948204
83,87087641,14,75,78698950,78699008,16384,78,14,27,0.000825966,1,82661.965921
83,87087641,15,63,66113270,66604800,65536,24,4,26,0.000796032,1,26052.032086
83,87087641,16,64,67162195,68145408,65536,42,6,23,0.000705825,1,44637.824587
83,87087641,17,76,79749109,79749120,1024,78,14,16,0.000489461,1,82281.461287
84,88136600,0,83,87087641,87087872,4096,58,10,19,0.000586420,1,61398.419753
84,88136600,1,40,41986401,42508288,4096,49,13,19,0.000586583,1,52566.582693
84,88136600,2,63,66113270,66113280,65536,45,7,22,0.000679012,1,47807.012346
84,88136600,3,77,80797080,81780480,65536,45,7,21,0.000648148,1,47772.148148
84,88136600,4,78,81846058,81846272,65536,45,7,17,0.000524691,1,47632.691358
84,88136600,5,64,67162195,67162368,16384,45,7,16,0.000493827,1,47597.827160
84,88136600,6,76,79749109,79749120,1024,45,7,15,0.000462963,1,47562.962963
84,88136600,7,81,84989531,86021632,16384,25,5,19,0.000586420,1,26966.419753
84,88136600,8,54,56673889,57165568,65536,21,3,20,0.000617284,1,22649.283951
84,88136600,9,41,43034573,43556352,4096,14,4,20,0.000621813,1,15613.813207
84,88136600,10,50,52478164,53000448,4096,14,4,20,0.000617284,1,15609.283951
84,88136600,11,67,70308921,70309120,4096,14,4,18,0.000555556,1,15539.555556
84,88136600,12,83,87087641,87087872,16384,45,7,19,0.000586420,1,47702.419753
84,88136600,13,40,41986401,42968832,65536,45,7,19,0.000586583,1,47702.582693
84,88136600,14,63,66113270,66113280,4096,25,7,22,0.000679012,1,27327.012346
84,88136600,15,78,81846058,81846272,4096,8,2,17,0.000524691,1,9104.691358
84,88136600,16,64,67162195,68145408,65536,12,2,16,0.000493827,1,13165.827160
84,88136600,17,76,79749109,79749120,4096,45,7,15,0.000462963,1,47562.962963
84,88136600,18,81,84989531,85480960,65536,12,2,19,0.000586420,1,13270.419753
85,89184861,0,83,87087641,87087872,4096,57,11,28,0.000856767,1,60808.766929
85,89184861,1,84,88136600,88136704,16384,52,10,35,0.001080247,1,55812.246914
85,89184861,2,78,81846058,81846272,65536,52,10,26,0.000800172,1,55496.172345
85,89184861,3,76,79749109,79749120,4096,52,10,25,0.000764970,1,55456.970472
85,89184861,4,77,80797080,81780480,65536,52,10,24,0.000736920,1,55424.919676
85,89184861,5,40,41986401,42968832,65536,52,10,21,0.000648328,1,55324.328239
85,89184861,6,64,67162195,67162368,16384,52,10,16,0.000491008,1,55147.008409
85,89184861,7,63,66113270,66113280,4096,37,11,20,0.000612332,1,40052.332374
85,89184861,8,41,43034573,43556352,4096,23,5,22,0.000683995,1,25027.994528
85,89184861,9,50,52478164,53000448,4096,23,5,16,0.000490602,1,24810.601907
85,89184861,10,67,70308921,70309120,4096,23,5,15,0.000459095,1,24775.094665
85,89184861,11,54,56673889,57165568,65536,21,3,19,0.000582358,1,22610.357629
85,89184861,12,83,87087641,87087872,16384,52,10,28,0.000856767,1,55560.766929
85,89184861,13,84,88136600,88136704,65536,52,10,35,0.001080247,1,55812.246914
85,89184861,14,78,81846058,82362624,16384,8,2,26,0.000800172,1,9416.172345
85,89184861,15,76,79749109,79749120,16384,52,10,25,0.000764970,1,55456.970472
85,89184861,16,40,41986401,43017984,16384,52,10,21,0.000648328,1,55324.328239
85,89184861,17,64,67162195,67686144,1024,6,2,16,0.000491008,1,7019.008409
85,89184861,18,63,66113270,66604800,65536,21,3,20,0.000612332,1,22644.332374
86,90235200,0,40,41986401,42968832,65536,91,17,27,0.000833565,1,96365.564879
86,90235200,1,77,80797080,81780480,65536,91,17,27,0.000829035,1,96361.034635
86,90235200,2,78,81846058,81846272,65536,91,17,23,0.000707845,1,96223.844767
86,90235200,3,83,87087641,87087872,4096,91,17,23,0.000704484,1,96220.484195
86,90235200,4,64,67162195,67162368,16384,91,17,21,0.000644449,1,96152.448536
86,90235200,5,76,79749109,79749120,4096,91,17,20,0.000612595,1,96116.594952
86,90235200,6,84,88136600,88136704,16384,91,17,12,0.000370370,1,95842.370370
86,90235200,7,63,66113270,66113280,4096,28,6,21,0.000643225,1,30231.224700
86,90235200,8,73,76600145,76600320,65536,24,4,22,0.000673854,1,25913.854447
86,90235200,9,41,43034573,43556352,4096,17,5,22,0.000683995,1,18883.994528
86,90235200,10,50,52478164,53000448,4096,17,5,18,0.000551927,1,18735.927146
86,90235200,11,67,70308921,70309120,4096,17,5,16,0.000490076,1,18666.075962
86,90235200,12,40,41986401,43017984,16384,91,17,27,0.000833565,1,96365.564879
86,90235200,13,83,87087641,87087872,16384,91,17,23,0.000704484,1,96220.484195
86,90235200,14,64,67162195,67686144,1024,3,1,21,0.000644449,1,3992.448536
86,90235200,15,76,79749109,79749120,16384,91,17,20,0.000612595,1,96116.594952
86,90235200,16,84,88136600,88136704,65536,91,17,12,0.000370370,1,95842.370370
88,92334574,0,87,91284118,91284224,1024,27,5,41,0.001261228,1,29777.228005
88,92334574,1,87,91284118,91284224,4096,21,3,41,0.001261228,1,23377.228005
89,93379564,0,83,87087641,87087872,4096,53,9,33,0.001010813,1,56630.812632
89,93379564,1,77,80797080,81780480,65536,48,8,29,0.000890445,1,51246.444608
89,93379564,2,64,67162195,67162368,16384,48,8,23,0.000705825,1,51037.824587
89,93379564,3,40,41986401,42968832,65536,48,8,22,0.000679201,1,51007.201013
89,93379564,4,84,88136600,88136704,16384,48,8,21,0.000648148,1,50972.148148
89,93379564,5,78,81846058,81846272,65536,48,8,19,0.000584741,1,50900.741329
89,93379564,6,76,79749109,79749120,4096,48,8,17,0.000520722,1,50828.721659
89,93379564,7,66,69260290,70292480,16384,42,6,24,0.000738303,1,44674.302519
89,93379564,8,80,83944520,84434176,65536,42,6,24,0.000736377,1,44672.377025
89,93379564,9,59,61910108,62403072,65536,42,6,21,0.000643244,1,44567.244402
89,93379564,10,53,55623067,56115712,65536,42,6,19,0.000583431,1,44499.430572
89,93379564,11,81,84989531,85480960,65536,42,6,16,0.000490091,1,44394.090973
89,93379564,12,83,87087641,87087872,16384,48,8,33,0.001010813,1,51382.812632
89,93379564,13,64,67162195,68145408,65536,42,6,23,0.000705825,1,44637.824587
89,93379564,14,40,41986401,43017984,16384,48,8,22,0.000679201,1,51007.201013
89,93379564,15,84,88136600,88136704,65536,48,8,21,0.000648148,1,50972.148148
89,93379564,16,78,81846058,82362624,16384,19,3,19,0.000584741,1,20564.741329
89,93379564,17,76,79749109,79749120,16384,48,8,17,0.000520722,1,50828.721659
90,94428006,0,83,87087641,87087872,4096,124,24,31,0.000950716,1,131186.716104
90,94428006,1,77,80797080,81780480,65536,102,18,31,0.000951855,1,107891.854581
90,94428006,2,40,41986401,42968832,65536,102,18,29,0.000895310,1,107827.310426
90,94428006,3,78,81846058,81846272,65536,102,18,29,0.000892500,1,107824.499923
90,94428006,4,64,67162195,67162368,16384,102,18,24,0.000736513,1,107648.512613
90,94428006,5,84,88136600,88136704,16384,102,18,22,0.000679012,1,107583.012346
90,94428006,6,76,79749109,79749120,4096,102,18,21,0.000644033,1,107544.033490
90,94428006,7,86,90235200,90757632,4096,59,13,27,0.000828043,1,63080.043058
90,94428006,8,5,5243475,5759488,16384,24,4,23,0.000812520,1,26056.519871
90,94428006,9,61,64013943,64530688,16384,24,4,19,0.000582697,1,25810.696967
90,94428006,10,54,56673889,56674048,65536,15,3,29,0.000889380,1,16813.379581
90,94428006,11,55,57723048,58214912,65536,15,3,23,0.000705370,1,16605.370013
90,94428006,12,83,87087641,87087872,16384,102,18,31,0.000950716,1,107890.716104
90,94428006,13,40,41986401,43017984,16384,102,18,29,0.000895310,1,107827.310426
90,94428006,14,78,81846058,82362624,16384,24,4,29,0.000892500,1,26160.499923
90,94428006,15,84,88136600,88136704,65536,102,18,22,0.000679012,1,107583.012346
90,94428006,16,76,79749109,79749120,16384,102,18,21,0.000644033,1,107544.033490
91,95475522,0,83,87087641,87087872,4096,98,18,19,0.000582251,1,103378.250552
91,95475522,1,90,94428006,94918912,65536,93,17,47,0.001441408,1,99101.408287
91,95475522,2,77,80797080,81780480,65536,93,17,29,0.000890445,1,98478.444608
91,95475522,3,78,81846058,81846272,65536,93,17,27,0.000830948,1,98410.948204
91,95475522,4,40,41986401,42968832,65536,93,17,26,0.000802692,1,98378.692106
91,95475522,5,84,88136600,88136704,16384,93,17,19,0.000586420,1,98134.419753
91,95475522,6,76,79749109,79749120,4096,93,17,19,0.000582251,1,98130.250552
91,95475522,7,64,67162195,68145408,65536,33,5,31,0.000951329,1,35571.328792
91,95475522,8,80,83944520,84434176,65536,33,5,27,0.000828424,1,35432.424153
91,95475522,9,59,61910108,62403072,65536,33,5,25,0.000766119,1,35362.119147
91,95475522,10,81,84989531,85480960,65536,33,5,25,0.000766119,1,35362.119147
91,95475522,11,66,69260290,70292480,16384,33,5,20,0.000615252,1,35191.252100
91,95475522,12,83,87087641,87087872,16384,93,17,19,0.000582251,1,98130.250552
91,95475522,13,90,94428006,94428160,65536,33,5,47,0.001441408,1,36125.408287
91,95475522,14,40,41986401,43017984,16384,93,17,26,0.000802692,1,98378.692106
91,95475522,15,84,88136600,88136704,65536,93,17,19,0.000586420,1,98134.419753
91,95475522,16,76,79749109,79749120,16384,93,17,19,0.000582251,1,98130.250552
91,95475522,17,81,84989531,86021632,16384,12,2,25,0.000766119,1,13474.119147
92,96523305,0,40,41986401,42508288,4096,66,16,32,0.000987929,1,70811.928746
92,96523305,1,83,87087641,87087872,4096,66,12,33,0.001015791,1,70331.790932
92,96523305,2,90,94428006,94918912,65536,51,9,35,0.001077354,1,54657.354019
92,96523305,3,77,80797080,81780480,65536,51,9,30,0.000923446,1,54483.446302
92,96523305,4,76,79749109,79749120,4096,51,9,29,0.000892665,1,54448.664758
92,96523305,5,78,81846058,81846272,65536,51,9,26,0.000800320,1,54344.320128
92,96523305,6,84,88136600,88136704,16384,51,9,18,0.000555556,1,54067.555556
92,96523305,7,63,66113270,66113280,4096,36,8,29,0.000892665,1,38960.664758
92,96523305,8,41,43034573,43556352,4096,33,9,24,0.000746176,1,35850.175849
92,96523305,9,50,52478164,53000448,4096,33,9,24,0.000738757,1,35842.757041
92,96523305,10,67,70308921,70309120,4096,33,9,23,0.000707975,1,35807.975498
92,96523305,11,86,90235200,90757632,4096,33,7,26,0.000800320,1,35656.320128
92,96523305,12,40,41986401,42968832,65536,51,9,32,0.000987929,1,54555.928746
92,96523305,13,83,87087641,87087872,16384,51,9,33,0.001015791,1,54587.790932
92,96523305,14,90,94428006,94428160,65536,33,5,35,0.001077354,1,35713.354019
92,96523305,15,76,79749109,79749120,16384,51,9,29,0.000892665,1,54448.664758
92,96523305,16,78,81846058,82362624,16384,29,5,26,0.000800320,1,31304.320128
92,96523305,17,84,88136600,88136704,65536,51,9,18,0.000555556,1,54067.555556
93,97572014,0,83,87087641,87087872,4096,82,14,25,0.000767201,1,86691.200638
93,97572014,1,40,41986401,42968832,65536,72,12,32,0.000987929,1,76443.928746
93,97572014,2,78,81846058,81846272,65536,72,12,28,0.000861724,1,76301.724064
93,97572014,3,77,80797080,81780480,65536,72,12,27,0.000829035,1,76265.034635
93,97572014,4,90,94428006,94918912,65536,72,12,23,0.000705825,1,76125.824587
93,97572014,5,84,88136600,88136704,16384,72,12,21,0.000648148,1,76060.148148
93,97572014,6,76,79749109,79749120,4096,72,12,20,0.000613761,1,76021.760511
93,97572014,7,67,70308921,70309120,4096,37,9,28,0.000859265,1,40075.264715
93,97572014,8,50,52478164,53000448,4096,37,9,27,0.000828577,1,40040.576689
93,97572014,9,41,43034573,43556352,4096,37,9,24,0.000746176,1,39946.175849
93,97572014,10,81,84989531,86021632,16384,24,4,26,0.000797889,1,26053.888664
93,97572014,11,86,90235200,90757632,4096,23,5,19,0.000583072,1,24915.072485
93,97572014,12,83,87087641,87087872,16384,72,12,25,0.000767201,1,76195.200638
93,97572014,13,40,41986401,43017984,16384,72,12,32,0.000987929,1,76443.928746
93,97572014,14,84,88136600,88136704,65536,72,12,21,0.000648148,1,76060.148148
93,97572014,15,76,79749109,79749120,16384,72,12,20,0.000613761,1,76021.760511
94,98619736,0,83,87087641,87087872,4096,57,11,19,0.000582322,1,60498.321932
94,98619736,1,40,41986401,42508288,4096,55,11,29,0.000895310,1,58803.310426
94,98619736,2,86,90235200,90757632,4096,45,9,21,0.000643619,1,48023.618978
94,98619736,3,90,94428006,94918912,65536,33,5,30,0.000920048,1,35536.047842
94,98619736,4,78,81846058,81846272,65536,33,5,25,0.000769396,1,35365.396485
94,98619736,5,93,97572014,97572096,16384,33,5,24,0.000736513,1,35328.512613
94,98619736,6,77,80797080,81780480,65536,33,5,21,0.000644805,1,35224.804716
94,98619736,7,76,79749109,79749120,16384,33,5,20,0.000612970,1,35188.970455
94,98619736,8,84,88136600,88136704,16384,33,5,15,0.000462963,1,35018.962963
94,98619736,9,64,67162195,68145408,65536,24,4,26,0.000797889,1,26053.888664
94,98619736,10,53,55623067,56115712,65536,24,4,25,0.000767672,1,26019.671805
94,98619736,11,80,83944520,84434176,65536,24,4,24,0.000736377,1,25984.377025
94,98619736,12,83,87087641,87087872,16384,33,5,19,0.000582322,1,35154.321932
94,98619736,13,40,41986401,42968832,65536,33,5,29,0.000895310,1,35507.310426
94,98619736,14,90,94428006,94428160,65536,24,4,30,0.000920048,1,26192.047842
94,98619736,15,84,88136600,88136704,65536,33,5,15,0.000462963,1,35018.962963
95,99667131,0,40,41986401,42508288,4096,72,16,35,0.001080547,1,77060.547066
95,99667131,1,83,87087641,87087872,4096,70,14,21,0.000644290,1,74264.290360
95,99667131,2,78,81846058,81846272,65536,66,12,35,0.001077155,1,70401.155080
95,99667131,3,93,97572014,97572096,16384,66,12,30,0.000920641,1,70224.640766
95,99667131,4,77,80797080,81780480,65536,66,12,27,0.000829035,1,70121.034635
95,99667131,5,76,79749109,79749120,16384,66,12,25,0.000767012,1,70051.012334
95,99667131,6,90,94428006,94918912,65536,66,12,25,0.000767012,1,70051.012334
95,99667131,7,84,88136600,88136704,16384,66,12,20,0.000617284,1,69881.283951
95,99667131,8,94,98619736,98619904,65536,42,6,31,0.000951095,1,44915.095294
95,99667131,9,41,43034573,43556352,4096,39,9,29,0.000901629,1,42169.629151
95,99667131,10,50,52478164,53000448,4096,39,9,28,0.000859054,1,42123.053814
95,99667131,11,67,70308921,70309120,4096,39,9,25,0.000767012,1,42019.012334
95,99667131,12,40,41986401,42968832,65536,66,12,35,0.001080547,1,70404.547066
95,99667131,13,83,87087641,87087872,16384,66,12,21,0.000644290,1,69912.290360
96,100715632,0,95,99667131,100649984,65536,107,17,103,0.003165140,1,115385.140434
96,100715632,1,66,69260290,70292480,16384,107,17,32,0.000984403,1,112920.403359
96,100715632,2,59,61910108,62403072,65536,107,17,32,0.000983345,1,112919.344601
96,100715632,3,90,94428006,94428160,65536,107,17,28,0.000860427,1,112780.426526
96,100715632,4,53,55623067,56115712,65536,107,17,27,0.000829697,1,112745.697007
96,100715632,5,80,83944520,84434176,65536,107,17,27,0.000829697,1,112745.697007
96,100715632,6,81,84989531,85480960,65536,107,17,24,0.000737508,1,112641.508451
96,100715632,7,64,67162195,68145408,65536,107,17,21,0.000645320,1,112537.319894
96,100715632,8,40,41986401,42508288,4096,69,15,35,0.001080547,1,73860.547066
96,100715632,9,61,64013943,64530688,16384,68,12,29,0.000891156,1,72239.156044
96,100715632,10,78,81846058,82362624,16384,68,12,24,0.000738621,1,72066.620626
96,100715632,11,5,5243475,5759488,16384,68,12,21,0.000741866,1,72057.865970
96,100715632,12,95,99667131,100183040,16384,24,4,103,0.003165140,1,28729.140434
96,100715632,13,90,94428006,94918912,65536,24,4,28,0.000860427,1,26124.426526
96,100715632,14,40,41986401,42968832,65536,24,4,35,0.001080547,1,26372.547066
96,100715632,15,78,81846058,81846272,65536,24,4,24,0.000738621,1,25986.620626
97,101762496,0,83,87087641,87087872,4096,172,34,23,0.000715441,1,181351.441085
97,101762496,1,95,99667131,100699136,16384,154,28,133,0.004137116,1,166013.115839
97,101762496,2,64,67162195,68145408,65536,144,22,42,0.001306458,1,151810.457633
97,101762496,3,59,61910108,62403072,65536,144,22,34,0.001057609,1,151529.608560
97,101762496,4,66,69260290,70292480,16384,144,22,32,0.000995396,1,151459.396292
97,101762496,5,80,83944520,84434176,65536,144,22,32,0.000995396,1,151459.396292
97,101762496,6,90,94428006,94428160,65536,144,22,31,0.000964290,1,151424.290158
97,101762496,7,81,84989531,85480960,65536,144,22,27,0.000839866,1,151283.865622
97,101762496,8,53,55623067,56115712,65536,144,22,26,0.000808759,1,151248.759487
97,101762496,9,40,41986401,42968832,65536,128,22,40,0.001244245,1,135356.245365
97,101762496,10,93,97572014,97572096,16384,128,22,33,0.001026502,1,135110.502426
97,101762496,11,78,81846058,81846272,65536,128,22,25,0.000777653,1,134829.653353
97,101762496,12,83,87087641,87087872,16384,128,22,23,0.000715441,1,134759.441085
97,101762496,13,95,99667131,100649984,65536,144,22,133,0.004137116,1,155005.115839
97,101762496,14,40,41986401,43017984,16384,128,22,40,0.001244245,1,135356.245365
98,102809583,0,40,41986401,42508288,4096,93,19,37,0.001142293,1,99018.292612
98,102809583,1,50,52478164,53000448,4096,50,10,28,0.000858553,1,53514.553338
98,102809583,2,41,43034573,43556352,4096,50,10,25,0.000777267,1,53421.266509
98,102809583,3,67,70308921,70309120,4096,50,10,24,0.000734551,1,53374.551465
98,102809583,4,86,90235200,90757632,4096,43,9,17,0.000520706,1,45836.705709
98,102809583,5,97,101762496,101762560,16384,29,5,86,0.002675128,1,33419.127535
98,102809583,6,95,99667131,100649984,65536,29,5,55,0.001687427,1,32307.427134
98,102809583,7,81,84989531,85480960,65536,29,5,29,0.000886932,1,31402.931523
98,102809583,8,64,67162195,68145408,65536,29,5,28,0.000859265,1,31371.264715
98,102809583,9,90,94428006,94428160,65536,29,5,28,0.000858711,1,31370.711320
98,102809583,10,59,61910108,62403072,65536,29,5,26,0.000795058,1,31299.058406
98,102809583,11,66,69260290,70292480,16384,29,5,25,0.000769065,1,31269.065124
98,102809583,12,40,41986401,42968832,65536,12,2,37,0.001142293,1,13898.292612
98,102809583,13,97,101762496,101762560,65536,29,5,86,0.002675128,1,33419.127535
98,102809583,14,81,84989531,86021632,16384,27,5,29,0.000886932,1,29354.931523
99,103862041,0,45,47228198,47719680,65536,54,8,21,0.000648088,1,57116.088140
99,103862041,1,69,72413180,73457664,4096,35,7,24,0.000740672,1,37636.672160
99,103862041,2,74,77649549,77649664,65536,33,5,26,0.000802395,1,35402.394840
99,103862041,3,44,46176335,46669568,65536,33,5,25,0.000771533,1,35367.533500
99,103862041,4,39,40937191,40937216,16384,33,5,19,0.000588928,1,35160.928151
99,103862041,5,31,32531029,33055744,1024,11,5,25,0.000771533,1,12839.533500
99,103862041,6,48,50375116,50375168,256,2,2,24,0.000740672,1,3204.672160
99,103862041,7,30,31484883,31484928,256,2,2,22,0.000678949,1,3134.949480
99,103862041,8,45,47228198,48260352,16384,33,5,21,0.000648088,1,35228.088140
99,103862041,9,69,72413180,73460736,1024,35,7,24,0.000740672,1,37636.672160
99,103862041,10,44,46176335,46694144,16384,33,5,25,0.000771533,1,35367.533500
100,104910507,0,99,103862041,104353536,65536,50,8,32,0.000987563,1,53403.562880
100,104910507,1,45,47228198,47719680,65536,50,8,25,0.000765111,1,53153.110941
100,104910507,2,69,72413180,73457664,4096,13,3,18,0.000551285,1,14383.284800
100,104910507,3,31,32531029,33055744,1024,8,2,18,0.000549367,1,9133.366702
100,104910507,4,60,62961887,62961920,256,4,2,23,0.000704765,1,5212.764823
100,104910507,5,99,103862041,103862272,4096,4,2,32,0.000987563,1,5531.562880
100,104910507,6,69,72413180,73460736,1024,13,3,18,0.000551285,1,14383.284800
101,105963052,0,69,72413180,72413184,16384,60,10,19,0.000584525,1,63444.525458
101,105963052,1,99,103862041,104893952,16384,48,8,32,0.000987563,1,51355.562880
101,105963052,2,74,77649549,77649664,65536,48,8,22,0.000676819,1,51004.818951
101,105963052,3,44,46176335,46669568,65536,48,8,21,0.000646910,1,50970.910234
101,105963052,4,39,40937191,40937216,16384,48,8,19,0.000588928,1,50904.928151
101,105963052,5,45,47228198,48260352,16384,48,8,19,0.000584525,1,50900.525458
101,105963052,6,100,104910507,105897472,65536,42,6,23,0.000707583,1,44639.583449
101,105963052,7,58,60864583,61385216,4096,5,1,28,0.000861406,1,6285.405938
101,105963052,8,31,32531029,33055744,1024,4,2,21,0.000646054,1,5146.054453
101,105963052,9,69,72413180,73457664,4096,28,6,19,0.000584525,1,30164.525458
101,105963052,10,99,103862041,104353536,65536,42,6,32,0.000987563,1,44955.562880
101,105963052,11,44,46176335,46694144,16384,48,8,21,0.000646910,1,50970.910234
101,105963052,12,45,47228198,47719680,65536,42,6,19,0.000584525,1,44500.525458
101,105963052,13,100,104910507,104910592,4096,28,6,23,0.000707583,1,30303.583449
102,107006226,0,74,77649549,77649664,65536,39,7,26,0.000795472,1,41795.471929
102,107006226,1,99,103862041,104893952,16384,39,7,25,0.000771533,1,41767.533500
102,107006226,2,45,47228198,48260352,16384,39,7,24,0.000734507,1,41726.506503
102,107006226,3,69,72413180,72413184,16384,39,7,23,0.000704419,1,41692.419466
102,107006226,4,44,46176335,46669568,65536,39,7,21,0.000646910,1,41626.910234
102,107006226,5,39,40937191,40937216,16384,39,7,18,0.000557932,1,41525.931932
102,107006226,6,100,104910507,105897472,65536,12,2,25,0.000764877,1,13472.876855
102,107006226,7,31,32531029,33055744,1024,6,2,16,0.000489521,1,7017.521187
102,107006226,8,60,62961887,62961920,256,4,2,24,0.000735407,1,5247.406772
102,107006226,9,48,50375116,50375168,256,1,1,25,0.000764877,1,2080.876855
102,107006226,10,30,31484883,31484928,256,1,1,23,0.000706453,1,2014.453297
102,107006226,11,99,103862041,104353536,65536,12,2,25,0.000771533,1,13479.533500
102,107006226,12,45,47228198,47719680,65536,12,2,24,0.000734507,1,13438.506503
102,107006226,13,69,72413180,73457664,4096,10,2,23,0.000704419,1,11356.419466
102,107006226,14,44,46176335,46694144,16384,39,7,21,0.000646910,1,41626.910234
102,107006226,15,100,104910507,104910592,4096,10,2,25,0.000764877,1,11424.876855
103,108054113,0,102,107006226,107522048,16384,40,8,28,0.000856662,1,43016.662077
103,108054113,1,99,103862041,104893952,16384,40,6,27,0.000833256,1,42733.256180
103,108054113,2,45,47228198,48260352,16384,40,6,23,0.000703902,1,42587.902066
103,108054113,3,74,77649549,77649664,65536,40,6,20,0.000611172,1,42483.172228
103,108054113,4,39,40937191,40937216,16384,40,6,17,0.000526936,1,42386.935714
103,108054113,5,69,72413180,72413184,16384,40,6,17,0.000520658,1,42380.657867
103,108054113,6,44,46176335,46669568,65536,40,6,16,0.000492884,1,42348.883987
103,108054113,7,100,104910507,104910592,4096,39,9,21,0.000640244,1,41876.243902
103,108054113,8,48,50375116,50375168,256,3,1,23,0.000699747,1,4055.747482
103,108054113,9,30,31484883,31484928,256,3,1,20,0.000614307,1,3958.307215
103,108054113,10,102,107006226,107988480,65536,40,6,28,0.000856662,1,42760.662077
103,108054113,11,99,103862041,104353536,65536,21,3,27,0.000833256,1,22893.256180
103,108054113,12,45,47228198,47719680,65536,21,3,23,0.000703902,1,22747.902066
103,108054113,13,69,72413180,73457664,4096,39,9,17,0.000520658,1,41740.657867
103,108054113,14,44,46176335,46694144,16384,40,6,16,0.000492884,1,42348.883987
103,108054113,15,100,104910507,105897472,65536,21,3,21,0.000640244,1,22676.243902
104,109109158,0,83,87087641,87087872,4096,82,14,21,0.000643540,1,86551.540083
104,109109158,1,93,97572014,97572096,16384,69,11,24,0.000736513,1,72960.512613
104,109109158,2,90,94428006,94918912,65536,69,11,23,0.000705370,1,72925.370013
104,109109158,3,95,99667131,100183040,16384,69,11,21,0.000644290,1,72856.290360
104,109109158,4,40,41986401,42968832,65536,69,11,20,0.000617455,1,72825.455466
104,109109158,5,78,81846058,81846272,65536,69,11,16,0.000492414,1,72684.413751
104,109109158,6,84,88136600,88136704,16384,69,11,11,0.000339506,1,72511.506173
104,109109158,7,86,90235200,90757632,4096,28,6,16,0.000490316,1,30058.316254
104,109109158,8,5,5243475,5759488,16384,21,5,21,0.000741866,1,23033.865970
104,109109158,9,98,102809583,102809600,4096,21,5,22,0.000674185,1,22970.184849
104,109109158,10,61,64013943,64530688,16384,21,5,21,0.000643540,1,22935.540083
104,109109158,11,63,66113270,66113280,4096,18,4,21,0.000643540,1,19735.540083
104,109109158,12,83,87087641,87087872,16384,69,11,21,0.000643540,1,72855.540083
104,109109158,13,95,99667131,100699136,16384,69,11,21,0.000644290,1,72856.290360
104,109109158,14,40,41986401,43017984,16384,69,11,20,0.000617455,1,72825.455466
104,109109158,15,78,81846058,82362624,16384,21,5,16,0.000492414,1,22764.413751
104,109109158,16,84,88136600,88136704,65536,69,11,11,0.000339506,1,72511.506173
105,110158158,0,83,87087641,87087872,4096,102,18,23,0.000711150,1,107619.149589
105,110158158,1,40,41986401,42968832,65536,97,17,30,0.000927586,1,102615.586420
105,110158158,2,95,99667131,100183040,16384,97,17,30,0.000927586,1,102615.586420
105,110158158,3,93,97572014,97572096,16384,97,17,25,0.000772989,1,102440.988683
105,110158158,4,90,94428006,94918912,65536,97,17,24,0.000742069,1,102406.069136
105,110158158,5,78,81846058,81846272,65536,97,17,22,0.000680230,1,102336.230041
105,110158158,6,84,88136600,88136704,16384,97,17,12,0.000371035,1,101987.034568
105,110158158,7,97,101762496,101762560,16384,84,12,33,0.001026502,1,88774.502426
105,110158158,8,53,55623067,56115712,65536,84,12,27,0.000834828,1,88558.827778
105,110158158,9,66,69260290,70292480,16384,84,12,25,0.000772989,1,88488.988683
105,110158158,10,64,67162195,68145408,65536,84,12,24,0.000742069,1,88454.069136
105,110158158,11,81,84989531,85480960,65536,84,12,24,0.000742069,1,88454.069136
105,110158158,12,83,87087641,87087872,16384,97,17,23,0.000711150,1,102371.149589
105,110158158,13,40,41986401,43017984,16384,97,17,30,0.000927586,1,102615.586420
105,110158158,14,95,99667131,100699136,16384,97,17,30,0.000927586,1,102615.586420
105,110158158,15,84,88136600,88136704,65536,97,17,12,0.000371035,1,101987.034568
106,111208082,0,90,94428006,94918912,65536,87,15,29,0.000889380,1,92077.379581
106,111208082,1,93,97572014,97572096,16384,87,15,28,0.000859265,1,92043.264715
106,111208082,2,95,99667131,100183040,16384,87,15,27,0.000828373,1,92008.373320
106,111208082,3,40,41986401,42968832,65536,87,15,26,0.000802692,1,91978.692106
106,111208082,4,83,87087641,87087872,4096,87,15,23,0.000704376,1,91868.376321
106,111208082,5,78,81846058,81846272,65536,87,15,22,0.000677069,1,91837.068907
106,111208082,6,84,88136600,88136704,16384,87,15,15,0.000462963,1,91594.962963
106,111208082,7,86,90235200,90757632,4096,28,8,24,0.000735114,1,30591.113943
106,111208082,8,41,43034573,43556352,4096,28,6,22,0.000683995,1,30275.994528
106,111208082,9,50,52478164,53000448,4096,28,6,22,0.000674578,1,30266.577622
106,111208082,10,67,70308921,70309120,4096,28,6,19,0.000581876,1,30161.876091
106,111208082,11,63,66113270,66113280,4096,27,7,24,0.000735001,1,29439.001378
106,111208082,12,90,94428006,94428160,65536,24,4,29,0.000889380,1,26157.379581
106,111208082,13,95,99667131,100699136,16384,87,15,27,0.000828373,1,92008.373320
106,111208082,14,40,41986401,43017984,16384,87,15,26,0.000802692,1,91978.692106
106,111208082,15,83,87087641,87087872,16384,87,15,23,0.000704376,1,91868.376321
106,111208082,16,84,88136600,88136704,65536,87,15,15,0.000462963,1,91594.962963
107,112256143,0,102,107006226,107988480,65536,64,12,31,0.000950192,1,68210.191571
107,112256143,1,45,47228198,48260352,16384,64,12,29,0.000888889,1,68140.888889
107,112256143,2,69,72413180,72413184,16384,64,12,29,0.000888889,1,68140.888889
107,112256143,3,74,77649549,77649664,65536,64,12,29,0.000888889,1,68140.888889
107,112256143,4,39,40937191,40937216,16384,64,12,27,0.000836898,1,68080.897898
107,112256143,5,44,46176335,46669568,65536,64,12,23,0.000708521,1,67936.520732
107,112256143,6,99,103862041,104893952,16384,64,12,21,0.000648088,1,67868.088140
107,112256143,7,100,104910507,104910592,4096,44,10,30,0.000919540,1,47439.540230
107,112256143,8,103,108054113,109043456,65536,21,3,26,0.000796935,1,22852.934866
107,112256143,9,31,32531029,33055744,1024,11,3,22,0.000674330,1,12474.329502
107,112256143,10,102,107006226,107522048,16384,36,6,31,0.000950192,1,38770.191571
107,112256143,11,45,47228198,47719680,65536,21,3,29,0.000888889,1,22956.888889
107,112256143,12,69,72413180,73457664,4096,44,10,29,0.000888889,1,47404.888889
107,112256143,13,44,46176335,46694144,16384,64,12,23,0.000708521,1,67936.520732
107,112256143,14,99,103862041,104353536,65536,21,3,21,0.000648088,1,22684.088140
107,112256143,15,100,104910507,105897472,65536,21,3,30,0.000919540,1,22991.540230
108,113303579,0,99,103862041,104893952,16384,112,20,36,0.001111008,1,118567.008240
108,113303579,1,69,72413180,72413184,16384,112,20,31,0.000949435,1,118385.434933
108,113303579,2,74,77649549,77649664,65536,112,20,28,0.000855641,1,118279.641120
108,113303579,3,45,47228198,48260352,16384,112,20,27,0.000826320,1,118246.319816
108,113303579,4,102,107006226,107988480,65536,112,20,23,0.000703687,1,118107.686706
108,113303579,5,39,40937191,40937216,16384,112,20,21,0.000650921,1,118046.920588
108,113303579,6,44,46176335,46669568,65536,112,20,16,0.000492884,1,117868.883987
108,113303579,7,100,104910507,104910592,4096,59,13,24,0.000732578,1,62972.578371
108,113303579,8,103,108054113,109043456,65536,25,5,26,0.000793627,1,27201.626568
108,113303579,9,99,103862041,104353536,65536,25,5,36,0.001111008,1,27559.008240
108,113303579,10,69,72413180,73457664,4096,59,13,31,0.000949435,1,63217.434933
108,113303579,11,45,47228198,47719680,65536,25,5,27,0.000826320,1,27238.319816
108,113303579,12,102,107006226,107522048,16384,47,9,23,0.000703687,1,50139.686706
108,113303579,13,44,46176335,46694144,16384,112,20,16,0.000492884,1,117868.883987
108,113303579,14,100,104910507,105897472,65536,25,5,24,0.000732578,1,27132.578371
109,114355709,0,100,104910507,104910592,4096,33,7,24,0.000738894,1,35586.893507
109,114355709,1,69,72413180,73457664,4096,33,7,18,0.000554170,1,35378.170130
109,114355709,2,99,103862041,104893952,16384,33,5,23,0.000709811,1,35297.810820
109,114355709,3,102,107006226,107988480,65536,33,5,23,0.000708106,1,35296.106278
109,114355709,4,74,77649549,77649664,65536,33,5,21,0.000646532,1,35226.531819
109,114355709,5,45,47228198,48260352,16384,33,5,18,0.000554170,1,35122.170130
109,114355709,6,44,46176335,46669568,65536,33,5,17,0.000523689,1,35087.689237
109,114355709,7,39,40937191,40937216,16384,33,5,14,0.000433947,1,34985.947058
109,114355709,8,69,72413180,73460736,1024,33,7,18,0.000554170,1,35378.170130
109,114355709,9,99,103862041,103862272,4096,8,2,23,0.000709811,1,9313.810820
109,114355709,10,102,107006226,107522048,16384,22,4,23,0.000708106,1,23904.106278
109,114355709,11,44,46176335,46694144,16384,33,5,17,0.000523689,1,35087.689237
110,115398305,0,100,104910507,105897472,65536,36,6,25,0.000765275,1,38561.274887
110,115398305,1,45,47228198,47719680,65536,36,6,24,0.000734664,1,38526.663891
110,115398305,2,99,103862041,104353536,65536,36,6,23,0.000709811,1,38497.810820
110,115398305,3,103,108054113,109043456,65536,36,6,20,0.000612220,1,38388.219909
110,115398305,4,102,107006226,107522048,16384,27,5,22,0.000673442,1,29113.441900
110,115398305,5,109,114355709,114355712,256,15,3,34,0.001046766,1,16990.765802
110,115398305,6,74,77649549,77649664,65536,15,3,20,0.000612220,1,16500.219909
110,115398305,7,39,40937191,40937216,16384,15,3,18,0.000557932,1,16437.931932
110,115398305,8,69,72413180,72413184,16384,15,3,14,0.000428777,1,16292.777067
110,115398305,9,44,46176335,46669568,65536,15,3,13,0.000400468,1,16260.468240
110,115398305,10,31,32531029,33055744,1024,9,3,20,0.000612220,1,10356.219909
110,115398305,11,100,104910507,104910592,4096,13,3,25,0.000765275,1,14625.274887
110,115398305,12,45,47228198,48260352,16384,15,3,24,0.000734664,1,16638.663891
110,115398305,13,99,103862041,104893952,16384,15,3,23,0.000709811,1,16609.810820
110,115398305,14,102,107006226,107988480,65536,15,3,22,0.000673442,1,16569.441900
110,115398305,15,109,114355709,114355712,1024,15,3,34,0.001046766,1,16990.765802
110,115398305,16,69,72413180,73457664,4096,13,3,14,0.000428777,1,14244.777067
110,115398305,17,44,46176335,46694144,16384,15,3,13,0.000400468,1,16260.468240
111,116446163,0,99,103862041,104893952,16384,60,10,32,0.000987563,1,63899.562880
111,116446163,1,69,72413180,72413184,16384,60,10,31,0.000953641,1,63861.640754
111,116446163,2,109,114355709,114355712,256,60,10,27,0.000831255,1,63723.255195
111,116446163,3,102,107006226,107988480,65536,60,10,27,0.000830590,1,63722.590334
111,116446163,4,74,77649549,77649664,65536,60,10,24,0.000738303,1,63618.302519
111,116446163,5,44,46176335,46669568,65536,60,10,23,0.000708521,1,63584.520732
111,116446163,6,45,47228198,48260352,16384,60,10,22,0.000676777,1,63548.777310
111,116446163,7,39,40937191,40937216,16384,60,10,20,0.000619924,1,63483.924369
111,116446163,8,100,104910507,105897472,65536,45,7,26,0.000799828,1,47943.827729
111,116446163,9,103,108054113,109043456,65536,45,7,26,0.000799828,1,47943.827729
111,116446163,10,31,32531029,33055744,1024,3,1,24,0.000738303,1,4098.302519
111,116446163,11,99,103862041,104353536,65536,45,7,32,0.000987563,1,48155.562880
111,116446163,12,69,72413180,73457664,4096,20,4,31,0.000953641,1,22133.640754
111,116446163,13,109,114355709,114355712,1024,60,10,27,0.000831255,1,63723.255195
111,116446163,14,102,107006226,107522048,16384,15,3,27,0.000830590,1,16746.590334
111,116446163,15,44,46176335,46694144,16384,60,10,23,0.000708521,1,63584.520732
111,116446163,16,45,47228198,47719680,65536,45,7,22,0.000676777,1,47804.777310
111,116446163,17,100,104910507,104910592,4096,20,4,26,0.000799828,1,21959.827729
112,117490417,0,102,107006226,107522048,16384,32,6,27,0.000826118,1,34534.117553
112,117490417,1,99,103862041,103862272,4096,17,5,27,0.000833256,1,19053.256180
112,117490417,2,111,116446163,117424640,65536,12,2,34,0.001045929,1,13789.928569
112,117490417,3,74,77649549,77649664,65536,12,2,29,0.000887311,1,13611.311446
112,117490417,4,39,40937191,40937216,16384,12,2,25,0.000774905,1,13482.905462
112,117490417,5,44,46176335,46669568,65536,12,2,25,0.000770131,1,13478.131230
112,117490417,6,45,47228198,48260352,16384,12,2,22,0.000673298,1,13369.297628
112,117490417,7,109,114355709,114355712,256,12,2,19,0.000584957,1,13268.957360
112,117490417,8,31,32531029,33055744,1024,4,2,23,0.000703730,1,5211.729768
112,117490417,9,102,107006226,107988480,65536,12,2,27,0.000826118,1,13542.117553
112,117490417,10,99,103862041,104893952,16384,12,2,27,0.000833256,1,13549.256180
112,117490417,11,44,46176335,46694144,16384,12,2,25,0.000770131,1,13478.131230
112,117490417,12,109,114355709,114355712,1024,12,2,19,0.000584957,1,13268.957360
113,118538560,0,102,107006226,107522048,16384,66,12,24,0.000740056,1,70020.055504
113,118538560,1,99,103862041,104353536,65536,58,10,26,0.000802395,1,61642.394840
113,118538560,2,45,47228198,47719680,65536,58,10,24,0.000740056,1,61572.055504
113,118538560,3,103,108054113,109043456,65536,58,10,22,0.000678384,1,61502.384212
113,118538560,4,100,104910507,105897472,65536,58,10,20,0.000616713,1,61432.712920
113,118538560,5,112,117490417,118522112,16384,42,8,43,0.001325933,1,45593.932778
113,118538560,6,74,77649549,77649664,65536,39,7,30,0.000925069,1,41941.069380
113,118538560,7,111,116446163,117424640,65536,39,7,27,0.000832562,1,41836.562442
113,118538560,8,109,114355709,114355712,256,39,7,25,0.000770891,1,41766.891150
113,118538560,9,44,46176335,46669568,65536,39,7,20,0.000616713,1,41592.712920
113,118538560,10,39,40937191,40937216,16384,39,7,18,0.000557932,1,41525.931932
113,118538560,11,69,72413180,73457664,4096,28,6,22,0.000678384,1,30270.384212
113,118538560,12,102,107006226,107988480,65536,39,7,24,0.000740056,1,41732.055504
113,118538560,13,99,103862041,104893952,16384,39,7,26,0.000802395,1,41802.394840
113,118538560,14,45,47228198,48260352,16384,39,7,24,0.000740056,1,41732.055504
113,118538560,15,100,104910507,104910592,4096,28,6,20,0.000616713,1,30200.712920
113,118538560,16,112,117490417,118534400,4096,42,8,43,0.001325933,1,45593.932778
113,118538560,17,109,114355709,114355712,1024,39,7,25,0.000770891,1,41766.891150
113,118538560,18,44,46176335,46694144,16384,39,7,20,0.000616713,1,41592.712920
113,118538560,19,69,72413180,73460736,1024,28,6,22,0.000678384,1,30270.384212
114,119579954,0,99,103862041,104893952,16384,131,21,28,0.000864118,1,137872.117520
114,119579954,1,111,116446163,117424640,65536,131,21,26,0.000799828,1,137799.827729
114,119579954,2,113,118538560,118538752,16384,131,21,24,0.000740056,1,137732.055504
114,119579954,3,44,46176335,46669568,65536,131,21,21,0.000646910,1,137626.910234
114,119579954,4,102,107006226,107988480,65536,131,21,21,0.000642772,1,137622.771877
114,119579954,5,109,114355709,114355712,256,131,21,20,0.000615745,1,137591.744589
114,119579954,6,45,47228198,48260352,16384,131,21,20,0.000612164,1,137588.163693
114,119579954,7,39,40937191,40937216,16384,131,21,17,0.000526936,1,137490.935714
114,119579954,8,103,108054113,109043456,65536,102,16,22,0.000673380,1,107321.380062
114,119579954,9,100,104910507,105897472,65536,102,16,20,0.000612164,1,107252.163693
114,119579954,10,69,72413180,73457664,4096,47,11,21,0.000643166,1,50327.165600
114,119579954,11,112,117490417,118522112,16384,32,6,28,0.000857029,1,34569.029170
114,119579954,12,99,103862041,104353536,65536,102,16,28,0.000864118,1,107536.117520
114,119579954,13,44,46176335,46694144,16384,131,21,21,0.000646910,1,137626.910234
114,119579954,14,102,107006226,107522048,16384,32,6,21,0.000642772,1,34326.771877
114,119579954,15,109,114355709,114355712,1024,131,21,20,0.000615745,1,137591.744589
114,119579954,16,45,47228198,47719680,65536,102,16,20,0.000612164,1,107252.163693
114,119579954,17,100,104910507,104910592,4096,47,11,20,0.000612164,1,50292.163693
114,119579954,18,69,72413180,73460736,1024,47,11,21,0.000643166,1,50327.165600
114,119579954,19,112,117490417,118534400,4096,32,6,28,0.000857029,1,34569.029170
115,120628164,0,13,13641602,13641728,16384,262,44,18,0.000560521,1,274616.520661
115,120628164,1,79,82895685,83878912,65536,236,44,35,0.001094639,1,248594.639395
115,120628164,2,2,2097908,2097920,16384,236,44,30,0.000987947,1,248467.947046
115,120628164,3,42,44082319,44573440,65536,236,44,30,0.000935425,1,248415.424527
115,120628164,4,1,1048219,1048320,65536,236,44,27,0.000903221,1,248371.221490
115,120628164,5,27,28339390,28852736,16384,236,44,27,0.000840781,1,248308.780992
115,120628164,6,3,3146668,4129792,65536,236,44,19,0.000591661,1,248027.660698
115,120628164,7,16,16797859,16797952,4096,225,51,23,0.000716221,1,237800.220845
115,120628164,8,33,34637194,34637312,65536,141,21,27,0.000840781,1,148084.780992
115,120628164,9,38,39887096,40379136,65536,141,21,26,0.000821693,1,148061.692687
115,120628164,10,26,27289725,27812352,4096,92,20,32,0.000996481,1,97956.481176
115,120628164,11,15,15749490,16271616,4096,92,20,25,0.000778501,1,97710.500919
115,120628164,12,79,82895685,83940352,4096,37,13,35,0.001094639,1,40850.639395
115,120628164,13,2,2097908,3080960,65536,141,21,30,0.000987947,1,148243.947046
115,120628164,14,1,1048219,1540096,65536,236,44,27,0.000903221,1,248371.221490
115,120628164,15,27,28339390,28858880,4096,236,44,27,0.000840781,1,248308.780992
115,120628164,16,16,16797859,16797952,16384,121,23,23,0.000716221,1,127720.220845
115,120628164,17,33,34637194,34637312,1024,24,8,27,0.000840781,1,26612.780992
115,120628164,18,26,27289725,27813888,1024,92,20,32,0.000996481,1,97956.481176
116,121676009,0,83,87087641,87087872,4096,105,17,24,0.000736083,1,110592.083423
116,121676009,1,93,97572014,97572096,16384,90,14,35,0.001074081,1,95230.080894
116,121676009,2,40,41986401,42968832,65536,90,14,33,0.001018802,1,95166.801519
116,121676009,3,95,99667131,100183040,16384,90,14,31,0.000951095,1,95091.095294
116,121676009,4,90,94428006,94918912,65536,90,14,31,0.000950774,1,95090.774421
116,121676009,5,78,81846058,81846272,65536,90,14,28,0.000861724,1,94989.724064
116,121676009,6,84,88136600,88136704,16384,90,14,15,0.000462963,1,94538.962963
116,121676009,7,94,98619736,98619904,65536,69,11,27,0.000828094,1,73064.093851
116,121676009,8,105,110158158,110650368,65536,69,11,22,0.000680230,1,72896.230041
116,121676009,9,86,90235200,90757632,4096,53,11,25,0.000766754,1,56610.753565
116,121676009,10,89,93379564,94411520,16384,27,5,22,0.000674743,1,29114.743138
116,121676009,11,96,100715632,100715776,1024,26,8,29,0.000891156,1,28719.156044
116,121676009,12,40,41986401,43017984,16384,90,14,33,0.001018802,1,95166.801519
117,122724346,0,113,118538560,118538752,16384,88,16,32,0.000987563,1,93339.562880
117,122724346,1,111,116446163,117424640,65536,88,16,29,0.000894979,1,93234.978860
117,122724346,2,45,47228198,48260352,16384,88,16,28,0.000864118,1,93200.117520
117,122724346,3,44,46176335,46669568,65536,88,16,26,0.000802395,1,93130.394840
117,122724346,4,99,103862041,104893952,16384,88,16,24,0.000740672,1,93060.672160
117,122724346,5,102,107006226,107988480,65536,88,16,24,0.000740672,1,93060.672160
117,122724346,6,39,40937191,40937216,16384,88,16,20,0.000619924,1,92923.924369
117,122724346,7,109,114355709,114355712,256,88,16,17,0.000524643,1,92816.642780
117,122724346,8,69,72413180,73457664,4096,36,8,23,0.000709811,1,38753.810820
117,122724346,9,100,104910507,104910592,4096,36,8,18,0.000555504,1,38579.504120
117,122724346,10,36,37785676,37785856,65536,21,3,32,0.000987563,1,23067.562880
117,122724346,11,31,32531029,33055744,1024,5,1,23,0.000709811,1,6113.810820
117,122724346,12,45,47228198,47228416,16384,12,2,28,0.000864118,1,13584.117520
117,122724346,13,44,46176335,46694144,16384,88,16,26,0.000802395,1,93130.394840
117,122724346,14,109,114355709,114355712,1024,88,16,17,0.000524643,1,92816.642780
117,122724346,15,69,72413180,73460736,1024,36,8,23,0.000709811,1,38753.810820
118,123764192,0,99,103862041,104893952,16384,48,8,26,0.000805877,1,51149.876701
118,123764192,1,111,116446163,117424640,65536,48,8,24,0.000743886,1,51079.886185
118,123764192,2,45,47228198,48260352,16384,48,8,19,0.000588910,1,50904.909897
118,123764192,3,113,118538560,118538752,16384,48,8,18,0.000557915,1,50869.914639
118,123764192,4,102,107006226,107988480,65536,48,8,17,0.000526919,1,50834.919381
118,123764192,5,39,40937191,40937216,16384,48,8,15,0.000464943,1,50764.943277
118,123764192,6,44,46176335,46669568,65536,48,8,15,0.000464929,1,50764.928866
118,123764192,7,109,114355709,114355712,256,48,8,15,0.000464929,1,50764.928866
118,123764192,8,100,104910507,104910592,4096,23,5,21,0.000650900,1,24990.900412
118,123764192,9,69,72413180,73457664,4096,23,5,15,0.000464929,1,24780.928866
118,123764192,10,103,108054113,109043456,65536,12,2,23,0.000712891,1,13412.890928
118,123764192,11,114,119579954,119580160,65536,12,2,13,0.000402938,1,13062.938350
118,123764192,12,99,103862041,104353536,65536,12,2,26,0.000805877,1,13517.876701
118,123764192,13,45,47228198,47719680,65536,12,2,19,0.000588910,1,13272.909897
118,123764192,14,44,46176335,46694144,16384,48,8,15,0.000464929,1,50764.928866
118,123764192,15,109,114355709,114355712,1024,48,8,15,0.000464929,1,50764.928866
118,123764192,16,100,104910507,105897472,65536,12,2,21,0.000650900,1,13342.900412
118,123764192,17,69,72413180,73460736,1024,23,5,15,0.000464929,1,24780.928866
119,124811593,0,116,121676009,122707712,16384,59,13,22,0.000675634,1,62907.634175
119,124811593,1,90,94428006,94918912,65536,59,13,21,0.000644924,1,62872.923530
119,124811593,2,93,97572014,97572096,16384,59,13,21,0.000644924,1,62872.923530
119,124811593,3,40,41986401,42508288,4096,59,13,19,0.000586583,1,62806.582693
119,124811593,4,83,87087641,87087872,4096,59,13,19,0.000583502,1,62803.502242
119,124811593,5,95,99667131,100183040,16384,59,13,16,0.000491370,1,62699.370309
119,124811593,6,84,88136600,88136704,16384,59,13,12,0.000370370,1,62562.370370
119,124811593,7,86,90235200,90757632,4096,54,12,12,0.000368528,1,57312.527732
119,124811593,8,78,81846058,82830080,65536,21,3,17,0.000523190,1,22543.189610
119,124811593,9,5,5243475,5759488,16384,17,3,16,0.000565231,1,18485.231215
119,124811593,10,61,64013943,64530688,16384,17,3,17,0.000522081,1,18446.080953
119,124811593,11,98,102809583,102809600,4096,17,3,16,0.000491370,1,18411.370309
119,124811593,12,40,41986401,42968832,65536,59,13,19,0.000586583,1,62806.582693
119,124811593,13,83,87087641,87087872,16384,59,13,19,0.000583502,1,62803.502242
119,124811593,14,95,99667131,100699136,16384,59,13,16,0.000491370,1,62699.370309
119,124811593,15,84,88136600,88136704,65536,59,13,12,0.000370370,1,62562.370370
119,124811593,16,78,81846058,82362624,16384,17,3,17,0.000523190,1,18447.189610
120,125859662,0,40,41986401,42508288,4096,53,13,21,0.000648328,1,56732.328239
120,125859662,1,119,124811593,125843200,16384,32,6,27,0.000829187,1,34537.187396
120,125859662,2,93,97572014,97572096,16384,32,6,24,0.000736513,1,34432.512613
120,125859662,3,116,121676009,122707712,16384,32,6,24,0.000736083,1,34432.083423
120,125859662,4,95,99667131,100183040,16384,32,6,22,0.000674971,1,34362.970854
120,125859662,5,83,87087641,87087872,16384,32,6,21,0.000643954,1,34327.954494
120,125859662,6,84,88136600,88136704,16384,32,6,15,0.000462963,1,34122.962963
120,125859662,7,90,94428006,94918912,65536,32,6,15,0.000460024,1,34120.023921
120,125859662,8,86,90235200,90757632,4096,31,7,10,0.000306645,1,33050.644997
120,125859662,9,50,52478164,53000448,4096,22,6,19,0.000582625,1,24018.625494
120,125859662,10,67,70308921,70309120,4096,22,6,18,0.000551961,1,23983.960995
120,125859662,11,41,43034573,43556352,4096,22,6,17,0.000528541,1,23956.541226
120,125859662,12,40,41986401,42968832,65536,32,6,21,0.000648328,1,34332.328239
120,125859662,13,93,97572014,98618624,1024,6,2,24,0.000736513,1,7296.512613
120,125859662,14,95,99667131,100699136,16384,32,6,22,0.000674971,1,34362.970854
120,125859662,15,83,87087641,87087872,65536,32,6,21,0.000643954,1,34327.954494
120,125859662,16,84,88136600,88136704,65536,32,6,15,0.000462963,1,34122.962963
121,126906949,0,64,67162195,68145408,65536,63,9,21,0.000646631,1,66458.631359
121,126906949,1,97,101762496,101762560,16384,63,9,18,0.000559910,1,66359.910414
121,126906949,2,53,55623067,56115712,65536,63,9,17,0.000523463,1,66319.463481
121,126906949,3,59,61910108,62403072,65536,63,9,17,0.000523463,1,66319.463481
121,126906949,4,66,69260290,70292480,16384,63,9,17,0.000523463,1,66319.463481
121,126906949,5,106,111208082,111208192,65536,63,9,17,0.000523463,1,66319.463481
121,126906949,6,90,94428006,94428160,65536,63,9,15,0.000461880,1,66249.879542
121,126906949,7,116,121676009,121676032,65536,63,9,15,0.000461880,1,66249.879542
121,126906949,8,95,99667131,100649984,65536,63,9,14,0.000431088,1,66215.087572
121,126906949,9,81,84989531,85480960,65536,63,9,13,0.000400296,1,66180.295603
121,126906949,10,93,97572014,97572096,16384,36,6,20,0.000615839,1,38391.839389
121,126906949,11,40,41986401,42968832,65536,36,6,19,0.000586583,1,38358.582693
121,126906949,12,97,101762496,101762560,65536,63,9,18,0.000559910,1,66359.910414
121,126906949,13,90,94428006,94918912,65536,36,6,15,0.000461880,1,38217.879542
121,126906949,14,95,99667131,100183040,16384,36,6,14,0.000431088,1,38183.087572
121,126906949,15,40,41986401,43017984,16384,36,6,19,0.000586583,1,38358.582693
122,127956076,0,40,41986401,42968832,65536,32,8,19,0.000586583,1,34518.582693
122,127956076,1,95,99667131,100183040,16384,32,8,19,0.000583646,1,34515.645635
122,127956076,2,93,97572014,97572096,16384,32,8,18,0.000552927,1,34480.927444
122,127956076,3,90,94428006,94918912,65536,32,8,14,0.000430055,1,34342.054678
122,127956076,4,83,87087641,87087872,16384,32,8,13,0.000399336,1,34307.336487
122,127956076,5,116,121676009,122707712,16384,32,8,13,0.000399336,1,34307.336487
122,127956076,6,119,124811593,125843200,16384,32,8,12,0.000368618,1,34272.618296
122,127956076,7,84,88136600,88136704,16384,32,8,9,0.000277778,1,34169.777778
122,127956076,8,63,66113270,67096576,65536,21,3,16,0.000491491,1,22507.491061
122,127956076,9,86,90235200,90757632,4096,14,4,11,0.000337900,1,15293.900104
122,127956076,10,121,126906949,127430912,1024,12,4,34,0.001046927,1,14046.926961
122,127956076,11,81,84989531,86021632,16384,12,2,16,0.000491491,1,13163.491061
122,127956076,12,40,41986401,43017984,16384,32,8,19,0.000586583,1,34518.582693
122,127956076,13,95,99667131,100699136,16384,32,8,19,0.000583646,1,34515.645635
122,127956076,14,83,87087641,87087872,65536,32,8,13,0.000399336,1,34307.336487
122,127956076,15,84,88136600,88136704,65536,32,8,9,0.000277778,1,34169.777778
122,127956076,16,121,126906949,127431424,256,9,3,34,0.001046927,1,10846.926961
123,129000537,0,40,41986401,42508288,4096,32,8,16,0.000493964,1,34413.964373
123,129000537,1,86,90235200,90757632,4096,22,6,12,0.000368822,1,23776.822228
123,129000537,2,122,127956076,127956224,65536,21,3,41,0.001260143,1,23376.142611
123,129000537,3,90,94428006,94918912,65536,12,2,19,0.000583969,1,13267.968527
123,129000537,4,93,97572014,97572096,16384,12,2,19,0.000583969,1,13267.968527
123,129000537,5,83,87087641,87087872,16384,12,2,15,0.000461028,1,13129.027785
123,129000537,6,116,121676009,122707712,16384,12,2,12,0.000368822,1,13024.822228
123,129000537,7,84,88136600,88136704,16384,12,2,11,0.000339506,1,12991.506173
123,129000537,8,95,99667131,100183040,16384,12,2,11,0.000338087,1,12990.087042
123,129000537,9,119,124811593,125843200,16384,12,2,11,0.000338087,1,12990.087042
123,129000537,10,41,43034573,43556352,4096,10,2,16,0.000497451,1,11121.450566
123,129000537,11,67,70308921,70309120,4096,10,2,14,0.000430293,1,11046.292599
123,129000537,12,40,41986401,42968832,65536,12,2,16,0.000493964,1,13165.964373
123,129000537,13,93,97572014,98095360,1024,6,2,19,0.000583969,1,7123.968527
123,129000537,14,83,87087641,87087872,65536,12,2,15,0.000461028,1,13129.027785
123,129000537,15,84,88136600,88136704,65536,12,2,11,0.000339506,1,12991.506173
123,129000537,16,95,99667131,100699136,16384,12,2,11,0.000338087,1,12990.087042
124,130043474,0,110,115398305,115398400,65536,24,4,23,0.000704053,1,25948.052896
124,130043474,1,114,119579954,119580160,65536,24,4,20,0.000612164,1,25844.163693
124,130043474,2,45,47228198,47719680,65536,24,4,20,0.000612089,1,25844.088753
124,130043474,3,99,103862041,104353536,65536,24,4,19,0.000586365,1,25814.365460
124,130043474,4,100,104910507,105897472,65536,24,4,18,0.000548780,1,25772.780488
124,130043474,5,103,108054113,109043456,65536,24,4,15,0.000457108,1,25669.108030
124,130043474,6,118,123764192,124285696,4096,18,4,15,0.000464929,1,19532.928866
124,130043474,7,112,117490417,118522112,16384,15,3,22,0.000673133,1,16569.132821
124,130043474,8,102,107006226,107522048,16384,15,3,19,0.000581306,1,16465.306410
124,130043474,9,113,118538560,118538752,16384,12,2,31,0.000955905,1,13687.905026
124,130043474,10,111,116446163,117424640,65536,12,2,20,0.000615252,1,13303.252100
124,130043474,11,109,114355709,114355712,256,12,2,18,0.000554170,1,13234.170130
124,130043474,12,45,47228198,48260352,16384,12,2,20,0.000612089,1,13300.088753
124,130043474,13,99,103862041,104893952,16384,12,2,19,0.000586365,1,13270.365460
124,130043474,14,100,104910507,104910592,4096,5,1,18,0.000548780,1,5932.780488
124,130043474,15,112,117490417,118534400,4096,15,3,22,0.000673133,1,16569.132821
124,130043474,16,102,107006226,107988480,65536,12,2,19,0.000581306,1,13265.306410
124,130043474,17,109,114355709,114355712,1024,12,2,18,0.000554170,1,13234.170130
125,131096039,0,64,67162195,68145408,65536,25,5,25,0.000767201,1,27171.200638
125,131096039,1,97,101762496,101762560,16384,25,5,21,0.000653229,1,27041.228817
125,131096039,2,116,121676009,121676032,65536,25,5,20,0.000613403,1,26997.402852
125,131096039,3,106,111208082,111208192,65536,25,5,20,0.000612501,1,26996.501148
125,131096039,4,90,94428006,94428160,65536,25,5,19,0.000582697,1,26962.696967
125,131096039,5,95,99667131,100649984,65536,25,5,18,0.000552249,1,26928.248880
125,131096039,6,59,61910108,62403072,65536,25,5,18,0.000550779,1,26926.778740
125,131096039,7,66,69260290,70292480,16384,25,5,17,0.000522964,1,26894.964285
125,131096039,8,53,55623067,56115712,65536,25,5,16,0.000491310,1,26859.309955
125,131096039,9,81,84989531,85480960,65536,25,5,15,0.000458982,1,26822.982283
125,131096039,10,40,41986401,42508288,4096,20,4,21,0.000648328,1,21788.328239
125,131096039,11,98,102809583,102809600,4096,12,2,23,0.000703773,1,13403.772834
125,131096039,12,97,101762496,101762560,65536,25,5,21,0.000653229,1,27041.228817
125,131096039,13,95,99667131,100714496,1024,3,1,18,0.000552249,1,3888.248880
125,131096039,14,66,69260290,69784064,1024,3,1,17,0.000522964,1,3854.964285
126,132143389,0,90,94428006,94918912,65536,79,15,30,0.000920048,1,83920.047842
126,132143389,1,40,41986401,42968832,65536,79,15,28,0.000864438,1,83856.437652
126,132143389,2,116,121676009,122707712,16384,79,15,28,0.000858764,1,83850.763993
126,132143389,3,93,97572014,97572096,16384,79,15,25,0.000767201,1,83747.200638
126,132143389,4,83,87087641,87087872,16384,79,15,24,0.000734192,1,83710.191930
126,132143389,5,95,99667131,100183040,16384,79,15,22,0.000674971,1,83642.970854
126,132143389,6,119,124811593,125843200,16384,79,15,17,0.000522081,1,83470.080953
126,132143389,7,84,88136600,88136704,16384,79,15,13,0.000401235,1,83333.234568
126,132143389,8,86,90235200,90757632,4096,40,10,16,0.000490076,1,42858.075962
126,132143389,9,63,66113270,66113280,4096,25,7,19,0.000581716,1,27217.715755
126,132143389,10,64,67162195,68145408,65536,21,3,30,0.000920641,1,22992.640766
126,132143389,11,97,101762496,101762560,16384,21,3,25,0.000777653,1,22829.653353
126,132143389,12,40,41986401,43017984,16384,79,15,28,0.000864438,1,83856.437652
127,133196198,0,90,94428006,94918912,65536,57,9,25,0.000766707,1,60450.706535
127,133196198,1,95,99667131,100183040,16384,57,9,22,0.000674971,1,60346.970854
127,133196198,2,40,41986401,42968832,65536,57,9,21,0.000648328,1,60316.328239
127,133196198,3,93,97572014,97572096,16384,57,9,19,0.000583072,1,60243.072485
127,133196198,4,83,87087641,87087872,16384,57,9,19,0.000581983,1,60241.983031
127,133196198,5,116,121676009,122707712,16384,57,9,18,0.000552063,1,60208.062567
127,133196198,6,84,88136600,88136704,16384,57,9,15,0.000462963,1,60106.962963
127,133196198,7,119,124811593,125843200,16384,57,9,13,0.000399238,1,60035.238376
127,133196198,8,126,132143389,132636928,65536,21,3,70,0.002144148,1,24376.148007
127,133196198,9,64,67162195,68145408,65536,21,3,21,0.000644449,1,22680.448536
127,133196198,10,106,111208082,111208192,65536,21,3,20,0.000612614,1,22644.613716
127,133196198,11,59,61910108,62403072,65536,21,3,19,0.000581983,1,22609.983031
128,134244257,0,116,121676009,122707712,16384,40,8,23,0.000705413,1,42845.413280
128,134244257,1,40,41986401,42968832,65536,40,8,18,0.000555710,1,42675.709919
128,134244257,2,93,97572014,97572096,16384,40,8,18,0.000552384,1,42672.384460
128,134244257,3,95,99667131,100183040,16384,40,8,17,0.000521568,1,42637.568387
128,134244257,4,90,94428006,94918912,65536,40,8,16,0.000490692,1,42602.692183
128,134244257,5,84,88136600,88136704,16384,40,8,13,0.000401235,1,42501.234568
128,134244257,6,119,124811593,125843200,16384,40,8,13,0.000399238,1,42499.238376
128,134244257,7,83,87087641,87087872,16384,40,8,13,0.000397687,1,42497.687295
128,134244257,8,66,69260290,70292480,16384,21,3,17,0.000522964,1,22542.964285
128,134244257,9,64,67162195,68145408,65536,21,3,17,0.000521696,1,22541.696434
128,134244257,10,59,61910108,62403072,65536,21,3,17,0.000519846,1,22539.845881
128,134244257,11,97,101762496,101762560,16384,21,3,16,0.000497698,1,22513.698146
128,134244257,12,40,41986401,43017984,16384,40,8,18,0.000555710,1,42675.709919
128,134244257,13,95,99667131,100699136,16384,40,8,17,0.000521568,1,42637.568387
128,134244257,14,84,88136600,88136704,65536,40,8,13,0.000401235,1,42501.234568
128,134244257,15,83,87087641,87087872,65536,40,8,13,0.000397687,1,42497.687295
128,134244257,16,97,101762496,101762560,65536,21,3,16,0.000497698,1,22513.698146
129,135298059,0,128,134244257,135232512,65536,42,6,21,0.000642339,1,44566.339339
129,135298059,1,63,66113270,66113280,4096,21,5,19,0.000581716,1,22865.715755
129,135298059,2,116,121676009,122707712,16384,12,2,23,0.000705413,1,13405.413280
129,135298059,3,95,99667131,100183040,16384,12,2,20,0.000613610,1,13301.609867
129,135298059,4,90,94428006,94918912,65536,12,2,20,0.000613365,1,13301.365228
129,135298059,5,98,102809583,102809600,4096,12,2,20,0.000611752,1,13299.751751
129,135298059,6,78,81846058,82362624,16384,12,2,19,0.000584741,1,13268.741329
129,135298059,7,83,87087641,87087872,16384,12,2,19,0.000581235,1,13265.235278
129,135298059,8,93,97572014,97572096,16384,12,2,18,0.000552384,1,13232.384460
129,135298059,9,5,5243475,5759488,16384,12,2,15,0.000529904,1,13197.904264
129,135298059,10,40,41986401,42968832,65536,12,2,16,0.000493964,1,13165.964373
129,135298059,11,119,124811593,125843200,16384,12,2,16,0.000491370,1,13163.370309
129,135298059,12,83,87087641,87087872,65536,12,2,19,0.000581235,1,13265.235278
129,135298059,13,40,41986401,43017984,16384,12,2,16,0.000493964,1,13165.964373
130,136352001,0,115,120628164,121119232,65536,91,15,20,0.000622801,1,95870.800735
130,136352001,1,38,39887096,40379136,65536,70,12,17,0.000537261,1,73885.260603
130,136352001,2,13,13641602,13641728,16384,70,12,16,0.000488475,1,73832.475042
130,136352001,3,33,34637194,34637312,65536,70,12,15,0.000460236,1,73800.235641
130,136352001,4,2,2097908,3080960,65536,70,12,13,0.000428110,1,73760.110387
130,136352001,5,16,16797859,16797952,4096,23,5,14,0.000429040,1,24741.039870
130,136352001,6,27,28339390,28852736,16384,15,3,17,0.000522755,1,16398.755228
130,136352001,7,79,82895685,83878912,65536,15,3,16,0.000500407,1,16372.406580
130,136352001,8,42,44082319,44573440,65536,15,3,16,0.000498893,1,16370.893081
130,136352001,9,3,3146668,4129792,65536,15,3,11,0.000341997,1,16193.997264
130,136352001,10,1,1048219,1048320,65536,15,3,6,0.000200716,1,16032.715887
130,136352001,11,15,15749490,16271616,4096,10,2,20,0.000617837,1,11257.836953
130,136352001,12,115,120628164,121610240,65536,70,12,20,0.000622801,1,73982.800735
130,136352001,13,33,34637194,34637312,1024,3,1,15,0.000460236,1,3784.235641
130,136352001,14,2,2097908,2097920,16384,15,3,13,0.000428110,1,16288.110387
130,136352001,15,27,28339390,28858880,4096,15,3,17,0.000522755,1,16398.755228
130,136352001,16,1,1048219,1540096,65536,15,3,6,0.000200716,1,16032.715887
131,137402288,0,115,120628164,121671680,4096,32,8,19,0.000591661,1,34523.660698
131,137402288,1,19,19943395,19943424,16384,28,6,9,0.000275718,1,29815.718400
131,137402288,2,27,28339390,28852736,16384,24,4,14,0.000430504,1,25638.504305
131,137402288,3,2,2097908,2097920,16384,24,4,12,0.000395179,1,25595.178818
131,137402288,4,79,82895685,83878912,65536,24,4,11,0.000344030,1,25540.029524
131,137402288,5,42,44082319,44573440,65536,24,4,11,0.000342989,1,25538.988993
131,137402288,6,1,1048219,1048320,65536,24,4,7,0.000234169,1,25414.168534
131,137402288,7,3,3146668,4129792,65536,24,4,7,0.000217635,1,25397.634623
131,137402288,8,38,39887096,40379136,65536,21,3,13,0.000410846,1,22414.846343
131,137402288,9,13,13641602,13641728,16384,21,3,12,0.000367287,1,22367.286974
131,137402288,10,33,34637194,34637312,65536,21,3,9,0.000276141,1,22264.141384
131,137402288,11,16,16797859,16797952,4096,18,4,10,0.000306457,1,19354.457050
131,137402288,12,115,120628164,121659392,16384,24,4,19,0.000591661,1,25819.660698
131,137402288,13,27,28339390,28858880,4096,24,4,14,0.000430504,1,25638.504305
131,137402288,14,2,2097908,3080960,65536,21,3,12,0.000395179,1,22395.178818
131,137402288,15,42,44082319,44605696,1024,1,1,11,0.000342989,1,1602.988993
131,137402288,16,1,1048219,1540096,65536,24,4,7,0.000234169,1,25414.168534
132,138449376,0,27,28339390,28852736,16384,45,7,18,0.000555538,1,47667.538409
132,138449376,1,42,44082319,44573440,65536,45,7,14,0.000436531,1,47532.531446
132,138449376,2,115,120628164,121659392,16384,45,7,14,0.000435961,1,47531.960514
132,138449376,3,2,2097908,2097920,16384,45,7,11,0.000362247,1,47446.247250
132,138449376,4,79,82895685,83878912,65536,45,7,11,0.000344030,1,47428.029524
132,138449376,5,3,3146668,4129792,65536,45,7,8,0.000248725,1,47320.725283
132,138449376,6,1,1048219,1048320,65536,45,7,7,0.000234169,1,47302.168534
132,138449376,7,16,16797859,16797952,4096,28,6,11,0.000339496,1,29887.495695
132,138449376,8,26,27289725,27812352,4096,23,5,21,0.000648128,1,24988.128144
132,138449376,9,15,15749490,16271616,4096,23,5,16,0.000494270,1,24814.269562
132,138449376,10,33,34637194,34637312,65536,21,3,14,0.000432085,1,22440.085429
132,138449376,11,13,13641602,13641728,16384,21,3,13,0.000401222,1,22405.222185
132,138449376,12,27,28339390,28858880,4096,45,7,18,0.000555538,1,47667.538409
132,138449376,13,115,120628164,121671680,4096,24,6,14,0.000435961,1,25899.960514
132,138449376,14,2,2097908,3080960,65536,21,3,11,0.000362247,1,22358.247250
132,138449376,15,1,1048219,1540096,65536,45,7,7,0.000234169,1,47302.168534
132,138449376,16,26,27289725,27813888,1024,23,5,21,0.000648128,1,24988.128144
133,139489128,0,64,67162195,68145408,65536,21,3,19,0.000583072,1,22611.072485
133,139489128,1,97,101762496,101762560,16384,21,3,17,0.000528804,1,22548.804280
133,139489128,2,66,69260290,70292480,16384,21,3,15,0.000461439,1,22473.439075
133,139489128,3,106,111208082,111208192,65536,21,3,15,0.000459376,1,22471.375861
133,139489128,4,116,121676009,121676032,65536,21,3,13,0.000398712,1,22402.711854
133,139489128,5,53,55623067,56115712,65536,21,3,12,0.000368482,1,22368.482466
133,139489128,6,126,132143389,132636928,65536,21,3,12,0.000366603,1,22366.602511
133,139489128,7,95,99667131,100649984,65536,21,3,11,0.000337485,1,22333.485427
133,139489128,8,59,61910108,62403072,65536,21,3,10,0.000305792,1,22297.791695
133,139489128,9,40,41986401,42508288,4096,14,4,14,0.000432219,1,15400.218826
133,139489128,10,86,90235200,90757632,4096,14,4,10,0.000306297,1,15258.297476
133,139489128,11,93,97572014,97572096,16384,12,2,16,0.000491008,1,13163.008409
133,139489128,12,97,101762496,101762560,65536,21,3,17,0.000528804,1,22548.804280
133,139489128,13,116,121676009,122707712,16384,12,2,13,0.000398712,1,13058.711854
133,139489128,14,126,132143389,132661504,16384,21,3,12,0.000366603,1,22366.602511
133,139489128,15,95,99667131,100183040,16384,12,2,11,0.000337485,1,12989.485427
133,139489128,16,40,41986401,42968832,65536,12,2,14,0.000432219,1,13096.218826
134,140539767,0,40,41986401,42968832,65536,51,9,20,0.000617455,1,54137.455466
134,140539767,1,93,97572014,97572096,16384,51,9,16,0.000491008,1,53995.008409
134,140539767,2,95,99667131,100183040,16384,51,9,16,0.000490888,1,53994.887893
134,140539767,3,116,121676009,122707712,16384,51,9,14,0.000429382,1,53925.381997
134,140539767,4,90,94428006,94918912,65536,51,9,12,0.000368019,1,53856.019137
134,140539767,5,83,87087641,87087872,16384,51,9,12,0.000367096,1,53855.095965
134,140539767,6,119,124811593,125843200,16384,51,9,9,0.000276396,1,53752.395799
134,140539767,7,84,88136600,88136704,16384,51,9,8,0.000246914,1,53718.913580
134,140539767,8,97,101762496,101762560,16384,21,3,14,0.000435486,1,22443.485878
134,140539767,9,64,67162195,68145408,65536,21,3,14,0.000429632,1,22437.632357
134,140539767,10,126,132143389,132636928,65536,21,3,13,0.000397153,1,22401.152720
134,140539767,11,66,69260290,70292480,16384,21,3,12,0.000369151,1,22369.151260
134,140539767,12,40,41986401,43017984,16384,51,9,20,0.000617455,1,54137.455466
134,140539767,13,95,99667131,100699136,16384,51,9,16,0.000490888,1,53994.887893
134,140539767,14,83,87087641,87087872,65536,51,9,12,0.000367096,1,53855.095965
134,140539767,15,84,88136600,88136704,65536,51,9,8,0.000246914,1,53718.913580
134,140539767,16,97,101762496,101762560,65536,21,3,14,0.000435486,1,22443.485878
135,141588001,0,115,120628164,121659392,16384,36,6,15,0.000467101,1,38223.100551
135,141588001,1,27,28339390,28852736,16384,36,6,15,0.000461255,1,38217.254613
135,141588001,2,79,82895685,83878912,65536,36,6,13,0.000406580,1,38154.580347
135,141588001,3,132,138449376,138960896,16384,36,6,13,0.000401222,1,38149.222185
135,141588001,4,2,2097908,2097920,16384,36,6,10,0.000329316,1,38065.315682
135,141588001,5,42,44082319,44573440,65536,36,6,10,0.000311808,1,38047.808176
135,141588001,6,3,3146668,4129792,65536,36,6,9,0.000279816,1,38011.815943
135,141588001,7,1,1048219,1048320,65536,36,6,4,0.000133811,1,37845.810591
135,141588001,8,15,15749490,16271616,4096,31,7,16,0.000494270,1,33262.269562
135,141588001,9,26,27289725,27812352,4096,31,7,15,0.000459207,1,33223.207102
135,141588001,10,16,16797859,16797952,4096,31,7,14,0.000429040,1,33189.039870
135,141588001,11,19,19943395,19943424,16384,12,2,13,0.000398260,1,13058.259911
135,141588001,12,115,120628164,121674752,1024,4,2,15,0.000467101,1,4943.100551
135,141588001,13,27,28339390,28858880,4096,36,6,15,0.000461255,1,38217.254613
135,141588001,14,132,138449376,138449408,256,8,2,13,0.000401222,1,8965.222185
135,141588001,15,42,44082319,44605696,1024,3,1,10,0.000311808,1,3615.808176
135,141588001,16,1,1048219,1540096,65536,36,6,4,0.000133811,1,37845.810591
135,141588001,17,26,27289725,27813888,1024,31,7,15,0.000459207,1,33223.207102
135,141588001,18,19,19943395,19943424,256,1,1,13,0.000398260,1,1666.259911
136,142635942,0,40,41986401,42508288,4096,46,12,25,0.000771819,1,49575.819333
136,142635942,1,116,121676009,122707712,16384,36,6,31,0.000950774,1,38770.774421
136,142635942,2,90,94428006,94918912,65536,36,6,26,0.000797375,1,38597.374797
136,142635942,3,83,87087641,87087872,16384,36,6,26,0.000795375,1,38595.374591
136,142635942,4,93,97572014,97572096,16384,36,6,23,0.000705825,1,38493.824587
136,142635942,5,119,124811593,125843200,16384,36,6,22,0.000675634,1,38459.634175
136,142635942,6,84,88136600,88136704,16384,36,6,21,0.000648148,1,38428.148148
136,142635942,7,95,99667131,100183040,16384,36,6,19,0.000582929,1,38354.929374
136,142635942,8,41,43034573,43556352,4096,24,6,22,0.000683995,1,26179.994528
136,142635942,9,67,70308921,70309120,4096,24,6,21,0.000642733,1,26134.732531
136,142635942,10,50,52478164,53000448,4096,24,6,19,0.000582590,1,26066.589765
136,142635942,11,96,100715632,100715776,1024,22,6,23,0.000706779,1,24158.778932
136,142635942,12,40,41986401,42968832,65536,36,6,25,0.000771819,1,38567.819333
137,143684625,0,13,13641602,13641728,16384,88,14,21,0.000637271,1,92689.271265
137,143684625,1,16,16797859,16797952,4096,75,17,19,0.000582268,1,79698.268395
137,143684625,2,27,28339390,28852736,16384,63,11,28,0.000861009,1,66957.008610
137,143684625,3,115,120628164,121659392,16384,63,11,26,0.000809641,1,66897.640955
137,143684625,4,42,44082319,44573440,65536,63,11,24,0.000748340,1,66828.339621
137,143684625,5,2,2097908,2097920,16384,63,11,20,0.000658631,1,66722.631364
137,143684625,6,79,82895685,83878912,65536,63,11,20,0.000625508,1,66689.508225
137,143684625,7,132,138449376,138960896,16384,63,11,19,0.000586402,1,66646.401654
137,143684625,8,1,1048219,1048320,65536,63,11,12,0.000401432,1,66433.431773
137,143684625,9,3,3146668,4129792,65536,63,11,12,0.000373088,1,66405.087924
137,143684625,10,33,34637194,34637312,65536,47,7,21,0.000644330,1,49816.329897
137,143684625,11,38,39887096,40379136,65536,47,7,19,0.000600468,1,49764.467733
137,143684625,12,16,16797859,16797952,16384,41,7,19,0.000582268,1,43602.268395
137,143684625,13,27,28339390,28858880,4096,63,11,28,0.000861009,1,66957.008610
137,143684625,14,115,120628164,121671680,4096,51,11,26,0.000809641,1,54609.640955
137,143684625,15,2,2097908,3080960,65536,47,7,20,0.000658631,1,49826.631364
137,143684625,16,79,82895685,83940352,4096,17,5,20,0.000625508,1,18817.508225
137,143684625,17,1,1048219,1540096,65536,63,11,12,0.000401432,1,66433.431773
138,144744469,0,13,13641602,13641728,16384,37,7,15,0.000458912,1,39366.912072
138,144744469,1,115,120628164,121671680,4096,36,8,24,0.000747361,1,38795.360882
138,144744469,2,16,16797859,16797952,4096,31,7,19,0.000582268,1,33362.268395
138,144744469,3,137,143684625,143684864,65536,21,3,28,0.000856636,1,22920.635869
138,144744469,4,2,2097908,3080960,65536,21,3,19,0.000625700,1,22653.699796
138,144744469,5,33,34637194,34637312,65536,21,3,19,0.000582965,1,22610.965145
138,144744469,6,38,39887096,40379136,65536,21,3,16,0.000505657,1,22521.657038
138,144744469,7,79,82895685,83940352,4096,11,5,21,0.000656784,1,12708.783637
138,144744469,8,26,27289725,27812352,4096,10,2,23,0.000704118,1,11356.117557
138,144744469,9,15,15749490,16271616,4096,10,2,21,0.000648729,1,11292.728800
138,144744469,10,27,28339390,28852736,16384,8,2,23,0.000707257,1,9311.257073
138,144744469,11,42,44082319,44573440,65536,8,2,15,0.000467712,1,9039.712263
138,144744469,12,115,120628164,121674752,1024,23,5,24,0.000747361,1,25099.360882
138,144744469,13,16,16797859,16797952,16384,16,4,19,0.000582268,1,17618.268395
138,144744469,14,137,143684625,144181760,65536,21,3,28,0.000856636,1,22920.635869
138,144744469,15,2,2097908,2097920,16384,8,2,19,0.000625700,1,9213.699796
138,144744469,16,26,27289725,27813888,1024,10,2,23,0.000704118,1,11356.117557
139,145792326,0,115,120628164,121119232,65536,42,6,22,0.000685081,1,44613.080808
139,145792326,1,15,15749490,16271616,4096,28,8,20,0.000617837,1,30457.836953
139,145792326,2,26,27289725,27812352,4096,28,8,19,0.000581662,1,30417.662330
139,145792326,3,16,16797859,16797952,4096,28,8,15,0.000459686,1,30279.685575
139,145792326,4,138,144744469,144744704,65536,21,3,26,0.000795448,1,22851.447592
139,145792326,5,2,2097908,3080960,65536,21,3,21,0.000691563,1,22727.562932
139,145792326,6,38,39887096,40379136,65536,21,3,18,0.000568864,1,22592.864168
139,145792326,7,33,34637194,34637312,65536,21,3,18,0.000552283,1,22576.282769
139,145792326,8,137,143684625,143684864,65536,21,3,18,0.000550274,1,22574.273608
139,145792326,9,13,13641602,13641728,16384,21,3,14,0.000427991,1,22435.990584
139,145792326,10,132,138449376,138449408,256,16,4,17,0.000524675,1,17552.675164
139,145792326,11,32,33581405,34107136,4096,13,3,17,0.000519703,1,14347.702852
139,145792326,12,115,120628164,121610240,65536,42,6,22,0.000685081,1,44613.080808
139,145792326,13,26,27289725,27813888,1024,28,8,19,0.000581662,1,30417.662330
139,145792326,14,137,143684625,144181760,65536,21,3,18,0.000550274,1,22574.273608
139,145792326,15,132,138449376,138449408,1024,16,4,17,0.000524675,1,17552.675164
140,146842039,0,13,13641602,13641728,16384,74,14,13,0.000401817,1,78085.817451
140,146842039,1,137,143684625,143684864,65536,50,10,20,0.000618181,1,53242.180694
140,146842039,2,33,34637194,34637312,65536,50,10,16,0.000494545,1,53102.544555
140,146842039,3,138,144744469,144744704,65536,50,10,16,0.000494545,1,53102.544555
140,146842039,4,38,39887096,40379136,65536,50,10,14,0.000442450,1,53042.449908
140,146842039,5,115,120628164,121119232,65536,50,10,14,0.000435961,1,53035.960514
140,146842039,6,2,2097908,3080960,65536,50,10,12,0.000395179,1,52987.178818
140,146842039,7,79,82895685,83878912,65536,27,5,13,0.000406580,1,28810.580347
140,146842039,8,27,28339390,28852736,16384,27,5,11,0.000339999,1,28735.999382
140,146842039,9,132,138449376,138960896,16384,27,5,11,0.000339999,1,28735.999382
140,146842039,10,42,44082319,44573440,65536,27,5,10,0.000311808,1,28703.808176
140,146842039,11,3,3146668,4129792,65536,27,5,8,0.000248725,1,28632.725283
140,146842039,12,137,143684625,144181760,65536,50,10,20,0.000618181,1,53242.180694
140,146842039,13,115,120628164,121610240,65536,50,10,14,0.000435961,1,53035.960514
140,146842039,14,2,2097908,2097920,16384,27,5,12,0.000395179,1,28795.178818
140,146842039,15,27,28339390,28858880,4096,27,5,11,0.000339999,1,28735.999382
140,146842039,16,132,138449376,138449408,256,9,3,11,0.000339999,1,10047.999382
141,147886989,0,116,121676009,121676032,65536,57,9,22,0.000674743,1,60346.743138
141,147886989,1,97,101762496,101762560,16384,57,9,21,0.000653229,1,60321.228817
141,147886989,2,64,67162195,68145408,65536,57,9,21,0.000644449,1,60312.448536
141,147886989,3,66,69260290,70292480,16384,57,9,20,0.000615252,1,60279.252100
141,147886989,4,95,99667131,100649984,65536,57,9,20,0.000613610,1,60277.609867
141,147886989,5,126,132143389,132636928,65536,57,9,19,0.000581609,1,60241.608914
141,147886989,6,53,55623067,56115712,65536,57,9,18,0.000552724,1,60208.723700
141,147886989,7,59,61910108,62403072,65536,57,9,18,0.000550998,1,60206.997918
141,147886989,8,106,111208082,111208192,65536,57,9,16,0.000490001,1,60138.000919
141,147886989,9,50,52478164,53000448,4096,29,7,23,0.000705240,1,31453.240242
141,147886989,10,136,142635942,143158272,4096,29,7,22,0.000673442,1,31417.441900
141,147886989,11,40,41986401,42508288,4096,29,7,21,0.000648328,1,31388.328239
141,147886989,12,97,101762496,101762560,65536,57,9,21,0.000653229,1,60321.228817
142,148933922,0,100,104910507,105897472,65536,63,9,24,0.000732265,1,66556.265446
142,148933922,1,114,119579954,119580160,65536,63,9,22,0.000673380,1,66489.380062
142,148933922,2,99,103862041,104353536,65536,63,9,21,0.000648088,1,66460.088140
142,148933922,3,45,47228198,47719680,65536,63,9,18,0.000550880,1,66350.879878
142,148933922,4,103,108054113,109043456,65536,63,9,17,0.000518688,1,66314.688024
142,148933922,5,111,116446163,117424640,65536,39,7,24,0.000738303,1,41730.302519
142,148933922,6,113,118538560,118538752,16384,39,7,22,0.000678384,1,41662.384212
142,148933922,7,102,107006226,107988480,65536,39,7,19,0.000581306,1,41553.306410
142,148933922,8,39,40937191,40937216,16384,39,7,18,0.000557932,1,41525.931932
142,148933922,9,44,46176335,46669568,65536,39,7,18,0.000554494,1,41522.494486
142,148933922,10,109,114355709,114355712,256,39,7,17,0.000523383,1,41487.382901
142,148933922,11,118,123764192,124285696,4096,18,4,14,0.000433934,1,19497.933608
142,148933922,12,100,104910507,104910592,4096,15,3,24,0.000732265,1,16636.265446
142,148933922,13,99,103862041,104893952,16384,39,7,21,0.000648088,1,41628.088140
142,148933922,14,45,47228198,48260352,16384,39,7,18,0.000550880,1,41518.879878
142,148933922,15,102,107006226,107522048,16384,5,1,19,0.000581306,1,5969.306410
142,148933922,16,44,46176335,46694144,16384,39,7,18,0.000554494,1,41522.494486
142,148933922,17,109,114355709,114355712,1024,39,7,17,0.000523383,1,41487.382901
143,149985050,0,13,13641602,13641728,16384,48,8,19,0.000583395,1,50899.394743
143,149985050,1,27,28339390,28852736,16384,42,6,25,0.000768758,1,44708.757688
143,149985050,2,115,120628164,121659392,16384,42,6,24,0.000747361,1,44683.360882
143,149985050,3,2,2097908,2097920,16384,42,6,22,0.000724495,1,44652.494500
143,149985050,4,79,82895685,83878912,65536,42,6,16,0.000500407,1,44404.406580
143,149985050,5,42,44082319,44573440,65536,42,6,14,0.000436531,1,44332.531446
143,149985050,6,132,138449376,138960896,16384,42,6,13,0.000401222,1,44293.222185
143,149985050,7,1,1048219,1048320,65536,42,6,12,0.000401432,1,44289.431773
143,149985050,8,3,3146668,4129792,65536,42,6,12,0.000373088,1,44261.087924
143,149985050,9,16,16797859,16797952,4096,29,7,18,0.000552690,1,31280.689757
143,149985050,10,137,143684625,143684864,65536,24,4,22,0.000675510,1,25915.509703
143,149985050,11,138,144744469,144744704,65536,24,4,21,0.000644805,1,25880.804716
143,149985050,12,27,28339390,28858880,4096,42,6,25,0.000768758,1,44708.757688
143,149985050,13,115,120628164,121119232,65536,24,4,24,0.000747361,1,25995.360882
143,149985050,14,2,2097908,3080960,65536,24,4,22,0.000724495,1,25964.494500
143,149985050,15,1,1048219,1540096,65536,42,6,12,0.000401432,1,44289.431773
143,149985050,16,16,16797859,16797952,16384,24,4,18,0.000552690,1,25776.689757
143,149985050,17,137,143684625,144181760,65536,24,4,22,0.000675510,1,25915.509703
144,151029951,0,13,13641602,13641728,16384,65,11,13,0.000409371,1,68493.371457
144,151029951,1,115,120628164,121659392,16384,58,12,20,0.000629802,1,61701.802242
144,151029951,2,2,2097908,2097920,16384,58,12,17,0.000559837,1,61619.836659
144,151029951,3,27,28339390,28852736,16384,58,12,17,0.000535332,1,61595.331906
144,151029951,4,1,1048219,1048320,65536,58,12,12,0.000401432,1,61441.431773
144,151029951,5,42,44082319,44573440,65536,58,12,11,0.000346391,1,61382.391233
144,151029951,6,79,82895685,83878912,65536,58,12,10,0.000314901,1,61346.901121
144,151029951,7,132,138449376,138960896,16384,58,12,10,0.000314901,1,61346.901121
144,151029951,8,3,3146668,4129792,65536,58,12,8,0.000251921,1,61275.920897
144,151029951,9,16,16797859,16797952,4096,48,10,16,0.000503842,1,51063.841794
144,151029951,10,137,143684625,143684864,65536,45,7,16,0.000503842,1,47607.841794
144,151029951,11,138,144744469,144744704,65536,45,7,15,0.000472352,1,47572.351682
144,151029951,12,115,120628164,121119232,65536,45,7,20,0.000629802,1,47749.802242
144,151029951,13,2,2097908,3080960,65536,45,7,17,0.000559837,1,47667.836659
144,151029951,14,27,28339390,28858880,4096,58,12,17,0.000535332,1,61595.331906
144,151029951,15,1,1048219,1540096,65536,58,12,12,0.000401432,1,61441.431773
144,151029951,16,132,138449376,138449408,256,13,3,10,0.000314901,1,14114.901121
144,151029951,17,16,16797859,16797952,16384,20,4,16,0.000503842,1,21623.841794
144,151029951,18,137,143684625,144181760,65536,45,7,16,0.000503842,1,47607.841794
145,152070567,0,19,19943395,19943424,16384,28,6,15,0.000459531,1,30023.530666
145,152070567,1,16,16797859,16797952,4096,26,6,16,0.000490331,1,28010.331280
145,152070567,2,15,15749490,16271616,4096,21,5,19,0.000586945,1,22870.945105
145,152070567,3,138,144744469,144744704,65536,21,3,25,0.000764853,1,22816.853454
145,152070567,4,26,27289725,27812352,4096,21,5,16,0.000489821,1,22761.820909
145,152070567,5,13,13641602,13641728,16384,21,3,17,0.000519957,1,22539.957180
145,152070567,6,137,143684625,143684864,65536,21,3,17,0.000519957,1,22539.957180
145,152070567,7,33,34637194,34637312,65536,21,3,16,0.000490918,1,22506.918017
145,152070567,8,2,2097908,3080960,65536,21,3,15,0.000493974,1,22505.973523
145,152070567,9,115,120628164,121119232,65536,21,3,15,0.000467101,1,22479.100551
145,152070567,10,38,39887096,40379136,65536,21,3,13,0.000410846,1,22414.846343
145,152070567,11,130,136352001,136352256,1024,12,2,19,0.000581129,1,13265.128613
145,152070567,12,26,27289725,27813888,1024,21,5,16,0.000489821,1,22761.820909
145,152070567,13,137,143684625,144181760,65536,21,3,17,0.000519957,1,22539.957180
145,152070567,14,115,120628164,121610240,65536,21,3,15,0.000467101,1,22479.100551
145,152070567,15,130,136352001,136352256,4096,12,2,19,0.000581129,1,13265.128613
146,153118709,0,13,13641602,13641728,16384,52,10,15,0.000459165,1,55111.164932
146,153118709,1,16,16797859,16797952,16384,27,5,14,0.000429040,1,28837.039870
146,153118709,2,137,143684625,143684864,65536,25,5,20,0.000612220,1,26996.219909
146,153118709,3,115,120628164,121119232,65536,25,5,18,0.000560521,1,26936.520661
146,153118709,4,33,34637194,34637312,65536,25,5,17,0.000521600,1,26893.600393
146,153118709,5,138,144744469,144744704,65536,25,5,17,0.000520387,1,26892.386923
146,153118709,6,38,39887096,40379136,65536,25,5,15,0.000474053,1,26838.053473
146,153118709,7,2,2097908,3080960,65536,25,5,14,0.000461042,1,26821.041955
146,153118709,8,144,151029951,151548160,4096,13,3,30,0.000944703,1,14824.703363
146,153118709,9,145,152070567,152586240,16384,12,2,33,0.001010163,1,13750.162850
146,153118709,10,140,146842039,146842112,4096,10,2,14,0.000432726,1,11048.726486
146,153118709,11,32,33581405,34107136,4096,8,2,18,0.000550998,1,9134.997918
146,153118709,12,16,16797859,16797952,4096,15,3,14,0.000429040,1,16293.039870
146,153118709,13,137,143684625,144181760,65536,25,5,20,0.000612220,1,26996.219909
146,153118709,14,115,120628164,121610240,65536,25,5,18,0.000560521,1,26936.520661
146,153118709,15,144,151029951,151549696,1024,13,3,30,0.000944703,1,14824.703363
146,153118709,16,145,152070567,153102080,16384,12,2,33,0.001010163,1,13750.162850
147,154165650,0,13,13641602,13641728,16384,89,15,19,0.000581289,1,93777.288625
147,154165650,1,16,16797859,16797952,16384,53,9,18,0.000551623,1,56111.622690
147,154165650,2,115,120628164,121674752,1024,42,12,24,0.000747361,1,45451.360882
147,154165650,3,144,151029951,151548160,4096,39,11,16,0.000503842,1,41975.841794
147,154165650,4,137,143684625,143684864,65536,36,6,20,0.000611883,1,38387.882763
147,154165650,5,33,34637194,34637312,65536,36,6,19,0.000582965,1,38354.965145
147,154165650,6,138,144744469,144744704,65536,36,6,19,0.000581289,1,38353.288625
147,154165650,7,38,39887096,40379136,65536,36,6,16,0.000505657,1,38265.657038
147,154165650,8,2,2097908,3080960,65536,36,6,12,0.000395179,1,38139.178818
147,154165650,9,27,28339390,28852736,16384,27,5,22,0.000676507,1,29116.506765
147,154165650,10,145,152070567,153052928,65536,27,5,19,0.000581289,1,29009.288625
147,154165650,11,42,44082319,44573440,65536,27,5,15,0.000467712,1,28879.712263
147,154165650,12,115,120628164,121671680,4096,39,11,24,0.000747361,1,42251.360882
147,154165650,13,144,151029951,151549696,1024,39,11,16,0.000503842,1,41975.841794
147,154165650,14,137,143684625,144181760,65536,36,6,20,0.000611883,1,38387.882763
147,154165650,15,2,2097908,2097920,16384,27,5,12,0.000395179,1,28795.178818
147,154165650,16,27,28339390,28858880,4096,27,5,22,0.000676507,1,29116.506765
148,155214816,0,13,13641602,13641728,16384,58,10,21,0.000642300,1,61462.300046
148,155214816,1,115,120628164,121674752,1024,53,15,25,0.000778501,1,57134.500919
148,155214816,2,27,28339390,28852736,16384,48,8,32,0.000984010,1,51352.009840
148,155214816,3,79,82895685,83878912,65536,48,8,20,0.000625508,1,50945.508225
148,155214816,4,145,152070567,153052928,65536,48,8,20,0.000611714,1,50931.714329
148,155214816,5,2,2097908,2097920,16384,48,8,17,0.000559837,1,50867.836659
148,155214816,6,132,138449376,138960896,16384,48,8,17,0.000524675,1,50832.675164
148,155214816,7,42,44082319,44573440,65536,48,8,15,0.000467712,1,50767.712263
148,155214816,8,1,1048219,1048320,65536,48,8,11,0.000367979,1,50651.979126
148,155214816,9,3,3146668,4129792,65536,48,8,9,0.000279816,1,50555.815943
148,155214816,10,137,143684625,143684864,65536,46,8,29,0.000886986,1,49194.985778
148,155214816,11,33,34637194,34637312,65536,46,8,23,0.000705695,1,48989.694649
148,155214816,12,115,120628164,121671680,4096,53,13,25,0.000778501,1,56878.500919
148,155214816,13,27,28339390,28858880,4096,48,8,32,0.000984010,1,51352.009840
148,155214816,14,2,2097908,3080960,65536,46,8,17,0.000559837,1,48819.836659
148,155214816,15,1,1048219,1540096,65536,48,8,11,0.000367979,1,50651.979126
149,156263394,0,27,28339390,28852736,16384,102,18,27,0.000830258,1,107754.258303
149,156263394,1,115,120628164,121659392,16384,102,18,25,0.000778501,1,107694.500919
149,156263394,2,79,82895685,83878912,65536,102,18,23,0.000719334,1,107627.334459
149,156263394,3,132,138449376,138960896,16384,102,18,20,0.000617265,1,107513.264899
149,156263394,4,2,2097908,2097920,16384,102,18,17,0.000559837,1,107443.836659
149,156263394,5,145,152070567,153052928,65536,102,18,18,0.000550543,1,107438.542896
149,156263394,6,42,44082319,44573440,65536,102,18,15,0.000467712,1,107343.712263
149,156263394,7,1,1048219,1048320,65536,102,18,12,0.000401432,1,107265.431773
149,156263394,8,3,3146668,4129792,65536,102,18,12,0.000373088,1,107237.087924
149,156263394,9,13,13641602,13641728,16384,56,10,22,0.000672022,1,59448.022482
149,156263394,10,33,34637194,34637312,65536,51,9,27,0.000828424,1,54376.424153
149,156263394,11,138,144744469,144744704,65536,51,9,23,0.000703665,1,54235.665178
149,156263394,12,27,28339390,28858880,4096,102,18,27,0.000830258,1,107754.258303
149,156263394,13,115,120628164,121671680,4096,53,13,25,0.000778501,1,56878.500919
149,156263394,14,2,2097908,3080960,65536,51,9,17,0.000559837,1,54067.836659
149,156263394,15,1,1048219,1540096,65536,102,18,12,0.000401432,1,107265.431773
150,157314043,0,115,120628164,121671680,4096,66,14,30,0.000934201,1,70494.201102
150,157314043,1,16,16797859,16797952,4096,46,10,16,0.000491295,1,49003.294869
150,157314043,2,144,151029951,151548160,4096,41,9,21,0.000661292,1,43945.292354
150,157314043,3,27,28339390,28852736,16384,33,5,25,0.000768758,1,35364.757688
150,157314043,4,42,44082319,44573440,65536,33,5,22,0.000685978,1,35269.977986
150,157314043,5,2,2097908,2097920,16384,33,5,20,0.000658631,1,35234.631364
150,157314043,6,145,152070567,153052928,65536,33,5,21,0.000644825,1,35224.824516
150,157314043,7,79,82895685,83878912,65536,33,5,20,0.000625508,1,35201.508225
150,157314043,8,1,1048219,1048320,65536,33,5,17,0.000568695,1,35132.695012
150,157314043,9,132,138449376,138960896,16384,33,5,13,0.000401222,1,34949.222185
150,157314043,10,3,3146668,4129792,65536,33,5,10,0.000310907,1,34846.906604
150,157314043,11,140,146842039,146842112,4096,25,5,18,0.000556363,1,26932.362625
150,157314043,12,115,120628164,121674752,1024,41,9,30,0.000934201,1,44254.201102
150,157314043,13,144,151029951,151549696,1024,41,9,21,0.000661292,1,43945.292354
150,157314043,14,27,28339390,28858880,4096,33,5,25,0.000768758,1,35364.757688
150,157314043,15,1,1048219,1540096,65536,33,5,17,0.000568695,1,35132.695012
151,158360441,0,16,16797859,16797952,4096,70,16,20,0.000615953,1,74487.953188
151,158360441,1,13,13641602,13641728,16384,63,11,20,0.000615953,1,66679.953188
151,158360441,2,148,155214816,156259072,4096,46,10,40,0.001231906,1,49839.906375
151,158360441,3,26,27289725,27812352,4096,46,10,37,0.001139513,1,49735.513397
151,158360441,4,15,15749490,16271616,4096,46,10,18,0.000556053,1,49076.053258
151,158360441,5,115,120628164,121671680,4096,39,9,24,0.000747361,1,41995.360882
151,158360441,6,27,28339390,28852736,16384,39,7,31,0.000954727,1,41974.727441
151,158360441,7,145,152070567,153052928,65536,39,7,25,0.000769941,1,41765.941484
151,158360441,8,132,138449376,138960896,16384,39,7,21,0.000648128,1,41628.128144
151,158360441,9,79,82895685,83878912,65536,39,7,19,0.000594233,1,41566.232814
151,158360441,10,2,2097908,2097920,16384,39,7,16,0.000526905,1,41486.905091
151,158360441,11,42,44082319,44573440,65536,39,7,14,0.000436531,1,41388.531446
151,158360441,12,16,16797859,16797952,16384,39,7,20,0.000615953,1,41591.953188
151,158360441,13,26,27289725,27813888,1024,46,10,37,0.001139513,1,49735.513397
152,159408987,0,16,16797859,16797952,4096,61,15,23,0.000704851,1,65244.851215
152,159408987,1,13,13641602,13641728,16384,43,9,27,0.000826877,1,46182.876550
152,159408987,2,26,27289725,27812352,4096,42,10,34,0.001041252,1,45529.251952
152,159408987,3,115,120628164,121671680,4096,42,10,26,0.000809641,1,45265.640955
152,159408987,4,148,155214816,156259072,4096,42,10,26,0.000796251,1,45252.251493
152,159408987,5,15,15749490,16271616,4096,42,10,13,0.000401594,1,44805.594019
152,159408987,6,150,157314043,157314048,65536,27,5,89,0.002732828,1,31440.827709
152,159408987,7,149,156263394,156755712,65536,27,5,42,0.001286252,1,29806.252412
152,159408987,8,137,143684625,143684864,65536,27,5,26,0.000796251,1,29252.251493
152,159408987,9,33,34637194,34637312,65536,27,5,24,0.000736377,1,29184.377025
152,159408987,10,138,144744469,144744704,65536,27,5,20,0.000612501,1,29044.501148
152,159408987,11,2,2097908,3080960,65536,27,5,18,0.000592768,1,29016.768228
153,160457190,0,16,16797859,16797952,4096,51,11,23,0.000704851,1,54492.851215
153,160457190,1,13,13641602,13641728,16384,45,9,23,0.000703579,1,48091.579076
153,160457190,2,148,155214816,156259072,4096,36,8,38,0.001162435,1,39266.434995
153,160457190,3,26,27289725,27812352,4096,36,8,35,0.001071483,1,39163.483239
153,160457190,4,15,15749490,16271616,4096,36,8,24,0.000741404,1,38789.404343
153,160457190,5,115,120628164,121671680,4096,28,6,27,0.000840781,1,30452.780992
153,160457190,6,150,157314043,157314048,65536,24,4,48,0.001473885,1,26817.884607
153,160457190,7,149,156263394,156755712,65536,24,4,35,0.001070664,1,26362.663812
153,160457190,8,138,144744469,144744704,65536,24,4,33,0.001009607,1,26293.606559
153,160457190,9,33,34637194,34637312,65536,24,4,30,0.000920471,1,26192.471281
153,160457190,10,2,2097908,3080960,65536,24,4,25,0.000823289,1,26075.289205
153,160457190,11,137,143684625,143684864,65536,24,4,26,0.000795350,1,26051.350260
153,160457190,12,26,27289725,27813888,1024,36,8,35,0.001071483,1,39163.483239
153,160457190,13,115,120628164,121119232,65536,24,4,27,0.000840781,1,26100.780992
154,161506633,0,115,120628164,121119232,65536,66,10,28,0.000871921,1,69911.921029
154,161506633,1,16,16797859,16797952,4096,44,10,23,0.000705067,1,47197.067288
154,161506633,2,144,151029951,151548160,4096,36,8,15,0.000472352,1,38484.351682
154,161506633,3,27,28339390,28852736,16384,24,4,40,0.001230012,1,26542.012300
154,161506633,4,42,44082319,44573440,65536,24,4,26,0.000810701,1,26066.701257
154,161506633,5,132,138449376,138960896,16384,24,4,23,0.000709855,1,25953.854634
154,161506633,6,2,2097908,2097920,16384,24,4,20,0.000658631,1,25890.631364
154,161506633,7,79,82895685,83878912,65536,24,4,19,0.000594233,1,25822.232814
154,161506633,8,145,152070567,153052928,65536,24,4,16,0.000490482,1,25706.481592
154,161506633,9,3,3146668,4129792,65536,24,4,14,0.000435269,1,25643.269245
154,161506633,10,1,1048219,1048320,65536,24,4,13,0.000434884,1,25638.884421
154,161506633,11,152,159408987,159930880,4096,23,5,39,0.001195549,1,25607.548880
154,161506633,12,115,120628164,121610240,65536,66,10,28,0.000871921,1,69911.921029
155,162553906,0,115,120628164,121671680,4096,60,12,35,0.001089901,1,64269.901286
155,162553906,1,13,13641602,13641728,16384,54,8,21,0.000647668,1,57115.668394
155,162553906,2,16,16797859,16797952,4096,45,9,26,0.000801875,1,48201.875154
155,162553906,3,138,144744469,144744704,65536,42,6,50,0.001542068,1,45582.067604
155,162553906,4,150,157314043,157314048,65536,42,6,45,0.001387861,1,45407.860844
155,162553906,5,137,143684625,143684864,65536,42,6,34,0.001048606,1,45024.605971
155,162553906,6,149,156263394,156755712,65536,42,6,33,0.001017765,1,44989.764619
155,162553906,7,33,34637194,34637312,65536,42,6,27,0.000832717,1,44780.716506
155,162553906,8,38,39887096,40379136,65536,42,6,17,0.000537261,1,44445.260603
155,162553906,9,2,2097908,3080960,65536,42,6,15,0.000493974,1,44393.973523
155,162553906,10,27,28339390,28852736,16384,33,5,29,0.000894399,1,35506.399210
155,162553906,11,144,151029951,151548160,4096,33,7,16,0.000503842,1,35319.841794
155,162553906,12,115,120628164,121119232,65536,42,6,35,0.001089901,1,45069.901286
155,162553906,13,137,143684625,144181760,65536,42,6,34,0.001048606,1,45024.605971
156,163601184,0,16,16797859,16797952,4096,89,21,26,0.000805777,1,94797.776800
156,163601184,1,115,120628164,121119232,65536,87,13,25,0.000778501,1,91694.500919
156,163601184,2,1,1048219,1048320,65536,79,13,24,0.000802864,1,83522.863547
156,163601184,3,27,28339390,28852736,16384,79,13,25,0.000774785,1,83498.785384
156,163601184,4,2,2097908,2097920,16384,79,13,23,0.000757426,1,83473.426069
156,163601184,5,79,82895685,83878912,65536,79,13,22,0.000688059,1,83400.059048
156,163601184,6,42,44082319,44573440,65536,79,13,21,0.000654797,1,83362.797169
156,163601184,7,145,152070567,153052928,65536,79,13,21,0.000650820,1,83358.819723
156,163601184,8,132,138449376,138960896,16384,79,13,19,0.000588837,1,83288.836892
156,163601184,9,3,3146668,4129792,65536,79,13,13,0.000404179,1,83080.178585
156,163601184,10,152,159408987,159930880,4096,50,12,39,0.001208665,1,54164.665200
156,163601184,11,155,162553906,163535616,65536,45,7,187,0.005795395,1,53583.394676
156,163601184,12,115,120628164,121659392,16384,79,13,25,0.000778501,1,83502.500919
156,163601184,13,1,1048219,1540096,65536,79,13,24,0.000802864,1,83522.863547
156,163601184,14,27,28339390,28858880,4096,79,13,25,0.000774785,1,83498.785384
157,164645993,0,115,120628164,121659392,16384,74,12,27,0.000840781,1,78324.780992
157,164645993,1,27,28339390,28852736,16384,74,12,27,0.000830258,1,78314.258303
157,164645993,2,79,82895685,83878912,65536,74,12,18,0.000562957,1,78010.957403
157,164645993,3,42,44082319,44573440,65536,74,12,18,0.000561255,1,78009.254716
157,164645993,4,2,2097908,2097920,16384,74,12,17,0.000559837,1,78003.836659
157,164645993,5,145,152070567,153052928,65536,74,12,17,0.000521809,1,77965.808527
157,164645993,6,132,138449376,138960896,16384,74,12,15,0.000462949,1,77898.948674
157,164645993,7,1,1048219,1048320,65536,74,12,13,0.000434884,1,77862.884421
157,164645993,8,3,3146668,4129792,65536,74,12,10,0.000310907,1,77726.906604
157,164645993,9,16,16797859,16797952,4096,45,11,19,0.000583198,1,48211.197765
157,164645993,10,156,163601184,163601408,65536,33,5,149,0.004617721,1,39709.720891
157,164645993,11,155,162553906,163535616,65536,33,5,122,0.003762645,1,38746.644954
157,164645993,12,27,28339390,28858880,4096,74,12,27,0.000830258,1,78314.258303
157,164645993,13,1,1048219,1540096,65536,74,12,13,0.000434884,1,77862.884421
158,165692357,0,16,16797859,16797952,4096,43,11,16,0.000490331,1,46058.331280
158,165692357,1,27,28339390,28852736,16384,36,6,28,0.000861009,1,38669.008610
158,165692357,2,115,120628164,121659392,16384,36,6,26,0.000809641,1,38609.640955
158,165692357,3,132,138449376,138960896,16384,36,6,23,0.000709855,1,38497.854634
158,165692357,4,79,82895685,83878912,65536,36,6,21,0.000656784,1,38436.783637
158,165692357,5,2,2097908,2097920,16384,36,6,18,0.000592768,1,38360.768228
158,165692357,6,42,44082319,44573440,65536,36,6,15,0.000467712,1,38223.712263
158,165692357,7,145,152070567,153052928,65536,36,6,13,0.000397797,1,38145.796818
158,165692357,8,1,1048219,1048320,65536,36,6,12,0.000401432,1,38145.431773
158,165692357,9,3,3146668,4129792,65536,36,6,12,0.000373088,1,38117.087924
158,165692357,10,148,155214816,156259072,4096,29,7,26,0.000795594,1,31555.593635
158,165692357,11,13,13641602,13641728,16384,26,4,19,0.000581395,1,27857.395349
159,166741011,0,155,162553906,163535616,65536,87,13,141,0.004348631,1,95728.630644
159,166741011,1,13,13641602,13641728,16384,54,8,20,0.000612182,1,57076.182430
159,166741011,2,115,120628164,121671680,4096,52,12,22,0.000685081,1,55621.080808
159,166741011,3,156,163601184,163601408,65536,42,6,193,0.005981343,1,50593.343168
159,166741011,4,150,157314043,157314048,65536,42,6,29,0.000890472,1,44846.471950
159,166741011,5,138,144744469,144744704,65536,42,6,29,0.000887665,1,44843.664524
159,166741011,6,16,16797859,16797952,4096,42,10,14,0.000429040,1,44837.039870
159,166741011,7,137,143684625,143684864,65536,42,6,28,0.000857055,1,44809.055403
159,166741011,8,149,156263394,156755712,65536,42,6,26,0.000795837,1,44739.837159
159,166741011,9,38,39887096,40379136,65536,42,6,16,0.000505657,1,44409.657038
159,166741011,10,33,34637194,34637312,65536,42,6,16,0.000490918,1,44394.918017
159,166741011,11,2,2097908,3080960,65536,42,6,15,0.000493974,1,44393.973523
160,167792650,0,159,166741011,166741248,4096,28,6,61,0.001874155,1,31622.155094
160,167792650,1,115,120628164,121659392,16384,28,6,16,0.000498241,1,30066.240588
160,167792650,2,145,152070567,153052928,65536,28,6,15,0.000460858,1,30024.857810
160,167792650,3,79,82895685,83878912,65536,28,6,14,0.000437856,1,29997.855758
160,167792650,4,42,44082319,44573440,65536,28,6,14,0.000436531,1,29996.531446
160,167792650,5,132,138449376,138960896,16384,28,6,13,0.000401222,1,29957.222185
160,167792650,6,2,2097908,2097920,16384,28,6,12,0.000395179,1,29947.178818
160,167792650,7,1,1048219,1048320,65536,28,6,11,0.000367979,1,29915.979126
160,167792650,8,3,3146668,4129792,65536,28,6,8,0.000248725,1,29784.725283
160,167792650,9,155,162553906,163535616,65536,15,3,58,0.001788798,1,17828.798421
160,167792650,10,157,164645993,165160960,16384,15,3,48,0.001474745,1,17474.744992
160,167792650,11,16,16797859,16797952,4096,15,3,17,0.000522306,1,16398.305518
160,167792650,12,159,166741011,166741248,16384,28,6,61,0.001874155,1,31622.155094
160,167792650,13,115,120628164,121671680,4096,18,4,16,0.000498241,1,19570.240588
160,167792650,14,1,1048219,1540096,65536,28,6,11,0.000367979,1,29915.979126
161,168838837,0,16,16797859,16797952,4096,57,13,24,0.000737350,1,60929.349842
161,168838837,1,115,120628164,121671680,4096,46,12,24,0.000747361,1,49547.360882
161,168838837,2,159,166741011,166741248,4096,45,7,61,0.001874098,1,49158.097515
161,168838837,3,132,138449376,138960896,16384,45,7,25,0.000771581,1,47911.581124
161,168838837,4,42,44082319,44573440,65536,45,7,19,0.000592436,1,47708.435534
161,168838837,5,79,82895685,83878912,65536,45,7,18,0.000562957,1,47674.957403
161,168838837,6,2,2097908,2097920,16384,45,7,17,0.000559837,1,47667.836659
161,168838837,7,145,152070567,153052928,65536,45,7,16,0.000491567,1,47595.566561
161,168838837,8,1,1048219,1048320,65536,45,7,11,0.000367979,1,47451.979126
161,168838837,9,3,3146668,4129792,65536,45,7,11,0.000341997,1,47425.997264
161,168838837,10,158,165692357,166214656,4096,37,9,41,0.001259639,1,40527.639313
161,168838837,11,152,159408987,159930880,4096,37,9,32,0.000983133,1,40215.133122
162,169882712,0,16,16797859,16797952,4096,37,9,15,0.000459686,1,39623.685575
162,169882712,1,115,120628164,121671680,4096,28,8,20,0.000622801,1,30462.800735
162,169882712,2,159,166741011,166741248,4096,24,4,44,0.001346801,1,26674.801347
162,169882712,3,158,165692357,166214656,4096,24,6,28,0.000856793,1,26376.793146
162,169882712,4,160,167792650,168822272,16384,24,4,35,0.001075335,1,26367.334890
162,169882712,5,152,159408987,159930880,4096,24,6,22,0.000673751,1,26169.751263
162,169882712,6,140,146842039,146842112,4096,24,6,15,0.000463636,1,25931.635521
162,169882712,7,79,82895685,83878912,65536,24,4,18,0.000562957,1,25786.957403
162,169882712,8,132,138449376,138960896,16384,24,4,14,0.000432085,1,25640.085429
162,169882712,9,2,2097908,2097920,16384,24,4,13,0.000428110,1,25632.110387
162,169882712,10,42,44082319,44573440,65536,24,4,13,0.000405351,1,25609.350628
162,169882712,11,145,152070567,153052928,65536,24,4,13,0.000397797,1,25601.796818
162,169882712,12,115,120628164,120628224,4096,24,6,20,0.000622801,1,26110.800735
162,169882712,13,159,166741011,166741248,16384,24,4,44,0.001346801,1,26674.801347
163,170930787,0,155,162553906,163535616,65536,92,14,47,0.001449544,1,97701.543548
163,170930787,1,13,13641602,13641728,16384,76,12,19,0.000583144,1,80083.144067
163,170930787,2,156,163601184,163601408,65536,71,11,44,0.001363622,1,75715.622277
163,170930787,3,150,157314043,157314048,65536,71,11,36,0.001105413,1,75425.413455
163,170930787,4,137,143684625,143684864,65536,71,11,28,0.000859370,1,75147.370204
163,170930787,5,149,156263394,156755712,65536,71,11,28,0.000859370,1,75147.370204
163,170930787,6,33,34637194,34637312,65536,71,11,22,0.000675219,1,74939.219446
163,170930787,7,138,144744469,144744704,65536,71,11,22,0.000675219,1,74939.219446
163,170930787,8,38,39887096,40379136,65536,71,11,21,0.000663675,1,74923.674863
163,170930787,9,2,2097908,3080960,65536,71,11,17,0.000559837,1,74803.836659
163,170930787,10,159,166741011,166741248,65536,69,11,36,0.001104905,1,73376.904549
163,170930787,11,115,120628164,121659392,16384,48,8,25,0.000778501,1,51118.500919
163,170930787,12,137,143684625,144181760,65536,71,11,28,0.000859370,1,75147.370204
164,171975646,0,136,142635942,143680512,4096,40,8,25,0.000769610,1,42917.609654
164,171975646,1,40,41986401,42508288,4096,30,6,26,0.000802692,1,32458.692106
164,171975646,2,86,90235200,90757632,4096,25,5,17,0.000523335,1,26895.334565
164,171975646,3,5,5243475,5759488,16384,24,4,22,0.000777193,1,26017.192920
164,171975646,4,61,64013943,64530688,16384,24,4,22,0.000677256,1,25917.256496
164,171975646,5,78,81846058,82362624,16384,24,4,20,0.000615688,1,25847.687723
164,171975646,6,98,102809583,102809600,4096,24,4,19,0.000584903,1,25812.903337
164,171975646,7,83,87087641,87087872,4096,23,5,18,0.000554119,1,24882.118951
164,171975646,8,95,99667131,99667200,256,21,7,21,0.000646472,1,23194.472109
164,171975646,9,96,100715632,100715776,1024,21,7,21,0.000646472,1,23194.472109
164,171975646,10,63,66113270,66113280,4096,15,3,24,0.000738825,1,16642.825268
164,171975646,11,141,147886989,148868352,65536,12,2,28,0.000861963,1,13581.962812
164,171975646,12,136,142635942,143152128,16384,24,4,25,0.000769610,1,26021.609654
164,171975646,13,40,41986401,42968832,65536,12,2,26,0.000802692,1,13514.692106
164,171975646,14,83,87087641,88132352,4096,23,5,18,0.000554119,1,24882.118951
164,171975646,15,95,99667131,99667200,1024,21,7,21,0.000646472,1,23194.472109
165,173025176,0,163,170930787,171420416,65536,105,17,29,0.000890062,1,110766.061997
165,173025176,1,155,162553906,163535616,65536,75,11,44,0.001357019,1,79805.019492
165,173025176,2,159,166741011,166741248,4096,72,12,27,0.000826446,1,76262.446281
165,173025176,3,115,120628164,121659392,16384,72,12,24,0.000747361,1,76171.360882
165,173025176,4,79,82895685,83878912,65536,72,12,20,0.000625508,1,76033.508225
165,173025176,5,2,2097908,2097920,16384,72,12,17,0.000559837,1,75955.836659
165,173025176,6,3,3146668,4129792,65536,72,12,16,0.000497451,1,75889.450566
165,173025176,7,132,138449376,138960896,16384,72,12,15,0.000462949,1,75850.948674
165,173025176,8,145,152070567,153052928,65536,72,12,15,0.000458786,1,75846.785747
165,173025176,9,1,1048219,1048320,65536,72,12,10,0.000334526,1,75702.526478
165,173025176,10,13,13641602,13641728,16384,69,11,18,0.000550526,1,72750.526058
165,173025176,11,157,164645993,165688064,4096,40,10,30,0.000920839,1,43344.838577
166,174073824,0,16,16797859,16797952,4096,41,9,23,0.000711216,1,44003.215560
166,174073824,1,148,155214816,156259072,4096,31,7,36,0.001113207,1,33961.206964
166,174073824,2,163,170930787,171420416,65536,30,4,32,0.000989517,1,32413.517301
166,174073824,3,115,120628164,121671680,4096,29,7,27,0.000840781,1,31604.780992
166,174073824,4,26,27289725,27812352,4096,26,6,42,0.001298741,1,28922.741458
166,174073824,5,15,15749490,16271616,4096,26,6,25,0.000773060,1,28329.060391
166,174073824,6,157,164645993,165691136,1024,24,8,26,0.000803983,1,26571.982807
166,174073824,7,149,156263394,156755712,65536,21,3,35,0.001082285,1,23174.284548
166,174073824,8,150,157314043,157314048,65536,21,3,33,0.001020440,1,23104.439717
166,174073824,9,137,143684625,144181760,65536,21,3,30,0.000927672,1,22999.672470
166,174073824,10,156,163601184,163601408,65536,21,3,29,0.000898751,1,22966.751046
166,174073824,11,33,34637194,34637312,65536,21,3,29,0.000896750,1,22964.750054
167,175111296,0,163,170930787,171420416,65536,78,12,26,0.000797987,1,82373.986618
167,175111296,1,13,13641602,13641728,16384,54,8,24,0.000731195,1,57211.194589
167,175111296,2,149,156263394,156755712,65536,42,6,35,0.001069127,1,45049.126676
167,175111296,3,150,157314043,157314048,65536,42,6,30,0.000921178,1,44881.177879
167,175111296,4,33,34637194,34637312,65536,42,6,28,0.000859107,1,44811.106529
167,175111296,5,137,143684625,144181760,65536,42,6,27,0.000822594,1,44770.593913
167,175111296,6,155,162553906,163535616,65536,42,6,26,0.000801875,1,44745.875154
167,175111296,7,138,144744469,144744704,65536,42,6,25,0.000764853,1,44704.853454
167,175111296,8,156,163601184,163601408,65536,42,6,24,0.000743794,1,44679.793969
167,175111296,9,38,39887096,40379136,65536,42,6,17,0.000537261,1,44445.260603
167,175111296,10,2,2097908,3080960,65536,42,6,13,0.000428110,1,44320.110387
167,175111296,11,166,174073824,175045632,65536,36,6,35,0.001082285,1,38918.284548
168,176163948,0,136,142635942,143680512,4096,59,15,26,0.000808810,1,63312.809805
168,176163948,1,40,41986401,42508288,4096,59,15,23,0.000715486,1,63207.485597
168,176163948,2,90,94428006,94918912,65536,52,10,24,0.000746594,1,55434.593666
168,176163948,3,93,97572014,97572096,16384,52,10,23,0.000715486,1,55399.485597
168,176163948,4,95,99667131,100183040,16384,52,10,22,0.000684378,1,55364.377528
168,176163948,5,83,87087641,87087872,65536,52,10,20,0.000622161,1,55294.161389
168,176163948,6,84,88136600,88136704,16384,52,10,19,0.000591053,1,55259.053319
168,176163948,7,116,121676009,122707712,16384,52,10,18,0.000559945,1,55223.945250
168,176163948,8,119,124811593,125843200,16384,52,10,18,0.000559945,1,55223.945250
168,176163948,9,141,147886989,148868352,65536,52,10,17,0.000528837,1,55188.837180
168,176163948,10,86,90235200,90757632,4096,50,12,15,0.000466621,1,53326.621041
168,176163948,11,78,81846058,82362624,16384,42,8,23,0.000715486,1,44903.485597
169,177194672,0,163,170930787,171420416,65536,77,13,28,0.000859370,1,81547.370204
169,177194672,1,13,13641602,13641728,16384,54,8,24,0.000733810,1,57213.810310
169,177194672,2,115,120628164,121671680,4096,51,11,22,0.000685081,1,54469.080808
169,177194672,3,16,16797859,16797952,4096,46,10,21,0.000643560,1,49175.559805
169,177194672,4,155,162553906,163535616,65536,42,6,33,0.001017765,1,44989.764619
169,177194672,5,137,143684625,144181760,65536,42,6,30,0.000917263,1,44877.262888
169,177194672,6,149,156263394,156755712,65536,42,6,29,0.000886687,1,44842.687458
169,177194672,7,150,157314043,157314048,65536,42,6,27,0.000829060,1,44777.060092
169,177194672,8,33,34637194,34637312,65536,42,6,27,0.000828424,1,44776.424153
169,177194672,9,156,163601184,163601408,65536,42,6,23,0.000712803,1,44644.802554
169,177194672,10,138,144744469,144744704,65536,42,6,21,0.000642477,1,44566.476901
169,177194672,11,2,2097908,3080960,65536,42,6,17,0.000559837,1,44467.836659
170,178243750,0,163,170930787,171420416,65536,69,11,27,0.000828678,1,73064.678411
170,178243750,1,13,13641602,13641728,16384,57,9,22,0.000670691,1,60342.690812
170,178243750,2,155,162553906,163535616,65536,45,7,32,0.000986923,1,48154.923267
170,178243750,3,149,156263394,156755712,65536,45,7,32,0.000977487,1,48145.487247
170,178243750,4,150,157314043,157314048,65536,45,7,29,0.000890472,1,48046.471950
170,178243750,5,156,163601184,163601408,65536,45,7,27,0.000836768,1,47984.768215
170,178243750,6,137,143684625,144181760,65536,45,7,25,0.000762149,1,47902.148649
170,178243750,7,33,34637194,34637312,65536,45,7,24,0.000736377,1,47872.377025
170,178243750,8,38,39887096,40379136,65536,45,7,20,0.000632071,1,47752.071298
170,178243750,9,138,144744469,144744704,65536,45,7,19,0.000581289,1,47697.288625
170,178243750,10,2,2097908,3080960,65536,45,7,14,0.000461042,1,47557.041955
170,178243750,11,16,16797859,16797952,4096,43,9,19,0.000582268,1,45906.268395
171,179295928,0,16,16797859,16797952,4096,72,16,18,0.000554017,1,76466.016620
171,179295928,1,115,120628164,121671680,4096,54,12,24,0.000747361,1,57739.360882
171,179295928,2,158,165692357,166214656,4096,44,10,31,0.000954140,1,47478.139735
171,179295928,3,152,159408987,159930880,4096,44,10,22,0.000677131,1,47165.131425
171,179295928,4,140,146842039,146842112,4096,44,10,13,0.000401817,1,46853.817451
171,179295928,5,148,155214816,156259072,4096,36,8,28,0.000861804,1,38925.803632
171,179295928,6,132,138449376,138449408,256,32,8,17,0.000524675,1,34448.675164
171,179295928,7,26,27289725,27812352,4096,28,6,34,0.001046476,1,30686.475839
171,179295928,8,166,174073824,174590464,4096,28,6,32,0.000989517,1,30621.517301
171,179295928,9,15,15749490,16271616,4096,28,6,26,0.000803188,1,30411.188039
171,179295928,10,32,33581405,34107136,4096,16,4,22,0.000677131,1,17725.131425
171,179295928,11,159,166741011,166741248,4096,12,2,30,0.000923361,1,13651.361034
171,179295928,12,115,120628164,120628224,4096,44,10,24,0.000747361,1,47243.360882
171,179295928,13,132,138449376,138449408,1024,32,8,17,0.000524675,1,34448.675164
171,179295928,14,26,27289725,27813888,1024,28,6,34,0.001046476,1,30686.475839
172,180343252,0,156,163601184,164123136,1024,26,6,30,0.000929742,1,28505.742461
172,180343252,1,115,120628164,121671680,4096,25,5,23,0.000716221,1,27112.220845
172,180343252,2,157,164645993,165691136,1024,23,5,31,0.000953553,1,25333.552753
172,180343252,3,155,162553906,163535616,65536,21,3,45,0.001387861,1,23519.860844
172,180343252,4,144,151029951,151548160,4096,20,4,15,0.000472352,1,21588.351682
172,180343252,5,132,138449376,138449408,256,19,5,16,0.000493812,1,20717.811919
172,180343252,6,32,33581405,34107136,4096,18,4,18,0.000553676,1,19633.675792
172,180343252,7,163,170930787,171420416,65536,15,3,32,0.000984313,1,16920.312519
172,180343252,8,159,166741011,166741248,4096,15,3,30,0.000922793,1,16850.792987
172,180343252,9,166,174073824,175045632,65536,15,3,24,0.000742138,1,16646.137976
172,180343252,10,169,177194672,178227200,16384,15,3,24,0.000738234,1,16642.234389
172,180343252,11,2,2097908,2097920,16384,15,3,16,0.000526905,1,16398.905091
172,180343252,12,156,163601184,164123392,256,26,6,30,0.000929742,1,28505.742461
172,180343252,13,115,120628164,121119232,65536,21,3,23,0.000716221,1,22760.220845
173,181386073,0,163,170930787,171420416,65536,123,21,27,0.000828678,1,129640.678411
173,181386073,1,13,13641602,13641728,16384,89,15,20,0.000609552,1,93809.551675
173,181386073,2,155,162553906,163535616,65536,76,12,31,0.000956082,1,80504.081915
173,181386073,3,166,174073824,175045632,65536,63,11,26,0.000803983,1,66891.982807
173,181386073,4,169,177194672,178227200,16384,63,11,26,0.000794961,1,66882.961169
173,181386073,5,2,2097908,2097920,16384,63,11,21,0.000691563,1,66759.562932
173,181386073,6,159,166741011,166741248,4096,63,11,20,0.000612182,1,66676.182430
173,181386073,7,1,1048219,1048320,65536,63,11,15,0.000501790,1,66545.789717
173,181386073,8,145,152070567,153052928,65536,63,11,15,0.000458786,1,66502.785747
173,181386073,9,3,3146668,4129792,65536,63,11,10,0.000310907,1,66334.906604
173,181386073,10,171,179295928,179786752,65536,60,10,41,0.001261927,1,64209.926747
173,181386073,11,172,180343252,180343296,65536,60,10,40,0.001230391,1,64174.390649
174,182438310,0,163,170930787,171420416,65536,166,32,40,0.001235140,1,175539.139725
174,182438310,1,13,13641602,13641728,16384,123,23,30,0.000926355,1,130006.354794
174,182438310,2,155,162553906,163535616,65536,95,17,47,0.001451289,1,101159.289177
174,182438310,3,166,174073824,175045632,65536,92,18,51,0.001577043,1,98357.043199
174,182438310,4,2,2097908,2097920,16384,92,18,41,0.001350194,1,98090.194296
174,182438310,5,169,177194672,178227200,16384,92,18,43,0.001327775,1,98075.775205
174,182438310,6,1,1048219,1048320,65536,92,18,34,0.001137390,1,97849.390024
174,182438310,7,16,16797859,16797952,4096,92,20,28,0.000864598,1,97808.597808
174,182438310,8,159,166741011,166741248,4096,92,18,34,0.001049869,1,97761.868766
174,182438310,9,145,152070567,153052928,65536,92,18,24,0.000741084,1,97413.083835
174,182438310,10,3,3146668,4129792,65536,92,18,15,0.000466360,1,97102.359905
174,182438310,11,115,120628164,121671680,4096,84,18,37,0.001152181,1,89684.181360
175,183486730,0,16,16797859,16797952,4096,67,15,13,0.000399177,1,71043.177081
175,183486730,1,115,120628164,121671680,4096,51,11,21,0.000653941,1,54433.940772
175,183486730,2,26,27289725,27812352,4096,36,8,30,0.000921178,1,38993.177879
175,183486730,3,148,155214816,156259072,4096,36,8,23,0.000706236,1,38750.236374
175,183486730,4,166,174073824,174590464,4096,36,8,21,0.000649371,1,38685.370729
175,183486730,5,15,15749490,16271616,4096,36,8,18,0.000556053,1,38580.053258
175,183486730,6,173,181386073,181910016,4096,31,7,26,0.000798354,1,33606.354162
175,183486730,7,158,165692357,166214656,4096,31,7,25,0.000767648,1,33571.648233
175,183486730,8,152,159408987,159930880,4096,31,7,21,0.000644825,1,33432.824516
175,183486730,9,140,146842039,146842112,4096,31,7,14,0.000432726,1,33192.726486
175,183486730,10,132,138449376,138449408,256,24,8,14,0.000432085,1,26152.085429
175,183486730,11,157,164645993,165691136,1024,23,5,23,0.000706236,1,25054.236374
175,183486730,12,115,120628164,120628224,4096,31,7,21,0.000653941,1,33441.940772
175,183486730,13,26,27289725,27813888,1024,36,8,30,0.000921178,1,38993.177879
176,184532789,0,163,170930787,171420416,65536,36,6,27,0.000830437,1,38634.437056
176,184532789,1,166,174073824,175045632,65536,36,6,23,0.000711216,1,38499.215560
176,184532789,2,2,2097908,2097920,16384,36,6,19,0.000625700,1,38397.699796
176,184532789,3,169,177194672,178227200,16384,36,6,20,0.000615139,1,38391.138560
176,184532789,4,159,166741011,166741248,4096,36,6,15,0.000461354,1,38217.353920
176,184532789,5,1,1048219,1048320,65536,36,6,13,0.000434884,1,38182.884421
176,184532789,6,145,152070567,153052928,65536,36,6,10,0.000307569,1,38043.569280
176,184532789,7,3,3146668,4129792,65536,36,6,9,0.000279816,1,38011.815943
176,184532789,8,156,163601184,164123136,1024,27,7,20,0.000619828,1,29307.828308
176,184532789,9,16,16797859,16797952,4096,26,6,17,0.000522868,1,28046.867776
176,184532789,10,26,27289725,27812352,4096,18,4,29,0.000891951,1,20015.950912
176,184532789,11,148,155214816,156259072,4096,18,4,18,0.000553625,1,19633.624704
176,184532789,12,159,166741011,166741248,16384,36,6,15,0.000461354,1,38217.353920
176,184532789,13,1,1048219,1540096,65536,36,6,13,0.000434884,1,38182.884421
177,185575336,0,115,120628164,121671680,4096,46,10,24,0.000747361,1,49291.360882
177,185575336,1,149,156263394,156263424,16384,39,7,30,0.000920048,1,41936.047842
177,185575336,2,19,19943395,19943424,16384,39,7,18,0.000552029,1,41520.028705
177,185575336,3,16,16797859,16797952,4096,36,8,22,0.000674702,1,38714.701751
177,185575336,4,173,181386073,181910016,4096,31,7,29,0.000889380,1,33709.379581
177,185575336,5,152,159408987,159930880,4096,31,7,25,0.000766707,1,33570.706535
177,185575336,6,158,165692357,166214656,4096,31,7,25,0.000766707,1,33570.706535
177,185575336,7,140,146842039,146842112,4096,31,7,17,0.000525454,1,33297.453590
177,185575336,8,157,164645993,165691136,1024,22,6,21,0.000644587,1,24088.587004
177,185575336,9,151,158360441,159407872,1024,17,5,29,0.000893132,1,19121.132122
177,185575336,10,144,151029951,151548160,4096,15,3,15,0.000472352,1,16340.351682
177,185575336,11,163,170930787,171420416,65536,12,2,34,0.001043521,1,13787.520962
177,185575336,12,115,120628164,120628224,4096,31,7,24,0.000747361,1,33547.360882
178,186621099,0,40,41986401,42508288,4096,95,23,22,0.000679201,1,101055.201013
178,186621099,1,93,97572014,97572096,16384,87,15,24,0.000736513,1,91904.512613
178,186621099,2,95,99667131,100183040,16384,87,15,23,0.000705651,1,91869.651347
178,186621099,3,83,87087641,87087872,65536,87,15,21,0.000643343,1,91799.342932
178,186621099,4,116,121676009,122707712,16384,87,15,20,0.000613403,1,91765.402852
178,186621099,5,84,88136600,88136704,16384,87,15,17,0.000524691,1,91664.691358
178,186621099,6,90,94428006,94918912,65536,87,15,17,0.000521360,1,91661.360444
178,186621099,7,119,124811593,125843200,16384,87,15,14,0.000429949,1,91557.949020
178,186621099,8,141,147886989,148868352,65536,87,15,14,0.000428895,1,91556.895288
178,186621099,9,136,142635942,143680512,4096,76,18,19,0.000582072,1,80850.072177
178,186621099,10,41,43034573,43556352,4096,55,13,25,0.000777267,1,58925.266509
178,186621099,11,50,52478164,53000448,4096,55,13,22,0.000674578,1,58810.577622
179,187670326,0,163,170930787,171420416,65536,181,33,29,0.000915173,1,190663.172936
179,187670326,1,13,13641602,13641728,16384,132,24,20,0.000631154,1,139015.153749
179,187670326,2,174,182438310,182438400,65536,97,17,91,0.002871750,1,104803.749558
179,187670326,3,171,179295928,179786752,65536,97,17,48,0.001514769,1,103274.768998
179,187670326,4,172,180343252,180343296,65536,97,17,40,0.001262307,1,102990.307498
179,187670326,5,2,2097908,3080960,65536,97,17,33,0.001086742,1,102786.741751
179,187670326,6,156,163601184,164580352,65536,97,17,29,0.000915173,1,102599.172936
179,187670326,7,170,178243750,178243840,16384,97,17,29,0.000915173,1,102599.172936
179,187670326,8,1,1048219,1048320,65536,84,16,26,0.000869769,1,89101.768842
179,187670326,9,169,177194672,178227200,16384,84,16,27,0.000852058,1,89088.057561
179,187670326,10,166,174073824,175045632,65536,84,16,25,0.000788942,1,89016.942186
179,187670326,11,159,166741011,166741248,4096,84,16,20,0.000631154,1,88839.153749
180,188710030,0,136,142635942,143680512,4096,63,15,32,0.000983012,1,67607.012318
180,188710030,1,40,41986401,42508288,4096,59,13,23,0.000710074,1,62946.073786
180,188710030,2,5,5243475,5759488,16384,41,7,20,0.000706539,1,43730.539019
180,188710030,3,98,102809583,102809600,4096,41,7,21,0.000645102,1,43673.101834
180,188710030,4,78,81846058,82362624,16384,41,7,20,0.000615517,1,43639.517188
180,188710030,5,61,64013943,64530688,16384,41,7,20,0.000614383,1,43638.382699
180,188710030,6,168,176163948,176164096,1024,36,8,27,0.000839918,1,38899.917875
180,188710030,7,86,90235200,90757632,4096,36,8,15,0.000460787,1,38472.787024
180,188710030,8,63,66113270,66113280,4096,27,7,24,0.000737259,1,29441.259239
180,188710030,9,41,43034573,43556352,4096,23,5,21,0.000652904,1,24992.903868
180,188710030,10,67,70308921,70309120,4096,23,5,20,0.000614383,1,24950.382699
180,188710030,11,50,52478164,53000448,4096,23,5,19,0.000583664,1,24915.663564
180,188710030,12,136,142635942,143152128,16384,41,7,32,0.000983012,1,44055.012318
180,188710030,13,168,176163948,176164096,4096,36,8,27,0.000839918,1,38899.917875
181,189758380,0,118,123764192,124285696,4096,41,11,19,0.000588910,1,44120.909897
181,189758380,1,102,107006226,107522048,16384,35,7,24,0.000735249,1,37631.249066
181,189758380,2,69,72413180,73457664,4096,25,5,25,0.000765884,1,27169.884443
181,189758380,3,100,104910507,104910592,4096,25,5,20,0.000612708,1,26996.707555
181,189758380,4,99,103862041,104893952,16384,24,4,34,0.001049286,1,26337.285560
181,189758380,5,39,40937191,40937216,16384,24,4,27,0.000836898,1,26096.897898
181,189758380,6,113,118538560,118538752,16384,24,4,24,0.000740056,1,25988.055504
181,189758380,7,111,116446163,117424640,65536,24,4,24,0.000738303,1,25986.302519
181,189758380,8,45,47228198,48260352,16384,24,4,23,0.000704614,1,25948.613688
181,189758380,9,44,46176335,46669568,65536,24,4,21,0.000646910,1,25882.910234
181,189758380,10,109,114355709,114355712,256,24,4,18,0.000554170,1,25778.170130
181,189758380,11,112,117490417,118522112,16384,8,2,28,0.000857791,1,9481.790577
181,189758380,12,102,107006226,107529728,1024,30,6,24,0.000735249,1,32383.249066
181,189758380,13,69,72413180,73460736,1024,25,5,25,0.000765884,1,27169.884443
181,189758380,14,44,46176335,46694144,16384,24,4,21,0.000646910,1,25882.910234
181,189758380,15,109,114355709,114355712,1024,24,4,18,0.000554170,1,25778.170130
181,189758380,16,112,117490417,118534400,4096,8,2,28,0.000857791,1,9481.790577
182,190806814,0,40,41986401,42508288,4096,57,13,29,0.000895310,1,61107.310426
182,190806814,1,136,142635942,143680512,4096,50,12,27,0.000828780,1,53736.780158
182,190806814,2,93,97572014,97572096,16384,43,9,35,0.001074345,1,46462.344650
182,190806814,3,116,121676009,122707712,16384,43,9,28,0.000859476,1,46219.475720
182,190806814,4,90,94428006,94918912,65536,43,9,25,0.000767389,1,46115.389036
182,190806814,5,83,87087641,87087872,65536,43,9,24,0.000736693,1,46080.693474
182,190806814,6,119,124811593,125843200,16384,43,9,19,0.000583502,1,45907.502242
182,190806814,7,95,99667131,100183040,16384,43,9,19,0.000583216,1,45907.215667
182,190806814,8,141,147886989,148868352,65536,43,9,19,0.000583216,1,45907.215667
182,190806814,9,84,88136600,88136704,16384,43,9,17,0.000524691,1,45840.691358
182,190806814,10,81,84989531,86021632,16384,39,7,25,0.000767389,1,41763.389036
182,190806814,11,122,127956076,127956224,1024,39,7,13,0.000399336,1,41347.336487
183,191852700,0,136,142635942,143680512,4096,45,11,17,0.000526348,1,48146.348381
183,191852700,1,40,41986401,42508288,4096,41,11,23,0.000712118,1,44260.118397
183,191852700,2,86,90235200,90757632,4096,32,8,20,0.000619233,1,34555.233389
183,191852700,3,168,176163948,176164096,1024,32,8,16,0.000497729,1,34417.729111
183,191852700,4,96,100715632,100715776,1024,18,6,18,0.000557310,1,19893.310050
183,191852700,5,93,97572014,97572096,16384,16,4,22,0.000681157,1,17729.156728
183,191852700,6,116,121676009,122707712,16384,16,4,20,0.000619233,1,17659.233389
183,191852700,7,90,94428006,94918912,65536,16,4,19,0.000588272,1,17624.271720
183,191852700,8,119,124811593,125843200,16384,16,4,17,0.000526348,1,17554.348381
183,191852700,9,83,87087641,87087872,65536,16,4,16,0.000495387,1,17519.386711
183,191852700,10,95,99667131,100183040,16384,16,4,16,0.000495387,1,17519.386711
183,191852700,11,141,147886989,148868352,65536,16,4,16,0.000495387,1,17519.386711
184,192900101,0,163,170930787,171420416,65536,91,17,24,0.000736603,1,96256.603032
184,192900101,1,169,177194672,178227200,16384,91,17,21,0.000643954,1,96151.954494
184,192900101,2,2,2097908,2097920,16384,91,17,19,0.000625700,1,96125.699796
184,192900101,3,166,174073824,175045632,65536,91,17,18,0.000556603,1,96052.603482
184,192900101,4,1,1048219,1048320,65536,91,17,15,0.000501790,1,95985.789717
184,192900101,5,159,166741011,166741248,4096,91,17,14,0.000429303,1,95909.302996
184,192900101,6,145,152070567,153052928,65536,91,17,13,0.000398638,1,95874.638496
184,192900101,7,3,3146668,4129792,65536,91,17,12,0.000373088,1,95845.087924
184,192900101,8,16,16797859,16797952,4096,58,12,17,0.000521296,1,61581.296495
184,192900101,9,148,155214816,156259072,4096,40,8,16,0.000490632,1,42602.631995
184,192900101,10,26,27289725,27812352,4096,35,7,24,0.000735948,1,37631.947993
184,192900101,11,15,15749490,16271616,4096,35,7,19,0.000586945,1,37462.945105
184,192900101,12,1,1048219,1540096,65536,91,17,15,0.000501790,1,95985.789717
185,193947734,0,163,170930787,171420416,65536,107,17,21,0.000644528,1,112536.527653
185,193947734,1,166,174073824,175045632,65536,86,14,22,0.000680293,1,90688.293145
185,193947734,2,169,177194672,178227200,16384,86,14,21,0.000642084,1,90646.084021
185,193947734,3,2,2097908,2097920,16384,86,14,19,0.000625700,1,90621.699796
185,193947734,4,159,166741011,166741248,4096,86,14,18,0.000550964,1,90542.964187
185,193947734,5,145,152070567,153052928,65536,86,14,14,0.000428200,1,90404.200031
185,193947734,6,1,1048219,1048320,65536,86,14,11,0.000367979,1,90331.979126
185,193947734,7,3,3146668,4129792,65536,86,14,11,0.000341997,1,90305.997264
185,193947734,8,16,16797859,16797952,4096,75,17,16,0.000490331,1,79594.331280
185,193947734,9,148,155214816,156259072,4096,56,12,20,0.000611714,1,59635.714329
185,193947734,10,26,27289725,27812352,4096,51,11,24,0.000734731,1,54526.731364
185,193947734,11,15,15749490,16271616,4096,51,11,18,0.000556053,1,54324.053258
186,194999546,0,16,16797859,16797952,4096,49,11,13,0.000407039,1,52107.038637
186,194999546,1,26,27289725,27812352,4096,31,7,20,0.000626213,1,33410.213288
186,194999546,2,15,15749490,16271616,4096,31,7,16,0.000500971,1,33268.970631
186,194999546,3,148,155214816,156259072,4096,31,7,16,0.000500971,1,33268.970631
186,194999546,4,166,174073824,174590464,4096,31,7,15,0.000469660,1,33233.659966
186,194999546,5,13,13641602,13641728,16384,24,4,15,0.000469660,1,25681.659966
186,194999546,6,115,120628164,120628224,4096,18,4,24,0.000751456,1,19855.455946
186,194999546,7,173,181386073,181910016,4096,18,4,21,0.000657524,1,19749.523953
186,194999546,8,158,165692357,166214656,4096,18,4,18,0.000563592,1,19643.591959
186,194999546,9,140,146842039,146842112,4096,18,4,16,0.000500971,1,19572.970631
186,194999546,10,152,159408987,159930880,4096,18,4,15,0.000469660,1,19537.659966
186,194999546,11,132,138449376,138449408,256,17,5,14,0.000438349,1,18606.349302
186,194999546,12,16,16797859,16797952,16384,12,2,13,0.000407039,1,13067.038637
186,194999546,13,26,27289725,27813888,1024,31,7,20,0.000626213,1,33410.213288
186,194999546,14,115,120628164,121671680,4096,18,4,24,0.000751456,1,19855.455946
186,194999546,15,132,138449376,138449408,1024,17,5,14,0.000438349,1,18606.349302
187,196050495,0,163,170930787,171420416,65536,42,6,24,0.000737078,1,44673.078100
187,196050495,1,16,16797859,16797952,4096,36,8,13,0.000399251,1,38403.250637
187,196050495,2,13,13641602,13641728,16384,36,6,16,0.000491385,1,38251.385400
187,196050495,3,148,155214816,156259072,4096,28,6,20,0.000614232,1,30198.231750
187,196050495,4,166,174073824,174590464,4096,23,5,20,0.000618448,1,24954.448313
187,196050495,5,15,15749490,16271616,4096,23,5,20,0.000617837,1,24953.836953
187,196050495,6,26,27289725,27812352,4096,23,5,20,0.000614232,1,24950.231750
187,196050495,7,174,182438310,182438400,65536,21,3,23,0.000710205,1,22754.205342
187,196050495,8,171,179295928,179786752,65536,21,3,20,0.000615574,1,22647.574023
187,196050495,9,169,177194672,178227200,16384,21,3,20,0.000614232,1,22646.231750
187,196050495,10,156,163601184,164580352,65536,21,3,17,0.000526854,1,22546.854061
187,196050495,11,172,180343252,180343296,65536,21,3,17,0.000522916,1,22542.916026
188,197095732,0,93,97572014,97572096,16384,93,17,35,0.001074081,1,98686.080894
188,197095732,1,95,99667131,100183040,16384,93,17,32,0.000981776,1,98581.775787
188,197095732,2,40,41986401,42968832,65536,93,17,28,0.000864438,1,98448.437652
188,197095732,3,116,121676009,122707712,16384,93,17,26,0.000797424,1,98373.423708
188,197095732,4,90,94428006,94918912,65536,93,17,24,0.000736038,1,98304.038274
188,197095732,5,141,147886989,148868352,65536,93,17,22,0.000673442,1,98233.441900
188,197095732,6,83,87087641,87087872,65536,93,17,18,0.000550644,1,98094.643948
188,197095732,7,119,124811593,125843200,16384,93,17,17,0.000522081,1,98062.080953
188,197095732,8,84,88136600,88136704,16384,93,17,16,0.000493827,1,98029.827160
188,197095732,9,97,101762496,101762560,16384,57,9,36,0.001119821,1,60847.820829
188,197095732,10,53,55623067,56115712,65536,57,9,30,0.000921206,1,60625.206166
188,197095732,11,59,61910108,62403072,65536,57,9,27,0.000825638,1,60517.637576
189,198147847,0,113,118538560,118538752,16384,78,14,22,0.000678384,1,82494.384212
189,198147847,1,45,47228198,48260352,16384,78,14,22,0.000673298,1,82489.297628
189,198147847,2,111,116446163,117424640,65536,78,14,20,0.000615252,1,82423.252100
189,198147847,3,99,103862041,104893952,16384,78,14,19,0.000586365,1,82390.365460
189,198147847,4,102,107006226,107988480,65536,78,14,18,0.000550711,1,82350.711335
189,198147847,5,39,40937191,40937216,16384,78,14,17,0.000526936,1,82322.935714
189,198147847,6,44,46176335,46669568,65536,78,14,16,0.000492884,1,82284.883987
189,198147847,7,109,114355709,114355712,256,78,14,14,0.000431021,1,82215.021212
189,198147847,8,114,119579954,119580160,65536,63,9,18,0.000550947,1,66350.947323
189,198147847,9,103,108054113,109043456,65536,63,9,18,0.000549635,1,66349.635103
189,198147847,10,100,104910507,105897472,65536,63,9,17,0.000519100,1,66315.099820
189,198147847,11,110,115398305,115398400,65536,24,4,15,0.000459165,1,25671.164932
189,198147847,12,45,47228198,47719680,65536,63,9,22,0.000673298,1,66489.297628
189,198147847,13,99,103862041,104353536,65536,63,9,19,0.000586365,1,66390.365460
189,198147847,14,44,46176335,46694144,16384,78,14,16,0.000492884,1,82284.883987
189,198147847,15,109,114355709,114355712,1024,78,14,14,0.000431021,1,82215.021212
189,198147847,16,100,104910507,104910592,4096,15,3,17,0.000519100,1,16395.099820
190,199197219,0,95,99667131,100183040,16384,42,8,27,0.000828373,1,45032.373320
190,199197219,1,116,121676009,122707712,16384,42,8,26,0.000797424,1,44997.423708
190,199197219,2,40,41986401,42968832,65536,42,8,24,0.000740947,1,44932.946559
190,199197219,3,93,97572014,97572096,16384,42,8,22,0.000675137,1,44859.136562
190,199197219,4,90,94428006,94918912,65536,42,8,22,0.000674702,1,44858.701751
190,199197219,5,141,147886989,148868352,65536,42,8,18,0.000550998,1,44718.997918
190,199197219,6,83,87087641,87087872,65536,42,8,17,0.000520053,1,44684.052617
190,199197219,7,119,124811593,125843200,16384,42,8,15,0.000460660,1,44616.659665
190,199197219,8,84,88136600,88136704,16384,42,8,11,0.000339506,1,44479.506173
190,199197219,9,98,102809583,102809600,4096,38,8,24,0.000733967,1,40829.967400
190,199197219,10,136,142635942,143680512,4096,38,10,16,0.000489312,1,40809.311600
190,199197219,11,61,64013943,64530688,16384,38,8,22,0.000672803,1,40760.803450
191,200245613,0,44,46176335,46669568,65536,48,8,38,0.001170599,1,51562.599470
191,200245613,1,45,47228198,48260352,16384,48,8,28,0.000859555,1,51211.554873
191,200245613,2,39,40937191,40937216,16384,48,8,24,0.000743909,1,51079.909243
191,200245613,3,99,103862041,104893952,16384,48,8,22,0.000678949,1,51006.949480
191,200245613,4,113,118538560,118538752,16384,48,8,22,0.000678384,1,51006.384212
191,200245613,5,111,116446163,117424640,65536,48,8,22,0.000676777,1,51004.777310
191,200245613,6,102,107006226,107988480,65536,48,8,20,0.000613968,1,50933.967767
191,200245613,7,109,114355709,114355712,256,48,8,15,0.000461808,1,50761.808442
191,200245613,8,69,72413180,73457664,4096,23,5,24,0.000736761,1,25088.761320
191,200245613,9,100,104910507,104910592,4096,23,5,21,0.000644666,1,24984.666155
191,200245613,10,189,198147847,199193088,4096,17,5,21,0.000644666,1,18840.666155
191,200245613,11,112,117490417,118522112,16384,12,2,29,0.000890253,1,13614.253262
191,200245613,12,44,46176335,46694144,16384,48,8,38,0.001170599,1,51562.599470
191,200245613,13,45,47228198,47719680,65536,12,2,28,0.000859555,1,13579.554873
191,200245613,14,99,103862041,104353536,65536,12,2,22,0.000678949,1,13374.949480
191,200245613,15,102,107006226,107522048,16384,12,2,20,0.000613968,1,13301.967767
191,200245613,16,109,114355709,114355712,1024,48,8,15,0.000461808,1,50761.808442
191,200245613,17,69,72413180,73460736,1024,23,5,24,0.000736761,1,25088.761320
191,200245613,18,100,104910507,105897472,65536,12,2,21,0.000644666,1,13336.666155
191,200245613,19,112,117490417,118534400,4096,12,2,29,0.000890253,1,13614.253262
192,201293852,0,99,103862041,104893952,16384,33,5,22,0.000678949,1,35262.949480
192,201293852,1,113,118538560,118538752,16384,33,5,22,0.000678384,1,35262.384212
192,201293852,2,44,46176335,46669568,65536,33,5,20,0.000616105,1,35192.104984
192,201293852,3,102,107006226,107988480,65536,33,5,19,0.000581306,1,35153.306410
192,201293852,4,45,47228198,48260352,16384,33,5,18,0.000550880,1,35118.879878
192,201293852,5,111,116446163,117424640,65536,33,5,17,0.000522964,1,35086.964285
192,201293852,6,109,114355709,114355712,256,33,5,16,0.000492596,1,35052.595671
192,201293852,7,39,40937191,40937216,16384,33,5,15,0.000464943,1,35020.943277
192,201293852,8,181,189758380,190249728,65536,24,4,22,0.000673978,1,25913.978310
192,201293852,9,114,119579954,119580160,65536,24,4,21,0.000642772,1,25878.771877
192,201293852,10,100,104910507,105897472,65536,24,4,17,0.000520005,1,25740.004894
192,201293852,11,103,108054113,109043456,65536,24,4,15,0.000458828,1,25670.827848
192,201293852,12,99,103862041,104353536,65536,24,4,22,0.000678949,1,25918.949480
192,201293852,13,44,46176335,46694144,16384,33,5,20,0.000616105,1,35192.104984
192,201293852,14,102,107006226,107522048,16384,24,4,19,0.000581306,1,25809.306410
192,201293852,15,45,47228198,47719680,65536,24,4,18,0.000550880,1,25774.879878
192,201293852,16,109,114355709,114355712,1024,33,5,16,0.000492596,1,35052.595671
192,201293852,17,181,189758380,190790400,16384,9,3,22,0.000673978,1,10425.978310
193,202341339,0,136,142635942,143680512,4096,65,15,19,0.000581271,1,69201.270842
193,202341339,1,40,41986401,42508288,4096,61,13,25,0.000771819,1,65063.819333
193,202341339,2,90,94428006,94918912,65536,51,9,28,0.000858711,1,54410.711320
193,202341339,3,116,121676009,122707712,16384,51,9,27,0.000828094,1,54376.093851
193,202341339,4,95,99667131,100183040,16384,51,9,26,0.000797693,1,54341.692827
193,202341339,5,93,97572014,97572096,16384,51,9,25,0.000767201,1,54307.200638
193,202341339,6,84,88136600,88136704,65536,51,9,17,0.000524691,1,54032.691358
193,202341339,7,119,124811593,125843200,16384,51,9,17,0.000522081,1,54030.080953
193,202341339,8,141,147886989,148868352,65536,51,9,17,0.000520387,1,54028.386923
193,202341339,9,190,199197219,200179968,65536,51,9,15,0.000458898,1,53958.898033
193,202341339,10,168,176163948,176164096,1024,38,8,20,0.000622161,1,40702.161389
193,202341339,11,86,90235200,90757632,4096,38,8,16,0.000490076,1,40554.075962
194,203389689,0,136,142635942,143680512,4096,67,15,17,0.000519751,1,71179.750520
194,203389689,1,40,41986401,42508288,4096,56,12,25,0.000771819,1,59815.819333
194,203389689,2,97,101762496,101762560,16384,42,6,27,0.000839866,1,44787.865622
194,203389689,3,106,111208082,111208192,65536,42,6,25,0.000765626,1,44705.626436
194,203389689,4,59,61910108,62403072,65536,42,6,25,0.000764479,1,44704.479237
194,203389689,5,126,132143389,132636928,65536,42,6,22,0.000672618,1,44600.618320
194,203389689,6,64,67162195,68145408,65536,42,6,21,0.000644449,1,44568.448536
194,203389689,7,66,69260290,70292480,16384,42,6,20,0.000615252,1,44535.252100
194,203389689,8,53,55623067,56115712,65536,42,6,19,0.000583431,1,44499.430572
194,203389689,9,116,121676009,121676032,65536,42,6,19,0.000582733,1,44498.732710
194,203389689,10,183,191852700,191852800,65536,42,6,13,0.000402502,1,44294.501703
194,203389689,11,168,176163948,176164096,1024,38,8,17,0.000528837,1,40596.837180
195,204438665,0,40,41986401,42968832,65536,103,19,22,0.000679201,1,108735.201013
195,204438665,1,95,99667131,100183040,16384,103,19,22,0.000674971,1,108730.970854
195,204438665,2,116,121676009,122707712,16384,103,19,22,0.000674743,1,108730.743138
195,204438665,3,90,94428006,94918912,65536,103,19,21,0.000644033,1,108696.033490
195,204438665,4,93,97572014,97572096,16384,103,19,18,0.000552384,1,108592.384460
195,204438665,5,190,199197219,200179968,65536,103,19,15,0.000458954,1,108486.954196
195,204438665,6,141,147886989,148868352,65536,103,19,14,0.000428554,1,108452.553937
195,204438665,7,84,88136600,88136704,65536,103,19,12,0.000370370,1,108386.370370
195,204438665,8,119,124811593,125843200,16384,103,19,12,0.000368528,1,108384.527732
195,204438665,9,41,43034573,43556352,4096,36,10,22,0.000683995,1,38979.994528
195,204438665,10,50,52478164,53000448,4096,36,10,21,0.000643915,1,38935.915003
195,204438665,11,136,142635942,143158272,4096,36,10,19,0.000581342,1,38865.341982
196,205486793,0,195,204438665,204954368,16384,101,19,24,0.000738507,1,106754.506985
196,205486793,1,93,97572014,97572096,16384,80,16,25,0.000769278,1,84901.278109
196,205486793,2,40,41986401,42968832,65536,80,16,23,0.000710074,1,84834.073786
196,205486793,3,90,94428006,94918912,65536,80,16,22,0.000676965,1,84796.964736
196,205486793,4,141,147886989,148868352,65536,80,16,22,0.000676965,1,84796.964736
196,205486793,5,95,99667131,100183040,16384,80,16,20,0.000615422,1,84727.422488
196,205486793,6,116,121676009,122707712,16384,80,16,20,0.000615422,1,84727.422488
196,205486793,7,190,199197219,200179968,65536,80,16,18,0.000553880,1,84657.880239
196,205486793,8,119,124811593,125843200,16384,80,16,17,0.000523109,1,84623.109114
196,205486793,9,64,67162195,68145408,65536,21,3,25,0.000769278,1,22821.278109
196,205486793,10,97,101762496,102253056,65536,21,3,24,0.000746547,1,22794.547219
196,205486793,11,59,61910108,62403072,65536,21,3,21,0.000646194,1,22682.193612
196,205486793,12,40,41986401,43017984,16384,80,16,23,0.000710074,1,84834.073786
197,206528155,0,195,204438665,204954368,16384,93,17,19,0.000581342,1,98129.341982
197,206528155,1,95,99667131,100183040,16384,64,12,25,0.000767012,1,68003.012334
197,206528155,2,40,41986401,42968832,65536,64,12,24,0.000740947,1,67972.946559
197,206528155,3,116,121676009,122707712,16384,64,12,24,0.000736083,1,67968.083423
197,206528155,4,93,97572014,97572096,16384,64,12,23,0.000705825,1,67933.824587
197,206528155,5,190,199197219,200179968,65536,64,12,22,0.000672803,1,67896.803450
197,206528155,6,90,94428006,94918912,65536,64,12,20,0.000613365,1,67829.365228
197,206528155,7,141,147886989,148868352,65536,64,12,18,0.000550998,1,67758.997918
197,206528155,8,119,124811593,125843200,16384,64,12,15,0.000460660,1,67656.659665
197,206528155,9,136,142635942,143680512,4096,41,9,21,0.000642006,1,43926.005503
197,206528155,10,96,100715632,100715776,1024,38,12,22,0.000676049,1,41276.049413
197,206528155,11,196,205486793,206462464,65536,29,5,27,0.000830820,1,31338.820358
198,207577877,0,195,204438665,204954368,16384,73,15,19,0.000581378,1,77393.377559
198,207577877,1,93,97572014,97572096,16384,52,12,32,0.000982017,1,55958.016817
198,207577877,2,116,121676009,122707712,16384,52,12,31,0.000950774,1,55922.774421
198,207577877,3,40,41986401,42968832,65536,52,12,27,0.000833565,1,55789.564879
198,207577877,4,95,99667131,100183040,16384,52,12,27,0.000828373,1,55784.373320
198,207577877,5,90,94428006,94918912,65536,52,12,27,0.000828043,1,55784.043058
198,207577877,6,190,199197219,200179968,65536,52,12,23,0.000703773,1,55643.772834
198,207577877,7,119,124811593,125843200,16384,52,12,20,0.000614213,1,55542.212886
198,207577877,8,141,147886989,148868352,65536,52,12,19,0.000581609,1,55505.608914
198,207577877,9,136,142635942,143680512,4096,43,9,18,0.000550779,1,45870.778740
198,207577877,10,63,66113270,66113280,4096,28,6,26,0.000796032,1,30404.032086
198,207577877,11,121,126906949,127430912,1024,23,5,15,0.000461880,1,24777.879542
199,208625786,0,136,142635942,143680512,4096,62,14,24,0.000735001,1,66175.001378
199,208625786,1,195,204438665,204954368,16384,56,10,19,0.000581876,1,59345.876091
199,208625786,2,40,41986401,42508288,4096,54,12,26,0.000802692,1,57802.692106
199,208625786,3,116,121676009,121676032,65536,44,8,29,0.000889434,1,47149.434136
199,208625786,4,64,67162195,68145408,65536,44,8,27,0.000828577,1,47080.576689
199,208625786,5,59,61910108,62403072,65536,44,8,27,0.000826877,1,47078.876550
199,208625786,6,53,55623067,56115712,65536,44,8,25,0.000767672,1,47011.671805
199,208625786,7,106,111208082,111208192,65536,44,8,23,0.000704376,1,46940.376321
199,208625786,8,66,69260290,70292480,16384,44,8,21,0.000646015,1,46874.014705
199,208625786,9,126,132143389,132636928,65536,44,8,20,0.000612501,1,46836.501148
199,208625786,10,196,205486793,206462464,65536,44,8,18,0.000553880,1,46769.880239
199,208625786,11,183,191852700,191852800,65536,44,8,15,0.000464425,1,46668.425042
200,209675726,0,95,99667131,100183040,16384,63,11,33,0.001012456,1,67128.456280
200,209675726,1,116,121676009,122707712,16384,63,11,31,0.000950774,1,67058.774421
200,209675726,2,199,208625786,209117952,65536,63,11,30,0.000919456,1,67023.455682
200,209675726,3,40,41986401,42968832,65536,63,11,26,0.000802692,1,66890.692106
200,209675726,4,119,124811593,125843200,16384,63,11,21,0.000644924,1,66712.923530
200,209675726,5,195,204438665,204954368,16384,63,11,21,0.000643619,1,66711.618978
200,209675726,6,141,147886989,148868352,65536,63,11,20,0.000612970,1,66676.970455
200,209675726,7,190,199197219,200179968,65536,63,11,20,0.000612970,1,66676.970455
200,209675726,8,98,102809583,102809600,4096,45,9,32,0.000980753,1,48404.752728
200,209675726,9,5,5243475,5759488,16384,45,9,28,0.000989155,1,48397.154626
200,209675726,10,61,64013943,64530688,16384,45,9,30,0.000919456,1,48335.455682
200,209675726,11,136,142635942,143152128,16384,45,9,25,0.000766213,1,48162.213069
201,210723012,0,169,177194672,178227200,16384,160,28,31,0.000947838,1,168559.838317
201,210723012,1,166,174073824,175045632,65536,160,28,26,0.000803983,1,168395.982807
201,210723012,2,163,170930787,171420416,65536,160,28,25,0.000767295,1,168355.294825
201,210723012,3,2,2097908,2097920,16384,160,28,23,0.000757426,1,168337.426069
201,210723012,4,1,1048219,1048320,65536,160,28,19,0.000635600,1,168199.600308
201,210723012,5,159,166741011,166741248,4096,160,28,16,0.000489746,1,168041.745944
201,210723012,6,145,152070567,153052928,65536,160,28,14,0.000428200,1,167972.200031
201,210723012,7,3,3146668,4129792,65536,160,28,11,0.000341997,1,167873.997264
201,210723012,8,13,13641602,13641728,16384,150,26,18,0.000550223,1,157614.223146
201,210723012,9,174,182438310,182438400,65536,114,18,34,0.001049869,1,120289.868766
201,210723012,10,171,179295928,179786752,65536,114,18,32,0.000984918,1,120216.918436
201,210723012,11,187,196050495,196540416,65536,114,18,28,0.000859924,1,120075.924449
202,211774324,0,199,208625786,208625920,4096,41,7,26,0.000796251,1,43844.251493
202,211774324,1,98,102809583,102809600,4096,41,7,24,0.000734462,1,43774.461548
202,211774324,2,61,64013943,64530688,16384,41,7,23,0.000703859,1,43739.858983
202,211774324,3,78,81846058,82362624,16384,41,7,22,0.000677069,1,43709.068907
202,211774324,4,5,5243475,5759488,16384,41,7,18,0.000635885,1,43651.885117
202,211774324,5,136,142635942,143152128,16384,41,7,20,0.000612051,1,43636.051290
202,211774324,6,195,204438665,204954368,16384,39,7,18,0.000550846,1,41518.846161
202,211774324,7,94,98619736,99601408,65536,36,6,22,0.000674268,1,38458.267500
202,211774324,8,40,41986401,42508288,4096,25,5,24,0.000740947,1,27140.946559
202,211774324,9,116,121676009,122707712,16384,24,4,32,0.000981445,1,26261.444564
202,211774324,10,95,99667131,100183040,16384,24,4,30,0.000920415,1,26192.414800
202,211774324,11,54,56673889,56674048,65536,24,4,23,0.000704959,1,25948.959235
203,212823813,0,195,204438665,204954368,16384,90,14,16,0.000489551,1,94569.551143
203,212823813,1,199,208625786,209117952,65536,69,11,25,0.000765626,1,72993.626436
203,212823813,2,40,41986401,42968832,65536,69,11,24,0.000740947,1,72964.946559
203,212823813,3,95,99667131,100183040,16384,69,11,24,0.000736332,1,72960.331840
203,212823813,4,116,121676009,122707712,16384,69,11,24,0.000736083,1,72960.083423
203,212823813,5,119,124811593,125843200,16384,69,11,20,0.000614213,1,72822.212886
203,212823813,6,190,199197219,200179968,65536,69,11,20,0.000611714,1,72819.714329
203,212823813,7,141,147886989,148868352,65536,69,11,18,0.000550998,1,72750.997918
203,212823813,8,50,52478164,53000448,4096,28,6,27,0.000827891,1,30439.890718
203,212823813,9,67,70308921,70309120,4096,28,6,24,0.000734551,1,30334.551465
203,212823813,10,41,43034573,43556352,4096,28,6,20,0.000621813,1,30205.813207
203,212823813,11,193,202341339,203385344,4096,28,6,20,0.000611864,1,30195.864044
204,213871707,0,99,103862041,104893952,16384,97,19,26,0.000802395,1,102730.394840
204,213871707,1,102,107006226,107988480,65536,97,19,25,0.000765251,1,102689.251462
204,213871707,2,113,118538560,118538752,16384,97,19,24,0.000740056,1,102660.055504
204,213871707,3,111,116446163,117424640,65536,97,19,23,0.000707540,1,102623.539914
204,213871707,4,45,47228198,48260352,16384,97,19,23,0.000704031,1,102620.031345
204,213871707,5,109,114355709,114355712,256,97,19,18,0.000554170,1,102450.170130
204,213871707,6,39,40937191,40937216,16384,97,19,17,0.000526936,1,102418.935714
204,213871707,7,44,46176335,46669568,65536,97,19,17,0.000523689,1,102415.689237
204,213871707,8,110,115398305,115398400,65536,36,6,26,0.000795886,1,38595.885882
204,213871707,9,189,198147847,199193088,4096,30,8,21,0.000642811,1,32534.811228
204,213871707,10,118,123764192,124285696,4096,28,6,20,0.000619905,1,30203.905155
204,213871707,11,100,104910507,104910592,4096,25,7,22,0.000673421,1,27321.421286
204,213871707,12,99,103862041,104353536,65536,21,3,26,0.000802395,1,22858.394840
204,213871707,13,102,107006226,107522048,16384,24,4,25,0.000765251,1,26017.251462
204,213871707,14,45,47228198,47719680,65536,21,3,23,0.000704031,1,22748.031345
204,213871707,15,109,114355709,114355712,1024,97,19,18,0.000554170,1,102450.170130
204,213871707,16,44,46176335,46694144,16384,97,19,17,0.000523689,1,102415.689237
204,213871707,17,100,104910507,105897472,65536,21,3,22,0.000673421,1,22713.421286
205,214920002,0,195,204438665,204954368,16384,135,21,15,0.000458954,1,141510.954196
205,214920002,1,116,121676009,122707712,16384,69,11,31,0.000950774,1,73202.774421
205,214920002,2,141,147886989,148868352,65536,69,11,29,0.000887719,1,73131.718869
205,214920002,3,199,208625786,209117952,65536,69,11,25,0.000765626,1,72993.626436
205,214920002,4,40,41986401,42968832,65536,69,11,23,0.000710074,1,72930.073786
205,214920002,5,95,99667131,100183040,16384,69,11,22,0.000674971,1,72890.970854
205,214920002,6,190,199197219,200179968,65536,69,11,20,0.000611639,1,72819.639500
205,214920002,7,119,124811593,125843200,16384,69,11,16,0.000491370,1,72683.370309
205,214920002,8,200,209675726,210657280,65536,66,10,26,0.000796862,1,69828.861591
205,214920002,9,196,205486793,206462464,65536,66,10,24,0.000738507,1,69762.506985
205,214920002,10,59,61910108,62403072,65536,66,10,24,0.000733900,1,69757.900067
205,214920002,11,53,55623067,56115712,65536,66,10,20,0.000614137,1,69622.137444
206,215970965,0,99,103862041,104893952,16384,53,9,31,0.000956702,1,56568.701540
206,215970965,1,109,114355709,114355712,256,53,9,26,0.000801381,1,56393.380841
206,215970965,2,39,40937191,40937216,16384,53,9,25,0.000774905,1,56362.905462
206,215970965,3,102,107006226,107988480,65536,53,9,25,0.000770559,1,56358.558501
206,215970965,4,111,116446163,117424640,65536,53,9,25,0.000770559,1,56358.558501
206,215970965,5,113,118538560,118538752,16384,53,9,23,0.000709220,1,56289.219858
206,215970965,6,44,46176335,46669568,65536,53,9,23,0.000708914,1,56288.913821
206,215970965,7,45,47228198,48260352,16384,53,9,21,0.000647269,1,56219.269141
206,215970965,8,118,123764192,124285696,4096,41,9,19,0.000588910,1,43864.909897
206,215970965,9,112,117490417,118006272,16384,28,6,31,0.000955493,1,30583.492541
206,215970965,10,181,189758380,190249728,65536,21,3,31,0.000955493,1,23031.492541
206,215970965,11,100,104910507,105897472,65536,21,3,25,0.000770559,1,22822.558501
206,215970965,12,99,103862041,104353536,65536,21,3,31,0.000956702,1,23032.701540
206,215970965,13,109,114355709,114355712,1024,53,9,26,0.000801381,1,56393.380841
206,215970965,14,102,107006226,107522048,16384,40,8,25,0.000770559,1,42918.558501
206,215970965,15,44,46176335,46694144,16384,53,9,23,0.000708914,1,56288.913821
206,215970965,16,45,47228198,47719680,65536,21,3,21,0.000647269,1,22683.269141
206,215970965,17,112,117490417,118522112,16384,12,2,31,0.000955493,1,13687.492541
206,215970965,18,100,104910507,104910592,4096,20,4,25,0.000770559,1,21926.558501
207,217015871,0,206,215970965,216950272,65536,42,6,33,0.001017137,1,44989.137221
207,217015871,1,110,115398305,115398400,65536,42,6,21,0.000643008,1,44567.008053
207,217015871,2,100,104910507,104910592,4096,23,5,24,0.000734866,1,25086.866346
207,217015871,3,69,72413180,73457664,4096,23,5,21,0.000643166,1,24983.165600
207,217015871,4,99,103862041,103862272,4096,19,5,28,0.000864118,1,21136.117520
207,217015871,5,111,116446163,117424640,65536,17,3,29,0.000892116,1,18864.115544
207,217015871,6,102,107006226,107988480,65536,17,3,27,0.000826725,1,18790.724639
207,217015871,7,113,118538560,118538752,16384,17,3,26,0.000801727,1,18761.726796
207,217015871,8,45,47228198,48260352,16384,17,3,23,0.000704247,1,18652.246915
207,217015871,9,39,40937191,40937216,16384,17,3,21,0.000650921,1,18590.920588
207,217015871,10,44,46176335,46669568,65536,17,3,21,0.000646910,1,18586.910234
207,217015871,11,109,114355709,114355712,256,17,3,18,0.000554170,1,18482.170130
207,217015871,12,206,215970965,216999424,16384,17,3,33,0.001017137,1,19005.137221
207,217015871,13,69,72413180,73460736,1024,23,5,21,0.000643166,1,24983.165600
207,217015871,14,102,107006226,107522048,16384,12,2,27,0.000826725,1,13542.724639
207,217015871,15,44,46176335,46694144,16384,17,3,21,0.000646910,1,18586.910234
207,217015871,16,109,114355709,114355712,1024,17,3,18,0.000554170,1,18482.170130
208,218063298,0,195,204438665,204954368,16384,45,7,16,0.000490316,1,47594.316254
208,218063298,1,40,41986401,42508288,4096,40,10,39,0.001204038,1,43664.038159
208,218063298,2,136,142635942,143680512,4096,29,7,25,0.000766119,1,31522.119147
208,218063298,3,116,121676009,122707712,16384,24,4,29,0.000889434,1,26157.434136
208,218063298,4,95,99667131,100183040,16384,24,4,28,0.000859054,1,26123.053814
208,218063298,5,199,208625786,209117952,65536,24,4,28,0.000858053,1,26122.053444
208,218063298,6,89,93379564,93870848,65536,24,4,21,0.000643540,1,25879.540083
208,218063298,7,190,199197219,200179968,65536,24,4,18,0.000551606,1,25775.605786
208,218063298,8,141,147886989,148868352,65536,24,4,17,0.000520961,1,25740.961020
208,218063298,9,119,124811593,125843200,16384,24,4,15,0.000460660,1,25672.659665
208,218063298,10,50,52478164,53000448,4096,22,6,28,0.000858553,1,24330.553338
208,218063298,11,41,43034573,43556352,4096,22,6,27,0.000839448,1,24307.447830
209,219110557,0,206,215970965,216999424,16384,57,9,34,0.001047960,1,60767.959561
209,219110557,1,111,116446163,117424640,65536,57,9,31,0.000953641,1,60661.640754
209,219110557,2,207,217015871,218046720,16384,57,9,26,0.000797546,1,60485.546012
209,219110557,3,39,40937191,40937216,16384,57,9,25,0.000774905,1,60458.905462
209,219110557,4,44,46176335,46669568,65536,57,9,24,0.000739326,1,60419.325981
209,219110557,5,45,47228198,48260352,16384,57,9,24,0.000736196,1,60416.196319
209,219110557,6,109,114355709,114355712,256,57,9,21,0.000646532,1,60314.531819
209,219110557,7,113,118538560,118538752,16384,57,9,20,0.000616713,1,60280.712920
209,219110557,8,110,115398305,115398400,65536,53,11,26,0.000797546,1,56645.546012
209,219110557,9,118,123764192,124285696,4096,47,11,22,0.000681896,1,50369.895670
209,219110557,10,69,72413180,73457664,4096,27,7,26,0.000797546,1,29509.546012
209,219110557,11,100,104910507,104910592,4096,27,7,26,0.000797546,1,29509.546012
209,219110557,12,206,215970965,216950272,65536,53,11,34,0.001047960,1,56927.959561
209,219110557,13,207,217015871,218062080,1024,3,1,26,0.000797546,1,4165.546012
209,219110557,14,44,46176335,46694144,16384,57,9,24,0.000739326,1,60419.325981
209,219110557,15,109,114355709,114355712,1024,57,9,21,0.000646532,1,60314.531819
209,219110557,16,69,72413180,73460736,1024,27,7,26,0.000797546,1,29509.546012
210,220156614,0,13,13641602,13641728,16384,50,8,20,0.000613346,1,52981.346418
210,220156614,1,166,174073824,175045632,65536,45,7,23,0.000711216,1,47843.215560
210,220156614,2,163,170930787,171420416,65536,45,7,19,0.000583144,1,47699.144067
210,220156614,3,169,177194672,178227200,16384,45,7,19,0.000582679,1,47698.679097
210,220156614,4,2,2097908,2097920,16384,45,7,17,0.000559837,1,47667.836659
210,220156614,5,1,1048219,1048320,65536,45,7,12,0.000401432,1,47489.431773
210,220156614,6,159,166741011,166741248,4096,45,7,11,0.000337341,1,47421.340530
210,220156614,7,3,3146668,4129792,65536,45,7,10,0.000310907,1,47390.906604
210,220156614,8,145,152070567,153052928,65536,45,7,10,0.000306673,1,47386.673209
210,220156614,9,157,164645993,165691136,1024,43,11,14,0.000429725,1,45989.724669
210,220156614,10,115,120628164,121671680,4096,41,9,23,0.000716221,1,44008.220845
210,220156614,11,144,151029951,151548160,4096,36,8,11,0.000346391,1,38342.391233
211,221201293,0,206,215970965,216999424,16384,132,22,34,0.001047960,1,139231.959561
211,221201293,1,111,116446163,117424640,65536,132,22,30,0.000922878,1,139090.878149
211,221201293,2,113,118538560,118538752,16384,132,22,29,0.000894234,1,139058.233734
211,221201293,3,207,217015871,218046720,16384,132,22,26,0.000797424,1,138949.423708
211,221201293,4,45,47228198,48260352,16384,132,22,23,0.000705413,1,138845.413280
211,221201293,5,39,40937191,40937216,16384,132,22,22,0.000681917,1,138817.916806
211,221201293,6,109,114355709,114355712,256,132,22,22,0.000677319,1,138813.319048
211,221201293,7,44,46176335,46669568,65536,132,22,19,0.000585300,1,138709.299735
211,221201293,8,69,72413180,73457664,4096,40,10,33,0.001012115,1,43448.114706
211,221201293,9,100,104910507,104910592,4096,40,10,21,0.000644073,1,43032.072995
211,221201293,10,118,123764192,124285696,4096,39,9,23,0.000712891,1,41956.890928
211,221201293,11,102,107006226,107522048,16384,36,6,23,0.000705413,1,38493.413280
211,221201293,12,45,47228198,47719680,65536,21,3,23,0.000705413,1,22749.413280
211,221201293,13,109,114355709,114355712,1024,132,22,22,0.000677319,1,138813.319048
211,221201293,14,44,46176335,46694144,16384,132,22,19,0.000585300,1,138709.299735
211,221201293,15,69,72413180,73460736,1024,40,10,33,0.001012115,1,43448.114706
211,221201293,16,100,104910507,105897472,65536,21,3,21,0.000644073,1,22680.072995
211,221201293,17,102,107006226,107529728,1024,15,3,23,0.000705413,1,16605.413280
212,222249292,0,116,121676009,122707712,16384,67,11,29,0.000889434,1,71085.434136
212,222249292,1,95,99667131,100183040,16384,67,11,25,0.000767012,1,70947.012334
212,222249292,2,199,208625786,209117952,65536,67,11,24,0.000735001,1,70911.001378
212,222249292,3,141,147886989,148868352,65536,67,11,23,0.000704139,1,70876.139113
212,222249292,4,195,204438665,204954368,16384,67,11,23,0.000704139,1,70876.139113
212,222249292,5,40,41986401,42968832,65536,67,11,21,0.000648328,1,70812.328239
212,222249292,6,119,124811593,125843200,16384,67,11,21,0.000644924,1,70808.923530
212,222249292,7,190,199197219,200179968,65536,67,11,20,0.000612295,1,70772.294881
212,222249292,8,136,142635942,143158272,4096,45,11,25,0.000765369,1,48417.368602
212,222249292,9,41,43034573,43556352,4096,45,11,21,0.000652904,1,48288.903868
212,222249292,10,50,52478164,53000448,4096,45,11,21,0.000643915,1,48279.915003
212,222249292,11,67,70308921,70309120,4096,45,11,21,0.000642910,1,48278.909625
213,223297502,0,195,204438665,204954368,16384,115,19,17,0.000520148,1,120844.148089
213,223297502,1,212,222249292,223231744,65536,63,9,30,0.000918442,1,66766.442322
213,223297502,2,200,209675726,210657280,65536,63,9,24,0.000735565,1,66559.564546
213,223297502,3,126,132143389,132636928,65536,63,9,23,0.000703321,1,66523.320898
213,223297502,4,202,211774324,212266240,65536,63,9,22,0.000673256,1,66489.256419
213,223297502,5,196,205486793,206462464,65536,63,9,21,0.000646194,1,66458.193612
213,223297502,6,59,61910108,62403072,65536,63,9,21,0.000642163,1,66454.162559
213,223297502,7,183,191852700,191852800,65536,63,9,19,0.000588272,1,66392.271720
213,223297502,8,53,55623067,56115712,65536,63,9,19,0.000583431,1,66387.430572
213,223297502,9,40,41986401,42968832,65536,52,10,32,0.000987929,1,55707.928746
213,223297502,10,116,121676009,122707712,16384,52,10,29,0.000889434,1,55597.434136
213,223297502,11,95,99667131,100183040,16384,52,10,28,0.000859054,1,55563.053814
214,224346187,0,213,223297502,223297536,65536,48,8,31,0.000950250,1,51314.249824
214,224346187,1,40,41986401,42968832,65536,48,8,29,0.000895310,1,51251.310426
214,224346187,2,116,121676009,122707712,16384,48,8,27,0.000828094,1,51176.093851
214,224346187,3,95,99667131,100183040,16384,48,8,24,0.000736332,1,51072.331840
214,224346187,4,190,199197219,200179968,65536,48,8,20,0.000613064,1,50933.064402
214,224346187,5,119,124811593,125843200,16384,48,8,19,0.000583502,1,50899.502242
214,224346187,6,141,147886989,148868352,65536,48,8,19,0.000582411,1,50898.411182
214,224346187,7,199,208625786,209117952,65536,48,8,17,0.000521105,1,50829.104742
214,224346187,8,195,204438665,204954368,16384,48,8,15,0.000459798,1,50759.798302
214,224346187,9,136,142635942,143680512,4096,25,5,24,0.000735677,1,27135.677283
214,224346187,10,54,56673889,57165568,65536,21,3,23,0.000705024,1,22749.024063
214,224346187,11,63,66113270,66604800,65536,21,3,23,0.000705024,1,22749.024063
214,224346187,12,40,41986401,43017984,16384,48,8,29,0.000895310,1,51251.310426
214,224346187,13,190,199197219,200229120,16384,48,8,20,0.000613064,1,50933.064402
215,225393301,0,40,41986401,42968832,65536,54,8,30,0.000926183,1,57430.183199
215,225393301,1,116,121676009,122707712,16384,54,8,26,0.000797424,1,57285.423708
215,225393301,2,214,224346187,225376768,16384,54,8,21,0.000643718,1,57111.717623
215,225393301,3,199,208625786,209117952,65536,54,8,20,0.000612501,1,57076.501148
215,225393301,4,141,147886989,148868352,65536,54,8,20,0.000612220,1,57076.219909
215,225393301,5,190,199197219,200179968,65536,54,8,20,0.000611677,1,57075.676912
215,225393301,6,213,223297502,223297536,65536,54,8,19,0.000581093,1,57041.093067
215,225393301,7,119,124811593,125843200,16384,54,8,18,0.000552792,1,57008.791598
215,225393301,8,195,204438665,204954368,16384,54,8,18,0.000550745,1,57006.745036
215,225393301,9,136,142635942,143680512,4096,49,13,23,0.000703428,1,52699.428449
215,225393301,10,168,176163948,176164096,1024,27,7,22,0.000684378,1,29380.377528
215,225393301,11,86,90235200,90757632,4096,27,7,17,0.000520706,1,29196.705709
216,226442019,0,195,204438665,204954368,16384,125,23,28,0.000858975,1,131978.974752
216,226442019,1,213,223297502,223297536,65536,92,18,32,0.000981685,1,97685.685431
216,226442019,2,116,121676009,122707712,16384,92,18,28,0.000858975,1,97546.974752
216,226442019,3,40,41986401,42968832,65536,92,18,25,0.000771819,1,97447.819333
216,226442019,4,199,208625786,209117952,65536,92,18,24,0.000736264,1,97408.264073
216,226442019,5,214,224346187,225376768,16384,92,18,23,0.000705586,1,97373.586404
216,226442019,6,190,199197219,200179968,65536,92,18,20,0.000613553,1,97269.553394
216,226442019,7,119,124811593,125843200,16384,92,18,18,0.000552792,1,97200.791598
216,226442019,8,141,147886989,148868352,65536,92,18,18,0.000552198,1,97200.198055
216,226442019,9,136,142635942,143680512,4096,40,8,24,0.000736264,1,42880.264073
216,226442019,10,5,5243475,5759488,16384,36,8,22,0.000777193,1,38817.192920
216,226442019,11,98,102809583,102809600,4096,36,8,22,0.000674909,1,38714.908734
218,228534656,0,217,227488419,228518144,16384,50,8,65,0.001999139,1,54547.138833
219,229584458,0,195,204438665,204954368,16384,45,7,18,0.000553863,1,47665.863196
219,229584458,1,40,41986401,42508288,4096,33,7,25,0.000771819,1,35623.819333
219,229584458,2,136,142635942,143680512,4096,30,6,25,0.000769254,1,32421.254439
219,229584458,3,213,223297502,223297536,65536,24,4,32,0.000984646,1,26264.645681
219,229584458,4,116,121676009,122707712,16384,24,4,29,0.000892335,1,26160.335149
219,229584458,5,199,208625786,209117952,65536,24,4,23,0.000707714,1,25951.714084
219,229584458,6,214,224346187,225376768,16384,24,4,23,0.000707714,1,25951.714084
219,229584458,7,141,147886989,148868352,65536,24,4,19,0.000584633,1,25812.633373
219,229584458,8,119,124811593,125843200,16384,24,4,18,0.000553863,1,25777.863196
219,229584458,9,190,199197219,200179968,65536,24,4,16,0.000492323,1,25708.322841
219,229584458,10,200,209675726,210657280,65536,21,3,27,0.000830795,1,22890.794794
219,229584458,11,212,222249292,223231744,65536,21,3,26,0.000800025,1,22856.024616
220,230627676,0,136,142635942,143680512,4096,54,12,19,0.000582251,1,57554.250552
220,230627676,1,40,41986401,42508288,4096,49,11,29,0.000895310,1,52659.310426
220,230627676,2,219,229584458,230104064,4096,34,8,28,0.000861565,1,36877.564971
220,230627676,3,168,176163948,176164096,1024,34,8,22,0.000684378,1,36676.377528
220,230627676,4,86,90235200,90757632,4096,34,8,18,0.000551606,1,36527.605786
220,230627676,5,116,121676009,122707712,16384,31,7,27,0.000828094,1,33640.093851
220,230627676,6,213,223297502,223297536,65536,31,7,25,0.000766119,1,33570.119147
220,230627676,7,199,208625786,209117952,65536,31,7,21,0.000643540,1,33431.540083
220,230627676,8,190,199197219,200179968,65536,31,7,20,0.000612895,1,33396.895317
220,230627676,9,214,224346187,225376768,16384,31,7,19,0.000582411,1,33362.411182
220,230627676,10,141,147886989,148868352,65536,31,7,17,0.000520961,1,33292.961020
220,230627676,11,195,204438665,204954368,16384,31,7,16,0.000490316,1,33258.316254
221,231673695,0,136,142635942,143680512,4096,63,15,14,0.000432513,1,66984.512589
221,231673695,1,40,41986401,42968832,65536,51,9,21,0.000648769,1,54172.768884
221,231673695,2,116,121676009,122707712,16384,51,9,17,0.000525194,1,54033.193858
221,231673695,3,119,124811593,125843200,16384,51,9,16,0.000494300,1,53998.300102
221,231673695,4,213,223297502,223297536,65536,51,9,16,0.000494300,1,53998.300102
221,231673695,5,214,224346187,225376768,16384,51,9,15,0.000463406,1,53963.406346
221,231673695,6,199,208625786,209117952,65536,51,9,13,0.000401619,1,53893.618833
221,231673695,7,141,147886989,148868352,65536,51,9,12,0.000370725,1,53858.725076
221,231673695,8,190,199197219,200179968,65536,51,9,12,0.000370725,1,53858.725076
221,231673695,9,195,204438665,204954368,16384,51,9,11,0.000339831,1,53823.831320
221,231673695,10,63,66113270,66113280,4096,32,8,15,0.000463406,1,34379.406346
221,231673695,11,219,229584458,230104064,4096,31,7,19,0.000586981,1,33366.981371
222,232720769,0,195,204438665,204954368,16384,78,14,14,0.000428764,1,82212.763935
222,232720769,1,40,41986401,42968832,65536,57,11,29,0.000895310,1,60851.310426
222,232720769,2,213,223297502,223297536,65536,57,11,25,0.000765650,1,60705.649884
222,232720769,3,119,124811593,125843200,16384,57,11,20,0.000614213,1,60534.212886
222,232720769,4,214,224346187,225376768,16384,57,11,20,0.000613064,1,60533.064402
222,232720769,5,221,231673695,232704256,16384,57,11,18,0.000556088,1,60468.087615
222,232720769,6,141,147886989,148868352,65536,57,11,17,0.000520642,1,60428.641921
222,232720769,7,199,208625786,209117952,65536,57,11,17,0.000520642,1,60428.641921
222,232720769,8,190,199197219,200179968,65536,57,11,15,0.000459390,1,60359.389930
222,232720769,9,136,142635942,143680512,4096,38,8,25,0.000765650,1,40865.649884
222,232720769,10,200,209675726,210657280,65536,21,3,29,0.000888807,1,22956.807159
222,232720769,11,54,56673889,57165568,65536,21,3,24,0.000735610,1,22783.609636
223,233768080,0,45,47228198,48260352,16384,21,3,20,0.000612089,1,22644.088753
223,233768080,1,39,40937191,40937216,16384,21,3,17,0.000526936,1,22546.935714
223,233768080,2,113,118538560,118538752,16384,21,3,17,0.000524206,1,22544.205982
223,233768080,3,207,217015871,218046720,16384,21,3,17,0.000520530,1,22540.530329
223,233768080,4,111,116446163,117424640,65536,21,3,16,0.000492202,1,22508.201680
223,233768080,5,206,215970965,216999424,16384,21,3,13,0.000400690,1,22404.690420
223,233768080,6,44,46176335,46669568,65536,21,3,13,0.000400468,1,22404.468240
223,233768080,7,109,114355709,114355712,256,21,3,11,0.000338660,1,22334.659524
223,233768080,8,189,198147847,199193088,4096,18,4,18,0.000549635,1,19629.635103
223,233768080,9,69,72413180,73457664,4096,15,3,20,0.000612539,1,16500.538667
223,233768080,10,100,104910507,104910592,4096,15,3,12,0.000366066,1,16222.065709
223,233768080,11,102,107006226,107522048,16384,12,2,16,0.000489521,1,13161.521187
223,233768080,12,45,47228198,47228416,16384,12,2,20,0.000612089,1,13300.088753
223,233768080,13,207,217015871,218062080,1024,4,2,17,0.000520530,1,5004.530329
223,233768080,14,44,46176335,46694144,16384,21,3,13,0.000400468,1,22404.468240
223,233768080,15,109,114355709,114355712,1024,21,3,11,0.000338660,1,22334.659524
223,233768080,16,69,72413180,73460736,1024,15,3,20,0.000612539,1,16500.538667
223,233768080,17,102,107006226,107528192,4096,12,2,16,0.000489521,1,13161.521187
224,234819972,0,195,204438665,204954368,16384,69,11,18,0.000551133,1,72751.132884
224,234819972,1,221,231673695,232704256,16384,48,8,24,0.000741450,1,51077.450153
224,234819972,2,190,199197219,200179968,65536,48,8,21,0.000642988,1,50966.988365
224,234819972,3,40,41986401,42968832,65536,48,8,20,0.000617455,1,50937.455466
224,234819972,4,213,223297502,223297536,65536,48,8,18,0.000551133,1,50863.132884
224,234819972,5,214,224346187,225376768,16384,48,8,17,0.000521105,1,50829.104742
224,234819972,6,199,208625786,209117952,65536,48,8,17,0.000520626,1,50828.625976
224,234819972,7,119,124811593,125843200,16384,48,8,16,0.000491370,1,50795.370309
224,234819972,8,141,147886989,148868352,65536,48,8,15,0.000459277,1,50759.277404
224,234819972,9,136,142635942,143680512,4096,24,6,17,0.000520514,1,25996.514391
224,234819972,10,200,209675726,210657280,65536,21,3,22,0.000674268,1,22714.267500
224,234819972,11,212,222249292,223231744,65536,21,3,22,0.000673607,1,22713.606859
225,235867814,0,224,234819972,235802112,65536,89,15,29,0.000887936,1,94123.936314
225,235867814,1,221,231673695,232704256,16384,89,15,22,0.000679663,1,93887.662640
225,235867814,2,199,208625786,209117952,65536,89,15,22,0.000673751,1,93881.751263
225,235867814,3,214,224346187,225376768,16384,89,15,21,0.000643718,1,93847.717623
225,235867814,4,40,41986401,42968832,65536,89,15,19,0.000586583,1,93782.582693
225,235867814,5,190,199197219,200179968,65536,89,15,19,0.000581058,1,93777.057525
225,235867814,6,141,147886989,148868352,65536,89,15,17,0.000520387,1,93708.386923
225,235867814,7,213,223297502,223297536,65536,89,15,16,0.000489267,1,93673.266712
225,235867814,8,195,204438665,204954368,16384,89,15,15,0.000458954,1,93638.954196
225,235867814,9,54,56673889,57165568,65536,63,9,20,0.000613008,1,66421.008030
225,235867814,10,63,66113270,66604800,65536,63,9,20,0.000612332,1,66420.332374
225,235867814,11,105,110158158,111142400,65536,63,9,17,0.000525632,1,66321.632305
226,236918564,0,195,204438665,204954368,16384,85,15,16,0.000491567,1,89579.566561
226,236918564,1,212,222249292,223231744,65536,69,11,19,0.000583735,1,72787.735291
226,236918564,2,200,209675726,210657280,65536,69,11,18,0.000553012,1,72753.012381
226,236918564,3,183,191852700,191852800,65536,69,11,17,0.000526348,1,72722.348381
226,236918564,4,196,205486793,206462464,65536,69,11,16,0.000492338,1,72684.337990
226,236918564,5,59,61910108,62403072,65536,69,11,15,0.000460844,1,72648.843651
226,236918564,6,202,211774324,212266240,65536,69,11,15,0.000460844,1,72648.843651
226,236918564,7,53,55623067,56115712,65536,69,11,14,0.000430121,1,72614.120741
226,236918564,8,215,225393301,226376448,65536,69,11,14,0.000430121,1,72614.120741
226,236918564,9,40,41986401,42508288,4096,50,12,21,0.000648328,1,53532.328239
226,236918564,10,136,142635942,143680512,4096,44,12,14,0.000430121,1,47142.120741
226,236918564,11,219,229584458,230104064,4096,35,9,15,0.000461553,1,37577.552663
227,237961713,0,114,119579954,119580160,65536,54,8,25,0.000765580,1,57249.579544
227,237961713,1,209,219110557,219110656,65536,54,8,22,0.000674847,1,57146.846626
227,237961713,2,100,104910507,105897472,65536,54,8,21,0.000643087,1,57111.086817
227,237961713,3,204,213871707,214903552,16384,54,8,21,0.000643087,1,57111.086817
227,237961713,4,99,103862041,104353536,65536,54,8,20,0.000617227,1,57081.226800
227,237961713,5,45,47228198,47719680,65536,54,8,18,0.000551217,1,57007.217271
227,237961713,6,103,108054113,109043456,65536,54,8,18,0.000551217,1,57007.217271
227,237961713,7,69,72413180,73457664,4096,37,9,20,0.000612539,1,39796.538667
227,237961713,8,102,107006226,107529728,1024,14,6,19,0.000581840,1,15825.840453
227,237961713,9,223,233768080,234293504,1024,14,4,10,0.000306232,1,15258.231817
227,237961713,10,189,198147847,199193088,4096,13,3,18,0.000551217,1,14383.217271
227,237961713,11,113,118538560,118538752,16384,12,2,23,0.000709220,1,13409.219858
227,237961713,12,100,104910507,104910592,4096,37,9,21,0.000643087,1,39831.086817
227,237961713,13,204,213871707,214915840,4096,54,8,21,0.000643087,1,57111.086817
227,237961713,14,45,47228198,48260352,16384,12,2,18,0.000551217,1,13231.217271
227,237961713,15,69,72413180,73460736,1024,37,9,20,0.000612539,1,39796.538667
227,237961713,16,102,107006226,107522048,16384,12,2,19,0.000581840,1,13265.840453
228,239008346,0,112,117490417,118522112,16384,28,6,19,0.000581342,1,30161.341982
228,239008346,1,102,107006226,107522048,16384,28,6,14,0.000428331,1,29988.331039
228,239008346,2,209,219110557,219110656,65536,21,3,18,0.000552147,1,22576.147239
228,239008346,3,45,47228198,47719680,65536,21,3,16,0.000489671,1,22505.671002
228,239008346,4,103,108054113,109043456,65536,21,3,16,0.000486781,1,22502.780857
228,239008346,5,99,103862041,104353536,65536,21,3,15,0.000462920,1,22474.920100
228,239008346,6,204,213871707,214903552,16384,21,3,15,0.000459151,1,22471.150877
228,239008346,7,114,119579954,119580160,65536,21,3,15,0.000459123,1,22471.122769
228,239008346,8,100,104910507,105897472,65536,21,3,15,0.000457317,1,22469.317073
228,239008346,9,69,72413180,72413184,16384,12,2,21,0.000643166,1,13335.165600
228,239008346,10,223,233768080,234293504,1024,9,3,14,0.000427077,1,10147.076660
228,239008346,11,118,123764192,124285696,4096,8,2,16,0.000495924,1,9071.924124
228,239008346,12,112,117490417,118534400,4096,28,6,19,0.000581342,1,30161.341982
228,239008346,13,102,107006226,107529728,1024,7,3,14,0.000428331,1,8100.331039
228,239008346,14,45,47228198,47228416,16384,12,2,16,0.000489671,1,13161.671002
228,239008346,15,204,213871707,214915840,4096,21,3,15,0.000459151,1,22471.150877
228,239008346,16,100,104910507,104910592,4096,10,2,15,0.000457317,1,11077.317073
228,239008346,17,69,72413180,73457664,4096,10,2,21,0.000643166,1,11287.165600
229,240064753,0,207,217015871,218046720,16384,36,6,19,0.000581769,1,38353.769191
229,240064753,1,113,118538560,118538752,16384,36,6,18,0.000555042,1,38323.041628
229,240064753,2,206,215970965,216999424,16384,36,6,18,0.000554802,1,38322.802121
229,240064753,3,111,116446163,117424640,65536,36,6,17,0.000522964,1,38286.964285
229,240064753,4,45,47228198,48260352,16384,36,6,16,0.000489671,1,38249.671002
229,240064753,5,39,40937191,40937216,16384,36,6,15,0.000464943,1,38220.943277
229,240064753,6,44,46176335,46669568,65536,36,6,15,0.000462079,1,38218.078738
229,240064753,7,109,114355709,114355712,256,36,6,12,0.000369447,1,38113.446753
229,240064753,8,102,107006226,107522048,16384,30,6,16,0.000489521,1,32105.521187
229,240064753,9,112,117490417,118522112,16384,30,6,15,0.000458954,1,32070.954196
229,240064753,10,69,72413180,73457664,4096,20,4,16,0.000490031,1,21610.030933
229,240064753,11,100,104910507,104910592,4096,20,4,16,0.000488266,1,21608.266349
229,240064753,12,44,46176335,46694144,16384,36,6,15,0.000462079,1,38218.078738
229,240064753,13,109,114355709,114355712,1024,36,6,12,0.000369447,1,38113.446753
229,240064753,14,112,117490417,118534400,4096,30,6,15,0.000458954,1,32070.954196
229,240064753,15,69,72413180,73460736,1024,20,4,16,0.000490031,1,21610.030933
230,241116537,0,40,41986401,42508288,4096,23,5,19,0.000586583,1,24918.582693
230,241116537,1,41,43034573,43556352,4096,18,4,21,0.000652904,1,19744.903868
230,241116537,2,50,52478164,53000448,4096,18,4,19,0.000582590,1,19666.589765
230,241116537,3,67,70308921,70309120,4096,18,4,16,0.000489701,1,19561.700976
230,241116537,4,136,142635942,143158272,4096,18,4,16,0.000489147,1,19561.147050
230,241116537,5,219,229584458,229584640,4096,18,4,15,0.000461553,1,19529.552663
230,241116537,6,224,234819972,234820096,4096,18,4,15,0.000459277,1,19527.277404
230,241116537,7,193,202341339,203385344,4096,18,4,14,0.000428305,1,19492.304831
230,241116537,8,190,199197219,200179968,65536,12,2,21,0.000642221,1,13334.221475
230,241116537,9,214,224346187,225376768,16384,12,2,16,0.000490452,1,13162.451522
230,241116537,10,199,208625786,209117952,65536,12,2,16,0.000490001,1,13162.000919
230,241116537,11,221,231673695,232704256,16384,12,2,14,0.000432513,1,13096.512589
230,241116537,12,136,142635942,143680512,4096,13,3,16,0.000489147,1,14313.147050
231,242172395,0,113,118538560,118538752,16384,33,5,16,0.000493370,1,35053.370336
231,242172395,1,206,215970965,216999424,16384,33,5,14,0.000431513,1,34983.512760
231,242172395,2,111,116446163,117424640,65536,33,5,14,0.000430676,1,34982.676470
231,242172395,3,207,217015871,218046720,16384,33,5,14,0.000428672,1,34980.672035
231,242172395,4,45,47228198,48260352,16384,33,5,14,0.000428462,1,34980.462127
231,242172395,5,39,40937191,40937216,16384,33,5,13,0.000402951,1,34950.950840
231,242172395,6,44,46176335,46669568,65536,33,5,13,0.000400468,1,34948.468240
231,242172395,7,229,240064753,240064768,65536,33,5,10,0.000305288,1,34841.287581
231,242172395,8,109,114355709,114355712,1024,33,5,9,0.000277085,1,34809.085065
231,242172395,9,118,123764192,124285696,4096,10,2,11,0.000340948,1,10944.947835
231,242172395,10,31,32531029,33055744,1024,8,2,15,0.000457931,1,9029.931371
231,242172395,11,223,233768080,234293504,1024,6,2,11,0.000335816,1,6843.816339
231,242172395,12,207,217015871,218062080,1024,3,1,14,0.000428672,1,3748.672035
231,242172395,13,44,46176335,46694144,16384,33,5,13,0.000400468,1,34948.468240
231,242172395,14,109,114355709,114355712,4096,33,5,9,0.000277085,1,34809.085065
232,243222974,0,40,41986401,42508288,4096,51,13,12,0.000370473,1,54370.473280
232,243222974,1,136,142635942,143680512,4096,45,11,17,0.000519719,1,48139.718740
232,243222974,2,168,176163948,176164096,1024,40,10,15,0.000466621,1,42830.621041
232,243222974,3,219,229584458,230104064,4096,40,10,15,0.000461553,1,42825.552663
232,243222974,4,86,90235200,90757632,4096,40,10,10,0.000306297,1,42650.297476
232,243222974,5,195,204438665,204954368,16384,39,7,19,0.000581342,1,41553.341982
232,243222974,6,222,232720769,233236224,16384,28,6,15,0.000459390,1,30023.389930
232,243222974,7,121,126906949,127430912,1024,24,8,12,0.000369504,1,26081.503633
232,243222974,8,212,222249292,223231744,65536,24,4,19,0.000581680,1,25809.680137
232,243222974,9,200,209675726,210657280,65536,24,4,16,0.000490376,1,25706.376364
232,243222974,10,215,225393301,226376448,65536,24,4,14,0.000428174,1,25636.173839
232,243222974,11,196,205486793,206462464,65536,24,4,13,0.000400025,1,25604.024617
233,244274074,0,195,204438665,204954368,16384,84,14,14,0.000428357,1,88356.357250
233,244274074,1,212,222249292,223231744,65536,45,7,20,0.000612295,1,47732.294881
233,244274074,2,202,211774324,212266240,65536,45,7,18,0.000550846,1,47662.846161
233,244274074,3,215,225393301,226376448,65536,45,7,18,0.000550509,1,47662.509221
233,244274074,4,196,205486793,206462464,65536,45,7,15,0.000461567,1,47561.566866
233,244274074,5,53,55623067,56115712,65536,45,7,15,0.000460603,1,47560.603083
233,244274074,6,200,209675726,210657280,65536,45,7,15,0.000459728,1,47559.727841
233,244274074,7,59,61910108,62403072,65536,45,7,13,0.000397529,1,47489.529203
233,244274074,8,183,191852700,191852800,65536,45,7,11,0.000340578,1,47424.578364
233,244274074,9,141,147886989,148868352,65536,39,7,20,0.000612220,1,41588.219909
233,244274074,10,40,41986401,42968832,65536,39,7,17,0.000524837,1,41488.837146
233,244274074,11,214,224346187,225376768,16384,39,7,16,0.000490452,1,41450.451522
234,245326624,0,40,41986401,42508288,4096,41,9,26,0.000802692,1,44106.692106
234,245326624,1,136,142635942,143680512,4096,36,8,18,0.000550290,1,38574.290431
234,245326624,2,195,204438665,204954368,16384,24,4,20,0.000611939,1,25843.938928
234,245326624,3,219,229584458,230104064,4096,23,5,19,0.000584633,1,24916.633373
234,245326624,4,168,176163948,176164096,1024,23,5,18,0.000559945,1,24887.945250
234,245326624,5,86,90235200,90757632,4096,23,5,16,0.000490076,1,24810.075962
234,245326624,6,50,52478164,53000448,4096,18,4,23,0.000705240,1,19805.240242
234,245326624,7,67,70308921,70309120,4096,18,4,22,0.000673339,1,19769.338842
234,245326624,8,41,43034573,43556352,4096,18,4,20,0.000621813,1,19709.813207
234,245326624,9,193,202341339,203385344,4096,18,4,20,0.000611864,1,19699.864044
234,245326624,10,224,234819972,234820096,4096,18,4,18,0.000551133,1,19631.132884
234,245326624,11,63,66113270,66113280,4096,13,3,19,0.000581716,1,14417.715755
235,246375727,0,189,198147847,199193088,4096,26,6,12,0.000366423,1,27870.423402
235,246375727,1,207,217015871,218046720,16384,12,2,19,0.000581769,1,13265.769191
235,246375727,2,113,118538560,118538752,16384,12,2,18,0.000555042,1,13235.041628
235,246375727,3,206,215970965,216999424,16384,12,2,18,0.000554802,1,13234.802121
235,246375727,4,111,116446163,117424640,65536,12,2,18,0.000553727,1,13233.726890
235,246375727,5,45,47228198,48260352,16384,12,2,14,0.000428462,1,13092.462127
235,246375727,6,39,40937191,40937216,16384,12,2,13,0.000402951,1,13062.950840
235,246375727,7,44,46176335,46669568,65536,12,2,13,0.000400468,1,13060.468240
235,246375727,8,109,114355709,114355712,1024,12,2,13,0.000400234,1,13060.233983
235,246375727,9,229,240064753,240064768,65536,12,2,10,0.000305166,1,12953.166468
235,246375727,10,69,72413180,73457664,4096,10,2,17,0.000520658,1,11148.657867
235,246375727,11,100,104910507,104910592,4096,10,2,14,0.000426829,1,11042.829268
235,246375727,12,44,46176335,46694144,16384,12,2,13,0.000400468,1,13060.468240
235,246375727,13,109,114355709,114355712,4096,12,2,13,0.000400234,1,13060.233983
235,246375727,14,69,72413180,73460736,1024,10,2,17,0.000520658,1,11148.657867
236,247430483,0,195,204438665,204954368,16384,69,11,16,0.000491144,1,72683.144059
236,247430483,1,40,41986401,42968832,65536,57,9,22,0.000679201,1,60351.201013
236,247430483,2,199,208625786,209117952,65536,57,9,22,0.000675323,1,60347.323081
236,247430483,3,190,199197219,200179968,65536,57,9,21,0.000644627,1,60312.626577
236,247430483,4,214,224346187,225376768,16384,57,9,21,0.000644627,1,60312.626577
236,247430483,5,213,223297502,223297536,65536,57,9,19,0.000583234,1,60243.233570
236,247430483,6,141,147886989,148868352,65536,57,9,18,0.000552537,1,60208.537066
236,247430483,7,224,234819972,235802112,65536,57,9,17,0.000521841,1,60173.840562
236,247430483,8,221,231673695,232704256,16384,57,9,14,0.000432513,1,60072.512589
236,247430483,9,5,5243475,5759488,16384,30,6,19,0.000671212,1,32299.212068
236,247430483,10,61,64013943,64530688,16384,30,6,21,0.000644627,1,32280.626577
236,247430483,11,98,102809583,102809600,4096,30,6,21,0.000644627,1,32280.626577
237,248479027,0,195,204438665,204954368,16384,99,15,15,0.000466171,1,103886.171489
237,248479027,1,40,41986401,42508288,4096,78,18,24,0.000745874,1,83081.874382
237,248479027,2,199,208625786,209117952,65536,78,12,26,0.000808031,1,82384.030581
237,248479027,3,190,199197219,200179968,65536,78,12,23,0.000714796,1,82278.796283
237,248479027,4,224,234819972,235802112,65536,78,12,23,0.000714796,1,82278.796283
237,248479027,5,214,224346187,225376768,16384,78,12,21,0.000652640,1,82208.640085
237,248479027,6,213,223297502,223297536,65536,78,12,20,0.000621562,1,82173.561985
237,248479027,7,141,147886989,148868352,65536,78,12,18,0.000559406,1,82103.405787
237,248479027,8,221,231673695,232704256,16384,78,12,17,0.000528328,1,82068.327687
237,248479027,9,136,142635942,143680512,4096,64,14,23,0.000714796,1,68198.796283
237,248479027,10,86,90235200,90757632,4096,49,11,22,0.000683718,1,52419.718184
237,248479027,11,168,176163948,176164096,1024,49,11,19,0.000591053,1,52315.053319
238,249525609,0,81,84989531,86021632,16384,29,5,25,0.000764994,1,31264.993880
238,249525609,1,122,127956076,127956224,1024,29,5,12,0.000368618,1,30816.618296
238,249525609,2,89,93379564,94411520,16384,27,5,20,0.000612614,1,29044.613716
238,249525609,3,195,204438665,204954368,16384,24,4,17,0.000520196,1,25740.195838
238,249525609,4,96,100715632,100715776,1024,22,8,21,0.000645320,1,24345.319894
238,249525609,5,136,142635942,143680512,4096,21,5,19,0.000581395,1,22865.395349
238,249525609,6,121,126906949,127430912,1024,20,6,19,0.000585047,1,21973.047420
238,249525609,7,63,66113270,66113280,4096,16,4,27,0.000826649,1,17894.648705
238,249525609,8,232,243222974,243223040,256,16,4,14,0.000428397,1,17444.396573
238,249525609,9,200,209675726,210657280,65536,12,2,26,0.000796862,1,13508.861591
238,249525609,10,40,41986401,42968832,65536,12,2,25,0.000771819,1,13479.819333
238,249525609,11,77,80797080,81780480,65536,12,2,24,0.000736920,1,13440.919676
239,250573740,0,206,215970965,216999424,16384,41,7,18,0.000554802,1,43570.802121
239,250573740,1,111,116446163,117424640,65536,41,7,18,0.000553727,1,43569.726890
239,250573740,2,45,47228198,48260352,16384,41,7,17,0.000520275,1,43532.275440
239,250573740,3,113,118538560,118538752,16384,41,7,16,0.000493370,1,43501.370336
239,250573740,4,44,46176335,46669568,65536,41,7,16,0.000492884,1,43500.883987
239,250573740,5,207,217015871,218046720,16384,41,7,16,0.000489911,1,43497.910897
239,250573740,6,229,240064753,240064768,65536,41,7,16,0.000489446,1,43497.446314
239,250573740,7,39,40937191,40937216,16384,41,7,14,0.000433947,1,43433.947058
239,250573740,8,109,114355709,114355712,1024,41,7,12,0.000369447,1,43361.446753
239,250573740,9,69,72413180,73457664,4096,14,4,14,0.000428777,1,15396.777067
239,250573740,10,100,104910507,104910592,4096,14,4,14,0.000428266,1,15396.265525
239,250573740,11,189,198147847,199193088,4096,13,3,15,0.000458856,1,14278.855919
239,250573740,12,45,47228198,47744256,16384,5,1,17,0.000520275,1,5900.275440
239,250573740,13,44,46176335,46694144,16384,41,7,16,0.000492884,1,43500.883987
239,250573740,14,109,114355709,114355712,4096,41,7,12,0.000369447,1,43361.446753
239,250573740,15,69,72413180,73460736,1024,14,4,14,0.000428777,1,15396.777067
240,251621366,0,136,142635942,143680512,4096,37,9,18,0.000550290,1,39726.290431
240,251621366,1,40,41986401,42508288,4096,28,6,25,0.000771819,1,30375.819333
240,251621366,2,63,66113270,66113280,4096,27,7,17,0.000520483,1,29196.482518
240,251621366,3,232,243222974,243223040,256,27,7,11,0.000336237,1,28988.237200
240,251621366,4,190,199197219,200179968,65536,24,4,22,0.000672803,1,25912.803450
240,251621366,5,214,224346187,225376768,16384,24,4,18,0.000551758,1,25775.757962
240,251621366,6,199,208625786,209117952,65536,24,4,18,0.000551251,1,25775.251034
240,251621366,7,213,223297502,223297536,65536,24,4,18,0.000550425,1,25774.425050
240,251621366,8,141,147886989,148868352,65536,24,4,17,0.000520387,1,25740.386923
240,251621366,9,195,204438665,204954368,16384,24,4,15,0.000458954,1,25670.954196
240,251621366,10,224,234819972,235802112,65536,24,4,14,0.000428659,1,25636.658910
240,251621366,11,221,231673695,232704256,16384,24,4,13,0.000401619,1,25605.618833
241,252671310,0,195,204438665,204954368,16384,118,22,15,0.000460391,1,124232.391025
241,252671310,1,40,41986401,42968832,65536,106,20,25,0.000771819,1,112039.819333
241,252671310,2,213,223297502,223297536,65536,106,20,22,0.000675240,1,111931.240171
241,252671310,3,214,224346187,225376768,16384,106,20,22,0.000675240,1,111931.240171
241,252671310,4,190,199197219,200179968,65536,106,20,19,0.000583162,1,111827.161966
241,252671310,5,199,208625786,209117952,65536,106,20,19,0.000583162,1,111827.161966
241,252671310,6,224,234819972,235802112,65536,106,20,18,0.000552469,1,111792.469231
241,252671310,7,141,147886989,148868352,65536,106,20,16,0.000491084,1,111723.083760
241,252671310,8,221,231673695,232704256,16384,106,20,15,0.000463406,1,111691.406346
241,252671310,9,136,142635942,143680512,4096,58,12,19,0.000583162,1,61651.161966
241,252671310,10,168,176163948,176164096,1024,40,8,18,0.000559945,1,42679.945250
241,252671310,11,219,229584458,230104064,4096,40,8,18,0.000553863,1,42673.863196
242,253718215,0,195,204438665,204954368,16384,107,17,18,0.000550745,1,112430.745036
242,253718215,1,40,41986401,42968832,65536,86,14,33,0.001018802,1,91070.801519
242,253718215,2,199,208625786,209117952,65536,86,14,31,0.000949377,1,90993.376780
242,253718215,3,224,234819972,235802112,65536,86,14,25,0.000765462,1,90785.462339
242,253718215,4,213,223297502,223297536,65536,86,14,24,0.000733900,1,90749.900067
242,253718215,5,141,147886989,148868352,65536,86,14,19,0.000581609,1,90577.608914
242,253718215,6,190,199197219,200179968,65536,86,14,18,0.000550476,1,90542.475550
242,253718215,7,214,224346187,225376768,16384,86,14,17,0.000521105,1,90509.104742
242,253718215,8,221,231673695,232704256,16384,86,14,16,0.000494300,1,90478.300102
242,253718215,9,136,142635942,143680512,4096,82,20,22,0.000672577,1,87352.577194
242,253718215,10,219,229584458,230104064,4096,45,11,27,0.000830795,1,48490.794794
242,253718215,11,86,90235200,90757632,4096,45,11,21,0.000643225,1,48279.224700
243,254771951,0,195,204438665,204954368,16384,45,7,13,0.000399153,1,47491.152568
243,254771951,1,199,208625786,209142528,16384,36,6,25,0.000767601,1,38563.601093
243,254771951,2,40,41986401,42508288,4096,29,7,26,0.000802692,1,31562.692106
243,254771951,3,136,142635942,143680512,4096,27,7,23,0.000706193,1,29406.193006
243,254771951,4,214,224346187,225376768,16384,24,4,21,0.000644785,1,25880.784918
243,254771951,5,141,147886989,148868352,65536,24,4,19,0.000583377,1,25811.376831
243,254771951,6,213,223297502,223297536,65536,24,4,19,0.000583377,1,25811.376831
243,254771951,7,224,234819972,235802112,65536,24,4,17,0.000521969,1,25741.968743
243,254771951,8,190,199197219,200179968,65536,24,4,16,0.000491265,1,25707.264700
243,254771951,9,221,231673695,232704256,16384,24,4,14,0.000432513,1,25640.512589
243,254771951,10,63,66113270,66604800,65536,21,3,24,0.000736897,1,22784.897049
243,254771951,11,200,209675726,210657280,65536,21,3,22,0.000675489,1,22715.488962
244,255816879,0,40,41986401,42968832,65536,114,20,39,0.001204745,1,120720.744841
244,255816879,1,213,223297502,223297536,65536,114,20,27,0.000834054,1,120302.054121
244,255816879,2,141,147886989,148868352,65536,114,20,24,0.000741381,1,120197.381441
244,255816879,3,190,199197219,200179968,65536,114,20,24,0.000741381,1,120197.381441
244,255816879,4,214,224346187,225376768,16384,114,20,24,0.000741381,1,120197.381441
244,255816879,5,199,208625786,209117952,65536,114,20,22,0.000679600,1,120127.599654
244,255816879,6,224,234819972,235802112,65536,114,20,22,0.000679600,1,120127.599654
244,255816879,7,195,204438665,204954368,16384,114,20,18,0.000556036,1,119988.036081
244,255816879,8,221,231673695,232704256,16384,114,20,16,0.000494300,1,119918.300102
244,255816879,9,136,142635942,143680512,4096,67,17,25,0.000772272,1,71720.272334
244,255816879,10,63,66113270,66113280,4096,39,11,32,0.000988509,1,42524.508588
244,255816879,11,232,243222974,243223040,256,39,11,12,0.000370691,1,41826.690720
245,256863920,0,40,41986401,42508288,4096,84,20,36,0.001118846,1,89902.846345
245,256863920,1,136,142635942,143680512,4096,81,17,21,0.000652660,1,85920.660368
245,256863920,2,213,223297502,223297536,65536,71,11,36,0.001118846,1,75438.846345
245,256863920,3,199,208625786,209117952,65536,71,11,32,0.000994530,1,75298.530085
245,256863920,4,224,234819972,235802112,65536,71,11,27,0.000839135,1,75123.134759
245,256863920,5,214,224346187,225376768,16384,71,11,24,0.000745898,1,75017.897563
245,256863920,6,221,231673695,232704256,16384,71,11,24,0.000745898,1,75017.897563
245,256863920,7,190,199197219,200179968,65536,71,11,22,0.000683739,1,74947.739433
245,256863920,8,141,147886989,148868352,65536,71,11,20,0.000621581,1,74877.581303
245,256863920,9,195,204438665,204954368,16384,71,11,20,0.000621581,1,74877.581303
245,256863920,10,215,225393301,226376448,65536,61,9,33,0.001025609,1,64837.609150
245,256863920,11,243,254771951,254771968,65536,61,9,33,0.001025609,1,64837.609150
246,257912791,0,40,41986401,42508288,4096,132,32,43,0.001333954,1,140833.953777
246,257912791,1,136,142635942,143680512,4096,112,28,25,0.000775555,1,119211.554521
246,257912791,2,200,209675726,210657280,65536,108,18,38,0.001178843,1,114290.842873
246,257912791,3,199,208625786,209142528,16384,108,18,36,0.001116799,1,114220.798511
246,257912791,4,59,61910108,62403072,65536,108,18,35,0.001085776,1,114185.776330
246,257912791,5,243,254771951,254771968,65536,108,18,34,0.001054754,1,114150.754149
246,257912791,6,53,55623067,56115712,65536,108,18,29,0.000899643,1,113975.643245
246,257912791,7,202,211774324,212266240,65536,108,18,29,0.000899643,1,113975.643245
246,257912791,8,212,222249292,223231744,65536,108,18,29,0.000899643,1,113975.643245
246,257912791,9,234,245326624,245326848,65536,108,18,26,0.000806577,1,113870.576702
246,257912791,10,215,225393301,226376448,65536,108,18,25,0.000775555,1,113835.554521
246,257912791,11,196,205486793,206462464,65536,108,18,23,0.000713510,1,113765.510160
247,258960628,0,246,257912791,257912832,16384,90,16,52,0.001613153,1,96093.153405
247,258960628,1,245,256863920,257355520,65536,90,16,37,0.001149925,1,95569.925410
247,258960628,2,199,208625786,209117952,65536,90,16,32,0.000980002,1,95380.001838
247,258960628,3,213,223297502,223297536,65536,90,16,29,0.000888099,1,95276.099467
247,258960628,4,40,41986401,42968832,65536,90,16,26,0.000802692,1,95178.692106
247,258960628,5,214,224346187,225376768,16384,90,16,24,0.000735677,1,95103.677283
247,258960628,6,224,234819972,235802112,65536,90,16,19,0.000581858,1,94929.858272
247,258960628,7,195,204438665,204954368,16384,90,16,18,0.000551234,1,94895.234152
247,258960628,8,221,231673695,232704256,16384,90,16,14,0.000432513,1,94760.512589
247,258960628,9,136,142635942,143680512,4096,49,11,26,0.000796227,1,52548.227108
247,258960628,10,63,66113270,66113280,4096,34,8,30,0.000918724,1,36942.723587
247,258960628,11,232,243222974,243223040,256,34,8,15,0.000459362,1,36423.361793
248,260009461,0,246,257912791,258944000,16384,60,10,47,0.001458043,1,64430.042500
248,260009461,1,136,142635942,143680512,4096,56,12,23,0.000705868,1,59741.867911
248,260009461,2,40,41986401,42508288,4096,46,10,23,0.000710074,1,49250.073786
248,260009461,3,247,258960628,259476736,16384,36,6,66,0.002025534,1,39985.534004
248,260009461,4,245,256863920,257355520,65536,36,6,33,0.001025609,1,38853.609150
248,260009461,5,213,223297502,223297536,65536,36,6,27,0.000828628,1,38632.627547
248,260009461,6,199,208625786,209117952,65536,36,6,25,0.000767248,1,38563.247729
248,260009461,7,221,231673695,232704256,16384,36,6,23,0.000710556,1,38498.556397
248,260009461,8,214,224346187,225376768,16384,36,6,18,0.000552418,1,38320.418365
248,260009461,9,224,234819972,235802112,65536,36,6,18,0.000552418,1,38320.418365
248,260009461,10,219,229584458,230104064,4096,28,6,30,0.000923105,1,30547.105326
248,260009461,11,63,66113270,66113280,4096,28,6,22,0.000675178,1,30267.178001
249,261059021,0,246,257912791,258944000,16384,57,9,38,0.001178843,1,60914.842873
249,261059021,1,245,256863920,257355520,65536,36,6,39,0.001212084,1,39064.083541
249,261059021,2,248,260009461,260525824,16384,36,6,32,0.000982077,1,38806.077093
249,261059021,3,213,223297502,223297536,65536,36,6,28,0.000856217,1,38664.216745
249,261059021,4,199,208625786,209117952,65536,36,6,25,0.000765626,1,38561.626436
249,261059021,5,247,258960628,259476736,16384,36,6,25,0.000765603,1,38561.602989
249,261059021,6,40,41986401,42968832,65536,36,6,22,0.000679201,1,38463.201013
249,261059021,7,224,234819972,235802112,65536,36,6,21,0.000642988,1,38422.988365
249,261059021,8,214,224346187,225376768,16384,36,6,15,0.000459798,1,38215.798302
249,261059021,9,221,231673695,232704256,16384,36,6,13,0.000401619,1,38149.618833
249,261059021,10,5,5243475,5759488,16384,34,6,22,0.000777193,1,36513.192920
249,261059021,11,98,102809583,102809600,4096,34,6,25,0.000763662,1,36511.661912
250,262114976,0,115,120628164,121671680,4096,45,11,19,0.000591661,1,48219.660698
250,262114976,1,13,13641602,13641728,16384,45,7,13,0.000396668,1,47488.667989
250,262114976,2,16,16797859,16797952,4096,42,10,19,0.000582268,1,45010.268395
250,262114976,3,157,164645993,165691136,1024,34,10,18,0.000552503,1,36784.503146
250,262114976,4,174,182438310,182438400,65536,33,5,21,0.000648448,1,35228.448356
250,262114976,5,2,2097908,3080960,65536,33,5,19,0.000625700,1,35197.699796
250,262114976,6,172,180343252,180343296,65536,33,5,18,0.000553676,1,35121.675792
250,262114976,7,171,179295928,179786752,65536,33,5,17,0.000523238,1,35087.237919
250,262114976,8,187,196050495,196540416,65536,33,5,16,0.000491385,1,35051.385400
250,262114976,9,170,178243750,178243840,16384,33,5,15,0.000457694,1,35013.693833
250,262114976,10,163,170930787,171420416,65536,29,5,18,0.000552452,1,31024.452274
250,262114976,11,166,174073824,175045632,65536,29,5,15,0.000463836,1,30923.836235
251,263175200,0,246,257912791,258944000,16384,90,14,23,0.000713510,1,94821.510160
251,263175200,1,200,209675726,210657280,65536,63,9,28,0.000858159,1,66698.158637
251,263175200,2,234,245326624,245326848,65536,63,9,24,0.000733160,1,66557.160226
251,263175200,3,53,55623067,56115712,65536,63,9,23,0.000706258,1,66526.258061
251,263175200,4,212,222249292,223231744,65536,63,9,23,0.000704139,1,66524.139113
251,263175200,5,202,211774324,212266240,65536,63,9,23,0.000703859,1,66523.858983
251,263175200,6,59,61910108,62403072,65536,63,9,23,0.000703321,1,66523.320898
251,263175200,7,243,254771951,254771968,65536,63,9,22,0.000675489,1,66491.488962
251,263175200,8,215,225393301,226376448,65536,63,9,21,0.000642261,1,66454.260758
251,263175200,9,40,41986401,42508288,4096,59,13,27,0.000833565,1,63085.564879
251,263175200,10,136,142635942,143680512,4096,49,11,27,0.000825436,1,52581.435647
251,263175200,11,81,84989531,86021632,16384,47,9,19,0.000581093,1,50001.093067
252,264225800,0,118,123764192,124285696,4096,29,7,17,0.000526919,1,31250.919381
252,264225800,1,102,107006226,107522048,16384,29,5,19,0.000581306,1,31057.306410
252,264225800,2,69,72413180,73457664,4096,28,6,20,0.000612539,1,30196.538667
252,264225800,3,100,104910507,104910592,4096,28,6,16,0.000489072,1,30057.072291
252,264225800,4,111,116446163,117424640,65536,24,4,23,0.000707540,1,25951.539914
252,264225800,5,113,118538560,118538752,16384,24,4,22,0.000678384,1,25918.384212
252,264225800,6,206,215970965,216999424,16384,24,4,21,0.000647269,1,25883.269141
252,264225800,7,239,250573740,250573824,16384,24,4,19,0.000581217,1,25809.217498
252,264225800,8,39,40937191,40937216,16384,24,4,18,0.000557932,1,25781.931932
252,264225800,9,207,217015871,218046720,16384,24,4,18,0.000551150,1,25775.149760
252,264225800,10,45,47228198,48260352,16384,24,4,16,0.000489671,1,25705.671002
252,264225800,11,44,46176335,46669568,65536,24,4,15,0.000462079,1,25674.078738
252,264225800,12,102,107006226,107528192,4096,12,2,19,0.000581306,1,13265.306410
252,264225800,13,69,72413180,73460736,1024,28,6,20,0.000612539,1,30196.538667
252,264225800,14,239,250573740,250573824,4096,5,1,19,0.000581217,1,5969.217498
252,264225800,15,44,46176335,46694144,16384,24,4,15,0.000462079,1,25674.078738
253,265275642,0,207,217015871,218046720,16384,28,6,32,0.000984343,1,30616.342797
253,265275642,1,206,215970965,216999424,16384,28,6,30,0.000924670,1,30548.670201
253,265275642,2,113,118538560,118538752,16384,28,6,26,0.000801727,1,30409.726796
253,265275642,3,111,116446163,117424640,65536,28,6,24,0.000738303,1,30338.302519
253,265275642,4,39,40937191,40937216,16384,28,6,23,0.000712913,1,30308.913025
253,265275642,5,44,46176335,46669568,65536,28,6,20,0.000616105,1,30200.104984
253,265275642,6,45,47228198,48260352,16384,28,6,18,0.000553693,1,30129.692824
253,265275642,7,109,114355709,114355712,4096,28,6,17,0.000523383,1,30095.382901
253,265275642,8,239,250573740,250573824,16384,28,6,15,0.000461411,1,30025.410686
253,265275642,9,229,240064753,240064768,65536,28,6,14,0.000430650,1,29990.649974
253,265275642,10,100,104910507,104910592,4096,21,5,21,0.000645975,1,22937.974961
253,265275642,11,69,72413180,73457664,4096,21,5,20,0.000615214,1,22903.214248
253,265275642,12,44,46176335,46694144,16384,28,6,20,0.000616105,1,30200.104984
253,265275642,13,109,114355709,114355712,16384,28,6,17,0.000523383,1,30095.382901
253,265275642,14,69,72413180,73460736,1024,21,5,20,0.000615214,1,22903.214248
254,266318882,0,246,257912791,258944000,16384,65,11,26,0.000806577,1,68942.576702
254,266318882,1,40,41986401,42508288,4096,41,9,17,0.000524837,1,43792.837146
254,266318882,2,213,223297502,223297536,65536,39,7,22,0.000673978,1,41657.978310
254,266318882,3,245,256863920,257355520,65536,39,7,21,0.000652660,1,41632.660368
254,266318882,4,214,224346187,225376768,16384,39,7,20,0.000613064,1,41589.064402
254,266318882,5,247,258960628,259476736,16384,39,7,18,0.000551437,1,41519.436799
254,266318882,6,224,234819972,235802112,65536,39,7,16,0.000490166,1,41450.166044
254,266318882,7,248,260009461,260525824,16384,39,7,15,0.000460349,1,41416.348637
254,266318882,8,199,208625786,209117952,65536,39,7,14,0.000428895,1,41380.895288
254,266318882,9,221,231673695,232704256,16384,39,7,13,0.000401619,1,41349.618833
254,266318882,10,251,263175200,263175424,1024,23,5,24,0.000735249,1,25087.249066
254,266318882,11,136,142635942,143680512,4096,23,5,20,0.000612708,1,24948.707555
255,267368621,0,40,41986401,42508288,4096,64,16,21,0.000648328,1,68380.328239
255,267368621,1,41,43034573,43556352,4096,51,13,22,0.000683995,1,54723.994528
255,267368621,2,50,52478164,53000448,4096,51,13,19,0.000582590,1,54610.589765
255,267368621,3,254,266318882,266841600,4096,51,13,18,0.000551640,1,54575.639595
255,267368621,4,219,229584458,229584640,4096,51,13,17,0.000523093,1,54543.093018
255,267368621,5,67,70308921,70309120,4096,51,13,16,0.000490346,1,54506.346307
255,267368621,6,193,202341339,203385344,4096,51,13,16,0.000490346,1,54506.346307
255,267368621,7,136,142635942,143158272,4096,51,13,15,0.000459700,1,54471.699663
255,267368621,8,224,234819972,234820096,4096,51,13,15,0.000459700,1,54471.699663
255,267368621,9,246,257912791,258944000,16384,27,5,21,0.000651466,1,29087.465798
255,267368621,10,81,84989531,86021632,16384,27,5,14,0.000429053,1,28837.053019
255,267368621,11,122,127956076,127956224,1024,27,5,12,0.000368618,1,28768.618296
256,268414674,0,5,5243475,5759488,16384,51,11,21,0.000741866,1,54521.865970
256,268414674,1,199,208625786,208625920,4096,51,11,22,0.000673751,1,54457.751263
256,268414674,2,136,142635942,143152128,16384,51,11,22,0.000672577,1,54456.577194
256,268414674,3,61,64013943,64530688,16384,51,11,21,0.000641515,1,54421.515198
256,268414674,4,98,102809583,102809600,4096,51,11,21,0.000641476,1,54421.476006
256,268414674,5,78,81846058,82362624,16384,51,11,18,0.000553965,1,54321.965469
256,268414674,6,198,207577877,208560128,65536,24,4,17,0.000520180,1,25740.179921
256,268414674,7,40,41986401,42508288,4096,23,5,23,0.000710074,1,25058.073786
256,268414674,8,246,257912791,257912832,4096,21,5,28,0.000868621,1,23188.621064
256,268414674,9,63,66113270,66113280,4096,21,5,23,0.000704182,1,23004.182230
256,268414674,10,232,243222974,243223040,256,21,5,12,0.000366379,1,22622.378652
256,268414674,11,121,126906949,127430912,1024,17,7,14,0.000431088,1,18855.087572
257,269464779,0,40,41986401,42508288,4096,71,17,28,0.000864438,1,75920.437652
257,269464779,1,136,142635942,143680512,4096,65,15,17,0.000520467,1,69132.466583
257,269464779,2,251,263175200,263175424,1024,42,10,28,0.000857239,1,45321.239078
257,269464779,3,219,229584458,230104064,4096,42,10,21,0.000646174,1,45082.173728
257,269464779,4,168,176163948,176164096,1024,42,10,17,0.000528837,1,44948.837180
257,269464779,5,86,90235200,90757632,4096,42,10,15,0.000459446,1,44871.446214
257,269464779,6,254,266318882,266841600,4096,29,7,23,0.000704614,1,31452.613688
257,269464779,7,193,202341339,203385344,4096,29,7,22,0.000673545,1,31417.544990
257,269464779,8,50,52478164,53000448,4096,29,7,21,0.000643915,1,31383.915003
257,269464779,9,245,256863920,257355520,65536,29,5,28,0.000870214,1,31382.213824
257,269464779,10,41,43034573,43556352,4096,29,7,19,0.000590723,1,31322.722547
257,269464779,11,224,234819972,234820096,4096,29,7,19,0.000581751,1,31313.751378
258,270512944,0,136,142635942,143680512,4096,28,6,23,0.000703149,1,30299.148884
258,270512944,1,247,258960628,259476736,16384,24,4,26,0.000796227,1,26052.227108
258,270512944,2,246,257912791,257912832,16384,24,4,25,0.000775555,1,26027.554521
258,270512944,3,199,208625786,209117952,65536,24,4,25,0.000765626,1,26017.626436
258,270512944,4,40,41986401,42968832,65536,24,4,24,0.000740947,1,25988.946559
258,270512944,5,245,256863920,257355520,65536,24,4,23,0.000714818,1,25958.818498
258,270512944,6,213,223297502,223297536,65536,24,4,21,0.000642163,1,25878.162559
258,270512944,7,248,260009461,260525824,16384,24,4,20,0.000613798,1,25845.798183
258,270512944,8,214,224346187,225376768,16384,24,4,20,0.000613064,1,25845.064402
258,270512944,9,224,234819972,235802112,65536,24,4,14,0.000428659,1,25636.658910
258,270512944,10,221,231673695,232704256,16384,24,4,13,0.000401619,1,25605.618833
258,270512944,11,63,66113270,66113280,4096,15,3,30,0.000918499,1,16846.498561
259,271563651,0,115,120628164,121671680,4096,43,9,25,0.000778501,1,46126.500919
259,271563651,1,157,164645993,165691136,1024,37,9,23,0.000705976,1,39901.976242
259,271563651,2,144,151029951,151548160,4096,33,7,12,0.000377881,1,35177.881345
259,271563651,3,16,16797859,16797952,4096,30,6,19,0.000582375,1,32210.375479
259,271563651,4,163,170930787,171420416,65536,27,5,23,0.000705911,1,29149.911239
259,271563651,5,166,174073824,175045632,65536,27,5,21,0.000649371,1,29085.370729
259,271563651,6,169,177194672,178227200,16384,27,5,20,0.000613027,1,29045.026820
259,271563651,7,2,2097908,2097920,16384,27,5,17,0.000559837,1,28979.836659
259,271563651,8,145,152070567,153052928,65536,27,5,15,0.000459770,1,28871.770115
259,271563651,9,159,166741011,166741248,4096,27,5,12,0.000367816,1,28767.816092
259,271563651,10,1,1048219,1048320,65536,27,5,10,0.000334526,1,28726.526478
259,271563651,11,3,3146668,4129792,65536,27,5,10,0.000310907,1,28702.906604
260,272612496,0,259,271563651,272546816,65536,108,16,129,0.003954023,1,117174.022989
260,272612496,1,163,170930787,171420416,65536,56,12,15,0.000460377,1,59464.376895
260,272612496,2,159,166741011,166741248,4096,56,12,14,0.000428528,1,59428.527701
260,272612496,3,166,174073824,175045632,65536,56,12,13,0.000401991,1,59397.991404
260,272612496,4,145,152070567,153052928,65536,56,12,12,0.000367040,1,59359.039824
260,272612496,5,169,177194672,178227200,16384,56,12,12,0.000367040,1,59359.039824
260,272612496,6,2,2097908,2097920,16384,56,12,10,0.000329316,1,59313.315682
260,272612496,7,3,3146668,4129792,65536,56,12,9,0.000279816,1,59259.815943
260,272612496,8,1,1048219,1048320,65536,56,12,5,0.000167263,1,59131.263239
260,272612496,9,16,16797859,16797952,4096,37,9,12,0.000367748,1,39519.748460
260,272612496,10,115,120628164,121671680,4096,27,7,19,0.000591661,1,29275.660698
260,272612496,11,165,173025176,173516544,65536,24,4,14,0.000428213,1,25636.213128
261,273662751,0,246,257912791,258944000,16384,65,11,20,0.000620444,1,68732.443617
261,273662751,1,199,208625786,209117952,65536,60,10,27,0.000828068,1,63720.068454
261,273662751,2,245,256863920,257355520,65536,60,10,20,0.000621581,1,63485.581303
261,273662751,3,40,41986401,42968832,65536,60,10,20,0.000617455,1,63481.455466
261,273662751,4,214,224346187,225376768,16384,60,10,17,0.000521376,1,63373.376434
261,273662751,5,213,223297502,223297536,65536,60,10,16,0.000490707,1,63338.707232
261,273662751,6,224,234819972,235802112,65536,60,10,15,0.000460038,1,63304.038030
261,273662751,7,248,260009461,260525824,16384,60,10,14,0.000429659,1,63269.658728
261,273662751,8,247,258960628,259476736,16384,60,10,13,0.000398700,1,63234.699626
261,273662751,9,221,231673695,232704256,16384,60,10,9,0.000278044,1,63098.043807
261,273662751,10,136,142635942,143680512,4096,23,5,21,0.000644053,1,24984.053242
261,273662751,11,258,270512944,271030016,16384,21,3,27,0.000828068,1,22888.068454
262,274710082,0,246,257912791,258944000,16384,116,20,31,0.000961688,1,122493.687607
262,274710082,1,245,256863920,257355520,65536,72,12,28,0.000870214,1,76310.213824
262,274710082,2,40,41986401,42968832,65536,72,12,28,0.000864438,1,76304.437652
262,274710082,3,214,224346187,225376768,16384,72,12,27,0.000830360,1,76266.360438
262,274710082,4,199,208625786,209117952,65536,72,12,26,0.000799606,1,76231.606348
262,274710082,5,248,260009461,260525824,16384,72,12,22,0.000676590,1,76092.589986
262,274710082,6,213,223297502,223297536,65536,72,12,21,0.000645836,1,76057.835896
262,274710082,7,247,258960628,259476736,16384,72,12,21,0.000645836,1,76057.835896
262,274710082,8,224,234819972,235802112,65536,72,12,18,0.000553574,1,75953.573625
262,274710082,9,221,231673695,232704256,16384,72,12,13,0.000401619,1,75781.618833
262,274710082,10,136,142635942,143680512,4096,67,17,32,0.000984131,1,71960.130889
262,274710082,11,168,176163948,176164096,1024,37,9,29,0.000902134,1,40122.134014
263,275758173,0,246,257912791,258944000,16384,136,22,26,0.000806577,1,143054.576702
263,275758173,1,257,269464779,270447360,65536,79,13,25,0.000770487,1,83494.487256
263,275758173,2,202,211774324,212266240,65536,79,13,23,0.000708848,1,83424.848276
263,275758173,3,212,222249292,223231744,65536,79,13,23,0.000708848,1,83424.848276
263,275758173,4,215,225393301,226376448,65536,79,13,22,0.000678029,1,83390.028785
263,275758173,5,59,61910108,62403072,65536,79,13,20,0.000616390,1,83320.389805
263,275758173,6,234,245326624,245326848,65536,79,13,18,0.000554751,1,83250.750824
263,275758173,7,243,254771951,254771968,65536,79,13,18,0.000554751,1,83250.750824
263,275758173,8,53,55623067,56115712,65536,79,13,16,0.000493112,1,83181.111844
263,275758173,9,40,41986401,42968832,65536,57,9,27,0.000833565,1,60525.564879
263,275758173,10,213,223297502,223297536,65536,57,9,26,0.000801307,1,60489.306746
263,275758173,11,245,256863920,257355520,65536,57,9,23,0.000714818,1,60390.818498
264,276803120,0,118,123764192,124285696,4096,51,11,18,0.000557915,1,54325.914639
264,276803120,1,102,107006226,107522048,16384,29,5,20,0.000611901,1,31091.901484
264,276803120,2,112,117490417,118522112,16384,24,4,23,0.000703730,1,25947.729768
264,276803120,3,206,215970965,216999424,16384,15,3,28,0.000863026,1,16783.025521
264,276803120,4,113,118538560,118538752,16384,15,3,24,0.000740056,1,16644.055504
264,276803120,5,207,217015871,218046720,16384,15,3,22,0.000673627,1,16569.627484
264,276803120,6,45,47228198,48260352,16384,15,3,22,0.000673298,1,16569.297628
264,276803120,7,109,114355709,114355712,4096,15,3,21,0.000646532,1,16538.531819
264,276803120,8,111,116446163,117424640,65536,15,3,21,0.000646015,1,16538.014705
264,276803120,9,39,40937191,40937216,16384,15,3,19,0.000588928,1,16472.928151
264,276803120,10,44,46176335,46669568,65536,15,3,19,0.000585300,1,16469.299735
264,276803120,11,229,240064753,240064768,65536,15,3,16,0.000488266,1,16360.266349
264,276803120,12,102,107006226,107529728,1024,8,2,20,0.000611901,1,9203.901484
264,276803120,13,112,117490417,118534400,4096,24,4,23,0.000703730,1,25947.729768
264,276803120,14,109,114355709,114355712,16384,15,3,21,0.000646532,1,16538.531819
264,276803120,15,44,46176335,46694144,16384,15,3,19,0.000585300,1,16469.299735
265,277854391,0,13,13641602,13641728,16384,54,8,16,0.000490692,1,56938.692183
265,277854391,1,1,1048219,1048320,65536,45,7,26,0.000869769,1,48013.768842
265,277854391,2,2,2097908,2097920,16384,45,7,22,0.000724495,1,47852.494500
265,277854391,3,163,170930787,171420416,65536,45,7,17,0.000521760,1,47629.760481
265,277854391,4,166,174073824,175045632,65536,45,7,16,0.000494759,1,47598.758651
265,277854391,5,169,177194672,178227200,16384,45,7,16,0.000490692,1,47594.692183
265,277854391,6,145,152070567,153052928,65536,45,7,13,0.000398687,1,47490.687398
265,277854391,7,159,166741011,166741248,4096,45,7,12,0.000368019,1,47456.019137
265,277854391,8,3,3146668,4129792,65536,45,7,11,0.000341997,1,47425.997264
265,277854391,9,174,182438310,182438400,65536,42,6,29,0.000895476,1,44851.476301
265,277854391,10,187,196050495,196540416,65536,42,6,20,0.000614232,1,44534.231750
265,277854391,11,171,179295928,179786752,65536,42,6,19,0.000584795,1,44500.795322
266,278900538,0,2,2097908,2097920,16384,69,11,23,0.000757426,1,72977.426069
266,278900538,1,1,1048219,1048320,65536,48,8,51,0.001706085,1,52150.085037
266,278900538,2,163,170930787,171420416,65536,48,8,11,0.000338587,1,50622.586555
266,278900538,3,166,174073824,175045632,65536,48,8,9,0.000278302,1,50554.301741
266,278900538,4,159,166741011,166741248,4096,48,8,9,0.000277025,1,50553.025363
266,278900538,5,169,177194672,178227200,16384,48,8,9,0.000277025,1,50553.025363
266,278900538,6,3,3146668,4129792,65536,48,8,6,0.000186544,1,50450.543962
266,278900538,7,145,152070567,153052928,65536,48,8,6,0.000184684,1,50448.683575
266,278900538,8,115,120628164,121674752,1024,13,3,10,0.000311400,1,14111.400367
266,278900538,9,157,164645993,165688064,4096,10,2,9,0.000277025,1,10873.025363
266,278900538,10,144,151029951,151548160,4096,10,2,7,0.000220431,1,10808.430785
266,278900538,11,156,163601184,164123136,1024,8,2,9,0.000278923,1,8826.922738
266,278900538,12,2,2097908,2097920,4096,21,3,23,0.000757426,1,22801.426069
266,278900538,13,1,1048219,1540096,65536,48,8,51,0.001706085,1,52150.085037
266,278900538,14,159,166741011,166741248,16384,48,8,9,0.000277025,1,50553.025363
266,278900538,15,169,177194672,178239488,4096,48,8,9,0.000277025,1,50553.025363
266,278900538,16,115,120628164,121671680,4096,10,2,10,0.000311400,1,10911.400367
266,278900538,17,157,164645993,165691136,1024,10,2,9,0.000277025,1,10873.025363
266,278900538,18,144,151029951,151549696,1024,10,2,7,0.000220431,1,10808.430785
266,278900538,19,156,163601184,164123392,256,8,2,9,0.000278923,1,8826.922738
267,279950692,0,266,278900538,278900736,65536,47,7,174,0.005355824,1,55139.823689
267,279950692,1,1,1048219,1048320,65536,24,4,44,0.001471917,1,26799.916502
267,279950692,2,2,2097908,2097920,16384,24,4,21,0.000691563,1,25927.562932
267,279950692,3,163,170930787,171420416,65536,24,4,10,0.000306918,1,25498.917930
267,279950692,4,169,177194672,178227200,16384,24,4,10,0.000305754,1,25497.754296
267,279950692,5,159,166741011,166741248,4096,24,4,9,0.000275482,1,25463.482094
267,279950692,6,166,174073824,175045632,65536,24,4,8,0.000247379,1,25431.379325
267,279950692,7,145,152070567,153052928,65536,24,4,8,0.000244686,1,25428.685732
267,279950692,8,3,3146668,4129792,65536,24,4,5,0.000155453,1,25327.453302
267,279950692,9,175,183486730,183486976,65536,21,3,6,0.000184236,1,22160.235576
267,279950692,10,16,16797859,16797952,4096,18,4,5,0.000153229,1,19181.228525
267,279950692,11,148,155214816,156259072,4096,13,3,10,0.000305857,1,14105.857165
267,279950692,12,266,278900538,278900736,16384,36,6,174,0.005355824,1,43747.823689
267,279950692,13,1,1048219,1540096,65536,24,4,44,0.001471917,1,26799.916502
267,279950692,14,169,177194672,178239488,4096,24,4,10,0.000305754,1,25497.754296
267,279950692,15,159,166741011,166741248,16384,24,4,9,0.000275482,1,25463.482094
268,281005064,0,266,278900538,278900736,65536,45,7,155,0.004770992,1,52430.992366
268,281005064,1,26,27289725,27812352,4096,15,3,8,0.000245497,1,16085.496670
268,281005064,2,16,16797859,16797952,4096,15,3,7,0.000214810,1,16050.809587
268,281005064,3,166,174073824,174590464,4096,15,3,6,0.000185534,1,16017.534494
268,281005064,4,148,155214816,156259072,4096,15,3,6,0.000184123,1,16016.122503
268,281005064,5,15,15749490,16271616,4096,15,3,5,0.000154459,1,15982.459238
268,281005064,6,267,279950692,281004032,1024,3,1,151,0.004633750,1,8501.749655
268,281005064,7,0,0,523520,1024,6,2,12,0.000466908,1,6978.907902
268,281005064,8,115,120628164,121674752,1024,6,2,13,0.000404820,1,6920.820478
268,281005064,9,156,163601184,164123136,1024,5,1,8,0.000247931,1,5591.931323
268,281005064,10,171,179295928,179296000,256,3,1,9,0.000277008,1,3577.008310
268,281005064,11,12,12591020,12591104,256,1,1,8,0.000246374,1,1494.373687
268,281005064,12,266,278900538,278900736,16384,39,7,155,0.004770992,1,46286.992366
268,281005064,13,26,27289725,27813888,1024,15,3,8,0.000245497,1,16085.496670
268,281005064,14,0,0,523776,256,6,2,12,0.000466908,1,6978.907902
268,281005064,15,156,163601184,164123392,256,5,1,8,0.000247931,1,5591.931323
268,281005064,16,171,179295928,179296000,1024,3,1,9,0.000277008,1,3577.008310
268,281005064,17,12,12591020,12591104,1024,1,1,8,0.000246374,1,1494.373687
269,282056750,0,266,278900538,278900736,16384,16,4,84,0.002585570,1,19881.570057
269,282056750,1,16,16797859,16797952,4096,10,2,8,0.000245166,1,10837.165640
269,282056750,2,26,27289725,27812352,4096,5,1,13,0.000397979,1,5761.979489
269,282056750,3,173,181386073,181910016,4096,5,1,12,0.000367017,1,5727.017372
269,282056750,4,115,120628164,120628224,4096,5,1,11,0.000342540,1,5698.540404
269,282056750,5,15,15749490,16271616,4096,5,1,10,0.000308918,1,5660.918476
269,282056750,6,166,174073824,174590464,4096,5,1,9,0.000278302,1,5626.301741
269,282056750,7,152,159408987,159930880,4096,5,1,9,0.000275626,1,5623.625517
269,282056750,8,148,155214816,156259072,4096,5,1,9,0.000275271,1,5623.271448
269,282056750,9,140,146842039,146842112,4096,5,1,7,0.000216363,1,5556.363243
269,282056750,10,158,165692357,166214656,4096,5,1,6,0.000183599,1,5519.598531
269,282056750,11,35,36735523,37260032,1024,4,2,13,0.000398358,1,4866.357541
269,282056750,12,266,278900538,279417344,16384,16,4,84,0.002585570,1,19881.570057
269,282056750,13,26,27289725,27813888,1024,5,1,13,0.000397979,1,5761.979489
269,282056750,14,115,120628164,121671680,4096,5,1,11,0.000342540,1,5698.540404
269,282056750,15,166,174073824,174073856,256,3,1,9,0.000278302,1,3578.301741
270,283107301,0,16,16797859,16797952,4096,33,7,16,0.000490331,1,35306.331280
270,283107301,1,115,120628164,121671680,4096,28,6,17,0.000529381,1,30101.380625
270,283107301,2,2,2097908,2097920,16384,24,4,22,0.000724495,1,25964.494500
270,283107301,3,1,1048219,1048320,65536,24,4,20,0.000669053,1,25901.052956
270,283107301,4,166,174073824,175045632,65536,24,4,18,0.000556603,1,25780.603482
270,283107301,5,169,177194672,178227200,16384,24,4,17,0.000519782,1,25739.782303
270,283107301,6,163,170930787,171420416,65536,24,4,15,0.000460377,1,25672.376895
270,283107301,7,159,166741011,166741248,4096,24,4,10,0.000306091,1,25498.091215
270,283107301,8,145,152070567,153052928,65536,24,4,10,0.000305857,1,25497.857165
270,283107301,9,3,3146668,4129792,65536,24,4,8,0.000248725,1,25432.725283
270,283107301,10,148,155214816,156259072,4096,23,5,16,0.000489371,1,24809.371464
270,283107301,11,165,173025176,173025280,65536,21,3,17,0.000519941,1,22539.941277
271,284155763,0,16,16797859,16797952,4096,49,11,16,0.000491975,1,52203.974663
271,284155763,1,115,120628164,121671680,4096,39,9,20,0.000622801,1,41854.800735
271,284155763,2,148,155214816,156259072,4096,33,7,27,0.000830207,1,35690.207244
271,284155763,3,0,0,0,4096,27,5,94,0.003657445,1,32385.445236
271,284155763,4,2,2097908,2097920,16384,24,4,105,0.003457815,1,29029.814661
271,284155763,5,1,1048219,1048320,65536,24,4,96,0.003211454,1,28747.454187
271,284155763,6,173,181386073,181910016,4096,26,6,23,0.000707214,1,28255.213579
271,284155763,7,152,159408987,159930880,4096,26,6,15,0.000461226,1,27977.226247
271,284155763,8,140,146842039,146842112,4096,26,6,14,0.000432726,1,27944.726486
271,284155763,9,158,165692357,166214656,4096,26,6,14,0.000430478,1,27942.477830
271,284155763,10,169,177194672,178227200,16384,24,4,20,0.000614968,1,25846.968329
271,284155763,11,166,174073824,175045632,65536,24,4,19,0.000587526,1,25815.525898
272,285202995,0,2,2097908,2097920,16384,75,15,133,0.004379899,1,83695.898571
272,285202995,1,1,1048219,1048320,65536,75,15,123,0.004114676,1,83390.675677
272,285202995,2,166,174073824,175045632,65536,75,15,23,0.000711216,1,79587.215560
272,285202995,3,163,170930787,171420416,65536,75,15,21,0.000646512,1,79514.511914
272,285202995,4,159,166741011,166741248,4096,75,15,16,0.000492581,1,79340.580506
272,285202995,5,169,177194672,178227200,16384,75,15,15,0.000461794,1,79305.794224
272,285202995,6,3,3146668,4129792,65536,75,15,12,0.000373088,1,79205.087924
272,285202995,7,145,152070567,153052928,65536,75,15,11,0.000338649,1,79166.649098
272,285202995,8,16,16797859,16797952,4096,56,14,17,0.000523367,1,59791.366788
272,285202995,9,115,120628164,121671680,4096,52,12,24,0.000747361,1,55691.360882
272,285202995,10,173,181386073,181910016,4096,32,8,21,0.000646512,1,34586.511914
272,285202995,11,152,159408987,159930880,4096,32,8,18,0.000554153,1,34482.153069
273,286249484,0,199,208625786,209117952,65536,73,13,25,0.000765626,1,77345.626436
273,286249484,1,245,256863920,257355520,65536,73,13,24,0.000745898,1,77321.897563
273,286249484,2,40,41986401,42968832,65536,73,13,24,0.000740947,1,77316.946559
273,286249484,3,248,260009461,260525824,16384,73,13,23,0.000705868,1,77277.867911
273,286249484,4,247,258960628,259476736,16384,73,13,23,0.000704355,1,77276.354750
273,286249484,5,246,257912791,257912832,16384,73,13,22,0.000682488,1,77250.487979
273,286249484,6,213,223297502,223297536,65536,73,13,21,0.000642516,1,77206.516216
273,286249484,7,224,234819972,235802112,65536,73,13,18,0.000551133,1,77103.132884
273,286249484,8,214,224346187,225376768,16384,73,13,14,0.000429145,1,76965.145082
273,286249484,9,221,231673695,232704256,16384,73,13,10,0.000308938,1,76828.937564
273,286249484,10,219,229584458,229584640,4096,32,8,21,0.000646174,1,34586.173728
273,286249484,11,136,142635942,143158272,4096,32,8,20,0.000611920,1,34547.920206
274,287299757,0,246,257912791,258944000,16384,117,19,25,0.000775555,1,123179.554521
274,287299757,1,40,41986401,42968832,65536,69,11,25,0.000772272,1,73000.272334
274,287299757,2,213,223297502,223297536,65536,69,11,24,0.000741381,1,72965.381441
274,287299757,3,224,234819972,235802112,65536,69,11,23,0.000710491,1,72930.490547
274,287299757,4,245,256863920,257355520,65536,69,11,22,0.000683739,1,72899.739433
274,287299757,5,248,260009461,260525824,16384,69,11,22,0.000679600,1,72895.599654
274,287299757,6,199,208625786,209117952,65536,69,11,21,0.000648709,1,72860.708761
274,287299757,7,247,258960628,259476736,16384,69,11,21,0.000648709,1,72860.708761
274,287299757,8,221,231673695,232704256,16384,69,11,16,0.000494300,1,72686.300102
274,287299757,9,214,224346187,225376768,16384,69,11,14,0.000432473,1,72616.472507
274,287299757,10,212,222249292,223231744,65536,48,8,27,0.000834054,1,51182.054121
274,287299757,11,59,61910108,62403072,65536,48,8,22,0.000679600,1,51007.599654
275,288355507,0,274,287299757,288338944,16384,153,27,203,0.006565330,1,167569.329884
275,288355507,1,246,257912791,258944000,16384,54,8,24,0.000776197,1,57256.196636
275,288355507,2,251,263175200,263175424,4096,45,9,17,0.000549806,1,47913.805951
275,288355507,3,212,222249292,223231744,65536,42,6,24,0.000776197,1,44712.196636
275,288355507,4,59,61910108,62403072,65536,42,6,22,0.000711514,1,44639.513583
275,288355507,5,53,55623067,56115712,65536,42,6,20,0.000646831,1,44566.830530
275,288355507,6,202,211774324,212266240,65536,42,6,20,0.000646831,1,44566.830530
275,288355507,7,234,245326624,245326848,65536,42,6,17,0.000549806,1,44457.805951
275,288355507,8,243,254771951,254771968,65536,42,6,17,0.000549806,1,44457.805951
275,288355507,9,257,269464779,270447360,65536,42,6,15,0.000485123,1,44385.122898
275,288355507,10,215,225393301,226376448,65536,42,6,14,0.000452781,1,44348.781371
275,288355507,11,136,142635942,143680512,4096,31,7,20,0.000646831,1,33430.830530
276,289408531,0,246,257912791,258944000,16384,96,16,27,0.000837599,1,101361.598883
276,289408531,1,40,41986401,42508288,4096,75,17,29,0.000896833,1,80052.833251
276,289408531,2,275,288355507,288355584,16384,69,11,82,0.002652005,1,75108.005175
276,289408531,3,274,287299757,287819264,16384,57,9,59,0.001824592,1,61644.591786
276,289408531,4,247,258960628,259476736,16384,57,9,30,0.000927759,1,60631.758535
276,289408531,5,214,224346187,225376768,16384,57,9,27,0.000834983,1,60526.982682
276,289408531,6,245,256863920,257355520,65536,57,9,24,0.000745898,1,60425.897563
276,289408531,7,213,223297502,223297536,65536,57,9,23,0.000711282,1,60387.281544
276,289408531,8,248,260009461,260525824,16384,57,9,19,0.000587580,1,60247.580406
276,289408531,9,224,234819972,235802112,65536,57,9,16,0.000494805,1,60142.804552
276,289408531,10,221,231673695,232704256,16384,57,9,15,0.000463879,1,60107.879268
276,289408531,11,136,142635942,143680512,4096,55,13,28,0.000865908,1,59025.907966
277,290456928,0,103,108054113,109043456,65536,104,16,24,0.000737078,1,109441.078100
277,290456928,1,209,219110557,219110656,65536,104,16,22,0.000675655,1,109371.654925
277,290456928,2,99,103862041,104353536,65536,104,16,21,0.000648088,1,109340.088140
277,290456928,3,204,213871707,214903552,16384,104,16,20,0.000614232,1,109302.231750
277,290456928,4,45,47228198,47719680,65536,104,16,18,0.000552809,1,109232.808575
277,290456928,5,100,104910507,105897472,65536,104,16,17,0.000522097,1,109198.096987
277,290456928,6,264,276803120,277788672,65536,104,16,17,0.000522097,1,109198.096987
277,290456928,7,235,246375727,246375936,16384,104,16,16,0.000491385,1,109163.385400
277,290456928,8,114,119579954,119580160,65536,104,16,12,0.000368539,1,109024.539050
277,290456928,9,206,215970965,216999424,16384,36,6,24,0.000739736,1,38531.736161
277,290456928,10,111,116446163,117424640,65536,36,6,20,0.000615252,1,38391.252100
277,290456928,11,207,217015871,218046720,16384,36,6,20,0.000614232,1,38390.231750
277,290456928,12,204,213871707,214915840,4096,104,16,20,0.000614232,1,109302.231750
277,290456928,13,45,47228198,48260352,16384,36,6,18,0.000552809,1,38320.808575
277,290456928,14,264,276803120,277295872,65536,36,6,17,0.000522097,1,38286.096987
277,290456928,15,235,246375727,246375936,65536,104,16,16,0.000491385,1,109163.385400
278,291505987,0,206,215970965,216999424,16384,24,4,19,0.000585624,1,25813.624461
278,291505987,1,39,40937191,40937216,16384,24,4,16,0.000495939,1,25711.939495
278,291505987,2,45,47228198,48260352,16384,24,4,16,0.000489671,1,25705.671002
278,291505987,3,207,217015871,218046720,16384,24,4,15,0.000459291,1,25671.291466
278,291505987,4,239,250573740,250573824,16384,24,4,15,0.000458856,1,25670.855919
278,291505987,5,111,116446163,117424640,65536,24,4,14,0.000430676,1,25638.676470
278,291505987,6,113,118538560,118538752,16384,24,4,13,0.000400863,1,25604.863398
278,291505987,7,44,46176335,46669568,65536,24,4,12,0.000369663,1,25569.662991
278,291505987,8,264,276803120,277295872,65536,24,4,12,0.000365976,1,25565.976395
278,291505987,9,109,114355709,114355712,16384,24,4,11,0.000338660,1,25534.659524
278,291505987,10,229,240064753,240064768,65536,24,4,10,0.000305166,1,25497.166468
278,291505987,11,100,104910507,104910592,4096,20,4,17,0.000518293,1,21642.292683
278,291505987,12,44,46176335,46694144,16384,24,4,12,0.000369663,1,25569.662991
279,292572130,0,40,41986401,42508288,4096,71,19,26,0.000802692,1,76106.692106
279,292572130,1,246,257912791,258944000,16384,66,10,20,0.000620444,1,69628.443617
279,292572130,2,198,207577877,208609280,16384,60,10,20,0.000614439,1,63478.439324
279,292572130,3,136,142635942,143680512,4096,57,15,17,0.000522273,1,60942.273425
279,292572130,4,274,287299757,287819264,16384,45,7,31,0.000957618,1,48121.617694
279,292572130,5,247,258960628,259476736,16384,45,7,23,0.000706605,1,47838.605223
279,292572130,6,248,260009461,260525824,16384,45,7,21,0.000645161,1,47769.161290
279,292572130,7,213,223297502,223297536,65536,45,7,19,0.000583717,1,47699.717358
279,292572130,8,245,256863920,257355520,65536,45,7,17,0.000528344,1,47636.344107
279,292572130,9,214,224346187,225376768,16384,45,7,17,0.000522273,1,47630.273425
279,292572130,10,224,234819972,235802112,65536,45,7,15,0.000460829,1,47560.829493
279,292572130,11,221,231673695,232704256,16384,45,7,8,0.000247150,1,47319.150051
280,293619930,0,246,257912791,258944000,16384,49,9,24,0.000744532,1,52232.532341
280,293619930,1,262,274710082,275692544,65536,42,6,24,0.000738098,1,44674.098167
280,293619930,2,63,66113270,66604800,65536,42,6,24,0.000735249,1,44671.249066
280,293619930,3,54,56673889,57165568,65536,42,6,22,0.000674309,1,44602.308833
280,293619930,4,238,249525609,250016768,65536,42,6,22,0.000673978,1,44601.978310
280,293619930,5,263,275758173,276737536,65536,42,6,21,0.000647209,1,44571.209295
280,293619930,6,230,241116537,241116672,65536,42,6,15,0.000459531,1,44359.530666
280,293619930,7,136,142635942,143680512,4096,39,9,23,0.000704614,1,41948.613688
280,293619930,8,212,222249292,223231744,65536,37,7,30,0.000919061,1,39887.061332
280,293619930,9,202,211774324,212266240,65536,37,7,25,0.000765884,1,39713.884443
280,293619930,10,59,61910108,62403072,65536,37,7,24,0.000735249,1,39679.249066
280,293619930,11,243,254771951,254771968,65536,37,7,22,0.000675489,1,39611.488962
281,294668268,0,102,107006226,107522048,16384,44,8,21,0.000643441,1,46871.441493
281,294668268,1,264,276803120,277295872,65536,40,8,25,0.000766002,1,42914.001777
281,294668268,2,113,118538560,118538752,16384,40,8,24,0.000740056,1,42884.055504
281,294668268,3,111,116446163,117424640,65536,40,8,24,0.000738303,1,42882.302519
281,294668268,4,206,215970965,216999424,16384,40,8,23,0.000708914,1,42848.913821
281,294668268,5,207,217015871,218046720,16384,40,8,23,0.000704722,1,42844.721635
281,294668268,6,39,40937191,40937216,16384,40,8,21,0.000650921,1,42782.920588
281,294668268,7,44,46176335,46669568,65536,40,8,21,0.000646910,1,42778.910234
281,294668268,8,109,114355709,114355712,16384,40,8,20,0.000615745,1,42743.744589
281,294668268,9,45,47228198,48260352,16384,40,8,20,0.000612801,1,42740.801422
281,294668268,10,229,240064753,240064768,65536,40,8,19,0.000582161,1,42706.161351
281,294668268,11,239,250573740,250573824,16384,40,8,16,0.000490241,1,42602.241137
281,294668268,12,102,107006226,107528192,4096,24,4,21,0.000643441,1,25879.441493
281,294668268,13,44,46176335,46694144,16384,40,8,21,0.000646910,1,42778.910234
282,295717238,0,246,257912791,258944000,16384,117,21,27,0.000842749,1,123510.749235
282,295717238,1,245,256863920,257355520,65536,84,16,25,0.000780323,1,89008.323366
282,295717238,2,40,41986401,42968832,65536,84,16,24,0.000749110,1,88973.110431
282,295717238,3,224,234819972,235802112,65536,84,16,19,0.000593046,1,88797.045758
282,295717238,4,213,223297502,223297536,65536,84,16,18,0.000561833,1,88761.832824
282,295717238,5,274,287299757,287819264,16384,84,16,17,0.000530620,1,88726.619889
282,295717238,6,221,231673695,232704256,16384,84,16,16,0.000499407,1,88691.406954
282,295717238,7,247,258960628,259476736,16384,84,16,15,0.000468194,1,88656.194020
282,295717238,8,214,224346187,225376768,16384,84,16,13,0.000405768,1,88585.768150
282,295717238,9,248,260009461,260525824,16384,84,16,12,0.000374555,1,88550.555216
282,295717238,10,136,142635942,143680512,4096,42,12,20,0.000624259,1,45312.258693
282,295717238,11,50,52478164,53000448,4096,42,10,19,0.000593046,1,45021.045758
283,296765347,0,102,107006226,107522048,16384,28,6,16,0.000489521,1,30057.521187
283,296765347,1,223,233768080,234293504,1024,21,5,11,0.000336278,1,22588.278316
283,296765347,2,110,115398305,115398400,65536,21,3,16,0.000489776,1,22505.775928
283,296765347,3,206,215970965,216950272,65536,21,3,15,0.000462335,1,22474.335100
283,296765347,4,189,198147847,199193088,4096,18,4,17,0.000519703,1,19595.702852
283,296765347,5,112,117490417,118522112,16384,16,4,16,0.000489551,1,17513.551143
283,296765347,6,118,123764192,124285696,4096,15,3,13,0.000402938,1,16262.938350
283,296765347,7,113,118538560,118538752,16384,12,2,19,0.000585877,1,13269.877274
283,296765347,8,207,217015871,218046720,16384,12,2,18,0.000551150,1,13231.149760
283,296765347,9,264,276803120,277295872,65536,12,2,17,0.000519703,1,13195.702852
283,296765347,10,227,237961713,237961728,16384,12,2,16,0.000489971,1,13161.970908
283,296765347,11,109,114355709,114355712,16384,12,2,15,0.000461808,1,13129.808442
283,296765347,12,102,107006226,107529728,1024,15,3,16,0.000489521,1,16361.521187
283,296765347,13,206,215970965,216999424,16384,12,2,15,0.000462335,1,13130.335100
283,296765347,14,112,117490417,118534400,4096,16,4,16,0.000489551,1,17513.551143
283,296765347,15,264,276803120,277328128,1024,5,1,17,0.000519703,1,5899.702852
283,296765347,16,109,114355709,115397120,1024,5,1,15,0.000461808,1,5833.808442
284,297815604,0,102,107006226,107522048,16384,49,9,17,0.000524093,1,51984.092857
284,297815604,1,112,117490417,118522112,16384,49,9,16,0.000493264,1,51949.263865
284,297815604,2,189,198147847,199193088,4096,42,10,15,0.000462435,1,44874.434874
284,297815604,3,69,72413180,73457664,4096,33,9,21,0.000647409,1,35739.408823
284,297815604,4,100,104910507,104910592,4096,33,9,20,0.000616580,1,35704.579832
284,297815604,5,181,189758380,190790400,16384,27,5,23,0.000709067,1,29153.066806
284,297815604,6,206,215970965,216999424,16384,25,5,26,0.000801554,1,27209.553781
284,297815604,7,283,296765347,296765440,65536,25,5,26,0.000801554,1,27209.553781
284,297815604,8,113,118538560,118538752,16384,25,5,21,0.000647549,1,27035.548566
284,297815604,9,264,276803120,277295872,65536,25,5,21,0.000647409,1,27035.408823
284,297815604,10,45,47228198,48260352,16384,25,5,19,0.000585751,1,26965.750840
284,297815604,11,207,217015871,218046720,16384,25,5,19,0.000585751,1,26965.750840
284,297815604,12,112,117490417,118534400,4096,49,9,16,0.000493264,1,51949.263865
284,297815604,13,69,72413180,73460736,1024,33,9,21,0.000647409,1,35739.408823
285,298864512,0,102,107006226,107522048,16384,28,6,16,0.000490452,1,30058.451522
285,298864512,1,284,297815604,298798848,65536,24,4,23,0.000709067,1,25953.066806
285,298864512,2,111,116446163,117424640,65536,24,4,17,0.000522964,1,25742.964285
285,298864512,3,206,215970965,216999424,16384,24,4,16,0.000493157,1,25709.157441
285,298864512,4,264,276803120,277295872,65536,24,4,14,0.000429145,1,25637.145082
285,298864512,5,39,40937191,40937216,16384,24,4,13,0.000402951,1,25606.950840
285,298864512,6,45,47228198,48260352,16384,24,4,13,0.000398492,1,25602.491862
285,298864512,7,113,118538560,118538752,16384,24,4,12,0.000370028,1,25570.027752
285,298864512,8,229,240064753,240064768,65536,24,4,12,0.000367839,1,25567.838641
285,298864512,9,207,217015871,218046720,16384,24,4,11,0.000337185,1,25533.185421
285,298864512,10,283,296765347,296765440,65536,24,4,11,0.000337185,1,25533.185421
285,298864512,11,44,46176335,46694144,16384,24,4,10,0.000308052,1,25500.052492
285,298864512,12,102,107006226,107528192,4096,12,2,16,0.000490452,1,13162.451522
285,298864512,13,284,297815604,298339584,1024,3,1,23,0.000709067,1,4065.066806
285,298864512,14,45,47228198,47228416,16384,12,2,13,0.000398492,1,13058.491862
285,298864512,15,207,217015871,218062080,1024,3,1,11,0.000337185,1,3645.185421
286,299910374,0,39,40937191,40937216,16384,48,8,19,0.000588928,1,50904.928151
286,299910374,1,113,118538560,118538752,16384,48,8,19,0.000585877,1,50901.877274
286,299910374,2,44,46176335,46694144,16384,48,8,19,0.000585300,1,50901.299735
286,299910374,3,284,297815604,298798848,65536,48,8,17,0.000524093,1,50832.092857
286,299910374,4,206,215970965,216999424,16384,48,8,16,0.000493157,1,50797.157441
286,299910374,5,111,116446163,117424640,65536,48,8,15,0.000461439,1,50761.439075
286,299910374,6,264,276803120,277295872,65536,48,8,15,0.000458744,1,50758.743654
286,299910374,7,283,296765347,296765440,65536,48,8,15,0.000458744,1,50758.743654
286,299910374,8,45,47228198,48260352,16384,48,8,14,0.000428462,1,50724.462127
286,299910374,9,207,217015871,218046720,16384,48,8,12,0.000367433,1,50655.433173
286,299910374,10,229,240064753,240064768,65536,48,8,12,0.000366995,1,50654.994923
286,299910374,11,239,250573740,250573824,16384,48,8,8,0.000244723,1,50516.723157
286,299910374,12,45,47228198,47719680,65536,37,7,14,0.000428462,1,39332.462127
287,300957943,0,264,276803120,277295872,65536,24,4,25,0.000762707,1,26014.706694
287,300957943,1,206,215970965,216999424,16384,24,4,24,0.000739736,1,25987.736161
287,300957943,2,283,296765347,296765440,65536,24,4,24,0.000733698,1,25981.698144
287,300957943,3,113,118538560,118538752,16384,24,4,19,0.000585877,1,25813.877274
287,300957943,4,284,297815604,298798848,65536,24,4,19,0.000585751,1,25813.750840
287,300957943,5,207,217015871,218046720,16384,24,4,18,0.000551150,1,25775.149760
287,300957943,6,111,116446163,117424640,65536,24,4,17,0.000522964,1,25742.964285
287,300957943,7,39,40937191,40937216,16384,24,4,16,0.000495939,1,25711.939495
287,300957943,8,45,47228198,48260352,16384,24,4,15,0.000459067,1,25671.066565
287,300957943,9,44,46176335,46694144,16384,24,4,14,0.000431273,1,25639.273489
287,300957943,10,229,240064753,240064768,65536,24,4,14,0.000427233,1,25635.233056
287,300957943,11,239,250573740,250573824,16384,24,4,13,0.000397675,1,25601.675130
287,300957943,12,45,47228198,47719680,65536,21,3,15,0.000459067,1,22471.066565
288,302008902,0,40,41986401,42508288,4096,30,6,26,0.000802692,1,32458.692106
288,302008902,1,50,52478164,53000448,4096,25,5,23,0.000705240,1,27101.240242
288,302008902,2,67,70308921,70309120,4096,25,5,20,0.000612126,1,26996.126220
288,302008902,3,41,43034573,43556352,4096,25,5,19,0.000590723,1,26970.722547
288,302008902,4,279,292572130,293093888,4096,25,5,19,0.000583717,1,26963.717358
288,302008902,5,136,142635942,143158272,4096,25,5,19,0.000580862,1,26960.862122
288,302008902,6,219,229584458,229584640,4096,25,5,18,0.000553863,1,26929.863196
288,302008902,7,224,234819972,234820096,4096,25,5,17,0.000520514,1,26892.514391
288,302008902,8,254,266318882,266841600,4096,25,5,16,0.000490166,1,26858.166044
288,302008902,9,193,202341339,203385344,4096,25,5,15,0.000458898,1,26822.898033
288,302008902,10,63,66113270,66113280,4096,20,4,25,0.000765415,1,21921.415468
288,302008902,11,246,257912791,257912832,4096,20,4,24,0.000744532,1,21896.532341
289,303058980,0,40,41986401,42508288,4096,54,12,18,0.000555710,1,57523.709919
289,303058980,1,245,256863920,257355520,65536,37,7,25,0.000776977,1,39724.976629
289,303058980,2,246,257912791,257912832,16384,37,7,23,0.000713510,1,39653.510160
289,303058980,3,213,223297502,223297536,65536,37,7,19,0.000581894,1,39505.893912
289,303058980,4,214,224346187,225376768,16384,37,7,17,0.000521105,1,39437.104742
289,303058980,5,224,234819972,235802112,65536,37,7,16,0.000490016,1,39402.015926
289,303058980,6,247,258960628,259476736,16384,37,7,16,0.000490016,1,39402.015926
289,303058980,7,274,287299757,287819264,16384,37,7,14,0.000432473,1,39336.472507
289,303058980,8,248,260009461,260525824,16384,37,7,13,0.000398969,1,39298.968819
289,303058980,9,221,231673695,232704256,16384,37,7,10,0.000308938,1,39196.937564
289,303058980,10,279,292572130,293093888,4096,36,8,14,0.000430108,1,38438.107527
289,303058980,11,67,70308921,70309120,4096,31,7,20,0.000612520,1,33396.519907
290,304107543,0,158,165692357,166214656,4096,27,5,18,0.000550796,1,28974.795594
290,304107543,1,15,15749490,16732160,65536,25,5,15,0.000463378,1,26827.377715
290,304107543,2,16,16797859,16797952,4096,25,5,13,0.000398394,1,26754.394165
290,304107543,3,13,13641602,13641728,16384,24,4,13,0.000394346,1,25598.345689
290,304107543,4,115,120628164,121119232,65536,21,3,21,0.000653941,1,22689.940772
290,304107543,5,165,173025176,173025280,65536,21,3,12,0.000367017,1,22367.017372
290,304107543,6,173,181386073,181910016,4096,15,3,20,0.000609552,1,16497.551675
290,304107543,7,152,159408987,159930880,4096,15,3,19,0.000581876,1,16465.876091
290,304107543,8,150,157314043,157804288,65536,15,3,14,0.000429883,1,16293.883010
290,304107543,9,140,146842039,146842112,4096,15,3,12,0.000370908,1,16226.908417
290,304107543,10,271,284155763,284671232,16384,12,2,30,0.000922452,1,13650.452494
290,304107543,11,174,182438310,182438400,65536,12,2,21,0.000648448,1,13340.448356
291,305164045,0,99,103862041,104353536,65536,21,3,24,0.000740672,1,22788.672160
291,305164045,1,45,47228198,47719680,65536,21,3,23,0.000703902,1,22747.902066
291,305164045,2,281,294668268,295651584,65536,21,3,22,0.000674082,1,22714.081564
291,305164045,3,204,213871707,214903552,16384,21,3,22,0.000673421,1,22713.421286
291,305164045,4,114,119579954,119580160,65536,21,3,21,0.000642772,1,22678.771877
291,305164045,5,209,219110557,219110656,65536,21,3,19,0.000582822,1,22610.822086
291,305164045,6,264,276803120,277788672,65536,21,3,19,0.000580277,1,22608.276700
291,305164045,7,100,104910507,105897472,65536,21,3,16,0.000488654,1,22504.654063
291,305164045,8,103,108054113,109043456,65536,21,3,16,0.000488654,1,22504.654063
291,305164045,9,235,246375727,246375936,16384,21,3,14,0.000427572,1,22435.572306
291,305164045,10,118,123764192,124285696,4096,20,4,17,0.000526919,1,21650.919381
291,305164045,11,286,299910374,299910400,256,18,4,15,0.000458744,1,19526.743654
291,305164045,12,45,47228198,48260352,16384,15,3,23,0.000703902,1,16603.902066
291,305164045,13,204,213871707,214915840,4096,21,3,22,0.000673421,1,22713.421286
291,305164045,14,235,246375727,246375936,65536,21,3,14,0.000427572,1,22435.572306
291,305164045,15,286,299910374,299910400,1024,18,4,15,0.000458744,1,19526.743654
292,306213617,0,245,256863920,257355520,65536,36,6,26,0.000808056,1,38608.055694
292,306213617,1,214,224346187,225376768,16384,36,6,23,0.000705024,1,38493.024063
292,306213617,2,246,257912791,257912832,16384,36,6,17,0.000527377,1,38291.377075
292,306213617,3,274,287299757,287819264,16384,36,6,17,0.000525145,1,38289.145187
292,306213617,4,40,41986401,42968832,65536,36,6,17,0.000524837,1,38288.837146
292,306213617,5,247,258960628,259476736,16384,36,6,15,0.000459362,1,38215.361793
292,306213617,6,248,260009461,260525824,16384,36,6,14,0.000429659,1,38181.658728
292,306213617,7,221,231673695,232704256,16384,36,6,13,0.000401619,1,38149.618833
292,306213617,8,289,303058980,304091136,16384,36,6,13,0.000398138,1,38146.137939
292,306213617,9,224,234819972,235802112,65536,36,6,11,0.000336803,1,38076.803429
292,306213617,10,136,142635942,143680512,4096,33,7,18,0.000550290,1,35374.290431
292,306213617,11,63,66113270,66113280,4096,23,5,18,0.000551099,1,24879.099137
293,307271702,0,292,306213617,306213632,65536,48,8,25,0.000768002,1,51108.001966
293,307271702,1,248,260009461,260525824,16384,48,8,19,0.000583681,1,50899.681494
293,307271702,2,246,257912791,257912832,16384,48,8,15,0.000465333,1,50765.332713
293,307271702,3,247,258960628,259476736,16384,48,8,15,0.000460801,1,50760.801180
293,307271702,4,221,231673695,232704256,16384,48,8,14,0.000432513,1,50728.512589
293,307271702,5,289,303058980,304091136,16384,48,8,14,0.000430081,1,50726.081101
293,307271702,6,40,41986401,42968832,65536,48,8,13,0.000401346,1,50693.346053
293,307271702,7,224,234819972,235802112,65536,48,8,13,0.000399361,1,50691.361022
293,307271702,8,245,256863920,257355520,65536,48,8,12,0.000372949,1,50660.948782
293,307271702,9,274,287299757,287819264,16384,48,8,12,0.000370691,1,50658.690720
293,307271702,10,136,142635942,143680512,4096,26,6,18,0.000552961,1,28080.961416
293,307271702,11,190,199197219,200241408,4096,22,6,12,0.000368641,1,23776.640944
294,308315174,0,136,142635942,143680512,4096,28,6,12,0.000368019,1,29920.019137
294,308315174,1,234,245326624,245326848,65536,24,4,18,0.000552029,1,25776.028705
294,308315174,2,246,257912791,258894848,65536,24,4,16,0.000496355,1,25712.354894
294,308315174,3,59,61910108,62403072,65536,24,4,16,0.000490692,1,25706.692183
294,308315174,4,202,211774324,212266240,65536,24,4,16,0.000490692,1,25706.692183
294,308315174,5,53,55623067,56115712,65536,24,4,14,0.000429896,1,25637.896211
294,308315174,6,257,269464779,270447360,65536,24,4,14,0.000429356,1,25637.355660
294,308315174,7,243,254771951,254771968,65536,24,4,13,0.000399153,1,25603.152568
294,308315174,8,212,222249292,223231744,65536,24,4,13,0.000398687,1,25602.687398
294,308315174,9,215,225393301,226376448,65536,24,4,12,0.000368019,1,25568.019137
294,308315174,10,121,126906949,127430912,1024,20,6,10,0.000307920,1,21659.919695
294,308315174,11,63,66113270,66113280,4096,15,3,14,0.000429356,1,16293.355660
295,309360245,0,246,257912791,258944000,16384,75,13,23,0.000713510,1,79333.510160
295,309360245,1,40,41986401,42968832,65536,39,7,25,0.000771819,1,41767.819333
295,309360245,2,245,256863920,257355520,65536,39,7,20,0.000621581,1,41597.581303
295,309360245,3,289,303058980,304091136,16384,39,7,20,0.000613422,1,41589.421666
295,309360245,4,274,287299757,287819264,16384,39,7,17,0.000525145,1,41489.145187
295,309360245,5,247,258960628,259476736,16384,39,7,17,0.000521408,1,41485.408416
295,309360245,6,221,231673695,232704256,16384,39,7,15,0.000463406,1,41419.406346
295,309360245,7,224,234819972,235802112,65536,39,7,12,0.000368053,1,41312.053000
295,309360245,8,292,306213617,306213632,65536,39,7,12,0.000368053,1,41312.053000
295,309360245,9,248,260009461,260525824,16384,39,7,11,0.000337589,1,41277.589001
295,309360245,10,263,275758173,276786688,16384,36,6,21,0.000647209,1,38427.209295
295,309360245,11,202,211774324,212266240,65536,36,6,21,0.000644093,1,38424.092749
296,310405045,0,262,274710082,275692544,65536,46,8,20,0.000615082,1,48887.081806
296,310405045,1,54,56673889,57165568,65536,46,8,20,0.000613008,1,48885.008030
296,310405045,2,263,275758173,276737536,65536,46,8,17,0.000523931,1,48783.931334
296,310405045,3,63,66113270,66604800,65536,46,8,16,0.000490076,1,48746.075962
296,310405045,4,238,249525609,250016768,65536,46,8,16,0.000490076,1,48746.075962
296,310405045,5,230,241116537,241116672,65536,46,8,12,0.000367557,1,48607.556971
296,310405045,6,78,81846058,82362624,16384,39,7,22,0.000677069,1,41661.068907
296,310405045,7,5,5243475,5759488,16384,39,7,19,0.000671212,1,41643.212068
296,310405045,8,199,208625786,208625920,4096,39,7,20,0.000612595,1,41588.594952
296,310405045,9,98,102809583,102809600,4096,39,7,19,0.000581965,1,41553.965205
296,310405045,10,136,142635942,143152128,16384,39,7,19,0.000581965,1,41553.965205
296,310405045,11,61,64013943,64530688,16384,39,7,16,0.000490076,1,41450.075962
297,311453368,0,246,257912791,258944000,16384,102,18,28,0.000868621,1,107796.621064
297,311453368,1,245,256863920,257355520,65536,87,15,27,0.000839135,1,92019.134759
297,311453368,2,40,41986401,42968832,65536,87,15,25,0.000773802,1,91945.802154
297,311453368,3,292,306213617,306213632,65536,87,15,22,0.000680946,1,91840.945896
297,311453368,4,248,260009461,260525824,16384,87,15,20,0.000619042,1,91771.041723
297,311453368,5,224,234819972,235802112,65536,87,15,19,0.000588090,1,91736.089637
297,311453368,6,247,258960628,259476736,16384,87,15,18,0.000557138,1,91701.137551
297,311453368,7,274,287299757,287819264,16384,87,15,18,0.000557138,1,91701.137551
297,311453368,8,221,231673695,232704256,16384,87,15,16,0.000495233,1,91631.233379
297,311453368,9,289,303058980,304091136,16384,87,15,15,0.000464281,1,91596.281293
297,311453368,10,136,142635942,143680512,4096,46,12,31,0.000959515,1,49787.514671
297,311453368,11,63,66113270,66113280,4096,24,6,22,0.000680946,1,26176.945896
298,312501489,0,246,257912791,258944000,16384,170,26,26,0.000806577,1,178382.576702
298,312501489,1,212,222249292,223231744,65536,96,14,24,0.000743886,1,100999.886185
298,312501489,2,59,61910108,62403072,65536,96,14,23,0.000712891,1,100964.890928
298,312501489,3,243,254771951,254771968,65536,96,14,21,0.000650900,1,100894.900412
298,312501489,4,234,245326624,245326848,65536,96,14,20,0.000619905,1,100859.905155
298,312501489,5,202,211774324,212266240,65536,96,14,18,0.000557915,1,100789.914639
298,312501489,6,215,225393301,226376448,65536,96,14,18,0.000557915,1,100789.914639
298,312501489,7,257,269464779,270447360,65536,96,14,18,0.000557915,1,100789.914639
298,312501489,8,53,55623067,56115712,65536,96,14,13,0.000402938,1,100614.938350
298,312501489,9,274,287299757,287819264,16384,74,12,29,0.000898862,1,78390.862474
298,312501489,10,245,256863920,257355520,65536,74,12,25,0.000776977,1,78252.976629
298,312501489,11,247,258960628,259476736,16384,74,12,24,0.000743886,1,78215.886185
299,313551825,0,246,257912791,257912832,16384,48,8,26,0.000806577,1,51150.576702
299,313551825,1,40,41986401,42968832,65536,48,8,26,0.000802692,1,51146.692106
299,313551825,2,289,303058980,304091136,16384,48,8,22,0.000673772,1,51001.771898
299,313551825,3,247,258960628,259476736,16384,48,8,22,0.000673731,1,51001.730630
299,313551825,4,245,256863920,257355520,65536,48,8,21,0.000652660,1,50976.660368
299,313551825,5,248,260009461,260525824,16384,48,8,19,0.000583108,1,50899.108274
299,313551825,6,224,234819972,235802112,65536,48,8,19,0.000581751,1,50897.751378
299,313551825,7,274,287299757,287819264,16384,48,8,18,0.000556036,1,50868.036081
299,313551825,8,292,306213617,306213632,65536,48,8,15,0.000458561,1,50758.561340
299,313551825,9,221,231673695,232704256,16384,48,8,12,0.000370725,1,50658.725076
299,313551825,10,136,142635942,143680512,4096,34,8,19,0.000580862,1,36560.862122
299,313551825,11,219,229584458,230104064,4096,26,6,21,0.000646174,1,28186.173728
300,314600538,0,299,313551825,314534912,65536,108,20,19,0.000591845,1,113883.844999
300,314600538,1,245,256863920,257355520,65536,71,13,26,0.000809893,1,75345.893156
300,314600538,2,40,41986401,42968832,65536,71,13,24,0.000747594,1,75275.593683
300,314600538,3,246,257912791,257912832,16384,71,13,23,0.000716444,1,75240.443946
300,314600538,4,247,258960628,259476736,16384,71,13,20,0.000622995,1,75134.994736
300,314600538,5,289,303058980,304091136,16384,71,13,20,0.000622995,1,75134.994736
300,314600538,6,274,287299757,287819264,16384,71,13,19,0.000591845,1,75099.844999
300,314600538,7,248,260009461,260525824,16384,71,13,17,0.000529546,1,75029.545525
300,314600538,8,224,234819972,235802112,65536,71,13,16,0.000498396,1,74994.395789
300,314600538,9,292,306213617,306213632,65536,71,13,14,0.000436096,1,74924.096315
300,314600538,10,136,142635942,143680512,4096,49,11,31,0.000965642,1,52737.641840
300,314600538,11,98,102809583,102809600,4096,41,7,26,0.000809893,1,43857.893156
301,315647810,0,246,257912791,258944000,16384,45,7,26,0.000806577,1,47950.576702
301,315647810,1,136,142635942,143680512,4096,42,10,24,0.000733721,1,45181.720575
301,315647810,2,40,41986401,42508288,4096,42,10,22,0.000679201,1,45119.201013
301,315647810,3,251,263175200,263175424,1024,25,7,25,0.000763242,1,27423.242253
301,315647810,4,299,313551825,314534912,65536,24,4,36,0.001100547,1,26396.547217
301,315647810,5,219,229584458,230104064,4096,24,6,22,0.000676944,1,26172.943906
301,315647810,6,224,234819972,235802112,65536,24,4,23,0.000704225,1,25948.225352
301,315647810,7,168,176163948,176164096,1024,24,6,15,0.000466621,1,25934.621041
301,315647810,8,274,287299757,287819264,16384,24,4,20,0.000617818,1,25849.817867
301,315647810,9,86,90235200,90757632,4096,24,6,12,0.000367557,1,25823.556971
301,315647810,10,248,260009461,260525824,16384,24,4,18,0.000552418,1,25776.418365
301,315647810,11,245,256863920,257355520,65536,24,4,16,0.000497265,1,25713.265042
302,316704783,0,246,257912791,258944000,16384,81,13,20,0.000620444,1,85372.443617
302,316704783,1,212,222249292,223231744,65536,42,6,22,0.000673524,1,44601.524369
302,316704783,2,59,61910108,62403072,65536,42,6,20,0.000611770,1,44531.770464
302,316704783,3,257,269464779,270447360,65536,42,6,18,0.000551082,1,44463.082264
302,316704783,4,202,211774324,212266240,65536,42,6,18,0.000550846,1,44462.846161
302,316704783,5,53,55623067,56115712,65536,42,6,17,0.000522017,1,44430.016827
302,316704783,6,243,254771951,254771968,65536,42,6,17,0.000521969,1,44429.968743
302,316704783,7,234,245326624,245326848,65536,42,6,16,0.000489416,1,44393.416371
302,316704783,8,215,225393301,226376448,65536,42,6,14,0.000428239,1,44324.239325
302,316704783,9,40,41986401,42968832,65536,39,7,22,0.000679201,1,41663.201013
302,316704783,10,274,287299757,287819264,16384,39,7,21,0.000648709,1,41628.708761
302,316704783,11,299,313551825,314534912,65536,39,7,20,0.000611770,1,41587.770464
303,317753088,0,212,222249292,223231744,65536,45,7,23,0.000705132,1,47837.132136
303,317753088,1,202,211774324,212266240,65536,45,7,22,0.000674474,1,47802.474217
303,317753088,2,246,257912791,258894848,65536,45,7,21,0.000651466,1,47775.465798
303,317753088,3,215,225393301,226376448,65536,45,7,21,0.000643816,1,47767.816298
303,317753088,4,53,55623067,56115712,65536,45,7,20,0.000614137,1,47734.137444
303,317753088,5,257,269464779,270447360,65536,45,7,19,0.000582500,1,47698.500460
303,317753088,6,243,254771951,254771968,65536,45,7,18,0.000552673,1,47664.672787
303,317753088,7,59,61910108,62403072,65536,45,7,17,0.000521185,1,47629.184622
303,317753088,8,234,245326624,245326848,65536,45,7,16,0.000490527,1,47594.526703
303,317753088,9,263,275758173,276786688,16384,24,4,23,0.000708848,1,25952.848276
303,317753088,10,81,84989531,86021632,16384,24,4,14,0.000429211,1,25637.210865
303,317753088,11,122,127956076,127956224,1024,24,4,13,0.000399336,1,25603.336487
304,318803696,0,136,142635942,143680512,4096,43,9,17,0.000521360,1,45837.360444
304,318803696,1,40,41986401,42508288,4096,30,6,21,0.000648328,1,32284.328239
304,318803696,2,246,257912791,258944000,16384,27,5,25,0.000775555,1,29227.554521
304,318803696,3,298,312501489,313018368,16384,24,4,26,0.000805877,1,26061.876701
304,318803696,4,5,5243475,5759488,16384,23,5,18,0.000635885,1,24963.885117
304,318803696,5,61,64013943,64530688,16384,23,5,19,0.000582697,1,24914.696967
304,318803696,6,98,102809583,102809600,4096,23,5,18,0.000552029,1,24880.028705
304,318803696,7,78,81846058,82362624,16384,23,5,16,0.000492414,1,24812.413751
304,318803696,8,63,66113270,66113280,4096,23,5,16,0.000490692,1,24810.692183
304,318803696,9,199,208625786,208625920,4096,23,5,14,0.000429356,1,24741.355660
304,318803696,10,232,243222974,243223040,256,23,5,13,0.000398687,1,24706.687398
304,318803696,11,251,263175200,263175424,1024,20,4,19,0.000582697,1,21714.696967
305,319853216,0,136,142635942,143680512,4096,29,7,15,0.000459967,1,31175.967496
305,319853216,1,40,41986401,42508288,4096,25,5,20,0.000617455,1,27001.455466
305,319853216,2,94,98619736,98619904,65536,25,5,17,0.000521296,1,26893.296495
305,319853216,3,105,110158158,110650368,65536,25,5,16,0.000494713,1,26862.712757
305,319853216,4,297,311453368,312435712,65536,25,5,13,0.000402377,1,26758.377120
305,319853216,5,78,81846058,82830080,65536,21,3,17,0.000523190,1,22543.189610
305,319853216,6,64,67162195,67686144,1024,19,9,19,0.000583072,1,21331.072485
305,319853216,7,263,275758173,276802048,1024,15,3,22,0.000678029,1,16574.028785
305,319853216,8,168,176163948,176164096,1024,15,3,21,0.000653269,1,16545.269458
305,319853216,9,219,229584458,230104064,4096,15,3,18,0.000553863,1,16433.863196
305,319853216,10,251,263175200,263175424,1024,15,3,17,0.000521296,1,16397.296495
305,319853216,11,86,90235200,90757632,4096,15,3,13,0.000398638,1,16258.638496
306,320900148,0,115,120628164,121119232,65536,71,13,22,0.000685081,1,75205.080808
306,320900148,1,165,173025176,173025280,65536,50,10,16,0.000489356,1,53097.356496
306,320900148,2,16,16797859,16797952,4096,38,8,17,0.000520977,1,40588.976985
306,320900148,3,13,13641602,13641728,16384,29,5,14,0.000427964,1,30883.964418
306,320900148,4,152,159408987,159930880,4096,28,6,23,0.000704376,1,30300.376321
306,320900148,5,166,174073824,175045632,65536,28,6,21,0.000649371,1,30237.370729
306,320900148,6,163,170930787,171420416,65536,28,6,21,0.000644528,1,30232.527653
306,320900148,7,158,165692357,166214656,4096,28,6,21,0.000642595,1,30230.594859
306,320900148,8,173,181386073,181910016,4096,28,6,19,0.000580809,1,30160.808853
306,320900148,9,169,177194672,178227200,16384,28,6,17,0.000519782,1,30091.782303
306,320900148,10,2,2097908,2097920,16384,28,6,15,0.000493974,1,30057.973523
306,320900148,11,159,166741011,166741248,4096,28,6,15,0.000459137,1,30023.136823
306,320900148,12,115,120628164,121143808,16384,71,13,22,0.000685081,1,75205.080808
307,321949082,0,163,170930787,171420416,65536,52,10,26,0.000797987,1,55493.986618
307,321949082,1,169,177194672,178227200,16384,52,10,22,0.000672742,1,55352.741728
307,321949082,2,2,2097908,2097920,16384,52,10,19,0.000625700,1,55293.699796
307,321949082,3,166,174073824,175045632,65536,52,10,19,0.000587526,1,55255.525898
307,321949082,4,290,304107543,305098496,65536,52,10,18,0.000550425,1,55214.425050
307,321949082,5,1,1048219,1048320,65536,52,10,15,0.000501790,1,55153.789717
307,321949082,6,159,166741011,166741248,4096,52,10,16,0.000489746,1,55145.745944
307,321949082,7,3,3146668,4129792,65536,52,10,12,0.000373088,1,55013.087924
307,321949082,8,16,16797859,16797952,4096,42,10,18,0.000551623,1,44975.622690
307,321949082,9,13,13641602,13641728,16384,35,7,20,0.000611583,1,37491.583389
307,321949082,10,259,271563651,272595968,16384,35,7,16,0.000490421,1,37354.421456
307,321949082,11,115,120628164,121671680,4096,32,8,25,0.000778501,1,34734.500919
307,321949082,12,1,1048219,1540096,65536,52,10,15,0.000501790,1,55153.789717
307,321949082,13,159,166741011,166741248,16384,52,10,16,0.000489746,1,55145.745944
308,322997753,0,217,227488419,228518144,16384,60,10,40,0.001234492,1,64178.491698
308,322997753,1,218,228534656,229057536,4096,37,9,40,0.001234492,1,40498.491698
308,322997753,2,218,228534656,228534784,65536,21,3,40,0.001234492,1,23346.491698
309,324039683,0,217,227488419,228518144,16384,49,9,57,0.001753091,1,53373.090976
309,324039683,1,308,322997753,323510528,16384,49,9,34,0.001049318,1,52577.317943
309,324039683,2,218,228534656,229057536,4096,23,5,27,0.000829366,1,25193.365689
309,324039683,3,308,322997753,323485952,65536,21,3,34,0.001049318,1,23137.317943
310,325085342,0,246,257912791,258944000,16384,72,12,24,0.000744532,1,76168.532341
310,325085342,1,263,275758173,276802048,1024,65,15,21,0.000647209,1,69275.209295
310,325085342,2,245,256863920,257355520,65536,51,9,23,0.000714818,1,54246.818498
310,325085342,3,247,258960628,259476736,16384,51,9,23,0.000706280,1,54238.279748
310,325085342,4,40,41986401,42968832,65536,51,9,22,0.000679201,1,54207.201013
310,325085342,5,248,260009461,260525824,16384,51,9,22,0.000675572,1,54203.571933
310,325085342,6,274,287299757,287819264,16384,51,9,18,0.000556036,1,54068.036081
310,325085342,7,299,313551825,314534912,65536,51,9,18,0.000552741,1,54064.740673
310,325085342,8,224,234819972,235802112,65536,51,9,16,0.000491325,1,53995.325042
310,325085342,9,292,306213617,306213632,65536,51,9,15,0.000460617,1,53960.617227
310,325085342,10,289,303058980,304091136,16384,51,9,14,0.000429909,1,53925.909412
310,325085342,11,81,84989531,86021632,16384,48,8,21,0.000644864,1,50968.864118
311,326131634,0,217,227488419,228518144,16384,60,10,61,0.001876115,1,64904.114904
311,326131634,1,308,322997753,323510528,16384,60,10,35,0.001080180,1,64004.180236
311,326131634,2,218,228534656,228534784,65536,21,3,37,0.001132434,1,23232.433508
311,326131634,3,309,324039683,325019648,65536,21,3,35,0.001075104,1,23167.103671
311,326131634,4,308,322997753,322997760,65536,21,3,35,0.001080180,1,23172.180236
311,326131634,5,218,228534656,229057536,4096,14,4,37,0.001132434,1,16192.433508
311,326131634,6,309,324039683,325068800,16384,21,3,35,0.001075104,1,23167.103671
312,327181691,0,246,257912791,258944000,16384,72,14,23,0.000713510,1,76389.510160
312,327181691,1,40,41986401,42508288,4096,63,13,21,0.000648328,1,66972.328239
312,327181691,2,274,287299757,287819264,16384,60,12,28,0.000864945,1,64016.945014
312,327181691,3,247,258960628,259476736,16384,60,12,28,0.000858580,1,64010.579664
312,327181691,4,248,260009461,260525824,16384,60,12,22,0.000675178,1,63803.178001
312,327181691,5,224,234819972,235802112,65536,60,12,19,0.000582608,1,63698.607629
312,327181691,6,292,306213617,306213632,65536,60,12,19,0.000582608,1,63698.607629
312,327181691,7,245,256863920,257355520,65536,60,12,18,0.000559423,1,63671.423173
312,327181691,8,299,313551825,314534912,65536,60,12,18,0.000551944,1,63663.944070
312,327181691,9,289,303058980,304091136,16384,60,12,15,0.000459953,1,63559.953391
312,327181691,10,136,142635942,143680512,4096,47,9,20,0.000613271,1,50037.271189
312,327181691,11,219,229584458,230104064,4096,37,7,25,0.000769254,1,39717.254439
313,328229354,0,311,326131634,327165184,16384,81,13,35,0.001069519,1,85881.518717
313,328229354,1,308,322997753,323510528,16384,57,9,33,0.001018456,1,60734.455651
313,328229354,2,217,227488419,228518144,16384,57,9,30,0.000922679,1,60626.679461
313,328229354,3,218,228534656,228534784,65536,24,4,38,0.001163040,1,26467.039819
313,328229354,4,309,324039683,325019648,65536,24,4,21,0.000645062,1,25881.062202
313,328229354,5,311,326131634,326131712,65536,57,9,35,0.001069519,1,60793.518717
313,328229354,6,308,322997753,322997760,65536,24,4,33,0.001018456,1,26302.455651
313,328229354,7,218,228534656,229057536,4096,18,4,38,0.001163040,1,20323.039819
313,328229354,8,309,324039683,325068800,16384,24,4,21,0.000645062,1,25881.062202
314,329292599,0,166,174073824,175045632,65536,90,14,26,0.000803983,1,94923.982807
314,329292599,1,163,170930787,171420416,65536,90,14,24,0.000736603,1,94848.603032
314,329292599,2,169,177194672,178227200,16384,90,14,16,0.000490316,1,94570.316254
314,329292599,3,2,2097908,2097920,16384,90,14,15,0.000493974,1,94569.973523
314,329292599,4,3,3146668,4129792,65536,90,14,14,0.000435269,1,94507.269245
314,329292599,5,159,166741011,166741248,4096,90,14,14,0.000429027,1,94501.026722
314,329292599,6,290,304107543,305098496,65536,90,14,13,0.000398382,1,94466.381956
314,329292599,7,1,1048219,1048320,65536,90,14,7,0.000234169,1,94278.168534
314,329292599,8,13,13641602,13641728,16384,57,9,14,0.000429027,1,60069.026722
314,329292599,9,16,16797859,16797952,4096,46,10,16,0.000490331,1,49002.331280
314,329292599,10,174,182438310,182438400,65536,45,7,24,0.000741084,1,47877.083835
314,329292599,11,170,178243750,178243840,16384,45,7,19,0.000582251,1,47698.250552
315,330339751,0,136,142635942,143680512,4096,49,11,22,0.000676777,1,52412.777310
315,330339751,1,40,41986401,42508288,4096,46,10,18,0.000555710,1,49075.709919
315,330339751,2,312,327181691,327181824,16384,37,7,29,0.000892116,1,39856.115544
315,330339751,3,245,256863920,257355520,65536,37,7,20,0.000621581,1,39549.581303
315,330339751,4,246,257912791,257912832,16384,37,7,20,0.000620444,1,39548.443617
315,330339751,5,248,260009461,260525824,16384,37,7,18,0.000553727,1,39473.726890
315,330339751,6,247,258960628,259476736,16384,37,7,17,0.000522964,1,39438.964285
315,330339751,7,289,303058980,304091136,16384,37,7,16,0.000492202,1,39404.201680
315,330339751,8,292,306213617,306213632,65536,37,7,16,0.000492202,1,39404.201680
315,330339751,9,299,313551825,314534912,65536,37,7,16,0.000492202,1,39404.201680
315,330339751,10,274,287299757,287819264,16384,37,7,15,0.000463363,1,39371.363400
315,330339751,11,303,317753088,318787072,16384,32,6,24,0.000738303,1,34434.302519
316,331388016,0,217,227488419,228518144,16384,63,11,41,0.001260995,1,67408.995264
316,331388016,1,311,326131634,326131712,65536,63,11,27,0.000825057,1,66917.057296
316,331388016,2,308,322997753,323510528,16384,63,11,22,0.000678970,1,66750.970434
316,331388016,3,218,228534656,229057536,4096,30,6,27,0.000826370,1,32486.370398
316,331388016,4,309,324039683,324561920,1024,3,1,20,0.000614345,1,3958.344955
316,331388016,5,313,328229354,328229376,256,1,1,28,0.000854310,1,2182.309687
316,331388016,6,311,326131634,327165184,16384,63,11,27,0.000825057,1,66917.057296
316,331388016,7,309,324039683,324562432,256,3,1,20,0.000614345,1,3958.344955
317,332440739,0,248,260009461,260525824,16384,51,9,30,0.000928132,1,54488.131671
317,332440739,1,245,256863920,257355520,65536,51,9,29,0.000901293,1,54457.292889
317,332440739,2,312,327181691,327181824,16384,51,9,22,0.000680630,1,54208.629892
317,332440739,3,247,258960628,259476736,16384,51,9,20,0.000618754,1,54138.754447
317,332440739,4,246,257912791,257912832,16384,51,9,19,0.000589421,1,54105.421436
317,332440739,5,40,41986401,42968832,65536,51,9,18,0.000556879,1,54068.879003
317,332440739,6,274,287299757,287819264,16384,51,9,17,0.000525941,1,54033.941280
317,332440739,7,292,306213617,306213632,65536,51,9,16,0.000495004,1,53999.003558
317,332440739,8,299,313551825,314534912,65536,51,9,15,0.000464066,1,53964.065835
317,332440739,9,289,303058980,304091136,16384,51,9,10,0.000309377,1,53789.377224
317,332440739,10,136,142635942,143680512,4096,28,6,22,0.000680630,1,30272.629892
317,332440739,11,251,263175200,263175424,1024,23,5,21,0.000649692,1,24989.692170
318,333480710,0,136,142635942,143680512,4096,48,10,18,0.000550779,1,51118.778740
318,333480710,1,81,84989531,86021632,16384,36,6,15,0.000458982,1,38214.982283
318,333480710,2,263,275758173,276786688,16384,36,6,11,0.000339014,1,38079.014393
318,333480710,3,122,127956076,127956224,1024,36,6,10,0.000307182,1,38043.181913
318,333480710,4,40,41986401,42508288,4096,35,7,16,0.000493964,1,37357.964373
318,333480710,5,246,257912791,257912832,4096,28,6,21,0.000651466,1,30239.465798
318,333480710,6,63,66113270,66113280,4096,28,6,17,0.000520483,1,30092.482518
318,333480710,7,232,243222974,243223040,256,28,6,10,0.000305988,1,29849.988189
318,333480710,8,248,260009461,260525824,16384,24,4,26,0.000797938,1,26053.937638
318,333480710,9,312,327181691,327181824,16384,24,4,26,0.000797253,1,26053.252545
318,333480710,10,245,256863920,257355520,65536,24,4,20,0.000621581,1,25853.581303
318,333480710,11,247,258960628,259476736,16384,24,4,20,0.000612482,1,25844.482391
319,334529865,0,248,260009461,260525824,16384,84,14,46,0.001411736,1,89467.735821
319,334529865,1,245,256863920,257355520,65536,84,14,44,0.001367479,1,89415.478866
319,334529865,2,246,257912791,257912832,16384,84,14,28,0.000868621,1,88852.621064
319,334529865,3,40,41986401,42968832,65536,84,14,27,0.000833565,1,88813.564879
319,334529865,4,247,258960628,259476736,16384,84,14,25,0.000766119,1,88738.119147
319,334529865,5,274,287299757,287819264,16384,84,14,22,0.000679600,1,88639.599654
319,334529865,6,292,306213617,306213632,65536,84,14,22,0.000674185,1,88634.184849
319,334529865,7,312,327181691,327181824,16384,84,14,20,0.000613271,1,88565.271189
319,334529865,8,299,313551825,314534912,65536,84,14,18,0.000551606,1,88495.605786
319,334529865,9,289,303058980,304091136,16384,84,14,11,0.000337092,1,88253.092425
319,334529865,10,136,142635942,143680512,4096,63,15,24,0.000735474,1,67327.474381
319,334529865,11,251,263175200,263175424,1024,37,9,21,0.000643540,1,39831.540083
320,335577819,0,247,258960628,259476736,16384,81,17,22,0.000677277,1,85949.277345
320,335577819,1,246,257912791,257912832,16384,73,15,37,0.001147821,1,78031.820692
320,335577819,2,245,256863920,257355520,65536,73,15,35,0.001087767,1,77963.767280
320,335577819,3,312,327181691,327181824,16384,73,15,28,0.000861989,1,77709.989348
320,335577819,4,248,260009461,260525824,16384,73,15,26,0.000800419,1,77640.418681
320,335577819,5,40,41986401,42968832,65536,73,15,21,0.000648328,1,77468.328239
320,335577819,6,299,313551825,314534912,65536,73,15,20,0.000615707,1,77431.706677
320,335577819,7,274,287299757,287819264,16384,73,15,18,0.000556036,1,77364.036081
320,335577819,8,292,306213617,306213632,65536,73,15,17,0.000523351,1,77327.350676
320,335577819,9,289,303058980,304091136,16384,73,15,16,0.000492565,1,77292.565342
320,335577819,10,263,275758173,276802048,1024,45,9,20,0.000616390,1,47992.389805
320,335577819,11,81,84989531,86021632,16384,42,8,21,0.000646492,1,44826.492011
321,336621386,0,217,227488419,228518144,16384,48,8,24,0.000738144,1,51074.143569
321,336621386,1,308,322997753,323510528,16384,48,8,20,0.000617246,1,50937.245849
321,336621386,2,311,326131634,326131712,65536,48,8,20,0.000611154,1,50931.153552
321,336621386,3,218,228534656,229057536,4096,23,5,19,0.000581520,1,24913.519909
321,336621386,4,309,324039683,324561920,1024,3,1,24,0.000737214,1,4097.213946
321,336621386,5,311,326131634,327165184,16384,48,8,20,0.000611154,1,50931.153552
321,336621386,6,309,324039683,324562432,256,3,1,24,0.000737214,1,4097.213946
322,337672152,0,246,257912791,258944000,16384,50,8,27,0.000837599,1,53233.598883
322,337672152,1,257,269464779,270447360,65536,42,6,25,0.000768191,1,44708.190757
322,337672152,2,312,327181691,327181824,65536,42,6,25,0.000768191,1,44708.190757
322,337672152,3,212,222249292,223231744,65536,42,6,24,0.000737463,1,44673.463127
322,337672152,4,243,254771951,254771968,65536,42,6,24,0.000737463,1,44673.463127
322,337672152,5,59,61910108,62403072,65536,42,6,19,0.000583825,1,44499.824975
322,337672152,6,215,225393301,226376448,65536,42,6,19,0.000583825,1,44499.824975
322,337672152,7,234,245326624,245326848,65536,42,6,15,0.000460914,1,44360.914454
322,337672152,8,53,55623067,56115712,65536,42,6,14,0.000430187,1,44326.186824
322,337672152,9,5,5243475,5759488,16384,24,4,24,0.000847847,1,26095.846822
322,337672152,10,136,142635942,143152128,16384,24,4,24,0.000737463,1,25985.463127
322,337672152,11,78,81846058,82362624,16384,24,4,23,0.000707845,1,25951.844767
323,338718959,0,246,257912791,258944000,16384,138,22,21,0.000657154,1,144933.153586
323,338718959,1,322,337672152,338187264,16384,75,13,148,0.004631368,1,83751.368131
323,338718959,2,40,41986401,42968832,65536,75,13,27,0.000844912,1,79480.911754
323,338718959,3,247,258960628,259476736,16384,75,13,27,0.000844912,1,79480.911754
323,338718959,4,299,313551825,314534912,65536,75,13,26,0.000813619,1,79445.618726
323,338718959,5,274,287299757,287819264,16384,75,13,22,0.000688447,1,79304.446614
323,338718959,6,312,327181691,327181824,16384,75,13,19,0.000594568,1,79198.567530
323,338718959,7,248,260009461,260525824,16384,75,13,18,0.000563275,1,79163.274502
323,338718959,8,289,303058980,304091136,16384,75,13,18,0.000563275,1,79163.274502
323,338718959,9,292,306213617,306213632,65536,75,13,14,0.000438102,1,79022.102391
323,338718959,10,59,61910108,62403072,65536,63,9,25,0.000782326,1,66610.325698
323,338718959,11,234,245326624,245326848,65536,63,9,22,0.000688447,1,66504.446614
324,339763454,0,246,257912791,258944000,16384,85,15,25,0.000776904,1,89900.904192
324,339763454,1,322,337672152,338187264,16384,43,9,134,0.004164206,1,49948.206470
324,339763454,2,247,258960628,259476736,16384,43,9,26,0.000807980,1,46159.980360
324,339763454,3,40,41986401,42968832,65536,43,9,20,0.000621523,1,45949.523354
324,339763454,4,274,287299757,287819264,16384,43,9,20,0.000621523,1,45949.523354
324,339763454,5,299,313551825,314534912,65536,43,9,20,0.000621523,1,45949.523354
324,339763454,6,312,327181691,327181824,16384,43,9,19,0.000590447,1,45914.447186
324,339763454,7,292,306213617,306213632,65536,43,9,17,0.000528295,1,45844.294851
324,339763454,8,248,260009461,260525824,16384,43,9,16,0.000497219,1,45809.218683
324,339763454,9,289,303058980,304091136,16384,43,9,12,0.000372914,1,45668.914012
324,339763454,10,212,222249292,223231744,65536,42,6,21,0.000652600,1,44576.599521
324,339763454,11,257,269464779,270447360,65536,42,6,21,0.000652600,1,44576.599521
325,340808487,0,246,257912791,258944000,16384,112,20,27,0.000837599,1,118257.598883
325,340808487,1,322,337672152,338187264,16384,94,18,94,0.002888397,1,101888.397247
325,340808487,2,40,41986401,42968832,65536,79,15,26,0.000802692,1,83786.692106
325,340808487,3,247,258960628,259476736,16384,79,15,20,0.000612482,1,83572.482391
325,340808487,4,248,260009461,260525824,16384,79,15,19,0.000583108,1,83539.108274
325,340808487,5,274,287299757,287819264,16384,79,15,18,0.000556036,1,83508.036081
325,340808487,6,312,327181691,327181824,16384,79,15,18,0.000551944,1,83503.944070
325,340808487,7,292,306213617,306213632,65536,79,15,16,0.000484775,1,83428.775034
325,340808487,8,289,303058980,304091136,16384,79,15,14,0.000428764,1,83364.763935
325,340808487,9,299,313551825,314534912,65536,79,15,14,0.000427991,1,83363.990584
325,340808487,10,136,142635942,143680512,4096,43,9,20,0.000611434,1,45939.433812
325,340808487,11,251,263175200,263175424,1024,38,8,25,0.000763242,1,40863.242253
326,341876811,0,322,337672152,338187264,16384,87,15,37,0.001136922,1,92356.922321
326,341876811,1,40,41986401,42968832,65536,87,15,28,0.000864438,1,92048.437652
326,341876811,2,246,257912791,257912832,16384,87,15,21,0.000651466,1,91807.465798
326,341876811,3,248,260009461,260525824,16384,87,15,21,0.000644488,1,91800.488092
326,341876811,4,274,287299757,287819264,16384,87,15,20,0.000617818,1,91769.817867
326,341876811,5,247,258960628,259476736,16384,87,15,20,0.000612482,1,91764.482391
326,341876811,6,299,313551825,314534912,65536,87,15,18,0.000550274,1,91694.273608
326,341876811,7,292,306213617,306213632,65536,87,15,18,0.000549719,1,91693.719032
326,341876811,8,312,327181691,327181824,16384,87,15,17,0.000521281,1,91661.280510
326,341876811,9,289,303058980,304091136,16384,87,15,15,0.000459390,1,91591.389930
326,341876811,10,136,142635942,143680512,4096,43,11,21,0.000642006,1,46230.005503
326,341876811,11,54,56673889,56674048,65536,24,4,24,0.000735610,1,25983.609636
327,342927321,0,246,257912791,258944000,16384,81,13,30,0.000930665,1,85722.665426
327,342927321,1,40,41986401,42508288,4096,59,13,31,0.000957056,1,63225.055972
327,342927321,2,322,337672152,338187264,16384,48,8,25,0.000768285,1,51108.285187
327,342927321,3,257,269464779,270447360,65536,45,7,26,0.000799017,1,47943.016595
327,342927321,4,215,225393301,226376448,65536,45,7,23,0.000706822,1,47838.822372
327,342927321,5,59,61910108,62403072,65536,45,7,22,0.000676091,1,47804.090965
327,342927321,6,234,245326624,245326848,65536,45,7,22,0.000676091,1,47804.090965
327,342927321,7,312,327181691,327181824,65536,45,7,22,0.000676091,1,47804.090965
327,342927321,8,212,222249292,223231744,65536,45,7,20,0.000614628,1,47734.628150
327,342927321,9,243,254771951,254771968,65536,45,7,18,0.000553165,1,47665.165335
327,342927321,10,53,55623067,56115712,65536,45,7,14,0.000430240,1,47526.239705
327,342927321,11,41,43034573,43556352,4096,44,10,31,0.000963810,1,47487.810471
328,343975157,0,136,142635942,143680512,4096,51,11,26,0.000803461,1,54603.461063
328,343975157,1,40,41986401,42508288,4096,51,11,18,0.000556242,1,54324.242274
328,343975157,2,322,337672152,338187264,16384,44,8,24,0.000741656,1,46981.656366
328,343975157,3,251,263175200,263175424,1024,36,8,17,0.000525340,1,38545.339926
328,343975157,4,219,229584458,230104064,4096,33,7,17,0.000525340,1,35345.339926
328,343975157,5,168,176163948,176164096,1024,33,7,16,0.000497729,1,35313.729111
328,343975157,6,86,90235200,90757632,4096,33,7,16,0.000494438,1,35310.437577
328,343975157,7,246,257912791,258944000,16384,32,6,29,0.000899643,1,34615.643245
328,343975157,8,289,303058980,304091136,16384,32,6,21,0.000648949,1,34332.949320
328,343975157,9,274,287299757,287819264,16384,32,6,20,0.000618047,1,34298.046972
328,343975157,10,248,260009461,260525824,16384,32,6,19,0.000587145,1,34263.144623
328,343975157,11,247,258960628,259476736,16384,32,6,18,0.000556242,1,34228.242274
329,345017453,0,169,177194672,178227200,16384,54,10,21,0.000644805,1,57368.804716
329,345017453,1,2,2097908,2097920,16384,54,10,19,0.000625700,1,57341.699796
329,345017453,2,163,170930787,171420416,65536,54,10,16,0.000491280,1,57195.279784
329,345017453,3,290,304107543,305098496,65536,54,10,15,0.000460575,1,57160.574797
329,345017453,4,166,174073824,175045632,65536,54,10,14,0.000432914,1,57128.913819
329,345017453,5,159,166741011,166741248,4096,54,10,13,0.000399165,1,57091.164824
329,345017453,6,3,3146668,4129792,65536,54,10,9,0.000279816,1,56955.815943
329,345017453,7,1,1048219,1048320,65536,54,10,8,0.000267621,1,56939.621182
329,345017453,8,115,120628164,121671680,4096,39,9,23,0.000716221,1,41960.220845
329,345017453,9,16,16797859,16797952,4096,28,6,13,0.000399165,1,29955.164824
329,345017453,10,157,164645993,165691136,1024,27,7,21,0.000644805,1,29336.804716
329,345017453,11,307,321949082,322472704,1024,24,6,15,0.000460575,1,25928.574797
330,346065653,0,328,343975157,345013248,4096,61,11,16,0.000506473,1,64506.473363
330,346065653,1,322,337672152,338187264,16384,53,9,9,0.000284891,1,55808.891266
330,346065653,2,40,41986401,42508288,4096,38,8,14,0.000443164,1,40499.164192
330,346065653,3,248,260009461,260525824,16384,36,6,15,0.000474819,1,38230.818777
330,346065653,4,274,287299757,287819264,16384,36,6,12,0.000379855,1,38123.855022
330,346065653,5,289,303058980,304091136,16384,36,6,12,0.000379855,1,38123.855022
330,346065653,6,292,306213617,306213632,65536,36,6,12,0.000379855,1,38123.855022
330,346065653,7,312,327181691,327181824,16384,36,6,12,0.000379855,1,38123.855022
330,346065653,8,299,313551825,314534912,65536,36,6,10,0.000316546,1,38052.545852
330,346065653,9,326,341876811,342910720,16384,36,6,8,0.000253237,1,37981.236681
330,346065653,10,136,142635942,143680512,4096,33,7,10,0.000316546,1,35108.545852
330,346065653,11,251,263175200,263175424,1024,25,5,11,0.000348200,1,26696.200437
331,347083973,0,328,343975157,345013248,4096,66,12,22,0.000679852,1,69951.851669
331,347083973,1,322,337672152,338187264,16384,59,11,15,0.000460914,1,62408.914454
331,347083973,2,40,41986401,42968832,65536,51,9,19,0.000586583,1,54102.582693
331,347083973,3,274,287299757,287819264,16384,51,9,18,0.000556036,1,54068.036081
331,347083973,4,248,260009461,260525824,16384,51,9,18,0.000552418,1,54064.418365
331,347083973,5,326,341876811,342910720,16384,51,9,17,0.000520100,1,54028.100349
331,347083973,6,292,306213617,306213632,65536,51,9,14,0.000428318,1,53924.317934
331,347083973,7,312,327181691,327181824,16384,51,9,13,0.000398626,1,53890.626273
331,347083973,8,289,303058980,304091136,16384,51,9,13,0.000398138,1,53890.137939
331,347083973,9,299,313551825,314534912,65536,51,9,13,0.000397724,1,53889.723796
331,347083973,10,136,142635942,143680512,4096,33,7,26,0.000795448,1,35651.447592
331,347083973,11,297,311453368,312435712,65536,21,3,20,0.000619042,1,22651.041723
332,348133198,0,40,41986401,42508288,4096,51,11,26,0.000802692,1,54602.692106
332,348133198,1,322,337672152,338187264,16384,49,9,23,0.000706735,1,52190.735497
332,348133198,2,41,43034573,43556352,4096,36,8,23,0.000715085,1,38759.085188
332,348133198,3,279,292572130,293093888,4096,36,8,21,0.000645161,1,38681.161290
332,348133198,4,50,52478164,53000448,4096,36,8,20,0.000613685,1,38645.685180
332,348133198,5,193,202341339,203385344,4096,36,8,20,0.000613685,1,38645.685180
332,348133198,6,67,70308921,70309120,4096,36,8,19,0.000583001,1,38611.000921
332,348133198,7,136,142635942,143158272,4096,36,8,18,0.000552317,1,38576.316662
332,348133198,8,219,229584458,229584640,4096,36,8,17,0.000523093,1,38543.093018
332,348133198,9,224,234819972,234820096,4096,36,8,17,0.000521632,1,38541.632403
332,348133198,10,254,266318882,266841600,4096,36,8,16,0.000490948,1,38506.948144
332,348133198,11,328,343975157,345013248,4096,36,6,19,0.000587145,1,38359.144623
333,349177998,0,163,170930787,171420416,65536,52,8,20,0.000613836,1,55029.835860
333,349177998,1,290,304107543,305098496,65536,52,8,18,0.000549182,1,54957.182329
333,349177998,2,159,166741011,166741248,4096,52,8,16,0.000489746,1,54889.745944
333,349177998,3,169,177194672,178227200,16384,52,8,14,0.000428056,1,54820.056014
333,349177998,4,166,174073824,175045632,65536,52,8,13,0.000401991,1,54789.991404
333,349177998,5,2,2097908,2097920,16384,52,8,11,0.000362247,1,54742.247250
333,349177998,6,1,1048219,1048320,65536,52,8,10,0.000334526,1,54710.526478
333,349177998,7,3,3146668,4129792,65536,52,8,10,0.000310907,1,54686.906604
333,349177998,8,115,120628164,121671680,4096,29,7,21,0.000653941,1,31393.940772
333,349177998,9,16,16797859,16797952,4096,29,7,11,0.000337103,1,31037.102755
333,349177998,10,26,27289725,27812352,4096,19,5,21,0.000642890,1,20886.889943
333,349177998,11,15,15749490,16271616,4096,19,5,16,0.000494270,1,20718.269562
334,350229990,0,136,142635942,143680512,4096,36,8,14,0.000429725,1,38437.724669
334,350229990,1,328,343975157,345013248,4096,30,6,15,0.000463535,1,32075.535229
334,350229990,2,40,41986401,42508288,4096,27,7,23,0.000710074,1,29410.073786
334,350229990,3,263,275758173,276737536,65536,21,3,20,0.000616390,1,22648.389805
334,350229990,4,262,274710082,275692544,65536,21,3,20,0.000615082,1,22647.081806
334,350229990,5,54,56673889,57165568,65536,21,3,20,0.000613892,1,22645.892385
334,350229990,6,319,334529865,334530048,65536,21,3,20,0.000613892,1,22645.892385
334,350229990,7,298,312501489,312993792,65536,21,3,18,0.000557915,1,22581.914639
334,350229990,8,238,249525609,250016768,65536,21,3,17,0.000521809,1,22541.808527
334,350229990,9,63,66113270,66604800,65536,21,3,15,0.000460419,1,22472.419288
334,350229990,10,246,257912791,257912832,4096,18,4,26,0.000806577,1,19918.576702
334,350229990,11,251,263175200,263175424,1024,18,4,20,0.000613892,1,19701.892385
335,351277904,0,328,343975157,345013248,4096,91,17,23,0.000710754,1,96226.754017
335,351277904,1,40,41986401,42508288,4096,66,16,22,0.000679201,1,70463.201013
335,351277904,2,248,260009461,260525824,16384,64,10,21,0.000646134,1,67610.133965
335,351277904,3,299,313551825,314534912,65536,64,10,20,0.000615366,1,67575.365681
335,351277904,4,322,337672152,338187264,16384,64,10,20,0.000615366,1,67575.365681
335,351277904,5,312,327181691,327181824,16384,64,10,18,0.000553829,1,67505.829113
335,351277904,6,289,303058980,304091136,16384,64,10,17,0.000523061,1,67471.060829
335,351277904,7,274,287299757,287819264,16384,64,10,16,0.000494254,1,67438.254294
335,351277904,8,326,341876811,342910720,16384,64,10,16,0.000492293,1,67436.292545
335,351277904,9,292,306213617,306213632,65536,64,10,10,0.000307683,1,67227.682841
335,351277904,10,136,142635942,143158272,4096,39,9,25,0.000769207,1,42021.207101
335,351277904,11,50,52478164,53000448,4096,39,9,23,0.000707671,1,41951.670533
336,352326203,0,328,343975157,345013248,4096,49,9,23,0.000710754,1,52194.754017
336,352326203,1,322,337672152,338187264,16384,48,8,20,0.000614553,1,50934.552606
336,352326203,2,248,260009461,260525824,16384,36,6,28,0.000859317,1,38667.317456
336,352326203,3,40,41986401,42968832,65536,36,6,18,0.000555710,1,38323.709919
336,352326203,4,299,313551825,314534912,65536,36,6,18,0.000550274,1,38318.273608
336,352326203,5,312,327181691,327181824,16384,36,6,17,0.000521281,1,38285.280510
336,352326203,6,326,341876811,342910720,16384,36,6,16,0.000488639,1,38248.639140
336,352326203,7,274,287299757,287819264,16384,36,6,15,0.000463363,1,38219.363400
336,352326203,8,289,303058980,304091136,16384,36,6,14,0.000428764,1,38180.763935
336,352326203,9,292,306213617,306213632,65536,36,6,13,0.000394298,1,38142.297847
336,352326203,10,136,142635942,143680512,4096,26,6,21,0.000642006,1,28182.005503
336,352326203,11,319,334529865,334530048,65536,21,3,22,0.000674185,1,22714.184849
337,353383288,0,69,72413180,73457664,4096,18,4,13,0.000400135,1,19460.135430
337,353383288,1,100,104910507,104910592,4096,18,4,11,0.000338576,1,19390.576133
337,353383288,2,206,215970965,216999424,16384,12,2,17,0.000523980,1,13199.979781
337,353383288,3,207,217015871,218046720,16384,12,2,17,0.000523254,1,13199.254024
337,353383288,4,113,118538560,118538752,16384,12,2,16,0.000493370,1,13165.370336
337,353383288,5,111,116446163,117424640,65536,12,2,16,0.000492474,1,13164.474376
337,353383288,6,284,297815604,298798848,65536,12,2,15,0.000462435,1,13130.434874
337,353383288,7,44,46176335,46694144,16384,12,2,15,0.000462079,1,13130.078738
337,353383288,8,264,276803120,277295872,65536,12,2,13,0.000400135,1,13060.135430
337,353383288,9,239,250573740,250573824,16384,12,2,12,0.000369356,1,13025.355782
337,353383288,10,45,47228198,48260352,16384,12,2,11,0.000338576,1,12990.576133
337,353383288,11,283,296765347,296765440,65536,12,2,11,0.000338576,1,12990.576133
337,353383288,12,69,72413180,73460736,1024,18,4,13,0.000400135,1,19460.135430
337,353383288,13,207,217015871,218062080,1024,3,1,17,0.000523254,1,3855.254024
337,353383288,14,264,276803120,277328128,1024,3,1,13,0.000400135,1,3716.135430
338,354424887,0,40,41986401,42968832,65536,12,2,16,0.000493964,1,13165.964373
338,354424887,1,328,343975157,345000960,16384,12,2,12,0.000370828,1,13026.828183
338,354424887,2,322,337672152,338187264,16384,12,2,12,0.000368732,1,13024.731563
338,354424887,3,326,341876811,342910720,16384,12,2,12,0.000366479,1,13022.479355
338,354424887,4,274,287299757,287819264,16384,12,2,10,0.000308909,1,12956.908934
338,354424887,5,312,327181691,327181824,16384,12,2,10,0.000306636,1,12954.635594
338,354424887,6,292,306213617,306213632,65536,12,2,10,0.000302984,1,12950.984396
338,354424887,7,299,313551825,314534912,65536,12,2,9,0.000275137,1,12919.136804
338,354424887,8,248,260009461,260525824,16384,12,2,8,0.000245519,1,12885.519273
338,354424887,9,289,303058980,304091136,16384,12,2,8,0.000245008,1,12885.007963
338,354424887,10,246,257912791,257912832,4096,5,1,16,0.000496355,1,5872.354894
338,354424887,11,77,80797080,81841920,4096,5,1,15,0.000460575,1,5832.574797
338,354424887,12,40,41986401,43017984,16384,12,2,16,0.000493964,1,13165.964373
338,354424887,13,328,343975157,345013248,4096,12,2,12,0.000370828,1,13026.828183
339,355486094,0,284,297815604,298798848,65536,45,7,17,0.000524093,1,47632.092857
339,355486094,1,111,116446163,117424640,65536,45,7,17,0.000522964,1,47630.964285
339,355486094,2,239,250573740,250573824,16384,45,7,16,0.000489446,1,47593.446314
339,355486094,3,113,118538560,118538752,16384,45,7,15,0.000462535,1,47562.534690
339,355486094,4,45,47228198,48260352,16384,45,7,15,0.000459067,1,47559.066565
339,355486094,5,264,276803120,277295872,65536,45,7,15,0.000458814,1,47558.813813
339,355486094,6,39,40937191,40937216,16384,45,7,14,0.000433947,1,47529.947058
339,355486094,7,44,46176335,46694144,16384,45,7,14,0.000431273,1,47527.273489
339,355486094,8,207,217015871,218046720,16384,45,7,14,0.000428672,1,47524.672035
339,355486094,9,283,296765347,296765440,65536,45,7,13,0.000397639,1,47489.638638
339,355486094,10,206,215970965,216999424,16384,45,7,11,0.000339046,1,47423.045740
339,355486094,11,229,240064753,240064768,65536,45,7,9,0.000275288,1,47351.288288
339,355486094,12,264,276803120,277328128,1024,3,1,15,0.000458814,1,3782.813813
340,356534971,0,322,337672152,338187264,16384,48,8,20,0.000614553,1,50934.552606
340,356534971,1,328,343975157,345013248,4096,37,7,10,0.000309023,1,39197.023486
340,356534971,2,40,41986401,42508288,4096,36,8,22,0.000679201,1,38719.201013
340,356534971,3,263,275758173,276802048,1024,30,6,13,0.000400653,1,32004.653373
340,356534971,4,136,142635942,143680512,4096,27,7,15,0.000458575,1,29126.575359
340,356534971,5,248,260009461,260525824,16384,24,4,20,0.000613798,1,25845.798183
340,356534971,6,299,313551825,314534912,65536,24,4,17,0.000519703,1,25739.702852
340,356534971,7,274,287299757,287819264,16384,24,4,15,0.000463363,1,25675.363400
340,356534971,8,326,341876811,342910720,16384,24,4,15,0.000458379,1,25670.379171
340,356534971,9,292,306213617,306213632,65536,24,4,14,0.000427821,1,25635.820560
340,356534971,10,312,327181691,327181824,16384,24,4,12,0.000367963,1,25567.962713
340,356534971,11,81,84989531,86021632,16384,24,4,12,0.000367006,1,25567.006147
341,357584239,0,328,343975157,345013248,4096,41,9,13,0.000401731,1,43653.730532
341,357584239,1,319,334529865,334530048,65536,33,5,21,0.000644271,1,35224.270594
341,357584239,2,262,274710082,275692544,65536,33,5,18,0.000553574,1,35121.573625
341,357584239,3,63,66113270,66604800,65536,33,5,17,0.000521552,1,35085.552385
341,357584239,4,238,249525609,250016768,65536,33,5,16,0.000490873,1,35050.872833
341,357584239,5,298,312501489,312993792,65536,33,5,14,0.000433934,1,34985.933608
341,357584239,6,263,275758173,276737536,65536,33,5,12,0.000369834,1,34913.833883
341,357584239,7,54,56673889,57165568,65536,33,5,10,0.000306796,1,34842.795521
341,357584239,8,248,260009461,260525824,16384,27,5,21,0.000644488,1,29080.488092
341,357584239,9,136,142635942,143680512,4096,27,7,13,0.000398834,1,29058.834177
341,357584239,10,40,41986401,42968832,65536,27,5,18,0.000555710,1,28979.709919
341,357584239,11,292,306213617,306213632,65536,27,5,16,0.000490873,1,28906.872833
342,358628577,0,102,107006226,107529728,1024,18,4,11,0.000336546,1,19388.545816
342,358628577,1,209,219110557,219625216,16384,15,3,11,0.000337423,1,16189.423313
342,358628577,2,44,46176335,46694144,16384,12,2,15,0.000462079,1,13130.078738
342,358628577,3,206,215970965,216999424,16384,12,2,14,0.000431513,1,13095.512760
342,358628577,4,207,217015871,218046720,16384,12,2,14,0.000428672,1,13092.672035
342,358628577,5,113,118538560,118538752,16384,12,2,13,0.000400863,1,13060.863398
342,358628577,6,284,297815604,298798848,65536,12,2,12,0.000369948,1,13025.947899
342,358628577,7,111,116446163,117424640,65536,12,2,12,0.000369151,1,13025.151260
342,358628577,8,45,47228198,48260352,16384,12,2,12,0.000367253,1,13023.253252
342,358628577,9,239,250573740,250573824,16384,12,2,12,0.000367085,1,13023.084735
342,358628577,10,229,240064753,240064768,65536,12,2,11,0.000336237,1,12988.237200
342,358628577,11,264,276803120,277295872,65536,12,2,10,0.000305670,1,12953.670182
342,358628577,12,102,107006226,107522048,16384,12,2,11,0.000336546,1,12988.545816
342,358628577,13,207,217015871,218062080,1024,6,2,14,0.000428672,1,6948.672035
343,359678422,0,136,142635942,143680512,4096,25,5,12,0.000366860,1,26718.860287
343,359678422,1,89,93379564,93870848,65536,21,3,10,0.000306307,1,22298.306858
343,359678422,2,63,66113270,66113280,4096,20,4,18,0.000551099,1,21679.099137
343,359678422,3,246,257912791,257912832,4096,20,4,15,0.000465333,1,21581.332713
343,359678422,4,232,243222974,243223040,256,20,4,11,0.000335550,1,21435.549997
343,359678422,5,263,275758173,276802048,1024,15,3,13,0.000400653,1,16260.653373
343,359678422,6,81,84989531,86021632,16384,12,2,16,0.000489342,1,13161.341530
343,359678422,7,322,337672152,337672192,16384,12,2,14,0.000430187,1,13094.186824
343,359678422,8,122,127956076,127956224,1024,12,2,12,0.000368618,1,13024.618296
343,359678422,9,40,41986401,42508288,4096,10,2,17,0.000524837,1,11152.837146
343,359678422,10,50,52478164,53000448,4096,5,1,16,0.000490602,1,5866.601907
343,359678422,11,41,43034573,43556352,4096,5,1,14,0.000435269,1,5803.269245
344,360733023,0,40,41986401,42508288,4096,31,7,22,0.000679201,1,33471.201013
344,360733023,1,41,43034573,43556352,4096,23,5,18,0.000559632,1,24887.631887
344,360733023,2,219,229584458,229584640,4096,23,5,17,0.000523093,1,24847.093018
344,360733023,3,193,202341339,203385344,4096,23,5,16,0.000489491,1,24809.491235
344,360733023,4,330,346065653,346572544,4096,23,5,13,0.000411510,1,24719.509607
344,360733023,5,67,70308921,70309120,4096,23,5,13,0.000397882,1,24705.882043
344,360733023,6,279,292572130,293093888,4096,23,5,12,0.000368664,1,24672.663594
344,360733023,7,254,266318882,266841600,4096,23,5,12,0.000367625,1,24671.624533
344,360733023,8,136,142635942,143158272,4096,23,5,12,0.000366995,1,24670.994923
344,360733023,9,50,52478164,53000448,4096,23,5,11,0.000337289,1,24637.288811
344,360733023,10,224,234819972,234820096,4096,23,5,10,0.000306185,1,24602.184936
344,360733023,11,334,350229990,350230016,256,13,3,13,0.000399030,1,14211.030050
344,360733023,12,254,266318882,266843136,1024,23,5,12,0.000367625,1,24671.624533
344,360733023,13,334,350229990,350230016,1024,13,3,13,0.000399030,1,14211.030050
345,361781130,0,115,120628164,121671680,4096,60,14,19,0.000591661,1,63963.660698
345,361781130,1,13,13641602,13641728,16384,59,9,14,0.000432499,1,62120.499228
345,361781130,2,2,2097908,3080960,65536,54,8,20,0.000658631,1,57122.631364
345,361781130,3,174,182438310,182438400,65536,54,8,19,0.000586963,1,57046.963238
345,361781130,4,170,178243750,178243840,16384,54,8,16,0.000494285,1,56942.284832
345,361781130,5,187,196050495,196540416,65536,54,8,15,0.000463392,1,56907.392030
345,361781130,6,171,179295928,179786752,65536,54,8,12,0.000370714,1,56802.713624
345,361781130,7,172,180343252,180343296,65536,54,8,11,0.000339821,1,56767.820822
345,361781130,8,157,164645993,165691136,1024,39,9,13,0.000401606,1,41605.606426
345,361781130,9,307,321949082,322472704,1024,36,8,18,0.000556070,1,38580.070436
345,361781130,10,144,151029951,151548160,4096,36,8,17,0.000535332,1,38555.331906
345,361781130,11,16,16797859,16797952,4096,29,7,12,0.000370714,1,31074.713624
346,362819734,0,328,343975157,345013248,4096,95,19,21,0.000648949,1,100508.949320
346,362819734,1,322,337672152,338187264,16384,75,13,22,0.000679495,1,79295.494703
346,362819734,2,136,142635942,143680512,4096,61,15,18,0.000555950,1,65075.950212
346,362819734,3,40,41986401,42508288,4096,52,12,21,0.000648609,1,55580.608580
346,362819734,4,343,359678422,360172800,65536,48,8,26,0.000803039,1,51147.039194
346,362819734,5,299,313551825,314534912,65536,48,8,24,0.000741267,1,51077.266949
346,362819734,6,312,327181691,327181824,16384,48,8,18,0.000555950,1,50867.950212
346,362819734,7,289,303058980,304091136,16384,48,8,17,0.000525064,1,50833.064089
346,362819734,8,341,357584239,357584384,65536,48,8,17,0.000525064,1,50833.064089
346,362819734,9,292,306213617,306213632,65536,48,8,16,0.000494178,1,50798.177966
346,362819734,10,326,341876811,342910720,16384,48,8,15,0.000463292,1,50763.291843
346,362819734,11,251,263175200,263175424,1024,47,11,20,0.000617722,1,50297.722457
347,363867419,0,40,41986401,42508288,4096,29,7,20,0.000617455,1,31353.455466
347,363867419,1,346,362819734,363335424,16384,24,4,173,0.005343299,1,31187.299256
347,363867419,2,328,343975157,345013248,4096,25,5,20,0.000618047,1,27002.046972
347,363867419,3,136,142635942,143680512,4096,23,5,18,0.000553386,1,24881.386417
347,363867419,4,54,56673889,56674048,65536,21,3,19,0.000584130,1,22612.130107
347,363867419,5,219,229584458,230073344,65536,21,3,17,0.000523093,1,22543.093018
347,363867419,6,83,87087641,87579392,65536,21,3,17,0.000522643,1,22542.642728
347,363867419,7,55,57723048,58214912,65536,21,3,14,0.000430412,1,22438.411658
347,363867419,8,41,43034573,43556352,4096,16,4,24,0.000746176,1,17802.175849
347,363867419,9,193,202341339,203385344,4096,16,4,20,0.000614874,1,17654.873797
347,363867419,10,224,234819972,234820096,4096,16,4,20,0.000614874,1,17654.873797
347,363867419,11,67,70308921,70309120,4096,16,4,19,0.000584130,1,17620.130107
348,364914213,0,328,343975157,345013248,4096,106,20,22,0.000679852,1,111935.851669
348,364914213,1,341,357584239,357584384,65536,99,17,23,0.000705630,1,104413.629698
348,364914213,2,347,363867419,363867648,4096,96,18,55,0.001690903,1,102582.902942
348,364914213,3,40,41986401,42968832,65536,78,14,29,0.000895310,1,82739.310426
348,364914213,4,322,337672152,338187264,16384,78,14,25,0.000768191,1,82596.190757
348,364914213,5,312,327181691,327181824,16384,78,14,25,0.000766589,1,82594.588986
348,364914213,6,299,313551825,314534912,65536,78,14,20,0.000612858,1,82420.857756
348,364914213,7,343,359678422,360172800,65536,78,14,18,0.000551572,1,82351.571980
348,364914213,8,326,341876811,342910720,16384,78,14,15,0.000459643,1,82247.643317
348,364914213,9,53,55623067,56115712,65536,37,5,31,0.000951913,1,39667.913038
348,364914213,10,327,342927321,343909376,65536,37,5,28,0.000860479,1,39564.479410
348,364914213,11,246,257912791,258894848,65536,37,5,27,0.000837599,1,39537.598883
349,365963912,0,328,343975157,345013248,4096,93,19,24,0.000741656,1,98565.656366
349,365963912,1,341,357584239,357584384,65536,88,16,18,0.000553778,1,92849.777997
349,365963912,2,347,363867419,363867648,4096,85,17,36,0.001107556,1,90531.555993
349,365963912,3,322,337672152,338187264,16384,72,14,23,0.000707605,1,76383.605218
349,365963912,4,40,41986401,42968832,65536,67,13,30,0.000926183,1,71382.183199
349,365963912,5,299,313551825,314534912,65536,67,13,30,0.000922963,1,71378.963328
349,365963912,6,312,327181691,327181824,16384,67,13,24,0.000738371,1,71170.370662
349,365963912,7,326,341876811,342910720,16384,67,13,21,0.000646074,1,71066.074329
349,365963912,8,343,359678422,360172800,65536,67,13,17,0.000523013,1,70927.012552
349,365963912,9,136,142635942,143680512,4096,40,10,21,0.000646074,1,43034.074329
349,365963912,10,251,263175200,263175424,1024,26,6,24,0.000738371,1,28290.370662
349,365963912,11,219,229584458,230104064,4096,26,6,19,0.000584633,1,28116.633373
350,367008266,0,136,142635942,143680512,4096,38,8,18,0.000552758,1,40624.757646
350,367008266,1,347,363867419,363867648,4096,34,8,56,0.001721647,1,37849.646632
350,367008266,2,328,343975157,345013248,4096,31,7,19,0.000587145,1,33367.144623
350,367008266,3,344,360733023,361776896,4096,28,6,26,0.000798428,1,30406.427712
350,367008266,4,246,257912791,257912832,4096,28,6,25,0.000775555,1,30379.554521
350,367008266,5,63,66113270,66113280,4096,28,6,22,0.000675593,1,30267.592679
350,367008266,6,232,243222974,243223040,256,28,6,12,0.000368505,1,29920.505098
350,367008266,7,94,98619736,99601408,65536,24,4,18,0.000552758,1,25776.757646
350,367008266,8,240,251621366,252137984,16384,24,4,17,0.000522049,1,25742.048888
350,367008266,9,40,41986401,42508288,4096,23,5,21,0.000648328,1,24988.328239
350,367008266,10,299,313551825,314534912,65536,21,5,22,0.000675593,1,22971.592679
350,367008266,11,326,341876811,342910720,16384,21,5,18,0.000552758,1,22832.757646
351,368053900,0,347,363867419,363867648,4096,94,18,31,0.000953054,1,99701.054386
351,368053900,1,328,343975157,345013248,4096,86,16,18,0.000556242,1,90804.242274
351,368053900,2,322,337672152,338187264,16384,68,12,15,0.000460914,1,71752.914454
351,368053900,3,299,313551825,314534912,65536,63,11,30,0.000918949,1,67022.948723
351,368053900,4,40,41986401,42968832,65536,63,11,21,0.000648328,1,66716.328239
351,368053900,5,312,327181691,327181824,16384,63,11,20,0.000613271,1,66677.271189
351,368053900,6,341,357584239,357584384,65536,63,11,18,0.000552232,1,66608.231937
351,368053900,7,326,341876811,342910720,16384,63,11,17,0.000520738,1,66572.737610
351,368053900,8,343,359678422,360172800,65536,63,11,16,0.000490106,1,66538.105985
351,368053900,9,136,142635942,143680512,4096,34,8,26,0.000796422,1,36804.422226
351,368053900,10,41,43034573,43556352,4096,31,7,23,0.000715085,1,33511.085188
351,368053900,11,254,266318882,266841600,4096,31,7,20,0.000612708,1,33396.707555
352,369102383,0,347,363867419,363867648,4096,37,7,81,0.002510460,1,41682.460251
352,369102383,1,328,343975157,345013248,4096,37,7,21,0.000650860,1,39582.860065
352,369102383,2,322,337672152,338187264,16384,36,6,21,0.000650860,1,38430.860065
352,369102383,3,327,342927321,343958528,16384,27,5,28,0.000867813,1,29331.813420
352,369102383,4,199,208625786,208625920,4096,27,5,25,0.000774833,1,29226.833411
352,369102383,5,98,102809583,102809600,4096,27,5,24,0.000743840,1,29191.840074
352,369102383,6,5,5243475,5759488,16384,27,5,21,0.000741866,1,29177.865970
352,369102383,7,61,64013943,64530688,16384,27,5,23,0.000712847,1,29156.846738
352,369102383,8,78,81846058,82362624,16384,27,5,19,0.000588873,1,29016.873392
352,369102383,9,136,142635942,143152128,16384,27,5,19,0.000588873,1,29016.873392
352,369102383,10,40,41986401,42508288,4096,26,6,25,0.000774833,1,28330.833411
352,369102383,11,343,359678422,360172800,65536,24,4,23,0.000712847,1,25956.846738
353,370141411,0,328,343975157,345013248,4096,64,16,18,0.000556242,1,68276.242274
353,370141411,1,59,61910108,62403072,65536,63,9,27,0.000831409,1,66667.408776
353,370141411,2,246,257912791,258894848,65536,63,9,26,0.000806577,1,66638.576702
353,370141411,3,327,342927321,343909376,65536,63,9,24,0.000739030,1,66563.030023
353,370141411,4,234,245326624,245326848,65536,63,9,22,0.000677444,1,66493.444188
353,370141411,5,243,254771951,254771968,65536,63,9,20,0.000615858,1,66423.858353
353,370141411,6,53,55623067,56115712,65536,63,9,18,0.000554273,1,66354.272517
353,370141411,7,215,225393301,226376448,65536,63,9,18,0.000554273,1,66354.272517
353,370141411,8,312,327181691,327181824,65536,63,9,18,0.000554273,1,66354.272517
353,370141411,9,257,269464779,270447360,65536,63,9,17,0.000523480,1,66319.479600
353,370141411,10,136,142635942,143680512,4096,55,15,20,0.000615858,1,58999.858353
353,370141411,11,40,41986401,42508288,4096,44,12,23,0.000710074,1,47458.073786
354,371185449,0,207,217015871,218046720,16384,55,11,25,0.000779350,1,58671.350334
354,371185449,1,113,118538560,118538752,16384,55,11,24,0.000748176,1,58636.176320
354,371185449,2,111,116446163,117424640,65536,55,11,21,0.000654654,1,58530.654280
354,371185449,3,206,215970965,216999424,16384,55,11,21,0.000654654,1,58530.654280
354,371185449,4,284,297815604,298798848,65536,55,11,21,0.000654654,1,58530.654280
354,371185449,5,39,40937191,40937216,16384,55,11,20,0.000623480,1,58495.480267
354,371185449,6,44,46176335,46694144,16384,55,11,20,0.000623480,1,58495.480267
354,371185449,7,45,47228198,48260352,16384,55,11,20,0.000623480,1,58495.480267
354,371185449,8,229,240064753,240064768,65536,55,11,18,0.000561132,1,58425.132240
354,371185449,9,239,250573740,250573824,16384,55,11,18,0.000561132,1,58425.132240
354,371185449,10,264,276803120,277295872,65536,55,11,18,0.000561132,1,58425.132240
354,371185449,11,283,296765347,296765440,65536,55,11,18,0.000561132,1,58425.132240
355,372214310,0,206,215970965,216999424,16384,24,4,22,0.000680419,1,25920.419386
355,372214310,1,284,297815604,298798848,65536,24,4,21,0.000649491,1,25885.491232
355,372214310,2,207,217015871,218046720,16384,24,4,19,0.000587635,1,25815.634924
355,372214310,3,264,276803120,277295872,65536,24,4,19,0.000587635,1,25815.634924
355,372214310,4,45,47228198,48260352,16384,24,4,16,0.000494850,1,25710.850462
355,372214310,5,113,118538560,118538752,16384,24,4,16,0.000494850,1,25710.850462
355,372214310,6,39,40937191,40937216,16384,24,4,14,0.000433947,1,25641.947058
355,372214310,7,44,46176335,46694144,16384,24,4,14,0.000432994,1,25640.994155
355,372214310,8,111,116446163,117424640,65536,24,4,14,0.000432994,1,25640.994155
355,372214310,9,283,296765347,296765440,65536,24,4,14,0.000432994,1,25640.994155
355,372214310,10,239,250573740,250573824,16384,24,4,13,0.000402066,1,25606.066001
355,372214310,11,229,240064753,240064768,65536,24,4,10,0.000309282,1,25501.281539
356,373254651,0,40,41986401,42508288,4096,42,10,26,0.000835717,1,45291.717270
356,373254651,1,347,363867419,363867648,4096,41,9,21,0.000675002,1,43959.002411
356,373254651,2,328,343975157,345013248,4096,33,9,14,0.000450002,1,35514.001607
356,373254651,3,240,251621366,252137984,16384,33,5,20,0.000642859,1,35218.859439
356,373254651,4,94,98619736,99601408,65536,33,5,17,0.000546431,1,35110.430523
356,373254651,5,322,337672152,338187264,16384,31,7,14,0.000450002,1,33210.001607
356,373254651,6,136,142635942,143680512,4096,25,7,14,0.000450002,1,27066.001607
356,373254651,7,41,43034573,43556352,4096,25,5,17,0.000546431,1,26918.430523
356,373254651,8,50,52478164,53000448,4096,25,5,16,0.000514288,1,26882.287551
356,373254651,9,193,202341339,203385344,4096,25,5,16,0.000514288,1,26882.287551
356,373254651,10,279,292572130,293093888,4096,25,5,15,0.000482145,1,26846.144579
356,373254651,11,254,266318882,266841600,4096,25,5,14,0.000450002,1,26810.001607
357,374302992,0,16,16797859,16797952,4096,33,7,15,0.000464008,1,35276.008414
357,374302992,1,115,120628164,121671680,4096,28,6,26,0.000809641,1,30417.640955
357,374302992,2,148,155214816,156259072,4096,23,5,22,0.000680546,1,25024.545674
357,374302992,3,307,321949082,322993408,4096,23,5,22,0.000680546,1,25024.545674
357,374302992,4,26,27289725,27812352,4096,23,5,20,0.000618678,1,24954.677885
357,374302992,5,166,174073824,174590464,4096,23,5,18,0.000556810,1,24884.810097
357,374302992,6,15,15749490,16271616,4096,23,5,16,0.000494942,1,24814.942308
357,374302992,7,157,164645993,165691136,1024,21,5,17,0.000525876,1,22801.876203
357,374302992,8,144,151029951,151548160,4096,18,4,12,0.000377881,1,19433.881345
357,374302992,9,174,182438310,182438400,65536,15,3,35,0.001082686,1,17030.686299
357,374302992,10,2,2097908,3080960,65536,15,3,25,0.000823289,1,16731.289205
357,374302992,11,170,178243750,178243840,16384,15,3,19,0.000587744,1,16471.743991
358,375344091,0,328,343975157,345013248,4096,52,10,17,0.000525340,1,55185.339926
358,375344091,1,40,41986401,42508288,4096,45,11,23,0.000710074,1,48354.073786
358,375344091,2,136,142635942,143680512,4096,45,11,18,0.000550358,1,48174.357733
358,375344091,3,322,337672152,338187264,16384,36,6,17,0.000522370,1,38286.369715
358,375344091,4,347,363867419,363867648,4096,35,7,15,0.000461155,1,37321.155348
358,375344091,5,251,263175200,263175424,1024,32,8,26,0.000794961,1,34754.961169
358,375344091,6,219,229584458,230104064,4096,31,7,23,0.000707714,1,33503.714084
358,375344091,7,168,176163948,176164096,1024,31,7,19,0.000591053,1,33371.053319
358,375344091,8,86,90235200,90757632,4096,31,7,16,0.000490076,1,33258.075962
358,375344091,9,334,350229990,350230016,256,24,6,19,0.000583198,1,26067.197765
358,375344091,10,327,342927321,343958528,16384,24,4,21,0.000645360,1,25881.359557
358,375344091,11,89,93379564,93870848,65536,24,4,21,0.000643244,1,25879.244402
359,376392831,0,328,343975157,345013248,4096,87,17,16,0.000494438,1,91886.437577
359,376392831,1,136,142635942,143680512,4096,63,15,20,0.000611434,1,67187.433812
359,376392831,2,347,363867419,363867648,4096,61,11,15,0.000461155,1,64457.155348
359,376392831,3,40,41986401,42968832,65536,51,9,22,0.000679201,1,54207.201013
359,376392831,4,358,375344091,376327168,65536,51,9,22,0.000672659,1,54200.659451
359,376392831,5,356,373254651,374286592,16384,51,9,21,0.000675002,1,54199.002411
359,376392831,6,341,357584239,357584384,65536,51,9,20,0.000613591,1,54133.591042
359,376392831,7,353,370141411,371169024,16384,51,9,17,0.000523480,1,54031.479600
359,376392831,8,326,341876811,342910720,16384,51,9,14,0.000427611,1,53923.611484
359,376392831,9,343,359678422,360172800,65536,51,9,10,0.000305437,1,53785.436775
359,376392831,10,246,257912791,258894848,65536,47,7,26,0.000806577,1,49998.576702
359,376392831,11,234,245326624,245326848,65536,47,7,21,0.000641515,1,49813.515198
360,377443478,0,347,363867419,363867648,4096,198,36,23,0.000708979,1,208224.979378
360,377443478,1,341,357584239,357584384,65536,174,28,20,0.000616504,1,182520.503807
360,377443478,2,328,343975157,345013248,4096,155,27,21,0.000648949,1,162972.949320
360,377443478,3,40,41986401,42968832,65536,132,22,39,0.001204038,1,139408.038159
360,377443478,4,353,370141411,371169024,16384,132,22,31,0.000955581,1,139127.580901
360,377443478,5,358,375344091,376327168,65536,132,22,29,0.000893931,1,139057.930520
360,377443478,6,326,341876811,342910720,16384,132,22,24,0.000739805,1,138883.804568
360,377443478,7,356,373254651,374286592,16384,132,22,23,0.000739288,1,138879.288355
360,377443478,8,343,359678422,360172800,65536,132,22,15,0.000462378,1,138570.377855
360,377443478,9,246,257912791,258894848,65536,81,13,59,0.001830309,1,86738.308671
360,377443478,10,59,61910108,62403072,65536,81,13,35,0.001078882,1,85890.881662
360,377443478,11,243,254771951,254771968,65536,81,13,34,0.001048056,1,85856.056472
361,378494437,0,347,363867419,363867648,4096,132,26,29,0.000892335,1,139568.335149
361,378494437,1,328,343975157,345013248,4096,110,20,20,0.000618047,1,115962.046972
361,378494437,2,40,41986401,42508288,4096,98,22,33,0.001018802,1,104382.801519
361,378494437,3,353,370141411,371169024,16384,72,12,36,0.001108545,1,76580.545035
361,378494437,4,358,375344091,376327168,65536,72,12,28,0.000861565,1,76301.564971
361,378494437,5,326,341876811,342910720,16384,72,12,25,0.000769254,1,76197.254439
361,378494437,6,356,373254651,374286592,16384,72,12,24,0.000771431,1,76195.431327
361,378494437,7,343,359678422,360172800,65536,72,12,21,0.000646174,1,76058.173728
361,378494437,8,341,357584239,357584384,65536,72,12,20,0.000615404,1,76023.403551
361,378494437,9,136,142635942,143680512,4096,67,15,28,0.000861565,1,71565.564971
361,378494437,10,41,43034573,43556352,4096,60,14,26,0.000808357,1,64208.357170
361,378494437,11,219,229584458,229584640,4096,60,14,26,0.000800025,1,64200.024616
362,379542164,0,328,343975157,345013248,4096,88,16,15,0.000464670,1,92748.669620
362,379542164,1,347,363867419,363867648,4096,81,15,14,0.000433692,1,85417.691645
362,379542164,2,361,378494437,378494464,16384,63,11,85,0.002633128,1,68957.127846
362,379542164,3,353,370141411,371169024,16384,63,11,24,0.000743471,1,66823.471392
362,379542164,4,358,375344091,376327168,65536,63,11,20,0.000619559,1,66683.559493
362,379542164,5,356,373254651,374286592,16384,63,11,17,0.000546431,1,66598.430523
362,379542164,6,343,359678422,360172800,65536,63,11,17,0.000526626,1,66578.625569
362,379542164,7,40,41986401,42968832,65536,63,11,16,0.000495648,1,66543.647595
362,379542164,8,341,357584239,357584384,65536,63,11,16,0.000495648,1,66543.647595
362,379542164,9,216,226442019,226442240,65536,42,6,20,0.000619559,1,44539.559493
362,379542164,10,136,142635942,143680512,4096,39,9,18,0.000557604,1,41781.603544
362,379542164,11,219,229584458,230104064,4096,25,5,19,0.000588582,1,26968.581519
363,380587074,0,82,86038265,86560768,4096,150,48,17,0.000528295,1,160404.294851
363,380587074,1,347,363867419,363867648,4096,95,17,21,0.000652600,1,100256.599521
363,380587074,2,328,343975157,345013248,4096,91,17,16,0.000497219,1,95985.218683
363,380587074,3,361,378494437,378494464,16384,70,12,29,0.000901209,1,74297.208863
363,380587074,4,40,41986401,42968832,65536,70,12,23,0.000714752,1,74086.751857
363,380587074,5,353,370141411,371169024,16384,70,12,22,0.000683676,1,74051.675689
363,380587074,6,341,357584239,357584384,65536,70,12,18,0.000559371,1,73911.371018
363,380587074,7,358,375344091,376327168,65536,70,12,16,0.000497219,1,73841.218683
363,380587074,8,356,373254651,374286592,16384,70,12,15,0.000482145,1,73822.144579
363,380587074,9,343,359678422,360172800,65536,70,12,14,0.000435066,1,73771.066348
363,380587074,10,136,142635942,143680512,4096,44,10,19,0.000590447,1,47066.447186
363,380587074,11,263,275758173,276802048,1024,30,6,18,0.000559371,1,32183.371018
364,381629630,0,113,118538560,118538752,16384,52,10,27,0.000832562,1,55532.562442
364,381629630,1,39,40937191,40937216,16384,52,10,21,0.000650921,1,55326.920588
364,381629630,2,44,46176335,46694144,16384,52,10,21,0.000646910,1,55322.910234
364,381629630,3,284,297815604,298798848,65536,52,10,20,0.000616580,1,55288.579832
364,381629630,4,264,276803120,277295872,65536,52,10,20,0.000611415,1,55283.415120
364,381629630,5,206,215970965,216999424,16384,52,10,19,0.000585624,1,55253.624461
364,381629630,6,207,217015871,218046720,16384,52,10,19,0.000581769,1,55249.769191
364,381629630,7,229,240064753,240064768,65536,52,10,19,0.000580844,1,55248.844364
364,381629630,8,283,296765347,296765440,65536,52,10,17,0.000519703,1,55179.702852
364,381629630,9,355,372214310,373238016,16384,52,10,16,0.000494850,1,55150.850462
364,381629630,10,239,250573740,250573824,16384,52,10,12,0.000367085,1,55007.084735
364,381629630,11,102,107006226,107529728,1024,30,6,25,0.000764877,1,32416.876855
365,382679535,0,207,217015871,218046720,16384,39,7,25,0.000767908,1,41763.907605
365,382679535,1,44,46176335,46694144,16384,39,7,23,0.000708521,1,41696.520732
365,382679535,2,113,118538560,118538752,16384,39,7,22,0.000678384,1,41662.384212
365,382679535,3,39,40937191,40937216,16384,39,7,21,0.000650921,1,41630.920588
365,382679535,4,264,276803120,277295872,65536,39,7,20,0.000614326,1,41590.326084
365,382679535,5,206,215970965,216999424,16384,39,7,19,0.000585624,1,41557.624461
365,382679535,6,355,372214310,373238016,16384,39,7,18,0.000556707,1,41524.706770
365,382679535,7,284,297815604,298798848,65536,39,7,16,0.000493264,1,41453.263865
365,382679535,8,283,296765347,296765440,65536,39,7,16,0.000491461,1,41451.460867
365,382679535,9,239,250573740,250573824,16384,39,7,14,0.000430028,1,41382.028259
365,382679535,10,229,240064753,240064768,65536,39,7,11,0.000337879,1,41277.879346
365,382679535,11,100,104910507,104910592,4096,38,8,23,0.000706475,1,40798.474997
365,382679535,12,206,215970965,216950272,65536,21,3,19,0.000585624,1,22613.624461
365,382679535,13,355,372214310,373250304,4096,39,7,18,0.000556707,1,41524.706770
366,383725790,0,347,363867419,363867648,4096,97,19,14,0.000431686,1,102311.685733
366,383725790,1,328,343975157,345013248,4096,91,17,13,0.000401731,1,95877.730532
366,383725790,2,361,378494437,378494464,16384,73,13,33,0.001017545,1,77629.544942
366,383725790,3,353,370141411,371169024,16384,73,13,24,0.000740033,1,77316.032685
366,383725790,4,356,373254651,374286592,16384,73,13,23,0.000739288,1,77311.288355
366,383725790,5,358,375344091,376327168,65536,73,13,23,0.000709198,1,77281.197990
366,383725790,6,40,41986401,42968832,65536,73,13,21,0.000648328,1,77212.328239
366,383725790,7,341,357584239,357584384,65536,73,13,17,0.000524190,1,77072.189818
366,383725790,8,343,359678422,360172800,65536,73,13,16,0.000493355,1,77037.355123
366,383725790,9,136,142635942,143680512,4096,28,6,21,0.000647529,1,30235.528599
366,383725790,10,41,43034573,43556352,4096,24,6,22,0.000683995,1,26179.994528
366,383725790,11,254,266318882,266841600,4096,24,6,22,0.000678363,1,26174.363294
367,384766749,0,16,16797859,16797952,4096,57,13,12,0.000368358,1,60512.358044
367,384766749,1,357,374302992,374815232,16384,41,7,21,0.000649612,1,43677.611780
367,384766749,2,163,170930787,171420416,65536,41,7,21,0.000644627,1,43672.626577
367,384766749,3,169,177194672,178227200,16384,41,7,20,0.000613930,1,43637.930073
367,384766749,4,166,174073824,175045632,65536,41,7,19,0.000587526,1,43607.525898
367,384766749,5,1,1048219,1048320,65536,41,7,17,0.000568695,1,43580.695012
367,384766749,6,159,166741011,166741248,16384,41,7,16,0.000491144,1,43499.144059
367,384766749,7,3,3146668,4129792,65536,41,7,12,0.000373088,1,43365.087924
367,384766749,8,290,304107543,305098496,65536,41,7,11,0.000337662,1,43325.661540
367,384766749,9,115,120628164,121671680,4096,38,8,28,0.000871921,1,40983.921029
367,384766749,10,158,165692357,166214656,4096,33,7,21,0.000644627,1,35480.626577
367,384766749,11,173,181386073,181910016,4096,33,7,18,0.000552537,1,35376.537066
368,385815352,0,347,363867419,363867648,4096,74,14,16,0.000491899,1,78187.899038
368,385815352,1,40,41986401,42968832,65536,51,9,27,0.000833565,1,54381.564879
368,385815352,2,366,383725790,384213504,65536,51,9,25,0.000770867,1,54310.867380
368,385815352,3,361,378494437,378494464,16384,51,9,24,0.000738484,1,54274.484261
368,385815352,4,358,375344091,376327168,65536,51,9,20,0.000613459,1,54133.459297
368,385815352,5,356,373254651,374286592,16384,51,9,19,0.000610716,1,54126.716467
368,385815352,6,353,370141411,371169024,16384,51,9,18,0.000554273,1,54066.272517
368,385815352,7,341,357584239,357584384,65536,51,9,12,0.000368155,1,53856.154625
368,385815352,8,343,359678422,360172800,65536,51,9,11,0.000337403,1,53821.402613
368,385815352,9,136,142635942,143680512,4096,41,9,19,0.000582786,1,43858.786332
368,385815352,10,344,360733023,361776896,4096,26,6,12,0.000368076,1,27872.075578
368,385815352,11,246,257912791,258894848,65536,24,4,29,0.000899643,1,26167.643245
369,386863527,0,347,363867419,363867648,4096,107,23,12,0.000371000,1,112995.000155
369,386863527,1,136,142635942,143680512,4096,76,16,17,0.000525584,1,80529.583552
369,386863527,2,40,41986401,42508288,4096,73,17,28,0.000865667,1,77969.667027
369,386863527,3,366,383725790,384213504,65536,67,13,28,0.000865667,1,71313.667027
369,386863527,4,361,378494437,378494464,16384,67,13,27,0.000834750,1,71278.750348
369,386863527,5,353,370141411,371169024,16384,67,13,26,0.000803834,1,71243.833668
369,386863527,6,356,373254651,374286592,16384,67,13,18,0.000578573,1,70986.573495
369,386863527,7,358,375344091,376327168,65536,67,13,18,0.000556500,1,70964.500232
369,386863527,8,341,357584239,357584384,65536,67,13,15,0.000463750,1,70859.750193
369,386863527,9,343,359678422,360172800,65536,67,13,15,0.000463750,1,70859.750193
369,386863527,10,344,360733023,361776896,4096,48,10,13,0.000401917,1,50949.916834
369,386863527,11,246,257912791,257912832,4096,43,9,32,0.000992710,1,46368.709787
370,387908815,0,347,363867419,363867648,4096,49,11,8,0.000245950,1,51925.949519
370,387908815,1,40,41986401,42508288,4096,43,11,21,0.000648328,1,46236.328239
370,387908815,2,136,142635942,143680512,4096,34,8,11,0.000338045,1,36286.045482
370,387908815,3,361,378494437,378494464,16384,30,6,23,0.000707714,1,32351.714084
370,387908815,4,366,383725790,384213504,65536,30,6,22,0.000678363,1,32318.363294
370,387908815,5,353,370141411,371169024,16384,30,6,21,0.000646651,1,32282.651270
370,387908815,6,358,375344091,376327168,65536,30,6,15,0.000460971,1,32072.971112
370,387908815,7,356,373254651,374286592,16384,30,6,14,0.000450002,1,32058.001607
370,387908815,8,341,357584239,357584384,65536,30,6,11,0.000338045,1,31934.045482
370,387908815,9,343,359678422,360172800,65536,30,6,9,0.000276583,1,31864.582667
370,387908815,10,168,176163948,176164096,1024,24,6,14,0.000435513,1,25899.512972
370,387908815,11,328,343975157,345013248,4096,24,6,13,0.000401731,1,25861.730532
371,388958357,0,13,13641602,13641728,16384,85,15,15,0.000457011,1,89541.010542
371,388958357,1,115,120628164,121671680,4096,70,16,47,0.001463582,1,75443.581727
371,388958357,2,16,16797859,16797952,4096,67,15,23,0.000704851,1,71388.851215
371,388958357,3,173,181386073,181910016,4096,52,12,23,0.000700984,1,55640.984426
371,388958357,4,158,165692357,166214656,4096,52,12,21,0.000642595,1,55574.594859
371,388958357,5,152,159408987,159930880,4096,52,12,20,0.000612501,1,55540.501148
371,388958357,6,140,146842039,146842112,4096,52,12,13,0.000401817,1,55301.817451
371,388958357,7,174,182438310,182438400,65536,45,7,42,0.001296897,1,48504.896711
371,388958357,8,2,2097908,3080960,65536,45,7,28,0.000922084,1,48074.083910
371,388958357,9,171,179295928,179786752,65536,45,7,21,0.000646353,1,47770.352724
371,388958357,10,172,180343252,180343296,65536,45,7,21,0.000645955,1,47769.955091
371,388958357,11,170,178243750,178243840,16384,45,7,21,0.000640205,1,47764.204866
372,390012994,0,347,363867419,363867648,4096,84,16,20,0.000633192,1,88841.191920
372,390012994,1,40,41986401,42968832,65536,66,12,33,0.001044767,1,70360.766669
372,390012994,2,358,375344091,376327168,65536,66,12,30,0.000949788,1,70253.787881
372,390012994,3,366,383725790,384213504,65536,66,12,29,0.000918128,1,70218.128285
372,390012994,4,361,378494437,378494464,16384,66,12,26,0.000823149,1,70111.149497
372,390012994,5,356,373254651,374286592,16384,66,12,24,0.000771431,1,70051.431327
372,390012994,6,353,370141411,371169024,16384,66,12,23,0.000728171,1,70004.170709
372,390012994,7,341,357584239,357584384,65536,66,12,15,0.000474894,1,69718.893940
372,390012994,8,343,359678422,360172800,65536,66,12,15,0.000474894,1,69718.893940
372,390012994,9,136,142635942,143680512,4096,55,11,23,0.000728171,1,58612.170709
372,390012994,10,246,257912791,258894848,65536,42,6,32,0.001013107,1,44981.107073
372,390012994,11,59,61910108,62403072,65536,42,6,30,0.000949788,1,44909.787881
373,391051567,0,69,72413180,73457664,4096,51,11,27,0.000826927,1,54630.927200
373,391051567,1,100,104910507,104910592,4096,51,11,21,0.000642398,1,54422.398287
373,391051567,2,189,198147847,199193088,4096,38,10,28,0.000856531,1,41224.531049
373,391051567,3,206,215970965,216999424,16384,37,7,30,0.000924670,1,39892.670201
373,391051567,4,264,276803120,277295872,65536,37,7,28,0.000856531,1,39816.531049
373,391051567,5,39,40937191,40937216,16384,37,7,24,0.000743909,1,39687.909243
373,391051567,6,284,297815604,298798848,65536,37,7,24,0.000739896,1,39683.895798
373,391051567,7,113,118538560,118538752,16384,37,7,23,0.000709220,1,39649.219858
373,391051567,8,239,250573740,250573824,16384,37,7,23,0.000703579,1,39643.579076
373,391051567,9,207,217015871,218046720,16384,37,7,22,0.000673627,1,39609.627484
373,391051567,10,44,46176335,46694144,16384,37,7,19,0.000585300,1,39509.299735
373,391051567,11,283,296765347,296765440,65536,37,7,17,0.000520037,1,39436.036708
373,391051567,12,69,72413180,73460736,1024,51,11,27,0.000826927,1,54630.927200
374,392101974,0,115,120628164,121671680,4096,26,6,21,0.000653941,1,28193.940772
374,392101974,1,16,16797859,16797952,4096,22,6,15,0.000459686,1,23879.685575
374,392101974,2,371,388958357,389947392,65536,15,3,23,0.000703493,1,16603.492996
374,392101974,3,174,182438310,182438400,65536,15,3,20,0.000617570,1,16505.569863
374,392101974,4,172,180343252,180343296,65536,15,3,18,0.000553676,1,16433.675792
374,392101974,5,187,196050495,196540416,65536,15,3,17,0.000522097,1,16398.096987
374,392101974,6,13,13641602,13641728,16384,15,3,17,0.000519973,1,16395.973084
374,392101974,7,171,179295928,179786752,65536,15,3,15,0.000461681,1,16329.680517
374,392101974,8,2,2097908,3080960,65536,15,3,11,0.000362247,1,16214.247250
374,392101974,9,156,163601184,164123136,1024,14,4,16,0.000495863,1,15471.862646
374,392101974,10,173,181386073,181910016,4096,13,3,20,0.000611733,1,14451.733040
374,392101974,11,307,321949082,322472704,1024,13,3,20,0.000611733,1,14451.733040
375,393152014,0,13,13641602,13641728,16384,77,13,20,0.000611827,1,81267.826608
375,393152014,1,169,177194672,178227200,16384,57,9,32,0.000978923,1,60690.922573
375,393152014,2,163,170930787,171420416,65536,57,9,30,0.000920754,1,60624.753790
375,393152014,3,357,374302992,374815232,16384,57,9,25,0.000773347,1,60457.347357
375,393152014,4,166,174073824,175045632,65536,57,9,24,0.000742138,1,60422.137976
375,393152014,5,159,166741011,166741248,16384,57,9,24,0.000734619,1,60414.618916
375,393152014,6,290,304107543,305098496,65536,57,9,22,0.000673009,1,60345.009269
375,393152014,7,1,1048219,1048320,65536,57,9,14,0.000468337,1,60108.337069
375,393152014,8,3,3146668,4129792,65536,57,9,13,0.000404179,1,60040.178585
375,393152014,9,259,271563651,272595968,16384,47,9,23,0.000704981,1,50140.980843
375,393152014,10,16,16797859,16797952,16384,47,9,20,0.000612914,1,50036.914100
375,393152014,11,307,321949082,322993408,4096,37,9,22,0.000673009,1,39865.009269
376,394203042,0,357,374302992,374815232,16384,49,9,21,0.000649612,1,52125.611780
376,394203042,1,166,174073824,175045632,65536,49,9,21,0.000649371,1,52125.370729
376,394203042,2,169,177194672,178227200,16384,49,9,19,0.000581431,1,52049.430932
376,394203042,3,163,170930787,171420416,65536,49,9,18,0.000552452,1,52016.452274
376,394203042,4,159,166741011,166741248,16384,49,9,14,0.000428528,1,51876.527701
376,394203042,5,290,304107543,305098496,65536,49,9,14,0.000428423,1,51876.422792
376,394203042,6,3,3146668,4129792,65536,49,9,10,0.000310907,1,51742.906604
376,394203042,7,1,1048219,1048320,65536,49,9,9,0.000301074,1,51729.073830
376,394203042,8,16,16797859,16797952,4096,24,6,13,0.000398394,1,25858.394165
376,394203042,9,174,182438310,182438400,65536,21,3,23,0.000710205,1,22754.205342
376,394203042,10,371,388958357,389947392,65536,21,3,20,0.000612033,1,22644.032560
376,394203042,11,2,2097908,3080960,65536,21,3,16,0.000526905,1,22542.905091
377,395251046,0,284,297815604,298798848,65536,51,9,23,0.000709067,1,54241.066806
377,395251046,1,264,276803120,277295872,65536,51,9,22,0.000674454,1,54202.453539
377,395251046,2,39,40937191,40937216,16384,51,9,21,0.000650921,1,54174.920588
377,395251046,3,283,296765347,296765440,65536,51,9,21,0.000643797,1,54167.796560
377,395251046,4,206,215970965,216999424,16384,51,9,19,0.000585624,1,54101.624461
377,395251046,5,44,46176335,46694144,16384,51,9,18,0.000554494,1,54066.494486
377,395251046,6,207,217015871,218046720,16384,51,9,18,0.000551826,1,54063.825623
377,395251046,7,113,118538560,118538752,16384,51,9,17,0.000524206,1,54032.205982
377,395251046,8,229,240064753,240064768,65536,51,9,17,0.000521169,1,54029.168644
377,395251046,9,355,372214310,373238016,16384,51,9,14,0.000432994,1,53928.994155
377,395251046,10,239,250573740,250573824,16384,51,9,12,0.000367884,1,53855.883749
377,395251046,11,30,31484883,31975168,65536,48,8,20,0.000614307,1,50934.307215
378,396297906,0,207,217015871,218046720,16384,27,5,21,0.000643816,1,29079.816298
378,396297906,1,206,215970965,216999424,16384,27,5,18,0.000554802,1,28978.802121
378,396297906,2,44,46176335,46694144,16384,27,5,18,0.000554494,1,28978.494486
378,396297906,3,113,118538560,118538752,16384,27,5,17,0.000524206,1,28944.205982
378,396297906,4,39,40937191,40937216,16384,27,5,16,0.000495939,1,28911.939495
378,396297906,5,355,372214310,373238016,16384,27,5,16,0.000494850,1,28910.850462
378,396297906,6,283,296765347,296765440,65536,27,5,15,0.000459869,1,28871.868784
378,396297906,7,229,240064753,240064768,65536,27,5,13,0.000398553,1,28802.552946
378,396297906,8,239,250573740,250573824,16384,27,5,12,0.000367895,1,28767.895027
378,396297906,9,264,276803120,277295872,65536,27,5,12,0.000367895,1,28767.895027
378,396297906,10,284,297815604,298798848,65536,27,5,11,0.000339119,1,28735.118907
378,396297906,11,181,189758380,190249728,65536,24,4,22,0.000674474,1,25914.474217
378,396297906,12,355,372214310,373250304,4096,27,5,16,0.000494850,1,28910.850462
378,396297906,13,264,276803120,277328128,1024,11,3,12,0.000367895,1,12127.895027
378,396297906,14,284,297815604,298339584,1024,4,2,11,0.000339119,1,4799.118907
379,397345533,0,16,16797859,16797952,4096,39,9,16,0.000490873,1,41706.872833
379,397345533,1,307,321949082,322993408,4096,35,7,19,0.000582911,1,37458.911489
379,397345533,2,148,155214816,156259072,4096,35,7,18,0.000552232,1,37424.231937
379,397345533,3,115,120628164,121671680,4096,30,8,20,0.000622801,1,32510.800735
379,397345533,4,26,27289725,27812352,4096,30,6,25,0.000766989,1,32418.988802
379,397345533,5,166,174073824,174590464,4096,30,6,21,0.000649371,1,32285.370729
379,397345533,6,15,15749490,16271616,4096,30,6,17,0.000525161,1,32145.161410
379,397345533,7,157,164645993,165691136,1024,28,8,18,0.000552503,1,30384.503146
379,397345533,8,163,170930787,171420416,65536,28,6,23,0.000705911,1,30301.911239
379,397345533,9,169,177194672,178227200,16384,28,6,19,0.000582911,1,30162.911489
379,397345533,10,357,374302992,374815232,16384,28,6,17,0.000525876,1,30097.876203
379,397345533,11,159,166741011,166741248,16384,28,6,15,0.000460193,1,30024.193281
380,398394903,0,13,13641602,13641728,16384,125,25,15,0.000461425,1,131785.424880
380,398394903,1,259,271563651,272595968,16384,65,13,17,0.000522948,1,68878.948197
380,398394903,2,16,16797859,16797952,16384,65,13,16,0.000492187,1,68844.186539
380,398394903,3,174,182438310,182438400,65536,60,12,20,0.000617570,1,63737.569863
380,398394903,4,172,180343252,180343296,65536,60,12,17,0.000522948,1,63630.948197
380,398394903,5,171,179295928,179786752,65536,60,12,15,0.000461681,1,63561.680517
380,398394903,6,371,388958357,389947392,65536,60,12,15,0.000461425,1,63561.424880
380,398394903,7,187,196050495,196540416,65536,60,12,14,0.000430663,1,63526.663221
380,398394903,8,2,2097908,3080960,65536,60,12,12,0.000395179,1,63483.178818
380,398394903,9,115,120628164,121671680,4096,45,11,20,0.000622801,1,48254.800735
380,398394903,10,163,170930787,171420416,65536,39,7,20,0.000615233,1,41591.233173
380,398394903,11,166,174073824,175045632,65536,39,7,18,0.000556603,1,41524.603482
381,399446860,0,13,13641602,13641728,16384,85,15,15,0.000462307,1,89546.306602
381,399446860,1,174,182438310,182438400,65536,62,10,18,0.000555813,1,65459.812876
381,399446860,2,171,179295928,179786752,65536,62,10,18,0.000554768,1,65458.767922
381,399446860,3,187,196050495,196540416,65536,62,10,17,0.000523947,1,65423.947482
381,399446860,4,371,388958357,389947392,65536,62,10,17,0.000523947,1,65423.947482
381,399446860,5,172,180343252,180343296,65536,62,10,15,0.000462307,1,65354.306602
381,399446860,6,2,2097908,3080960,65536,62,10,13,0.000428110,1,65312.110387
381,399446860,7,16,16797859,16797952,4096,50,12,15,0.000462307,1,53322.306602
381,399446860,8,26,27289725,27812352,4096,40,10,19,0.000585588,1,42965.588362
381,399446860,9,148,155214816,156259072,4096,40,10,17,0.000523947,1,42895.947482
381,399446860,10,307,321949082,322993408,4096,40,10,17,0.000523947,1,42895.947482
381,399446860,11,15,15749490,16271616,4096,40,10,16,0.000494270,1,42862.269562
382,400495021,0,347,363867419,363867648,4096,50,10,15,0.000461155,1,53065.155348
382,400495021,1,40,41986401,42968832,65536,40,8,27,0.000833565,1,42989.564879
382,400495021,2,353,370141411,371169024,16384,40,8,23,0.000708237,1,42848.237105
382,400495021,3,361,378494437,378494464,16384,40,8,21,0.000646174,1,42778.173728
382,400495021,4,358,375344091,376327168,65536,40,8,17,0.000522627,1,42638.626660
382,400495021,5,356,373254651,374286592,16384,40,8,15,0.000482145,1,42590.144579
382,400495021,6,366,383725790,384213504,65536,40,8,15,0.000462520,1,42570.520428
382,400495021,7,341,357584239,357584384,65536,40,8,15,0.000461141,1,42569.141171
382,400495021,8,343,359678422,360172800,65536,40,8,15,0.000461141,1,42569.141171
382,400495021,9,136,142635942,143680512,4096,28,6,20,0.000614855,1,30198.854894
382,400495021,10,78,81846058,82362624,16384,24,4,23,0.000707845,1,25951.844767
382,400495021,11,61,64013943,64530688,16384,24,4,23,0.000707083,1,25951.083128
383,401542324,0,136,142635942,143680512,4096,28,6,17,0.000520180,1,30092.179921
383,401542324,1,40,41986401,42508288,4096,26,6,18,0.000555710,1,28083.709919
383,401542324,2,347,363867419,363867648,4096,25,5,16,0.000491899,1,26859.899038
383,401542324,3,199,208625786,208625920,4096,17,3,25,0.000765626,1,18721.626436
383,401542324,4,5,5243475,5759488,16384,17,3,19,0.000671212,1,18603.212068
383,401542324,5,98,102809583,102809600,4096,17,3,21,0.000642575,1,18582.575197
383,401542324,6,78,81846058,82362624,16384,17,3,20,0.000615517,1,18551.517188
383,401542324,7,61,64013943,64530688,16384,17,3,18,0.000550779,1,18478.778740
383,401542324,8,327,342927321,343958528,16384,17,3,16,0.000491703,1,18411.702520
383,401542324,9,251,263175200,263175424,1024,16,4,22,0.000673174,1,17721.174015
383,401542324,10,246,257912791,257912832,4096,15,3,26,0.000806577,1,16718.576702
383,401542324,11,63,66113270,66113280,4096,15,3,23,0.000704182,1,16604.182230
384,402590316,0,347,363867419,363867648,4096,61,11,17,0.000522643,1,64526.642728
384,402590316,1,40,41986401,42968832,65536,51,9,28,0.000864438,1,54416.437652
384,402590316,2,353,370141411,371169024,16384,51,9,26,0.000800616,1,54344.615858
384,402590316,3,361,378494437,378494464,16384,51,9,22,0.000676944,1,54204.943906
384,402590316,4,366,383725790,384213504,65536,51,9,19,0.000585859,1,54101.859209
384,402590316,5,358,375344091,376327168,65536,51,9,18,0.000550593,1,54062.593417
384,402590316,6,356,373254651,374286592,16384,51,9,16,0.000514288,1,54018.287551
384,402590316,7,341,357584239,357584384,65536,51,9,15,0.000460193,1,53960.193281
384,402590316,8,343,359678422,360172800,65536,51,9,13,0.000397651,1,53889.650801
384,402590316,9,136,142635942,143680512,4096,38,10,26,0.000795302,1,41155.301603
384,402590316,10,246,257912791,258894848,65536,36,6,31,0.000961688,1,38781.687607
384,402590316,11,327,342927321,343909376,65536,36,6,26,0.000799017,1,38599.016595
385,403640913,0,347,363867419,363867648,4096,42,10,17,0.000522643,1,44942.642728
385,403640913,1,40,41986401,42968832,65536,28,6,25,0.000771819,1,30375.819333
385,403640913,2,361,378494437,378494464,16384,28,6,24,0.000738484,1,30338.484261
385,403640913,3,384,402590316,402590464,65536,28,6,21,0.000642359,1,30230.358987
385,403640913,4,358,375344091,376327168,65536,28,6,21,0.000642084,1,30230.084021
385,403640913,5,356,373254651,374286592,16384,28,6,19,0.000610716,1,30190.716467
385,403640913,6,366,383725790,384213504,65536,28,6,19,0.000585859,1,30165.859209
385,403640913,7,353,370141411,371169024,16384,28,6,19,0.000585065,1,30165.065435
385,403640913,8,343,359678422,360172800,65536,28,6,12,0.000364864,1,29916.863632
385,403640913,9,54,56673889,57165568,65536,21,3,23,0.000704959,1,22748.959235
385,403640913,10,63,66113270,66604800,65536,21,3,23,0.000704182,1,22748.182230
385,403640913,11,262,274710082,275692544,65536,21,3,20,0.000615082,1,22647.081806
386,404700319,0,347,363867419,363867648,4096,72,14,19,0.000587000,1,76246.999506
386,404700319,1,358,375344091,376327168,65536,52,10,26,0.000803262,1,55499.262481
386,404700319,2,361,378494437,378494464,16384,52,10,26,0.000803262,1,55499.262481
386,404700319,3,40,41986401,42968832,65536,52,10,24,0.000741473,1,55429.473060
386,404700319,4,366,383725790,384213504,65536,52,10,22,0.000679684,1,55359.683638
386,404700319,5,384,402590316,402590464,65536,52,10,22,0.000679684,1,55359.683638
386,404700319,6,353,370141411,371169024,16384,52,10,19,0.000587000,1,55254.999506
386,404700319,7,343,359678422,360172800,65536,52,10,14,0.000432526,1,55080.525952
386,404700319,8,356,373254651,374286592,16384,52,10,13,0.000417859,1,55061.858635
386,404700319,9,136,142635942,143680512,4096,36,8,22,0.000679684,1,38719.683638
386,404700319,10,77,80797080,81841920,4096,23,5,26,0.000803262,1,25163.262481
386,404700319,11,105,110158158,111203840,4096,23,5,21,0.000649310,1,24989.310494
387,405741416,0,246,257912791,258894848,65536,161,27,43,0.001333954,1,169889.953777
387,405741416,1,243,254771951,254771968,65536,161,27,34,0.001045125,1,169565.124800
387,405741416,2,59,61910108,62403072,65536,161,27,33,0.001014386,1,169530.385835
387,405741416,3,327,342927321,343909376,65536,161,27,33,0.001014386,1,169530.385835
387,405741416,4,53,55623067,56115712,65536,161,27,30,0.000922169,1,169426.168941
387,405741416,5,328,343975157,343975168,65536,161,27,28,0.000865266,1,169361.265760
387,405741416,6,257,269464779,270447360,65536,161,27,28,0.000860691,1,169356.691012
387,405741416,7,234,245326624,245326848,65536,161,27,25,0.000768474,1,169252.474118
387,405741416,8,312,327181691,327181824,65536,161,27,25,0.000768474,1,169252.474118
387,405741416,9,215,225393301,226376448,65536,161,27,20,0.000614779,1,169078.779294
387,405741416,10,347,363867419,363867648,4096,139,29,23,0.000707105,1,146911.104867
387,405741416,11,40,41986401,42508288,4096,132,30,35,0.001080547,1,140292.547066
388,406790108,0,387,405741416,406724352,65536,142,26,106,0.003291823,1,152515.823235
388,406790108,1,136,142635942,143680512,4096,89,19,26,0.000807428,1,94543.428341
388,406790108,2,40,41986401,42508288,4096,88,18,32,0.000993758,1,93601.757958
388,406790108,3,347,363867419,363867648,4096,85,17,22,0.000683209,1,90051.208596
388,406790108,4,246,257912791,258894848,65536,82,14,36,0.001117978,1,87085.977703
388,406790108,5,243,254771951,254771968,65536,82,14,28,0.000869538,1,86805.538213
388,406790108,6,59,61910108,62403072,65536,82,14,27,0.000838483,1,86770.483277
388,406790108,7,327,342927321,343909376,65536,82,14,27,0.000838483,1,86770.483277
388,406790108,8,257,269464779,270447360,65536,82,14,26,0.000807428,1,86735.428341
388,406790108,9,53,55623067,56115712,65536,82,14,25,0.000776373,1,86700.373405
388,406790108,10,234,245326624,245326848,65536,82,14,23,0.000714264,1,86630.263532
388,406790108,11,312,327181691,327181824,65536,82,14,21,0.000652154,1,86560.153660
389,407838930,0,69,72413180,73457664,4096,45,13,23,0.000710425,1,48610.424710
389,407838930,1,100,104910507,104910592,4096,45,13,23,0.000710425,1,48610.424710
389,407838930,2,112,117490417,118522112,16384,45,9,28,0.000864865,1,48272.864865
389,407838930,3,102,107006226,107522048,16384,45,9,24,0.000741313,1,48133.312741
389,407838930,4,281,294668268,295651584,65536,44,10,29,0.000895753,1,47411.752896
389,407838930,5,209,219110557,219110656,65536,44,10,27,0.000833977,1,47341.976834
389,407838930,6,99,103862041,104353536,65536,44,10,26,0.000803089,1,47307.088803
389,407838930,7,204,213871707,214903552,16384,44,10,24,0.000741313,1,47237.312741
389,407838930,8,264,276803120,277788672,65536,44,10,21,0.000648649,1,47132.648649
389,407838930,9,45,47228198,47719680,65536,44,10,20,0.000617761,1,47097.760618
389,407838930,10,114,119579954,119580160,65536,44,10,20,0.000617761,1,47097.760618
389,407838930,11,103,108054113,109043456,65536,44,10,19,0.000586873,1,47062.872587
390,408880303,0,387,405741416,406724352,65536,72,12,43,0.001333375,1,76833.374678
390,408880303,1,361,378494437,378494464,16384,51,9,33,0.001023288,1,54595.287544
390,408880303,2,384,402590316,402590464,65536,51,9,27,0.000837235,1,54385.235263
390,408880303,3,40,41986401,42968832,65536,51,9,24,0.000744209,1,54280.209123
390,408880303,4,358,375344091,376327168,65536,51,9,21,0.000651183,1,54175.182982
390,408880303,5,366,383725790,384213504,65536,51,9,20,0.000620174,1,54140.174269
390,408880303,6,347,363867419,363867648,16384,51,9,19,0.000589166,1,54105.165556
390,408880303,7,356,373254651,374286592,16384,51,9,18,0.000578573,1,54090.573495
390,408880303,8,353,370141411,371169024,16384,51,9,17,0.000527148,1,54035.148129
390,408880303,9,136,142635942,143680512,4096,48,10,19,0.000589166,1,51161.165556
390,408880303,10,372,390012994,391047424,4096,38,8,22,0.000696511,1,40784.511113
390,408880303,11,251,263175200,263175424,1024,38,8,21,0.000651183,1,40735.182982
391,409923593,0,387,405741416,406724352,65536,169,27,46,0.001420148,1,178180.147572
391,409923593,1,361,378494437,378494464,16384,106,18,33,0.001018802,1,112062.801519
391,409923593,2,40,41986401,42968832,65536,106,18,29,0.000895310,1,111923.310426
391,409923593,3,353,370141411,371169024,16384,106,18,23,0.000710074,1,111714.073786
391,409923593,4,384,402590316,402590464,65536,106,18,23,0.000710074,1,111714.073786
391,409923593,5,366,383725790,384213504,65536,106,18,21,0.000648328,1,111644.328239
391,409923593,6,356,373254651,374286592,16384,106,18,20,0.000642859,1,111634.859439
391,409923593,7,358,375344091,376327168,65536,106,18,19,0.000586583,1,111574.582693
391,409923593,8,347,363867419,363867648,16384,106,18,14,0.000432219,1,111400.218826
391,409923593,9,390,408880303,408880384,65536,63,9,177,0.005488542,1,71924.542280
391,409923593,10,246,257912791,258894848,65536,63,9,27,0.000837599,1,66673.598883
391,409923593,11,59,61910108,62403072,65536,63,9,25,0.000771819,1,66599.819333
392,410974471,0,163,170930787,171420416,65536,102,20,31,0.000955817,1,108151.816607
392,410974471,1,357,374302992,374815232,16384,102,20,21,0.000649612,1,107805.611780
392,410974471,2,380,398394903,399381248,65536,102,20,20,0.000616656,1,107768.655875
392,410974471,3,169,177194672,178227200,16384,102,20,18,0.000554990,1,107698.990288
392,410974471,4,166,174073824,175045632,65536,102,20,17,0.000525681,1,107665.681066
392,410974471,5,1,1048219,1048320,65536,102,20,15,0.000501790,1,107633.789717
392,410974471,6,159,166741011,166741248,16384,102,20,15,0.000462492,1,107594.491906
392,410974471,7,290,304107543,305098496,65536,102,20,13,0.000400826,1,107524.826319
392,410974471,8,13,13641602,13641728,16384,52,10,17,0.000524157,1,55184.157494
392,410974471,9,115,120628164,121671680,4096,49,11,29,0.000903061,1,52667.061066
392,410974471,10,16,16797859,16797952,4096,40,8,20,0.000616656,1,42744.655875
392,410974471,11,259,271563651,272595968,16384,40,8,20,0.000616656,1,42744.655875
393,412024078,0,16,16797859,16797952,4096,41,9,14,0.000438871,1,43694.871473
393,412024078,1,166,174073824,174590464,4096,31,7,20,0.000626959,1,33410.959248
393,412024078,2,26,27289725,27812352,4096,31,7,19,0.000595611,1,33375.611285
393,412024078,3,307,321949082,322993408,4096,31,7,18,0.000564263,1,33340.263323
393,412024078,4,15,15749490,16271616,4096,31,7,16,0.000501567,1,33269.567398
393,412024078,5,148,155214816,156259072,4096,31,7,15,0.000470219,1,33234.219436
393,412024078,6,379,397345533,398390784,4096,31,7,14,0.000438871,1,33198.871473
393,412024078,7,357,374302992,374815232,16384,27,5,22,0.000689655,1,29129.655172
393,412024078,8,169,177194672,178227200,16384,27,5,21,0.000658307,1,29094.307210
393,412024078,9,163,170930787,171420416,65536,27,5,20,0.000626959,1,29058.959248
393,412024078,10,159,166741011,166741248,65536,27,5,19,0.000595611,1,29023.611285
393,412024078,11,380,398394903,399381248,65536,27,5,18,0.000564263,1,28988.263323
394,413070506,0,40,41986401,42508288,4096,87,19,29,0.000897972,1,92597.971822
394,413070506,1,41,43034573,43556352,4096,72,16,23,0.000715085,1,76647.085188
394,413070506,2,50,52478164,53000448,4096,72,16,23,0.000712185,1,76644.184549
394,413070506,3,219,229584458,229584640,4096,72,16,22,0.000681220,1,76609.220003
394,413070506,4,254,266318882,266841600,4096,72,16,21,0.000650255,1,76574.255458
394,413070506,5,67,70308921,70309120,4096,72,16,19,0.000588326,1,76504.326366
394,413070506,6,347,363867419,363867648,4096,72,16,19,0.000588326,1,76504.326366
394,413070506,7,193,202341339,203385344,4096,72,16,18,0.000557362,1,76469.361821
394,413070506,8,224,234819972,234820096,4096,72,16,18,0.000557362,1,76469.361821
394,413070506,9,279,292572130,293093888,4096,72,16,15,0.000464468,1,76364.468184
394,413070506,10,330,346065653,346572544,4096,72,16,12,0.000379855,1,76267.855022
394,413070506,11,387,405741416,406724352,65536,54,8,27,0.000836043,1,57328.042731
395,414120179,0,169,177194672,178227200,16384,45,7,19,0.000584813,1,47700.813321
395,414120179,1,393,412024078,412024320,65536,45,7,18,0.000564263,1,47676.263323
395,414120179,2,357,374302992,374815232,16384,45,7,18,0.000556810,1,47668.810097
395,414120179,3,163,170930787,171420416,65536,45,7,18,0.000554034,1,47666.033673
395,414120179,4,166,174073824,175045632,65536,45,7,16,0.000494759,1,47598.758651
395,414120179,5,392,410974471,411958528,65536,45,7,16,0.000493325,1,47597.324700
395,414120179,6,380,398394903,399381248,65536,45,7,14,0.000430915,1,47526.915079
395,414120179,7,290,304107543,305098496,65536,45,7,13,0.000400135,1,47492.135430
395,414120179,8,1,1048219,1048320,65536,45,7,10,0.000334526,1,47414.526478
395,414120179,9,155,162553906,163535616,65536,21,3,18,0.000555144,1,22579.144338
395,414120179,10,115,120628164,121119232,65536,21,3,17,0.000529381,1,22549.380625
395,414120179,11,184,192900101,193882112,65536,21,3,17,0.000523254,1,22543.254024
396,415167595,0,13,13641602,13641728,16384,69,11,15,0.000460518,1,72648.518237
396,415167595,1,174,182438310,182438400,65536,45,7,31,0.000957233,1,48121.233287
396,415167595,2,371,388958357,389947392,65536,45,7,28,0.000859634,1,48011.634042
396,415167595,3,187,196050495,196540416,65536,45,7,26,0.000798501,1,47942.501275
396,415167595,4,171,179295928,179786752,65536,45,7,25,0.000769468,1,47909.467528
396,415167595,5,2,2097908,3080960,65536,45,7,21,0.000691563,1,47815.562932
396,415167595,6,172,180343252,180343296,65536,45,7,20,0.000615195,1,47735.195325
396,415167595,7,16,16797859,16797952,4096,40,8,15,0.000460518,1,42568.518237
396,415167595,8,115,120628164,121671680,4096,33,7,26,0.000809641,1,35665.640955
396,415167595,9,148,155214816,156259072,4096,28,6,25,0.000767530,1,30371.530394
396,415167595,10,259,271563651,272595968,16384,24,4,21,0.000644726,1,25880.725531
396,415167595,11,165,173025176,173025280,65536,21,3,20,0.000614024,1,22646.024315
397,416216119,0,209,219110557,219110656,65536,66,10,22,0.000683761,1,69699.760684
397,416216119,1,99,103862041,104353536,65536,66,10,21,0.000652681,1,69664.680653
397,416216119,2,100,104910507,105897472,65536,66,10,20,0.000621601,1,69629.600622
397,416216119,3,204,213871707,214903552,16384,66,10,18,0.000559441,1,69559.440559
397,416216119,4,264,276803120,277788672,65536,66,10,18,0.000559441,1,69559.440559
397,416216119,5,281,294668268,295651584,65536,66,10,18,0.000559441,1,69559.440559
397,416216119,6,389,407838930,408814592,65536,66,10,18,0.000559441,1,69559.440559
397,416216119,7,103,108054113,109043456,65536,66,10,17,0.000528361,1,69524.360528
397,416216119,8,45,47228198,47719680,65536,66,10,15,0.000466200,1,69454.200466
397,416216119,9,235,246375727,246375936,16384,66,10,15,0.000466200,1,69454.200466
397,416216119,10,206,215970965,216999424,16384,24,4,23,0.000714841,1,25958.840715
397,416216119,11,39,40937191,40937216,16384,24,4,22,0.000683761,1,25923.760684
397,416216119,12,204,213871707,214915840,4096,66,10,18,0.000559441,1,69559.440559
397,416216119,13,264,276803120,277295872,65536,24,4,18,0.000559441,1,25783.440559
397,416216119,14,235,246375727,246375936,65536,66,10,15,0.000466200,1,69454.200466
398,417255805,0,206,215970965,216999424,16384,56,10,19,0.000596584,1,59360.583773
398,417255805,1,113,118538560,118538752,16384,56,10,15,0.000470987,1,59218.987189
398,417255805,2,264,276803120,277295872,65536,56,10,13,0.000408189,1,59148.188897
398,417255805,3,284,297815604,298798848,65536,56,10,13,0.000408189,1,59148.188897
398,417255805,4,207,217015871,218046720,16384,56,10,12,0.000376790,1,59112.789751
398,417255805,5,283,296765347,296765440,65536,56,10,12,0.000376790,1,59112.789751
398,417255805,6,39,40937191,40937216,16384,56,10,11,0.000345391,1,59077.390605
398,417255805,7,229,240064753,240064768,65536,56,10,11,0.000345391,1,59077.390605
398,417255805,8,355,372214310,373238016,16384,56,10,11,0.000345391,1,59077.390605
398,417255805,9,44,46176335,46694144,16384,56,10,10,0.000313991,1,59041.991459
398,417255805,10,239,250573740,250573824,16384,56,10,9,0.000282592,1,59006.592313
398,417255805,11,99,103862041,104353536,65536,54,8,19,0.000596584,1,57056.583773
399,418303849,0,69,72413180,73457664,4096,34,8,12,0.000370611,1,36322.610581
399,418303849,1,100,104910507,104910592,4096,34,8,12,0.000370611,1,36322.610581
399,418303849,2,398,417255805,417771520,16384,24,4,192,0.006028636,1,31948.636021
399,418303849,3,207,217015871,218046720,16384,24,4,17,0.000525032,1,25745.031656
399,418303849,4,264,276803120,277295872,65536,24,4,15,0.000463263,1,25675.263226
399,418303849,5,283,296765347,296765440,65536,24,4,14,0.000432379,1,25640.379011
399,418303849,6,39,40937191,40937216,16384,24,4,13,0.000402951,1,25606.950840
399,418303849,7,44,46176335,46694144,16384,24,4,13,0.000401495,1,25605.494796
399,418303849,8,355,372214310,373238016,16384,24,4,12,0.000371138,1,25571.137847
399,418303849,9,284,297815604,298798848,65536,24,4,12,0.000370611,1,25570.610581
399,418303849,10,229,240064753,240064768,65536,24,4,11,0.000339726,1,25535.726366
399,418303849,11,239,250573740,250573824,16384,24,4,10,0.000308842,1,25500.842151
399,418303849,12,69,72413180,73460736,1024,34,8,12,0.000370611,1,36322.610581
399,418303849,13,100,104910507,105897472,65536,21,3,12,0.000370611,1,22370.610581
399,418303849,14,398,417255805,417777664,4096,24,4,192,0.006028636,1,31948.636021
399,418303849,15,355,372214310,373250304,4096,24,4,12,0.000371138,1,25571.137847
400,419351577,0,398,417255805,417771520,16384,85,15,42,0.001358432,1,90550.431981
400,419351577,1,39,40937191,40937216,16384,85,15,33,0.001067339,1,90223.339414
400,419351577,2,207,217015871,218046720,16384,85,15,31,0.001002652,1,90150.652177
400,419351577,3,264,276803120,277295872,65536,85,15,24,0.000776247,1,89896.246846
400,419351577,4,355,372214310,373238016,16384,85,15,23,0.000743903,1,89859.903228
400,419351577,5,283,296765347,296765440,65536,85,15,21,0.000679216,1,89787.215991
400,419351577,6,229,240064753,240064768,65536,85,15,19,0.000614529,1,89714.528753
400,419351577,7,284,297815604,298798848,65536,85,15,19,0.000614529,1,89714.528753
400,419351577,8,44,46176335,46694144,16384,85,15,16,0.000517498,1,89605.497898
400,419351577,9,239,250573740,250573824,16384,85,15,13,0.000420467,1,89496.467042
400,419351577,10,102,107006226,107522048,16384,79,15,26,0.000840934,1,83824.934084
400,419351577,11,100,104910507,104910592,4096,77,17,24,0.000776247,1,81960.246846
401,420399589,0,136,142635942,143680512,4096,100,22,24,0.000743817,1,106119.817021
401,420399589,1,40,41986401,42508288,4096,99,23,29,0.000898779,1,105398.778900
401,420399589,2,387,405741416,406724352,65536,54,8,29,0.000898779,1,57398.778900
401,420399589,3,372,390012994,391047424,4096,53,11,37,0.001171405,1,57063.405053
401,420399589,4,251,263175200,263175424,1024,53,11,25,0.000774809,1,56618.809397
401,420399589,5,168,176163948,176164096,1024,53,11,24,0.000746594,1,56586.593666
401,420399589,6,219,229584458,230104064,4096,53,11,21,0.000650840,1,56478.839893
401,420399589,7,328,343975157,345013248,4096,53,11,21,0.000650840,1,56478.839893
401,420399589,8,86,90235200,90757632,4096,53,11,15,0.000464886,1,56268.885638
401,420399589,9,246,257912791,257912832,4096,47,11,38,0.001178843,1,50930.842873
401,420399589,10,63,66113270,66113280,4096,47,11,28,0.000867787,1,50579.786525
401,420399589,11,344,360733023,361776896,4096,47,11,23,0.000712825,1,50404.824645
402,421448568,0,400,419351577,420382976,16384,87,15,41,0.001326088,1,92562.088363
402,421448568,1,39,40937191,40937216,16384,87,15,28,0.000882001,1,92066.000882
402,421448568,2,284,297815604,298798848,65536,87,15,22,0.000693001,1,91853.000693
402,421448568,3,44,46176335,46694144,16384,87,15,20,0.000630001,1,91782.000630
402,421448568,4,264,276803120,277295872,65536,87,15,18,0.000567001,1,91711.000567
402,421448568,5,283,296765347,296765440,65536,87,15,14,0.000441000,1,91569.000441
402,421448568,6,355,372214310,373238016,16384,87,15,14,0.000441000,1,91569.000441
402,421448568,7,398,417255805,417771520,16384,87,15,14,0.000441000,1,91569.000441
402,421448568,8,239,250573740,250573824,16384,87,15,10,0.000315000,1,91427.000315
402,421448568,9,100,104910507,104910592,4096,46,10,20,0.000630001,1,49158.000630
402,421448568,10,69,72413180,73457664,4096,46,10,17,0.000535501,1,49051.500536
402,421448568,11,397,416216119,416216320,4096,35,7,22,0.000693001,1,37581.000693
402,421448568,12,400,419351577,420395264,4096,87,15,41,0.001326088,1,92562.088363
402,421448568,13,355,372214310,373250304,4096,87,15,14,0.000441000,1,91569.000441
402,421448568,14,398,417255805,417777664,4096,87,15,14,0.000441000,1,91569.000441
402,421448568,15,69,72413180,73460736,1024,46,10,17,0.000535501,1,49051.500536
403,422496780,0,402,421448568,421448704,16384,198,34,166,0.005426610,1,213258.610003
403,422496780,1,400,419351577,420382976,16384,198,34,64,0.002092187,1,209516.186989
403,422496780,2,39,40937191,40937216,16384,198,34,36,0.001176855,1,208488.855181
403,422496780,3,264,276803120,277295872,65536,198,34,24,0.000784570,1,208048.570121
403,422496780,4,398,417255805,417771520,16384,198,34,24,0.000784570,1,208048.570121
403,422496780,5,44,46176335,46694144,16384,198,34,23,0.000751880,1,208011.879699
403,422496780,6,284,297815604,298798848,65536,198,34,22,0.000719189,1,207975.189278
403,422496780,7,355,372214310,373238016,16384,198,34,20,0.000653808,1,207901.808434
403,422496780,8,283,296765347,296765440,65536,198,34,18,0.000588428,1,207828.427591
403,422496780,9,397,416216119,416216320,4096,105,23,25,0.000817261,1,111445.260543
403,422496780,10,189,198147847,199193088,4096,105,23,20,0.000653808,1,111261.808434
403,422496780,11,69,72413180,73457664,4096,104,22,30,0.000980713,1,110476.712651
404,423545478,0,387,405741416,406724352,65536,103,17,24,0.000746965,1,108554.965453
404,423545478,1,246,257912791,258944000,16384,80,14,30,0.000933707,1,84829.706816
404,423545478,2,40,41986401,42508288,4096,69,15,24,0.000746965,1,73482.965453
404,423545478,3,59,61910108,62403072,65536,66,10,23,0.000715842,1,69735.841892
404,423545478,4,257,269464779,270447360,65536,66,10,23,0.000715842,1,69735.841892
404,423545478,5,327,342927321,343909376,65536,66,10,23,0.000715842,1,69735.841892
404,423545478,6,328,343975157,343975168,65536,66,10,22,0.000684718,1,69700.718332
404,423545478,7,390,408880303,408880384,65536,66,10,20,0.000622471,1,69630.471211
404,423545478,8,243,254771951,254771968,65536,66,10,19,0.000591348,1,69595.347650
404,423545478,9,312,327181691,327181824,65536,66,10,19,0.000591348,1,69595.347650
404,423545478,10,53,55623067,56115712,65536,66,10,14,0.000435730,1,69419.729847
404,423545478,11,136,142635942,143680512,4096,48,10,23,0.000715842,1,51303.841892
405,424587785,0,40,41986401,42508288,4096,74,16,20,0.000617455,1,78585.455466
405,424587785,1,136,142635942,143680512,4096,63,15,21,0.000644864,1,67224.864118
405,424587785,2,219,229584458,230104064,4096,46,10,21,0.000646174,1,49178.173728
405,424587785,3,251,263175200,263175424,1024,46,10,21,0.000644864,1,49176.864118
405,424587785,4,168,176163948,176164096,1024,46,10,18,0.000559945,1,49079.945250
405,424587785,5,401,420399589,420399616,4096,46,10,17,0.000526870,1,49042.870390
405,424587785,6,372,390012994,391047424,4096,46,10,16,0.000506554,1,49018.553536
405,424587785,7,328,343975157,345013248,4096,46,10,16,0.000494438,1,49006.437577
405,424587785,8,86,90235200,90757632,4096,46,10,12,0.000368494,1,48864.493782
405,424587785,9,384,402590316,402590464,65536,36,6,20,0.000614156,1,38390.156303
405,424587785,10,391,409923593,410440960,16384,36,6,18,0.000555710,1,38323.709919
405,424587785,11,361,378494437,378494464,16384,36,6,18,0.000553863,1,38321.863196
406,425640170,0,387,405741416,406724352,65536,85,15,32,0.001021450,1,90173.450460
406,425640170,1,384,402590316,402590464,65536,43,9,24,0.000766088,1,46110.087845
406,425640170,2,361,378494437,378494464,16384,43,9,20,0.000638407,1,45966.406537
406,425640170,3,391,409923593,410440960,16384,43,9,20,0.000638407,1,45966.406537
406,425640170,4,40,41986401,42968832,65536,43,9,17,0.000542646,1,45858.645557
406,425640170,5,366,383725790,384213504,65536,43,9,17,0.000542646,1,45858.645557
406,425640170,6,358,375344091,376327168,65536,43,9,14,0.000446885,1,45750.884576
406,425640170,7,59,61910108,62403072,65536,42,6,24,0.000766088,1,44702.087845
406,425640170,8,327,342927321,343909376,65536,42,6,23,0.000734168,1,44666.167518
406,425640170,9,246,257912791,258894848,65536,42,6,22,0.000702247,1,44630.247191
406,425640170,10,243,254771951,254771968,65536,42,6,21,0.000670327,1,44594.326864
406,425640170,11,312,327181691,327181824,65536,42,6,20,0.000638407,1,44558.406537
407,426684777,0,392,410974471,411958528,65536,48,8,20,0.000622181,1,50942.180744
407,426684777,1,1,1048219,1048320,65536,48,8,15,0.000501790,1,50801.789717
407,426684777,2,396,415167595,415167744,65536,48,8,16,0.000497745,1,50801.744595
407,426684777,3,166,174073824,175045632,65536,48,8,14,0.000435527,1,50731.526520
407,426684777,4,169,177194672,178227200,16384,48,8,14,0.000435527,1,50731.526520
407,426684777,5,357,374302992,374815232,16384,48,8,12,0.000373308,1,50661.308446
407,426684777,6,393,412024078,412024320,65536,48,8,11,0.000344828,1,50628.827586
407,426684777,7,380,398394903,399381248,65536,48,8,11,0.000342199,1,50626.199409
407,426684777,8,290,304107543,305098496,65536,48,8,10,0.000311090,1,50591.090372
407,426684777,9,16,16797859,16797952,4096,29,7,16,0.000497745,1,31217.744595
407,426684777,10,115,120628164,121671680,4096,20,4,15,0.000467101,1,21583.100551
407,426684777,11,148,155214816,156259072,4096,19,5,13,0.000404417,1,20616.417483
407,426684777,12,1,1048219,1540096,65536,48,8,15,0.000501790,1,50801.789717
407,426684777,13,169,177194672,178239488,4096,48,8,14,0.000435527,1,50731.526520
408,427733402,0,393,412024078,412024320,65536,86,14,18,0.000564263,1,90556.263323
408,427733402,1,357,374302992,374815232,16384,86,14,18,0.000556810,1,90548.810097
408,427733402,2,169,177194672,178227200,16384,86,14,18,0.000550358,1,90542.357733
408,427733402,3,392,410974471,411958528,65536,86,14,17,0.000524157,1,90512.157494
408,427733402,4,396,415167595,415167744,65536,86,14,17,0.000521921,1,90509.920668
408,427733402,5,166,174073824,175045632,65536,86,14,15,0.000463836,1,90443.836235
408,427733402,6,1,1048219,1048320,65536,86,14,12,0.000401432,1,90369.431773
408,427733402,7,380,398394903,399381248,65536,86,14,11,0.000338378,1,90302.378245
408,427733402,8,290,304107543,305098496,65536,86,14,10,0.000305399,1,90265.399462
408,427733402,9,16,16797859,16797952,4096,53,13,12,0.000367748,1,56415.748460
408,427733402,10,115,120628164,121671680,4096,44,10,14,0.000435961,1,46891.960514
408,427733402,11,173,181386073,181910016,4096,31,7,19,0.000580259,1,33360.258979
408,427733402,12,169,177194672,178239488,4096,86,14,18,0.000550358,1,90542.357733
408,427733402,13,1,1048219,1540096,65536,86,14,12,0.000401432,1,90369.431773
409,428788754,0,387,405741416,406724352,65536,84,14,25,0.000772821,1,88744.821416
409,428788754,1,59,61910108,62403072,65536,60,10,20,0.000618257,1,63482.257133
409,428788754,2,327,342927321,343909376,65536,60,10,20,0.000618257,1,63482.257133
409,428788754,3,312,327181691,327181824,65536,60,10,19,0.000587344,1,63447.344276
409,428788754,4,246,257912791,258894848,65536,60,10,18,0.000558399,1,63414.399255
409,428788754,5,390,408880303,408880384,65536,60,10,18,0.000558157,1,63414.156842
409,428788754,6,257,269464779,270447360,65536,60,10,17,0.000525519,1,63377.518563
409,428788754,7,53,55623067,56115712,65536,60,10,15,0.000463693,1,63307.692850
409,428788754,8,243,254771951,254771968,65536,60,10,15,0.000463693,1,63307.692850
409,428788754,9,328,343975157,343975168,65536,60,10,15,0.000463693,1,63307.692850
409,428788754,10,136,142635942,143680512,4096,40,10,20,0.000618257,1,43002.257133
409,428788754,11,40,41986401,42508288,4096,37,9,18,0.000556431,1,39732.431420
410,429827006,0,387,405741416,406724352,65536,66,10,19,0.000587362,1,69591.362434
410,429827006,1,390,408880303,408880384,65536,42,6,21,0.000651183,1,44575.182982
410,429827006,2,246,257912791,258894848,65536,42,6,18,0.000558399,1,44470.399255
410,429827006,3,243,254771951,254771968,65536,42,6,18,0.000556449,1,44468.448621
410,429827006,4,312,327181691,327181824,65536,42,6,17,0.000525535,1,44433.534809
410,429827006,5,257,269464779,270447360,65536,42,6,15,0.000463707,1,44363.707184
410,429827006,6,327,342927321,343909376,65536,42,6,15,0.000463707,1,44363.707184
410,429827006,7,328,343975157,343975168,65536,42,6,15,0.000463707,1,44363.707184
410,429827006,8,59,61910108,62403072,65536,42,6,14,0.000432793,1,44328.793372
410,429827006,9,53,55623067,56115712,65536,42,6,11,0.000340052,1,44224.051935
410,429827006,10,361,378494437,378494464,16384,24,4,18,0.000556449,1,25780.448621
410,429827006,11,384,402590316,402590464,65536,24,4,18,0.000556449,1,25780.448621
411,430882963,0,115,120628164,121671680,4096,31,7,15,0.000467101,1,33231.100551
411,430882963,1,169,177194672,178227200,16384,27,5,20,0.000612933,1,29044.932884
411,430882963,2,396,415167595,415167744,65536,27,5,16,0.000491219,1,28907.219452
411,430882963,3,393,412024078,412024320,65536,27,5,14,0.000438871,1,28846.871473
411,430882963,4,392,410974471,411958528,65536,27,5,13,0.000400826,1,28804.826319
411,430882963,5,380,398394903,399381248,65536,27,5,13,0.000399902,1,28803.901563
411,430882963,6,408,427733402,427733504,16384,27,5,13,0.000398406,1,28802.406375
411,430882963,7,357,374302992,374815232,16384,27,5,10,0.000309339,1,28701.338943
411,430882963,8,290,304107543,305098496,65536,27,5,10,0.000306466,1,28698.466442
411,430882963,9,1,1048219,1048320,65536,27,5,7,0.000234169,1,28614.168534
411,430882963,10,157,164645993,165688064,4096,18,4,12,0.000368335,1,19424.335431
411,430882963,11,307,321949082,322472704,1024,18,4,11,0.000337113,1,19389.113086
412,431934927,0,16,16797859,16797952,4096,28,6,11,0.000339758,1,29887.757845
412,431934927,1,115,120628164,121671680,4096,19,5,14,0.000435961,1,20651.960514
412,431934927,2,26,27289725,27812352,4096,18,4,15,0.000463306,1,19531.306153
412,431934927,3,15,15749490,16271616,4096,18,4,12,0.000370702,1,19426.702172
412,431934927,4,379,397345533,398390784,4096,18,4,12,0.000370645,1,19426.644922
412,431934927,5,148,155214816,156259072,4096,18,4,11,0.000339758,1,19391.757845
412,431934927,6,307,321949082,322993408,4096,18,4,11,0.000339758,1,19391.757845
412,431934927,7,166,174073824,174590464,4096,18,4,9,0.000278302,1,19322.301741
412,431934927,8,411,430882963,431400704,16384,13,3,75,0.002316531,1,16376.530764
412,431934927,9,169,177194672,178227200,16384,12,2,12,0.000370645,1,13026.644922
412,431934927,10,290,304107543,305098496,65536,12,2,12,0.000370645,1,13026.644922
412,431934927,11,408,427733402,427733504,16384,12,2,12,0.000370645,1,13026.644922
413,432976919,0,16,16797859,16797952,4096,69,15,16,0.000490798,1,73194.797546
413,432976919,1,13,13641602,13641728,16384,48,8,16,0.000490798,1,50794.797546
413,432976919,2,392,410974471,411958528,65536,45,7,21,0.000647489,1,47771.488669
413,432976919,3,396,415167595,415167744,65536,45,7,20,0.000614024,1,47734.024315
413,432976919,4,169,177194672,178227200,16384,45,7,20,0.000613497,1,47733.496933
413,432976919,5,393,412024078,412024320,65536,45,7,17,0.000532915,1,47640.915361
413,432976919,6,357,374302992,374815232,16384,45,7,17,0.000525876,1,47633.876203
413,432976919,7,408,427733402,427733504,16384,45,7,15,0.000460123,1,47560.122699
413,432976919,8,380,398394903,399381248,65536,45,7,14,0.000430663,1,47526.663221
413,432976919,9,290,304107543,305098496,65536,45,7,13,0.000398773,1,47490.773006
413,432976919,10,1,1048219,1048320,65536,45,7,8,0.000267621,1,47339.621182
413,432976919,11,115,120628164,121671680,4096,44,10,25,0.000778501,1,47278.500919
414,434027024,0,174,182438310,182438400,65536,54,8,21,0.000656106,1,57124.106477
414,434027024,1,172,180343252,180343296,65536,54,8,16,0.000499891,1,56947.890649
414,434027024,2,13,13641602,13641728,16384,54,8,14,0.000437404,1,56877.404318
414,434027024,3,371,388958357,389947392,65536,54,8,14,0.000437404,1,56877.404318
414,434027024,4,187,196050495,196540416,65536,54,8,13,0.000406161,1,56842.161152
414,434027024,5,408,427733402,428723200,65536,54,8,11,0.000343675,1,56771.674821
414,434027024,6,2,2097908,3080960,65536,54,8,10,0.000329316,1,56753.315682
414,434027024,7,392,410974471,411958528,65536,36,6,18,0.000562377,1,38330.376980
414,434027024,8,396,415167595,415167744,65536,36,6,17,0.000531134,1,38295.133814
414,434027024,9,380,398394903,399381248,65536,36,6,15,0.000468647,1,38224.647483
414,434027024,10,290,304107543,305098496,65536,36,6,14,0.000437404,1,38189.404318
414,434027024,11,169,177194672,178227200,16384,36,6,13,0.000406161,1,38154.161152
415,435076128,0,414,434027024,434549504,4096,44,8,275,0.008591871,1,55835.870528
415,435076128,1,392,410974471,411958528,65536,28,6,16,0.000494071,1,30062.071146
415,435076128,2,396,415167595,415167744,65536,28,6,16,0.000494071,1,30062.071146
415,435076128,3,408,427733402,427733504,16384,28,6,16,0.000494071,1,30062.071146
415,435076128,4,357,374302992,374815232,16384,28,6,14,0.000433075,1,29993.074520
415,435076128,5,290,304107543,305098496,65536,28,6,13,0.000401433,1,29957.432806
415,435076128,6,380,398394903,399381248,65536,28,6,13,0.000401433,1,29957.432806
415,435076128,7,393,412024078,412024320,65536,28,6,12,0.000376176,1,29928.175549
415,435076128,8,169,177194672,178227200,16384,28,6,12,0.000370553,1,29922.553360
415,435076128,9,1,1048219,1048320,65536,28,6,7,0.000234169,1,29766.168534
415,435076128,10,174,182438310,182438400,65536,24,4,22,0.000679348,1,25919.347826
415,435076128,11,371,388958357,389947392,65536,24,4,17,0.000524951,1,25744.950593
416,436122050,0,396,415167595,415167744,65536,51,9,18,0.000555316,1,54067.315604
416,436122050,1,169,177194672,178227200,16384,51,9,17,0.000524465,1,54032.464737
416,436122050,2,392,410974471,411958528,65536,51,9,17,0.000524465,1,54032.464737
416,436122050,3,393,412024078,412024320,65536,51,9,16,0.000501567,1,54005.567398
416,436122050,4,357,374302992,374815232,16384,51,9,16,0.000494942,1,53998.942308
416,436122050,5,408,427733402,427733504,16384,51,9,16,0.000493614,1,53997.613871
416,436122050,6,290,304107543,305098496,65536,51,9,13,0.000401061,1,53893.061270
416,436122050,7,380,398394903,399381248,65536,51,9,13,0.000401061,1,53893.061270
416,436122050,8,1,1048219,1048320,65536,51,9,10,0.000334526,1,53814.526478
416,436122050,9,115,120628164,121671680,4096,35,7,20,0.000622801,1,37502.800735
416,436122050,10,157,164645993,165688064,4096,30,6,19,0.000586166,1,32214.166471
416,436122050,11,307,321949082,322472704,1024,30,6,15,0.000462763,1,32074.763004
417,437170591,0,115,120628164,121119232,65536,69,11,32,0.000996481,1,73252.481176
417,437170591,1,165,173025176,173025280,65536,45,7,21,0.000642280,1,47766.280401
417,437170591,2,392,410974471,411958528,65536,42,8,23,0.000709154,1,44897.154256
417,437170591,3,408,427733402,427733504,16384,42,8,19,0.000580933,1,44752.933162
417,437170591,4,396,415167595,415167744,65536,42,8,17,0.000521921,1,44685.920668
417,437170591,5,290,304107543,305098496,65536,42,8,16,0.000489207,1,44649.206873
417,437170591,6,169,177194672,178227200,16384,42,8,15,0.000458631,1,44614.631444
417,437170591,7,393,412024078,412024320,65536,42,8,14,0.000438871,1,44590.871473
417,437170591,8,357,374302992,374815232,16384,42,8,14,0.000433075,1,44585.074520
417,437170591,9,380,398394903,399381248,65536,42,8,13,0.000399902,1,44547.901563
417,437170591,10,1,1048219,1048320,65536,42,8,7,0.000234169,1,44358.168534
417,437170591,11,259,271563651,272595968,16384,37,7,16,0.000490421,1,39402.421456
418,438220351,0,387,405741416,406724352,65536,111,19,24,0.000737735,1,116993.735153
418,438220351,1,361,378494437,378494464,16384,66,12,24,0.000738484,1,70018.484261
418,438220351,2,40,41986401,42968832,65536,66,12,21,0.000648328,1,69916.328239
418,438220351,3,358,375344091,376327168,65536,66,12,20,0.000611509,1,69875.508592
418,438220351,4,366,383725790,384213504,65536,66,12,19,0.000585859,1,69845.859209
418,438220351,5,384,402590316,402590464,65536,66,12,18,0.000550593,1,69806.593417
418,438220351,6,391,409923593,410440960,16384,66,12,17,0.000524837,1,69776.837146
418,438220351,7,312,327181691,327181824,65536,45,7,27,0.000827916,1,47975.916105
418,438220351,8,246,257912791,258894848,65536,45,7,23,0.000713510,1,47845.510160
418,438220351,9,390,408880303,408880384,65536,45,7,21,0.000651183,1,47775.182982
418,438220351,10,327,342927321,343909376,65536,45,7,21,0.000645360,1,47769.359557
418,438220351,11,328,343975157,343975168,65536,45,7,19,0.000587145,1,47703.144623
419,439285172,0,174,182438310,182438400,65536,21,3,24,0.000741084,1,22789.083835
419,439285172,1,371,388958357,389947392,65536,21,3,19,0.000585228,1,22613.227623
419,439285172,2,13,13641602,13641728,16384,21,3,12,0.000369617,1,22369.617446
419,439285172,3,172,180343252,180343296,65536,21,3,12,0.000369617,1,22369.617446
419,439285172,4,2,2097908,3080960,65536,21,3,11,0.000362247,1,22358.247250
419,439285172,5,187,196050495,196540416,65536,21,3,11,0.000338816,1,22334.815992
419,439285172,6,408,427733402,428723200,65536,21,3,11,0.000338816,1,22334.815992
419,439285172,7,115,120628164,121671680,4096,20,4,14,0.000435961,1,21547.960514
419,439285172,8,16,16797859,16797952,4096,15,3,15,0.000462022,1,16330.021807
419,439285172,9,307,321949082,322472704,1024,15,3,15,0.000462022,1,16330.021807
419,439285172,10,157,164645993,165688064,4096,15,3,14,0.000431220,1,16295.220354
419,439285172,11,144,151029951,151548160,4096,15,3,10,0.000314901,1,16162.901121
420,440330985,0,218,228534656,228534784,65536,149,25,26,0.000804207,1,156748.206619
420,440330985,1,309,324039683,325019648,65536,149,25,20,0.000618620,1,156538.620476
420,440330985,2,308,322997753,322997760,65536,149,25,19,0.000587689,1,156503.689453
420,440330985,3,311,326131634,327165184,16384,79,15,30,0.000927931,1,83927.930715
420,440330985,4,217,227488419,228518144,16384,28,6,25,0.000773276,1,30377.275595
420,440330985,5,313,328229354,328229376,256,1,1,23,0.000711414,1,2019.413548
420,440330985,6,218,228534656,229057536,4096,55,13,26,0.000804207,1,58956.206619
420,440330985,7,309,324039683,325068800,16384,149,25,20,0.000618620,1,156538.620476
420,440330985,8,308,322997753,323510528,16384,28,6,19,0.000587689,1,30167.689453
420,440330985,9,311,326131634,326131712,65536,28,6,30,0.000927931,1,30551.930715
421,441379615,0,115,120628164,121671680,4096,111,23,34,0.001099647,1,117907.647466
421,441379615,1,16,16797859,16797952,4096,88,18,21,0.000679194,1,93243.194023
421,441379615,2,392,410974471,411958528,65536,78,14,39,0.001261360,1,83145.360329
421,441379615,3,396,415167595,415167744,65536,78,14,29,0.000937935,1,82781.934603
421,441379615,4,357,374302992,374815232,16384,78,14,27,0.000873249,1,82709.249458
421,441379615,5,393,412024078,412024320,65536,78,14,27,0.000873249,1,82709.249458
421,441379615,6,380,398394903,399381248,65536,78,14,25,0.000808564,1,82636.564313
421,441379615,7,169,177194672,178227200,16384,78,14,20,0.000646851,1,82454.851451
421,441379615,8,290,304107543,305098496,65536,78,14,16,0.000517481,1,82309.481160
421,441379615,9,1,1048219,1048320,65536,78,14,14,0.000468337,1,82252.337069
421,441379615,10,408,427733402,427733504,16384,78,14,9,0.000291083,1,82055.083153
421,441379615,11,157,164645993,165691136,1024,75,17,25,0.000808564,1,79948.564313
422,442438432,0,13,13641602,13641728,16384,66,10,18,0.000557811,1,69557.810902
422,442438432,1,115,120628164,121671680,4096,54,14,37,0.001152181,1,58452.181360
422,442438432,2,27,28339390,28339456,16384,54,10,31,0.000960674,1,57724.674331
422,442438432,3,16,16797859,16797952,4096,50,14,22,0.000681769,1,53825.768880
422,442438432,4,371,388958357,389947392,65536,42,6,30,0.000929685,1,44889.684837
422,442438432,5,174,182438310,182438400,65536,42,6,29,0.000898695,1,44854.695342
422,442438432,6,2,2097908,3080960,65536,42,6,26,0.000856221,1,44800.220773
422,442438432,7,172,180343252,180343296,65536,42,6,24,0.000743748,1,44679.747869
422,442438432,8,187,196050495,196540416,65536,42,6,23,0.000712758,1,44644.758375
422,442438432,9,408,427733402,428723200,65536,42,6,19,0.000588800,1,44504.800397
422,442438432,10,158,165692357,166214656,4096,36,10,26,0.000805727,1,39117.726859
422,442438432,11,173,181386073,181910016,4096,36,10,23,0.000712758,1,39012.758375
423,443490137,0,392,410974471,411958528,65536,60,10,34,0.001048315,1,63968.314988
423,443490137,1,422,442438432,442438656,65536,48,8,163,0.005051288,1,55943.287613
423,443490137,2,421,441379615,441876224,65536,48,8,67,0.002166952,1,52674.952359
423,443490137,3,357,374302992,374815232,16384,48,8,28,0.000866149,1,51218.149040
423,443490137,4,396,415167595,415167744,65536,48,8,22,0.000675427,1,51003.426747
423,443490137,5,380,398394903,399381248,65536,48,8,18,0.000553710,1,50865.709856
423,443490137,6,393,412024078,412024320,65536,48,8,16,0.000501567,1,50805.567398
423,443490137,7,408,427733402,427733504,16384,48,8,13,0.000398651,1,50690.650721
423,443490137,8,290,304107543,305098496,65536,48,8,11,0.000337320,1,50621.319841
423,443490137,9,1,1048219,1048320,65536,48,8,9,0.000301074,1,50577.073830
423,443490137,10,115,120628164,121671680,4096,33,7,18,0.000560521,1,35384.520661
423,443490137,11,16,16797859,16797952,4096,30,6,14,0.000429316,1,32037.316161
424,444541495,0,387,405741416,406724352,65536,71,11,34,0.001123744,1,75435.744051
424,444541495,1,361,378494437,378494464,16384,71,11,25,0.000826282,1,75102.282390
424,444541495,2,40,41986401,42968832,65536,71,11,23,0.000760180,1,75028.179799
424,444541495,3,391,409923593,410440960,16384,71,11,22,0.000727129,1,74991.128503
424,444541495,4,366,383725790,384213504,65536,71,11,21,0.000694077,1,74954.077208
424,444541495,5,358,375344091,376327168,65536,71,11,20,0.000661026,1,74917.025912
424,444541495,6,384,402590316,402590464,65536,71,11,20,0.000661026,1,74917.025912
424,444541495,7,136,142635942,143680512,4096,69,17,22,0.000727129,1,73711.128503
424,444541495,8,246,257912791,257912832,4096,36,10,35,0.001156795,1,39504.795346
424,444541495,9,63,66113270,66113280,4096,36,10,23,0.000760180,1,39060.179799
424,444541495,10,344,360733023,361776896,4096,36,10,14,0.000462718,1,38726.718139
424,444541495,11,232,243222974,243223040,256,36,10,13,0.000429667,1,38689.666843
425,445586519,0,424,444541495,444541696,4096,134,24,965,0.032021503,1,176233.502522
425,445586519,1,387,405741416,406724352,65536,75,11,24,0.000796390,1,79164.389700
425,445586519,2,327,342927321,343958528,16384,72,14,26,0.000862756,1,76550.755508
425,445586519,3,98,102809583,102809600,4096,72,14,20,0.000663658,1,76327.658083
425,445586519,4,136,142635942,143152128,16384,72,14,18,0.000597292,1,76253.292275
425,445586519,5,199,208625786,208625920,4096,72,14,18,0.000597292,1,76253.292275
425,445586519,6,5,5243475,5759488,16384,72,14,17,0.000600558,1,76252.558166
425,445586519,7,61,64013943,64530688,16384,72,14,17,0.000564109,1,76216.109371
425,445586519,8,78,81846058,82362624,16384,72,14,17,0.000564109,1,76216.109371
425,445586519,9,40,41986401,42508288,4096,67,15,18,0.000597292,1,71261.292275
425,445586519,10,243,254771951,254771968,65536,63,9,20,0.000663658,1,66471.658083
425,445586519,11,246,257912791,258894848,65536,63,9,20,0.000663658,1,66471.658083
426,446641702,0,403,422496780,423541248,4096,181,35,38,0.001296309,1,191336.308931
426,446641702,1,400,419351577,420382976,16384,123,21,28,0.000955175,1,129771.175002
426,446641702,2,39,40937191,40937216,16384,123,21,25,0.000852835,1,129656.834823
426,446641702,3,402,421448568,421448704,16384,123,21,20,0.000682268,1,129466.267858
426,446641702,4,284,297815604,298798848,65536,123,21,19,0.000648154,1,129428.154465
426,446641702,5,44,46176335,46694144,16384,123,21,17,0.000579928,1,129351.927680
426,446641702,6,398,417255805,417771520,16384,123,21,16,0.000545814,1,129313.814287
426,446641702,7,355,372214310,373238016,16384,123,21,14,0.000477588,1,129237.587501
426,446641702,8,181,189758380,190790400,16384,82,16,27,0.000921062,1,87109.061609
426,446641702,9,118,123764192,124285696,4096,58,14,13,0.000443474,1,61743.474108
426,446641702,10,399,418303849,419347456,4096,41,9,12,0.000409361,1,43657.360715
426,446641702,11,100,104910507,104910592,4096,39,9,25,0.000852835,1,42104.834823
427,447690326,0,218,228534656,228534784,65536,143,25,20,0.000692593,1,150468.592721
427,447690326,1,309,324039683,325019648,65536,143,25,20,0.000692593,1,150468.592721
427,447690326,2,308,322997753,322997760,65536,143,25,19,0.000657963,1,150429.963085
427,447690326,3,311,326131634,327165184,16384,114,22,20,0.000692593,1,120388.592721
427,447690326,4,217,227488419,228518144,16384,59,11,26,0.000900371,1,62892.370537
427,447690326,5,218,228534656,229057536,4096,35,7,20,0.000692593,1,37572.592721
427,447690326,6,309,324039683,325068800,16384,143,25,20,0.000692593,1,150468.592721
427,447690326,7,308,322997753,323510528,16384,59,11,19,0.000657963,1,62621.963085
427,447690326,8,311,326131634,326131712,65536,59,11,20,0.000692593,1,62660.592721
428,448742521,0,426,446641702,447624704,65536,190,28,605,0.020638603,1,221266.602715
428,448742521,1,403,422496780,423541248,4096,51,11,28,0.000915332,1,54723.331808
428,448742521,2,402,421448568,421448704,16384,27,5,20,0.000634437,1,29066.437254
428,448742521,3,44,46176335,46694144,16384,27,5,17,0.000539272,1,28959.271666
428,448742521,4,355,372214310,373238016,16384,27,5,17,0.000539272,1,28959.271666
428,448742521,5,39,40937191,40937216,16384,27,5,16,0.000507550,1,28923.549803
428,448742521,6,400,419351577,420382976,16384,27,5,15,0.000485154,1,28897.154279
428,448742521,7,284,297815604,298798848,65536,27,5,15,0.000475828,1,28887.827941
428,448742521,8,398,417255805,417771520,16384,27,5,13,0.000412384,1,28816.384215
428,448742521,9,118,123764192,124285696,4096,23,5,17,0.000539272,1,24863.271666
428,448742521,10,45,47228198,47719680,65536,21,3,21,0.000666159,1,22702.159117
428,448742521,11,99,103862041,104353536,65536,21,3,21,0.000666159,1,22702.159117
428,448742521,12,426,446641702,447673856,16384,51,9,605,0.020638603,1,76498.602715
428,448742521,13,355,372214310,373250304,4096,27,5,17,0.000539272,1,28959.271666
428,448742521,14,398,417255805,417777664,4096,27,5,13,0.000412384,1,28816.384215
429,449791485,0,424,444541495,445031168,65536,117,17,643,0.021251983,1,145871.983078
429,449791485,1,425,445586519,445586688,65536,72,10,562,0.018648792,1,95968.792142
429,449791485,2,40,41986401,42508288,4096,67,15,19,0.000605250,1,71273.249745
429,449791485,3,136,142635942,143680512,4096,56,12,19,0.000605250,1,59625.249745
429,449791485,4,251,263175200,263175424,1024,45,11,25,0.000796381,1,48448.381244
429,449791485,5,372,390012994,391047424,4096,41,9,23,0.000732671,1,44024.670744
429,449791485,6,401,420399589,420399616,4096,41,9,23,0.000732671,1,44024.670744
429,449791485,7,219,229584458,230104064,4096,41,9,22,0.000700815,1,43988.815494
429,449791485,8,168,176163948,176164096,1024,41,9,18,0.000573394,1,43845.394495
429,449791485,9,328,343975157,345013248,4096,41,9,15,0.000477829,1,43737.828746
429,449791485,10,86,90235200,90757632,4096,41,9,13,0.000414118,1,43666.118247
429,449791485,11,387,405741416,406724352,65536,36,6,27,0.000860092,1,38664.091743
430,450839473,0,427,447690326,447690496,65536,593,89,1218,0.043173118,1,666733.117822
430,450839473,1,311,326131634,327165184,16384,215,41,20,0.000708918,1,226260.918191
430,450839473,2,217,227488419,228518144,16384,121,25,24,0.000850702,1,128114.701829
430,450839473,3,308,322997753,323510528,16384,121,25,15,0.000531689,1,127759.688643
430,450839473,4,218,228534656,228534784,65536,120,18,22,0.000779810,1,126115.810010
430,450839473,5,309,324039683,325019648,65536,120,18,14,0.000496243,1,125800.242734
430,450839473,6,313,328229354,328229376,256,2,2,19,0.000673472,1,3117.472281
430,450839473,7,427,447690326,448183552,65536,534,82,1218,0.043173118,1,605421.117822
430,450839473,8,311,326131634,326131712,65536,121,25,20,0.000708918,1,127956.918191
430,450839473,9,308,322997753,322997760,65536,120,18,15,0.000531689,1,125839.688643
430,450839473,10,218,228534656,229057536,4096,43,9,22,0.000779810,1,46115.810010
430,450839473,11,309,324039683,325068800,16384,120,18,14,0.000496243,1,125800.242734
431,451888469,0,430,450839473,451355648,16384,595,103,1608,0.059172033,1,688132.033119
431,451888469,1,427,447690326,448183552,65536,572,92,1422,0.052327507,1,655583.506900
431,451888469,2,311,326131634,327165184,16384,197,35,18,0.000662374,1,207006.373505
431,451888469,3,218,228534656,228534784,65536,154,24,17,0.000625575,1,161525.574977
431,451888469,4,308,322997753,322997760,65536,154,24,16,0.000588776,1,161484.776449
431,451888469,5,309,324039683,325019648,65536,154,24,15,0.000551978,1,161443.977921
431,451888469,6,217,227488419,228518144,16384,92,16,24,0.000883165,1,97299.164673
431,451888469,7,313,328229354,328229376,256,1,1,19,0.000699172,1,1991.172033
431,451888469,8,430,450839473,451822848,65536,268,44,1608,0.059172033,1,345732.033119
431,451888469,9,427,447690326,447690496,65536,468,74,1422,0.052327507,1,546783.506900
431,451888469,10,311,326131634,326131712,65536,92,16,18,0.000662374,1,97054.373505
431,451888469,11,218,228534656,229057536,4096,40,10,17,0.000625575,1,42997.574977
431,451888469,12,308,322997753,323510528,16384,92,16,16,0.000588776,1,96972.776449
431,451888469,13,309,324039683,325068800,16384,154,24,15,0.000551978,1,161443.977921
432,452936697,0,431,451888469,452870912,65536,961,151,1751,0.066360949,1,1076820.948988
432,452936697,1,427,447690326,447690496,65536,817,129,1397,0.052944743,1,911716.743425
432,452936697,2,430,450839473,451355648,16384,638,108,1407,0.053323732,1,726151.732282
432,452936697,3,218,228534656,228534784,65536,200,34,23,0.000871674,1,210179.674373
432,452936697,4,308,322997753,322997760,65536,200,34,23,0.000871674,1,210179.674373
432,452936697,5,309,324039683,325019648,65536,200,34,19,0.000720079,1,210012.078830
432,452936697,6,311,326131634,327165184,16384,156,28,21,0.000795877,1,164271.876601
432,452936697,7,217,227488419,228518144,16384,76,14,35,0.001326461,1,81146.461002
432,452936697,8,431,451888469,451888640,65536,756,118,1751,0.066360949,1,862676.948988
432,452936697,9,427,447690326,448183552,65536,769,125,1397,0.052944743,1,862052.743425
432,452936697,10,430,450839473,451822848,65536,336,56,1407,0.053323732,1,410247.732282
432,452936697,11,309,324039683,325068800,16384,200,34,19,0.000720079,1,210012.078830
433,453985499,0,426,446641702,447624704,65536,332,54,870,0.029678652,1,380102.651839
433,453985499,1,428,448742521,449774848,16384,197,31,611,0.020176337,1,228380.336558
433,453985499,2,403,422496780,423541248,4096,125,25,42,0.001386917,1,132818.916752
433,453985499,3,400,419351577,420382976,16384,93,17,26,0.000858568,1,98434.567513
433,453985499,4,402,421448568,421448704,16384,93,17,24,0.000792524,1,98360.523858
433,453985499,5,44,46176335,46694144,16384,93,17,22,0.000726480,1,98286.480203
433,453985499,6,284,297815604,298798848,65536,93,17,19,0.000627415,1,98175.414721
433,453985499,7,398,417255805,417771520,16384,93,17,19,0.000627415,1,98175.414721
433,453985499,8,39,40937191,40937216,16384,93,17,18,0.000594393,1,98138.392894
433,453985499,9,355,372214310,373238016,16384,93,17,17,0.000561371,1,98101.371066
433,453985499,10,99,103862041,104353536,65536,79,13,24,0.000792524,1,83512.523858
433,453985499,11,209,219110557,219110656,65536,79,13,24,0.000792524,1,83512.523858
434,455034466,0,429,449791485,450822912,16384,214,40,699,0.023403757,1,250519.756655
434,455034466,1,424,444541495,444541696,16384,193,35,731,0.024475173,1,229575.173268
434,455034466,2,425,445586519,445586688,65536,118,20,751,0.025144809,1,151604.808652
434,455034466,3,136,142635942,143680512,4096,72,16,22,0.000736599,1,76664.598922
434,455034466,4,387,405741416,406724352,65536,69,13,28,0.000937490,1,73433.489537
434,455034466,5,40,41986401,42508288,4096,60,12,26,0.000870526,1,64014.525999
434,455034466,6,384,402590316,403624448,16384,44,8,22,0.000736599,1,46968.598922
434,455034466,7,330,346065653,346566400,16384,44,8,12,0.000401781,1,46593.781230
434,455034466,8,246,257912791,257912832,4096,37,9,29,0.000970971,1,40190.971306
434,455034466,9,63,66113270,66113280,4096,37,9,28,0.000937490,1,40153.489537
434,455034466,10,344,360733023,361776896,4096,37,9,18,0.000602672,1,39778.671845
434,455034466,11,232,243222974,243223040,256,37,9,15,0.000502227,1,39666.226538
435,456082902,0,434,455034466,455034624,65536,273,43,1170,0.039588550,1,329388.549773
435,456082902,1,429,449791485,450822912,16384,274,50,747,0.025275766,1,315303.766394
435,456082902,2,424,444541495,444541696,16384,271,45,803,0.027170603,1,313710.602964
435,456082902,3,425,445586519,445586688,65536,115,17,789,0.026696894,1,149852.893821
435,456082902,4,387,405741416,406724352,65536,97,17,32,0.001082764,1,102778.763754
435,456082902,5,136,142635942,143680512,4096,94,22,22,0.000744400,1,99968.400081
435,456082902,6,384,402590316,403624448,16384,88,16,23,0.000778236,1,93094.236449
435,456082902,7,330,346065653,346566400,16384,88,16,13,0.000439873,1,92715.872775
435,456082902,8,63,66113270,66113280,4096,66,14,26,0.000879746,1,70423.745551
435,456082902,9,246,257912791,257912832,4096,66,14,26,0.000879746,1,70423.745551
435,456082902,10,232,243222974,243223040,256,66,14,15,0.000507546,1,70007.545510
435,456082902,11,344,360733023,361776896,4096,66,14,13,0.000439873,1,69931.872775
436,457131352,0,431,451888469,452870912,65536,467,71,1385,0.050965961,1,543865.961362
436,457131352,1,432,452936697,453428224,65536,463,71,1399,0.053020541,1,541880.541196
436,457131352,2,430,450839473,451355648,16384,413,69,1124,0.039841202,1,476145.202325
436,457131352,3,427,447690326,447690496,65536,310,48,1098,0.038135593,1,366175.593220
436,457131352,4,311,326131634,327165184,16384,164,32,21,0.000729369,1,172909.369269
436,457131352,5,217,227488419,228518144,16384,52,8,27,0.000937760,1,55381.760489
436,457131352,6,308,322997753,323510528,16384,52,8,19,0.000659906,1,55071.905529
436,457131352,7,218,228534656,228534784,65536,42,6,19,0.000659906,1,44575.905529
436,457131352,8,309,324039683,325019648,65536,42,6,15,0.000520978,1,44420.978049
436,457131352,9,431,451888469,451888640,65536,428,68,1385,0.050965961,1,503545.961362
436,457131352,10,432,452936697,452936704,65536,437,69,1399,0.053020541,1,515000.541196
436,457131352,11,430,450839473,451872000,16384,259,49,1124,0.039841202,1,315889.202325
436,457131352,12,427,447690326,448183552,65536,237,37,1098,0.038135593,1,290015.593220
437,458179200,0,435,456082902,457065728,65536,437,71,1264,0.045020658,1,506716.658213
437,458179200,1,434,455034466,455034624,65536,349,55,1225,0.043631571,1,413011.571449
437,458179200,2,424,444541495,445031168,65536,316,50,836,0.029776321,1,363168.321413
437,458179200,3,429,449791485,450822912,16384,311,57,781,0.027817353,1,356765.352899
437,458179200,4,425,445586519,445586688,65536,199,33,836,0.029776321,1,241184.321413
437,458179200,5,387,405741416,406724352,65536,176,30,30,0.001068528,1,185316.528280
437,458179200,6,40,41986401,42508288,4096,140,32,21,0.000747970,1,148351.969796
437,458179200,7,136,142635942,143680512,4096,103,23,21,0.000747970,1,109311.969796
437,458179200,8,246,257912791,258894848,65536,93,15,27,0.000961675,1,98285.675452
437,458179200,9,327,342927321,343909376,65536,93,15,23,0.000819205,1,98127.205015
437,458179200,10,328,343975157,343975168,65536,93,15,22,0.000783587,1,98087.587406
437,458179200,11,53,55623067,56115712,65536,93,15,20,0.000712352,1,98008.352187
438,459227595,0,431,451888469,452870912,65536,465,71,1390,0.051149954,1,542021.954002
438,459227595,1,436,457131352,457131520,65536,439,67,1225,0.043958804,1,507034.804321
438,459227595,2,430,450839473,451355648,16384,370,68,1143,0.041016256,1,433236.255786
438,459227595,3,432,452936697,453428224,65536,329,51,1367,0.051807777,1,400763.776851
438,459227595,4,427,447690326,448183552,65536,336,52,1206,0.043276994,1,398884.994294
438,459227595,5,311,326131634,327165184,16384,130,24,18,0.000645925,1,136973.925288
438,459227595,6,218,228534656,228534784,65536,81,13,17,0.000610041,1,85350.040550
438,459227595,7,308,322997753,322997760,65536,81,13,17,0.000610041,1,85350.040550
438,459227595,8,309,324039683,325019648,65536,81,13,15,0.000538271,1,85270.271073
438,459227595,9,217,227488419,228518144,16384,64,12,23,0.000825349,1,68053.348979
438,459227595,10,431,451888469,451888640,65536,458,72,1390,0.051149954,1,534981.954002
438,459227595,11,436,457131352,458113536,65536,253,41,1225,0.043958804,1,313242.804321
438,459227595,12,430,450839473,451884288,4096,183,41,1143,0.041016256,1,238292.255786
438,459227595,13,432,452936697,452936704,65536,320,48,1367,0.051807777,1,391163.776851
438,459227595,14,427,447690326,447690496,65536,329,51,1206,0.043276994,1,391588.994294
439,460276478,0,431,451888469,452870912,65536,625,95,1342,0.049383625,1,706975.624655
439,460276478,1,436,457131352,457131520,65536,577,87,1232,0.042789664,1,649765.663795
439,460276478,2,427,447690326,448183552,65536,466,72,1281,0.044360564,1,535948.563770
439,460276478,3,430,450839473,451355648,16384,464,80,1231,0.043633915,1,533997.914646
439,460276478,4,432,452936697,452936704,65536,439,67,1300,0.049268552,1,512644.551505
439,460276478,5,438,459227595,459227648,65536,275,47,1320,0.047367854,1,340327.854452
439,460276478,6,311,326131634,327165184,16384,136,24,21,0.000725639,1,143209.639254
439,460276478,7,218,228534656,228534784,65536,132,20,20,0.000691085,1,138563.085003
439,460276478,8,308,322997753,322997760,65536,132,20,18,0.000621977,1,138485.976503
439,460276478,9,309,324039683,325019648,65536,132,20,14,0.000483760,1,138331.759502
439,460276478,10,217,227488419,228518144,16384,48,8,23,0.000794748,1,51126.747754
439,460276478,11,313,328229354,328229376,256,1,1,17,0.000587422,1,1871.422253
439,460276478,12,431,451888469,451888640,65536,566,88,1342,0.049383625,1,645663.624655
439,460276478,13,436,457131352,457131520,4096,268,44,1232,0.042789664,1,327845.663795
439,460276478,14,427,447690326,447690496,65536,340,52,1281,0.044360564,1,404364.563770
439,460276478,15,430,450839473,451884288,4096,264,54,1231,0.043633915,1,325869.914646
439,460276478,16,432,452936697,453428224,65536,432,64,1300,0.049268552,1,505092.551505
439,460276478,17,438,459227595,459227648,16384,254,46,1320,0.047367854,1,318695.854452
440,461325735,0,431,451888469,452870912,65536,943,153,1666,0.061306348,1,1053250.347746
440,461325735,1,436,457131352,457131520,65536,935,147,1216,0.044137931,1,1025321.931034
440,461325735,2,430,450839473,451355648,16384,792,140,1394,0.050598911,1,885166.911071
440,461325735,3,427,447690326,448183552,65536,710,116,1443,0.052377495,1,800101.495463
440,461325735,4,432,452936697,453428224,65536,635,103,1599,0.060600318,1,730484.318351
440,461325735,5,439,460276478,460276480,65536,593,93,1437,0.052159710,1,677107.709619
440,461325735,6,438,459227595,459227648,65536,323,53,1457,0.052885662,1,396313.662432
440,461325735,7,311,326131634,327165184,16384,208,38,19,0.000689655,1,218685.655172
440,461325735,8,218,228534656,228534784,65536,181,31,22,0.000798548,1,190262.548094
440,461325735,9,308,322997753,322997760,65536,181,31,17,0.000617060,1,190061.059891
440,461325735,10,309,324039683,325019648,65536,181,31,14,0.000508167,1,189940.166969
440,461325735,11,217,227488419,228518144,16384,95,17,22,0.000798548,1,100406.548094
440,461325735,12,431,451888469,451888640,65536,885,139,1666,0.061306348,1,992066.347746
440,461325735,13,436,457131352,457131520,16384,339,57,1216,0.044137931,1,403497.931034
440,461325735,14,430,450839473,450839552,65536,366,60,1394,0.050598911,1,438702.911071
440,461325735,15,427,447690326,447690496,65536,555,89,1443,0.052377495,1,637925.495463
440,461325735,16,432,452936697,452936704,65536,596,94,1599,0.060600318,1,689396.318351
440,461325735,17,439,460276478,461260032,65536,564,92,1437,0.052159710,1,647283.709619
440,461325735,18,438,459227595,459227648,16384,267,47,1457,0.052885662,1,338201.662432
441,462374119,0,431,451888469,451888640,65536,574,90,1411,0.052432091,1,657436.090967
441,462374119,1,436,457131352,457131520,65536,566,90,1216,0.045185983,1,641217.983427
441,462374119,2,440,461325735,461817088,65536,512,82,1416,0.052617889,1,593129.888596
441,462374119,3,430,450839473,451355648,16384,517,91,1228,0.045631898,1,591663.897737
441,462374119,4,432,452936697,452936704,65536,454,72,1495,0.056658834,1,536814.834230
441,462374119,5,439,460276478,460276480,65536,382,60,1187,0.044108357,1,447768.357177
441,462374119,6,427,447690326,447690496,65536,358,58,1203,0.044702910,1,423594.909591
441,462374119,7,438,459227595,459227648,65536,332,58,1220,0.045334622,1,397670.621530
441,462374119,8,311,326131634,327165184,16384,167,31,18,0.000668871,1,175780.871465
441,462374119,9,217,227488419,228518144,16384,140,26,28,0.001040467,1,147904.466724
441,462374119,10,308,322997753,323510528,16384,140,26,18,0.000668871,1,147492.871465
441,462374119,11,218,228534656,229057536,4096,43,9,20,0.000743191,1,46071.190517
441,462374119,12,431,451888469,452870912,65536,501,77,1411,0.052432091,1,581020.090967
441,462374119,13,436,457131352,458113536,65536,381,65,1216,0.045185983,1,448577.983427
441,462374119,14,440,461325735,461325824,16384,417,75,1416,0.052617889,1,494953.888596
441,462374119,15,430,450839473,451822848,65536,260,44,1228,0.045631898,1,322479.897737
441,462374119,16,432,452936697,453428224,65536,370,60,1495,0.056658834,1,449262.834230
441,462374119,17,439,460276478,460276480,16384,279,49,1187,0.044108357,1,340888.357177
441,462374119,18,427,447690326,448183552,65536,342,54,1203,0.044702910,1,406698.909591
442,463421612,0,435,456082902,456574208,65536,322,50,795,0.026899912,1,366271.912025
442,463421612,1,429,449791485,450822912,16384,298,52,606,0.019714369,1,334010.369368
442,463421612,2,434,455034466,456017152,65536,233,39,777,0.026015335,1,272771.334650
442,463421612,3,424,444541495,445031168,65536,207,31,613,0.020260444,1,238712.444209
442,463421612,4,437,458179200,458179328,65536,159,25,864,0.030773614,1,200309.614475
442,463421612,5,425,445586519,445586688,65536,141,21,611,0.020274754,1,169854.754447
442,463421612,6,387,405741416,406724352,65536,98,16,26,0.000845831,1,103413.831029
442,463421612,7,40,41986401,42968832,65536,65,11,27,0.000878363,1,69018.362992
442,463421612,8,366,383725790,384213504,65536,65,11,23,0.000748235,1,68872.235141
442,463421612,9,384,402590316,402590464,65536,65,11,18,0.000585575,1,68689.575328
442,463421612,10,391,409923593,410440960,16384,65,11,17,0.000553043,1,68653.043365
442,463421612,11,5,5243475,5759488,16384,33,7,20,0.000706539,1,35538.539019
443,464470470,0,436,457131352,457131520,65536,688,106,1183,0.042744616,1,765620.616274
443,464470470,1,431,451888469,452870912,65536,676,106,1214,0.044673413,1,755385.413063
443,464470470,2,441,462374119,462889472,16384,607,101,1294,0.048084426,1,687820.426443
443,464470470,3,440,461325735,461817088,65536,484,76,1290,0.046823956,1,557391.956443
443,464470470,4,432,452936697,452936704,65536,484,76,1239,0.046956719,1,557320.719472
443,464470470,5,427,447690326,447690496,65536,475,75,1158,0.041841307,1,542537.306547
443,464470470,6,430,450839473,451355648,16384,428,70,1042,0.037649949,1,489113.949415
443,464470470,7,439,460276478,460276480,65536,406,62,1202,0.043431132,1,471983.131666
443,464470470,8,438,459227595,459227648,16384,393,69,1339,0.048381269,1,465065.268970
443,464470470,9,311,326131634,327165184,16384,195,35,19,0.000686515,1,204986.515392
443,464470470,10,218,228534656,228534784,65536,186,30,20,0.000722648,1,195170.647781
443,464470470,11,309,324039683,325019648,65536,186,30,16,0.000578118,1,195010.118225
443,464470470,12,436,457131352,458113536,65536,400,64,1183,0.042744616,1,465332.616274
443,464470470,13,431,451888469,451888640,65536,565,89,1214,0.044673413,1,639545.413063
443,464470470,14,441,462374119,463355904,65536,541,87,1294,0.048084426,1,618444.426443
443,464470470,15,440,461325735,462308352,65536,406,62,1290,0.046823956,1,475727.956443
443,464470470,16,432,452936697,453428224,65536,390,60,1239,0.046956719,1,459016.719472
443,464470470,17,427,447690326,448183552,65536,360,56,1158,0.041841307,1,422345.306547
443,464470470,18,439,460276478,461260032,65536,336,54,1202,0.043431132,1,399279.131666
443,464470470,19,438,459227595,459227648,65536,291,47,1339,0.048381269,1,357801.268970
444,465519446,0,443,464470470,465453824,65536,593,105,1738,0.064597658,1,692285.658428
444,465519446,1,431,451888469,452870912,65536,604,92,1332,0.049507526,1,685171.526482
444,465519446,2,440,461325735,462308352,65536,496,76,1334,0.049581862,1,572613.862107
444,465519446,3,436,457131352,457131520,65536,466,72,1385,0.051477421,1,543481.420554
444,465519446,4,427,447690326,448183552,65536,470,76,1167,0.043374837,1,539114.837391
444,465519446,5,430,450839473,451355648,16384,412,72,1110,0.041256272,1,476864.272068
444,465519446,6,439,460276478,461260032,65536,379,57,1255,0.046645605,1,447121.604906
444,465519446,7,441,462374119,463355904,65536,343,53,1298,0.048243821,1,411515.820851
444,465519446,8,432,452936697,452936704,65536,336,50,1331,0.050443417,1,406295.416964
444,465519446,9,438,459227595,459743744,16384,320,62,1480,0.055008363,1,396608.362758
444,465519446,10,218,228534656,228534784,65536,208,32,21,0.000780524,1,218016.524066
444,465519446,11,308,322997753,322997760,65536,208,32,19,0.000706188,1,217934.188441
444,465519446,12,443,464470470,464962048,65536,467,75,1738,0.064597658,1,559421.658428
444,465519446,13,431,451888469,451888640,65536,384,58,1332,0.049507526,1,455539.526482
444,465519446,14,440,461325735,461817088,65536,444,66,1334,0.049581862,1,518085.862107
444,465519446,15,436,457131352,458162688,16384,321,59,1385,0.051477421,1,393337.420554
444,465519446,16,427,447690326,447690496,65536,458,70,1167,0.043374837,1,526058.837391
444,465519446,17,439,460276478,460276480,16384,370,60,1255,0.046645605,1,438289.604906
444,465519446,18,441,462374119,462889472,16384,341,59,1298,0.048243821,1,410235.820851
444,465519446,19,432,452936697,453428224,65536,308,48,1331,0.050443417,1,377367.416964
444,465519446,20,438,459227595,459227648,65536,309,53,1480,0.055008363,1,384192.362758
445,466568071,0,435,456082902,456574208,65536,422,66,1037,0.035088313,1,479876.312919
445,466568071,1,434,455034466,455034624,65536,322,50,1029,0.034594049,1,374902.049420
445,466568071,2,442,463421612,463421696,65536,304,48,728,0.024474702,1,344890.701631
445,466568071,3,429,449791485,450282496,65536,302,48,613,0.020608506,1,338516.505631
445,466568071,4,424,444541495,445031168,65536,280,44,686,0.023062700,1,318222.699613
445,466568071,5,437,458179200,458179328,65536,153,23,1168,0.041601368,1,205953.367716
445,466568071,6,425,445586519,445586688,65536,160,26,694,0.023331652,1,193339.652379
445,466568071,7,387,405741416,406724352,65536,165,25,27,0.000907716,1,173239.715582
445,466568071,8,390,408880303,408880384,65536,87,13,22,0.000739620,1,91643.620104
445,466568071,9,257,269464779,270447360,65536,87,13,21,0.000706001,1,91606.001009
445,466568071,10,312,327181691,327181824,65536,87,13,19,0.000638763,1,91530.762817
445,466568071,11,327,342927321,343909376,65536,87,13,18,0.000605144,1,91493.143722
446,467610719,0,435,456082902,456082944,16384,346,62,947,0.032118026,1,398210.026115
446,467610719,1,429,449791485,450822912,16384,327,59,584,0.019806681,1,364606.681363
446,467610719,2,445,466568071,466568192,16384,276,50,1168,0.039613363,1,333373.362727
446,467610719,3,442,463421612,463421696,65536,279,43,808,0.027403765,1,321899.764626
446,467610719,4,434,455034466,455034624,65536,228,36,973,0.032999830,1,275035.830422
446,467610719,5,437,458179200,458179328,65536,218,36,1109,0.039499929,1,271839.928765
446,467610719,6,424,444541495,444541696,4096,194,34,652,0.022112939,1,227792.938782
446,467610719,7,387,405741416,406724352,65536,215,37,34,0.001153129,1,226249.128710
446,467610719,8,59,61910108,62403072,65536,145,25,25,0.000847889,1,152691.888757
446,467610719,9,390,408880303,408880384,65536,145,25,22,0.000746142,1,152578.142106
446,467610719,10,53,55623067,56115712,65536,145,25,20,0.000678311,1,152502.311006
446,467610719,11,257,269464779,270447360,65536,145,25,19,0.000644395,1,152464.395455
447,468659769,0,435,456082902,456082944,16384,567,101,1098,0.039417002,1,637409.001723
447,468659769,1,445,466568071,467081216,16384,389,75,1149,0.041247846,1,453843.846065
447,468659769,2,434,455034466,455034624,65536,374,58,1078,0.038699024,1,433475.023550
447,468659769,3,424,444541495,444541696,16384,331,57,696,0.024985640,1,374073.640437
447,468659769,4,442,463421612,464404736,65536,320,50,643,0.023082998,1,359798.998277
447,468659769,5,437,458179200,458179328,65536,262,42,1101,0.039524698,1,317656.698449
447,468659769,6,446,467610719,468102400,65536,249,39,989,0.035504021,1,299492.020678
447,468659769,7,429,449791485,450822912,16384,172,30,597,0.021431648,1,203851.648478
447,468659769,8,387,405741416,406724352,65536,183,31,24,0.000861574,1,192381.573808
447,468659769,9,425,445586519,445586688,65536,147,23,655,0.023513785,1,179669.785181
447,468659769,10,390,408880303,408880384,65536,108,18,26,0.000933372,1,113997.371626
447,468659769,11,257,269464779,270447360,65536,108,18,24,0.000861574,1,113917.573808
448,469708075,0,431,451888469,452870912,65536,588,88,1217,0.044783809,1,663091.808648
448,469708075,1,444,465519446,466551552,16384,564,88,1386,0.051514588,1,645922.588366
448,469708075,2,443,464470470,464962048,65536,557,87,1259,0.045490678,1,632094.677844
448,469708075,3,441,462374119,463355904,65536,435,67,1212,0.045037345,1,503965.345323
448,469708075,4,430,450839473,451355648,16384,425,73,1024,0.036296611,1,485000.611371
448,469708075,5,440,461325735,461817088,65536,353,53,1303,0.047295826,1,420827.825771
448,469708075,6,432,452936697,452936704,65536,299,45,1235,0.046805124,1,363745.123929
448,469708075,7,436,457131352,457131520,65536,296,44,1366,0.047829132,1,362093.131653
448,469708075,8,427,447690326,448183552,65536,284,44,1023,0.035819328,1,336423.327731
448,469708075,9,438,459227595,459227648,65536,197,33,1286,0.046147773,1,257307.773352
448,469708075,10,439,460276478,460276480,65536,183,27,1231,0.043102241,1,238938.240896
448,469708075,11,311,326131634,327165184,16384,115,23,23,0.000805322,1,121665.322129
448,469708075,12,431,451888469,451888640,65536,545,83,1217,0.044783809,1,618419.808648
448,469708075,13,444,465519446,466502400,65536,504,78,1386,0.051514588,1,583202.588366
448,469708075,14,443,464470470,464470528,16384,455,71,1259,0.045490678,1,525598.677844
448,469708075,15,441,462374119,462889472,16384,405,69,1212,0.045037345,1,473501.345323
448,469708075,16,440,461325735,461325824,65536,315,47,1303,0.047295826,1,381147.825771
448,469708075,17,436,457131352,458162688,16384,235,45,1366,0.047829132,1,299757.131653
448,469708075,18,427,447690326,447690496,65536,252,38,1023,0.035819328,1,302887.327731
449,470755850,0,448,469708075,470223872,16384,638,108,1223,0.042822129,1,714914.128852
449,470755850,1,444,465519446,466010880,65536,587,95,1249,0.046422598,1,664730.598030
449,470755850,2,443,464470470,464962048,65536,539,89,1187,0.042889146,1,611029.145830
449,470755850,3,431,451888469,451888640,65536,485,81,1057,0.038896044,1,550196.044158
449,470755850,4,430,450839473,451355648,16384,459,79,989,0.035056005,1,519204.004537
449,470755850,5,438,459227595,459227648,65536,382,62,1161,0.041662181,1,445474.181074
449,470755850,6,441,462374119,463355904,65536,379,63,1093,0.040615362,1,441211.361748
449,470755850,7,440,461325735,461325824,16384,333,61,1169,0.042431942,1,395971.941924
449,470755850,8,436,457131352,457131520,65536,323,51,1151,0.040075206,1,382023.206295
449,470755850,9,439,460276478,460276480,65536,265,41,1033,0.035966714,1,316770.714251
449,470755850,10,427,447690326,447690496,65536,248,38,965,0.033599109,1,296339.108666
449,470755850,11,432,452936697,453452800,16384,220,34,1072,0.040627606,1,274611.605548
449,470755850,12,448,469708075,470199296,65536,502,84,1223,0.042822129,1,572578.128852
449,470755850,13,444,465519446,466551552,16384,565,95,1249,0.046422598,1,642202.598030
449,470755850,14,443,464470470,465453824,65536,455,79,1187,0.042889146,1,523733.145830
449,470755850,15,431,451888469,452870912,65536,422,68,1057,0.038896044,1,484020.044158
449,470755850,16,441,462374119,462374144,16384,252,50,1093,0.040615362,1,309499.361748
449,470755850,17,440,461325735,462308352,65536,331,51,1169,0.042431942,1,392643.941924
450,471801499,0,435,456082902,456574208,65536,454,70,971,0.033292190,1,511096.189536
450,471801499,1,442,463421612,463421696,65536,410,64,837,0.028697799,1,460141.798807
450,471801499,2,445,466568071,466568192,16384,312,56,1031,0.035349379,1,366193.379414
450,471801499,3,447,468659769,469642496,65536,312,48,969,0.034786043,1,364358.042504
450,471801499,4,424,444541495,445031168,65536,312,48,786,0.026949187,1,355789.187410
450,471801499,5,429,449791485,450822912,16384,298,56,747,0.025612014,1,340984.013989
450,471801499,6,446,467610719,467610880,65536,201,31,1191,0.040835219,1,255455.219091
450,471801499,7,425,445586519,445586688,65536,201,31,862,0.029554961,1,242858.961256
450,471801499,8,434,455034466,455034624,65536,168,26,969,0.033223617,1,212523.616540
450,471801499,9,437,458179200,459223296,4096,144,30,1268,0.045163129,1,201595.128651
450,471801499,10,387,405741416,406724352,65536,81,13,31,0.001062881,1,85858.881437
450,471801499,11,391,409923593,410440960,16384,81,13,29,0.000994308,1,85782.308441
451,472849548,0,449,470755850,471245824,65536,767,129,1302,0.048502459,1,855694.458650
451,472849548,1,444,465519446,466010880,65536,693,111,1568,0.058411563,1,788587.563105
451,472849548,2,431,451888469,451888640,65536,693,107,1378,0.051333631,1,780237.631352
451,472849548,3,448,469708075,470199296,65536,618,98,1508,0.056176427,1,707648.426762
451,472849548,4,430,450839473,451355648,16384,532,90,1195,0.044516466,1,605648.465504
451,472849548,5,443,464470470,464962048,65536,518,84,1254,0.046714350,1,592978.349575
451,472849548,6,439,460276478,460276480,16384,458,78,1220,0.045447772,1,529367.772314
451,472849548,7,438,459227595,459227648,65536,368,64,1445,0.053829534,1,444697.533602
451,472849548,8,432,452936697,453428224,65536,350,56,1312,0.049723338,1,420603.338134
451,472849548,9,440,461325735,462308352,65536,331,57,1400,0.052153181,1,404057.181344
451,472849548,10,427,447690326,448183552,65536,334,56,1087,0.040493220,1,394089.220086
451,472849548,11,441,462374119,462374144,65536,327,49,1216,0.045298763,1,391346.763225
451,472849548,12,449,470755850,471270400,16384,458,78,1302,0.048502459,1,532750.458650
451,472849548,13,444,465519446,466551552,16384,640,106,1568,0.058411563,1,733675.563105
451,472849548,14,431,451888469,452870912,65536,571,89,1378,0.051333631,1,653005.631352
451,472849548,15,448,469708075,470223872,16384,598,100,1508,0.056176427,1,687424.426762
451,472849548,16,430,450839473,451884288,4096,304,64,1195,0.044516466,1,368848.465504
451,472849548,17,443,464470470,465453824,65536,475,85,1254,0.046714350,1,549074.349575
451,472849548,18,432,452936697,453919744,65536,337,55,1312,0.049723338,1,407163.338134
452,473897987,0,449,470755850,471245824,65536,712,112,1306,0.045471954,1,794183.954319
452,473897987,1,443,464470470,464962048,65536,561,89,1190,0.042997543,1,633677.542998
452,473897987,2,448,469708075,470223872,16384,520,84,1370,0.047969188,1,596745.187675
452,473897987,3,444,465519446,466551552,16384,467,77,1241,0.046125256,1,539217.255529
452,473897987,4,431,451888469,451888640,65536,439,67,1075,0.039558418,1,502034.417663
452,473897987,5,441,462374119,462374144,16384,403,79,1219,0.045297462,1,473021.462004
452,473897987,6,451,472849548,473365504,16384,353,59,1353,0.050402325,1,424902.324542
452,473897987,7,432,452936697,452936704,65536,322,50,1071,0.040589707,1,381065.706663
452,473897987,8,440,461325735,461325824,16384,308,58,1254,0.045517241,1,373413.241379
452,473897987,9,430,450839473,451355648,16384,290,48,935,0.033141925,1,340049.925422
452,473897987,10,427,447690326,447690496,65536,285,43,908,0.031443710,1,332483.709527
452,473897987,11,436,457131352,457131520,65536,217,33,1255,0.043588497,1,275104.496805
452,473897987,12,449,470755850,471270400,16384,381,59,1306,0.045471954,1,448455.954319
452,473897987,13,443,464470470,464470528,16384,314,50,1190,0.042997543,1,375757.542998
452,473897987,14,448,469708075,469708288,16384,411,73,1370,0.047969188,1,483721.187675
452,473897987,15,444,465519446,466502400,65536,436,70,1241,0.046125256,1,506577.255529
452,473897987,16,451,472849548,473340928,65536,342,52,1353,0.050402325,1,412742.324542
452,473897987,17,440,461325735,462308352,65536,276,40,1254,0.045517241,1,338341.241379
453,474956992,0,449,470755850,471245824,65536,530,86,1244,0.045034935,1,603802.934656
453,474956992,1,431,451888469,451888640,65536,504,80,1080,0.039742410,1,570462.410304
453,474956992,2,444,465519446,466551552,16384,492,82,1270,0.047203122,1,566651.122096
453,474956992,3,451,472849548,473365504,16384,379,63,1638,0.061019222,1,463795.222173
453,474956992,4,432,452936697,452936704,65536,358,56,1098,0.041612977,1,419828.976578
453,474956992,5,448,469708075,470199296,65536,342,54,1345,0.048691308,1,411255.307968
453,474956992,6,430,450839473,451355648,16384,289,47,1064,0.038518626,1,344790.625783
453,474956992,7,440,461325735,462369792,4096,285,53,1093,0.039673321,1,342733.321234
453,474956992,8,441,462374119,462374144,65536,264,42,1181,0.043885400,1,324385.400022
453,474956992,9,452,473897987,473898240,16384,252,44,1416,0.051261630,1,320669.629801
453,474956992,10,443,464470470,464470528,16384,260,42,1024,0.037070557,1,312846.557144
453,474956992,11,427,447690326,447690496,65536,255,39,914,0.033088368,1,302920.368389
453,474956992,12,449,470755850,471800320,1024,397,89,1244,0.045034935,1,467994.934656
453,474956992,13,444,465519446,466502400,65536,421,67,1270,0.047203122,1,492027.122096
453,474956992,14,451,472849548,473340928,65536,369,59,1638,0.061019222,1,453043.222173
453,474956992,15,432,452936697,453919744,65536,270,46,1098,0.041612977,1,328436.976578
453,474956992,16,448,469708075,469708288,16384,333,57,1345,0.048691308,1,402423.307968
453,474956992,17,440,461325735,461325824,16384,255,47,1093,0.039673321,1,311245.321234
454,476005114,0,449,470755850,471245824,65536,766,124,1277,0.046463397,1,851891.396885
454,476005114,1,451,472849548,473365504,16384,524,88,1704,0.063477872,1,618197.872150
454,476005114,2,448,469708075,470199296,65536,536,86,1435,0.052212196,1,617888.196187
454,476005114,3,444,465519446,466502400,65536,495,77,1522,0.056569411,1,579457.410890
454,476005114,4,431,451888469,451888640,65536,444,70,1303,0.047948482,1,516840.482061
454,476005114,5,430,450839473,451355648,16384,379,67,1125,0.040932906,1,442168.906418
454,476005114,6,432,452936697,452936704,65536,317,49,1346,0.051011900,1,387339.900250
454,476005114,7,440,461325735,461325824,16384,316,60,1288,0.046863630,1,383343.629748
454,476005114,8,453,474956992,475939328,65536,294,46,1690,0.061490322,1,375258.321642
454,476005114,9,452,473897987,473898240,16384,304,54,1367,0.049738029,1,373478.029399
454,476005114,10,443,464470470,464470528,16384,301,49,1276,0.046427012,1,366091.012080
454,476005114,11,441,462374119,462374144,16384,292,56,1338,0.049719446,1,361311.445580
454,476005114,12,449,470755850,471270400,16384,406,70,1277,0.046463397,1,476339.396885
454,476005114,13,451,472849548,473340928,65536,368,60,1704,0.063477872,1,454869.872150
454,476005114,14,448,469708075,470223872,16384,530,86,1435,0.052212196,1,611744.196187
454,476005114,15,444,465519446,466551552,16384,450,74,1522,0.056569411,1,532993.410890
454,476005114,16,440,461325735,461841664,16384,299,49,1288,0.046863630,1,364527.629748
454,476005114,17,443,464470470,465453824,65536,294,52,1276,0.046427012,1,359307.012080
455,477053944,0,449,470755850,471245824,65536,545,93,1191,0.041467915,1,616279.915463
455,477053944,1,448,469708075,470223872,16384,504,86,1356,0.047478992,1,580070.991597
455,477053944,2,444,465519446,466010880,65536,472,80,1315,0.048875674,1,547767.673667
455,477053944,3,451,472849548,473365504,16384,333,59,1351,0.050327820,1,404339.819997
455,477053944,4,430,450839473,451355648,16384,309,53,968,0.034311640,1,361447.640437
455,477053944,5,454,476005114,476005120,16384,269,47,1614,0.058725076,1,346717.076408
455,477053944,6,453,474956992,475448064,65536,273,43,1375,0.049777359,1,340397.359447
455,477053944,7,452,473897987,473898240,16384,258,46,1391,0.048374196,1,324082.195792
455,477053944,8,443,464470470,465453824,65536,262,46,1182,0.042708484,1,321676.483885
455,477053944,9,440,461325735,461325824,16384,245,47,1148,0.041669691,1,303221.691470
455,477053944,10,431,451888469,451888640,65536,238,38,1155,0.042502300,1,295762.299908
455,477053944,11,432,452936697,453428224,65536,231,37,1130,0.042825741,1,288689.740923
455,477053944,12,449,470755850,471784960,16384,265,47,1191,0.041467915,1,323671.915463
455,477053944,13,448,469708075,470199296,65536,340,54,1356,0.047478992,1,408038.991597
455,477053944,14,444,465519446,466502400,65536,348,62,1315,0.048875674,1,418487.673667
455,477053944,15,454,476005114,476521216,16384,248,44,1614,0.058725076,1,324829.076408
455,477053944,16,453,474956992,475472640,16384,260,44,1375,0.049777359,1,327213.359447
456,478103262,0,392,410974471,411958528,65536,160,28,30,0.001039969,1,168647.969494
456,478103262,1,423,443490137,443983104,65536,144,22,191,0.006621139,1,157721.139113
456,478103262,2,422,442438432,442438656,65536,63,11,450,0.015599542,1,83383.542413
456,478103262,3,16,16797859,16797952,4096,69,15,19,0.000658647,1,73374.647346
456,478103262,4,13,13641602,13641728,16384,69,11,13,0.000450653,1,72630.653447
456,478103262,5,421,441379615,441876224,65536,63,11,155,0.005373176,1,71977.175720
456,478103262,6,115,120628164,121671680,4096,64,14,23,0.000797310,1,68281.309946
456,478103262,7,393,412024078,412024320,65536,63,11,21,0.000727979,1,66795.978646
456,478103262,8,396,415167595,415167744,65536,63,11,21,0.000727979,1,66795.978646
456,478103262,9,357,374302992,374815232,16384,63,11,17,0.000589316,1,66641.316047
456,478103262,10,380,398394903,399381248,65536,63,11,17,0.000589316,1,66641.316047
456,478103262,11,290,304107543,305098496,65536,63,11,12,0.000415988,1,66447.987798
457,479152114,0,456,478103262,478103296,65536,385,59,1417,0.050024712,1,457548.712278
457,479152114,1,392,410974471,411958528,65536,181,31,24,0.000847278,1,190319.278119
457,479152114,2,423,443490137,443983104,65536,120,18,173,0.006107463,1,132047.463108
457,479152114,3,422,442438432,442438656,65536,76,14,397,0.014015392,1,95283.392219
457,479152114,4,115,120628164,121671680,4096,84,20,16,0.000564852,1,89268.852079
457,479152114,5,13,13641602,13641728,16384,84,14,11,0.000388336,1,88304.335805
457,479152114,6,421,441379615,441876224,65536,76,14,124,0.004377604,1,84553.603615
457,479152114,7,393,412024078,412024320,65536,76,14,20,0.000706065,1,80466.065099
457,479152114,8,396,415167595,415167744,65536,76,14,20,0.000706065,1,80466.065099
457,479152114,9,357,374302992,374815232,16384,76,14,18,0.000635459,1,80387.458589
457,479152114,10,380,398394903,399381248,65536,76,14,17,0.000600155,1,80348.155334
457,479152114,11,290,304107543,305098496,65536,76,14,10,0.000353033,1,80073.032550
458,480198852,0,449,470755850,471245824,65536,408,66,1136,0.039552940,1,470400.940357
458,480198852,1,448,469708075,470223872,16384,361,61,1162,0.040686275,1,422870.274510
458,480198852,2,454,476005114,476521216,16384,348,62,1276,0.046427012,1,415883.012080
458,480198852,3,453,474956992,475988480,16384,328,56,1128,0.040835536,1,388451.535604
458,480198852,4,430,450839473,451355648,16384,281,49,1045,0.037040975,1,335300.975471
458,480198852,5,443,464470470,465453824,65536,268,46,1197,0.043250470,1,328422.469721
458,480198852,6,455,477053944,478037504,65536,262,40,1122,0.039019301,1,316979.300991
458,480198852,7,444,465519446,466010880,65536,254,44,1221,0.045381899,1,316057.899275
458,480198852,8,452,473897987,474419200,16384,234,38,1210,0.041649456,1,291033.456148
458,480198852,9,440,461325735,462369792,4096,206,40,1241,0.045045372,1,266137.372051
458,480198852,10,436,457131352,458162688,16384,208,38,1139,0.039559600,1,262035.599889
458,480198852,11,451,472849548,473365504,16384,195,33,1245,0.046379079,1,255327.079124
458,480198852,12,449,470755850,471276544,4096,291,61,1136,0.039552940,1,349952.940357
458,480198852,13,448,469708075,470199296,65536,206,34,1162,0.040686275,1,260694.274510
458,480198852,14,454,476005114,476005120,16384,247,37,1276,0.046427012,1,309259.012080
458,480198852,15,443,464470470,464986624,16384,253,45,1197,0.043250470,1,312934.469721
458,480198852,16,452,473897987,473898240,16384,210,38,1210,0.041649456,1,266457.456148
458,480198852,17,451,472849548,473832448,65536,190,28,1245,0.046379079,1,249567.079124
459,481246748,0,454,476005114,476005120,16384,509,81,1319,0.047991559,1,584915.558725
459,481246748,1,458,480198852,480689920,65536,465,71,1553,0.054498877,1,546022.877035
459,481246748,2,449,470755850,471245824,65536,419,67,1239,0.043479787,1,486131.786637
459,481246748,3,453,474956992,475988480,16384,356,64,1205,0.043623068,1,421243.067733
459,481246748,4,451,472849548,473365504,16384,337,55,1334,0.049694531,1,407222.531366
459,481246748,5,452,473897987,474419200,16384,337,55,1310,0.045971364,1,403403.364402
459,481246748,6,430,450839473,451355648,16384,334,56,1099,0.038955055,1,392599.054587
459,481246748,7,431,451888469,451888640,65536,315,49,1228,0.045188592,1,378996.592456
459,481246748,8,440,461325735,461325824,16384,305,55,1309,0.047513612,1,372173.611615
459,481246748,9,455,477053944,477053952,16384,311,49,1200,0.042111173,1,371711.173498
459,481246748,10,427,447690326,447690496,65536,267,41,1133,0.039759966,1,323011.966311
459,481246748,11,448,469708075,470690304,65536,248,40,1249,0.043830713,1,307962.713083
459,481246748,12,454,476005114,476005120,65536,315,49,1319,0.047991559,1,382163.558725
459,481246748,13,458,480198852,480714496,16384,313,53,1553,0.054498877,1,388070.877035
459,481246748,14,449,470755850,471276544,4096,337,69,1239,0.043479787,1,402419.786637
459,481246748,15,451,472849548,473832448,65536,312,48,1334,0.049694531,1,380726.531366
459,481246748,16,455,477053944,478086656,16384,290,52,1200,0.042111173,1,350591.173498
460,482295161,0,459,481246748,482229504,65536,696,108,1732,0.063880795,1,797400.795190
460,482295161,1,449,470755850,471245824,65536,558,90,1362,0.050234205,1,638658.204994
460,482295161,2,452,473897987,473898240,65536,469,75,1343,0.049533434,1,544825.434146
460,482295161,3,430,450839473,451355648,16384,470,82,1076,0.039685760,1,535829.759599
460,482295161,4,458,480198852,480714496,16384,453,77,1454,0.053627411,1,533235.411205
460,482295161,5,455,477053944,478037504,65536,432,66,1263,0.046582820,1,502514.820049
460,482295161,6,448,469708075,470223872,16384,424,70,1327,0.048943311,1,497451.311327
460,482295161,7,440,461325735,461325824,16384,389,71,1319,0.048648250,1,461412.249917
460,482295161,8,427,447690326,448183552,65536,393,63,1122,0.041382363,1,456430.362704
460,482295161,9,443,464470470,464470528,16384,368,62,1437,0.053000406,1,443580.405709
460,482295161,10,454,476005114,477037312,16384,348,66,1415,0.052188987,1,422712.986833
460,482295161,11,444,465519446,465519616,16384,329,61,1557,0.057870284,1,408866.284334
460,482295161,12,459,481246748,482278656,16384,491,81,1732,0.063880795,1,584024.795190
460,482295161,13,449,470755850,471270400,16384,329,55,1362,0.050234205,1,399682.204994
460,482295161,14,430,450839473,450839552,16384,345,57,1076,0.039685760,1,404629.759599
460,482295161,15,458,480198852,480689920,65536,385,59,1454,0.053627411,1,461299.411205
460,482295161,16,454,476005114,476521216,16384,329,59,1415,0.052188987,1,402360.986833
461,483344345,0,459,481246748,482229504,65536,639,99,1495,0.054045261,1,727097.260646
461,483344345,1,458,480198852,480689920,65536,524,80,1416,0.051189357,1,603733.357241
461,483344345,2,460,482295161,482295296,65536,501,79,1715,0.063253790,1,593313.789695
461,483344345,3,455,477053944,478037504,65536,501,79,1204,0.043525414,1,571541.413925
461,483344345,4,449,470755850,471245824,65536,458,74,1185,0.042838551,1,526106.551081
461,483344345,5,454,476005114,476005120,16384,394,62,1329,0.048355407,1,465127.406782
461,483344345,6,448,469708075,470223872,16384,383,63,1163,0.042043236,1,447015.236209
461,483344345,7,430,450839473,451355648,16384,359,59,1042,0.037669004,1,417069.004410
461,483344345,8,451,472849548,473365504,16384,320,54,1242,0.046267322,1,385891.322307
461,483344345,9,431,451888469,451888640,65536,303,45,1226,0.045114995,1,366114.995400
461,483344345,10,452,473897987,474891264,65536,278,46,1158,0.041862483,1,337118.482828
461,483344345,11,444,465519446,465519616,16384,263,53,1383,0.051403085,1,333095.084928
461,483344345,12,459,481246748,481738240,65536,554,88,1495,0.054045261,1,638649.260646
461,483344345,13,460,482295161,483278592,65536,349,55,1715,0.063253790,1,434593.789695
461,483344345,14,455,477053944,477053952,16384,327,53,1204,0.043525414,1,390037.413925
462,484392529,0,461,483344345,483860224,16384,586,102,1861,0.068535022,1,689163.022464
462,484392529,1,459,481246748,481246976,65536,443,67,1678,0.061795684,1,530779.683877
462,484392529,2,455,477053944,477053952,16384,384,66,1272,0.046843927,1,453659.927230
462,484392529,3,458,480198852,480689920,65536,373,59,1537,0.056603079,1,452319.078736
462,484392529,4,460,482295161,482295296,16384,354,66,1848,0.068159186,1,446559.185631
462,484392529,5,449,470755850,471276544,4096,364,78,1256,0.046254695,1,434062.695441
462,484392529,6,454,476005114,476521216,16384,350,62,1431,0.052699418,1,424823.418134
462,484392529,7,451,472849548,473365504,16384,333,57,1386,0.051631650,1,405527.649531
462,484392529,8,430,450839473,451355648,16384,333,61,1115,0.041062090,1,394386.090300
462,484392529,9,440,461325735,461325824,16384,304,58,1288,0.047433159,1,371369.159019
462,484392529,10,452,473897987,473898240,16384,292,50,1330,0.048979892,1,359771.892465
462,484392529,11,427,447690326,448183552,65536,292,44,1166,0.042940267,1,352308.266627
462,484392529,12,461,483344345,484326912,65536,537,83,1861,0.068535022,1,636555.022464
462,484392529,13,459,481246748,482229504,65536,414,62,1678,0.061795684,1,500443.683877
463,485442897,0,461,483344345,483860224,16384,573,99,1723,0.066455818,1,672835.818259
463,485442897,1,451,472849548,473365504,16384,482,80,1353,0.052184981,1,561468.980908
463,485442897,2,462,484392529,484909568,16384,423,69,1968,0.075905427,1,525825.426775
463,485442897,3,459,481246748,481738240,65536,436,72,1579,0.060901763,1,522961.762641
463,485442897,4,430,450839473,451355648,16384,455,77,1059,0.040845451,1,520921.450688
463,485442897,5,452,473897987,473898240,16384,445,79,1240,0.047826590,1,518642.590041
463,485442897,6,460,482295161,482295296,65536,378,62,1780,0.068654299,1,470846.298608
463,485442897,7,458,480198852,480689920,65536,379,59,1469,0.056659081,1,458247.081267
463,485442897,8,440,461325735,462369792,4096,365,71,1209,0.046630925,1,434378.925290
463,485442897,9,454,476005114,476521216,16384,359,67,1363,0.052570679,1,434278.679215
463,485442897,10,431,451888469,452410368,4096,337,69,1217,0.046939484,1,405791.483936
463,485442897,11,449,470755850,471276544,4096,326,66,1189,0.045859529,1,392951.528677
463,485442897,12,461,483344345,483344384,65536,539,87,1723,0.066455818,1,636483.818259
463,485442897,13,459,481246748,482278656,16384,435,77,1579,0.060901763,1,522577.762641
464,486490859,0,461,483344345,484326912,65536,765,119,1786,0.066756373,1,872556.372879
464,486490859,1,463,485442897,485934080,65536,743,121,2079,0.080186678,1,864886.677980
464,486490859,2,459,481246748,482229504,65536,570,88,1664,0.062196307,1,663860.307094
464,486490859,3,462,484392529,484909568,16384,554,94,1999,0.074717799,1,662105.799208
464,486490859,4,458,480198852,480689920,65536,471,75,1492,0.055767362,1,553703.361890
464,486490859,5,455,477053944,477053952,16384,427,75,1341,0.050123346,1,502399.346042
464,486490859,6,440,461325735,462369792,4096,419,85,1395,0.052141736,1,497721.735815
464,486490859,7,460,482295161,482295296,65536,368,56,1927,0.072026613,1,463798.612843
464,486490859,8,431,451888469,451888640,65536,371,59,1427,0.053337819,1,446565.818644
464,486490859,9,454,476005114,476521216,16384,360,62,1546,0.057785752,1,440609.751663
464,486490859,10,427,447690326,447690496,65536,364,60,1229,0.045937056,1,431333.056141
464,486490859,11,449,470755850,471276544,4096,343,71,1307,0.048852508,1,414464.508036
464,486490859,12,461,483344345,483860224,16384,674,120,1786,0.066756373,1,779500.372879
464,486490859,13,459,481246748,481246976,65536,566,92,1664,0.062196307,1,660276.307094
465,487540246,0,464,486490859,486982656,65536,880,148,1991,0.075850509,1,1003942.508591
465,487540246,1,461,483344345,483860224,16384,805,137,1605,0.061145186,1,909485.186483
465,487540246,2,462,484392529,484909568,16384,758,124,1802,0.068650234,1,867986.234295
465,487540246,3,459,481246748,481246976,65536,601,95,1530,0.058287935,1,692055.934778
465,487540246,4,458,480198852,480689920,65536,532,86,1424,0.054249686,1,615785.685702
465,487540246,5,463,485442897,485934080,65536,491,77,1851,0.071392757,1,591500.756586
465,487540246,6,427,447690326,447690496,65536,512,82,1111,0.042325422,1,581617.421921
465,487540246,7,460,482295161,482295296,65536,428,68,1753,0.066783497,1,520835.496514
465,487540246,8,431,451888469,451888640,65536,365,59,1244,0.047392282,1,433744.281611
465,487540246,9,440,461325735,461325824,16384,330,60,1217,0.046363671,1,396895.670997
465,487540246,10,454,476005114,477037312,16384,310,54,1331,0.050706694,1,380446.693588
465,487540246,11,430,450839473,451355648,16384,308,52,1097,0.041792068,1,368292.068269
465,487540246,12,461,483344345,484326912,65536,708,112,1605,0.061145186,1,806957.186483
466,488588139,0,462,484392529,484909568,16384,579,93,1705,0.063948691,1,675632.691021
466,488588139,1,461,483344345,484326912,65536,572,92,1537,0.057647588,1,661363.588328
466,488588139,2,459,481246748,482229504,65536,520,86,1396,0.052359163,1,601495.162853
466,488588139,3,465,487540246,488571648,16384,493,85,1771,0.067469237,1,590329.236923
466,488588139,4,463,485442897,485934080,65536,486,84,1714,0.066108690,1,581444.689783
466,488588139,5,464,486490859,486982656,65536,428,70,1821,0.068299452,1,522879.452404
466,488588139,6,460,482295161,482295296,65536,439,69,1533,0.057497562,1,522061.562073
466,488588139,7,427,447690326,447690496,65536,424,64,1062,0.039831971,1,486511.970595
466,488588139,8,458,480198852,480714496,16384,361,61,1284,0.048158428,1,430830.427725
466,488588139,9,454,476005114,477037312,16384,308,58,1309,0.049096092,1,377212.091816
466,488588139,10,431,451888469,451888640,65536,298,46,1214,0.045532968,1,361492.968269
466,488588139,11,452,473897987,473898240,4096,265,51,1146,0.042982522,1,325518.521941
467,489635862,0,456,478103262,478103296,65536,496,76,1234,0.042777412,1,565409.411863
467,489635862,1,457,479152114,479642624,65536,304,46,1235,0.043599520,1,365787.519876
467,489635862,2,423,443490137,443983104,65536,214,36,241,0.008350369,1,233122.369010
467,489635862,3,422,442438432,443424512,65536,73,13,397,0.013755587,1,91823.587124
467,489635862,4,16,16797859,16797952,4096,79,17,17,0.000589030,1,83793.030179
467,489635862,5,13,13641602,13641728,16384,78,12,17,0.000589030,1,82129.030179
467,489635862,6,392,410974471,411958528,65536,76,14,27,0.000935519,1,80723.518520
467,489635862,7,115,120628164,121671680,4096,69,17,18,0.000623679,1,73591.679013
467,489635862,8,421,441379615,441876224,65536,64,12,162,0.005613111,1,73397.111119
467,489635862,9,393,412024078,412024320,65536,64,12,22,0.000762274,1,67986.274349
467,489635862,10,396,415167595,415167744,65536,64,12,20,0.000692977,1,67908.976681
467,489635862,11,380,398394903,399381248,65536,64,12,18,0.000623679,1,67831.679013
468,490684771,0,466,488588139,489079296,65536,831,129,1648,0.063661297,1,937773.297176
468,490684771,1,463,485442897,485934080,65536,791,131,1624,0.062734191,1,896046.190907
468,490684771,2,464,486490859,487474688,65536,539,85,1817,0.070189670,1,640337.670491
468,490684771,3,465,487540246,487540480,65536,494,84,1573,0.060764090,1,583728.090084
468,490684771,4,462,484392529,484392704,65536,452,68,1761,0.068026423,1,546686.422529
468,490684771,5,461,483344345,484326912,65536,459,71,1573,0.060764090,1,546224.090084
468,490684771,6,459,481246748,481246976,65536,391,63,1518,0.058639472,1,473223.471549
468,490684771,7,460,482295161,482295296,65536,366,56,1598,0.061729826,1,450137.825781
468,490684771,8,458,480198852,480714496,16384,362,62,1429,0.055201452,1,439605.452466
468,490684771,9,431,451888469,451888640,65536,339,51,1360,0.052536022,1,411704.021942
468,490684771,10,440,461325735,462369792,4096,327,69,1315,0.050797698,1,399801.697686
468,490684771,11,427,447690326,448183552,65536,329,55,1143,0.044153436,1,392725.436088
469,491732832,0,435,456082902,456082944,16384,540,96,1040,0.035668965,1,605140.964571
469,491732832,1,447,468659769,469151232,65536,358,58,1301,0.046704480,1,425988.480184
469,491732832,2,446,467610719,468643328,16384,302,54,858,0.029426896,1,349082.895771
469,491732832,3,445,466568071,467056640,65536,279,45,1070,0.036697877,1,332497.877011
469,491732832,4,424,444541495,445031168,65536,265,41,705,0.024179442,1,303671.442329
469,491732832,5,442,463421612,463421696,65536,265,41,571,0.019583633,1,298539.633433
469,491732832,6,429,449791485,450822912,16384,246,42,609,0.020886923,1,280666.922523
469,491732832,7,437,458179200,459223296,4096,207,43,1083,0.038573871,1,260441.870922
469,491732832,8,434,455034466,456017152,65536,184,32,1041,0.035703262,1,232443.261652
469,491732832,9,425,445586519,445586688,65536,181,29,655,0.022464588,1,214204.588264
469,491732832,10,450,471801499,472292608,65536,144,24,896,0.030730185,1,184906.184861
469,491732832,11,387,405741416,406724352,65536,158,26,30,0.001028912,1,166332.912440
470,492781013,0,466,488588139,489079296,65536,1013,159,1626,0.064977621,1,1129209.621483
470,492781013,1,463,485442897,485934080,65536,1010,164,1649,0.065896739,1,1127788.739130
470,492781013,2,468,490684771,491667200,65536,651,101,1819,0.072690217,1,759582.217391
470,492781013,3,464,486490859,487474688,65536,643,103,1719,0.068694054,1,747250.053708
470,492781013,4,465,487540246,487540480,65536,536,90,1480,0.059143223,1,625511.222506
470,492781013,5,461,483344345,484326912,65536,517,83,1544,0.061700767,1,607972.767263
470,492781013,6,431,451888469,451888640,65536,502,78,1333,0.053268862,1,582696.861893
470,492781013,7,430,450839473,451355648,16384,496,84,1083,0.043278453,1,566330.452685
470,492781013,8,458,480198852,480714496,16384,431,77,1315,0.052549552,1,509073.552430
470,492781013,9,460,482295161,482295296,65536,383,61,1483,0.059263107,1,465259.107417
470,492781013,10,427,447690326,447690496,65536,370,58,1131,0.045196611,1,436088.611253
470,492781013,11,454,476005114,477037312,16384,351,67,1468,0.058663683,1,432599.682864
471,493828753,0,470,492781013,493272064,65536,965,149,2072,0.083353448,1,1098937.447582
471,493828753,1,466,488588139,489079296,65536,983,149,1541,0.061992115,1,1093884.115214
471,493828753,2,463,485442897,485934080,65536,782,122,1591,0.064003540,1,886815.540108
471,493828753,3,430,450839473,451355648,16384,727,119,1151,0.046303001,1,810651.001046
471,493828753,4,468,490684771,491667200,65536,643,97,1750,0.070399871,1,748311.871269
471,493828753,5,465,487540246,488571648,16384,504,90,1511,0.060785260,1,594509.260278
471,493828753,6,464,486490859,486982656,65536,436,76,1672,0.067262048,1,530206.048435
471,493828753,7,431,451888469,451888640,65536,369,55,1397,0.056199212,1,446747.211521
471,493828753,8,460,482295161,483278592,65536,340,52,1653,0.066497707,1,427989.706976
471,493828753,9,458,480198852,480714496,16384,344,56,1323,0.053222303,1,418002.302679
471,493828753,10,427,447690326,447690496,65536,343,53,1182,0.047550084,1,410358.084480
471,493828753,11,444,465519446,466563840,4096,311,67,1475,0.059337034,1,392341.034355
472,494878210,0,470,492781013,493272064,65536,819,135,1816,0.072570332,1,935834.332481
472,494878210,1,463,485442897,485934080,65536,800,134,1598,0.061634589,1,904442.589424
472,494878210,2,466,488588139,489079296,65536,687,113,1425,0.054757147,1,778473.147249
472,494878210,3,471,493828753,494320640,65536,634,104,2077,0.083554590,1,754454.590072
472,494878210,4,468,490684771,491667200,65536,561,93,1655,0.063931703,1,656983.703171
472,494878210,5,430,450839473,451355648,16384,518,94,1229,0.047225638,1,594669.637873
472,494878210,6,458,480198852,480714496,16384,425,75,1298,0.049877037,1,499933.036582
472,494878210,7,465,487540246,488571648,16384,412,76,1508,0.057946511,1,495658.510913
472,494878210,8,464,486490859,487013376,4096,360,70,1670,0.064171534,1,448515.533969
472,494878210,9,440,461325735,462369792,4096,367,71,1468,0.056409468,1,447241.468183
472,494878210,10,431,451888469,451888640,65536,347,57,1411,0.054219182,1,422551.182293
472,494878210,11,427,447690326,448183552,65536,325,53,1248,0.047955733,1,392595.733169
473,495926457,0,470,492781013,493272064,65536,723,111,1801,0.071970908,1,833798.907928
473,495926457,1,471,493828753,494320640,65536,583,99,1886,0.075870947,1,693142.946979
473,495926457,2,466,488588139,489079296,65536,520,78,1356,0.050858900,1,598810.900308
473,495926457,3,472,494878210,494878464,16384,473,73,1926,0.074008607,1,575472.607439
473,495926457,4,463,485442897,485934080,65536,474,80,1441,0.055579126,1,557023.126008
473,495926457,5,468,490684771,491716352,16384,392,66,1607,0.062077491,1,478425.490632
473,495926457,6,430,450839473,451355648,16384,406,68,1070,0.038782167,1,467574.167452
473,495926457,7,465,487540246,488031488,65536,358,62,1398,0.053259172,1,433443.171778
473,495926457,8,464,486490859,486982656,65536,343,61,1558,0.058234283,1,423570.282724
473,495926457,9,431,451888469,451888640,65536,306,46,1377,0.050671573,1,375475.573137
473,495926457,10,427,447690326,447690496,65536,298,46,1181,0.042805364,1,358633.364262
473,495926457,11,440,461325735,461325824,4096,260,52,1414,0.051324864,1,329940.863884
474,496975100,0,470,492781013,493272064,65536,628,102,1866,0.074568414,1,738224.414322
474,496975100,1,472,494878210,495860736,65536,566,92,1954,0.075084537,1,674324.537350
474,496975100,2,471,493828753,494320640,65536,527,89,1989,0.080014482,1,639074.482259
474,496975100,3,463,485442897,485934080,65536,484,80,1567,0.060438925,1,572626.924673
474,496975100,4,458,480198852,480714496,16384,456,76,1358,0.051148776,1,533316.775895
474,496975100,5,466,488588139,489079296,65536,423,65,1437,0.054124294,1,501408.293785
474,496975100,6,464,486490859,487013376,4096,393,77,1694,0.063804143,1,482932.143126
474,496975100,7,430,450839473,451355648,16384,400,66,1236,0.046553672,1,469609.672316
474,496975100,8,440,461325735,462369792,4096,358,70,1582,0.059585687,1,441529.687382
474,496975100,9,465,487540246,488571648,16384,350,66,1507,0.057411711,1,430351.710922
474,496975100,10,468,490684771,491716352,16384,316,58,1678,0.064820180,1,402604.180013
474,496975100,11,444,465519446,466035456,16384,307,51,1529,0.057589454,1,384665.453861
475,498023217,0,469,491732832,491732992,65536,417,63,1277,0.043917873,1,484161.873233
475,498023217,1,435,456082902,456082944,16384,416,74,1180,0.040581903,1,480821.903222
475,498023217,2,445,466568071,466568192,65536,385,59,1198,0.041200949,1,447848.949204
475,498023217,3,447,468659769,469151232,65536,365,55,1254,0.045017231,1,430897.231476
475,498023217,4,442,463421612,463421696,65536,356,54,832,0.028613681,1,403461.680916
475,498023217,5,450,471801499,472292608,65536,303,51,1186,0.040788252,1,362396.251883
475,498023217,6,424,444541495,445031168,65536,278,42,849,0.029198335,1,322706.335454
475,498023217,7,429,449791485,450822912,16384,277,53,760,0.026137497,1,319673.496991
475,498023217,8,437,458179200,458179328,65536,252,38,1323,0.047122097,1,315390.097165
475,498023217,9,434,455034466,456017152,65536,201,33,1225,0.042129518,1,257141.518176
475,498023217,10,446,467610719,468133120,4096,191,35,1070,0.036798844,1,241206.844448
475,498023217,11,425,445586519,445586688,65536,146,22,852,0.029301510,1,185093.509784
476,499072095,0,474,496975100,497957632,65536,658,106,1825,0.069024206,1,763748.205749
476,499072095,1,470,492781013,493272064,65536,503,83,1657,0.066216432,1,598604.432225
476,499072095,2,472,494878210,495860736,65536,484,80,1784,0.068552106,1,581608.105749
476,499072095,3,471,493828753,493828864,65536,463,75,1722,0.069273473,1,559937.473329
476,499072095,4,464,486490859,487013376,4096,453,87,1624,0.061422088,1,542990.087746
476,499072095,5,465,487540246,488031488,65536,436,74,1465,0.055811650,1,517671.649968
476,499072095,6,468,490684771,491716352,16384,377,67,1633,0.063081856,1,464301.855758
476,499072095,7,473,495926457,496909312,65536,359,59,1740,0.065809380,1,448001.379728
476,499072095,8,466,488588139,489079296,65536,367,59,1352,0.051134644,1,439966.644478
476,499072095,9,440,461325735,462369792,4096,353,67,1415,0.053517398,1,429289.397882
476,499072095,10,427,447690326,447690496,65536,350,58,1253,0.047390318,1,418290.317700
476,499072095,11,431,451888469,451888640,16384,293,55,1446,0.054689864,1,367609.863843
477,500120061,0,474,496975100,498006784,16384,685,113,1471,0.057550861,1,779402.860720
477,500120061,1,476,499072095,500054272,65536,606,100,2251,0.088067293,1,730479.292645
477,500120061,2,470,492781013,493272064,65536,603,97,1307,0.052229859,1,687409.859335
477,500120061,3,472,494878210,494878464,16384,502,82,1362,0.053286385,1,583342.384977
477,500120061,4,466,488588139,488588288,4096,439,87,1117,0.043701095,1,508905.095462
477,500120061,5,473,495926457,496909312,65536,435,67,1237,0.048395931,1,507423.931142
477,500120061,6,468,490684771,491667200,65536,402,62,1449,0.056690141,1,482134.140845
477,500120061,7,465,487540246,488031488,65536,399,67,1373,0.053716745,1,476424.744914
477,500120061,8,431,451888469,452410368,4096,320,66,1257,0.049178404,1,390398.403756
477,500120061,9,464,486490859,487007232,16384,309,55,1390,0.054381847,1,383461.846635
477,500120061,10,438,459227595,459749888,4096,312,66,1241,0.048552426,1,381516.425665
477,500120061,11,471,493828753,493828864,65536,294,44,1324,0.053262531,1,365310.531177
478,501168480,0,474,496975100,498006784,16384,786,128,1553,0.058493409,1,886017.408663
478,501168480,1,477,500120061,500120064,65536,732,116,2380,0.093114241,1,867114.241002
478,501168480,2,476,499072095,500054272,65536,524,86,2243,0.084833585,1,641453.585477
478,501168480,3,472,494878210,495369472,65536,394,62,1511,0.058061789,1,475561.789118
478,501168480,4,473,495926457,496958464,16384,369,63,1456,0.054652603,1,446460.603131
478,501168480,5,466,488588139,488588288,16384,363,65,1296,0.048646823,1,433926.822567
478,501168480,6,468,490684771,491200512,16384,290,50,1594,0.061575308,1,371375.308070
478,501168480,7,464,486490859,486982656,65536,292,52,1568,0.058856650,1,370856.649525
478,501168480,8,431,451888469,451888640,16384,285,55,1373,0.051537104,1,355973.104463
478,501168480,9,470,492781013,493763072,65536,271,43,1459,0.058304028,1,347212.028133
478,501168480,10,471,493828753,493828864,65536,264,40,1466,0.058974978,1,340358.977874
478,501168480,11,440,461325735,462369792,4096,260,48,1351,0.050711310,1,328563.309636
479,502216453,0,477,500120061,500120064,65536,702,110,1750,0.068466354,1,808458.353678
479,502216453,1,474,496975100,498006784,16384,673,111,1488,0.056045198,1,765421.197740
479,502216453,2,476,499072095,500054272,65536,515,85,1758,0.066490166,1,611826.166415
479,502216453,3,478,501168480,502150912,65536,380,62,1927,0.072332120,1,477160.119665
479,502216453,4,464,486490859,487013376,4096,331,73,1457,0.054459146,1,408639.146296
479,502216453,5,431,451888469,452410368,4096,322,64,1374,0.050561178,1,394041.177553
479,502216453,6,473,495926457,496958464,16384,310,56,1310,0.047480971,1,377392.971366
479,502216453,7,430,450839473,450839552,16384,302,52,1164,0.042129646,1,362753.646386
479,502216453,8,466,488588139,488588288,16384,295,55,1198,0.044932863,1,358908.863251
479,502216453,9,472,494878210,495369472,65536,279,43,1406,0.054027052,1,350915.051952
479,502216453,10,462,484392529,484909568,16384,269,51,1336,0.049200854,1,336592.854386
479,502216453,11,443,464470470,464986624,16384,269,51,1211,0.043830758,1,330722.757537
480,503265454,0,435,456082902,456082944,16384,568,100,974,0.033939647,1,632331.647362
480,503265454,1,469,491732832,491732992,65536,534,84,1216,0.042372291,1,604868.290752
480,503265454,2,475,498023217,499006464,65536,473,77,1370,0.047738518,1,547490.518364
480,503265454,3,447,468659769,469151232,65536,451,73,1237,0.044406950,1,520586.950029
480,503265454,4,445,466568071,467056640,65536,337,55,947,0.032998815,1,388978.815248
480,503265454,5,437,458179200,458179328,65536,315,51,990,0.035261433,1,368373.433253
480,503265454,6,446,467610719,468643328,16384,317,57,792,0.027597742,1,362733.742003
480,503265454,7,429,449791485,450822912,16384,321,57,640,0.022301206,1,360925.205659
480,503265454,8,434,455034466,456017152,65536,296,50,917,0.031953446,1,345189.446233
480,503265454,9,424,444541495,445031168,65536,268,42,743,0.025890306,1,308734.305945
480,503265454,10,450,471801499,472292608,65536,229,41,844,0.029409715,1,272593.714963
480,503265454,11,387,405741416,406724352,65536,257,43,25,0.000871141,1,269707.140846
481,504314359,0,433,453985499,453985536,65536,163,25,595,0.019647987,1,192203.987320
481,504314359,1,428,448742521,449774848,16384,112,20,463,0.015032956,1,134196.955615
481,504314359,2,403,422496780,423541248,4096,102,20,40,0.001307617,1,108539.616868
481,504314359,3,389,407838930,408814592,65536,102,20,20,0.000649372,1,107801.371733
481,504314359,4,426,446641702,447673856,16384,68,12,794,0.027086034,1,101494.033977
481,504314359,5,99,103862041,104353536,65536,77,15,28,0.000909120,1,81853.120426
481,504314359,6,209,219110557,219110656,65536,77,15,27,0.000876652,1,81816.651839
481,504314359,7,264,276803120,277788672,65536,77,15,24,0.000779246,1,81707.246079
481,504314359,8,45,47228198,47719680,65536,77,15,22,0.000714309,1,81634.308906
481,504314359,9,281,294668268,295651584,65536,77,15,22,0.000714309,1,81634.308906
481,504314359,10,103,108054113,109043456,65536,77,15,20,0.000649372,1,81561.371733
481,504314359,11,204,213871707,214903552,16384,77,15,20,0.000649372,1,81561.371733
482,505362867,0,469,491732832,491732992,65536,455,71,1190,0.041319444,1,521151.444444
482,505362867,1,475,498023217,499006464,65536,430,68,1368,0.047500000,1,502060.000000
482,505362867,2,435,456082902,456082944,16384,408,74,1005,0.034895833,1,466243.833333
482,505362867,3,447,468659769,469151232,65536,364,56,1165,0.041822229,1,426450.228604
482,505362867,4,445,466568071,466568192,65536,319,51,1021,0.035451389,1,372783.388889
482,505362867,5,424,444541495,445031168,65536,326,52,721,0.025034722,1,368462.722222
482,505362867,6,446,467610719,468643328,16384,296,56,970,0.033680556,1,347896.555556
482,505362867,7,429,449791485,450822912,16384,304,54,636,0.022083333,1,342899.333333
482,505362867,8,442,463421612,464404736,65536,243,39,662,0.022986111,1,279522.111111
482,505362867,9,434,455034466,456017152,65536,196,34,980,0.034027778,1,243067.777778
482,505362867,10,450,471801499,472292608,65536,193,33,979,0.033993056,1,239829.055556
482,505362867,11,437,458179200,459223296,4096,186,40,1067,0.038003989,1,237919.989172
483,506411119,0,469,491732832,491732992,65536,607,95,1198,0.041367403,1,679951.403315
483,506411119,1,482,505362867,505854208,65536,483,77,1439,0.049965278,1,560233.277778
483,506411119,2,435,456082902,456082944,16384,497,83,981,0.033874309,1,557414.309392
483,506411119,3,475,498023217,499006464,65536,455,69,1376,0.047513812,1,527833.812155
483,506411119,4,447,468659769,469151232,65536,314,48,1201,0.043114589,1,375662.589316
483,506411119,5,434,455034466,456017152,65536,304,50,951,0.032838398,1,354402.397790
483,506411119,6,480,503265454,503787776,4096,255,41,1468,0.051153390,1,323457.390480
483,506411119,7,429,449791485,450773760,65536,272,44,619,0.021374309,1,308074.309392
483,506411119,8,445,466568071,466568192,65536,228,36,979,0.033805249,1,275865.248619
483,506411119,9,446,467610719,468643328,16384,230,42,893,0.030835635,1,275367.635359
483,506411119,10,442,463421612,463913216,65536,241,39,600,0.020718232,1,274958.232044
483,506411119,11,424,444541495,445031168,65536,220,32,719,0.024827348,1,257143.348066
484,507459891,0,456,478103262,478103296,65536,443,69,355,0.012306306,1,476254.305682
484,507459891,1,457,479152114,479642624,65536,408,64,341,0.012038410,1,439450.409941
484,507459891,2,467,489635862,490619136,65536,295,45,619,0.021453575,1,331833.575018
484,507459891,3,423,443490137,443983104,65536,226,34,251,0.008699269,1,245543.268707
484,507459891,4,13,13641602,13641728,16384,194,34,15,0.000519877,1,203651.876616
484,507459891,5,392,410974471,411958528,65536,178,32,33,0.001143729,1,187707.728555
484,507459891,6,396,415167595,415167744,16384,125,23,20,0.000693169,1,131781.168821
484,507459891,7,16,16797859,16797952,16384,125,23,17,0.000589193,1,131665.193498
484,507459891,8,259,271563651,272595968,16384,125,23,17,0.000589193,1,131665.193498
484,507459891,9,422,442438432,442438656,65536,115,21,236,0.008179392,1,129635.392091
484,507459891,10,421,441379615,441876224,65536,115,21,105,0.003639136,1,124571.136312
484,507459891,11,357,374302992,374815232,16384,115,21,20,0.000693169,1,121285.168821
485,508507664,0,483,506411119,506411264,65536,541,85,1593,0.056208320,1,627508.320102
485,508507664,1,475,498023217,499006464,65536,507,83,1297,0.045764087,1,580808.087365
485,508507664,2,435,456082902,456082944,16384,505,93,967,0.034120179,1,567076.179246
485,508507664,3,482,505362867,505878784,16384,380,64,1341,0.047316608,1,450056.608447
485,508507664,4,429,449791485,450822912,16384,327,59,571,0.020147490,1,364895.489503
485,508507664,5,447,468659769,469691648,16384,294,54,1253,0.044981333,1,358025.332567
485,508507664,6,480,503265454,503787776,4096,287,51,1313,0.046328640,1,352060.640486
485,508507664,7,434,455034466,456017152,65536,260,46,1000,0.035284570,1,311476.570058
485,508507664,8,469,491732832,492224000,65536,239,41,1219,0.043011891,1,297935.890900
485,508507664,9,437,458179200,459223296,4096,223,49,993,0.035368286,1,274028.286081
485,508507664,10,446,467610719,468643328,16384,222,46,886,0.031262129,1,268086.129071
485,508507664,11,445,466568071,467081216,16384,214,38,1060,0.037401644,1,265705.644261
486,509555748,0,435,456082902,456082944,16384,413,71,898,0.030385058,1,466041.057860
486,509555748,1,475,498023217,499006464,65536,368,54,1185,0.040753860,1,429301.860440
486,509555748,2,482,505362867,505878784,16384,348,58,1240,0.043055556,1,411855.555556
486,509555748,3,483,506411119,506411264,65536,310,44,1393,0.048100829,1,376808.828729
486,509555748,4,469,491732832,492764416,16384,271,47,1089,0.037349522,1,325289.521556
486,509555748,5,447,468659769,469691648,16384,257,45,1100,0.039488800,1,312880.799540
486,509555748,6,445,466568071,466568192,4096,258,52,914,0.030805527,1,305373.527469
486,509555748,7,480,503265454,503781632,16384,220,34,1233,0.042964667,1,277592.666527
486,509555748,8,424,444541495,445031168,65536,242,36,637,0.021469498,1,276497.497809
486,509555748,9,429,449791485,450822912,16384,235,41,596,0.020087631,1,268423.630603
486,509555748,10,485,508507664,508998912,65536,189,27,1591,0.056137751,1,259557.750962
486,509555748,11,450,471801499,472292608,65536,200,34,806,0.027634917,1,240074.917370
487,510603142,0,477,500120061,500120064,65536,615,97,1250,0.048904538,1,696144.538341
487,510603142,1,474,496975100,496975104,65536,563,89,1478,0.055668550,1,649548.549906
487,510603142,2,479,502216453,502216704,65536,481,75,1408,0.050960947,1,558800.946831
487,510603142,3,476,499072095,500054272,65536,450,74,1460,0.055219365,1,531395.364599
487,510603142,4,431,451888469,451888640,65536,420,66,1369,0.050377185,1,494445.184913
487,510603142,5,430,450839473,451355648,16384,387,65,1173,0.041578052,1,450942.051893
487,510603142,6,470,492781013,493272064,65536,354,56,1200,0.047953964,1,422481.964194
487,510603142,7,463,485442897,485934080,65536,340,56,1144,0.044123886,1,404091.886296
487,510603142,8,478,501168480,501168640,65536,318,50,1365,0.051236815,1,388792.815435
487,510603142,9,427,447690326,448183552,65536,318,50,1236,0.043742922,1,380782.921857
487,510603142,10,440,461325735,461325824,16384,296,58,1439,0.052232305,1,368580.304900
487,510603142,11,471,493828753,493828864,65536,237,37,1202,0.048354654,1,300650.654437
488,511651677,0,482,505362867,505854208,65536,518,88,1186,0.041180556,1,587684.555556
488,511651677,1,469,491732832,491732992,65536,398,66,1145,0.039270158,1,459914.158110
488,511651677,2,435,456082902,456082944,16384,397,69,1027,0.034911786,1,454443.785702
488,511651677,3,483,506411119,506411264,65536,365,59,1374,0.047444751,1,434316.751381
488,511651677,4,485,508507664,508998912,65536,339,57,1255,0.044282135,1,403798.135422
488,511651677,5,475,498023217,498023424,16384,310,56,1239,0.042610998,1,372238.998384
488,511651677,6,447,468659769,469151232,65536,275,45,1098,0.039417002,1,331233.001723
488,511651677,7,486,509555748,510537472,65536,246,40,1167,0.039670939,1,301426.938573
488,511651677,8,424,444541495,444541696,4096,248,46,719,0.024441649,1,287221.649386
488,511651677,9,446,467610719,468643328,16384,224,42,781,0.026549274,1,264489.274229
488,511651677,10,445,466568071,467056640,65536,216,38,921,0.031308427,1,261104.427100
488,511651677,11,442,463421612,463913216,65536,221,37,611,0.020770303,1,254318.302886
489,512699987,0,482,505362867,505878784,16384,432,72,1140,0.039583333,1,495791.333333
489,512699987,1,424,444541495,444541696,4096,390,72,707,0.024107478,1,435575.477751
489,512699987,2,475,498023217,499006464,65536,373,57,1198,0.041200949,1,435304.949204
489,512699987,3,435,456082902,456082944,16384,361,61,924,0.031506803,1,412738.802605
489,512699987,4,486,509555748,510537472,65536,354,54,911,0.031063525,1,404179.525079
489,512699987,5,483,506411119,506411264,65536,335,51,1085,0.037465470,1,391437.469613
489,512699987,6,469,491732832,491732992,65536,334,52,927,0.031793394,1,384237.394382
489,512699987,7,445,466568071,466568192,16384,271,49,852,0.029051727,1,316299.727077
489,512699987,8,485,508507664,508998912,65536,241,37,976,0.034437740,1,289925.740376
489,512699987,9,429,449791485,450822912,16384,251,45,660,0.022504859,1,287992.859004
489,512699987,10,450,471801499,472783872,65536,213,33,961,0.032949325,1,259193.324556
489,512699987,11,447,468659769,469691648,16384,206,34,909,0.032632108,1,251628.107984
490,513748968,0,479,502216453,502216704,65536,657,103,1473,0.055340572,1,747248.571815
490,513748968,1,477,500120061,500120064,65536,603,95,1691,0.066158059,1,702618.059468
490,513748968,2,487,510603142,510603264,16384,569,95,1200,0.045083969,1,644763.968892
490,513748968,3,478,501168480,501659648,65536,545,91,1702,0.063944096,1,640544.095879
490,513748968,4,476,499072095,500054272,65536,493,81,1718,0.064977307,1,587113.307110
490,513748968,5,474,496975100,498006784,16384,476,78,1594,0.060037665,1,563885.664783
490,513748968,6,470,492781013,493272064,65536,374,64,1376,0.054987212,1,451723.212276
490,513748968,7,472,494878210,494878464,4096,358,64,1593,0.061212727,1,442432.726714
490,513748968,8,466,488588139,488588288,16384,360,66,1185,0.044520419,1,426412.419281
490,513748968,9,427,447690326,447690496,65536,343,53,1086,0.040800992,1,403224.991847
490,513748968,10,473,495926457,496448512,4096,285,53,1454,0.054626742,1,359130.742308
490,513748968,11,468,490684771,491200512,16384,276,50,1327,0.051261251,1,345657.250821
491,514796869,0,477,500120061,500120064,65536,747,117,1815,0.071009390,1,858237.389671
491,514796869,1,479,502216453,502216704,65536,727,111,1570,0.060224788,1,825224.788062
491,514796869,2,490,513748968,514731264,65536,657,99,2391,0.091718133,1,786786.132648
491,514796869,3,476,499072095,500054272,65536,620,102,1635,0.062718171,1,717258.171008
491,514796869,4,487,510603142,510603264,16384,558,94,1233,0.047297556,1,635717.556485
491,514796869,5,478,501168480,501659648,65536,510,80,1693,0.064943036,1,604259.035790
491,514796869,6,474,496975100,497957632,65536,447,69,1385,0.053128237,1,525292.236603
491,514796869,7,427,447690326,447690496,65536,330,52,1099,0.042157352,1,391193.351644
491,514796869,8,464,486490859,487013376,4096,317,65,1369,0.052514481,1,390982.480801
491,514796869,9,430,450839473,451884288,4096,281,59,992,0.038052860,1,337380.859718
491,514796869,10,470,492781013,493272064,65536,257,43,1172,0.046835038,1,320259.038363
491,514796869,11,466,488588139,488588288,16384,260,46,1056,0.040507883,1,316923.882926
492,515845125,0,479,502216453,502216704,65536,760,118,1446,0.058186793,1,857378.793288
492,515845125,1,477,500120061,500120064,65536,705,109,1880,0.075650879,1,819106.879240
492,515845125,2,491,514796869,515828736,16384,645,103,2285,0.091948010,1,774816.010140
492,515845125,3,490,513748968,514731264,65536,552,90,2143,0.086233954,1,671637.954368
492,515845125,4,478,501168480,501659648,65536,484,76,1751,0.070459941,1,582871.941250
492,515845125,5,487,510603142,510603264,16384,508,88,1122,0.045149089,1,581157.088568
492,515845125,6,427,447690326,447690496,65536,468,70,984,0.039595992,1,531787.992113
492,515845125,7,464,486490859,487013376,4096,430,86,1400,0.056335761,1,513327.761136
492,515845125,8,476,499072095,499587840,16384,395,71,1594,0.064142288,1,484150.288037
492,515845125,9,474,496975100,496975104,4096,318,66,1343,0.054042091,1,393558.090862
492,515845125,10,438,459227595,459749888,4096,310,70,1142,0.045953885,1,376985.885156
492,515845125,11,430,450839473,450839552,16384,313,53,970,0.039032635,1,370272.634502
493,516894220,0,492,515845125,516828672,65536,734,114,2632,0.110811721,1,887611.721118
493,516894220,1,477,500120061,500611328,65536,679,107,1832,0.077130347,1,793514.346918
493,516894220,2,491,514796869,515828736,16384,624,104,1984,0.083529808,1,743817.808016
493,516894220,3,490,513748968,513748992,65536,608,96,1840,0.077467161,1,719771.160660
493,516894220,4,479,502216453,502216704,65536,617,99,1395,0.058731896,1,708855.896261
493,516894220,5,476,499072095,499587840,16384,567,105,1552,0.065341866,1,665661.865948
493,516894220,6,478,501168480,501684224,16384,478,90,1731,0.072878073,1,580858.073425
493,516894220,7,466,488588139,488588288,16384,440,80,1097,0.046185584,1,511437.584372
493,516894220,8,487,510603142,510603264,16384,440,74,1073,0.045175143,1,509563.143146
493,516894220,9,464,486490859,487007232,16384,421,77,1321,0.055616369,1,501924.369148
493,516894220,10,474,496975100,496975104,16384,379,77,1271,0.053511283,1,456611.283260
493,516894220,11,430,450839473,450839552,16384,363,65,970,0.040838666,1,424814.666218
494,517943610,0,493,516894220,516894464,16384,965,161,2748,0.116588884,1,1136412.884175
494,517943610,1,492,515845125,516828672,65536,711,109,2612,0.110818838,1,863346.837505
494,517943610,2,490,513748968,514731264,65536,607,95,1761,0.074713619,1,715549.619007
494,517943610,3,491,514796869,515828736,16384,533,87,2039,0.086508273,1,651656.273229
494,517943610,4,477,500120061,500635904,16384,462,74,1780,0.075519728,1,565263.728468
494,517943610,5,478,501168480,501690368,4096,434,94,1647,0.069876962,1,532976.962240
494,517943610,6,466,488588139,488588288,4096,410,84,1108,0.047008910,1,482096.909631
494,517943610,7,476,499072095,499587840,16384,390,68,1530,0.064913025,1,479161.025032
494,517943610,8,464,486490859,487013376,4096,388,80,1327,0.056300382,1,469224.381841
494,517943610,9,487,510603142,511094528,65536,372,56,1025,0.043487484,1,435747.484090
494,517943610,10,479,502216453,502216704,65536,344,52,1443,0.061221892,1,425969.892236
494,517943610,11,431,451888469,452410368,4096,297,59,1176,0.049893933,1,366341.932966
495,518991519,0,493,516894220,516894464,16384,652,112,1863,0.078435500,1,767935.500168
495,518991519,1,476,499072095,499587840,16384,506,90,1701,0.067000158,1,603532.157555
495,518991519,2,494,517943610,518925824,65536,465,71,1903,0.080738227,1,573662.226559
495,518991519,3,491,514796869,515828736,16384,477,81,1722,0.067827320,1,573595.319994
495,518991519,4,492,515845125,516828672,65536,439,69,1899,0.076415436,1,542443.435999
495,518991519,5,431,451888469,451888640,65536,432,66,1598,0.062943123,1,520215.122735
495,518991519,6,427,447690326,448183552,65536,409,65,1328,0.052308177,1,484820.177092
495,518991519,7,474,496975100,498019072,4096,359,69,1719,0.067709154,1,451097.153931
495,518991519,8,490,513748968,514264576,16384,343,65,1741,0.068575705,1,435155.705058
495,518991519,9,479,502216453,502732800,16384,324,62,1644,0.064755002,1,411107.002363
495,518991519,10,440,461325735,461325824,16384,322,56,1607,0.063297621,1,406685.620923
495,518991519,11,470,492781013,493272064,65536,296,50,1564,0.062500000,1,378324.000000
496,520039711,0,493,516894220,516894464,16384,932,156,1930,0.081256315,1,1063376.315258
496,520039711,1,492,515845125,516828672,65536,711,115,2020,0.081284455,1,832212.455354
496,520039711,2,494,517943610,518925824,65536,685,107,1867,0.079210861,1,801878.861264
496,520039711,3,490,513748968,514731264,65536,584,92,1922,0.076263789,1,693807.788588
496,520039711,4,491,514796869,515828736,16384,522,88,2112,0.083802873,1,638106.872788
496,520039711,5,476,499072095,499563264,65536,431,65,1801,0.071462582,1,528394.582335
496,520039711,6,495,518991519,519974144,65536,407,71,2043,0.081064995,1,515156.994842
496,520039711,7,477,500120061,500611328,65536,370,56,1806,0.071660979,1,464996.979287
496,520039711,8,427,447690326,447690496,65536,369,59,1097,0.043528291,1,433388.291405
496,520039711,9,478,501168480,501684224,16384,317,57,1755,0.069637330,1,408625.330371
496,520039711,10,479,502216453,503248896,16384,297,53,1674,0.066423300,1,384095.299738
496,520039711,11,474,496975100,496975104,16384,281,51,1504,0.059677803,1,360029.803349
497,521088742,0,493,516894220,516894464,16384,814,136,1933,0.081382620,1,940122.620411
497,521088742,1,496,520039711,520039936,65536,747,113,2790,0.110705500,1,901321.499564
497,521088742,2,494,517943610,518925824,65536,727,113,1813,0.076919813,1,843147.813322
497,521088742,3,492,515845125,516336896,65536,600,94,1947,0.078346948,1,712630.947809
497,521088742,4,491,514796869,515779584,65536,531,83,2146,0.084618114,1,647634.114428
497,521088742,5,495,518991519,519974144,65536,478,78,1966,0.077520602,1,584904.602500
497,521088742,6,490,513748968,514240000,65536,460,70,1910,0.075312488,1,563016.487678
497,521088742,7,476,499072095,499072256,4096,366,86,1758,0.069319033,1,462207.033161
497,521088742,8,478,501168480,502212352,4096,339,67,1709,0.067386933,1,429998.932692
497,521088742,9,427,447690326,447690496,65536,342,54,1087,0.042861086,1,404393.085919
497,521088742,10,474,496975100,496975104,16384,291,57,1487,0.058633335,1,369925.334648
497,521088742,11,430,450839473,450839552,16384,281,49,986,0.038878593,1,336902.593115
498,522137667,0,497,521088742,521580288,65536,682,102,2023,0.079768148,1,799348.147944
498,522137667,1,496,520039711,520556032,16384,566,90,2053,0.081461789,1,680841.788747
498,522137667,2,494,517943610,518925824,65536,570,86,1303,0.055282138,1,655246.138311
498,522137667,3,493,516894220,516894464,16384,529,91,1383,0.058226676,1,617166.675648
498,522137667,4,495,518991519,519482880,65536,350,58,1668,0.065700331,1,438260.330865
498,522137667,5,492,515845125,515845376,65536,270,40,1435,0.057744155,1,345148.155165
498,522137667,6,491,514796869,514797056,65536,249,37,1500,0.057539606,1,323315.606429
498,522137667,7,476,499072095,499587840,16384,233,41,1426,0.053933434,1,303541.434191
498,522137667,8,474,496975100,498019072,4096,225,45,1338,0.050395480,1,291971.480226
498,522137667,9,427,447690326,447690496,65536,232,34,1012,0.035209798,1,281241.797509
498,522137667,10,430,450839473,450839552,16384,227,37,980,0.034736991,1,275904.991351
498,522137667,11,478,501168480,502150912,65536,206,36,1403,0.052663188,1,273891.188319
499,523185708,0,497,521088742,521580288,65536,722,112,1557,0.061393478,1,821349.478175
499,523185708,1,498,522137667,522137856,16384,594,94,1493,0.055370123,1,681694.123127
499,523185708,2,495,518991519,519482880,65536,573,91,1691,0.066606271,1,671834.270679
499,523185708,3,496,520039711,520039936,65536,532,82,1505,0.059717483,1,621065.482739
499,523185708,4,430,450839473,451355648,16384,452,76,1078,0.039979232,1,516931.231568
499,523185708,5,493,516894220,516894464,16384,399,71,1132,0.047659144,1,469915.144493
499,523185708,6,427,447690326,447690496,65536,393,59,1179,0.043724967,1,458488.966622
499,523185708,7,431,451888469,451888640,65536,351,53,1294,0.047989912,1,419437.912476
499,523185708,8,494,517943610,518925824,65536,350,56,1086,0.046075520,1,416051.519728
499,523185708,9,471,493828753,494320640,65536,281,49,1622,0.065250624,1,365818.623542
499,523185708,10,492,515845125,515845376,16384,286,54,1154,0.046436763,1,350892.763108
499,523185708,11,476,499072095,499587840,16384,270,48,1542,0.058320726,1,347176.726172
500,524233421,0,497,521088742,521580288,65536,660,102,1416,0.055833760,1,750457.760498
500,524233421,1,493,516894220,516894464,16384,652,112,1035,0.043575278,1,729763.277871
500,524233421,2,498,522137667,522137856,65536,564,88,1512,0.054927889,1,649839.888982
500,524233421,3,499,523185708,523701248,16384,520,90,1994,0.073950452,1,625990.452455
500,524233421,4,496,520039711,520039936,65536,412,66,1417,0.056225696,1,492293.696373
500,524233421,5,495,518991519,519482880,65536,358,60,1560,0.061446353,1,442022.352608
500,524233421,6,430,450839473,451355648,16384,360,62,1033,0.037526792,1,418298.791877
500,524233421,7,478,501168480,501684224,16384,347,63,1276,0.047896100,1,416456.099996
500,524233421,8,427,447690326,448183552,65536,319,51,1070,0.038870927,1,376398.926726
500,524233421,9,492,515845125,516877824,16384,283,51,1103,0.044384532,1,345180.531810
500,524233421,10,494,517943610,518925824,65536,262,42,1039,0.044081459,1,321965.459482
500,524233421,11,449,470755850,471276544,4096,264,56,1010,0.036691249,1,318299.248592
501,525271199,0,481,504314359,505297152,65536,229,35,649,0.021813660,1,263449.659586
501,525271199,1,426,446641702,447624704,65536,192,30,773,0.026369653,1,229973.652726
501,525271199,2,433,453985499,453985536,65536,138,22,563,0.018923098,1,165367.097607
501,525271199,3,428,448742521,449774848,16384,106,18,455,0.015293090,1,128025.089540
501,525271199,4,403,422496780,423541248,4096,115,21,23,0.000773057,1,121377.057273
501,525271199,5,400,419351577,420382976,16384,106,18,19,0.000638613,1,111626.612530
501,525271199,6,44,46176335,46694144,16384,106,18,18,0.000605001,1,111589.001344
501,525271199,7,402,421448568,421448704,16384,106,18,16,0.000537779,1,111513.778973
501,525271199,8,284,297815604,298798848,65536,106,18,14,0.000470557,1,111438.556601
501,525271199,9,355,372214310,373238016,16384,106,18,13,0.000436945,1,111400.945415
501,525271199,10,39,40937191,40937216,16384,106,18,12,0.000403334,1,111363.334230
501,525271199,11,398,417255805,417771520,16384,106,18,11,0.000369723,1,111325.723044
502,526317305,0,481,504314359,505297152,65536,301,49,683,0.022706872,1,339998.871904
502,526317305,1,426,446641702,447624704,65536,215,35,674,0.022992427,1,250392.426827
502,526317305,2,501,525271199,525761280,65536,150,24,1214,0.040803980,1,202395.979564
502,526317305,3,428,448742521,449774848,16384,175,29,400,0.013298314,1,197874.314439
502,526317305,4,433,453985499,454477056,65536,113,19,520,0.017287809,1,137575.808770
502,526317305,5,45,47228198,47719680,65536,40,6,20,0.000664916,1,42536.915722
502,526317305,6,389,407838930,408814592,65536,40,6,20,0.000664916,1,42536.915722
502,526317305,7,99,103862041,104353536,65536,40,6,18,0.000598424,1,42462.424150
502,526317305,8,103,108054113,109043456,65536,40,6,18,0.000598424,1,42462.424150
502,526317305,9,403,422496780,423541248,4096,27,5,26,0.000864390,1,29320.390439
502,526317305,10,223,233768080,234293504,1024,16,4,14,0.000465441,1,17481.441005
502,526317305,11,102,107006226,107529728,1024,15,3,21,0.000698162,1,16590.161508
503,527365185,0,482,505362867,505854208,65536,596,106,565,0.020772823,1,646968.822530
503,527365185,1,485,508507664,508998912,65536,594,106,581,0.021361079,1,645573.079451
503,527365185,2,469,491732832,491732992,65536,581,103,578,0.021250781,1,631754.781279
503,527365185,3,488,511651677,511651840,16384,539,97,658,0.024192066,1,591240.065885
503,527365185,4,447,468659769,469151232,65536,524,94,564,0.020736056,1,571664.056473
503,527365185,5,437,458179200,458179328,65536,524,94,491,0.018052134,1,568688.134270
503,527365185,6,445,466568071,467056640,65536,524,94,467,0.017169749,1,567709.748888
503,527365185,7,442,463421612,463913216,65536,524,94,375,0.013787272,1,563959.271591
503,527365185,8,59,61910108,62403072,65536,524,94,23,0.000845619,1,549609.619324
503,527365185,9,53,55623067,56115712,65536,524,94,15,0.000551491,1,549283.490864
503,527365185,10,94,98619736,98619904,65536,509,89,25,0.000919151,1,533691.151439
503,527365185,11,105,110158158,110650368,65536,509,89,18,0.000661789,1,533405.789036
505,529462376,0,503,527365185,527881216,16384,2316,422,600,0.032865907,1,2460929.907099
505,529462376,1,485,508507664,508998912,65536,730,130,26,0.001424189,1,765752.189308
505,529462376,2,488,511651677,511651840,16384,730,130,26,0.001424189,1,765752.189308
505,529462376,3,482,505362867,505854208,65536,730,130,25,0.001369413,1,765693.412796
505,529462376,4,59,61910108,62403072,65536,730,130,23,0.001259860,1,765575.859772
505,529462376,5,53,55623067,56115712,65536,730,130,15,0.000821648,1,765105.647677
505,529462376,6,40,41986401,42508288,4096,637,145,28,0.001533742,1,672557.742331
505,529462376,7,136,142635942,143680512,4096,610,142,16,0.000876424,1,643820.424189
505,529462376,8,94,98619736,98619904,65536,575,105,20,0.001095530,1,603479.530237
505,529462376,9,297,311453368,312435712,65536,575,105,19,0.001040754,1,603420.753725
505,529462376,10,105,110158158,110650368,65536,575,105,18,0.000985977,1,603361.977213
505,529462376,11,326,341876811,342861568,65536,575,105,16,0.000876424,1,603244.424189
506,530510855,0,13,13641602,13641728,16384,743,127,10,0.002119542,1,779311.542179
506,530510855,1,467,489635862,490127616,65536,499,83,15,0.003179313,1,524903.313268
506,530510855,2,371,388958357,389947392,65536,499,83,13,0.002755405,1,524471.404833
506,530510855,3,484,507459891,507951104,65536,499,83,13,0.002755405,1,524471.404833
506,530510855,4,187,196050495,196540416,65536,499,83,12,0.002543451,1,524255.450615
506,530510855,5,456,478103262,478103296,16384,499,83,11,0.002331496,1,524039.496397
506,530510855,6,2,2097908,3080960,65536,499,83,9,0.001907588,1,523607.587961
506,530510855,7,408,427733402,428723200,65536,499,83,6,0.001271725,1,522959.725307
506,530510855,8,155,162553906,163535616,65536,403,65,17,0.003603222,1,424727.221704
506,530510855,9,115,120628164,121119232,65536,403,65,14,0.002967359,1,424079.359050
506,530510855,10,184,192900101,193882112,65536,403,65,11,0.002331496,1,423431.496397
506,530510855,11,381,399446860,400429312,65536,403,65,11,0.002331496,1,423431.496397
507,531559207,0,506,530510855,531493632,65536,726,120,151,0.032005087,1,791457.086901
507,531559207,1,13,13641602,13641728,16384,323,55,26,0.000817842,1,338777.841527
507,531559207,2,115,120628164,121119232,65536,283,45,80,0.002516435,1,298452.435469
507,531559207,3,155,162553906,163535616,65536,283,45,36,0.001132396,1,296892.395961
507,531559207,4,184,192900101,193882112,65536,283,45,28,0.000880752,1,296608.752414
507,531559207,5,381,399446860,400429312,65536,283,45,26,0.000817842,1,296537.841527
507,531559207,6,16,16797859,16797952,4096,246,54,27,0.000849297,1,259837.296971
507,531559207,7,2,2097908,3080960,65536,207,33,51,0.001679510,1,218139.509978
507,531559207,8,484,507459891,507951104,65536,207,33,38,0.001317021,1,217725.020760
507,531559207,9,456,478103262,478103296,16384,207,33,37,0.001282629,1,217686.629043
507,531559207,10,467,489635862,490127616,65536,207,33,27,0.000935519,1,217299.518520
507,531559207,11,421,441379615,441876224,65536,200,36,48,0.001552443,1,211216.443481
508,532607853,0,507,531559207,531559424,16384,768,130,155,0.004875594,1,808631.593721
508,532607853,1,506,530510855,530511104,65536,768,130,17,0.003603222,1,806807.221704
508,532607853,2,13,13641602,13641728,16384,371,61,23,0.000719087,1,388587.087072
508,532607853,3,16,16797859,16797952,4096,328,76,30,0.000937940,1,346721.939659
508,532607853,4,115,120628164,121119232,65536,309,53,73,0.002282320,1,325838.319837
508,532607853,5,155,162553906,163535616,65536,309,53,41,0.001281851,1,324709.850868
508,532607853,6,184,192900101,193882112,65536,309,53,30,0.000937940,1,324321.939659
508,532607853,7,381,399446860,400429312,65536,309,53,22,0.000687822,1,324039.822417
508,532607853,8,2,2097908,3080960,65536,257,41,45,0.001481921,1,270141.920569
508,532607853,9,484,507459891,507951104,65536,257,41,42,0.001455655,1,270103.654525
508,532607853,10,421,441379615,441876224,65536,202,36,44,0.001423073,1,213119.073191
508,532607853,11,422,442438432,442438656,65536,202,36,40,0.001250586,1,212930.586212
509,533656382,0,507,531559207,531559424,16384,596,98,128,0.004026297,1,627450.296751
509,533656382,1,506,530510855,531002368,65536,596,98,14,0.002967359,1,625935.359050
509,533656382,2,508,532607853,532608000,16384,340,56,124,0.003876817,1,359764.817258
509,533656382,3,13,13641602,13641728,16384,320,52,29,0.000904244,1,335420.243709
509,533656382,4,16,16797859,16797952,4096,234,52,26,0.000810701,1,247250.701257
509,533656382,5,115,120628164,121671680,4096,223,51,59,0.001839668,1,237019.668236
509,533656382,6,155,162553906,163535616,65536,223,35,35,0.001091329,1,234127.328615
509,533656382,7,184,192900101,193882112,65536,223,35,27,0.000841882,1,233845.882074
509,533656382,8,2,2097908,3080960,65536,203,31,49,0.001613647,1,213713.646842
509,533656382,9,484,507459891,507951104,65536,203,31,37,0.001282362,1,213334.362319
509,533656382,10,421,441379615,441876224,65536,170,32,46,0.001487758,1,179911.758336
509,533656382,11,422,442438432,442438656,65536,170,32,34,0.001060148,1,179436.147797
510,534703985,0,507,531559207,531559424,16384,642,104,156,0.004914469,1,676322.469332
510,534703985,1,506,530510855,530511104,16384,609,105,14,0.002967359,1,640143.359050
510,534703985,2,13,13641602,13641728,16384,374,66,20,0.000630060,1,392198.060171
510,534703985,3,508,532607853,532608000,16384,303,53,147,0.004630942,1,322338.942255
510,534703985,4,16,16797859,16797952,4096,281,67,23,0.000724569,1,297200.569196
510,534703985,5,115,120628164,121671680,4096,265,67,62,0.001953187,1,282201.186529
510,534703985,6,484,507459891,507951104,65536,239,39,47,0.001628947,1,251608.946730
510,534703985,7,2,2097908,3080960,65536,239,39,42,0.001383126,1,251343.125864
510,534703985,8,421,441379615,441876224,65536,235,39,47,0.001520101,1,247404.100909
510,534703985,9,422,442438432,442438656,65536,235,39,48,0.001512144,1,247400.144410
510,534703985,10,1,1048219,1048320,65536,235,39,25,0.000836316,1,246632.316194
510,534703985,11,509,533656382,534147328,65536,168,26,139,0.004378918,1,180358.918187
511,535752479,0,507,531559207,531559424,16384,729,127,99,0.003244306,1,766456.306079
511,535752479,1,508,532607853,532608000,16384,544,100,97,0.003178765,1,573486.764542
511,535752479,2,13,13641602,13641728,16384,410,74,21,0.000688186,1,430148.186138
511,535752479,3,510,534703985,534704128,16384,379,65,171,0.005603801,1,402767.801409
511,535752479,4,506,530510855,531002368,65536,379,65,17,0.003603222,1,400151.221704
511,535752479,5,509,533656382,534147328,65536,350,62,95,0.003113223,1,369893.223005
511,535752479,6,115,120628164,121119232,65536,350,62,55,0.001802392,1,368422.392266
511,535752479,7,155,162553906,163535616,65536,350,62,34,0.001114206,1,367650.206128
511,535752479,8,184,192900101,193882112,65536,350,62,20,0.000655415,1,367135.415369
511,535752479,9,16,16797859,16797952,4096,230,52,21,0.000688186,1,243012.186138
511,535752479,10,2,2097908,3080960,65536,216,36,35,0.001152605,1,227148.604887
511,535752479,11,467,489635862,490152192,16384,194,38,35,0.001212709,1,204936.709192
512,536798246,0,505,529462376,529978368,16384,232,40,16,0.000876424,1,243692.424189
512,536798246,1,503,527365185,527881216,16384,232,40,15,0.000551491,1,243363.490864
512,536798246,2,40,41986401,42968832,65536,96,16,18,0.000555710,1,101043.709919
512,536798246,3,482,505362867,505878784,16384,96,16,15,0.000520833,1,100996.833333
512,536798246,4,485,508507664,508507904,16384,96,16,14,0.000493984,1,100965.983981
512,536798246,5,59,61910108,62403072,65536,83,13,15,0.000462920,1,87242.920100
512,536798246,6,53,55623067,56115712,65536,83,13,13,0.000401197,1,87173.197420
512,536798246,7,98,102809583,102809600,4096,53,11,16,0.000493781,1,56301.781440
512,536798246,8,199,208625786,208625920,4096,53,11,16,0.000493781,1,56301.781440
512,536798246,9,61,64013943,64530688,16384,53,11,15,0.000462920,1,56266.920100
512,536798246,10,327,342927321,343958528,16384,53,11,15,0.000462920,1,56266.920100
512,536798246,11,78,81846058,82362624,16384,53,11,14,0.000432059,1,56232.058760
513,537847452,0,13,13641602,13641728,16384,41,7,12,0.000365308,1,43357.307924
513,537847452,1,506,530510855,531002368,65536,24,4,12,0.002543451,1,27743.450615
513,537847452,2,510,534703985,534704128,16384,24,4,25,0.000787575,1,26039.575213
513,537847452,3,507,531559207,531559424,16384,24,4,22,0.000692020,1,25932.019754
513,537847452,4,2,2097908,3080960,65536,24,4,14,0.000461042,1,25669.041955
513,537847452,5,16,16797859,16797952,4096,23,5,14,0.000429040,1,24741.039870
513,537847452,6,115,120628164,121671680,4096,20,4,15,0.000467101,1,21583.100551
513,537847452,7,508,532607853,532608000,16384,17,3,22,0.000687822,1,18631.822417
513,537847452,8,396,415167595,415167744,16384,17,3,18,0.000552622,1,18480.621884
513,537847452,9,467,489635862,490152192,16384,17,3,12,0.000415786,1,18319.786009
513,537847452,10,259,271563651,272608256,4096,17,3,12,0.000367816,1,18271.816092
513,537847452,11,148,155214816,156259072,4096,13,3,16,0.000489371,1,14313.371464
514,538902052,0,506,530510855,531002368,65536,81,13,9,0.001907588,1,86615.587961
514,538902052,1,507,531559207,531559424,16384,81,13,12,0.000414293,1,85134.293112
514,538902052,2,510,534703985,534704128,16384,81,13,12,0.000414293,1,85134.293112
514,538902052,3,513,537847452,538341888,65536,60,10,31,0.001070257,1,63978.257207
514,538902052,4,508,532607853,533099264,65536,60,10,12,0.000414293,1,63246.293112
514,538902052,5,1,1048219,1048320,65536,60,10,4,0.000138098,1,62938.097704
514,538902052,6,13,13641602,13641728,16384,26,4,9,0.000310720,1,27546.719834
514,538902052,7,2,2097908,3080960,65536,21,3,8,0.000276195,1,22260.195408
514,538902052,8,16,16797859,16797952,4096,13,3,11,0.000379769,1,14183.768686
514,538902052,9,173,181386073,181910016,4096,8,2,11,0.000379769,1,8935.768686
514,538902052,10,115,120628164,120628224,4096,8,2,10,0.000345244,1,8897.244260
514,538902052,11,140,146842039,146842112,4096,8,2,10,0.000345244,1,8897.244260
514,538902052,12,510,534703985,535686912,65536,81,13,12,0.000414293,1,85134.293112
515,539848779,0,514,538902052,539783168,65536,12,2,115,0.003970309,1,17038.308994
515,539848779,1,23,24139211,24139264,256,4,2,4,0.000132481,1,4564.481039
515,539848779,2,457,479152114,479674880,1024,4,2,3,0.000105910,1,4533.909765
515,539848779,3,484,507459891,507983360,1024,4,2,3,0.000103975,1,4531.975323
515,539848779,4,186,194999546,194999552,256,4,2,3,0.000099361,1,4527.360779
515,539848779,5,506,530510855,531558144,1024,3,1,3,0.000635863,1,3911.862654
515,539848779,6,511,535752479,535752704,1024,3,1,6,0.000198722,1,3486.721558
515,539848779,7,507,531559207,532606720,1024,3,1,3,0.000099361,1,3375.360779
515,539848779,8,23,24139211,24139264,1024,4,2,4,0.000132481,1,4564.481039
515,539848779,9,186,194999546,194999552,1024,4,2,3,0.000099361,1,4527.360779
516,540869020,0,515,539848779,539848960,4096,104,18,192,0.006359090,1,115991.089855
516,540869020,1,510,534703985,534704128,4096,10,2,4,0.000126012,1,10702.012034
516,540869020,2,16,16797859,16797952,4096,10,2,3,0.000091937,1,10663.937115
516,540869020,3,173,181386073,181910016,4096,10,2,3,0.000091433,1,10663.432751
516,540869020,4,115,120628164,120628224,4096,10,2,2,0.000062280,1,10630.280073
516,540869020,5,140,146842039,146842112,4096,10,2,2,0.000061818,1,10629.818069
516,540869020,6,152,159408987,159930880,4096,10,2,2,0.000061250,1,10629.250115
516,540869020,7,158,165692357,166214656,4096,10,2,2,0.000061200,1,10629.199510
516,540869020,8,514,538902052,539374848,1024,6,2,75,0.002589332,1,9353.331952
516,540869020,9,513,537847452,538372608,4096,3,1,7,0.000213096,1,3505.096289
516,540869020,10,511,535752479,535752704,4096,3,1,6,0.000196625,1,3484.624611
516,540869020,11,156,163601184,164123136,1024,3,1,2,0.000061983,1,3333.982831
516,540869020,12,515,539848779,539848960,16384,104,18,192,0.006359090,1,115991.089855
516,540869020,13,115,120628164,121671680,4096,10,2,2,0.000062280,1,10630.280073
516,540869020,14,511,535752479,536273408,4096,3,1,6,0.000196625,1,3484.624611
516,540869020,15,156,163601184,164123392,256,3,1,2,0.000061983,1,3333.982831
517,542108161,0,515,539848779,539848960,4096,244,58,46,0.001778465,1,259306.465107
517,542108161,1,506,530510855,531002368,65536,21,3,4,0.000847817,1,22815.816872
517,542108161,2,507,531559207,531559424,16384,21,3,5,0.000193311,1,22165.311425
517,542108161,3,510,534703985,534704128,16384,21,3,5,0.000193311,1,22165.311425
517,542108161,4,13,13641602,13641728,16384,21,3,4,0.000154649,1,22122.649140
517,542108161,5,2,2097908,3080960,65536,21,3,3,0.000115987,1,22079.986855
517,542108161,6,115,120628164,121674752,1024,9,3,5,0.000193311,1,9877.311425
517,542108161,7,15,15749490,16271616,4096,5,1,5,0.000193311,1,5525.311425
517,542108161,8,508,532607853,533129984,4096,5,1,5,0.000193311,1,5525.311425
517,542108161,9,16,16797859,16797952,4096,5,1,4,0.000154649,1,5482.649140
517,542108161,10,26,27289725,27812352,4096,5,1,4,0.000154649,1,5482.649140
517,542108161,11,144,151029951,151548160,4096,5,1,4,0.000154649,1,5482.649140
517,542108161,12,507,531559207,531559424,65536,21,3,5,0.000193311,1,22165.311425
517,542108161,13,510,534703985,535219968,16384,21,3,5,0.000193311,1,22165.311425
517,542108161,14,26,27289725,27813888,1024,5,1,4,0.000154649,1,5482.649140
518,543008316,0,517,542108161,542942720,65536,132,20,215,0.008312391,1,146964.391262
518,543008316,1,515,539848779,540356864,4096,18,4,69,0.002409050,1,21693.049647
518,543008316,2,43,45130116,46159872,16384,17,3,2,0.000069828,1,17933.827526
518,543008316,3,26,27289725,27812352,4096,5,1,3,0.000104741,1,5428.741289
518,543008316,4,148,155214816,156259072,4096,5,1,3,0.000104741,1,5428.741289
518,543008316,5,307,321949082,322993408,4096,5,1,3,0.000104741,1,5428.741289
518,543008316,6,15,15749490,16271616,4096,5,1,2,0.000069828,1,5389.827526
518,543008316,7,16,16797859,16797952,4096,5,1,2,0.000069828,1,5389.827526
518,543008316,8,166,174073824,174590464,4096,5,1,2,0.000069828,1,5389.827526
518,543008316,9,379,397345533,398390784,4096,5,1,2,0.000069828,1,5389.827526
518,543008316,10,515,539848779,540358656,256,1,1,69,0.002409050,1,3901.049647
518,543008316,11,26,27289725,27813888,1024,5,1,3,0.000104741,1,5428.741289
519,544000072,0,13,13641602,13641728,16384,103,17,12,0.000375047,1,108135.046881
519,544000072,1,507,531559207,531559424,16384,98,16,18,0.000566198,1,103102.197981
519,544000072,2,506,530510855,531002368,65536,86,14,12,0.002543451,1,92511.450615
519,544000072,3,510,534703985,534704128,16384,86,14,18,0.000567054,1,90559.054154
519,544000072,4,2,2097908,3080960,65536,54,8,11,0.000362247,1,56790.247250
519,544000072,5,508,532607853,532608000,16384,49,9,21,0.000656558,1,52132.557761
519,544000072,6,467,489635862,490152192,16384,49,9,14,0.000485084,1,51933.083677
519,544000072,7,16,16797859,16797952,16384,49,9,15,0.000468809,1,51920.808601
519,544000072,8,259,271563651,272608256,4096,49,9,14,0.000437555,1,51885.554694
519,544000072,9,396,415167595,415167744,16384,49,9,14,0.000437555,1,51885.554694
519,544000072,10,115,120628164,121671680,4096,35,9,15,0.000468809,1,37584.808601
519,544000072,11,517,542108161,542108416,4096,32,6,77,0.002976996,1,36884.995940
520,545046632,0,505,529462376,529978368,16384,808,146,32,0.001752848,1,848024.848379
520,545046632,1,503,527365185,527881216,16384,808,146,34,0.001250046,1,847530.045958
520,545046632,2,59,61910108,62403072,65536,319,59,22,0.000714587,1,335074.587326
520,545046632,3,53,55623067,56115712,65536,319,59,19,0.000617144,1,334965.143600
520,545046632,4,40,41986401,42508288,4096,298,68,34,0.001104362,1,315160.362231
520,545046632,5,136,142635942,143680512,4096,293,69,25,0.000812031,1,309840.031052
520,545046632,6,5,5243475,5759488,16384,230,42,30,0.001059809,1,242139.808528
520,545046632,7,485,508507664,509023488,16384,230,42,30,0.001058537,1,242138.537102
520,545046632,8,327,342927321,343958528,16384,230,42,31,0.001006919,1,242090.918505
520,545046632,9,98,102809583,102809600,4096,230,42,30,0.000974437,1,242054.437262
520,545046632,10,199,208625786,208625920,4096,230,42,25,0.000812031,1,241872.031052
520,545046632,11,61,64013943,64530688,16384,230,42,23,0.000747069,1,241799.068568
521,546095219,0,504,528413765,528929792,16384,3115,595,44,0.001740575,1,3267900.575181
521,546095219,1,504,528413765,528935936,4096,2783,547,44,0.001740575,1,2921788.575181
522,547143784,0,521,546095219,546611200,16384,3279,617,1077,0.042604533,1,3483648.533407
522,547143784,1,504,528413765,528929792,16384,3273,615,49,0.001833078,1,3432365.077700
522,547143784,2,521,546095219,546095360,16384,3253,613,1077,0.042604533,1,3456512.533407
522,547143784,3,504,528413765,528935936,4096,2842,550,49,0.001833078,1,2982701.077700
523,548192403,0,522,547143784,547143936,16384,3029,569,1030,0.038734910,1,3217446.910308
523,548192403,1,504,528413765,528929792,16384,2928,552,41,0.001541875,1,3070697.875071
523,548192403,2,521,546095219,546586624,65536,2018,372,936,0.037026781,1,2154882.781123
523,548192403,3,522,547143784,547143936,4096,2955,605,1030,0.038734910,1,3146278.910308
523,548192403,4,504,528413765,528935936,4096,2522,492,41,0.001541875,1,2647273.875071
523,548192403,5,521,546095219,546095360,16384,1816,340,936,0.037026781,1,1943938.781123
524,549240968,0,523,548192403,548708352,16384,3250,618,924,0.034748599,1,3445612.599150
524,549240968,1,504,528413765,528935936,4096,2678,518,47,0.001750922,1,2810578.922028
524,549240968,2,522,547143784,547143936,4096,2193,481,901,0.033706184,1,2344574.183832
524,549240968,3,521,546095219,546617344,4096,1647,345,929,0.036749871,1,1771217.871435
524,549240968,4,523,548192403,548714496,4096,3222,644,924,0.034748599,1,3420268.599150
524,549240968,5,504,528413765,529445888,16384,2157,399,47,0.001750922,1,2261842.922028
524,549240968,6,522,547143784,548126720,65536,2103,389,901,0.033706184,1,2240638.183832
524,549240968,7,521,546095219,546095360,4096,1140,274,929,0.036749871,1,1242961.871435
525,550289600,0,524,549240968,549763072,4096,3610,706,912,0.033742785,1,3824462.785260
525,550289600,1,523,548192403,548708352,16384,3129,587,847,0.031852883,1,3314536.882554
525,550289600,2,504,528413765,528935936,4096,2856,564,40,0.001490146,1,2998450.146407
525,550289600,3,521,546095219,546617344,4096,1712,360,873,0.034534594,1,1837258.593932
525,550289600,4,522,547143784,548188160,4096,1301,327,910,0.034042872,1,1411826.871572
525,550289600,5,524,549240968,549241088,16384,3129,587,912,0.033742785,1,3316686.785260
525,550289600,6,523,548192403,548683776,65536,2138,396,847,0.031852883,1,2275304.882554
525,550289600,7,504,528413765,529445888,16384,2274,418,40,0.001490146,1,2383794.146407
525,550289600,8,521,546095219,546095360,4096,1131,265,873,0.034534594,1,1230154.593932
525,550289600,9,522,547143784,547143936,4096,1267,287,910,0.034042872,1,1371890.871572
526,551338164,0,525,550289600,550289664,16384,3492,674,916,0.034298124,1,3700106.124087
526,551338164,1,524,549240968,549241088,16384,3378,648,887,0.033212266,1,3578840.266447
526,551338164,2,504,528413765,528935936,4096,2733,537,46,0.001722395,1,2869298.394878
526,551338164,3,522,547143784,548188160,4096,1210,304,852,0.031901749,1,1313325.748605
526,551338164,4,523,548192403,548714496,4096,1044,240,837,0.031476815,1,1134664.815464
526,551338164,5,521,546095219,546095360,4096,1000,240,817,0.032319316,1,1090371.316429
526,551338164,6,525,550289600,551321600,16384,3132,598,916,0.034298124,1,3321738.124087
526,551338164,7,524,549240968,549241088,65536,3153,601,887,0.033212266,1,3342424.266447
526,551338164,8,504,528413765,529445888,16384,2277,429,46,0.001722395,1,2388530.394878
526,551338164,9,522,547143784,547143936,4096,1077,253,852,0.031901749,1,1170605.748605
526,551338164,10,523,548192403,548192512,1024,890,236,837,0.031476815,1,976456.815464
526,551338164,11,521,546095219,546617344,4096,599,135,817,0.032319316,1,666307.316429
527,552386774,0,526,551338164,551854080,16384,3029,563,892,0.034130476,1,3211522.476373
527,552386774,1,525,550289600,551321600,16384,2850,532,832,0.031834704,1,3021722.704419
527,552386774,2,504,528413765,528935936,4096,2435,465,45,0.001721829,1,2554925.828965
527,552386774,3,522,547143784,548188160,4096,1322,338,776,0.029691984,1,1429851.983930
527,552386774,4,523,548192403,548192512,1024,1029,275,768,0.029385881,1,1121417.881002
527,552386774,5,524,549240968,549241088,65536,1027,207,813,0.031107710,1,1112567.709967
527,552386774,6,521,546095219,546095360,4096,965,229,730,0.028877725,1,1049333.724594
527,552386774,7,526,551338164,552370176,16384,1914,370,892,0.034130476,1,2045058.476373
527,552386774,8,525,550289600,550811648,4096,2741,603,832,0.031834704,1,2919194.704419
527,552386774,9,504,528413765,529445888,16384,1947,347,45,0.001721829,1,2040109.828965
527,552386774,10,522,547143784,547143936,4096,1089,251,776,0.029691984,1,1180123.983930
527,552386774,11,523,548192403,548714496,4096,897,207,768,0.029385881,1,977545.881002
527,552386774,12,524,549240968,549241088,4096,988,236,813,0.031107710,1,1076343.709967
528,553435380,0,526,551338164,551854080,16384,3428,642,869,0.033130004,1,3629118.003812
528,553435380,1,527,552386774,552386816,16384,3225,603,846,0.032370385,1,3415402.384542
528,553435380,2,504,528413765,528935936,4096,2827,545,41,0.001563096,1,2966399.095692
528,553435380,3,525,550289600,550811648,4096,1825,419,939,0.035798704,1,1962050.703774
528,553435380,4,522,547143784,548188160,4096,1377,339,869,0.033130004,1,1490110.003812
528,553435380,5,524,549240968,549241088,4096,1091,251,897,0.034197484,1,1187161.483797
528,553435380,6,521,546095219,546095360,4096,1061,247,843,0.033347838,1,1154863.838127
528,553435380,7,523,548192403,548192512,1024,1041,283,825,0.031452535,1,1137024.535265
528,553435380,8,526,551338164,552321024,65536,2223,403,869,0.033130004,1,2364606.003812
528,553435380,9,527,552386774,553431040,4096,2518,526,846,0.032370385,1,2681578.384542
528,553435380,10,504,528413765,529445888,16384,2362,428,41,0.001563096,1,2475263.095692
528,553435380,11,525,550289600,550289664,16384,1221,245,939,0.035798704,1,1321282.703774
528,553435380,12,522,547143784,547143936,4096,1200,272,869,0.033130004,1,1300286.003812
529,554483913,0,528,553435380,554467328,16384,1344,250,514,0.050520936,1,1460896.935718
529,554483913,1,504,528413765,528935936,4096,1048,208,36,0.003538431,1,1103522.431295
529,554483913,2,527,552386774,553431040,4096,897,185,472,0.046392766,1,990552.765874
529,554483913,3,525,550289600,550811648,4096,613,139,512,0.050324356,1,697940.356202
529,554483913,4,522,547143784,547143936,4096,518,112,512,0.050324356,1,597204.356202
529,554483913,5,526,551338164,551854080,16384,402,76,523,0.051405544,1,474937.543542
529,554483913,6,521,546095219,546095360,4096,378,88,497,0.048850010,1,449238.009829
529,554483913,7,524,549240968,549241088,4096,367,81,514,0.050520936,1,438816.935718
529,554483913,8,523,548192403,548192512,4096,204,50,511,0.050226066,1,267630.066444
529,554483913,9,528,553435380,553951232,16384,1204,226,514,0.050520936,1,1314464.935718
529,554483913,10,504,528413765,529445888,16384,960,178,36,0.003538431,1,1009570.431295
529,554483913,11,527,552386774,552386816,65536,820,154,472,0.046392766,1,907736.765874
529,554483913,12,525,550289600,551333888,4096,378,80,512,0.050324356,1,449748.356202
529,554483913,13,522,547143784,548188160,4096,479,127,512,0.050324356,1,559188.356202
