pack_id,recipient_offset,recipient_length,candidate_rank,donor_offset,donor_length,phrase_score,signature_hits,recipient_class,donor_class
1,1048219,1049689,0,982528,65536,482,80,9,9
1,1048219,1049689,1,491264,65536,457,75,9,9
2,2097908,1048760,0,1048320,65536,215,35,9,9
2,2097908,1048760,1,982528,65536,126,20,9,9
2,2097908,1048760,2,1540096,65536,125,21,9,9
2,2097908,1048760,3,491264,65536,114,18,9,9
3,3146668,1048846,0,2097920,16384,48,8,9,9
3,3146668,1048846,1,1048320,65536,48,8,9,9
3,3146668,1048846,2,0,1024,12,2,9,9
3,3146668,1048846,3,3080960,65536,42,6,9,9
3,3146668,1048846,4,1540096,65536,48,8,9,9
3,3146668,1048846,5,0,4096,12,2,9,9
5,5243475,1048325,0,5177856,65536,96,14,10,10
5,5243475,1048325,1,4195584,256,29,7,10,10
6,6291800,1050555,0,2097920,16384,33,5,9,9
6,6291800,1050555,1,1048320,65536,33,5,9,9
6,6291800,1050555,2,4129792,65536,33,5,9,9
6,6291800,1050555,3,523520,1024,3,1,9,9
6,6291800,1050555,4,1540096,65536,33,5,9,9
6,6291800,1050555,5,523776,256,3,1,9,9
7,7342355,1050180,0,2097920,16384,31,5,9,9
7,7342355,1050180,1,4129792,65536,31,5,9,9
7,7342355,1050180,2,1048320,65536,31,5,9,9
7,7342355,1050180,3,523520,1024,6,2,9,9
7,7342355,1050180,4,3080960,65536,15,3,9,9
7,7342355,1050180,5,1540096,65536,31,5,9,9
7,7342355,1050180,6,523776,256,6,2,9,9
8,8392535,1054725,0,8326912,65536,84,12,9,9
8,8392535,1054725,1,2097920,16384,39,7,9,9
8,8392535,1054725,2,1048320,65536,39,7,9,9
8,8392535,1054725,3,4129792,65536,39,7,9,9
8,8392535,1054725,4,523520,1024,6,2,9,9
8,8392535,1054725,5,7834624,65536,39,7,9,9
8,8392535,1054725,6,1540096,65536,39,7,9,9
8,8392535,1054725,7,523776,256,6,2,9,9
9,9447260,1046778,0,5759488,16384,22,4,10,10
10,10494038,1049016,0,8326912,65536,63,9,9,9
10,10494038,1049016,1,3080960,65536,48,8,9,9
10,10494038,1049016,2,7865344,4096,20,4,9,9
11,11543054,1047966,0,7834624,65536,46,8,9,9
11,11543054,1047966,1,2097920,16384,36,6,9,9
11,11543054,1047966,2,4129792,65536,36,6,9,9
11,11543054,1047966,3,1048320,65536,36,6,9,9
11,11543054,1047966,4,10494208,65536,21,3,9,9
11,11543054,1047966,5,8392704,16384,12,2,9,9
11,11543054,1047966,6,8326912,65536,21,3,9,9
11,11543054,1047966,7,3080960,65536,21,3,9,9
11,11543054,1047966,8,1540096,65536,36,6,9,9
12,12591020,1050582,0,7834624,65536,90,14,9,9
12,12591020,1050582,1,8392704,65536,73,13,9,9
12,12591020,1050582,2,3080960,65536,21,3,9,9
12,12591020,1050582,3,4129792,65536,12,2,9,9
12,12591020,1050582,4,1048320,65536,12,2,9,9
12,12591020,1050582,5,8326912,65536,54,8,9,9
12,12591020,1050582,6,8392704,16384,5,1,9,9
12,12591020,1050582,7,2097920,16384,12,2,9,9
12,12591020,1050582,8,1540096,65536,12,2,9,9
13,13641602,1057613,0,2097920,16384,24,4,9,9
13,13641602,1057613,1,4129792,65536,24,4,9,9
13,13641602,1057613,2,1048320,65536,24,4,9,9
13,13641602,1057613,3,7859200,16384,12,2,9,9
13,13641602,1057613,4,523520,1024,6,2,9,9
13,13641602,1057613,5,11543296,256,3,1,9,9
13,13641602,1057613,6,1540096,65536,24,4,9,9
13,13641602,1057613,7,7865344,4096,12,2,9,9
13,13641602,1057613,8,523776,256,6,2,9,9
14,14699215,1050275,0,2097920,16384,60,10,9,9
14,14699215,1050275,1,1048320,65536,60,10,9,9
14,14699215,1050275,2,4129792,65536,60,10,9,9
14,14699215,1050275,3,8326912,65536,42,6,9,9
14,14699215,1050275,4,12591104,65536,41,7,9,9
14,14699215,1050275,5,13641728,16384,42,6,9,9
14,14699215,1050275,6,7276800,65536,21,3,9,9
14,14699215,1050275,7,8392704,65536,16,2,9,9
14,14699215,1050275,8,3080960,65536,42,6,9,9
14,14699215,1050275,9,1540096,65536,60,10,9,9
14,14699215,1050275,10,8392704,16384,15,3,9,9
15,15749490,1048369,0,8326912,65536,63,9,9,9
15,15749490,1048369,1,13641728,16384,57,9,9,9
15,15749490,1048369,2,7276800,65536,45,7,9,9
15,15749490,1048369,3,3080960,65536,45,7,9,9
15,15749490,1048369,4,8392704,16384,24,4,9,9
15,15749490,1048369,5,12591104,65536,21,3,9,9
15,15749490,1048369,6,523520,1024,11,5,9,9
15,15749490,1048369,7,7865344,4096,25,5,9,9
15,15749490,1048369,8,7325952,16384,5,1,9,9
15,15749490,1048369,9,8392704,65536,21,3,9,9
15,15749490,1048369,10,523776,256,11,5,9,9
16,16797859,1046789,0,2097920,16384,57,9,9,9
16,16797859,1046789,1,1048320,65536,57,9,9,9
16,16797859,1046789,2,4129792,65536,57,9,9,9
16,16797859,1046789,3,16271616,4096,20,4,9,9
16,16797859,1046789,4,13641728,16384,12,2,9,9
16,16797859,1046789,5,8392704,16384,8,2,9,9
16,16797859,1046789,6,1047040,1024,3,1,9,9
16,16797859,1046789,7,1540096,65536,57,9,9,9
16,16797859,1046789,8,15749632,4096,8,2,9,9
17,17844648,1051023,0,7859200,16384,15,3,9,9
17,17844648,1051023,1,16797952,4096,10,2,9,9
17,17844648,1051023,2,7865344,4096,15,3,9,9
18,18895671,1047724,0,13641728,16384,104,16,9,9
18,18895671,1047724,1,3080960,65536,87,13,9,9
18,18895671,1047724,2,4129792,65536,66,10,9,9
18,18895671,1047724,3,1048320,65536,66,10,9,9
18,18895671,1047724,4,16797952,4096,31,7,9,9
18,18895671,1047724,5,16271616,4096,13,3,9,9
18,18895671,1047724,6,2097920,16384,66,10,9,9
18,18895671,1047724,7,1540096,65536,66,10,9,9
18,18895671,1047724,8,16797952,16384,17,3,9,9
18,18895671,1047724,9,16797440,256,1,1,9,9
19,19943395,1047479,0,13641728,16384,46,8,9,9
19,19943395,1047479,1,3080960,65536,46,8,9,9
19,19943395,1047479,2,1048320,65536,36,6,9,9
19,19943395,1047479,3,4129792,65536,36,6,9,9
19,19943395,1047479,4,16797952,4096,18,4,9,9
19,19943395,1047479,5,18368000,4096,8,2,9,9
19,19943395,1047479,6,2097920,16384,36,6,9,9
19,19943395,1047479,7,1540096,65536,36,6,9,9
20,20990874,1048917,0,7834624,65536,59,9,9,9
20,20990874,1048917,1,13575936,65536,54,8,9,9
20,20990874,1048917,2,16797952,4096,47,13,9,9
20,20990874,1048917,3,13641728,16384,39,7,9,9
20,20990874,1048917,4,16271616,4096,28,8,9,9
20,20990874,1048917,5,19943424,16384,24,4,9,9
20,20990874,1048917,6,3080960,65536,24,4,9,9
20,20990874,1048917,7,8392704,65536,21,3,9,9
20,20990874,1048917,8,1048320,65536,12,2,9,9
20,20990874,1048917,9,4129792,65536,12,2,9,9
20,20990874,1048917,10,523520,1024,3,1,9,9
20,20990874,1048917,11,7865344,4096,13,3,9,9
20,20990874,1048917,12,12591104,65536,21,3,9,9
20,20990874,1048917,13,16797952,16384,15,3,9,9
20,20990874,1048917,14,19943424,256,1,1,9,9
20,20990874,1048917,15,2097920,16384,12,2,9,9
20,20990874,1048917,16,1540096,65536,12,2,9,9
20,20990874,1048917,17,523776,256,3,1,9,9
21,22039791,1054737,0,13641728,16384,50,8,9,9
21,22039791,1054737,1,8392704,65536,42,6,9,9
21,22039791,1054737,2,12591104,65536,42,6,9,9
21,22039791,1054737,3,16732160,65536,37,7,9,9
21,22039791,1054737,4,8326912,65536,37,7,9,9
21,22039791,1054737,5,2097920,16384,39,7,9,9
21,22039791,1054737,6,1048320,65536,39,7,9,9
21,22039791,1054737,7,4129792,65536,39,7,9,9
21,22039791,1054737,8,16797952,4096,31,7,9,9
21,22039791,1054737,9,11543296,256,4,2,9,9
21,22039791,1054737,10,1047040,1024,4,2,9,9
21,22039791,1054737,11,9381632,65536,12,2,9,9
21,22039791,1054737,12,16271616,4096,5,1,9,9
21,22039791,1054737,13,7834624,65536,12,2,9,9
21,22039791,1054737,14,3080960,65536,21,3,9,9
21,22039791,1054737,15,1540096,65536,39,7,9,9
21,22039791,1054737,16,16797952,16384,29,5,9,9
22,23094528,1044683,0,2097920,16384,108,18,9,9
22,23094528,1044683,1,1048320,65536,108,18,9,9
22,23094528,1044683,2,4129792,65536,108,18,9,9
22,23094528,1044683,3,13641728,16384,50,10,9,9
22,23094528,1044683,4,16797952,16384,29,7,9,9
22,23094528,1044683,5,22534400,65536,24,4,9,9
22,23094528,1044683,6,12591104,65536,21,3,9,9
22,23094528,1044683,7,8392704,65536,21,3,9,9
22,23094528,1044683,8,16732160,65536,21,3,9,9
22,23094528,1044683,9,8326912,65536,21,3,9,9
22,23094528,1044683,10,0,256,3,1,9,9
22,23094528,1044683,11,19943424,256,1,1,9,9
22,23094528,1044683,12,3080960,65536,21,3,9,9
22,23094528,1044683,13,1540096,65536,108,18,9,9
22,23094528,1044683,14,16797952,4096,10,2,9,9
22,23094528,1044683,15,23090432,4096,20,4,9,9
22,23094528,1044683,16,16271616,4096,5,1,9,9
22,23094528,1044683,17,7865344,4096,16,4,9,9
23,24139211,1054234,0,16732160,65536,66,10,9,9
23,24139211,1054234,1,13641728,16384,53,9,9,9
23,24139211,1054234,2,8326912,65536,45,7,9,9
23,24139211,1054234,3,16797952,4096,39,9,9,9
23,24139211,1054234,4,3080960,65536,33,5,9,9
23,24139211,1054234,5,22534400,65536,24,4,9,9
23,24139211,1054234,6,8392704,65536,21,3,9,9
23,24139211,1054234,7,1048320,65536,21,3,9,9
23,24139211,1054234,8,4129792,65536,21,3,9,9
23,24139211,1054234,9,12591104,256,7,3,9,9
23,24139211,1054234,10,1047040,1024,4,2,9,9
23,24139211,1054234,11,16781312,16384,21,3,9,9
23,24139211,1054234,12,16797952,16384,20,4,9,9
23,24139211,1054234,13,2097920,16384,21,3,9,9
23,24139211,1054234,14,8911616,16384,15,3,9,9
23,24139211,1054234,15,1540096,65536,21,3,9,9
23,24139211,1054234,16,12591104,1024,7,3,9,9
23,24139211,1054234,17,523520,1024,3,1,9,9
24,25193445,1048781,0,13641728,16384,83,13,9,9
24,25193445,1048781,1,2097920,16384,54,8,9,9
24,25193445,1048781,2,1048320,65536,54,8,9,9
24,25193445,1048781,3,4129792,65536,54,8,9,9
24,25193445,1048781,4,16797952,4096,41,9,9,9
24,25193445,1048781,5,16271616,4096,36,8,9,9
24,25193445,1048781,6,24139264,256,10,4,9,9
24,25193445,1048781,7,19943424,16384,5,1,9,9
24,25193445,1048781,8,12591104,256,3,1,9,9
24,25193445,1048781,9,0,256,3,1,9,9
24,25193445,1048781,10,3080960,65536,54,8,9,9
24,25193445,1048781,11,1540096,65536,54,8,9,9
24,25193445,1048781,12,16797952,16384,29,5,9,9
24,25193445,1048781,13,15749632,65536,25,5,9,9
24,25193445,1048781,14,24139264,1024,10,4,9,9
24,25193445,1048781,15,12591104,1024,3,1,9,9
24,25193445,1048781,16,1047040,1024,1,1,9,9
25,26242226,1047499,0,5759488,16384,48,10,10,10
26,27289725,1049665,0,16797952,4096,68,18,9,9
26,27289725,1049665,1,2097920,16384,55,11,9,9
26,27289725,1049665,2,4129792,65536,55,11,9,9
26,27289725,1049665,3,1048320,65536,55,11,9,9
26,27289725,1049665,4,13641728,16384,40,8,9,9
26,27289725,1049665,5,16271616,4096,28,8,9,9
26,27289725,1049665,6,8326912,65536,21,3,9,9
26,27289725,1049665,7,19943424,16384,17,3,9,9
26,27289725,1049665,8,12591104,256,3,1,9,9
26,27289725,1049665,9,24139264,256,3,1,9,9
26,27289725,1049665,10,11543296,256,3,1,9,9
26,27289725,1049665,11,523520,1024,3,1,9,9
26,27289725,1049665,12,16797952,16384,28,6,9,9
26,27289725,1049665,13,3080960,65536,12,2,9,9
26,27289725,1049665,14,1540096,65536,55,11,9,9
26,27289725,1049665,15,16732160,65536,21,3,9,9
26,27289725,1049665,16,19943424,256,1,1,9,9
26,27289725,1049665,17,12591104,1024,3,1,9,9
26,27289725,1049665,18,24139264,1024,3,1,9,9
26,27289725,1049665,19,523776,256,3,1,9,9
27,28339390,1043373,0,13641728,16384,87,15,9,9
27,28339390,1043373,1,3080960,65536,82,14,9,9
27,28339390,1043373,2,16797952,4096,53,13,9,9
27,28339390,1043373,3,1048320,65536,51,9,9,9
27,28339390,1043373,4,4129792,65536,51,9,9,9
27,28339390,1043373,5,27812352,4096,29,7,9,9
27,28339390,1043373,6,16271616,4096,29,7,9,9
27,28339390,1043373,7,19943424,16384,28,6,9,9
27,28339390,1043373,8,12591104,256,4,2,9,9
27,28339390,1043373,9,25193472,256,1,1,9,9
27,28339390,1043373,10,0,256,1,1,9,9
27,28339390,1043373,11,2097920,16384,51,9,9,9
27,28339390,1043373,12,16797952,16384,5,1,9,9
27,28339390,1043373,13,1540096,65536,51,9,9,9
27,28339390,1043373,14,27813888,1024,29,7,9,9
27,28339390,1043373,15,12591104,1024,4,2,9,9
28,29382763,1047972,0,13641728,16384,84,14,9,9
28,29382763,1047972,1,3080960,65536,69,11,9,9
28,29382763,1047972,2,28852736,16384,63,9,9,9
28,29382763,1047972,3,1048320,65536,63,9,9,9
28,29382763,1047972,4,4129792,65536,63,9,9,9
28,29382763,1047972,5,16797952,4096,23,5,9,9
28,29382763,1047972,6,27812352,4096,8,2,9,9
28,29382763,1047972,7,16271616,4096,8,2,9,9
28,29382763,1047972,8,11543296,256,4,2,9,9
28,29382763,1047972,9,523520,1024,3,1,9,9
28,29382763,1047972,10,2097920,16384,63,9,9,9
28,29382763,1047972,11,28858880,4096,63,9,9,9
28,29382763,1047972,12,1540096,65536,63,9,9,9
28,29382763,1047972,13,16797952,16384,15,3,9,9
28,29382763,1047972,14,27813888,1024,8,2,9,9
28,29382763,1047972,15,523776,256,3,1,9,9
29,30430735,1054148,0,5759488,16384,32,6,10,10
32,33581405,1055789,0,16797952,4096,47,11,9,9
32,33581405,1055789,1,9381632,65536,27,5,9,9
32,33581405,1055789,2,28852736,16384,24,4,9,9
32,33581405,1055789,3,1048320,65536,24,4,9,9
32,33581405,1055789,4,2097920,16384,24,4,9,9
32,33581405,1055789,5,4129792,65536,24,4,9,9
32,33581405,1055789,6,27812352,4096,15,3,9,9
32,33581405,1055789,7,16271616,4096,15,3,9,9
32,33581405,1055789,8,523520,1024,3,1,9,9
32,33581405,1055789,9,25193472,256,1,1,9,9
32,33581405,1055789,10,28858880,4096,24,4,9,9
32,33581405,1055789,11,1540096,65536,24,4,9,9
32,33581405,1055789,12,27813888,1024,15,3,9,9
32,33581405,1055789,13,16797440,256,3,1,9,9
32,33581405,1055789,14,523776,256,3,1,9,9
33,34637194,1045396,0,16797952,4096,64,14,9,9
33,34637194,1045396,1,28852736,16384,60,10,9,9
33,34637194,1045396,2,2097920,16384,60,10,9,9
33,34637194,1045396,3,4129792,65536,60,10,9,9
33,34637194,1045396,4,1048320,65536,60,10,9,9
33,34637194,1045396,5,27812352,4096,46,10,9,9
33,34637194,1045396,6,16271616,4096,46,10,9,9
33,34637194,1045396,7,13641728,16384,12,2,9,9
33,34637194,1045396,8,1047040,1024,11,5,9,9
33,34637194,1045396,9,34107136,4096,5,1,9,9
33,34637194,1045396,10,23090432,4096,5,1,9,9
33,34637194,1045396,11,12591104,256,3,1,9,9
33,34637194,1045396,12,16797952,16384,12,2,9,9
33,34637194,1045396,13,28858880,4096,60,10,9,9
33,34637194,1045396,14,1540096,65536,60,10,9,9
33,34637194,1045396,15,27813888,1024,46,10,9,9
33,34637194,1045396,16,523520,1024,3,1,9,9
33,34637194,1045396,17,12591104,1024,3,1,9,9
34,35682590,1052933,0,5759488,16384,12,2,10,10
35,36735523,1050153,0,16797952,4096,66,14,9,9
35,36735523,1050153,1,2097920,16384,45,7,9,9
35,36735523,1050153,2,28852736,16384,45,7,9,9
35,36735523,1050153,3,1048320,65536,45,7,9,9
35,36735523,1050153,4,4129792,65536,45,7,9,9
35,36735523,1050153,5,27812352,4096,31,7,9,9
35,36735523,1050153,6,16271616,4096,31,7,9,9
35,36735523,1050153,7,34107136,4096,22,6,9,9
35,36735523,1050153,8,13641728,16384,16,4,9,9
35,36735523,1050153,9,19943424,16384,15,3,9,9
35,36735523,1050153,10,9381632,65536,12,2,9,9
35,36735523,1050153,11,12591104,256,5,3,9,9
35,36735523,1050153,12,16797952,16384,16,4,9,9
35,36735523,1050153,13,28858880,4096,45,7,9,9
35,36735523,1050153,14,1540096,65536,45,7,9,9
35,36735523,1050153,15,27813888,1024,31,7,9,9
35,36735523,1050153,16,19943424,256,1,1,9,9
35,36735523,1050153,17,12591104,1024,5,3,9,9
36,37785676,1053728,0,33055744,1024,11,3,6,6
37,38839404,1047692,0,5243648,65536,105,17,10,10
37,38839404,1047692,1,5177856,65536,105,17,10,10
37,38839404,1047692,2,36208640,1024,1,1,10,10
37,38839404,1047692,3,5767168,1024,16,4,10,10
37,38839404,1047692,4,4195584,256,13,3,10,10
38,39887096,1050095,0,3080960,65536,182,30,9,9
38,39887096,1050095,1,3638272,65536,145,23,9,9
38,39887096,1050095,2,16797952,4096,72,16,9,9
38,39887096,1050095,3,28852736,16384,60,10,9,9
38,39887096,1050095,4,1048320,65536,60,10,9,9
38,39887096,1050095,5,13641728,16384,49,9,9,9
38,39887096,1050095,6,27812352,4096,41,9,9,9
38,39887096,1050095,7,16271616,4096,41,9,9,9
38,39887096,1050095,8,34637312,65536,37,7,9,9
38,39887096,1050095,9,19943424,16384,15,3,9,9
38,39887096,1050095,10,34107136,4096,15,3,9,9
38,39887096,1050095,11,24139264,256,12,4,9,9
38,39887096,1050095,12,3130112,16384,145,23,9,9
38,39887096,1050095,13,4129792,65536,60,10,9,9
38,39887096,1050095,14,16797952,16384,12,2,9,9
38,39887096,1050095,15,28858880,4096,60,10,9,9
38,39887096,1050095,16,1540096,65536,60,10,9,9
38,39887096,1050095,17,27813888,1024,41,9,9,9
38,39887096,1050095,18,16732160,65536,15,3,9,9
38,39887096,1050095,19,34637312,1024,6,2,9,9
38,39887096,1050095,20,24139264,1024,12,4,9,9
39,40937191,1049210,0,33055744,1024,6,2,6,6
39,40937191,1049210,1,31484928,256,1,1,6,6
40,41986401,1048172,0,5243648,65536,24,4,10,10
40,41986401,1048172,1,5177856,65536,24,4,10,10
40,41986401,1048172,2,39361024,4096,10,2,10,10
40,41986401,1048172,3,5759488,16384,24,4,10,10
40,41986401,1048172,4,4195584,256,5,1,10,10
41,43034573,1047746,0,5759488,16384,47,9,10,10
41,43034573,1047746,1,42508288,4096,45,9,10,10
41,43034573,1047746,2,4195584,256,8,2,10,10
41,43034573,1047746,3,36208640,1024,7,3,10,10
41,43034573,1047746,4,5767168,1024,11,3,10,10
41,43034573,1047746,5,42968832,65536,45,7,10,10
41,43034573,1047746,6,4195584,1024,8,2,10,10
42,44082319,1047797,0,4129792,65536,29,5,9,9
42,44082319,1047797,1,2097920,16384,29,5,9,9
42,44082319,1047797,2,28852736,16384,29,5,9,9
42,44082319,1047797,3,1048320,65536,29,5,9,9
42,44082319,1047797,4,16797952,4096,26,6,9,9
42,44082319,1047797,5,27812352,4096,21,5,9,9
42,44082319,1047797,6,16271616,4096,21,5,9,9
42,44082319,1047797,7,40920576,16384,15,3,9,9
42,44082319,1047797,8,34107136,4096,15,3,9,9
42,44082319,1047797,9,34637312,1024,10,4,9,9
42,44082319,1047797,10,24139264,256,6,2,9,9
42,44082319,1047797,11,13641728,16384,5,1,9,9
42,44082319,1047797,12,3146752,256,13,3,9,9
42,44082319,1047797,13,28858880,4096,29,5,9,9
42,44082319,1047797,14,1540096,65536,29,5,9,9
42,44082319,1047797,15,16797952,16384,5,1,9,9
42,44082319,1047797,16,27813888,1024,21,5,9,9
42,44082319,1047797,17,24139264,1024,6,2,9,9
43,45130116,1046219,0,16797952,4096,95,21,9,9
43,45130116,1046219,1,44573440,65536,70,12,9,9
43,45130116,1046219,2,4129792,65536,45,7,9,9
43,45130116,1046219,3,2097920,16384,45,7,9,9
43,45130116,1046219,4,27812352,4096,46,10,9,9
43,45130116,1046219,5,16271616,4096,46,10,9,9
43,45130116,1046219,6,28852736,16384,45,7,9,9
43,45130116,1046219,7,1048320,65536,45,7,9,9
43,45130116,1046219,8,40379136,65536,21,3,9,9
43,45130116,1046219,9,34637312,65536,21,3,9,9
43,45130116,1046219,10,13641728,16384,21,3,9,9
43,45130116,1046219,11,523520,1024,10,4,9,9
43,45130116,1046219,12,44605696,1024,49,13,9,9
43,45130116,1046219,13,3662848,16384,24,4,9,9
43,45130116,1046219,14,3080960,65536,21,3,9,9
43,45130116,1046219,15,27813888,1024,46,10,9,9
43,45130116,1046219,16,16732160,65536,12,2,9,9
43,45130116,1046219,17,28858880,4096,45,7,9,9
43,45130116,1046219,18,1540096,65536,45,7,9,9
43,45130116,1046219,19,34637312,1024,6,2,9,9
43,45130116,1046219,20,523776,256,10,4,9,9
44,46176335,1051863,0,40937216,16384,27,5,6,6
44,46176335,1051863,1,33055744,1024,11,3,6,6
45,47228198,1048609,0,46669568,65536,56,10,6,6
45,47228198,1048609,1,40937216,16384,56,10,6,6
45,47228198,1048609,2,33055744,1024,6,2,6,6
45,47228198,1048609,3,31484928,256,4,2,6,6
45,47228198,1048609,4,46694144,16384,56,10,6,6
45,47228198,1048609,5,40937216,256,1,1,6,6
46,48276807,1049791,0,42968832,65536,76,14,10,10
46,48276807,1049791,1,5759488,16384,20,4,10,10
46,48276807,1049791,2,43556352,4096,18,4,10,10
46,48276807,1049791,3,43017984,16384,76,14,10,10
46,48276807,1049791,4,5243648,4096,5,1,10,10
47,49326598,1048518,0,42968832,65536,96,16,10,10
47,49326598,1048518,1,5759488,16384,41,7,10,10
47,49326598,1048518,2,43556352,4096,22,6,10,10
47,49326598,1048518,3,43017984,16384,96,16,10,10
48,50375116,1054429,0,46669568,65536,54,8,6,6
48,50375116,1054429,1,48260352,16384,54,8,6,6
48,50375116,1054429,2,40937216,16384,54,8,6,6
48,50375116,1054429,3,33055744,1024,5,1,6,6
48,50375116,1054429,4,46694144,16384,54,8,6,6
48,50375116,1054429,5,47719680,65536,21,3,6,6
49,51429545,1048619,0,46669568,65536,76,14,6,6
49,51429545,1048619,1,48260352,16384,76,14,6,6
49,51429545,1048619,2,40937216,16384,76,14,6,6
49,51429545,1048619,3,46694144,16384,76,14,6,6
50,52478164,1048664,0,42508288,4096,98,22,10,10
50,52478164,1048664,1,43556352,4096,21,5,10,10
50,52478164,1048664,2,36208640,1024,3,1,10,10
50,52478164,1048664,3,42968832,65536,54,10,10,10
51,53526828,1047831,0,46669568,65536,24,4,6,6
51,53526828,1047831,1,40937216,16384,24,4,6,6
51,53526828,1047831,2,48260352,16384,24,4,6,6
51,53526828,1047831,3,50375168,256,1,1,6,6
51,53526828,1047831,4,31484928,256,1,1,6,6
51,53526828,1047831,5,46694144,16384,24,4,6,6
51,53526828,1047831,6,47228416,16384,12,2,6,6
52,54574659,1048408,0,42968832,65536,88,16,10,10
52,54574659,1048408,1,53000448,4096,39,9,10,10
52,54574659,1048408,2,43556352,4096,39,9,10,10
52,54574659,1048408,3,43017984,16384,88,16,10,10
53,55623067,1050822,0,42508288,4096,35,9,10,10
53,55623067,1050822,1,53000448,4096,13,3,10,10
53,55623067,1050822,2,43556352,4096,13,3,10,10
53,55623067,1050822,3,5759488,16384,12,2,10,10
53,55623067,1050822,4,55098368,1024,6,2,10,10
53,55623067,1050822,5,36208640,1024,3,1,10,10
53,55623067,1050822,6,42968832,65536,21,3,10,10
53,55623067,1050822,7,5243648,4096,5,1,10,10
53,55623067,1050822,8,55621888,1024,3,1,10,10
54,56673889,1049159,0,42968832,65536,136,24,10,10
54,56673889,1049159,1,56115712,65536,21,3,10,10
54,56673889,1049159,2,53000448,4096,18,4,10,10
54,56673889,1049159,3,43556352,4096,18,4,10,10
54,56673889,1049159,4,55098368,1024,6,2,10,10
54,56673889,1049159,5,5243648,4096,5,1,10,10
54,56673889,1049159,6,43017984,16384,136,24,10,10
54,56673889,1049159,7,55623168,256,5,1,10,10
55,57723048,1049196,0,42968832,65536,99,17,10,10
55,57723048,1049196,1,53000448,4096,26,6,10,10
55,57723048,1049196,2,43556352,4096,26,6,10,10
55,57723048,1049196,3,56115712,65536,12,2,10,10
55,57723048,1049196,4,55096832,4096,8,2,10,10
55,57723048,1049196,5,5243648,4096,9,3,10,10
55,57723048,1049196,6,43017984,16384,99,17,10,10
55,57723048,1049196,7,55623168,256,3,1,10,10
55,57723048,1049196,8,55098368,1024,3,1,10,10
56,58772244,1044753,0,47719680,65536,48,8,6,6
56,58772244,1044753,1,46669568,65536,47,9,6,6
56,58772244,1044753,2,40937216,16384,47,9,6,6
56,58772244,1044753,3,48260352,16384,47,9,6,6
56,58772244,1044753,4,46694144,16384,47,9,6,6
57,59816997,1047586,0,42508288,4096,49,11,10,10
57,59816997,1047586,1,56115712,65536,42,6,10,10
57,59816997,1047586,2,53000448,4096,31,7,10,10
57,59816997,1047586,3,43556352,4096,31,7,10,10
57,59816997,1047586,4,56674048,65536,24,4,10,10
57,59816997,1047586,5,58214912,65536,24,4,10,10
57,59816997,1047586,6,5759488,16384,15,3,10,10
57,59816997,1047586,7,55098368,1024,3,1,10,10
57,59816997,1047586,8,42968832,65536,36,6,10,10
57,59816997,1047586,9,57165568,65536,21,3,10,10
57,59816997,1047586,10,58239488,16384,24,4,10,10
58,60864583,1045525,0,46669568,65536,61,11,6,6
58,60864583,1045525,1,48260352,16384,61,11,6,6
58,60864583,1045525,2,40937216,16384,61,11,6,6
58,60864583,1045525,3,31484928,256,3,1,6,6
58,60864583,1045525,4,46694144,16384,61,11,6,6
59,61910108,1051779,0,42508288,4096,66,16,10,10
59,61910108,1051779,1,53000448,4096,38,10,10,10
59,61910108,1051779,2,43556352,4096,38,10,10,10
59,61910108,1051779,3,56115712,65536,24,4,10,10
59,61910108,1051779,4,38839552,65536,21,3,10,10
59,61910108,1051779,5,55096832,4096,5,1,10,10
59,61910108,1051779,6,5759488,16384,5,1,10,10
59,61910108,1051779,7,42968832,65536,49,9,10,10
60,62961887,1052056,0,46669568,65536,42,8,6,6
60,62961887,1052056,1,48260352,16384,42,8,6,6
60,62961887,1052056,2,40937216,16384,42,8,6,6
60,62961887,1052056,3,33055744,1024,6,2,6,6
60,62961887,1052056,4,46694144,16384,42,8,6,6
61,64013943,1049996,0,42508288,4096,60,12,10,10
61,64013943,1049996,1,57165568,65536,21,3,10,10
61,64013943,1049996,2,62403072,65536,12,2,10,10
61,64013943,1049996,3,56115712,65536,12,2,10,10
61,64013943,1049996,4,53000448,4096,10,2,10,10
61,64013943,1049996,5,43556352,4096,10,2,10,10
61,64013943,1049996,6,42968832,65536,27,5,10,10
61,64013943,1049996,7,62435328,1024,7,3,10,10
62,65063939,1049331,0,65047552,16384,60,10,10,10
62,65063939,1049331,1,42968832,65536,48,8,10,10
62,65063939,1049331,2,53000448,4096,26,6,10,10
62,65063939,1049331,3,43556352,4096,26,6,10,10
62,65063939,1049331,4,62435328,1024,6,2,10,10
62,65063939,1049331,5,55096832,4096,5,1,10,10
62,65063939,1049331,6,5243648,4096,5,1,10,10
62,65063939,1049331,7,43017984,16384,48,8,10,10
62,65063939,1049331,8,55098368,1024,3,1,10,10
63,66113270,1048925,0,42968832,65536,72,12,10,10
63,66113270,1048925,1,53000448,4096,32,8,10,10
63,66113270,1048925,2,43556352,4096,32,8,10,10
63,66113270,1048925,3,62403072,65536,25,5,10,10
63,66113270,1048925,4,56115712,65536,25,5,10,10
63,66113270,1048925,5,5759488,16384,12,2,10,10
63,66113270,1048925,6,64530688,16384,12,2,10,10
63,66113270,1048925,7,55098368,1024,5,3,10,10
63,66113270,1048925,8,43017984,16384,72,12,10,10
63,66113270,1048925,9,62435328,1024,11,5,10,10
64,67162195,1048801,0,42508288,4096,96,22,10,10
64,67162195,1048801,1,66113280,65536,78,14,10,10
64,67162195,1048801,2,62403072,65536,33,5,10,10
64,67162195,1048801,3,56115712,65536,33,5,10,10
64,67162195,1048801,4,53000448,4096,30,6,10,10
64,67162195,1048801,5,43556352,4096,30,6,10,10
64,67162195,1048801,6,64530688,16384,12,2,10,10
64,67162195,1048801,7,5759488,16384,12,2,10,10
64,67162195,1048801,8,36208640,1024,10,4,10,10
64,67162195,1048801,9,42968832,65536,78,14,10,10
64,67162195,1048801,10,66113280,4096,26,6,10,10
64,67162195,1048801,11,62435328,1024,3,1,10,10
65,68210996,1049294,0,67162368,16384,111,17,10,10
65,68210996,1049294,1,42968832,65536,111,17,10,10
65,68210996,1049294,2,66113280,65536,111,17,10,10
65,68210996,1049294,3,36208640,1024,9,3,10,10
65,68210996,1049294,4,62435328,1024,7,3,10,10
65,68210996,1049294,5,55096832,4096,5,1,10,10
65,68210996,1049294,6,53000448,4096,5,1,10,10
65,68210996,1049294,7,43556352,4096,5,1,10,10
65,68210996,1049294,8,67162368,65536,111,17,10,10
65,68210996,1049294,9,43017984,16384,111,17,10,10
65,68210996,1049294,10,66113280,4096,35,9,10,10
66,69260290,1048631,0,68145408,65536,72,12,10,10
66,69260290,1048631,1,42508288,4096,45,9,10,10
66,69260290,1048631,2,62403072,65536,42,6,10,10
66,69260290,1048631,3,56115712,65536,42,6,10,10
66,69260290,1048631,4,66113280,4096,30,6,10,10
66,69260290,1048631,5,43556352,4096,25,5,10,10
66,69260290,1048631,6,53000448,4096,25,5,10,10
66,69260290,1048631,7,68727552,16384,12,2,10,10
66,69260290,1048631,8,5243648,4096,5,1,10,10
66,69260290,1048631,9,26242304,256,4,2,10,10
66,69260290,1048631,10,55098368,1024,4,2,10,10
66,69260290,1048631,11,67162368,16384,30,6,10,10
66,69260290,1048631,12,42968832,65536,30,6,10,10
66,69260290,1048631,13,62435328,1024,10,4,10,10
66,69260290,1048631,14,66113280,65536,30,6,10,10
66,69260290,1048631,15,26242304,1024,4,2,10,10
67,70308921,1050169,0,68145408,65536,153,23,10,10
67,70308921,1050169,1,66113280,65536,99,15,10,10
67,70308921,1050169,2,42968832,65536,99,15,10,10
67,70308921,1050169,3,70292480,16384,54,8,10,10
67,70308921,1050169,4,62403072,65536,54,8,10,10
67,70308921,1050169,5,56115712,65536,54,8,10,10
67,70308921,1050169,6,43556352,4096,49,11,10,10
67,70308921,1050169,7,53000448,4096,49,11,10,10
67,70308921,1050169,8,55098368,1024,6,2,10,10
67,70308921,1050169,9,67162368,16384,99,15,10,10
67,70308921,1050169,10,66113280,4096,46,10,10,10
67,70308921,1050169,11,43017984,16384,99,15,10,10
67,70308921,1050169,12,69784064,1024,3,1,10,10
68,71359090,1054090,0,68145408,65536,81,13,10,10
68,71359090,1054090,1,70292480,16384,54,8,10,10
68,71359090,1054090,2,56115712,65536,54,8,10,10
68,71359090,1054090,3,62403072,65536,54,8,10,10
68,71359090,1054090,4,42508288,4096,51,11,10,10
68,71359090,1054090,5,70309120,16384,27,5,10,10
68,71359090,1054090,6,66113280,65536,27,5,10,10
68,71359090,1054090,7,57165568,65536,25,5,10,10
68,71359090,1054090,8,53000448,4096,18,4,10,10
68,71359090,1054090,9,43556352,4096,18,4,10,10
68,71359090,1054090,10,5759488,16384,12,2,10,10
68,71359090,1054090,11,64530688,16384,12,2,10,10
68,71359090,1054090,12,67162368,16384,27,5,10,10
68,71359090,1054090,13,69260544,1024,4,2,10,10
68,71359090,1054090,14,62435328,1024,3,1,10,10
68,71359090,1054090,15,42968832,65536,27,5,10,10
68,71359090,1054090,16,70309120,4096,18,4,10,10
68,71359090,1054090,17,66604800,65536,25,5,10,10
68,71359090,1054090,18,5243648,4096,9,3,10,10
69,72413180,1048830,0,40937216,16384,92,18,6,6
69,72413180,1048830,1,48260352,16384,92,18,6,6
69,72413180,1048830,2,46669568,65536,92,18,6,6
69,72413180,1048830,3,33055744,1024,7,3,6,6
69,72413180,1048830,4,47719680,65536,42,6,6,6
69,72413180,1048830,5,46694144,16384,92,18,6,6
70,73462010,1043106,0,68145408,65536,114,18,10,10
70,73462010,1043106,1,66113280,65536,81,13,10,10
70,73462010,1043106,2,42968832,65536,81,13,10,10
70,73462010,1043106,3,70309120,16384,81,13,10,10
70,73462010,1043106,4,71853312,65536,81,13,10,10
70,73462010,1043106,5,53000448,4096,42,10,10,10
70,73462010,1043106,6,43556352,4096,42,10,10,10
70,73462010,1043106,7,62403072,65536,33,5,10,10
70,73462010,1043106,8,70292480,16384,33,5,10,10
70,73462010,1043106,9,56115712,65536,33,5,10,10
70,73462010,1043106,10,55096832,4096,17,3,10,10
70,73462010,1043106,11,5759488,16384,17,3,10,10
70,73462010,1043106,12,67162368,16384,81,13,10,10
70,73462010,1043106,13,66113280,4096,24,6,10,10
70,73462010,1043106,14,43017984,16384,81,13,10,10
70,73462010,1043106,15,70309120,4096,42,10,10,10
70,73462010,1043106,16,62435328,1024,4,2,10,10
70,73462010,1043106,17,69260544,1024,3,1,10,10
70,73462010,1043106,18,55098368,1024,4,2,10,10
71,74505116,1045745,0,42508288,4096,42,10,10,10
71,74505116,1045745,1,68145408,65536,36,6,10,10
71,74505116,1045745,2,62403072,65536,21,3,10,10
71,74505116,1045745,3,56674048,65536,21,3,10,10
71,74505116,1045745,4,70292480,16384,21,3,10,10
71,74505116,1045745,5,56115712,65536,21,3,10,10
71,74505116,1045745,6,58214912,65536,21,3,10,10
71,74505116,1045745,7,66113280,4096,18,4,10,10
71,74505116,1045745,8,71853312,65536,15,3,10,10
71,74505116,1045745,9,70309120,16384,15,3,10,10
71,74505116,1045745,10,53000448,4096,13,3,10,10
71,74505116,1045745,11,43556352,4096,13,3,10,10
71,74505116,1045745,12,42968832,65536,15,3,10,10
71,74505116,1045745,13,67162368,16384,15,3,10,10
71,74505116,1045745,14,57165568,65536,5,1,10,10
71,74505116,1045745,15,69260544,1024,3,1,10,10
71,74505116,1045745,16,58239488,16384,21,3,10,10
71,74505116,1045745,17,66113280,65536,15,3,10,10
71,74505116,1045745,18,71359232,1024,3,1,10,10
71,74505116,1045745,19,70309120,4096,13,3,10,10
72,75550861,1049284,0,67162368,16384,66,10,10,10
72,75550861,1049284,1,66113280,65536,66,10,10,10
72,75550861,1049284,2,42968832,65536,66,10,10,10
72,75550861,1049284,3,71853312,65536,66,10,10,10
72,75550861,1049284,4,70309120,16384,66,10,10,10
72,75550861,1049284,5,53000448,4096,46,10,10,10
72,75550861,1049284,6,43556352,4096,46,10,10,10
72,75550861,1049284,7,74505216,65536,21,3,10,10
72,75550861,1049284,8,69260544,1024,5,1,10,10
72,75550861,1049284,9,36208640,1024,3,1,10,10
72,75550861,1049284,10,55098368,1024,3,1,10,10
72,75550861,1049284,11,67162368,65536,66,10,10,10
72,75550861,1049284,12,43017984,16384,66,10,10,10
72,75550861,1049284,13,70309120,4096,46,10,10,10
72,75550861,1049284,14,69260544,256,1,1,10,10
73,76600145,1049404,0,42508288,4096,28,6,10,10
73,76600145,1049404,1,64530688,16384,24,4,10,10
73,76600145,1049404,2,5759488,16384,24,4,10,10
73,76600145,1049404,3,66113280,4096,15,3,10,10
73,76600145,1049404,4,69784064,1024,6,2,10,10
73,76600145,1049404,5,53000448,4096,5,1,10,10
73,76600145,1049404,6,43556352,4096,5,1,10,10
73,76600145,1049404,7,70309120,4096,5,1,10,10
73,76600145,1049404,8,62435328,1024,3,1,10,10
73,76600145,1049404,9,36208640,1024,3,1,10,10
73,76600145,1049404,10,69260544,1024,3,1,10,10
74,77649549,1049401,0,73457664,4096,37,9,6,6
74,77649549,1049401,1,46669568,65536,24,4,6,6
74,77649549,1049401,2,48260352,16384,24,4,6,6
74,77649549,1049401,3,40937216,16384,24,4,6,6
74,77649549,1049401,4,33055744,1024,11,3,6,6
74,77649549,1049401,5,50375168,256,1,1,6,6
74,77649549,1049401,6,31484928,256,1,1,6,6
74,77649549,1049401,7,73460736,1024,37,9,6,6
74,77649549,1049401,8,46694144,16384,24,4,6,6
75,78698950,1050159,0,66113280,65536,99,17,10,10
75,78698950,1050159,1,42968832,65536,99,17,10,10
75,78698950,1050159,2,70309120,16384,99,17,10,10
75,78698950,1050159,3,67162368,16384,99,17,10,10
75,78698950,1050159,4,71853312,65536,99,17,10,10
75,78698950,1050159,5,64530688,16384,36,6,10,10
75,78698950,1050159,6,5759488,16384,36,6,10,10
75,78698950,1050159,7,57165568,65536,21,3,10,10
75,78698950,1050159,8,43556352,4096,9,3,10,10
75,78698950,1050159,9,53000448,4096,9,3,10,10
75,78698950,1050159,10,55098368,1024,8,4,10,10
75,78698950,1050159,11,66113280,4096,21,5,10,10
75,78698950,1050159,12,43017984,16384,99,17,10,10
75,78698950,1050159,13,70309120,4096,9,3,10,10
75,78698950,1050159,14,67162368,65536,99,17,10,10
75,78698950,1050159,15,5243648,4096,4,2,10,10
76,79749109,1047971,0,42508288,4096,47,11,10,10
76,79749109,1047971,1,53000448,4096,34,8,10,10
76,79749109,1047971,2,43556352,4096,34,8,10,10
76,79749109,1047971,3,70309120,4096,34,8,10,10
76,79749109,1047971,4,78699008,4096,33,5,10,10
76,79749109,1047971,5,66113280,65536,33,5,10,10
76,79749109,1047971,6,67162368,16384,33,5,10,10
76,79749109,1047971,7,71853312,65536,33,5,10,10
76,79749109,1047971,8,55098368,1024,3,1,10,10
76,79749109,1047971,9,42968832,65536,33,5,10,10
76,79749109,1047971,10,70309120,16384,33,5,10,10
76,79749109,1047971,11,78699008,16384,33,5,10,10
76,79749109,1047971,12,66113280,4096,10,2,10,10
76,79749109,1047971,13,67162368,65536,33,5,10,10
77,80797080,1048978,0,42508288,4096,85,21,10,10
77,80797080,1048978,1,66113280,65536,51,9,10,10
77,80797080,1048978,2,67162368,16384,51,9,10,10
77,80797080,1048978,3,78699008,4096,51,9,10,10
77,80797080,1048978,4,79749120,256,51,9,10,10
77,80797080,1048978,5,70309120,16384,51,9,10,10
77,80797080,1048978,6,71853312,65536,51,9,10,10
77,80797080,1048978,7,53000448,4096,40,10,10,10
77,80797080,1048978,8,43556352,4096,40,10,10,10
77,80797080,1048978,9,5759488,16384,28,6,10,10
77,80797080,1048978,10,64530688,16384,28,6,10,10
77,80797080,1048978,11,62403072,65536,24,4,10,10
77,80797080,1048978,12,42968832,65536,51,9,10,10
77,80797080,1048978,13,66113280,4096,16,4,10,10
77,80797080,1048978,14,68145408,65536,24,4,10,10
77,80797080,1048978,15,78699008,16384,51,9,10,10
77,80797080,1048978,16,79749120,1024,51,9,10,10
77,80797080,1048978,17,70309120,4096,40,10,10,10
77,80797080,1048978,18,62435328,1024,3,1,10,10
78,81846058,1049627,0,81780480,65536,104,18,10,10
78,81846058,1049627,1,42968832,65536,104,18,10,10
78,81846058,1049627,2,71853312,65536,104,18,10,10
78,81846058,1049627,3,66113280,65536,104,18,10,10
78,81846058,1049627,4,67162368,16384,104,18,10,10
78,81846058,1049627,5,79749120,256,104,18,10,10
78,81846058,1049627,6,78699008,4096,104,18,10,10
78,81846058,1049627,7,62403072,65536,45,7,10,10
78,81846058,1049627,8,70292480,16384,45,7,10,10
78,81846058,1049627,9,56115712,65536,45,7,10,10
78,81846058,1049627,10,64530688,16384,32,6,10,10
78,81846058,1049627,11,5759488,16384,32,6,10,10
78,81846058,1049627,12,43017984,16384,104,18,10,10
78,81846058,1049627,13,71359232,1024,4,2,10,10
78,81846058,1049627,14,66113280,4096,25,5,10,10
78,81846058,1049627,15,68145408,65536,45,7,10,10
78,81846058,1049627,16,79749120,1024,104,18,10,10
78,81846058,1049627,17,78699008,16384,104,18,10,10
78,81846058,1049627,18,69260544,1024,15,5,10,10
78,81846058,1049627,19,5243648,4096,3,1,10,10
79,82895685,1048835,0,2097920,16384,55,11,9,9
79,82895685,1048835,1,28852736,16384,55,11,9,9
79,82895685,1048835,2,1048320,65536,55,11,9,9
79,82895685,1048835,3,44573440,65536,55,11,9,9
79,82895685,1048835,4,4129792,65536,55,11,9,9
79,82895685,1048835,5,16797952,4096,38,8,9,9
79,82895685,1048835,6,27812352,4096,20,4,9,9
79,82895685,1048835,7,16271616,4096,20,4,9,9
79,82895685,1048835,8,34107136,4096,15,3,9,9
79,82895685,1048835,9,19943424,16384,12,2,9,9
79,82895685,1048835,10,0,1024,8,2,9,9
79,82895685,1048835,11,24139264,256,6,2,9,9
79,82895685,1048835,12,28858880,4096,55,11,9,9
79,82895685,1048835,13,1540096,65536,55,11,9,9
79,82895685,1048835,14,44605696,1024,3,1,9,9
79,82895685,1048835,15,27813888,1024,20,4,9,9
79,82895685,1048835,16,19943424,256,1,1,9,9
79,82895685,1048835,17,0,4096,8,2,9,9
79,82895685,1048835,18,24139264,1024,6,2,9,9
80,83944520,1045011,0,57165568,65536,42,6,10,10
80,83944520,1045011,1,66604800,65536,42,6,10,10
80,83944520,1045011,2,81846272,65536,39,7,10,10
80,83944520,1045011,3,81780480,65536,39,7,10,10
80,83944520,1045011,4,42968832,65536,39,7,10,10
80,83944520,1045011,5,67162368,16384,39,7,10,10
80,83944520,1045011,6,78699008,4096,39,7,10,10
80,83944520,1045011,7,79749120,256,39,7,10,10
80,83944520,1045011,8,69751808,65536,21,3,10,10
80,83944520,1045011,9,43556352,4096,15,3,10,10
80,83944520,1045011,10,5759488,16384,15,3,10,10
80,83944520,1045011,11,53000448,4096,15,3,10,10
80,83944520,1045011,12,66629376,16384,42,6,10,10
80,83944520,1045011,13,82362624,16384,15,3,10,10
80,83944520,1045011,14,43017984,16384,39,7,10,10
80,83944520,1045011,15,67686144,1024,1,1,10,10
80,83944520,1045011,16,78699008,16384,39,7,10,10
80,83944520,1045011,17,79749120,1024,39,7,10,10
80,83944520,1045011,18,69784064,1024,3,1,10,10
81,84989531,1048734,0,42508288,4096,58,14,10,10
81,84989531,1048734,1,53000448,4096,26,6,10,10
81,84989531,1048734,2,66113280,4096,26,6,10,10
81,84989531,1048734,3,43556352,4096,26,6,10,10
81,84989531,1048734,4,70309120,4096,26,6,10,10
81,84989531,1048734,5,81780480,65536,16,4,10,10
81,84989531,1048734,6,67162368,16384,16,4,10,10
81,84989531,1048734,7,79749120,256,16,4,10,10
81,84989531,1048734,8,81846272,65536,16,4,10,10
81,84989531,1048734,9,78699008,4096,16,4,10,10
81,84989531,1048734,10,84434176,65536,12,2,10,10
81,84989531,1048734,11,55096832,4096,12,2,10,10
81,84989531,1048734,12,42968832,65536,16,4,10,10
81,84989531,1048734,13,66113280,65536,16,4,10,10
81,84989531,1048734,14,68145408,65536,12,2,10,10
81,84989531,1048734,15,79749120,1024,16,4,10,10
81,84989531,1048734,16,78699008,16384,16,4,10,10
81,84989531,1048734,17,84466944,256,1,1,10,10
81,84989531,1048734,18,55098368,1024,2,2,10,10
82,86038265,1049376,0,42508288,4096,52,12,10,10
82,86038265,1049376,1,86021632,16384,46,8,10,10
82,86038265,1049376,2,53000448,4096,26,6,10,10
82,86038265,1049376,3,70309120,4096,26,6,10,10
82,86038265,1049376,4,43556352,4096,26,6,10,10
82,86038265,1049376,5,66113280,4096,15,3,10,10
82,86038265,1049376,6,82362624,16384,12,2,10,10
82,86038265,1049376,7,5759488,16384,12,2,10,10
82,86038265,1049376,8,64530688,16384,12,2,10,10
82,86038265,1049376,9,62435328,1024,4,2,10,10
82,86038265,1049376,10,69784064,1024,3,1,10,10
82,86038265,1049376,11,83944704,256,3,1,10,10
83,87087641,1048959,0,42968832,65536,78,14,10,10
83,87087641,1048959,1,81780480,65536,78,14,10,10
83,87087641,1048959,2,81846272,65536,78,14,10,10
83,87087641,1048959,3,78699008,4096,78,14,10,10
83,87087641,1048959,4,66113280,65536,78,14,10,10
83,87087641,1048959,5,67162368,16384,78,14,10,10
83,87087641,1048959,6,79749120,256,78,14,10,10
83,87087641,1048959,7,84434176,65536,42,6,10,10
83,87087641,1048959,8,62403072,65536,42,6,10,10
83,87087641,1048959,9,85480960,65536,42,6,10,10
83,87087641,1048959,10,70292480,16384,42,6,10,10
83,87087641,1048959,11,56115712,65536,42,6,10,10
83,87087641,1048959,12,43017984,16384,78,14,10,10
83,87087641,1048959,13,82362624,16384,20,4,10,10
83,87087641,1048959,14,78699008,16384,78,14,10,10
83,87087641,1048959,15,66604800,65536,24,4,10,10
83,87087641,1048959,16,68145408,65536,42,6,10,10
83,87087641,1048959,17,79749120,1024,78,14,10,10
84,88136600,1048261,0,87087872,4096,58,10,10,10
84,88136600,1048261,1,42508288,4096,49,13,10,10
84,88136600,1048261,2,66113280,65536,45,7,10,10
84,88136600,1048261,3,81780480,65536,45,7,10,10
84,88136600,1048261,4,81846272,65536,45,7,10,10
84,88136600,1048261,5,67162368,16384,45,7,10,10
84,88136600,1048261,6,79749120,1024,45,7,10,10
84,88136600,1048261,7,86021632,16384,25,5,10,10
84,88136600,1048261,8,57165568,65536,21,3,10,10
84,88136600,1048261,9,43556352,4096,14,4,10,10
84,88136600,1048261,10,53000448,4096,14,4,10,10
84,88136600,1048261,11,70309120,4096,14,4,10,10
84,88136600,1048261,12,87087872,16384,45,7,10,10
84,88136600,1048261,13,42968832,65536,45,7,10,10
84,88136600,1048261,14,66113280,4096,25,7,10,10
84,88136600,1048261,15,81846272,4096,8,2,10,10
84,88136600,1048261,16,68145408,65536,12,2,10,10
84,88136600,1048261,17,79749120,4096,45,7,10,10
84,88136600,1048261,18,85480960,65536,12,2,10,10
85,89184861,1050339,0,87087872,4096,57,11,10,10
85,89184861,1050339,1,88136704,16384,52,10,10,10
85,89184861,1050339,2,81846272,65536,52,10,10,10
85,89184861,1050339,3,79749120,4096,52,10,10,10
85,89184861,1050339,4,81780480,65536,52,10,10,10
85,89184861,1050339,5,42968832,65536,52,10,10,10
85,89184861,1050339,6,67162368,16384,52,10,10,10
85,89184861,1050339,7,66113280,4096,37,11,10,10
85,89184861,1050339,8,43556352,4096,23,5,10,10
85,89184861,1050339,9,53000448,4096,23,5,10,10
85,89184861,1050339,10,70309120,4096,23,5,10,10
85,89184861,1050339,11,57165568,65536,21,3,10,10
85,89184861,1050339,12,87087872,16384,52,10,10,10
85,89184861,1050339,13,88136704,65536,52,10,10,10
85,89184861,1050339,14,82362624,16384,8,2,10,10
85,89184861,1050339,15,79749120,16384,52,10,10,10
85,89184861,1050339,16,43017984,16384,52,10,10,10
85,89184861,1050339,17,67686144,1024,6,2,10,10
85,89184861,1050339,18,66604800,65536,21,3,10,10
86,90235200,1048918,0,42968832,65536,91,17,10,10
86,90235200,1048918,1,81780480,65536,91,17,10,10
86,90235200,1048918,2,81846272,65536,91,17,10,10
86,90235200,1048918,3,87087872,4096,91,17,10,10
86,90235200,1048918,4,67162368,16384,91,17,10,10
86,90235200,1048918,5,79749120,4096,91,17,10,10
86,90235200,1048918,6,88136704,16384,91,17,10,10
86,90235200,1048918,7,66113280,4096,28,6,10,10
86,90235200,1048918,8,76600320,65536,24,4,10,10
86,90235200,1048918,9,43556352,4096,17,5,10,10
86,90235200,1048918,10,53000448,4096,17,5,10,10
86,90235200,1048918,11,70309120,4096,17,5,10,10
86,90235200,1048918,12,43017984,16384,91,17,10,10
86,90235200,1048918,13,87087872,16384,91,17,10,10
86,90235200,1048918,14,67686144,1024,3,1,10,10
86,90235200,1048918,15,79749120,16384,91,17,10,10
86,90235200,1048918,16,88136704,65536,91,17,10,10
88,92334574,1044990,0,91284224,1024,27,5,8,8
88,92334574,1044990,1,91284224,4096,21,3,8,8
89,93379564,1048442,0,87087872,4096,53,9,10,10
89,93379564,1048442,1,81780480,65536,48,8,10,10
89,93379564,1048442,2,67162368,16384,48,8,10,10
89,93379564,1048442,3,42968832,65536,48,8,10,10
89,93379564,1048442,4,88136704,16384,48,8,10,10
89,93379564,1048442,5,81846272,65536,48,8,10,10
89,93379564,1048442,6,79749120,4096,48,8,10,10
89,93379564,1048442,7,70292480,16384,42,6,10,10
89,93379564,1048442,8,84434176,65536,42,6,10,10
89,93379564,1048442,9,62403072,65536,42,6,10,10
89,93379564,1048442,10,56115712,65536,42,6,10,10
89,93379564,1048442,11,85480960,65536,42,6,10,10
89,93379564,1048442,12,87087872,16384,48,8,10,10
89,93379564,1048442,13,68145408,65536,42,6,10,10
89,93379564,1048442,14,43017984,16384,48,8,10,10
89,93379564,1048442,15,88136704,65536,48,8,10,10
89,93379564,1048442,16,82362624,16384,19,3,10,10
89,93379564,1048442,17,79749120,16384,48,8,10,10
90,94428006,1047516,0,87087872,4096,124,24,10,10
90,94428006,1047516,1,81780480,65536,102,18,10,10
90,94428006,1047516,2,42968832,65536,102,18,10,10
90,94428006,1047516,3,81846272,65536,102,18,10,10
90,94428006,1047516,4,67162368,16384,102,18,10,10
90,94428006,1047516,5,88136704,16384,102,18,10,10
90,94428006,1047516,6,79749120,4096,102,18,10,10
90,94428006,1047516,7,90757632,4096,59,13,10,10
90,94428006,1047516,8,5759488,16384,24,4,10,10
90,94428006,1047516,9,64530688,16384,24,4,10,10
90,94428006,1047516,10,56674048,65536,15,3,10,10
90,94428006,1047516,11,58214912,65536,15,3,10,10
90,94428006,1047516,12,87087872,16384,102,18,10,10
90,94428006,1047516,13,43017984,16384,102,18,10,10
90,94428006,1047516,14,82362624,16384,24,4,10,10
90,94428006,1047516,15,88136704,65536,102,18,10,10
90,94428006,1047516,16,79749120,16384,102,18,10,10
91,95475522,1047783,0,87087872,4096,98,18,10,10
91,95475522,1047783,1,94918912,65536,93,17,10,10
91,95475522,1047783,2,81780480,65536,93,17,10,10
91,95475522,1047783,3,81846272,65536,93,17,10,10
91,95475522,1047783,4,42968832,65536,93,17,10,10
91,95475522,1047783,5,88136704,16384,93,17,10,10
91,95475522,1047783,6,79749120,4096,93,17,10,10
91,95475522,1047783,7,68145408,65536,33,5,10,10
91,95475522,1047783,8,84434176,65536,33,5,10,10
91,95475522,1047783,9,62403072,65536,33,5,10,10
91,95475522,1047783,10,85480960,65536,33,5,10,10
91,95475522,1047783,11,70292480,16384,33,5,10,10
91,95475522,1047783,12,87087872,16384,93,17,10,10
91,95475522,1047783,13,94428160,65536,33,5,10,10
91,95475522,1047783,14,43017984,16384,93,17,10,10
91,95475522,1047783,15,88136704,65536,93,17,10,10
91,95475522,1047783,16,79749120,16384,93,17,10,10
91,95475522,1047783,17,86021632,16384,12,2,10,10
92,96523305,1048709,0,42508288,4096,66,16,10,10
92,96523305,1048709,1,87087872,4096,66,12,10,10
92,96523305,1048709,2,94918912,65536,51,9,10,10
92,96523305,1048709,3,81780480,65536,51,9,10,10
92,96523305,1048709,4,79749120,4096,51,9,10,10
92,96523305,1048709,5,81846272,65536,51,9,10,10
92,96523305,1048709,6,88136704,16384,51,9,10,10
92,96523305,1048709,7,66113280,4096,36,8,10,10
92,96523305,1048709,8,43556352,4096,33,9,10,10
92,96523305,1048709,9,53000448,4096,33,9,10,10
92,96523305,1048709,10,70309120,4096,33,9,10,10
92,96523305,1048709,11,90757632,4096,33,7,10,10
92,96523305,1048709,12,42968832,65536,51,9,10,10
92,96523305,1048709,13,87087872,16384,51,9,10,10
92,96523305,1048709,14,94428160,65536,33,5,10,10
92,96523305,1048709,15,79749120,16384,51,9,10,10
92,96523305,1048709,16,82362624,16384,29,5,10,10
92,96523305,1048709,17,88136704,65536,51,9,10,10
93,97572014,1047722,0,87087872,4096,82,14,10,10
93,97572014,1047722,1,42968832,65536,72,12,10,10
93,97572014,1047722,2,81846272,65536,72,12,10,10
93,97572014,1047722,3,81780480,65536,72,12,10,10
93,97572014,1047722,4,94918912,65536,72,12,10,10
93,97572014,1047722,5,88136704,16384,72,12,10,10
93,97572014,1047722,6,79749120,4096,72,12,10,10
93,97572014,1047722,7,70309120,4096,37,9,10,10
93,97572014,1047722,8,53000448,4096,37,9,10,10
93,97572014,1047722,9,43556352,4096,37,9,10,10
93,97572014,1047722,10,86021632,16384,24,4,10,10
93,97572014,1047722,11,90757632,4096,23,5,10,10
93,97572014,1047722,12,87087872,16384,72,12,10,10
93,97572014,1047722,13,43017984,16384,72,12,10,10
93,97572014,1047722,14,88136704,65536,72,12,10,10
93,97572014,1047722,15,79749120,16384,72,12,10,10
94,98619736,1047395,0,87087872,4096,57,11,10,10
94,98619736,1047395,1,42508288,4096,55,11,10,10
94,98619736,1047395,2,90757632,4096,45,9,10,10
94,98619736,1047395,3,94918912,65536,33,5,10,10
94,98619736,1047395,4,81846272,65536,33,5,10,10
94,98619736,1047395,5,97572096,16384,33,5,10,10
94,98619736,1047395,6,81780480,65536,33,5,10,10
94,98619736,1047395,7,79749120,16384,33,5,10,10
94,98619736,1047395,8,88136704,16384,33,5,10,10
94,98619736,1047395,9,68145408,65536,24,4,10,10
94,98619736,1047395,10,56115712,65536,24,4,10,10
94,98619736,1047395,11,84434176,65536,24,4,10,10
94,98619736,1047395,12,87087872,16384,33,5,10,10
94,98619736,1047395,13,42968832,65536,33,5,10,10
94,98619736,1047395,14,94428160,65536,24,4,10,10
94,98619736,1047395,15,88136704,65536,33,5,10,10
95,99667131,1048501,0,42508288,4096,72,16,10,10
95,99667131,1048501,1,87087872,4096,70,14,10,10
95,99667131,1048501,2,81846272,65536,66,12,10,10
95,99667131,1048501,3,97572096,16384,66,12,10,10
95,99667131,1048501,4,81780480,65536,66,12,10,10
95,99667131,1048501,5,79749120,16384,66,12,10,10
95,99667131,1048501,6,94918912,65536,66,12,10,10
95,99667131,1048501,7,88136704,16384,66,12,10,10
95,99667131,1048501,8,98619904,65536,42,6,10,10
95,99667131,1048501,9,43556352,4096,39,9,10,10
95,99667131,1048501,10,53000448,4096,39,9,10,10
95,99667131,1048501,11,70309120,4096,39,9,10,10
95,99667131,1048501,12,42968832,65536,66,12,10,10
95,99667131,1048501,13,87087872,16384,66,12,10,10
96,100715632,1046864,0,100649984,65536,107,17,10,10
96,100715632,1046864,1,70292480,16384,107,17,10,10
96,100715632,1046864,2,62403072,65536,107,17,10,10
96,100715632,1046864,3,94428160,65536,107,17,10,10
96,100715632,1046864,4,56115712,65536,107,17,10,10
96,100715632,1046864,5,84434176,65536,107,17,10,10
96,100715632,1046864,6,85480960,65536,107,17,10,10
96,100715632,1046864,7,68145408,65536,107,17,10,10
96,100715632,1046864,8,42508288,4096,69,15,10,10
96,100715632,1046864,9,64530688,16384,68,12,10,10
96,100715632,1046864,10,82362624,16384,68,12,10,10
96,100715632,1046864,11,5759488,16384,68,12,10,10
96,100715632,1046864,12,100183040,16384,24,4,10,10
96,100715632,1046864,13,94918912,65536,24,4,10,10
96,100715632,1046864,14,42968832,65536,24,4,10,10
96,100715632,1046864,15,81846272,65536,24,4,10,10
97,101762496,1047087,0,87087872,4096,172,34,10,10
97,101762496,1047087,1,100699136,16384,154,28,10,10
97,101762496,1047087,2,68145408,65536,144,22,10,10
97,101762496,1047087,3,62403072,65536,144,22,10,10
97,101762496,1047087,4,70292480,16384,144,22,10,10
97,101762496,1047087,5,84434176,65536,144,22,10,10
97,101762496,1047087,6,94428160,65536,144,22,10,10
97,101762496,1047087,7,85480960,65536,144,22,10,10
97,101762496,1047087,8,56115712,65536,144,22,10,10
97,101762496,1047087,9,42968832,65536,128,22,10,10
97,101762496,1047087,10,97572096,16384,128,22,10,10
97,101762496,1047087,11,81846272,65536,128,22,10,10
97,101762496,1047087,12,87087872,16384,128,22,10,10
97,101762496,1047087,13,100649984,65536,144,22,10,10
97,101762496,1047087,14,43017984,16384,128,22,10,10
98,102809583,1052458,0,42508288,4096,93,19,10,10
98,102809583,1052458,1,53000448,4096,50,10,10,10
98,102809583,1052458,2,43556352,4096,50,10,10,10
98,102809583,1052458,3,70309120,4096,50,10,10,10
98,102809583,1052458,4,90757632,4096,43,9,10,10
98,102809583,1052458,5,101762560,16384,29,5,10,10
98,102809583,1052458,6,100649984,65536,29,5,10,10
98,102809583,1052458,7,85480960,65536,29,5,10,10
98,102809583,1052458,8,68145408,65536,29,5,10,10
98,102809583,1052458,9,94428160,65536,29,5,10,10
98,102809583,1052458,10,62403072,65536,29,5,10,10
98,102809583,1052458,11,70292480,16384,29,5,10,10
98,102809583,1052458,12,42968832,65536,12,2,10,10
98,102809583,1052458,13,101762560,65536,29,5,10,10
98,102809583,1052458,14,86021632,16384,27,5,10,10
99,103862041,1048466,0,47719680,65536,54,8,6,6
99,103862041,1048466,1,73457664,4096,35,7,6,6
99,103862041,1048466,2,77649664,65536,33,5,6,6
99,103862041,1048466,3,46669568,65536,33,5,6,6
99,103862041,1048466,4,40937216,16384,33,5,6,6
99,103862041,1048466,5,33055744,1024,11,5,6,6
99,103862041,1048466,6,50375168,256,2,2,6,6
99,103862041,1048466,7,31484928,256,2,2,6,6
99,103862041,1048466,8,48260352,16384,33,5,6,6
99,103862041,1048466,9,73460736,1024,35,7,6,6
99,103862041,1048466,10,46694144,16384,33,5,6,6
100,104910507,1052545,0,104353536,65536,50,8,6,6
100,104910507,1052545,1,47719680,65536,50,8,6,6
100,104910507,1052545,2,73457664,4096,13,3,6,6
100,104910507,1052545,3,33055744,1024,8,2,6,6
100,104910507,1052545,4,62961920,256,4,2,6,6
100,104910507,1052545,5,103862272,4096,4,2,6,6
100,104910507,1052545,6,73460736,1024,13,3,6,6
101,105963052,1043174,0,72413184,16384,60,10,6,6
101,105963052,1043174,1,104893952,16384,48,8,6,6
101,105963052,1043174,2,77649664,65536,48,8,6,6
101,105963052,1043174,3,46669568,65536,48,8,6,6
101,105963052,1043174,4,40937216,16384,48,8,6,6
101,105963052,1043174,5,48260352,16384,48,8,6,6
101,105963052,1043174,6,105897472,65536,42,6,6,6
101,105963052,1043174,7,61385216,4096,5,1,6,6
101,105963052,1043174,8,33055744,1024,4,2,6,6
101,105963052,1043174,9,73457664,4096,28,6,6,6
101,105963052,1043174,10,104353536,65536,42,6,6,6
101,105963052,1043174,11,46694144,16384,48,8,6,6
101,105963052,1043174,12,47719680,65536,42,6,6,6
101,105963052,1043174,13,104910592,4096,28,6,6,6
102,107006226,1047887,0,77649664,65536,39,7,6,6
102,107006226,1047887,1,104893952,16384,39,7,6,6
102,107006226,1047887,2,48260352,16384,39,7,6,6
102,107006226,1047887,3,72413184,16384,39,7,6,6
102,107006226,1047887,4,46669568,65536,39,7,6,6
102,107006226,1047887,5,40937216,16384,39,7,6,6
102,107006226,1047887,6,105897472,65536,12,2,6,6
102,107006226,1047887,7,33055744,1024,6,2,6,6
102,107006226,1047887,8,62961920,256,4,2,6,6
102,107006226,1047887,9,50375168,256,1,1,6,6
102,107006226,1047887,10,31484928,256,1,1,6,6
102,107006226,1047887,11,104353536,65536,12,2,6,6
102,107006226,1047887,12,47719680,65536,12,2,6,6
102,107006226,1047887,13,73457664,4096,10,2,6,6
102,107006226,1047887,14,46694144,16384,39,7,6,6
102,107006226,1047887,15,104910592,4096,10,2,6,6
103,108054113,1055045,0,107522048,16384,40,8,6,6
103,108054113,1055045,1,104893952,16384,40,6,6,6
103,108054113,1055045,2,48260352,16384,40,6,6,6
103,108054113,1055045,3,77649664,65536,40,6,6,6
103,108054113,1055045,4,40937216,16384,40,6,6,6
103,108054113,1055045,5,72413184,16384,40,6,6,6
103,108054113,1055045,6,46669568,65536,40,6,6,6
103,108054113,1055045,7,104910592,4096,39,9,6,6
103,108054113,1055045,8,50375168,256,3,1,6,6
103,108054113,1055045,9,31484928,256,3,1,6,6
103,108054113,1055045,10,107988480,65536,40,6,6,6
103,108054113,1055045,11,104353536,65536,21,3,6,6
103,108054113,1055045,12,47719680,65536,21,3,6,6
103,108054113,1055045,13,73457664,4096,39,9,6,6
103,108054113,1055045,14,46694144,16384,40,6,6,6
103,108054113,1055045,15,105897472,65536,21,3,6,6
104,109109158,1049000,0,87087872,4096,82,14,10,10
104,109109158,1049000,1,97572096,16384,69,11,10,10
104,109109158,1049000,2,94918912,65536,69,11,10,10
104,109109158,1049000,3,100183040,16384,69,11,10,10
104,109109158,1049000,4,42968832,65536,69,11,10,10
104,109109158,1049000,5,81846272,65536,69,11,10,10
104,109109158,1049000,6,88136704,16384,69,11,10,10
104,109109158,1049000,7,90757632,4096,28,6,10,10
104,109109158,1049000,8,5759488,16384,21,5,10,10
104,109109158,1049000,9,102809600,4096,21,5,10,10
104,109109158,1049000,10,64530688,16384,21,5,10,10
104,109109158,1049000,11,66113280,4096,18,4,10,10
104,109109158,1049000,12,87087872,16384,69,11,10,10
104,109109158,1049000,13,100699136,16384,69,11,10,10
104,109109158,1049000,14,43017984,16384,69,11,10,10
104,109109158,1049000,15,82362624,16384,21,5,10,10
104,109109158,1049000,16,88136704,65536,69,11,10,10
105,110158158,1049924,0,87087872,4096,102,18,10,10
105,110158158,1049924,1,42968832,65536,97,17,10,10
105,110158158,1049924,2,100183040,16384,97,17,10,10
105,110158158,1049924,3,97572096,16384,97,17,10,10
105,110158158,1049924,4,94918912,65536,97,17,10,10
105,110158158,1049924,5,81846272,65536,97,17,10,10
105,110158158,1049924,6,88136704,16384,97,17,10,10
105,110158158,1049924,7,101762560,16384,84,12,10,10
105,110158158,1049924,8,56115712,65536,84,12,10,10
105,110158158,1049924,9,70292480,16384,84,12,10,10
105,110158158,1049924,10,68145408,65536,84,12,10,10
105,110158158,1049924,11,85480960,65536,84,12,10,10
105,110158158,1049924,12,87087872,16384,97,17,10,10
105,110158158,1049924,13,43017984,16384,97,17,10,10
105,110158158,1049924,14,100699136,16384,97,17,10,10
105,110158158,1049924,15,88136704,65536,97,17,10,10
106,111208082,1048061,0,94918912,65536,87,15,10,10
106,111208082,1048061,1,97572096,16384,87,15,10,10
106,111208082,1048061,2,100183040,16384,87,15,10,10
106,111208082,1048061,3,42968832,65536,87,15,10,10
106,111208082,1048061,4,87087872,4096,87,15,10,10
106,111208082,1048061,5,81846272,65536,87,15,10,10
106,111208082,1048061,6,88136704,16384,87,15,10,10
106,111208082,1048061,7,90757632,4096,28,8,10,10
106,111208082,1048061,8,43556352,4096,28,6,10,10
106,111208082,1048061,9,53000448,4096,28,6,10,10
106,111208082,1048061,10,70309120,4096,28,6,10,10
106,111208082,1048061,11,66113280,4096,27,7,10,10
106,111208082,1048061,12,94428160,65536,24,4,10,10
106,111208082,1048061,13,100699136,16384,87,15,10,10
106,111208082,1048061,14,43017984,16384,87,15,10,10
106,111208082,1048061,15,87087872,16384,87,15,10,10
106,111208082,1048061,16,88136704,65536,87,15,10,10
107,112256143,1047436,0,107988480,65536,64,12,6,6
107,112256143,1047436,1,48260352,16384,64,12,6,6
107,112256143,1047436,2,72413184,16384,64,12,6,6
107,112256143,1047436,3,77649664,65536,64,12,6,6
107,112256143,1047436,4,40937216,16384,64,12,6,6
107,112256143,1047436,5,46669568,65536,64,12,6,6
107,112256143,1047436,6,104893952,16384,64,12,6,6
107,112256143,1047436,7,104910592,4096,44,10,6,6
107,112256143,1047436,8,109043456,65536,21,3,6,6
107,112256143,1047436,9,33055744,1024,11,3,6,6
107,112256143,1047436,10,107522048,16384,36,6,6,6
107,112256143,1047436,11,47719680,65536,21,3,6,6
107,112256143,1047436,12,73457664,4096,44,10,6,6
107,112256143,1047436,13,46694144,16384,64,12,6,6
107,112256143,1047436,14,104353536,65536,21,3,6,6
107,112256143,1047436,15,105897472,65536,21,3,6,6
108,113303579,1052130,0,104893952,16384,112,20,6,6
108,113303579,1052130,1,72413184,16384,112,20,6,6
108,113303579,1052130,2,77649664,65536,112,20,6,6
108,113303579,1052130,3,48260352,16384,112,20,6,6
108,113303579,1052130,4,107988480,65536,112,20,6,6
108,113303579,1052130,5,40937216,16384,112,20,6,6
108,113303579,1052130,6,46669568,65536,112,20,6,6
108,113303579,1052130,7,104910592,4096,59,13,6,6
108,113303579,1052130,8,109043456,65536,25,5,6,6
108,113303579,1052130,9,104353536,65536,25,5,6,6
108,113303579,1052130,10,73457664,4096,59,13,6,6
108,113303579,1052130,11,47719680,65536,25,5,6,6
108,113303579,1052130,12,107522048,16384,47,9,6,6
108,113303579,1052130,13,46694144,16384,112,20,6,6
108,113303579,1052130,14,105897472,65536,25,5,6,6
109,114355709,1042596,0,104910592,4096,33,7,6,6
109,114355709,1042596,1,73457664,4096,33,7,6,6
109,114355709,1042596,2,104893952,16384,33,5,6,6
109,114355709,1042596,3,107988480,65536,33,5,6,6
109,114355709,1042596,4,77649664,65536,33,5,6,6
109,114355709,1042596,5,48260352,16384,33,5,6,6
109,114355709,1042596,6,46669568,65536,33,5,6,6
109,114355709,1042596,7,40937216,16384,33,5,6,6
109,114355709,1042596,8,73460736,1024,33,7,6,6
109,114355709,1042596,9,103862272,4096,8,2,6,6
109,114355709,1042596,10,107522048,16384,22,4,6,6
109,114355709,1042596,11,46694144,16384,33,5,6,6
110,115398305,1047858,0,105897472,65536,36,6,6,6
110,115398305,1047858,1,47719680,65536,36,6,6,6
110,115398305,1047858,2,104353536,65536,36,6,6,6
110,115398305,1047858,3,109043456,65536,36,6,6,6
110,115398305,1047858,4,107522048,16384,27,5,6,6
110,115398305,1047858,5,114355712,256,15,3,6,6
110,115398305,1047858,6,77649664,65536,15,3,6,6
110,115398305,1047858,7,40937216,16384,15,3,6,6
110,115398305,1047858,8,72413184,16384,15,3,6,6
110,115398305,1047858,9,46669568,65536,15,3,6,6
110,115398305,1047858,10,33055744,1024,9,3,6,6
110,115398305,1047858,11,104910592,4096,13,3,6,6
110,115398305,1047858,12,48260352,16384,15,3,6,6
110,115398305,1047858,13,104893952,16384,15,3,6,6
110,115398305,1047858,14,107988480,65536,15,3,6,6
110,115398305,1047858,15,114355712,1024,15,3,6,6
110,115398305,1047858,16,73457664,4096,13,3,6,6
110,115398305,1047858,17,46694144,16384,15,3,6,6
111,116446163,1044254,0,104893952,16384,60,10,6,6
111,116446163,1044254,1,72413184,16384,60,10,6,6
111,116446163,1044254,2,114355712,256,60,10,6,6
111,116446163,1044254,3,107988480,65536,60,10,6,6
111,116446163,1044254,4,77649664,65536,60,10,6,6
111,116446163,1044254,5,46669568,65536,60,10,6,6
111,116446163,1044254,6,48260352,16384,60,10,6,6
111,116446163,1044254,7,40937216,16384,60,10,6,6
111,116446163,1044254,8,105897472,65536,45,7,6,6
111,116446163,1044254,9,109043456,65536,45,7,6,6
111,116446163,1044254,10,33055744,1024,3,1,6,6
111,116446163,1044254,11,104353536,65536,45,7,6,6
111,116446163,1044254,12,73457664,4096,20,4,6,6
111,116446163,1044254,13,114355712,1024,60,10,6,6
111,116446163,1044254,14,107522048,16384,15,3,6,6
111,116446163,1044254,15,46694144,16384,60,10,6,6
111,116446163,1044254,16,47719680,65536,45,7,6,6
111,116446163,1044254,17,104910592,4096,20,4,6,6
112,117490417,1048143,0,107522048,16384,32,6,6,6
112,117490417,1048143,1,103862272,4096,17,5,6,6
112,117490417,1048143,2,117424640,65536,12,2,6,6
112,117490417,1048143,3,77649664,65536,12,2,6,6
112,117490417,1048143,4,40937216,16384,12,2,6,6
112,117490417,1048143,5,46669568,65536,12,2,6,6
112,117490417,1048143,6,48260352,16384,12,2,6,6
112,117490417,1048143,7,114355712,256,12,2,6,6
112,117490417,1048143,8,33055744,1024,4,2,6,6
112,117490417,1048143,9,107988480,65536,12,2,6,6
112,117490417,1048143,10,104893952,16384,12,2,6,6
112,117490417,1048143,11,46694144,16384,12,2,6,6
112,117490417,1048143,12,114355712,1024,12,2,6,6
113,118538560,1041394,0,107522048,16384,66,12,6,6
113,118538560,1041394,1,104353536,65536,58,10,6,6
113,118538560,1041394,2,47719680,65536,58,10,6,6
113,118538560,1041394,3,109043456,65536,58,10,6,6
113,118538560,1041394,4,105897472,65536,58,10,6,6
113,118538560,1041394,5,118522112,16384,42,8,6,6
113,118538560,1041394,6,77649664,65536,39,7,6,6
113,118538560,1041394,7,117424640,65536,39,7,6,6
113,118538560,1041394,8,114355712,256,39,7,6,6
113,118538560,1041394,9,46669568,65536,39,7,6,6
113,118538560,1041394,10,40937216,16384,39,7,6,6
113,118538560,1041394,11,73457664,4096,28,6,6,6
113,118538560,1041394,12,107988480,65536,39,7,6,6
113,118538560,1041394,13,104893952,16384,39,7,6,6
113,118538560,1041394,14,48260352,16384,39,7,6,6
113,118538560,1041394,15,104910592,4096,28,6,6,6
113,118538560,1041394,16,118534400,4096,42,8,6,6
113,118538560,1041394,17,114355712,1024,39,7,6,6
113,118538560,1041394,18,46694144,16384,39,7,6,6
113,118538560,1041394,19,73460736,1024,28,6,6,6
114,119579954,1048210,0,104893952,16384,131,21,6,6
114,119579954,1048210,1,117424640,65536,131,21,6,6
114,119579954,1048210,2,118538752,16384,131,21,6,6
114,119579954,1048210,3,46669568,65536,131,21,6,6
114,119579954,1048210,4,107988480,65536,131,21,6,6
114,119579954,1048210,5,114355712,256,131,21,6,6
114,119579954,1048210,6,48260352,16384,131,21,6,6
114,119579954,1048210,7,40937216,16384,131,21,6,6
114,119579954,1048210,8,109043456,65536,102,16,6,6
114,119579954,1048210,9,105897472,65536,102,16,6,6
114,119579954,1048210,10,73457664,4096,47,11,6,6
114,119579954,1048210,11,118522112,16384,32,6,6,6
114,119579954,1048210,12,104353536,65536,102,16,6,6
114,119579954,1048210,13,46694144,16384,131,21,6,6
114,119579954,1048210,14,107522048,16384,32,6,6,6
114,119579954,1048210,15,114355712,1024,131,21,6,6
114,119579954,1048210,16,47719680,65536,102,16,6,6
114,119579954,1048210,17,104910592,4096,47,11,6,6
114,119579954,1048210,18,73460736,1024,47,11,6,6
114,119579954,1048210,19,118534400,4096,32,6,6,6
115,120628164,1047845,0,13641728,16384,262,44,9,9
115,120628164,1047845,1,83878912,65536,236,44,9,9
115,120628164,1047845,2,2097920,16384,236,44,9,9
115,120628164,1047845,3,44573440,65536,236,44,9,9
115,120628164,1047845,4,1048320,65536,236,44,9,9
115,120628164,1047845,5,28852736,16384,236,44,9,9
115,120628164,1047845,6,4129792,65536,236,44,9,9
115,120628164,1047845,7,16797952,4096,225,51,9,9
115,120628164,1047845,8,34637312,65536,141,21,9,9
115,120628164,1047845,9,40379136,65536,141,21,9,9
115,120628164,1047845,10,27812352,4096,92,20,9,9
115,120628164,1047845,11,16271616,4096,92,20,9,9
115,120628164,1047845,12,83940352,4096,37,13,9,9
115,120628164,1047845,13,3080960,65536,141,21,9,9
115,120628164,1047845,14,1540096,65536,236,44,9,9
115,120628164,1047845,15,28858880,4096,236,44,9,9
115,120628164,1047845,16,16797952,16384,121,23,9,9
115,120628164,1047845,17,34637312,1024,24,8,9,9
115,120628164,1047845,18,27813888,1024,92,20,9,9
116,121676009,1048337,0,87087872,4096,105,17,10,10
116,121676009,1048337,1,97572096,16384,90,14,10,10
116,121676009,1048337,2,42968832,65536,90,14,10,10
116,121676009,1048337,3,100183040,16384,90,14,10,10
116,121676009,1048337,4,94918912,65536,90,14,10,10
116,121676009,1048337,5,81846272,65536,90,14,10,10
116,121676009,1048337,6,88136704,16384,90,14,10,10
116,121676009,1048337,7,98619904,65536,69,11,10,10
116,121676009,1048337,8,110650368,65536,69,11,10,10
116,121676009,1048337,9,90757632,4096,53,11,10,10
116,121676009,1048337,10,94411520,16384,27,5,10,10
116,121676009,1048337,11,100715776,1024,26,8,10,10
116,121676009,1048337,12,43017984,16384,90,14,10,10
117,122724346,1039846,0,118538752,16384,88,16,6,6
117,122724346,1039846,1,117424640,65536,88,16,6,6
117,122724346,1039846,2,48260352,16384,88,16,6,6
117,122724346,1039846,3,46669568,65536,88,16,6,6
117,122724346,1039846,4,104893952,16384,88,16,6,6
117,122724346,1039846,5,107988480,65536,88,16,6,6
117,122724346,1039846,6,40937216,16384,88,16,6,6
117,122724346,1039846,7,114355712,256,88,16,6,6
117,122724346,1039846,8,73457664,4096,36,8,6,6
117,122724346,1039846,9,104910592,4096,36,8,6,6
117,122724346,1039846,10,37785856,65536,21,3,6,6
117,122724346,1039846,11,33055744,1024,5,1,6,6
117,122724346,1039846,12,47228416,16384,12,2,6,6
117,122724346,1039846,13,46694144,16384,88,16,6,6
117,122724346,1039846,14,114355712,1024,88,16,6,6
117,122724346,1039846,15,73460736,1024,36,8,6,6
118,123764192,1047401,0,104893952,16384,48,8,6,6
118,123764192,1047401,1,117424640,65536,48,8,6,6
118,123764192,1047401,2,48260352,16384,48,8,6,6
118,123764192,1047401,3,118538752,16384,48,8,6,6
118,123764192,1047401,4,107988480,65536,48,8,6,6
118,123764192,1047401,5,40937216,16384,48,8,6,6
118,123764192,1047401,6,46669568,65536,48,8,6,6
118,123764192,1047401,7,114355712,256,48,8,6,6
118,123764192,1047401,8,104910592,4096,23,5,6,6
118,123764192,1047401,9,73457664,4096,23,5,6,6
118,123764192,1047401,10,109043456,65536,12,2,6,6
118,123764192,1047401,11,119580160,65536,12,2,6,6
118,123764192,1047401,12,104353536,65536,12,2,6,6
118,123764192,1047401,13,47719680,65536,12,2,6,6
118,123764192,1047401,14,46694144,16384,48,8,6,6
118,123764192,1047401,15,114355712,1024,48,8,6,6
118,123764192,1047401,16,105897472,65536,12,2,6,6
118,123764192,1047401,17,73460736,1024,23,5,6,6
119,124811593,1048069,0,122707712,16384,59,13,10,10
119,124811593,1048069,1,94918912,65536,59,13,10,10
119,124811593,1048069,2,97572096,16384,59,13,10,10
119,124811593,1048069,3,42508288,4096,59,13,10,10
119,124811593,1048069,4,87087872,4096,59,13,10,10
119,124811593,1048069,5,100183040,16384,59,13,10,10
119,124811593,1048069,6,88136704,16384,59,13,10,10
119,124811593,1048069,7,90757632,4096,54,12,10,10
119,124811593,1048069,8,82830080,65536,21,3,10,10
119,124811593,1048069,9,5759488,16384,17,3,10,10
119,124811593,1048069,10,64530688,16384,17,3,10,10
119,124811593,1048069,11,102809600,4096,17,3,10,10
119,124811593,1048069,12,42968832,65536,59,13,10,10
119,124811593,1048069,13,87087872,16384,59,13,10,10
119,124811593,1048069,14,100699136,16384,59,13,10,10
119,124811593,1048069,15,88136704,65536,59,13,10,10
119,124811593,1048069,16,82362624,16384,17,3,10,10
120,125859662,1047287,0,42508288,4096,53,13,10,10
120,125859662,1047287,1,125843200,16384,32,6,10,10
120,125859662,1047287,2,97572096,16384,32,6,10,10
120,125859662,1047287,3,122707712,16384,32,6,10,10
120,125859662,1047287,4,100183040,16384,32,6,10,10
120,125859662,1047287,5,87087872,16384,32,6,10,10
120,125859662,1047287,6,88136704,16384,32,6,10,10
120,125859662,1047287,7,94918912,65536,32,6,10,10
120,125859662,1047287,8,90757632,4096,31,7,10,10
120,125859662,1047287,9,53000448,4096,22,6,10,10
120,125859662,1047287,10,70309120,4096,22,6,10,10
120,125859662,1047287,11,43556352,4096,22,6,10,10
120,125859662,1047287,12,42968832,65536,32,6,10,10
120,125859662,1047287,13,98618624,1024,6,2,10,10
120,125859662,1047287,14,100699136,16384,32,6,10,10
120,125859662,1047287,15,87087872,65536,32,6,10,10
120,125859662,1047287,16,88136704,65536,32,6,10,10
121,126906949,1049127,0,68145408,65536,63,9,10,10
121,126906949,1049127,1,101762560,16384,63,9,10,10
121,126906949,1049127,2,56115712,65536,63,9,10,10
121,126906949,1049127,3,62403072,65536,63,9,10,10
121,126906949,1049127,4,70292480,16384,63,9,10,10
121,126906949,1049127,5,111208192,65536,63,9,10,10
121,126906949,1049127,6,94428160,65536,63,9,10,10
121,126906949,1049127,7,121676032,65536,63,9,10,10
121,126906949,1049127,8,100649984,65536,63,9,10,10
121,126906949,1049127,9,85480960,65536,63,9,10,10
121,126906949,1049127,10,97572096,16384,36,6,10,10
121,126906949,1049127,11,42968832,65536,36,6,10,10
121,126906949,1049127,12,101762560,65536,63,9,10,10
121,126906949,1049127,13,94918912,65536,36,6,10,10
121,126906949,1049127,14,100183040,16384,36,6,10,10
121,126906949,1049127,15,43017984,16384,36,6,10,10
122,127956076,1044461,0,42968832,65536,32,8,10,10
122,127956076,1044461,1,100183040,16384,32,8,10,10
122,127956076,1044461,2,97572096,16384,32,8,10,10
122,127956076,1044461,3,94918912,65536,32,8,10,10
122,127956076,1044461,4,87087872,16384,32,8,10,10
122,127956076,1044461,5,122707712,16384,32,8,10,10
122,127956076,1044461,6,125843200,16384,32,8,10,10
122,127956076,1044461,7,88136704,16384,32,8,10,10
122,127956076,1044461,8,67096576,65536,21,3,10,10
122,127956076,1044461,9,90757632,4096,14,4,10,10
122,127956076,1044461,10,127430912,1024,12,4,10,10
122,127956076,1044461,11,86021632,16384,12,2,10,10
122,127956076,1044461,12,43017984,16384,32,8,10,10
122,127956076,1044461,13,100699136,16384,32,8,10,10
122,127956076,1044461,14,87087872,65536,32,8,10,10
122,127956076,1044461,15,88136704,65536,32,8,10,10
122,127956076,1044461,16,127431424,256,9,3,10,10
123,129000537,1042937,0,42508288,4096,32,8,10,10
123,129000537,1042937,1,90757632,4096,22,6,10,10
123,129000537,1042937,2,127956224,65536,21,3,10,10
123,129000537,1042937,3,94918912,65536,12,2,10,10
123,129000537,1042937,4,97572096,16384,12,2,10,10
123,129000537,1042937,5,87087872,16384,12,2,10,10
123,129000537,1042937,6,122707712,16384,12,2,10,10
123,129000537,1042937,7,88136704,16384,12,2,10,10
123,129000537,1042937,8,100183040,16384,12,2,10,10
123,129000537,1042937,9,125843200,16384,12,2,10,10
123,129000537,1042937,10,43556352,4096,10,2,10,10
123,129000537,1042937,11,70309120,4096,10,2,10,10
123,129000537,1042937,12,42968832,65536,12,2,10,10
123,129000537,1042937,13,98095360,1024,6,2,10,10
123,129000537,1042937,14,87087872,65536,12,2,10,10
123,129000537,1042937,15,88136704,65536,12,2,10,10
123,129000537,1042937,16,100699136,16384,12,2,10,10
124,130043474,1052565,0,115398400,65536,24,4,6,6
124,130043474,1052565,1,119580160,65536,24,4,6,6
124,130043474,1052565,2,47719680,65536,24,4,6,6
124,130043474,1052565,3,104353536,65536,24,4,6,6
124,130043474,1052565,4,105897472,65536,24,4,6,6
124,130043474,1052565,5,109043456,65536,24,4,6,6
124,130043474,1052565,6,124285696,4096,18,4,6,6
124,130043474,1052565,7,118522112,16384,15,3,6,6
124,130043474,1052565,8,107522048,16384,15,3,6,6
124,130043474,1052565,9,118538752,16384,12,2,6,6
124,130043474,1052565,10,117424640,65536,12,2,6,6
124,130043474,1052565,11,114355712,256,12,2,6,6
124,130043474,1052565,12,48260352,16384,12,2,6,6
124,130043474,1052565,13,104893952,16384,12,2,6,6
124,130043474,1052565,14,104910592,4096,5,1,6,6
124,130043474,1052565,15,118534400,4096,15,3,6,6
124,130043474,1052565,16,107988480,65536,12,2,6,6
124,130043474,1052565,17,114355712,1024,12,2,6,6
125,131096039,1047350,0,68145408,65536,25,5,10,10
125,131096039,1047350,1,101762560,16384,25,5,10,10
125,131096039,1047350,2,121676032,65536,25,5,10,10
125,131096039,1047350,3,111208192,65536,25,5,10,10
125,131096039,1047350,4,94428160,65536,25,5,10,10
125,131096039,1047350,5,100649984,65536,25,5,10,10
125,131096039,1047350,6,62403072,65536,25,5,10,10
125,131096039,1047350,7,70292480,16384,25,5,10,10
125,131096039,1047350,8,56115712,65536,25,5,10,10
125,131096039,1047350,9,85480960,65536,25,5,10,10
125,131096039,1047350,10,42508288,4096,20,4,10,10
125,131096039,1047350,11,102809600,4096,12,2,10,10
125,131096039,1047350,12,101762560,65536,25,5,10,10
125,131096039,1047350,13,100714496,1024,3,1,10,10
125,131096039,1047350,14,69784064,1024,3,1,10,10
126,132143389,1052809,0,94918912,65536,79,15,10,10
126,132143389,1052809,1,42968832,65536,79,15,10,10
126,132143389,1052809,2,122707712,16384,79,15,10,10
126,132143389,1052809,3,97572096,16384,79,15,10,10
126,132143389,1052809,4,87087872,16384,79,15,10,10
126,132143389,1052809,5,100183040,16384,79,15,10,10
126,132143389,1052809,6,125843200,16384,79,15,10,10
126,132143389,1052809,7,88136704,16384,79,15,10,10
126,132143389,1052809,8,90757632,4096,40,10,10,10
126,132143389,1052809,9,66113280,4096,25,7,10,10
126,132143389,1052809,10,68145408,65536,21,3,10,10
126,132143389,1052809,11,101762560,16384,21,3,10,10
126,132143389,1052809,12,43017984,16384,79,15,10,10
127,133196198,1048059,0,94918912,65536,57,9,10,10
127,133196198,1048059,1,100183040,16384,57,9,10,10
127,133196198,1048059,2,42968832,65536,57,9,10,10
127,133196198,1048059,3,97572096,16384,57,9,10,10
127,133196198,1048059,4,87087872,16384,57,9,10,10
127,133196198,1048059,5,122707712,16384,57,9,10,10
127,133196198,1048059,6,88136704,16384,57,9,10,10
127,133196198,1048059,7,125843200,16384,57,9,10,10
127,133196198,1048059,8,132636928,65536,21,3,10,10
127,133196198,1048059,9,68145408,65536,21,3,10,10
127,133196198,1048059,10,111208192,65536,21,3,10,10
127,133196198,1048059,11,62403072,65536,21,3,10,10
128,134244257,1053802,0,122707712,16384,40,8,10,10
128,134244257,1053802,1,42968832,65536,40,8,10,10
128,134244257,1053802,2,97572096,16384,40,8,10,10
128,134244257,1053802,3,100183040,16384,40,8,10,10
128,134244257,1053802,4,94918912,65536,40,8,10,10
128,134244257,1053802,5,88136704,16384,40,8,10,10
128,134244257,1053802,6,125843200,16384,40,8,10,10
128,134244257,1053802,7,87087872,16384,40,8,10,10
128,134244257,1053802,8,70292480,16384,21,3,10,10
128,134244257,1053802,9,68145408,65536,21,3,10,10
128,134244257,1053802,10,62403072,65536,21,3,10,10
128,134244257,1053802,11,101762560,16384,21,3,10,10
128,134244257,1053802,12,43017984,16384,40,8,10,10
128,134244257,1053802,13,100699136,16384,40,8,10,10
128,134244257,1053802,14,88136704,65536,40,8,10,10
128,134244257,1053802,15,87087872,65536,40,8,10,10
128,134244257,1053802,16,101762560,65536,21,3,10,10
129,135298059,1053942,0,135232512,65536,42,6,10,10
129,135298059,1053942,1,66113280,4096,21,5,10,10
129,135298059,1053942,2,122707712,16384,12,2,10,10
129,135298059,1053942,3,100183040,16384,12,2,10,10
129,135298059,1053942,4,94918912,65536,12,2,10,10
129,135298059,1053942,5,102809600,4096,12,2,10,10
129,135298059,1053942,6,82362624,16384,12,2,10,10
129,135298059,1053942,7,87087872,16384,12,2,10,10
129,135298059,1053942,8,97572096,16384,12,2,10,10
129,135298059,1053942,9,5759488,16384,12,2,10,10
129,135298059,1053942,10,42968832,65536,12,2,10,10
129,135298059,1053942,11,125843200,16384,12,2,10,10
129,135298059,1053942,12,87087872,65536,12,2,10,10
129,135298059,1053942,13,43017984,16384,12,2,10,10
130,136352001,1050287,0,121119232,65536,91,15,9,9
130,136352001,1050287,1,40379136,65536,70,12,9,9
130,136352001,1050287,2,13641728,16384,70,12,9,9
130,136352001,1050287,3,34637312,65536,70,12,9,9
130,136352001,1050287,4,3080960,65536,70,12,9,9
130,136352001,1050287,5,16797952,4096,23,5,9,9
130,136352001,1050287,6,28852736,16384,15,3,9,9
130,136352001,1050287,7,83878912,65536,15,3,9,9
130,136352001,1050287,8,44573440,65536,15,3,9,9
130,136352001,1050287,9,4129792,65536,15,3,9,9
130,136352001,1050287,10,1048320,65536,15,3,9,9
130,136352001,1050287,11,16271616,4096,10,2,9,9
130,136352001,1050287,12,121610240,65536,70,12,9,9
130,136352001,1050287,13,34637312,1024,3,1,9,9
130,136352001,1050287,14,2097920,16384,15,3,9,9
130,136352001,1050287,15,28858880,4096,15,3,9,9
130,136352001,1050287,16,1540096,65536,15,3,9,9
131,137402288,1047088,0,121671680,4096,32,8,9,9
131,137402288,1047088,1,19943424,16384,28,6,9,9
131,137402288,1047088,2,28852736,16384,24,4,9,9
131,137402288,1047088,3,2097920,16384,24,4,9,9
131,137402288,1047088,4,83878912,65536,24,4,9,9
131,137402288,1047088,5,44573440,65536,24,4,9,9
131,137402288,1047088,6,1048320,65536,24,4,9,9
131,137402288,1047088,7,4129792,65536,24,4,9,9
131,137402288,1047088,8,40379136,65536,21,3,9,9
131,137402288,1047088,9,13641728,16384,21,3,9,9
131,137402288,1047088,10,34637312,65536,21,3,9,9
131,137402288,1047088,11,16797952,4096,18,4,9,9
131,137402288,1047088,12,121659392,16384,24,4,9,9
131,137402288,1047088,13,28858880,4096,24,4,9,9
131,137402288,1047088,14,3080960,65536,21,3,9,9
131,137402288,1047088,15,44605696,1024,1,1,9,9
131,137402288,1047088,16,1540096,65536,24,4,9,9
132,138449376,1039752,0,28852736,16384,45,7,9,9
132,138449376,1039752,1,44573440,65536,45,7,9,9
132,138449376,1039752,2,121659392,16384,45,7,9,9
132,138449376,1039752,3,2097920,16384,45,7,9,9
132,138449376,1039752,4,83878912,65536,45,7,9,9
132,138449376,1039752,5,4129792,65536,45,7,9,9
132,138449376,1039752,6,1048320,65536,45,7,9,9
132,138449376,1039752,7,16797952,4096,28,6,9,9
132,138449376,1039752,8,27812352,4096,23,5,9,9
132,138449376,1039752,9,16271616,4096,23,5,9,9
132,138449376,1039752,10,34637312,65536,21,3,9,9
132,138449376,1039752,11,13641728,16384,21,3,9,9
132,138449376,1039752,12,28858880,4096,45,7,9,9
132,138449376,1039752,13,121671680,4096,24,6,9,9
132,138449376,1039752,14,3080960,65536,21,3,9,9
132,138449376,1039752,15,1540096,65536,45,7,9,9
132,138449376,1039752,16,27813888,1024,23,5,9,9
133,139489128,1050639,0,68145408,65536,21,3,10,10
133,139489128,1050639,1,101762560,16384,21,3,10,10
133,139489128,1050639,2,70292480,16384,21,3,10,10
133,139489128,1050639,3,111208192,65536,21,3,10,10
133,139489128,1050639,4,121676032,65536,21,3,10,10
133,139489128,1050639,5,56115712,65536,21,3,10,10
133,139489128,1050639,6,132636928,65536,21,3,10,10
133,139489128,1050639,7,100649984,65536,21,3,10,10
133,139489128,1050639,8,62403072,65536,21,3,10,10
133,139489128,1050639,9,42508288,4096,14,4,10,10
133,139489128,1050639,10,90757632,4096,14,4,10,10
133,139489128,1050639,11,97572096,16384,12,2,10,10
133,139489128,1050639,12,101762560,65536,21,3,10,10
133,139489128,1050639,13,122707712,16384,12,2,10,10
133,139489128,1050639,14,132661504,16384,21,3,10,10
133,139489128,1050639,15,100183040,16384,12,2,10,10
133,139489128,1050639,16,42968832,65536,12,2,10,10
134,140539767,1048234,0,42968832,65536,51,9,10,10
134,140539767,1048234,1,97572096,16384,51,9,10,10
134,140539767,1048234,2,100183040,16384,51,9,10,10
134,140539767,1048234,3,122707712,16384,51,9,10,10
134,140539767,1048234,4,94918912,65536,51,9,10,10
134,140539767,1048234,5,87087872,16384,51,9,10,10
134,140539767,1048234,6,125843200,16384,51,9,10,10
134,140539767,1048234,7,88136704,16384,51,9,10,10
134,140539767,1048234,8,101762560,16384,21,3,10,10
134,140539767,1048234,9,68145408,65536,21,3,10,10
134,140539767,1048234,10,132636928,65536,21,3,10,10
134,140539767,1048234,11,70292480,16384,21,3,10,10
134,140539767,1048234,12,43017984,16384,51,9,10,10
134,140539767,1048234,13,100699136,16384,51,9,10,10
134,140539767,1048234,14,87087872,65536,51,9,10,10
134,140539767,1048234,15,88136704,65536,51,9,10,10
134,140539767,1048234,16,101762560,65536,21,3,10,10
135,141588001,1047941,0,121659392,16384,36,6,9,9
135,141588001,1047941,1,28852736,16384,36,6,9,9
135,141588001,1047941,2,83878912,65536,36,6,9,9
135,141588001,1047941,3,138960896,16384,36,6,9,9
135,141588001,1047941,4,2097920,16384,36,6,9,9
135,141588001,1047941,5,44573440,65536,36,6,9,9
135,141588001,1047941,6,4129792,65536,36,6,9,9
135,141588001,1047941,7,1048320,65536,36,6,9,9
135,141588001,1047941,8,16271616,4096,31,7,9,9
135,141588001,1047941,9,27812352,4096,31,7,9,9
135,141588001,1047941,10,16797952,4096,31,7,9,9
135,141588001,1047941,11,19943424,16384,12,2,9,9
135,141588001,1047941,12,121674752,1024,4,2,9,9
135,141588001,1047941,13,28858880,4096,36,6,9,9
135,141588001,1047941,14,138449408,256,8,2,9,9
135,141588001,1047941,15,44605696,1024,3,1,9,9
135,141588001,1047941,16,1540096,65536,36,6,9,9
135,141588001,1047941,17,27813888,1024,31,7,9,9
135,141588001,1047941,18,19943424,256,1,1,9,9
136,142635942,1048683,0,42508288,4096,46,12,10,10
136,142635942,1048683,1,122707712,16384,36,6,10,10
136,142635942,1048683,2,94918912,65536,36,6,10,10
136,142635942,1048683,3,87087872,16384,36,6,10,10
136,142635942,1048683,4,97572096,16384,36,6,10,10
136,142635942,1048683,5,125843200,16384,36,6,10,10
136,142635942,1048683,6,88136704,16384,36,6,10,10
136,142635942,1048683,7,100183040,16384,36,6,10,10
136,142635942,1048683,8,43556352,4096,24,6,10,10
136,142635942,1048683,9,70309120,4096,24,6,10,10
136,142635942,1048683,10,53000448,4096,24,6,10,10
136,142635942,1048683,11,100715776,1024,22,6,10,10
136,142635942,1048683,12,42968832,65536,36,6,10,10
137,143684625,1059844,0,13641728,16384,88,14,9,9
137,143684625,1059844,1,16797952,4096,75,17,9,9
137,143684625,1059844,2,28852736,16384,63,11,9,9
137,143684625,1059844,3,121659392,16384,63,11,9,9
137,143684625,1059844,4,44573440,65536,63,11,9,9
137,143684625,1059844,5,2097920,16384,63,11,9,9
137,143684625,1059844,6,83878912,65536,63,11,9,9
137,143684625,1059844,7,138960896,16384,63,11,9,9
137,143684625,1059844,8,1048320,65536,63,11,9,9
137,143684625,1059844,9,4129792,65536,63,11,9,9
137,143684625,1059844,10,34637312,65536,47,7,9,9
137,143684625,1059844,11,40379136,65536,47,7,9,9
137,143684625,1059844,12,16797952,16384,41,7,9,9
137,143684625,1059844,13,28858880,4096,63,11,9,9
137,143684625,1059844,14,121671680,4096,51,11,9,9
137,143684625,1059844,15,3080960,65536,47,7,9,9
137,143684625,1059844,16,83940352,4096,17,5,9,9
137,143684625,1059844,17,1540096,65536,63,11,9,9
138,144744469,1047857,0,13641728,16384,37,7,9,9
138,144744469,1047857,1,121671680,4096,36,8,9,9
138,144744469,1047857,2,16797952,4096,31,7,9,9
138,144744469,1047857,3,143684864,65536,21,3,9,9
138,144744469,1047857,4,3080960,65536,21,3,9,9
138,144744469,1047857,5,34637312,65536,21,3,9,9
138,144744469,1047857,6,40379136,65536,21,3,9,9
138,144744469,1047857,7,83940352,4096,11,5,9,9
138,144744469,1047857,8,27812352,4096,10,2,9,9
138,144744469,1047857,9,16271616,4096,10,2,9,9
138,144744469,1047857,10,28852736,16384,8,2,9,9
138,144744469,1047857,11,44573440,65536,8,2,9,9
138,144744469,1047857,12,121674752,1024,23,5,9,9
138,144744469,1047857,13,16797952,16384,16,4,9,9
138,144744469,1047857,14,144181760,65536,21,3,9,9
138,144744469,1047857,15,2097920,16384,8,2,9,9
138,144744469,1047857,16,27813888,1024,10,2,9,9
139,145792326,1049713,0,121119232,65536,42,6,9,9
139,145792326,1049713,1,16271616,4096,28,8,9,9
139,145792326,1049713,2,27812352,4096,28,8,9,9
139,145792326,1049713,3,16797952,4096,28,8,9,9
139,145792326,1049713,4,144744704,65536,21,3,9,9
139,145792326,1049713,5,3080960,65536,21,3,9,9
139,145792326,1049713,6,40379136,65536,21,3,9,9
139,145792326,1049713,7,34637312,65536,21,3,9,9
139,145792326,1049713,8,143684864,65536,21,3,9,9
139,145792326,1049713,9,13641728,16384,21,3,9,9
139,145792326,1049713,10,138449408,256,16,4,9,9
139,145792326,1049713,11,34107136,4096,13,3,9,9
139,145792326,1049713,12,121610240,65536,42,6,9,9
139,145792326,1049713,13,27813888,1024,28,8,9,9
139,145792326,1049713,14,144181760,65536,21,3,9,9
139,145792326,1049713,15,138449408,1024,16,4,9,9
140,146842039,1044950,0,13641728,16384,74,14,9,9
140,146842039,1044950,1,143684864,65536,50,10,9,9
140,146842039,1044950,2,34637312,65536,50,10,9,9
140,146842039,1044950,3,144744704,65536,50,10,9,9
140,146842039,1044950,4,40379136,65536,50,10,9,9
140,146842039,1044950,5,121119232,65536,50,10,9,9
140,146842039,1044950,6,3080960,65536,50,10,9,9
140,146842039,1044950,7,83878912,65536,27,5,9,9
140,146842039,1044950,8,28852736,16384,27,5,9,9
140,146842039,1044950,9,138960896,16384,27,5,9,9
140,146842039,1044950,10,44573440,65536,27,5,9,9
140,146842039,1044950,11,4129792,65536,27,5,9,9
140,146842039,1044950,12,144181760,65536,50,10,9,9
140,146842039,1044950,13,121610240,65536,50,10,9,9
140,146842039,1044950,14,2097920,16384,27,5,9,9
140,146842039,1044950,15,28858880,4096,27,5,9,9
140,146842039,1044950,16,138449408,256,9,3,9,9
141,147886989,1046933,0,121676032,65536,57,9,10,10
141,147886989,1046933,1,101762560,16384,57,9,10,10
141,147886989,1046933,2,68145408,65536,57,9,10,10
141,147886989,1046933,3,70292480,16384,57,9,10,10
141,147886989,1046933,4,100649984,65536,57,9,10,10
141,147886989,1046933,5,132636928,65536,57,9,10,10
141,147886989,1046933,6,56115712,65536,57,9,10,10
141,147886989,1046933,7,62403072,65536,57,9,10,10
141,147886989,1046933,8,111208192,65536,57,9,10,10
141,147886989,1046933,9,53000448,4096,29,7,10,10
141,147886989,1046933,10,143158272,4096,29,7,10,10
141,147886989,1046933,11,42508288,4096,29,7,10,10
141,147886989,1046933,12,101762560,65536,57,9,10,10
142,148933922,1051128,0,105897472,65536,63,9,6,6
142,148933922,1051128,1,119580160,65536,63,9,6,6
142,148933922,1051128,2,104353536,65536,63,9,6,6
142,148933922,1051128,3,47719680,65536,63,9,6,6
142,148933922,1051128,4,109043456,65536,63,9,6,6
142,148933922,1051128,5,117424640,65536,39,7,6,6
142,148933922,1051128,6,118538752,16384,39,7,6,6
142,148933922,1051128,7,107988480,65536,39,7,6,6
142,148933922,1051128,8,40937216,16384,39,7,6,6
142,148933922,1051128,9,46669568,65536,39,7,6,6
142,148933922,1051128,10,114355712,256,39,7,6,6
142,148933922,1051128,11,124285696,4096,18,4,6,6
142,148933922,1051128,12,104910592,4096,15,3,6,6
142,148933922,1051128,13,104893952,16384,39,7,6,6
142,148933922,1051128,14,48260352,16384,39,7,6,6
142,148933922,1051128,15,107522048,16384,5,1,6,6
142,148933922,1051128,16,46694144,16384,39,7,6,6
142,148933922,1051128,17,114355712,1024,39,7,6,6
143,149985050,1044901,0,13641728,16384,48,8,9,9
143,149985050,1044901,1,28852736,16384,42,6,9,9
143,149985050,1044901,2,121659392,16384,42,6,9,9
143,149985050,1044901,3,2097920,16384,42,6,9,9
143,149985050,1044901,4,83878912,65536,42,6,9,9
143,149985050,1044901,5,44573440,65536,42,6,9,9
143,149985050,1044901,6,138960896,16384,42,6,9,9
143,149985050,1044901,7,1048320,65536,42,6,9,9
143,149985050,1044901,8,4129792,65536,42,6,9,9
143,149985050,1044901,9,16797952,4096,29,7,9,9
143,149985050,1044901,10,143684864,65536,24,4,9,9
143,149985050,1044901,11,144744704,65536,24,4,9,9
143,149985050,1044901,12,28858880,4096,42,6,9,9
143,149985050,1044901,13,121119232,65536,24,4,9,9
143,149985050,1044901,14,3080960,65536,24,4,9,9
143,149985050,1044901,15,1540096,65536,42,6,9,9
143,149985050,1044901,16,16797952,16384,24,4,9,9
143,149985050,1044901,17,144181760,65536,24,4,9,9
144,151029951,1040616,0,13641728,16384,65,11,9,9
144,151029951,1040616,1,121659392,16384,58,12,9,9
144,151029951,1040616,2,2097920,16384,58,12,9,9
144,151029951,1040616,3,28852736,16384,58,12,9,9
144,151029951,1040616,4,1048320,65536,58,12,9,9
144,151029951,1040616,5,44573440,65536,58,12,9,9
144,151029951,1040616,6,83878912,65536,58,12,9,9
144,151029951,1040616,7,138960896,16384,58,12,9,9
144,151029951,1040616,8,4129792,65536,58,12,9,9
144,151029951,1040616,9,16797952,4096,48,10,9,9
144,151029951,1040616,10,143684864,65536,45,7,9,9
144,151029951,1040616,11,144744704,65536,45,7,9,9
144,151029951,1040616,12,121119232,65536,45,7,9,9
144,151029951,1040616,13,3080960,65536,45,7,9,9
144,151029951,1040616,14,28858880,4096,58,12,9,9
144,151029951,1040616,15,1540096,65536,58,12,9,9
144,151029951,1040616,16,138449408,256,13,3,9,9
144,151029951,1040616,17,16797952,16384,20,4,9,9
144,151029951,1040616,18,144181760,65536,45,7,9,9
145,152070567,1048142,0,19943424,16384,28,6,9,9
145,152070567,1048142,1,16797952,4096,26,6,9,9
145,152070567,1048142,2,16271616,4096,21,5,9,9
145,152070567,1048142,3,144744704,65536,21,3,9,9
145,152070567,1048142,4,27812352,4096,21,5,9,9
145,152070567,1048142,5,13641728,16384,21,3,9,9
145,152070567,1048142,6,143684864,65536,21,3,9,9
145,152070567,1048142,7,34637312,65536,21,3,9,9
145,152070567,1048142,8,3080960,65536,21,3,9,9
145,152070567,1048142,9,121119232,65536,21,3,9,9
145,152070567,1048142,10,40379136,65536,21,3,9,9
145,152070567,1048142,11,136352256,1024,12,2,9,9
145,152070567,1048142,12,27813888,1024,21,5,9,9
145,152070567,1048142,13,144181760,65536,21,3,9,9
145,152070567,1048142,14,121610240,65536,21,3,9,9
145,152070567,1048142,15,136352256,4096,12,2,9,9
146,153118709,1046941,0,13641728,16384,52,10,9,9
146,153118709,1046941,1,16797952,16384,27,5,9,9
146,153118709,1046941,2,143684864,65536,25,5,9,9
146,153118709,1046941,3,121119232,65536,25,5,9,9
146,153118709,1046941,4,34637312,65536,25,5,9,9
146,153118709,1046941,5,144744704,65536,25,5,9,9
146,153118709,1046941,6,40379136,65536,25,5,9,9
146,153118709,1046941,7,3080960,65536,25,5,9,9
146,153118709,1046941,8,151548160,4096,13,3,9,9
146,153118709,1046941,9,152586240,16384,12,2,9,9
146,153118709,1046941,10,146842112,4096,10,2,9,9
146,153118709,1046941,11,34107136,4096,8,2,9,9
146,153118709,1046941,12,16797952,4096,15,3,9,9
146,153118709,1046941,13,144181760,65536,25,5,9,9
146,153118709,1046941,14,121610240,65536,25,5,9,9
146,153118709,1046941,15,151549696,1024,13,3,9,9
146,153118709,1046941,16,153102080,16384,12,2,9,9
147,154165650,1049166,0,13641728,16384,89,15,9,9
147,154165650,1049166,1,16797952,16384,53,9,9,9
147,154165650,1049166,2,121674752,1024,42,12,9,9
147,154165650,1049166,3,151548160,4096,39,11,9,9
147,154165650,1049166,4,143684864,65536,36,6,9,9
147,154165650,1049166,5,34637312,65536,36,6,9,9
147,154165650,1049166,6,144744704,65536,36,6,9,9
147,154165650,1049166,7,40379136,65536,36,6,9,9
147,154165650,1049166,8,3080960,65536,36,6,9,9
147,154165650,1049166,9,28852736,16384,27,5,9,9
147,154165650,1049166,10,153052928,65536,27,5,9,9
147,154165650,1049166,11,44573440,65536,27,5,9,9
147,154165650,1049166,12,121671680,4096,39,11,9,9
147,154165650,1049166,13,151549696,1024,39,11,9,9
147,154165650,1049166,14,144181760,65536,36,6,9,9
147,154165650,1049166,15,2097920,16384,27,5,9,9
147,154165650,1049166,16,28858880,4096,27,5,9,9
148,155214816,1048578,0,13641728,16384,58,10,9,9
148,155214816,1048578,1,121674752,1024,53,15,9,9
148,155214816,1048578,2,28852736,16384,48,8,9,9
148,155214816,1048578,3,83878912,65536,48,8,9,9
148,155214816,1048578,4,153052928,65536,48,8,9,9
148,155214816,1048578,5,2097920,16384,48,8,9,9
148,155214816,1048578,6,138960896,16384,48,8,9,9
148,155214816,1048578,7,44573440,65536,48,8,9,9
148,155214816,1048578,8,1048320,65536,48,8,9,9
148,155214816,1048578,9,4129792,65536,48,8,9,9
148,155214816,1048578,10,143684864,65536,46,8,9,9
148,155214816,1048578,11,34637312,65536,46,8,9,9
148,155214816,1048578,12,121671680,4096,53,13,9,9
148,155214816,1048578,13,28858880,4096,48,8,9,9
148,155214816,1048578,14,3080960,65536,46,8,9,9
148,155214816,1048578,15,1540096,65536,48,8,9,9
149,156263394,1050649,0,28852736,16384,102,18,9,9
149,156263394,1050649,1,121659392,16384,102,18,9,9
149,156263394,1050649,2,83878912,65536,102,18,9,9
149,156263394,1050649,3,138960896,16384,102,18,9,9
149,156263394,1050649,4,2097920,16384,102,18,9,9
149,156263394,1050649,5,153052928,65536,102,18,9,9
149,156263394,1050649,6,44573440,65536,102,18,9,9
149,156263394,1050649,7,1048320,65536,102,18,9,9
149,156263394,1050649,8,4129792,65536,102,18,9,9
149,156263394,1050649,9,13641728,16384,56,10,9,9
149,156263394,1050649,10,34637312,65536,51,9,9,9
149,156263394,1050649,11,144744704,65536,51,9,9,9
149,156263394,1050649,12,28858880,4096,102,18,9,9
149,156263394,1050649,13,121671680,4096,53,13,9,9
149,156263394,1050649,14,3080960,65536,51,9,9,9
149,156263394,1050649,15,1540096,65536,102,18,9,9
150,157314043,1046398,0,121671680,4096,66,14,9,9
150,157314043,1046398,1,16797952,4096,46,10,9,9
150,157314043,1046398,2,151548160,4096,41,9,9,9
150,157314043,1046398,3,28852736,16384,33,5,9,9
150,157314043,1046398,4,44573440,65536,33,5,9,9
150,157314043,1046398,5,2097920,16384,33,5,9,9
150,157314043,1046398,6,153052928,65536,33,5,9,9
150,157314043,1046398,7,83878912,65536,33,5,9,9
150,157314043,1046398,8,1048320,65536,33,5,9,9
150,157314043,1046398,9,138960896,16384,33,5,9,9
150,157314043,1046398,10,4129792,65536,33,5,9,9
150,157314043,1046398,11,146842112,4096,25,5,9,9
150,157314043,1046398,12,121674752,1024,41,9,9,9
150,157314043,1046398,13,151549696,1024,41,9,9,9
150,157314043,1046398,14,28858880,4096,33,5,9,9
150,157314043,1046398,15,1540096,65536,33,5,9,9
151,158360441,1048546,0,16797952,4096,70,16,9,9
151,158360441,1048546,1,13641728,16384,63,11,9,9
151,158360441,1048546,2,156259072,4096,46,10,9,9
151,158360441,1048546,3,27812352,4096,46,10,9,9
151,158360441,1048546,4,16271616,4096,46,10,9,9
151,158360441,1048546,5,121671680,4096,39,9,9,9
151,158360441,1048546,6,28852736,16384,39,7,9,9
151,158360441,1048546,7,153052928,65536,39,7,9,9
151,158360441,1048546,8,138960896,16384,39,7,9,9
151,158360441,1048546,9,83878912,65536,39,7,9,9
151,158360441,1048546,10,2097920,16384,39,7,9,9
151,158360441,1048546,11,44573440,65536,39,7,9,9
151,158360441,1048546,12,16797952,16384,39,7,9,9
151,158360441,1048546,13,27813888,1024,46,10,9,9
152,159408987,1048203,0,16797952,4096,61,15,9,9
152,159408987,1048203,1,13641728,16384,43,9,9,9
152,159408987,1048203,2,27812352,4096,42,10,9,9
152,159408987,1048203,3,121671680,4096,42,10,9,9
152,159408987,1048203,4,156259072,4096,42,10,9,9
152,159408987,1048203,5,16271616,4096,42,10,9,9
152,159408987,1048203,6,157314048,65536,27,5,9,9
152,159408987,1048203,7,156755712,65536,27,5,9,9
152,159408987,1048203,8,143684864,65536,27,5,9,9
152,159408987,1048203,9,34637312,65536,27,5,9,9
152,159408987,1048203,10,144744704,65536,27,5,9,9
152,159408987,1048203,11,3080960,65536,27,5,9,9
153,160457190,1049443,0,16797952,4096,51,11,9,9
153,160457190,1049443,1,13641728,16384,45,9,9,9
153,160457190,1049443,2,156259072,4096,36,8,9,9
153,160457190,1049443,3,27812352,4096,36,8,9,9
153,160457190,1049443,4,16271616,4096,36,8,9,9
153,160457190,1049443,5,121671680,4096,28,6,9,9
153,160457190,1049443,6,157314048,65536,24,4,9,9
153,160457190,1049443,7,156755712,65536,24,4,9,9
153,160457190,1049443,8,144744704,65536,24,4,9,9
153,160457190,1049443,9,34637312,65536,24,4,9,9
153,160457190,1049443,10,3080960,65536,24,4,9,9
153,160457190,1049443,11,143684864,65536,24,4,9,9
153,160457190,1049443,12,27813888,1024,36,8,9,9
153,160457190,1049443,13,121119232,65536,24,4,9,9
154,161506633,1047273,0,121119232,65536,66,10,9,9
154,161506633,1047273,1,16797952,4096,44,10,9,9
154,161506633,1047273,2,151548160,4096,36,8,9,9
154,161506633,1047273,3,28852736,16384,24,4,9,9
154,161506633,1047273,4,44573440,65536,24,4,9,9
154,161506633,1047273,5,138960896,16384,24,4,9,9
154,161506633,1047273,6,2097920,16384,24,4,9,9
154,161506633,1047273,7,83878912,65536,24,4,9,9
154,161506633,1047273,8,153052928,65536,24,4,9,9
154,161506633,1047273,9,4129792,65536,24,4,9,9
154,161506633,1047273,10,1048320,65536,24,4,9,9
154,161506633,1047273,11,159930880,4096,23,5,9,9
154,161506633,1047273,12,121610240,65536,66,10,9,9
155,162553906,1047278,0,121671680,4096,60,12,9,9
155,162553906,1047278,1,13641728,16384,54,8,9,9
155,162553906,1047278,2,16797952,4096,45,9,9,9
155,162553906,1047278,3,144744704,65536,42,6,9,9
155,162553906,1047278,4,157314048,65536,42,6,9,9
155,162553906,1047278,5,143684864,65536,42,6,9,9
155,162553906,1047278,6,156755712,65536,42,6,9,9
155,162553906,1047278,7,34637312,65536,42,6,9,9
155,162553906,1047278,8,40379136,65536,42,6,9,9
155,162553906,1047278,9,3080960,65536,42,6,9,9
155,162553906,1047278,10,28852736,16384,33,5,9,9
155,162553906,1047278,11,151548160,4096,33,7,9,9
155,162553906,1047278,12,121119232,65536,42,6,9,9
155,162553906,1047278,13,144181760,65536,42,6,9,9
156,163601184,1044809,0,16797952,4096,89,21,9,9
156,163601184,1044809,1,121119232,65536,87,13,9,9
156,163601184,1044809,2,1048320,65536,79,13,9,9
156,163601184,1044809,3,28852736,16384,79,13,9,9
156,163601184,1044809,4,2097920,16384,79,13,9,9
156,163601184,1044809,5,83878912,65536,79,13,9,9
156,163601184,1044809,6,44573440,65536,79,13,9,9
156,163601184,1044809,7,153052928,65536,79,13,9,9
156,163601184,1044809,8,138960896,16384,79,13,9,9
156,163601184,1044809,9,4129792,65536,79,13,9,9
156,163601184,1044809,10,159930880,4096,50,12,9,9
156,163601184,1044809,11,163535616,65536,45,7,9,9
156,163601184,1044809,12,121659392,16384,79,13,9,9
156,163601184,1044809,13,1540096,65536,79,13,9,9
156,163601184,1044809,14,28858880,4096,79,13,9,9
157,164645993,1046364,0,121659392,16384,74,12,9,9
157,164645993,1046364,1,28852736,16384,74,12,9,9
157,164645993,1046364,2,83878912,65536,74,12,9,9
157,164645993,1046364,3,44573440,65536,74,12,9,9
157,164645993,1046364,4,2097920,16384,74,12,9,9
157,164645993,1046364,5,153052928,65536,74,12,9,9
157,164645993,1046364,6,138960896,16384,74,12,9,9
157,164645993,1046364,7,1048320,65536,74,12,9,9
157,164645993,1046364,8,4129792,65536,74,12,9,9
157,164645993,1046364,9,16797952,4096,45,11,9,9
157,164645993,1046364,10,163601408,65536,33,5,9,9
157,164645993,1046364,11,163535616,65536,33,5,9,9
157,164645993,1046364,12,28858880,4096,74,12,9,9
157,164645993,1046364,13,1540096,65536,74,12,9,9
158,165692357,1048654,0,16797952,4096,43,11,9,9
158,165692357,1048654,1,28852736,16384,36,6,9,9
158,165692357,1048654,2,121659392,16384,36,6,9,9
158,165692357,1048654,3,138960896,16384,36,6,9,9
158,165692357,1048654,4,83878912,65536,36,6,9,9
158,165692357,1048654,5,2097920,16384,36,6,9,9
158,165692357,1048654,6,44573440,65536,36,6,9,9
158,165692357,1048654,7,153052928,65536,36,6,9,9
158,165692357,1048654,8,1048320,65536,36,6,9,9
158,165692357,1048654,9,4129792,65536,36,6,9,9
158,165692357,1048654,10,156259072,4096,29,7,9,9
158,165692357,1048654,11,13641728,16384,26,4,9,9
159,166741011,1051639,0,163535616,65536,87,13,9,9
159,166741011,1051639,1,13641728,16384,54,8,9,9
159,166741011,1051639,2,121671680,4096,52,12,9,9
159,166741011,1051639,3,163601408,65536,42,6,9,9
159,166741011,1051639,4,157314048,65536,42,6,9,9
159,166741011,1051639,5,144744704,65536,42,6,9,9
159,166741011,1051639,6,16797952,4096,42,10,9,9
159,166741011,1051639,7,143684864,65536,42,6,9,9
159,166741011,1051639,8,156755712,65536,42,6,9,9
159,166741011,1051639,9,40379136,65536,42,6,9,9
159,166741011,1051639,10,34637312,65536,42,6,9,9
159,166741011,1051639,11,3080960,65536,42,6,9,9
160,167792650,1046187,0,166741248,4096,28,6,9,9
160,167792650,1046187,1,121659392,16384,28,6,9,9
160,167792650,1046187,2,153052928,65536,28,6,9,9
160,167792650,1046187,3,83878912,65536,28,6,9,9
160,167792650,1046187,4,44573440,65536,28,6,9,9
160,167792650,1046187,5,138960896,16384,28,6,9,9
160,167792650,1046187,6,2097920,16384,28,6,9,9
160,167792650,1046187,7,1048320,65536,28,6,9,9
160,167792650,1046187,8,4129792,65536,28,6,9,9
160,167792650,1046187,9,163535616,65536,15,3,9,9
160,167792650,1046187,10,165160960,16384,15,3,9,9
160,167792650,1046187,11,16797952,4096,15,3,9,9
160,167792650,1046187,12,166741248,16384,28,6,9,9
160,167792650,1046187,13,121671680,4096,18,4,9,9
160,167792650,1046187,14,1540096,65536,28,6,9,9
161,168838837,1043875,0,16797952,4096,57,13,9,9
161,168838837,1043875,1,121671680,4096,46,12,9,9
161,168838837,1043875,2,166741248,4096,45,7,9,9
161,168838837,1043875,3,138960896,16384,45,7,9,9
161,168838837,1043875,4,44573440,65536,45,7,9,9
161,168838837,1043875,5,83878912,65536,45,7,9,9
161,168838837,1043875,6,2097920,16384,45,7,9,9
161,168838837,1043875,7,153052928,65536,45,7,9,9
161,168838837,1043875,8,1048320,65536,45,7,9,9
161,168838837,1043875,9,4129792,65536,45,7,9,9
161,168838837,1043875,10,166214656,4096,37,9,9,9
161,168838837,1043875,11,159930880,4096,37,9,9,9
162,169882712,1048075,0,16797952,4096,37,9,9,9
162,169882712,1048075,1,121671680,4096,28,8,9,9
162,169882712,1048075,2,166741248,4096,24,4,9,9
162,169882712,1048075,3,166214656,4096,24,6,9,9
162,169882712,1048075,4,168822272,16384,24,4,9,9
162,169882712,1048075,5,159930880,4096,24,6,9,9
162,169882712,1048075,6,146842112,4096,24,6,9,9
162,169882712,1048075,7,83878912,65536,24,4,9,9
162,169882712,1048075,8,138960896,16384,24,4,9,9
162,169882712,1048075,9,2097920,16384,24,4,9,9
162,169882712,1048075,10,44573440,65536,24,4,9,9
162,169882712,1048075,11,153052928,65536,24,4,9,9
162,169882712,1048075,12,120628224,4096,24,6,9,9
162,169882712,1048075,13,166741248,16384,24,4,9,9
163,170930787,1044859,0,163535616,65536,92,14,9,9
163,170930787,1044859,1,13641728,16384,76,12,9,9
163,170930787,1044859,2,163601408,65536,71,11,9,9
163,170930787,1044859,3,157314048,65536,71,11,9,9
163,170930787,1044859,4,143684864,65536,71,11,9,9
163,170930787,1044859,5,156755712,65536,71,11,9,9
163,170930787,1044859,6,34637312,65536,71,11,9,9
163,170930787,1044859,7,144744704,65536,71,11,9,9
163,170930787,1044859,8,40379136,65536,71,11,9,9
163,170930787,1044859,9,3080960,65536,71,11,9,9
163,170930787,1044859,10,166741248,65536,69,11,9,9
163,170930787,1044859,11,121659392,16384,48,8,9,9
163,170930787,1044859,12,144181760,65536,71,11,9,9
164,171975646,1049530,0,143680512,4096,40,8,10,10
164,171975646,1049530,1,42508288,4096,30,6,10,10
164,171975646,1049530,2,90757632,4096,25,5,10,10
164,171975646,1049530,3,5759488,16384,24,4,10,10
164,171975646,1049530,4,64530688,16384,24,4,10,10
164,171975646,1049530,5,82362624,16384,24,4,10,10
164,171975646,1049530,6,102809600,4096,24,4,10,10
164,171975646,1049530,7,87087872,4096,23,5,10,10
164,171975646,1049530,8,99667200,256,21,7,10,10
164,171975646,1049530,9,100715776,1024,21,7,10,10
164,171975646,1049530,10,66113280,4096,15,3,10,10
164,171975646,1049530,11,148868352,65536,12,2,10,10
164,171975646,1049530,12,143152128,16384,24,4,10,10
164,171975646,1049530,13,42968832,65536,12,2,10,10
164,171975646,1049530,14,88132352,4096,23,5,10,10
164,171975646,1049530,15,99667200,1024,21,7,10,10
165,173025176,1048648,0,171420416,65536,105,17,9,9
165,173025176,1048648,1,163535616,65536,75,11,9,9
165,173025176,1048648,2,166741248,4096,72,12,9,9
165,173025176,1048648,3,121659392,16384,72,12,9,9
165,173025176,1048648,4,83878912,65536,72,12,9,9
165,173025176,1048648,5,2097920,16384,72,12,9,9
165,173025176,1048648,6,4129792,65536,72,12,9,9
165,173025176,1048648,7,138960896,16384,72,12,9,9
165,173025176,1048648,8,153052928,65536,72,12,9,9
165,173025176,1048648,9,1048320,65536,72,12,9,9
165,173025176,1048648,10,13641728,16384,69,11,9,9
165,173025176,1048648,11,165688064,4096,40,10,9,9
166,174073824,1037472,0,16797952,4096,41,9,9,9
166,174073824,1037472,1,156259072,4096,31,7,9,9
166,174073824,1037472,2,171420416,65536,30,4,9,9
166,174073824,1037472,3,121671680,4096,29,7,9,9
166,174073824,1037472,4,27812352,4096,26,6,9,9
166,174073824,1037472,5,16271616,4096,26,6,9,9
166,174073824,1037472,6,165691136,1024,24,8,9,9
166,174073824,1037472,7,156755712,65536,21,3,9,9
166,174073824,1037472,8,157314048,65536,21,3,9,9
166,174073824,1037472,9,144181760,65536,21,3,9,9
166,174073824,1037472,10,163601408,65536,21,3,9,9
166,174073824,1037472,11,34637312,65536,21,3,9,9
167,175111296,1052652,0,171420416,65536,78,12,9,9
167,175111296,1052652,1,13641728,16384,54,8,9,9
167,175111296,1052652,2,156755712,65536,42,6,9,9
167,175111296,1052652,3,157314048,65536,42,6,9,9
167,175111296,1052652,4,34637312,65536,42,6,9,9
167,175111296,1052652,5,144181760,65536,42,6,9,9
167,175111296,1052652,6,163535616,65536,42,6,9,9
167,175111296,1052652,7,144744704,65536,42,6,9,9
167,175111296,1052652,8,163601408,65536,42,6,9,9
167,175111296,1052652,9,40379136,65536,42,6,9,9
167,175111296,1052652,10,3080960,65536,42,6,9,9
167,175111296,1052652,11,175045632,65536,36,6,9,9
168,176163948,1030724,0,143680512,4096,59,15,10,10
168,176163948,1030724,1,42508288,4096,59,15,10,10
168,176163948,1030724,2,94918912,65536,52,10,10,10
168,176163948,1030724,3,97572096,16384,52,10,10,10
168,176163948,1030724,4,100183040,16384,52,10,10,10
168,176163948,1030724,5,87087872,65536,52,10,10,10
168,176163948,1030724,6,88136704,16384,52,10,10,10
168,176163948,1030724,7,122707712,16384,52,10,10,10
168,176163948,1030724,8,125843200,16384,52,10,10,10
168,176163948,1030724,9,148868352,65536,52,10,10,10
168,176163948,1030724,10,90757632,4096,50,12,10,10
168,176163948,1030724,11,82362624,16384,42,8,10,10
169,177194672,1049078,0,171420416,65536,77,13,9,9
169,177194672,1049078,1,13641728,16384,54,8,9,9
169,177194672,1049078,2,121671680,4096,51,11,9,9
169,177194672,1049078,3,16797952,4096,46,10,9,9
169,177194672,1049078,4,163535616,65536,42,6,9,9
169,177194672,1049078,5,144181760,65536,42,6,9,9
169,177194672,1049078,6,156755712,65536,42,6,9,9
169,177194672,1049078,7,157314048,65536,42,6,9,9
169,177194672,1049078,8,34637312,65536,42,6,9,9
169,177194672,1049078,9,163601408,65536,42,6,9,9
169,177194672,1049078,10,144744704,65536,42,6,9,9
169,177194672,1049078,11,3080960,65536,42,6,9,9
170,178243750,1052178,0,171420416,65536,69,11,9,9
170,178243750,1052178,1,13641728,16384,57,9,9,9
170,178243750,1052178,2,163535616,65536,45,7,9,9
170,178243750,1052178,3,156755712,65536,45,7,9,9
170,178243750,1052178,4,157314048,65536,45,7,9,9
170,178243750,1052178,5,163601408,65536,45,7,9,9
170,178243750,1052178,6,144181760,65536,45,7,9,9
170,178243750,1052178,7,34637312,65536,45,7,9,9
170,178243750,1052178,8,40379136,65536,45,7,9,9
170,178243750,1052178,9,144744704,65536,45,7,9,9
170,178243750,1052178,10,3080960,65536,45,7,9,9
170,178243750,1052178,11,16797952,4096,43,9,9,9
171,179295928,1047324,0,16797952,4096,72,16,9,9
171,179295928,1047324,1,121671680,4096,54,12,9,9
171,179295928,1047324,2,166214656,4096,44,10,9,9
171,179295928,1047324,3,159930880,4096,44,10,9,9
171,179295928,1047324,4,146842112,4096,44,10,9,9
171,179295928,1047324,5,156259072,4096,36,8,9,9
171,179295928,1047324,6,138449408,256,32,8,9,9
171,179295928,1047324,7,27812352,4096,28,6,9,9
171,179295928,1047324,8,174590464,4096,28,6,9,9
171,179295928,1047324,9,16271616,4096,28,6,9,9
171,179295928,1047324,10,34107136,4096,16,4,9,9
171,179295928,1047324,11,166741248,4096,12,2,9,9
171,179295928,1047324,12,120628224,4096,44,10,9,9
171,179295928,1047324,13,138449408,1024,32,8,9,9
171,179295928,1047324,14,27813888,1024,28,6,9,9
172,180343252,1042821,0,164123136,1024,26,6,9,9
172,180343252,1042821,1,121671680,4096,25,5,9,9
172,180343252,1042821,2,165691136,1024,23,5,9,9
172,180343252,1042821,3,163535616,65536,21,3,9,9
172,180343252,1042821,4,151548160,4096,20,4,9,9
172,180343252,1042821,5,138449408,256,19,5,9,9
172,180343252,1042821,6,34107136,4096,18,4,9,9
172,180343252,1042821,7,171420416,65536,15,3,9,9
172,180343252,1042821,8,166741248,4096,15,3,9,9
172,180343252,1042821,9,175045632,65536,15,3,9,9
172,180343252,1042821,10,178227200,16384,15,3,9,9
172,180343252,1042821,11,2097920,16384,15,3,9,9
172,180343252,1042821,12,164123392,256,26,6,9,9
172,180343252,1042821,13,121119232,65536,21,3,9,9
173,181386073,1052237,0,171420416,65536,123,21,9,9
173,181386073,1052237,1,13641728,16384,89,15,9,9
173,181386073,1052237,2,163535616,65536,76,12,9,9
173,181386073,1052237,3,175045632,65536,63,11,9,9
173,181386073,1052237,4,178227200,16384,63,11,9,9
173,181386073,1052237,5,2097920,16384,63,11,9,9
173,181386073,1052237,6,166741248,4096,63,11,9,9
173,181386073,1052237,7,1048320,65536,63,11,9,9
173,181386073,1052237,8,153052928,65536,63,11,9,9
173,181386073,1052237,9,4129792,65536,63,11,9,9
173,181386073,1052237,10,179786752,65536,60,10,9,9
173,181386073,1052237,11,180343296,65536,60,10,9,9
174,182438310,1048420,0,171420416,65536,166,32,9,9
174,182438310,1048420,1,13641728,16384,123,23,9,9
174,182438310,1048420,2,163535616,65536,95,17,9,9
174,182438310,1048420,3,175045632,65536,92,18,9,9
174,182438310,1048420,4,2097920,16384,92,18,9,9
174,182438310,1048420,5,178227200,16384,92,18,9,9
174,182438310,1048420,6,1048320,65536,92,18,9,9
174,182438310,1048420,7,16797952,4096,92,20,9,9
174,182438310,1048420,8,166741248,4096,92,18,9,9
174,182438310,1048420,9,153052928,65536,92,18,9,9
174,182438310,1048420,10,4129792,65536,92,18,9,9
174,182438310,1048420,11,121671680,4096,84,18,9,9
175,183486730,1046059,0,16797952,4096,67,15,9,9
175,183486730,1046059,1,121671680,4096,51,11,9,9
175,183486730,1046059,2,27812352,4096,36,8,9,9
175,183486730,1046059,3,156259072,4096,36,8,9,9
175,183486730,1046059,4,174590464,4096,36,8,9,9
175,183486730,1046059,5,16271616,4096,36,8,9,9
175,183486730,1046059,6,181910016,4096,31,7,9,9
175,183486730,1046059,7,166214656,4096,31,7,9,9
175,183486730,1046059,8,159930880,4096,31,7,9,9
175,183486730,1046059,9,146842112,4096,31,7,9,9
175,183486730,1046059,10,138449408,256,24,8,9,9
175,183486730,1046059,11,165691136,1024,23,5,9,9
175,183486730,1046059,12,120628224,4096,31,7,9,9
175,183486730,1046059,13,27813888,1024,36,8,9,9
176,184532789,1042547,0,171420416,65536,36,6,9,9
176,184532789,1042547,1,175045632,65536,36,6,9,9
176,184532789,1042547,2,2097920,16384,36,6,9,9
176,184532789,1042547,3,178227200,16384,36,6,9,9
176,184532789,1042547,4,166741248,4096,36,6,9,9
176,184532789,1042547,5,1048320,65536,36,6,9,9
176,184532789,1042547,6,153052928,65536,36,6,9,9
176,184532789,1042547,7,4129792,65536,36,6,9,9
176,184532789,1042547,8,164123136,1024,27,7,9,9
176,184532789,1042547,9,16797952,4096,26,6,9,9
176,184532789,1042547,10,27812352,4096,18,4,9,9
176,184532789,1042547,11,156259072,4096,18,4,9,9
176,184532789,1042547,12,166741248,16384,36,6,9,9
176,184532789,1042547,13,1540096,65536,36,6,9,9
177,185575336,1045763,0,121671680,4096,46,10,9,9
177,185575336,1045763,1,156263424,16384,39,7,9,9
177,185575336,1045763,2,19943424,16384,39,7,9,9
177,185575336,1045763,3,16797952,4096,36,8,9,9
177,185575336,1045763,4,181910016,4096,31,7,9,9
177,185575336,1045763,5,159930880,4096,31,7,9,9
177,185575336,1045763,6,166214656,4096,31,7,9,9
177,185575336,1045763,7,146842112,4096,31,7,9,9
177,185575336,1045763,8,165691136,1024,22,6,9,9
177,185575336,1045763,9,159407872,1024,17,5,9,9
177,185575336,1045763,10,151548160,4096,15,3,9,9
177,185575336,1045763,11,171420416,65536,12,2,9,9
177,185575336,1045763,12,120628224,4096,31,7,9,9
178,186621099,1049227,0,42508288,4096,95,23,10,10
178,186621099,1049227,1,97572096,16384,87,15,10,10
178,186621099,1049227,2,100183040,16384,87,15,10,10
178,186621099,1049227,3,87087872,65536,87,15,10,10
178,186621099,1049227,4,122707712,16384,87,15,10,10
178,186621099,1049227,5,88136704,16384,87,15,10,10
178,186621099,1049227,6,94918912,65536,87,15,10,10
178,186621099,1049227,7,125843200,16384,87,15,10,10
178,186621099,1049227,8,148868352,65536,87,15,10,10
178,186621099,1049227,9,143680512,4096,76,18,10,10
178,186621099,1049227,10,43556352,4096,55,13,10,10
178,186621099,1049227,11,53000448,4096,55,13,10,10
179,187670326,1039704,0,171420416,65536,181,33,9,9
179,187670326,1039704,1,13641728,16384,132,24,9,9
179,187670326,1039704,2,182438400,65536,97,17,9,9
179,187670326,1039704,3,179786752,65536,97,17,9,9
179,187670326,1039704,4,180343296,65536,97,17,9,9
179,187670326,1039704,5,3080960,65536,97,17,9,9
179,187670326,1039704,6,164580352,65536,97,17,9,9
179,187670326,1039704,7,178243840,16384,97,17,9,9
179,187670326,1039704,8,1048320,65536,84,16,9,9
179,187670326,1039704,9,178227200,16384,84,16,9,9
179,187670326,1039704,10,175045632,65536,84,16,9,9
179,187670326,1039704,11,166741248,4096,84,16,9,9
180,188710030,1048350,0,143680512,4096,63,15,10,10
180,188710030,1048350,1,42508288,4096,59,13,10,10
180,188710030,1048350,2,5759488,16384,41,7,10,10
180,188710030,1048350,3,102809600,4096,41,7,10,10
180,188710030,1048350,4,82362624,16384,41,7,10,10
180,188710030,1048350,5,64530688,16384,41,7,10,10
180,188710030,1048350,6,176164096,1024,36,8,10,10
180,188710030,1048350,7,90757632,4096,36,8,10,10
180,188710030,1048350,8,66113280,4096,27,7,10,10
180,188710030,1048350,9,43556352,4096,23,5,10,10
180,188710030,1048350,10,70309120,4096,23,5,10,10
180,188710030,1048350,11,53000448,4096,23,5,10,10
180,188710030,1048350,12,143152128,16384,41,7,10,10
180,188710030,1048350,13,176164096,4096,36,8,10,10
181,189758380,1048434,0,124285696,4096,41,11,6,6
181,189758380,1048434,1,107522048,16384,35,7,6,6
181,189758380,1048434,2,73457664,4096,25,5,6,6
181,189758380,1048434,3,104910592,4096,25,5,6,6
181,189758380,1048434,4,104893952,16384,24,4,6,6
181,189758380,1048434,5,40937216,16384,24,4,6,6
181,189758380,1048434,6,118538752,16384,24,4,6,6
181,189758380,1048434,7,117424640,65536,24,4,6,6
181,189758380,1048434,8,48260352,16384,24,4,6,6
181,189758380,1048434,9,46669568,65536,24,4,6,6
181,189758380,1048434,10,114355712,256,24,4,6,6
181,189758380,1048434,11,118522112,16384,8,2,6,6
181,189758380,1048434,12,107529728,1024,30,6,6,6
181,189758380,1048434,13,73460736,1024,25,5,6,6
181,189758380,1048434,14,46694144,16384,24,4,6,6
181,189758380,1048434,15,114355712,1024,24,4,6,6
181,189758380,1048434,16,118534400,4096,8,2,6,6
182,190806814,1045886,0,42508288,4096,57,13,10,10
182,190806814,1045886,1,143680512,4096,50,12,10,10
182,190806814,1045886,2,97572096,16384,43,9,10,10
182,190806814,1045886,3,122707712,16384,43,9,10,10
182,190806814,1045886,4,94918912,65536,43,9,10,10
182,190806814,1045886,5,87087872,65536,43,9,10,10
182,190806814,1045886,6,125843200,16384,43,9,10,10
182,190806814,1045886,7,100183040,16384,43,9,10,10
182,190806814,1045886,8,148868352,65536,43,9,10,10
182,190806814,1045886,9,88136704,16384,43,9,10,10
182,190806814,1045886,10,86021632,16384,39,7,10,10
182,190806814,1045886,11,127956224,1024,39,7,10,10
183,191852700,1047401,0,143680512,4096,45,11,10,10
183,191852700,1047401,1,42508288,4096,41,11,10,10
183,191852700,1047401,2,90757632,4096,32,8,10,10
183,191852700,1047401,3,176164096,1024,32,8,10,10
183,191852700,1047401,4,100715776,1024,18,6,10,10
183,191852700,1047401,5,97572096,16384,16,4,10,10
183,191852700,1047401,6,122707712,16384,16,4,10,10
183,191852700,1047401,7,94918912,65536,16,4,10,10
183,191852700,1047401,8,125843200,16384,16,4,10,10
183,191852700,1047401,9,87087872,65536,16,4,10,10
183,191852700,1047401,10,100183040,16384,16,4,10,10
183,191852700,1047401,11,148868352,65536,16,4,10,10
184,192900101,1047633,0,171420416,65536,91,17,9,9
184,192900101,1047633,1,178227200,16384,91,17,9,9
184,192900101,1047633,2,2097920,16384,91,17,9,9
184,192900101,1047633,3,175045632,65536,91,17,9,9
184,192900101,1047633,4,1048320,65536,91,17,9,9
184,192900101,1047633,5,166741248,4096,91,17,9,9
184,192900101,1047633,6,153052928,65536,91,17,9,9
184,192900101,1047633,7,4129792,65536,91,17,9,9
184,192900101,1047633,8,16797952,4096,58,12,9,9
184,192900101,1047633,9,156259072,4096,40,8,9,9
184,192900101,1047633,10,27812352,4096,35,7,9,9
184,192900101,1047633,11,16271616,4096,35,7,9,9
184,192900101,1047633,12,1540096,65536,91,17,9,9
185,193947734,1051812,0,171420416,65536,107,17,9,9
185,193947734,1051812,1,175045632,65536,86,14,9,9
185,193947734,1051812,2,178227200,16384,86,14,9,9
185,193947734,1051812,3,2097920,16384,86,14,9,9
185,193947734,1051812,4,166741248,4096,86,14,9,9
185,193947734,1051812,5,153052928,65536,86,14,9,9
185,193947734,1051812,6,1048320,65536,86,14,9,9
185,193947734,1051812,7,4129792,65536,86,14,9,9
185,193947734,1051812,8,16797952,4096,75,17,9,9
185,193947734,1051812,9,156259072,4096,56,12,9,9
185,193947734,1051812,10,27812352,4096,51,11,9,9
185,193947734,1051812,11,16271616,4096,51,11,9,9
186,194999546,1050949,0,16797952,4096,49,11,9,9
186,194999546,1050949,1,27812352,4096,31,7,9,9
186,194999546,1050949,2,16271616,4096,31,7,9,9
186,194999546,1050949,3,156259072,4096,31,7,9,9
186,194999546,1050949,4,174590464,4096,31,7,9,9
186,194999546,1050949,5,13641728,16384,24,4,9,9
186,194999546,1050949,6,120628224,4096,18,4,9,9
186,194999546,1050949,7,181910016,4096,18,4,9,9
186,194999546,1050949,8,166214656,4096,18,4,9,9
186,194999546,1050949,9,146842112,4096,18,4,9,9
186,194999546,1050949,10,159930880,4096,18,4,9,9
186,194999546,1050949,11,138449408,256,17,5,9,9
186,194999546,1050949,12,16797952,16384,12,2,9,9
186,194999546,1050949,13,27813888,1024,31,7,9,9
186,194999546,1050949,14,121671680,4096,18,4,9,9
186,194999546,1050949,15,138449408,1024,17,5,9,9
187,196050495,1045237,0,171420416,65536,42,6,9,9
187,196050495,1045237,1,16797952,4096,36,8,9,9
187,196050495,1045237,2,13641728,16384,36,6,9,9
187,196050495,1045237,3,156259072,4096,28,6,9,9
187,196050495,1045237,4,174590464,4096,23,5,9,9
187,196050495,1045237,5,16271616,4096,23,5,9,9
187,196050495,1045237,6,27812352,4096,23,5,9,9
187,196050495,1045237,7,182438400,65536,21,3,9,9
187,196050495,1045237,8,179786752,65536,21,3,9,9
187,196050495,1045237,9,178227200,16384,21,3,9,9
187,196050495,1045237,10,164580352,65536,21,3,9,9
187,196050495,1045237,11,180343296,65536,21,3,9,9
188,197095732,1052115,0,97572096,16384,93,17,10,10
188,197095732,1052115,1,100183040,16384,93,17,10,10
188,197095732,1052115,2,42968832,65536,93,17,10,10
188,197095732,1052115,3,122707712,16384,93,17,10,10
188,197095732,1052115,4,94918912,65536,93,17,10,10
188,197095732,1052115,5,148868352,65536,93,17,10,10
188,197095732,1052115,6,87087872,65536,93,17,10,10
188,197095732,1052115,7,125843200,16384,93,17,10,10
188,197095732,1052115,8,88136704,16384,93,17,10,10
188,197095732,1052115,9,101762560,16384,57,9,10,10
188,197095732,1052115,10,56115712,65536,57,9,10,10
188,197095732,1052115,11,62403072,65536,57,9,10,10
189,198147847,1049372,0,118538752,16384,78,14,6,6
189,198147847,1049372,1,48260352,16384,78,14,6,6
189,198147847,1049372,2,117424640,65536,78,14,6,6
189,198147847,1049372,3,104893952,16384,78,14,6,6
189,198147847,1049372,4,107988480,65536,78,14,6,6
189,198147847,1049372,5,40937216,16384,78,14,6,6
189,198147847,1049372,6,46669568,65536,78,14,6,6
189,198147847,1049372,7,114355712,256,78,14,6,6
189,198147847,1049372,8,119580160,65536,63,9,6,6
189,198147847,1049372,9,109043456,65536,63,9,6,6
189,198147847,1049372,10,105897472,65536,63,9,6,6
189,198147847,1049372,11,115398400,65536,24,4,6,6
189,198147847,1049372,12,47719680,65536,63,9,6,6
189,198147847,1049372,13,104353536,65536,63,9,6,6
189,198147847,1049372,14,46694144,16384,78,14,6,6
189,198147847,1049372,15,114355712,1024,78,14,6,6
189,198147847,1049372,16,104910592,4096,15,3,6,6
190,199197219,1048394,0,100183040,16384,42,8,10,10
190,199197219,1048394,1,122707712,16384,42,8,10,10
190,199197219,1048394,2,42968832,65536,42,8,10,10
190,199197219,1048394,3,97572096,16384,42,8,10,10
190,199197219,1048394,4,94918912,65536,42,8,10,10
190,199197219,1048394,5,148868352,65536,42,8,10,10
190,199197219,1048394,6,87087872,65536,42,8,10,10
190,199197219,1048394,7,125843200,16384,42,8,10,10
190,199197219,1048394,8,88136704,16384,42,8,10,10
190,199197219,1048394,9,102809600,4096,38,8,10,10
190,199197219,1048394,10,143680512,4096,38,10,10,10
190,199197219,1048394,11,64530688,16384,38,8,10,10
191,200245613,1048239,0,46669568,65536,48,8,6,6
191,200245613,1048239,1,48260352,16384,48,8,6,6
191,200245613,1048239,2,40937216,16384,48,8,6,6
191,200245613,1048239,3,104893952,16384,48,8,6,6
191,200245613,1048239,4,118538752,16384,48,8,6,6
191,200245613,1048239,5,117424640,65536,48,8,6,6
191,200245613,1048239,6,107988480,65536,48,8,6,6
191,200245613,1048239,7,114355712,256,48,8,6,6
191,200245613,1048239,8,73457664,4096,23,5,6,6
191,200245613,1048239,9,104910592,4096,23,5,6,6
191,200245613,1048239,10,199193088,4096,17,5,6,6
191,200245613,1048239,11,118522112,16384,12,2,6,6
191,200245613,1048239,12,46694144,16384,48,8,6,6
191,200245613,1048239,13,47719680,65536,12,2,6,6
191,200245613,1048239,14,104353536,65536,12,2,6,6
191,200245613,1048239,15,107522048,16384,12,2,6,6
191,200245613,1048239,16,114355712,1024,48,8,6,6
191,200245613,1048239,17,73460736,1024,23,5,6,6
191,200245613,1048239,18,105897472,65536,12,2,6,6
191,200245613,1048239,19,118534400,4096,12,2,6,6
192,201293852,1047487,0,104893952,16384,33,5,6,6
192,201293852,1047487,1,118538752,16384,33,5,6,6
192,201293852,1047487,2,46669568,65536,33,5,6,6
192,201293852,1047487,3,107988480,65536,33,5,6,6
192,201293852,1047487,4,48260352,16384,33,5,6,6
192,201293852,1047487,5,117424640,65536,33,5,6,6
192,201293852,1047487,6,114355712,256,33,5,6,6
192,201293852,1047487,7,40937216,16384,33,5,6,6
192,201293852,1047487,8,190249728,65536,24,4,6,6
192,201293852,1047487,9,119580160,65536,24,4,6,6
192,201293852,1047487,10,105897472,65536,24,4,6,6
192,201293852,1047487,11,109043456,65536,24,4,6,6
192,201293852,1047487,12,104353536,65536,24,4,6,6
192,201293852,1047487,13,46694144,16384,33,5,6,6
192,201293852,1047487,14,107522048,16384,24,4,6,6
192,201293852,1047487,15,47719680,65536,24,4,6,6
192,201293852,1047487,16,114355712,1024,33,5,6,6
192,201293852,1047487,17,190790400,16384,9,3,6,6
193,202341339,1048350,0,143680512,4096,65,15,10,10
193,202341339,1048350,1,42508288,4096,61,13,10,10
193,202341339,1048350,2,94918912,65536,51,9,10,10
193,202341339,1048350,3,122707712,16384,51,9,10,10
193,202341339,1048350,4,100183040,16384,51,9,10,10
193,202341339,1048350,5,97572096,16384,51,9,10,10
193,202341339,1048350,6,88136704,65536,51,9,10,10
193,202341339,1048350,7,125843200,16384,51,9,10,10
193,202341339,1048350,8,148868352,65536,51,9,10,10
193,202341339,1048350,9,200179968,65536,51,9,10,10
193,202341339,1048350,10,176164096,1024,38,8,10,10
193,202341339,1048350,11,90757632,4096,38,8,10,10
194,203389689,1048976,0,143680512,4096,67,15,10,10
194,203389689,1048976,1,42508288,4096,56,12,10,10
194,203389689,1048976,2,101762560,16384,42,6,10,10
194,203389689,1048976,3,111208192,65536,42,6,10,10
194,203389689,1048976,4,62403072,65536,42,6,10,10
194,203389689,1048976,5,132636928,65536,42,6,10,10
194,203389689,1048976,6,68145408,65536,42,6,10,10
194,203389689,1048976,7,70292480,16384,42,6,10,10
194,203389689,1048976,8,56115712,65536,42,6,10,10
194,203389689,1048976,9,121676032,65536,42,6,10,10
194,203389689,1048976,10,191852800,65536,42,6,10,10
194,203389689,1048976,11,176164096,1024,38,8,10,10
195,204438665,1048128,0,42968832,65536,103,19,10,10
195,204438665,1048128,1,100183040,16384,103,19,10,10
195,204438665,1048128,2,122707712,16384,103,19,10,10
195,204438665,1048128,3,94918912,65536,103,19,10,10
195,204438665,1048128,4,97572096,16384,103,19,10,10
195,204438665,1048128,5,200179968,65536,103,19,10,10
195,204438665,1048128,6,148868352,65536,103,19,10,10
195,204438665,1048128,7,88136704,65536,103,19,10,10
195,204438665,1048128,8,125843200,16384,103,19,10,10
195,204438665,1048128,9,43556352,4096,36,10,10,10
195,204438665,1048128,10,53000448,4096,36,10,10,10
195,204438665,1048128,11,143158272,4096,36,10,10,10
196,205486793,1041362,0,204954368,16384,101,19,10,10
196,205486793,1041362,1,97572096,16384,80,16,10,10
196,205486793,1041362,2,42968832,65536,80,16,10,10
196,205486793,1041362,3,94918912,65536,80,16,10,10
196,205486793,1041362,4,148868352,65536,80,16,10,10
196,205486793,1041362,5,100183040,16384,80,16,10,10
196,205486793,1041362,6,122707712,16384,80,16,10,10
196,205486793,1041362,7,200179968,65536,80,16,10,10
196,205486793,1041362,8,125843200,16384,80,16,10,10
196,205486793,1041362,9,68145408,65536,21,3,10,10
196,205486793,1041362,10,102253056,65536,21,3,10,10
196,205486793,1041362,11,62403072,65536,21,3,10,10
196,205486793,1041362,12,43017984,16384,80,16,10,10
197,206528155,1049722,0,204954368,16384,93,17,10,10
197,206528155,1049722,1,100183040,16384,64,12,10,10
197,206528155,1049722,2,42968832,65536,64,12,10,10
197,206528155,1049722,3,122707712,16384,64,12,10,10
197,206528155,1049722,4,97572096,16384,64,12,10,10
197,206528155,1049722,5,200179968,65536,64,12,10,10
197,206528155,1049722,6,94918912,65536,64,12,10,10
197,206528155,1049722,7,148868352,65536,64,12,10,10
197,206528155,1049722,8,125843200,16384,64,12,10,10
197,206528155,1049722,9,143680512,4096,41,9,10,10
197,206528155,1049722,10,100715776,1024,38,12,10,10
197,206528155,1049722,11,206462464,65536,29,5,10,10
198,207577877,1047909,0,204954368,16384,73,15,10,10
198,207577877,1047909,1,97572096,16384,52,12,10,10
198,207577877,1047909,2,122707712,16384,52,12,10,10
198,207577877,1047909,3,42968832,65536,52,12,10,10
198,207577877,1047909,4,100183040,16384,52,12,10,10
198,207577877,1047909,5,94918912,65536,52,12,10,10
198,207577877,1047909,6,200179968,65536,52,12,10,10
198,207577877,1047909,7,125843200,16384,52,12,10,10
198,207577877,1047909,8,148868352,65536,52,12,10,10
198,207577877,1047909,9,143680512,4096,43,9,10,10
198,207577877,1047909,10,66113280,4096,28,6,10,10
198,207577877,1047909,11,127430912,1024,23,5,10,10
199,208625786,1049940,0,143680512,4096,62,14,10,10
199,208625786,1049940,1,204954368,16384,56,10,10,10
199,208625786,1049940,2,42508288,4096,54,12,10,10
199,208625786,1049940,3,121676032,65536,44,8,10,10
199,208625786,1049940,4,68145408,65536,44,8,10,10
199,208625786,1049940,5,62403072,65536,44,8,10,10
199,208625786,1049940,6,56115712,65536,44,8,10,10
199,208625786,1049940,7,111208192,65536,44,8,10,10
199,208625786,1049940,8,70292480,16384,44,8,10,10
199,208625786,1049940,9,132636928,65536,44,8,10,10
199,208625786,1049940,10,206462464,65536,44,8,10,10
199,208625786,1049940,11,191852800,65536,44,8,10,10
200,209675726,1047286,0,100183040,16384,63,11,10,10
200,209675726,1047286,1,122707712,16384,63,11,10,10
200,209675726,1047286,2,209117952,65536,63,11,10,10
200,209675726,1047286,3,42968832,65536,63,11,10,10
200,209675726,1047286,4,125843200,16384,63,11,10,10
200,209675726,1047286,5,204954368,16384,63,11,10,10
200,209675726,1047286,6,148868352,65536,63,11,10,10
200,209675726,1047286,7,200179968,65536,63,11,10,10
200,209675726,1047286,8,102809600,4096,45,9,10,10
200,209675726,1047286,9,5759488,16384,45,9,10,10
200,209675726,1047286,10,64530688,16384,45,9,10,10
200,209675726,1047286,11,143152128,16384,45,9,10,10
201,210723012,1051312,0,178227200,16384,160,28,9,9
201,210723012,1051312,1,175045632,65536,160,28,9,9
201,210723012,1051312,2,171420416,65536,160,28,9,9
201,210723012,1051312,3,2097920,16384,160,28,9,9
201,210723012,1051312,4,1048320,65536,160,28,9,9
201,210723012,1051312,5,166741248,4096,160,28,9,9
201,210723012,1051312,6,153052928,65536,160,28,9,9
201,210723012,1051312,7,4129792,65536,160,28,9,9
201,210723012,1051312,8,13641728,16384,150,26,9,9
201,210723012,1051312,9,182438400,65536,114,18,9,9
201,210723012,1051312,10,179786752,65536,114,18,9,9
201,210723012,1051312,11,196540416,65536,114,18,9,9
202,211774324,1049489,0,208625920,4096,41,7,10,10
202,211774324,1049489,1,102809600,4096,41,7,10,10
202,211774324,1049489,2,64530688,16384,41,7,10,10
202,211774324,1049489,3,82362624,16384,41,7,10,10
202,211774324,1049489,4,5759488,16384,41,7,10,10
202,211774324,1049489,5,143152128,16384,41,7,10,10
202,211774324,1049489,6,204954368,16384,39,7,10,10
202,211774324,1049489,7,99601408,65536,36,6,10,10
202,211774324,1049489,8,42508288,4096,25,5,10,10
202,211774324,1049489,9,122707712,16384,24,4,10,10
202,211774324,1049489,10,100183040,16384,24,4,10,10
202,211774324,1049489,11,56674048,65536,24,4,10,10
203,212823813,1047894,0,204954368,16384,90,14,10,10
203,212823813,1047894,1,209117952,65536,69,11,10,10
203,212823813,1047894,2,42968832,65536,69,11,10,10
203,212823813,1047894,3,100183040,16384,69,11,10,10
203,212823813,1047894,4,122707712,16384,69,11,10,10
203,212823813,1047894,5,125843200,16384,69,11,10,10
203,212823813,1047894,6,200179968,65536,69,11,10,10
203,212823813,1047894,7,148868352,65536,69,11,10,10
203,212823813,1047894,8,53000448,4096,28,6,10,10
203,212823813,1047894,9,70309120,4096,28,6,10,10
203,212823813,1047894,10,43556352,4096,28,6,10,10
203,212823813,1047894,11,203385344,4096,28,6,10,10
204,213871707,1048295,0,104893952,16384,97,19,6,6
204,213871707,1048295,1,107988480,65536,97,19,6,6
204,213871707,1048295,2,118538752,16384,97,19,6,6
204,213871707,1048295,3,117424640,65536,97,19,6,6
204,213871707,1048295,4,48260352,16384,97,19,6,6
204,213871707,1048295,5,114355712,256,97,19,6,6
204,213871707,1048295,6,40937216,16384,97,19,6,6
204,213871707,1048295,7,46669568,65536,97,19,6,6
204,213871707,1048295,8,115398400,65536,36,6,6,6
204,213871707,1048295,9,199193088,4096,30,8,6,6
204,213871707,1048295,10,124285696,4096,28,6,6,6
204,213871707,1048295,11,104910592,4096,25,7,6,6
204,213871707,1048295,12,104353536,65536,21,3,6,6
204,213871707,1048295,13,107522048,16384,24,4,6,6
204,213871707,1048295,14,47719680,65536,21,3,6,6
204,213871707,1048295,15,114355712,1024,97,19,6,6
204,213871707,1048295,16,46694144,16384,97,19,6,6
204,213871707,1048295,17,105897472,65536,21,3,6,6
205,214920002,1050963,0,204954368,16384,135,21,10,10
205,214920002,1050963,1,122707712,16384,69,11,10,10
205,214920002,1050963,2,148868352,65536,69,11,10,10
205,214920002,1050963,3,209117952,65536,69,11,10,10
205,214920002,1050963,4,42968832,65536,69,11,10,10
205,214920002,1050963,5,100183040,16384,69,11,10,10
205,214920002,1050963,6,200179968,65536,69,11,10,10
205,214920002,1050963,7,125843200,16384,69,11,10,10
205,214920002,1050963,8,210657280,65536,66,10,10,10
205,214920002,1050963,9,206462464,65536,66,10,10,10
205,214920002,1050963,10,62403072,65536,66,10,10,10
205,214920002,1050963,11,56115712,65536,66,10,10,10
206,215970965,1044906,0,104893952,16384,53,9,6,6
206,215970965,1044906,1,114355712,256,53,9,6,6
206,215970965,1044906,2,40937216,16384,53,9,6,6
206,215970965,1044906,3,107988480,65536,53,9,6,6
206,215970965,1044906,4,117424640,65536,53,9,6,6
206,215970965,1044906,5,118538752,16384,53,9,6,6
206,215970965,1044906,6,46669568,65536,53,9,6,6
206,215970965,1044906,7,48260352,16384,53,9,6,6
206,215970965,1044906,8,124285696,4096,41,9,6,6
206,215970965,1044906,9,118006272,16384,28,6,6,6
206,215970965,1044906,10,190249728,65536,21,3,6,6
206,215970965,1044906,11,105897472,65536,21,3,6,6
206,215970965,1044906,12,104353536,65536,21,3,6,6
206,215970965,1044906,13,114355712,1024,53,9,6,6
206,215970965,1044906,14,107522048,16384,40,8,6,6
206,215970965,1044906,15,46694144,16384,53,9,6,6
206,215970965,1044906,16,47719680,65536,21,3,6,6
206,215970965,1044906,17,118522112,16384,12,2,6,6
206,215970965,1044906,18,104910592,4096,20,4,6,6
207,217015871,1047427,0,216950272,65536,42,6,6,6
207,217015871,1047427,1,115398400,65536,42,6,6,6
207,217015871,1047427,2,104910592,4096,23,5,6,6
207,217015871,1047427,3,73457664,4096,23,5,6,6
207,217015871,1047427,4,103862272,4096,19,5,6,6
207,217015871,1047427,5,117424640,65536,17,3,6,6
207,217015871,1047427,6,107988480,65536,17,3,6,6
207,217015871,1047427,7,118538752,16384,17,3,6,6
207,217015871,1047427,8,48260352,16384,17,3,6,6
207,217015871,1047427,9,40937216,16384,17,3,6,6
207,217015871,1047427,10,46669568,65536,17,3,6,6
207,217015871,1047427,11,114355712,256,17,3,6,6
207,217015871,1047427,12,216999424,16384,17,3,6,6
207,217015871,1047427,13,73460736,1024,23,5,6,6
207,217015871,1047427,14,107522048,16384,12,2,6,6
207,217015871,1047427,15,46694144,16384,17,3,6,6
207,217015871,1047427,16,114355712,1024,17,3,6,6
208,218063298,1047259,0,204954368,16384,45,7,10,10
208,218063298,1047259,1,42508288,4096,40,10,10,10
208,218063298,1047259,2,143680512,4096,29,7,10,10
208,218063298,1047259,3,122707712,16384,24,4,10,10
208,218063298,1047259,4,100183040,16384,24,4,10,10
208,218063298,1047259,5,209117952,65536,24,4,10,10
208,218063298,1047259,6,93870848,65536,24,4,10,10
208,218063298,1047259,7,200179968,65536,24,4,10,10
208,218063298,1047259,8,148868352,65536,24,4,10,10
208,218063298,1047259,9,125843200,16384,24,4,10,10
208,218063298,1047259,10,53000448,4096,22,6,10,10
208,218063298,1047259,11,43556352,4096,22,6,10,10
209,219110557,1046057,0,216999424,16384,57,9,6,6
209,219110557,1046057,1,117424640,65536,57,9,6,6
209,219110557,1046057,2,218046720,16384,57,9,6,6
209,219110557,1046057,3,40937216,16384,57,9,6,6
209,219110557,1046057,4,46669568,65536,57,9,6,6
209,219110557,1046057,5,48260352,16384,57,9,6,6
209,219110557,1046057,6,114355712,256,57,9,6,6
209,219110557,1046057,7,118538752,16384,57,9,6,6
209,219110557,1046057,8,115398400,65536,53,11,6,6
209,219110557,1046057,9,124285696,4096,47,11,6,6
209,219110557,1046057,10,73457664,4096,27,7,6,6
209,219110557,1046057,11,104910592,4096,27,7,6,6
209,219110557,1046057,12,216950272,65536,53,11,6,6
209,219110557,1046057,13,218062080,1024,3,1,6,6
209,219110557,1046057,14,46694144,16384,57,9,6,6
209,219110557,1046057,15,114355712,1024,57,9,6,6
209,219110557,1046057,16,73460736,1024,27,7,6,6
210,220156614,1044679,0,13641728,16384,50,8,9,9
210,220156614,1044679,1,175045632,65536,45,7,9,9
210,220156614,1044679,2,171420416,65536,45,7,9,9
210,220156614,1044679,3,178227200,16384,45,7,9,9
210,220156614,1044679,4,2097920,16384,45,7,9,9
210,220156614,1044679,5,1048320,65536,45,7,9,9
210,220156614,1044679,6,166741248,4096,45,7,9,9
210,220156614,1044679,7,4129792,65536,45,7,9,9
210,220156614,1044679,8,153052928,65536,45,7,9,9
210,220156614,1044679,9,165691136,1024,43,11,9,9
210,220156614,1044679,10,121671680,4096,41,9,9,9
210,220156614,1044679,11,151548160,4096,36,8,9,9
211,221201293,1047999,0,216999424,16384,132,22,6,6
211,221201293,1047999,1,117424640,65536,132,22,6,6
211,221201293,1047999,2,118538752,16384,132,22,6,6
211,221201293,1047999,3,218046720,16384,132,22,6,6
211,221201293,1047999,4,48260352,16384,132,22,6,6
211,221201293,1047999,5,40937216,16384,132,22,6,6
211,221201293,1047999,6,114355712,256,132,22,6,6
211,221201293,1047999,7,46669568,65536,132,22,6,6
211,221201293,1047999,8,73457664,4096,40,10,6,6
211,221201293,1047999,9,104910592,4096,40,10,6,6
211,221201293,1047999,10,124285696,4096,39,9,6,6
211,221201293,1047999,11,107522048,16384,36,6,6,6
211,221201293,1047999,12,47719680,65536,21,3,6,6
211,221201293,1047999,13,114355712,1024,132,22,6,6
211,221201293,1047999,14,46694144,16384,132,22,6,6
211,221201293,1047999,15,73460736,1024,40,10,6,6
211,221201293,1047999,16,105897472,65536,21,3,6,6
211,221201293,1047999,17,107529728,1024,15,3,6,6
212,222249292,1048210,0,122707712,16384,67,11,10,10
212,222249292,1048210,1,100183040,16384,67,11,10,10
212,222249292,1048210,2,209117952,65536,67,11,10,10
212,222249292,1048210,3,148868352,65536,67,11,10,10
212,222249292,1048210,4,204954368,16384,67,11,10,10
212,222249292,1048210,5,42968832,65536,67,11,10,10
212,222249292,1048210,6,125843200,16384,67,11,10,10
212,222249292,1048210,7,200179968,65536,67,11,10,10
212,222249292,1048210,8,143158272,4096,45,11,10,10
212,222249292,1048210,9,43556352,4096,45,11,10,10
212,222249292,1048210,10,53000448,4096,45,11,10,10
212,222249292,1048210,11,70309120,4096,45,11,10,10
213,223297502,1048685,0,204954368,16384,115,19,10,10
213,223297502,1048685,1,223231744,65536,63,9,10,10
213,223297502,1048685,2,210657280,65536,63,9,10,10
213,223297502,1048685,3,132636928,65536,63,9,10,10
213,223297502,1048685,4,212266240,65536,63,9,10,10
213,223297502,1048685,5,206462464,65536,63,9,10,10
213,223297502,1048685,6,62403072,65536,63,9,10,10
213,223297502,1048685,7,191852800,65536,63,9,10,10
213,223297502,1048685,8,56115712,65536,63,9,10,10
213,223297502,1048685,9,42968832,65536,52,10,10,10
213,223297502,1048685,10,122707712,16384,52,10,10,10
213,223297502,1048685,11,100183040,16384,52,10,10,10
214,224346187,1047114,0,223297536,65536,48,8,10,10
214,224346187,1047114,1,42968832,65536,48,8,10,10
214,224346187,1047114,2,122707712,16384,48,8,10,10
214,224346187,1047114,3,100183040,16384,48,8,10,10
214,224346187,1047114,4,200179968,65536,48,8,10,10
214,224346187,1047114,5,125843200,16384,48,8,10,10
214,224346187,1047114,6,148868352,65536,48,8,10,10
214,224346187,1047114,7,209117952,65536,48,8,10,10
214,224346187,1047114,8,204954368,16384,48,8,10,10
214,224346187,1047114,9,143680512,4096,25,5,10,10
214,224346187,1047114,10,57165568,65536,21,3,10,10
214,224346187,1047114,11,66604800,65536,21,3,10,10
214,224346187,1047114,12,43017984,16384,48,8,10,10
214,224346187,1047114,13,200229120,16384,48,8,10,10
215,225393301,1048718,0,42968832,65536,54,8,10,10
215,225393301,1048718,1,122707712,16384,54,8,10,10
215,225393301,1048718,2,225376768,16384,54,8,10,10
215,225393301,1048718,3,209117952,65536,54,8,10,10
215,225393301,1048718,4,148868352,65536,54,8,10,10
215,225393301,1048718,5,200179968,65536,54,8,10,10
215,225393301,1048718,6,223297536,65536,54,8,10,10
215,225393301,1048718,7,125843200,16384,54,8,10,10
215,225393301,1048718,8,204954368,16384,54,8,10,10
215,225393301,1048718,9,143680512,4096,49,13,10,10
215,225393301,1048718,10,176164096,1024,27,7,10,10
215,225393301,1048718,11,90757632,4096,27,7,10,10
216,226442019,1046400,0,204954368,16384,125,23,10,10
216,226442019,1046400,1,223297536,65536,92,18,10,10
216,226442019,1046400,2,122707712,16384,92,18,10,10
216,226442019,1046400,3,42968832,65536,92,18,10,10
216,226442019,1046400,4,209117952,65536,92,18,10,10
216,226442019,1046400,5,225376768,16384,92,18,10,10
216,226442019,1046400,6,200179968,65536,92,18,10,10
216,226442019,1046400,7,125843200,16384,92,18,10,10
216,226442019,1046400,8,148868352,65536,92,18,10,10
216,226442019,1046400,9,143680512,4096,40,8,10,10
216,226442019,1046400,10,5759488,16384,36,8,10,10
216,226442019,1046400,11,102809600,4096,36,8,10,10
218,228534656,1049802,0,228518144,16384,50,8,0,0
219,229584458,1043218,0,204954368,16384,45,7,10,10
219,229584458,1043218,1,42508288,4096,33,7,10,10
219,229584458,1043218,2,143680512,4096,30,6,10,10
219,229584458,1043218,3,223297536,65536,24,4,10,10
219,229584458,1043218,4,122707712,16384,24,4,10,10
219,229584458,1043218,5,209117952,65536,24,4,10,10
219,229584458,1043218,6,225376768,16384,24,4,10,10
219,229584458,1043218,7,148868352,65536,24,4,10,10
219,229584458,1043218,8,125843200,16384,24,4,10,10
219,229584458,1043218,9,200179968,65536,24,4,10,10
219,229584458,1043218,10,210657280,65536,21,3,10,10
219,229584458,1043218,11,223231744,65536,21,3,10,10
220,230627676,1046019,0,143680512,4096,54,12,10,10
220,230627676,1046019,1,42508288,4096,49,11,10,10
220,230627676,1046019,2,230104064,4096,34,8,10,10
220,230627676,1046019,3,176164096,1024,34,8,10,10
220,230627676,1046019,4,90757632,4096,34,8,10,10
220,230627676,1046019,5,122707712,16384,31,7,10,10
220,230627676,1046019,6,223297536,65536,31,7,10,10
220,230627676,1046019,7,209117952,65536,31,7,10,10
220,230627676,1046019,8,200179968,65536,31,7,10,10
220,230627676,1046019,9,225376768,16384,31,7,10,10
220,230627676,1046019,10,148868352,65536,31,7,10,10
220,230627676,1046019,11,204954368,16384,31,7,10,10
221,231673695,1047074,0,143680512,4096,63,15,10,10
221,231673695,1047074,1,42968832,65536,51,9,10,10
221,231673695,1047074,2,122707712,16384,51,9,10,10
221,231673695,1047074,3,125843200,16384,51,9,10,10
221,231673695,1047074,4,223297536,65536,51,9,10,10
221,231673695,1047074,5,225376768,16384,51,9,10,10
221,231673695,1047074,6,209117952,65536,51,9,10,10
221,231673695,1047074,7,148868352,65536,51,9,10,10
221,231673695,1047074,8,200179968,65536,51,9,10,10
221,231673695,1047074,9,204954368,16384,51,9,10,10
221,231673695,1047074,10,66113280,4096,32,8,10,10
221,231673695,1047074,11,230104064,4096,31,7,10,10
222,232720769,1047311,0,204954368,16384,78,14,10,10
222,232720769,1047311,1,42968832,65536,57,11,10,10
222,232720769,1047311,2,223297536,65536,57,11,10,10
222,232720769,1047311,3,125843200,16384,57,11,10,10
222,232720769,1047311,4,225376768,16384,57,11,10,10
222,232720769,1047311,5,232704256,16384,57,11,10,10
222,232720769,1047311,6,148868352,65536,57,11,10,10
222,232720769,1047311,7,209117952,65536,57,11,10,10
222,232720769,1047311,8,200179968,65536,57,11,10,10
222,232720769,1047311,9,143680512,4096,38,8,10,10
222,232720769,1047311,10,210657280,65536,21,3,10,10
222,232720769,1047311,11,57165568,65536,21,3,10,10
223,233768080,1051892,0,48260352,16384,21,3,6,6
223,233768080,1051892,1,40937216,16384,21,3,6,6
223,233768080,1051892,2,118538752,16384,21,3,6,6
223,233768080,1051892,3,218046720,16384,21,3,6,6
223,233768080,1051892,4,117424640,65536,21,3,6,6
223,233768080,1051892,5,216999424,16384,21,3,6,6
223,233768080,1051892,6,46669568,65536,21,3,6,6
223,233768080,1051892,7,114355712,256,21,3,6,6
223,233768080,1051892,8,199193088,4096,18,4,6,6
223,233768080,1051892,9,73457664,4096,15,3,6,6
223,233768080,1051892,10,104910592,4096,15,3,6,6
223,233768080,1051892,11,107522048,16384,12,2,6,6
223,233768080,1051892,12,47228416,16384,12,2,6,6
223,233768080,1051892,13,218062080,1024,4,2,6,6
223,233768080,1051892,14,46694144,16384,21,3,6,6
223,233768080,1051892,15,114355712,1024,21,3,6,6
223,233768080,1051892,16,73460736,1024,15,3,6,6
223,233768080,1051892,17,107528192,4096,12,2,6,6
224,234819972,1047842,0,204954368,16384,69,11,10,10
224,234819972,1047842,1,232704256,16384,48,8,10,10
224,234819972,1047842,2,200179968,65536,48,8,10,10
224,234819972,1047842,3,42968832,65536,48,8,10,10
224,234819972,1047842,4,223297536,65536,48,8,10,10
224,234819972,1047842,5,225376768,16384,48,8,10,10
224,234819972,1047842,6,209117952,65536,48,8,10,10
224,234819972,1047842,7,125843200,16384,48,8,10,10
224,234819972,1047842,8,148868352,65536,48,8,10,10
224,234819972,1047842,9,143680512,4096,24,6,10,10
224,234819972,1047842,10,210657280,65536,21,3,10,10
224,234819972,1047842,11,223231744,65536,21,3,10,10
225,235867814,1050750,0,235802112,65536,89,15,10,10
225,235867814,1050750,1,232704256,16384,89,15,10,10
225,235867814,1050750,2,209117952,65536,89,15,10,10
225,235867814,1050750,3,225376768,16384,89,15,10,10
225,235867814,1050750,4,42968832,65536,89,15,10,10
225,235867814,1050750,5,200179968,65536,89,15,10,10
225,235867814,1050750,6,148868352,65536,89,15,10,10
225,235867814,1050750,7,223297536,65536,89,15,10,10
225,235867814,1050750,8,204954368,16384,89,15,10,10
225,235867814,1050750,9,57165568,65536,63,9,10,10
225,235867814,1050750,10,66604800,65536,63,9,10,10
225,235867814,1050750,11,111142400,65536,63,9,10,10
226,236918564,1043149,0,204954368,16384,85,15,10,10
226,236918564,1043149,1,223231744,65536,69,11,10,10
226,236918564,1043149,2,210657280,65536,69,11,10,10
226,236918564,1043149,3,191852800,65536,69,11,10,10
226,236918564,1043149,4,206462464,65536,69,11,10,10
226,236918564,1043149,5,62403072,65536,69,11,10,10
226,236918564,1043149,6,212266240,65536,69,11,10,10
226,236918564,1043149,7,56115712,65536,69,11,10,10
226,236918564,1043149,8,226376448,65536,69,11,10,10
226,236918564,1043149,9,42508288,4096,50,12,10,10
226,236918564,1043149,10,143680512,4096,44,12,10,10
226,236918564,1043149,11,230104064,4096,35,9,10,10
227,237961713,1046633,0,119580160,65536,54,8,6,6
227,237961713,1046633,1,219110656,65536,54,8,6,6
227,237961713,1046633,2,105897472,65536,54,8,6,6
227,237961713,1046633,3,214903552,16384,54,8,6,6
227,237961713,1046633,4,104353536,65536,54,8,6,6
227,237961713,1046633,5,47719680,65536,54,8,6,6
227,237961713,1046633,6,109043456,65536,54,8,6,6
227,237961713,1046633,7,73457664,4096,37,9,6,6
227,237961713,1046633,8,107529728,1024,14,6,6,6
227,237961713,1046633,9,234293504,1024,14,4,6,6
227,237961713,1046633,10,199193088,4096,13,3,6,6
227,237961713,1046633,11,118538752,16384,12,2,6,6
227,237961713,1046633,12,104910592,4096,37,9,6,6
227,237961713,1046633,13,214915840,4096,54,8,6,6
227,237961713,1046633,14,48260352,16384,12,2,6,6
227,237961713,1046633,15,73460736,1024,37,9,6,6
227,237961713,1046633,16,107522048,16384,12,2,6,6
228,239008346,1056407,0,118522112,16384,28,6,6,6
228,239008346,1056407,1,107522048,16384,28,6,6,6
228,239008346,1056407,2,219110656,65536,21,3,6,6
228,239008346,1056407,3,47719680,65536,21,3,6,6
228,239008346,1056407,4,109043456,65536,21,3,6,6
228,239008346,1056407,5,104353536,65536,21,3,6,6
228,239008346,1056407,6,214903552,16384,21,3,6,6
228,239008346,1056407,7,119580160,65536,21,3,6,6
228,239008346,1056407,8,105897472,65536,21,3,6,6
228,239008346,1056407,9,72413184,16384,12,2,6,6
228,239008346,1056407,10,234293504,1024,9,3,6,6
228,239008346,1056407,11,124285696,4096,8,2,6,6
228,239008346,1056407,12,118534400,4096,28,6,6,6
228,239008346,1056407,13,107529728,1024,7,3,6,6
228,239008346,1056407,14,47228416,16384,12,2,6,6
228,239008346,1056407,15,214915840,4096,21,3,6,6
228,239008346,1056407,16,104910592,4096,10,2,6,6
228,239008346,1056407,17,73457664,4096,10,2,6,6
229,240064753,1051784,0,218046720,16384,36,6,6,6
229,240064753,1051784,1,118538752,16384,36,6,6,6
229,240064753,1051784,2,216999424,16384,36,6,6,6
229,240064753,1051784,3,117424640,65536,36,6,6,6
229,240064753,1051784,4,48260352,16384,36,6,6,6
229,240064753,1051784,5,40937216,16384,36,6,6,6
229,240064753,1051784,6,46669568,65536,36,6,6,6
229,240064753,1051784,7,114355712,256,36,6,6,6
229,240064753,1051784,8,107522048,16384,30,6,6,6
229,240064753,1051784,9,118522112,16384,30,6,6,6
229,240064753,1051784,10,73457664,4096,20,4,6,6
229,240064753,1051784,11,104910592,4096,20,4,6,6
229,240064753,1051784,12,46694144,16384,36,6,6,6
229,240064753,1051784,13,114355712,1024,36,6,6,6
229,240064753,1051784,14,118534400,4096,30,6,6,6
229,240064753,1051784,15,73460736,1024,20,4,6,6
230,241116537,1055858,0,42508288,4096,23,5,10,10
230,241116537,1055858,1,43556352,4096,18,4,10,10
230,241116537,1055858,2,53000448,4096,18,4,10,10
230,241116537,1055858,3,70309120,4096,18,4,10,10
230,241116537,1055858,4,143158272,4096,18,4,10,10
230,241116537,1055858,5,229584640,4096,18,4,10,10
230,241116537,1055858,6,234820096,4096,18,4,10,10
230,241116537,1055858,7,203385344,4096,18,4,10,10
230,241116537,1055858,8,200179968,65536,12,2,10,10
230,241116537,1055858,9,225376768,16384,12,2,10,10
230,241116537,1055858,10,209117952,65536,12,2,10,10
230,241116537,1055858,11,232704256,16384,12,2,10,10
230,241116537,1055858,12,143680512,4096,13,3,10,10
231,242172395,1050579,0,118538752,16384,33,5,6,6
231,242172395,1050579,1,216999424,16384,33,5,6,6
231,242172395,1050579,2,117424640,65536,33,5,6,6
231,242172395,1050579,3,218046720,16384,33,5,6,6
231,242172395,1050579,4,48260352,16384,33,5,6,6
231,242172395,1050579,5,40937216,16384,33,5,6,6
231,242172395,1050579,6,46669568,65536,33,5,6,6
231,242172395,1050579,7,240064768,65536,33,5,6,6
231,242172395,1050579,8,114355712,1024,33,5,6,6
231,242172395,1050579,9,124285696,4096,10,2,6,6
231,242172395,1050579,10,33055744,1024,8,2,6,6
231,242172395,1050579,11,234293504,1024,6,2,6,6
231,242172395,1050579,12,218062080,1024,3,1,6,6
231,242172395,1050579,13,46694144,16384,33,5,6,6
231,242172395,1050579,14,114355712,4096,33,5,6,6
232,243222974,1051100,0,42508288,4096,51,13,10,10
232,243222974,1051100,1,143680512,4096,45,11,10,10
232,243222974,1051100,2,176164096,1024,40,10,10,10
232,243222974,1051100,3,230104064,4096,40,10,10,10
232,243222974,1051100,4,90757632,4096,40,10,10,10
232,243222974,1051100,5,204954368,16384,39,7,10,10
232,243222974,1051100,6,233236224,16384,28,6,10,10
232,243222974,1051100,7,127430912,1024,24,8,10,10
232,243222974,1051100,8,223231744,65536,24,4,10,10
232,243222974,1051100,9,210657280,65536,24,4,10,10
232,243222974,1051100,10,226376448,65536,24,4,10,10
232,243222974,1051100,11,206462464,65536,24,4,10,10
233,244274074,1052550,0,204954368,16384,84,14,10,10
233,244274074,1052550,1,223231744,65536,45,7,10,10
233,244274074,1052550,2,212266240,65536,45,7,10,10
233,244274074,1052550,3,226376448,65536,45,7,10,10
233,244274074,1052550,4,206462464,65536,45,7,10,10
233,244274074,1052550,5,56115712,65536,45,7,10,10
233,244274074,1052550,6,210657280,65536,45,7,10,10
233,244274074,1052550,7,62403072,65536,45,7,10,10
233,244274074,1052550,8,191852800,65536,45,7,10,10
233,244274074,1052550,9,148868352,65536,39,7,10,10
233,244274074,1052550,10,42968832,65536,39,7,10,10
233,244274074,1052550,11,225376768,16384,39,7,10,10
234,245326624,1049103,0,42508288,4096,41,9,10,10
234,245326624,1049103,1,143680512,4096,36,8,10,10
234,245326624,1049103,2,204954368,16384,24,4,10,10
234,245326624,1049103,3,230104064,4096,23,5,10,10
234,245326624,1049103,4,176164096,1024,23,5,10,10
234,245326624,1049103,5,90757632,4096,23,5,10,10
234,245326624,1049103,6,53000448,4096,18,4,10,10
234,245326624,1049103,7,70309120,4096,18,4,10,10
234,245326624,1049103,8,43556352,4096,18,4,10,10
234,245326624,1049103,9,203385344,4096,18,4,10,10
234,245326624,1049103,10,234820096,4096,18,4,10,10
234,245326624,1049103,11,66113280,4096,13,3,10,10
235,246375727,1054756,0,199193088,4096,26,6,6,6
235,246375727,1054756,1,218046720,16384,12,2,6,6
235,246375727,1054756,2,118538752,16384,12,2,6,6
235,246375727,1054756,3,216999424,16384,12,2,6,6
235,246375727,1054756,4,117424640,65536,12,2,6,6
235,246375727,1054756,5,48260352,16384,12,2,6,6
235,246375727,1054756,6,40937216,16384,12,2,6,6
235,246375727,1054756,7,46669568,65536,12,2,6,6
235,246375727,1054756,8,114355712,1024,12,2,6,6
235,246375727,1054756,9,240064768,65536,12,2,6,6
235,246375727,1054756,10,73457664,4096,10,2,6,6
235,246375727,1054756,11,104910592,4096,10,2,6,6
235,246375727,1054756,12,46694144,16384,12,2,6,6
235,246375727,1054756,13,114355712,4096,12,2,6,6
235,246375727,1054756,14,73460736,1024,10,2,6,6
236,247430483,1048544,0,204954368,16384,69,11,10,10
236,247430483,1048544,1,42968832,65536,57,9,10,10
236,247430483,1048544,2,209117952,65536,57,9,10,10
236,247430483,1048544,3,200179968,65536,57,9,10,10
236,247430483,1048544,4,225376768,16384,57,9,10,10
236,247430483,1048544,5,223297536,65536,57,9,10,10
236,247430483,1048544,6,148868352,65536,57,9,10,10
236,247430483,1048544,7,235802112,65536,57,9,10,10
236,247430483,1048544,8,232704256,16384,57,9,10,10
236,247430483,1048544,9,5759488,16384,30,6,10,10
236,247430483,1048544,10,64530688,16384,30,6,10,10
236,247430483,1048544,11,102809600,4096,30,6,10,10
237,248479027,1046582,0,204954368,16384,99,15,10,10
237,248479027,1046582,1,42508288,4096,78,18,10,10
237,248479027,1046582,2,209117952,65536,78,12,10,10
237,248479027,1046582,3,200179968,65536,78,12,10,10
237,248479027,1046582,4,235802112,65536,78,12,10,10
237,248479027,1046582,5,225376768,16384,78,12,10,10
237,248479027,1046582,6,223297536,65536,78,12,10,10
237,248479027,1046582,7,148868352,65536,78,12,10,10
237,248479027,1046582,8,232704256,16384,78,12,10,10
237,248479027,1046582,9,143680512,4096,64,14,10,10
237,248479027,1046582,10,90757632,4096,49,11,10,10
237,248479027,1046582,11,176164096,1024,49,11,10,10
238,249525609,1048131,0,86021632,16384,29,5,10,10
238,249525609,1048131,1,127956224,1024,29,5,10,10
238,249525609,1048131,2,94411520,16384,27,5,10,10
238,249525609,1048131,3,204954368,16384,24,4,10,10
238,249525609,1048131,4,100715776,1024,22,8,10,10
238,249525609,1048131,5,143680512,4096,21,5,10,10
238,249525609,1048131,6,127430912,1024,20,6,10,10
238,249525609,1048131,7,66113280,4096,16,4,10,10
238,249525609,1048131,8,243223040,256,16,4,10,10
238,249525609,1048131,9,210657280,65536,12,2,10,10
238,249525609,1048131,10,42968832,65536,12,2,10,10
238,249525609,1048131,11,81780480,65536,12,2,10,10
239,250573740,1047626,0,216999424,16384,41,7,6,6
239,250573740,1047626,1,117424640,65536,41,7,6,6
239,250573740,1047626,2,48260352,16384,41,7,6,6
239,250573740,1047626,3,118538752,16384,41,7,6,6
239,250573740,1047626,4,46669568,65536,41,7,6,6
239,250573740,1047626,5,218046720,16384,41,7,6,6
239,250573740,1047626,6,240064768,65536,41,7,6,6
239,250573740,1047626,7,40937216,16384,41,7,6,6
239,250573740,1047626,8,114355712,1024,41,7,6,6
239,250573740,1047626,9,73457664,4096,14,4,6,6
239,250573740,1047626,10,104910592,4096,14,4,6,6
239,250573740,1047626,11,199193088,4096,13,3,6,6
239,250573740,1047626,12,47744256,16384,5,1,6,6
239,250573740,1047626,13,46694144,16384,41,7,6,6
239,250573740,1047626,14,114355712,4096,41,7,6,6
239,250573740,1047626,15,73460736,1024,14,4,6,6
240,251621366,1049944,0,143680512,4096,37,9,10,10
240,251621366,1049944,1,42508288,4096,28,6,10,10
240,251621366,1049944,2,66113280,4096,27,7,10,10
240,251621366,1049944,3,243223040,256,27,7,10,10
240,251621366,1049944,4,200179968,65536,24,4,10,10
240,251621366,1049944,5,225376768,16384,24,4,10,10
240,251621366,1049944,6,209117952,65536,24,4,10,10
240,251621366,1049944,7,223297536,65536,24,4,10,10
240,251621366,1049944,8,148868352,65536,24,4,10,10
240,251621366,1049944,9,204954368,16384,24,4,10,10
240,251621366,1049944,10,235802112,65536,24,4,10,10
240,251621366,1049944,11,232704256,16384,24,4,10,10
241,252671310,1046905,0,204954368,16384,118,22,10,10
241,252671310,1046905,1,42968832,65536,106,20,10,10
241,252671310,1046905,2,223297536,65536,106,20,10,10
241,252671310,1046905,3,225376768,16384,106,20,10,10
241,252671310,1046905,4,200179968,65536,106,20,10,10
241,252671310,1046905,5,209117952,65536,106,20,10,10
241,252671310,1046905,6,235802112,65536,106,20,10,10
241,252671310,1046905,7,148868352,65536,106,20,10,10
241,252671310,1046905,8,232704256,16384,106,20,10,10
241,252671310,1046905,9,143680512,4096,58,12,10,10
241,252671310,1046905,10,176164096,1024,40,8,10,10
241,252671310,1046905,11,230104064,4096,40,8,10,10
242,253718215,1053736,0,204954368,16384,107,17,10,10
242,253718215,1053736,1,42968832,65536,86,14,10,10
242,253718215,1053736,2,209117952,65536,86,14,10,10
242,253718215,1053736,3,235802112,65536,86,14,10,10
242,253718215,1053736,4,223297536,65536,86,14,10,10
242,253718215,1053736,5,148868352,65536,86,14,10,10
242,253718215,1053736,6,200179968,65536,86,14,10,10
242,253718215,1053736,7,225376768,16384,86,14,10,10
242,253718215,1053736,8,232704256,16384,86,14,10,10
242,253718215,1053736,9,143680512,4096,82,20,10,10
242,253718215,1053736,10,230104064,4096,45,11,10,10
242,253718215,1053736,11,90757632,4096,45,11,10,10
243,254771951,1044928,0,204954368,16384,45,7,10,10
243,254771951,1044928,1,209142528,16384,36,6,10,10
243,254771951,1044928,2,42508288,4096,29,7,10,10
243,254771951,1044928,3,143680512,4096,27,7,10,10
243,254771951,1044928,4,225376768,16384,24,4,10,10
243,254771951,1044928,5,148868352,65536,24,4,10,10
243,254771951,1044928,6,223297536,65536,24,4,10,10
243,254771951,1044928,7,235802112,65536,24,4,10,10
243,254771951,1044928,8,200179968,65536,24,4,10,10
243,254771951,1044928,9,232704256,16384,24,4,10,10
243,254771951,1044928,10,66604800,65536,21,3,10,10
243,254771951,1044928,11,210657280,65536,21,3,10,10
244,255816879,1047041,0,42968832,65536,114,20,10,10
244,255816879,1047041,1,223297536,65536,114,20,10,10
244,255816879,1047041,2,148868352,65536,114,20,10,10
244,255816879,1047041,3,200179968,65536,114,20,10,10
244,255816879,1047041,4,225376768,16384,114,20,10,10
244,255816879,1047041,5,209117952,65536,114,20,10,10
244,255816879,1047041,6,235802112,65536,114,20,10,10
244,255816879,1047041,7,204954368,16384,114,20,10,10
244,255816879,1047041,8,232704256,16384,114,20,10,10
244,255816879,1047041,9,143680512,4096,67,17,10,10
244,255816879,1047041,10,66113280,4096,39,11,10,10
244,255816879,1047041,11,243223040,256,39,11,10,10
245,256863920,1048871,0,42508288,4096,84,20,10,10
245,256863920,1048871,1,143680512,4096,81,17,10,10
245,256863920,1048871,2,223297536,65536,71,11,10,10
245,256863920,1048871,3,209117952,65536,71,11,10,10
245,256863920,1048871,4,235802112,65536,71,11,10,10
245,256863920,1048871,5,225376768,16384,71,11,10,10
245,256863920,1048871,6,232704256,16384,71,11,10,10
245,256863920,1048871,7,200179968,65536,71,11,10,10
245,256863920,1048871,8,148868352,65536,71,11,10,10
245,256863920,1048871,9,204954368,16384,71,11,10,10
245,256863920,1048871,10,226376448,65536,61,9,10,10
245,256863920,1048871,11,254771968,65536,61,9,10,10
246,257912791,1047837,0,42508288,4096,132,32,10,10
246,257912791,1047837,1,143680512,4096,112,28,10,10
246,257912791,1047837,2,210657280,65536,108,18,10,10
246,257912791,1047837,3,209142528,16384,108,18,10,10
246,257912791,1047837,4,62403072,65536,108,18,10,10
246,257912791,1047837,5,254771968,65536,108,18,10,10
246,257912791,1047837,6,56115712,65536,108,18,10,10
246,257912791,1047837,7,212266240,65536,108,18,10,10
246,257912791,1047837,8,223231744,65536,108,18,10,10
246,257912791,1047837,9,245326848,65536,108,18,10,10
246,257912791,1047837,10,226376448,65536,108,18,10,10
246,257912791,1047837,11,206462464,65536,108,18,10,10
247,258960628,1048833,0,257912832,16384,90,16,10,10
247,258960628,1048833,1,257355520,65536,90,16,10,10
247,258960628,1048833,2,209117952,65536,90,16,10,10
247,258960628,1048833,3,223297536,65536,90,16,10,10
247,258960628,1048833,4,42968832,65536,90,16,10,10
247,258960628,1048833,5,225376768,16384,90,16,10,10
247,258960628,1048833,6,235802112,65536,90,16,10,10
247,258960628,1048833,7,204954368,16384,90,16,10,10
247,258960628,1048833,8,232704256,16384,90,16,10,10
247,258960628,1048833,9,143680512,4096,49,11,10,10
247,258960628,1048833,10,66113280,4096,34,8,10,10
247,258960628,1048833,11,243223040,256,34,8,10,10
248,260009461,1049560,0,258944000,16384,60,10,10,10
248,260009461,1049560,1,143680512,4096,56,12,10,10
248,260009461,1049560,2,42508288,4096,46,10,10,10
248,260009461,1049560,3,259476736,16384,36,6,10,10
248,260009461,1049560,4,257355520,65536,36,6,10,10
248,260009461,1049560,5,223297536,65536,36,6,10,10
248,260009461,1049560,6,209117952,65536,36,6,10,10
248,260009461,1049560,7,232704256,16384,36,6,10,10
248,260009461,1049560,8,225376768,16384,36,6,10,10
248,260009461,1049560,9,235802112,65536,36,6,10,10
248,260009461,1049560,10,230104064,4096,28,6,10,10
248,260009461,1049560,11,66113280,4096,28,6,10,10
249,261059021,1055955,0,258944000,16384,57,9,10,10
249,261059021,1055955,1,257355520,65536,36,6,10,10
249,261059021,1055955,2,260525824,16384,36,6,10,10
249,261059021,1055955,3,223297536,65536,36,6,10,10
249,261059021,1055955,4,209117952,65536,36,6,10,10
249,261059021,1055955,5,259476736,16384,36,6,10,10
249,261059021,1055955,6,42968832,65536,36,6,10,10
249,261059021,1055955,7,235802112,65536,36,6,10,10
249,261059021,1055955,8,225376768,16384,36,6,10,10
249,261059021,1055955,9,232704256,16384,36,6,10,10
249,261059021,1055955,10,5759488,16384,34,6,10,10
249,261059021,1055955,11,102809600,4096,34,6,10,10
250,262114976,1060224,0,121671680,4096,45,11,9,9
250,262114976,1060224,1,13641728,16384,45,7,9,9
250,262114976,1060224,2,16797952,4096,42,10,9,9
250,262114976,1060224,3,165691136,1024,34,10,9,9
250,262114976,1060224,4,182438400,65536,33,5,9,9
250,262114976,1060224,5,3080960,65536,33,5,9,9
250,262114976,1060224,6,180343296,65536,33,5,9,9
250,262114976,1060224,7,179786752,65536,33,5,9,9
250,262114976,1060224,8,196540416,65536,33,5,9,9
250,262114976,1060224,9,178243840,16384,33,5,9,9
250,262114976,1060224,10,171420416,65536,29,5,9,9
250,262114976,1060224,11,175045632,65536,29,5,9,9
251,263175200,1050600,0,258944000,16384,90,14,10,10
251,263175200,1050600,1,210657280,65536,63,9,10,10
251,263175200,1050600,2,245326848,65536,63,9,10,10
251,263175200,1050600,3,56115712,65536,63,9,10,10
251,263175200,1050600,4,223231744,65536,63,9,10,10
251,263175200,1050600,5,212266240,65536,63,9,10,10
251,263175200,1050600,6,62403072,65536,63,9,10,10
251,263175200,1050600,7,254771968,65536,63,9,10,10
251,263175200,1050600,8,226376448,65536,63,9,10,10
251,263175200,1050600,9,42508288,4096,59,13,10,10
251,263175200,1050600,10,143680512,4096,49,11,10,10
251,263175200,1050600,11,86021632,16384,47,9,10,10
252,264225800,1049842,0,124285696,4096,29,7,6,6
252,264225800,1049842,1,107522048,16384,29,5,6,6
252,264225800,1049842,2,73457664,4096,28,6,6,6
252,264225800,1049842,3,104910592,4096,28,6,6,6
252,264225800,1049842,4,117424640,65536,24,4,6,6
252,264225800,1049842,5,118538752,16384,24,4,6,6
252,264225800,1049842,6,216999424,16384,24,4,6,6
252,264225800,1049842,7,250573824,16384,24,4,6,6
252,264225800,1049842,8,40937216,16384,24,4,6,6
252,264225800,1049842,9,218046720,16384,24,4,6,6
252,264225800,1049842,10,48260352,16384,24,4,6,6
252,264225800,1049842,11,46669568,65536,24,4,6,6
252,264225800,1049842,12,107528192,4096,12,2,6,6
252,264225800,1049842,13,73460736,1024,28,6,6,6
252,264225800,1049842,14,250573824,4096,5,1,6,6
252,264225800,1049842,15,46694144,16384,24,4,6,6
253,265275642,1043240,0,218046720,16384,28,6,6,6
253,265275642,1043240,1,216999424,16384,28,6,6,6
253,265275642,1043240,2,118538752,16384,28,6,6,6
253,265275642,1043240,3,117424640,65536,28,6,6,6
253,265275642,1043240,4,40937216,16384,28,6,6,6
253,265275642,1043240,5,46669568,65536,28,6,6,6
253,265275642,1043240,6,48260352,16384,28,6,6,6
253,265275642,1043240,7,114355712,4096,28,6,6,6
253,265275642,1043240,8,250573824,16384,28,6,6,6
253,265275642,1043240,9,240064768,65536,28,6,6,6
253,265275642,1043240,10,104910592,4096,21,5,6,6
253,265275642,1043240,11,73457664,4096,21,5,6,6
253,265275642,1043240,12,46694144,16384,28,6,6,6
253,265275642,1043240,13,114355712,16384,28,6,6,6
253,265275642,1043240,14,73460736,1024,21,5,6,6
254,266318882,1049739,0,258944000,16384,65,11,10,10
254,266318882,1049739,1,42508288,4096,41,9,10,10
254,266318882,1049739,2,223297536,65536,39,7,10,10
254,266318882,1049739,3,257355520,65536,39,7,10,10
254,266318882,1049739,4,225376768,16384,39,7,10,10
254,266318882,1049739,5,259476736,16384,39,7,10,10
254,266318882,1049739,6,235802112,65536,39,7,10,10
254,266318882,1049739,7,260525824,16384,39,7,10,10
254,266318882,1049739,8,209117952,65536,39,7,10,10
254,266318882,1049739,9,232704256,16384,39,7,10,10
254,266318882,1049739,10,263175424,1024,23,5,10,10
254,266318882,1049739,11,143680512,4096,23,5,10,10
255,267368621,1046053,0,42508288,4096,64,16,10,10
255,267368621,1046053,1,43556352,4096,51,13,10,10
255,267368621,1046053,2,53000448,4096,51,13,10,10
255,267368621,1046053,3,266841600,4096,51,13,10,10
255,267368621,1046053,4,229584640,4096,51,13,10,10
255,267368621,1046053,5,70309120,4096,51,13,10,10
255,267368621,1046053,6,203385344,4096,51,13,10,10
255,267368621,1046053,7,143158272,4096,51,13,10,10
255,267368621,1046053,8,234820096,4096,51,13,10,10
255,267368621,1046053,9,258944000,16384,27,5,10,10
255,267368621,1046053,10,86021632,16384,27,5,10,10
255,267368621,1046053,11,127956224,1024,27,5,10,10
256,268414674,1050105,0,5759488,16384,51,11,10,10
256,268414674,1050105,1,208625920,4096,51,11,10,10
256,268414674,1050105,2,143152128,16384,51,11,10,10
256,268414674,1050105,3,64530688,16384,51,11,10,10
256,268414674,1050105,4,102809600,4096,51,11,10,10
256,268414674,1050105,5,82362624,16384,51,11,10,10
256,268414674,1050105,6,208560128,65536,24,4,10,10
256,268414674,1050105,7,42508288,4096,23,5,10,10
256,268414674,1050105,8,257912832,4096,21,5,10,10
256,268414674,1050105,9,66113280,4096,21,5,10,10
256,268414674,1050105,10,243223040,256,21,5,10,10
256,268414674,1050105,11,127430912,1024,17,7,10,10
257,269464779,1048165,0,42508288,4096,71,17,10,10
257,269464779,1048165,1,143680512,4096,65,15,10,10
257,269464779,1048165,2,263175424,1024,42,10,10,10
257,269464779,1048165,3,230104064,4096,42,10,10,10
257,269464779,1048165,4,176164096,1024,42,10,10,10
257,269464779,1048165,5,90757632,4096,42,10,10,10
257,269464779,1048165,6,266841600,4096,29,7,10,10
257,269464779,1048165,7,203385344,4096,29,7,10,10
257,269464779,1048165,8,53000448,4096,29,7,10,10
257,269464779,1048165,9,257355520,65536,29,5,10,10
257,269464779,1048165,10,43556352,4096,29,7,10,10
257,269464779,1048165,11,234820096,4096,29,7,10,10
258,270512944,1050707,0,143680512,4096,28,6,10,10
258,270512944,1050707,1,259476736,16384,24,4,10,10
258,270512944,1050707,2,257912832,16384,24,4,10,10
258,270512944,1050707,3,209117952,65536,24,4,10,10
258,270512944,1050707,4,42968832,65536,24,4,10,10
258,270512944,1050707,5,257355520,65536,24,4,10,10
258,270512944,1050707,6,223297536,65536,24,4,10,10
258,270512944,1050707,7,260525824,16384,24,4,10,10
258,270512944,1050707,8,225376768,16384,24,4,10,10
258,270512944,1050707,9,235802112,65536,24,4,10,10
258,270512944,1050707,10,232704256,16384,24,4,10,10
258,270512944,1050707,11,66113280,4096,15,3,10,10
259,271563651,1048845,0,121671680,4096,43,9,9,9
259,271563651,1048845,1,165691136,1024,37,9,9,9
259,271563651,1048845,2,151548160,4096,33,7,9,9
259,271563651,1048845,3,16797952,4096,30,6,9,9
259,271563651,1048845,4,171420416,65536,27,5,9,9
259,271563651,1048845,5,175045632,65536,27,5,9,9
259,271563651,1048845,6,178227200,16384,27,5,9,9
259,271563651,1048845,7,2097920,16384,27,5,9,9
259,271563651,1048845,8,153052928,65536,27,5,9,9
259,271563651,1048845,9,166741248,4096,27,5,9,9
259,271563651,1048845,10,1048320,65536,27,5,9,9
259,271563651,1048845,11,4129792,65536,27,5,9,9
260,272612496,1050255,0,272546816,65536,108,16,9,9
260,272612496,1050255,1,171420416,65536,56,12,9,9
260,272612496,1050255,2,166741248,4096,56,12,9,9
260,272612496,1050255,3,175045632,65536,56,12,9,9
260,272612496,1050255,4,153052928,65536,56,12,9,9
260,272612496,1050255,5,178227200,16384,56,12,9,9
260,272612496,1050255,6,2097920,16384,56,12,9,9
260,272612496,1050255,7,4129792,65536,56,12,9,9
260,272612496,1050255,8,1048320,65536,56,12,9,9
260,272612496,1050255,9,16797952,4096,37,9,9,9
260,272612496,1050255,10,121671680,4096,27,7,9,9
260,272612496,1050255,11,173516544,65536,24,4,9,9
261,273662751,1047331,0,258944000,16384,65,11,10,10
261,273662751,1047331,1,209117952,65536,60,10,10,10
261,273662751,1047331,2,257355520,65536,60,10,10,10
261,273662751,1047331,3,42968832,65536,60,10,10,10
261,273662751,1047331,4,225376768,16384,60,10,10,10
261,273662751,1047331,5,223297536,65536,60,10,10,10
261,273662751,1047331,6,235802112,65536,60,10,10,10
261,273662751,1047331,7,260525824,16384,60,10,10,10
261,273662751,1047331,8,259476736,16384,60,10,10,10
261,273662751,1047331,9,232704256,16384,60,10,10,10
261,273662751,1047331,10,143680512,4096,23,5,10,10
261,273662751,1047331,11,271030016,16384,21,3,10,10
262,274710082,1048091,0,258944000,16384,116,20,10,10
262,274710082,1048091,1,257355520,65536,72,12,10,10
262,274710082,1048091,2,42968832,65536,72,12,10,10
262,274710082,1048091,3,225376768,16384,72,12,10,10
262,274710082,1048091,4,209117952,65536,72,12,10,10
262,274710082,1048091,5,260525824,16384,72,12,10,10
262,274710082,1048091,6,223297536,65536,72,12,10,10
262,274710082,1048091,7,259476736,16384,72,12,10,10
262,274710082,1048091,8,235802112,65536,72,12,10,10
262,274710082,1048091,9,232704256,16384,72,12,10,10
262,274710082,1048091,10,143680512,4096,67,17,10,10
262,274710082,1048091,11,176164096,1024,37,9,10,10
263,275758173,1044947,0,258944000,16384,136,22,10,10
263,275758173,1044947,1,270447360,65536,79,13,10,10
263,275758173,1044947,2,212266240,65536,79,13,10,10
263,275758173,1044947,3,223231744,65536,79,13,10,10
263,275758173,1044947,4,226376448,65536,79,13,10,10
263,275758173,1044947,5,62403072,65536,79,13,10,10
263,275758173,1044947,6,245326848,65536,79,13,10,10
263,275758173,1044947,7,254771968,65536,79,13,10,10
263,275758173,1044947,8,56115712,65536,79,13,10,10
263,275758173,1044947,9,42968832,65536,57,9,10,10
263,275758173,1044947,10,223297536,65536,57,9,10,10
263,275758173,1044947,11,257355520,65536,57,9,10,10
264,276803120,1051271,0,124285696,4096,51,11,6,6
264,276803120,1051271,1,107522048,16384,29,5,6,6
264,276803120,1051271,2,118522112,16384,24,4,6,6
264,276803120,1051271,3,216999424,16384,15,3,6,6
264,276803120,1051271,4,118538752,16384,15,3,6,6
264,276803120,1051271,5,218046720,16384,15,3,6,6
264,276803120,1051271,6,48260352,16384,15,3,6,6
264,276803120,1051271,7,114355712,4096,15,3,6,6
264,276803120,1051271,8,117424640,65536,15,3,6,6
264,276803120,1051271,9,40937216,16384,15,3,6,6
264,276803120,1051271,10,46669568,65536,15,3,6,6
264,276803120,1051271,11,240064768,65536,15,3,6,6
264,276803120,1051271,12,107529728,1024,8,2,6,6
264,276803120,1051271,13,118534400,4096,24,4,6,6
264,276803120,1051271,14,114355712,16384,15,3,6,6
264,276803120,1051271,15,46694144,16384,15,3,6,6
265,277854391,1046147,0,13641728,16384,54,8,9,9
265,277854391,1046147,1,1048320,65536,45,7,9,9
265,277854391,1046147,2,2097920,16384,45,7,9,9
265,277854391,1046147,3,171420416,65536,45,7,9,9
265,277854391,1046147,4,175045632,65536,45,7,9,9
265,277854391,1046147,5,178227200,16384,45,7,9,9
265,277854391,1046147,6,153052928,65536,45,7,9,9
265,277854391,1046147,7,166741248,4096,45,7,9,9
265,277854391,1046147,8,4129792,65536,45,7,9,9
265,277854391,1046147,9,182438400,65536,42,6,9,9
265,277854391,1046147,10,196540416,65536,42,6,9,9
265,277854391,1046147,11,179786752,65536,42,6,9,9
266,278900538,1050154,0,2097920,16384,69,11,9,9
266,278900538,1050154,1,1048320,65536,48,8,9,9
266,278900538,1050154,2,171420416,65536,48,8,9,9
266,278900538,1050154,3,175045632,65536,48,8,9,9
266,278900538,1050154,4,166741248,4096,48,8,9,9
266,278900538,1050154,5,178227200,16384,48,8,9,9
266,278900538,1050154,6,4129792,65536,48,8,9,9
266,278900538,1050154,7,153052928,65536,48,8,9,9
266,278900538,1050154,8,121674752,1024,13,3,9,9
266,278900538,1050154,9,165688064,4096,10,2,9,9
266,278900538,1050154,10,151548160,4096,10,2,9,9
266,278900538,1050154,11,164123136,1024,8,2,9,9
266,278900538,1050154,12,2097920,4096,21,3,9,9
266,278900538,1050154,13,1540096,65536,48,8,9,9
266,278900538,1050154,14,166741248,16384,48,8,9,9
266,278900538,1050154,15,178239488,4096,48,8,9,9
266,278900538,1050154,16,121671680,4096,10,2,9,9
266,278900538,1050154,17,165691136,1024,10,2,9,9
266,278900538,1050154,18,151549696,1024,10,2,9,9
266,278900538,1050154,19,164123392,256,8,2,9,9
267,279950692,1054372,0,278900736,65536,47,7,9,9
267,279950692,1054372,1,1048320,65536,24,4,9,9
267,279950692,1054372,2,2097920,16384,24,4,9,9
267,279950692,1054372,3,171420416,65536,24,4,9,9
267,279950692,1054372,4,178227200,16384,24,4,9,9
267,279950692,1054372,5,166741248,4096,24,4,9,9
267,279950692,1054372,6,175045632,65536,24,4,9,9
267,279950692,1054372,7,153052928,65536,24,4,9,9
267,279950692,1054372,8,4129792,65536,24,4,9,9
267,279950692,1054372,9,183486976,65536,21,3,9,9
267,279950692,1054372,10,16797952,4096,18,4,9,9
267,279950692,1054372,11,156259072,4096,13,3,9,9
267,279950692,1054372,12,278900736,16384,36,6,9,9
267,279950692,1054372,13,1540096,65536,24,4,9,9
267,279950692,1054372,14,178239488,4096,24,4,9,9
267,279950692,1054372,15,166741248,16384,24,4,9,9
268,281005064,1051686,0,278900736,65536,45,7,9,9
268,281005064,1051686,1,27812352,4096,15,3,9,9
268,281005064,1051686,2,16797952,4096,15,3,9,9
268,281005064,1051686,3,174590464,4096,15,3,9,9
268,281005064,1051686,4,156259072,4096,15,3,9,9
268,281005064,1051686,5,16271616,4096,15,3,9,9
268,281005064,1051686,6,281004032,1024,3,1,9,9
268,281005064,1051686,7,523520,1024,6,2,9,9
268,281005064,1051686,8,121674752,1024,6,2,9,9
268,281005064,1051686,9,164123136,1024,5,1,9,9
268,281005064,1051686,10,179296000,256,3,1,9,9
268,281005064,1051686,11,12591104,256,1,1,9,9
268,281005064,1051686,12,278900736,16384,39,7,9,9
268,281005064,1051686,13,27813888,1024,15,3,9,9
268,281005064,1051686,14,523776,256,6,2,9,9
268,281005064,1051686,15,164123392,256,5,1,9,9
268,281005064,1051686,16,179296000,1024,3,1,9,9
268,281005064,1051686,17,12591104,1024,1,1,9,9
269,282056750,1050551,0,278900736,16384,16,4,9,9
269,282056750,1050551,1,16797952,4096,10,2,9,9
269,282056750,1050551,2,27812352,4096,5,1,9,9
269,282056750,1050551,3,181910016,4096,5,1,9,9
269,282056750,1050551,4,120628224,4096,5,1,9,9
269,282056750,1050551,5,16271616,4096,5,1,9,9
269,282056750,1050551,6,174590464,4096,5,1,9,9
269,282056750,1050551,7,159930880,4096,5,1,9,9
269,282056750,1050551,8,156259072,4096,5,1,9,9
269,282056750,1050551,9,146842112,4096,5,1,9,9
269,282056750,1050551,10,166214656,4096,5,1,9,9
269,282056750,1050551,11,37260032,1024,4,2,9,9
269,282056750,1050551,12,279417344,16384,16,4,9,9
269,282056750,1050551,13,27813888,1024,5,1,9,9
269,282056750,1050551,14,121671680,4096,5,1,9,9
269,282056750,1050551,15,174073856,256,3,1,9,9
270,283107301,1048462,0,16797952,4096,33,7,9,9
270,283107301,1048462,1,121671680,4096,28,6,9,9
270,283107301,1048462,2,2097920,16384,24,4,9,9
270,283107301,1048462,3,1048320,65536,24,4,9,9
270,283107301,1048462,4,175045632,65536,24,4,9,9
270,283107301,1048462,5,178227200,16384,24,4,9,9
270,283107301,1048462,6,171420416,65536,24,4,9,9
270,283107301,1048462,7,166741248,4096,24,4,9,9
270,283107301,1048462,8,153052928,65536,24,4,9,9
270,283107301,1048462,9,4129792,65536,24,4,9,9
270,283107301,1048462,10,156259072,4096,23,5,9,9
270,283107301,1048462,11,173025280,65536,21,3,9,9
271,284155763,1047232,0,16797952,4096,49,11,9,9
271,284155763,1047232,1,121671680,4096,39,9,9,9
271,284155763,1047232,2,156259072,4096,33,7,9,9
271,284155763,1047232,3,0,4096,27,5,9,9
271,284155763,1047232,4,2097920,16384,24,4,9,9
271,284155763,1047232,5,1048320,65536,24,4,9,9
271,284155763,1047232,6,181910016,4096,26,6,9,9
271,284155763,1047232,7,159930880,4096,26,6,9,9
271,284155763,1047232,8,146842112,4096,26,6,9,9
271,284155763,1047232,9,166214656,4096,26,6,9,9
271,284155763,1047232,10,178227200,16384,24,4,9,9
271,284155763,1047232,11,175045632,65536,24,4,9,9
272,285202995,1046489,0,2097920,16384,75,15,9,9
272,285202995,1046489,1,1048320,65536,75,15,9,9
272,285202995,1046489,2,175045632,65536,75,15,9,9
272,285202995,1046489,3,171420416,65536,75,15,9,9
272,285202995,1046489,4,166741248,4096,75,15,9,9
272,285202995,1046489,5,178227200,16384,75,15,9,9
272,285202995,1046489,6,4129792,65536,75,15,9,9
272,285202995,1046489,7,153052928,65536,75,15,9,9
272,285202995,1046489,8,16797952,4096,56,14,9,9
272,285202995,1046489,9,121671680,4096,52,12,9,9
272,285202995,1046489,10,181910016,4096,32,8,9,9
272,285202995,1046489,11,159930880,4096,32,8,9,9
273,286249484,1050273,0,209117952,65536,73,13,10,10
273,286249484,1050273,1,257355520,65536,73,13,10,10
273,286249484,1050273,2,42968832,65536,73,13,10,10
273,286249484,1050273,3,260525824,16384,73,13,10,10
273,286249484,1050273,4,259476736,16384,73,13,10,10
273,286249484,1050273,5,257912832,16384,73,13,10,10
273,286249484,1050273,6,223297536,65536,73,13,10,10
273,286249484,1050273,7,235802112,65536,73,13,10,10
273,286249484,1050273,8,225376768,16384,73,13,10,10
273,286249484,1050273,9,232704256,16384,73,13,10,10
273,286249484,1050273,10,229584640,4096,32,8,10,10
273,286249484,1050273,11,143158272,4096,32,8,10,10
274,287299757,1055750,0,258944000,16384,117,19,10,10
274,287299757,1055750,1,42968832,65536,69,11,10,10
274,287299757,1055750,2,223297536,65536,69,11,10,10
274,287299757,1055750,3,235802112,65536,69,11,10,10
274,287299757,1055750,4,257355520,65536,69,11,10,10
274,287299757,1055750,5,260525824,16384,69,11,10,10
274,287299757,1055750,6,209117952,65536,69,11,10,10
274,287299757,1055750,7,259476736,16384,69,11,10,10
274,287299757,1055750,8,232704256,16384,69,11,10,10
274,287299757,1055750,9,225376768,16384,69,11,10,10
274,287299757,1055750,10,223231744,65536,48,8,10,10
274,287299757,1055750,11,62403072,65536,48,8,10,10
275,288355507,1053024,0,288338944,16384,153,27,10,10
275,288355507,1053024,1,258944000,16384,54,8,10,10
275,288355507,1053024,2,263175424,4096,45,9,10,10
275,288355507,1053024,3,223231744,65536,42,6,10,10
275,288355507,1053024,4,62403072,65536,42,6,10,10
275,288355507,1053024,5,56115712,65536,42,6,10,10
275,288355507,1053024,6,212266240,65536,42,6,10,10
275,288355507,1053024,7,245326848,65536,42,6,10,10
275,288355507,1053024,8,254771968,65536,42,6,10,10
275,288355507,1053024,9,270447360,65536,42,6,10,10
275,288355507,1053024,10,226376448,65536,42,6,10,10
275,288355507,1053024,11,143680512,4096,31,7,10,10
276,289408531,1048397,0,258944000,16384,96,16,10,10
276,289408531,1048397,1,42508288,4096,75,17,10,10
276,289408531,1048397,2,288355584,16384,69,11,10,10
276,289408531,1048397,3,287819264,16384,57,9,10,10
276,289408531,1048397,4,259476736,16384,57,9,10,10
276,289408531,1048397,5,225376768,16384,57,9,10,10
276,289408531,1048397,6,257355520,65536,57,9,10,10
276,289408531,1048397,7,223297536,65536,57,9,10,10
276,289408531,1048397,8,260525824,16384,57,9,10,10
276,289408531,1048397,9,235802112,65536,57,9,10,10
276,289408531,1048397,10,232704256,16384,57,9,10,10
276,289408531,1048397,11,143680512,4096,55,13,10,10
277,290456928,1049059,0,109043456,65536,104,16,6,6
277,290456928,1049059,1,219110656,65536,104,16,6,6
277,290456928,1049059,2,104353536,65536,104,16,6,6
277,290456928,1049059,3,214903552,16384,104,16,6,6
277,290456928,1049059,4,47719680,65536,104,16,6,6
277,290456928,1049059,5,105897472,65536,104,16,6,6
277,290456928,1049059,6,277788672,65536,104,16,6,6
277,290456928,1049059,7,246375936,16384,104,16,6,6
277,290456928,1049059,8,119580160,65536,104,16,6,6
277,290456928,1049059,9,216999424,16384,36,6,6,6
277,290456928,1049059,10,117424640,65536,36,6,6,6
277,290456928,1049059,11,218046720,16384,36,6,6,6
277,290456928,1049059,12,214915840,4096,104,16,6,6
277,290456928,1049059,13,48260352,16384,36,6,6,6
277,290456928,1049059,14,277295872,65536,36,6,6,6
277,290456928,1049059,15,246375936,65536,104,16,6,6
278,291505987,1066143,0,216999424,16384,24,4,6,6
278,291505987,1066143,1,40937216,16384,24,4,6,6
278,291505987,1066143,2,48260352,16384,24,4,6,6
278,291505987,1066143,3,218046720,16384,24,4,6,6
278,291505987,1066143,4,250573824,16384,24,4,6,6
278,291505987,1066143,5,117424640,65536,24,4,6,6
278,291505987,1066143,6,118538752,16384,24,4,6,6
278,291505987,1066143,7,46669568,65536,24,4,6,6
278,291505987,1066143,8,277295872,65536,24,4,6,6
278,291505987,1066143,9,114355712,16384,24,4,6,6
278,291505987,1066143,10,240064768,65536,24,4,6,6
278,291505987,1066143,11,104910592,4096,20,4,6,6
278,291505987,1066143,12,46694144,16384,24,4,6,6
279,292572130,1047800,0,42508288,4096,71,19,10,10
279,292572130,1047800,1,258944000,16384,66,10,10,10
279,292572130,1047800,2,208609280,16384,60,10,10,10
279,292572130,1047800,3,143680512,4096,57,15,10,10
279,292572130,1047800,4,287819264,16384,45,7,10,10
279,292572130,1047800,5,259476736,16384,45,7,10,10
279,292572130,1047800,6,260525824,16384,45,7,10,10
279,292572130,1047800,7,223297536,65536,45,7,10,10
279,292572130,1047800,8,257355520,65536,45,7,10,10
279,292572130,1047800,9,225376768,16384,45,7,10,10
279,292572130,1047800,10,235802112,65536,45,7,10,10
279,292572130,1047800,11,232704256,16384,45,7,10,10
280,293619930,1048338,0,258944000,16384,49,9,10,10
280,293619930,1048338,1,275692544,65536,42,6,10,10
280,293619930,1048338,2,66604800,65536,42,6,10,10
280,293619930,1048338,3,57165568,65536,42,6,10,10
280,293619930,1048338,4,250016768,65536,42,6,10,10
280,293619930,1048338,5,276737536,65536,42,6,10,10
280,293619930,1048338,6,241116672,65536,42,6,10,10
280,293619930,1048338,7,143680512,4096,39,9,10,10
280,293619930,1048338,8,223231744,65536,37,7,10,10
280,293619930,1048338,9,212266240,65536,37,7,10,10
280,293619930,1048338,10,62403072,65536,37,7,10,10
280,293619930,1048338,11,254771968,65536,37,7,10,10
281,294668268,1048970,0,107522048,16384,44,8,6,6
281,294668268,1048970,1,277295872,65536,40,8,6,6
281,294668268,1048970,2,118538752,16384,40,8,6,6
281,294668268,1048970,3,117424640,65536,40,8,6,6
281,294668268,1048970,4,216999424,16384,40,8,6,6
281,294668268,1048970,5,218046720,16384,40,8,6,6
281,294668268,1048970,6,40937216,16384,40,8,6,6
281,294668268,1048970,7,46669568,65536,40,8,6,6
281,294668268,1048970,8,114355712,16384,40,8,6,6
281,294668268,1048970,9,48260352,16384,40,8,6,6
281,294668268,1048970,10,240064768,65536,40,8,6,6
281,294668268,1048970,11,250573824,16384,40,8,6,6
281,294668268,1048970,12,107528192,4096,24,4,6,6
281,294668268,1048970,13,46694144,16384,40,8,6,6
282,295717238,1048109,0,258944000,16384,117,21,10,10
282,295717238,1048109,1,257355520,65536,84,16,10,10
282,295717238,1048109,2,42968832,65536,84,16,10,10
282,295717238,1048109,3,235802112,65536,84,16,10,10
282,295717238,1048109,4,223297536,65536,84,16,10,10
282,295717238,1048109,5,287819264,16384,84,16,10,10
282,295717238,1048109,6,232704256,16384,84,16,10,10
282,295717238,1048109,7,259476736,16384,84,16,10,10
282,295717238,1048109,8,225376768,16384,84,16,10,10
282,295717238,1048109,9,260525824,16384,84,16,10,10
282,295717238,1048109,10,143680512,4096,42,12,10,10
282,295717238,1048109,11,53000448,4096,42,10,10,10
283,296765347,1050257,0,107522048,16384,28,6,6,6
283,296765347,1050257,1,234293504,1024,21,5,6,6
283,296765347,1050257,2,115398400,65536,21,3,6,6
283,296765347,1050257,3,216950272,65536,21,3,6,6
283,296765347,1050257,4,199193088,4096,18,4,6,6
283,296765347,1050257,5,118522112,16384,16,4,6,6
283,296765347,1050257,6,124285696,4096,15,3,6,6
283,296765347,1050257,7,118538752,16384,12,2,6,6
283,296765347,1050257,8,218046720,16384,12,2,6,6
283,296765347,1050257,9,277295872,65536,12,2,6,6
283,296765347,1050257,10,237961728,16384,12,2,6,6
283,296765347,1050257,11,114355712,16384,12,2,6,6
283,296765347,1050257,12,107529728,1024,15,3,6,6
283,296765347,1050257,13,216999424,16384,12,2,6,6
283,296765347,1050257,14,118534400,4096,16,4,6,6
283,296765347,1050257,15,277328128,1024,5,1,6,6
283,296765347,1050257,16,115397120,1024,5,1,6,6
284,297815604,1048908,0,107522048,16384,49,9,6,6
284,297815604,1048908,1,118522112,16384,49,9,6,6
284,297815604,1048908,2,199193088,4096,42,10,6,6
284,297815604,1048908,3,73457664,4096,33,9,6,6
284,297815604,1048908,4,104910592,4096,33,9,6,6
284,297815604,1048908,5,190790400,16384,27,5,6,6
284,297815604,1048908,6,216999424,16384,25,5,6,6
284,297815604,1048908,7,296765440,65536,25,5,6,6
284,297815604,1048908,8,118538752,16384,25,5,6,6
284,297815604,1048908,9,277295872,65536,25,5,6,6
284,297815604,1048908,10,48260352,16384,25,5,6,6
284,297815604,1048908,11,218046720,16384,25,5,6,6
284,297815604,1048908,12,118534400,4096,49,9,6,6
284,297815604,1048908,13,73460736,1024,33,9,6,6
285,298864512,1045862,0,107522048,16384,28,6,6,6
285,298864512,1045862,1,298798848,65536,24,4,6,6
285,298864512,1045862,2,117424640,65536,24,4,6,6
285,298864512,1045862,3,216999424,16384,24,4,6,6
285,298864512,1045862,4,277295872,65536,24,4,6,6
285,298864512,1045862,5,40937216,16384,24,4,6,6
285,298864512,1045862,6,48260352,16384,24,4,6,6
285,298864512,1045862,7,118538752,16384,24,4,6,6
285,298864512,1045862,8,240064768,65536,24,4,6,6
285,298864512,1045862,9,218046720,16384,24,4,6,6
285,298864512,1045862,10,296765440,65536,24,4,6,6
285,298864512,1045862,11,46694144,16384,24,4,6,6
285,298864512,1045862,12,107528192,4096,12,2,6,6
285,298864512,1045862,13,298339584,1024,3,1,6,6
285,298864512,1045862,14,47228416,16384,12,2,6,6
285,298864512,1045862,15,218062080,1024,3,1,6,6
286,299910374,1047569,0,40937216,16384,48,8,6,6
286,299910374,1047569,1,118538752,16384,48,8,6,6
286,299910374,1047569,2,46694144,16384,48,8,6,6
286,299910374,1047569,3,298798848,65536,48,8,6,6
286,299910374,1047569,4,216999424,16384,48,8,6,6
286,299910374,1047569,5,117424640,65536,48,8,6,6
286,299910374,1047569,6,277295872,65536,48,8,6,6
286,299910374,1047569,7,296765440,65536,48,8,6,6
286,299910374,1047569,8,48260352,16384,48,8,6,6
286,299910374,1047569,9,218046720,16384,48,8,6,6
286,299910374,1047569,10,240064768,65536,48,8,6,6
286,299910374,1047569,11,250573824,16384,48,8,6,6
286,299910374,1047569,12,47719680,65536,37,7,6,6
287,300957943,1050959,0,277295872,65536,24,4,6,6
287,300957943,1050959,1,216999424,16384,24,4,6,6
287,300957943,1050959,2,296765440,65536,24,4,6,6
287,300957943,1050959,3,118538752,16384,24,4,6,6
287,300957943,1050959,4,298798848,65536,24,4,6,6
287,300957943,1050959,5,218046720,16384,24,4,6,6
287,300957943,1050959,6,117424640,65536,24,4,6,6
287,300957943,1050959,7,40937216,16384,24,4,6,6
287,300957943,1050959,8,48260352,16384,24,4,6,6
287,300957943,1050959,9,46694144,16384,24,4,6,6
287,300957943,1050959,10,240064768,65536,24,4,6,6
287,300957943,1050959,11,250573824,16384,24,4,6,6
287,300957943,1050959,12,47719680,65536,21,3,6,6
288,302008902,1050078,0,42508288,4096,30,6,10,10
288,302008902,1050078,1,53000448,4096,25,5,10,10
288,302008902,1050078,2,70309120,4096,25,5,10,10
288,302008902,1050078,3,43556352,4096,25,5,10,10
288,302008902,1050078,4,293093888,4096,25,5,10,10
288,302008902,1050078,5,143158272,4096,25,5,10,10
288,302008902,1050078,6,229584640,4096,25,5,10,10
288,302008902,1050078,7,234820096,4096,25,5,10,10
288,302008902,1050078,8,266841600,4096,25,5,10,10
288,302008902,1050078,9,203385344,4096,25,5,10,10
288,302008902,1050078,10,66113280,4096,20,4,10,10
288,302008902,1050078,11,257912832,4096,20,4,10,10
289,303058980,1048563,0,42508288,4096,54,12,10,10
289,303058980,1048563,1,257355520,65536,37,7,10,10
289,303058980,1048563,2,257912832,16384,37,7,10,10
289,303058980,1048563,3,223297536,65536,37,7,10,10
289,303058980,1048563,4,225376768,16384,37,7,10,10
289,303058980,1048563,5,235802112,65536,37,7,10,10
289,303058980,1048563,6,259476736,16384,37,7,10,10
289,303058980,1048563,7,287819264,16384,37,7,10,10
289,303058980,1048563,8,260525824,16384,37,7,10,10
289,303058980,1048563,9,232704256,16384,37,7,10,10
289,303058980,1048563,10,293093888,4096,36,8,10,10
289,303058980,1048563,11,70309120,4096,31,7,10,10
290,304107543,1056502,0,166214656,4096,27,5,9,9
290,304107543,1056502,1,16732160,65536,25,5,9,9
290,304107543,1056502,2,16797952,4096,25,5,9,9
290,304107543,1056502,3,13641728,16384,24,4,9,9
290,304107543,1056502,4,121119232,65536,21,3,9,9
290,304107543,1056502,5,173025280,65536,21,3,9,9
290,304107543,1056502,6,181910016,4096,15,3,9,9
290,304107543,1056502,7,159930880,4096,15,3,9,9
290,304107543,1056502,8,157804288,65536,15,3,9,9
290,304107543,1056502,9,146842112,4096,15,3,9,9
290,304107543,1056502,10,284671232,16384,12,2,9,9
290,304107543,1056502,11,182438400,65536,12,2,9,9
291,305164045,1049572,0,104353536,65536,21,3,6,6
291,305164045,1049572,1,47719680,65536,21,3,6,6
291,305164045,1049572,2,295651584,65536,21,3,6,6
291,305164045,1049572,3,214903552,16384,21,3,6,6
291,305164045,1049572,4,119580160,65536,21,3,6,6
291,305164045,1049572,5,219110656,65536,21,3,6,6
291,305164045,1049572,6,277788672,65536,21,3,6,6
291,305164045,1049572,7,105897472,65536,21,3,6,6
291,305164045,1049572,8,109043456,65536,21,3,6,6
291,305164045,1049572,9,246375936,16384,21,3,6,6
291,305164045,1049572,10,124285696,4096,20,4,6,6
291,305164045,1049572,11,299910400,256,18,4,6,6
291,305164045,1049572,12,48260352,16384,15,3,6,6
291,305164045,1049572,13,214915840,4096,21,3,6,6
291,305164045,1049572,14,246375936,65536,21,3,6,6
291,305164045,1049572,15,299910400,1024,18,4,6,6
292,306213617,1058085,0,257355520,65536,36,6,10,10
292,306213617,1058085,1,225376768,16384,36,6,10,10
292,306213617,1058085,2,257912832,16384,36,6,10,10
292,306213617,1058085,3,287819264,16384,36,6,10,10
292,306213617,1058085,4,42968832,65536,36,6,10,10
292,306213617,1058085,5,259476736,16384,36,6,10,10
292,306213617,1058085,6,260525824,16384,36,6,10,10
292,306213617,1058085,7,232704256,16384,36,6,10,10
292,306213617,1058085,8,304091136,16384,36,6,10,10
292,306213617,1058085,9,235802112,65536,36,6,10,10
292,306213617,1058085,10,143680512,4096,33,7,10,10
292,306213617,1058085,11,66113280,4096,23,5,10,10
293,307271702,1043472,0,306213632,65536,48,8,10,10
293,307271702,1043472,1,260525824,16384,48,8,10,10
293,307271702,1043472,2,257912832,16384,48,8,10,10
293,307271702,1043472,3,259476736,16384,48,8,10,10
293,307271702,1043472,4,232704256,16384,48,8,10,10
293,307271702,1043472,5,304091136,16384,48,8,10,10
293,307271702,1043472,6,42968832,65536,48,8,10,10
293,307271702,1043472,7,235802112,65536,48,8,10,10
293,307271702,1043472,8,257355520,65536,48,8,10,10
293,307271702,1043472,9,287819264,16384,48,8,10,10
293,307271702,1043472,10,143680512,4096,26,6,10,10
293,307271702,1043472,11,200241408,4096,22,6,10,10
294,308315174,1045071,0,143680512,4096,28,6,10,10
294,308315174,1045071,1,245326848,65536,24,4,10,10
294,308315174,1045071,2,258894848,65536,24,4,10,10
294,308315174,1045071,3,62403072,65536,24,4,10,10
294,308315174,1045071,4,212266240,65536,24,4,10,10
294,308315174,1045071,5,56115712,65536,24,4,10,10
294,308315174,1045071,6,270447360,65536,24,4,10,10
294,308315174,1045071,7,254771968,65536,24,4,10,10
294,308315174,1045071,8,223231744,65536,24,4,10,10
294,308315174,1045071,9,226376448,65536,24,4,10,10
294,308315174,1045071,10,127430912,1024,20,6,10,10
294,308315174,1045071,11,66113280,4096,15,3,10,10
295,309360245,1044800,0,258944000,16384,75,13,10,10
295,309360245,1044800,1,42968832,65536,39,7,10,10
295,309360245,1044800,2,257355520,65536,39,7,10,10
295,309360245,1044800,3,304091136,16384,39,7,10,10
295,309360245,1044800,4,287819264,16384,39,7,10,10
295,309360245,1044800,5,259476736,16384,39,7,10,10
295,309360245,1044800,6,232704256,16384,39,7,10,10
295,309360245,1044800,7,235802112,65536,39,7,10,10
295,309360245,1044800,8,306213632,65536,39,7,10,10
295,309360245,1044800,9,260525824,16384,39,7,10,10
295,309360245,1044800,10,276786688,16384,36,6,10,10
295,309360245,1044800,11,212266240,65536,36,6,10,10
296,310405045,1048323,0,275692544,65536,46,8,10,10
296,310405045,1048323,1,57165568,65536,46,8,10,10
296,310405045,1048323,2,276737536,65536,46,8,10,10
296,310405045,1048323,3,66604800,65536,46,8,10,10
296,310405045,1048323,4,250016768,65536,46,8,10,10
296,310405045,1048323,5,241116672,65536,46,8,10,10
296,310405045,1048323,6,82362624,16384,39,7,10,10
296,310405045,1048323,7,5759488,16384,39,7,10,10
296,310405045,1048323,8,208625920,4096,39,7,10,10
296,310405045,1048323,9,102809600,4096,39,7,10,10
296,310405045,1048323,10,143152128,16384,39,7,10,10
296,310405045,1048323,11,64530688,16384,39,7,10,10
297,311453368,1048121,0,258944000,16384,102,18,10,10
297,311453368,1048121,1,257355520,65536,87,15,10,10
297,311453368,1048121,2,42968832,65536,87,15,10,10
297,311453368,1048121,3,306213632,65536,87,15,10,10
297,311453368,1048121,4,260525824,16384,87,15,10,10
297,311453368,1048121,5,235802112,65536,87,15,10,10
297,311453368,1048121,6,259476736,16384,87,15,10,10
297,311453368,1048121,7,287819264,16384,87,15,10,10
297,311453368,1048121,8,232704256,16384,87,15,10,10
297,311453368,1048121,9,304091136,16384,87,15,10,10
297,311453368,1048121,10,143680512,4096,46,12,10,10
297,311453368,1048121,11,66113280,4096,24,6,10,10
298,312501489,1050336,0,258944000,16384,170,26,10,10
298,312501489,1050336,1,223231744,65536,96,14,10,10
298,312501489,1050336,2,62403072,65536,96,14,10,10
298,312501489,1050336,3,254771968,65536,96,14,10,10
298,312501489,1050336,4,245326848,65536,96,14,10,10
298,312501489,1050336,5,212266240,65536,96,14,10,10
298,312501489,1050336,6,226376448,65536,96,14,10,10
298,312501489,1050336,7,270447360,65536,96,14,10,10
298,312501489,1050336,8,56115712,65536,96,14,10,10
298,312501489,1050336,9,287819264,16384,74,12,10,10
298,312501489,1050336,10,257355520,65536,74,12,10,10
298,312501489,1050336,11,259476736,16384,74,12,10,10
299,313551825,1048713,0,257912832,16384,48,8,10,10
299,313551825,1048713,1,42968832,65536,48,8,10,10
299,313551825,1048713,2,304091136,16384,48,8,10,10
299,313551825,1048713,3,259476736,16384,48,8,10,10
299,313551825,1048713,4,257355520,65536,48,8,10,10
299,313551825,1048713,5,260525824,16384,48,8,10,10
299,313551825,1048713,6,235802112,65536,48,8,10,10
299,313551825,1048713,7,287819264,16384,48,8,10,10
299,313551825,1048713,8,306213632,65536,48,8,10,10
299,313551825,1048713,9,232704256,16384,48,8,10,10
299,313551825,1048713,10,143680512,4096,34,8,10,10
299,313551825,1048713,11,230104064,4096,26,6,10,10
300,314600538,1047272,0,314534912,65536,108,20,10,10
300,314600538,1047272,1,257355520,65536,71,13,10,10
300,314600538,1047272,2,42968832,65536,71,13,10,10
300,314600538,1047272,3,257912832,16384,71,13,10,10
300,314600538,1047272,4,259476736,16384,71,13,10,10
300,314600538,1047272,5,304091136,16384,71,13,10,10
300,314600538,1047272,6,287819264,16384,71,13,10,10
300,314600538,1047272,7,260525824,16384,71,13,10,10
300,314600538,1047272,8,235802112,65536,71,13,10,10
300,314600538,1047272,9,306213632,65536,71,13,10,10
300,314600538,1047272,10,143680512,4096,49,11,10,10
300,314600538,1047272,11,102809600,4096,41,7,10,10
301,315647810,1056973,0,258944000,16384,45,7,10,10
301,315647810,1056973,1,143680512,4096,42,10,10,10
301,315647810,1056973,2,42508288,4096,42,10,10,10
301,315647810,1056973,3,263175424,1024,25,7,10,10
301,315647810,1056973,4,314534912,65536,24,4,10,10
301,315647810,1056973,5,230104064,4096,24,6,10,10
301,315647810,1056973,6,235802112,65536,24,4,10,10
301,315647810,1056973,7,176164096,1024,24,6,10,10
301,315647810,1056973,8,287819264,16384,24,4,10,10
301,315647810,1056973,9,90757632,4096,24,6,10,10
301,315647810,1056973,10,260525824,16384,24,4,10,10
301,315647810,1056973,11,257355520,65536,24,4,10,10
302,316704783,1048305,0,258944000,16384,81,13,10,10
302,316704783,1048305,1,223231744,65536,42,6,10,10
302,316704783,1048305,2,62403072,65536,42,6,10,10
302,316704783,1048305,3,270447360,65536,42,6,10,10
302,316704783,1048305,4,212266240,65536,42,6,10,10
302,316704783,1048305,5,56115712,65536,42,6,10,10
302,316704783,1048305,6,254771968,65536,42,6,10,10
302,316704783,1048305,7,245326848,65536,42,6,10,10
302,316704783,1048305,8,226376448,65536,42,6,10,10
302,316704783,1048305,9,42968832,65536,39,7,10,10
302,316704783,1048305,10,287819264,16384,39,7,10,10
302,316704783,1048305,11,314534912,65536,39,7,10,10
303,317753088,1050608,0,223231744,65536,45,7,10,10
303,317753088,1050608,1,212266240,65536,45,7,10,10
303,317753088,1050608,2,258894848,65536,45,7,10,10
303,317753088,1050608,3,226376448,65536,45,7,10,10
303,317753088,1050608,4,56115712,65536,45,7,10,10
303,317753088,1050608,5,270447360,65536,45,7,10,10
303,317753088,1050608,6,254771968,65536,45,7,10,10
303,317753088,1050608,7,62403072,65536,45,7,10,10
303,317753088,1050608,8,245326848,65536,45,7,10,10
303,317753088,1050608,9,276786688,16384,24,4,10,10
303,317753088,1050608,10,86021632,16384,24,4,10,10
303,317753088,1050608,11,127956224,1024,24,4,10,10
304,318803696,1049520,0,143680512,4096,43,9,10,10
304,318803696,1049520,1,42508288,4096,30,6,10,10
304,318803696,1049520,2,258944000,16384,27,5,10,10
304,318803696,1049520,3,313018368,16384,24,4,10,10
304,318803696,1049520,4,5759488,16384,23,5,10,10
304,318803696,1049520,5,64530688,16384,23,5,10,10
304,318803696,1049520,6,102809600,4096,23,5,10,10
304,318803696,1049520,7,82362624,16384,23,5,10,10
304,318803696,1049520,8,66113280,4096,23,5,10,10
304,318803696,1049520,9,208625920,4096,23,5,10,10
304,318803696,1049520,10,243223040,256,23,5,10,10
304,318803696,1049520,11,263175424,1024,20,4,10,10
305,319853216,1046932,0,143680512,4096,29,7,10,10
305,319853216,1046932,1,42508288,4096,25,5,10,10
305,319853216,1046932,2,98619904,65536,25,5,10,10
305,319853216,1046932,3,110650368,65536,25,5,10,10
305,319853216,1046932,4,312435712,65536,25,5,10,10
305,319853216,1046932,5,82830080,65536,21,3,10,10
305,319853216,1046932,6,67686144,1024,19,9,10,10
305,319853216,1046932,7,276802048,1024,15,3,10,10
305,319853216,1046932,8,176164096,1024,15,3,10,10
305,319853216,1046932,9,230104064,4096,15,3,10,10
305,319853216,1046932,10,263175424,1024,15,3,10,10
305,319853216,1046932,11,90757632,4096,15,3,10,10
306,320900148,1048934,0,121119232,65536,71,13,9,9
306,320900148,1048934,1,173025280,65536,50,10,9,9
306,320900148,1048934,2,16797952,4096,38,8,9,9
306,320900148,1048934,3,13641728,16384,29,5,9,9
306,320900148,1048934,4,159930880,4096,28,6,9,9
306,320900148,1048934,5,175045632,65536,28,6,9,9
306,320900148,1048934,6,171420416,65536,28,6,9,9
306,320900148,1048934,7,166214656,4096,28,6,9,9
306,320900148,1048934,8,181910016,4096,28,6,9,9
306,320900148,1048934,9,178227200,16384,28,6,9,9
306,320900148,1048934,10,2097920,16384,28,6,9,9
306,320900148,1048934,11,166741248,4096,28,6,9,9
306,320900148,1048934,12,121143808,16384,71,13,9,9
307,321949082,1048671,0,171420416,65536,52,10,9,9
307,321949082,1048671,1,178227200,16384,52,10,9,9
307,321949082,1048671,2,2097920,16384,52,10,9,9
307,321949082,1048671,3,175045632,65536,52,10,9,9
307,321949082,1048671,4,305098496,65536,52,10,9,9
307,321949082,1048671,5,1048320,65536,52,10,9,9
307,321949082,1048671,6,166741248,4096,52,10,9,9
307,321949082,1048671,7,4129792,65536,52,10,9,9
307,321949082,1048671,8,16797952,4096,42,10,9,9
307,321949082,1048671,9,13641728,16384,35,7,9,9
307,321949082,1048671,10,272595968,16384,35,7,9,9
307,321949082,1048671,11,121671680,4096,32,8,9,9
307,321949082,1048671,12,1540096,65536,52,10,9,9
307,321949082,1048671,13,166741248,16384,52,10,9,9
308,322997753,1041930,0,228518144,16384,60,10,0,0
308,322997753,1041930,1,229057536,4096,37,9,0,0
308,322997753,1041930,2,228534784,65536,21,3,0,0
309,324039683,1045659,0,228518144,16384,49,9,0,0
309,324039683,1045659,1,323510528,16384,49,9,0,0
309,324039683,1045659,2,229057536,4096,23,5,0,0
309,324039683,1045659,3,323485952,65536,21,3,0,0
310,325085342,1046292,0,258944000,16384,72,12,10,10
310,325085342,1046292,1,276802048,1024,65,15,10,10
310,325085342,1046292,2,257355520,65536,51,9,10,10
310,325085342,1046292,3,259476736,16384,51,9,10,10
310,325085342,1046292,4,42968832,65536,51,9,10,10
310,325085342,1046292,5,260525824,16384,51,9,10,10
310,325085342,1046292,6,287819264,16384,51,9,10,10
310,325085342,1046292,7,314534912,65536,51,9,10,10
310,325085342,1046292,8,235802112,65536,51,9,10,10
310,325085342,1046292,9,306213632,65536,51,9,10,10
310,325085342,1046292,10,304091136,16384,51,9,10,10
310,325085342,1046292,11,86021632,16384,48,8,10,10
311,326131634,1050057,0,228518144,16384,60,10,0,0
311,326131634,1050057,1,323510528,16384,60,10,0,0
311,326131634,1050057,2,228534784,65536,21,3,0,0
311,326131634,1050057,3,325019648,65536,21,3,0,0
311,326131634,1050057,4,322997760,65536,21,3,0,0
311,326131634,1050057,5,229057536,4096,14,4,0,0
311,326131634,1050057,6,325068800,16384,21,3,0,0
312,327181691,1047663,0,258944000,16384,72,14,10,10
312,327181691,1047663,1,42508288,4096,63,13,10,10
312,327181691,1047663,2,287819264,16384,60,12,10,10
312,327181691,1047663,3,259476736,16384,60,12,10,10
312,327181691,1047663,4,260525824,16384,60,12,10,10
312,327181691,1047663,5,235802112,65536,60,12,10,10
312,327181691,1047663,6,306213632,65536,60,12,10,10
312,327181691,1047663,7,257355520,65536,60,12,10,10
312,327181691,1047663,8,314534912,65536,60,12,10,10
312,327181691,1047663,9,304091136,16384,60,12,10,10
312,327181691,1047663,10,143680512,4096,47,9,10,10
312,327181691,1047663,11,230104064,4096,37,7,10,10
313,328229354,1063245,0,327165184,16384,81,13,0,0
313,328229354,1063245,1,323510528,16384,57,9,0,0
313,328229354,1063245,2,228518144,16384,57,9,0,0
313,328229354,1063245,3,228534784,65536,24,4,0,0
313,328229354,1063245,4,325019648,65536,24,4,0,0
313,328229354,1063245,5,326131712,65536,57,9,0,0
313,328229354,1063245,6,322997760,65536,24,4,0,0
313,328229354,1063245,7,229057536,4096,18,4,0,0
313,328229354,1063245,8,325068800,16384,24,4,0,0
314,329292599,1047152,0,175045632,65536,90,14,9,9
314,329292599,1047152,1,171420416,65536,90,14,9,9
314,329292599,1047152,2,178227200,16384,90,14,9,9
314,329292599,1047152,3,2097920,16384,90,14,9,9
314,329292599,1047152,4,4129792,65536,90,14,9,9
314,329292599,1047152,5,166741248,4096,90,14,9,9
314,329292599,1047152,6,305098496,65536,90,14,9,9
314,329292599,1047152,7,1048320,65536,90,14,9,9
314,329292599,1047152,8,13641728,16384,57,9,9,9
314,329292599,1047152,9,16797952,4096,46,10,9,9
314,329292599,1047152,10,182438400,65536,45,7,9,9
314,329292599,1047152,11,178243840,16384,45,7,9,9
315,330339751,1048265,0,143680512,4096,49,11,10,10
315,330339751,1048265,1,42508288,4096,46,10,10,10
315,330339751,1048265,2,327181824,16384,37,7,10,10
315,330339751,1048265,3,257355520,65536,37,7,10,10
315,330339751,1048265,4,257912832,16384,37,7,10,10
315,330339751,1048265,5,260525824,16384,37,7,10,10
315,330339751,1048265,6,259476736,16384,37,7,10,10
315,330339751,1048265,7,304091136,16384,37,7,10,10
315,330339751,1048265,8,306213632,65536,37,7,10,10
315,330339751,1048265,9,314534912,65536,37,7,10,10
315,330339751,1048265,10,287819264,16384,37,7,10,10
315,330339751,1048265,11,318787072,16384,32,6,10,10
316,331388016,1052723,0,228518144,16384,63,11,0,0
316,331388016,1052723,1,326131712,65536,63,11,0,0
316,331388016,1052723,2,323510528,16384,63,11,0,0
316,331388016,1052723,3,229057536,4096,30,6,0,0
316,331388016,1052723,4,324561920,1024,3,1,0,0
316,331388016,1052723,5,328229376,256,1,1,0,0
316,331388016,1052723,6,327165184,16384,63,11,0,0
316,331388016,1052723,7,324562432,256,3,1,0,0
317,332440739,1039971,0,260525824,16384,51,9,10,10
317,332440739,1039971,1,257355520,65536,51,9,10,10
317,332440739,1039971,2,327181824,16384,51,9,10,10
317,332440739,1039971,3,259476736,16384,51,9,10,10
317,332440739,1039971,4,257912832,16384,51,9,10,10
317,332440739,1039971,5,42968832,65536,51,9,10,10
317,332440739,1039971,6,287819264,16384,51,9,10,10
317,332440739,1039971,7,306213632,65536,51,9,10,10
317,332440739,1039971,8,314534912,65536,51,9,10,10
317,332440739,1039971,9,304091136,16384,51,9,10,10
317,332440739,1039971,10,143680512,4096,28,6,10,10
317,332440739,1039971,11,263175424,1024,23,5,10,10
318,333480710,1049155,0,143680512,4096,48,10,10,10
318,333480710,1049155,1,86021632,16384,36,6,10,10
318,333480710,1049155,2,276786688,16384,36,6,10,10
318,333480710,1049155,3,127956224,1024,36,6,10,10
318,333480710,1049155,4,42508288,4096,35,7,10,10
318,333480710,1049155,5,257912832,4096,28,6,10,10
318,333480710,1049155,6,66113280,4096,28,6,10,10
318,333480710,1049155,7,243223040,256,28,6,10,10
318,333480710,1049155,8,260525824,16384,24,4,10,10
318,333480710,1049155,9,327181824,16384,24,4,10,10
318,333480710,1049155,10,257355520,65536,24,4,10,10
318,333480710,1049155,11,259476736,16384,24,4,10,10
319,334529865,1047954,0,260525824,16384,84,14,10,10
319,334529865,1047954,1,257355520,65536,84,14,10,10
319,334529865,1047954,2,257912832,16384,84,14,10,10
319,334529865,1047954,3,42968832,65536,84,14,10,10
319,334529865,1047954,4,259476736,16384,84,14,10,10
319,334529865,1047954,5,287819264,16384,84,14,10,10
319,334529865,1047954,6,306213632,65536,84,14,10,10
319,334529865,1047954,7,327181824,16384,84,14,10,10
319,334529865,1047954,8,314534912,65536,84,14,10,10
319,334529865,1047954,9,304091136,16384,84,14,10,10
319,334529865,1047954,10,143680512,4096,63,15,10,10
319,334529865,1047954,11,263175424,1024,37,9,10,10
320,335577819,1043567,0,259476736,16384,81,17,10,10
320,335577819,1043567,1,257912832,16384,73,15,10,10
320,335577819,1043567,2,257355520,65536,73,15,10,10
320,335577819,1043567,3,327181824,16384,73,15,10,10
320,335577819,1043567,4,260525824,16384,73,15,10,10
320,335577819,1043567,5,42968832,65536,73,15,10,10
320,335577819,1043567,6,314534912,65536,73,15,10,10
320,335577819,1043567,7,287819264,16384,73,15,10,10
320,335577819,1043567,8,306213632,65536,73,15,10,10
320,335577819,1043567,9,304091136,16384,73,15,10,10
320,335577819,1043567,10,276802048,1024,45,9,10,10
320,335577819,1043567,11,86021632,16384,42,8,10,10
321,336621386,1050766,0,228518144,16384,48,8,0,0
321,336621386,1050766,1,323510528,16384,48,8,0,0
321,336621386,1050766,2,326131712,65536,48,8,0,0
321,336621386,1050766,3,229057536,4096,23,5,0,0
321,336621386,1050766,4,324561920,1024,3,1,0,0
321,336621386,1050766,5,327165184,16384,48,8,0,0
321,336621386,1050766,6,324562432,256,3,1,0,0
322,337672152,1046807,0,258944000,16384,50,8,10,10
322,337672152,1046807,1,270447360,65536,42,6,10,10
322,337672152,1046807,2,327181824,65536,42,6,10,10
322,337672152,1046807,3,223231744,65536,42,6,10,10
322,337672152,1046807,4,254771968,65536,42,6,10,10
322,337672152,1046807,5,62403072,65536,42,6,10,10
322,337672152,1046807,6,226376448,65536,42,6,10,10
322,337672152,1046807,7,245326848,65536,42,6,10,10
322,337672152,1046807,8,56115712,65536,42,6,10,10
322,337672152,1046807,9,5759488,16384,24,4,10,10
322,337672152,1046807,10,143152128,16384,24,4,10,10
322,337672152,1046807,11,82362624,16384,24,4,10,10
323,338718959,1044495,0,258944000,16384,138,22,10,10
323,338718959,1044495,1,338187264,16384,75,13,10,10
323,338718959,1044495,2,42968832,65536,75,13,10,10
323,338718959,1044495,3,259476736,16384,75,13,10,10
323,338718959,1044495,4,314534912,65536,75,13,10,10
323,338718959,1044495,5,287819264,16384,75,13,10,10
323,338718959,1044495,6,327181824,16384,75,13,10,10
323,338718959,1044495,7,260525824,16384,75,13,10,10
323,338718959,1044495,8,304091136,16384,75,13,10,10
323,338718959,1044495,9,306213632,65536,75,13,10,10
323,338718959,1044495,10,62403072,65536,63,9,10,10
323,338718959,1044495,11,245326848,65536,63,9,10,10
324,339763454,1045033,0,258944000,16384,85,15,10,10
324,339763454,1045033,1,338187264,16384,43,9,10,10
324,339763454,1045033,2,259476736,16384,43,9,10,10
324,339763454,1045033,3,42968832,65536,43,9,10,10
324,339763454,1045033,4,287819264,16384,43,9,10,10
324,339763454,1045033,5,314534912,65536,43,9,10,10
324,339763454,1045033,6,327181824,16384,43,9,10,10
324,339763454,1045033,7,306213632,65536,43,9,10,10
324,339763454,1045033,8,260525824,16384,43,9,10,10
324,339763454,1045033,9,304091136,16384,43,9,10,10
324,339763454,1045033,10,223231744,65536,42,6,10,10
324,339763454,1045033,11,270447360,65536,42,6,10,10
325,340808487,1068324,0,258944000,16384,112,20,10,10
325,340808487,1068324,1,338187264,16384,94,18,10,10
325,340808487,1068324,2,42968832,65536,79,15,10,10
325,340808487,1068324,3,259476736,16384,79,15,10,10
325,340808487,1068324,4,260525824,16384,79,15,10,10
325,340808487,1068324,5,287819264,16384,79,15,10,10
325,340808487,1068324,6,327181824,16384,79,15,10,10
325,340808487,1068324,7,306213632,65536,79,15,10,10
325,340808487,1068324,8,304091136,16384,79,15,10,10
325,340808487,1068324,9,314534912,65536,79,15,10,10
325,340808487,1068324,10,143680512,4096,43,9,10,10
325,340808487,1068324,11,263175424,1024,38,8,10,10
326,341876811,1050510,0,338187264,16384,87,15,10,10
326,341876811,1050510,1,42968832,65536,87,15,10,10
326,341876811,1050510,2,257912832,16384,87,15,10,10
326,341876811,1050510,3,260525824,16384,87,15,10,10
326,341876811,1050510,4,287819264,16384,87,15,10,10
326,341876811,1050510,5,259476736,16384,87,15,10,10
326,341876811,1050510,6,314534912,65536,87,15,10,10
326,341876811,1050510,7,306213632,65536,87,15,10,10
326,341876811,1050510,8,327181824,16384,87,15,10,10
326,341876811,1050510,9,304091136,16384,87,15,10,10
326,341876811,1050510,10,143680512,4096,43,11,10,10
326,341876811,1050510,11,56674048,65536,24,4,10,10
327,342927321,1047836,0,258944000,16384,81,13,10,10
327,342927321,1047836,1,42508288,4096,59,13,10,10
327,342927321,1047836,2,338187264,16384,48,8,10,10
327,342927321,1047836,3,270447360,65536,45,7,10,10
327,342927321,1047836,4,226376448,65536,45,7,10,10
327,342927321,1047836,5,62403072,65536,45,7,10,10
327,342927321,1047836,6,245326848,65536,45,7,10,10
327,342927321,1047836,7,327181824,65536,45,7,10,10
327,342927321,1047836,8,223231744,65536,45,7,10,10
327,342927321,1047836,9,254771968,65536,45,7,10,10
327,342927321,1047836,10,56115712,65536,45,7,10,10
327,342927321,1047836,11,43556352,4096,44,10,10,10
328,343975157,1042296,0,143680512,4096,51,11,10,10
328,343975157,1042296,1,42508288,4096,51,11,10,10
328,343975157,1042296,2,338187264,16384,44,8,10,10
328,343975157,1042296,3,263175424,1024,36,8,10,10
328,343975157,1042296,4,230104064,4096,33,7,10,10
328,343975157,1042296,5,176164096,1024,33,7,10,10
328,343975157,1042296,6,90757632,4096,33,7,10,10
328,343975157,1042296,7,258944000,16384,32,6,10,10
328,343975157,1042296,8,304091136,16384,32,6,10,10
328,343975157,1042296,9,287819264,16384,32,6,10,10
328,343975157,1042296,10,260525824,16384,32,6,10,10
328,343975157,1042296,11,259476736,16384,32,6,10,10
329,345017453,1048200,0,178227200,16384,54,10,9,9
329,345017453,1048200,1,2097920,16384,54,10,9,9
329,345017453,1048200,2,171420416,65536,54,10,9,9
329,345017453,1048200,3,305098496,65536,54,10,9,9
329,345017453,1048200,4,175045632,65536,54,10,9,9
329,345017453,1048200,5,166741248,4096,54,10,9,9
329,345017453,1048200,6,4129792,65536,54,10,9,9
329,345017453,1048200,7,1048320,65536,54,10,9,9
329,345017453,1048200,8,121671680,4096,39,9,9,9
329,345017453,1048200,9,16797952,4096,28,6,9,9
329,345017453,1048200,10,165691136,1024,27,7,9,9
329,345017453,1048200,11,322472704,1024,24,6,9,9
330,346065653,1018320,0,345013248,4096,61,11,10,10
330,346065653,1018320,1,338187264,16384,53,9,10,10
330,346065653,1018320,2,42508288,4096,38,8,10,10
330,346065653,1018320,3,260525824,16384,36,6,10,10
330,346065653,1018320,4,287819264,16384,36,6,10,10
330,346065653,1018320,5,304091136,16384,36,6,10,10
330,346065653,1018320,6,306213632,65536,36,6,10,10
330,346065653,1018320,7,327181824,16384,36,6,10,10
330,346065653,1018320,8,314534912,65536,36,6,10,10
330,346065653,1018320,9,342910720,16384,36,6,10,10
330,346065653,1018320,10,143680512,4096,33,7,10,10
330,346065653,1018320,11,263175424,1024,25,5,10,10
331,347083973,1049225,0,345013248,4096,66,12,10,10
331,347083973,1049225,1,338187264,16384,59,11,10,10
331,347083973,1049225,2,42968832,65536,51,9,10,10
331,347083973,1049225,3,287819264,16384,51,9,10,10
331,347083973,1049225,4,260525824,16384,51,9,10,10
331,347083973,1049225,5,342910720,16384,51,9,10,10
331,347083973,1049225,6,306213632,65536,51,9,10,10
331,347083973,1049225,7,327181824,16384,51,9,10,10
331,347083973,1049225,8,304091136,16384,51,9,10,10
331,347083973,1049225,9,314534912,65536,51,9,10,10
331,347083973,1049225,10,143680512,4096,33,7,10,10
331,347083973,1049225,11,312435712,65536,21,3,10,10
332,348133198,1044800,0,42508288,4096,51,11,10,10
332,348133198,1044800,1,338187264,16384,49,9,10,10
332,348133198,1044800,2,43556352,4096,36,8,10,10
332,348133198,1044800,3,293093888,4096,36,8,10,10
332,348133198,1044800,4,53000448,4096,36,8,10,10
332,348133198,1044800,5,203385344,4096,36,8,10,10
332,348133198,1044800,6,70309120,4096,36,8,10,10
332,348133198,1044800,7,143158272,4096,36,8,10,10
332,348133198,1044800,8,229584640,4096,36,8,10,10
332,348133198,1044800,9,234820096,4096,36,8,10,10
332,348133198,1044800,10,266841600,4096,36,8,10,10
332,348133198,1044800,11,345013248,4096,36,6,10,10
333,349177998,1051992,0,171420416,65536,52,8,9,9
333,349177998,1051992,1,305098496,65536,52,8,9,9
333,349177998,1051992,2,166741248,4096,52,8,9,9
333,349177998,1051992,3,178227200,16384,52,8,9,9
333,349177998,1051992,4,175045632,65536,52,8,9,9
333,349177998,1051992,5,2097920,16384,52,8,9,9
333,349177998,1051992,6,1048320,65536,52,8,9,9
333,349177998,1051992,7,4129792,65536,52,8,9,9
333,349177998,1051992,8,121671680,4096,29,7,9,9
333,349177998,1051992,9,16797952,4096,29,7,9,9
333,349177998,1051992,10,27812352,4096,19,5,9,9
333,349177998,1051992,11,16271616,4096,19,5,9,9
334,350229990,1047914,0,143680512,4096,36,8,10,10
334,350229990,1047914,1,345013248,4096,30,6,10,10
334,350229990,1047914,2,42508288,4096,27,7,10,10
334,350229990,1047914,3,276737536,65536,21,3,10,10
334,350229990,1047914,4,275692544,65536,21,3,10,10
334,350229990,1047914,5,57165568,65536,21,3,10,10
334,350229990,1047914,6,334530048,65536,21,3,10,10
334,350229990,1047914,7,312993792,65536,21,3,10,10
334,350229990,1047914,8,250016768,65536,21,3,10,10
334,350229990,1047914,9,66604800,65536,21,3,10,10
334,350229990,1047914,10,257912832,4096,18,4,10,10
334,350229990,1047914,11,263175424,1024,18,4,10,10
335,351277904,1048299,0,345013248,4096,91,17,10,10
335,351277904,1048299,1,42508288,4096,66,16,10,10
335,351277904,1048299,2,260525824,16384,64,10,10,10
335,351277904,1048299,3,314534912,65536,64,10,10,10
335,351277904,1048299,4,338187264,16384,64,10,10,10
335,351277904,1048299,5,327181824,16384,64,10,10,10
335,351277904,1048299,6,304091136,16384,64,10,10,10
335,351277904,1048299,7,287819264,16384,64,10,10,10
335,351277904,1048299,8,342910720,16384,64,10,10,10
335,351277904,1048299,9,306213632,65536,64,10,10,10
335,351277904,1048299,10,143158272,4096,39,9,10,10
335,351277904,1048299,11,53000448,4096,39,9,10,10
336,352326203,1057085,0,345013248,4096,49,9,10,10
336,352326203,1057085,1,338187264,16384,48,8,10,10
336,352326203,1057085,2,260525824,16384,36,6,10,10
336,352326203,1057085,3,42968832,65536,36,6,10,10
336,352326203,1057085,4,314534912,65536,36,6,10,10
336,352326203,1057085,5,327181824,16384,36,6,10,10
336,352326203,1057085,6,342910720,16384,36,6,10,10
336,352326203,1057085,7,287819264,16384,36,6,10,10
336,352326203,1057085,8,304091136,16384,36,6,10,10
336,352326203,1057085,9,306213632,65536,36,6,10,10
336,352326203,1057085,10,143680512,4096,26,6,10,10
336,352326203,1057085,11,334530048,65536,21,3,10,10
337,353383288,1041599,0,73457664,4096,18,4,6,6
337,353383288,1041599,1,104910592,4096,18,4,6,6
337,353383288,1041599,2,216999424,16384,12,2,6,6
337,353383288,1041599,3,218046720,16384,12,2,6,6
337,353383288,1041599,4,118538752,16384,12,2,6,6
337,353383288,1041599,5,117424640,65536,12,2,6,6
337,353383288,1041599,6,298798848,65536,12,2,6,6
337,353383288,1041599,7,46694144,16384,12,2,6,6
337,353383288,1041599,8,277295872,65536,12,2,6,6
337,353383288,1041599,9,250573824,16384,12,2,6,6
337,353383288,1041599,10,48260352,16384,12,2,6,6
337,353383288,1041599,11,296765440,65536,12,2,6,6
337,353383288,1041599,12,73460736,1024,18,4,6,6
337,353383288,1041599,13,218062080,1024,3,1,6,6
337,353383288,1041599,14,277328128,1024,3,1,6,6
338,354424887,1061207,0,42968832,65536,12,2,10,10
338,354424887,1061207,1,345000960,16384,12,2,10,10
338,354424887,1061207,2,338187264,16384,12,2,10,10
338,354424887,1061207,3,342910720,16384,12,2,10,10
338,354424887,1061207,4,287819264,16384,12,2,10,10
338,354424887,1061207,5,327181824,16384,12,2,10,10
338,354424887,1061207,6,306213632,65536,12,2,10,10
338,354424887,1061207,7,314534912,65536,12,2,10,10
338,354424887,1061207,8,260525824,16384,12,2,10,10
338,354424887,1061207,9,304091136,16384,12,2,10,10
338,354424887,1061207,10,257912832,4096,5,1,10,10
338,354424887,1061207,11,81841920,4096,5,1,10,10
338,354424887,1061207,12,43017984,16384,12,2,10,10
338,354424887,1061207,13,345013248,4096,12,2,10,10
339,355486094,1048877,0,298798848,65536,45,7,6,6
339,355486094,1048877,1,117424640,65536,45,7,6,6
339,355486094,1048877,2,250573824,16384,45,7,6,6
339,355486094,1048877,3,118538752,16384,45,7,6,6
339,355486094,1048877,4,48260352,16384,45,7,6,6
339,355486094,1048877,5,277295872,65536,45,7,6,6
339,355486094,1048877,6,40937216,16384,45,7,6,6
339,355486094,1048877,7,46694144,16384,45,7,6,6
339,355486094,1048877,8,218046720,16384,45,7,6,6
339,355486094,1048877,9,296765440,65536,45,7,6,6
339,355486094,1048877,10,216999424,16384,45,7,6,6
339,355486094,1048877,11,240064768,65536,45,7,6,6
339,355486094,1048877,12,277328128,1024,3,1,6,6
340,356534971,1049268,0,338187264,16384,48,8,10,10
340,356534971,1049268,1,345013248,4096,37,7,10,10
340,356534971,1049268,2,42508288,4096,36,8,10,10
340,356534971,1049268,3,276802048,1024,30,6,10,10
340,356534971,1049268,4,143680512,4096,27,7,10,10
340,356534971,1049268,5,260525824,16384,24,4,10,10
340,356534971,1049268,6,314534912,65536,24,4,10,10
340,356534971,1049268,7,287819264,16384,24,4,10,10
340,356534971,1049268,8,342910720,16384,24,4,10,10
340,356534971,1049268,9,306213632,65536,24,4,10,10
340,356534971,1049268,10,327181824,16384,24,4,10,10
340,356534971,1049268,11,86021632,16384,24,4,10,10
341,357584239,1044338,0,345013248,4096,41,9,10,10
341,357584239,1044338,1,334530048,65536,33,5,10,10
341,357584239,1044338,2,275692544,65536,33,5,10,10
341,357584239,1044338,3,66604800,65536,33,5,10,10
341,357584239,1044338,4,250016768,65536,33,5,10,10
341,357584239,1044338,5,312993792,65536,33,5,10,10
341,357584239,1044338,6,276737536,65536,33,5,10,10
341,357584239,1044338,7,57165568,65536,33,5,10,10
341,357584239,1044338,8,260525824,16384,27,5,10,10
341,357584239,1044338,9,143680512,4096,27,7,10,10
341,357584239,1044338,10,42968832,65536,27,5,10,10
341,357584239,1044338,11,306213632,65536,27,5,10,10
342,358628577,1049845,0,107529728,1024,18,4,6,6
342,358628577,1049845,1,219625216,16384,15,3,6,6
342,358628577,1049845,2,46694144,16384,12,2,6,6
342,358628577,1049845,3,216999424,16384,12,2,6,6
342,358628577,1049845,4,218046720,16384,12,2,6,6
342,358628577,1049845,5,118538752,16384,12,2,6,6
342,358628577,1049845,6,298798848,65536,12,2,6,6
342,358628577,1049845,7,117424640,65536,12,2,6,6
342,358628577,1049845,8,48260352,16384,12,2,6,6
342,358628577,1049845,9,250573824,16384,12,2,6,6
342,358628577,1049845,10,240064768,65536,12,2,6,6
342,358628577,1049845,11,277295872,65536,12,2,6,6
342,358628577,1049845,12,107522048,16384,12,2,6,6
342,358628577,1049845,13,218062080,1024,6,2,6,6
343,359678422,1054601,0,143680512,4096,25,5,10,10
343,359678422,1054601,1,93870848,65536,21,3,10,10
343,359678422,1054601,2,66113280,4096,20,4,10,10
343,359678422,1054601,3,257912832,4096,20,4,10,10
343,359678422,1054601,4,243223040,256,20,4,10,10
343,359678422,1054601,5,276802048,1024,15,3,10,10
343,359678422,1054601,6,86021632,16384,12,2,10,10
343,359678422,1054601,7,337672192,16384,12,2,10,10
343,359678422,1054601,8,127956224,1024,12,2,10,10
343,359678422,1054601,9,42508288,4096,10,2,10,10
343,359678422,1054601,10,53000448,4096,5,1,10,10
343,359678422,1054601,11,43556352,4096,5,1,10,10
344,360733023,1048107,0,42508288,4096,31,7,10,10
344,360733023,1048107,1,43556352,4096,23,5,10,10
344,360733023,1048107,2,229584640,4096,23,5,10,10
344,360733023,1048107,3,203385344,4096,23,5,10,10
344,360733023,1048107,4,346572544,4096,23,5,10,10
344,360733023,1048107,5,70309120,4096,23,5,10,10
344,360733023,1048107,6,293093888,4096,23,5,10,10
344,360733023,1048107,7,266841600,4096,23,5,10,10
344,360733023,1048107,8,143158272,4096,23,5,10,10
344,360733023,1048107,9,53000448,4096,23,5,10,10
344,360733023,1048107,10,234820096,4096,23,5,10,10
344,360733023,1048107,11,350230016,256,13,3,10,10
344,360733023,1048107,12,266843136,1024,23,5,10,10
344,360733023,1048107,13,350230016,1024,13,3,10,10
345,361781130,1038604,0,121671680,4096,60,14,9,9
345,361781130,1038604,1,13641728,16384,59,9,9,9
345,361781130,1038604,2,3080960,65536,54,8,9,9
345,361781130,1038604,3,182438400,65536,54,8,9,9
345,361781130,1038604,4,178243840,16384,54,8,9,9
345,361781130,1038604,5,196540416,65536,54,8,9,9
345,361781130,1038604,6,179786752,65536,54,8,9,9
345,361781130,1038604,7,180343296,65536,54,8,9,9
345,361781130,1038604,8,165691136,1024,39,9,9,9
345,361781130,1038604,9,322472704,1024,36,8,9,9
345,361781130,1038604,10,151548160,4096,36,8,9,9
345,361781130,1038604,11,16797952,4096,29,7,9,9
346,362819734,1047685,0,345013248,4096,95,19,10,10
346,362819734,1047685,1,338187264,16384,75,13,10,10
346,362819734,1047685,2,143680512,4096,61,15,10,10
346,362819734,1047685,3,42508288,4096,52,12,10,10
346,362819734,1047685,4,360172800,65536,48,8,10,10
346,362819734,1047685,5,314534912,65536,48,8,10,10
346,362819734,1047685,6,327181824,16384,48,8,10,10
346,362819734,1047685,7,304091136,16384,48,8,10,10
346,362819734,1047685,8,357584384,65536,48,8,10,10
346,362819734,1047685,9,306213632,65536,48,8,10,10
346,362819734,1047685,10,342910720,16384,48,8,10,10
346,362819734,1047685,11,263175424,1024,47,11,10,10
347,363867419,1046794,0,42508288,4096,29,7,10,10
347,363867419,1046794,1,363335424,16384,24,4,10,10
347,363867419,1046794,2,345013248,4096,25,5,10,10
347,363867419,1046794,3,143680512,4096,23,5,10,10
347,363867419,1046794,4,56674048,65536,21,3,10,10
347,363867419,1046794,5,230073344,65536,21,3,10,10
347,363867419,1046794,6,87579392,65536,21,3,10,10
347,363867419,1046794,7,58214912,65536,21,3,10,10
347,363867419,1046794,8,43556352,4096,16,4,10,10
347,363867419,1046794,9,203385344,4096,16,4,10,10
347,363867419,1046794,10,234820096,4096,16,4,10,10
347,363867419,1046794,11,70309120,4096,16,4,10,10
348,364914213,1049699,0,345013248,4096,106,20,10,10
348,364914213,1049699,1,357584384,65536,99,17,10,10
348,364914213,1049699,2,363867648,4096,96,18,10,10
348,364914213,1049699,3,42968832,65536,78,14,10,10
348,364914213,1049699,4,338187264,16384,78,14,10,10
348,364914213,1049699,5,327181824,16384,78,14,10,10
348,364914213,1049699,6,314534912,65536,78,14,10,10
348,364914213,1049699,7,360172800,65536,78,14,10,10
348,364914213,1049699,8,342910720,16384,78,14,10,10
348,364914213,1049699,9,56115712,65536,37,5,10,10
348,364914213,1049699,10,343909376,65536,37,5,10,10
348,364914213,1049699,11,258894848,65536,37,5,10,10
349,365963912,1044354,0,345013248,4096,93,19,10,10
349,365963912,1044354,1,357584384,65536,88,16,10,10
349,365963912,1044354,2,363867648,4096,85,17,10,10
349,365963912,1044354,3,338187264,16384,72,14,10,10
349,365963912,1044354,4,42968832,65536,67,13,10,10
349,365963912,1044354,5,314534912,65536,67,13,10,10
349,365963912,1044354,6,327181824,16384,67,13,10,10
349,365963912,1044354,7,342910720,16384,67,13,10,10
349,365963912,1044354,8,360172800,65536,67,13,10,10
349,365963912,1044354,9,143680512,4096,40,10,10,10
349,365963912,1044354,10,263175424,1024,26,6,10,10
349,365963912,1044354,11,230104064,4096,26,6,10,10
350,367008266,1045634,0,143680512,4096,38,8,10,10
350,367008266,1045634,1,363867648,4096,34,8,10,10
350,367008266,1045634,2,345013248,4096,31,7,10,10
350,367008266,1045634,3,361776896,4096,28,6,10,10
350,367008266,1045634,4,257912832,4096,28,6,10,10
350,367008266,1045634,5,66113280,4096,28,6,10,10
350,367008266,1045634,6,243223040,256,28,6,10,10
350,367008266,1045634,7,99601408,65536,24,4,10,10
350,367008266,1045634,8,252137984,16384,24,4,10,10
350,367008266,1045634,9,42508288,4096,23,5,10,10
350,367008266,1045634,10,314534912,65536,21,5,10,10
350,367008266,1045634,11,342910720,16384,21,5,10,10
351,368053900,1048483,0,363867648,4096,94,18,10,10
351,368053900,1048483,1,345013248,4096,86,16,10,10
351,368053900,1048483,2,338187264,16384,68,12,10,10
351,368053900,1048483,3,314534912,65536,63,11,10,10
351,368053900,1048483,4,42968832,65536,63,11,10,10
351,368053900,1048483,5,327181824,16384,63,11,10,10
351,368053900,1048483,6,357584384,65536,63,11,10,10
351,368053900,1048483,7,342910720,16384,63,11,10,10
351,368053900,1048483,8,360172800,65536,63,11,10,10
351,368053900,1048483,9,143680512,4096,34,8,10,10
351,368053900,1048483,10,43556352,4096,31,7,10,10
351,368053900,1048483,11,266841600,4096,31,7,10,10
352,369102383,1039028,0,363867648,4096,37,7,10,10
352,369102383,1039028,1,345013248,4096,37,7,10,10
352,369102383,1039028,2,338187264,16384,36,6,10,10
352,369102383,1039028,3,343958528,16384,27,5,10,10
352,369102383,1039028,4,208625920,4096,27,5,10,10
352,369102383,1039028,5,102809600,4096,27,5,10,10
352,369102383,1039028,6,5759488,16384,27,5,10,10
352,369102383,1039028,7,64530688,16384,27,5,10,10
352,369102383,1039028,8,82362624,16384,27,5,10,10
352,369102383,1039028,9,143152128,16384,27,5,10,10
352,369102383,1039028,10,42508288,4096,26,6,10,10
352,369102383,1039028,11,360172800,65536,24,4,10,10
353,370141411,1044038,0,345013248,4096,64,16,10,10
353,370141411,1044038,1,62403072,65536,63,9,10,10
353,370141411,1044038,2,258894848,65536,63,9,10,10
353,370141411,1044038,3,343909376,65536,63,9,10,10
353,370141411,1044038,4,245326848,65536,63,9,10,10
353,370141411,1044038,5,254771968,65536,63,9,10,10
353,370141411,1044038,6,56115712,65536,63,9,10,10
353,370141411,1044038,7,226376448,65536,63,9,10,10
353,370141411,1044038,8,327181824,65536,63,9,10,10
353,370141411,1044038,9,270447360,65536,63,9,10,10
353,370141411,1044038,10,143680512,4096,55,15,10,10
353,370141411,1044038,11,42508288,4096,44,12,10,10
354,371185449,1028861,0,218046720,16384,55,11,6,6
354,371185449,1028861,1,118538752,16384,55,11,6,6
354,371185449,1028861,2,117424640,65536,55,11,6,6
354,371185449,1028861,3,216999424,16384,55,11,6,6
354,371185449,1028861,4,298798848,65536,55,11,6,6
354,371185449,1028861,5,40937216,16384,55,11,6,6
354,371185449,1028861,6,46694144,16384,55,11,6,6
354,371185449,1028861,7,48260352,16384,55,11,6,6
354,371185449,1028861,8,240064768,65536,55,11,6,6
354,371185449,1028861,9,250573824,16384,55,11,6,6
354,371185449,1028861,10,277295872,65536,55,11,6,6
354,371185449,1028861,11,296765440,65536,55,11,6,6
355,372214310,1040341,0,216999424,16384,24,4,6,6
355,372214310,1040341,1,298798848,65536,24,4,6,6
355,372214310,1040341,2,218046720,16384,24,4,6,6
355,372214310,1040341,3,277295872,65536,24,4,6,6
355,372214310,1040341,4,48260352,16384,24,4,6,6
355,372214310,1040341,5,118538752,16384,24,4,6,6
355,372214310,1040341,6,40937216,16384,24,4,6,6
355,372214310,1040341,7,46694144,16384,24,4,6,6
355,372214310,1040341,8,117424640,65536,24,4,6,6
355,372214310,1040341,9,296765440,65536,24,4,6,6
355,372214310,1040341,10,250573824,16384,24,4,6,6
355,372214310,1040341,11,240064768,65536,24,4,6,6
356,373254651,1048341,0,42508288,4096,42,10,10,10
356,373254651,1048341,1,363867648,4096,41,9,10,10
356,373254651,1048341,2,345013248,4096,33,9,10,10
356,373254651,1048341,3,252137984,16384,33,5,10,10
356,373254651,1048341,4,99601408,65536,33,5,10,10
356,373254651,1048341,5,338187264,16384,31,7,10,10
356,373254651,1048341,6,143680512,4096,25,7,10,10
356,373254651,1048341,7,43556352,4096,25,5,10,10
356,373254651,1048341,8,53000448,4096,25,5,10,10
356,373254651,1048341,9,203385344,4096,25,5,10,10
356,373254651,1048341,10,293093888,4096,25,5,10,10
356,373254651,1048341,11,266841600,4096,25,5,10,10
357,374302992,1041099,0,16797952,4096,33,7,9,9
357,374302992,1041099,1,121671680,4096,28,6,9,9
357,374302992,1041099,2,156259072,4096,23,5,9,9
357,374302992,1041099,3,322993408,4096,23,5,9,9
357,374302992,1041099,4,27812352,4096,23,5,9,9
357,374302992,1041099,5,174590464,4096,23,5,9,9
357,374302992,1041099,6,16271616,4096,23,5,9,9
357,374302992,1041099,7,165691136,1024,21,5,9,9
357,374302992,1041099,8,151548160,4096,18,4,9,9
357,374302992,1041099,9,182438400,65536,15,3,9,9
357,374302992,1041099,10,3080960,65536,15,3,9,9
357,374302992,1041099,11,178243840,16384,15,3,9,9
358,375344091,1048740,0,345013248,4096,52,10,10,10
358,375344091,1048740,1,42508288,4096,45,11,10,10
358,375344091,1048740,2,143680512,4096,45,11,10,10
358,375344091,1048740,3,338187264,16384,36,6,10,10
358,375344091,1048740,4,363867648,4096,35,7,10,10
358,375344091,1048740,5,263175424,1024,32,8,10,10
358,375344091,1048740,6,230104064,4096,31,7,10,10
358,375344091,1048740,7,176164096,1024,31,7,10,10
358,375344091,1048740,8,90757632,4096,31,7,10,10
358,375344091,1048740,9,350230016,256,24,6,10,10
358,375344091,1048740,10,343958528,16384,24,4,10,10
358,375344091,1048740,11,93870848,65536,24,4,10,10
359,376392831,1050647,0,345013248,4096,87,17,10,10
359,376392831,1050647,1,143680512,4096,63,15,10,10
359,376392831,1050647,2,363867648,4096,61,11,10,10
359,376392831,1050647,3,42968832,65536,51,9,10,10
359,376392831,1050647,4,376327168,65536,51,9,10,10
359,376392831,1050647,5,374286592,16384,51,9,10,10
359,376392831,1050647,6,357584384,65536,51,9,10,10
359,376392831,1050647,7,371169024,16384,51,9,10,10
359,376392831,1050647,8,342910720,16384,51,9,10,10
359,376392831,1050647,9,360172800,65536,51,9,10,10
359,376392831,1050647,10,258894848,65536,47,7,10,10
359,376392831,1050647,11,245326848,65536,47,7,10,10
360,377443478,1050959,0,363867648,4096,198,36,10,10
360,377443478,1050959,1,357584384,65536,174,28,10,10
360,377443478,1050959,2,345013248,4096,155,27,10,10
360,377443478,1050959,3,42968832,65536,132,22,10,10
360,377443478,1050959,4,371169024,16384,132,22,10,10
360,377443478,1050959,5,376327168,65536,132,22,10,10
360,377443478,1050959,6,342910720,16384,132,22,10,10
360,377443478,1050959,7,374286592,16384,132,22,10,10
360,377443478,1050959,8,360172800,65536,132,22,10,10
360,377443478,1050959,9,258894848,65536,81,13,10,10
360,377443478,1050959,10,62403072,65536,81,13,10,10
360,377443478,1050959,11,254771968,65536,81,13,10,10
361,378494437,1047727,0,363867648,4096,132,26,10,10
361,378494437,1047727,1,345013248,4096,110,20,10,10
361,378494437,1047727,2,42508288,4096,98,22,10,10
361,378494437,1047727,3,371169024,16384,72,12,10,10
361,378494437,1047727,4,376327168,65536,72,12,10,10
361,378494437,1047727,5,342910720,16384,72,12,10,10
361,378494437,1047727,6,374286592,16384,72,12,10,10
361,378494437,1047727,7,360172800,65536,72,12,10,10
361,378494437,1047727,8,357584384,65536,72,12,10,10
361,378494437,1047727,9,143680512,4096,67,15,10,10
361,378494437,1047727,10,43556352,4096,60,14,10,10
361,378494437,1047727,11,229584640,4096,60,14,10,10
362,379542164,1044910,0,345013248,4096,88,16,10,10
362,379542164,1044910,1,363867648,4096,81,15,10,10
362,379542164,1044910,2,378494464,16384,63,11,10,10
362,379542164,1044910,3,371169024,16384,63,11,10,10
362,379542164,1044910,4,376327168,65536,63,11,10,10
362,379542164,1044910,5,374286592,16384,63,11,10,10
362,379542164,1044910,6,360172800,65536,63,11,10,10
362,379542164,1044910,7,42968832,65536,63,11,10,10
362,379542164,1044910,8,357584384,65536,63,11,10,10
362,379542164,1044910,9,226442240,65536,42,6,10,10
362,379542164,1044910,10,143680512,4096,39,9,10,10
362,379542164,1044910,11,230104064,4096,25,5,10,10
363,380587074,1042556,0,86560768,4096,150,48,10,10
363,380587074,1042556,1,363867648,4096,95,17,10,10
363,380587074,1042556,2,345013248,4096,91,17,10,10
363,380587074,1042556,3,378494464,16384,70,12,10,10
363,380587074,1042556,4,42968832,65536,70,12,10,10
363,380587074,1042556,5,371169024,16384,70,12,10,10
363,380587074,1042556,6,357584384,65536,70,12,10,10
363,380587074,1042556,7,376327168,65536,70,12,10,10
363,380587074,1042556,8,374286592,16384,70,12,10,10
363,380587074,1042556,9,360172800,65536,70,12,10,10
363,380587074,1042556,10,143680512,4096,44,10,10,10
363,380587074,1042556,11,276802048,1024,30,6,10,10
364,381629630,1049905,0,118538752,16384,52,10,6,6
364,381629630,1049905,1,40937216,16384,52,10,6,6
364,381629630,1049905,2,46694144,16384,52,10,6,6
364,381629630,1049905,3,298798848,65536,52,10,6,6
364,381629630,1049905,4,277295872,65536,52,10,6,6
364,381629630,1049905,5,216999424,16384,52,10,6,6
364,381629630,1049905,6,218046720,16384,52,10,6,6
364,381629630,1049905,7,240064768,65536,52,10,6,6
364,381629630,1049905,8,296765440,65536,52,10,6,6
364,381629630,1049905,9,373238016,16384,52,10,6,6
364,381629630,1049905,10,250573824,16384,52,10,6,6
364,381629630,1049905,11,107529728,1024,30,6,6,6
365,382679535,1046255,0,218046720,16384,39,7,6,6
365,382679535,1046255,1,46694144,16384,39,7,6,6
365,382679535,1046255,2,118538752,16384,39,7,6,6
365,382679535,1046255,3,40937216,16384,39,7,6,6
365,382679535,1046255,4,277295872,65536,39,7,6,6
365,382679535,1046255,5,216999424,16384,39,7,6,6
365,382679535,1046255,6,373238016,16384,39,7,6,6
365,382679535,1046255,7,298798848,65536,39,7,6,6
365,382679535,1046255,8,296765440,65536,39,7,6,6
365,382679535,1046255,9,250573824,16384,39,7,6,6
365,382679535,1046255,10,240064768,65536,39,7,6,6
365,382679535,1046255,11,104910592,4096,38,8,6,6
365,382679535,1046255,12,216950272,65536,21,3,6,6
365,382679535,1046255,13,373250304,4096,39,7,6,6
366,383725790,1040959,0,363867648,4096,97,19,10,10
366,383725790,1040959,1,345013248,4096,91,17,10,10
366,383725790,1040959,2,378494464,16384,73,13,10,10
366,383725790,1040959,3,371169024,16384,73,13,10,10
366,383725790,1040959,4,374286592,16384,73,13,10,10
366,383725790,1040959,5,376327168,65536,73,13,10,10
366,383725790,1040959,6,42968832,65536,73,13,10,10
366,383725790,1040959,7,357584384,65536,73,13,10,10
366,383725790,1040959,8,360172800,65536,73,13,10,10
366,383725790,1040959,9,143680512,4096,28,6,10,10
366,383725790,1040959,10,43556352,4096,24,6,10,10
366,383725790,1040959,11,266841600,4096,24,6,10,10
367,384766749,1048603,0,16797952,4096,57,13,9,9
367,384766749,1048603,1,374815232,16384,41,7,9,9
367,384766749,1048603,2,171420416,65536,41,7,9,9
367,384766749,1048603,3,178227200,16384,41,7,9,9
367,384766749,1048603,4,175045632,65536,41,7,9,9
367,384766749,1048603,5,1048320,65536,41,7,9,9
367,384766749,1048603,6,166741248,16384,41,7,9,9
367,384766749,1048603,7,4129792,65536,41,7,9,9
367,384766749,1048603,8,305098496,65536,41,7,9,9
367,384766749,1048603,9,121671680,4096,38,8,9,9
367,384766749,1048603,10,166214656,4096,33,7,9,9
367,384766749,1048603,11,181910016,4096,33,7,9,9
368,385815352,1048175,0,363867648,4096,74,14,10,10
368,385815352,1048175,1,42968832,65536,51,9,10,10
368,385815352,1048175,2,384213504,65536,51,9,10,10
368,385815352,1048175,3,378494464,16384,51,9,10,10
368,385815352,1048175,4,376327168,65536,51,9,10,10
368,385815352,1048175,5,374286592,16384,51,9,10,10
368,385815352,1048175,6,371169024,16384,51,9,10,10
368,385815352,1048175,7,357584384,65536,51,9,10,10
368,385815352,1048175,8,360172800,65536,51,9,10,10
368,385815352,1048175,9,143680512,4096,41,9,10,10
368,385815352,1048175,10,361776896,4096,26,6,10,10
368,385815352,1048175,11,258894848,65536,24,4,10,10
369,386863527,1045288,0,363867648,4096,107,23,10,10
369,386863527,1045288,1,143680512,4096,76,16,10,10
369,386863527,1045288,2,42508288,4096,73,17,10,10
369,386863527,1045288,3,384213504,65536,67,13,10,10
369,386863527,1045288,4,378494464,16384,67,13,10,10
369,386863527,1045288,5,371169024,16384,67,13,10,10
369,386863527,1045288,6,374286592,16384,67,13,10,10
369,386863527,1045288,7,376327168,65536,67,13,10,10
369,386863527,1045288,8,357584384,65536,67,13,10,10
369,386863527,1045288,9,360172800,65536,67,13,10,10
369,386863527,1045288,10,361776896,4096,48,10,10,10
369,386863527,1045288,11,257912832,4096,43,9,10,10
370,387908815,1049542,0,363867648,4096,49,11,10,10
370,387908815,1049542,1,42508288,4096,43,11,10,10
370,387908815,1049542,2,143680512,4096,34,8,10,10
370,387908815,1049542,3,378494464,16384,30,6,10,10
370,387908815,1049542,4,384213504,65536,30,6,10,10
370,387908815,1049542,5,371169024,16384,30,6,10,10
370,387908815,1049542,6,376327168,65536,30,6,10,10
370,387908815,1049542,7,374286592,16384,30,6,10,10
370,387908815,1049542,8,357584384,65536,30,6,10,10
370,387908815,1049542,9,360172800,65536,30,6,10,10
370,387908815,1049542,10,176164096,1024,24,6,10,10
370,387908815,1049542,11,345013248,4096,24,6,10,10
371,388958357,1054637,0,13641728,16384,85,15,9,9
371,388958357,1054637,1,121671680,4096,70,16,9,9
371,388958357,1054637,2,16797952,4096,67,15,9,9
371,388958357,1054637,3,181910016,4096,52,12,9,9
371,388958357,1054637,4,166214656,4096,52,12,9,9
371,388958357,1054637,5,159930880,4096,52,12,9,9
371,388958357,1054637,6,146842112,4096,52,12,9,9
371,388958357,1054637,7,182438400,65536,45,7,9,9
371,388958357,1054637,8,3080960,65536,45,7,9,9
371,388958357,1054637,9,179786752,65536,45,7,9,9
371,388958357,1054637,10,180343296,65536,45,7,9,9
371,388958357,1054637,11,178243840,16384,45,7,9,9
372,390012994,1038573,0,363867648,4096,84,16,10,10
372,390012994,1038573,1,42968832,65536,66,12,10,10
372,390012994,1038573,2,376327168,65536,66,12,10,10
372,390012994,1038573,3,384213504,65536,66,12,10,10
372,390012994,1038573,4,378494464,16384,66,12,10,10
372,390012994,1038573,5,374286592,16384,66,12,10,10
372,390012994,1038573,6,371169024,16384,66,12,10,10
372,390012994,1038573,7,357584384,65536,66,12,10,10
372,390012994,1038573,8,360172800,65536,66,12,10,10
372,390012994,1038573,9,143680512,4096,55,11,10,10
372,390012994,1038573,10,258894848,65536,42,6,10,10
372,390012994,1038573,11,62403072,65536,42,6,10,10
373,391051567,1050407,0,73457664,4096,51,11,6,6
373,391051567,1050407,1,104910592,4096,51,11,6,6
373,391051567,1050407,2,199193088,4096,38,10,6,6
373,391051567,1050407,3,216999424,16384,37,7,6,6
373,391051567,1050407,4,277295872,65536,37,7,6,6
373,391051567,1050407,5,40937216,16384,37,7,6,6
373,391051567,1050407,6,298798848,65536,37,7,6,6
373,391051567,1050407,7,118538752,16384,37,7,6,6
373,391051567,1050407,8,250573824,16384,37,7,6,6
373,391051567,1050407,9,218046720,16384,37,7,6,6
373,391051567,1050407,10,46694144,16384,37,7,6,6
373,391051567,1050407,11,296765440,65536,37,7,6,6
373,391051567,1050407,12,73460736,1024,51,11,6,6
374,392101974,1050040,0,121671680,4096,26,6,9,9
374,392101974,1050040,1,16797952,4096,22,6,9,9
374,392101974,1050040,2,389947392,65536,15,3,9,9
374,392101974,1050040,3,182438400,65536,15,3,9,9
374,392101974,1050040,4,180343296,65536,15,3,9,9
374,392101974,1050040,5,196540416,65536,15,3,9,9
374,392101974,1050040,6,13641728,16384,15,3,9,9
374,392101974,1050040,7,179786752,65536,15,3,9,9
374,392101974,1050040,8,3080960,65536,15,3,9,9
374,392101974,1050040,9,164123136,1024,14,4,9,9
374,392101974,1050040,10,181910016,4096,13,3,9,9
374,392101974,1050040,11,322472704,1024,13,3,9,9
375,393152014,1051028,0,13641728,16384,77,13,9,9
375,393152014,1051028,1,178227200,16384,57,9,9,9
375,393152014,1051028,2,171420416,65536,57,9,9,9
375,393152014,1051028,3,374815232,16384,57,9,9,9
375,393152014,1051028,4,175045632,65536,57,9,9,9
375,393152014,1051028,5,166741248,16384,57,9,9,9
375,393152014,1051028,6,305098496,65536,57,9,9,9
375,393152014,1051028,7,1048320,65536,57,9,9,9
375,393152014,1051028,8,4129792,65536,57,9,9,9
375,393152014,1051028,9,272595968,16384,47,9,9,9
375,393152014,1051028,10,16797952,16384,47,9,9,9
375,393152014,1051028,11,322993408,4096,37,9,9,9
376,394203042,1048004,0,374815232,16384,49,9,9,9
376,394203042,1048004,1,175045632,65536,49,9,9,9
376,394203042,1048004,2,178227200,16384,49,9,9,9
376,394203042,1048004,3,171420416,65536,49,9,9,9
376,394203042,1048004,4,166741248,16384,49,9,9,9
376,394203042,1048004,5,305098496,65536,49,9,9,9
376,394203042,1048004,6,4129792,65536,49,9,9,9
376,394203042,1048004,7,1048320,65536,49,9,9,9
376,394203042,1048004,8,16797952,4096,24,6,9,9
376,394203042,1048004,9,182438400,65536,21,3,9,9
376,394203042,1048004,10,389947392,65536,21,3,9,9
376,394203042,1048004,11,3080960,65536,21,3,9,9
377,395251046,1046860,0,298798848,65536,51,9,6,6
377,395251046,1046860,1,277295872,65536,51,9,6,6
377,395251046,1046860,2,40937216,16384,51,9,6,6
377,395251046,1046860,3,296765440,65536,51,9,6,6
377,395251046,1046860,4,216999424,16384,51,9,6,6
377,395251046,1046860,5,46694144,16384,51,9,6,6
377,395251046,1046860,6,218046720,16384,51,9,6,6
377,395251046,1046860,7,118538752,16384,51,9,6,6
377,395251046,1046860,8,240064768,65536,51,9,6,6
377,395251046,1046860,9,373238016,16384,51,9,6,6
377,395251046,1046860,10,250573824,16384,51,9,6,6
377,395251046,1046860,11,31975168,65536,48,8,6,6
378,396297906,1047627,0,218046720,16384,27,5,6,6
378,396297906,1047627,1,216999424,16384,27,5,6,6
378,396297906,1047627,2,46694144,16384,27,5,6,6
378,396297906,1047627,3,118538752,16384,27,5,6,6
378,396297906,1047627,4,40937216,16384,27,5,6,6
378,396297906,1047627,5,373238016,16384,27,5,6,6
378,396297906,1047627,6,296765440,65536,27,5,6,6
378,396297906,1047627,7,240064768,65536,27,5,6,6
378,396297906,1047627,8,250573824,16384,27,5,6,6
378,396297906,1047627,9,277295872,65536,27,5,6,6
378,396297906,1047627,10,298798848,65536,27,5,6,6
378,396297906,1047627,11,190249728,65536,24,4,6,6
378,396297906,1047627,12,373250304,4096,27,5,6,6
378,396297906,1047627,13,277328128,1024,11,3,6,6
378,396297906,1047627,14,298339584,1024,4,2,6,6
379,397345533,1049370,0,16797952,4096,39,9,9,9
379,397345533,1049370,1,322993408,4096,35,7,9,9
379,397345533,1049370,2,156259072,4096,35,7,9,9
379,397345533,1049370,3,121671680,4096,30,8,9,9
379,397345533,1049370,4,27812352,4096,30,6,9,9
379,397345533,1049370,5,174590464,4096,30,6,9,9
379,397345533,1049370,6,16271616,4096,30,6,9,9
379,397345533,1049370,7,165691136,1024,28,8,9,9
379,397345533,1049370,8,171420416,65536,28,6,9,9
379,397345533,1049370,9,178227200,16384,28,6,9,9
379,397345533,1049370,10,374815232,16384,28,6,9,9
379,397345533,1049370,11,166741248,16384,28,6,9,9
380,398394903,1051957,0,13641728,16384,125,25,9,9
380,398394903,1051957,1,272595968,16384,65,13,9,9
380,398394903,1051957,2,16797952,16384,65,13,9,9
380,398394903,1051957,3,182438400,65536,60,12,9,9
380,398394903,1051957,4,180343296,65536,60,12,9,9
380,398394903,1051957,5,179786752,65536,60,12,9,9
380,398394903,1051957,6,389947392,65536,60,12,9,9
380,398394903,1051957,7,196540416,65536,60,12,9,9
380,398394903,1051957,8,3080960,65536,60,12,9,9
380,398394903,1051957,9,121671680,4096,45,11,9,9
380,398394903,1051957,10,171420416,65536,39,7,9,9
380,398394903,1051957,11,175045632,65536,39,7,9,9
381,399446860,1048161,0,13641728,16384,85,15,9,9
381,399446860,1048161,1,182438400,65536,62,10,9,9
381,399446860,1048161,2,179786752,65536,62,10,9,9
381,399446860,1048161,3,196540416,65536,62,10,9,9
381,399446860,1048161,4,389947392,65536,62,10,9,9
381,399446860,1048161,5,180343296,65536,62,10,9,9
381,399446860,1048161,6,3080960,65536,62,10,9,9
381,399446860,1048161,7,16797952,4096,50,12,9,9
381,399446860,1048161,8,27812352,4096,40,10,9,9
381,399446860,1048161,9,156259072,4096,40,10,9,9
381,399446860,1048161,10,322993408,4096,40,10,9,9
381,399446860,1048161,11,16271616,4096,40,10,9,9
382,400495021,1047303,0,363867648,4096,50,10,10,10
382,400495021,1047303,1,42968832,65536,40,8,10,10
382,400495021,1047303,2,371169024,16384,40,8,10,10
382,400495021,1047303,3,378494464,16384,40,8,10,10
382,400495021,1047303,4,376327168,65536,40,8,10,10
382,400495021,1047303,5,374286592,16384,40,8,10,10
382,400495021,1047303,6,384213504,65536,40,8,10,10
382,400495021,1047303,7,357584384,65536,40,8,10,10
382,400495021,1047303,8,360172800,65536,40,8,10,10
382,400495021,1047303,9,143680512,4096,28,6,10,10
382,400495021,1047303,10,82362624,16384,24,4,10,10
382,400495021,1047303,11,64530688,16384,24,4,10,10
383,401542324,1047992,0,143680512,4096,28,6,10,10
383,401542324,1047992,1,42508288,4096,26,6,10,10
383,401542324,1047992,2,363867648,4096,25,5,10,10
383,401542324,1047992,3,208625920,4096,17,3,10,10
383,401542324,1047992,4,5759488,16384,17,3,10,10
383,401542324,1047992,5,102809600,4096,17,3,10,10
383,401542324,1047992,6,82362624,16384,17,3,10,10
383,401542324,1047992,7,64530688,16384,17,3,10,10
383,401542324,1047992,8,343958528,16384,17,3,10,10
383,401542324,1047992,9,263175424,1024,16,4,10,10
383,401542324,1047992,10,257912832,4096,15,3,10,10
383,401542324,1047992,11,66113280,4096,15,3,10,10
384,402590316,1050597,0,363867648,4096,61,11,10,10
384,402590316,1050597,1,42968832,65536,51,9,10,10
384,402590316,1050597,2,371169024,16384,51,9,10,10
384,402590316,1050597,3,378494464,16384,51,9,10,10
384,402590316,1050597,4,384213504,65536,51,9,10,10
384,402590316,1050597,5,376327168,65536,51,9,10,10
384,402590316,1050597,6,374286592,16384,51,9,10,10
384,402590316,1050597,7,357584384,65536,51,9,10,10
384,402590316,1050597,8,360172800,65536,51,9,10,10
384,402590316,1050597,9,143680512,4096,38,10,10,10
384,402590316,1050597,10,258894848,65536,36,6,10,10
384,402590316,1050597,11,343909376,65536,36,6,10,10
385,403640913,1059406,0,363867648,4096,42,10,10,10
385,403640913,1059406,1,42968832,65536,28,6,10,10
385,403640913,1059406,2,378494464,16384,28,6,10,10
385,403640913,1059406,3,402590464,65536,28,6,10,10
385,403640913,1059406,4,376327168,65536,28,6,10,10
385,403640913,1059406,5,374286592,16384,28,6,10,10
385,403640913,1059406,6,384213504,65536,28,6,10,10
385,403640913,1059406,7,371169024,16384,28,6,10,10
385,403640913,1059406,8,360172800,65536,28,6,10,10
385,403640913,1059406,9,57165568,65536,21,3,10,10
385,403640913,1059406,10,66604800,65536,21,3,10,10
385,403640913,1059406,11,275692544,65536,21,3,10,10
386,404700319,1041097,0,363867648,4096,72,14,10,10
386,404700319,1041097,1,376327168,65536,52,10,10,10
386,404700319,1041097,2,378494464,16384,52,10,10,10
386,404700319,1041097,3,42968832,65536,52,10,10,10
386,404700319,1041097,4,384213504,65536,52,10,10,10
386,404700319,1041097,5,402590464,65536,52,10,10,10
386,404700319,1041097,6,371169024,16384,52,10,10,10
386,404700319,1041097,7,360172800,65536,52,10,10,10
386,404700319,1041097,8,374286592,16384,52,10,10,10
386,404700319,1041097,9,143680512,4096,36,8,10,10
386,404700319,1041097,10,81841920,4096,23,5,10,10
386,404700319,1041097,11,111203840,4096,23,5,10,10
387,405741416,1048692,0,258894848,65536,161,27,10,10
387,405741416,1048692,1,254771968,65536,161,27,10,10
387,405741416,1048692,2,62403072,65536,161,27,10,10
387,405741416,1048692,3,343909376,65536,161,27,10,10
387,405741416,1048692,4,56115712,65536,161,27,10,10
387,405741416,1048692,5,343975168,65536,161,27,10,10
387,405741416,1048692,6,270447360,65536,161,27,10,10
387,405741416,1048692,7,245326848,65536,161,27,10,10
387,405741416,1048692,8,327181824,65536,161,27,10,10
387,405741416,1048692,9,226376448,65536,161,27,10,10
387,405741416,1048692,10,363867648,4096,139,29,10,10
387,405741416,1048692,11,42508288,4096,132,30,10,10
388,406790108,1048822,0,406724352,65536,142,26,10,10
388,406790108,1048822,1,143680512,4096,89,19,10,10
388,406790108,1048822,2,42508288,4096,88,18,10,10
388,406790108,1048822,3,363867648,4096,85,17,10,10
388,406790108,1048822,4,258894848,65536,82,14,10,10
388,406790108,1048822,5,254771968,65536,82,14,10,10
388,406790108,1048822,6,62403072,65536,82,14,10,10
388,406790108,1048822,7,343909376,65536,82,14,10,10
388,406790108,1048822,8,270447360,65536,82,14,10,10
388,406790108,1048822,9,56115712,65536,82,14,10,10
388,406790108,1048822,10,245326848,65536,82,14,10,10
388,406790108,1048822,11,327181824,65536,82,14,10,10
389,407838930,1041373,0,73457664,4096,45,13,6,6
389,407838930,1041373,1,104910592,4096,45,13,6,6
389,407838930,1041373,2,118522112,16384,45,9,6,6
389,407838930,1041373,3,107522048,16384,45,9,6,6
389,407838930,1041373,4,295651584,65536,44,10,6,6
389,407838930,1041373,5,219110656,65536,44,10,6,6
389,407838930,1041373,6,104353536,65536,44,10,6,6
389,407838930,1041373,7,214903552,16384,44,10,6,6
389,407838930,1041373,8,277788672,65536,44,10,6,6
389,407838930,1041373,9,47719680,65536,44,10,6,6
389,407838930,1041373,10,119580160,65536,44,10,6,6
389,407838930,1041373,11,109043456,65536,44,10,6,6
390,408880303,1043290,0,406724352,65536,72,12,10,10
390,408880303,1043290,1,378494464,16384,51,9,10,10
390,408880303,1043290,2,402590464,65536,51,9,10,10
390,408880303,1043290,3,42968832,65536,51,9,10,10
390,408880303,1043290,4,376327168,65536,51,9,10,10
390,408880303,1043290,5,384213504,65536,51,9,10,10
390,408880303,1043290,6,363867648,16384,51,9,10,10
390,408880303,1043290,7,374286592,16384,51,9,10,10
390,408880303,1043290,8,371169024,16384,51,9,10,10
390,408880303,1043290,9,143680512,4096,48,10,10,10
390,408880303,1043290,10,391047424,4096,38,8,10,10
390,408880303,1043290,11,263175424,1024,38,8,10,10
391,409923593,1050878,0,406724352,65536,169,27,10,10
391,409923593,1050878,1,378494464,16384,106,18,10,10
391,409923593,1050878,2,42968832,65536,106,18,10,10
391,409923593,1050878,3,371169024,16384,106,18,10,10
391,409923593,1050878,4,402590464,65536,106,18,10,10
391,409923593,1050878,5,384213504,65536,106,18,10,10
391,409923593,1050878,6,374286592,16384,106,18,10,10
391,409923593,1050878,7,376327168,65536,106,18,10,10
391,409923593,1050878,8,363867648,16384,106,18,10,10
391,409923593,1050878,9,408880384,65536,63,9,10,10
391,409923593,1050878,10,258894848,65536,63,9,10,10
391,409923593,1050878,11,62403072,65536,63,9,10,10
392,410974471,1049607,0,171420416,65536,102,20,9,9
392,410974471,1049607,1,374815232,16384,102,20,9,9
392,410974471,1049607,2,399381248,65536,102,20,9,9
392,410974471,1049607,3,178227200,16384,102,20,9,9
392,410974471,1049607,4,175045632,65536,102,20,9,9
392,410974471,1049607,5,1048320,65536,102,20,9,9
392,410974471,1049607,6,166741248,16384,102,20,9,9
392,410974471,1049607,7,305098496,65536,102,20,9,9
392,410974471,1049607,8,13641728,16384,52,10,9,9
392,410974471,1049607,9,121671680,4096,49,11,9,9
392,410974471,1049607,10,16797952,4096,40,8,9,9
392,410974471,1049607,11,272595968,16384,40,8,9,9
393,412024078,1046428,0,16797952,4096,41,9,9,9
393,412024078,1046428,1,174590464,4096,31,7,9,9
393,412024078,1046428,2,27812352,4096,31,7,9,9
393,412024078,1046428,3,322993408,4096,31,7,9,9
393,412024078,1046428,4,16271616,4096,31,7,9,9
393,412024078,1046428,5,156259072,4096,31,7,9,9
393,412024078,1046428,6,398390784,4096,31,7,9,9
393,412024078,1046428,7,374815232,16384,27,5,9,9
393,412024078,1046428,8,178227200,16384,27,5,9,9
393,412024078,1046428,9,171420416,65536,27,5,9,9
393,412024078,1046428,10,166741248,65536,27,5,9,9
393,412024078,1046428,11,399381248,65536,27,5,9,9
394,413070506,1049673,0,42508288,4096,87,19,10,10
394,413070506,1049673,1,43556352,4096,72,16,10,10
394,413070506,1049673,2,53000448,4096,72,16,10,10
394,413070506,1049673,3,229584640,4096,72,16,10,10
394,413070506,1049673,4,266841600,4096,72,16,10,10
394,413070506,1049673,5,70309120,4096,72,16,10,10
394,413070506,1049673,6,363867648,4096,72,16,10,10
394,413070506,1049673,7,203385344,4096,72,16,10,10
394,413070506,1049673,8,234820096,4096,72,16,10,10
394,413070506,1049673,9,293093888,4096,72,16,10,10
394,413070506,1049673,10,346572544,4096,72,16,10,10
394,413070506,1049673,11,406724352,65536,54,8,10,10
395,414120179,1047416,0,178227200,16384,45,7,9,9
395,414120179,1047416,1,412024320,65536,45,7,9,9
395,414120179,1047416,2,374815232,16384,45,7,9,9
395,414120179,1047416,3,171420416,65536,45,7,9,9
395,414120179,1047416,4,175045632,65536,45,7,9,9
395,414120179,1047416,5,411958528,65536,45,7,9,9
395,414120179,1047416,6,399381248,65536,45,7,9,9
395,414120179,1047416,7,305098496,65536,45,7,9,9
395,414120179,1047416,8,1048320,65536,45,7,9,9
395,414120179,1047416,9,163535616,65536,21,3,9,9
395,414120179,1047416,10,121119232,65536,21,3,9,9
395,414120179,1047416,11,193882112,65536,21,3,9,9
396,415167595,1048524,0,13641728,16384,69,11,9,9
396,415167595,1048524,1,182438400,65536,45,7,9,9
396,415167595,1048524,2,389947392,65536,45,7,9,9
396,415167595,1048524,3,196540416,65536,45,7,9,9
396,415167595,1048524,4,179786752,65536,45,7,9,9
396,415167595,1048524,5,3080960,65536,45,7,9,9
396,415167595,1048524,6,180343296,65536,45,7,9,9
396,415167595,1048524,7,16797952,4096,40,8,9,9
396,415167595,1048524,8,121671680,4096,33,7,9,9
396,415167595,1048524,9,156259072,4096,28,6,9,9
396,415167595,1048524,10,272595968,16384,24,4,9,9
396,415167595,1048524,11,173025280,65536,21,3,9,9
397,416216119,1039686,0,219110656,65536,66,10,6,6
397,416216119,1039686,1,104353536,65536,66,10,6,6
397,416216119,1039686,2,105897472,65536,66,10,6,6
397,416216119,1039686,3,214903552,16384,66,10,6,6
397,416216119,1039686,4,277788672,65536,66,10,6,6
397,416216119,1039686,5,295651584,65536,66,10,6,6
397,416216119,1039686,6,408814592,65536,66,10,6,6
397,416216119,1039686,7,109043456,65536,66,10,6,6
397,416216119,1039686,8,47719680,65536,66,10,6,6
397,416216119,1039686,9,246375936,16384,66,10,6,6
397,416216119,1039686,10,216999424,16384,24,4,6,6
397,416216119,1039686,11,40937216,16384,24,4,6,6
397,416216119,1039686,12,214915840,4096,66,10,6,6
397,416216119,1039686,13,277295872,65536,24,4,6,6
397,416216119,1039686,14,246375936,65536,66,10,6,6
398,417255805,1048044,0,216999424,16384,56,10,6,6
398,417255805,1048044,1,118538752,16384,56,10,6,6
398,417255805,1048044,2,277295872,65536,56,10,6,6
398,417255805,1048044,3,298798848,65536,56,10,6,6
398,417255805,1048044,4,218046720,16384,56,10,6,6
398,417255805,1048044,5,296765440,65536,56,10,6,6
398,417255805,1048044,6,40937216,16384,56,10,6,6
398,417255805,1048044,7,240064768,65536,56,10,6,6
398,417255805,1048044,8,373238016,16384,56,10,6,6
398,417255805,1048044,9,46694144,16384,56,10,6,6
398,417255805,1048044,10,250573824,16384,56,10,6,6
398,417255805,1048044,11,104353536,65536,54,8,6,6
399,418303849,1047728,0,73457664,4096,34,8,6,6
399,418303849,1047728,1,104910592,4096,34,8,6,6
399,418303849,1047728,2,417771520,16384,24,4,6,6
399,418303849,1047728,3,218046720,16384,24,4,6,6
399,418303849,1047728,4,277295872,65536,24,4,6,6
399,418303849,1047728,5,296765440,65536,24,4,6,6
399,418303849,1047728,6,40937216,16384,24,4,6,6
399,418303849,1047728,7,46694144,16384,24,4,6,6
399,418303849,1047728,8,373238016,16384,24,4,6,6
399,418303849,1047728,9,298798848,65536,24,4,6,6
399,418303849,1047728,10,240064768,65536,24,4,6,6
399,418303849,1047728,11,250573824,16384,24,4,6,6
399,418303849,1047728,12,73460736,1024,34,8,6,6
399,418303849,1047728,13,105897472,65536,21,3,6,6
399,418303849,1047728,14,417777664,4096,24,4,6,6
399,418303849,1047728,15,373250304,4096,24,4,6,6
400,419351577,1048012,0,417771520,16384,85,15,6,6
400,419351577,1048012,1,40937216,16384,85,15,6,6
400,419351577,1048012,2,218046720,16384,85,15,6,6
400,419351577,1048012,3,277295872,65536,85,15,6,6
400,419351577,1048012,4,373238016,16384,85,15,6,6
400,419351577,1048012,5,296765440,65536,85,15,6,6
400,419351577,1048012,6,240064768,65536,85,15,6,6
400,419351577,1048012,7,298798848,65536,85,15,6,6
400,419351577,1048012,8,46694144,16384,85,15,6,6
400,419351577,1048012,9,250573824,16384,85,15,6,6
400,419351577,1048012,10,107522048,16384,79,15,6,6
400,419351577,1048012,11,104910592,4096,77,17,6,6
401,420399589,1048979,0,143680512,4096,100,22,10,10
401,420399589,1048979,1,42508288,4096,99,23,10,10
401,420399589,1048979,2,406724352,65536,54,8,10,10
401,420399589,1048979,3,391047424,4096,53,11,10,10
401,420399589,1048979,4,263175424,1024,53,11,10,10
401,420399589,1048979,5,176164096,1024,53,11,10,10
401,420399589,1048979,6,230104064,4096,53,11,10,10
401,420399589,1048979,7,345013248,4096,53,11,10,10
401,420399589,1048979,8,90757632,4096,53,11,10,10
401,420399589,1048979,9,257912832,4096,47,11,10,10
401,420399589,1048979,10,66113280,4096,47,11,10,10
401,420399589,1048979,11,361776896,4096,47,11,10,10
402,421448568,1048212,0,420382976,16384,87,15,6,6
402,421448568,1048212,1,40937216,16384,87,15,6,6
402,421448568,1048212,2,298798848,65536,87,15,6,6
402,421448568,1048212,3,46694144,16384,87,15,6,6
402,421448568,1048212,4,277295872,65536,87,15,6,6
402,421448568,1048212,5,296765440,65536,87,15,6,6
402,421448568,1048212,6,373238016,16384,87,15,6,6
402,421448568,1048212,7,417771520,16384,87,15,6,6
402,421448568,1048212,8,250573824,16384,87,15,6,6
402,421448568,1048212,9,104910592,4096,46,10,6,6
402,421448568,1048212,10,73457664,4096,46,10,6,6
402,421448568,1048212,11,416216320,4096,35,7,6,6
402,421448568,1048212,12,420395264,4096,87,15,6,6
402,421448568,1048212,13,373250304,4096,87,15,6,6
402,421448568,1048212,14,417777664,4096,87,15,6,6
402,421448568,1048212,15,73460736,1024,46,10,6,6
403,422496780,1048698,0,421448704,16384,198,34,6,6
403,422496780,1048698,1,420382976,16384,198,34,6,6
403,422496780,1048698,2,40937216,16384,198,34,6,6
403,422496780,1048698,3,277295872,65536,198,34,6,6
403,422496780,1048698,4,417771520,16384,198,34,6,6
403,422496780,1048698,5,46694144,16384,198,34,6,6
403,422496780,1048698,6,298798848,65536,198,34,6,6
403,422496780,1048698,7,373238016,16384,198,34,6,6
403,422496780,1048698,8,296765440,65536,198,34,6,6
403,422496780,1048698,9,416216320,4096,105,23,6,6
403,422496780,1048698,10,199193088,4096,105,23,6,6
403,422496780,1048698,11,73457664,4096,104,22,6,6
404,423545478,1042307,0,406724352,65536,103,17,10,10
404,423545478,1042307,1,258944000,16384,80,14,10,10
404,423545478,1042307,2,42508288,4096,69,15,10,10
404,423545478,1042307,3,62403072,65536,66,10,10,10
404,423545478,1042307,4,270447360,65536,66,10,10,10
404,423545478,1042307,5,343909376,65536,66,10,10,10
404,423545478,1042307,6,343975168,65536,66,10,10,10
404,423545478,1042307,7,408880384,65536,66,10,10,10
404,423545478,1042307,8,254771968,65536,66,10,10,10
404,423545478,1042307,9,327181824,65536,66,10,10,10
404,423545478,1042307,10,56115712,65536,66,10,10,10
404,423545478,1042307,11,143680512,4096,48,10,10,10
405,424587785,1052385,0,42508288,4096,74,16,10,10
405,424587785,1052385,1,143680512,4096,63,15,10,10
405,424587785,1052385,2,230104064,4096,46,10,10,10
405,424587785,1052385,3,263175424,1024,46,10,10,10
405,424587785,1052385,4,176164096,1024,46,10,10,10
405,424587785,1052385,5,420399616,4096,46,10,10,10
405,424587785,1052385,6,391047424,4096,46,10,10,10
405,424587785,1052385,7,345013248,4096,46,10,10,10
405,424587785,1052385,8,90757632,4096,46,10,10,10
405,424587785,1052385,9,402590464,65536,36,6,10,10
405,424587785,1052385,10,410440960,16384,36,6,10,10
405,424587785,1052385,11,378494464,16384,36,6,10,10
406,425640170,1044607,0,406724352,65536,85,15,10,10
406,425640170,1044607,1,402590464,65536,43,9,10,10
406,425640170,1044607,2,378494464,16384,43,9,10,10
406,425640170,1044607,3,410440960,16384,43,9,10,10
406,425640170,1044607,4,42968832,65536,43,9,10,10
406,425640170,1044607,5,384213504,65536,43,9,10,10
406,425640170,1044607,6,376327168,65536,43,9,10,10
406,425640170,1044607,7,62403072,65536,42,6,10,10
406,425640170,1044607,8,343909376,65536,42,6,10,10
406,425640170,1044607,9,258894848,65536,42,6,10,10
406,425640170,1044607,10,254771968,65536,42,6,10,10
406,425640170,1044607,11,327181824,65536,42,6,10,10
407,426684777,1048625,0,411958528,65536,48,8,9,9
407,426684777,1048625,1,1048320,65536,48,8,9,9
407,426684777,1048625,2,415167744,65536,48,8,9,9
407,426684777,1048625,3,175045632,65536,48,8,9,9
407,426684777,1048625,4,178227200,16384,48,8,9,9
407,426684777,1048625,5,374815232,16384,48,8,9,9
407,426684777,1048625,6,412024320,65536,48,8,9,9
407,426684777,1048625,7,399381248,65536,48,8,9,9
407,426684777,1048625,8,305098496,65536,48,8,9,9
407,426684777,1048625,9,16797952,4096,29,7,9,9
407,426684777,1048625,10,121671680,4096,20,4,9,9
407,426684777,1048625,11,156259072,4096,19,5,9,9
407,426684777,1048625,12,1540096,65536,48,8,9,9
407,426684777,1048625,13,178239488,4096,48,8,9,9
408,427733402,1055352,0,412024320,65536,86,14,9,9
408,427733402,1055352,1,374815232,16384,86,14,9,9
408,427733402,1055352,2,178227200,16384,86,14,9,9
408,427733402,1055352,3,411958528,65536,86,14,9,9
408,427733402,1055352,4,415167744,65536,86,14,9,9
408,427733402,1055352,5,175045632,65536,86,14,9,9
408,427733402,1055352,6,1048320,65536,86,14,9,9
408,427733402,1055352,7,399381248,65536,86,14,9,9
408,427733402,1055352,8,305098496,65536,86,14,9,9
408,427733402,1055352,9,16797952,4096,53,13,9,9
408,427733402,1055352,10,121671680,4096,44,10,9,9
408,427733402,1055352,11,181910016,4096,31,7,9,9
408,427733402,1055352,12,178239488,4096,86,14,9,9
408,427733402,1055352,13,1540096,65536,86,14,9,9
409,428788754,1038252,0,406724352,65536,84,14,10,10
409,428788754,1038252,1,62403072,65536,60,10,10,10
409,428788754,1038252,2,343909376,65536,60,10,10,10
409,428788754,1038252,3,327181824,65536,60,10,10,10
409,428788754,1038252,4,258894848,65536,60,10,10,10
409,428788754,1038252,5,408880384,65536,60,10,10,10
409,428788754,1038252,6,270447360,65536,60,10,10,10
409,428788754,1038252,7,56115712,65536,60,10,10,10
409,428788754,1038252,8,254771968,65536,60,10,10,10
409,428788754,1038252,9,343975168,65536,60,10,10,10
409,428788754,1038252,10,143680512,4096,40,10,10,10
409,428788754,1038252,11,42508288,4096,37,9,10,10
410,429827006,1055957,0,406724352,65536,66,10,10,10
410,429827006,1055957,1,408880384,65536,42,6,10,10
410,429827006,1055957,2,258894848,65536,42,6,10,10
410,429827006,1055957,3,254771968,65536,42,6,10,10
410,429827006,1055957,4,327181824,65536,42,6,10,10
410,429827006,1055957,5,270447360,65536,42,6,10,10
410,429827006,1055957,6,343909376,65536,42,6,10,10
410,429827006,1055957,7,343975168,65536,42,6,10,10
410,429827006,1055957,8,62403072,65536,42,6,10,10
410,429827006,1055957,9,56115712,65536,42,6,10,10
410,429827006,1055957,10,378494464,16384,24,4,10,10
410,429827006,1055957,11,402590464,65536,24,4,10,10
411,430882963,1051964,0,121671680,4096,31,7,9,9
411,430882963,1051964,1,178227200,16384,27,5,9,9
411,430882963,1051964,2,415167744,65536,27,5,9,9
411,430882963,1051964,3,412024320,65536,27,5,9,9
411,430882963,1051964,4,411958528,65536,27,5,9,9
411,430882963,1051964,5,399381248,65536,27,5,9,9
411,430882963,1051964,6,427733504,16384,27,5,9,9
411,430882963,1051964,7,374815232,16384,27,5,9,9
411,430882963,1051964,8,305098496,65536,27,5,9,9
411,430882963,1051964,9,1048320,65536,27,5,9,9
411,430882963,1051964,10,165688064,4096,18,4,9,9
411,430882963,1051964,11,322472704,1024,18,4,9,9
412,431934927,1041992,0,16797952,4096,28,6,9,9
412,431934927,1041992,1,121671680,4096,19,5,9,9
412,431934927,1041992,2,27812352,4096,18,4,9,9
412,431934927,1041992,3,16271616,4096,18,4,9,9
412,431934927,1041992,4,398390784,4096,18,4,9,9
412,431934927,1041992,5,156259072,4096,18,4,9,9
412,431934927,1041992,6,322993408,4096,18,4,9,9
412,431934927,1041992,7,174590464,4096,18,4,9,9
412,431934927,1041992,8,431400704,16384,13,3,9,9
412,431934927,1041992,9,178227200,16384,12,2,9,9
412,431934927,1041992,10,305098496,65536,12,2,9,9
412,431934927,1041992,11,427733504,16384,12,2,9,9
413,432976919,1050105,0,16797952,4096,69,15,9,9
413,432976919,1050105,1,13641728,16384,48,8,9,9
413,432976919,1050105,2,411958528,65536,45,7,9,9
413,432976919,1050105,3,415167744,65536,45,7,9,9
413,432976919,1050105,4,178227200,16384,45,7,9,9
413,432976919,1050105,5,412024320,65536,45,7,9,9
413,432976919,1050105,6,374815232,16384,45,7,9,9
413,432976919,1050105,7,427733504,16384,45,7,9,9
413,432976919,1050105,8,399381248,65536,45,7,9,9
413,432976919,1050105,9,305098496,65536,45,7,9,9
413,432976919,1050105,10,1048320,65536,45,7,9,9
413,432976919,1050105,11,121671680,4096,44,10,9,9
414,434027024,1049104,0,182438400,65536,54,8,9,9
414,434027024,1049104,1,180343296,65536,54,8,9,9
414,434027024,1049104,2,13641728,16384,54,8,9,9
414,434027024,1049104,3,389947392,65536,54,8,9,9
414,434027024,1049104,4,196540416,65536,54,8,9,9
414,434027024,1049104,5,428723200,65536,54,8,9,9
414,434027024,1049104,6,3080960,65536,54,8,9,9
414,434027024,1049104,7,411958528,65536,36,6,9,9
414,434027024,1049104,8,415167744,65536,36,6,9,9
414,434027024,1049104,9,399381248,65536,36,6,9,9
414,434027024,1049104,10,305098496,65536,36,6,9,9
414,434027024,1049104,11,178227200,16384,36,6,9,9
415,435076128,1045922,0,434549504,4096,44,8,9,9
415,435076128,1045922,1,411958528,65536,28,6,9,9
415,435076128,1045922,2,415167744,65536,28,6,9,9
415,435076128,1045922,3,427733504,16384,28,6,9,9
415,435076128,1045922,4,374815232,16384,28,6,9,9
415,435076128,1045922,5,305098496,65536,28,6,9,9
415,435076128,1045922,6,399381248,65536,28,6,9,9
415,435076128,1045922,7,412024320,65536,28,6,9,9
415,435076128,1045922,8,178227200,16384,28,6,9,9
415,435076128,1045922,9,1048320,65536,28,6,9,9
415,435076128,1045922,10,182438400,65536,24,4,9,9
415,435076128,1045922,11,389947392,65536,24,4,9,9
416,436122050,1048541,0,415167744,65536,51,9,9,9
416,436122050,1048541,1,178227200,16384,51,9,9,9
416,436122050,1048541,2,411958528,65536,51,9,9,9
416,436122050,1048541,3,412024320,65536,51,9,9,9
416,436122050,1048541,4,374815232,16384,51,9,9,9
416,436122050,1048541,5,427733504,16384,51,9,9,9
416,436122050,1048541,6,305098496,65536,51,9,9,9
416,436122050,1048541,7,399381248,65536,51,9,9,9
416,436122050,1048541,8,1048320,65536,51,9,9,9
416,436122050,1048541,9,121671680,4096,35,7,9,9
416,436122050,1048541,10,165688064,4096,30,6,9,9
416,436122050,1048541,11,322472704,1024,30,6,9,9
417,437170591,1049760,0,121119232,65536,69,11,9,9
417,437170591,1049760,1,173025280,65536,45,7,9,9
417,437170591,1049760,2,411958528,65536,42,8,9,9
417,437170591,1049760,3,427733504,16384,42,8,9,9
417,437170591,1049760,4,415167744,65536,42,8,9,9
417,437170591,1049760,5,305098496,65536,42,8,9,9
417,437170591,1049760,6,178227200,16384,42,8,9,9
417,437170591,1049760,7,412024320,65536,42,8,9,9
417,437170591,1049760,8,374815232,16384,42,8,9,9
417,437170591,1049760,9,399381248,65536,42,8,9,9
417,437170591,1049760,10,1048320,65536,42,8,9,9
417,437170591,1049760,11,272595968,16384,37,7,9,9
418,438220351,1064821,0,406724352,65536,111,19,10,10
418,438220351,1064821,1,378494464,16384,66,12,10,10
418,438220351,1064821,2,42968832,65536,66,12,10,10
418,438220351,1064821,3,376327168,65536,66,12,10,10
418,438220351,1064821,4,384213504,65536,66,12,10,10
418,438220351,1064821,5,402590464,65536,66,12,10,10
418,438220351,1064821,6,410440960,16384,66,12,10,10
418,438220351,1064821,7,327181824,65536,45,7,10,10
418,438220351,1064821,8,258894848,65536,45,7,10,10
418,438220351,1064821,9,408880384,65536,45,7,10,10
418,438220351,1064821,10,343909376,65536,45,7,10,10
418,438220351,1064821,11,343975168,65536,45,7,10,10
419,439285172,1045813,0,182438400,65536,21,3,9,9
419,439285172,1045813,1,389947392,65536,21,3,9,9
419,439285172,1045813,2,13641728,16384,21,3,9,9
419,439285172,1045813,3,180343296,65536,21,3,9,9
419,439285172,1045813,4,3080960,65536,21,3,9,9
419,439285172,1045813,5,196540416,65536,21,3,9,9
419,439285172,1045813,6,428723200,65536,21,3,9,9
419,439285172,1045813,7,121671680,4096,20,4,9,9
419,439285172,1045813,8,16797952,4096,15,3,9,9
419,439285172,1045813,9,322472704,1024,15,3,9,9
419,439285172,1045813,10,165688064,4096,15,3,9,9
419,439285172,1045813,11,151548160,4096,15,3,9,9
420,440330985,1048630,0,228534784,65536,149,25,0,0
420,440330985,1048630,1,325019648,65536,149,25,0,0
420,440330985,1048630,2,322997760,65536,149,25,0,0
420,440330985,1048630,3,327165184,16384,79,15,0,0
420,440330985,1048630,4,228518144,16384,28,6,0,0
420,440330985,1048630,5,328229376,256,1,1,0,0
420,440330985,1048630,6,229057536,4096,55,13,0,0
420,440330985,1048630,7,325068800,16384,149,25,0,0
420,440330985,1048630,8,323510528,16384,28,6,0,0
420,440330985,1048630,9,326131712,65536,28,6,0,0
421,441379615,1058817,0,121671680,4096,111,23,9,9
421,441379615,1058817,1,16797952,4096,88,18,9,9
421,441379615,1058817,2,411958528,65536,78,14,9,9
421,441379615,1058817,3,415167744,65536,78,14,9,9
421,441379615,1058817,4,374815232,16384,78,14,9,9
421,441379615,1058817,5,412024320,65536,78,14,9,9
421,441379615,1058817,6,399381248,65536,78,14,9,9
421,441379615,1058817,7,178227200,16384,78,14,9,9
421,441379615,1058817,8,305098496,65536,78,14,9,9
421,441379615,1058817,9,1048320,65536,78,14,9,9
421,441379615,1058817,10,427733504,16384,78,14,9,9
421,441379615,1058817,11,165691136,1024,75,17,9,9
422,442438432,1051705,0,13641728,16384,66,10,9,9
422,442438432,1051705,1,121671680,4096,54,14,9,9
422,442438432,1051705,2,28339456,16384,54,10,9,9
422,442438432,1051705,3,16797952,4096,50,14,9,9
422,442438432,1051705,4,389947392,65536,42,6,9,9
422,442438432,1051705,5,182438400,65536,42,6,9,9
422,442438432,1051705,6,3080960,65536,42,6,9,9
422,442438432,1051705,7,180343296,65536,42,6,9,9
422,442438432,1051705,8,196540416,65536,42,6,9,9
422,442438432,1051705,9,428723200,65536,42,6,9,9
422,442438432,1051705,10,166214656,4096,36,10,9,9
422,442438432,1051705,11,181910016,4096,36,10,9,9
423,443490137,1051358,0,411958528,65536,60,10,9,9
423,443490137,1051358,1,442438656,65536,48,8,9,9
423,443490137,1051358,2,441876224,65536,48,8,9,9
423,443490137,1051358,3,374815232,16384,48,8,9,9
423,443490137,1051358,4,415167744,65536,48,8,9,9
423,443490137,1051358,5,399381248,65536,48,8,9,9
423,443490137,1051358,6,412024320,65536,48,8,9,9
423,443490137,1051358,7,427733504,16384,48,8,9,9
423,443490137,1051358,8,305098496,65536,48,8,9,9
423,443490137,1051358,9,1048320,65536,48,8,9,9
423,443490137,1051358,10,121671680,4096,33,7,9,9
423,443490137,1051358,11,16797952,4096,30,6,9,9
424,444541495,1045024,0,406724352,65536,71,11,10,10
424,444541495,1045024,1,378494464,16384,71,11,10,10
424,444541495,1045024,2,42968832,65536,71,11,10,10
424,444541495,1045024,3,410440960,16384,71,11,10,10
424,444541495,1045024,4,384213504,65536,71,11,10,10
424,444541495,1045024,5,376327168,65536,71,11,10,10
424,444541495,1045024,6,402590464,65536,71,11,10,10
424,444541495,1045024,7,143680512,4096,69,17,10,10
424,444541495,1045024,8,257912832,4096,36,10,10,10
424,444541495,1045024,9,66113280,4096,36,10,10,10
424,444541495,1045024,10,361776896,4096,36,10,10,10
424,444541495,1045024,11,243223040,256,36,10,10,10
425,445586519,1055183,0,444541696,4096,134,24,10,10
425,445586519,1055183,1,406724352,65536,75,11,10,10
425,445586519,1055183,2,343958528,16384,72,14,10,10
425,445586519,1055183,3,102809600,4096,72,14,10,10
425,445586519,1055183,4,143152128,16384,72,14,10,10
425,445586519,1055183,5,208625920,4096,72,14,10,10
425,445586519,1055183,6,5759488,16384,72,14,10,10
425,445586519,1055183,7,64530688,16384,72,14,10,10
425,445586519,1055183,8,82362624,16384,72,14,10,10
425,445586519,1055183,9,42508288,4096,67,15,10,10
425,445586519,1055183,10,254771968,65536,63,9,10,10
425,445586519,1055183,11,258894848,65536,63,9,10,10
426,446641702,1048624,0,423541248,4096,181,35,6,6
426,446641702,1048624,1,420382976,16384,123,21,6,6
426,446641702,1048624,2,40937216,16384,123,21,6,6
426,446641702,1048624,3,421448704,16384,123,21,6,6
426,446641702,1048624,4,298798848,65536,123,21,6,6
426,446641702,1048624,5,46694144,16384,123,21,6,6
426,446641702,1048624,6,417771520,16384,123,21,6,6
426,446641702,1048624,7,373238016,16384,123,21,6,6
426,446641702,1048624,8,190790400,16384,82,16,6,6
426,446641702,1048624,9,124285696,4096,58,14,6,6
426,446641702,1048624,10,419347456,4096,41,9,6,6
426,446641702,1048624,11,104910592,4096,39,9,6,6
427,447690326,1052195,0,228534784,65536,143,25,0,0
427,447690326,1052195,1,325019648,65536,143,25,0,0
427,447690326,1052195,2,322997760,65536,143,25,0,0
427,447690326,1052195,3,327165184,16384,114,22,0,0
427,447690326,1052195,4,228518144,16384,59,11,0,0
427,447690326,1052195,5,229057536,4096,35,7,0,0
427,447690326,1052195,6,325068800,16384,143,25,0,0
427,447690326,1052195,7,323510528,16384,59,11,0,0
427,447690326,1052195,8,326131712,65536,59,11,0,0
428,448742521,1048964,0,447624704,65536,190,28,6,6
428,448742521,1048964,1,423541248,4096,51,11,6,6
428,448742521,1048964,2,421448704,16384,27,5,6,6
428,448742521,1048964,3,46694144,16384,27,5,6,6
428,448742521,1048964,4,373238016,16384,27,5,6,6
428,448742521,1048964,5,40937216,16384,27,5,6,6
428,448742521,1048964,6,420382976,16384,27,5,6,6
428,448742521,1048964,7,298798848,65536,27,5,6,6
428,448742521,1048964,8,417771520,16384,27,5,6,6
428,448742521,1048964,9,124285696,4096,23,5,6,6
428,448742521,1048964,10,47719680,65536,21,3,6,6
428,448742521,1048964,11,104353536,65536,21,3,6,6
428,448742521,1048964,12,447673856,16384,51,9,6,6
428,448742521,1048964,13,373250304,4096,27,5,6,6
428,448742521,1048964,14,417777664,4096,27,5,6,6
429,449791485,1047988,0,445031168,65536,117,17,10,10
429,449791485,1047988,1,445586688,65536,72,10,10,10
429,449791485,1047988,2,42508288,4096,67,15,10,10
429,449791485,1047988,3,143680512,4096,56,12,10,10
429,449791485,1047988,4,263175424,1024,45,11,10,10
429,449791485,1047988,5,391047424,4096,41,9,10,10
429,449791485,1047988,6,420399616,4096,41,9,10,10
429,449791485,1047988,7,230104064,4096,41,9,10,10
429,449791485,1047988,8,176164096,1024,41,9,10,10
429,449791485,1047988,9,345013248,4096,41,9,10,10
429,449791485,1047988,10,90757632,4096,41,9,10,10
429,449791485,1047988,11,406724352,65536,36,6,10,10
430,450839473,1048996,0,447690496,65536,593,89,0,0
430,450839473,1048996,1,327165184,16384,215,41,0,0
430,450839473,1048996,2,228518144,16384,121,25,0,0
430,450839473,1048996,3,323510528,16384,121,25,0,0
430,450839473,1048996,4,228534784,65536,120,18,0,0
430,450839473,1048996,5,325019648,65536,120,18,0,0
430,450839473,1048996,6,328229376,256,2,2,0,0
430,450839473,1048996,7,448183552,65536,534,82,0,0
430,450839473,1048996,8,326131712,65536,121,25,0,0
430,450839473,1048996,9,322997760,65536,120,18,0,0
430,450839473,1048996,10,229057536,4096,43,9,0,0
430,450839473,1048996,11,325068800,16384,120,18,0,0
431,451888469,1048228,0,451355648,16384,595,103,0,0
431,451888469,1048228,1,448183552,65536,572,92,0,0
431,451888469,1048228,2,327165184,16384,197,35,0,0
431,451888469,1048228,3,228534784,65536,154,24,0,0
431,451888469,1048228,4,322997760,65536,154,24,0,0
431,451888469,1048228,5,325019648,65536,154,24,0,0
431,451888469,1048228,6,228518144,16384,92,16,0,0
431,451888469,1048228,7,328229376,256,1,1,0,0
431,451888469,1048228,8,451822848,65536,268,44,0,0
431,451888469,1048228,9,447690496,65536,468,74,0,0
431,451888469,1048228,10,326131712,65536,92,16,0,0
431,451888469,1048228,11,229057536,4096,40,10,0,0
431,451888469,1048228,12,323510528,16384,92,16,0,0
431,451888469,1048228,13,325068800,16384,154,24,0,0
432,452936697,1048802,0,452870912,65536,961,151,0,0
432,452936697,1048802,1,447690496,65536,817,129,0,0
432,452936697,1048802,2,451355648,16384,638,108,0,0
432,452936697,1048802,3,228534784,65536,200,34,0,0
432,452936697,1048802,4,322997760,65536,200,34,0,0
432,452936697,1048802,5,325019648,65536,200,34,0,0
432,452936697,1048802,6,327165184,16384,156,28,0,0
432,452936697,1048802,7,228518144,16384,76,14,0,0
432,452936697,1048802,8,451888640,65536,756,118,0,0
432,452936697,1048802,9,448183552,65536,769,125,0,0
432,452936697,1048802,10,451822848,65536,336,56,0,0
432,452936697,1048802,11,325068800,16384,200,34,0,0
433,453985499,1048967,0,447624704,65536,332,54,6,6
433,453985499,1048967,1,449774848,16384,197,31,6,6
433,453985499,1048967,2,423541248,4096,125,25,6,6
433,453985499,1048967,3,420382976,16384,93,17,6,6
433,453985499,1048967,4,421448704,16384,93,17,6,6
433,453985499,1048967,5,46694144,16384,93,17,6,6
433,453985499,1048967,6,298798848,65536,93,17,6,6
433,453985499,1048967,7,417771520,16384,93,17,6,6
433,453985499,1048967,8,40937216,16384,93,17,6,6
433,453985499,1048967,9,373238016,16384,93,17,6,6
433,453985499,1048967,10,104353536,65536,79,13,6,6
433,453985499,1048967,11,219110656,65536,79,13,6,6
434,455034466,1048436,0,450822912,16384,214,40,10,10
434,455034466,1048436,1,444541696,16384,193,35,10,10
434,455034466,1048436,2,445586688,65536,118,20,10,10
434,455034466,1048436,3,143680512,4096,72,16,10,10
434,455034466,1048436,4,406724352,65536,69,13,10,10
434,455034466,1048436,5,42508288,4096,60,12,10,10
434,455034466,1048436,6,403624448,16384,44,8,10,10
434,455034466,1048436,7,346566400,16384,44,8,10,10
434,455034466,1048436,8,257912832,4096,37,9,10,10
434,455034466,1048436,9,66113280,4096,37,9,10,10
434,455034466,1048436,10,361776896,4096,37,9,10,10
434,455034466,1048436,11,243223040,256,37,9,10,10
435,456082902,1048450,0,455034624,65536,273,43,10,10
435,456082902,1048450,1,450822912,16384,274,50,10,10
435,456082902,1048450,2,444541696,16384,271,45,10,10
435,456082902,1048450,3,445586688,65536,115,17,10,10
435,456082902,1048450,4,406724352,65536,97,17,10,10
435,456082902,1048450,5,143680512,4096,94,22,10,10
435,456082902,1048450,6,403624448,16384,88,16,10,10
435,456082902,1048450,7,346566400,16384,88,16,10,10
435,456082902,1048450,8,66113280,4096,66,14,10,10
435,456082902,1048450,9,257912832,4096,66,14,10,10
435,456082902,1048450,10,243223040,256,66,14,10,10
435,456082902,1048450,11,361776896,4096,66,14,10,10
436,457131352,1047848,0,452870912,65536,467,71,0,0
436,457131352,1047848,1,453428224,65536,463,71,0,0
436,457131352,1047848,2,451355648,16384,413,69,0,0
436,457131352,1047848,3,447690496,65536,310,48,0,0
436,457131352,1047848,4,327165184,16384,164,32,0,0
436,457131352,1047848,5,228518144,16384,52,8,0,0
436,457131352,1047848,6,323510528,16384,52,8,0,0
436,457131352,1047848,7,228534784,65536,42,6,0,0
436,457131352,1047848,8,325019648,65536,42,6,0,0
436,457131352,1047848,9,451888640,65536,428,68,0,0
436,457131352,1047848,10,452936704,65536,437,69,0,0
436,457131352,1047848,11,451872000,16384,259,49,0,0
436,457131352,1047848,12,448183552,65536,237,37,0,0
437,458179200,1048395,0,457065728,65536,437,71,10,10
437,458179200,1048395,1,455034624,65536,349,55,10,10
437,458179200,1048395,2,445031168,65536,316,50,10,10
437,458179200,1048395,3,450822912,16384,311,57,10,10
437,458179200,1048395,4,445586688,65536,199,33,10,10
437,458179200,1048395,5,406724352,65536,176,30,10,10
437,458179200,1048395,6,42508288,4096,140,32,10,10
437,458179200,1048395,7,143680512,4096,103,23,10,10
437,458179200,1048395,8,258894848,65536,93,15,10,10
437,458179200,1048395,9,343909376,65536,93,15,10,10
437,458179200,1048395,10,343975168,65536,93,15,10,10
437,458179200,1048395,11,56115712,65536,93,15,10,10
438,459227595,1048883,0,452870912,65536,465,71,0,0
438,459227595,1048883,1,457131520,65536,439,67,0,0
438,459227595,1048883,2,451355648,16384,370,68,0,0
438,459227595,1048883,3,453428224,65536,329,51,0,0
438,459227595,1048883,4,448183552,65536,336,52,0,0
438,459227595,1048883,5,327165184,16384,130,24,0,0
438,459227595,1048883,6,228534784,65536,81,13,0,0
438,459227595,1048883,7,322997760,65536,81,13,0,0
438,459227595,1048883,8,325019648,65536,81,13,0,0
438,459227595,1048883,9,228518144,16384,64,12,0,0
438,459227595,1048883,10,451888640,65536,458,72,0,0
438,459227595,1048883,11,458113536,65536,253,41,0,0
438,459227595,1048883,12,451884288,4096,183,41,0,0
438,459227595,1048883,13,452936704,65536,320,48,0,0
438,459227595,1048883,14,447690496,65536,329,51,0,0
439,460276478,1049257,0,452870912,65536,625,95,0,0
439,460276478,1049257,1,457131520,65536,577,87,0,0
439,460276478,1049257,2,448183552,65536,466,72,0,0
439,460276478,1049257,3,451355648,16384,464,80,0,0
439,460276478,1049257,4,452936704,65536,439,67,0,0
439,460276478,1049257,5,459227648,65536,275,47,0,0
439,460276478,1049257,6,327165184,16384,136,24,0,0
439,460276478,1049257,7,228534784,65536,132,20,0,0
439,460276478,1049257,8,322997760,65536,132,20,0,0
439,460276478,1049257,9,325019648,65536,132,20,0,0
439,460276478,1049257,10,228518144,16384,48,8,0,0
439,460276478,1049257,11,328229376,256,1,1,0,0
439,460276478,1049257,12,451888640,65536,566,88,0,0
439,460276478,1049257,13,457131520,4096,268,44,0,0
439,460276478,1049257,14,447690496,65536,340,52,0,0
439,460276478,1049257,15,451884288,4096,264,54,0,0
439,460276478,1049257,16,453428224,65536,432,64,0,0
439,460276478,1049257,17,459227648,16384,254,46,0,0
440,461325735,1048384,0,452870912,65536,943,153,0,0
440,461325735,1048384,1,457131520,65536,935,147,0,0
440,461325735,1048384,2,451355648,16384,792,140,0,0
440,461325735,1048384,3,448183552,65536,710,116,0,0
440,461325735,1048384,4,453428224,65536,635,103,0,0
440,461325735,1048384,5,460276480,65536,593,93,0,0
440,461325735,1048384,6,459227648,65536,323,53,0,0
440,461325735,1048384,7,327165184,16384,208,38,0,0
440,461325735,1048384,8,228534784,65536,181,31,0,0
440,461325735,1048384,9,322997760,65536,181,31,0,0
440,461325735,1048384,10,325019648,65536,181,31,0,0
440,461325735,1048384,11,228518144,16384,95,17,0,0
440,461325735,1048384,12,451888640,65536,885,139,0,0
440,461325735,1048384,13,457131520,16384,339,57,0,0
440,461325735,1048384,14,450839552,65536,366,60,0,0
440,461325735,1048384,15,447690496,65536,555,89,0,0
440,461325735,1048384,16,452936704,65536,596,94,0,0
440,461325735,1048384,17,461260032,65536,564,92,0,0
440,461325735,1048384,18,459227648,16384,267,47,0,0
441,462374119,1047493,0,451888640,65536,574,90,0,0
441,462374119,1047493,1,457131520,65536,566,90,0,0
441,462374119,1047493,2,461817088,65536,512,82,0,0
441,462374119,1047493,3,451355648,16384,517,91,0,0
441,462374119,1047493,4,452936704,65536,454,72,0,0
441,462374119,1047493,5,460276480,65536,382,60,0,0
441,462374119,1047493,6,447690496,65536,358,58,0,0
441,462374119,1047493,7,459227648,65536,332,58,0,0
441,462374119,1047493,8,327165184,16384,167,31,0,0
441,462374119,1047493,9,228518144,16384,140,26,0,0
441,462374119,1047493,10,323510528,16384,140,26,0,0
441,462374119,1047493,11,229057536,4096,43,9,0,0
441,462374119,1047493,12,452870912,65536,501,77,0,0
441,462374119,1047493,13,458113536,65536,381,65,0,0
441,462374119,1047493,14,461325824,16384,417,75,0,0
441,462374119,1047493,15,451822848,65536,260,44,0,0
441,462374119,1047493,16,453428224,65536,370,60,0,0
441,462374119,1047493,17,460276480,16384,279,49,0,0
441,462374119,1047493,18,448183552,65536,342,54,0,0
442,463421612,1048858,0,456574208,65536,322,50,10,10
442,463421612,1048858,1,450822912,16384,298,52,10,10
442,463421612,1048858,2,456017152,65536,233,39,10,10
442,463421612,1048858,3,445031168,65536,207,31,10,10
442,463421612,1048858,4,458179328,65536,159,25,10,10
442,463421612,1048858,5,445586688,65536,141,21,10,10
442,463421612,1048858,6,406724352,65536,98,16,10,10
442,463421612,1048858,7,42968832,65536,65,11,10,10
442,463421612,1048858,8,384213504,65536,65,11,10,10
442,463421612,1048858,9,402590464,65536,65,11,10,10
442,463421612,1048858,10,410440960,16384,65,11,10,10
442,463421612,1048858,11,5759488,16384,33,7,10,10
443,464470470,1048976,0,457131520,65536,688,106,0,0
443,464470470,1048976,1,452870912,65536,676,106,0,0
443,464470470,1048976,2,462889472,16384,607,101,0,0
443,464470470,1048976,3,461817088,65536,484,76,0,0
443,464470470,1048976,4,452936704,65536,484,76,0,0
443,464470470,1048976,5,447690496,65536,475,75,0,0
443,464470470,1048976,6,451355648,16384,428,70,0,0
443,464470470,1048976,7,460276480,65536,406,62,0,0
443,464470470,1048976,8,459227648,16384,393,69,0,0
443,464470470,1048976,9,327165184,16384,195,35,0,0
443,464470470,1048976,10,228534784,65536,186,30,0,0
443,464470470,1048976,11,325019648,65536,186,30,0,0
443,464470470,1048976,12,458113536,65536,400,64,0,0
443,464470470,1048976,13,451888640,65536,565,89,0,0
443,464470470,1048976,14,463355904,65536,541,87,0,0
443,464470470,1048976,15,462308352,65536,406,62,0,0
443,464470470,1048976,16,453428224,65536,390,60,0,0
443,464470470,1048976,17,448183552,65536,360,56,0,0
443,464470470,1048976,18,461260032,65536,336,54,0,0
443,464470470,1048976,19,459227648,65536,291,47,0,0
444,465519446,1048625,0,465453824,65536,593,105,0,0
444,465519446,1048625,1,452870912,65536,604,92,0,0
444,465519446,1048625,2,462308352,65536,496,76,0,0
444,465519446,1048625,3,457131520,65536,466,72,0,0
444,465519446,1048625,4,448183552,65536,470,76,0,0
444,465519446,1048625,5,451355648,16384,412,72,0,0
444,465519446,1048625,6,461260032,65536,379,57,0,0
444,465519446,1048625,7,463355904,65536,343,53,0,0
444,465519446,1048625,8,452936704,65536,336,50,0,0
444,465519446,1048625,9,459743744,16384,320,62,0,0
444,465519446,1048625,10,228534784,65536,208,32,0,0
444,465519446,1048625,11,322997760,65536,208,32,0,0
444,465519446,1048625,12,464962048,65536,467,75,0,0
444,465519446,1048625,13,451888640,65536,384,58,0,0
444,465519446,1048625,14,461817088,65536,444,66,0,0
444,465519446,1048625,15,458162688,16384,321,59,0,0
444,465519446,1048625,16,447690496,65536,458,70,0,0
444,465519446,1048625,17,460276480,16384,370,60,0,0
444,465519446,1048625,18,462889472,16384,341,59,0,0
444,465519446,1048625,19,453428224,65536,308,48,0,0
444,465519446,1048625,20,459227648,65536,309,53,0,0
445,466568071,1042648,0,456574208,65536,422,66,10,10
445,466568071,1042648,1,455034624,65536,322,50,10,10
445,466568071,1042648,2,463421696,65536,304,48,10,10
445,466568071,1042648,3,450282496,65536,302,48,10,10
445,466568071,1042648,4,445031168,65536,280,44,10,10
445,466568071,1042648,5,458179328,65536,153,23,10,10
445,466568071,1042648,6,445586688,65536,160,26,10,10
445,466568071,1042648,7,406724352,65536,165,25,10,10
445,466568071,1042648,8,408880384,65536,87,13,10,10
445,466568071,1042648,9,270447360,65536,87,13,10,10
445,466568071,1042648,10,327181824,65536,87,13,10,10
445,466568071,1042648,11,343909376,65536,87,13,10,10
446,467610719,1049050,0,456082944,16384,346,62,10,10
446,467610719,1049050,1,450822912,16384,327,59,10,10
446,467610719,1049050,2,466568192,16384,276,50,10,10
446,467610719,1049050,3,463421696,65536,279,43,10,10
446,467610719,1049050,4,455034624,65536,228,36,10,10
446,467610719,1049050,5,458179328,65536,218,36,10,10
446,467610719,1049050,6,444541696,4096,194,34,10,10
446,467610719,1049050,7,406724352,65536,215,37,10,10
446,467610719,1049050,8,62403072,65536,145,25,10,10
446,467610719,1049050,9,408880384,65536,145,25,10,10
446,467610719,1049050,10,56115712,65536,145,25,10,10
446,467610719,1049050,11,270447360,65536,145,25,10,10
447,468659769,1048306,0,456082944,16384,567,101,10,10
447,468659769,1048306,1,467081216,16384,389,75,10,10
447,468659769,1048306,2,455034624,65536,374,58,10,10
447,468659769,1048306,3,444541696,16384,331,57,10,10
447,468659769,1048306,4,464404736,65536,320,50,10,10
447,468659769,1048306,5,458179328,65536,262,42,10,10
447,468659769,1048306,6,468102400,65536,249,39,10,10
447,468659769,1048306,7,450822912,16384,172,30,10,10
447,468659769,1048306,8,406724352,65536,183,31,10,10
447,468659769,1048306,9,445586688,65536,147,23,10,10
447,468659769,1048306,10,408880384,65536,108,18,10,10
447,468659769,1048306,11,270447360,65536,108,18,10,10
448,469708075,1047775,0,452870912,65536,588,88,0,0
448,469708075,1047775,1,466551552,16384,564,88,0,0
448,469708075,1047775,2,464962048,65536,557,87,0,0
448,469708075,1047775,3,463355904,65536,435,67,0,0
448,469708075,1047775,4,451355648,16384,425,73,0,0
448,469708075,1047775,5,461817088,65536,353,53,0,0
448,469708075,1047775,6,452936704,65536,299,45,0,0
448,469708075,1047775,7,457131520,65536,296,44,0,0
448,469708075,1047775,8,448183552,65536,284,44,0,0
448,469708075,1047775,9,459227648,65536,197,33,0,0
448,469708075,1047775,10,460276480,65536,183,27,0,0
448,469708075,1047775,11,327165184,16384,115,23,0,0
448,469708075,1047775,12,451888640,65536,545,83,0,0
448,469708075,1047775,13,466502400,65536,504,78,0,0
448,469708075,1047775,14,464470528,16384,455,71,0,0
448,469708075,1047775,15,462889472,16384,405,69,0,0
448,469708075,1047775,16,461325824,65536,315,47,0,0
448,469708075,1047775,17,458162688,16384,235,45,0,0
448,469708075,1047775,18,447690496,65536,252,38,0,0
449,470755850,1045649,0,470223872,16384,638,108,0,0
449,470755850,1045649,1,466010880,65536,587,95,0,0
449,470755850,1045649,2,464962048,65536,539,89,0,0
449,470755850,1045649,3,451888640,65536,485,81,0,0
449,470755850,1045649,4,451355648,16384,459,79,0,0
449,470755850,1045649,5,459227648,65536,382,62,0,0
449,470755850,1045649,6,463355904,65536,379,63,0,0
449,470755850,1045649,7,461325824,16384,333,61,0,0
449,470755850,1045649,8,457131520,65536,323,51,0,0
449,470755850,1045649,9,460276480,65536,265,41,0,0
449,470755850,1045649,10,447690496,65536,248,38,0,0
449,470755850,1045649,11,453452800,16384,220,34,0,0
449,470755850,1045649,12,470199296,65536,502,84,0,0
449,470755850,1045649,13,466551552,16384,565,95,0,0
449,470755850,1045649,14,465453824,65536,455,79,0,0
449,470755850,1045649,15,452870912,65536,422,68,0,0
449,470755850,1045649,16,462374144,16384,252,50,0,0
449,470755850,1045649,17,462308352,65536,331,51,0,0
450,471801499,1048049,0,456574208,65536,454,70,10,10
450,471801499,1048049,1,463421696,65536,410,64,10,10
450,471801499,1048049,2,466568192,16384,312,56,10,10
450,471801499,1048049,3,469642496,65536,312,48,10,10
450,471801499,1048049,4,445031168,65536,312,48,10,10
450,471801499,1048049,5,450822912,16384,298,56,10,10
450,471801499,1048049,6,467610880,65536,201,31,10,10
450,471801499,1048049,7,445586688,65536,201,31,10,10
450,471801499,1048049,8,455034624,65536,168,26,10,10
450,471801499,1048049,9,459223296,4096,144,30,10,10
450,471801499,1048049,10,406724352,65536,81,13,10,10
450,471801499,1048049,11,410440960,16384,81,13,10,10
451,472849548,1048439,0,471245824,65536,767,129,0,0
451,472849548,1048439,1,466010880,65536,693,111,0,0
451,472849548,1048439,2,451888640,65536,693,107,0,0
451,472849548,1048439,3,470199296,65536,618,98,0,0
451,472849548,1048439,4,451355648,16384,532,90,0,0
451,472849548,1048439,5,464962048,65536,518,84,0,0
451,472849548,1048439,6,460276480,16384,458,78,0,0
451,472849548,1048439,7,459227648,65536,368,64,0,0
451,472849548,1048439,8,453428224,65536,350,56,0,0
451,472849548,1048439,9,462308352,65536,331,57,0,0
451,472849548,1048439,10,448183552,65536,334,56,0,0
451,472849548,1048439,11,462374144,65536,327,49,0,0
451,472849548,1048439,12,471270400,16384,458,78,0,0
451,472849548,1048439,13,466551552,16384,640,106,0,0
451,472849548,1048439,14,452870912,65536,571,89,0,0
451,472849548,1048439,15,470223872,16384,598,100,0,0
451,472849548,1048439,16,451884288,4096,304,64,0,0
451,472849548,1048439,17,465453824,65536,475,85,0,0
451,472849548,1048439,18,453919744,65536,337,55,0,0
452,473897987,1059005,0,471245824,65536,712,112,0,0
452,473897987,1059005,1,464962048,65536,561,89,0,0
452,473897987,1059005,2,470223872,16384,520,84,0,0
452,473897987,1059005,3,466551552,16384,467,77,0,0
452,473897987,1059005,4,451888640,65536,439,67,0,0
452,473897987,1059005,5,462374144,16384,403,79,0,0
452,473897987,1059005,6,473365504,16384,353,59,0,0
452,473897987,1059005,7,452936704,65536,322,50,0,0
452,473897987,1059005,8,461325824,16384,308,58,0,0
452,473897987,1059005,9,451355648,16384,290,48,0,0
452,473897987,1059005,10,447690496,65536,285,43,0,0
452,473897987,1059005,11,457131520,65536,217,33,0,0
452,473897987,1059005,12,471270400,16384,381,59,0,0
452,473897987,1059005,13,464470528,16384,314,50,0,0
452,473897987,1059005,14,469708288,16384,411,73,0,0
452,473897987,1059005,15,466502400,65536,436,70,0,0
452,473897987,1059005,16,473340928,65536,342,52,0,0
452,473897987,1059005,17,462308352,65536,276,40,0,0
453,474956992,1048122,0,471245824,65536,530,86,0,0
453,474956992,1048122,1,451888640,65536,504,80,0,0
453,474956992,1048122,2,466551552,16384,492,82,0,0
453,474956992,1048122,3,473365504,16384,379,63,0,0
453,474956992,1048122,4,452936704,65536,358,56,0,0
453,474956992,1048122,5,470199296,65536,342,54,0,0
453,474956992,1048122,6,451355648,16384,289,47,0,0
453,474956992,1048122,7,462369792,4096,285,53,0,0
453,474956992,1048122,8,462374144,65536,264,42,0,0
453,474956992,1048122,9,473898240,16384,252,44,0,0
453,474956992,1048122,10,464470528,16384,260,42,0,0
453,474956992,1048122,11,447690496,65536,255,39,0,0
453,474956992,1048122,12,471800320,1024,397,89,0,0
453,474956992,1048122,13,466502400,65536,421,67,0,0
453,474956992,1048122,14,473340928,65536,369,59,0,0
453,474956992,1048122,15,453919744,65536,270,46,0,0
453,474956992,1048122,16,469708288,16384,333,57,0,0
453,474956992,1048122,17,461325824,16384,255,47,0,0
454,476005114,1048830,0,471245824,65536,766,124,0,0
454,476005114,1048830,1,473365504,16384,524,88,0,0
454,476005114,1048830,2,470199296,65536,536,86,0,0
454,476005114,1048830,3,466502400,65536,495,77,0,0
454,476005114,1048830,4,451888640,65536,444,70,0,0
454,476005114,1048830,5,451355648,16384,379,67,0,0
454,476005114,1048830,6,452936704,65536,317,49,0,0
454,476005114,1048830,7,461325824,16384,316,60,0,0
454,476005114,1048830,8,475939328,65536,294,46,0,0
454,476005114,1048830,9,473898240,16384,304,54,0,0
454,476005114,1048830,10,464470528,16384,301,49,0,0
454,476005114,1048830,11,462374144,16384,292,56,0,0
454,476005114,1048830,12,471270400,16384,406,70,0,0
454,476005114,1048830,13,473340928,65536,368,60,0,0
454,476005114,1048830,14,470223872,16384,530,86,0,0
454,476005114,1048830,15,466551552,16384,450,74,0,0
454,476005114,1048830,16,461841664,16384,299,49,0,0
454,476005114,1048830,17,465453824,65536,294,52,0,0
455,477053944,1049318,0,471245824,65536,545,93,0,0
455,477053944,1049318,1,470223872,16384,504,86,0,0
455,477053944,1049318,2,466010880,65536,472,80,0,0
455,477053944,1049318,3,473365504,16384,333,59,0,0
455,477053944,1049318,4,451355648,16384,309,53,0,0
455,477053944,1049318,5,476005120,16384,269,47,0,0
455,477053944,1049318,6,475448064,65536,273,43,0,0
455,477053944,1049318,7,473898240,16384,258,46,0,0
455,477053944,1049318,8,465453824,65536,262,46,0,0
455,477053944,1049318,9,461325824,16384,245,47,0,0
455,477053944,1049318,10,451888640,65536,238,38,0,0
455,477053944,1049318,11,453428224,65536,231,37,0,0
455,477053944,1049318,12,471784960,16384,265,47,0,0
455,477053944,1049318,13,470199296,65536,340,54,0,0
455,477053944,1049318,14,466502400,65536,348,62,0,0
455,477053944,1049318,15,476521216,16384,248,44,0,0
455,477053944,1049318,16,475472640,16384,260,44,0,0
456,478103262,1048852,0,411958528,65536,160,28,9,9
456,478103262,1048852,1,443983104,65536,144,22,9,9
456,478103262,1048852,2,442438656,65536,63,11,9,9
456,478103262,1048852,3,16797952,4096,69,15,9,9
456,478103262,1048852,4,13641728,16384,69,11,9,9
456,478103262,1048852,5,441876224,65536,63,11,9,9
456,478103262,1048852,6,121671680,4096,64,14,9,9
456,478103262,1048852,7,412024320,65536,63,11,9,9
456,478103262,1048852,8,415167744,65536,63,11,9,9
456,478103262,1048852,9,374815232,16384,63,11,9,9
456,478103262,1048852,10,399381248,65536,63,11,9,9
456,478103262,1048852,11,305098496,65536,63,11,9,9
457,479152114,1046738,0,478103296,65536,385,59,9,9
457,479152114,1046738,1,411958528,65536,181,31,9,9
457,479152114,1046738,2,443983104,65536,120,18,9,9
457,479152114,1046738,3,442438656,65536,76,14,9,9
457,479152114,1046738,4,121671680,4096,84,20,9,9
457,479152114,1046738,5,13641728,16384,84,14,9,9
457,479152114,1046738,6,441876224,65536,76,14,9,9
457,479152114,1046738,7,412024320,65536,76,14,9,9
457,479152114,1046738,8,415167744,65536,76,14,9,9
457,479152114,1046738,9,374815232,16384,76,14,9,9
457,479152114,1046738,10,399381248,65536,76,14,9,9
457,479152114,1046738,11,305098496,65536,76,14,9,9
458,480198852,1047896,0,471245824,65536,408,66,0,0
458,480198852,1047896,1,470223872,16384,361,61,0,0
458,480198852,1047896,2,476521216,16384,348,62,0,0
458,480198852,1047896,3,475988480,16384,328,56,0,0
458,480198852,1047896,4,451355648,16384,281,49,0,0
458,480198852,1047896,5,465453824,65536,268,46,0,0
458,480198852,1047896,6,478037504,65536,262,40,0,0
458,480198852,1047896,7,466010880,65536,254,44,0,0
458,480198852,1047896,8,474419200,16384,234,38,0,0
458,480198852,1047896,9,462369792,4096,206,40,0,0
458,480198852,1047896,10,458162688,16384,208,38,0,0
458,480198852,1047896,11,473365504,16384,195,33,0,0
458,480198852,1047896,12,471276544,4096,291,61,0,0
458,480198852,1047896,13,470199296,65536,206,34,0,0
458,480198852,1047896,14,476005120,16384,247,37,0,0
458,480198852,1047896,15,464986624,16384,253,45,0,0
458,480198852,1047896,16,473898240,16384,210,38,0,0
458,480198852,1047896,17,473832448,65536,190,28,0,0
459,481246748,1048413,0,476005120,16384,509,81,0,0
459,481246748,1048413,1,480689920,65536,465,71,0,0
459,481246748,1048413,2,471245824,65536,419,67,0,0
459,481246748,1048413,3,475988480,16384,356,64,0,0
459,481246748,1048413,4,473365504,16384,337,55,0,0
459,481246748,1048413,5,474419200,16384,337,55,0,0
459,481246748,1048413,6,451355648,16384,334,56,0,0
459,481246748,1048413,7,451888640,65536,315,49,0,0
459,481246748,1048413,8,461325824,16384,305,55,0,0
459,481246748,1048413,9,477053952,16384,311,49,0,0
459,481246748,1048413,10,447690496,65536,267,41,0,0
459,481246748,1048413,11,470690304,65536,248,40,0,0
459,481246748,1048413,12,476005120,65536,315,49,0,0
459,481246748,1048413,13,480714496,16384,313,53,0,0
459,481246748,1048413,14,471276544,4096,337,69,0,0
459,481246748,1048413,15,473832448,65536,312,48,0,0
459,481246748,1048413,16,478086656,16384,290,52,0,0
460,482295161,1049184,0,482229504,65536,696,108,0,0
460,482295161,1049184,1,471245824,65536,558,90,0,0
460,482295161,1049184,2,473898240,65536,469,75,0,0
460,482295161,1049184,3,451355648,16384,470,82,0,0
460,482295161,1049184,4,480714496,16384,453,77,0,0
460,482295161,1049184,5,478037504,65536,432,66,0,0
460,482295161,1049184,6,470223872,16384,424,70,0,0
460,482295161,1049184,7,461325824,16384,389,71,0,0
460,482295161,1049184,8,448183552,65536,393,63,0,0
460,482295161,1049184,9,464470528,16384,368,62,0,0
460,482295161,1049184,10,477037312,16384,348,66,0,0
460,482295161,1049184,11,465519616,16384,329,61,0,0
460,482295161,1049184,12,482278656,16384,491,81,0,0
460,482295161,1049184,13,471270400,16384,329,55,0,0
460,482295161,1049184,14,450839552,16384,345,57,0,0
460,482295161,1049184,15,480689920,65536,385,59,0,0
460,482295161,1049184,16,476521216,16384,329,59,0,0
461,483344345,1048184,0,482229504,65536,639,99,0,0
461,483344345,1048184,1,480689920,65536,524,80,0,0
461,483344345,1048184,2,482295296,65536,501,79,0,0
461,483344345,1048184,3,478037504,65536,501,79,0,0
461,483344345,1048184,4,471245824,65536,458,74,0,0
461,483344345,1048184,5,476005120,16384,394,62,0,0
461,483344345,1048184,6,470223872,16384,383,63,0,0
461,483344345,1048184,7,451355648,16384,359,59,0,0
461,483344345,1048184,8,473365504,16384,320,54,0,0
461,483344345,1048184,9,451888640,65536,303,45,0,0
461,483344345,1048184,10,474891264,65536,278,46,0,0
461,483344345,1048184,11,465519616,16384,263,53,0,0
461,483344345,1048184,12,481738240,65536,554,88,0,0
461,483344345,1048184,13,483278592,65536,349,55,0,0
461,483344345,1048184,14,477053952,16384,327,53,0,0
462,484392529,1050368,0,483860224,16384,586,102,0,0
462,484392529,1050368,1,481246976,65536,443,67,0,0
462,484392529,1050368,2,477053952,16384,384,66,0,0
462,484392529,1050368,3,480689920,65536,373,59,0,0
462,484392529,1050368,4,482295296,16384,354,66,0,0
462,484392529,1050368,5,471276544,4096,364,78,0,0
462,484392529,1050368,6,476521216,16384,350,62,0,0
462,484392529,1050368,7,473365504,16384,333,57,0,0
462,484392529,1050368,8,451355648,16384,333,61,0,0
462,484392529,1050368,9,461325824,16384,304,58,0,0
462,484392529,1050368,10,473898240,16384,292,50,0,0
462,484392529,1050368,11,448183552,65536,292,44,0,0
462,484392529,1050368,12,484326912,65536,537,83,0,0
462,484392529,1050368,13,482229504,65536,414,62,0,0
463,485442897,1047962,0,483860224,16384,573,99,0,0
463,485442897,1047962,1,473365504,16384,482,80,0,0
463,485442897,1047962,2,484909568,16384,423,69,0,0
463,485442897,1047962,3,481738240,65536,436,72,0,0
463,485442897,1047962,4,451355648,16384,455,77,0,0
463,485442897,1047962,5,473898240,16384,445,79,0,0
463,485442897,1047962,6,482295296,65536,378,62,0,0
463,485442897,1047962,7,480689920,65536,379,59,0,0
463,485442897,1047962,8,462369792,4096,365,71,0,0
463,485442897,1047962,9,476521216,16384,359,67,0,0
463,485442897,1047962,10,452410368,4096,337,69,0,0
463,485442897,1047962,11,471276544,4096,326,66,0,0
463,485442897,1047962,12,483344384,65536,539,87,0,0
463,485442897,1047962,13,482278656,16384,435,77,0,0
464,486490859,1049387,0,484326912,65536,765,119,0,0
464,486490859,1049387,1,485934080,65536,743,121,0,0
464,486490859,1049387,2,482229504,65536,570,88,0,0
464,486490859,1049387,3,484909568,16384,554,94,0,0
464,486490859,1049387,4,480689920,65536,471,75,0,0
464,486490859,1049387,5,477053952,16384,427,75,0,0
464,486490859,1049387,6,462369792,4096,419,85,0,0
464,486490859,1049387,7,482295296,65536,368,56,0,0
464,486490859,1049387,8,451888640,65536,371,59,0,0
464,486490859,1049387,9,476521216,16384,360,62,0,0
464,486490859,1049387,10,447690496,65536,364,60,0,0
464,486490859,1049387,11,471276544,4096,343,71,0,0
464,486490859,1049387,12,483860224,16384,674,120,0,0
464,486490859,1049387,13,481246976,65536,566,92,0,0
465,487540246,1047893,0,486982656,65536,880,148,0,0
465,487540246,1047893,1,483860224,16384,805,137,0,0
465,487540246,1047893,2,484909568,16384,758,124,0,0
465,487540246,1047893,3,481246976,65536,601,95,0,0
465,487540246,1047893,4,480689920,65536,532,86,0,0
465,487540246,1047893,5,485934080,65536,491,77,0,0
465,487540246,1047893,6,447690496,65536,512,82,0,0
465,487540246,1047893,7,482295296,65536,428,68,0,0
465,487540246,1047893,8,451888640,65536,365,59,0,0
465,487540246,1047893,9,461325824,16384,330,60,0,0
465,487540246,1047893,10,477037312,16384,310,54,0,0
465,487540246,1047893,11,451355648,16384,308,52,0,0
465,487540246,1047893,12,484326912,65536,708,112,0,0
466,488588139,1047723,0,484909568,16384,579,93,0,0
466,488588139,1047723,1,484326912,65536,572,92,0,0
466,488588139,1047723,2,482229504,65536,520,86,0,0
466,488588139,1047723,3,488571648,16384,493,85,0,0
466,488588139,1047723,4,485934080,65536,486,84,0,0
466,488588139,1047723,5,486982656,65536,428,70,0,0
466,488588139,1047723,6,482295296,65536,439,69,0,0
466,488588139,1047723,7,447690496,65536,424,64,0,0
466,488588139,1047723,8,480714496,16384,361,61,0,0
466,488588139,1047723,9,477037312,16384,308,58,0,0
466,488588139,1047723,10,451888640,65536,298,46,0,0
466,488588139,1047723,11,473898240,4096,265,51,0,0
467,489635862,1048909,0,478103296,65536,496,76,9,9
467,489635862,1048909,1,479642624,65536,304,46,9,9
467,489635862,1048909,2,443983104,65536,214,36,9,9
467,489635862,1048909,3,443424512,65536,73,13,9,9
467,489635862,1048909,4,16797952,4096,79,17,9,9
467,489635862,1048909,5,13641728,16384,78,12,9,9
467,489635862,1048909,6,411958528,65536,76,14,9,9
467,489635862,1048909,7,121671680,4096,69,17,9,9
467,489635862,1048909,8,441876224,65536,64,12,9,9
467,489635862,1048909,9,412024320,65536,64,12,9,9
467,489635862,1048909,10,415167744,65536,64,12,9,9
467,489635862,1048909,11,399381248,65536,64,12,9,9
468,490684771,1048061,0,489079296,65536,831,129,0,0
468,490684771,1048061,1,485934080,65536,791,131,0,0
468,490684771,1048061,2,487474688,65536,539,85,0,0
468,490684771,1048061,3,487540480,65536,494,84,0,0
468,490684771,1048061,4,484392704,65536,452,68,0,0
468,490684771,1048061,5,484326912,65536,459,71,0,0
468,490684771,1048061,6,481246976,65536,391,63,0,0
468,490684771,1048061,7,482295296,65536,366,56,0,0
468,490684771,1048061,8,480714496,16384,362,62,0,0
468,490684771,1048061,9,451888640,65536,339,51,0,0
468,490684771,1048061,10,462369792,4096,327,69,0,0
468,490684771,1048061,11,448183552,65536,329,55,0,0
469,491732832,1048181,0,456082944,16384,540,96,10,10
469,491732832,1048181,1,469151232,65536,358,58,10,10
469,491732832,1048181,2,468643328,16384,302,54,10,10
469,491732832,1048181,3,467056640,65536,279,45,10,10
469,491732832,1048181,4,445031168,65536,265,41,10,10
469,491732832,1048181,5,463421696,65536,265,41,10,10
469,491732832,1048181,6,450822912,16384,246,42,10,10
469,491732832,1048181,7,459223296,4096,207,43,10,10
469,491732832,1048181,8,456017152,65536,184,32,10,10
469,491732832,1048181,9,445586688,65536,181,29,10,10
469,491732832,1048181,10,472292608,65536,144,24,10,10
469,491732832,1048181,11,406724352,65536,158,26,10,10
470,492781013,1047740,0,489079296,65536,1013,159,0,0
470,492781013,1047740,1,485934080,65536,1010,164,0,0
470,492781013,1047740,2,491667200,65536,651,101,0,0
470,492781013,1047740,3,487474688,65536,643,103,0,0
470,492781013,1047740,4,487540480,65536,536,90,0,0
470,492781013,1047740,5,484326912,65536,517,83,0,0
470,492781013,1047740,6,451888640,65536,502,78,0,0
470,492781013,1047740,7,451355648,16384,496,84,0,0
470,492781013,1047740,8,480714496,16384,431,77,0,0
470,492781013,1047740,9,482295296,65536,383,61,0,0
470,492781013,1047740,10,447690496,65536,370,58,0,0
470,492781013,1047740,11,477037312,16384,351,67,0,0
471,493828753,1049457,0,493272064,65536,965,149,0,0
471,493828753,1049457,1,489079296,65536,983,149,0,0
471,493828753,1049457,2,485934080,65536,782,122,0,0
471,493828753,1049457,3,451355648,16384,727,119,0,0
471,493828753,1049457,4,491667200,65536,643,97,0,0
471,493828753,1049457,5,488571648,16384,504,90,0,0
471,493828753,1049457,6,486982656,65536,436,76,0,0
471,493828753,1049457,7,451888640,65536,369,55,0,0
471,493828753,1049457,8,483278592,65536,340,52,0,0
471,493828753,1049457,9,480714496,16384,344,56,0,0
471,493828753,1049457,10,447690496,65536,343,53,0,0
471,493828753,1049457,11,466563840,4096,311,67,0,0
472,494878210,1048247,0,493272064,65536,819,135,0,0
472,494878210,1048247,1,485934080,65536,800,134,0,0
472,494878210,1048247,2,489079296,65536,687,113,0,0
472,494878210,1048247,3,494320640,65536,634,104,0,0
472,494878210,1048247,4,491667200,65536,561,93,0,0
472,494878210,1048247,5,451355648,16384,518,94,0,0
472,494878210,1048247,6,480714496,16384,425,75,0,0
472,494878210,1048247,7,488571648,16384,412,76,0,0
472,494878210,1048247,8,487013376,4096,360,70,0,0
472,494878210,1048247,9,462369792,4096,367,71,0,0
472,494878210,1048247,10,451888640,65536,347,57,0,0
472,494878210,1048247,11,448183552,65536,325,53,0,0
473,495926457,1048643,0,493272064,65536,723,111,0,0
473,495926457,1048643,1,494320640,65536,583,99,0,0
473,495926457,1048643,2,489079296,65536,520,78,0,0
473,495926457,1048643,3,494878464,16384,473,73,0,0
473,495926457,1048643,4,485934080,65536,474,80,0,0
473,495926457,1048643,5,491716352,16384,392,66,0,0
473,495926457,1048643,6,451355648,16384,406,68,0,0
473,495926457,1048643,7,488031488,65536,358,62,0,0
473,495926457,1048643,8,486982656,65536,343,61,0,0
473,495926457,1048643,9,451888640,65536,306,46,0,0
473,495926457,1048643,10,447690496,65536,298,46,0,0
473,495926457,1048643,11,461325824,4096,260,52,0,0
474,496975100,1048117,0,493272064,65536,628,102,0,0
474,496975100,1048117,1,495860736,65536,566,92,0,0
474,496975100,1048117,2,494320640,65536,527,89,0,0
474,496975100,1048117,3,485934080,65536,484,80,0,0
474,496975100,1048117,4,480714496,16384,456,76,0,0
474,496975100,1048117,5,489079296,65536,423,65,0,0
474,496975100,1048117,6,487013376,4096,393,77,0,0
474,496975100,1048117,7,451355648,16384,400,66,0,0
474,496975100,1048117,8,462369792,4096,358,70,0,0
474,496975100,1048117,9,488571648,16384,350,66,0,0
474,496975100,1048117,10,491716352,16384,316,58,0,0
474,496975100,1048117,11,466035456,16384,307,51,0,0
475,498023217,1048878,0,491732992,65536,417,63,10,10
475,498023217,1048878,1,456082944,16384,416,74,10,10
475,498023217,1048878,2,466568192,65536,385,59,10,10
475,498023217,1048878,3,469151232,65536,365,55,10,10
475,498023217,1048878,4,463421696,65536,356,54,10,10
475,498023217,1048878,5,472292608,65536,303,51,10,10
475,498023217,1048878,6,445031168,65536,278,42,10,10
475,498023217,1048878,7,450822912,16384,277,53,10,10
475,498023217,1048878,8,458179328,65536,252,38,10,10
475,498023217,1048878,9,456017152,65536,201,33,10,10
475,498023217,1048878,10,468133120,4096,191,35,10,10
475,498023217,1048878,11,445586688,65536,146,22,10,10
476,499072095,1047966,0,497957632,65536,658,106,0,0
476,499072095,1047966,1,493272064,65536,503,83,0,0
476,499072095,1047966,2,495860736,65536,484,80,0,0
476,499072095,1047966,3,493828864,65536,463,75,0,0
476,499072095,1047966,4,487013376,4096,453,87,0,0
476,499072095,1047966,5,488031488,65536,436,74,0,0
476,499072095,1047966,6,491716352,16384,377,67,0,0
476,499072095,1047966,7,496909312,65536,359,59,0,0
476,499072095,1047966,8,489079296,65536,367,59,0,0
476,499072095,1047966,9,462369792,4096,353,67,0,0
476,499072095,1047966,10,447690496,65536,350,58,0,0
476,499072095,1047966,11,451888640,16384,293,55,0,0
477,500120061,1048419,0,498006784,16384,685,113,0,0
477,500120061,1048419,1,500054272,65536,606,100,0,0
477,500120061,1048419,2,493272064,65536,603,97,0,0
477,500120061,1048419,3,494878464,16384,502,82,0,0
477,500120061,1048419,4,488588288,4096,439,87,0,0
477,500120061,1048419,5,496909312,65536,435,67,0,0
477,500120061,1048419,6,491667200,65536,402,62,0,0
477,500120061,1048419,7,488031488,65536,399,67,0,0
477,500120061,1048419,8,452410368,4096,320,66,0,0
477,500120061,1048419,9,487007232,16384,309,55,0,0
477,500120061,1048419,10,459749888,4096,312,66,0,0
477,500120061,1048419,11,493828864,65536,294,44,0,0
478,501168480,1047973,0,498006784,16384,786,128,0,0
478,501168480,1047973,1,500120064,65536,732,116,0,0
478,501168480,1047973,2,500054272,65536,524,86,0,0
478,501168480,1047973,3,495369472,65536,394,62,0,0
478,501168480,1047973,4,496958464,16384,369,63,0,0
478,501168480,1047973,5,488588288,16384,363,65,0,0
478,501168480,1047973,6,491200512,16384,290,50,0,0
478,501168480,1047973,7,486982656,65536,292,52,0,0
478,501168480,1047973,8,451888640,16384,285,55,0,0
478,501168480,1047973,9,493763072,65536,271,43,0,0
478,501168480,1047973,10,493828864,65536,264,40,0,0
478,501168480,1047973,11,462369792,4096,260,48,0,0
479,502216453,1049001,0,500120064,65536,702,110,0,0
479,502216453,1049001,1,498006784,16384,673,111,0,0
479,502216453,1049001,2,500054272,65536,515,85,0,0
479,502216453,1049001,3,502150912,65536,380,62,0,0
479,502216453,1049001,4,487013376,4096,331,73,0,0
479,502216453,1049001,5,452410368,4096,322,64,0,0
479,502216453,1049001,6,496958464,16384,310,56,0,0
479,502216453,1049001,7,450839552,16384,302,52,0,0
479,502216453,1049001,8,488588288,16384,295,55,0,0
479,502216453,1049001,9,495369472,65536,279,43,0,0
479,502216453,1049001,10,484909568,16384,269,51,0,0
479,502216453,1049001,11,464986624,16384,269,51,0,0
480,503265454,1048905,0,456082944,16384,568,100,10,10
480,503265454,1048905,1,491732992,65536,534,84,10,10
480,503265454,1048905,2,499006464,65536,473,77,10,10
480,503265454,1048905,3,469151232,65536,451,73,10,10
480,503265454,1048905,4,467056640,65536,337,55,10,10
480,503265454,1048905,5,458179328,65536,315,51,10,10
480,503265454,1048905,6,468643328,16384,317,57,10,10
480,503265454,1048905,7,450822912,16384,321,57,10,10
480,503265454,1048905,8,456017152,65536,296,50,10,10
480,503265454,1048905,9,445031168,65536,268,42,10,10
480,503265454,1048905,10,472292608,65536,229,41,10,10
480,503265454,1048905,11,406724352,65536,257,43,10,10
481,504314359,1048508,0,453985536,65536,163,25,6,6
481,504314359,1048508,1,449774848,16384,112,20,6,6
481,504314359,1048508,2,423541248,4096,102,20,6,6
481,504314359,1048508,3,408814592,65536,102,20,6,6
481,504314359,1048508,4,447673856,16384,68,12,6,6
481,504314359,1048508,5,104353536,65536,77,15,6,6
481,504314359,1048508,6,219110656,65536,77,15,6,6
481,504314359,1048508,7,277788672,65536,77,15,6,6
481,504314359,1048508,8,47719680,65536,77,15,6,6
481,504314359,1048508,9,295651584,65536,77,15,6,6
481,504314359,1048508,10,109043456,65536,77,15,6,6
481,504314359,1048508,11,214903552,16384,77,15,6,6
482,505362867,1048252,0,491732992,65536,455,71,10,10
482,505362867,1048252,1,499006464,65536,430,68,10,10
482,505362867,1048252,2,456082944,16384,408,74,10,10
482,505362867,1048252,3,469151232,65536,364,56,10,10
482,505362867,1048252,4,466568192,65536,319,51,10,10
482,505362867,1048252,5,445031168,65536,326,52,10,10
482,505362867,1048252,6,468643328,16384,296,56,10,10
482,505362867,1048252,7,450822912,16384,304,54,10,10
482,505362867,1048252,8,464404736,65536,243,39,10,10
482,505362867,1048252,9,456017152,65536,196,34,10,10
482,505362867,1048252,10,472292608,65536,193,33,10,10
482,505362867,1048252,11,459223296,4096,186,40,10,10
483,506411119,1048772,0,491732992,65536,607,95,10,10
483,506411119,1048772,1,505854208,65536,483,77,10,10
483,506411119,1048772,2,456082944,16384,497,83,10,10
483,506411119,1048772,3,499006464,65536,455,69,10,10
483,506411119,1048772,4,469151232,65536,314,48,10,10
483,506411119,1048772,5,456017152,65536,304,50,10,10
483,506411119,1048772,6,503787776,4096,255,41,10,10
483,506411119,1048772,7,450773760,65536,272,44,10,10
483,506411119,1048772,8,466568192,65536,228,36,10,10
483,506411119,1048772,9,468643328,16384,230,42,10,10
483,506411119,1048772,10,463913216,65536,241,39,10,10
483,506411119,1048772,11,445031168,65536,220,32,10,10
484,507459891,1047773,0,478103296,65536,443,69,9,9
484,507459891,1047773,1,479642624,65536,408,64,9,9
484,507459891,1047773,2,490619136,65536,295,45,9,9
484,507459891,1047773,3,443983104,65536,226,34,9,9
484,507459891,1047773,4,13641728,16384,194,34,9,9
484,507459891,1047773,5,411958528,65536,178,32,9,9
484,507459891,1047773,6,415167744,16384,125,23,9,9
484,507459891,1047773,7,16797952,16384,125,23,9,9
484,507459891,1047773,8,272595968,16384,125,23,9,9
484,507459891,1047773,9,442438656,65536,115,21,9,9
484,507459891,1047773,10,441876224,65536,115,21,9,9
484,507459891,1047773,11,374815232,16384,115,21,9,9
485,508507664,1048084,0,506411264,65536,541,85,10,10
485,508507664,1048084,1,499006464,65536,507,83,10,10
485,508507664,1048084,2,456082944,16384,505,93,10,10
485,508507664,1048084,3,505878784,16384,380,64,10,10
485,508507664,1048084,4,450822912,16384,327,59,10,10
485,508507664,1048084,5,469691648,16384,294,54,10,10
485,508507664,1048084,6,503787776,4096,287,51,10,10
485,508507664,1048084,7,456017152,65536,260,46,10,10
485,508507664,1048084,8,492224000,65536,239,41,10,10
485,508507664,1048084,9,459223296,4096,223,49,10,10
485,508507664,1048084,10,468643328,16384,222,46,10,10
485,508507664,1048084,11,467081216,16384,214,38,10,10
486,509555748,1047394,0,456082944,16384,413,71,10,10
486,509555748,1047394,1,499006464,65536,368,54,10,10
486,509555748,1047394,2,505878784,16384,348,58,10,10
486,509555748,1047394,3,506411264,65536,310,44,10,10
486,509555748,1047394,4,492764416,16384,271,47,10,10
486,509555748,1047394,5,469691648,16384,257,45,10,10
486,509555748,1047394,6,466568192,4096,258,52,10,10
486,509555748,1047394,7,503781632,16384,220,34,10,10
486,509555748,1047394,8,445031168,65536,242,36,10,10
486,509555748,1047394,9,450822912,16384,235,41,10,10
486,509555748,1047394,10,508998912,65536,189,27,10,10
486,509555748,1047394,11,472292608,65536,200,34,10,10
487,510603142,1048535,0,500120064,65536,615,97,0,0
487,510603142,1048535,1,496975104,65536,563,89,0,0
487,510603142,1048535,2,502216704,65536,481,75,0,0
487,510603142,1048535,3,500054272,65536,450,74,0,0
487,510603142,1048535,4,451888640,65536,420,66,0,0
487,510603142,1048535,5,451355648,16384,387,65,0,0
487,510603142,1048535,6,493272064,65536,354,56,0,0
487,510603142,1048535,7,485934080,65536,340,56,0,0
487,510603142,1048535,8,501168640,65536,318,50,0,0
487,510603142,1048535,9,448183552,65536,318,50,0,0
487,510603142,1048535,10,461325824,16384,296,58,0,0
487,510603142,1048535,11,493828864,65536,237,37,0,0
488,511651677,1048310,0,505854208,65536,518,88,10,10
488,511651677,1048310,1,491732992,65536,398,66,10,10
488,511651677,1048310,2,456082944,16384,397,69,10,10
488,511651677,1048310,3,506411264,65536,365,59,10,10
488,511651677,1048310,4,508998912,65536,339,57,10,10
488,511651677,1048310,5,498023424,16384,310,56,10,10
488,511651677,1048310,6,469151232,65536,275,45,10,10
488,511651677,1048310,7,510537472,65536,246,40,10,10
488,511651677,1048310,8,444541696,4096,248,46,10,10
488,511651677,1048310,9,468643328,16384,224,42,10,10
488,511651677,1048310,10,467056640,65536,216,38,10,10
488,511651677,1048310,11,463913216,65536,221,37,10,10
489,512699987,1048981,0,505878784,16384,432,72,10,10
489,512699987,1048981,1,444541696,4096,390,72,10,10
489,512699987,1048981,2,499006464,65536,373,57,10,10
489,512699987,1048981,3,456082944,16384,361,61,10,10
489,512699987,1048981,4,510537472,65536,354,54,10,10
489,512699987,1048981,5,506411264,65536,335,51,10,10
489,512699987,1048981,6,491732992,65536,334,52,10,10
489,512699987,1048981,7,466568192,16384,271,49,10,10
489,512699987,1048981,8,508998912,65536,241,37,10,10
489,512699987,1048981,9,450822912,16384,251,45,10,10
489,512699987,1048981,10,472783872,65536,213,33,10,10
489,512699987,1048981,11,469691648,16384,206,34,10,10
490,513748968,1047901,0,502216704,65536,657,103,0,0
490,513748968,1047901,1,500120064,65536,603,95,0,0
490,513748968,1047901,2,510603264,16384,569,95,0,0
490,513748968,1047901,3,501659648,65536,545,91,0,0
490,513748968,1047901,4,500054272,65536,493,81,0,0
490,513748968,1047901,5,498006784,16384,476,78,0,0
490,513748968,1047901,6,493272064,65536,374,64,0,0
490,513748968,1047901,7,494878464,4096,358,64,0,0
490,513748968,1047901,8,488588288,16384,360,66,0,0
490,513748968,1047901,9,447690496,65536,343,53,0,0
490,513748968,1047901,10,496448512,4096,285,53,0,0
490,513748968,1047901,11,491200512,16384,276,50,0,0
491,514796869,1048256,0,500120064,65536,747,117,0,0
491,514796869,1048256,1,502216704,65536,727,111,0,0
491,514796869,1048256,2,514731264,65536,657,99,0,0
491,514796869,1048256,3,500054272,65536,620,102,0,0
491,514796869,1048256,4,510603264,16384,558,94,0,0
491,514796869,1048256,5,501659648,65536,510,80,0,0
491,514796869,1048256,6,497957632,65536,447,69,0,0
491,514796869,1048256,7,447690496,65536,330,52,0,0
491,514796869,1048256,8,487013376,4096,317,65,0,0
491,514796869,1048256,9,451884288,4096,281,59,0,0
491,514796869,1048256,10,493272064,65536,257,43,0,0
491,514796869,1048256,11,488588288,16384,260,46,0,0
492,515845125,1049095,0,502216704,65536,760,118,0,0
492,515845125,1049095,1,500120064,65536,705,109,0,0
492,515845125,1049095,2,515828736,16384,645,103,0,0
492,515845125,1049095,3,514731264,65536,552,90,0,0
492,515845125,1049095,4,501659648,65536,484,76,0,0
492,515845125,1049095,5,510603264,16384,508,88,0,0
492,515845125,1049095,6,447690496,65536,468,70,0,0
492,515845125,1049095,7,487013376,4096,430,86,0,0
492,515845125,1049095,8,499587840,16384,395,71,0,0
492,515845125,1049095,9,496975104,4096,318,66,0,0
492,515845125,1049095,10,459749888,4096,310,70,0,0
492,515845125,1049095,11,450839552,16384,313,53,0,0
493,516894220,1049390,0,516828672,65536,734,114,0,0
493,516894220,1049390,1,500611328,65536,679,107,0,0
493,516894220,1049390,2,515828736,16384,624,104,0,0
493,516894220,1049390,3,513748992,65536,608,96,0,0
493,516894220,1049390,4,502216704,65536,617,99,0,0
493,516894220,1049390,5,499587840,16384,567,105,0,0
493,516894220,1049390,6,501684224,16384,478,90,0,0
493,516894220,1049390,7,488588288,16384,440,80,0,0
493,516894220,1049390,8,510603264,16384,440,74,0,0
493,516894220,1049390,9,487007232,16384,421,77,0,0
493,516894220,1049390,10,496975104,16384,379,77,0,0
493,516894220,1049390,11,450839552,16384,363,65,0,0
494,517943610,1047909,0,516894464,16384,965,161,0,0
494,517943610,1047909,1,516828672,65536,711,109,0,0
494,517943610,1047909,2,514731264,65536,607,95,0,0
494,517943610,1047909,3,515828736,16384,533,87,0,0
494,517943610,1047909,4,500635904,16384,462,74,0,0
494,517943610,1047909,5,501690368,4096,434,94,0,0
494,517943610,1047909,6,488588288,4096,410,84,0,0
494,517943610,1047909,7,499587840,16384,390,68,0,0
494,517943610,1047909,8,487013376,4096,388,80,0,0
494,517943610,1047909,9,511094528,65536,372,56,0,0
494,517943610,1047909,10,502216704,65536,344,52,0,0
494,517943610,1047909,11,452410368,4096,297,59,0,0
495,518991519,1048192,0,516894464,16384,652,112,0,0
495,518991519,1048192,1,499587840,16384,506,90,0,0
495,518991519,1048192,2,518925824,65536,465,71,0,0
495,518991519,1048192,3,515828736,16384,477,81,0,0
495,518991519,1048192,4,516828672,65536,439,69,0,0
495,518991519,1048192,5,451888640,65536,432,66,0,0
495,518991519,1048192,6,448183552,65536,409,65,0,0
495,518991519,1048192,7,498019072,4096,359,69,0,0
495,518991519,1048192,8,514264576,16384,343,65,0,0
495,518991519,1048192,9,502732800,16384,324,62,0,0
495,518991519,1048192,10,461325824,16384,322,56,0,0
495,518991519,1048192,11,493272064,65536,296,50,0,0
496,520039711,1049031,0,516894464,16384,932,156,0,0
496,520039711,1049031,1,516828672,65536,711,115,0,0
496,520039711,1049031,2,518925824,65536,685,107,0,0
496,520039711,1049031,3,514731264,65536,584,92,0,0
496,520039711,1049031,4,515828736,16384,522,88,0,0
496,520039711,1049031,5,499563264,65536,431,65,0,0
496,520039711,1049031,6,519974144,65536,407,71,0,0
496,520039711,1049031,7,500611328,65536,370,56,0,0
496,520039711,1049031,8,447690496,65536,369,59,0,0
496,520039711,1049031,9,501684224,16384,317,57,0,0
496,520039711,1049031,10,503248896,16384,297,53,0,0
496,520039711,1049031,11,496975104,16384,281,51,0,0
497,521088742,1048925,0,516894464,16384,814,136,0,0
497,521088742,1048925,1,520039936,65536,747,113,0,0
497,521088742,1048925,2,518925824,65536,727,113,0,0
497,521088742,1048925,3,516336896,65536,600,94,0,0
497,521088742,1048925,4,515779584,65536,531,83,0,0
497,521088742,1048925,5,519974144,65536,478,78,0,0
497,521088742,1048925,6,514240000,65536,460,70,0,0
497,521088742,1048925,7,499072256,4096,366,86,0,0
497,521088742,1048925,8,502212352,4096,339,67,0,0
497,521088742,1048925,9,447690496,65536,342,54,0,0
497,521088742,1048925,10,496975104,16384,291,57,0,0
497,521088742,1048925,11,450839552,16384,281,49,0,0
498,522137667,1048041,0,521580288,65536,682,102,0,0
498,522137667,1048041,1,520556032,16384,566,90,0,0
498,522137667,1048041,2,518925824,65536,570,86,0,0
498,522137667,1048041,3,516894464,16384,529,91,0,0
498,522137667,1048041,4,519482880,65536,350,58,0,0
498,522137667,1048041,5,515845376,65536,270,40,0,0
498,522137667,1048041,6,514797056,65536,249,37,0,0
498,522137667,1048041,7,499587840,16384,233,41,0,0
498,522137667,1048041,8,498019072,4096,225,45,0,0
498,522137667,1048041,9,447690496,65536,232,34,0,0
498,522137667,1048041,10,450839552,16384,227,37,0,0
498,522137667,1048041,11,502150912,65536,206,36,0,0
499,523185708,1047713,0,521580288,65536,722,112,0,0
499,523185708,1047713,1,522137856,16384,594,94,0,0
499,523185708,1047713,2,519482880,65536,573,91,0,0
499,523185708,1047713,3,520039936,65536,532,82,0,0
499,523185708,1047713,4,451355648,16384,452,76,0,0
499,523185708,1047713,5,516894464,16384,399,71,0,0
499,523185708,1047713,6,447690496,65536,393,59,0,0
499,523185708,1047713,7,451888640,65536,351,53,0,0
499,523185708,1047713,8,518925824,65536,350,56,0,0
499,523185708,1047713,9,494320640,65536,281,49,0,0
499,523185708,1047713,10,515845376,16384,286,54,0,0
499,523185708,1047713,11,499587840,16384,270,48,0,0
500,524233421,1037778,0,521580288,65536,660,102,0,0
500,524233421,1037778,1,516894464,16384,652,112,0,0
500,524233421,1037778,2,522137856,65536,564,88,0,0
500,524233421,1037778,3,523701248,16384,520,90,0,0
500,524233421,1037778,4,520039936,65536,412,66,0,0
500,524233421,1037778,5,519482880,65536,358,60,0,0
500,524233421,1037778,6,451355648,16384,360,62,0,0
500,524233421,1037778,7,501684224,16384,347,63,0,0
500,524233421,1037778,8,448183552,65536,319,51,0,0
500,524233421,1037778,9,516877824,16384,283,51,0,0
500,524233421,1037778,10,518925824,65536,262,42,0,0
500,524233421,1037778,11,471276544,4096,264,56,0,0
501,525271199,1046106,0,505297152,65536,229,35,6,6
501,525271199,1046106,1,447624704,65536,192,30,6,6
501,525271199,1046106,2,453985536,65536,138,22,6,6
501,525271199,1046106,3,449774848,16384,106,18,6,6
501,525271199,1046106,4,423541248,4096,115,21,6,6
501,525271199,1046106,5,420382976,16384,106,18,6,6
501,525271199,1046106,6,46694144,16384,106,18,6,6
501,525271199,1046106,7,421448704,16384,106,18,6,6
501,525271199,1046106,8,298798848,65536,106,18,6,6
501,525271199,1046106,9,373238016,16384,106,18,6,6
501,525271199,1046106,10,40937216,16384,106,18,6,6
501,525271199,1046106,11,417771520,16384,106,18,6,6
502,526317305,1047880,0,505297152,65536,301,49,6,6
502,526317305,1047880,1,447624704,65536,215,35,6,6
502,526317305,1047880,2,525761280,65536,150,24,6,6
502,526317305,1047880,3,449774848,16384,175,29,6,6
502,526317305,1047880,4,454477056,65536,113,19,6,6
502,526317305,1047880,5,47719680,65536,40,6,6,6
502,526317305,1047880,6,408814592,65536,40,6,6,6
502,526317305,1047880,7,104353536,65536,40,6,6,6
502,526317305,1047880,8,109043456,65536,40,6,6,6
502,526317305,1047880,9,423541248,4096,27,5,6,6
502,526317305,1047880,10,234293504,1024,16,4,6,6
502,526317305,1047880,11,107529728,1024,15,3,6,6
503,527365185,1048580,0,505854208,65536,596,106,10,10
503,527365185,1048580,1,508998912,65536,594,106,10,10
503,527365185,1048580,2,491732992,65536,581,103,10,10
503,527365185,1048580,3,511651840,16384,539,97,10,10
503,527365185,1048580,4,469151232,65536,524,94,10,10
503,527365185,1048580,5,458179328,65536,524,94,10,10
503,527365185,1048580,6,467056640,65536,524,94,10,10
503,527365185,1048580,7,463913216,65536,524,94,10,10
503,527365185,1048580,8,62403072,65536,524,94,10,10
503,527365185,1048580,9,56115712,65536,524,94,10,10
503,527365185,1048580,10,98619904,65536,509,89,10,10
503,527365185,1048580,11,110650368,65536,509,89,10,10
505,529462376,1048479,0,527881216,16384,2316,422,10,10
505,529462376,1048479,1,508998912,65536,730,130,10,10
505,529462376,1048479,2,511651840,16384,730,130,10,10
505,529462376,1048479,3,505854208,65536,730,130,10,10
505,529462376,1048479,4,62403072,65536,730,130,10,10
505,529462376,1048479,5,56115712,65536,730,130,10,10
505,529462376,1048479,6,42508288,4096,637,145,10,10
505,529462376,1048479,7,143680512,4096,610,142,10,10
505,529462376,1048479,8,98619904,65536,575,105,10,10
505,529462376,1048479,9,312435712,65536,575,105,10,10
505,529462376,1048479,10,110650368,65536,575,105,10,10
505,529462376,1048479,11,342861568,65536,575,105,10,10
506,530510855,1048352,0,13641728,16384,743,127,9,9
506,530510855,1048352,1,490127616,65536,499,83,9,9
506,530510855,1048352,2,389947392,65536,499,83,9,9
506,530510855,1048352,3,507951104,65536,499,83,9,9
506,530510855,1048352,4,196540416,65536,499,83,9,9
506,530510855,1048352,5,478103296,16384,499,83,9,9
506,530510855,1048352,6,3080960,65536,499,83,9,9
506,530510855,1048352,7,428723200,65536,499,83,9,9
506,530510855,1048352,8,163535616,65536,403,65,9,9
506,530510855,1048352,9,121119232,65536,403,65,9,9
506,530510855,1048352,10,193882112,65536,403,65,9,9
506,530510855,1048352,11,400429312,65536,403,65,9,9
507,531559207,1048646,0,531493632,65536,726,120,9,9
507,531559207,1048646,1,13641728,16384,323,55,9,9
507,531559207,1048646,2,121119232,65536,283,45,9,9
507,531559207,1048646,3,163535616,65536,283,45,9,9
507,531559207,1048646,4,193882112,65536,283,45,9,9
507,531559207,1048646,5,400429312,65536,283,45,9,9
507,531559207,1048646,6,16797952,4096,246,54,9,9
507,531559207,1048646,7,3080960,65536,207,33,9,9
507,531559207,1048646,8,507951104,65536,207,33,9,9
507,531559207,1048646,9,478103296,16384,207,33,9,9
507,531559207,1048646,10,490127616,65536,207,33,9,9
507,531559207,1048646,11,441876224,65536,200,36,9,9
508,532607853,1048529,0,531559424,16384,768,130,9,9
508,532607853,1048529,1,530511104,65536,768,130,9,9
508,532607853,1048529,2,13641728,16384,371,61,9,9
508,532607853,1048529,3,16797952,4096,328,76,9,9
508,532607853,1048529,4,121119232,65536,309,53,9,9
508,532607853,1048529,5,163535616,65536,309,53,9,9
508,532607853,1048529,6,193882112,65536,309,53,9,9
508,532607853,1048529,7,400429312,65536,309,53,9,9
508,532607853,1048529,8,3080960,65536,257,41,9,9
508,532607853,1048529,9,507951104,65536,257,41,9,9
508,532607853,1048529,10,441876224,65536,202,36,9,9
508,532607853,1048529,11,442438656,65536,202,36,9,9
509,533656382,1047603,0,531559424,16384,596,98,9,9
509,533656382,1047603,1,531002368,65536,596,98,9,9
509,533656382,1047603,2,532608000,16384,340,56,9,9
509,533656382,1047603,3,13641728,16384,320,52,9,9
509,533656382,1047603,4,16797952,4096,234,52,9,9
509,533656382,1047603,5,121671680,4096,223,51,9,9
509,533656382,1047603,6,163535616,65536,223,35,9,9
509,533656382,1047603,7,193882112,65536,223,35,9,9
509,533656382,1047603,8,3080960,65536,203,31,9,9
509,533656382,1047603,9,507951104,65536,203,31,9,9
509,533656382,1047603,10,441876224,65536,170,32,9,9
509,533656382,1047603,11,442438656,65536,170,32,9,9
510,534703985,1048494,0,531559424,16384,642,104,9,9
510,534703985,1048494,1,530511104,16384,609,105,9,9
510,534703985,1048494,2,13641728,16384,374,66,9,9
510,534703985,1048494,3,532608000,16384,303,53,9,9
510,534703985,1048494,4,16797952,4096,281,67,9,9
510,534703985,1048494,5,121671680,4096,265,67,9,9
510,534703985,1048494,6,507951104,65536,239,39,9,9
510,534703985,1048494,7,3080960,65536,239,39,9,9
510,534703985,1048494,8,441876224,65536,235,39,9,9
510,534703985,1048494,9,442438656,65536,235,39,9,9
510,534703985,1048494,10,1048320,65536,235,39,9,9
510,534703985,1048494,11,534147328,65536,168,26,9,9
511,535752479,1045767,0,531559424,16384,729,127,9,9
511,535752479,1045767,1,532608000,16384,544,100,9,9
511,535752479,1045767,2,13641728,16384,410,74,9,9
511,535752479,1045767,3,534704128,16384,379,65,9,9
511,535752479,1045767,4,531002368,65536,379,65,9,9
511,535752479,1045767,5,534147328,65536,350,62,9,9
511,535752479,1045767,6,121119232,65536,350,62,9,9
511,535752479,1045767,7,163535616,65536,350,62,9,9
511,535752479,1045767,8,193882112,65536,350,62,9,9
511,535752479,1045767,9,16797952,4096,230,52,9,9
511,535752479,1045767,10,3080960,65536,216,36,9,9
511,535752479,1045767,11,490152192,16384,194,38,9,9
512,536798246,1049206,0,529978368,16384,232,40,10,10
512,536798246,1049206,1,527881216,16384,232,40,10,10
512,536798246,1049206,2,42968832,65536,96,16,10,10
512,536798246,1049206,3,505878784,16384,96,16,10,10
512,536798246,1049206,4,508507904,16384,96,16,10,10
512,536798246,1049206,5,62403072,65536,83,13,10,10
512,536798246,1049206,6,56115712,65536,83,13,10,10
512,536798246,1049206,7,102809600,4096,53,11,10,10
512,536798246,1049206,8,208625920,4096,53,11,10,10
512,536798246,1049206,9,64530688,16384,53,11,10,10
512,536798246,1049206,10,343958528,16384,53,11,10,10
512,536798246,1049206,11,82362624,16384,53,11,10,10
513,537847452,1054600,0,13641728,16384,41,7,9,9
513,537847452,1054600,1,531002368,65536,24,4,9,9
513,537847452,1054600,2,534704128,16384,24,4,9,9
513,537847452,1054600,3,531559424,16384,24,4,9,9
513,537847452,1054600,4,3080960,65536,24,4,9,9
513,537847452,1054600,5,16797952,4096,23,5,9,9
513,537847452,1054600,6,121671680,4096,20,4,9,9
513,537847452,1054600,7,532608000,16384,17,3,9,9
513,537847452,1054600,8,415167744,16384,17,3,9,9
513,537847452,1054600,9,490152192,16384,17,3,9,9
513,537847452,1054600,10,272608256,4096,17,3,9,9
513,537847452,1054600,11,156259072,4096,13,3,9,9
514,538902052,946727,0,531002368,65536,81,13,9,9
514,538902052,946727,1,531559424,16384,81,13,9,9
514,538902052,946727,2,534704128,16384,81,13,9,9
514,538902052,946727,3,538341888,65536,60,10,9,9
514,538902052,946727,4,533099264,65536,60,10,9,9
514,538902052,946727,5,1048320,65536,60,10,9,9
514,538902052,946727,6,13641728,16384,26,4,9,9
514,538902052,946727,7,3080960,65536,21,3,9,9
514,538902052,946727,8,16797952,4096,13,3,9,9
514,538902052,946727,9,181910016,4096,8,2,9,9
514,538902052,946727,10,120628224,4096,8,2,9,9
514,538902052,946727,11,146842112,4096,8,2,9,9
514,538902052,946727,12,535686912,65536,81,13,9,9
515,539848779,1020241,0,539783168,65536,12,2,9,9
515,539848779,1020241,1,24139264,256,4,2,9,9
515,539848779,1020241,2,479674880,1024,4,2,9,9
515,539848779,1020241,3,507983360,1024,4,2,9,9
515,539848779,1020241,4,194999552,256,4,2,9,9
515,539848779,1020241,5,531558144,1024,3,1,9,9
515,539848779,1020241,6,535752704,1024,3,1,9,9
515,539848779,1020241,7,532606720,1024,3,1,9,9
515,539848779,1020241,8,24139264,1024,4,2,9,9
515,539848779,1020241,9,194999552,1024,4,2,9,9
516,540869020,1239141,0,539848960,4096,104,18,9,9
516,540869020,1239141,1,534704128,4096,10,2,9,9
516,540869020,1239141,2,16797952,4096,10,2,9,9
516,540869020,1239141,3,181910016,4096,10,2,9,9
516,540869020,1239141,4,120628224,4096,10,2,9,9
516,540869020,1239141,5,146842112,4096,10,2,9,9
516,540869020,1239141,6,159930880,4096,10,2,9,9
516,540869020,1239141,7,166214656,4096,10,2,9,9
516,540869020,1239141,8,539374848,1024,6,2,9,9
516,540869020,1239141,9,538372608,4096,3,1,9,9
516,540869020,1239141,10,535752704,4096,3,1,9,9
516,540869020,1239141,11,164123136,1024,3,1,9,9
516,540869020,1239141,12,539848960,16384,104,18,9,9
516,540869020,1239141,13,121671680,4096,10,2,9,9
516,540869020,1239141,14,536273408,4096,3,1,9,9
516,540869020,1239141,15,164123392,256,3,1,9,9
517,542108161,900155,0,539848960,4096,244,58,9,9
517,542108161,900155,1,531002368,65536,21,3,9,9
517,542108161,900155,2,531559424,16384,21,3,9,9
517,542108161,900155,3,534704128,16384,21,3,9,9
517,542108161,900155,4,13641728,16384,21,3,9,9
517,542108161,900155,5,3080960,65536,21,3,9,9
517,542108161,900155,6,121674752,1024,9,3,9,9
517,542108161,900155,7,16271616,4096,5,1,9,9
517,542108161,900155,8,533129984,4096,5,1,9,9
517,542108161,900155,9,16797952,4096,5,1,9,9
517,542108161,900155,10,27812352,4096,5,1,9,9
517,542108161,900155,11,151548160,4096,5,1,9,9
517,542108161,900155,12,531559424,65536,21,3,9,9
517,542108161,900155,13,535219968,16384,21,3,9,9
517,542108161,900155,14,27813888,1024,5,1,9,9
518,543008316,991756,0,542942720,65536,132,20,9,9
518,543008316,991756,1,540356864,4096,18,4,9,9
518,543008316,991756,2,46159872,16384,17,3,9,9
518,543008316,991756,3,27812352,4096,5,1,9,9
518,543008316,991756,4,156259072,4096,5,1,9,9
518,543008316,991756,5,322993408,4096,5,1,9,9
518,543008316,991756,6,16271616,4096,5,1,9,9
518,543008316,991756,7,16797952,4096,5,1,9,9
518,543008316,991756,8,174590464,4096,5,1,9,9
518,543008316,991756,9,398390784,4096,5,1,9,9
518,543008316,991756,10,540358656,256,1,1,9,9
518,543008316,991756,11,27813888,1024,5,1,9,9
519,544000072,1046560,0,13641728,16384,103,17,9,9
519,544000072,1046560,1,531559424,16384,98,16,9,9
519,544000072,1046560,2,531002368,65536,86,14,9,9
519,544000072,1046560,3,534704128,16384,86,14,9,9
519,544000072,1046560,4,3080960,65536,54,8,9,9
519,544000072,1046560,5,532608000,16384,49,9,9,9
519,544000072,1046560,6,490152192,16384,49,9,9,9
519,544000072,1046560,7,16797952,16384,49,9,9,9
519,544000072,1046560,8,272608256,4096,49,9,9,9
519,544000072,1046560,9,415167744,16384,49,9,9,9
519,544000072,1046560,10,121671680,4096,35,9,9,9
519,544000072,1046560,11,542108416,4096,32,6,9,9
520,545046632,1048587,0,529978368,16384,808,146,10,10
520,545046632,1048587,1,527881216,16384,808,146,10,10
520,545046632,1048587,2,62403072,65536,319,59,10,10
520,545046632,1048587,3,56115712,65536,319,59,10,10
520,545046632,1048587,4,42508288,4096,298,68,10,10
520,545046632,1048587,5,143680512,4096,293,69,10,10
520,545046632,1048587,6,5759488,16384,230,42,10,10
520,545046632,1048587,7,509023488,16384,230,42,10,10
520,545046632,1048587,8,343958528,16384,230,42,10,10
520,545046632,1048587,9,102809600,4096,230,42,10,10
520,545046632,1048587,10,208625920,4096,230,42,10,10
520,545046632,1048587,11,64530688,16384,230,42,10,10
521,546095219,1048565,0,528929792,16384,3115,595,1,1
521,546095219,1048565,1,528935936,4096,2783,547,1,1
522,547143784,1048619,0,546611200,16384,3279,617,1,1
522,547143784,1048619,1,528929792,16384,3273,615,1,1
522,547143784,1048619,2,546095360,16384,3253,613,1,1
522,547143784,1048619,3,528935936,4096,2842,550,1,1
523,548192403,1048565,0,547143936,16384,3029,569,1,1
523,548192403,1048565,1,528929792,16384,2928,552,1,1
523,548192403,1048565,2,546586624,65536,2018,372,1,1
523,548192403,1048565,3,547143936,4096,2955,605,1,1
523,548192403,1048565,4,528935936,4096,2522,492,1,1
523,548192403,1048565,5,546095360,16384,1816,340,1,1
524,549240968,1048632,0,548708352,16384,3250,618,1,1
524,549240968,1048632,1,528935936,4096,2678,518,1,1
524,549240968,1048632,2,547143936,4096,2193,481,1,1
524,549240968,1048632,3,546617344,4096,1647,345,1,1
524,549240968,1048632,4,548714496,4096,3222,644,1,1
524,549240968,1048632,5,529445888,16384,2157,399,1,1
524,549240968,1048632,6,548126720,65536,2103,389,1,1
524,549240968,1048632,7,546095360,4096,1140,274,1,1
525,550289600,1048564,0,549763072,4096,3610,706,1,1
525,550289600,1048564,1,548708352,16384,3129,587,1,1
525,550289600,1048564,2,528935936,4096,2856,564,1,1
525,550289600,1048564,3,546617344,4096,1712,360,1,1
525,550289600,1048564,4,548188160,4096,1301,327,1,1
525,550289600,1048564,5,549241088,16384,3129,587,1,1
525,550289600,1048564,6,548683776,65536,2138,396,1,1
525,550289600,1048564,7,529445888,16384,2274,418,1,1
525,550289600,1048564,8,546095360,4096,1131,265,1,1
525,550289600,1048564,9,547143936,4096,1267,287,1,1
526,551338164,1048610,0,550289664,16384,3492,674,1,1
526,551338164,1048610,1,549241088,16384,3378,648,1,1
526,551338164,1048610,2,528935936,4096,2733,537,1,1
526,551338164,1048610,3,548188160,4096,1210,304,1,1
526,551338164,1048610,4,548714496,4096,1044,240,1,1
526,551338164,1048610,5,546095360,4096,1000,240,1,1
526,551338164,1048610,6,551321600,16384,3132,598,1,1
526,551338164,1048610,7,549241088,65536,3153,601,1,1
526,551338164,1048610,8,529445888,16384,2277,429,1,1
526,551338164,1048610,9,547143936,4096,1077,253,1,1
526,551338164,1048610,10,548192512,1024,890,236,1,1
526,551338164,1048610,11,546617344,4096,599,135,1,1
527,552386774,1048606,0,551854080,16384,3029,563,1,1
527,552386774,1048606,1,551321600,16384,2850,532,1,1
527,552386774,1048606,2,528935936,4096,2435,465,1,1
527,552386774,1048606,3,548188160,4096,1322,338,1,1
527,552386774,1048606,4,548192512,1024,1029,275,1,1
527,552386774,1048606,5,549241088,65536,1027,207,1,1
527,552386774,1048606,6,546095360,4096,965,229,1,1
527,552386774,1048606,7,552370176,16384,1914,370,1,1
527,552386774,1048606,8,550811648,4096,2741,603,1,1
527,552386774,1048606,9,529445888,16384,1947,347,1,1
527,552386774,1048606,10,547143936,4096,1089,251,1,1
527,552386774,1048606,11,548714496,4096,897,207,1,1
527,552386774,1048606,12,549241088,4096,988,236,1,1
528,553435380,1048533,0,551854080,16384,3428,642,1,1
528,553435380,1048533,1,552386816,16384,3225,603,1,1
528,553435380,1048533,2,528935936,4096,2827,545,1,1
528,553435380,1048533,3,550811648,4096,1825,419,1,1
528,553435380,1048533,4,548188160,4096,1377,339,1,1
528,553435380,1048533,5,549241088,4096,1091,251,1,1
528,553435380,1048533,6,546095360,4096,1061,247,1,1
528,553435380,1048533,7,548192512,1024,1041,283,1,1
528,553435380,1048533,8,552321024,65536,2223,403,1,1
528,553435380,1048533,9,553431040,4096,2518,526,1,1
528,553435380,1048533,10,529445888,16384,2362,428,1,1
528,553435380,1048533,11,550289664,16384,1221,245,1,1
528,553435380,1048533,12,547143936,4096,1200,272,1,1
529,554483913,383400,0,554467328,16384,1344,250,1,1
529,554483913,383400,1,528935936,4096,1048,208,1,1
529,554483913,383400,2,553431040,4096,897,185,1,1
529,554483913,383400,3,550811648,4096,613,139,1,1
529,554483913,383400,4,547143936,4096,518,112,1,1
529,554483913,383400,5,551854080,16384,402,76,1,1
529,554483913,383400,6,546095360,4096,378,88,1,1
529,554483913,383400,7,549241088,4096,367,81,1,1
529,554483913,383400,8,548192512,4096,204,50,1,1
529,554483913,383400,9,553951232,16384,1204,226,1,1
529,554483913,383400,10,529445888,16384,960,178,1,1
529,554483913,383400,11,552386816,65536,820,154,1,1
529,554483913,383400,12,551333888,4096,378,80,1,1
529,554483913,383400,13,548188160,4096,479,127,1,1
