pack_id,recipient_offset,recipient_length,candidate_rank,donor_offset,donor_length,phrase_score,signature_hits,recipient_class,donor_class
1,1048219,1049689,0,982528,65536,482,80,9,9
1,1048219,1049689,1,491264,65536,457,75,9,9
1,1048219,1049689,2,0,65536,290,50,9,9
1,1048219,1049689,3,1031680,16384,208,34,9,9
1,1048219,1049689,4,0,16384,159,29,9,9
1,1048219,1049689,5,0,4096,120,26,9,9
1,1048219,1049689,6,515840,16384,66,10,9,9
1,1048219,1049689,7,521984,4096,51,13,9,9
1,1048219,1049689,8,523520,1024,42,16,9,9
1,1048219,1049689,9,523776,256,31,11,9,9
1,1048219,1049689,10,1043968,4096,22,6,9,9
1,1048219,1049689,11,0,1024,21,7,9,9
1,1048219,1049689,12,1047040,1024,21,7,9,9
2,2097908,1048760,0,1048320,65536,215,35,9,9
2,2097908,1048760,1,982528,65536,126,20,9,9
2,2097908,1048760,2,1540096,65536,125,21,9,9
2,2097908,1048760,3,491264,65536,114,18,9,9
2,2097908,1048760,4,0,65536,90,14,9,9
2,2097908,1048760,5,0,16384,74,14,9,9
2,2097908,1048760,6,0,4096,67,13,9,9
2,2097908,1048760,7,0,1024,43,9,9,9
2,2097908,1048760,8,1031680,16384,36,6,9,9
2,2097908,1048760,9,523520,1024,29,13,9,9
2,2097908,1048760,10,1048320,4096,22,4,9,9
2,2097908,1048760,11,1048320,16384,22,4,9,9
2,2097908,1048760,12,523776,256,21,9,9,9
2,2097908,1048760,13,521984,4096,15,3,9,9
2,2097908,1048760,14,1564672,16384,15,3,9,9
2,2097908,1048760,15,1570816,4096,5,1,9,9
2,2097908,1048760,16,1043968,4096,3,1,9,9
2,2097908,1048760,17,1047040,1024,3,1,9,9
2,2097908,1048760,18,1048320,256,3,1,9,9
2,2097908,1048760,19,1048320,1024,3,1,9,9
2,2097908,1048760,20,0,256,1,1,9,9
3,3146668,1048846,0,1048320,65536,48,8,9,9
3,3146668,1048846,1,2097920,16384,48,8,9,9
3,3146668,1048846,2,0,1024,12,2,9,9
3,3146668,1048846,3,1540096,65536,48,8,9,9
3,3146668,1048846,4,3080960,65536,42,6,9,9
3,3146668,1048846,5,3130112,16384,42,6,9,9
3,3146668,1048846,6,0,4096,12,2,9,9
3,3146668,1048846,7,0,16384,12,2,9,9
5,5243475,1048325,0,5177856,65536,96,14,10,10
5,5243475,1048325,1,4195584,256,29,7,10,10
5,5243475,1048325,2,4195584,1024,29,7,10,10
5,5243475,1048325,3,5239296,4096,8,2,10,10
6,6291800,1050555,0,1048320,65536,33,5,9,9
6,6291800,1050555,1,2097920,16384,33,5,9,9
6,6291800,1050555,2,4129792,65536,33,5,9,9
6,6291800,1050555,3,523520,1024,3,1,9,9
6,6291800,1050555,4,1540096,65536,33,5,9,9
6,6291800,1050555,5,523776,256,3,1,9,9
7,7342355,1050180,0,1048320,65536,31,5,9,9
7,7342355,1050180,1,2097920,16384,31,5,9,9
7,7342355,1050180,2,4129792,65536,31,5,9,9
7,7342355,1050180,3,523520,1024,6,2,9,9
7,7342355,1050180,4,1540096,65536,31,5,9,9
7,7342355,1050180,5,3080960,65536,15,3,9,9
7,7342355,1050180,6,523776,256,6,2,9,9
8,8392535,1054725,0,8326912,65536,84,12,9,9
8,8392535,1054725,1,1048320,65536,39,7,9,9
8,8392535,1054725,2,2097920,16384,39,7,9,9
8,8392535,1054725,3,4129792,65536,39,7,9,9
8,8392535,1054725,4,523520,1024,6,2,9,9
8,8392535,1054725,5,1540096,65536,39,7,9,9
8,8392535,1054725,6,7834624,65536,39,7,9,9
8,8392535,1054725,7,523776,256,6,2,9,9
8,8392535,1054725,8,1047040,1024,3,1,9,9
8,8392535,1054725,9,8391424,1024,3,1,9,9
8,8392535,1054725,10,8392192,256,3,1,9,9
9,9447260,1046778,0,5759488,16384,22,4,10,10
10,10494038,1049016,0,8326912,65536,63,9,9,9
10,10494038,1049016,1,3080960,65536,48,8,9,9
10,10494038,1049016,2,7865344,4096,20,4,9,9
10,10494038,1049016,3,7859200,16384,12,2,9,9
10,10494038,1049016,4,8391424,1024,3,1,9,9
10,10494038,1049016,5,8392192,256,3,1,9,9
11,11543054,1047966,0,7834624,65536,46,8,9,9
11,11543054,1047966,1,1048320,65536,36,6,9,9
11,11543054,1047966,2,2097920,16384,36,6,9,9
11,11543054,1047966,3,4129792,65536,36,6,9,9
11,11543054,1047966,4,10494208,65536,21,3,9,9
11,11543054,1047966,5,8392704,16384,12,2,9,9
11,11543054,1047966,6,1540096,65536,36,6,9,9
11,11543054,1047966,7,3080960,65536,21,3,9,9
11,11543054,1047966,8,8326912,65536,21,3,9,9
11,11543054,1047966,9,7865344,4096,5,1,9,9
12,12591020,1050582,0,7834624,65536,90,14,9,9
12,12591020,1050582,1,8392704,65536,73,13,9,9
12,12591020,1050582,2,3080960,65536,21,3,9,9
12,12591020,1050582,3,1048320,65536,12,2,9,9
12,12591020,1050582,4,4129792,65536,12,2,9,9
12,12591020,1050582,5,8326912,65536,54,8,9,9
12,12591020,1050582,6,7865344,4096,15,3,9,9
12,12591020,1050582,7,1540096,65536,12,2,9,9
12,12591020,1050582,8,2097920,16384,12,2,9,9
12,12591020,1050582,9,8392704,16384,5,1,9,9
12,12591020,1050582,10,8391424,1024,3,1,9,9
12,12591020,1050582,11,8392192,256,3,1,9,9
13,13641602,1057613,0,1048320,65536,24,4,9,9
13,13641602,1057613,1,2097920,16384,24,4,9,9
13,13641602,1057613,2,4129792,65536,24,4,9,9
13,13641602,1057613,3,7859200,16384,12,2,9,9
13,13641602,1057613,4,523520,1024,6,2,9,9
13,13641602,1057613,5,11543296,256,3,1,9,9
13,13641602,1057613,6,1540096,65536,24,4,9,9
13,13641602,1057613,7,7865344,4096,12,2,9,9
13,13641602,1057613,8,523776,256,6,2,9,9
14,14699215,1050275,0,1048320,65536,60,10,9,9
14,14699215,1050275,1,2097920,16384,60,10,9,9
14,14699215,1050275,2,4129792,65536,60,10,9,9
14,14699215,1050275,3,8326912,65536,42,6,9,9
14,14699215,1050275,4,13641728,16384,42,6,9,9
14,14699215,1050275,5,12591104,65536,41,7,9,9
14,14699215,1050275,6,7276800,65536,21,3,9,9
14,14699215,1050275,7,8392704,65536,16,2,9,9
14,14699215,1050275,8,1540096,65536,60,10,9,9
14,14699215,1050275,9,3080960,65536,42,6,9,9
14,14699215,1050275,10,8392704,16384,15,3,9,9
15,15749490,1048369,0,8326912,65536,63,9,9,9
15,15749490,1048369,1,13641728,16384,57,9,9,9
15,15749490,1048369,2,3080960,65536,45,7,9,9
15,15749490,1048369,3,7276800,65536,45,7,9,9
15,15749490,1048369,4,8392704,16384,24,4,9,9
15,15749490,1048369,5,12591104,65536,21,3,9,9
15,15749490,1048369,6,523520,1024,11,5,9,9
15,15749490,1048369,7,7865344,4096,25,5,9,9
15,15749490,1048369,8,7834624,65536,21,3,9,9
15,15749490,1048369,9,8392704,65536,21,3,9,9
15,15749490,1048369,10,7859200,16384,15,3,9,9
15,15749490,1048369,11,523776,256,11,5,9,9
15,15749490,1048369,12,7325952,16384,5,1,9,9
15,15749490,1048369,13,8391424,1024,4,2,9,9
15,15749490,1048369,14,8392192,256,4,2,9,9
16,16797859,1046789,0,1048320,65536,57,9,9,9
16,16797859,1046789,1,2097920,16384,57,9,9,9
16,16797859,1046789,2,4129792,65536,57,9,9,9
16,16797859,1046789,3,16271616,4096,20,4,9,9
16,16797859,1046789,4,13641728,16384,12,2,9,9
16,16797859,1046789,5,8392704,16384,8,2,9,9
16,16797859,1046789,6,1047040,1024,3,1,9,9
16,16797859,1046789,7,1540096,65536,57,9,9,9
16,16797859,1046789,8,15749632,4096,8,2,9,9
17,17844648,1051023,0,7859200,16384,15,3,9,9
17,17844648,1051023,1,16797952,4096,10,2,9,9
17,17844648,1051023,2,7865344,4096,15,3,9,9
18,18895671,1047724,0,13641728,16384,104,16,9,9
18,18895671,1047724,1,3080960,65536,87,13,9,9
18,18895671,1047724,2,1048320,65536,66,10,9,9
18,18895671,1047724,3,4129792,65536,66,10,9,9
18,18895671,1047724,4,16797952,4096,31,7,9,9
18,18895671,1047724,5,16271616,4096,13,3,9,9
18,18895671,1047724,6,1540096,65536,66,10,9,9
18,18895671,1047724,7,2097920,16384,66,10,9,9
18,18895671,1047724,8,16797952,16384,17,3,9,9
18,18895671,1047724,9,16797440,256,1,1,9,9
19,19943395,1047479,0,3080960,65536,46,8,9,9
19,19943395,1047479,1,13641728,16384,46,8,9,9
19,19943395,1047479,2,1048320,65536,36,6,9,9
19,19943395,1047479,3,4129792,65536,36,6,9,9
19,19943395,1047479,4,16797952,4096,18,4,9,9
19,19943395,1047479,5,18368000,4096,8,2,9,9
19,19943395,1047479,6,1540096,65536,36,6,9,9
19,19943395,1047479,7,2097920,16384,36,6,9,9
20,20990874,1048917,0,7834624,65536,59,9,9,9
20,20990874,1048917,1,13575936,65536,54,8,9,9
20,20990874,1048917,2,16797952,4096,47,13,9,9
20,20990874,1048917,3,13641728,16384,39,7,9,9
20,20990874,1048917,4,16271616,4096,28,8,9,9
20,20990874,1048917,5,3080960,65536,24,4,9,9
20,20990874,1048917,6,19943424,16384,24,4,9,9
20,20990874,1048917,7,8392704,65536,21,3,9,9
20,20990874,1048917,8,1048320,65536,12,2,9,9
20,20990874,1048917,9,4129792,65536,12,2,9,9
20,20990874,1048917,10,523520,1024,3,1,9,9
20,20990874,1048917,11,12591104,65536,21,3,9,9
20,20990874,1048917,12,16797952,16384,15,3,9,9
20,20990874,1048917,13,7865344,4096,13,3,9,9
20,20990874,1048917,14,1540096,65536,12,2,9,9
20,20990874,1048917,15,2097920,16384,12,2,9,9
20,20990874,1048917,16,523776,256,3,1,9,9
20,20990874,1048917,17,19943424,256,1,1,9,9
21,22039791,1054737,0,13641728,16384,50,8,9,9
21,22039791,1054737,1,8392704,65536,42,6,9,9
21,22039791,1054737,2,12591104,65536,42,6,9,9
21,22039791,1054737,3,1048320,65536,39,7,9,9
21,22039791,1054737,4,2097920,16384,39,7,9,9
21,22039791,1054737,5,4129792,65536,39,7,9,9
21,22039791,1054737,6,8326912,65536,37,7,9,9
21,22039791,1054737,7,16732160,65536,37,7,9,9
21,22039791,1054737,8,16797952,4096,31,7,9,9
21,22039791,1054737,9,1047040,1024,4,2,9,9
21,22039791,1054737,10,11543296,256,4,2,9,9
21,22039791,1054737,11,1540096,65536,39,7,9,9
21,22039791,1054737,12,16797952,16384,29,5,9,9
21,22039791,1054737,13,3080960,65536,21,3,9,9
21,22039791,1054737,14,7834624,65536,12,2,9,9
21,22039791,1054737,15,9381632,65536,12,2,9,9
21,22039791,1054737,16,7865344,4096,5,1,9,9
21,22039791,1054737,17,16271616,4096,5,1,9,9
22,23094528,1044683,0,1048320,65536,108,18,9,9
22,23094528,1044683,1,2097920,16384,108,18,9,9
22,23094528,1044683,2,4129792,65536,108,18,9,9
22,23094528,1044683,3,13641728,16384,50,10,9,9
22,23094528,1044683,4,16797952,16384,29,7,9,9
22,23094528,1044683,5,22534400,65536,24,4,9,9
22,23094528,1044683,6,8326912,65536,21,3,9,9
22,23094528,1044683,7,8392704,65536,21,3,9,9
22,23094528,1044683,8,12591104,65536,21,3,9,9
22,23094528,1044683,9,16732160,65536,21,3,9,9
22,23094528,1044683,10,0,256,3,1,9,9
22,23094528,1044683,11,19943424,256,1,1,9,9
22,23094528,1044683,12,1540096,65536,108,18,9,9
22,23094528,1044683,13,3080960,65536,21,3,9,9
22,23094528,1044683,14,23090432,4096,20,4,9,9
22,23094528,1044683,15,7865344,4096,16,4,9,9
22,23094528,1044683,16,16797952,4096,10,2,9,9
22,23094528,1044683,17,16271616,4096,5,1,9,9
23,24139211,1054234,0,16732160,65536,66,10,9,9
23,24139211,1054234,1,13641728,16384,53,9,9,9
23,24139211,1054234,2,8326912,65536,45,7,9,9
23,24139211,1054234,3,16797952,4096,39,9,9,9
23,24139211,1054234,4,3080960,65536,33,5,9,9
23,24139211,1054234,5,22534400,65536,24,4,9,9
23,24139211,1054234,6,1048320,65536,21,3,9,9
23,24139211,1054234,7,4129792,65536,21,3,9,9
23,24139211,1054234,8,8392704,65536,21,3,9,9
23,24139211,1054234,9,12591104,256,7,3,9,9
23,24139211,1054234,10,1047040,1024,4,2,9,9
23,24139211,1054234,11,1540096,65536,21,3,9,9
23,24139211,1054234,12,2097920,16384,21,3,9,9
23,24139211,1054234,13,16781312,16384,21,3,9,9
23,24139211,1054234,14,16797952,16384,20,4,9,9
23,24139211,1054234,15,8911616,16384,15,3,9,9
23,24139211,1054234,16,16271616,4096,13,3,9,9
23,24139211,1054234,17,12591104,1024,7,3,9,9
23,24139211,1054234,18,523520,1024,3,1,9,9
23,24139211,1054234,19,523776,256,3,1,9,9
24,25193445,1048781,0,13641728,16384,83,13,9,9
24,25193445,1048781,1,1048320,65536,54,8,9,9
24,25193445,1048781,2,2097920,16384,54,8,9,9
24,25193445,1048781,3,4129792,65536,54,8,9,9
24,25193445,1048781,4,16797952,4096,41,9,9,9
24,25193445,1048781,5,16271616,4096,36,8,9,9
24,25193445,1048781,6,24139264,256,10,4,9,9
24,25193445,1048781,7,19943424,16384,5,1,9,9
24,25193445,1048781,8,0,256,3,1,9,9
24,25193445,1048781,9,12591104,256,3,1,9,9
24,25193445,1048781,10,1540096,65536,54,8,9,9
24,25193445,1048781,11,3080960,65536,54,8,9,9
24,25193445,1048781,12,16797952,16384,29,5,9,9
24,25193445,1048781,13,15749632,65536,25,5,9,9
24,25193445,1048781,14,24139264,1024,10,4,9,9
24,25193445,1048781,15,25189120,4096,5,1,9,9
24,25193445,1048781,16,12591104,1024,3,1,9,9
24,25193445,1048781,17,1047040,1024,1,1,9,9
25,26242226,1047499,0,5759488,16384,48,10,10,10
26,27289725,1049665,0,16797952,4096,68,18,9,9
26,27289725,1049665,1,1048320,65536,55,11,9,9
26,27289725,1049665,2,2097920,16384,55,11,9,9
26,27289725,1049665,3,4129792,65536,55,11,9,9
26,27289725,1049665,4,13641728,16384,40,8,9,9
26,27289725,1049665,5,16271616,4096,28,8,9,9
26,27289725,1049665,6,8326912,65536,21,3,9,9
26,27289725,1049665,7,19943424,16384,17,3,9,9
26,27289725,1049665,8,523520,1024,3,1,9,9
26,27289725,1049665,9,11543296,256,3,1,9,9
26,27289725,1049665,10,12591104,256,3,1,9,9
26,27289725,1049665,11,24139264,256,3,1,9,9
26,27289725,1049665,12,25193472,256,2,2,9,9
26,27289725,1049665,13,1540096,65536,55,11,9,9
26,27289725,1049665,14,16797952,16384,28,6,9,9
26,27289725,1049665,15,16732160,65536,21,3,9,9
26,27289725,1049665,16,3080960,65536,12,2,9,9
26,27289725,1049665,17,523776,256,3,1,9,9
26,27289725,1049665,18,12591104,1024,3,1,9,9
26,27289725,1049665,19,24139264,1024,3,1,9,9
26,27289725,1049665,20,19943424,256,1,1,9,9
27,28339390,1043373,0,13641728,16384,87,15,9,9
27,28339390,1043373,1,3080960,65536,82,14,9,9
27,28339390,1043373,2,16797952,4096,53,13,9,9
27,28339390,1043373,3,1048320,65536,51,9,9,9
27,28339390,1043373,4,4129792,65536,51,9,9,9
27,28339390,1043373,5,16271616,4096,29,7,9,9
27,28339390,1043373,6,27812352,4096,29,7,9,9
27,28339390,1043373,7,19943424,16384,28,6,9,9
27,28339390,1043373,8,12591104,256,4,2,9,9
27,28339390,1043373,9,0,256,1,1,9,9
27,28339390,1043373,10,25193472,256,1,1,9,9
27,28339390,1043373,11,1540096,65536,51,9,9,9
27,28339390,1043373,12,2097920,16384,51,9,9,9
27,28339390,1043373,13,27813888,1024,29,7,9,9
27,28339390,1043373,14,16797952,16384,5,1,9,9
27,28339390,1043373,15,12591104,1024,4,2,9,9
28,29382763,1047972,0,13641728,16384,84,14,9,9
28,29382763,1047972,1,3080960,65536,69,11,9,9
28,29382763,1047972,2,1048320,65536,63,9,9,9
28,29382763,1047972,3,4129792,65536,63,9,9,9
28,29382763,1047972,4,28852736,16384,63,9,9,9
28,29382763,1047972,5,16797952,4096,23,5,9,9
28,29382763,1047972,6,16271616,4096,8,2,9,9
28,29382763,1047972,7,27812352,4096,8,2,9,9
28,29382763,1047972,8,11543296,256,4,2,9,9
28,29382763,1047972,9,523520,1024,3,1,9,9
28,29382763,1047972,10,1540096,65536,63,9,9,9
28,29382763,1047972,11,2097920,16384,63,9,9,9
28,29382763,1047972,12,28858880,4096,63,9,9,9
28,29382763,1047972,13,16797952,16384,15,3,9,9
28,29382763,1047972,14,27813888,1024,8,2,9,9
28,29382763,1047972,15,523776,256,3,1,9,9
28,29382763,1047972,16,1047040,1024,3,1,9,9
29,30430735,1054148,0,5759488,16384,32,6,10,10
32,33581405,1055789,0,16797952,4096,47,11,9,9
32,33581405,1055789,1,9381632,65536,27,5,9,9
32,33581405,1055789,2,1048320,65536,24,4,9,9
32,33581405,1055789,3,2097920,16384,24,4,9,9
32,33581405,1055789,4,4129792,65536,24,4,9,9
32,33581405,1055789,5,28852736,16384,24,4,9,9
32,33581405,1055789,6,16271616,4096,15,3,9,9
32,33581405,1055789,7,27812352,4096,15,3,9,9
32,33581405,1055789,8,523520,1024,3,1,9,9
32,33581405,1055789,9,25193472,256,1,1,9,9
32,33581405,1055789,10,1540096,65536,24,4,9,9
32,33581405,1055789,11,28858880,4096,24,4,9,9
32,33581405,1055789,12,27813888,1024,15,3,9,9
32,33581405,1055789,13,523776,256,3,1,9,9
32,33581405,1055789,14,16797440,256,3,1,9,9
32,33581405,1055789,15,0,256,1,1,9,9
33,34637194,1045396,0,16797952,4096,64,14,9,9
33,34637194,1045396,1,1048320,65536,60,10,9,9
33,34637194,1045396,2,2097920,16384,60,10,9,9
33,34637194,1045396,3,4129792,65536,60,10,9,9
33,34637194,1045396,4,28852736,16384,60,10,9,9
33,34637194,1045396,5,16271616,4096,46,10,9,9
33,34637194,1045396,6,27812352,4096,46,10,9,9
33,34637194,1045396,7,13641728,16384,12,2,9,9
33,34637194,1045396,8,1047040,1024,11,5,9,9
33,34637194,1045396,9,23090432,4096,5,1,9,9
33,34637194,1045396,10,34107136,4096,5,1,9,9
33,34637194,1045396,11,12591104,256,3,1,9,9
33,34637194,1045396,12,24139264,256,3,1,9,9
33,34637194,1045396,13,25193472,256,1,1,9,9
33,34637194,1045396,14,1540096,65536,60,10,9,9
33,34637194,1045396,15,28858880,4096,60,10,9,9
33,34637194,1045396,16,27813888,1024,46,10,9,9
33,34637194,1045396,17,16797952,16384,12,2,9,9
33,34637194,1045396,18,523520,1024,3,1,9,9
33,34637194,1045396,19,523776,256,3,1,9,9
33,34637194,1045396,20,12591104,1024,3,1,9,9
33,34637194,1045396,21,24139264,1024,3,1,9,9
33,34637194,1045396,22,28339456,256,3,1,9,9
34,35682590,1052933,0,5759488,16384,12,2,10,10
35,36735523,1050153,0,16797952,4096,66,14,9,9
35,36735523,1050153,1,1048320,65536,45,7,9,9
35,36735523,1050153,2,2097920,16384,45,7,9,9
35,36735523,1050153,3,4129792,65536,45,7,9,9
35,36735523,1050153,4,28852736,16384,45,7,9,9
35,36735523,1050153,5,16271616,4096,31,7,9,9
35,36735523,1050153,6,27812352,4096,31,7,9,9
35,36735523,1050153,7,34107136,4096,22,6,9,9
35,36735523,1050153,8,13641728,16384,16,4,9,9
35,36735523,1050153,9,19943424,16384,15,3,9,9
35,36735523,1050153,10,9381632,65536,12,2,9,9
35,36735523,1050153,11,12591104,256,5,3,9,9
35,36735523,1050153,12,523520,1024,3,1,9,9
35,36735523,1050153,13,22039808,256,1,1,9,9
35,36735523,1050153,14,1540096,65536,45,7,9,9
35,36735523,1050153,15,28858880,4096,45,7,9,9
35,36735523,1050153,16,27813888,1024,31,7,9,9
35,36735523,1050153,17,16797952,16384,16,4,9,9
35,36735523,1050153,18,12591104,1024,5,3,9,9
35,36735523,1050153,19,28339456,256,5,3,9,9
35,36735523,1050153,20,523776,256,3,1,9,9
35,36735523,1050153,21,1047040,1024,3,1,9,9
35,36735523,1050153,22,0,256,1,1,9,9
35,36735523,1050153,23,19943424,256,1,1,9,9
36,37785676,1053728,0,33055744,1024,11,3,6,6
37,38839404,1047692,0,5177856,65536,105,17,10,10
37,38839404,1047692,1,5243648,65536,105,17,10,10
37,38839404,1047692,2,36208640,1024,1,1,10,10
37,38839404,1047692,3,5767168,1024,16,4,10,10
37,38839404,1047692,4,4195584,256,13,3,10,10
37,38839404,1047692,5,4195584,1024,13,3,10,10
37,38839404,1047692,6,5243648,4096,13,3,10,10
37,38839404,1047692,7,5765632,4096,13,3,10,10
37,38839404,1047692,8,5767424,256,3,1,10,10
38,39887096,1050095,0,3080960,65536,182,30,9,9
38,39887096,1050095,1,3638272,65536,145,23,9,9
38,39887096,1050095,2,16797952,4096,72,16,9,9
38,39887096,1050095,3,1048320,65536,60,10,9,9
38,39887096,1050095,4,28852736,16384,60,10,9,9
38,39887096,1050095,5,13641728,16384,49,9,9,9
38,39887096,1050095,6,16271616,4096,41,9,9,9
38,39887096,1050095,7,27812352,4096,41,9,9,9
38,39887096,1050095,8,34637312,65536,37,7,9,9
38,39887096,1050095,9,19943424,16384,15,3,9,9
38,39887096,1050095,10,34107136,4096,15,3,9,9
38,39887096,1050095,11,24139264,256,12,4,9,9
38,39887096,1050095,12,523520,1024,7,3,9,9
38,39887096,1050095,13,11543296,256,7,3,9,9
38,39887096,1050095,14,12591104,256,3,1,9,9
38,39887096,1050095,15,37260544,256,1,1,9,9
38,39887096,1050095,16,3130112,16384,145,23,9,9
38,39887096,1050095,17,1540096,65536,60,10,9,9
38,39887096,1050095,18,2097920,16384,60,10,9,9
38,39887096,1050095,19,4129792,65536,60,10,9,9
38,39887096,1050095,20,28858880,4096,60,10,9,9
38,39887096,1050095,21,27813888,1024,41,9,9,9
38,39887096,1050095,22,3146752,4096,30,8,9,9
38,39887096,1050095,23,3146752,256,21,5,9,9
38,39887096,1050095,24,3146752,1024,21,5,9,9
38,39887096,1050095,25,16732160,65536,15,3,9,9
38,39887096,1050095,26,16781312,16384,15,3,9,9
38,39887096,1050095,27,24139264,1024,12,4,9,9
38,39887096,1050095,28,16797952,16384,12,2,9,9
38,39887096,1050095,29,523776,256,7,3,9,9
38,39887096,1050095,30,34637312,1024,6,2,9,9
38,39887096,1050095,31,0,256,3,1,9,9
39,40937191,1049210,0,33055744,1024,6,2,6,6
39,40937191,1049210,1,31484928,256,1,1,6,6
40,41986401,1048172,0,5177856,65536,24,4,10,10
40,41986401,1048172,1,5243648,65536,24,4,10,10
40,41986401,1048172,2,39361024,4096,10,2,10,10
40,41986401,1048172,3,5759488,16384,24,4,10,10
40,41986401,1048172,4,5243648,4096,8,2,10,10
40,41986401,1048172,5,4195584,256,5,1,10,10
40,41986401,1048172,6,4195584,1024,5,1,10,10
40,41986401,1048172,7,5239296,4096,5,1,10,10
40,41986401,1048172,8,5765632,4096,5,1,10,10
40,41986401,1048172,9,5767168,1024,5,1,10,10
41,43034573,1047746,0,5759488,16384,47,9,10,10
41,43034573,1047746,1,42508288,4096,45,9,10,10
41,43034573,1047746,2,4195584,256,8,2,10,10
41,43034573,1047746,3,36208640,1024,7,3,10,10
41,43034573,1047746,4,42968832,65536,45,7,10,10
41,43034573,1047746,5,43017984,16384,45,7,10,10
41,43034573,1047746,6,5767168,1024,11,3,10,10
41,43034573,1047746,7,4195584,1024,8,2,10,10
41,43034573,1047746,8,5243648,4096,8,2,10,10
41,43034573,1047746,9,5765632,4096,8,2,10,10
41,43034573,1047746,10,5767424,256,3,1,10,10
42,44082319,1047797,0,1048320,65536,29,5,9,9
42,44082319,1047797,1,2097920,16384,29,5,9,9
42,44082319,1047797,2,4129792,65536,29,5,9,9
42,44082319,1047797,3,28852736,16384,29,5,9,9
42,44082319,1047797,4,16797952,4096,26,6,9,9
42,44082319,1047797,5,16271616,4096,21,5,9,9
42,44082319,1047797,6,27812352,4096,21,5,9,9
42,44082319,1047797,7,34107136,4096,15,3,9,9
42,44082319,1047797,8,40920576,16384,15,3,9,9
42,44082319,1047797,9,34637312,1024,10,4,9,9
42,44082319,1047797,10,24139264,256,6,2,9,9
42,44082319,1047797,11,13641728,16384,5,1,9,9
42,44082319,1047797,12,523520,1024,3,1,9,9
42,44082319,1047797,13,11543296,256,3,1,9,9
42,44082319,1047797,14,1540096,65536,29,5,9,9
42,44082319,1047797,15,28858880,4096,29,5,9,9
42,44082319,1047797,16,27813888,1024,21,5,9,9
42,44082319,1047797,17,3146752,256,13,3,9,9
42,44082319,1047797,18,3146752,1024,13,3,9,9
42,44082319,1047797,19,3146752,4096,13,3,9,9
42,44082319,1047797,20,24139264,1024,6,2,9,9
42,44082319,1047797,21,16797952,16384,5,1,9,9
42,44082319,1047797,22,523776,256,3,1,9,9
42,44082319,1047797,23,1047040,1024,3,1,9,9
43,45130116,1046219,0,16797952,4096,95,21,9,9
43,45130116,1046219,1,44573440,65536,70,12,9,9
43,45130116,1046219,2,16271616,4096,46,10,9,9
43,45130116,1046219,3,27812352,4096,46,10,9,9
43,45130116,1046219,4,1048320,65536,45,7,9,9
43,45130116,1046219,5,2097920,16384,45,7,9,9
43,45130116,1046219,6,4129792,65536,45,7,9,9
43,45130116,1046219,7,28852736,16384,45,7,9,9
43,45130116,1046219,8,13641728,16384,21,3,9,9
43,45130116,1046219,9,34637312,65536,21,3,9,9
43,45130116,1046219,10,40379136,65536,21,3,9,9
43,45130116,1046219,11,523520,1024,10,4,9,9
43,45130116,1046219,12,34107136,4096,5,1,9,9
43,45130116,1046219,13,11543296,256,3,1,9,9
43,45130116,1046219,14,24139264,256,3,1,9,9
43,45130116,1046219,15,37260032,1024,3,1,9,9
43,45130116,1046219,16,44605696,1024,49,13,9,9
43,45130116,1046219,17,27813888,1024,46,10,9,9
43,45130116,1046219,18,1540096,65536,45,7,9,9
43,45130116,1046219,19,28858880,4096,45,7,9,9
43,45130116,1046219,20,44605952,256,42,10,9,9
43,45130116,1046219,21,44598016,16384,25,5,9,9
43,45130116,1046219,22,44604160,4096,25,5,9,9
43,45130116,1046219,23,3662848,16384,24,4,9,9
43,45130116,1046219,24,3668992,4096,24,4,9,9
43,45130116,1046219,25,3080960,65536,21,3,9,9
43,45130116,1046219,26,16732160,65536,12,2,9,9
43,45130116,1046219,27,16781312,16384,12,2,9,9
43,45130116,1046219,28,523776,256,10,4,9,9
43,45130116,1046219,29,3146752,4096,10,2,9,9
43,45130116,1046219,30,1047040,1024,7,3,9,9
43,45130116,1046219,31,34637312,1024,6,2,9,9
44,46176335,1051863,0,40937216,16384,27,5,6,6
44,46176335,1051863,1,33055744,1024,11,3,6,6
45,47228198,1048609,0,40937216,16384,56,10,6,6
45,47228198,1048609,1,46669568,65536,56,10,6,6
45,47228198,1048609,2,33055744,1024,6,2,6,6
45,47228198,1048609,3,31484928,256,4,2,6,6
45,47228198,1048609,4,46694144,16384,56,10,6,6
45,47228198,1048609,5,40937216,256,1,1,6,6
46,48276807,1049791,0,42968832,65536,76,14,10,10
46,48276807,1049791,1,5759488,16384,20,4,10,10
46,48276807,1049791,2,43556352,4096,18,4,10,10
46,48276807,1049791,3,43017984,16384,76,14,10,10
46,48276807,1049791,4,42508288,4096,54,12,10,10
46,48276807,1049791,5,5243648,4096,5,1,10,10
47,49326598,1048518,0,42968832,65536,96,16,10,10
47,49326598,1048518,1,5759488,16384,41,7,10,10
47,49326598,1048518,2,43556352,4096,22,6,10,10
47,49326598,1048518,3,43017984,16384,96,16,10,10
47,49326598,1048518,4,42508288,4096,42,10,10,10
48,50375116,1054429,0,40937216,16384,54,8,6,6
48,50375116,1054429,1,46669568,65536,54,8,6,6
48,50375116,1054429,2,48260352,16384,54,8,6,6
48,50375116,1054429,3,33055744,1024,5,1,6,6
48,50375116,1054429,4,46694144,16384,54,8,6,6
48,50375116,1054429,5,47719680,65536,21,3,6,6
49,51429545,1048619,0,40937216,16384,76,14,6,6
49,51429545,1048619,1,46669568,65536,76,14,6,6
49,51429545,1048619,2,48260352,16384,76,14,6,6
49,51429545,1048619,3,46694144,16384,76,14,6,6
50,52478164,1048664,0,42508288,4096,98,22,10,10
50,52478164,1048664,1,43556352,4096,21,5,10,10
50,52478164,1048664,2,36208640,1024,3,1,10,10
50,52478164,1048664,3,42968832,65536,54,10,10,10
50,52478164,1048664,4,43017984,16384,54,10,10,10
51,53526828,1047831,0,40937216,16384,24,4,6,6
51,53526828,1047831,1,46669568,65536,24,4,6,6
51,53526828,1047831,2,48260352,16384,24,4,6,6
51,53526828,1047831,3,31484928,256,1,1,6,6
51,53526828,1047831,4,50375168,256,1,1,6,6
51,53526828,1047831,5,46694144,16384,24,4,6,6
51,53526828,1047831,6,47228416,16384,12,2,6,6
52,54574659,1048408,0,42968832,65536,88,16,10,10
52,54574659,1048408,1,43556352,4096,39,9,10,10
52,54574659,1048408,2,53000448,4096,39,9,10,10
52,54574659,1048408,3,43017984,16384,88,16,10,10
52,54574659,1048408,4,42508288,4096,75,17,10,10
53,55623067,1050822,0,42508288,4096,35,9,10,10
53,55623067,1050822,1,43556352,4096,13,3,10,10
53,55623067,1050822,2,53000448,4096,13,3,10,10
53,55623067,1050822,3,5759488,16384,12,2,10,10
53,55623067,1050822,4,55098368,1024,6,2,10,10
53,55623067,1050822,5,36208640,1024,3,1,10,10
53,55623067,1050822,6,42968832,65536,21,3,10,10
53,55623067,1050822,7,43017984,16384,21,3,10,10
53,55623067,1050822,8,5243648,4096,5,1,10,10
53,55623067,1050822,9,55621888,1024,3,1,10,10
54,56673889,1049159,0,42968832,65536,136,24,10,10
54,56673889,1049159,1,56115712,65536,21,3,10,10
54,56673889,1049159,2,43556352,4096,18,4,10,10
54,56673889,1049159,3,53000448,4096,18,4,10,10
54,56673889,1049159,4,55098368,1024,6,2,10,10
54,56673889,1049159,5,5243648,4096,5,1,10,10
54,56673889,1049159,6,43017984,16384,136,24,10,10
54,56673889,1049159,7,42508288,4096,49,11,10,10
54,56673889,1049159,8,55623168,256,5,1,10,10
54,56673889,1049159,9,55623168,1024,5,1,10,10
55,57723048,1049196,0,42968832,65536,99,17,10,10
55,57723048,1049196,1,43556352,4096,26,6,10,10
55,57723048,1049196,2,53000448,4096,26,6,10,10
55,57723048,1049196,3,56115712,65536,12,2,10,10
55,57723048,1049196,4,5243648,4096,9,3,10,10
55,57723048,1049196,5,55096832,4096,8,2,10,10
55,57723048,1049196,6,43017984,16384,99,17,10,10
55,57723048,1049196,7,42508288,4096,36,8,10,10
55,57723048,1049196,8,55098368,1024,3,1,10,10
55,57723048,1049196,9,55623168,256,3,1,10,10
56,58772244,1044753,0,47719680,65536,48,8,6,6
56,58772244,1044753,1,40937216,16384,47,9,6,6
56,58772244,1044753,2,46669568,65536,47,9,6,6
56,58772244,1044753,3,46694144,16384,47,9,6,6
56,58772244,1044753,4,48260352,16384,47,9,6,6
56,58772244,1044753,5,47228416,16384,12,2,6,6
57,59816997,1047586,0,42508288,4096,49,11,10,10
57,59816997,1047586,1,56115712,65536,42,6,10,10
57,59816997,1047586,2,43556352,4096,31,7,10,10
57,59816997,1047586,3,53000448,4096,31,7,10,10
57,59816997,1047586,4,56674048,65536,24,4,10,10
57,59816997,1047586,5,58214912,65536,24,4,10,10
57,59816997,1047586,6,5759488,16384,15,3,10,10
57,59816997,1047586,7,55098368,1024,3,1,10,10
57,59816997,1047586,8,42968832,65536,36,6,10,10
57,59816997,1047586,9,43017984,16384,36,6,10,10
57,59816997,1047586,10,58239488,16384,24,4,10,10
57,59816997,1047586,11,57165568,65536,21,3,10,10
58,60864583,1045525,0,40937216,16384,61,11,6,6
58,60864583,1045525,1,46669568,65536,61,11,6,6
58,60864583,1045525,2,48260352,16384,61,11,6,6
58,60864583,1045525,3,31484928,256,3,1,6,6
58,60864583,1045525,4,46694144,16384,61,11,6,6
59,61910108,1051779,0,42508288,4096,66,16,10,10
59,61910108,1051779,1,43556352,4096,38,10,10,10
59,61910108,1051779,2,53000448,4096,38,10,10,10
59,61910108,1051779,3,56115712,65536,24,4,10,10
59,61910108,1051779,4,38839552,65536,21,3,10,10
59,61910108,1051779,5,5759488,16384,5,1,10,10
59,61910108,1051779,6,55096832,4096,5,1,10,10
59,61910108,1051779,7,42968832,65536,49,9,10,10
59,61910108,1051779,8,43017984,16384,49,9,10,10
60,62961887,1052056,0,40937216,16384,42,8,6,6
60,62961887,1052056,1,46669568,65536,42,8,6,6
60,62961887,1052056,2,48260352,16384,42,8,6,6
60,62961887,1052056,3,33055744,1024,6,2,6,6
60,62961887,1052056,4,46694144,16384,42,8,6,6
61,64013943,1049996,0,42508288,4096,60,12,10,10
61,64013943,1049996,1,57165568,65536,21,3,10,10
61,64013943,1049996,2,56115712,65536,12,2,10,10
61,64013943,1049996,3,62403072,65536,12,2,10,10
61,64013943,1049996,4,43556352,4096,10,2,10,10
61,64013943,1049996,5,53000448,4096,10,2,10,10
61,64013943,1049996,6,42968832,65536,27,5,10,10
61,64013943,1049996,7,43017984,16384,27,5,10,10
61,64013943,1049996,8,62435328,1024,7,3,10,10
62,65063939,1049331,0,65047552,16384,60,10,10,10
62,65063939,1049331,1,42968832,65536,48,8,10,10
62,65063939,1049331,2,43556352,4096,26,6,10,10
62,65063939,1049331,3,53000448,4096,26,6,10,10
62,65063939,1049331,4,62435328,1024,6,2,10,10
62,65063939,1049331,5,5243648,4096,5,1,10,10
62,65063939,1049331,6,55096832,4096,5,1,10,10
62,65063939,1049331,7,43017984,16384,48,8,10,10
62,65063939,1049331,8,42508288,4096,36,8,10,10
62,65063939,1049331,9,55098368,1024,3,1,10,10
63,66113270,1048925,0,42968832,65536,72,12,10,10
63,66113270,1048925,1,43556352,4096,32,8,10,10
63,66113270,1048925,2,53000448,4096,32,8,10,10
63,66113270,1048925,3,56115712,65536,25,5,10,10
63,66113270,1048925,4,62403072,65536,25,5,10,10
63,66113270,1048925,5,5759488,16384,12,2,10,10
63,66113270,1048925,6,64530688,16384,12,2,10,10
63,66113270,1048925,7,55098368,1024,5,3,10,10
63,66113270,1048925,8,43017984,16384,72,12,10,10
63,66113270,1048925,9,42508288,4096,60,14,10,10
63,66113270,1048925,10,62435328,1024,11,5,10,10
64,67162195,1048801,0,42508288,4096,96,22,10,10
64,67162195,1048801,1,66113280,65536,78,14,10,10
64,67162195,1048801,2,56115712,65536,33,5,10,10
64,67162195,1048801,3,62403072,65536,33,5,10,10
64,67162195,1048801,4,43556352,4096,30,6,10,10
64,67162195,1048801,5,53000448,4096,30,6,10,10
64,67162195,1048801,6,5759488,16384,12,2,10,10
64,67162195,1048801,7,64530688,16384,12,2,10,10
64,67162195,1048801,8,36208640,1024,10,4,10,10
64,67162195,1048801,9,42968832,65536,78,14,10,10
64,67162195,1048801,10,43017984,16384,78,14,10,10
64,67162195,1048801,11,66113280,4096,26,6,10,10
64,67162195,1048801,12,66113280,16384,8,2,10,10
64,67162195,1048801,13,62435328,1024,3,1,10,10
65,68210996,1049294,0,42968832,65536,111,17,10,10
65,68210996,1049294,1,66113280,65536,111,17,10,10
65,68210996,1049294,2,67162368,16384,111,17,10,10
65,68210996,1049294,3,36208640,1024,9,3,10,10
65,68210996,1049294,4,62435328,1024,7,3,10,10
65,68210996,1049294,5,43556352,4096,5,1,10,10
65,68210996,1049294,6,53000448,4096,5,1,10,10
65,68210996,1049294,7,55096832,4096,5,1,10,10
65,68210996,1049294,8,43017984,16384,111,17,10,10
65,68210996,1049294,9,67162368,65536,111,17,10,10
65,68210996,1049294,10,68145408,65536,111,17,10,10
65,68210996,1049294,11,66113280,4096,35,9,10,10
65,68210996,1049294,12,42508288,4096,28,6,10,10
65,68210996,1049294,13,67686144,1024,6,2,10,10
66,69260290,1048631,0,68145408,65536,72,12,10,10
66,69260290,1048631,1,42508288,4096,45,9,10,10
66,69260290,1048631,2,56115712,65536,42,6,10,10
66,69260290,1048631,3,62403072,65536,42,6,10,10
66,69260290,1048631,4,66113280,4096,30,6,10,10
66,69260290,1048631,5,43556352,4096,25,5,10,10
66,69260290,1048631,6,53000448,4096,25,5,10,10
66,69260290,1048631,7,68727552,16384,12,2,10,10
66,69260290,1048631,8,5243648,4096,5,1,10,10
66,69260290,1048631,9,26242304,256,4,2,10,10
66,69260290,1048631,10,55098368,1024,4,2,10,10
66,69260290,1048631,11,42968832,65536,30,6,10,10
66,69260290,1048631,12,43017984,16384,30,6,10,10
66,69260290,1048631,13,66113280,65536,30,6,10,10
66,69260290,1048631,14,67162368,16384,30,6,10,10
66,69260290,1048631,15,67162368,65536,30,6,10,10
66,69260290,1048631,16,62435328,1024,10,4,10,10
66,69260290,1048631,17,26242304,1024,4,2,10,10
66,69260290,1048631,18,67686144,1024,3,1,10,10
67,70308921,1050169,0,68145408,65536,153,23,10,10
67,70308921,1050169,1,42968832,65536,99,15,10,10
67,70308921,1050169,2,66113280,65536,99,15,10,10
67,70308921,1050169,3,56115712,65536,54,8,10,10
67,70308921,1050169,4,62403072,65536,54,8,10,10
67,70308921,1050169,5,70292480,16384,54,8,10,10
67,70308921,1050169,6,43556352,4096,49,11,10,10
67,70308921,1050169,7,53000448,4096,49,11,10,10
67,70308921,1050169,8,55098368,1024,6,2,10,10
67,70308921,1050169,9,43017984,16384,99,15,10,10
67,70308921,1050169,10,67162368,16384,99,15,10,10
67,70308921,1050169,11,67162368,65536,99,15,10,10
67,70308921,1050169,12,42508288,4096,57,13,10,10
67,70308921,1050169,13,66113280,4096,46,10,10,10
67,70308921,1050169,14,67686144,1024,3,1,10,10
67,70308921,1050169,15,69784064,1024,3,1,10,10
67,70308921,1050169,16,69260544,256,1,1,10,10
68,71359090,1054090,0,68145408,65536,81,13,10,10
68,71359090,1054090,1,56115712,65536,54,8,10,10
68,71359090,1054090,2,62403072,65536,54,8,10,10
68,71359090,1054090,3,70292480,16384,54,8,10,10
68,71359090,1054090,4,42508288,4096,51,11,10,10
68,71359090,1054090,5,66113280,65536,27,5,10,10
68,71359090,1054090,6,70309120,16384,27,5,10,10
68,71359090,1054090,7,57165568,65536,25,5,10,10
68,71359090,1054090,8,43556352,4096,18,4,10,10
68,71359090,1054090,9,53000448,4096,18,4,10,10
68,71359090,1054090,10,5759488,16384,12,2,10,10
68,71359090,1054090,11,64530688,16384,12,2,10,10
68,71359090,1054090,12,36208640,1024,3,1,10,10
68,71359090,1054090,13,55098368,1024,3,1,10,10
68,71359090,1054090,14,42968832,65536,27,5,10,10
68,71359090,1054090,15,43017984,16384,27,5,10,10
68,71359090,1054090,16,67162368,16384,27,5,10,10
68,71359090,1054090,17,67162368,65536,27,5,10,10
68,71359090,1054090,18,66604800,65536,25,5,10,10
68,71359090,1054090,19,66629376,16384,25,5,10,10
68,71359090,1054090,20,66635520,4096,25,5,10,10
68,71359090,1054090,21,66113280,4096,20,4,10,10
68,71359090,1054090,22,70309120,4096,18,4,10,10
68,71359090,1054090,23,5243648,4096,9,3,10,10
68,71359090,1054090,24,67686144,1024,8,4,10,10
68,71359090,1054090,25,69260544,1024,4,2,10,10
68,71359090,1054090,26,62435328,1024,3,1,10,10
68,71359090,1054090,27,69784064,1024,3,1,10,10
69,72413180,1048830,0,40937216,16384,92,18,6,6
69,72413180,1048830,1,46669568,65536,92,18,6,6
69,72413180,1048830,2,48260352,16384,92,18,6,6
69,72413180,1048830,3,33055744,1024,7,3,6,6
69,72413180,1048830,4,46694144,16384,92,18,6,6
69,72413180,1048830,5,47719680,65536,42,6,6,6
70,73462010,1043106,0,68145408,65536,114,18,10,10
70,73462010,1043106,1,42968832,65536,81,13,10,10
70,73462010,1043106,2,66113280,65536,81,13,10,10
70,73462010,1043106,3,70309120,16384,81,13,10,10
70,73462010,1043106,4,71853312,65536,81,13,10,10
70,73462010,1043106,5,43556352,4096,42,10,10,10
70,73462010,1043106,6,53000448,4096,42,10,10,10
70,73462010,1043106,7,56115712,65536,33,5,10,10
70,73462010,1043106,8,62403072,65536,33,5,10,10
70,73462010,1043106,9,70292480,16384,33,5,10,10
70,73462010,1043106,10,5759488,16384,17,3,10,10
70,73462010,1043106,11,55096832,4096,17,3,10,10
70,73462010,1043106,12,64530688,16384,17,3,10,10
70,73462010,1043106,13,36208640,1024,4,2,10,10
70,73462010,1043106,14,43017984,16384,81,13,10,10
70,73462010,1043106,15,67162368,16384,81,13,10,10
70,73462010,1043106,16,67162368,65536,81,13,10,10
70,73462010,1043106,17,42508288,4096,75,17,10,10
70,73462010,1043106,18,70309120,4096,42,10,10,10
70,73462010,1043106,19,66113280,4096,24,6,10,10
70,73462010,1043106,20,55098368,1024,4,2,10,10
70,73462010,1043106,21,62435328,1024,4,2,10,10
70,73462010,1043106,22,69260544,1024,3,1,10,10
71,74505116,1045745,0,42508288,4096,42,10,10,10
71,74505116,1045745,1,68145408,65536,36,6,10,10
71,74505116,1045745,2,56115712,65536,21,3,10,10
71,74505116,1045745,3,56674048,65536,21,3,10,10
71,74505116,1045745,4,58214912,65536,21,3,10,10
71,74505116,1045745,5,62403072,65536,21,3,10,10
71,74505116,1045745,6,70292480,16384,21,3,10,10
71,74505116,1045745,7,66113280,4096,18,4,10,10
71,74505116,1045745,8,70309120,16384,15,3,10,10
71,74505116,1045745,9,71853312,65536,15,3,10,10
71,74505116,1045745,10,43556352,4096,13,3,10,10
71,74505116,1045745,11,53000448,4096,13,3,10,10
71,74505116,1045745,12,5759488,16384,5,1,10,10
71,74505116,1045745,13,64530688,16384,5,1,10,10
71,74505116,1045745,14,58239488,16384,21,3,10,10
71,74505116,1045745,15,42968832,65536,15,3,10,10
71,74505116,1045745,16,43017984,16384,15,3,10,10
71,74505116,1045745,17,66113280,65536,15,3,10,10
71,74505116,1045745,18,67162368,16384,15,3,10,10
71,74505116,1045745,19,67162368,65536,15,3,10,10
71,74505116,1045745,20,70309120,4096,13,3,10,10
71,74505116,1045745,21,57165568,65536,5,1,10,10
71,74505116,1045745,22,66604800,65536,5,1,10,10
71,74505116,1045745,23,66629376,16384,5,1,10,10
71,74505116,1045745,24,66635520,4096,5,1,10,10
71,74505116,1045745,25,67686144,1024,3,1,10,10
71,74505116,1045745,26,69260544,1024,3,1,10,10
71,74505116,1045745,27,69784064,1024,3,1,10,10
71,74505116,1045745,28,71359232,1024,3,1,10,10
72,75550861,1049284,0,42968832,65536,66,10,10,10
72,75550861,1049284,1,66113280,65536,66,10,10,10
72,75550861,1049284,2,67162368,16384,66,10,10,10
72,75550861,1049284,3,70309120,16384,66,10,10,10
72,75550861,1049284,4,71853312,65536,66,10,10,10
72,75550861,1049284,5,43556352,4096,46,10,10,10
72,75550861,1049284,6,53000448,4096,46,10,10,10
72,75550861,1049284,7,74505216,65536,21,3,10,10
72,75550861,1049284,8,69260544,1024,5,1,10,10
72,75550861,1049284,9,36208640,1024,3,1,10,10
72,75550861,1049284,10,55098368,1024,3,1,10,10
72,75550861,1049284,11,43017984,16384,66,10,10,10
72,75550861,1049284,12,67162368,65536,66,10,10,10
72,75550861,1049284,13,68145408,65536,66,10,10,10
72,75550861,1049284,14,42508288,4096,51,11,10,10
72,75550861,1049284,15,70309120,4096,46,10,10,10
72,75550861,1049284,16,67686144,1024,3,1,10,10
72,75550861,1049284,17,69260544,256,1,1,10,10
73,76600145,1049404,0,42508288,4096,28,6,10,10
73,76600145,1049404,1,5759488,16384,24,4,10,10
73,76600145,1049404,2,64530688,16384,24,4,10,10
73,76600145,1049404,3,66113280,4096,15,3,10,10
73,76600145,1049404,4,69784064,1024,6,2,10,10
73,76600145,1049404,5,43556352,4096,5,1,10,10
73,76600145,1049404,6,53000448,4096,5,1,10,10
73,76600145,1049404,7,70309120,4096,5,1,10,10
73,76600145,1049404,8,36208640,1024,3,1,10,10
73,76600145,1049404,9,62435328,1024,3,1,10,10
73,76600145,1049404,10,69260544,1024,3,1,10,10
74,77649549,1049401,0,73457664,4096,37,9,6,6
74,77649549,1049401,1,40937216,16384,24,4,6,6
74,77649549,1049401,2,46669568,65536,24,4,6,6
74,77649549,1049401,3,48260352,16384,24,4,6,6
74,77649549,1049401,4,33055744,1024,11,3,6,6
74,77649549,1049401,5,31484928,256,1,1,6,6
74,77649549,1049401,6,50375168,256,1,1,6,6
74,77649549,1049401,7,73460736,1024,37,9,6,6
74,77649549,1049401,8,46694144,16384,24,4,6,6
74,77649549,1049401,9,72413184,16384,24,4,6,6
75,78698950,1050159,0,42968832,65536,99,17,10,10
75,78698950,1050159,1,66113280,65536,99,17,10,10
75,78698950,1050159,2,67162368,16384,99,17,10,10
75,78698950,1050159,3,70309120,16384,99,17,10,10
75,78698950,1050159,4,71853312,65536,99,17,10,10
75,78698950,1050159,5,5759488,16384,36,6,10,10
75,78698950,1050159,6,64530688,16384,36,6,10,10
75,78698950,1050159,7,57165568,65536,21,3,10,10
75,78698950,1050159,8,43556352,4096,9,3,10,10
75,78698950,1050159,9,53000448,4096,9,3,10,10
75,78698950,1050159,10,55098368,1024,8,4,10,10
75,78698950,1050159,11,43017984,16384,99,17,10,10
75,78698950,1050159,12,67162368,65536,99,17,10,10
75,78698950,1050159,13,68145408,65536,99,17,10,10
75,78698950,1050159,14,42508288,4096,28,8,10,10
75,78698950,1050159,15,66113280,4096,21,5,10,10
75,78698950,1050159,16,66604800,65536,21,3,10,10
75,78698950,1050159,17,66629376,16384,21,3,10,10
75,78698950,1050159,18,66635520,4096,21,3,10,10
75,78698950,1050159,19,70309120,4096,9,3,10,10
75,78698950,1050159,20,67686144,1024,7,3,10,10
75,78698950,1050159,21,5243648,4096,4,2,10,10
76,79749109,1047971,0,42508288,4096,47,11,10,10
76,79749109,1047971,1,43556352,4096,34,8,10,10
76,79749109,1047971,2,53000448,4096,34,8,10,10
76,79749109,1047971,3,70309120,4096,34,8,10,10
76,79749109,1047971,4,66113280,65536,33,5,10,10
76,79749109,1047971,5,67162368,16384,33,5,10,10
76,79749109,1047971,6,71853312,65536,33,5,10,10
76,79749109,1047971,7,78699008,4096,33,5,10,10
76,79749109,1047971,8,55098368,1024,3,1,10,10
76,79749109,1047971,9,42968832,65536,33,5,10,10
76,79749109,1047971,10,43017984,16384,33,5,10,10
76,79749109,1047971,11,67162368,65536,33,5,10,10
76,79749109,1047971,12,68145408,65536,33,5,10,10
76,79749109,1047971,13,70309120,16384,33,5,10,10
76,79749109,1047971,14,78699008,16384,33,5,10,10
76,79749109,1047971,15,66113280,4096,10,2,10,10
76,79749109,1047971,16,67686144,1024,3,1,10,10
77,80797080,1048978,0,42508288,4096,85,21,10,10
77,80797080,1048978,1,66113280,65536,51,9,10,10
77,80797080,1048978,2,67162368,16384,51,9,10,10
77,80797080,1048978,3,70309120,16384,51,9,10,10
77,80797080,1048978,4,71853312,65536,51,9,10,10
77,80797080,1048978,5,78699008,4096,51,9,10,10
77,80797080,1048978,6,79749120,256,51,9,10,10
77,80797080,1048978,7,43556352,4096,40,10,10,10
77,80797080,1048978,8,53000448,4096,40,10,10,10
77,80797080,1048978,9,5759488,16384,28,6,10,10
77,80797080,1048978,10,64530688,16384,28,6,10,10
77,80797080,1048978,11,56115712,65536,24,4,10,10
77,80797080,1048978,12,62403072,65536,24,4,10,10
77,80797080,1048978,13,70292480,16384,24,4,10,10
77,80797080,1048978,14,55096832,4096,8,2,10,10
77,80797080,1048978,15,36208640,1024,3,1,10,10
77,80797080,1048978,16,42968832,65536,51,9,10,10
77,80797080,1048978,17,43017984,16384,51,9,10,10
77,80797080,1048978,18,78699008,16384,51,9,10,10
77,80797080,1048978,19,79749120,1024,51,9,10,10
77,80797080,1048978,20,79749120,4096,51,9,10,10
77,80797080,1048978,21,79749120,16384,51,9,10,10
77,80797080,1048978,22,70309120,4096,40,10,10,10
77,80797080,1048978,23,68145408,65536,24,4,10,10
77,80797080,1048978,24,66113280,4096,16,4,10,10
77,80797080,1048978,25,80795904,1024,5,1,10,10
77,80797080,1048978,26,80796672,256,5,1,10,10
77,80797080,1048978,27,55098368,1024,3,1,10,10
77,80797080,1048978,28,62435328,1024,3,1,10,10
77,80797080,1048978,29,69260544,1024,3,1,10,10
78,81846058,1049627,0,42968832,65536,104,18,10,10
78,81846058,1049627,1,66113280,65536,104,18,10,10
78,81846058,1049627,2,67162368,16384,104,18,10,10
78,81846058,1049627,3,71853312,65536,104,18,10,10
78,81846058,1049627,4,78699008,4096,104,18,10,10
78,81846058,1049627,5,79749120,256,104,18,10,10
78,81846058,1049627,6,81780480,65536,104,18,10,10
78,81846058,1049627,7,56115712,65536,45,7,10,10
78,81846058,1049627,8,62403072,65536,45,7,10,10
78,81846058,1049627,9,70292480,16384,45,7,10,10
78,81846058,1049627,10,5759488,16384,32,6,10,10
78,81846058,1049627,11,64530688,16384,32,6,10,10
78,81846058,1049627,12,43556352,4096,22,6,10,10
78,81846058,1049627,13,53000448,4096,22,6,10,10
78,81846058,1049627,14,70309120,4096,22,6,10,10
78,81846058,1049627,15,38839552,65536,12,2,10,10
78,81846058,1049627,16,55098368,1024,8,4,10,10
78,81846058,1049627,17,36208640,1024,7,3,10,10
78,81846058,1049627,18,43017984,16384,104,18,10,10
78,81846058,1049627,19,78699008,16384,104,18,10,10
78,81846058,1049627,20,79749120,1024,104,18,10,10
78,81846058,1049627,21,79749120,4096,104,18,10,10
78,81846058,1049627,22,79749120,16384,104,18,10,10
78,81846058,1049627,23,42508288,4096,61,15,10,10
78,81846058,1049627,24,68145408,65536,45,7,10,10
78,81846058,1049627,25,66113280,4096,25,5,10,10
78,81846058,1049627,26,69260544,1024,15,5,10,10
78,81846058,1049627,27,69784064,1024,7,3,10,10
78,81846058,1049627,28,71359232,1024,4,2,10,10
78,81846058,1049627,29,5243648,4096,3,1,10,10
78,81846058,1049627,30,67686144,1024,3,1,10,10
79,82895685,1048835,0,1048320,65536,55,11,9,9
79,82895685,1048835,1,2097920,16384,55,11,9,9
79,82895685,1048835,2,4129792,65536,55,11,9,9
79,82895685,1048835,3,28852736,16384,55,11,9,9
79,82895685,1048835,4,44573440,65536,55,11,9,9
79,82895685,1048835,5,16797952,4096,38,8,9,9
79,82895685,1048835,6,16271616,4096,20,4,9,9
79,82895685,1048835,7,27812352,4096,20,4,9,9
79,82895685,1048835,8,34107136,4096,15,3,9,9
79,82895685,1048835,9,19943424,16384,12,2,9,9
79,82895685,1048835,10,0,1024,8,2,9,9
79,82895685,1048835,11,24139264,256,6,2,9,9
79,82895685,1048835,12,23094528,256,4,2,9,9
79,82895685,1048835,13,12591104,256,3,1,9,9
79,82895685,1048835,14,34637312,1024,3,1,9,9
79,82895685,1048835,15,37260032,1024,3,1,9,9
79,82895685,1048835,16,1540096,65536,55,11,9,9
79,82895685,1048835,17,28858880,4096,55,11,9,9
79,82895685,1048835,18,27813888,1024,20,4,9,9
79,82895685,1048835,19,0,4096,8,2,9,9
79,82895685,1048835,20,0,16384,8,2,9,9
79,82895685,1048835,21,24139264,1024,6,2,9,9
79,82895685,1048835,22,23094528,1024,4,2,9,9
79,82895685,1048835,23,523520,1024,3,1,9,9
79,82895685,1048835,24,523776,256,3,1,9,9
79,82895685,1048835,25,1047040,1024,3,1,9,9
79,82895685,1048835,26,12591104,1024,3,1,9,9
79,82895685,1048835,27,28339456,256,3,1,9,9
79,82895685,1048835,28,44605696,1024,3,1,9,9
79,82895685,1048835,29,19943424,256,1,1,9,9
79,82895685,1048835,30,37260544,256,1,1,9,9
80,83944520,1045011,0,57165568,65536,42,6,10,10
80,83944520,1045011,1,66604800,65536,42,6,10,10
80,83944520,1045011,2,42968832,65536,39,7,10,10
80,83944520,1045011,3,67162368,16384,39,7,10,10
80,83944520,1045011,4,78699008,4096,39,7,10,10
80,83944520,1045011,5,79749120,256,39,7,10,10
80,83944520,1045011,6,81780480,65536,39,7,10,10
80,83944520,1045011,7,81846272,65536,39,7,10,10
80,83944520,1045011,8,69751808,65536,21,3,10,10
80,83944520,1045011,9,5759488,16384,15,3,10,10
80,83944520,1045011,10,43556352,4096,15,3,10,10
80,83944520,1045011,11,53000448,4096,15,3,10,10
80,83944520,1045011,12,64530688,16384,15,3,10,10
80,83944520,1045011,13,70309120,4096,15,3,10,10
80,83944520,1045011,14,71359232,1024,6,2,10,10
80,83944520,1045011,15,36208640,1024,1,1,10,10
80,83944520,1045011,16,55098368,1024,1,1,10,10
80,83944520,1045011,17,66629376,16384,42,6,10,10
80,83944520,1045011,18,66635520,4096,42,6,10,10
80,83944520,1045011,19,43017984,16384,39,7,10,10
80,83944520,1045011,20,66113280,65536,39,7,10,10
80,83944520,1045011,21,78699008,16384,39,7,10,10
80,83944520,1045011,22,79749120,1024,39,7,10,10
80,83944520,1045011,23,79749120,4096,39,7,10,10
80,83944520,1045011,24,79749120,16384,39,7,10,10
80,83944520,1045011,25,42508288,4096,20,4,10,10
80,83944520,1045011,26,66113280,4096,18,6,10,10
80,83944520,1045011,27,82362624,16384,15,3,10,10
80,83944520,1045011,28,69784064,1024,3,1,10,10
80,83944520,1045011,29,67686144,1024,1,1,10,10
81,84989531,1048734,0,42508288,4096,58,14,10,10
81,84989531,1048734,1,43556352,4096,26,6,10,10
81,84989531,1048734,2,53000448,4096,26,6,10,10
81,84989531,1048734,3,66113280,4096,26,6,10,10
81,84989531,1048734,4,70309120,4096,26,6,10,10
81,84989531,1048734,5,67162368,16384,16,4,10,10
81,84989531,1048734,6,78699008,4096,16,4,10,10
81,84989531,1048734,7,79749120,256,16,4,10,10
81,84989531,1048734,8,81780480,65536,16,4,10,10
81,84989531,1048734,9,81846272,65536,16,4,10,10
81,84989531,1048734,10,55096832,4096,12,2,10,10
81,84989531,1048734,11,56115712,65536,12,2,10,10
81,84989531,1048734,12,62403072,65536,12,2,10,10
81,84989531,1048734,13,70292480,16384,12,2,10,10
81,84989531,1048734,14,84434176,65536,12,2,10,10
81,84989531,1048734,15,42968832,65536,16,4,10,10
81,84989531,1048734,16,43017984,16384,16,4,10,10
81,84989531,1048734,17,66113280,65536,16,4,10,10
81,84989531,1048734,18,78699008,16384,16,4,10,10
81,84989531,1048734,19,79749120,1024,16,4,10,10
81,84989531,1048734,20,79749120,4096,16,4,10,10
81,84989531,1048734,21,79749120,16384,16,4,10,10
81,84989531,1048734,22,68145408,65536,12,2,10,10
81,84989531,1048734,23,69260544,1024,11,3,10,10
81,84989531,1048734,24,69784064,1024,9,3,10,10
81,84989531,1048734,25,62435328,1024,4,2,10,10
81,84989531,1048734,26,67686144,1024,3,1,10,10
81,84989531,1048734,27,55098368,1024,2,2,10,10
81,84989531,1048734,28,84466944,256,1,1,10,10
82,86038265,1049376,0,42508288,4096,52,12,10,10
82,86038265,1049376,1,86021632,16384,46,8,10,10
82,86038265,1049376,2,43556352,4096,26,6,10,10
82,86038265,1049376,3,53000448,4096,26,6,10,10
82,86038265,1049376,4,70309120,4096,26,6,10,10
82,86038265,1049376,5,66113280,4096,15,3,10,10
82,86038265,1049376,6,5759488,16384,12,2,10,10
82,86038265,1049376,7,64530688,16384,12,2,10,10
82,86038265,1049376,8,82362624,16384,12,2,10,10
82,86038265,1049376,9,62435328,1024,4,2,10,10
82,86038265,1049376,10,69784064,1024,3,1,10,10
82,86038265,1049376,11,83944704,256,3,1,10,10
83,87087641,1048959,0,42968832,65536,78,14,10,10
83,87087641,1048959,1,66113280,65536,78,14,10,10
83,87087641,1048959,2,67162368,16384,78,14,10,10
83,87087641,1048959,3,78699008,4096,78,14,10,10
83,87087641,1048959,4,79749120,256,78,14,10,10
83,87087641,1048959,5,81780480,65536,78,14,10,10
83,87087641,1048959,6,81846272,65536,78,14,10,10
83,87087641,1048959,7,56115712,65536,42,6,10,10
83,87087641,1048959,8,62403072,65536,42,6,10,10
83,87087641,1048959,9,70292480,16384,42,6,10,10
83,87087641,1048959,10,84434176,65536,42,6,10,10
83,87087641,1048959,11,85480960,65536,42,6,10,10
83,87087641,1048959,12,57165568,65536,24,4,10,10
83,87087641,1048959,13,5759488,16384,20,4,10,10
83,87087641,1048959,14,64530688,16384,20,4,10,10
83,87087641,1048959,15,43556352,4096,13,3,10,10
83,87087641,1048959,16,53000448,4096,13,3,10,10
83,87087641,1048959,17,70309120,4096,13,3,10,10
83,87087641,1048959,18,55098368,1024,6,2,10,10
83,87087641,1048959,19,86038272,256,3,1,10,10
83,87087641,1048959,20,43017984,16384,78,14,10,10
83,87087641,1048959,21,78699008,16384,78,14,10,10
83,87087641,1048959,22,79749120,1024,78,14,10,10
83,87087641,1048959,23,79749120,4096,78,14,10,10
83,87087641,1048959,24,79749120,16384,78,14,10,10
83,87087641,1048959,25,68145408,65536,42,6,10,10
83,87087641,1048959,26,42508288,4096,36,8,10,10
83,87087641,1048959,27,66604800,65536,24,4,10,10
83,87087641,1048959,28,66629376,16384,24,4,10,10
83,87087641,1048959,29,66635520,4096,24,4,10,10
83,87087641,1048959,30,66113280,4096,22,6,10,10
83,87087641,1048959,31,82362624,16384,20,4,10,10
84,88136600,1048261,0,87087872,4096,58,10,10,10
84,88136600,1048261,1,42508288,4096,49,13,10,10
84,88136600,1048261,2,66113280,65536,45,7,10,10
84,88136600,1048261,3,67162368,16384,45,7,10,10
84,88136600,1048261,4,79749120,1024,45,7,10,10
84,88136600,1048261,5,81780480,65536,45,7,10,10
84,88136600,1048261,6,81846272,65536,45,7,10,10
84,88136600,1048261,7,86021632,16384,25,5,10,10
84,88136600,1048261,8,57165568,65536,21,3,10,10
84,88136600,1048261,9,43556352,4096,14,4,10,10
84,88136600,1048261,10,53000448,4096,14,4,10,10
84,88136600,1048261,11,70309120,4096,14,4,10,10
84,88136600,1048261,12,55096832,4096,12,2,10,10
84,88136600,1048261,13,56115712,65536,12,2,10,10
84,88136600,1048261,14,62403072,65536,12,2,10,10
84,88136600,1048261,15,70292480,16384,12,2,10,10
84,88136600,1048261,16,84434176,65536,12,2,10,10
84,88136600,1048261,17,86560768,4096,5,1,10,10
84,88136600,1048261,18,42968832,65536,45,7,10,10
84,88136600,1048261,19,43017984,16384,45,7,10,10
84,88136600,1048261,20,79749120,4096,45,7,10,10
84,88136600,1048261,21,79749120,16384,45,7,10,10
84,88136600,1048261,22,87087872,16384,45,7,10,10
84,88136600,1048261,23,87087872,65536,45,7,10,10
84,88136600,1048261,24,66113280,4096,25,7,10,10
84,88136600,1048261,25,66604800,65536,21,3,10,10
84,88136600,1048261,26,66629376,16384,21,3,10,10
84,88136600,1048261,27,66635520,4096,21,3,10,10
84,88136600,1048261,28,88132352,4096,13,3,10,10
84,88136600,1048261,29,68145408,65536,12,2,10,10
84,88136600,1048261,30,85480960,65536,12,2,10,10
84,88136600,1048261,31,81846272,4096,8,2,10,10
85,89184861,1050339,0,87087872,4096,57,11,10,10
85,89184861,1050339,1,42968832,65536,52,10,10,10
85,89184861,1050339,2,67162368,16384,52,10,10,10
85,89184861,1050339,3,79749120,4096,52,10,10,10
85,89184861,1050339,4,81780480,65536,52,10,10,10
85,89184861,1050339,5,81846272,65536,52,10,10,10
85,89184861,1050339,6,88136704,16384,52,10,10,10
85,89184861,1050339,7,66113280,4096,37,11,10,10
85,89184861,1050339,8,43556352,4096,23,5,10,10
85,89184861,1050339,9,53000448,4096,23,5,10,10
85,89184861,1050339,10,70309120,4096,23,5,10,10
85,89184861,1050339,11,57165568,65536,21,3,10,10
85,89184861,1050339,12,5759488,16384,8,2,10,10
85,89184861,1050339,13,64530688,16384,8,2,10,10
85,89184861,1050339,14,55098368,1024,6,2,10,10
85,89184861,1050339,15,71359232,1024,5,1,10,10
85,89184861,1050339,16,83944704,256,4,2,10,10
85,89184861,1050339,17,62435328,1024,3,1,10,10
85,89184861,1050339,18,69260544,256,1,1,10,10
85,89184861,1050339,19,43017984,16384,52,10,10,10
85,89184861,1050339,20,79749120,16384,52,10,10,10
85,89184861,1050339,21,87087872,16384,52,10,10,10
85,89184861,1050339,22,87087872,65536,52,10,10,10
85,89184861,1050339,23,88136704,65536,52,10,10,10
85,89184861,1050339,24,42508288,4096,33,7,10,10
85,89184861,1050339,25,66604800,65536,21,3,10,10
85,89184861,1050339,26,66629376,16384,21,3,10,10
85,89184861,1050339,27,66635520,4096,21,3,10,10
85,89184861,1050339,28,82362624,16384,8,2,10,10
85,89184861,1050339,29,67686144,1024,6,2,10,10
85,89184861,1050339,30,88132352,4096,5,1,10,10
86,90235200,1048918,0,42968832,65536,91,17,10,10
86,90235200,1048918,1,67162368,16384,91,17,10,10
86,90235200,1048918,2,79749120,4096,91,17,10,10
86,90235200,1048918,3,81780480,65536,91,17,10,10
86,90235200,1048918,4,81846272,65536,91,17,10,10
86,90235200,1048918,5,87087872,4096,91,17,10,10
86,90235200,1048918,6,88136704,16384,91,17,10,10
86,90235200,1048918,7,66113280,4096,28,6,10,10
86,90235200,1048918,8,76600320,65536,24,4,10,10
86,90235200,1048918,9,43556352,4096,17,5,10,10
86,90235200,1048918,10,53000448,4096,17,5,10,10
86,90235200,1048918,11,70309120,4096,17,5,10,10
86,90235200,1048918,12,86021632,16384,16,4,10,10
86,90235200,1048918,13,90218752,16384,12,2,10,10
86,90235200,1048918,14,71359232,1024,3,1,10,10
86,90235200,1048918,15,43017984,16384,91,17,10,10
86,90235200,1048918,16,79749120,16384,91,17,10,10
86,90235200,1048918,17,87087872,16384,91,17,10,10
86,90235200,1048918,18,87087872,65536,91,17,10,10
86,90235200,1048918,19,88136704,65536,91,17,10,10
86,90235200,1048918,20,42508288,4096,36,10,10,10
86,90235200,1048918,21,89185024,1024,7,3,10,10
86,90235200,1048918,22,67686144,1024,3,1,10,10
86,90235200,1048918,23,88135424,1024,3,1,10,10
88,92334574,1044990,0,91284224,1024,27,5,8,8
88,92334574,1044990,1,91284224,4096,21,3,8,8
88,92334574,1044990,2,91284224,16384,21,3,8,8
88,92334574,1044990,3,91284224,65536,21,3,8,8
89,93379564,1048442,0,87087872,4096,53,9,10,10
89,93379564,1048442,1,42968832,65536,48,8,10,10
89,93379564,1048442,2,67162368,16384,48,8,10,10
89,93379564,1048442,3,79749120,4096,48,8,10,10
89,93379564,1048442,4,81780480,65536,48,8,10,10
89,93379564,1048442,5,81846272,65536,48,8,10,10
89,93379564,1048442,6,88136704,16384,48,8,10,10
89,93379564,1048442,7,56115712,65536,42,6,10,10
89,93379564,1048442,8,62403072,65536,42,6,10,10
89,93379564,1048442,9,70292480,16384,42,6,10,10
89,93379564,1048442,10,84434176,65536,42,6,10,10
89,93379564,1048442,11,85480960,65536,42,6,10,10
89,93379564,1048442,12,90757632,4096,36,8,10,10
89,93379564,1048442,13,5759488,16384,19,3,10,10
89,93379564,1048442,14,64530688,16384,19,3,10,10
89,93379564,1048442,15,66113280,4096,18,4,10,10
89,93379564,1048442,16,90231040,4096,8,2,10,10
89,93379564,1048442,17,71359232,1024,6,2,10,10
89,93379564,1048442,18,43556352,4096,5,1,10,10
89,93379564,1048442,19,53000448,4096,5,1,10,10
89,93379564,1048442,20,70309120,4096,5,1,10,10
89,93379564,1048442,21,55098368,1024,3,1,10,10
89,93379564,1048442,22,86038272,256,3,1,10,10
89,93379564,1048442,23,43017984,16384,48,8,10,10
89,93379564,1048442,24,79749120,16384,48,8,10,10
89,93379564,1048442,25,87087872,16384,48,8,10,10
89,93379564,1048442,26,87087872,65536,48,8,10,10
89,93379564,1048442,27,88136704,65536,48,8,10,10
89,93379564,1048442,28,68145408,65536,42,6,10,10
89,93379564,1048442,29,42508288,4096,41,9,10,10
89,93379564,1048442,30,82362624,16384,19,3,10,10
89,93379564,1048442,31,67686144,1024,16,6,10,10
90,94428006,1047516,0,87087872,4096,124,24,10,10
90,94428006,1047516,1,42968832,65536,102,18,10,10
90,94428006,1047516,2,67162368,16384,102,18,10,10
90,94428006,1047516,3,79749120,4096,102,18,10,10
90,94428006,1047516,4,81780480,65536,102,18,10,10
90,94428006,1047516,5,81846272,65536,102,18,10,10
90,94428006,1047516,6,88136704,16384,102,18,10,10
90,94428006,1047516,7,90757632,4096,59,13,10,10
90,94428006,1047516,8,5759488,16384,24,4,10,10
90,94428006,1047516,9,64530688,16384,24,4,10,10
90,94428006,1047516,10,56674048,65536,15,3,10,10
90,94428006,1047516,11,58214912,65536,15,3,10,10
90,94428006,1047516,12,86021632,16384,12,2,10,10
90,94428006,1047516,13,71359232,1024,7,3,10,10
90,94428006,1047516,14,83944704,256,6,2,10,10
90,94428006,1047516,15,43556352,4096,5,1,10,10
90,94428006,1047516,16,53000448,4096,5,1,10,10
90,94428006,1047516,17,66113280,4096,5,1,10,10
90,94428006,1047516,18,70309120,4096,5,1,10,10
90,94428006,1047516,19,69784064,1024,4,2,10,10
90,94428006,1047516,20,86038272,256,4,2,10,10
90,94428006,1047516,21,36208640,1024,3,1,10,10
90,94428006,1047516,22,55098368,1024,3,1,10,10
90,94428006,1047516,23,89185024,1024,1,1,10,10
90,94428006,1047516,24,43017984,16384,102,18,10,10
90,94428006,1047516,25,79749120,16384,102,18,10,10
90,94428006,1047516,26,87087872,16384,102,18,10,10
90,94428006,1047516,27,87087872,65536,102,18,10,10
90,94428006,1047516,28,88136704,65536,102,18,10,10
90,94428006,1047516,29,42508288,4096,64,14,10,10
90,94428006,1047516,30,82362624,16384,24,4,10,10
90,94428006,1047516,31,88132352,4096,22,6,10,10
91,95475522,1047783,0,87087872,4096,98,18,10,10
91,95475522,1047783,1,42968832,65536,93,17,10,10
91,95475522,1047783,2,79749120,4096,93,17,10,10
91,95475522,1047783,3,81780480,65536,93,17,10,10
91,95475522,1047783,4,81846272,65536,93,17,10,10
91,95475522,1047783,5,88136704,16384,93,17,10,10
91,95475522,1047783,6,94918912,65536,93,17,10,10
91,95475522,1047783,7,56115712,65536,33,5,10,10
91,95475522,1047783,8,62403072,65536,33,5,10,10
91,95475522,1047783,9,68145408,65536,33,5,10,10
91,95475522,1047783,10,70292480,16384,33,5,10,10
91,95475522,1047783,11,84434176,65536,33,5,10,10
91,95475522,1047783,12,85480960,65536,33,5,10,10
91,95475522,1047783,13,43556352,4096,29,7,10,10
91,95475522,1047783,14,53000448,4096,29,7,10,10
91,95475522,1047783,15,70309120,4096,29,7,10,10
91,95475522,1047783,16,90757632,4096,26,6,10,10
91,95475522,1047783,17,57165568,65536,21,3,10,10
91,95475522,1047783,18,66604800,65536,21,3,10,10
91,95475522,1047783,19,55098368,1024,7,3,10,10
91,95475522,1047783,20,89185024,1024,6,2,10,10
91,95475522,1047783,21,36208640,1024,3,1,10,10
91,95475522,1047783,22,43017984,16384,93,17,10,10
91,95475522,1047783,23,79749120,16384,93,17,10,10
91,95475522,1047783,24,87087872,16384,93,17,10,10
91,95475522,1047783,25,87087872,65536,93,17,10,10
91,95475522,1047783,26,88136704,65536,93,17,10,10
91,95475522,1047783,27,42508288,4096,55,13,10,10
91,95475522,1047783,28,94428160,65536,33,5,10,10
91,95475522,1047783,29,66629376,16384,21,3,10,10
91,95475522,1047783,30,66635520,4096,21,3,10,10
91,95475522,1047783,31,86021632,16384,12,2,10,10
92,96523305,1048709,0,42508288,4096,66,16,10,10
92,96523305,1048709,1,87087872,4096,66,12,10,10
92,96523305,1048709,2,79749120,4096,51,9,10,10
92,96523305,1048709,3,81780480,65536,51,9,10,10
92,96523305,1048709,4,81846272,65536,51,9,10,10
92,96523305,1048709,5,88136704,16384,51,9,10,10
92,96523305,1048709,6,94918912,65536,51,9,10,10
92,96523305,1048709,7,66113280,4096,36,8,10,10
92,96523305,1048709,8,43556352,4096,33,9,10,10
92,96523305,1048709,9,53000448,4096,33,9,10,10
92,96523305,1048709,10,70309120,4096,33,9,10,10
92,96523305,1048709,11,90757632,4096,33,7,10,10
92,96523305,1048709,12,56115712,65536,33,5,10,10
92,96523305,1048709,13,62403072,65536,33,5,10,10
92,96523305,1048709,14,68145408,65536,33,5,10,10
92,96523305,1048709,15,70292480,16384,33,5,10,10
92,96523305,1048709,16,84434176,65536,33,5,10,10
92,96523305,1048709,17,85480960,65536,33,5,10,10
92,96523305,1048709,18,5759488,16384,29,5,10,10
92,96523305,1048709,19,64530688,16384,29,5,10,10
92,96523305,1048709,20,71359232,1024,9,3,10,10
92,96523305,1048709,21,89185024,1024,6,2,10,10
92,96523305,1048709,22,36208640,1024,4,2,10,10
92,96523305,1048709,23,78699008,256,4,2,10,10
92,96523305,1048709,24,42968832,65536,51,9,10,10
92,96523305,1048709,25,43017984,16384,51,9,10,10
92,96523305,1048709,26,79749120,16384,51,9,10,10
92,96523305,1048709,27,87087872,16384,51,9,10,10
92,96523305,1048709,28,87087872,65536,51,9,10,10
92,96523305,1048709,29,88136704,65536,51,9,10,10
92,96523305,1048709,30,94428160,65536,33,5,10,10
92,96523305,1048709,31,82362624,16384,29,5,10,10
93,97572014,1047722,0,87087872,4096,82,14,10,10
93,97572014,1047722,1,42968832,65536,72,12,10,10
93,97572014,1047722,2,79749120,4096,72,12,10,10
93,97572014,1047722,3,81780480,65536,72,12,10,10
93,97572014,1047722,4,81846272,65536,72,12,10,10
93,97572014,1047722,5,88136704,16384,72,12,10,10
93,97572014,1047722,6,94918912,65536,72,12,10,10
93,97572014,1047722,7,43556352,4096,37,9,10,10
93,97572014,1047722,8,53000448,4096,37,9,10,10
93,97572014,1047722,9,70309120,4096,37,9,10,10
93,97572014,1047722,10,86021632,16384,24,4,10,10
93,97572014,1047722,11,90757632,4096,23,5,10,10
93,97572014,1047722,12,66113280,4096,15,3,10,10
93,97572014,1047722,13,71359232,1024,10,4,10,10
93,97572014,1047722,14,62435328,1024,7,3,10,10
93,97572014,1047722,15,69784064,1024,7,3,10,10
93,97572014,1047722,16,67686144,1024,6,2,10,10
93,97572014,1047722,17,86038272,256,4,2,10,10
93,97572014,1047722,18,89185024,1024,4,2,10,10
93,97572014,1047722,19,55098368,1024,3,1,10,10
93,97572014,1047722,20,83944704,256,1,1,10,10
93,97572014,1047722,21,43017984,16384,72,12,10,10
93,97572014,1047722,22,79749120,16384,72,12,10,10
93,97572014,1047722,23,87087872,16384,72,12,10,10
93,97572014,1047722,24,87087872,65536,72,12,10,10
93,97572014,1047722,25,88136704,65536,72,12,10,10
93,97572014,1047722,26,42508288,4096,60,14,10,10
93,97572014,1047722,27,88132352,4096,10,2,10,10
93,97572014,1047722,28,86038272,1024,4,2,10,10
94,98619736,1047395,0,87087872,4096,57,11,10,10
94,98619736,1047395,1,42508288,4096,55,11,10,10
94,98619736,1047395,2,90757632,4096,45,9,10,10
94,98619736,1047395,3,79749120,16384,33,5,10,10
94,98619736,1047395,4,81780480,65536,33,5,10,10
94,98619736,1047395,5,81846272,65536,33,5,10,10
94,98619736,1047395,6,88136704,16384,33,5,10,10
94,98619736,1047395,7,94918912,65536,33,5,10,10
94,98619736,1047395,8,97572096,16384,33,5,10,10
94,98619736,1047395,9,56115712,65536,24,4,10,10
94,98619736,1047395,10,62403072,65536,24,4,10,10
94,98619736,1047395,11,68145408,65536,24,4,10,10
94,98619736,1047395,12,70292480,16384,24,4,10,10
94,98619736,1047395,13,84434176,65536,24,4,10,10
94,98619736,1047395,14,85480960,65536,24,4,10,10
94,98619736,1047395,15,66113280,4096,23,5,10,10
94,98619736,1047395,16,94411520,16384,15,3,10,10
94,98619736,1047395,17,43556352,4096,10,2,10,10
94,98619736,1047395,18,53000448,4096,10,2,10,10
94,98619736,1047395,19,70309120,4096,10,2,10,10
94,98619736,1047395,20,71359232,1024,8,2,10,10
94,98619736,1047395,21,5759488,16384,5,1,10,10
94,98619736,1047395,22,9447424,256,5,1,10,10
94,98619736,1047395,23,64530688,16384,5,1,10,10
94,98619736,1047395,24,36208640,1024,3,1,10,10
94,98619736,1047395,25,42968832,65536,33,5,10,10
94,98619736,1047395,26,43017984,16384,33,5,10,10
94,98619736,1047395,27,87087872,16384,33,5,10,10
94,98619736,1047395,28,87087872,65536,33,5,10,10
94,98619736,1047395,29,88136704,65536,33,5,10,10
94,98619736,1047395,30,88132352,4096,24,6,10,10
94,98619736,1047395,31,94428160,65536,24,4,10,10
95,99667131,1048501,0,42508288,4096,72,16,10,10
95,99667131,1048501,1,87087872,4096,70,14,10,10
95,99667131,1048501,2,79749120,16384,66,12,10,10
95,99667131,1048501,3,81780480,65536,66,12,10,10
95,99667131,1048501,4,81846272,65536,66,12,10,10
95,99667131,1048501,5,88136704,16384,66,12,10,10
95,99667131,1048501,6,94918912,65536,66,12,10,10
95,99667131,1048501,7,97572096,16384,66,12,10,10
95,99667131,1048501,8,98619904,65536,42,6,10,10
95,99667131,1048501,9,43556352,4096,39,9,10,10
95,99667131,1048501,10,53000448,4096,39,9,10,10
95,99667131,1048501,11,70309120,4096,39,9,10,10
95,99667131,1048501,12,90757632,4096,33,7,10,10
95,99667131,1048501,13,57165568,65536,24,4,10,10
95,99667131,1048501,14,66604800,65536,24,4,10,10
95,99667131,1048501,15,5759488,16384,16,4,10,10
95,99667131,1048501,16,64530688,16384,16,4,10,10
95,99667131,1048501,17,94411520,16384,15,3,10,10
95,99667131,1048501,18,56115712,65536,12,2,10,10
95,99667131,1048501,19,62403072,65536,12,2,10,10
95,99667131,1048501,20,68145408,65536,12,2,10,10
95,99667131,1048501,21,70292480,16384,12,2,10,10
95,99667131,1048501,22,84434176,65536,12,2,10,10
95,99667131,1048501,23,85480960,65536,12,2,10,10
95,99667131,1048501,24,55098368,1024,10,4,10,10
95,99667131,1048501,25,36208640,1024,6,2,10,10
95,99667131,1048501,26,71359232,1024,4,2,10,10
95,99667131,1048501,27,86560768,4096,4,2,10,10
95,99667131,1048501,28,26242304,256,3,1,10,10
95,99667131,1048501,29,42968832,65536,66,12,10,10
95,99667131,1048501,30,43017984,16384,66,12,10,10
95,99667131,1048501,31,87087872,16384,66,12,10,10
96,100715632,1046864,0,56115712,65536,107,17,10,10
96,100715632,1046864,1,62403072,65536,107,17,10,10
96,100715632,1046864,2,68145408,65536,107,17,10,10
96,100715632,1046864,3,70292480,16384,107,17,10,10
96,100715632,1046864,4,84434176,65536,107,17,10,10
96,100715632,1046864,5,85480960,65536,107,17,10,10
96,100715632,1046864,6,94428160,65536,107,17,10,10
96,100715632,1046864,7,100649984,65536,107,17,10,10
96,100715632,1046864,8,42508288,4096,69,15,10,10
96,100715632,1046864,9,5759488,16384,68,12,10,10
96,100715632,1046864,10,64530688,16384,68,12,10,10
96,100715632,1046864,11,82362624,16384,68,12,10,10
96,100715632,1046864,12,43556352,4096,39,9,10,10
96,100715632,1046864,13,53000448,4096,39,9,10,10
96,100715632,1046864,14,70309120,4096,39,9,10,10
96,100715632,1046864,15,87087872,4096,34,6,10,10
96,100715632,1046864,16,90757632,4096,30,6,10,10
96,100715632,1046864,17,88136704,16384,24,4,10,10
96,100715632,1046864,18,97572096,16384,24,4,10,10
96,100715632,1046864,19,66113280,4096,21,5,10,10
96,100715632,1046864,20,71359232,1024,12,4,10,10
96,100715632,1046864,21,57165568,65536,12,2,10,10
96,100715632,1046864,22,36208640,1024,3,1,10,10
96,100715632,1046864,23,55098368,1024,3,1,10,10
96,100715632,1046864,24,42968832,65536,24,4,10,10
96,100715632,1046864,25,43017984,16384,24,4,10,10
96,100715632,1046864,26,81846272,65536,24,4,10,10
96,100715632,1046864,27,87087872,16384,24,4,10,10
96,100715632,1046864,28,87087872,65536,24,4,10,10
96,100715632,1046864,29,88136704,65536,24,4,10,10
96,100715632,1046864,30,94918912,65536,24,4,10,10
96,100715632,1046864,31,100183040,16384,24,4,10,10
97,101762496,1047087,0,87087872,4096,172,34,10,10
97,101762496,1047087,1,100699136,16384,154,28,10,10
97,101762496,1047087,2,56115712,65536,144,22,10,10
97,101762496,1047087,3,62403072,65536,144,22,10,10
97,101762496,1047087,4,68145408,65536,144,22,10,10
97,101762496,1047087,5,70292480,16384,144,22,10,10
97,101762496,1047087,6,84434176,65536,144,22,10,10
97,101762496,1047087,7,85480960,65536,144,22,10,10
97,101762496,1047087,8,94428160,65536,144,22,10,10
97,101762496,1047087,9,42968832,65536,128,22,10,10
97,101762496,1047087,10,81846272,65536,128,22,10,10
97,101762496,1047087,11,88136704,16384,128,22,10,10
97,101762496,1047087,12,97572096,16384,128,22,10,10
97,101762496,1047087,13,90757632,4096,59,13,10,10
97,101762496,1047087,14,5759488,16384,53,11,10,10
97,101762496,1047087,15,64530688,16384,53,11,10,10
97,101762496,1047087,16,57165568,65536,45,7,10,10
97,101762496,1047087,17,66604800,65536,45,7,10,10
97,101762496,1047087,18,43556352,4096,42,10,10,10
97,101762496,1047087,19,53000448,4096,42,10,10,10
97,101762496,1047087,20,70309120,4096,42,10,10,10
97,101762496,1047087,21,100715776,1024,25,11,10,10
97,101762496,1047087,22,93870848,65536,21,3,10,10
97,101762496,1047087,23,98619904,65536,21,3,10,10
97,101762496,1047087,24,89185024,1024,10,4,10,10
97,101762496,1047087,25,86038272,256,8,4,10,10
97,101762496,1047087,26,71359232,1024,7,3,10,10
97,101762496,1047087,27,26242304,256,4,2,10,10
97,101762496,1047087,28,36208640,1024,3,1,10,10
97,101762496,1047087,29,100649984,65536,144,22,10,10
97,101762496,1047087,30,43017984,16384,128,22,10,10
97,101762496,1047087,31,87087872,16384,128,22,10,10
98,102809583,1052458,0,42508288,4096,93,19,10,10
98,102809583,1052458,1,43556352,4096,50,10,10,10
98,102809583,1052458,2,53000448,4096,50,10,10,10
98,102809583,1052458,3,70309120,4096,50,10,10,10
98,102809583,1052458,4,90757632,4096,43,9,10,10
98,102809583,1052458,5,56115712,65536,29,5,10,10
98,102809583,1052458,6,62403072,65536,29,5,10,10
98,102809583,1052458,7,68145408,65536,29,5,10,10
98,102809583,1052458,8,70292480,16384,29,5,10,10
98,102809583,1052458,9,84434176,65536,29,5,10,10
98,102809583,1052458,10,85480960,65536,29,5,10,10
98,102809583,1052458,11,94428160,65536,29,5,10,10
98,102809583,1052458,12,100649984,65536,29,5,10,10
98,102809583,1052458,13,101762560,16384,29,5,10,10
98,102809583,1052458,14,87087872,4096,21,5,10,10
98,102809583,1052458,15,66113280,4096,15,3,10,10
98,102809583,1052458,16,99601408,65536,15,3,10,10
98,102809583,1052458,17,5759488,16384,12,2,10,10
98,102809583,1052458,18,64530688,16384,12,2,10,10
98,102809583,1052458,19,81846272,65536,12,2,10,10
98,102809583,1052458,20,88136704,16384,12,2,10,10
98,102809583,1052458,21,97572096,16384,12,2,10,10
98,102809583,1052458,22,55098368,1024,11,5,10,10
98,102809583,1052458,23,100715776,1024,6,2,10,10
98,102809583,1052458,24,81841920,4096,5,1,10,10
98,102809583,1052458,25,36208640,1024,4,2,10,10
98,102809583,1052458,26,71359232,1024,3,1,10,10
98,102809583,1052458,27,101762560,65536,29,5,10,10
98,102809583,1052458,28,102253056,65536,29,5,10,10
98,102809583,1052458,29,86021632,16384,27,5,10,10
98,102809583,1052458,30,42968832,65536,12,2,10,10
98,102809583,1052458,31,43017984,16384,12,2,10,10
99,103862041,1048466,0,47719680,65536,54,8,6,6
99,103862041,1048466,1,73457664,4096,35,7,6,6
99,103862041,1048466,2,40937216,16384,33,5,6,6
99,103862041,1048466,3,46669568,65536,33,5,6,6
99,103862041,1048466,4,77649664,65536,33,5,6,6
99,103862041,1048466,5,33055744,1024,11,5,6,6
99,103862041,1048466,6,31484928,256,2,2,6,6
99,103862041,1048466,7,50375168,256,2,2,6,6
99,103862041,1048466,8,73460736,1024,35,7,6,6
99,103862041,1048466,9,46694144,16384,33,5,6,6
99,103862041,1048466,10,48260352,16384,33,5,6,6
99,103862041,1048466,11,72413184,16384,33,5,6,6
100,104910507,1052545,0,47719680,65536,50,8,6,6
100,104910507,1052545,1,104353536,65536,50,8,6,6
100,104910507,1052545,2,73457664,4096,13,3,6,6
100,104910507,1052545,3,33055744,1024,8,2,6,6
100,104910507,1052545,4,62961920,256,4,2,6,6
100,104910507,1052545,5,73460736,1024,13,3,6,6
100,104910507,1052545,6,103862272,4096,4,2,6,6
100,104910507,1052545,7,72413184,256,1,1,6,6
101,105963052,1043174,0,72413184,16384,60,10,6,6
101,105963052,1043174,1,40937216,16384,48,8,6,6
101,105963052,1043174,2,46669568,65536,48,8,6,6
101,105963052,1043174,3,48260352,16384,48,8,6,6
101,105963052,1043174,4,77649664,65536,48,8,6,6
101,105963052,1043174,5,104893952,16384,48,8,6,6
101,105963052,1043174,6,105897472,65536,42,6,6,6
101,105963052,1043174,7,61385216,4096,5,1,6,6
101,105963052,1043174,8,33055744,1024,4,2,6,6
101,105963052,1043174,9,46694144,16384,48,8,6,6
101,105963052,1043174,10,47719680,65536,42,6,6,6
101,105963052,1043174,11,104353536,65536,42,6,6,6
101,105963052,1043174,12,73457664,4096,28,6,6,6
101,105963052,1043174,13,73460736,1024,28,6,6,6
101,105963052,1043174,14,104910592,4096,28,6,6,6
101,105963052,1043174,15,47228416,16384,12,2,6,6
101,105963052,1043174,16,103862272,4096,5,1,6,6
101,105963052,1043174,17,72413184,256,1,1,6,6
102,107006226,1047887,0,40937216,16384,39,7,6,6
102,107006226,1047887,1,46669568,65536,39,7,6,6
102,107006226,1047887,2,48260352,16384,39,7,6,6
102,107006226,1047887,3,72413184,16384,39,7,6,6
102,107006226,1047887,4,77649664,65536,39,7,6,6
102,107006226,1047887,5,104893952,16384,39,7,6,6
102,107006226,1047887,6,105897472,65536,12,2,6,6
102,107006226,1047887,7,33055744,1024,6,2,6,6
102,107006226,1047887,8,62961920,256,4,2,6,6
102,107006226,1047887,9,31484928,256,1,1,6,6
102,107006226,1047887,10,50375168,256,1,1,6,6
102,107006226,1047887,11,46694144,16384,39,7,6,6
102,107006226,1047887,12,47719680,65536,12,2,6,6
102,107006226,1047887,13,104353536,65536,12,2,6,6
102,107006226,1047887,14,73457664,4096,10,2,6,6
102,107006226,1047887,15,73460736,1024,10,2,6,6
102,107006226,1047887,16,104910592,4096,10,2,6,6
103,108054113,1055045,0,107522048,16384,40,8,6,6
103,108054113,1055045,1,40937216,16384,40,6,6,6
103,108054113,1055045,2,46669568,65536,40,6,6,6
103,108054113,1055045,3,48260352,16384,40,6,6,6
103,108054113,1055045,4,72413184,16384,40,6,6,6
103,108054113,1055045,5,77649664,65536,40,6,6,6
103,108054113,1055045,6,104893952,16384,40,6,6,6
103,108054113,1055045,7,104910592,4096,39,9,6,6
103,108054113,1055045,8,31484928,256,3,1,6,6
103,108054113,1055045,9,50375168,256,3,1,6,6
103,108054113,1055045,10,46694144,16384,40,6,6,6
103,108054113,1055045,11,107988480,65536,40,6,6,6
103,108054113,1055045,12,73457664,4096,39,9,6,6
103,108054113,1055045,13,73460736,1024,39,9,6,6
103,108054113,1055045,14,107529728,1024,30,6,6,6
103,108054113,1055045,15,107528192,4096,24,4,6,6
103,108054113,1055045,16,47719680,65536,21,3,6,6
103,108054113,1055045,17,104353536,65536,21,3,6,6
103,108054113,1055045,18,105897472,65536,21,3,6,6
103,108054113,1055045,19,72413184,256,1,1,6,6
104,109109158,1049000,0,87087872,4096,82,14,10,10
104,109109158,1049000,1,42968832,65536,69,11,10,10
104,109109158,1049000,2,81846272,65536,69,11,10,10
104,109109158,1049000,3,88136704,16384,69,11,10,10
104,109109158,1049000,4,94918912,65536,69,11,10,10
104,109109158,1049000,5,97572096,16384,69,11,10,10
104,109109158,1049000,6,100183040,16384,69,11,10,10
104,109109158,1049000,7,90757632,4096,28,6,10,10
104,109109158,1049000,8,5759488,16384,21,5,10,10
104,109109158,1049000,9,64530688,16384,21,5,10,10
104,109109158,1049000,10,102809600,4096,21,5,10,10
104,109109158,1049000,11,66113280,4096,18,4,10,10
104,109109158,1049000,12,43556352,4096,15,3,10,10
104,109109158,1049000,13,53000448,4096,15,3,10,10
104,109109158,1049000,14,70309120,4096,15,3,10,10
104,109109158,1049000,15,100715776,1024,12,4,10,10
104,109109158,1049000,16,71359232,1024,7,3,10,10
104,109109158,1049000,17,67686144,1024,6,2,10,10
104,109109158,1049000,18,55098368,1024,5,3,10,10
104,109109158,1049000,19,69260544,1024,3,1,10,10
104,109109158,1049000,20,89185024,1024,3,1,10,10
104,109109158,1049000,21,101762560,256,1,1,10,10
104,109109158,1049000,22,43017984,16384,69,11,10,10
104,109109158,1049000,23,87087872,16384,69,11,10,10
104,109109158,1049000,24,87087872,65536,69,11,10,10
104,109109158,1049000,25,88136704,65536,69,11,10,10
104,109109158,1049000,26,100699136,16384,69,11,10,10
104,109109158,1049000,27,42508288,4096,43,9,10,10
104,109109158,1049000,28,82362624,16384,21,5,10,10
104,109109158,1049000,29,88132352,4096,13,3,10,10
104,109109158,1049000,30,99667200,256,9,3,10,10
104,109109158,1049000,31,99667200,1024,9,3,10,10
105,110158158,1049924,0,87087872,4096,102,18,10,10
105,110158158,1049924,1,42968832,65536,97,17,10,10
105,110158158,1049924,2,81846272,65536,97,17,10,10
105,110158158,1049924,3,88136704,16384,97,17,10,10
105,110158158,1049924,4,94918912,65536,97,17,10,10
105,110158158,1049924,5,97572096,16384,97,17,10,10
105,110158158,1049924,6,100183040,16384,97,17,10,10
105,110158158,1049924,7,56115712,65536,84,12,10,10
105,110158158,1049924,8,62403072,65536,84,12,10,10
105,110158158,1049924,9,68145408,65536,84,12,10,10
105,110158158,1049924,10,70292480,16384,84,12,10,10
105,110158158,1049924,11,84434176,65536,84,12,10,10
105,110158158,1049924,12,85480960,65536,84,12,10,10
105,110158158,1049924,13,101762560,16384,84,12,10,10
105,110158158,1049924,14,66113280,4096,44,10,10,10
105,110158158,1049924,15,43556352,4096,26,6,10,10
105,110158158,1049924,16,53000448,4096,26,6,10,10
105,110158158,1049924,17,70309120,4096,26,6,10,10
105,110158158,1049924,18,90757632,4096,26,6,10,10
105,110158158,1049924,19,98619904,65536,21,3,10,10
105,110158158,1049924,20,5759488,16384,19,3,10,10
105,110158158,1049924,21,64530688,16384,19,3,10,10
105,110158158,1049924,22,102809600,4096,19,3,10,10
105,110158158,1049924,23,36176384,65536,12,2,10,10
105,110158158,1049924,24,89185024,1024,7,3,10,10
105,110158158,1049924,25,55098368,1024,6,2,10,10
105,110158158,1049924,26,100715776,1024,6,2,10,10
105,110158158,1049924,27,43017984,16384,97,17,10,10
105,110158158,1049924,28,87087872,16384,97,17,10,10
105,110158158,1049924,29,87087872,65536,97,17,10,10
105,110158158,1049924,30,88136704,65536,97,17,10,10
105,110158158,1049924,31,100699136,16384,97,17,10,10
106,111208082,1048061,0,42968832,65536,87,15,10,10
106,111208082,1048061,1,81846272,65536,87,15,10,10
106,111208082,1048061,2,87087872,4096,87,15,10,10
106,111208082,1048061,3,88136704,16384,87,15,10,10
106,111208082,1048061,4,94918912,65536,87,15,10,10
106,111208082,1048061,5,97572096,16384,87,15,10,10
106,111208082,1048061,6,100183040,16384,87,15,10,10
106,111208082,1048061,7,90757632,4096,28,8,10,10
106,111208082,1048061,8,43556352,4096,28,6,10,10
106,111208082,1048061,9,53000448,4096,28,6,10,10
106,111208082,1048061,10,70309120,4096,28,6,10,10
106,111208082,1048061,11,66113280,4096,27,7,10,10
106,111208082,1048061,12,56115712,65536,24,4,10,10
106,111208082,1048061,13,62403072,65536,24,4,10,10
106,111208082,1048061,14,68145408,65536,24,4,10,10
106,111208082,1048061,15,70292480,16384,24,4,10,10
106,111208082,1048061,16,84434176,65536,24,4,10,10
106,111208082,1048061,17,85480960,65536,24,4,10,10
106,111208082,1048061,18,101762560,16384,24,4,10,10
106,111208082,1048061,19,5759488,16384,15,3,10,10
106,111208082,1048061,20,64530688,16384,15,3,10,10
106,111208082,1048061,21,102809600,4096,15,3,10,10
106,111208082,1048061,22,100715776,1024,10,4,10,10
106,111208082,1048061,23,9447424,256,5,1,10,10
106,111208082,1048061,24,71359232,1024,3,1,10,10
106,111208082,1048061,25,43017984,16384,87,15,10,10
106,111208082,1048061,26,87087872,16384,87,15,10,10
106,111208082,1048061,27,87087872,65536,87,15,10,10
106,111208082,1048061,28,88136704,65536,87,15,10,10
106,111208082,1048061,29,100699136,16384,87,15,10,10
106,111208082,1048061,30,42508288,4096,56,14,10,10
106,111208082,1048061,31,94428160,65536,24,4,10,10
107,112256143,1047436,0,40937216,16384,64,12,6,6
107,112256143,1047436,1,46669568,65536,64,12,6,6
107,112256143,1047436,2,48260352,16384,64,12,6,6
107,112256143,1047436,3,72413184,16384,64,12,6,6
107,112256143,1047436,4,77649664,65536,64,12,6,6
107,112256143,1047436,5,104893952,16384,64,12,6,6
107,112256143,1047436,6,107988480,65536,64,12,6,6
107,112256143,1047436,7,104910592,4096,44,10,6,6
107,112256143,1047436,8,109043456,65536,21,3,6,6
107,112256143,1047436,9,33055744,1024,11,3,6,6
107,112256143,1047436,10,46694144,16384,64,12,6,6
107,112256143,1047436,11,73457664,4096,44,10,6,6
107,112256143,1047436,12,73460736,1024,44,10,6,6
107,112256143,1047436,13,107522048,16384,36,6,6,6
107,112256143,1047436,14,47719680,65536,21,3,6,6
107,112256143,1047436,15,104353536,65536,21,3,6,6
107,112256143,1047436,16,105897472,65536,21,3,6,6
107,112256143,1047436,17,107529728,1024,3,1,6,6
108,113303579,1052130,0,40937216,16384,112,20,6,6
108,113303579,1052130,1,46669568,65536,112,20,6,6
108,113303579,1052130,2,48260352,16384,112,20,6,6
108,113303579,1052130,3,72413184,16384,112,20,6,6
108,113303579,1052130,4,77649664,65536,112,20,6,6
108,113303579,1052130,5,104893952,16384,112,20,6,6
108,113303579,1052130,6,107988480,65536,112,20,6,6
108,113303579,1052130,7,104910592,4096,59,13,6,6
108,113303579,1052130,8,109043456,65536,25,5,6,6
108,113303579,1052130,9,46694144,16384,112,20,6,6
108,113303579,1052130,10,73457664,4096,59,13,6,6
108,113303579,1052130,11,73460736,1024,59,13,6,6
108,113303579,1052130,12,107522048,16384,47,9,6,6
108,113303579,1052130,13,47719680,65536,25,5,6,6
108,113303579,1052130,14,104353536,65536,25,5,6,6
108,113303579,1052130,15,105897472,65536,25,5,6,6
108,113303579,1052130,16,107529728,1024,18,4,6,6
108,113303579,1052130,17,107528192,4096,12,2,6,6
109,114355709,1042596,0,73457664,4096,33,7,6,6
109,114355709,1042596,1,104910592,4096,33,7,6,6
109,114355709,1042596,2,40937216,16384,33,5,6,6
109,114355709,1042596,3,46669568,65536,33,5,6,6
109,114355709,1042596,4,48260352,16384,33,5,6,6
109,114355709,1042596,5,77649664,65536,33,5,6,6
109,114355709,1042596,6,104893952,16384,33,5,6,6
109,114355709,1042596,7,107988480,65536,33,5,6,6
109,114355709,1042596,8,73460736,1024,33,7,6,6
109,114355709,1042596,9,46694144,16384,33,5,6,6
109,114355709,1042596,10,72413184,16384,33,5,6,6
109,114355709,1042596,11,107522048,16384,22,4,6,6
109,114355709,1042596,12,103862272,4096,8,2,6,6
109,114355709,1042596,13,107529728,1024,8,2,6,6
109,114355709,1042596,14,107528192,4096,5,1,6,6
110,115398305,1047858,0,47719680,65536,36,6,6,6
110,115398305,1047858,1,104353536,65536,36,6,6,6
110,115398305,1047858,2,105897472,65536,36,6,6,6
110,115398305,1047858,3,109043456,65536,36,6,6,6
110,115398305,1047858,4,107522048,16384,27,5,6,6
110,115398305,1047858,5,40937216,16384,15,3,6,6
110,115398305,1047858,6,46669568,65536,15,3,6,6
110,115398305,1047858,7,72413184,16384,15,3,6,6
110,115398305,1047858,8,77649664,65536,15,3,6,6
110,115398305,1047858,9,114355712,256,15,3,6,6
110,115398305,1047858,10,33055744,1024,9,3,6,6
110,115398305,1047858,11,46694144,16384,15,3,6,6
110,115398305,1047858,12,48260352,16384,15,3,6,6
110,115398305,1047858,13,104893952,16384,15,3,6,6
110,115398305,1047858,14,107988480,65536,15,3,6,6
110,115398305,1047858,15,114355712,1024,15,3,6,6
110,115398305,1047858,16,114355712,4096,15,3,6,6
110,115398305,1047858,17,114355712,16384,15,3,6,6
110,115398305,1047858,18,73457664,4096,13,3,6,6
110,115398305,1047858,19,73460736,1024,13,3,6,6
110,115398305,1047858,20,104910592,4096,13,3,6,6
110,115398305,1047858,21,115397120,1024,9,3,6,6
110,115398305,1047858,22,103862272,4096,5,1,6,6
110,115398305,1047858,23,115381760,16384,5,1,6,6
110,115398305,1047858,24,107529728,1024,4,2,6,6
110,115398305,1047858,25,72413184,256,2,2,6,6
111,116446163,1044254,0,40937216,16384,60,10,6,6
111,116446163,1044254,1,46669568,65536,60,10,6,6
111,116446163,1044254,2,48260352,16384,60,10,6,6
111,116446163,1044254,3,72413184,16384,60,10,6,6
111,116446163,1044254,4,77649664,65536,60,10,6,6
111,116446163,1044254,5,104893952,16384,60,10,6,6
111,116446163,1044254,6,107988480,65536,60,10,6,6
111,116446163,1044254,7,114355712,256,60,10,6,6
111,116446163,1044254,8,105897472,65536,45,7,6,6
111,116446163,1044254,9,109043456,65536,45,7,6,6
111,116446163,1044254,10,33055744,1024,3,1,6,6
111,116446163,1044254,11,46694144,16384,60,10,6,6
111,116446163,1044254,12,114355712,1024,60,10,6,6
111,116446163,1044254,13,114355712,4096,60,10,6,6
111,116446163,1044254,14,114355712,16384,60,10,6,6
111,116446163,1044254,15,47719680,65536,45,7,6,6
111,116446163,1044254,16,104353536,65536,45,7,6,6
111,116446163,1044254,17,73457664,4096,20,4,6,6
111,116446163,1044254,18,73460736,1024,20,4,6,6
111,116446163,1044254,19,104910592,4096,20,4,6,6
111,116446163,1044254,20,107522048,16384,15,3,6,6
111,116446163,1044254,21,103862272,4096,10,2,6,6
111,116446163,1044254,22,107529728,1024,3,1,6,6
111,116446163,1044254,23,115397120,1024,3,1,6,6
111,116446163,1044254,24,72413184,256,2,2,6,6
112,117490417,1048143,0,107522048,16384,32,6,6,6
112,117490417,1048143,1,103862272,4096,17,5,6,6
112,117490417,1048143,2,40937216,16384,12,2,6,6
112,117490417,1048143,3,46669568,65536,12,2,6,6
112,117490417,1048143,4,48260352,16384,12,2,6,6
112,117490417,1048143,5,77649664,65536,12,2,6,6
112,117490417,1048143,6,114355712,256,12,2,6,6
112,117490417,1048143,7,117424640,65536,12,2,6,6
112,117490417,1048143,8,33055744,1024,4,2,6,6
112,117490417,1048143,9,46694144,16384,12,2,6,6
112,117490417,1048143,10,104893952,16384,12,2,6,6
112,117490417,1048143,11,107988480,65536,12,2,6,6
112,117490417,1048143,12,114355712,1024,12,2,6,6
112,117490417,1048143,13,114355712,4096,12,2,6,6
112,117490417,1048143,14,114355712,16384,12,2,6,6
112,117490417,1048143,15,107529728,1024,8,2,6,6
112,117490417,1048143,16,107528192,4096,5,1,6,6
112,117490417,1048143,17,115397120,1024,4,2,6,6
113,118538560,1041394,0,107522048,16384,66,12,6,6
113,118538560,1041394,1,47719680,65536,58,10,6,6
113,118538560,1041394,2,104353536,65536,58,10,6,6
113,118538560,1041394,3,105897472,65536,58,10,6,6
113,118538560,1041394,4,109043456,65536,58,10,6,6
113,118538560,1041394,5,118522112,16384,42,8,6,6
113,118538560,1041394,6,40937216,16384,39,7,6,6
113,118538560,1041394,7,46669568,65536,39,7,6,6
113,118538560,1041394,8,77649664,65536,39,7,6,6
113,118538560,1041394,9,114355712,256,39,7,6,6
113,118538560,1041394,10,117424640,65536,39,7,6,6
113,118538560,1041394,11,73457664,4096,28,6,6,6
113,118538560,1041394,12,62961920,256,9,5,6,6
113,118538560,1041394,13,33055744,1024,8,2,6,6
113,118538560,1041394,14,118534400,4096,42,8,6,6
113,118538560,1041394,15,46694144,16384,39,7,6,6
113,118538560,1041394,16,48260352,16384,39,7,6,6
113,118538560,1041394,17,104893952,16384,39,7,6,6
113,118538560,1041394,18,107988480,65536,39,7,6,6
113,118538560,1041394,19,114355712,1024,39,7,6,6
113,118538560,1041394,20,114355712,4096,39,7,6,6
113,118538560,1041394,21,114355712,16384,39,7,6,6
113,118538560,1041394,22,73460736,1024,28,6,6,6
113,118538560,1041394,23,104910592,4096,28,6,6,6
113,118538560,1041394,24,107528192,4096,24,4,6,6
113,118538560,1041394,25,107529728,1024,24,4,6,6
113,118538560,1041394,26,115397120,1024,8,2,6,6
113,118538560,1041394,27,47228416,16384,7,1,6,6
113,118538560,1041394,28,72413184,16384,7,1,6,6
113,118538560,1041394,29,103862272,4096,5,1,6,6
113,118538560,1041394,30,72413184,256,1,1,6,6
114,119579954,1048210,0,40937216,16384,131,21,6,6
114,119579954,1048210,1,46669568,65536,131,21,6,6
114,119579954,1048210,2,48260352,16384,131,21,6,6
114,119579954,1048210,3,104893952,16384,131,21,6,6
114,119579954,1048210,4,107988480,65536,131,21,6,6
114,119579954,1048210,5,114355712,256,131,21,6,6
114,119579954,1048210,6,117424640,65536,131,21,6,6
114,119579954,1048210,7,118538752,16384,131,21,6,6
114,119579954,1048210,8,105897472,65536,102,16,6,6
114,119579954,1048210,9,109043456,65536,102,16,6,6
114,119579954,1048210,10,73457664,4096,47,11,6,6
114,119579954,1048210,11,118522112,16384,32,6,6,6
114,119579954,1048210,12,33055744,1024,4,2,6,6
114,119579954,1048210,13,62961920,256,3,1,6,6
114,119579954,1048210,14,46694144,16384,131,21,6,6
114,119579954,1048210,15,114355712,1024,131,21,6,6
114,119579954,1048210,16,114355712,4096,131,21,6,6
114,119579954,1048210,17,114355712,16384,131,21,6,6
114,119579954,1048210,18,47719680,65536,102,16,6,6
114,119579954,1048210,19,104353536,65536,102,16,6,6
114,119579954,1048210,20,73460736,1024,47,11,6,6
114,119579954,1048210,21,104910592,4096,47,11,6,6
114,119579954,1048210,22,107522048,16384,32,6,6,6
114,119579954,1048210,23,118534400,4096,32,6,6,6
114,119579954,1048210,24,107529728,1024,6,2,6,6
114,119579954,1048210,25,103862272,4096,5,1,6,6
114,119579954,1048210,26,115397120,1024,4,2,6,6
115,120628164,1047845,0,13641728,16384,262,44,9,9
115,120628164,1047845,1,1048320,65536,236,44,9,9
115,120628164,1047845,2,2097920,16384,236,44,9,9
115,120628164,1047845,3,4129792,65536,236,44,9,9
115,120628164,1047845,4,28852736,16384,236,44,9,9
115,120628164,1047845,5,44573440,65536,236,44,9,9
115,120628164,1047845,6,83878912,65536,236,44,9,9
115,120628164,1047845,7,16797952,4096,225,51,9,9
115,120628164,1047845,8,34637312,65536,141,21,9,9
115,120628164,1047845,9,40379136,65536,141,21,9,9
115,120628164,1047845,10,16271616,4096,92,20,9,9
115,120628164,1047845,11,27812352,4096,92,20,9,9
115,120628164,1047845,12,34107136,4096,29,7,9,9
115,120628164,1047845,13,523520,1024,23,9,9,9
115,120628164,1047845,14,24139264,256,21,7,9,9
115,120628164,1047845,15,37260032,1024,12,4,9,9
115,120628164,1047845,16,25193472,256,5,5,9,9
115,120628164,1047845,17,12591104,256,4,2,9,9
115,120628164,1047845,18,19943424,256,2,2,9,9
115,120628164,1047845,19,22039808,256,1,1,9,9
115,120628164,1047845,20,1540096,65536,236,44,9,9
115,120628164,1047845,21,28858880,4096,236,44,9,9
115,120628164,1047845,22,3080960,65536,141,21,9,9
115,120628164,1047845,23,16797952,16384,121,23,9,9
115,120628164,1047845,24,27813888,1024,92,20,9,9
115,120628164,1047845,25,83940352,4096,37,13,9,9
115,120628164,1047845,26,28339456,16384,36,6,9,9
115,120628164,1047845,27,34637312,1024,24,8,9,9
115,120628164,1047845,28,523776,256,23,9,9,9
115,120628164,1047845,29,24139264,1024,21,7,9,9
115,120628164,1047845,30,0,1024,15,3,9,9
115,120628164,1047845,31,0,4096,15,3,9,9
116,121676009,1048337,0,87087872,4096,105,17,10,10
116,121676009,1048337,1,42968832,65536,90,14,10,10
116,121676009,1048337,2,81846272,65536,90,14,10,10
116,121676009,1048337,3,88136704,16384,90,14,10,10
116,121676009,1048337,4,94918912,65536,90,14,10,10
116,121676009,1048337,5,97572096,16384,90,14,10,10
116,121676009,1048337,6,100183040,16384,90,14,10,10
116,121676009,1048337,7,98619904,65536,69,11,10,10
116,121676009,1048337,8,110650368,65536,69,11,10,10
116,121676009,1048337,9,90757632,4096,53,11,10,10
116,121676009,1048337,10,94411520,16384,27,5,10,10
116,121676009,1048337,11,100715776,1024,26,8,10,10
116,121676009,1048337,12,66113280,4096,21,5,10,10
116,121676009,1048337,13,56115712,65536,21,3,10,10
116,121676009,1048337,14,62403072,65536,21,3,10,10
116,121676009,1048337,15,68145408,65536,21,3,10,10
116,121676009,1048337,16,70292480,16384,21,3,10,10
116,121676009,1048337,17,84434176,65536,21,3,10,10
116,121676009,1048337,18,85480960,65536,21,3,10,10
116,121676009,1048337,19,101762560,16384,21,3,10,10
116,121676009,1048337,20,111208192,65536,21,3,10,10
116,121676009,1048337,21,5759488,16384,15,3,10,10
116,121676009,1048337,22,64530688,16384,15,3,10,10
116,121676009,1048337,23,102809600,4096,15,3,10,10
116,121676009,1048337,24,43556352,4096,13,3,10,10
116,121676009,1048337,25,53000448,4096,13,3,10,10
116,121676009,1048337,26,70309120,4096,13,3,10,10
116,121676009,1048337,27,89185024,1024,6,2,10,10
116,121676009,1048337,28,55096832,4096,5,1,10,10
116,121676009,1048337,29,86038272,256,4,2,10,10
116,121676009,1048337,30,36208640,1024,1,1,10,10
116,121676009,1048337,31,43017984,16384,90,14,10,10
117,122724346,1039846,0,40937216,16384,88,16,6,6
117,122724346,1039846,1,46669568,65536,88,16,6,6
117,122724346,1039846,2,48260352,16384,88,16,6,6
117,122724346,1039846,3,104893952,16384,88,16,6,6
117,122724346,1039846,4,107988480,65536,88,16,6,6
117,122724346,1039846,5,114355712,256,88,16,6,6
117,122724346,1039846,6,117424640,65536,88,16,6,6
117,122724346,1039846,7,118538752,16384,88,16,6,6
117,122724346,1039846,8,73457664,4096,36,8,6,6
117,122724346,1039846,9,104910592,4096,36,8,6,6
117,122724346,1039846,10,37785856,65536,21,3,6,6
117,122724346,1039846,11,33055744,1024,5,1,6,6
117,122724346,1039846,12,63487232,1024,3,1,6,6
117,122724346,1039846,13,46694144,16384,88,16,6,6
117,122724346,1039846,14,114355712,1024,88,16,6,6
117,122724346,1039846,15,114355712,4096,88,16,6,6
117,122724346,1039846,16,114355712,16384,88,16,6,6
117,122724346,1039846,17,73460736,1024,36,8,6,6
117,122724346,1039846,18,47228416,16384,12,2,6,6
117,122724346,1039846,19,72413184,16384,12,2,6,6
117,122724346,1039846,20,115397120,1024,5,1,6,6
118,123764192,1047401,0,40937216,16384,48,8,6,6
118,123764192,1047401,1,46669568,65536,48,8,6,6
118,123764192,1047401,2,48260352,16384,48,8,6,6
118,123764192,1047401,3,104893952,16384,48,8,6,6
118,123764192,1047401,4,107988480,65536,48,8,6,6
118,123764192,1047401,5,114355712,256,48,8,6,6
118,123764192,1047401,6,117424640,65536,48,8,6,6
118,123764192,1047401,7,118538752,16384,48,8,6,6
118,123764192,1047401,8,73457664,4096,23,5,6,6
118,123764192,1047401,9,104910592,4096,23,5,6,6
118,123764192,1047401,10,109043456,65536,12,2,6,6
118,123764192,1047401,11,119580160,65536,12,2,6,6
118,123764192,1047401,12,33055744,1024,3,1,6,6
118,123764192,1047401,13,123762944,1024,3,1,6,6
118,123764192,1047401,14,31484928,256,1,1,6,6
118,123764192,1047401,15,50375168,256,1,1,6,6
118,123764192,1047401,16,46694144,16384,48,8,6,6
118,123764192,1047401,17,114355712,1024,48,8,6,6
118,123764192,1047401,18,114355712,4096,48,8,6,6
118,123764192,1047401,19,114355712,16384,48,8,6,6
118,123764192,1047401,20,73460736,1024,23,5,6,6
118,123764192,1047401,21,47719680,65536,12,2,6,6
118,123764192,1047401,22,104353536,65536,12,2,6,6
118,123764192,1047401,23,105897472,65536,12,2,6,6
118,123764192,1047401,24,115397120,1024,3,1,6,6
119,124811593,1048069,0,42508288,4096,59,13,10,10
119,124811593,1048069,1,87087872,4096,59,13,10,10
119,124811593,1048069,2,88136704,16384,59,13,10,10
119,124811593,1048069,3,94918912,65536,59,13,10,10
119,124811593,1048069,4,97572096,16384,59,13,10,10
119,124811593,1048069,5,100183040,16384,59,13,10,10
119,124811593,1048069,6,122707712,16384,59,13,10,10
119,124811593,1048069,7,90757632,4096,54,12,10,10
119,124811593,1048069,8,82830080,65536,21,3,10,10
119,124811593,1048069,9,5759488,16384,17,3,10,10
119,124811593,1048069,10,64530688,16384,17,3,10,10
119,124811593,1048069,11,102809600,4096,17,3,10,10
119,124811593,1048069,12,86021632,16384,12,2,10,10
119,124811593,1048069,13,66113280,4096,10,2,10,10
119,124811593,1048069,14,55096832,4096,8,2,10,10
119,124811593,1048069,15,83944704,256,6,2,10,10
119,124811593,1048069,16,43556352,4096,5,1,10,10
119,124811593,1048069,17,53000448,4096,5,1,10,10
119,124811593,1048069,18,70309120,4096,5,1,10,10
119,124811593,1048069,19,69260544,1024,4,2,10,10
119,124811593,1048069,20,89185024,1024,4,2,10,10
119,124811593,1048069,21,62435328,1024,3,1,10,10
119,124811593,1048069,22,100715776,1024,3,1,10,10
119,124811593,1048069,23,111731456,1024,3,1,10,10
119,124811593,1048069,24,42968832,65536,59,13,10,10
119,124811593,1048069,25,43017984,16384,59,13,10,10
119,124811593,1048069,26,87087872,16384,59,13,10,10
119,124811593,1048069,27,87087872,65536,59,13,10,10
119,124811593,1048069,28,88136704,65536,59,13,10,10
119,124811593,1048069,29,100699136,16384,59,13,10,10
119,124811593,1048069,30,82362624,16384,17,3,10,10
119,124811593,1048069,31,69784064,1024,3,1,10,10
120,125859662,1047287,0,42508288,4096,53,13,10,10
120,125859662,1047287,1,87087872,16384,32,6,10,10
120,125859662,1047287,2,88136704,16384,32,6,10,10
120,125859662,1047287,3,94918912,65536,32,6,10,10
120,125859662,1047287,4,97572096,16384,32,6,10,10
120,125859662,1047287,5,100183040,16384,32,6,10,10
120,125859662,1047287,6,122707712,16384,32,6,10,10
120,125859662,1047287,7,125843200,16384,32,6,10,10
120,125859662,1047287,8,90757632,4096,31,7,10,10
120,125859662,1047287,9,43556352,4096,22,6,10,10
120,125859662,1047287,10,53000448,4096,22,6,10,10
120,125859662,1047287,11,70309120,4096,22,6,10,10
120,125859662,1047287,12,66113280,4096,15,3,10,10
120,125859662,1047287,13,94411520,16384,15,3,10,10
120,125859662,1047287,14,100715776,1024,11,3,10,10
120,125859662,1047287,15,86021632,16384,9,3,10,10
120,125859662,1047287,16,69784064,1024,6,2,10,10
120,125859662,1047287,17,71359232,1024,4,2,10,10
120,125859662,1047287,18,55098368,1024,3,1,10,10
120,125859662,1047287,19,36208640,1024,1,1,10,10
120,125859662,1047287,20,84466432,1024,1,1,10,10
120,125859662,1047287,21,42968832,65536,32,6,10,10
120,125859662,1047287,22,43017984,16384,32,6,10,10
120,125859662,1047287,23,87087872,65536,32,6,10,10
120,125859662,1047287,24,88136704,65536,32,6,10,10
120,125859662,1047287,25,100699136,16384,32,6,10,10
120,125859662,1047287,26,87087872,4096,24,6,10,10
120,125859662,1047287,27,88132352,4096,24,6,10,10
120,125859662,1047287,28,94423808,4096,15,3,10,10
120,125859662,1047287,29,98618624,1024,6,2,10,10
120,125859662,1047287,30,99667200,256,5,1,10,10
120,125859662,1047287,31,99667200,1024,5,1,10,10
121,126906949,1049127,0,56115712,65536,63,9,10,10
121,126906949,1049127,1,62403072,65536,63,9,10,10
121,126906949,1049127,2,68145408,65536,63,9,10,10
121,126906949,1049127,3,70292480,16384,63,9,10,10
121,126906949,1049127,4,85480960,65536,63,9,10,10
121,126906949,1049127,5,94428160,65536,63,9,10,10
121,126906949,1049127,6,100649984,65536,63,9,10,10
121,126906949,1049127,7,101762560,16384,63,9,10,10
121,126906949,1049127,8,111208192,65536,63,9,10,10
121,126906949,1049127,9,121676032,65536,63,9,10,10
121,126906949,1049127,10,42968832,65536,36,6,10,10
121,126906949,1049127,11,87087872,16384,36,6,10,10
121,126906949,1049127,12,88136704,16384,36,6,10,10
121,126906949,1049127,13,97572096,16384,36,6,10,10
121,126906949,1049127,14,125843200,16384,36,6,10,10
121,126906949,1049127,15,86560768,4096,17,5,10,10
121,126906949,1049127,16,100715776,1024,15,5,10,10
121,126906949,1049127,17,43556352,4096,15,3,10,10
121,126906949,1049127,18,53000448,4096,15,3,10,10
121,126906949,1049127,19,70309120,4096,15,3,10,10
121,126906949,1049127,20,90757632,4096,14,4,10,10
121,126906949,1049127,21,5243648,4096,13,3,10,10
121,126906949,1049127,22,71359232,1024,3,1,10,10
121,126906949,1049127,23,93379584,256,1,1,10,10
121,126906949,1049127,24,101762560,65536,63,9,10,10
121,126906949,1049127,25,102253056,65536,63,9,10,10
121,126906949,1049127,26,43017984,16384,36,6,10,10
121,126906949,1049127,27,87087872,65536,36,6,10,10
121,126906949,1049127,28,88136704,65536,36,6,10,10
121,126906949,1049127,29,94918912,65536,36,6,10,10
121,126906949,1049127,30,100183040,16384,36,6,10,10
121,126906949,1049127,31,100699136,16384,36,6,10,10
122,127956076,1044461,0,42968832,65536,32,8,10,10
122,127956076,1044461,1,87087872,16384,32,8,10,10
122,127956076,1044461,2,88136704,16384,32,8,10,10
122,127956076,1044461,3,94918912,65536,32,8,10,10
122,127956076,1044461,4,97572096,16384,32,8,10,10
122,127956076,1044461,5,100183040,16384,32,8,10,10
122,127956076,1044461,6,122707712,16384,32,8,10,10
122,127956076,1044461,7,125843200,16384,32,8,10,10
122,127956076,1044461,8,67096576,65536,21,3,10,10
122,127956076,1044461,9,90757632,4096,14,4,10,10
122,127956076,1044461,10,127430912,1024,12,4,10,10
122,127956076,1044461,11,86021632,16384,12,2,10,10
122,127956076,1044461,12,5759488,16384,10,2,10,10
122,127956076,1044461,13,64530688,16384,10,2,10,10
122,127956076,1044461,14,82362624,16384,10,2,10,10
122,127956076,1044461,15,102809600,4096,10,2,10,10
122,127956076,1044461,16,43556352,4096,5,1,10,10
122,127956076,1044461,17,53000448,4096,5,1,10,10
122,127956076,1044461,18,70309120,4096,5,1,10,10
122,127956076,1044461,19,36208640,1024,3,1,10,10
122,127956076,1044461,20,69784064,1024,3,1,10,10
122,127956076,1044461,21,84466432,1024,3,1,10,10
122,127956076,1044461,22,100715776,1024,3,1,10,10
122,127956076,1044461,23,101762560,256,1,1,10,10
122,127956076,1044461,24,43017984,16384,32,8,10,10
122,127956076,1044461,25,87087872,65536,32,8,10,10
122,127956076,1044461,26,88136704,65536,32,8,10,10
122,127956076,1044461,27,100699136,16384,32,8,10,10
122,127956076,1044461,28,42508288,4096,19,5,10,10
122,127956076,1044461,29,127431424,256,9,3,10,10
122,127956076,1044461,30,87087872,4096,5,1,10,10
122,127956076,1044461,31,88132352,4096,5,1,10,10
123,129000537,1042937,0,42508288,4096,32,8,10,10
123,129000537,1042937,1,90757632,4096,22,6,10,10
123,129000537,1042937,2,127956224,65536,21,3,10,10
123,129000537,1042937,3,87087872,16384,12,2,10,10
123,129000537,1042937,4,88136704,16384,12,2,10,10
123,129000537,1042937,5,94918912,65536,12,2,10,10
123,129000537,1042937,6,97572096,16384,12,2,10,10
123,129000537,1042937,7,100183040,16384,12,2,10,10
123,129000537,1042937,8,122707712,16384,12,2,10,10
123,129000537,1042937,9,125843200,16384,12,2,10,10
123,129000537,1042937,10,43556352,4096,10,2,10,10
123,129000537,1042937,11,53000448,4096,10,2,10,10
123,129000537,1042937,12,70309120,4096,10,2,10,10
123,129000537,1042937,13,5243648,4096,9,3,10,10
123,129000537,1042937,14,55096832,4096,8,2,10,10
123,129000537,1042937,15,62435328,1024,6,2,10,10
123,129000537,1042937,16,111731456,1024,6,2,10,10
123,129000537,1042937,17,100715776,1024,4,2,10,10
123,129000537,1042937,18,127430912,1024,4,2,10,10
123,129000537,1042937,19,86038272,256,3,1,10,10
123,129000537,1042937,20,89185024,1024,3,1,10,10
123,129000537,1042937,21,42968832,65536,12,2,10,10
123,129000537,1042937,22,43017984,16384,12,2,10,10
123,129000537,1042937,23,87087872,65536,12,2,10,10
123,129000537,1042937,24,88136704,65536,12,2,10,10
123,129000537,1042937,25,100699136,16384,12,2,10,10
123,129000537,1042937,26,98095360,1024,6,2,10,10
123,129000537,1042937,27,98095616,256,6,2,10,10
123,129000537,1042937,28,99667200,256,4,2,10,10
123,129000537,1042937,29,99667200,1024,4,2,10,10
123,129000537,1042937,30,127431424,256,4,2,10,10
123,129000537,1042937,31,86038272,1024,3,1,10,10
124,130043474,1052565,0,47719680,65536,24,4,6,6
124,130043474,1052565,1,104353536,65536,24,4,6,6
124,130043474,1052565,2,105897472,65536,24,4,6,6
124,130043474,1052565,3,109043456,65536,24,4,6,6
124,130043474,1052565,4,115398400,65536,24,4,6,6
124,130043474,1052565,5,119580160,65536,24,4,6,6
124,130043474,1052565,6,124285696,4096,18,4,6,6
124,130043474,1052565,7,107522048,16384,15,3,6,6
124,130043474,1052565,8,118522112,16384,15,3,6,6
124,130043474,1052565,9,40937216,16384,12,2,6,6
124,130043474,1052565,10,46669568,65536,12,2,6,6
124,130043474,1052565,11,114355712,256,12,2,6,6
124,130043474,1052565,12,117424640,65536,12,2,6,6
124,130043474,1052565,13,118538752,16384,12,2,6,6
124,130043474,1052565,14,73457664,4096,5,1,6,6
124,130043474,1052565,15,33055744,1024,3,1,6,6
124,130043474,1052565,16,118534400,4096,15,3,6,6
124,130043474,1052565,17,46694144,16384,12,2,6,6
124,130043474,1052565,18,48260352,16384,12,2,6,6
124,130043474,1052565,19,104893952,16384,12,2,6,6
124,130043474,1052565,20,107988480,65536,12,2,6,6
124,130043474,1052565,21,114355712,1024,12,2,6,6
124,130043474,1052565,22,114355712,4096,12,2,6,6
124,130043474,1052565,23,114355712,16384,12,2,6,6
124,130043474,1052565,24,73460736,1024,5,1,6,6
124,130043474,1052565,25,104910592,4096,5,1,6,6
124,130043474,1052565,26,115397120,1024,3,1,6,6
125,131096039,1047350,0,56115712,65536,25,5,10,10
125,131096039,1047350,1,62403072,65536,25,5,10,10
125,131096039,1047350,2,68145408,65536,25,5,10,10
125,131096039,1047350,3,70292480,16384,25,5,10,10
125,131096039,1047350,4,85480960,65536,25,5,10,10
125,131096039,1047350,5,94428160,65536,25,5,10,10
125,131096039,1047350,6,100649984,65536,25,5,10,10
125,131096039,1047350,7,101762560,16384,25,5,10,10
125,131096039,1047350,8,111208192,65536,25,5,10,10
125,131096039,1047350,9,121676032,65536,25,5,10,10
125,131096039,1047350,10,42508288,4096,20,4,10,10
125,131096039,1047350,11,5759488,16384,12,2,10,10
125,131096039,1047350,12,64530688,16384,12,2,10,10
125,131096039,1047350,13,82362624,16384,12,2,10,10
125,131096039,1047350,14,102809600,4096,12,2,10,10
125,131096039,1047350,15,43556352,4096,10,2,10,10
125,131096039,1047350,16,53000448,4096,10,2,10,10
125,131096039,1047350,17,70309120,4096,10,2,10,10
125,131096039,1047350,18,90757632,4096,10,2,10,10
125,131096039,1047350,19,66113280,4096,9,3,10,10
125,131096039,1047350,20,100715776,1024,6,2,10,10
125,131096039,1047350,21,89185024,1024,4,2,10,10
125,131096039,1047350,22,127430912,1024,4,2,10,10
125,131096039,1047350,23,55098368,1024,3,1,10,10
125,131096039,1047350,24,88135424,1024,3,1,10,10
125,131096039,1047350,25,98618624,1024,3,1,10,10
125,131096039,1047350,26,83944704,256,1,1,10,10
125,131096039,1047350,27,101762560,65536,25,5,10,10
125,131096039,1047350,28,102253056,65536,25,5,10,10
125,131096039,1047350,29,127431424,256,4,2,10,10
125,131096039,1047350,30,69784064,1024,3,1,10,10
125,131096039,1047350,31,100714496,1024,3,1,10,10
126,132143389,1052809,0,42968832,65536,79,15,10,10
126,132143389,1052809,1,87087872,16384,79,15,10,10
126,132143389,1052809,2,88136704,16384,79,15,10,10
126,132143389,1052809,3,94918912,65536,79,15,10,10
126,132143389,1052809,4,97572096,16384,79,15,10,10
126,132143389,1052809,5,100183040,16384,79,15,10,10
126,132143389,1052809,6,122707712,16384,79,15,10,10
126,132143389,1052809,7,125843200,16384,79,15,10,10
126,132143389,1052809,8,90757632,4096,40,10,10,10
126,132143389,1052809,9,66113280,4096,25,7,10,10
126,132143389,1052809,10,56115712,65536,21,3,10,10
126,132143389,1052809,11,62403072,65536,21,3,10,10
126,132143389,1052809,12,68145408,65536,21,3,10,10
126,132143389,1052809,13,70292480,16384,21,3,10,10
126,132143389,1052809,14,85480960,65536,21,3,10,10
126,132143389,1052809,15,101762560,16384,21,3,10,10
126,132143389,1052809,16,111208192,65536,21,3,10,10
126,132143389,1052809,17,43556352,4096,20,4,10,10
126,132143389,1052809,18,53000448,4096,20,4,10,10
126,132143389,1052809,19,70309120,4096,20,4,10,10
126,132143389,1052809,20,5759488,16384,12,2,10,10
126,132143389,1052809,21,64530688,16384,12,2,10,10
126,132143389,1052809,22,82362624,16384,12,2,10,10
126,132143389,1052809,23,102809600,4096,12,2,10,10
126,132143389,1052809,24,89185024,1024,9,3,10,10
126,132143389,1052809,25,100715776,1024,9,3,10,10
126,132143389,1052809,26,127430912,1024,9,3,10,10
126,132143389,1052809,27,55098368,1024,7,3,10,10
126,132143389,1052809,28,36208640,1024,4,2,10,10
126,132143389,1052809,29,84466432,1024,4,2,10,10
126,132143389,1052809,30,86038272,256,1,1,10,10
126,132143389,1052809,31,43017984,16384,79,15,10,10
127,133196198,1048059,0,42968832,65536,57,9,10,10
127,133196198,1048059,1,87087872,16384,57,9,10,10
127,133196198,1048059,2,88136704,16384,57,9,10,10
127,133196198,1048059,3,94918912,65536,57,9,10,10
127,133196198,1048059,4,97572096,16384,57,9,10,10
127,133196198,1048059,5,100183040,16384,57,9,10,10
127,133196198,1048059,6,122707712,16384,57,9,10,10
127,133196198,1048059,7,125843200,16384,57,9,10,10
127,133196198,1048059,8,56115712,65536,21,3,10,10
127,133196198,1048059,9,62403072,65536,21,3,10,10
127,133196198,1048059,10,68145408,65536,21,3,10,10
127,133196198,1048059,11,70292480,16384,21,3,10,10
127,133196198,1048059,12,101762560,16384,21,3,10,10
127,133196198,1048059,13,111208192,65536,21,3,10,10
127,133196198,1048059,14,132636928,65536,21,3,10,10
127,133196198,1048059,15,127430912,1024,17,5,10,10
127,133196198,1048059,16,66113280,4096,15,3,10,10
127,133196198,1048059,17,5759488,16384,12,2,10,10
127,133196198,1048059,18,64530688,16384,12,2,10,10
127,133196198,1048059,19,82362624,16384,12,2,10,10
127,133196198,1048059,20,86021632,16384,12,2,10,10
127,133196198,1048059,21,102809600,4096,12,2,10,10
127,133196198,1048059,22,127956224,1024,12,2,10,10
127,133196198,1048059,23,43556352,4096,10,2,10,10
127,133196198,1048059,24,53000448,4096,10,2,10,10
127,133196198,1048059,25,70309120,4096,10,2,10,10
127,133196198,1048059,26,90757632,4096,9,3,10,10
127,133196198,1048059,27,78699008,256,5,1,10,10
127,133196198,1048059,28,36208640,1024,3,1,10,10
127,133196198,1048059,29,55098368,1024,3,1,10,10
127,133196198,1048059,30,84466432,1024,3,1,10,10
127,133196198,1048059,31,86038272,256,1,1,10,10
128,134244257,1053802,0,42968832,65536,40,8,10,10
128,134244257,1053802,1,87087872,16384,40,8,10,10
128,134244257,1053802,2,88136704,16384,40,8,10,10
128,134244257,1053802,3,94918912,65536,40,8,10,10
128,134244257,1053802,4,97572096,16384,40,8,10,10
128,134244257,1053802,5,100183040,16384,40,8,10,10
128,134244257,1053802,6,122707712,16384,40,8,10,10
128,134244257,1053802,7,125843200,16384,40,8,10,10
128,134244257,1053802,8,56115712,65536,21,3,10,10
128,134244257,1053802,9,62403072,65536,21,3,10,10
128,134244257,1053802,10,68145408,65536,21,3,10,10
128,134244257,1053802,11,70292480,16384,21,3,10,10
128,134244257,1053802,12,101762560,16384,21,3,10,10
128,134244257,1053802,13,111208192,65536,21,3,10,10
128,134244257,1053802,14,132636928,65536,21,3,10,10
128,134244257,1053802,15,127430912,1024,14,4,10,10
128,134244257,1053802,16,94411520,16384,12,2,10,10
128,134244257,1053802,17,43556352,4096,10,2,10,10
128,134244257,1053802,18,53000448,4096,10,2,10,10
128,134244257,1053802,19,70309120,4096,10,2,10,10
128,134244257,1053802,20,125859840,4096,5,1,10,10
128,134244257,1053802,21,89185024,1024,4,2,10,10
128,134244257,1053802,22,55098368,1024,3,1,10,10
128,134244257,1053802,23,100715776,1024,3,1,10,10
128,134244257,1053802,24,131096064,256,3,1,10,10
128,134244257,1053802,25,43017984,16384,40,8,10,10
128,134244257,1053802,26,87087872,65536,40,8,10,10
128,134244257,1053802,27,88136704,65536,40,8,10,10
128,134244257,1053802,28,100699136,16384,40,8,10,10
128,134244257,1053802,29,100649984,65536,21,3,10,10
128,134244257,1053802,30,101762560,65536,21,3,10,10
128,134244257,1053802,31,102253056,65536,21,3,10,10
129,135298059,1053942,0,135232512,65536,42,6,10,10
129,135298059,1053942,1,66113280,4096,21,5,10,10
129,135298059,1053942,2,5759488,16384,12,2,10,10
129,135298059,1053942,3,42968832,65536,12,2,10,10
129,135298059,1053942,4,64530688,16384,12,2,10,10
129,135298059,1053942,5,82362624,16384,12,2,10,10
129,135298059,1053942,6,86021632,16384,12,2,10,10
129,135298059,1053942,7,87087872,16384,12,2,10,10
129,135298059,1053942,8,88136704,16384,12,2,10,10
129,135298059,1053942,9,94918912,65536,12,2,10,10
129,135298059,1053942,10,97572096,16384,12,2,10,10
129,135298059,1053942,11,100183040,16384,12,2,10,10
129,135298059,1053942,12,102809600,4096,12,2,10,10
129,135298059,1053942,13,122707712,16384,12,2,10,10
129,135298059,1053942,14,125843200,16384,12,2,10,10
129,135298059,1053942,15,127956224,1024,12,2,10,10
129,135298059,1053942,16,100715776,1024,11,3,10,10
129,135298059,1053942,17,43556352,4096,10,2,10,10
129,135298059,1053942,18,53000448,4096,10,2,10,10
129,135298059,1053942,19,70309120,4096,10,2,10,10
129,135298059,1053942,20,86038272,256,5,3,10,10
129,135298059,1053942,21,83944704,4096,5,1,10,10
129,135298059,1053942,22,55098368,1024,4,2,10,10
129,135298059,1053942,23,89185024,1024,4,2,10,10
129,135298059,1053942,24,36208640,1024,3,1,10,10
129,135298059,1053942,25,62435328,1024,3,1,10,10
129,135298059,1053942,26,111731456,1024,3,1,10,10
129,135298059,1053942,27,127430912,1024,3,1,10,10
129,135298059,1053942,28,131096064,256,3,1,10,10
129,135298059,1053942,29,43017984,16384,12,2,10,10
129,135298059,1053942,30,87087872,65536,12,2,10,10
129,135298059,1053942,31,88136704,65536,12,2,10,10
130,136352001,1050287,0,121119232,65536,91,15,9,9
130,136352001,1050287,1,3080960,65536,70,12,9,9
130,136352001,1050287,2,13641728,16384,70,12,9,9
130,136352001,1050287,3,34637312,65536,70,12,9,9
130,136352001,1050287,4,40379136,65536,70,12,9,9
130,136352001,1050287,5,16797952,4096,23,5,9,9
130,136352001,1050287,6,1048320,65536,15,3,9,9
130,136352001,1050287,7,4129792,65536,15,3,9,9
130,136352001,1050287,8,28852736,16384,15,3,9,9
130,136352001,1050287,9,44573440,65536,15,3,9,9
130,136352001,1050287,10,83878912,65536,15,3,9,9
130,136352001,1050287,11,16271616,4096,10,2,9,9
130,136352001,1050287,12,27812352,4096,10,2,9,9
130,136352001,1050287,13,34107136,4096,8,2,9,9
130,136352001,1050287,14,0,256,3,1,9,9
130,136352001,1050287,15,37260032,1024,3,1,9,9
130,136352001,1050287,16,12591104,256,1,1,9,9
130,136352001,1050287,17,25193472,256,1,1,9,9
130,136352001,1050287,18,121610240,65536,70,12,9,9
130,136352001,1050287,19,121143808,16384,21,3,9,9
130,136352001,1050287,20,1540096,65536,15,3,9,9
130,136352001,1050287,21,2097920,16384,15,3,9,9
130,136352001,1050287,22,28858880,4096,15,3,9,9
130,136352001,1050287,23,121659392,16384,15,3,9,9
130,136352001,1050287,24,120628224,4096,13,3,9,9
130,136352001,1050287,25,121671680,4096,13,3,9,9
130,136352001,1050287,26,27813888,1024,10,2,9,9
130,136352001,1050287,27,34637312,1024,3,1,9,9
130,136352001,1050287,28,12591104,1024,1,1,9,9
130,136352001,1050287,29,28339456,256,1,1,9,9
131,137402288,1047088,0,121671680,4096,32,8,9,9
131,137402288,1047088,1,19943424,16384,28,6,9,9
131,137402288,1047088,2,1048320,65536,24,4,9,9
131,137402288,1047088,3,2097920,16384,24,4,9,9
131,137402288,1047088,4,4129792,65536,24,4,9,9
131,137402288,1047088,5,28852736,16384,24,4,9,9
131,137402288,1047088,6,44573440,65536,24,4,9,9
131,137402288,1047088,7,83878912,65536,24,4,9,9
131,137402288,1047088,8,13641728,16384,21,3,9,9
131,137402288,1047088,9,34637312,65536,21,3,9,9
131,137402288,1047088,10,40379136,65536,21,3,9,9
131,137402288,1047088,11,16797952,4096,18,4,9,9
131,137402288,1047088,12,16271616,4096,5,1,9,9
131,137402288,1047088,13,27812352,4096,5,1,9,9
131,137402288,1047088,14,34107136,4096,5,1,9,9
131,137402288,1047088,15,1047040,1024,1,1,9,9
131,137402288,1047088,16,22039808,256,1,1,9,9
131,137402288,1047088,17,1540096,65536,24,4,9,9
131,137402288,1047088,18,28858880,4096,24,4,9,9
131,137402288,1047088,19,121659392,16384,24,4,9,9
131,137402288,1047088,20,3080960,65536,21,3,9,9
131,137402288,1047088,21,121119232,65536,21,3,9,9
131,137402288,1047088,22,121610240,65536,21,3,9,9
131,137402288,1047088,23,121674752,1024,19,5,9,9
131,137402288,1047088,24,121675520,256,19,5,9,9
131,137402288,1047088,25,120628224,4096,13,3,9,9
131,137402288,1047088,26,27813888,1024,5,1,9,9
131,137402288,1047088,27,44605696,1024,1,1,9,9
132,138449376,1039752,0,1048320,65536,45,7,9,9
132,138449376,1039752,1,2097920,16384,45,7,9,9
132,138449376,1039752,2,4129792,65536,45,7,9,9
132,138449376,1039752,3,28852736,16384,45,7,9,9
132,138449376,1039752,4,44573440,65536,45,7,9,9
132,138449376,1039752,5,83878912,65536,45,7,9,9
132,138449376,1039752,6,121659392,16384,45,7,9,9
132,138449376,1039752,7,16797952,4096,28,6,9,9
132,138449376,1039752,8,16271616,4096,23,5,9,9
132,138449376,1039752,9,27812352,4096,23,5,9,9
132,138449376,1039752,10,13641728,16384,21,3,9,9
132,138449376,1039752,11,34637312,65536,21,3,9,9
132,138449376,1039752,12,40379136,65536,21,3,9,9
132,138449376,1039752,13,11543296,256,1,1,9,9
132,138449376,1039752,14,12591104,256,1,1,9,9
132,138449376,1039752,15,1540096,65536,45,7,9,9
132,138449376,1039752,16,28858880,4096,45,7,9,9
132,138449376,1039752,17,121671680,4096,24,6,9,9
132,138449376,1039752,18,27813888,1024,23,5,9,9
132,138449376,1039752,19,3080960,65536,21,3,9,9
132,138449376,1039752,20,121119232,65536,21,3,9,9
132,138449376,1039752,21,121610240,65536,21,3,9,9
132,138449376,1039752,22,121674752,1024,19,5,9,9
132,138449376,1039752,23,121675520,256,19,5,9,9
132,138449376,1039752,24,120628224,4096,5,1,9,9
132,138449376,1039752,25,12591104,1024,1,1,9,9
132,138449376,1039752,26,28339456,256,1,1,9,9
133,139489128,1050639,0,56115712,65536,21,3,10,10
133,139489128,1050639,1,62403072,65536,21,3,10,10
133,139489128,1050639,2,68145408,65536,21,3,10,10
133,139489128,1050639,3,70292480,16384,21,3,10,10
133,139489128,1050639,4,100649984,65536,21,3,10,10
133,139489128,1050639,5,101762560,16384,21,3,10,10
133,139489128,1050639,6,111208192,65536,21,3,10,10
133,139489128,1050639,7,121676032,65536,21,3,10,10
133,139489128,1050639,8,132636928,65536,21,3,10,10
133,139489128,1050639,9,42508288,4096,14,4,10,10
133,139489128,1050639,10,90757632,4096,14,4,10,10
133,139489128,1050639,11,87087872,16384,12,2,10,10
133,139489128,1050639,12,88136704,16384,12,2,10,10
133,139489128,1050639,13,94918912,65536,12,2,10,10
133,139489128,1050639,14,97572096,16384,12,2,10,10
133,139489128,1050639,15,125843200,16384,12,2,10,10
133,139489128,1050639,16,66113280,4096,8,2,10,10
133,139489128,1050639,17,100715776,1024,4,2,10,10
133,139489128,1050639,18,83944704,256,3,1,10,10
133,139489128,1050639,19,127430912,1024,3,1,10,10
133,139489128,1050639,20,135298304,1024,3,1,10,10
133,139489128,1050639,21,55098368,1024,1,1,10,10
133,139489128,1050639,22,101762560,65536,21,3,10,10
133,139489128,1050639,23,102253056,65536,21,3,10,10
133,139489128,1050639,24,132661504,16384,21,3,10,10
133,139489128,1050639,25,42968832,65536,12,2,10,10
133,139489128,1050639,26,43017984,16384,12,2,10,10
133,139489128,1050639,27,87087872,65536,12,2,10,10
133,139489128,1050639,28,88136704,65536,12,2,10,10
133,139489128,1050639,29,100183040,16384,12,2,10,10
133,139489128,1050639,30,100699136,16384,12,2,10,10
133,139489128,1050639,31,122707712,16384,12,2,10,10
134,140539767,1048234,0,42968832,65536,51,9,10,10
134,140539767,1048234,1,87087872,16384,51,9,10,10
134,140539767,1048234,2,88136704,16384,51,9,10,10
134,140539767,1048234,3,94918912,65536,51,9,10,10
134,140539767,1048234,4,97572096,16384,51,9,10,10
134,140539767,1048234,5,100183040,16384,51,9,10,10
134,140539767,1048234,6,122707712,16384,51,9,10,10
134,140539767,1048234,7,125843200,16384,51,9,10,10
134,140539767,1048234,8,56115712,65536,21,3,10,10
134,140539767,1048234,9,62403072,65536,21,3,10,10
134,140539767,1048234,10,68145408,65536,21,3,10,10
134,140539767,1048234,11,70292480,16384,21,3,10,10
134,140539767,1048234,12,101762560,16384,21,3,10,10
134,140539767,1048234,13,111208192,65536,21,3,10,10
134,140539767,1048234,14,132636928,65536,21,3,10,10
134,140539767,1048234,15,100715776,1024,16,6,10,10
134,140539767,1048234,16,5759488,16384,15,3,10,10
134,140539767,1048234,17,43556352,4096,15,3,10,10
134,140539767,1048234,18,53000448,4096,15,3,10,10
134,140539767,1048234,19,64530688,16384,15,3,10,10
134,140539767,1048234,20,70309120,4096,15,3,10,10
134,140539767,1048234,21,82362624,16384,15,3,10,10
134,140539767,1048234,22,102809600,4096,15,3,10,10
134,140539767,1048234,23,66113280,4096,8,2,10,10
134,140539767,1048234,24,55098368,1024,4,2,10,10
134,140539767,1048234,25,43017984,16384,51,9,10,10
134,140539767,1048234,26,87087872,65536,51,9,10,10
134,140539767,1048234,27,88136704,65536,51,9,10,10
134,140539767,1048234,28,100699136,16384,51,9,10,10
134,140539767,1048234,29,100649984,65536,21,3,10,10
134,140539767,1048234,30,101762560,65536,21,3,10,10
134,140539767,1048234,31,102253056,65536,21,3,10,10
135,141588001,1047941,0,1048320,65536,36,6,9,9
135,141588001,1047941,1,2097920,16384,36,6,9,9
135,141588001,1047941,2,4129792,65536,36,6,9,9
135,141588001,1047941,3,28852736,16384,36,6,9,9
135,141588001,1047941,4,44573440,65536,36,6,9,9
135,141588001,1047941,5,83878912,65536,36,6,9,9
135,141588001,1047941,6,121659392,16384,36,6,9,9
135,141588001,1047941,7,138960896,16384,36,6,9,9
135,141588001,1047941,8,16271616,4096,31,7,9,9
135,141588001,1047941,9,16797952,4096,31,7,9,9
135,141588001,1047941,10,27812352,4096,31,7,9,9
135,141588001,1047941,11,19943424,16384,12,2,9,9
135,141588001,1047941,12,523520,1024,4,2,9,9
135,141588001,1047941,13,11543296,256,3,1,9,9
135,141588001,1047941,14,25193472,256,1,1,9,9
135,141588001,1047941,15,37260544,256,1,1,9,9
135,141588001,1047941,16,1540096,65536,36,6,9,9
135,141588001,1047941,17,28858880,4096,36,6,9,9
135,141588001,1047941,18,27813888,1024,31,7,9,9
135,141588001,1047941,19,138449408,256,8,2,9,9
135,141588001,1047941,20,138449408,1024,8,2,9,9
135,141588001,1047941,21,138449408,4096,8,2,9,9
135,141588001,1047941,22,138967040,4096,8,2,9,9
135,141588001,1047941,23,523776,256,4,2,9,9
135,141588001,1047941,24,121674752,1024,4,2,9,9
135,141588001,1047941,25,1047040,1024,3,1,9,9
135,141588001,1047941,26,44605696,1024,3,1,9,9
135,141588001,1047941,27,19943424,256,1,1,9,9
136,142635942,1048683,0,42508288,4096,46,12,10,10
136,142635942,1048683,1,87087872,16384,36,6,10,10
136,142635942,1048683,2,88136704,16384,36,6,10,10
136,142635942,1048683,3,94918912,65536,36,6,10,10
136,142635942,1048683,4,97572096,16384,36,6,10,10
136,142635942,1048683,5,100183040,16384,36,6,10,10
136,142635942,1048683,6,122707712,16384,36,6,10,10
136,142635942,1048683,7,125843200,16384,36,6,10,10
136,142635942,1048683,8,43556352,4096,24,6,10,10
136,142635942,1048683,9,53000448,4096,24,6,10,10
136,142635942,1048683,10,70309120,4096,24,6,10,10
136,142635942,1048683,11,90757632,4096,22,6,10,10
136,142635942,1048683,12,100715776,1024,22,6,10,10
136,142635942,1048683,13,86021632,16384,12,2,10,10
136,142635942,1048683,14,127956224,1024,12,2,10,10
136,142635942,1048683,15,66113280,4096,10,2,10,10
136,142635942,1048683,16,62435328,1024,7,3,10,10
136,142635942,1048683,17,111731456,1024,7,3,10,10
136,142635942,1048683,18,69784064,1024,6,2,10,10
136,142635942,1048683,19,127430912,1024,6,2,10,10
136,142635942,1048683,20,5759488,16384,5,1,10,10
136,142635942,1048683,21,64530688,16384,5,1,10,10
136,142635942,1048683,22,82362624,16384,5,1,10,10
136,142635942,1048683,23,102809600,4096,5,1,10,10
136,142635942,1048683,24,55098368,1024,4,2,10,10
136,142635942,1048683,25,71359232,1024,4,2,10,10
136,142635942,1048683,26,131096064,256,4,2,10,10
136,142635942,1048683,27,36208640,1024,3,1,10,10
136,142635942,1048683,28,67686144,1024,3,1,10,10
136,142635942,1048683,29,84466432,1024,3,1,10,10
136,142635942,1048683,30,42968832,65536,36,6,10,10
136,142635942,1048683,31,43017984,16384,36,6,10,10
137,143684625,1059844,0,13641728,16384,88,14,9,9
137,143684625,1059844,1,16797952,4096,75,17,9,9
137,143684625,1059844,2,1048320,65536,63,11,9,9
137,143684625,1059844,3,2097920,16384,63,11,9,9
137,143684625,1059844,4,4129792,65536,63,11,9,9
137,143684625,1059844,5,28852736,16384,63,11,9,9
137,143684625,1059844,6,44573440,65536,63,11,9,9
137,143684625,1059844,7,83878912,65536,63,11,9,9
137,143684625,1059844,8,121659392,16384,63,11,9,9
137,143684625,1059844,9,138960896,16384,63,11,9,9
137,143684625,1059844,10,34637312,65536,47,7,9,9
137,143684625,1059844,11,40379136,65536,47,7,9,9
137,143684625,1059844,12,16271616,4096,39,9,9,9
137,143684625,1059844,13,27812352,4096,39,9,9,9
137,143684625,1059844,14,34107136,4096,13,3,9,9
137,143684625,1059844,15,523520,1024,12,6,9,9
137,143684625,1059844,16,11543296,256,6,2,9,9
137,143684625,1059844,17,24139264,256,3,1,9,9
137,143684625,1059844,18,37260032,1024,3,1,9,9
137,143684625,1059844,19,22039808,256,1,1,9,9
137,143684625,1059844,20,25193472,256,1,1,9,9
137,143684625,1059844,21,1540096,65536,63,11,9,9
137,143684625,1059844,22,28858880,4096,63,11,9,9
137,143684625,1059844,23,121671680,4096,51,11,9,9
137,143684625,1059844,24,3080960,65536,47,7,9,9
137,143684625,1059844,25,121119232,65536,47,7,9,9
137,143684625,1059844,26,121610240,65536,47,7,9,9
137,143684625,1059844,27,16797952,16384,41,7,9,9
137,143684625,1059844,28,27813888,1024,39,9,9,9
137,143684625,1059844,29,120628224,4096,36,8,9,9
137,143684625,1059844,30,121674752,1024,27,9,9,9
137,143684625,1059844,31,83940352,4096,17,5,9,9
138,144744469,1047857,0,13641728,16384,37,7,9,9
138,144744469,1047857,1,121671680,4096,36,8,9,9
138,144744469,1047857,2,16797952,4096,31,7,9,9
138,144744469,1047857,3,3080960,65536,21,3,9,9
138,144744469,1047857,4,34637312,65536,21,3,9,9
138,144744469,1047857,5,40379136,65536,21,3,9,9
138,144744469,1047857,6,143684864,65536,21,3,9,9
138,144744469,1047857,7,83940352,4096,11,5,9,9
138,144744469,1047857,8,16271616,4096,10,2,9,9
138,144744469,1047857,9,27812352,4096,10,2,9,9
138,144744469,1047857,10,1048320,65536,8,2,9,9
138,144744469,1047857,11,4129792,65536,8,2,9,9
138,144744469,1047857,12,28852736,16384,8,2,9,9
138,144744469,1047857,13,44573440,65536,8,2,9,9
138,144744469,1047857,14,138449408,256,8,2,9,9
138,144744469,1047857,15,12591104,256,6,2,9,9
138,144744469,1047857,16,24139264,256,6,2,9,9
138,144744469,1047857,17,34107136,4096,5,1,9,9
138,144744469,1047857,18,523520,1024,3,1,9,9
138,144744469,1047857,19,11543296,256,3,1,9,9
138,144744469,1047857,20,37260032,1024,1,1,9,9
138,144744469,1047857,21,121674752,1024,23,5,9,9
138,144744469,1047857,22,120628224,4096,21,5,9,9
138,144744469,1047857,23,121119232,65536,21,3,9,9
138,144744469,1047857,24,121610240,65536,21,3,9,9
138,144744469,1047857,25,144181760,65536,21,3,9,9
138,144744469,1047857,26,144678912,65536,21,3,9,9
138,144744469,1047857,27,16797952,16384,16,4,9,9
138,144744469,1047857,28,121675520,256,15,3,9,9
138,144744469,1047857,29,27813888,1024,10,2,9,9
138,144744469,1047857,30,1540096,65536,8,2,9,9
138,144744469,1047857,31,2097920,16384,8,2,9,9
139,145792326,1049713,0,121119232,65536,42,6,9,9
139,145792326,1049713,1,16271616,4096,28,8,9,9
139,145792326,1049713,2,16797952,4096,28,8,9,9
139,145792326,1049713,3,27812352,4096,28,8,9,9
139,145792326,1049713,4,3080960,65536,21,3,9,9
139,145792326,1049713,5,13641728,16384,21,3,9,9
139,145792326,1049713,6,34637312,65536,21,3,9,9
139,145792326,1049713,7,40379136,65536,21,3,9,9
139,145792326,1049713,8,143684864,65536,21,3,9,9
139,145792326,1049713,9,144744704,65536,21,3,9,9
139,145792326,1049713,10,138449408,256,16,4,9,9
139,145792326,1049713,11,34107136,4096,13,3,9,9
139,145792326,1049713,12,1048320,65536,12,2,9,9
139,145792326,1049713,13,4129792,65536,12,2,9,9
139,145792326,1049713,14,19943424,16384,12,2,9,9
139,145792326,1049713,15,28852736,16384,12,2,9,9
139,145792326,1049713,16,44573440,65536,12,2,9,9
139,145792326,1049713,17,83878912,65536,12,2,9,9
139,145792326,1049713,18,11543296,256,7,3,9,9
139,145792326,1049713,19,24139264,256,6,2,9,9
139,145792326,1049713,20,523520,1024,4,2,9,9
139,145792326,1049713,21,37260032,1024,3,1,9,9
139,145792326,1049713,22,121610240,65536,42,6,9,9
139,145792326,1049713,23,27813888,1024,28,8,9,9
139,145792326,1049713,24,121674752,1024,24,6,9,9
139,145792326,1049713,25,144181760,65536,21,3,9,9
139,145792326,1049713,26,121671680,4096,20,4,9,9
139,145792326,1049713,27,121675520,256,20,4,9,9
139,145792326,1049713,28,138449408,1024,16,4,9,9
139,145792326,1049713,29,138449408,4096,16,4,9,9
139,145792326,1049713,30,138967040,4096,16,4,9,9
139,145792326,1049713,31,1540096,65536,12,2,9,9
140,146842039,1044950,0,13641728,16384,74,14,9,9
140,146842039,1044950,1,3080960,65536,50,10,9,9
140,146842039,1044950,2,34637312,65536,50,10,9,9
140,146842039,1044950,3,40379136,65536,50,10,9,9
140,146842039,1044950,4,121119232,65536,50,10,9,9
140,146842039,1044950,5,143684864,65536,50,10,9,9
140,146842039,1044950,6,144744704,65536,50,10,9,9
140,146842039,1044950,7,1048320,65536,27,5,9,9
140,146842039,1044950,8,4129792,65536,27,5,9,9
140,146842039,1044950,9,28852736,16384,27,5,9,9
140,146842039,1044950,10,44573440,65536,27,5,9,9
140,146842039,1044950,11,83878912,65536,27,5,9,9
140,146842039,1044950,12,138960896,16384,27,5,9,9
140,146842039,1044950,13,16797952,16384,24,4,9,9
140,146842039,1044950,14,24139264,256,7,3,9,9
140,146842039,1044950,15,16271616,4096,5,1,9,9
140,146842039,1044950,16,27812352,4096,5,1,9,9
140,146842039,1044950,17,37260032,1024,4,2,9,9
140,146842039,1044950,18,22039808,256,1,1,9,9
140,146842039,1044950,19,121610240,65536,50,10,9,9
140,146842039,1044950,20,144181760,65536,50,10,9,9
140,146842039,1044950,21,1540096,65536,27,5,9,9
140,146842039,1044950,22,2097920,16384,27,5,9,9
140,146842039,1044950,23,28858880,4096,27,5,9,9
140,146842039,1044950,24,121659392,16384,27,5,9,9
140,146842039,1044950,25,121671680,4096,15,3,9,9
140,146842039,1044950,26,16797952,4096,10,2,9,9
140,146842039,1044950,27,121674752,1024,10,2,9,9
140,146842039,1044950,28,121675520,256,10,2,9,9
140,146842039,1044950,29,138449408,256,9,3,9,9
140,146842039,1044950,30,138449408,1024,9,3,9,9
140,146842039,1044950,31,138449408,4096,9,3,9,9
141,147886989,1046933,0,56115712,65536,57,9,10,10
141,147886989,1046933,1,62403072,65536,57,9,10,10
141,147886989,1046933,2,68145408,65536,57,9,10,10
141,147886989,1046933,3,70292480,16384,57,9,10,10
141,147886989,1046933,4,100649984,65536,57,9,10,10
141,147886989,1046933,5,101762560,16384,57,9,10,10
141,147886989,1046933,6,111208192,65536,57,9,10,10
141,147886989,1046933,7,121676032,65536,57,9,10,10
141,147886989,1046933,8,132636928,65536,57,9,10,10
141,147886989,1046933,9,42508288,4096,29,7,10,10
141,147886989,1046933,10,43556352,4096,29,7,10,10
141,147886989,1046933,11,53000448,4096,29,7,10,10
141,147886989,1046933,12,70309120,4096,29,7,10,10
141,147886989,1046933,13,143158272,4096,29,7,10,10
141,147886989,1046933,14,66113280,4096,21,5,10,10
141,147886989,1046933,15,86021632,16384,12,2,10,10
141,147886989,1046933,16,87087872,16384,12,2,10,10
141,147886989,1046933,17,88136704,16384,12,2,10,10
141,147886989,1046933,18,94918912,65536,12,2,10,10
141,147886989,1046933,19,97572096,16384,12,2,10,10
141,147886989,1046933,20,125843200,16384,12,2,10,10
141,147886989,1046933,21,127956224,1024,12,2,10,10
141,147886989,1046933,22,55096832,4096,8,2,10,10
141,147886989,1046933,23,127430912,1024,7,3,10,10
141,147886989,1046933,24,81841920,4096,5,1,10,10
141,147886989,1046933,25,111203840,4096,5,1,10,10
141,147886989,1046933,26,71359232,1024,3,1,10,10
141,147886989,1046933,27,83944704,256,3,1,10,10
141,147886989,1046933,28,89185024,1024,3,1,10,10
141,147886989,1046933,29,100715776,1024,3,1,10,10
141,147886989,1046933,30,134770688,1024,3,1,10,10
141,147886989,1046933,31,101762560,65536,57,9,10,10
142,148933922,1051128,0,47719680,65536,63,9,6,6
142,148933922,1051128,1,104353536,65536,63,9,6,6
142,148933922,1051128,2,105897472,65536,63,9,6,6
142,148933922,1051128,3,109043456,65536,63,9,6,6
142,148933922,1051128,4,119580160,65536,63,9,6,6
142,148933922,1051128,5,40937216,16384,39,7,6,6
142,148933922,1051128,6,46669568,65536,39,7,6,6
142,148933922,1051128,7,107988480,65536,39,7,6,6
142,148933922,1051128,8,114355712,256,39,7,6,6
142,148933922,1051128,9,117424640,65536,39,7,6,6
142,148933922,1051128,10,118538752,16384,39,7,6,6
142,148933922,1051128,11,124285696,4096,18,4,6,6
142,148933922,1051128,12,73457664,4096,15,3,6,6
142,148933922,1051128,13,61385216,4096,5,1,6,6
142,148933922,1051128,14,31484928,256,4,2,6,6
142,148933922,1051128,15,50375168,256,4,2,6,6
142,148933922,1051128,16,123762944,1024,1,1,6,6
142,148933922,1051128,17,46694144,16384,39,7,6,6
142,148933922,1051128,18,48260352,16384,39,7,6,6
142,148933922,1051128,19,104893952,16384,39,7,6,6
142,148933922,1051128,20,114355712,1024,39,7,6,6
142,148933922,1051128,21,114355712,4096,39,7,6,6
142,148933922,1051128,22,114355712,16384,39,7,6,6
142,148933922,1051128,23,73460736,1024,15,3,6,6
142,148933922,1051128,24,104910592,4096,15,3,6,6
142,148933922,1051128,25,103862272,4096,9,3,6,6
142,148933922,1051128,26,107522048,16384,5,1,6,6
142,148933922,1051128,27,107528192,4096,5,1,6,6
142,148933922,1051128,28,107529728,1024,5,1,6,6
143,149985050,1044901,0,13641728,16384,48,8,9,9
143,149985050,1044901,1,1048320,65536,42,6,9,9
143,149985050,1044901,2,2097920,16384,42,6,9,9
143,149985050,1044901,3,4129792,65536,42,6,9,9
143,149985050,1044901,4,28852736,16384,42,6,9,9
143,149985050,1044901,5,44573440,65536,42,6,9,9
143,149985050,1044901,6,83878912,65536,42,6,9,9
143,149985050,1044901,7,121659392,16384,42,6,9,9
143,149985050,1044901,8,138960896,16384,42,6,9,9
143,149985050,1044901,9,16797952,4096,29,7,9,9
143,149985050,1044901,10,34637312,65536,24,4,9,9
143,149985050,1044901,11,40379136,65536,24,4,9,9
143,149985050,1044901,12,143684864,65536,24,4,9,9
143,149985050,1044901,13,144744704,65536,24,4,9,9
143,149985050,1044901,14,16271616,4096,15,3,9,9
143,149985050,1044901,15,27812352,4096,15,3,9,9
143,149985050,1044901,16,146842112,4096,14,4,9,9
143,149985050,1044901,17,34107136,4096,13,3,9,9
143,149985050,1044901,18,19411200,16384,8,2,9,9
143,149985050,1044901,19,0,256,3,1,9,9
143,149985050,1044901,20,37260032,1024,3,1,9,9
143,149985050,1044901,21,12591104,256,1,1,9,9
143,149985050,1044901,22,1540096,65536,42,6,9,9
143,149985050,1044901,23,28858880,4096,42,6,9,9
143,149985050,1044901,24,3080960,65536,24,4,9,9
143,149985050,1044901,25,16797952,16384,24,4,9,9
143,149985050,1044901,26,121119232,65536,24,4,9,9
143,149985050,1044901,27,121610240,65536,24,4,9,9
143,149985050,1044901,28,144181760,65536,24,4,9,9
143,149985050,1044901,29,121671680,4096,19,5,9,9
143,149985050,1044901,30,27813888,1024,15,3,9,9
143,149985050,1044901,31,120628224,4096,14,4,9,9
144,151029951,1040616,0,13641728,16384,65,11,9,9
144,151029951,1040616,1,1048320,65536,58,12,9,9
144,151029951,1040616,2,2097920,16384,58,12,9,9
144,151029951,1040616,3,4129792,65536,58,12,9,9
144,151029951,1040616,4,28852736,16384,58,12,9,9
144,151029951,1040616,5,44573440,65536,58,12,9,9
144,151029951,1040616,6,83878912,65536,58,12,9,9
144,151029951,1040616,7,121659392,16384,58,12,9,9
144,151029951,1040616,8,138960896,16384,58,12,9,9
144,151029951,1040616,9,16797952,4096,48,10,9,9
144,151029951,1040616,10,34637312,65536,45,7,9,9
144,151029951,1040616,11,40379136,65536,45,7,9,9
144,151029951,1040616,12,143684864,65536,45,7,9,9
144,151029951,1040616,13,144744704,65536,45,7,9,9
144,151029951,1040616,14,16271616,4096,25,5,9,9
144,151029951,1040616,15,27812352,4096,25,5,9,9
144,151029951,1040616,16,146842112,4096,23,5,9,9
144,151029951,1040616,17,34107136,4096,5,1,9,9
144,151029951,1040616,18,12591104,256,4,2,9,9
144,151029951,1040616,19,1540096,65536,58,12,9,9
144,151029951,1040616,20,28858880,4096,58,12,9,9
144,151029951,1040616,21,3080960,65536,45,7,9,9
144,151029951,1040616,22,121119232,65536,45,7,9,9
144,151029951,1040616,23,121610240,65536,45,7,9,9
144,151029951,1040616,24,144181760,65536,45,7,9,9
144,151029951,1040616,25,121671680,4096,36,8,9,9
144,151029951,1040616,26,27813888,1024,25,5,9,9
144,151029951,1040616,27,120628224,4096,23,5,9,9
144,151029951,1040616,28,16797952,16384,20,4,9,9
144,151029951,1040616,29,121674752,1024,13,3,9,9
144,151029951,1040616,30,121675520,256,13,3,9,9
144,151029951,1040616,31,138449408,256,13,3,9,9
145,152070567,1048142,0,19943424,16384,28,6,9,9
145,152070567,1048142,1,16797952,4096,26,6,9,9
145,152070567,1048142,2,16271616,4096,21,5,9,9
145,152070567,1048142,3,27812352,4096,21,5,9,9
145,152070567,1048142,4,3080960,65536,21,3,9,9
145,152070567,1048142,5,13641728,16384,21,3,9,9
145,152070567,1048142,6,34637312,65536,21,3,9,9
145,152070567,1048142,7,40379136,65536,21,3,9,9
145,152070567,1048142,8,121119232,65536,21,3,9,9
145,152070567,1048142,9,143684864,65536,21,3,9,9
145,152070567,1048142,10,144744704,65536,21,3,9,9
145,152070567,1048142,11,136352256,1024,12,2,9,9
145,152070567,1048142,12,151548160,4096,8,2,9,9
145,152070567,1048142,13,45128960,1024,5,1,9,9
145,152070567,1048142,14,146842112,4096,5,1,9,9
145,152070567,1048142,15,12591104,256,3,1,9,9
145,152070567,1048142,16,28339456,256,3,1,9,9
145,152070567,1048142,17,27813888,1024,21,5,9,9
145,152070567,1048142,18,121610240,65536,21,3,9,9
145,152070567,1048142,19,144181760,65536,21,3,9,9
145,152070567,1048142,20,121671680,4096,13,3,9,9
145,152070567,1048142,21,136352256,4096,12,2,9,9
145,152070567,1048142,22,121674752,1024,8,2,9,9
145,152070567,1048142,23,121675520,256,8,2,9,9
145,152070567,1048142,24,151549696,1024,8,2,9,9
145,152070567,1048142,25,120628224,4096,5,1,9,9
145,152070567,1048142,26,12591104,1024,3,1,9,9
146,153118709,1046941,0,13641728,16384,52,10,9,9
146,153118709,1046941,1,16797952,16384,27,5,9,9
146,153118709,1046941,2,3080960,65536,25,5,9,9
146,153118709,1046941,3,34637312,65536,25,5,9,9
146,153118709,1046941,4,40379136,65536,25,5,9,9
146,153118709,1046941,5,121119232,65536,25,5,9,9
146,153118709,1046941,6,143684864,65536,25,5,9,9
146,153118709,1046941,7,144744704,65536,25,5,9,9
146,153118709,1046941,8,151548160,4096,13,3,9,9
146,153118709,1046941,9,152586240,16384,12,2,9,9
146,153118709,1046941,10,146842112,4096,10,2,9,9
146,153118709,1046941,11,34107136,4096,8,2,9,9
146,153118709,1046941,12,138449408,256,8,2,9,9
146,153118709,1046941,13,45128960,1024,7,3,9,9
146,153118709,1046941,14,16271616,4096,5,1,9,9
146,153118709,1046941,15,27812352,4096,5,1,9,9
146,153118709,1046941,16,37260032,1024,4,2,9,9
146,153118709,1046941,17,1047040,1024,3,1,9,9
146,153118709,1046941,18,24139264,256,3,1,9,9
146,153118709,1046941,19,83940352,4096,3,1,9,9
146,153118709,1046941,20,22039808,256,1,1,9,9
146,153118709,1046941,21,121610240,65536,25,5,9,9
146,153118709,1046941,22,144181760,65536,25,5,9,9
146,153118709,1046941,23,121671680,4096,23,5,9,9
146,153118709,1046941,24,16797952,4096,15,3,9,9
146,153118709,1046941,25,121674752,1024,13,3,9,9
146,153118709,1046941,26,121675520,256,13,3,9,9
146,153118709,1046941,27,151549696,1024,13,3,9,9
146,153118709,1046941,28,153102080,16384,12,2,9,9
146,153118709,1046941,29,120628224,4096,10,2,9,9
146,153118709,1046941,30,138449408,1024,8,2,9,9
146,153118709,1046941,31,138449408,4096,8,2,9,9
147,154165650,1049166,0,13641728,16384,89,15,9,9
147,154165650,1049166,1,16797952,16384,53,9,9,9
147,154165650,1049166,2,121674752,1024,42,12,9,9
147,154165650,1049166,3,151548160,4096,39,11,9,9
147,154165650,1049166,4,3080960,65536,36,6,9,9
147,154165650,1049166,5,34637312,65536,36,6,9,9
147,154165650,1049166,6,40379136,65536,36,6,9,9
147,154165650,1049166,7,143684864,65536,36,6,9,9
147,154165650,1049166,8,144744704,65536,36,6,9,9
147,154165650,1049166,9,1048320,65536,27,5,9,9
147,154165650,1049166,10,4129792,65536,27,5,9,9
147,154165650,1049166,11,28852736,16384,27,5,9,9
147,154165650,1049166,12,44573440,65536,27,5,9,9
147,154165650,1049166,13,83878912,65536,27,5,9,9
147,154165650,1049166,14,138960896,16384,27,5,9,9
147,154165650,1049166,15,153052928,65536,27,5,9,9
147,154165650,1049166,16,16271616,4096,17,5,9,9
147,154165650,1049166,17,27812352,4096,17,5,9,9
147,154165650,1049166,18,34107136,4096,8,2,9,9
147,154165650,1049166,19,0,256,7,3,9,9
147,154165650,1049166,20,37260032,1024,3,1,9,9
147,154165650,1049166,21,25193472,256,1,1,9,9
147,154165650,1049166,22,121671680,4096,39,11,9,9
147,154165650,1049166,23,121675520,256,39,11,9,9
147,154165650,1049166,24,151549696,1024,39,11,9,9
147,154165650,1049166,25,121119232,65536,36,6,9,9
147,154165650,1049166,26,121610240,65536,36,6,9,9
147,154165650,1049166,27,144181760,65536,36,6,9,9
147,154165650,1049166,28,1540096,65536,27,5,9,9
147,154165650,1049166,29,2097920,16384,27,5,9,9
147,154165650,1049166,30,28858880,4096,27,5,9,9
147,154165650,1049166,31,121659392,16384,27,5,9,9
148,155214816,1048578,0,13641728,16384,58,10,9,9
148,155214816,1048578,1,121674752,1024,53,15,9,9
148,155214816,1048578,2,1048320,65536,48,8,9,9
148,155214816,1048578,3,2097920,16384,48,8,9,9
148,155214816,1048578,4,4129792,65536,48,8,9,9
148,155214816,1048578,5,28852736,16384,48,8,9,9
148,155214816,1048578,6,44573440,65536,48,8,9,9
148,155214816,1048578,7,83878912,65536,48,8,9,9
148,155214816,1048578,8,138960896,16384,48,8,9,9
148,155214816,1048578,9,153052928,65536,48,8,9,9
148,155214816,1048578,10,34637312,65536,46,8,9,9
148,155214816,1048578,11,40379136,65536,46,8,9,9
148,155214816,1048578,12,143684864,65536,46,8,9,9
148,155214816,1048578,13,144744704,65536,46,8,9,9
148,155214816,1048578,14,151548160,4096,43,11,9,9
148,155214816,1048578,15,19943424,16384,28,6,9,9
148,155214816,1048578,16,34107136,4096,21,5,9,9
148,155214816,1048578,17,16797952,4096,15,3,9,9
148,155214816,1048578,18,29898496,16384,12,2,9,9
148,155214816,1048578,19,147356160,16384,12,2,9,9
148,155214816,1048578,20,523520,1024,10,4,9,9
148,155214816,1048578,21,10494208,16384,9,1,9,9
148,155214816,1048578,22,24139264,256,7,3,9,9
148,155214816,1048578,23,16271616,4096,5,1,9,9
148,155214816,1048578,24,27812352,4096,5,1,9,9
148,155214816,1048578,25,37260032,1024,3,1,9,9
148,155214816,1048578,26,121671680,4096,53,13,9,9
148,155214816,1048578,27,1540096,65536,48,8,9,9
148,155214816,1048578,28,28858880,4096,48,8,9,9
148,155214816,1048578,29,121659392,16384,48,8,9,9
148,155214816,1048578,30,3080960,65536,46,8,9,9
148,155214816,1048578,31,121119232,65536,46,8,9,9
149,156263394,1050649,0,1048320,65536,102,18,9,9
149,156263394,1050649,1,2097920,16384,102,18,9,9
149,156263394,1050649,2,4129792,65536,102,18,9,9
149,156263394,1050649,3,28852736,16384,102,18,9,9
149,156263394,1050649,4,44573440,65536,102,18,9,9
149,156263394,1050649,5,83878912,65536,102,18,9,9
149,156263394,1050649,6,121659392,16384,102,18,9,9
149,156263394,1050649,7,138960896,16384,102,18,9,9
149,156263394,1050649,8,153052928,65536,102,18,9,9
149,156263394,1050649,9,13641728,16384,56,10,9,9
149,156263394,1050649,10,34637312,65536,51,9,9,9
149,156263394,1050649,11,40379136,65536,51,9,9,9
149,156263394,1050649,12,143684864,65536,51,9,9,9
149,156263394,1050649,13,144744704,65536,51,9,9,9
149,156263394,1050649,14,16797952,4096,48,10,9,9
149,156263394,1050649,15,146842112,4096,28,6,9,9
149,156263394,1050649,16,151548160,4096,25,7,9,9
149,156263394,1050649,17,10494208,16384,24,4,9,9
149,156263394,1050649,18,16271616,4096,20,4,9,9
149,156263394,1050649,19,27812352,4096,20,4,9,9
149,156263394,1050649,20,156259072,4096,20,4,9,9
149,156263394,1050649,21,11543296,256,7,3,9,9
149,156263394,1050649,22,37260032,1024,6,2,9,9
149,156263394,1050649,23,25193472,256,2,2,9,9
149,156263394,1050649,24,1047040,1024,1,1,9,9
149,156263394,1050649,25,1540096,65536,102,18,9,9
149,156263394,1050649,26,28858880,4096,102,18,9,9
149,156263394,1050649,27,121671680,4096,53,13,9,9
149,156263394,1050649,28,3080960,65536,51,9,9,9
149,156263394,1050649,29,121119232,65536,51,9,9,9
149,156263394,1050649,30,121610240,65536,51,9,9,9
149,156263394,1050649,31,144181760,65536,51,9,9,9
150,157314043,1046398,0,121671680,4096,66,14,9,9
150,157314043,1046398,1,16797952,4096,46,10,9,9
150,157314043,1046398,2,151548160,4096,41,9,9,9
150,157314043,1046398,3,1048320,65536,33,5,9,9
150,157314043,1046398,4,2097920,16384,33,5,9,9
150,157314043,1046398,5,4129792,65536,33,5,9,9
150,157314043,1046398,6,28852736,16384,33,5,9,9
150,157314043,1046398,7,44573440,65536,33,5,9,9
150,157314043,1046398,8,83878912,65536,33,5,9,9
150,157314043,1046398,9,138960896,16384,33,5,9,9
150,157314043,1046398,10,153052928,65536,33,5,9,9
150,157314043,1046398,11,146842112,4096,25,5,9,9
150,157314043,1046398,12,16271616,4096,21,5,9,9
150,157314043,1046398,13,27812352,4096,21,5,9,9
150,157314043,1046398,14,156259072,4096,21,5,9,9
150,157314043,1046398,15,34107136,4096,18,4,9,9
150,157314043,1046398,16,10494208,16384,12,2,9,9
150,157314043,1046398,17,24139264,256,11,5,9,9
150,157314043,1046398,18,11543296,256,6,2,9,9
150,157314043,1046398,19,22035456,4096,5,1,9,9
150,157314043,1046398,20,1047040,1024,3,1,9,9
150,157314043,1046398,21,34637312,1024,3,1,9,9
150,157314043,1046398,22,37260032,1024,3,1,9,9
150,157314043,1046398,23,121674752,1024,41,9,9,9
150,157314043,1046398,24,121675520,256,41,9,9,9
150,157314043,1046398,25,151549696,1024,41,9,9,9
150,157314043,1046398,26,1540096,65536,33,5,9,9
150,157314043,1046398,27,28858880,4096,33,5,9,9
150,157314043,1046398,28,121659392,16384,33,5,9,9
150,157314043,1046398,29,120628224,4096,25,5,9,9
150,157314043,1046398,30,27813888,1024,21,5,9,9
150,157314043,1046398,31,10494208,65536,12,2,9,9
151,158360441,1048546,0,16797952,4096,70,16,9,9
151,158360441,1048546,1,13641728,16384,63,11,9,9
151,158360441,1048546,2,16271616,4096,46,10,9,9
151,158360441,1048546,3,27812352,4096,46,10,9,9
151,158360441,1048546,4,156259072,4096,46,10,9,9
151,158360441,1048546,5,121671680,4096,39,9,9,9
151,158360441,1048546,6,1048320,65536,39,7,9,9
151,158360441,1048546,7,2097920,16384,39,7,9,9
151,158360441,1048546,8,4129792,65536,39,7,9,9
151,158360441,1048546,9,28852736,16384,39,7,9,9
151,158360441,1048546,10,44573440,65536,39,7,9,9
151,158360441,1048546,11,83878912,65536,39,7,9,9
151,158360441,1048546,12,138960896,16384,39,7,9,9
151,158360441,1048546,13,153052928,65536,39,7,9,9
151,158360441,1048546,14,146842112,4096,24,6,9,9
151,158360441,1048546,15,34637312,65536,24,4,9,9
151,158360441,1048546,16,40379136,65536,24,4,9,9
151,158360441,1048546,17,143684864,65536,24,4,9,9
151,158360441,1048546,18,144744704,65536,24,4,9,9
151,158360441,1048546,19,156755712,65536,24,4,9,9
151,158360441,1048546,20,157314048,65536,24,4,9,9
151,158360441,1048546,21,151548160,4096,15,3,9,9
151,158360441,1048546,22,19943424,16384,12,2,9,9
151,158360441,1048546,23,34107136,4096,5,1,9,9
151,158360441,1048546,24,37260032,1024,4,2,9,9
151,158360441,1048546,25,523520,1024,3,1,9,9
151,158360441,1048546,26,11543296,256,3,1,9,9
151,158360441,1048546,27,12591104,256,1,1,9,9
151,158360441,1048546,28,25193472,256,1,1,9,9
151,158360441,1048546,29,27813888,1024,46,10,9,9
151,158360441,1048546,30,1540096,65536,39,7,9,9
151,158360441,1048546,31,16797952,16384,39,7,9,9
152,159408987,1048203,0,16797952,4096,61,15,9,9
152,159408987,1048203,1,13641728,16384,43,9,9,9
152,159408987,1048203,2,16271616,4096,42,10,9,9
152,159408987,1048203,3,27812352,4096,42,10,9,9
152,159408987,1048203,4,121671680,4096,42,10,9,9
152,159408987,1048203,5,156259072,4096,42,10,9,9
152,159408987,1048203,6,3080960,65536,27,5,9,9
152,159408987,1048203,7,34637312,65536,27,5,9,9
152,159408987,1048203,8,40379136,65536,27,5,9,9
152,159408987,1048203,9,143684864,65536,27,5,9,9
152,159408987,1048203,10,144744704,65536,27,5,9,9
152,159408987,1048203,11,156755712,65536,27,5,9,9
152,159408987,1048203,12,157314048,65536,27,5,9,9
152,159408987,1048203,13,1048320,65536,24,4,9,9
152,159408987,1048203,14,4129792,65536,24,4,9,9
152,159408987,1048203,15,28852736,16384,24,4,9,9
152,159408987,1048203,16,44573440,65536,24,4,9,9
152,159408987,1048203,17,83878912,65536,24,4,9,9
152,159408987,1048203,18,138960896,16384,24,4,9,9
152,159408987,1048203,19,153052928,65536,24,4,9,9
152,159408987,1048203,20,151548160,4096,23,5,9,9
152,159408987,1048203,21,19943424,16384,22,4,9,9
152,159408987,1048203,22,146842112,4096,19,5,9,9
152,159408987,1048203,23,10494208,16384,16,4,9,9
152,159408987,1048203,24,158360576,4096,16,4,9,9
152,159408987,1048203,25,34107136,4096,8,2,9,9
152,159408987,1048203,26,11543296,256,7,3,9,9
152,159408987,1048203,27,24139264,256,7,3,9,9
152,159408987,1048203,28,1047040,1024,6,2,9,9
152,159408987,1048203,29,12591104,256,4,2,9,9
152,159408987,1048203,30,25193472,256,1,1,9,9
152,159408987,1048203,31,37260544,256,1,1,9,9
153,160457190,1049443,0,16797952,4096,51,11,9,9
153,160457190,1049443,1,13641728,16384,45,9,9,9
153,160457190,1049443,2,16271616,4096,36,8,9,9
153,160457190,1049443,3,27812352,4096,36,8,9,9
153,160457190,1049443,4,156259072,4096,36,8,9,9
153,160457190,1049443,5,121671680,4096,28,6,9,9
153,160457190,1049443,6,3080960,65536,24,4,9,9
153,160457190,1049443,7,34637312,65536,24,4,9,9
153,160457190,1049443,8,40379136,65536,24,4,9,9
153,160457190,1049443,9,143684864,65536,24,4,9,9
153,160457190,1049443,10,144744704,65536,24,4,9,9
153,160457190,1049443,11,156755712,65536,24,4,9,9
153,160457190,1049443,12,157314048,65536,24,4,9,9
153,160457190,1049443,13,150474752,65536,21,3,9,9
153,160457190,1049443,14,1048320,65536,15,3,9,9
153,160457190,1049443,15,4129792,65536,15,3,9,9
153,160457190,1049443,16,28852736,16384,15,3,9,9
153,160457190,1049443,17,44573440,65536,15,3,9,9
153,160457190,1049443,18,83878912,65536,15,3,9,9
153,160457190,1049443,19,138960896,16384,15,3,9,9
153,160457190,1049443,20,146842112,4096,15,3,9,9
153,160457190,1049443,21,153052928,65536,15,3,9,9
153,160457190,1049443,22,159930880,4096,15,3,9,9
153,160457190,1049443,23,151548160,4096,13,3,9,9
153,160457190,1049443,24,19943424,16384,12,2,9,9
153,160457190,1049443,25,37260032,1024,10,4,9,9
153,160457190,1049443,26,24139264,256,8,4,9,9
153,160457190,1049443,27,34107136,4096,5,1,9,9
153,160457190,1049443,28,159407872,1024,5,1,9,9
153,160457190,1049443,29,1047040,1024,3,1,9,9
153,160457190,1049443,30,27813888,1024,36,8,9,9
153,160457190,1049443,31,121119232,65536,24,4,9,9
154,161506633,1047273,0,121119232,65536,66,10,9,9
154,161506633,1047273,1,16797952,4096,44,10,9,9
154,161506633,1047273,2,151548160,4096,36,8,9,9
154,161506633,1047273,3,1048320,65536,24,4,9,9
154,161506633,1047273,4,2097920,16384,24,4,9,9
154,161506633,1047273,5,4129792,65536,24,4,9,9
154,161506633,1047273,6,28852736,16384,24,4,9,9
154,161506633,1047273,7,44573440,65536,24,4,9,9
154,161506633,1047273,8,83878912,65536,24,4,9,9
154,161506633,1047273,9,138960896,16384,24,4,9,9
154,161506633,1047273,10,153052928,65536,24,4,9,9
154,161506633,1047273,11,146842112,4096,23,5,9,9
154,161506633,1047273,12,159930880,4096,23,5,9,9
154,161506633,1047273,13,16271616,4096,21,5,9,9
154,161506633,1047273,14,27812352,4096,21,5,9,9
154,161506633,1047273,15,156259072,4096,21,5,9,9
154,161506633,1047273,16,10494208,16384,21,3,9,9
154,161506633,1047273,17,13641728,16384,21,3,9,9
154,161506633,1047273,18,34637312,65536,21,3,9,9
154,161506633,1047273,19,40379136,65536,21,3,9,9
154,161506633,1047273,20,143684864,65536,21,3,9,9
154,161506633,1047273,21,144744704,65536,21,3,9,9
154,161506633,1047273,22,156755712,65536,21,3,9,9
154,161506633,1047273,23,157314048,65536,21,3,9,9
154,161506633,1047273,24,19943424,16384,16,4,9,9
154,161506633,1047273,25,158360576,4096,15,3,9,9
154,161506633,1047273,26,34107136,4096,8,2,9,9
154,161506633,1047273,27,1047040,1024,3,1,9,9
154,161506633,1047273,28,12591104,256,3,1,9,9
154,161506633,1047273,29,24139264,256,3,1,9,9
154,161506633,1047273,30,37260032,1024,3,1,9,9
154,161506633,1047273,31,121610240,65536,66,10,9,9
155,162553906,1047278,0,121671680,4096,60,12,9,9
155,162553906,1047278,1,13641728,16384,54,8,9,9
155,162553906,1047278,2,16797952,4096,45,9,9,9
155,162553906,1047278,3,3080960,65536,42,6,9,9
155,162553906,1047278,4,34637312,65536,42,6,9,9
155,162553906,1047278,5,40379136,65536,42,6,9,9
155,162553906,1047278,6,143684864,65536,42,6,9,9
155,162553906,1047278,7,144744704,65536,42,6,9,9
155,162553906,1047278,8,156755712,65536,42,6,9,9
155,162553906,1047278,9,157314048,65536,42,6,9,9
155,162553906,1047278,10,151548160,4096,33,7,9,9
155,162553906,1047278,11,1048320,65536,33,5,9,9
155,162553906,1047278,12,4129792,65536,33,5,9,9
155,162553906,1047278,13,28852736,16384,33,5,9,9
155,162553906,1047278,14,44573440,65536,33,5,9,9
155,162553906,1047278,15,83878912,65536,33,5,9,9
155,162553906,1047278,16,138960896,16384,33,5,9,9
155,162553906,1047278,17,153052928,65536,33,5,9,9
155,162553906,1047278,18,146842112,4096,27,5,9,9
155,162553906,1047278,19,159930880,4096,27,5,9,9
155,162553906,1047278,20,16271616,4096,18,4,9,9
155,162553906,1047278,21,27812352,4096,18,4,9,9
155,162553906,1047278,22,156259072,4096,18,4,9,9
155,162553906,1047278,23,24139264,256,12,4,9,9
155,162553906,1047278,24,34107136,4096,5,1,9,9
155,162553906,1047278,25,1047040,1024,4,2,9,9
155,162553906,1047278,26,11543296,256,3,1,9,9
155,162553906,1047278,27,159407872,1024,3,1,9,9
155,162553906,1047278,28,25193472,256,1,1,9,9
155,162553906,1047278,29,121119232,65536,42,6,9,9
155,162553906,1047278,30,121610240,65536,42,6,9,9
155,162553906,1047278,31,144181760,65536,42,6,9,9
156,163601184,1044809,0,16797952,4096,89,21,9,9
156,163601184,1044809,1,121119232,65536,87,13,9,9
156,163601184,1044809,2,1048320,65536,79,13,9,9
156,163601184,1044809,3,2097920,16384,79,13,9,9
156,163601184,1044809,4,4129792,65536,79,13,9,9
156,163601184,1044809,5,28852736,16384,79,13,9,9
156,163601184,1044809,6,44573440,65536,79,13,9,9
156,163601184,1044809,7,83878912,65536,79,13,9,9
156,163601184,1044809,8,138960896,16384,79,13,9,9
156,163601184,1044809,9,153052928,65536,79,13,9,9
156,163601184,1044809,10,146842112,4096,50,12,9,9
156,163601184,1044809,11,159930880,4096,50,12,9,9
156,163601184,1044809,12,13641728,16384,50,8,9,9
156,163601184,1044809,13,34637312,65536,45,7,9,9
156,163601184,1044809,14,40379136,65536,45,7,9,9
156,163601184,1044809,15,143684864,65536,45,7,9,9
156,163601184,1044809,16,144744704,65536,45,7,9,9
156,163601184,1044809,17,156755712,65536,45,7,9,9
156,163601184,1044809,18,157314048,65536,45,7,9,9
156,163601184,1044809,19,163535616,65536,45,7,9,9
156,163601184,1044809,20,16271616,4096,39,9,9,9
156,163601184,1044809,21,27812352,4096,39,9,9,9
156,163601184,1044809,22,156259072,4096,39,9,9,9
156,163601184,1044809,23,19943424,16384,16,4,9,9
156,163601184,1044809,24,151548160,4096,15,3,9,9
156,163601184,1044809,25,24139264,256,10,4,9,9
156,163601184,1044809,26,34107136,4096,5,1,9,9
156,163601184,1044809,27,523520,1024,4,2,9,9
156,163601184,1044809,28,1540096,65536,79,13,9,9
156,163601184,1044809,29,28858880,4096,79,13,9,9
156,163601184,1044809,30,121659392,16384,79,13,9,9
156,163601184,1044809,31,121671680,4096,65,15,9,9
157,164645993,1046364,0,1048320,65536,74,12,9,9
157,164645993,1046364,1,2097920,16384,74,12,9,9
157,164645993,1046364,2,4129792,65536,74,12,9,9
157,164645993,1046364,3,28852736,16384,74,12,9,9
157,164645993,1046364,4,44573440,65536,74,12,9,9
157,164645993,1046364,5,83878912,65536,74,12,9,9
157,164645993,1046364,6,121659392,16384,74,12,9,9
157,164645993,1046364,7,138960896,16384,74,12,9,9
157,164645993,1046364,8,153052928,65536,74,12,9,9
157,164645993,1046364,9,16797952,4096,45,11,9,9
157,164645993,1046364,10,13641728,16384,33,5,9,9
157,164645993,1046364,11,34637312,65536,33,5,9,9
157,164645993,1046364,12,40379136,65536,33,5,9,9
157,164645993,1046364,13,143684864,65536,33,5,9,9
157,164645993,1046364,14,144744704,65536,33,5,9,9
157,164645993,1046364,15,156755712,65536,33,5,9,9
157,164645993,1046364,16,157314048,65536,33,5,9,9
157,164645993,1046364,17,163535616,65536,33,5,9,9
157,164645993,1046364,18,163601408,65536,33,5,9,9
157,164645993,1046364,19,151548160,4096,32,8,9,9
157,164645993,1046364,20,146842112,4096,23,5,9,9
157,164645993,1046364,21,159930880,4096,23,5,9,9
157,164645993,1046364,22,16271616,4096,22,6,9,9
157,164645993,1046364,23,27812352,4096,22,6,9,9
157,164645993,1046364,24,156259072,4096,22,6,9,9
157,164645993,1046364,25,34107136,4096,21,7,9,9
157,164645993,1046364,26,154165760,4096,9,1,9,9
157,164645993,1046364,27,0,256,3,1,9,9
157,164645993,1046364,28,37260032,1024,3,1,9,9
157,164645993,1046364,29,19943424,256,1,1,9,9
157,164645993,1046364,30,1540096,65536,74,12,9,9
157,164645993,1046364,31,28858880,4096,74,12,9,9
158,165692357,1048654,0,16797952,4096,43,11,9,9
158,165692357,1048654,1,1048320,65536,36,6,9,9
158,165692357,1048654,2,2097920,16384,36,6,9,9
158,165692357,1048654,3,4129792,65536,36,6,9,9
158,165692357,1048654,4,28852736,16384,36,6,9,9
158,165692357,1048654,5,44573440,65536,36,6,9,9
158,165692357,1048654,6,83878912,65536,36,6,9,9
158,165692357,1048654,7,121659392,16384,36,6,9,9
158,165692357,1048654,8,138960896,16384,36,6,9,9
158,165692357,1048654,9,153052928,65536,36,6,9,9
158,165692357,1048654,10,156259072,4096,29,7,9,9
158,165692357,1048654,11,13641728,16384,26,4,9,9
158,165692357,1048654,12,16271616,4096,24,6,9,9
158,165692357,1048654,13,27812352,4096,24,6,9,9
158,165692357,1048654,14,165691136,1024,22,6,9,9
158,165692357,1048654,15,34637312,65536,21,3,9,9
158,165692357,1048654,16,40379136,65536,21,3,9,9
158,165692357,1048654,17,143684864,65536,21,3,9,9
158,165692357,1048654,18,144744704,65536,21,3,9,9
158,165692357,1048654,19,156755712,65536,21,3,9,9
158,165692357,1048654,20,157314048,65536,21,3,9,9
158,165692357,1048654,21,163535616,65536,21,3,9,9
158,165692357,1048654,22,163601408,65536,21,3,9,9
158,165692357,1048654,23,19943424,16384,20,4,9,9
158,165692357,1048654,24,146842112,4096,19,5,9,9
158,165692357,1048654,25,159930880,4096,19,5,9,9
158,165692357,1048654,26,151548160,4096,15,3,9,9
158,165692357,1048654,27,12591104,256,12,4,9,9
158,165692357,1048654,28,158360576,16384,12,2,9,9
158,165692357,1048654,29,22035456,4096,9,3,9,9
158,165692357,1048654,30,11543296,256,7,3,9,9
158,165692357,1048654,31,34107136,4096,5,1,9,9
159,166741011,1051639,0,163535616,65536,87,13,9,9
159,166741011,1051639,1,13641728,16384,54,8,9,9
159,166741011,1051639,2,121671680,4096,52,12,9,9
159,166741011,1051639,3,16797952,4096,42,10,9,9
159,166741011,1051639,4,3080960,65536,42,6,9,9
159,166741011,1051639,5,34637312,65536,42,6,9,9
159,166741011,1051639,6,40379136,65536,42,6,9,9
159,166741011,1051639,7,143684864,65536,42,6,9,9
159,166741011,1051639,8,144744704,65536,42,6,9,9
159,166741011,1051639,9,156755712,65536,42,6,9,9
159,166741011,1051639,10,157314048,65536,42,6,9,9
159,166741011,1051639,11,163601408,65536,42,6,9,9
159,166741011,1051639,12,146842112,4096,29,7,9,9
159,166741011,1051639,13,159930880,4096,29,7,9,9
159,166741011,1051639,14,166214656,4096,29,7,9,9
159,166741011,1051639,15,165691136,1024,26,6,9,9
159,166741011,1051639,16,151548160,4096,23,5,9,9
159,166741011,1051639,17,16271616,4096,13,3,9,9
159,166741011,1051639,18,27812352,4096,13,3,9,9
159,166741011,1051639,19,156259072,4096,13,3,9,9
159,166741011,1051639,20,1048320,65536,12,2,9,9
159,166741011,1051639,21,4129792,65536,12,2,9,9
159,166741011,1051639,22,28852736,16384,12,2,9,9
159,166741011,1051639,23,44573440,65536,12,2,9,9
159,166741011,1051639,24,83878912,65536,12,2,9,9
159,166741011,1051639,25,138960896,16384,12,2,9,9
159,166741011,1051639,26,153052928,65536,12,2,9,9
159,166741011,1051639,27,19943424,16384,5,1,9,9
159,166741011,1051639,28,34107136,4096,5,1,9,9
159,166741011,1051639,29,523520,1024,4,2,9,9
159,166741011,1051639,30,11543296,256,3,1,9,9
159,166741011,1051639,31,22039808,256,3,1,9,9
160,167792650,1046187,0,1048320,65536,28,6,9,9
160,167792650,1046187,1,2097920,16384,28,6,9,9
160,167792650,1046187,2,4129792,65536,28,6,9,9
160,167792650,1046187,3,44573440,65536,28,6,9,9
160,167792650,1046187,4,83878912,65536,28,6,9,9
160,167792650,1046187,5,121659392,16384,28,6,9,9
160,167792650,1046187,6,138960896,16384,28,6,9,9
160,167792650,1046187,7,153052928,65536,28,6,9,9
160,167792650,1046187,8,166741248,4096,28,6,9,9
160,167792650,1046187,9,16797952,4096,15,3,9,9
160,167792650,1046187,10,163535616,65536,15,3,9,9
160,167792650,1046187,11,165160960,16384,15,3,9,9
160,167792650,1046187,12,151548160,4096,13,3,9,9
160,167792650,1046187,13,22039808,16384,12,2,9,9
160,167792650,1046187,14,16271616,4096,10,2,9,9
160,167792650,1046187,15,27812352,4096,10,2,9,9
160,167792650,1046187,16,156259072,4096,10,2,9,9
160,167792650,1046187,17,34637312,1024,7,3,9,9
160,167792650,1046187,18,146842112,4096,5,1,9,9
160,167792650,1046187,19,159930880,4096,5,1,9,9
160,167792650,1046187,20,164123136,1024,5,1,9,9
160,167792650,1046187,21,166214656,4096,5,1,9,9
160,167792650,1046187,22,523520,1024,3,1,9,9
160,167792650,1046187,23,24139264,256,3,1,9,9
160,167792650,1046187,24,1540096,65536,28,6,9,9
160,167792650,1046187,25,166741248,16384,28,6,9,9
160,167792650,1046187,26,166741248,65536,28,6,9,9
160,167792650,1046187,27,121671680,4096,18,4,9,9
160,167792650,1046187,28,121674752,1024,16,4,9,9
160,167792650,1046187,29,167234048,65536,15,3,9,9
160,167792650,1046187,30,121675520,256,13,3,9,9
160,167792650,1046187,31,151549696,1024,13,3,9,9
161,168838837,1043875,0,16797952,4096,57,13,9,9
161,168838837,1043875,1,121671680,4096,46,12,9,9
161,168838837,1043875,2,1048320,65536,45,7,9,9
161,168838837,1043875,3,2097920,16384,45,7,9,9
161,168838837,1043875,4,4129792,65536,45,7,9,9
161,168838837,1043875,5,44573440,65536,45,7,9,9
161,168838837,1043875,6,83878912,65536,45,7,9,9
161,168838837,1043875,7,138960896,16384,45,7,9,9
161,168838837,1043875,8,153052928,65536,45,7,9,9
161,168838837,1043875,9,166741248,4096,45,7,9,9
161,168838837,1043875,10,146842112,4096,37,9,9,9
161,168838837,1043875,11,159930880,4096,37,9,9,9
161,168838837,1043875,12,166214656,4096,37,9,9,9
161,168838837,1043875,13,156259072,4096,29,7,9,9
161,168838837,1043875,14,168822272,16384,24,4,9,9
161,168838837,1043875,15,13641728,16384,21,3,9,9
161,168838837,1043875,16,34637312,65536,21,3,9,9
161,168838837,1043875,17,40379136,65536,21,3,9,9
161,168838837,1043875,18,143684864,65536,21,3,9,9
161,168838837,1043875,19,144744704,65536,21,3,9,9
161,168838837,1043875,20,156755712,65536,21,3,9,9
161,168838837,1043875,21,157314048,65536,21,3,9,9
161,168838837,1043875,22,163535616,65536,21,3,9,9
161,168838837,1043875,23,163601408,65536,21,3,9,9
161,168838837,1043875,24,16271616,4096,20,4,9,9
161,168838837,1043875,25,27812352,4096,20,4,9,9
161,168838837,1043875,26,165691136,1024,14,6,9,9
161,168838837,1043875,27,19943424,16384,12,2,9,9
161,168838837,1043875,28,151548160,4096,9,3,9,9
161,168838837,1043875,29,523520,1024,7,3,9,9
161,168838837,1043875,30,12591104,256,6,2,9,9
161,168838837,1043875,31,28339456,256,6,2,9,9
162,169882712,1048075,0,16797952,4096,37,9,9,9
162,169882712,1048075,1,121671680,4096,28,8,9,9
162,169882712,1048075,2,146842112,4096,24,6,9,9
162,169882712,1048075,3,159930880,4096,24,6,9,9
162,169882712,1048075,4,166214656,4096,24,6,9,9
162,169882712,1048075,5,1048320,65536,24,4,9,9
162,169882712,1048075,6,2097920,16384,24,4,9,9
162,169882712,1048075,7,4129792,65536,24,4,9,9
162,169882712,1048075,8,44573440,65536,24,4,9,9
162,169882712,1048075,9,83878912,65536,24,4,9,9
162,169882712,1048075,10,138960896,16384,24,4,9,9
162,169882712,1048075,11,153052928,65536,24,4,9,9
162,169882712,1048075,12,166741248,4096,24,4,9,9
162,169882712,1048075,13,168822272,16384,24,4,9,9
162,169882712,1048075,14,156259072,4096,23,5,9,9
162,169882712,1048075,15,159407872,1024,21,5,9,9
162,169882712,1048075,16,16271616,4096,13,3,9,9
162,169882712,1048075,17,27812352,4096,13,3,9,9
162,169882712,1048075,18,24139264,256,9,3,9,9
162,169882712,1048075,19,37260032,1024,7,3,9,9
162,169882712,1048075,20,165691136,1024,7,3,9,9
162,169882712,1048075,21,19943424,16384,5,1,9,9
162,169882712,1048075,22,34107136,4096,5,1,9,9
162,169882712,1048075,23,156263424,16384,5,1,9,9
162,169882712,1048075,24,151548160,4096,4,2,9,9
162,169882712,1048075,25,163600128,1024,4,2,9,9
162,169882712,1048075,26,1047040,1024,3,1,9,9
162,169882712,1048075,27,11543296,256,3,1,9,9
162,169882712,1048075,28,120628224,4096,24,6,9,9
162,169882712,1048075,29,1540096,65536,24,4,9,9
162,169882712,1048075,30,121659392,16384,24,4,9,9
162,169882712,1048075,31,166741248,16384,24,4,9,9
163,170930787,1044859,0,163535616,65536,92,14,9,9
163,170930787,1044859,1,13641728,16384,76,12,9,9
163,170930787,1044859,2,3080960,65536,71,11,9,9
163,170930787,1044859,3,34637312,65536,71,11,9,9
163,170930787,1044859,4,40379136,65536,71,11,9,9
163,170930787,1044859,5,143684864,65536,71,11,9,9
163,170930787,1044859,6,144744704,65536,71,11,9,9
163,170930787,1044859,7,156755712,65536,71,11,9,9
163,170930787,1044859,8,157314048,65536,71,11,9,9
163,170930787,1044859,9,163601408,65536,71,11,9,9
163,170930787,1044859,10,166741248,65536,69,11,9,9
163,170930787,1044859,11,1048320,65536,48,8,9,9
163,170930787,1044859,12,4129792,65536,48,8,9,9
163,170930787,1044859,13,44573440,65536,48,8,9,9
163,170930787,1044859,14,83878912,65536,48,8,9,9
163,170930787,1044859,15,121659392,16384,48,8,9,9
163,170930787,1044859,16,138960896,16384,48,8,9,9
163,170930787,1044859,17,153052928,65536,48,8,9,9
163,170930787,1044859,18,16797952,4096,44,10,9,9
163,170930787,1044859,19,16271616,4096,31,7,9,9
163,170930787,1044859,20,27812352,4096,31,7,9,9
163,170930787,1044859,21,156259072,4096,31,7,9,9
163,170930787,1044859,22,151548160,4096,28,8,9,9
163,170930787,1044859,23,165688064,4096,28,8,9,9
163,170930787,1044859,24,159409152,16384,21,3,9,9
163,170930787,1044859,25,146842112,4096,13,3,9,9
163,170930787,1044859,26,166214656,4096,13,3,9,9
163,170930787,1044859,27,34107136,4096,8,2,9,9
163,170930787,1044859,28,24139264,256,7,3,9,9
163,170930787,1044859,29,37260032,1024,7,3,9,9
163,170930787,1044859,30,22039808,256,4,2,9,9
163,170930787,1044859,31,144181760,65536,71,11,9,9
164,171975646,1049530,0,143680512,4096,40,8,10,10
164,171975646,1049530,1,42508288,4096,30,6,10,10
164,171975646,1049530,2,90757632,4096,25,5,10,10
164,171975646,1049530,3,5759488,16384,24,4,10,10
164,171975646,1049530,4,64530688,16384,24,4,10,10
164,171975646,1049530,5,82362624,16384,24,4,10,10
164,171975646,1049530,6,102809600,4096,24,4,10,10
164,171975646,1049530,7,87087872,4096,23,5,10,10
164,171975646,1049530,8,99667200,256,21,7,10,10
164,171975646,1049530,9,100715776,1024,21,7,10,10
164,171975646,1049530,10,66113280,4096,15,3,10,10
164,171975646,1049530,11,88136704,16384,12,2,10,10
164,171975646,1049530,12,94918912,65536,12,2,10,10
164,171975646,1049530,13,97572096,16384,12,2,10,10
164,171975646,1049530,14,122707712,16384,12,2,10,10
164,171975646,1049530,15,125843200,16384,12,2,10,10
164,171975646,1049530,16,148868352,65536,12,2,10,10
164,171975646,1049530,17,127430912,1024,11,3,10,10
164,171975646,1049530,18,62435328,1024,9,3,10,10
164,171975646,1049530,19,111731456,1024,9,3,10,10
164,171975646,1049530,20,67686144,1024,5,3,10,10
164,171975646,1049530,21,43556352,4096,5,1,10,10
164,171975646,1049530,22,53000448,4096,5,1,10,10
164,171975646,1049530,23,70309120,4096,5,1,10,10
164,171975646,1049530,24,55098368,1024,4,2,10,10
164,171975646,1049530,25,71359232,1024,4,2,10,10
164,171975646,1049530,26,89185024,1024,3,1,10,10
164,171975646,1049530,27,134770688,1024,3,1,10,10
164,171975646,1049530,28,143152128,16384,24,4,10,10
164,171975646,1049530,29,88132352,4096,23,5,10,10
164,171975646,1049530,30,99667200,1024,21,7,10,10
164,171975646,1049530,31,42968832,65536,12,2,10,10
165,173025176,1048648,0,171420416,65536,105,17,9,9
165,173025176,1048648,1,163535616,65536,75,11,9,9
165,173025176,1048648,2,1048320,65536,72,12,9,9
165,173025176,1048648,3,2097920,16384,72,12,9,9
165,173025176,1048648,4,4129792,65536,72,12,9,9
165,173025176,1048648,5,83878912,65536,72,12,9,9
165,173025176,1048648,6,121659392,16384,72,12,9,9
165,173025176,1048648,7,138960896,16384,72,12,9,9
165,173025176,1048648,8,153052928,65536,72,12,9,9
165,173025176,1048648,9,166741248,4096,72,12,9,9
165,173025176,1048648,10,13641728,16384,69,11,9,9
165,173025176,1048648,11,151548160,4096,40,10,9,9
165,173025176,1048648,12,165688064,4096,40,10,9,9
165,173025176,1048648,13,16797952,16384,36,6,9,9
165,173025176,1048648,14,34637312,65536,33,5,9,9
165,173025176,1048648,15,40379136,65536,33,5,9,9
165,173025176,1048648,16,144181760,65536,33,5,9,9
165,173025176,1048648,17,144744704,65536,33,5,9,9
165,173025176,1048648,18,156755712,65536,33,5,9,9
165,173025176,1048648,19,157314048,65536,33,5,9,9
165,173025176,1048648,20,163601408,65536,33,5,9,9
165,173025176,1048648,21,156259072,4096,29,7,9,9
165,173025176,1048648,22,16271616,4096,24,6,9,9
165,173025176,1048648,23,27812352,4096,24,6,9,9
165,173025176,1048648,24,8392704,65536,21,3,9,9
165,173025176,1048648,25,12591104,65536,21,3,9,9
165,173025176,1048648,26,23094528,16384,21,3,9,9
165,173025176,1048648,27,19943424,16384,15,3,9,9
165,173025176,1048648,28,158360576,4096,15,3,9,9
165,173025176,1048648,29,168822272,16384,12,2,9,9
165,173025176,1048648,30,45128960,1024,8,2,9,9
165,173025176,1048648,31,34107136,4096,5,1,9,9
166,174073824,1037472,0,16797952,4096,41,9,9,9
166,174073824,1037472,1,156259072,4096,31,7,9,9
166,174073824,1037472,2,171420416,65536,30,4,9,9
166,174073824,1037472,3,121671680,4096,29,7,9,9
166,174073824,1037472,4,16271616,4096,26,6,9,9
166,174073824,1037472,5,27812352,4096,26,6,9,9
166,174073824,1037472,6,165691136,1024,24,8,9,9
166,174073824,1037472,7,3080960,65536,21,3,9,9
166,174073824,1037472,8,7834624,65536,21,3,9,9
166,174073824,1037472,9,13641728,16384,21,3,9,9
166,174073824,1037472,10,34637312,65536,21,3,9,9
166,174073824,1037472,11,40379136,65536,21,3,9,9
166,174073824,1037472,12,144181760,65536,21,3,9,9
166,174073824,1037472,13,144744704,65536,21,3,9,9
166,174073824,1037472,14,156755712,65536,21,3,9,9
166,174073824,1037472,15,157314048,65536,21,3,9,9
166,174073824,1037472,16,163535616,65536,21,3,9,9
166,174073824,1037472,17,163601408,65536,21,3,9,9
166,174073824,1037472,18,34107136,4096,19,5,9,9
166,174073824,1037472,19,168313600,4096,16,4,9,9
166,174073824,1037472,20,146842112,4096,15,3,9,9
166,174073824,1037472,21,159930880,4096,15,3,9,9
166,174073824,1037472,22,166214656,4096,15,3,9,9
166,174073824,1037472,23,151548160,4096,14,4,9,9
166,174073824,1037472,24,19943424,16384,12,2,9,9
166,174073824,1037472,25,11543296,256,10,4,9,9
166,174073824,1037472,26,44082432,4096,10,2,9,9
166,174073824,1037472,27,1048320,65536,9,1,9,9
166,174073824,1037472,28,4129792,65536,9,1,9,9
166,174073824,1037472,29,83878912,65536,9,1,9,9
166,174073824,1037472,30,138960896,16384,9,1,9,9
166,174073824,1037472,31,153052928,65536,9,1,9,9
167,175111296,1052652,0,171420416,65536,78,12,9,9
167,175111296,1052652,1,13641728,16384,54,8,9,9
167,175111296,1052652,2,3080960,65536,42,6,9,9
167,175111296,1052652,3,34637312,65536,42,6,9,9
167,175111296,1052652,4,40379136,65536,42,6,9,9
167,175111296,1052652,5,144181760,65536,42,6,9,9
167,175111296,1052652,6,144744704,65536,42,6,9,9
167,175111296,1052652,7,156755712,65536,42,6,9,9
167,175111296,1052652,8,157314048,65536,42,6,9,9
167,175111296,1052652,9,163535616,65536,42,6,9,9
167,175111296,1052652,10,163601408,65536,42,6,9,9
167,175111296,1052652,11,1048320,65536,36,6,9,9
167,175111296,1052652,12,4129792,65536,36,6,9,9
167,175111296,1052652,13,121659392,16384,36,6,9,9
167,175111296,1052652,14,138960896,16384,36,6,9,9
167,175111296,1052652,15,153052928,65536,36,6,9,9
167,175111296,1052652,16,166741248,4096,36,6,9,9
167,175111296,1052652,17,175045632,65536,36,6,9,9
167,175111296,1052652,18,16797952,4096,33,7,9,9
167,175111296,1052652,19,34107136,4096,22,6,9,9
167,175111296,1052652,20,146842112,4096,18,4,9,9
167,175111296,1052652,21,159930880,4096,18,4,9,9
167,175111296,1052652,22,166214656,4096,18,4,9,9
167,175111296,1052652,23,16271616,4096,15,3,9,9
167,175111296,1052652,24,19943424,16384,15,3,9,9
167,175111296,1052652,25,27812352,4096,15,3,9,9
167,175111296,1052652,26,156259072,4096,15,3,9,9
167,175111296,1052652,27,523520,1024,10,4,9,9
167,175111296,1052652,28,159407872,1024,9,3,9,9
167,175111296,1052652,29,151548160,4096,5,1,9,9
167,175111296,1052652,30,165688064,4096,5,1,9,9
167,175111296,1052652,31,24139264,256,4,2,9,9
168,176163948,1030724,0,42508288,4096,59,15,10,10
168,176163948,1030724,1,143680512,4096,59,15,10,10
168,176163948,1030724,2,87087872,65536,52,10,10,10
168,176163948,1030724,3,88136704,16384,52,10,10,10
168,176163948,1030724,4,94918912,65536,52,10,10,10
168,176163948,1030724,5,97572096,16384,52,10,10,10
168,176163948,1030724,6,100183040,16384,52,10,10,10
168,176163948,1030724,7,122707712,16384,52,10,10,10
168,176163948,1030724,8,125843200,16384,52,10,10,10
168,176163948,1030724,9,148868352,65536,52,10,10,10
168,176163948,1030724,10,90757632,4096,50,12,10,10
168,176163948,1030724,11,5759488,16384,42,8,10,10
168,176163948,1030724,12,64530688,16384,42,8,10,10
168,176163948,1030724,13,82362624,16384,42,8,10,10
168,176163948,1030724,14,102809600,4096,42,8,10,10
168,176163948,1030724,15,56115712,65536,37,7,10,10
168,176163948,1030724,16,62403072,65536,37,7,10,10
168,176163948,1030724,17,68145408,65536,37,7,10,10
168,176163948,1030724,18,70292480,16384,37,7,10,10
168,176163948,1030724,19,101762560,16384,37,7,10,10
168,176163948,1030724,20,111208192,65536,37,7,10,10
168,176163948,1030724,21,132636928,65536,37,7,10,10
168,176163948,1030724,22,58706688,65536,21,3,10,10
168,176163948,1030724,23,100715776,1024,14,6,10,10
168,176163948,1030724,24,94411520,16384,12,2,10,10
168,176163948,1030724,25,43556352,4096,9,3,10,10
168,176163948,1030724,26,53000448,4096,9,3,10,10
168,176163948,1030724,27,66113280,4096,9,3,10,10
168,176163948,1030724,28,70309120,4096,9,3,10,10
168,176163948,1030724,29,127430912,1024,4,2,10,10
168,176163948,1030724,30,71359232,1024,3,1,10,10
168,176163948,1030724,31,36208640,1024,1,1,10,10
169,177194672,1049078,0,171420416,65536,77,13,9,9
169,177194672,1049078,1,13641728,16384,54,8,9,9
169,177194672,1049078,2,121671680,4096,51,11,9,9
169,177194672,1049078,3,16797952,4096,46,10,9,9
169,177194672,1049078,4,3080960,65536,42,6,9,9
169,177194672,1049078,5,34637312,65536,42,6,9,9
169,177194672,1049078,6,40379136,65536,42,6,9,9
169,177194672,1049078,7,144181760,65536,42,6,9,9
169,177194672,1049078,8,144744704,65536,42,6,9,9
169,177194672,1049078,9,156755712,65536,42,6,9,9
169,177194672,1049078,10,157314048,65536,42,6,9,9
169,177194672,1049078,11,163535616,65536,42,6,9,9
169,177194672,1049078,12,163601408,65536,42,6,9,9
169,177194672,1049078,13,1048320,65536,35,7,9,9
169,177194672,1049078,14,4129792,65536,35,7,9,9
169,177194672,1049078,15,138960896,16384,35,7,9,9
169,177194672,1049078,16,153052928,65536,35,7,9,9
169,177194672,1049078,17,166741248,4096,35,7,9,9
169,177194672,1049078,18,175045632,65536,35,7,9,9
169,177194672,1049078,19,146842112,4096,33,7,9,9
169,177194672,1049078,20,159930880,4096,33,7,9,9
169,177194672,1049078,21,166214656,4096,33,7,9,9
169,177194672,1049078,22,165691136,1024,21,5,9,9
169,177194672,1049078,23,16732160,65536,21,3,9,9
169,177194672,1049078,24,151548160,4096,18,4,9,9
169,177194672,1049078,25,34107136,4096,15,3,9,9
169,177194672,1049078,26,27812352,4096,13,3,9,9
169,177194672,1049078,27,156259072,4096,13,3,9,9
169,177194672,1049078,28,523520,1024,12,4,9,9
169,177194672,1049078,29,24139264,256,9,3,9,9
169,177194672,1049078,30,83940352,4096,4,2,9,9
169,177194672,1049078,31,11543296,256,3,1,9,9
170,178243750,1052178,0,171420416,65536,69,11,9,9
170,178243750,1052178,1,13641728,16384,57,9,9,9
170,178243750,1052178,2,3080960,65536,45,7,9,9
170,178243750,1052178,3,34637312,65536,45,7,9,9
170,178243750,1052178,4,40379136,65536,45,7,9,9
170,178243750,1052178,5,144181760,65536,45,7,9,9
170,178243750,1052178,6,144744704,65536,45,7,9,9
170,178243750,1052178,7,156755712,65536,45,7,9,9
170,178243750,1052178,8,157314048,65536,45,7,9,9
170,178243750,1052178,9,163535616,65536,45,7,9,9
170,178243750,1052178,10,163601408,65536,45,7,9,9
170,178243750,1052178,11,16797952,4096,43,9,9,9
170,178243750,1052178,12,121671680,4096,36,8,9,9
170,178243750,1052178,13,19943424,16384,28,6,9,9
170,178243750,1052178,14,1048320,65536,24,4,9,9
170,178243750,1052178,15,4129792,65536,24,4,9,9
170,178243750,1052178,16,153052928,65536,24,4,9,9
170,178243750,1052178,17,166741248,4096,24,4,9,9
170,178243750,1052178,18,175045632,65536,24,4,9,9
170,178243750,1052178,19,178227200,16384,24,4,9,9
170,178243750,1052178,20,146842112,4096,23,5,9,9
170,178243750,1052178,21,159930880,4096,23,5,9,9
170,178243750,1052178,22,166214656,4096,23,5,9,9
170,178243750,1052178,23,16271616,4096,20,4,9,9
170,178243750,1052178,24,27812352,4096,20,4,9,9
170,178243750,1052178,25,156259072,4096,20,4,9,9
170,178243750,1052178,26,151548160,4096,13,3,9,9
170,178243750,1052178,27,165688064,4096,13,3,9,9
170,178243750,1052178,28,45128960,1024,9,3,9,9
170,178243750,1052178,29,24139264,256,8,2,9,9
170,178243750,1052178,30,37260032,1024,7,3,9,9
170,178243750,1052178,31,523520,1024,6,2,9,9
171,179295928,1047324,0,16797952,4096,72,16,9,9
171,179295928,1047324,1,121671680,4096,54,12,9,9
171,179295928,1047324,2,146842112,4096,44,10,9,9
171,179295928,1047324,3,159930880,4096,44,10,9,9
171,179295928,1047324,4,166214656,4096,44,10,9,9
171,179295928,1047324,5,156259072,4096,36,8,9,9
171,179295928,1047324,6,138449408,256,32,8,9,9
171,179295928,1047324,7,16271616,4096,28,6,9,9
171,179295928,1047324,8,27812352,4096,28,6,9,9
171,179295928,1047324,9,174590464,4096,28,6,9,9
171,179295928,1047324,10,34107136,4096,16,4,9,9
171,179295928,1047324,11,1048320,65536,12,2,9,9
171,179295928,1047324,12,2097920,16384,12,2,9,9
171,179295928,1047324,13,4129792,65536,12,2,9,9
171,179295928,1047324,14,153052928,65536,12,2,9,9
171,179295928,1047324,15,166741248,4096,12,2,9,9
171,179295928,1047324,16,171420416,65536,12,2,9,9
171,179295928,1047324,17,178227200,16384,12,2,9,9
171,179295928,1047324,18,151548160,4096,10,2,9,9
171,179295928,1047324,19,165688064,4096,10,2,9,9
171,179295928,1047324,20,83940352,4096,5,1,9,9
171,179295928,1047324,21,37260032,1024,4,2,9,9
171,179295928,1047324,22,0,256,3,1,9,9
171,179295928,1047324,23,24139264,256,3,1,9,9
171,179295928,1047324,24,25193472,256,3,1,9,9
171,179295928,1047324,25,163600128,1024,3,1,9,9
171,179295928,1047324,26,120628224,4096,44,10,9,9
171,179295928,1047324,27,138449408,1024,32,8,9,9
171,179295928,1047324,28,138449408,4096,29,7,9,9
171,179295928,1047324,29,138967040,4096,29,7,9,9
171,179295928,1047324,30,27813888,1024,28,6,9,9
171,179295928,1047324,31,1540096,65536,12,2,9,9
172,180343252,1042821,0,164123136,1024,26,6,9,9
172,180343252,1042821,1,121671680,4096,25,5,9,9
172,180343252,1042821,2,165691136,1024,23,5,9,9
172,180343252,1042821,3,163535616,65536,21,3,9,9
172,180343252,1042821,4,151548160,4096,20,4,9,9
172,180343252,1042821,5,138449408,256,19,5,9,9
172,180343252,1042821,6,34107136,4096,18,4,9,9
172,180343252,1042821,7,1048320,65536,15,3,9,9
172,180343252,1042821,8,2097920,16384,15,3,9,9
172,180343252,1042821,9,4129792,65536,15,3,9,9
172,180343252,1042821,10,153052928,65536,15,3,9,9
172,180343252,1042821,11,166741248,4096,15,3,9,9
172,180343252,1042821,12,171420416,65536,15,3,9,9
172,180343252,1042821,13,175045632,65536,15,3,9,9
172,180343252,1042821,14,178227200,16384,15,3,9,9
172,180343252,1042821,15,28339456,16384,12,2,9,9
172,180343252,1042821,16,16797952,4096,10,2,9,9
172,180343252,1042821,17,83940352,4096,9,3,9,9
172,180343252,1042821,18,24139264,256,7,3,9,9
172,180343252,1042821,19,37260032,1024,7,3,9,9
172,180343252,1042821,20,16271616,4096,5,1,9,9
172,180343252,1042821,21,27812352,4096,5,1,9,9
172,180343252,1042821,22,146842112,4096,5,1,9,9
172,180343252,1042821,23,156259072,4096,5,1,9,9
172,180343252,1042821,24,159407872,1024,5,1,9,9
172,180343252,1042821,25,159930880,4096,5,1,9,9
172,180343252,1042821,26,166214656,4096,5,1,9,9
172,180343252,1042821,27,11543296,256,3,1,9,9
172,180343252,1042821,28,19943424,256,1,1,9,9
172,180343252,1042821,29,164123392,256,26,6,9,9
172,180343252,1042821,30,121119232,65536,21,3,9,9
172,180343252,1042821,31,121610240,65536,21,3,9,9
173,181386073,1052237,0,171420416,65536,123,21,9,9
173,181386073,1052237,1,13641728,16384,89,15,9,9
173,181386073,1052237,2,163535616,65536,76,12,9,9
173,181386073,1052237,3,1048320,65536,63,11,9,9
173,181386073,1052237,4,2097920,16384,63,11,9,9
173,181386073,1052237,5,4129792,65536,63,11,9,9
173,181386073,1052237,6,153052928,65536,63,11,9,9
173,181386073,1052237,7,166741248,4096,63,11,9,9
173,181386073,1052237,8,175045632,65536,63,11,9,9
173,181386073,1052237,9,178227200,16384,63,11,9,9
173,181386073,1052237,10,34637312,65536,60,10,9,9
173,181386073,1052237,11,40379136,65536,60,10,9,9
173,181386073,1052237,12,163601408,65536,60,10,9,9
173,181386073,1052237,13,178243840,16384,60,10,9,9
173,181386073,1052237,14,179786752,65536,60,10,9,9
173,181386073,1052237,15,180343296,65536,60,10,9,9
173,181386073,1052237,16,16797952,4096,46,10,9,9
173,181386073,1052237,17,121671680,4096,41,9,9,9
173,181386073,1052237,18,34107136,4096,26,6,9,9
173,181386073,1052237,19,146842112,4096,26,6,9,9
173,181386073,1052237,20,159930880,4096,26,6,9,9
173,181386073,1052237,21,166214656,4096,26,6,9,9
173,181386073,1052237,22,16271616,4096,20,4,9,9
173,181386073,1052237,23,27812352,4096,20,4,9,9
173,181386073,1052237,24,156259072,4096,20,4,9,9
173,181386073,1052237,25,151548160,4096,15,3,9,9
173,181386073,1052237,26,165688064,4096,15,3,9,9
173,181386073,1052237,27,19943424,16384,12,2,9,9
173,181386073,1052237,28,156263424,16384,12,2,9,9
173,181386073,1052237,29,138449408,256,10,2,9,9
173,181386073,1052237,30,523520,1024,6,2,9,9
173,181386073,1052237,31,24139264,256,6,2,9,9
174,182438310,1048420,0,171420416,65536,166,32,9,9
174,182438310,1048420,1,13641728,16384,123,23,9,9
174,182438310,1048420,2,163535616,65536,95,17,9,9
174,182438310,1048420,3,16797952,4096,92,20,9,9
174,182438310,1048420,4,1048320,65536,92,18,9,9
174,182438310,1048420,5,2097920,16384,92,18,9,9
174,182438310,1048420,6,4129792,65536,92,18,9,9
174,182438310,1048420,7,153052928,65536,92,18,9,9
174,182438310,1048420,8,166741248,4096,92,18,9,9
174,182438310,1048420,9,175045632,65536,92,18,9,9
174,182438310,1048420,10,178227200,16384,92,18,9,9
174,182438310,1048420,11,121671680,4096,84,18,9,9
174,182438310,1048420,12,34637312,65536,74,14,9,9
174,182438310,1048420,13,40379136,65536,74,14,9,9
174,182438310,1048420,14,163601408,65536,74,14,9,9
174,182438310,1048420,15,178243840,16384,74,14,9,9
174,182438310,1048420,16,179786752,65536,74,14,9,9
174,182438310,1048420,17,180343296,65536,74,14,9,9
174,182438310,1048420,18,16271616,4096,46,10,9,9
174,182438310,1048420,19,27812352,4096,46,10,9,9
174,182438310,1048420,20,146842112,4096,46,10,9,9
174,182438310,1048420,21,156259072,4096,46,10,9,9
174,182438310,1048420,22,159930880,4096,46,10,9,9
174,182438310,1048420,23,166214656,4096,46,10,9,9
174,182438310,1048420,24,181910016,4096,46,10,9,9
174,182438310,1048420,25,165691136,1024,41,9,9,9
174,182438310,1048420,26,151548160,4096,38,8,9,9
174,182438310,1048420,27,138449408,256,37,9,9,9
174,182438310,1048420,28,523520,1024,10,4,9,9
174,182438310,1048420,29,34107136,4096,10,2,9,9
174,182438310,1048420,30,83940352,4096,7,3,9,9
174,182438310,1048420,31,37260032,1024,6,2,9,9
175,183486730,1046059,0,16797952,4096,67,15,9,9
175,183486730,1046059,1,121671680,4096,51,11,9,9
175,183486730,1046059,2,16271616,4096,36,8,9,9
175,183486730,1046059,3,27812352,4096,36,8,9,9
175,183486730,1046059,4,156259072,4096,36,8,9,9
175,183486730,1046059,5,174590464,4096,36,8,9,9
175,183486730,1046059,6,146842112,4096,31,7,9,9
175,183486730,1046059,7,159930880,4096,31,7,9,9
175,183486730,1046059,8,166214656,4096,31,7,9,9
175,183486730,1046059,9,181910016,4096,31,7,9,9
175,183486730,1046059,10,138449408,256,24,8,9,9
175,183486730,1046059,11,165691136,1024,23,5,9,9
175,183486730,1046059,12,151548160,4096,20,4,9,9
175,183486730,1046059,13,1048320,65536,17,3,9,9
175,183486730,1046059,14,2097920,16384,17,3,9,9
175,183486730,1046059,15,4129792,65536,17,3,9,9
175,183486730,1046059,16,153052928,65536,17,3,9,9
175,183486730,1046059,17,166741248,4096,17,3,9,9
175,183486730,1046059,18,171420416,65536,17,3,9,9
175,183486730,1046059,19,178227200,16384,17,3,9,9
175,183486730,1046059,20,34107136,4096,14,4,9,9
175,183486730,1046059,21,34637312,1024,6,2,9,9
175,183486730,1046059,22,0,256,3,1,9,9
175,183486730,1046059,23,11543296,256,3,1,9,9
175,183486730,1046059,24,24139264,256,3,1,9,9
175,183486730,1046059,25,83940352,4096,3,1,9,9
175,183486730,1046059,26,163600128,1024,3,1,9,9
175,183486730,1046059,27,164123136,1024,3,1,9,9
175,183486730,1046059,28,180343296,4096,3,1,9,9
175,183486730,1046059,29,25193472,256,1,1,9,9
175,183486730,1046059,30,27813888,1024,36,8,9,9
175,183486730,1046059,31,120628224,4096,31,7,9,9
176,184532789,1042547,0,1048320,65536,36,6,9,9
176,184532789,1042547,1,2097920,16384,36,6,9,9
176,184532789,1042547,2,4129792,65536,36,6,9,9
176,184532789,1042547,3,153052928,65536,36,6,9,9
176,184532789,1042547,4,166741248,4096,36,6,9,9
176,184532789,1042547,5,171420416,65536,36,6,9,9
176,184532789,1042547,6,175045632,65536,36,6,9,9
176,184532789,1042547,7,178227200,16384,36,6,9,9
176,184532789,1042547,8,164123136,1024,27,7,9,9
176,184532789,1042547,9,16797952,4096,26,6,9,9
176,184532789,1042547,10,16271616,4096,18,4,9,9
176,184532789,1042547,11,27812352,4096,18,4,9,9
176,184532789,1042547,12,156259072,4096,18,4,9,9
176,184532789,1042547,13,159407872,1024,15,3,9,9
176,184532789,1042547,14,19943424,16384,12,2,9,9
176,184532789,1042547,15,156263424,16384,12,2,9,9
176,184532789,1042547,16,138449408,256,10,2,9,9
176,184532789,1042547,17,120628224,4096,8,2,9,9
176,184532789,1042547,18,146842112,4096,8,2,9,9
176,184532789,1042547,19,159930880,4096,8,2,9,9
176,184532789,1042547,20,166214656,4096,8,2,9,9
176,184532789,1042547,21,180864000,1024,8,2,9,9
176,184532789,1042547,22,181910016,4096,8,2,9,9
176,184532789,1042547,23,34637312,1024,7,3,9,9
176,184532789,1042547,24,13641728,16384,5,1,9,9
176,184532789,1042547,25,34107136,4096,5,1,9,9
176,184532789,1042547,26,163600128,1024,4,2,9,9
176,184532789,1042547,27,165167104,4096,4,2,9,9
176,184532789,1042547,28,24139264,256,3,1,9,9
176,184532789,1042547,29,1540096,65536,36,6,9,9
176,184532789,1042547,30,166741248,16384,36,6,9,9
176,184532789,1042547,31,166741248,65536,36,6,9,9
177,185575336,1045763,0,121671680,4096,46,10,9,9
177,185575336,1045763,1,19943424,16384,39,7,9,9
177,185575336,1045763,2,156263424,16384,39,7,9,9
177,185575336,1045763,3,16797952,4096,36,8,9,9
177,185575336,1045763,4,146842112,4096,31,7,9,9
177,185575336,1045763,5,159930880,4096,31,7,9,9
177,185575336,1045763,6,166214656,4096,31,7,9,9
177,185575336,1045763,7,181910016,4096,31,7,9,9
177,185575336,1045763,8,165691136,1024,22,6,9,9
177,185575336,1045763,9,159407872,1024,17,5,9,9
177,185575336,1045763,10,151548160,4096,15,3,9,9
177,185575336,1045763,11,1048320,65536,12,2,9,9
177,185575336,1045763,12,2097920,16384,12,2,9,9
177,185575336,1045763,13,4129792,65536,12,2,9,9
177,185575336,1045763,14,13641728,16384,12,2,9,9
177,185575336,1045763,15,153052928,65536,12,2,9,9
177,185575336,1045763,16,166741248,4096,12,2,9,9
177,185575336,1045763,17,171420416,65536,12,2,9,9
177,185575336,1045763,18,175045632,65536,12,2,9,9
177,185575336,1045763,19,178227200,16384,12,2,9,9
177,185575336,1045763,20,24139264,256,10,4,9,9
177,185575336,1045763,21,83940352,4096,8,2,9,9
177,185575336,1045763,22,180343296,4096,8,2,9,9
177,185575336,1045763,23,11543296,256,7,3,9,9
177,185575336,1045763,24,16271616,4096,5,1,9,9
177,185575336,1045763,25,27812352,4096,5,1,9,9
177,185575336,1045763,26,156259072,4096,5,1,9,9
177,185575336,1045763,27,163600128,1024,3,1,9,9
177,185575336,1045763,28,12591104,256,1,1,9,9
177,185575336,1045763,29,28339456,256,1,1,9,9
177,185575336,1045763,30,120628224,4096,31,7,9,9
177,185575336,1045763,31,121674752,1024,15,3,9,9
178,186621099,1049227,0,42508288,4096,95,23,10,10
178,186621099,1049227,1,87087872,65536,87,15,10,10
178,186621099,1049227,2,88136704,16384,87,15,10,10
178,186621099,1049227,3,94918912,65536,87,15,10,10
178,186621099,1049227,4,97572096,16384,87,15,10,10
178,186621099,1049227,5,100183040,16384,87,15,10,10
178,186621099,1049227,6,122707712,16384,87,15,10,10
178,186621099,1049227,7,125843200,16384,87,15,10,10
178,186621099,1049227,8,148868352,65536,87,15,10,10
178,186621099,1049227,9,143680512,4096,76,18,10,10
178,186621099,1049227,10,43556352,4096,55,13,10,10
178,186621099,1049227,11,53000448,4096,55,13,10,10
178,186621099,1049227,12,70309120,4096,55,13,10,10
178,186621099,1049227,13,56115712,65536,42,6,10,10
178,186621099,1049227,14,62403072,65536,42,6,10,10
178,186621099,1049227,15,68145408,65536,42,6,10,10
178,186621099,1049227,16,70292480,16384,42,6,10,10
178,186621099,1049227,17,101762560,16384,42,6,10,10
178,186621099,1049227,18,111208192,65536,42,6,10,10
178,186621099,1049227,19,132636928,65536,42,6,10,10
178,186621099,1049227,20,90757632,4096,40,10,10,10
178,186621099,1049227,21,176164096,1024,40,10,10,10
178,186621099,1049227,22,66113280,4096,36,8,10,10
178,186621099,1049227,23,98619904,4096,12,2,10,10
178,186621099,1049227,24,127430912,1024,8,2,10,10
178,186621099,1049227,25,71359232,1024,6,2,10,10
178,186621099,1049227,26,5243648,4096,5,1,10,10
178,186621099,1049227,27,55096832,4096,5,1,10,10
178,186621099,1049227,28,89185024,1024,3,1,10,10
178,186621099,1049227,29,100715776,1024,3,1,10,10
178,186621099,1049227,30,134770688,1024,3,1,10,10
178,186621099,1049227,31,83944704,256,1,1,10,10
179,187670326,1039704,0,171420416,65536,181,33,9,9
179,187670326,1039704,1,13641728,16384,132,24,9,9
179,187670326,1039704,2,3080960,65536,97,17,9,9
179,187670326,1039704,3,164580352,65536,97,17,9,9
179,187670326,1039704,4,178243840,16384,97,17,9,9
179,187670326,1039704,5,179786752,65536,97,17,9,9
179,187670326,1039704,6,180343296,65536,97,17,9,9
179,187670326,1039704,7,182438400,65536,97,17,9,9
179,187670326,1039704,8,1048320,65536,84,16,9,9
179,187670326,1039704,9,4129792,65536,84,16,9,9
179,187670326,1039704,10,153052928,65536,84,16,9,9
179,187670326,1039704,11,166741248,4096,84,16,9,9
179,187670326,1039704,12,175045632,65536,84,16,9,9
179,187670326,1039704,13,178227200,16384,84,16,9,9
179,187670326,1039704,14,121671680,4096,81,19,9,9
179,187670326,1039704,15,16797952,4096,77,17,9,9
179,187670326,1039704,16,146842112,4096,67,15,9,9
179,187670326,1039704,17,159930880,4096,67,15,9,9
179,187670326,1039704,18,166214656,4096,67,15,9,9
179,187670326,1039704,19,181910016,4096,67,15,9,9
179,187670326,1039704,20,165691136,1024,24,8,9,9
179,187670326,1039704,21,28339456,16384,24,4,9,9
179,187670326,1039704,22,37260032,1024,17,7,9,9
179,187670326,1039704,23,34107136,4096,16,4,9,9
179,187670326,1039704,24,151548160,4096,14,4,9,9
179,187670326,1039704,25,11543296,256,10,4,9,9
179,187670326,1039704,26,16271616,4096,10,2,9,9
179,187670326,1039704,27,27812352,4096,10,2,9,9
179,187670326,1039704,28,156259072,4096,10,2,9,9
179,187670326,1039704,29,159407872,1024,10,2,9,9
179,187670326,1039704,30,1047040,1024,7,3,9,9
179,187670326,1039704,31,24139264,256,7,3,9,9
180,188710030,1048350,0,143680512,4096,63,15,10,10
180,188710030,1048350,1,42508288,4096,59,13,10,10
180,188710030,1048350,2,5759488,16384,41,7,10,10
180,188710030,1048350,3,64530688,16384,41,7,10,10
180,188710030,1048350,4,82362624,16384,41,7,10,10
180,188710030,1048350,5,102809600,4096,41,7,10,10
180,188710030,1048350,6,90757632,4096,36,8,10,10
180,188710030,1048350,7,176164096,1024,36,8,10,10
180,188710030,1048350,8,66113280,4096,27,7,10,10
180,188710030,1048350,9,43556352,4096,23,5,10,10
180,188710030,1048350,10,53000448,4096,23,5,10,10
180,188710030,1048350,11,70309120,4096,23,5,10,10
180,188710030,1048350,12,100715776,1024,10,4,10,10
180,188710030,1048350,13,127430912,1024,10,4,10,10
180,188710030,1048350,14,88135424,1024,7,3,10,10
180,188710030,1048350,15,89185024,1024,7,3,10,10
180,188710030,1048350,16,134770688,1024,7,3,10,10
180,188710030,1048350,17,67686144,1024,6,2,10,10
180,188710030,1048350,18,71359232,1024,6,2,10,10
180,188710030,1048350,19,62435328,1024,4,2,10,10
180,188710030,1048350,20,98095360,1024,4,2,10,10
180,188710030,1048350,21,111731456,1024,4,2,10,10
180,188710030,1048350,22,36208640,1024,3,1,10,10
180,188710030,1048350,23,55098368,1024,3,1,10,10
180,188710030,1048350,24,69784064,1024,3,1,10,10
180,188710030,1048350,25,84466432,1024,3,1,10,10
180,188710030,1048350,26,131096064,256,3,1,10,10
180,188710030,1048350,27,143152128,16384,41,7,10,10
180,188710030,1048350,28,176164096,4096,36,8,10,10
180,188710030,1048350,29,177190400,4096,36,8,10,10
180,188710030,1048350,30,143158272,4096,23,5,10,10
180,188710030,1048350,31,127431424,256,7,3,10,10
181,189758380,1048434,0,124285696,4096,41,11,6,6
181,189758380,1048434,1,107522048,16384,35,7,6,6
181,189758380,1048434,2,73457664,4096,25,5,6,6
181,189758380,1048434,3,104910592,4096,25,5,6,6
181,189758380,1048434,4,40937216,16384,24,4,6,6
181,189758380,1048434,5,46669568,65536,24,4,6,6
181,189758380,1048434,6,48260352,16384,24,4,6,6
181,189758380,1048434,7,104893952,16384,24,4,6,6
181,189758380,1048434,8,114355712,256,24,4,6,6
181,189758380,1048434,9,117424640,65536,24,4,6,6
181,189758380,1048434,10,118538752,16384,24,4,6,6
181,189758380,1048434,11,118522112,16384,8,2,6,6
181,189758380,1048434,12,123762944,1024,7,3,6,6
181,189758380,1048434,13,62961920,256,3,1,6,6
181,189758380,1048434,14,107529728,1024,30,6,6,6
181,189758380,1048434,15,107528192,4096,27,5,6,6
181,189758380,1048434,16,73460736,1024,25,5,6,6
181,189758380,1048434,17,46694144,16384,24,4,6,6
181,189758380,1048434,18,107988480,65536,24,4,6,6
181,189758380,1048434,19,114355712,1024,24,4,6,6
181,189758380,1048434,20,114355712,4096,24,4,6,6
181,189758380,1048434,21,114355712,16384,24,4,6,6
181,189758380,1048434,22,118534400,4096,8,2,6,6
181,189758380,1048434,23,72413184,256,1,1,6,6
181,189758380,1048434,24,123244032,256,1,1,6,6
182,190806814,1045886,0,42508288,4096,57,13,10,10
182,190806814,1045886,1,143680512,4096,50,12,10,10
182,190806814,1045886,2,87087872,65536,43,9,10,10
182,190806814,1045886,3,88136704,16384,43,9,10,10
182,190806814,1045886,4,94918912,65536,43,9,10,10
182,190806814,1045886,5,97572096,16384,43,9,10,10
182,190806814,1045886,6,100183040,16384,43,9,10,10
182,190806814,1045886,7,122707712,16384,43,9,10,10
182,190806814,1045886,8,125843200,16384,43,9,10,10
182,190806814,1045886,9,148868352,65536,43,9,10,10
182,190806814,1045886,10,86021632,16384,39,7,10,10
182,190806814,1045886,11,127956224,1024,39,7,10,10
182,190806814,1045886,12,90757632,4096,32,8,10,10
182,190806814,1045886,13,176164096,1024,32,8,10,10
182,190806814,1045886,14,5759488,16384,27,5,10,10
182,190806814,1045886,15,64530688,16384,27,5,10,10
182,190806814,1045886,16,82362624,16384,27,5,10,10
182,190806814,1045886,17,102809600,4096,27,5,10,10
182,190806814,1045886,18,43556352,4096,25,5,10,10
182,190806814,1045886,19,53000448,4096,25,5,10,10
182,190806814,1045886,20,70309120,4096,25,5,10,10
182,190806814,1045886,21,99601408,65536,24,4,10,10
182,190806814,1045886,22,56115712,65536,21,3,10,10
182,190806814,1045886,23,62403072,65536,21,3,10,10
182,190806814,1045886,24,68145408,65536,21,3,10,10
182,190806814,1045886,25,70292480,16384,21,3,10,10
182,190806814,1045886,26,101762560,16384,21,3,10,10
182,190806814,1045886,27,111208192,65536,21,3,10,10
182,190806814,1045886,28,132636928,65536,21,3,10,10
182,190806814,1045886,29,66113280,4096,18,4,10,10
182,190806814,1045886,30,127430912,1024,14,4,10,10
182,190806814,1045886,31,100715776,1024,9,3,10,10
183,191852700,1047401,0,143680512,4096,45,11,10,10
183,191852700,1047401,1,42508288,4096,41,11,10,10
183,191852700,1047401,2,90757632,4096,32,8,10,10
183,191852700,1047401,3,176164096,1024,32,8,10,10
183,191852700,1047401,4,100715776,1024,18,6,10,10
183,191852700,1047401,5,87087872,65536,16,4,10,10
183,191852700,1047401,6,88136704,16384,16,4,10,10
183,191852700,1047401,7,94918912,65536,16,4,10,10
183,191852700,1047401,8,97572096,16384,16,4,10,10
183,191852700,1047401,9,100183040,16384,16,4,10,10
183,191852700,1047401,10,122707712,16384,16,4,10,10
183,191852700,1047401,11,125843200,16384,16,4,10,10
183,191852700,1047401,12,148868352,65536,16,4,10,10
183,191852700,1047401,13,66113280,4096,13,3,10,10
183,191852700,1047401,14,127430912,1024,12,4,10,10
183,191852700,1047401,15,5759488,16384,12,2,10,10
183,191852700,1047401,16,64530688,16384,12,2,10,10
183,191852700,1047401,17,82362624,16384,12,2,10,10
183,191852700,1047401,18,102809600,4096,12,2,10,10
183,191852700,1047401,19,43556352,4096,9,3,10,10
183,191852700,1047401,20,53000448,4096,9,3,10,10
183,191852700,1047401,21,69784064,1024,9,3,10,10
183,191852700,1047401,22,70309120,4096,9,3,10,10
183,191852700,1047401,23,67686144,1024,7,3,10,10
183,191852700,1047401,24,83944704,256,7,3,10,10
183,191852700,1047401,25,89185024,1024,7,3,10,10
183,191852700,1047401,26,134770688,1024,7,3,10,10
183,191852700,1047401,27,86560768,4096,5,1,10,10
183,191852700,1047401,28,36208640,1024,3,1,10,10
183,191852700,1047401,29,62435328,1024,3,1,10,10
183,191852700,1047401,30,111731456,1024,3,1,10,10
183,191852700,1047401,31,131096064,256,3,1,10,10
184,192900101,1047633,0,1048320,65536,91,17,9,9
184,192900101,1047633,1,2097920,16384,91,17,9,9
184,192900101,1047633,2,4129792,65536,91,17,9,9
184,192900101,1047633,3,153052928,65536,91,17,9,9
184,192900101,1047633,4,166741248,4096,91,17,9,9
184,192900101,1047633,5,171420416,65536,91,17,9,9
184,192900101,1047633,6,175045632,65536,91,17,9,9
184,192900101,1047633,7,178227200,16384,91,17,9,9
184,192900101,1047633,8,16797952,4096,58,12,9,9
184,192900101,1047633,9,156259072,4096,40,8,9,9
184,192900101,1047633,10,16271616,4096,35,7,9,9
184,192900101,1047633,11,27812352,4096,35,7,9,9
184,192900101,1047633,12,121671680,4096,34,8,9,9
184,192900101,1047633,13,34107136,4096,31,7,9,9
184,192900101,1047633,14,13641728,16384,24,4,9,9
184,192900101,1047633,15,146842112,4096,23,5,9,9
184,192900101,1047633,16,159930880,4096,23,5,9,9
184,192900101,1047633,17,166214656,4096,23,5,9,9
184,192900101,1047633,18,181910016,4096,23,5,9,9
184,192900101,1047633,19,173025280,65536,21,3,9,9
184,192900101,1047633,20,165691136,1024,14,4,9,9
184,192900101,1047633,21,151548160,4096,11,3,9,9
184,192900101,1047633,22,138449408,256,8,2,9,9
184,192900101,1047633,23,12591104,256,6,2,9,9
184,192900101,1047633,24,28339456,256,6,2,9,9
184,192900101,1047633,25,159407872,1024,5,1,9,9
184,192900101,1047633,26,83940352,4096,4,2,9,9
184,192900101,1047633,27,180343296,4096,4,2,9,9
184,192900101,1047633,28,11543296,256,3,1,9,9
184,192900101,1047633,29,164123136,1024,3,1,9,9
184,192900101,1047633,30,25193472,256,1,1,9,9
184,192900101,1047633,31,1540096,65536,91,17,9,9
185,193947734,1051812,0,171420416,65536,107,17,9,9
185,193947734,1051812,1,1048320,65536,86,14,9,9
185,193947734,1051812,2,2097920,16384,86,14,9,9
185,193947734,1051812,3,4129792,65536,86,14,9,9
185,193947734,1051812,4,153052928,65536,86,14,9,9
185,193947734,1051812,5,166741248,4096,86,14,9,9
185,193947734,1051812,6,175045632,65536,86,14,9,9
185,193947734,1051812,7,178227200,16384,86,14,9,9
185,193947734,1051812,8,16797952,4096,75,17,9,9
185,193947734,1051812,9,156259072,4096,56,12,9,9
185,193947734,1051812,10,16271616,4096,51,11,9,9
185,193947734,1051812,11,27812352,4096,51,11,9,9
185,193947734,1051812,12,166214656,4096,36,8,9,9
185,193947734,1051812,13,13641728,16384,33,5,9,9
185,193947734,1051812,14,121671680,4096,28,8,9,9
185,193947734,1051812,15,146842112,4096,24,6,9,9
185,193947734,1051812,16,159930880,4096,24,6,9,9
185,193947734,1051812,17,181910016,4096,24,6,9,9
185,193947734,1051812,18,164580352,65536,21,3,9,9
185,193947734,1051812,19,178243840,16384,21,3,9,9
185,193947734,1051812,20,179786752,65536,21,3,9,9
185,193947734,1051812,21,180343296,65536,21,3,9,9
185,193947734,1051812,22,182438400,65536,21,3,9,9
185,193947734,1051812,23,24139264,256,9,3,9,9
185,193947734,1051812,24,34107136,4096,8,2,9,9
185,193947734,1051812,25,165691136,1024,7,3,9,9
185,193947734,1051812,26,523520,1024,6,2,9,9
185,193947734,1051812,27,186097664,1024,6,2,9,9
185,193947734,1051812,28,151548160,4096,4,2,9,9
185,193947734,1051812,29,11543296,256,3,1,9,9
185,193947734,1051812,30,34637312,1024,3,1,9,9
185,193947734,1051812,31,37260032,1024,3,1,9,9
186,194999546,1050949,0,16797952,4096,49,11,9,9
186,194999546,1050949,1,16271616,4096,31,7,9,9
186,194999546,1050949,2,27812352,4096,31,7,9,9
186,194999546,1050949,3,156259072,4096,31,7,9,9
186,194999546,1050949,4,174590464,4096,31,7,9,9
186,194999546,1050949,5,13641728,16384,24,4,9,9
186,194999546,1050949,6,120628224,4096,18,4,9,9
186,194999546,1050949,7,146842112,4096,18,4,9,9
186,194999546,1050949,8,159930880,4096,18,4,9,9
186,194999546,1050949,9,166214656,4096,18,4,9,9
186,194999546,1050949,10,181910016,4096,18,4,9,9
186,194999546,1050949,11,138449408,256,17,5,9,9
186,194999546,1050949,12,159407872,1024,13,3,9,9
186,194999546,1050949,13,3080960,65536,12,2,9,9
186,194999546,1050949,14,164580352,65536,12,2,9,9
186,194999546,1050949,15,171420416,65536,12,2,9,9
186,194999546,1050949,16,178243840,16384,12,2,9,9
186,194999546,1050949,17,179786752,65536,12,2,9,9
186,194999546,1050949,18,180343296,65536,12,2,9,9
186,194999546,1050949,19,182438400,65536,12,2,9,9
186,194999546,1050949,20,11543296,256,6,2,9,9
186,194999546,1050949,21,165691136,1024,6,2,9,9
186,194999546,1050949,22,34107136,4096,5,1,9,9
186,194999546,1050949,23,523520,1024,3,1,9,9
186,194999546,1050949,24,83940352,4096,3,1,9,9
186,194999546,1050949,25,151030016,256,1,1,9,9
186,194999546,1050949,26,27813888,1024,31,7,9,9
186,194999546,1050949,27,121671680,4096,18,4,9,9
186,194999546,1050949,28,138449408,1024,17,5,9,9
186,194999546,1050949,29,138449408,4096,17,5,9,9
186,194999546,1050949,30,138967040,4096,17,5,9,9
186,194999546,1050949,31,16797952,16384,12,2,9,9
187,196050495,1045237,0,171420416,65536,42,6,9,9
187,196050495,1045237,1,16797952,4096,36,8,9,9
187,196050495,1045237,2,13641728,16384,36,6,9,9
187,196050495,1045237,3,156259072,4096,28,6,9,9
187,196050495,1045237,4,16271616,4096,23,5,9,9
187,196050495,1045237,5,27812352,4096,23,5,9,9
187,196050495,1045237,6,174590464,4096,23,5,9,9
187,196050495,1045237,7,1048320,65536,21,3,9,9
187,196050495,1045237,8,2097920,16384,21,3,9,9
187,196050495,1045237,9,4129792,65536,21,3,9,9
187,196050495,1045237,10,153052928,65536,21,3,9,9
187,196050495,1045237,11,164580352,65536,21,3,9,9
187,196050495,1045237,12,166741248,4096,21,3,9,9
187,196050495,1045237,13,178227200,16384,21,3,9,9
187,196050495,1045237,14,178243840,16384,21,3,9,9
187,196050495,1045237,15,179786752,65536,21,3,9,9
187,196050495,1045237,16,180343296,65536,21,3,9,9
187,196050495,1045237,17,182438400,65536,21,3,9,9
187,196050495,1045237,18,121671680,4096,18,4,9,9
187,196050495,1045237,19,34107136,4096,15,3,9,9
187,196050495,1045237,20,146842112,4096,13,3,9,9
187,196050495,1045237,21,159930880,4096,13,3,9,9
187,196050495,1045237,22,166214656,4096,13,3,9,9
187,196050495,1045237,23,181910016,4096,13,3,9,9
187,196050495,1045237,24,165691136,1024,9,3,9,9
187,196050495,1045237,25,523520,1024,6,2,9,9
187,196050495,1045237,26,151548160,4096,5,1,9,9
187,196050495,1045237,27,11543296,256,4,2,9,9
187,196050495,1045237,28,12591104,256,3,1,9,9
187,196050495,1045237,29,28339456,256,3,1,9,9
187,196050495,1045237,30,44605696,1024,3,1,9,9
187,196050495,1045237,31,163600128,1024,3,1,9,9
188,197095732,1052115,0,42968832,65536,93,17,10,10
188,197095732,1052115,1,87087872,65536,93,17,10,10
188,197095732,1052115,2,88136704,16384,93,17,10,10
188,197095732,1052115,3,94918912,65536,93,17,10,10
188,197095732,1052115,4,97572096,16384,93,17,10,10
188,197095732,1052115,5,100183040,16384,93,17,10,10
188,197095732,1052115,6,122707712,16384,93,17,10,10
188,197095732,1052115,7,125843200,16384,93,17,10,10
188,197095732,1052115,8,148868352,65536,93,17,10,10
188,197095732,1052115,9,56115712,65536,57,9,10,10
188,197095732,1052115,10,62403072,65536,57,9,10,10
188,197095732,1052115,11,68145408,65536,57,9,10,10
188,197095732,1052115,12,70292480,16384,57,9,10,10
188,197095732,1052115,13,101762560,16384,57,9,10,10
188,197095732,1052115,14,111208192,65536,57,9,10,10
188,197095732,1052115,15,132636928,65536,57,9,10,10
188,197095732,1052115,16,191852800,65536,57,9,10,10
188,197095732,1052115,17,143680512,4096,37,9,10,10
188,197095732,1052115,18,43556352,4096,25,5,10,10
188,197095732,1052115,19,53000448,4096,25,5,10,10
188,197095732,1052115,20,70309120,4096,25,5,10,10
188,197095732,1052115,21,66113280,4096,22,6,10,10
188,197095732,1052115,22,86021632,16384,20,4,10,10
188,197095732,1052115,23,127956224,1024,20,4,10,10
188,197095732,1052115,24,90757632,4096,15,3,10,10
188,197095732,1052115,25,176164096,1024,15,3,10,10
188,197095732,1052115,26,189754112,4096,12,6,10,10
188,197095732,1052115,27,100715776,1024,6,2,10,10
188,197095732,1052115,28,36208640,1024,3,1,10,10
188,197095732,1052115,29,84466432,1024,3,1,10,10
188,197095732,1052115,30,127430912,1024,3,1,10,10
188,197095732,1052115,31,131096064,256,3,1,10,10
189,198147847,1049372,0,40937216,16384,78,14,6,6
189,198147847,1049372,1,46669568,65536,78,14,6,6
189,198147847,1049372,2,48260352,16384,78,14,6,6
189,198147847,1049372,3,104893952,16384,78,14,6,6
189,198147847,1049372,4,107988480,65536,78,14,6,6
189,198147847,1049372,5,114355712,256,78,14,6,6
189,198147847,1049372,6,117424640,65536,78,14,6,6
189,198147847,1049372,7,118538752,16384,78,14,6,6
189,198147847,1049372,8,105897472,65536,63,9,6,6
189,198147847,1049372,9,109043456,65536,63,9,6,6
189,198147847,1049372,10,119580160,65536,63,9,6,6
189,198147847,1049372,11,115398400,65536,24,4,6,6
189,198147847,1049372,12,73457664,4096,15,3,6,6
189,198147847,1049372,13,61385216,4096,5,1,6,6
189,198147847,1049372,14,33055744,1024,4,2,6,6
189,198147847,1049372,15,31484928,256,1,1,6,6
189,198147847,1049372,16,50375168,256,1,1,6,6
189,198147847,1049372,17,46694144,16384,78,14,6,6
189,198147847,1049372,18,114355712,1024,78,14,6,6
189,198147847,1049372,19,114355712,4096,78,14,6,6
189,198147847,1049372,20,114355712,16384,78,14,6,6
189,198147847,1049372,21,47719680,65536,63,9,6,6
189,198147847,1049372,22,104353536,65536,63,9,6,6
189,198147847,1049372,23,73460736,1024,15,3,6,6
189,198147847,1049372,24,104910592,4096,15,3,6,6
189,198147847,1049372,25,47228416,16384,12,2,6,6
189,198147847,1049372,26,72413184,16384,12,2,6,6
189,198147847,1049372,27,115397120,1024,4,2,6,6
190,199197219,1048394,0,42968832,65536,42,8,10,10
190,199197219,1048394,1,87087872,65536,42,8,10,10
190,199197219,1048394,2,88136704,16384,42,8,10,10
190,199197219,1048394,3,94918912,65536,42,8,10,10
190,199197219,1048394,4,97572096,16384,42,8,10,10
190,199197219,1048394,5,100183040,16384,42,8,10,10
190,199197219,1048394,6,122707712,16384,42,8,10,10
190,199197219,1048394,7,125843200,16384,42,8,10,10
190,199197219,1048394,8,148868352,65536,42,8,10,10
190,199197219,1048394,9,143680512,4096,38,10,10,10
190,199197219,1048394,10,5759488,16384,38,8,10,10
190,199197219,1048394,11,64530688,16384,38,8,10,10
190,199197219,1048394,12,82362624,16384,38,8,10,10
190,199197219,1048394,13,102809600,4096,38,8,10,10
190,199197219,1048394,14,56115712,65536,24,4,10,10
190,199197219,1048394,15,62403072,65536,24,4,10,10
190,199197219,1048394,16,68145408,65536,24,4,10,10
190,199197219,1048394,17,70292480,16384,24,4,10,10
190,199197219,1048394,18,101762560,16384,24,4,10,10
190,199197219,1048394,19,111208192,65536,24,4,10,10
190,199197219,1048394,20,132636928,65536,24,4,10,10
190,199197219,1048394,21,191852800,65536,24,4,10,10
190,199197219,1048394,22,98619904,65536,21,3,10,10
190,199197219,1048394,23,110650368,65536,21,3,10,10
190,199197219,1048394,24,66113280,4096,19,5,10,10
190,199197219,1048394,25,90757632,4096,19,5,10,10
190,199197219,1048394,26,176164096,1024,19,5,10,10
190,199197219,1048394,27,43556352,4096,17,5,10,10
190,199197219,1048394,28,53000448,4096,17,5,10,10
190,199197219,1048394,29,70309120,4096,17,5,10,10
190,199197219,1048394,30,127430912,1024,8,2,10,10
190,199197219,1048394,31,83944704,256,7,3,10,10
191,200245613,1048239,0,40937216,16384,48,8,6,6
191,200245613,1048239,1,46669568,65536,48,8,6,6
191,200245613,1048239,2,48260352,16384,48,8,6,6
191,200245613,1048239,3,104893952,16384,48,8,6,6
191,200245613,1048239,4,107988480,65536,48,8,6,6
191,200245613,1048239,5,114355712,256,48,8,6,6
191,200245613,1048239,6,117424640,65536,48,8,6,6
191,200245613,1048239,7,118538752,16384,48,8,6,6
191,200245613,1048239,8,73457664,4096,23,5,6,6
191,200245613,1048239,9,104910592,4096,23,5,6,6
191,200245613,1048239,10,199193088,4096,17,5,6,6
191,200245613,1048239,11,109043456,65536,12,2,6,6
191,200245613,1048239,12,118522112,16384,12,2,6,6
191,200245613,1048239,13,119580160,65536,12,2,6,6
191,200245613,1048239,14,63485696,4096,9,3,6,6
191,200245613,1048239,15,124285696,4096,5,1,6,6
191,200245613,1048239,16,46694144,16384,48,8,6,6
191,200245613,1048239,17,114355712,1024,48,8,6,6
191,200245613,1048239,18,114355712,4096,48,8,6,6
191,200245613,1048239,19,114355712,16384,48,8,6,6
191,200245613,1048239,20,73460736,1024,23,5,6,6
191,200245613,1048239,21,47719680,65536,12,2,6,6
191,200245613,1048239,22,104353536,65536,12,2,6,6
191,200245613,1048239,23,105897472,65536,12,2,6,6
191,200245613,1048239,24,107522048,16384,12,2,6,6
191,200245613,1048239,25,118534400,4096,12,2,6,6
191,200245613,1048239,26,103862272,4096,3,1,6,6
191,200245613,1048239,27,107529728,1024,3,1,6,6
192,201293852,1047487,0,40937216,16384,33,5,6,6
192,201293852,1047487,1,46669568,65536,33,5,6,6
192,201293852,1047487,2,48260352,16384,33,5,6,6
192,201293852,1047487,3,104893952,16384,33,5,6,6
192,201293852,1047487,4,107988480,65536,33,5,6,6
192,201293852,1047487,5,114355712,256,33,5,6,6
192,201293852,1047487,6,117424640,65536,33,5,6,6
192,201293852,1047487,7,118538752,16384,33,5,6,6
192,201293852,1047487,8,105897472,65536,24,4,6,6
192,201293852,1047487,9,109043456,65536,24,4,6,6
192,201293852,1047487,10,115398400,65536,24,4,6,6
192,201293852,1047487,11,119580160,65536,24,4,6,6
192,201293852,1047487,12,190249728,65536,24,4,6,6
192,201293852,1047487,13,124285696,4096,13,3,6,6
192,201293852,1047487,14,118522112,16384,12,2,6,6
192,201293852,1047487,15,199193088,4096,8,2,6,6
192,201293852,1047487,16,46694144,16384,33,5,6,6
192,201293852,1047487,17,114355712,1024,33,5,6,6
192,201293852,1047487,18,114355712,4096,33,5,6,6
192,201293852,1047487,19,114355712,16384,33,5,6,6
192,201293852,1047487,20,47719680,65536,24,4,6,6
192,201293852,1047487,21,104353536,65536,24,4,6,6
192,201293852,1047487,22,107522048,16384,24,4,6,6
192,201293852,1047487,23,107529728,1024,16,4,6,6
192,201293852,1047487,24,107528192,4096,12,2,6,6
192,201293852,1047487,25,118534400,4096,12,2,6,6
192,201293852,1047487,26,190790400,16384,9,3,6,6
192,201293852,1047487,27,190802688,4096,9,3,6,6
192,201293852,1047487,28,190805760,1024,9,3,6,6
192,201293852,1047487,29,190806528,256,9,3,6,6
192,201293852,1047487,30,103862272,4096,5,1,6,6
193,202341339,1048350,0,143680512,4096,65,15,10,10
193,202341339,1048350,1,42508288,4096,61,13,10,10
193,202341339,1048350,2,88136704,65536,51,9,10,10
193,202341339,1048350,3,94918912,65536,51,9,10,10
193,202341339,1048350,4,97572096,16384,51,9,10,10
193,202341339,1048350,5,100183040,16384,51,9,10,10
193,202341339,1048350,6,122707712,16384,51,9,10,10
193,202341339,1048350,7,125843200,16384,51,9,10,10
193,202341339,1048350,8,148868352,65536,51,9,10,10
193,202341339,1048350,9,200179968,65536,51,9,10,10
193,202341339,1048350,10,90757632,4096,38,8,10,10
193,202341339,1048350,11,176164096,1024,38,8,10,10
193,202341339,1048350,12,127430912,1024,37,9,10,10
193,202341339,1048350,13,5759488,16384,28,6,10,10
193,202341339,1048350,14,64530688,16384,28,6,10,10
193,202341339,1048350,15,82362624,16384,28,6,10,10
193,202341339,1048350,16,102809600,4096,28,6,10,10
193,202341339,1048350,17,66113280,4096,27,7,10,10
193,202341339,1048350,18,43556352,4096,23,5,10,10
193,202341339,1048350,19,53000448,4096,23,5,10,10
193,202341339,1048350,20,70309120,4096,23,5,10,10
193,202341339,1048350,21,94411520,16384,15,3,10,10
193,202341339,1048350,22,100715776,1024,14,4,10,10
193,202341339,1048350,23,71359232,1024,9,3,10,10
193,202341339,1048350,24,57165568,65536,9,1,10,10
193,202341339,1048350,25,111142400,65536,9,1,10,10
193,202341339,1048350,26,83944704,256,7,3,10,10
193,202341339,1048350,27,36208640,1024,6,2,10,10
193,202341339,1048350,28,62435328,1024,6,2,10,10
193,202341339,1048350,29,69784064,1024,6,2,10,10
193,202341339,1048350,30,86038272,256,6,2,10,10
193,202341339,1048350,31,89185024,1024,6,2,10,10
194,203389689,1048976,0,143680512,4096,67,15,10,10
194,203389689,1048976,1,42508288,4096,56,12,10,10
194,203389689,1048976,2,56115712,65536,42,6,10,10
194,203389689,1048976,3,62403072,65536,42,6,10,10
194,203389689,1048976,4,68145408,65536,42,6,10,10
194,203389689,1048976,5,70292480,16384,42,6,10,10
194,203389689,1048976,6,101762560,16384,42,6,10,10
194,203389689,1048976,7,111208192,65536,42,6,10,10
194,203389689,1048976,8,121676032,65536,42,6,10,10
194,203389689,1048976,9,132636928,65536,42,6,10,10
194,203389689,1048976,10,191852800,65536,42,6,10,10
194,203389689,1048976,11,90757632,4096,38,8,10,10
194,203389689,1048976,12,176164096,1024,38,8,10,10
194,203389689,1048976,13,98619904,65536,36,6,10,10
194,203389689,1048976,14,110650368,65536,36,6,10,10
194,203389689,1048976,15,88136704,65536,33,5,10,10
194,203389689,1048976,16,94918912,65536,33,5,10,10
194,203389689,1048976,17,97572096,16384,33,5,10,10
194,203389689,1048976,18,100183040,16384,33,5,10,10
194,203389689,1048976,19,125843200,16384,33,5,10,10
194,203389689,1048976,20,148868352,65536,33,5,10,10
194,203389689,1048976,21,200179968,65536,33,5,10,10
194,203389689,1048976,22,66113280,4096,29,7,10,10
194,203389689,1048976,23,5759488,16384,24,4,10,10
194,203389689,1048976,24,64530688,16384,24,4,10,10
194,203389689,1048976,25,82362624,16384,24,4,10,10
194,203389689,1048976,26,102809600,4096,24,4,10,10
194,203389689,1048976,27,87087872,4096,20,4,10,10
194,203389689,1048976,28,43556352,4096,18,4,10,10
194,203389689,1048976,29,53000448,4096,18,4,10,10
194,203389689,1048976,30,70309120,4096,18,4,10,10
194,203389689,1048976,31,203385344,4096,18,4,10,10
195,204438665,1048128,0,42968832,65536,103,19,10,10
195,204438665,1048128,1,88136704,65536,103,19,10,10
195,204438665,1048128,2,94918912,65536,103,19,10,10
195,204438665,1048128,3,97572096,16384,103,19,10,10
195,204438665,1048128,4,100183040,16384,103,19,10,10
195,204438665,1048128,5,122707712,16384,103,19,10,10
195,204438665,1048128,6,125843200,16384,103,19,10,10
195,204438665,1048128,7,148868352,65536,103,19,10,10
195,204438665,1048128,8,200179968,65536,103,19,10,10
195,204438665,1048128,9,43556352,4096,36,10,10,10
195,204438665,1048128,10,53000448,4096,36,10,10,10
195,204438665,1048128,11,70309120,4096,36,10,10,10
195,204438665,1048128,12,143158272,4096,36,10,10,10
195,204438665,1048128,13,203385344,4096,36,10,10,10
195,204438665,1048128,14,56115712,65536,21,3,10,10
195,204438665,1048128,15,57165568,65536,21,3,10,10
195,204438665,1048128,16,62403072,65536,21,3,10,10
195,204438665,1048128,17,66604800,65536,21,3,10,10
195,204438665,1048128,18,68145408,65536,21,3,10,10
195,204438665,1048128,19,70292480,16384,21,3,10,10
195,204438665,1048128,20,101762560,16384,21,3,10,10
195,204438665,1048128,21,111142400,65536,21,3,10,10
195,204438665,1048128,22,111208192,65536,21,3,10,10
195,204438665,1048128,23,132636928,65536,21,3,10,10
195,204438665,1048128,24,191852800,65536,21,3,10,10
195,204438665,1048128,25,90757632,4096,19,5,10,10
195,204438665,1048128,26,176164096,1024,19,5,10,10
195,204438665,1048128,27,5759488,16384,15,3,10,10
195,204438665,1048128,28,64530688,16384,15,3,10,10
195,204438665,1048128,29,82362624,16384,15,3,10,10
195,204438665,1048128,30,102809600,4096,15,3,10,10
195,204438665,1048128,31,100715776,1024,12,4,10,10
196,205486793,1041362,0,204954368,16384,101,19,10,10
196,205486793,1041362,1,42968832,65536,80,16,10,10
196,205486793,1041362,2,94918912,65536,80,16,10,10
196,205486793,1041362,3,97572096,16384,80,16,10,10
196,205486793,1041362,4,100183040,16384,80,16,10,10
196,205486793,1041362,5,122707712,16384,80,16,10,10
196,205486793,1041362,6,125843200,16384,80,16,10,10
196,205486793,1041362,7,148868352,65536,80,16,10,10
196,205486793,1041362,8,200179968,65536,80,16,10,10
196,205486793,1041362,9,56115712,65536,21,3,10,10
196,205486793,1041362,10,62403072,65536,21,3,10,10
196,205486793,1041362,11,68145408,65536,21,3,10,10
196,205486793,1041362,12,70292480,16384,21,3,10,10
196,205486793,1041362,13,102253056,65536,21,3,10,10
196,205486793,1041362,14,111208192,65536,21,3,10,10
196,205486793,1041362,15,132636928,65536,21,3,10,10
196,205486793,1041362,16,191852800,65536,21,3,10,10
196,205486793,1041362,17,89185024,1024,9,3,10,10
196,205486793,1041362,18,127430912,1024,9,3,10,10
196,205486793,1041362,19,134770688,1024,9,3,10,10
196,205486793,1041362,20,143680512,4096,7,3,10,10
196,205486793,1041362,21,187145216,1024,7,3,10,10
196,205486793,1041362,22,85511680,4096,5,1,10,10
196,205486793,1041362,23,87087872,4096,5,1,10,10
196,205486793,1041362,24,66113280,4096,4,2,10,10
196,205486793,1041362,25,36208640,1024,3,1,10,10
196,205486793,1041362,26,71359232,1024,3,1,10,10
196,205486793,1041362,27,84466432,1024,3,1,10,10
196,205486793,1041362,28,90757632,4096,3,1,10,10
196,205486793,1041362,29,100715776,1024,3,1,10,10
196,205486793,1041362,30,176164096,1024,3,1,10,10
196,205486793,1041362,31,43017984,16384,80,16,10,10
197,206528155,1049722,0,204954368,16384,93,17,10,10
197,206528155,1049722,1,42968832,65536,64,12,10,10
197,206528155,1049722,2,94918912,65536,64,12,10,10
197,206528155,1049722,3,97572096,16384,64,12,10,10
197,206528155,1049722,4,100183040,16384,64,12,10,10
197,206528155,1049722,5,122707712,16384,64,12,10,10
197,206528155,1049722,6,125843200,16384,64,12,10,10
197,206528155,1049722,7,148868352,65536,64,12,10,10
197,206528155,1049722,8,200179968,65536,64,12,10,10
197,206528155,1049722,9,143680512,4096,41,9,10,10
197,206528155,1049722,10,100715776,1024,38,12,10,10
197,206528155,1049722,11,56115712,65536,29,5,10,10
197,206528155,1049722,12,62403072,65536,29,5,10,10
197,206528155,1049722,13,68145408,65536,29,5,10,10
197,206528155,1049722,14,70292480,16384,29,5,10,10
197,206528155,1049722,15,111208192,65536,29,5,10,10
197,206528155,1049722,16,132636928,65536,29,5,10,10
197,206528155,1049722,17,191852800,65536,29,5,10,10
197,206528155,1049722,18,206462464,65536,29,5,10,10
197,206528155,1049722,19,55096832,4096,25,5,10,10
197,206528155,1049722,20,66113280,4096,21,5,10,10
197,206528155,1049722,21,93870848,65536,21,3,10,10
197,206528155,1049722,22,90757632,4096,20,4,10,10
197,206528155,1049722,23,176164096,1024,20,4,10,10
197,206528155,1049722,24,43556352,4096,16,4,10,10
197,206528155,1049722,25,53000448,4096,16,4,10,10
197,206528155,1049722,26,70309120,4096,16,4,10,10
197,206528155,1049722,27,203385344,4096,16,4,10,10
197,206528155,1049722,28,5759488,16384,12,2,10,10
197,206528155,1049722,29,64530688,16384,12,2,10,10
197,206528155,1049722,30,82362624,16384,12,2,10,10
197,206528155,1049722,31,102809600,4096,12,2,10,10
198,207577877,1047909,0,204954368,16384,73,15,10,10
198,207577877,1047909,1,42968832,65536,52,12,10,10
198,207577877,1047909,2,94918912,65536,52,12,10,10
198,207577877,1047909,3,97572096,16384,52,12,10,10
198,207577877,1047909,4,100183040,16384,52,12,10,10
198,207577877,1047909,5,122707712,16384,52,12,10,10
198,207577877,1047909,6,125843200,16384,52,12,10,10
198,207577877,1047909,7,148868352,65536,52,12,10,10
198,207577877,1047909,8,200179968,65536,52,12,10,10
198,207577877,1047909,9,143680512,4096,43,9,10,10
198,207577877,1047909,10,66113280,4096,28,6,10,10
198,207577877,1047909,11,127430912,1024,23,5,10,10
198,207577877,1047909,12,87087872,4096,22,6,10,10
198,207577877,1047909,13,56115712,65536,21,3,10,10
198,207577877,1047909,14,57165568,65536,21,3,10,10
198,207577877,1047909,15,62403072,65536,21,3,10,10
198,207577877,1047909,16,68145408,65536,21,3,10,10
198,207577877,1047909,17,70292480,16384,21,3,10,10
198,207577877,1047909,18,111142400,65536,21,3,10,10
198,207577877,1047909,19,111208192,65536,21,3,10,10
198,207577877,1047909,20,132636928,65536,21,3,10,10
198,207577877,1047909,21,191852800,65536,21,3,10,10
198,207577877,1047909,22,206462464,65536,21,3,10,10
198,207577877,1047909,23,5759488,16384,17,3,10,10
198,207577877,1047909,24,64530688,16384,17,3,10,10
198,207577877,1047909,25,82362624,16384,17,3,10,10
198,207577877,1047909,26,102809600,4096,17,3,10,10
198,207577877,1047909,27,90757632,4096,15,3,10,10
198,207577877,1047909,28,176164096,1024,15,3,10,10
198,207577877,1047909,29,43556352,4096,10,2,10,10
198,207577877,1047909,30,53000448,4096,10,2,10,10
198,207577877,1047909,31,70309120,4096,10,2,10,10
199,208625786,1049940,0,143680512,4096,62,14,10,10
199,208625786,1049940,1,204954368,16384,56,10,10,10
199,208625786,1049940,2,42508288,4096,54,12,10,10
199,208625786,1049940,3,56115712,65536,44,8,10,10
199,208625786,1049940,4,62403072,65536,44,8,10,10
199,208625786,1049940,5,68145408,65536,44,8,10,10
199,208625786,1049940,6,70292480,16384,44,8,10,10
199,208625786,1049940,7,111208192,65536,44,8,10,10
199,208625786,1049940,8,121676032,65536,44,8,10,10
199,208625786,1049940,9,132636928,65536,44,8,10,10
199,208625786,1049940,10,191852800,65536,44,8,10,10
199,208625786,1049940,11,206462464,65536,44,8,10,10
199,208625786,1049940,12,66113280,4096,33,7,10,10
199,208625786,1049940,13,90757632,4096,29,7,10,10
199,208625786,1049940,14,176164096,1024,29,7,10,10
199,208625786,1049940,15,43556352,4096,25,5,10,10
199,208625786,1049940,16,53000448,4096,25,5,10,10
199,208625786,1049940,17,70309120,4096,25,5,10,10
199,208625786,1049940,18,203385344,4096,25,5,10,10
199,208625786,1049940,19,98619904,65536,21,3,10,10
199,208625786,1049940,20,110650368,65536,21,3,10,10
199,208625786,1049940,21,94918912,65536,12,2,10,10
199,208625786,1049940,22,97572096,16384,12,2,10,10
199,208625786,1049940,23,100183040,16384,12,2,10,10
199,208625786,1049940,24,125843200,16384,12,2,10,10
199,208625786,1049940,25,148868352,65536,12,2,10,10
199,208625786,1049940,26,200179968,65536,12,2,10,10
199,208625786,1049940,27,71359232,1024,7,3,10,10
199,208625786,1049940,28,55098368,1024,6,2,10,10
199,208625786,1049940,29,127430912,1024,5,1,10,10
199,208625786,1049940,30,87087872,4096,4,2,10,10
199,208625786,1049940,31,100715776,1024,3,1,10,10
200,209675726,1047286,0,42968832,65536,63,11,10,10
200,209675726,1047286,1,100183040,16384,63,11,10,10
200,209675726,1047286,2,122707712,16384,63,11,10,10
200,209675726,1047286,3,125843200,16384,63,11,10,10
200,209675726,1047286,4,148868352,65536,63,11,10,10
200,209675726,1047286,5,200179968,65536,63,11,10,10
200,209675726,1047286,6,204954368,16384,63,11,10,10
200,209675726,1047286,7,209117952,65536,63,11,10,10
200,209675726,1047286,8,5759488,16384,45,9,10,10
200,209675726,1047286,9,64530688,16384,45,9,10,10
200,209675726,1047286,10,82362624,16384,45,9,10,10
200,209675726,1047286,11,102809600,4096,45,9,10,10
200,209675726,1047286,12,143152128,16384,45,9,10,10
200,209675726,1047286,13,43556352,4096,25,5,10,10
200,209675726,1047286,14,53000448,4096,25,5,10,10
200,209675726,1047286,15,70309120,4096,25,5,10,10
200,209675726,1047286,16,203385344,4096,25,5,10,10
200,209675726,1047286,17,66113280,4096,15,3,10,10
200,209675726,1047286,18,94411520,16384,12,2,10,10
200,209675726,1047286,19,100715776,1024,10,4,10,10
200,209675726,1047286,20,71359232,1024,9,3,10,10
200,209675726,1047286,21,87087872,4096,8,2,10,10
200,209675726,1047286,22,86038272,256,7,3,10,10
200,209675726,1047286,23,55098368,1024,6,2,10,10
200,209675726,1047286,24,67686144,1024,6,2,10,10
200,209675726,1047286,25,189754112,4096,6,2,10,10
200,209675726,1047286,26,85511680,4096,5,1,10,10
200,209675726,1047286,27,69784064,1024,4,2,10,10
200,209675726,1047286,28,98618624,1024,4,2,10,10
200,209675726,1047286,29,36208640,1024,3,1,10,10
200,209675726,1047286,30,62435328,1024,3,1,10,10
200,209675726,1047286,31,84466432,1024,3,1,10,10
201,210723012,1051312,0,1048320,65536,160,28,9,9
201,210723012,1051312,1,2097920,16384,160,28,9,9
201,210723012,1051312,2,4129792,65536,160,28,9,9
201,210723012,1051312,3,153052928,65536,160,28,9,9
201,210723012,1051312,4,166741248,4096,160,28,9,9
201,210723012,1051312,5,171420416,65536,160,28,9,9
201,210723012,1051312,6,175045632,65536,160,28,9,9
201,210723012,1051312,7,178227200,16384,160,28,9,9
201,210723012,1051312,8,13641728,16384,150,26,9,9
201,210723012,1051312,9,178243840,16384,114,18,9,9
201,210723012,1051312,10,179786752,65536,114,18,9,9
201,210723012,1051312,11,180343296,65536,114,18,9,9
201,210723012,1051312,12,182438400,65536,114,18,9,9
201,210723012,1051312,13,196540416,65536,114,18,9,9
201,210723012,1051312,14,16797952,4096,67,15,9,9
201,210723012,1051312,15,121671680,4096,60,14,9,9
201,210723012,1051312,16,156259072,4096,46,10,9,9
201,210723012,1051312,17,16271616,4096,36,8,9,9
201,210723012,1051312,18,27812352,4096,36,8,9,9
201,210723012,1051312,19,165691136,1024,32,8,9,9
201,210723012,1051312,20,146842112,4096,31,7,9,9
201,210723012,1051312,21,159930880,4096,31,7,9,9
201,210723012,1051312,22,166214656,4096,31,7,9,9
201,210723012,1051312,23,181910016,4096,31,7,9,9
201,210723012,1051312,24,151548160,4096,29,7,9,9
201,210723012,1051312,25,164123136,1024,21,7,9,9
201,210723012,1051312,26,163535616,65536,21,3,9,9
201,210723012,1051312,27,193882112,65536,21,3,9,9
201,210723012,1051312,28,138449408,256,18,4,9,9
201,210723012,1051312,29,83940352,4096,11,3,9,9
201,210723012,1051312,30,24139264,256,9,3,9,9
201,210723012,1051312,31,194999552,256,9,3,9,9
202,211774324,1049489,0,5759488,16384,41,7,10,10
202,211774324,1049489,1,64530688,16384,41,7,10,10
202,211774324,1049489,2,82362624,16384,41,7,10,10
202,211774324,1049489,3,102809600,4096,41,7,10,10
202,211774324,1049489,4,143152128,16384,41,7,10,10
202,211774324,1049489,5,208625920,4096,41,7,10,10
202,211774324,1049489,6,204954368,16384,39,7,10,10
202,211774324,1049489,7,99601408,65536,36,6,10,10
202,211774324,1049489,8,42508288,4096,25,5,10,10
202,211774324,1049489,9,56674048,65536,24,4,10,10
202,211774324,1049489,10,58214912,65536,24,4,10,10
202,211774324,1049489,11,87579392,65536,24,4,10,10
202,211774324,1049489,12,100183040,16384,24,4,10,10
202,211774324,1049489,13,122707712,16384,24,4,10,10
202,211774324,1049489,14,125843200,16384,24,4,10,10
202,211774324,1049489,15,148868352,65536,24,4,10,10
202,211774324,1049489,16,200179968,65536,24,4,10,10
202,211774324,1049489,17,66113280,4096,23,5,10,10
202,211774324,1049489,18,43556352,4096,20,4,10,10
202,211774324,1049489,19,53000448,4096,20,4,10,10
202,211774324,1049489,20,70309120,4096,20,4,10,10
202,211774324,1049489,21,203385344,4096,20,4,10,10
202,211774324,1049489,22,56115712,65536,15,3,10,10
202,211774324,1049489,23,62403072,65536,15,3,10,10
202,211774324,1049489,24,68145408,65536,15,3,10,10
202,211774324,1049489,25,70292480,16384,15,3,10,10
202,211774324,1049489,26,132636928,65536,15,3,10,10
202,211774324,1049489,27,191852800,65536,15,3,10,10
202,211774324,1049489,28,206462464,65536,15,3,10,10
202,211774324,1049489,29,210657280,65536,15,3,10,10
202,211774324,1049489,30,189754112,4096,13,5,10,10
202,211774324,1049489,31,71359232,1024,12,4,10,10
203,212823813,1047894,0,204954368,16384,90,14,10,10
203,212823813,1047894,1,42968832,65536,69,11,10,10
203,212823813,1047894,2,100183040,16384,69,11,10,10
203,212823813,1047894,3,122707712,16384,69,11,10,10
203,212823813,1047894,4,125843200,16384,69,11,10,10
203,212823813,1047894,5,148868352,65536,69,11,10,10
203,212823813,1047894,6,200179968,65536,69,11,10,10
203,212823813,1047894,7,209117952,65536,69,11,10,10
203,212823813,1047894,8,43556352,4096,28,6,10,10
203,212823813,1047894,9,53000448,4096,28,6,10,10
203,212823813,1047894,10,70309120,4096,28,6,10,10
203,212823813,1047894,11,143158272,4096,28,6,10,10
203,212823813,1047894,12,203385344,4096,28,6,10,10
203,212823813,1047894,13,100715776,1024,23,9,10,10
203,212823813,1047894,14,56115712,65536,21,3,10,10
203,212823813,1047894,15,62403072,65536,21,3,10,10
203,212823813,1047894,16,132636928,65536,21,3,10,10
203,212823813,1047894,17,191852800,65536,21,3,10,10
203,212823813,1047894,18,206462464,65536,21,3,10,10
203,212823813,1047894,19,210657280,65536,21,3,10,10
203,212823813,1047894,20,212266240,65536,21,3,10,10
203,212823813,1047894,21,86021632,16384,15,3,10,10
203,212823813,1047894,22,99601408,65536,15,3,10,10
203,212823813,1047894,23,127956224,1024,15,3,10,10
203,212823813,1047894,24,88135424,1024,14,6,10,10
203,212823813,1047894,25,5759488,16384,5,1,10,10
203,212823813,1047894,26,64530688,16384,5,1,10,10
203,212823813,1047894,27,66113280,4096,5,1,10,10
203,212823813,1047894,28,82362624,16384,5,1,10,10
203,212823813,1047894,29,90757632,4096,5,1,10,10
203,212823813,1047894,30,102809600,4096,5,1,10,10
203,212823813,1047894,31,176164096,1024,5,1,10,10
204,213871707,1048295,0,40937216,16384,97,19,6,6
204,213871707,1048295,1,46669568,65536,97,19,6,6
204,213871707,1048295,2,48260352,16384,97,19,6,6
204,213871707,1048295,3,104893952,16384,97,19,6,6
204,213871707,1048295,4,107988480,65536,97,19,6,6
204,213871707,1048295,5,114355712,256,97,19,6,6
204,213871707,1048295,6,117424640,65536,97,19,6,6
204,213871707,1048295,7,118538752,16384,97,19,6,6
204,213871707,1048295,8,115398400,65536,36,6,6,6
204,213871707,1048295,9,199193088,4096,30,8,6,6
204,213871707,1048295,10,124285696,4096,28,6,6,6
204,213871707,1048295,11,73457664,4096,25,7,6,6
204,213871707,1048295,12,104910592,4096,25,7,6,6
204,213871707,1048295,13,118522112,16384,24,4,6,6
204,213871707,1048295,14,109043456,65536,21,3,6,6
204,213871707,1048295,15,119580160,65536,21,3,6,6
204,213871707,1048295,16,33055744,1024,12,4,6,6
204,213871707,1048295,17,61385216,4096,5,1,6,6
204,213871707,1048295,18,31484928,256,1,1,6,6
204,213871707,1048295,19,50375168,256,1,1,6,6
204,213871707,1048295,20,46694144,16384,97,19,6,6
204,213871707,1048295,21,114355712,1024,97,19,6,6
204,213871707,1048295,22,114355712,4096,97,19,6,6
204,213871707,1048295,23,114355712,16384,97,19,6,6
204,213871707,1048295,24,73460736,1024,25,7,6,6
204,213871707,1048295,25,107522048,16384,24,4,6,6
204,213871707,1048295,26,118534400,4096,24,4,6,6
204,213871707,1048295,27,47719680,65536,21,3,6,6
204,213871707,1048295,28,104353536,65536,21,3,6,6
204,213871707,1048295,29,105897472,65536,21,3,6,6
204,213871707,1048295,30,115397120,1024,12,4,6,6
204,213871707,1048295,31,107529728,1024,3,1,6,6
205,214920002,1050963,0,204954368,16384,135,21,10,10
205,214920002,1050963,1,42968832,65536,69,11,10,10
205,214920002,1050963,2,100183040,16384,69,11,10,10
205,214920002,1050963,3,122707712,16384,69,11,10,10
205,214920002,1050963,4,125843200,16384,69,11,10,10
205,214920002,1050963,5,148868352,65536,69,11,10,10
205,214920002,1050963,6,200179968,65536,69,11,10,10
205,214920002,1050963,7,209117952,65536,69,11,10,10
205,214920002,1050963,8,56115712,65536,66,10,10,10
205,214920002,1050963,9,62403072,65536,66,10,10,10
205,214920002,1050963,10,132636928,65536,66,10,10,10
205,214920002,1050963,11,191852800,65536,66,10,10,10
205,214920002,1050963,12,206462464,65536,66,10,10,10
205,214920002,1050963,13,210657280,65536,66,10,10,10
205,214920002,1050963,14,212266240,65536,66,10,10,10
205,214920002,1050963,15,143680512,4096,37,9,10,10
205,214920002,1050963,16,66113280,4096,32,8,10,10
205,214920002,1050963,17,94411520,16384,28,6,10,10
205,214920002,1050963,18,43556352,4096,27,7,10,10
205,214920002,1050963,19,53000448,4096,27,7,10,10
205,214920002,1050963,20,70309120,4096,27,7,10,10
205,214920002,1050963,21,203385344,4096,27,7,10,10
205,214920002,1050963,22,5759488,16384,12,2,10,10
205,214920002,1050963,23,64530688,16384,12,2,10,10
205,214920002,1050963,24,82362624,16384,12,2,10,10
205,214920002,1050963,25,102809600,4096,12,2,10,10
205,214920002,1050963,26,207561472,16384,12,2,10,10
205,214920002,1050963,27,67686144,1024,9,3,10,10
205,214920002,1050963,28,100715776,1024,9,3,10,10
205,214920002,1050963,29,189754112,4096,8,4,10,10
205,214920002,1050963,30,71359232,1024,7,3,10,10
205,214920002,1050963,31,127430912,1024,6,2,10,10
206,215970965,1044906,0,40937216,16384,53,9,6,6
206,215970965,1044906,1,46669568,65536,53,9,6,6
206,215970965,1044906,2,48260352,16384,53,9,6,6
206,215970965,1044906,3,104893952,16384,53,9,6,6
206,215970965,1044906,4,107988480,65536,53,9,6,6
206,215970965,1044906,5,114355712,256,53,9,6,6
206,215970965,1044906,6,117424640,65536,53,9,6,6
206,215970965,1044906,7,118538752,16384,53,9,6,6
206,215970965,1044906,8,124285696,4096,41,9,6,6
206,215970965,1044906,9,118006272,16384,28,6,6,6
206,215970965,1044906,10,105897472,65536,21,3,6,6
206,215970965,1044906,11,109043456,65536,21,3,6,6
206,215970965,1044906,12,119580160,65536,21,3,6,6
206,215970965,1044906,13,190249728,65536,21,3,6,6
206,215970965,1044906,14,214903552,16384,21,3,6,6
206,215970965,1044906,15,73457664,4096,20,4,6,6
206,215970965,1044906,16,199193088,4096,13,3,6,6
206,215970965,1044906,17,33055744,1024,4,2,6,6
206,215970965,1044906,18,46694144,16384,53,9,6,6
206,215970965,1044906,19,114355712,1024,53,9,6,6
206,215970965,1044906,20,114355712,4096,53,9,6,6
206,215970965,1044906,21,114355712,16384,53,9,6,6
206,215970965,1044906,22,107522048,16384,40,8,6,6
206,215970965,1044906,23,107529728,1024,31,7,6,6
206,215970965,1044906,24,107528192,4096,28,6,6,6
206,215970965,1044906,25,47719680,65536,21,3,6,6
206,215970965,1044906,26,104353536,65536,21,3,6,6
206,215970965,1044906,27,214915840,4096,21,3,6,6
206,215970965,1044906,28,73460736,1024,20,4,6,6
206,215970965,1044906,29,104910592,4096,20,4,6,6
206,215970965,1044906,30,118522112,16384,12,2,6,6
206,215970965,1044906,31,118534400,4096,12,2,6,6
207,217015871,1047427,0,115398400,65536,42,6,6,6
207,217015871,1047427,1,216950272,65536,42,6,6,6
207,217015871,1047427,2,73457664,4096,23,5,6,6
207,217015871,1047427,3,104910592,4096,23,5,6,6
207,217015871,1047427,4,103862272,4096,19,5,6,6
207,217015871,1047427,5,40937216,16384,17,3,6,6
207,217015871,1047427,6,46669568,65536,17,3,6,6
207,217015871,1047427,7,48260352,16384,17,3,6,6
207,217015871,1047427,8,107988480,65536,17,3,6,6
207,217015871,1047427,9,114355712,256,17,3,6,6
207,217015871,1047427,10,117424640,65536,17,3,6,6
207,217015871,1047427,11,118538752,16384,17,3,6,6
207,217015871,1047427,12,190790400,16384,15,3,6,6
207,217015871,1047427,13,33055744,1024,13,3,6,6
207,217015871,1047427,14,124285696,4096,10,2,6,6
207,217015871,1047427,15,73460736,1024,23,5,6,6
207,217015871,1047427,16,46694144,16384,17,3,6,6
207,217015871,1047427,17,114355712,1024,17,3,6,6
207,217015871,1047427,18,114355712,4096,17,3,6,6
207,217015871,1047427,19,114355712,16384,17,3,6,6
207,217015871,1047427,20,216999424,16384,17,3,6,6
207,217015871,1047427,21,190802688,4096,15,3,6,6
207,217015871,1047427,22,190805760,1024,15,3,6,6
207,217015871,1047427,23,190806528,256,15,3,6,6
207,217015871,1047427,24,115397120,1024,13,3,6,6
207,217015871,1047427,25,107522048,16384,12,2,6,6
207,217015871,1047427,26,107528192,4096,12,2,6,6
207,217015871,1047427,27,107529728,1024,12,2,6,6
208,218063298,1047259,0,204954368,16384,45,7,10,10
208,218063298,1047259,1,42508288,4096,40,10,10,10
208,218063298,1047259,2,143680512,4096,29,7,10,10
208,218063298,1047259,3,93870848,65536,24,4,10,10
208,218063298,1047259,4,100183040,16384,24,4,10,10
208,218063298,1047259,5,122707712,16384,24,4,10,10
208,218063298,1047259,6,125843200,16384,24,4,10,10
208,218063298,1047259,7,148868352,65536,24,4,10,10
208,218063298,1047259,8,200179968,65536,24,4,10,10
208,218063298,1047259,9,209117952,65536,24,4,10,10
208,218063298,1047259,10,43556352,4096,22,6,10,10
208,218063298,1047259,11,53000448,4096,22,6,10,10
208,218063298,1047259,12,70309120,4096,22,6,10,10
208,218063298,1047259,13,203385344,4096,22,6,10,10
208,218063298,1047259,14,56115712,65536,21,3,10,10
208,218063298,1047259,15,56674048,65536,21,3,10,10
208,218063298,1047259,16,58214912,65536,21,3,10,10
208,218063298,1047259,17,62403072,65536,21,3,10,10
208,218063298,1047259,18,87579392,65536,21,3,10,10
208,218063298,1047259,19,98619904,65536,21,3,10,10
208,218063298,1047259,20,110650368,65536,21,3,10,10
208,218063298,1047259,21,132636928,65536,21,3,10,10
208,218063298,1047259,22,191852800,65536,21,3,10,10
208,218063298,1047259,23,206462464,65536,21,3,10,10
208,218063298,1047259,24,210657280,65536,21,3,10,10
208,218063298,1047259,25,212266240,65536,21,3,10,10
208,218063298,1047259,26,90757632,4096,18,4,10,10
208,218063298,1047259,27,176164096,1024,18,4,10,10
208,218063298,1047259,28,5759488,16384,15,3,10,10
208,218063298,1047259,29,64530688,16384,15,3,10,10
208,218063298,1047259,30,82362624,16384,15,3,10,10
208,218063298,1047259,31,102809600,4096,15,3,10,10
209,219110557,1046057,0,40937216,16384,57,9,6,6
209,219110557,1046057,1,46669568,65536,57,9,6,6
209,219110557,1046057,2,48260352,16384,57,9,6,6
209,219110557,1046057,3,114355712,256,57,9,6,6
209,219110557,1046057,4,117424640,65536,57,9,6,6
209,219110557,1046057,5,118538752,16384,57,9,6,6
209,219110557,1046057,6,216999424,16384,57,9,6,6
209,219110557,1046057,7,218046720,16384,57,9,6,6
209,219110557,1046057,8,115398400,65536,53,11,6,6
209,219110557,1046057,9,124285696,4096,47,11,6,6
209,219110557,1046057,10,73457664,4096,27,7,6,6
209,219110557,1046057,11,104910592,4096,27,7,6,6
209,219110557,1046057,12,107522048,16384,24,4,6,6
209,219110557,1046057,13,118522112,16384,24,4,6,6
209,219110557,1046057,14,199193088,4096,14,4,6,6
209,219110557,1046057,15,103862272,4096,10,2,6,6
209,219110557,1046057,16,123244032,256,2,2,6,6
209,219110557,1046057,17,46694144,16384,57,9,6,6
209,219110557,1046057,18,114355712,1024,57,9,6,6
209,219110557,1046057,19,114355712,4096,57,9,6,6
209,219110557,1046057,20,114355712,16384,57,9,6,6
209,219110557,1046057,21,216950272,65536,53,11,6,6
209,219110557,1046057,22,73460736,1024,27,7,6,6
209,219110557,1046057,23,118534400,4096,24,4,6,6
209,219110557,1046057,24,107529728,1024,3,1,6,6
209,219110557,1046057,25,218062080,1024,3,1,6,6
209,219110557,1046057,26,72413184,256,1,1,6,6
210,220156614,1044679,0,13641728,16384,50,8,9,9
210,220156614,1044679,1,1048320,65536,45,7,9,9
210,220156614,1044679,2,2097920,16384,45,7,9,9
210,220156614,1044679,3,4129792,65536,45,7,9,9
210,220156614,1044679,4,153052928,65536,45,7,9,9
210,220156614,1044679,5,166741248,4096,45,7,9,9
210,220156614,1044679,6,171420416,65536,45,7,9,9
210,220156614,1044679,7,175045632,65536,45,7,9,9
210,220156614,1044679,8,178227200,16384,45,7,9,9
210,220156614,1044679,9,165691136,1024,43,11,9,9
210,220156614,1044679,10,121671680,4096,41,9,9,9
210,220156614,1044679,11,151548160,4096,36,8,9,9
210,220156614,1044679,12,16797952,16384,29,5,9,9
210,220156614,1044679,13,178243840,16384,21,3,9,9
210,220156614,1044679,14,179786752,65536,21,3,9,9
210,220156614,1044679,15,180343296,65536,21,3,9,9
210,220156614,1044679,16,182438400,65536,21,3,9,9
210,220156614,1044679,17,196540416,65536,21,3,9,9
210,220156614,1044679,18,34107136,4096,15,3,9,9
210,220156614,1044679,19,164123136,1024,11,3,9,9
210,220156614,1044679,20,44082432,4096,10,2,9,9
210,220156614,1044679,21,11543296,256,7,3,9,9
210,220156614,1044679,22,37260032,1024,7,3,9,9
210,220156614,1044679,23,16271616,4096,5,1,9,9
210,220156614,1044679,24,27812352,4096,5,1,9,9
210,220156614,1044679,25,138449408,256,5,1,9,9
210,220156614,1044679,26,146842112,4096,5,1,9,9
210,220156614,1044679,27,156259072,4096,5,1,9,9
210,220156614,1044679,28,159930880,4096,5,1,9,9
210,220156614,1044679,29,166214656,4096,5,1,9,9
210,220156614,1044679,30,181910016,4096,5,1,9,9
210,220156614,1044679,31,523520,1024,4,2,9,9
211,221201293,1047999,0,40937216,16384,132,22,6,6
211,221201293,1047999,1,46669568,65536,132,22,6,6
211,221201293,1047999,2,48260352,16384,132,22,6,6
211,221201293,1047999,3,114355712,256,132,22,6,6
211,221201293,1047999,4,117424640,65536,132,22,6,6
211,221201293,1047999,5,118538752,16384,132,22,6,6
211,221201293,1047999,6,216999424,16384,132,22,6,6
211,221201293,1047999,7,218046720,16384,132,22,6,6
211,221201293,1047999,8,73457664,4096,40,10,6,6
211,221201293,1047999,9,104910592,4096,40,10,6,6
211,221201293,1047999,10,124285696,4096,39,9,6,6
211,221201293,1047999,11,107522048,16384,36,6,6,6
211,221201293,1047999,12,118522112,16384,24,4,6,6
211,221201293,1047999,13,199193088,4096,23,5,6,6
211,221201293,1047999,14,104353536,65536,21,3,6,6
211,221201293,1047999,15,109043456,65536,21,3,6,6
211,221201293,1047999,16,119580160,65536,21,3,6,6
211,221201293,1047999,17,214903552,16384,21,3,6,6
211,221201293,1047999,18,219110656,65536,21,3,6,6
211,221201293,1047999,19,200245760,16384,7,1,6,6
211,221201293,1047999,20,61385216,4096,5,1,6,6
211,221201293,1047999,21,46694144,16384,132,22,6,6
211,221201293,1047999,22,114355712,1024,132,22,6,6
211,221201293,1047999,23,114355712,4096,132,22,6,6
211,221201293,1047999,24,114355712,16384,132,22,6,6
211,221201293,1047999,25,73460736,1024,40,10,6,6
211,221201293,1047999,26,118534400,4096,24,4,6,6
211,221201293,1047999,27,47719680,65536,21,3,6,6
211,221201293,1047999,28,105897472,65536,21,3,6,6
211,221201293,1047999,29,214915840,4096,21,3,6,6
211,221201293,1047999,30,107529728,1024,15,3,6,6
211,221201293,1047999,31,107528192,4096,12,2,6,6
212,222249292,1048210,0,42968832,65536,67,11,10,10
212,222249292,1048210,1,100183040,16384,67,11,10,10
212,222249292,1048210,2,122707712,16384,67,11,10,10
212,222249292,1048210,3,125843200,16384,67,11,10,10
212,222249292,1048210,4,148868352,65536,67,11,10,10
212,222249292,1048210,5,200179968,65536,67,11,10,10
212,222249292,1048210,6,204954368,16384,67,11,10,10
212,222249292,1048210,7,209117952,65536,67,11,10,10
212,222249292,1048210,8,43556352,4096,45,11,10,10
212,222249292,1048210,9,53000448,4096,45,11,10,10
212,222249292,1048210,10,70309120,4096,45,11,10,10
212,222249292,1048210,11,143158272,4096,45,11,10,10
212,222249292,1048210,12,203385344,4096,45,11,10,10
212,222249292,1048210,13,5759488,16384,22,4,10,10
212,222249292,1048210,14,64530688,16384,22,4,10,10
212,222249292,1048210,15,82362624,16384,22,4,10,10
212,222249292,1048210,16,102809600,4096,22,4,10,10
212,222249292,1048210,17,90757632,4096,18,4,10,10
212,222249292,1048210,18,176164096,1024,18,4,10,10
212,222249292,1048210,19,100715776,1024,15,5,10,10
212,222249292,1048210,20,87087872,4096,10,2,10,10
212,222249292,1048210,21,66113280,4096,8,2,10,10
212,222249292,1048210,22,89185024,1024,6,2,10,10
212,222249292,1048210,23,134770688,1024,6,2,10,10
212,222249292,1048210,24,36208640,1024,3,1,10,10
212,222249292,1048210,25,55098368,1024,3,1,10,10
212,222249292,1048210,26,62435328,1024,3,1,10,10
212,222249292,1048210,27,69784064,1024,3,1,10,10
212,222249292,1048210,28,71359232,1024,3,1,10,10
212,222249292,1048210,29,84466432,1024,3,1,10,10
212,222249292,1048210,30,98095360,1024,3,1,10,10
212,222249292,1048210,31,111731456,1024,3,1,10,10
213,223297502,1048685,0,204954368,16384,115,19,10,10
213,223297502,1048685,1,56115712,65536,63,9,10,10
213,223297502,1048685,2,62403072,65536,63,9,10,10
213,223297502,1048685,3,132636928,65536,63,9,10,10
213,223297502,1048685,4,191852800,65536,63,9,10,10
213,223297502,1048685,5,206462464,65536,63,9,10,10
213,223297502,1048685,6,210657280,65536,63,9,10,10
213,223297502,1048685,7,212266240,65536,63,9,10,10
213,223297502,1048685,8,223231744,65536,63,9,10,10
213,223297502,1048685,9,42968832,65536,52,10,10,10
213,223297502,1048685,10,100183040,16384,52,10,10,10
213,223297502,1048685,11,122707712,16384,52,10,10,10
213,223297502,1048685,12,125843200,16384,52,10,10,10
213,223297502,1048685,13,148868352,65536,52,10,10,10
213,223297502,1048685,14,200179968,65536,52,10,10,10
213,223297502,1048685,15,209117952,65536,52,10,10,10
213,223297502,1048685,16,43556352,4096,25,5,10,10
213,223297502,1048685,17,53000448,4096,25,5,10,10
213,223297502,1048685,18,70309120,4096,25,5,10,10
213,223297502,1048685,19,143158272,4096,25,5,10,10
213,223297502,1048685,20,203385344,4096,25,5,10,10
213,223297502,1048685,21,56674048,65536,21,3,10,10
213,223297502,1048685,22,58214912,65536,21,3,10,10
213,223297502,1048685,23,87579392,65536,21,3,10,10
213,223297502,1048685,24,66113280,4096,18,4,10,10
213,223297502,1048685,25,218063360,256,15,5,10,10
213,223297502,1048685,26,86021632,16384,12,2,10,10
213,223297502,1048685,27,127956224,1024,12,2,10,10
213,223297502,1048685,28,71359232,1024,7,3,10,10
213,223297502,1048685,29,98095360,1024,6,2,10,10
213,223297502,1048685,30,111731456,1024,6,2,10,10
213,223297502,1048685,31,127430912,1024,6,2,10,10
214,224346187,1047114,0,42968832,65536,48,8,10,10
214,224346187,1047114,1,100183040,16384,48,8,10,10
214,224346187,1047114,2,122707712,16384,48,8,10,10
214,224346187,1047114,3,125843200,16384,48,8,10,10
214,224346187,1047114,4,148868352,65536,48,8,10,10
214,224346187,1047114,5,200179968,65536,48,8,10,10
214,224346187,1047114,6,204954368,16384,48,8,10,10
214,224346187,1047114,7,209117952,65536,48,8,10,10
214,224346187,1047114,8,223297536,65536,48,8,10,10
214,224346187,1047114,9,143680512,4096,25,5,10,10
214,224346187,1047114,10,57165568,65536,21,3,10,10
214,224346187,1047114,11,66604800,65536,21,3,10,10
214,224346187,1047114,12,111142400,65536,21,3,10,10
214,224346187,1047114,13,90757632,4096,15,3,10,10
214,224346187,1047114,14,176164096,1024,15,3,10,10
214,224346187,1047114,15,127430912,1024,14,4,10,10
214,224346187,1047114,16,5759488,16384,12,2,10,10
214,224346187,1047114,17,64530688,16384,12,2,10,10
214,224346187,1047114,18,82362624,16384,12,2,10,10
214,224346187,1047114,19,102809600,4096,12,2,10,10
214,224346187,1047114,20,100715776,1024,7,3,10,10
214,224346187,1047114,21,131096064,256,7,3,10,10
214,224346187,1047114,22,67686144,1024,6,2,10,10
214,224346187,1047114,23,71359232,1024,6,2,10,10
214,224346187,1047114,24,86021632,16384,5,1,10,10
214,224346187,1047114,25,87087872,4096,5,1,10,10
214,224346187,1047114,26,127956224,1024,5,1,10,10
214,224346187,1047114,27,36208640,1024,3,1,10,10
214,224346187,1047114,28,55098368,1024,3,1,10,10
214,224346187,1047114,29,84466432,1024,3,1,10,10
214,224346187,1047114,30,43017984,16384,48,8,10,10
214,224346187,1047114,31,200229120,16384,48,8,10,10
215,225393301,1048718,0,42968832,65536,54,8,10,10
215,225393301,1048718,1,122707712,16384,54,8,10,10
215,225393301,1048718,2,125843200,16384,54,8,10,10
215,225393301,1048718,3,148868352,65536,54,8,10,10
215,225393301,1048718,4,200179968,65536,54,8,10,10
215,225393301,1048718,5,204954368,16384,54,8,10,10
215,225393301,1048718,6,209117952,65536,54,8,10,10
215,225393301,1048718,7,223297536,65536,54,8,10,10
215,225393301,1048718,8,225376768,16384,54,8,10,10
215,225393301,1048718,9,143680512,4096,49,13,10,10
215,225393301,1048718,10,90757632,4096,27,7,10,10
215,225393301,1048718,11,176164096,1024,27,7,10,10
215,225393301,1048718,12,57165568,65536,25,5,10,10
215,225393301,1048718,13,66604800,65536,25,5,10,10
215,225393301,1048718,14,111142400,65536,25,5,10,10
215,225393301,1048718,15,43556352,4096,20,4,10,10
215,225393301,1048718,16,53000448,4096,20,4,10,10
215,225393301,1048718,17,70309120,4096,20,4,10,10
215,225393301,1048718,18,203385344,4096,20,4,10,10
215,225393301,1048718,19,86021632,16384,16,4,10,10
215,225393301,1048718,20,127956224,1024,16,4,10,10
215,225393301,1048718,21,94411520,16384,12,2,10,10
215,225393301,1048718,22,189754112,4096,11,5,10,10
215,225393301,1048718,23,98619904,65536,9,1,10,10
215,225393301,1048718,24,99667200,256,8,2,10,10
215,225393301,1048718,25,100715776,1024,8,2,10,10
215,225393301,1048718,26,71359232,1024,7,3,10,10
215,225393301,1048718,27,81841920,4096,5,1,10,10
215,225393301,1048718,28,222772736,1024,5,1,10,10
215,225393301,1048718,29,55098368,1024,4,2,10,10
215,225393301,1048718,30,62435328,1024,4,2,10,10
215,225393301,1048718,31,98095360,1024,4,2,10,10
216,226442019,1046400,0,204954368,16384,125,23,10,10
216,226442019,1046400,1,42968832,65536,92,18,10,10
216,226442019,1046400,2,122707712,16384,92,18,10,10
216,226442019,1046400,3,125843200,16384,92,18,10,10
216,226442019,1046400,4,148868352,65536,92,18,10,10
216,226442019,1046400,5,200179968,65536,92,18,10,10
216,226442019,1046400,6,209117952,65536,92,18,10,10
216,226442019,1046400,7,223297536,65536,92,18,10,10
216,226442019,1046400,8,225376768,16384,92,18,10,10
216,226442019,1046400,9,143680512,4096,40,8,10,10
216,226442019,1046400,10,5759488,16384,36,8,10,10
216,226442019,1046400,11,64530688,16384,36,8,10,10
216,226442019,1046400,12,82362624,16384,36,8,10,10
216,226442019,1046400,13,102809600,4096,36,8,10,10
216,226442019,1046400,14,94411520,16384,36,6,10,10
216,226442019,1046400,15,56115712,65536,33,5,10,10
216,226442019,1046400,16,62403072,65536,33,5,10,10
216,226442019,1046400,17,191852800,65536,33,5,10,10
216,226442019,1046400,18,206462464,65536,33,5,10,10
216,226442019,1046400,19,210657280,65536,33,5,10,10
216,226442019,1046400,20,212266240,65536,33,5,10,10
216,226442019,1046400,21,223231744,65536,33,5,10,10
216,226442019,1046400,22,226376448,65536,33,5,10,10
216,226442019,1046400,23,43556352,4096,28,6,10,10
216,226442019,1046400,24,53000448,4096,28,6,10,10
216,226442019,1046400,25,70309120,4096,28,6,10,10
216,226442019,1046400,26,203385344,4096,28,6,10,10
216,226442019,1046400,27,66113280,4096,25,5,10,10
216,226442019,1046400,28,87087872,4096,20,4,10,10
216,226442019,1046400,29,90757632,4096,15,3,10,10
216,226442019,1046400,30,176164096,1024,15,3,10,10
216,226442019,1046400,31,127430912,1024,12,4,10,10
218,228534656,1049802,0,228518144,16384,50,8,0,0
219,229584458,1043218,0,204954368,16384,45,7,10,10
219,229584458,1043218,1,42508288,4096,33,7,10,10
219,229584458,1043218,2,143680512,4096,30,6,10,10
219,229584458,1043218,3,122707712,16384,24,4,10,10
219,229584458,1043218,4,125843200,16384,24,4,10,10
219,229584458,1043218,5,148868352,65536,24,4,10,10
219,229584458,1043218,6,200179968,65536,24,4,10,10
219,229584458,1043218,7,209117952,65536,24,4,10,10
219,229584458,1043218,8,223297536,65536,24,4,10,10
219,229584458,1043218,9,225376768,16384,24,4,10,10
219,229584458,1043218,10,56115712,65536,21,3,10,10
219,229584458,1043218,11,62403072,65536,21,3,10,10
219,229584458,1043218,12,191852800,65536,21,3,10,10
219,229584458,1043218,13,206462464,65536,21,3,10,10
219,229584458,1043218,14,210657280,65536,21,3,10,10
219,229584458,1043218,15,212266240,65536,21,3,10,10
219,229584458,1043218,16,223231744,65536,21,3,10,10
219,229584458,1043218,17,226376448,65536,21,3,10,10
219,229584458,1043218,18,90757632,4096,20,4,10,10
219,229584458,1043218,19,176164096,1024,20,4,10,10
219,229584458,1043218,20,43556352,4096,13,3,10,10
219,229584458,1043218,21,53000448,4096,13,3,10,10
219,229584458,1043218,22,70309120,4096,13,3,10,10
219,229584458,1043218,23,203385344,4096,13,3,10,10
219,229584458,1043218,24,94411520,16384,12,2,10,10
219,229584458,1043218,25,100715776,1024,11,5,10,10
219,229584458,1043218,26,66113280,4096,10,2,10,10
219,229584458,1043218,27,127430912,1024,8,2,10,10
219,229584458,1043218,28,99667200,256,7,3,10,10
219,229584458,1043218,29,87087872,4096,5,1,10,10
219,229584458,1043218,30,83944704,256,3,1,10,10
219,229584458,1043218,31,86038272,256,3,1,10,10
220,230627676,1046019,0,143680512,4096,54,12,10,10
220,230627676,1046019,1,42508288,4096,49,11,10,10
220,230627676,1046019,2,90757632,4096,34,8,10,10
220,230627676,1046019,3,176164096,1024,34,8,10,10
220,230627676,1046019,4,230104064,4096,34,8,10,10
220,230627676,1046019,5,122707712,16384,31,7,10,10
220,230627676,1046019,6,125843200,16384,31,7,10,10
220,230627676,1046019,7,148868352,65536,31,7,10,10
220,230627676,1046019,8,200179968,65536,31,7,10,10
220,230627676,1046019,9,204954368,16384,31,7,10,10
220,230627676,1046019,10,209117952,65536,31,7,10,10
220,230627676,1046019,11,223297536,65536,31,7,10,10
220,230627676,1046019,12,225376768,16384,31,7,10,10
220,230627676,1046019,13,93870848,65536,21,3,10,10
220,230627676,1046019,14,66113280,4096,20,4,10,10
220,230627676,1046019,15,43556352,4096,15,3,10,10
220,230627676,1046019,16,53000448,4096,15,3,10,10
220,230627676,1046019,17,70309120,4096,15,3,10,10
220,230627676,1046019,18,203385344,4096,15,3,10,10
220,230627676,1046019,19,5759488,16384,12,2,10,10
220,230627676,1046019,20,64530688,16384,12,2,10,10
220,230627676,1046019,21,82362624,16384,12,2,10,10
220,230627676,1046019,22,86021632,16384,12,2,10,10
220,230627676,1046019,23,102809600,4096,12,2,10,10
220,230627676,1046019,24,127956224,1024,12,2,10,10
220,230627676,1046019,25,127430912,1024,11,3,10,10
220,230627676,1046019,26,100715776,1024,8,2,10,10
220,230627676,1046019,27,189754112,4096,6,2,10,10
220,230627676,1046019,28,99667200,256,5,1,10,10
220,230627676,1046019,29,71359232,1024,4,2,10,10
220,230627676,1046019,30,83944704,256,4,2,10,10
220,230627676,1046019,31,171975680,256,4,2,10,10
221,231673695,1047074,0,143680512,4096,63,15,10,10
221,231673695,1047074,1,42968832,65536,51,9,10,10
221,231673695,1047074,2,122707712,16384,51,9,10,10
221,231673695,1047074,3,125843200,16384,51,9,10,10
221,231673695,1047074,4,148868352,65536,51,9,10,10
221,231673695,1047074,5,200179968,65536,51,9,10,10
221,231673695,1047074,6,204954368,16384,51,9,10,10
221,231673695,1047074,7,209117952,65536,51,9,10,10
221,231673695,1047074,8,223297536,65536,51,9,10,10
221,231673695,1047074,9,225376768,16384,51,9,10,10
221,231673695,1047074,10,66113280,4096,32,8,10,10
221,231673695,1047074,11,90757632,4096,31,7,10,10
221,231673695,1047074,12,176164096,1024,31,7,10,10
221,231673695,1047074,13,230104064,4096,31,7,10,10
221,231673695,1047074,14,43556352,4096,18,4,10,10
221,231673695,1047074,15,53000448,4096,18,4,10,10
221,231673695,1047074,16,70309120,4096,18,4,10,10
221,231673695,1047074,17,203385344,4096,18,4,10,10
221,231673695,1047074,18,100715776,1024,12,6,10,10
221,231673695,1047074,19,88135424,1024,11,5,10,10
221,231673695,1047074,20,127430912,1024,11,5,10,10
221,231673695,1047074,21,62435328,1024,10,4,10,10
221,231673695,1047074,22,71359232,1024,10,4,10,10
221,231673695,1047074,23,98095360,1024,10,4,10,10
221,231673695,1047074,24,111731456,1024,10,4,10,10
221,231673695,1047074,25,69260544,1024,8,4,10,10
221,231673695,1047074,26,67686144,1024,7,3,10,10
221,231673695,1047074,27,5243648,4096,5,1,10,10
221,231673695,1047074,28,94949632,4096,5,1,10,10
221,231673695,1047074,29,83944704,256,4,2,10,10
221,231673695,1047074,30,55098368,1024,3,1,10,10
221,231673695,1047074,31,86038272,256,3,1,10,10
222,232720769,1047311,0,204954368,16384,78,14,10,10
222,232720769,1047311,1,42968832,65536,57,11,10,10
222,232720769,1047311,2,125843200,16384,57,11,10,10
222,232720769,1047311,3,148868352,65536,57,11,10,10
222,232720769,1047311,4,200179968,65536,57,11,10,10
222,232720769,1047311,5,209117952,65536,57,11,10,10
222,232720769,1047311,6,223297536,65536,57,11,10,10
222,232720769,1047311,7,225376768,16384,57,11,10,10
222,232720769,1047311,8,232704256,16384,57,11,10,10
222,232720769,1047311,9,143680512,4096,38,8,10,10
222,232720769,1047311,10,56115712,65536,21,3,10,10
222,232720769,1047311,11,57165568,65536,21,3,10,10
222,232720769,1047311,12,62403072,65536,21,3,10,10
222,232720769,1047311,13,66604800,65536,21,3,10,10
222,232720769,1047311,14,111142400,65536,21,3,10,10
222,232720769,1047311,15,191852800,65536,21,3,10,10
222,232720769,1047311,16,206462464,65536,21,3,10,10
222,232720769,1047311,17,210657280,65536,21,3,10,10
222,232720769,1047311,18,212266240,65536,21,3,10,10
222,232720769,1047311,19,223231744,65536,21,3,10,10
222,232720769,1047311,20,226376448,65536,21,3,10,10
222,232720769,1047311,21,90757632,4096,20,4,10,10
222,232720769,1047311,22,176164096,1024,20,4,10,10
222,232720769,1047311,23,230104064,4096,20,4,10,10
222,232720769,1047311,24,87087872,4096,15,3,10,10
222,232720769,1047311,25,86021632,16384,12,2,10,10
222,232720769,1047311,26,94411520,16384,12,2,10,10
222,232720769,1047311,27,127956224,1024,12,2,10,10
222,232720769,1047311,28,55098368,1024,11,5,10,10
222,232720769,1047311,29,100715776,1024,11,5,10,10
222,232720769,1047311,30,89185024,1024,9,3,10,10
222,232720769,1047311,31,134770688,1024,9,3,10,10
223,233768080,1051892,0,40937216,16384,21,3,6,6
223,233768080,1051892,1,46669568,65536,21,3,6,6
223,233768080,1051892,2,48260352,16384,21,3,6,6
223,233768080,1051892,3,114355712,256,21,3,6,6
223,233768080,1051892,4,117424640,65536,21,3,6,6
223,233768080,1051892,5,118538752,16384,21,3,6,6
223,233768080,1051892,6,216999424,16384,21,3,6,6
223,233768080,1051892,7,218046720,16384,21,3,6,6
223,233768080,1051892,8,199193088,4096,18,4,6,6
223,233768080,1051892,9,73457664,4096,15,3,6,6
223,233768080,1051892,10,104910592,4096,15,3,6,6
223,233768080,1051892,11,107522048,16384,12,2,6,6
223,233768080,1051892,12,124285696,4096,10,2,6,6
223,233768080,1051892,13,103862272,4096,5,1,6,6
223,233768080,1051892,14,46694144,16384,21,3,6,6
223,233768080,1051892,15,114355712,1024,21,3,6,6
223,233768080,1051892,16,114355712,4096,21,3,6,6
223,233768080,1051892,17,114355712,16384,21,3,6,6
223,233768080,1051892,18,73460736,1024,15,3,6,6
223,233768080,1051892,19,47228416,16384,12,2,6,6
223,233768080,1051892,20,72413184,16384,12,2,6,6
223,233768080,1051892,21,107528192,4096,12,2,6,6
223,233768080,1051892,22,107529728,1024,12,2,6,6
223,233768080,1051892,23,218062080,1024,4,2,6,6
224,234819972,1047842,0,204954368,16384,69,11,10,10
224,234819972,1047842,1,42968832,65536,48,8,10,10
224,234819972,1047842,2,125843200,16384,48,8,10,10
224,234819972,1047842,3,148868352,65536,48,8,10,10
224,234819972,1047842,4,200179968,65536,48,8,10,10
224,234819972,1047842,5,209117952,65536,48,8,10,10
224,234819972,1047842,6,223297536,65536,48,8,10,10
224,234819972,1047842,7,225376768,16384,48,8,10,10
224,234819972,1047842,8,232704256,16384,48,8,10,10
224,234819972,1047842,9,143680512,4096,24,6,10,10
224,234819972,1047842,10,56115712,65536,21,3,10,10
224,234819972,1047842,11,57165568,65536,21,3,10,10
224,234819972,1047842,12,62403072,65536,21,3,10,10
224,234819972,1047842,13,66604800,65536,21,3,10,10
224,234819972,1047842,14,111142400,65536,21,3,10,10
224,234819972,1047842,15,191852800,65536,21,3,10,10
224,234819972,1047842,16,206462464,65536,21,3,10,10
224,234819972,1047842,17,210657280,65536,21,3,10,10
224,234819972,1047842,18,212266240,65536,21,3,10,10
224,234819972,1047842,19,223231744,65536,21,3,10,10
224,234819972,1047842,20,226376448,65536,21,3,10,10
224,234819972,1047842,21,43556352,4096,10,2,10,10
224,234819972,1047842,22,53000448,4096,10,2,10,10
224,234819972,1047842,23,70309120,4096,10,2,10,10
224,234819972,1047842,24,90757632,4096,10,2,10,10
224,234819972,1047842,25,176164096,1024,10,2,10,10
224,234819972,1047842,26,203385344,4096,10,2,10,10
224,234819972,1047842,27,229584640,4096,10,2,10,10
224,234819972,1047842,28,189754112,4096,9,3,10,10
224,234819972,1047842,29,127430912,1024,8,2,10,10
224,234819972,1047842,30,67686144,1024,6,2,10,10
224,234819972,1047842,31,98095360,1024,6,2,10,10
225,235867814,1050750,0,42968832,65536,89,15,10,10
225,235867814,1050750,1,148868352,65536,89,15,10,10
225,235867814,1050750,2,200179968,65536,89,15,10,10
225,235867814,1050750,3,204954368,16384,89,15,10,10
225,235867814,1050750,4,209117952,65536,89,15,10,10
225,235867814,1050750,5,223297536,65536,89,15,10,10
225,235867814,1050750,6,225376768,16384,89,15,10,10
225,235867814,1050750,7,232704256,16384,89,15,10,10
225,235867814,1050750,8,235802112,65536,89,15,10,10
225,235867814,1050750,9,57165568,65536,63,9,10,10
225,235867814,1050750,10,66604800,65536,63,9,10,10
225,235867814,1050750,11,111142400,65536,63,9,10,10
225,235867814,1050750,12,5759488,16384,29,5,10,10
225,235867814,1050750,13,64530688,16384,29,5,10,10
225,235867814,1050750,14,82362624,16384,29,5,10,10
225,235867814,1050750,15,102809600,4096,29,5,10,10
225,235867814,1050750,16,143152128,16384,29,5,10,10
225,235867814,1050750,17,127430912,1024,19,7,10,10
225,235867814,1050750,18,55096832,4096,13,3,10,10
225,235867814,1050750,19,90235392,16384,12,2,10,10
225,235867814,1050750,20,43556352,4096,8,2,10,10
225,235867814,1050750,21,53000448,4096,8,2,10,10
225,235867814,1050750,22,70309120,4096,8,2,10,10
225,235867814,1050750,23,176164096,1024,8,2,10,10
225,235867814,1050750,24,203385344,4096,8,2,10,10
225,235867814,1050750,25,229584640,4096,8,2,10,10
225,235867814,1050750,26,36208640,1024,7,3,10,10
225,235867814,1050750,27,84466432,1024,7,3,10,10
225,235867814,1050750,28,222772736,1024,5,1,10,10
225,235867814,1050750,29,100715776,1024,4,2,10,10
225,235867814,1050750,30,189754112,4096,4,2,10,10
225,235867814,1050750,31,226440960,1024,4,2,10,10
226,236918564,1043149,0,204954368,16384,85,15,10,10
226,236918564,1043149,1,56115712,65536,69,11,10,10
226,236918564,1043149,2,62403072,65536,69,11,10,10
226,236918564,1043149,3,191852800,65536,69,11,10,10
226,236918564,1043149,4,206462464,65536,69,11,10,10
226,236918564,1043149,5,210657280,65536,69,11,10,10
226,236918564,1043149,6,212266240,65536,69,11,10,10
226,236918564,1043149,7,223231744,65536,69,11,10,10
226,236918564,1043149,8,226376448,65536,69,11,10,10
226,236918564,1043149,9,42508288,4096,50,12,10,10
226,236918564,1043149,10,143680512,4096,44,12,10,10
226,236918564,1043149,11,90757632,4096,35,9,10,10
226,236918564,1043149,12,176164096,1024,35,9,10,10
226,236918564,1043149,13,230104064,4096,35,9,10,10
226,236918564,1043149,14,5759488,16384,33,7,10,10
226,236918564,1043149,15,64530688,16384,33,7,10,10
226,236918564,1043149,16,82362624,16384,33,7,10,10
226,236918564,1043149,17,102809600,4096,33,7,10,10
226,236918564,1043149,18,208625920,4096,33,7,10,10
226,236918564,1043149,19,57165568,65536,21,3,10,10
226,236918564,1043149,20,66604800,65536,21,3,10,10
226,236918564,1043149,21,111142400,65536,21,3,10,10
226,236918564,1043149,22,148868352,65536,16,4,10,10
226,236918564,1043149,23,200179968,65536,16,4,10,10
226,236918564,1043149,24,223297536,65536,16,4,10,10
226,236918564,1043149,25,225376768,16384,16,4,10,10
226,236918564,1043149,26,232704256,16384,16,4,10,10
226,236918564,1043149,27,235802112,65536,16,4,10,10
226,236918564,1043149,28,43556352,4096,15,3,10,10
226,236918564,1043149,29,53000448,4096,15,3,10,10
226,236918564,1043149,30,70309120,4096,15,3,10,10
226,236918564,1043149,31,203385344,4096,15,3,10,10
227,237961713,1046633,0,47719680,65536,54,8,6,6
227,237961713,1046633,1,104353536,65536,54,8,6,6
227,237961713,1046633,2,105897472,65536,54,8,6,6
227,237961713,1046633,3,109043456,65536,54,8,6,6
227,237961713,1046633,4,119580160,65536,54,8,6,6
227,237961713,1046633,5,214903552,16384,54,8,6,6
227,237961713,1046633,6,219110656,65536,54,8,6,6
227,237961713,1046633,7,73457664,4096,37,9,6,6
227,237961713,1046633,8,107529728,1024,14,6,6,6
227,237961713,1046633,9,234293504,1024,14,4,6,6
227,237961713,1046633,10,199193088,4096,13,3,6,6
227,237961713,1046633,11,40937216,16384,12,2,6,6
227,237961713,1046633,12,46669568,65536,12,2,6,6
227,237961713,1046633,13,114355712,256,12,2,6,6
227,237961713,1046633,14,117424640,65536,12,2,6,6
227,237961713,1046633,15,118522112,16384,12,2,6,6
227,237961713,1046633,16,118538752,16384,12,2,6,6
227,237961713,1046633,17,216999424,16384,12,2,6,6
227,237961713,1046633,18,218046720,16384,12,2,6,6
227,237961713,1046633,19,33055744,1024,9,3,6,6
227,237961713,1046633,20,124285696,4096,9,3,6,6
227,237961713,1046633,21,123762944,1024,4,2,6,6
227,237961713,1046633,22,214915840,4096,54,8,6,6
227,237961713,1046633,23,73460736,1024,37,9,6,6
227,237961713,1046633,24,104910592,4096,37,9,6,6
227,237961713,1046633,25,46694144,16384,12,2,6,6
227,237961713,1046633,26,48260352,16384,12,2,6,6
227,237961713,1046633,27,107522048,16384,12,2,6,6
227,237961713,1046633,28,114355712,1024,12,2,6,6
227,237961713,1046633,29,114355712,4096,12,2,6,6
227,237961713,1046633,30,114355712,16384,12,2,6,6
227,237961713,1046633,31,118534400,4096,12,2,6,6
228,239008346,1056407,0,107522048,16384,28,6,6,6
228,239008346,1056407,1,118522112,16384,28,6,6,6
228,239008346,1056407,2,47719680,65536,21,3,6,6
228,239008346,1056407,3,104353536,65536,21,3,6,6
228,239008346,1056407,4,105897472,65536,21,3,6,6
228,239008346,1056407,5,109043456,65536,21,3,6,6
228,239008346,1056407,6,119580160,65536,21,3,6,6
228,239008346,1056407,7,214903552,16384,21,3,6,6
228,239008346,1056407,8,219110656,65536,21,3,6,6
228,239008346,1056407,9,72413184,16384,12,2,6,6
228,239008346,1056407,10,234293504,1024,9,3,6,6
228,239008346,1056407,11,33055744,1024,8,2,6,6
228,239008346,1056407,12,115397120,1024,8,2,6,6
228,239008346,1056407,13,124285696,4096,8,2,6,6
228,239008346,1056407,14,199193088,4096,5,1,6,6
228,239008346,1056407,15,118534400,4096,28,6,6,6
228,239008346,1056407,16,214915840,4096,21,3,6,6
228,239008346,1056407,17,47228416,16384,12,2,6,6
228,239008346,1056407,18,73457664,4096,10,2,6,6
228,239008346,1056407,19,73460736,1024,10,2,6,6
228,239008346,1056407,20,104910592,4096,10,2,6,6
228,239008346,1056407,21,107529728,1024,7,3,6,6
229,240064753,1051784,0,40937216,16384,36,6,6,6
229,240064753,1051784,1,46669568,65536,36,6,6,6
229,240064753,1051784,2,48260352,16384,36,6,6,6
229,240064753,1051784,3,114355712,256,36,6,6,6
229,240064753,1051784,4,117424640,65536,36,6,6,6
229,240064753,1051784,5,118538752,16384,36,6,6,6
229,240064753,1051784,6,216999424,16384,36,6,6,6
229,240064753,1051784,7,218046720,16384,36,6,6,6
229,240064753,1051784,8,107522048,16384,30,6,6,6
229,240064753,1051784,9,118522112,16384,30,6,6,6
229,240064753,1051784,10,73457664,4096,20,4,6,6
229,240064753,1051784,11,104910592,4096,20,4,6,6
229,240064753,1051784,12,219625216,16384,12,2,6,6
229,240064753,1051784,13,124285696,4096,5,1,6,6
229,240064753,1051784,14,199193088,4096,5,1,6,6
229,240064753,1051784,15,31484928,256,3,1,6,6
229,240064753,1051784,16,50375168,256,3,1,6,6
229,240064753,1051784,17,122724352,4096,3,1,6,6
229,240064753,1051784,18,234293504,1024,3,1,6,6
229,240064753,1051784,19,46694144,16384,36,6,6,6
229,240064753,1051784,20,114355712,1024,36,6,6,6
229,240064753,1051784,21,114355712,4096,36,6,6,6
229,240064753,1051784,22,114355712,16384,36,6,6,6
229,240064753,1051784,23,118534400,4096,30,6,6,6
229,240064753,1051784,24,73460736,1024,20,4,6,6
230,241116537,1055858,0,42508288,4096,23,5,10,10
230,241116537,1055858,1,43556352,4096,18,4,10,10
230,241116537,1055858,2,53000448,4096,18,4,10,10
230,241116537,1055858,3,70309120,4096,18,4,10,10
230,241116537,1055858,4,143158272,4096,18,4,10,10
230,241116537,1055858,5,203385344,4096,18,4,10,10
230,241116537,1055858,6,229584640,4096,18,4,10,10
230,241116537,1055858,7,234820096,4096,18,4,10,10
230,241116537,1055858,8,148868352,65536,12,2,10,10
230,241116537,1055858,9,200179968,65536,12,2,10,10
230,241116537,1055858,10,204954368,16384,12,2,10,10
230,241116537,1055858,11,209117952,65536,12,2,10,10
230,241116537,1055858,12,223297536,65536,12,2,10,10
230,241116537,1055858,13,225376768,16384,12,2,10,10
230,241116537,1055858,14,232704256,16384,12,2,10,10
230,241116537,1055858,15,127430912,1024,9,3,10,10
230,241116537,1055858,16,5759488,16384,8,2,10,10
230,241116537,1055858,17,64530688,16384,8,2,10,10
230,241116537,1055858,18,66113280,4096,8,2,10,10
230,241116537,1055858,19,82362624,16384,8,2,10,10
230,241116537,1055858,20,102809600,4096,8,2,10,10
230,241116537,1055858,21,100715776,1024,7,3,10,10
230,241116537,1055858,22,131096064,256,7,3,10,10
230,241116537,1055858,23,90757632,4096,5,1,10,10
230,241116537,1055858,24,176164096,1024,5,1,10,10
230,241116537,1055858,25,207561472,16384,5,1,10,10
230,241116537,1055858,26,222772736,1024,5,1,10,10
230,241116537,1055858,27,83944704,256,4,2,10,10
230,241116537,1055858,28,88135424,1024,4,2,10,10
230,241116537,1055858,29,36208640,1024,3,1,10,10
230,241116537,1055858,30,99667200,256,3,1,10,10
230,241116537,1055858,31,143680512,4096,13,3,10,10
231,242172395,1050579,0,40937216,16384,33,5,6,6
231,242172395,1050579,1,46669568,65536,33,5,6,6
231,242172395,1050579,2,48260352,16384,33,5,6,6
231,242172395,1050579,3,114355712,1024,33,5,6,6
231,242172395,1050579,4,117424640,65536,33,5,6,6
231,242172395,1050579,5,118538752,16384,33,5,6,6
231,242172395,1050579,6,216999424,16384,33,5,6,6
231,242172395,1050579,7,218046720,16384,33,5,6,6
231,242172395,1050579,8,240064768,65536,33,5,6,6
231,242172395,1050579,9,124285696,4096,10,2,6,6
231,242172395,1050579,10,33055744,1024,8,2,6,6
231,242172395,1050579,11,234293504,1024,6,2,6,6
231,242172395,1050579,12,103862272,4096,5,1,6,6
231,242172395,1050579,13,46694144,16384,33,5,6,6
231,242172395,1050579,14,114355712,4096,33,5,6,6
231,242172395,1050579,15,114355712,16384,33,5,6,6
231,242172395,1050579,16,115397120,1024,8,2,6,6
231,242172395,1050579,17,218062080,1024,3,1,6,6
232,243222974,1051100,0,42508288,4096,51,13,10,10
232,243222974,1051100,1,143680512,4096,45,11,10,10
232,243222974,1051100,2,90757632,4096,40,10,10,10
232,243222974,1051100,3,176164096,1024,40,10,10,10
232,243222974,1051100,4,230104064,4096,40,10,10,10
232,243222974,1051100,5,204954368,16384,39,7,10,10
232,243222974,1051100,6,233236224,16384,28,6,10,10
232,243222974,1051100,7,127430912,1024,24,8,10,10
232,243222974,1051100,8,56115712,65536,24,4,10,10
232,243222974,1051100,9,62403072,65536,24,4,10,10
232,243222974,1051100,10,191852800,65536,24,4,10,10
232,243222974,1051100,11,206462464,65536,24,4,10,10
232,243222974,1051100,12,210657280,65536,24,4,10,10
232,243222974,1051100,13,212266240,65536,24,4,10,10
232,243222974,1051100,14,223231744,65536,24,4,10,10
232,243222974,1051100,15,226376448,65536,24,4,10,10
232,243222974,1051100,16,148868352,65536,15,3,10,10
232,243222974,1051100,17,200179968,65536,15,3,10,10
232,243222974,1051100,18,209117952,65536,15,3,10,10
232,243222974,1051100,19,223297536,65536,15,3,10,10
232,243222974,1051100,20,225376768,16384,15,3,10,10
232,243222974,1051100,21,232704256,16384,15,3,10,10
232,243222974,1051100,22,235802112,65536,15,3,10,10
232,243222974,1051100,23,38839552,65536,12,2,10,10
232,243222974,1051100,24,43556352,4096,11,3,10,10
232,243222974,1051100,25,53000448,4096,11,3,10,10
232,243222974,1051100,26,70309120,4096,11,3,10,10
232,243222974,1051100,27,203385344,4096,11,3,10,10
232,243222974,1051100,28,66113280,4096,5,1,10,10
232,243222974,1051100,29,36208640,1024,4,2,10,10
232,243222974,1051100,30,84466432,1024,4,2,10,10
232,243222974,1051100,31,86038272,256,4,2,10,10
233,244274074,1052550,0,204954368,16384,84,14,10,10
233,244274074,1052550,1,56115712,65536,45,7,10,10
233,244274074,1052550,2,62403072,65536,45,7,10,10
233,244274074,1052550,3,191852800,65536,45,7,10,10
233,244274074,1052550,4,206462464,65536,45,7,10,10
233,244274074,1052550,5,210657280,65536,45,7,10,10
233,244274074,1052550,6,212266240,65536,45,7,10,10
233,244274074,1052550,7,223231744,65536,45,7,10,10
233,244274074,1052550,8,226376448,65536,45,7,10,10
233,244274074,1052550,9,42968832,65536,39,7,10,10
233,244274074,1052550,10,148868352,65536,39,7,10,10
233,244274074,1052550,11,200179968,65536,39,7,10,10
233,244274074,1052550,12,209117952,65536,39,7,10,10
233,244274074,1052550,13,223297536,65536,39,7,10,10
233,244274074,1052550,14,225376768,16384,39,7,10,10
233,244274074,1052550,15,232704256,16384,39,7,10,10
233,244274074,1052550,16,235802112,65536,39,7,10,10
233,244274074,1052550,17,86021632,16384,27,5,10,10
233,244274074,1052550,18,127956224,1024,27,5,10,10
233,244274074,1052550,19,43556352,4096,26,6,10,10
233,244274074,1052550,20,53000448,4096,26,6,10,10
233,244274074,1052550,21,70309120,4096,26,6,10,10
233,244274074,1052550,22,143158272,4096,26,6,10,10
233,244274074,1052550,23,203385344,4096,26,6,10,10
233,244274074,1052550,24,229584640,4096,26,6,10,10
233,244274074,1052550,25,207561472,16384,17,3,10,10
233,244274074,1052550,26,233236224,16384,12,2,10,10
233,244274074,1052550,27,66113280,4096,10,2,10,10
233,244274074,1052550,28,243223040,256,10,2,10,10
233,244274074,1052550,29,100715776,1024,7,3,10,10
233,244274074,1052550,30,5759488,16384,5,1,10,10
233,244274074,1052550,31,64530688,16384,5,1,10,10
234,245326624,1049103,0,42508288,4096,41,9,10,10
234,245326624,1049103,1,143680512,4096,36,8,10,10
234,245326624,1049103,2,204954368,16384,24,4,10,10
234,245326624,1049103,3,90757632,4096,23,5,10,10
234,245326624,1049103,4,176164096,1024,23,5,10,10
234,245326624,1049103,5,230104064,4096,23,5,10,10
234,245326624,1049103,6,43556352,4096,18,4,10,10
234,245326624,1049103,7,53000448,4096,18,4,10,10
234,245326624,1049103,8,70309120,4096,18,4,10,10
234,245326624,1049103,9,203385344,4096,18,4,10,10
234,245326624,1049103,10,234820096,4096,18,4,10,10
234,245326624,1049103,11,66113280,4096,13,3,10,10
234,245326624,1049103,12,243223040,256,13,3,10,10
234,245326624,1049103,13,56115712,65536,12,2,10,10
234,245326624,1049103,14,62403072,65536,12,2,10,10
234,245326624,1049103,15,148868352,65536,12,2,10,10
234,245326624,1049103,16,191852800,65536,12,2,10,10
234,245326624,1049103,17,200179968,65536,12,2,10,10
234,245326624,1049103,18,206462464,65536,12,2,10,10
234,245326624,1049103,19,209117952,65536,12,2,10,10
234,245326624,1049103,20,210657280,65536,12,2,10,10
234,245326624,1049103,21,212266240,65536,12,2,10,10
234,245326624,1049103,22,223231744,65536,12,2,10,10
234,245326624,1049103,23,223297536,65536,12,2,10,10
234,245326624,1049103,24,225376768,16384,12,2,10,10
234,245326624,1049103,25,226376448,65536,12,2,10,10
234,245326624,1049103,26,232704256,16384,12,2,10,10
234,245326624,1049103,27,71359232,1024,11,5,10,10
234,245326624,1049103,28,100715776,1024,11,3,10,10
234,245326624,1049103,29,55098368,1024,7,3,10,10
234,245326624,1049103,30,69260544,1024,6,2,10,10
234,245326624,1049103,31,98618624,1024,6,2,10,10
235,246375727,1054756,0,199193088,4096,26,6,6,6
235,246375727,1054756,1,40937216,16384,12,2,6,6
235,246375727,1054756,2,46669568,65536,12,2,6,6
235,246375727,1054756,3,48260352,16384,12,2,6,6
235,246375727,1054756,4,114355712,1024,12,2,6,6
235,246375727,1054756,5,117424640,65536,12,2,6,6
235,246375727,1054756,6,118538752,16384,12,2,6,6
235,246375727,1054756,7,216999424,16384,12,2,6,6
235,246375727,1054756,8,218046720,16384,12,2,6,6
235,246375727,1054756,9,240064768,65536,12,2,6,6
235,246375727,1054756,10,73457664,4096,10,2,6,6
235,246375727,1054756,11,104910592,4096,10,2,6,6
235,246375727,1054756,12,124285696,4096,5,1,6,6
235,246375727,1054756,13,33055744,1024,3,1,6,6
235,246375727,1054756,14,234293504,1024,3,1,6,6
235,246375727,1054756,15,46694144,16384,12,2,6,6
235,246375727,1054756,16,114355712,4096,12,2,6,6
235,246375727,1054756,17,114355712,16384,12,2,6,6
235,246375727,1054756,18,73460736,1024,10,2,6,6
235,246375727,1054756,19,115397120,1024,3,1,6,6
236,247430483,1048544,0,204954368,16384,69,11,10,10
236,247430483,1048544,1,42968832,65536,57,9,10,10
236,247430483,1048544,2,148868352,65536,57,9,10,10
236,247430483,1048544,3,200179968,65536,57,9,10,10
236,247430483,1048544,4,209117952,65536,57,9,10,10
236,247430483,1048544,5,223297536,65536,57,9,10,10
236,247430483,1048544,6,225376768,16384,57,9,10,10
236,247430483,1048544,7,232704256,16384,57,9,10,10
236,247430483,1048544,8,235802112,65536,57,9,10,10
236,247430483,1048544,9,5759488,16384,30,6,10,10
236,247430483,1048544,10,64530688,16384,30,6,10,10
236,247430483,1048544,11,82362624,16384,30,6,10,10
236,247430483,1048544,12,102809600,4096,30,6,10,10
236,247430483,1048544,13,143152128,16384,30,6,10,10
236,247430483,1048544,14,43556352,4096,28,6,10,10
236,247430483,1048544,15,53000448,4096,28,6,10,10
236,247430483,1048544,16,70309120,4096,28,6,10,10
236,247430483,1048544,17,203385344,4096,28,6,10,10
236,247430483,1048544,18,229584640,4096,28,6,10,10
236,247430483,1048544,19,62435328,1024,13,5,10,10
236,247430483,1048544,20,98095360,1024,13,5,10,10
236,247430483,1048544,21,111731456,1024,13,5,10,10
236,247430483,1048544,22,56115712,65536,12,2,10,10
236,247430483,1048544,23,98619904,4096,12,2,10,10
236,247430483,1048544,24,206462464,65536,12,2,10,10
236,247430483,1048544,25,210657280,65536,12,2,10,10
236,247430483,1048544,26,212266240,65536,12,2,10,10
236,247430483,1048544,27,223231744,65536,12,2,10,10
236,247430483,1048544,28,226376448,65536,12,2,10,10
236,247430483,1048544,29,245326848,65536,12,2,10,10
236,247430483,1048544,30,100715776,1024,10,4,10,10
236,247430483,1048544,31,90757632,4096,10,2,10,10
237,248479027,1046582,0,204954368,16384,99,15,10,10
237,248479027,1046582,1,42508288,4096,78,18,10,10
237,248479027,1046582,2,148868352,65536,78,12,10,10
237,248479027,1046582,3,200179968,65536,78,12,10,10
237,248479027,1046582,4,209117952,65536,78,12,10,10
237,248479027,1046582,5,223297536,65536,78,12,10,10
237,248479027,1046582,6,225376768,16384,78,12,10,10
237,248479027,1046582,7,232704256,16384,78,12,10,10
237,248479027,1046582,8,235802112,65536,78,12,10,10
237,248479027,1046582,9,143680512,4096,64,14,10,10
237,248479027,1046582,10,90757632,4096,49,11,10,10
237,248479027,1046582,11,176164096,1024,49,11,10,10
237,248479027,1046582,12,230104064,4096,49,11,10,10
237,248479027,1046582,13,43556352,4096,29,7,10,10
237,248479027,1046582,14,53000448,4096,29,7,10,10
237,248479027,1046582,15,70309120,4096,29,7,10,10
237,248479027,1046582,16,203385344,4096,29,7,10,10
237,248479027,1046582,17,56115712,65536,21,3,10,10
237,248479027,1046582,18,57165568,65536,21,3,10,10
237,248479027,1046582,19,62403072,65536,21,3,10,10
237,248479027,1046582,20,66604800,65536,21,3,10,10
237,248479027,1046582,21,111142400,65536,21,3,10,10
237,248479027,1046582,22,206462464,65536,21,3,10,10
237,248479027,1046582,23,210657280,65536,21,3,10,10
237,248479027,1046582,24,212266240,65536,21,3,10,10
237,248479027,1046582,25,223231744,65536,21,3,10,10
237,248479027,1046582,26,226376448,65536,21,3,10,10
237,248479027,1046582,27,241116672,65536,21,3,10,10
237,248479027,1046582,28,245326848,65536,21,3,10,10
237,248479027,1046582,29,207561472,16384,16,4,10,10
237,248479027,1046582,30,100715776,1024,15,5,10,10
237,248479027,1046582,31,5759488,16384,15,3,10,10
238,249525609,1048131,0,86021632,16384,29,5,10,10
238,249525609,1048131,1,127956224,1024,29,5,10,10
238,249525609,1048131,2,94411520,16384,27,5,10,10
238,249525609,1048131,3,204954368,16384,24,4,10,10
238,249525609,1048131,4,100715776,1024,22,8,10,10
238,249525609,1048131,5,143680512,4096,21,5,10,10
238,249525609,1048131,6,127430912,1024,20,6,10,10
238,249525609,1048131,7,66113280,4096,16,4,10,10
238,249525609,1048131,8,243223040,256,16,4,10,10
238,249525609,1048131,9,42968832,65536,12,2,10,10
238,249525609,1048131,10,56115712,65536,12,2,10,10
238,249525609,1048131,11,62403072,65536,12,2,10,10
238,249525609,1048131,12,81780480,65536,12,2,10,10
238,249525609,1048131,13,98619904,65536,12,2,10,10
238,249525609,1048131,14,110650368,65536,12,2,10,10
238,249525609,1048131,15,148868352,65536,12,2,10,10
238,249525609,1048131,16,200179968,65536,12,2,10,10
238,249525609,1048131,17,206462464,65536,12,2,10,10
238,249525609,1048131,18,209117952,65536,12,2,10,10
238,249525609,1048131,19,210657280,65536,12,2,10,10
238,249525609,1048131,20,212266240,65536,12,2,10,10
238,249525609,1048131,21,223231744,65536,12,2,10,10
238,249525609,1048131,22,223297536,65536,12,2,10,10
238,249525609,1048131,23,225376768,16384,12,2,10,10
238,249525609,1048131,24,226376448,65536,12,2,10,10
238,249525609,1048131,25,232704256,16384,12,2,10,10
238,249525609,1048131,26,235802112,65536,12,2,10,10
238,249525609,1048131,27,245326848,65536,12,2,10,10
238,249525609,1048131,28,69784064,1024,10,4,10,10
238,249525609,1048131,29,98618624,1024,10,4,10,10
238,249525609,1048131,30,87087872,4096,9,3,10,10
238,249525609,1048131,31,218063360,256,8,2,10,10
239,250573740,1047626,0,40937216,16384,41,7,6,6
239,250573740,1047626,1,46669568,65536,41,7,6,6
239,250573740,1047626,2,48260352,16384,41,7,6,6
239,250573740,1047626,3,114355712,1024,41,7,6,6
239,250573740,1047626,4,117424640,65536,41,7,6,6
239,250573740,1047626,5,118538752,16384,41,7,6,6
239,250573740,1047626,6,216999424,16384,41,7,6,6
239,250573740,1047626,7,218046720,16384,41,7,6,6
239,250573740,1047626,8,240064768,65536,41,7,6,6
239,250573740,1047626,9,73457664,4096,14,4,6,6
239,250573740,1047626,10,104910592,4096,14,4,6,6
239,250573740,1047626,11,124285696,4096,13,3,6,6
239,250573740,1047626,12,199193088,4096,13,3,6,6
239,250573740,1047626,13,103862272,4096,10,2,6,6
239,250573740,1047626,14,107522048,16384,5,1,6,6
239,250573740,1047626,15,237961728,16384,5,1,6,6
239,250573740,1047626,16,33055744,1024,3,1,6,6
239,250573740,1047626,17,46694144,16384,41,7,6,6
239,250573740,1047626,18,114355712,4096,41,7,6,6
239,250573740,1047626,19,114355712,16384,41,7,6,6
239,250573740,1047626,20,73460736,1024,14,4,6,6
239,250573740,1047626,21,47744256,16384,5,1,6,6
239,250573740,1047626,22,107528192,4096,5,1,6,6
239,250573740,1047626,23,107529728,1024,5,1,6,6
239,250573740,1047626,24,115397120,1024,3,1,6,6
240,251621366,1049944,0,143680512,4096,37,9,10,10
240,251621366,1049944,1,42508288,4096,28,6,10,10
240,251621366,1049944,2,66113280,4096,27,7,10,10
240,251621366,1049944,3,243223040,256,27,7,10,10
240,251621366,1049944,4,148868352,65536,24,4,10,10
240,251621366,1049944,5,200179968,65536,24,4,10,10
240,251621366,1049944,6,204954368,16384,24,4,10,10
240,251621366,1049944,7,209117952,65536,24,4,10,10
240,251621366,1049944,8,223297536,65536,24,4,10,10
240,251621366,1049944,9,225376768,16384,24,4,10,10
240,251621366,1049944,10,232704256,16384,24,4,10,10
240,251621366,1049944,11,235802112,65536,24,4,10,10
240,251621366,1049944,12,127430912,1024,21,7,10,10
240,251621366,1049944,13,86021632,16384,21,5,10,10
240,251621366,1049944,14,127956224,1024,21,5,10,10
240,251621366,1049944,15,57165568,65536,21,3,10,10
240,251621366,1049944,16,98619904,65536,21,3,10,10
240,251621366,1049944,17,110650368,65536,21,3,10,10
240,251621366,1049944,18,241116672,65536,21,3,10,10
240,251621366,1049944,19,250016768,65536,21,3,10,10
240,251621366,1049944,20,43556352,4096,18,4,10,10
240,251621366,1049944,21,53000448,4096,18,4,10,10
240,251621366,1049944,22,70309120,4096,18,4,10,10
240,251621366,1049944,23,203385344,4096,18,4,10,10
240,251621366,1049944,24,229584640,4096,18,4,10,10
240,251621366,1049944,25,5759488,16384,15,3,10,10
240,251621366,1049944,26,64530688,16384,15,3,10,10
240,251621366,1049944,27,82362624,16384,15,3,10,10
240,251621366,1049944,28,102809600,4096,15,3,10,10
240,251621366,1049944,29,90757632,4096,10,2,10,10
240,251621366,1049944,30,176164096,1024,10,2,10,10
240,251621366,1049944,31,67686144,1024,8,4,10,10
241,252671310,1046905,0,204954368,16384,118,22,10,10
241,252671310,1046905,1,42968832,65536,106,20,10,10
241,252671310,1046905,2,148868352,65536,106,20,10,10
241,252671310,1046905,3,200179968,65536,106,20,10,10
241,252671310,1046905,4,209117952,65536,106,20,10,10
241,252671310,1046905,5,223297536,65536,106,20,10,10
241,252671310,1046905,6,225376768,16384,106,20,10,10
241,252671310,1046905,7,232704256,16384,106,20,10,10
241,252671310,1046905,8,235802112,65536,106,20,10,10
241,252671310,1046905,9,143680512,4096,58,12,10,10
241,252671310,1046905,10,90757632,4096,40,8,10,10
241,252671310,1046905,11,176164096,1024,40,8,10,10
241,252671310,1046905,12,230104064,4096,40,8,10,10
241,252671310,1046905,13,87087872,4096,29,7,10,10
241,252671310,1046905,14,43556352,4096,23,5,10,10
241,252671310,1046905,15,53000448,4096,23,5,10,10
241,252671310,1046905,16,70309120,4096,23,5,10,10
241,252671310,1046905,17,203385344,4096,23,5,10,10
241,252671310,1046905,18,127430912,1024,21,7,10,10
241,252671310,1046905,19,98619904,65536,21,3,10,10
241,252671310,1046905,20,110650368,65536,21,3,10,10
241,252671310,1046905,21,66113280,4096,18,4,10,10
241,252671310,1046905,22,243223040,256,18,4,10,10
241,252671310,1046905,23,81841920,4096,13,3,10,10
241,252671310,1046905,24,56115712,65536,12,2,10,10
241,252671310,1046905,25,62403072,65536,12,2,10,10
241,252671310,1046905,26,206462464,65536,12,2,10,10
241,252671310,1046905,27,210657280,65536,12,2,10,10
241,252671310,1046905,28,212266240,65536,12,2,10,10
241,252671310,1046905,29,223231744,65536,12,2,10,10
241,252671310,1046905,30,226376448,65536,12,2,10,10
241,252671310,1046905,31,245326848,65536,12,2,10,10
242,253718215,1053736,0,204954368,16384,107,17,10,10
242,253718215,1053736,1,42968832,65536,86,14,10,10
242,253718215,1053736,2,148868352,65536,86,14,10,10
242,253718215,1053736,3,200179968,65536,86,14,10,10
242,253718215,1053736,4,209117952,65536,86,14,10,10
242,253718215,1053736,5,223297536,65536,86,14,10,10
242,253718215,1053736,6,225376768,16384,86,14,10,10
242,253718215,1053736,7,232704256,16384,86,14,10,10
242,253718215,1053736,8,235802112,65536,86,14,10,10
242,253718215,1053736,9,143680512,4096,82,20,10,10
242,253718215,1053736,10,90757632,4096,45,11,10,10
242,253718215,1053736,11,176164096,1024,45,11,10,10
242,253718215,1053736,12,230104064,4096,45,11,10,10
242,253718215,1053736,13,66113280,4096,37,9,10,10
242,253718215,1053736,14,243223040,256,37,9,10,10
242,253718215,1053736,15,56115712,65536,21,3,10,10
242,253718215,1053736,16,62403072,65536,21,3,10,10
242,253718215,1053736,17,206462464,65536,21,3,10,10
242,253718215,1053736,18,210657280,65536,21,3,10,10
242,253718215,1053736,19,212266240,65536,21,3,10,10
242,253718215,1053736,20,223231744,65536,21,3,10,10
242,253718215,1053736,21,226376448,65536,21,3,10,10
242,253718215,1053736,22,245326848,65536,21,3,10,10
242,253718215,1053736,23,100715776,1024,18,6,10,10
242,253718215,1053736,24,43556352,4096,18,4,10,10
242,253718215,1053736,25,53000448,4096,18,4,10,10
242,253718215,1053736,26,70309120,4096,18,4,10,10
242,253718215,1053736,27,203385344,4096,18,4,10,10
242,253718215,1053736,28,69784064,1024,12,4,10,10
242,253718215,1053736,29,98618624,1024,12,4,10,10
242,253718215,1053736,30,89185024,1024,10,4,10,10
242,253718215,1053736,31,134770688,1024,10,4,10,10
243,254771951,1044928,0,204954368,16384,45,7,10,10
243,254771951,1044928,1,209142528,16384,36,6,10,10
243,254771951,1044928,2,42508288,4096,29,7,10,10
243,254771951,1044928,3,143680512,4096,27,7,10,10
243,254771951,1044928,4,148868352,65536,24,4,10,10
243,254771951,1044928,5,200179968,65536,24,4,10,10
243,254771951,1044928,6,223297536,65536,24,4,10,10
243,254771951,1044928,7,225376768,16384,24,4,10,10
243,254771951,1044928,8,232704256,16384,24,4,10,10
243,254771951,1044928,9,235802112,65536,24,4,10,10
243,254771951,1044928,10,56115712,65536,21,3,10,10
243,254771951,1044928,11,57165568,65536,21,3,10,10
243,254771951,1044928,12,62403072,65536,21,3,10,10
243,254771951,1044928,13,66604800,65536,21,3,10,10
243,254771951,1044928,14,111142400,65536,21,3,10,10
243,254771951,1044928,15,206462464,65536,21,3,10,10
243,254771951,1044928,16,210657280,65536,21,3,10,10
243,254771951,1044928,17,212266240,65536,21,3,10,10
243,254771951,1044928,18,223231744,65536,21,3,10,10
243,254771951,1044928,19,226376448,65536,21,3,10,10
243,254771951,1044928,20,241116672,65536,21,3,10,10
243,254771951,1044928,21,245326848,65536,21,3,10,10
243,254771951,1044928,22,250016768,65536,21,3,10,10
243,254771951,1044928,23,90757632,4096,19,5,10,10
243,254771951,1044928,24,176164096,1024,19,5,10,10
243,254771951,1044928,25,230104064,4096,19,5,10,10
243,254771951,1044928,26,100715776,1024,14,6,10,10
243,254771951,1044928,27,86021632,16384,12,2,10,10
243,254771951,1044928,28,94411520,16384,12,2,10,10
243,254771951,1044928,29,127956224,1024,12,2,10,10
243,254771951,1044928,30,254755328,16384,12,2,10,10
243,254771951,1044928,31,43556352,4096,10,2,10,10
244,255816879,1047041,0,42968832,65536,114,20,10,10
244,255816879,1047041,1,148868352,65536,114,20,10,10
244,255816879,1047041,2,200179968,65536,114,20,10,10
244,255816879,1047041,3,204954368,16384,114,20,10,10
244,255816879,1047041,4,209117952,65536,114,20,10,10
244,255816879,1047041,5,223297536,65536,114,20,10,10
244,255816879,1047041,6,225376768,16384,114,20,10,10
244,255816879,1047041,7,232704256,16384,114,20,10,10
244,255816879,1047041,8,235802112,65536,114,20,10,10
244,255816879,1047041,9,143680512,4096,67,17,10,10
244,255816879,1047041,10,66113280,4096,39,11,10,10
244,255816879,1047041,11,243223040,256,39,11,10,10
244,255816879,1047041,12,90757632,4096,28,6,10,10
244,255816879,1047041,13,176164096,1024,28,6,10,10
244,255816879,1047041,14,230104064,4096,28,6,10,10
244,255816879,1047041,15,43556352,4096,23,5,10,10
244,255816879,1047041,16,53000448,4096,23,5,10,10
244,255816879,1047041,17,70309120,4096,23,5,10,10
244,255816879,1047041,18,203385344,4096,23,5,10,10
244,255816879,1047041,19,5759488,16384,22,4,10,10
244,255816879,1047041,20,64530688,16384,22,4,10,10
244,255816879,1047041,21,82362624,16384,22,4,10,10
244,255816879,1047041,22,102809600,4096,22,4,10,10
244,255816879,1047041,23,56115712,65536,21,3,10,10
244,255816879,1047041,24,57165568,65536,21,3,10,10
244,255816879,1047041,25,62403072,65536,21,3,10,10
244,255816879,1047041,26,111142400,65536,21,3,10,10
244,255816879,1047041,27,206462464,65536,21,3,10,10
244,255816879,1047041,28,210657280,65536,21,3,10,10
244,255816879,1047041,29,212266240,65536,21,3,10,10
244,255816879,1047041,30,223231744,65536,21,3,10,10
244,255816879,1047041,31,226376448,65536,21,3,10,10
245,256863920,1048871,0,42508288,4096,84,20,10,10
245,256863920,1048871,1,143680512,4096,81,17,10,10
245,256863920,1048871,2,148868352,65536,71,11,10,10
245,256863920,1048871,3,200179968,65536,71,11,10,10
245,256863920,1048871,4,204954368,16384,71,11,10,10
245,256863920,1048871,5,209117952,65536,71,11,10,10
245,256863920,1048871,6,223297536,65536,71,11,10,10
245,256863920,1048871,7,225376768,16384,71,11,10,10
245,256863920,1048871,8,232704256,16384,71,11,10,10
245,256863920,1048871,9,235802112,65536,71,11,10,10
245,256863920,1048871,10,56115712,65536,61,9,10,10
245,256863920,1048871,11,62403072,65536,61,9,10,10
245,256863920,1048871,12,206462464,65536,61,9,10,10
245,256863920,1048871,13,210657280,65536,61,9,10,10
245,256863920,1048871,14,212266240,65536,61,9,10,10
245,256863920,1048871,15,223231744,65536,61,9,10,10
245,256863920,1048871,16,226376448,65536,61,9,10,10
245,256863920,1048871,17,245326848,65536,61,9,10,10
245,256863920,1048871,18,254771968,65536,61,9,10,10
245,256863920,1048871,19,43556352,4096,49,13,10,10
245,256863920,1048871,20,53000448,4096,49,13,10,10
245,256863920,1048871,21,70309120,4096,49,13,10,10
245,256863920,1048871,22,203385344,4096,49,13,10,10
245,256863920,1048871,23,229584640,4096,49,13,10,10
245,256863920,1048871,24,66113280,4096,46,10,10,10
245,256863920,1048871,25,243223040,256,46,10,10,10
245,256863920,1048871,26,5759488,16384,41,7,10,10
245,256863920,1048871,27,64530688,16384,41,7,10,10
245,256863920,1048871,28,82362624,16384,41,7,10,10
245,256863920,1048871,29,102809600,4096,41,7,10,10
245,256863920,1048871,30,90757632,4096,35,7,10,10
245,256863920,1048871,31,176164096,1024,35,7,10,10
246,257912791,1047837,0,42508288,4096,132,32,10,10
246,257912791,1047837,1,143680512,4096,112,28,10,10
246,257912791,1047837,2,56115712,65536,108,18,10,10
246,257912791,1047837,3,62403072,65536,108,18,10,10
246,257912791,1047837,4,204929792,65536,108,18,10,10
246,257912791,1047837,5,206462464,65536,108,18,10,10
246,257912791,1047837,6,209142528,16384,108,18,10,10
246,257912791,1047837,7,210657280,65536,108,18,10,10
246,257912791,1047837,8,212266240,65536,108,18,10,10
246,257912791,1047837,9,223231744,65536,108,18,10,10
246,257912791,1047837,10,226376448,65536,108,18,10,10
246,257912791,1047837,11,245326848,65536,108,18,10,10
246,257912791,1047837,12,254771968,65536,108,18,10,10
246,257912791,1047837,13,200179968,65536,96,16,10,10
246,257912791,1047837,14,223297536,65536,96,16,10,10
246,257912791,1047837,15,225376768,16384,96,16,10,10
246,257912791,1047837,16,232704256,16384,96,16,10,10
246,257912791,1047837,17,235802112,65536,96,16,10,10
246,257912791,1047837,18,257355520,65536,96,16,10,10
246,257912791,1047837,19,90757632,4096,69,17,10,10
246,257912791,1047837,20,176164096,1024,69,17,10,10
246,257912791,1047837,21,230104064,4096,69,17,10,10
246,257912791,1047837,22,43556352,4096,63,15,10,10
246,257912791,1047837,23,53000448,4096,63,15,10,10
246,257912791,1047837,24,70309120,4096,63,15,10,10
246,257912791,1047837,25,203385344,4096,63,15,10,10
246,257912791,1047837,26,66113280,4096,43,11,10,10
246,257912791,1047837,27,243223040,256,43,11,10,10
246,257912791,1047837,28,127430912,1024,35,11,10,10
246,257912791,1047837,29,100715776,1024,26,10,10,10
246,257912791,1047837,30,87087872,4096,23,5,10,10
246,257912791,1047837,31,57165568,65536,21,3,10,10
247,258960628,1048833,0,42968832,65536,90,16,10,10
247,258960628,1048833,1,204954368,16384,90,16,10,10
247,258960628,1048833,2,209117952,65536,90,16,10,10
247,258960628,1048833,3,223297536,65536,90,16,10,10
247,258960628,1048833,4,225376768,16384,90,16,10,10
247,258960628,1048833,5,232704256,16384,90,16,10,10
247,258960628,1048833,6,235802112,65536,90,16,10,10
247,258960628,1048833,7,257355520,65536,90,16,10,10
247,258960628,1048833,8,257912832,16384,90,16,10,10
247,258960628,1048833,9,143680512,4096,49,11,10,10
247,258960628,1048833,10,66113280,4096,34,8,10,10
247,258960628,1048833,11,243223040,256,34,8,10,10
247,258960628,1048833,12,43556352,4096,29,7,10,10
247,258960628,1048833,13,53000448,4096,29,7,10,10
247,258960628,1048833,14,70309120,4096,29,7,10,10
247,258960628,1048833,15,203385344,4096,29,7,10,10
247,258960628,1048833,16,229584640,4096,29,7,10,10
247,258960628,1048833,17,127430912,1024,21,7,10,10
247,258960628,1048833,18,100715776,1024,18,8,10,10
247,258960628,1048833,19,90757632,4096,15,3,10,10
247,258960628,1048833,20,176164096,1024,15,3,10,10
247,258960628,1048833,21,222772736,1024,13,3,10,10
247,258960628,1048833,22,88135424,1024,12,6,10,10
247,258960628,1048833,23,94949632,4096,12,2,10,10
247,258960628,1048833,24,226425600,16384,12,2,10,10
247,258960628,1048833,25,200241408,4096,9,3,10,10
247,258960628,1048833,26,71359232,1024,6,2,10,10
247,258960628,1048833,27,99667200,256,6,2,10,10
247,258960628,1048833,28,67686144,1024,5,3,10,10
247,258960628,1048833,29,81841920,4096,5,1,10,10
247,258960628,1048833,30,111203840,4096,5,1,10,10
247,258960628,1048833,31,254771968,256,5,1,10,10
248,260009461,1049560,0,258944000,16384,60,10,10,10
248,260009461,1049560,1,143680512,4096,56,12,10,10
248,260009461,1049560,2,42508288,4096,46,10,10,10
248,260009461,1049560,3,209117952,65536,36,6,10,10
248,260009461,1049560,4,223297536,65536,36,6,10,10
248,260009461,1049560,5,225376768,16384,36,6,10,10
248,260009461,1049560,6,232704256,16384,36,6,10,10
248,260009461,1049560,7,235802112,65536,36,6,10,10
248,260009461,1049560,8,257355520,65536,36,6,10,10
248,260009461,1049560,9,259476736,16384,36,6,10,10
248,260009461,1049560,10,66113280,4096,28,6,10,10
248,260009461,1049560,11,90757632,4096,28,6,10,10
248,260009461,1049560,12,176164096,1024,28,6,10,10
248,260009461,1049560,13,230104064,4096,28,6,10,10
248,260009461,1049560,14,243223040,256,28,6,10,10
248,260009461,1049560,15,56115712,65536,24,4,10,10
248,260009461,1049560,16,62403072,65536,24,4,10,10
248,260009461,1049560,17,210657280,65536,24,4,10,10
248,260009461,1049560,18,212266240,65536,24,4,10,10
248,260009461,1049560,19,223231744,65536,24,4,10,10
248,260009461,1049560,20,226376448,65536,24,4,10,10
248,260009461,1049560,21,245326848,65536,24,4,10,10
248,260009461,1049560,22,254771968,65536,24,4,10,10
248,260009461,1049560,23,200241408,4096,19,5,10,10
248,260009461,1049560,24,43556352,4096,18,4,10,10
248,260009461,1049560,25,53000448,4096,18,4,10,10
248,260009461,1049560,26,70309120,4096,18,4,10,10
248,260009461,1049560,27,203385344,4096,18,4,10,10
248,260009461,1049560,28,67686144,1024,13,5,10,10
248,260009461,1049560,29,5759488,16384,12,2,10,10
248,260009461,1049560,30,64530688,16384,12,2,10,10
248,260009461,1049560,31,82362624,16384,12,2,10,10
249,261059021,1055955,0,258944000,16384,57,9,10,10
249,261059021,1055955,1,42968832,65536,36,6,10,10
249,261059021,1055955,2,209117952,65536,36,6,10,10
249,261059021,1055955,3,223297536,65536,36,6,10,10
249,261059021,1055955,4,225376768,16384,36,6,10,10
249,261059021,1055955,5,232704256,16384,36,6,10,10
249,261059021,1055955,6,235802112,65536,36,6,10,10
249,261059021,1055955,7,257355520,65536,36,6,10,10
249,261059021,1055955,8,259476736,16384,36,6,10,10
249,261059021,1055955,9,260525824,16384,36,6,10,10
249,261059021,1055955,10,5759488,16384,34,6,10,10
249,261059021,1055955,11,64530688,16384,34,6,10,10
249,261059021,1055955,12,82362624,16384,34,6,10,10
249,261059021,1055955,13,102809600,4096,34,6,10,10
249,261059021,1055955,14,143152128,16384,34,6,10,10
249,261059021,1055955,15,43556352,4096,21,5,10,10
249,261059021,1055955,16,53000448,4096,21,5,10,10
249,261059021,1055955,17,70309120,4096,21,5,10,10
249,261059021,1055955,18,203385344,4096,21,5,10,10
249,261059021,1055955,19,229584640,4096,21,5,10,10
249,261059021,1055955,20,56115712,65536,21,3,10,10
249,261059021,1055955,21,57165568,65536,21,3,10,10
249,261059021,1055955,22,62403072,65536,21,3,10,10
249,261059021,1055955,23,66604800,65536,21,3,10,10
249,261059021,1055955,24,111142400,65536,21,3,10,10
249,261059021,1055955,25,210657280,65536,21,3,10,10
249,261059021,1055955,26,212266240,65536,21,3,10,10
249,261059021,1055955,27,223231744,65536,21,3,10,10
249,261059021,1055955,28,226376448,65536,21,3,10,10
249,261059021,1055955,29,241116672,65536,21,3,10,10
249,261059021,1055955,30,245326848,65536,21,3,10,10
249,261059021,1055955,31,250016768,65536,21,3,10,10
250,262114976,1060224,0,121671680,4096,45,11,9,9
250,262114976,1060224,1,13641728,16384,45,7,9,9
250,262114976,1060224,2,16797952,4096,42,10,9,9
250,262114976,1060224,3,165691136,1024,34,10,9,9
250,262114976,1060224,4,3080960,65536,33,5,9,9
250,262114976,1060224,5,178243840,16384,33,5,9,9
250,262114976,1060224,6,179786752,65536,33,5,9,9
250,262114976,1060224,7,180343296,65536,33,5,9,9
250,262114976,1060224,8,182438400,65536,33,5,9,9
250,262114976,1060224,9,196540416,65536,33,5,9,9
250,262114976,1060224,10,1048320,65536,29,5,9,9
250,262114976,1060224,11,4129792,65536,29,5,9,9
250,262114976,1060224,12,153052928,65536,29,5,9,9
250,262114976,1060224,13,166741248,4096,29,5,9,9
250,262114976,1060224,14,171420416,65536,29,5,9,9
250,262114976,1060224,15,175045632,65536,29,5,9,9
250,262114976,1060224,16,178227200,16384,29,5,9,9
250,262114976,1060224,17,151548160,4096,27,7,9,9
250,262114976,1060224,18,16271616,4096,24,6,9,9
250,262114976,1060224,19,27812352,4096,24,6,9,9
250,262114976,1060224,20,156259072,4096,24,6,9,9
250,262114976,1060224,21,146842112,4096,18,4,9,9
250,262114976,1060224,22,159930880,4096,18,4,9,9
250,262114976,1060224,23,166214656,4096,18,4,9,9
250,262114976,1060224,24,181910016,4096,18,4,9,9
250,262114976,1060224,25,157804288,65536,12,2,9,9
250,262114976,1060224,26,523520,1024,11,5,9,9
250,262114976,1060224,27,11543296,256,7,3,9,9
250,262114976,1060224,28,24139264,256,7,3,9,9
250,262114976,1060224,29,186097664,1024,7,3,9,9
250,262114976,1060224,30,194999552,256,7,3,9,9
250,262114976,1060224,31,34107136,4096,5,1,9,9
251,263175200,1050600,0,258944000,16384,90,14,10,10
251,263175200,1050600,1,56115712,65536,63,9,10,10
251,263175200,1050600,2,62403072,65536,63,9,10,10
251,263175200,1050600,3,210657280,65536,63,9,10,10
251,263175200,1050600,4,212266240,65536,63,9,10,10
251,263175200,1050600,5,223231744,65536,63,9,10,10
251,263175200,1050600,6,226376448,65536,63,9,10,10
251,263175200,1050600,7,245326848,65536,63,9,10,10
251,263175200,1050600,8,254771968,65536,63,9,10,10
251,263175200,1050600,9,42508288,4096,59,13,10,10
251,263175200,1050600,10,143680512,4096,49,11,10,10
251,263175200,1050600,11,86021632,16384,47,9,10,10
251,263175200,1050600,12,127956224,1024,47,9,10,10
251,263175200,1050600,13,43556352,4096,33,7,10,10
251,263175200,1050600,14,53000448,4096,33,7,10,10
251,263175200,1050600,15,70309120,4096,33,7,10,10
251,263175200,1050600,16,203385344,4096,33,7,10,10
251,263175200,1050600,17,229584640,4096,33,7,10,10
251,263175200,1050600,18,234820096,4096,33,7,10,10
251,263175200,1050600,19,209117952,65536,27,5,10,10
251,263175200,1050600,20,223297536,65536,27,5,10,10
251,263175200,1050600,21,225376768,16384,27,5,10,10
251,263175200,1050600,22,232704256,16384,27,5,10,10
251,263175200,1050600,23,257355520,65536,27,5,10,10
251,263175200,1050600,24,259476736,16384,27,5,10,10
251,263175200,1050600,25,260525824,16384,27,5,10,10
251,263175200,1050600,26,90757632,4096,26,6,10,10
251,263175200,1050600,27,176164096,1024,26,6,10,10
251,263175200,1050600,28,5759488,16384,24,4,10,10
251,263175200,1050600,29,64530688,16384,24,4,10,10
251,263175200,1050600,30,82362624,16384,24,4,10,10
251,263175200,1050600,31,102809600,4096,24,4,10,10
252,264225800,1049842,0,124285696,4096,29,7,6,6
252,264225800,1049842,1,107522048,16384,29,5,6,6
252,264225800,1049842,2,73457664,4096,28,6,6,6
252,264225800,1049842,3,104910592,4096,28,6,6,6
252,264225800,1049842,4,40937216,16384,24,4,6,6
252,264225800,1049842,5,46669568,65536,24,4,6,6
252,264225800,1049842,6,48260352,16384,24,4,6,6
252,264225800,1049842,7,114355712,4096,24,4,6,6
252,264225800,1049842,8,117424640,65536,24,4,6,6
252,264225800,1049842,9,118538752,16384,24,4,6,6
252,264225800,1049842,10,216999424,16384,24,4,6,6
252,264225800,1049842,11,218046720,16384,24,4,6,6
252,264225800,1049842,12,240064768,65536,24,4,6,6
252,264225800,1049842,13,250573824,16384,24,4,6,6
252,264225800,1049842,14,118522112,16384,17,3,6,6
252,264225800,1049842,15,234293504,1024,13,3,6,6
252,264225800,1049842,16,237961728,16384,12,2,6,6
252,264225800,1049842,17,61385216,4096,5,1,6,6
252,264225800,1049842,18,103862272,4096,5,1,6,6
252,264225800,1049842,19,199193088,4096,5,1,6,6
252,264225800,1049842,20,73460736,1024,28,6,6,6
252,264225800,1049842,21,46694144,16384,24,4,6,6
252,264225800,1049842,22,114355712,16384,24,4,6,6
252,264225800,1049842,23,118534400,4096,17,3,6,6
252,264225800,1049842,24,107528192,4096,12,2,6,6
252,264225800,1049842,25,107529728,1024,12,2,6,6
252,264225800,1049842,26,250573824,4096,5,1,6,6
253,265275642,1043240,0,40937216,16384,28,6,6,6
253,265275642,1043240,1,46669568,65536,28,6,6,6
253,265275642,1043240,2,48260352,16384,28,6,6,6
253,265275642,1043240,3,114355712,4096,28,6,6,6
253,265275642,1043240,4,117424640,65536,28,6,6,6
253,265275642,1043240,5,118538752,16384,28,6,6,6
253,265275642,1043240,6,216999424,16384,28,6,6,6
253,265275642,1043240,7,218046720,16384,28,6,6,6
253,265275642,1043240,8,240064768,65536,28,6,6,6
253,265275642,1043240,9,250573824,16384,28,6,6,6
253,265275642,1043240,10,73457664,4096,21,5,6,6
253,265275642,1043240,11,104910592,4096,21,5,6,6
253,265275642,1043240,12,124285696,4096,14,4,6,6
253,265275642,1043240,13,199193088,4096,13,3,6,6
253,265275642,1043240,14,107522048,16384,12,2,6,6
253,265275642,1043240,15,237961728,16384,12,2,6,6
253,265275642,1043240,16,33055744,1024,5,1,6,6
253,265275642,1043240,17,234293504,1024,5,1,6,6
253,265275642,1043240,18,247429376,1024,5,1,6,6
253,265275642,1043240,19,46694144,16384,28,6,6,6
253,265275642,1043240,20,114355712,16384,28,6,6,6
253,265275642,1043240,21,73460736,1024,21,5,6,6
253,265275642,1043240,22,107528192,4096,12,2,6,6
253,265275642,1043240,23,107529728,1024,12,2,6,6
253,265275642,1043240,24,115397120,1024,5,1,6,6
254,266318882,1049739,0,258944000,16384,65,11,10,10
254,266318882,1049739,1,42508288,4096,41,9,10,10
254,266318882,1049739,2,209117952,65536,39,7,10,10
254,266318882,1049739,3,223297536,65536,39,7,10,10
254,266318882,1049739,4,225376768,16384,39,7,10,10
254,266318882,1049739,5,232704256,16384,39,7,10,10
254,266318882,1049739,6,235802112,65536,39,7,10,10
254,266318882,1049739,7,257355520,65536,39,7,10,10
254,266318882,1049739,8,259476736,16384,39,7,10,10
254,266318882,1049739,9,260525824,16384,39,7,10,10
254,266318882,1049739,10,90757632,4096,23,5,10,10
254,266318882,1049739,11,143680512,4096,23,5,10,10
254,266318882,1049739,12,176164096,1024,23,5,10,10
254,266318882,1049739,13,230104064,4096,23,5,10,10
254,266318882,1049739,14,263175424,1024,23,5,10,10
254,266318882,1049739,15,56115712,65536,21,3,10,10
254,266318882,1049739,16,62403072,65536,21,3,10,10
254,266318882,1049739,17,210657280,65536,21,3,10,10
254,266318882,1049739,18,212266240,65536,21,3,10,10
254,266318882,1049739,19,223231744,65536,21,3,10,10
254,266318882,1049739,20,226376448,65536,21,3,10,10
254,266318882,1049739,21,245326848,65536,21,3,10,10
254,266318882,1049739,22,254771968,65536,21,3,10,10
254,266318882,1049739,23,43556352,4096,18,4,10,10
254,266318882,1049739,24,53000448,4096,18,4,10,10
254,266318882,1049739,25,70309120,4096,18,4,10,10
254,266318882,1049739,26,203385344,4096,18,4,10,10
254,266318882,1049739,27,86021632,16384,15,3,10,10
254,266318882,1049739,28,127956224,1024,15,3,10,10
254,266318882,1049739,29,207561472,16384,15,3,10,10
254,266318882,1049739,30,127430912,1024,11,3,10,10
254,266318882,1049739,31,100715776,1024,8,4,10,10
255,267368621,1046053,0,42508288,4096,64,16,10,10
255,267368621,1046053,1,43556352,4096,51,13,10,10
255,267368621,1046053,2,53000448,4096,51,13,10,10
255,267368621,1046053,3,70309120,4096,51,13,10,10
255,267368621,1046053,4,143158272,4096,51,13,10,10
255,267368621,1046053,5,203385344,4096,51,13,10,10
255,267368621,1046053,6,229584640,4096,51,13,10,10
255,267368621,1046053,7,234820096,4096,51,13,10,10
255,267368621,1046053,8,266841600,4096,51,13,10,10
255,267368621,1046053,9,86021632,16384,27,5,10,10
255,267368621,1046053,10,127956224,1024,27,5,10,10
255,267368621,1046053,11,258944000,16384,27,5,10,10
255,267368621,1046053,12,56115712,65536,15,3,10,10
255,267368621,1046053,13,62403072,65536,15,3,10,10
255,267368621,1046053,14,210657280,65536,15,3,10,10
255,267368621,1046053,15,212266240,65536,15,3,10,10
255,267368621,1046053,16,223231744,65536,15,3,10,10
255,267368621,1046053,17,226376448,65536,15,3,10,10
255,267368621,1046053,18,245326848,65536,15,3,10,10
255,267368621,1046053,19,254771968,65536,15,3,10,10
255,267368621,1046053,20,90757632,4096,13,3,10,10
255,267368621,1046053,21,127430912,1024,13,3,10,10
255,267368621,1046053,22,176164096,1024,13,3,10,10
255,267368621,1046053,23,263175424,1024,13,3,10,10
255,267368621,1046053,24,66113280,4096,12,4,10,10
255,267368621,1046053,25,243223040,256,12,4,10,10
255,267368621,1046053,26,94411520,16384,12,2,10,10
255,267368621,1046053,27,207561472,16384,12,2,10,10
255,267368621,1046053,28,209117952,65536,12,2,10,10
255,267368621,1046053,29,223297536,65536,12,2,10,10
255,267368621,1046053,30,225376768,16384,12,2,10,10
255,267368621,1046053,31,232704256,16384,12,2,10,10
256,268414674,1050105,0,5759488,16384,51,11,10,10
256,268414674,1050105,1,64530688,16384,51,11,10,10
256,268414674,1050105,2,82362624,16384,51,11,10,10
256,268414674,1050105,3,102809600,4096,51,11,10,10
256,268414674,1050105,4,143152128,16384,51,11,10,10
256,268414674,1050105,5,208625920,4096,51,11,10,10
256,268414674,1050105,6,208560128,65536,24,4,10,10
256,268414674,1050105,7,42508288,4096,23,5,10,10
256,268414674,1050105,8,66113280,4096,21,5,10,10
256,268414674,1050105,9,243223040,256,21,5,10,10
256,268414674,1050105,10,257912832,4096,21,5,10,10
256,268414674,1050105,11,127430912,1024,17,7,10,10
256,268414674,1050105,12,43556352,4096,13,3,10,10
256,268414674,1050105,13,53000448,4096,13,3,10,10
256,268414674,1050105,14,70309120,4096,13,3,10,10
256,268414674,1050105,15,203385344,4096,13,3,10,10
256,268414674,1050105,16,229584640,4096,13,3,10,10
256,268414674,1050105,17,234820096,4096,13,3,10,10
256,268414674,1050105,18,266841600,4096,13,3,10,10
256,268414674,1050105,19,129513728,16384,12,2,10,10
256,268414674,1050105,20,223297536,65536,12,2,10,10
256,268414674,1050105,21,225376768,16384,12,2,10,10
256,268414674,1050105,22,232704256,16384,12,2,10,10
256,268414674,1050105,23,257355520,65536,12,2,10,10
256,268414674,1050105,24,259476736,16384,12,2,10,10
256,268414674,1050105,25,260525824,16384,12,2,10,10
256,268414674,1050105,26,90757632,4096,10,2,10,10
256,268414674,1050105,27,176164096,1024,10,2,10,10
256,268414674,1050105,28,263175424,1024,10,2,10,10
256,268414674,1050105,29,222772736,1024,8,2,10,10
256,268414674,1050105,30,36208640,1024,7,3,10,10
256,268414674,1050105,31,67686144,1024,7,3,10,10
257,269464779,1048165,0,42508288,4096,71,17,10,10
257,269464779,1048165,1,143680512,4096,65,15,10,10
257,269464779,1048165,2,90757632,4096,42,10,10,10
257,269464779,1048165,3,176164096,1024,42,10,10,10
257,269464779,1048165,4,230104064,4096,42,10,10,10
257,269464779,1048165,5,263175424,1024,42,10,10,10
257,269464779,1048165,6,43556352,4096,29,7,10,10
257,269464779,1048165,7,53000448,4096,29,7,10,10
257,269464779,1048165,8,70309120,4096,29,7,10,10
257,269464779,1048165,9,203385344,4096,29,7,10,10
257,269464779,1048165,10,234820096,4096,29,7,10,10
257,269464779,1048165,11,266841600,4096,29,7,10,10
257,269464779,1048165,12,209117952,65536,29,5,10,10
257,269464779,1048165,13,223297536,65536,29,5,10,10
257,269464779,1048165,14,225376768,16384,29,5,10,10
257,269464779,1048165,15,232704256,16384,29,5,10,10
257,269464779,1048165,16,257355520,65536,29,5,10,10
257,269464779,1048165,17,257912832,16384,29,5,10,10
257,269464779,1048165,18,259476736,16384,29,5,10,10
257,269464779,1048165,19,260525824,16384,29,5,10,10
257,269464779,1048165,20,66113280,4096,23,5,10,10
257,269464779,1048165,21,243223040,256,23,5,10,10
257,269464779,1048165,22,57165568,65536,21,3,10,10
257,269464779,1048165,23,111142400,65536,21,3,10,10
257,269464779,1048165,24,241116672,65536,21,3,10,10
257,269464779,1048165,25,250016768,65536,21,3,10,10
257,269464779,1048165,26,247430656,16384,15,3,10,10
257,269464779,1048165,27,100715776,1024,13,5,10,10
257,269464779,1048165,28,5759488,16384,12,2,10,10
257,269464779,1048165,29,64530688,16384,12,2,10,10
257,269464779,1048165,30,82362624,16384,12,2,10,10
257,269464779,1048165,31,86021632,16384,12,2,10,10
258,270512944,1050707,0,143680512,4096,28,6,10,10
258,270512944,1050707,1,42968832,65536,24,4,10,10
258,270512944,1050707,2,209117952,65536,24,4,10,10
258,270512944,1050707,3,223297536,65536,24,4,10,10
258,270512944,1050707,4,225376768,16384,24,4,10,10
258,270512944,1050707,5,232704256,16384,24,4,10,10
258,270512944,1050707,6,235802112,65536,24,4,10,10
258,270512944,1050707,7,257355520,65536,24,4,10,10
258,270512944,1050707,8,257912832,16384,24,4,10,10
258,270512944,1050707,9,259476736,16384,24,4,10,10
258,270512944,1050707,10,260525824,16384,24,4,10,10
258,270512944,1050707,11,66113280,4096,15,3,10,10
258,270512944,1050707,12,94411520,16384,15,3,10,10
258,270512944,1050707,13,243223040,256,15,3,10,10
258,270512944,1050707,14,100715776,1024,14,6,10,10
258,270512944,1050707,15,87087872,4096,13,3,10,10
258,270512944,1050707,16,90757632,4096,13,3,10,10
258,270512944,1050707,17,176164096,1024,13,3,10,10
258,270512944,1050707,18,230104064,4096,13,3,10,10
258,270512944,1050707,19,263175424,1024,13,3,10,10
258,270512944,1050707,20,57165568,65536,9,1,10,10
258,270512944,1050707,21,111142400,65536,9,1,10,10
258,270512944,1050707,22,241116672,65536,9,1,10,10
258,270512944,1050707,23,250016768,65536,9,1,10,10
258,270512944,1050707,24,100711424,4096,8,2,10,10
258,270512944,1050707,25,62435328,1024,6,2,10,10
258,270512944,1050707,26,98095360,1024,6,2,10,10
258,270512944,1050707,27,111731456,1024,6,2,10,10
258,270512944,1050707,28,81841920,4096,5,1,10,10
258,270512944,1050707,29,235867904,4096,5,1,10,10
258,270512944,1050707,30,127430912,1024,4,2,10,10
258,270512944,1050707,31,200241408,4096,4,2,10,10
259,271563651,1048845,0,121671680,4096,43,9,9,9
259,271563651,1048845,1,165691136,1024,37,9,9,9
259,271563651,1048845,2,151548160,4096,33,7,9,9
259,271563651,1048845,3,16797952,4096,30,6,9,9
259,271563651,1048845,4,1048320,65536,27,5,9,9
259,271563651,1048845,5,2097920,16384,27,5,9,9
259,271563651,1048845,6,4129792,65536,27,5,9,9
259,271563651,1048845,7,153052928,65536,27,5,9,9
259,271563651,1048845,8,166741248,4096,27,5,9,9
259,271563651,1048845,9,171420416,65536,27,5,9,9
259,271563651,1048845,10,175045632,65536,27,5,9,9
259,271563651,1048845,11,178227200,16384,27,5,9,9
259,271563651,1048845,12,0,65536,21,3,9,9
259,271563651,1048845,13,16732160,65536,21,3,9,9
259,271563651,1048845,14,27812352,4096,20,4,9,9
259,271563651,1048845,15,156259072,4096,20,4,9,9
259,271563651,1048845,16,146842112,4096,10,2,9,9
259,271563651,1048845,17,159930880,4096,10,2,9,9
259,271563651,1048845,18,166214656,4096,10,2,9,9
259,271563651,1048845,19,181910016,4096,10,2,9,9
259,271563651,1048845,20,13641728,16384,8,2,9,9
259,271563651,1048845,21,34107136,4096,8,2,9,9
259,271563651,1048845,22,138449408,256,8,2,9,9
259,271563651,1048845,23,34637312,1024,6,2,9,9
259,271563651,1048845,24,37260032,1024,6,2,9,9
259,271563651,1048845,25,11543296,256,4,2,9,9
259,271563651,1048845,26,12591104,256,3,1,9,9
259,271563651,1048845,27,28339456,256,3,1,9,9
259,271563651,1048845,28,83940352,4096,3,1,9,9
259,271563651,1048845,29,163600128,1024,3,1,9,9
259,271563651,1048845,30,180343296,4096,3,1,9,9
259,271563651,1048845,31,19943424,256,1,1,9,9
260,272612496,1050255,0,272546816,65536,108,16,9,9
260,272612496,1050255,1,1048320,65536,56,12,9,9
260,272612496,1050255,2,2097920,16384,56,12,9,9
260,272612496,1050255,3,4129792,65536,56,12,9,9
260,272612496,1050255,4,153052928,65536,56,12,9,9
260,272612496,1050255,5,166741248,4096,56,12,9,9
260,272612496,1050255,6,171420416,65536,56,12,9,9
260,272612496,1050255,7,175045632,65536,56,12,9,9
260,272612496,1050255,8,178227200,16384,56,12,9,9
260,272612496,1050255,9,16797952,4096,37,9,9,9
260,272612496,1050255,10,121671680,4096,27,7,9,9
260,272612496,1050255,11,173516544,65536,24,4,9,9
260,272612496,1050255,12,16271616,4096,23,5,9,9
260,272612496,1050255,13,27812352,4096,23,5,9,9
260,272612496,1050255,14,156259072,4096,23,5,9,9
260,272612496,1050255,15,146842112,4096,14,4,9,9
260,272612496,1050255,16,159930880,4096,14,4,9,9
260,272612496,1050255,17,166214656,4096,14,4,9,9
260,272612496,1050255,18,181910016,4096,14,4,9,9
260,272612496,1050255,19,151548160,4096,13,3,9,9
260,272612496,1050255,20,165688064,4096,13,3,9,9
260,272612496,1050255,21,13641728,16384,12,2,9,9
260,272612496,1050255,22,19943424,16384,12,2,9,9
260,272612496,1050255,23,156263424,16384,12,2,9,9
260,272612496,1050255,24,24139264,256,8,4,9,9
260,272612496,1050255,25,194999552,256,8,4,9,9
260,272612496,1050255,26,34107136,4096,8,2,9,9
260,272612496,1050255,27,37260032,1024,7,3,9,9
260,272612496,1050255,28,186097664,1024,4,2,9,9
260,272612496,1050255,29,34637312,1024,3,1,9,9
260,272612496,1050255,30,83940352,4096,3,1,9,9
260,272612496,1050255,31,164123136,1024,3,1,9,9
261,273662751,1047331,0,258944000,16384,65,11,10,10
261,273662751,1047331,1,42968832,65536,60,10,10,10
261,273662751,1047331,2,209117952,65536,60,10,10,10
261,273662751,1047331,3,223297536,65536,60,10,10,10
261,273662751,1047331,4,225376768,16384,60,10,10,10
261,273662751,1047331,5,232704256,16384,60,10,10,10
261,273662751,1047331,6,235802112,65536,60,10,10,10
261,273662751,1047331,7,257355520,65536,60,10,10,10
261,273662751,1047331,8,259476736,16384,60,10,10,10
261,273662751,1047331,9,260525824,16384,60,10,10,10
261,273662751,1047331,10,143680512,4096,23,5,10,10
261,273662751,1047331,11,271030016,16384,21,3,10,10
261,273662751,1047331,12,90757632,4096,18,4,10,10
261,273662751,1047331,13,176164096,1024,18,4,10,10
261,273662751,1047331,14,230104064,4096,18,4,10,10
261,273662751,1047331,15,263175424,1024,18,4,10,10
261,273662751,1047331,16,43556352,4096,15,3,10,10
261,273662751,1047331,17,53000448,4096,15,3,10,10
261,273662751,1047331,18,70309120,4096,15,3,10,10
261,273662751,1047331,19,203385344,4096,15,3,10,10
261,273662751,1047331,20,266841600,4096,15,3,10,10
261,273662751,1047331,21,5759488,16384,12,2,10,10
261,273662751,1047331,22,64530688,16384,12,2,10,10
261,273662751,1047331,23,82362624,16384,12,2,10,10
261,273662751,1047331,24,102809600,4096,12,2,10,10
261,273662751,1047331,25,127430912,1024,10,4,10,10
261,273662751,1047331,26,125859840,4096,10,2,10,10
261,273662751,1047331,27,100715776,1024,6,2,10,10
261,273662751,1047331,28,66113280,4096,5,1,10,10
261,273662751,1047331,29,98619904,4096,5,1,10,10
261,273662751,1047331,30,207561472,16384,5,1,10,10
261,273662751,1047331,31,243223040,256,5,1,10,10
262,274710082,1048091,0,258944000,16384,116,20,10,10
262,274710082,1048091,1,42968832,65536,72,12,10,10
262,274710082,1048091,2,209117952,65536,72,12,10,10
262,274710082,1048091,3,223297536,65536,72,12,10,10
262,274710082,1048091,4,225376768,16384,72,12,10,10
262,274710082,1048091,5,232704256,16384,72,12,10,10
262,274710082,1048091,6,235802112,65536,72,12,10,10
262,274710082,1048091,7,257355520,65536,72,12,10,10
262,274710082,1048091,8,259476736,16384,72,12,10,10
262,274710082,1048091,9,260525824,16384,72,12,10,10
262,274710082,1048091,10,143680512,4096,67,17,10,10
262,274710082,1048091,11,90757632,4096,37,9,10,10
262,274710082,1048091,12,176164096,1024,37,9,10,10
262,274710082,1048091,13,230104064,4096,37,9,10,10
262,274710082,1048091,14,263175424,1024,37,9,10,10
262,274710082,1048091,15,56115712,65536,36,6,10,10
262,274710082,1048091,16,62403072,65536,36,6,10,10
262,274710082,1048091,17,212266240,65536,36,6,10,10
262,274710082,1048091,18,223231744,65536,36,6,10,10
262,274710082,1048091,19,226376448,65536,36,6,10,10
262,274710082,1048091,20,245326848,65536,36,6,10,10
262,274710082,1048091,21,254771968,65536,36,6,10,10
262,274710082,1048091,22,270447360,65536,36,6,10,10
262,274710082,1048091,23,66113280,4096,30,8,10,10
262,274710082,1048091,24,243223040,256,30,8,10,10
262,274710082,1048091,25,43556352,4096,29,7,10,10
262,274710082,1048091,26,53000448,4096,29,7,10,10
262,274710082,1048091,27,70309120,4096,29,7,10,10
262,274710082,1048091,28,203385344,4096,29,7,10,10
262,274710082,1048091,29,266841600,4096,29,7,10,10
262,274710082,1048091,30,5759488,16384,12,2,10,10
262,274710082,1048091,31,64530688,16384,12,2,10,10
263,275758173,1044947,0,258944000,16384,136,22,10,10
263,275758173,1044947,1,56115712,65536,79,13,10,10
263,275758173,1044947,2,62403072,65536,79,13,10,10
263,275758173,1044947,3,212266240,65536,79,13,10,10
263,275758173,1044947,4,223231744,65536,79,13,10,10
263,275758173,1044947,5,226376448,65536,79,13,10,10
263,275758173,1044947,6,245326848,65536,79,13,10,10
263,275758173,1044947,7,254771968,65536,79,13,10,10
263,275758173,1044947,8,270447360,65536,79,13,10,10
263,275758173,1044947,9,42968832,65536,57,9,10,10
263,275758173,1044947,10,209117952,65536,57,9,10,10
263,275758173,1044947,11,223297536,65536,57,9,10,10
263,275758173,1044947,12,225376768,16384,57,9,10,10
263,275758173,1044947,13,232704256,16384,57,9,10,10
263,275758173,1044947,14,235802112,65536,57,9,10,10
263,275758173,1044947,15,257355520,65536,57,9,10,10
263,275758173,1044947,16,259476736,16384,57,9,10,10
263,275758173,1044947,17,260525824,16384,57,9,10,10
263,275758173,1044947,18,86021632,16384,29,5,10,10
263,275758173,1044947,19,127956224,1024,29,5,10,10
263,275758173,1044947,20,5759488,16384,26,6,10,10
263,275758173,1044947,21,64530688,16384,26,6,10,10
263,275758173,1044947,22,82362624,16384,26,6,10,10
263,275758173,1044947,23,102809600,4096,26,6,10,10
263,275758173,1044947,24,143152128,16384,26,6,10,10
263,275758173,1044947,25,43556352,4096,21,5,10,10
263,275758173,1044947,26,53000448,4096,21,5,10,10
263,275758173,1044947,27,70309120,4096,21,5,10,10
263,275758173,1044947,28,203385344,4096,21,5,10,10
263,275758173,1044947,29,229584640,4096,21,5,10,10
263,275758173,1044947,30,266841600,4096,21,5,10,10
263,275758173,1044947,31,205421056,65536,21,3,10,10
264,276803120,1051271,0,124285696,4096,51,11,6,6
264,276803120,1051271,1,107522048,16384,29,5,6,6
264,276803120,1051271,2,118522112,16384,24,4,6,6
264,276803120,1051271,3,40937216,16384,15,3,6,6
264,276803120,1051271,4,46669568,65536,15,3,6,6
264,276803120,1051271,5,48260352,16384,15,3,6,6
264,276803120,1051271,6,114355712,4096,15,3,6,6
264,276803120,1051271,7,117424640,65536,15,3,6,6
264,276803120,1051271,8,118538752,16384,15,3,6,6
264,276803120,1051271,9,216999424,16384,15,3,6,6
264,276803120,1051271,10,218046720,16384,15,3,6,6
264,276803120,1051271,11,240064768,65536,15,3,6,6
264,276803120,1051271,12,250573824,16384,15,3,6,6
264,276803120,1051271,13,238991872,16384,12,2,6,6
264,276803120,1051271,14,73457664,4096,10,2,6,6
264,276803120,1051271,15,104910592,4096,10,2,6,6
264,276803120,1051271,16,199193088,4096,5,1,6,6
264,276803120,1051271,17,234293504,1024,5,1,6,6
264,276803120,1051271,18,33055744,1024,3,1,6,6
264,276803120,1051271,19,118534400,4096,24,4,6,6
264,276803120,1051271,20,46694144,16384,15,3,6,6
264,276803120,1051271,21,114355712,16384,15,3,6,6
264,276803120,1051271,22,239004160,4096,12,2,6,6
264,276803120,1051271,23,239007232,1024,12,2,6,6
264,276803120,1051271,24,73460736,1024,10,2,6,6
264,276803120,1051271,25,107529728,1024,8,2,6,6
264,276803120,1051271,26,107528192,4096,5,1,6,6
264,276803120,1051271,27,237961728,16384,5,1,6,6
264,276803120,1051271,28,115397120,1024,3,1,6,6
265,277854391,1046147,0,13641728,16384,54,8,9,9
265,277854391,1046147,1,1048320,65536,45,7,9,9
265,277854391,1046147,2,2097920,16384,45,7,9,9
265,277854391,1046147,3,4129792,65536,45,7,9,9
265,277854391,1046147,4,153052928,65536,45,7,9,9
265,277854391,1046147,5,166741248,4096,45,7,9,9
265,277854391,1046147,6,171420416,65536,45,7,9,9
265,277854391,1046147,7,175045632,65536,45,7,9,9
265,277854391,1046147,8,178227200,16384,45,7,9,9
265,277854391,1046147,9,178243840,16384,42,6,9,9
265,277854391,1046147,10,179786752,65536,42,6,9,9
265,277854391,1046147,11,180343296,65536,42,6,9,9
265,277854391,1046147,12,182438400,65536,42,6,9,9
265,277854391,1046147,13,196540416,65536,42,6,9,9
265,277854391,1046147,14,16732160,65536,33,5,9,9
265,277854391,1046147,15,121671680,4096,28,6,9,9
265,277854391,1046147,16,165691136,1024,27,7,9,9
265,277854391,1046147,17,19943424,16384,27,5,9,9
265,277854391,1046147,18,156263424,16384,27,5,9,9
265,277854391,1046147,19,151548160,4096,23,5,9,9
265,277854391,1046147,20,159407872,1024,13,3,9,9
265,277854391,1046147,21,16797952,16384,12,2,9,9
265,277854391,1046147,22,272595968,16384,12,2,9,9
265,277854391,1046147,23,138449408,256,10,2,9,9
265,277854391,1046147,24,27812352,4096,5,1,9,9
265,277854391,1046147,25,34107136,4096,5,1,9,9
265,277854391,1046147,26,146842112,4096,5,1,9,9
265,277854391,1046147,27,156259072,4096,5,1,9,9
265,277854391,1046147,28,159930880,4096,5,1,9,9
265,277854391,1046147,29,166214656,4096,5,1,9,9
265,277854391,1046147,30,181910016,4096,5,1,9,9
265,277854391,1046147,31,11543296,256,4,2,9,9
266,278900538,1050154,0,2097920,16384,69,11,9,9
266,278900538,1050154,1,1048320,65536,48,8,9,9
266,278900538,1050154,2,4129792,65536,48,8,9,9
266,278900538,1050154,3,153052928,65536,48,8,9,9
266,278900538,1050154,4,166741248,4096,48,8,9,9
266,278900538,1050154,5,171420416,65536,48,8,9,9
266,278900538,1050154,6,175045632,65536,48,8,9,9
266,278900538,1050154,7,178227200,16384,48,8,9,9
266,278900538,1050154,8,121674752,1024,13,3,9,9
266,278900538,1050154,9,151548160,4096,10,2,9,9
266,278900538,1050154,10,165688064,4096,10,2,9,9
266,278900538,1050154,11,164123136,1024,8,2,9,9
266,278900538,1050154,12,16271616,4096,5,1,9,9
266,278900538,1050154,13,16797952,4096,5,1,9,9
266,278900538,1050154,14,27812352,4096,5,1,9,9
266,278900538,1050154,15,83940352,4096,5,1,9,9
266,278900538,1050154,16,156259072,4096,5,1,9,9
266,278900538,1050154,17,180343296,4096,5,1,9,9
266,278900538,1050154,18,523520,1024,3,1,9,9
266,278900538,1050154,19,34637312,1024,3,1,9,9
266,278900538,1050154,20,37260032,1024,3,1,9,9
266,278900538,1050154,21,1540096,65536,48,8,9,9
266,278900538,1050154,22,166741248,16384,48,8,9,9
266,278900538,1050154,23,166741248,65536,48,8,9,9
266,278900538,1050154,24,178239488,4096,48,8,9,9
266,278900538,1050154,25,2097920,4096,21,3,9,9
266,278900538,1050154,26,2097920,65536,21,3,9,9
266,278900538,1050154,27,121671680,4096,10,2,9,9
266,278900538,1050154,28,121675520,256,10,2,9,9
266,278900538,1050154,29,151549696,1024,10,2,9,9
266,278900538,1050154,30,165691136,1024,10,2,9,9
266,278900538,1050154,31,164123392,256,8,2,9,9
267,279950692,1054372,0,278900736,65536,47,7,9,9
267,279950692,1054372,1,1048320,65536,24,4,9,9
267,279950692,1054372,2,2097920,16384,24,4,9,9
267,279950692,1054372,3,4129792,65536,24,4,9,9
267,279950692,1054372,4,153052928,65536,24,4,9,9
267,279950692,1054372,5,166741248,4096,24,4,9,9
267,279950692,1054372,6,171420416,65536,24,4,9,9
267,279950692,1054372,7,175045632,65536,24,4,9,9
267,279950692,1054372,8,178227200,16384,24,4,9,9
267,279950692,1054372,9,183486976,65536,21,3,9,9
267,279950692,1054372,10,16797952,4096,18,4,9,9
267,279950692,1054372,11,16271616,4096,13,3,9,9
267,279950692,1054372,12,27812352,4096,13,3,9,9
267,279950692,1054372,13,156259072,4096,13,3,9,9
267,279950692,1054372,14,121671680,4096,10,2,9,9
267,279950692,1054372,15,22035456,4096,8,2,9,9
267,279950692,1054372,16,83940352,4096,6,2,9,9
267,279950692,1054372,17,180343296,4096,6,2,9,9
267,279950692,1054372,18,146842112,4096,5,1,9,9
267,279950692,1054372,19,151548160,4096,5,1,9,9
267,279950692,1054372,20,159930880,4096,5,1,9,9
267,279950692,1054372,21,165688064,4096,5,1,9,9
267,279950692,1054372,22,166214656,4096,5,1,9,9
267,279950692,1054372,23,181910016,4096,5,1,9,9
267,279950692,1054372,24,34637312,1024,3,1,9,9
267,279950692,1054372,25,278900736,16384,36,6,9,9
267,279950692,1054372,26,1540096,65536,24,4,9,9
267,279950692,1054372,27,166741248,16384,24,4,9,9
267,279950692,1054372,28,166741248,65536,24,4,9,9
267,279950692,1054372,29,178239488,4096,24,4,9,9
267,279950692,1054372,30,279417344,16384,15,3,9,9
267,279950692,1054372,31,27813888,1024,13,3,9,9
268,281005064,1051686,0,278900736,65536,45,7,9,9
268,281005064,1051686,1,16271616,4096,15,3,9,9
268,281005064,1051686,2,16797952,4096,15,3,9,9
268,281005064,1051686,3,27812352,4096,15,3,9,9
268,281005064,1051686,4,156259072,4096,15,3,9,9
268,281005064,1051686,5,174590464,4096,15,3,9,9
268,281005064,1051686,6,523520,1024,6,2,9,9
268,281005064,1051686,7,121674752,1024,6,2,9,9
268,281005064,1051686,8,164123136,1024,5,1,9,9
268,281005064,1051686,9,179296000,256,3,1,9,9
268,281005064,1051686,10,281004032,1024,3,1,9,9
268,281005064,1051686,11,12591104,256,1,1,9,9
268,281005064,1051686,12,28339456,256,1,1,9,9
268,281005064,1051686,13,278900736,16384,39,7,9,9
268,281005064,1051686,14,279417344,16384,39,7,9,9
268,281005064,1051686,15,279946496,4096,33,7,9,9
268,281005064,1051686,16,27813888,1024,15,3,9,9
268,281005064,1051686,17,279934208,16384,12,2,9,9
268,281005064,1051686,18,523776,256,6,2,9,9
268,281005064,1051686,19,164123392,256,5,1,9,9
268,281005064,1051686,20,179296000,1024,3,1,9,9
268,281005064,1051686,21,12591104,1024,1,1,9,9
269,282056750,1050551,0,278900736,16384,16,4,9,9
269,282056750,1050551,1,16797952,4096,10,2,9,9
269,282056750,1050551,2,16271616,4096,5,1,9,9
269,282056750,1050551,3,27812352,4096,5,1,9,9
269,282056750,1050551,4,120628224,4096,5,1,9,9
269,282056750,1050551,5,146842112,4096,5,1,9,9
269,282056750,1050551,6,156259072,4096,5,1,9,9
269,282056750,1050551,7,159930880,4096,5,1,9,9
269,282056750,1050551,8,166214656,4096,5,1,9,9
269,282056750,1050551,9,174590464,4096,5,1,9,9
269,282056750,1050551,10,181910016,4096,5,1,9,9
269,282056750,1050551,11,37260032,1024,4,2,9,9
269,282056750,1050551,12,83940352,4096,3,1,9,9
269,282056750,1050551,13,180343296,4096,3,1,9,9
269,282056750,1050551,14,279417344,16384,16,4,9,9
269,282056750,1050551,15,27813888,1024,5,1,9,9
269,282056750,1050551,16,121671680,4096,5,1,9,9
269,282056750,1050551,17,174073856,256,3,1,9,9
269,282056750,1050551,18,174073856,1024,3,1,9,9
269,282056750,1050551,19,180864000,1024,3,1,9,9
270,283107301,1048462,0,16797952,4096,33,7,9,9
270,283107301,1048462,1,121671680,4096,28,6,9,9
270,283107301,1048462,2,1048320,65536,24,4,9,9
270,283107301,1048462,3,2097920,16384,24,4,9,9
270,283107301,1048462,4,4129792,65536,24,4,9,9
270,283107301,1048462,5,153052928,65536,24,4,9,9
270,283107301,1048462,6,166741248,4096,24,4,9,9
270,283107301,1048462,7,171420416,65536,24,4,9,9
270,283107301,1048462,8,175045632,65536,24,4,9,9
270,283107301,1048462,9,178227200,16384,24,4,9,9
270,283107301,1048462,10,156259072,4096,23,5,9,9
270,283107301,1048462,11,173025280,65536,21,3,9,9
270,283107301,1048462,12,16271616,4096,18,4,9,9
270,283107301,1048462,13,27812352,4096,18,4,9,9
270,283107301,1048462,14,146842112,4096,15,3,9,9
270,283107301,1048462,15,159930880,4096,15,3,9,9
270,283107301,1048462,16,166214656,4096,15,3,9,9
270,283107301,1048462,17,181910016,4096,15,3,9,9
270,283107301,1048462,18,151548160,4096,13,3,9,9
270,283107301,1048462,19,165688064,4096,13,3,9,9
270,283107301,1048462,20,34107136,4096,5,1,9,9
270,283107301,1048462,21,138449408,256,5,1,9,9
270,283107301,1048462,22,523520,1024,3,1,9,9
270,283107301,1048462,23,37260032,1024,3,1,9,9
270,283107301,1048462,24,164123136,1024,3,1,9,9
270,283107301,1048462,25,170926592,4096,3,1,9,9
270,283107301,1048462,26,186097664,1024,3,1,9,9
270,283107301,1048462,27,12591104,256,1,1,9,9
270,283107301,1048462,28,22039808,256,1,1,9,9
270,283107301,1048462,29,25193472,256,1,1,9,9
270,283107301,1048462,30,28339456,256,1,1,9,9
270,283107301,1048462,31,277854464,256,1,1,9,9
271,284155763,1047232,0,16797952,4096,49,11,9,9
271,284155763,1047232,1,121671680,4096,39,9,9,9
271,284155763,1047232,2,156259072,4096,33,7,9,9
271,284155763,1047232,3,0,4096,27,5,9,9
271,284155763,1047232,4,146842112,4096,26,6,9,9
271,284155763,1047232,5,159930880,4096,26,6,9,9
271,284155763,1047232,6,166214656,4096,26,6,9,9
271,284155763,1047232,7,181910016,4096,26,6,9,9
271,284155763,1047232,8,1048320,65536,24,4,9,9
271,284155763,1047232,9,2097920,16384,24,4,9,9
271,284155763,1047232,10,4129792,65536,24,4,9,9
271,284155763,1047232,11,153052928,65536,24,4,9,9
271,284155763,1047232,12,166741248,4096,24,4,9,9
271,284155763,1047232,13,171420416,65536,24,4,9,9
271,284155763,1047232,14,175045632,65536,24,4,9,9
271,284155763,1047232,15,178227200,16384,24,4,9,9
271,284155763,1047232,16,16271616,4096,23,5,9,9
271,284155763,1047232,17,27812352,4096,23,5,9,9
271,284155763,1047232,18,34107136,4096,18,4,9,9
271,284155763,1047232,19,13641728,16384,17,3,9,9
271,284155763,1047232,20,282549248,65536,16,4,9,9
271,284155763,1047232,21,138449408,256,13,3,9,9
271,284155763,1047232,22,151548160,4096,13,3,9,9
271,284155763,1047232,23,165688064,4096,13,3,9,9
271,284155763,1047232,24,178243840,16384,12,2,9,9
271,284155763,1047232,25,179786752,65536,12,2,9,9
271,284155763,1047232,26,180343296,65536,12,2,9,9
271,284155763,1047232,27,182438400,65536,12,2,9,9
271,284155763,1047232,28,196540416,65536,12,2,9,9
271,284155763,1047232,29,279934208,16384,8,2,9,9
271,284155763,1047232,30,83940352,4096,7,3,9,9
271,284155763,1047232,31,24139264,256,6,2,9,9
272,285202995,1046489,0,1048320,65536,75,15,9,9
272,285202995,1046489,1,2097920,16384,75,15,9,9
272,285202995,1046489,2,4129792,65536,75,15,9,9
272,285202995,1046489,3,153052928,65536,75,15,9,9
272,285202995,1046489,4,166741248,4096,75,15,9,9
272,285202995,1046489,5,171420416,65536,75,15,9,9
272,285202995,1046489,6,175045632,65536,75,15,9,9
272,285202995,1046489,7,178227200,16384,75,15,9,9
272,285202995,1046489,8,16797952,4096,56,14,9,9
272,285202995,1046489,9,121671680,4096,52,12,9,9
272,285202995,1046489,10,146842112,4096,32,8,9,9
272,285202995,1046489,11,159930880,4096,32,8,9,9
272,285202995,1046489,12,166214656,4096,32,8,9,9
272,285202995,1046489,13,181910016,4096,32,8,9,9
272,285202995,1046489,14,0,4096,26,6,9,9
272,285202995,1046489,15,16271616,4096,24,6,9,9
272,285202995,1046489,16,27812352,4096,24,6,9,9
272,285202995,1046489,17,156259072,4096,24,6,9,9
272,285202995,1046489,18,173025280,65536,21,3,9,9
272,285202995,1046489,19,151548160,4096,20,4,9,9
272,285202995,1046489,20,165688064,4096,20,4,9,9
272,285202995,1046489,21,13641728,16384,15,3,9,9
272,285202995,1046489,22,272595968,16384,15,3,9,9
272,285202995,1046489,23,83940352,4096,11,3,9,9
272,285202995,1046489,24,180343296,4096,11,3,9,9
272,285202995,1046489,25,24139264,256,9,3,9,9
272,285202995,1046489,26,164123136,1024,9,3,9,9
272,285202995,1046489,27,194999552,256,9,3,9,9
272,285202995,1046489,28,37260032,1024,7,3,9,9
272,285202995,1046489,29,138449408,256,5,1,9,9
272,285202995,1046489,30,279934208,16384,5,1,9,9
272,285202995,1046489,31,285198848,4096,5,1,9,9
273,286249484,1050273,0,42968832,65536,73,13,10,10
273,286249484,1050273,1,209117952,65536,73,13,10,10
273,286249484,1050273,2,223297536,65536,73,13,10,10
273,286249484,1050273,3,225376768,16384,73,13,10,10
273,286249484,1050273,4,232704256,16384,73,13,10,10
273,286249484,1050273,5,235802112,65536,73,13,10,10
273,286249484,1050273,6,257355520,65536,73,13,10,10
273,286249484,1050273,7,257912832,16384,73,13,10,10
273,286249484,1050273,8,259476736,16384,73,13,10,10
273,286249484,1050273,9,260525824,16384,73,13,10,10
273,286249484,1050273,10,43556352,4096,32,8,10,10
273,286249484,1050273,11,53000448,4096,32,8,10,10
273,286249484,1050273,12,70309120,4096,32,8,10,10
273,286249484,1050273,13,143158272,4096,32,8,10,10
273,286249484,1050273,14,203385344,4096,32,8,10,10
273,286249484,1050273,15,229584640,4096,32,8,10,10
273,286249484,1050273,16,266841600,4096,32,8,10,10
273,286249484,1050273,17,90757632,4096,15,3,10,10
273,286249484,1050273,18,176164096,1024,15,3,10,10
273,286249484,1050273,19,263175424,1024,15,3,10,10
273,286249484,1050273,20,5759488,16384,12,2,10,10
273,286249484,1050273,21,64530688,16384,12,2,10,10
273,286249484,1050273,22,82362624,16384,12,2,10,10
273,286249484,1050273,23,102809600,4096,12,2,10,10
273,286249484,1050273,24,207561472,16384,12,2,10,10
273,286249484,1050273,25,246371584,4096,12,2,10,10
273,286249484,1050273,26,189754112,4096,9,3,10,10
273,286249484,1050273,27,62435328,1024,8,4,10,10
273,286249484,1050273,28,71359232,1024,8,4,10,10
273,286249484,1050273,29,98095360,1024,8,4,10,10
273,286249484,1050273,30,111731456,1024,8,4,10,10
273,286249484,1050273,31,66113280,4096,8,2,10,10
274,287299757,1055750,0,258944000,16384,117,19,10,10
274,287299757,1055750,1,42968832,65536,69,11,10,10
274,287299757,1055750,2,209117952,65536,69,11,10,10
274,287299757,1055750,3,223297536,65536,69,11,10,10
274,287299757,1055750,4,225376768,16384,69,11,10,10
274,287299757,1055750,5,232704256,16384,69,11,10,10
274,287299757,1055750,6,235802112,65536,69,11,10,10
274,287299757,1055750,7,257355520,65536,69,11,10,10
274,287299757,1055750,8,259476736,16384,69,11,10,10
274,287299757,1055750,9,260525824,16384,69,11,10,10
274,287299757,1055750,10,56115712,65536,48,8,10,10
274,287299757,1055750,11,62403072,65536,48,8,10,10
274,287299757,1055750,12,212266240,65536,48,8,10,10
274,287299757,1055750,13,223231744,65536,48,8,10,10
274,287299757,1055750,14,226376448,65536,48,8,10,10
274,287299757,1055750,15,245326848,65536,48,8,10,10
274,287299757,1055750,16,254771968,65536,48,8,10,10
274,287299757,1055750,17,270447360,65536,48,8,10,10
274,287299757,1055750,18,5759488,16384,39,7,10,10
274,287299757,1055750,19,64530688,16384,39,7,10,10
274,287299757,1055750,20,82362624,16384,39,7,10,10
274,287299757,1055750,21,102809600,4096,39,7,10,10
274,287299757,1055750,22,143152128,16384,39,7,10,10
274,287299757,1055750,23,43556352,4096,36,8,10,10
274,287299757,1055750,24,53000448,4096,36,8,10,10
274,287299757,1055750,25,70309120,4096,36,8,10,10
274,287299757,1055750,26,203385344,4096,36,8,10,10
274,287299757,1055750,27,229584640,4096,36,8,10,10
274,287299757,1055750,28,266841600,4096,36,8,10,10
274,287299757,1055750,29,86021632,16384,20,4,10,10
274,287299757,1055750,30,127956224,1024,20,4,10,10
274,287299757,1055750,31,276786688,16384,20,4,10,10
275,288355507,1053024,0,288338944,16384,153,27,10,10
275,288355507,1053024,1,258944000,16384,54,8,10,10
275,288355507,1053024,2,263175424,4096,45,9,10,10
275,288355507,1053024,3,56115712,65536,42,6,10,10
275,288355507,1053024,4,62403072,65536,42,6,10,10
275,288355507,1053024,5,212266240,65536,42,6,10,10
275,288355507,1053024,6,223231744,65536,42,6,10,10
275,288355507,1053024,7,226376448,65536,42,6,10,10
275,288355507,1053024,8,245326848,65536,42,6,10,10
275,288355507,1053024,9,254771968,65536,42,6,10,10
275,288355507,1053024,10,270447360,65536,42,6,10,10
275,288355507,1053024,11,143680512,4096,31,7,10,10
275,288355507,1053024,12,42508288,4096,26,6,10,10
275,288355507,1053024,13,90757632,4096,21,5,10,10
275,288355507,1053024,14,176164096,1024,21,5,10,10
275,288355507,1053024,15,230104064,4096,21,5,10,10
275,288355507,1053024,16,57165568,65536,21,3,10,10
275,288355507,1053024,17,66604800,65536,21,3,10,10
275,288355507,1053024,18,241116672,65536,21,3,10,10
275,288355507,1053024,19,250016768,65536,21,3,10,10
275,288355507,1053024,20,275692544,65536,21,3,10,10
275,288355507,1053024,21,276737536,65536,21,3,10,10
275,288355507,1053024,22,5759488,16384,17,3,10,10
275,288355507,1053024,23,64530688,16384,17,3,10,10
275,288355507,1053024,24,82362624,16384,17,3,10,10
275,288355507,1053024,25,102809600,4096,17,3,10,10
275,288355507,1053024,26,208625920,4096,17,3,10,10
275,288355507,1053024,27,95459072,16384,12,2,10,10
275,288355507,1053024,28,223297536,65536,12,2,10,10
275,288355507,1053024,29,225376768,16384,12,2,10,10
275,288355507,1053024,30,232704256,16384,12,2,10,10
275,288355507,1053024,31,235802112,65536,12,2,10,10
276,289408531,1048397,0,258944000,16384,96,16,10,10
276,289408531,1048397,1,42508288,4096,75,17,10,10
276,289408531,1048397,2,288355584,16384,69,11,10,10
276,289408531,1048397,3,223297536,65536,57,9,10,10
276,289408531,1048397,4,225376768,16384,57,9,10,10
276,289408531,1048397,5,232704256,16384,57,9,10,10
276,289408531,1048397,6,235802112,65536,57,9,10,10
276,289408531,1048397,7,257355520,65536,57,9,10,10
276,289408531,1048397,8,259476736,16384,57,9,10,10
276,289408531,1048397,9,260525824,16384,57,9,10,10
276,289408531,1048397,10,287819264,16384,57,9,10,10
276,289408531,1048397,11,143680512,4096,55,13,10,10
276,289408531,1048397,12,90757632,4096,45,11,10,10
276,289408531,1048397,13,176164096,1024,45,11,10,10
276,289408531,1048397,14,230104064,4096,45,11,10,10
276,289408531,1048397,15,263175424,1024,45,11,10,10
276,289408531,1048397,16,56115712,65536,39,7,10,10
276,289408531,1048397,17,62403072,65536,39,7,10,10
276,289408531,1048397,18,212266240,65536,39,7,10,10
276,289408531,1048397,19,223231744,65536,39,7,10,10
276,289408531,1048397,20,226376448,65536,39,7,10,10
276,289408531,1048397,21,245326848,65536,39,7,10,10
276,289408531,1048397,22,254771968,65536,39,7,10,10
276,289408531,1048397,23,270447360,65536,39,7,10,10
276,289408531,1048397,24,5759488,16384,32,6,10,10
276,289408531,1048397,25,64530688,16384,32,6,10,10
276,289408531,1048397,26,82362624,16384,32,6,10,10
276,289408531,1048397,27,102809600,4096,32,6,10,10
276,289408531,1048397,28,208625920,4096,32,6,10,10
276,289408531,1048397,29,43556352,4096,30,6,10,10
276,289408531,1048397,30,53000448,4096,30,6,10,10
276,289408531,1048397,31,70309120,4096,30,6,10,10
277,290456928,1049059,0,47719680,65536,104,16,6,6
277,290456928,1049059,1,104353536,65536,104,16,6,6
277,290456928,1049059,2,105897472,65536,104,16,6,6
277,290456928,1049059,3,109043456,65536,104,16,6,6
277,290456928,1049059,4,119580160,65536,104,16,6,6
277,290456928,1049059,5,214903552,16384,104,16,6,6
277,290456928,1049059,6,219110656,65536,104,16,6,6
277,290456928,1049059,7,246375936,16384,104,16,6,6
277,290456928,1049059,8,277788672,65536,104,16,6,6
277,290456928,1049059,9,40937216,16384,36,6,6,6
277,290456928,1049059,10,46669568,65536,36,6,6,6
277,290456928,1049059,11,114355712,16384,36,6,6,6
277,290456928,1049059,12,117424640,65536,36,6,6,6
277,290456928,1049059,13,118538752,16384,36,6,6,6
277,290456928,1049059,14,216999424,16384,36,6,6,6
277,290456928,1049059,15,218046720,16384,36,6,6,6
277,290456928,1049059,16,240064768,65536,36,6,6,6
277,290456928,1049059,17,250573824,16384,36,6,6,6
277,290456928,1049059,18,73457664,4096,20,4,6,6
277,290456928,1049059,19,124285696,4096,18,4,6,6
277,290456928,1049059,20,107522048,16384,15,3,6,6
277,290456928,1049059,21,118522112,16384,15,3,6,6
277,290456928,1049059,22,190790400,16384,12,2,6,6
277,290456928,1049059,23,33055744,1024,4,2,6,6
277,290456928,1049059,24,62961920,256,3,1,6,6
277,290456928,1049059,25,264226048,256,3,1,6,6
277,290456928,1049059,26,214915840,4096,104,16,6,6
277,290456928,1049059,27,246375936,65536,104,16,6,6
277,290456928,1049059,28,46694144,16384,36,6,6,6
277,290456928,1049059,29,48260352,16384,36,6,6,6
277,290456928,1049059,30,277295872,65536,36,6,6,6
277,290456928,1049059,31,73460736,1024,20,4,6,6
278,291505987,1066143,0,40937216,16384,24,4,6,6
278,291505987,1066143,1,46669568,65536,24,4,6,6
278,291505987,1066143,2,48260352,16384,24,4,6,6
278,291505987,1066143,3,114355712,16384,24,4,6,6
278,291505987,1066143,4,117424640,65536,24,4,6,6
278,291505987,1066143,5,118538752,16384,24,4,6,6
278,291505987,1066143,6,216999424,16384,24,4,6,6
278,291505987,1066143,7,218046720,16384,24,4,6,6
278,291505987,1066143,8,240064768,65536,24,4,6,6
278,291505987,1066143,9,250573824,16384,24,4,6,6
278,291505987,1066143,10,277295872,65536,24,4,6,6
278,291505987,1066143,11,73457664,4096,20,4,6,6
278,291505987,1066143,12,104910592,4096,20,4,6,6
278,291505987,1066143,13,124285696,4096,19,5,6,6
278,291505987,1066143,14,199193088,4096,18,4,6,6
278,291505987,1066143,15,290973184,16384,12,2,6,6
278,291505987,1066143,16,107522048,16384,5,1,6,6
278,291505987,1066143,17,118522112,16384,5,1,6,6
278,291505987,1066143,18,46694144,16384,24,4,6,6
278,291505987,1066143,19,73460736,1024,20,4,6,6
278,291505987,1066143,20,118534400,4096,5,1,6,6
279,292572130,1047800,0,42508288,4096,71,19,10,10
279,292572130,1047800,1,258944000,16384,66,10,10,10
279,292572130,1047800,2,208609280,16384,60,10,10,10
279,292572130,1047800,3,143680512,4096,57,15,10,10
279,292572130,1047800,4,223297536,65536,45,7,10,10
279,292572130,1047800,5,225376768,16384,45,7,10,10
279,292572130,1047800,6,232704256,16384,45,7,10,10
279,292572130,1047800,7,235802112,65536,45,7,10,10
279,292572130,1047800,8,257355520,65536,45,7,10,10
279,292572130,1047800,9,259476736,16384,45,7,10,10
279,292572130,1047800,10,260525824,16384,45,7,10,10
279,292572130,1047800,11,287819264,16384,45,7,10,10
279,292572130,1047800,12,90757632,4096,44,12,10,10
279,292572130,1047800,13,176164096,1024,44,12,10,10
279,292572130,1047800,14,230104064,4096,44,12,10,10
279,292572130,1047800,15,263175424,1024,44,12,10,10
279,292572130,1047800,16,43556352,4096,27,7,10,10
279,292572130,1047800,17,53000448,4096,27,7,10,10
279,292572130,1047800,18,70309120,4096,27,7,10,10
279,292572130,1047800,19,203385344,4096,27,7,10,10
279,292572130,1047800,20,266841600,4096,27,7,10,10
279,292572130,1047800,21,56115712,65536,21,3,10,10
279,292572130,1047800,22,62403072,65536,21,3,10,10
279,292572130,1047800,23,98619904,65536,21,3,10,10
279,292572130,1047800,24,110650368,65536,21,3,10,10
279,292572130,1047800,25,212266240,65536,21,3,10,10
279,292572130,1047800,26,223231744,65536,21,3,10,10
279,292572130,1047800,27,226376448,65536,21,3,10,10
279,292572130,1047800,28,245326848,65536,21,3,10,10
279,292572130,1047800,29,254771968,65536,21,3,10,10
279,292572130,1047800,30,270447360,65536,21,3,10,10
279,292572130,1047800,31,66113280,4096,13,3,10,10
280,293619930,1048338,0,258944000,16384,49,9,10,10
280,293619930,1048338,1,57165568,65536,42,6,10,10
280,293619930,1048338,2,66604800,65536,42,6,10,10
280,293619930,1048338,3,241116672,65536,42,6,10,10
280,293619930,1048338,4,250016768,65536,42,6,10,10
280,293619930,1048338,5,275692544,65536,42,6,10,10
280,293619930,1048338,6,276737536,65536,42,6,10,10
280,293619930,1048338,7,143680512,4096,39,9,10,10
280,293619930,1048338,8,56115712,65536,37,7,10,10
280,293619930,1048338,9,62403072,65536,37,7,10,10
280,293619930,1048338,10,212266240,65536,37,7,10,10
280,293619930,1048338,11,223231744,65536,37,7,10,10
280,293619930,1048338,12,226376448,65536,37,7,10,10
280,293619930,1048338,13,245326848,65536,37,7,10,10
280,293619930,1048338,14,254771968,65536,37,7,10,10
280,293619930,1048338,15,270447360,65536,37,7,10,10
280,293619930,1048338,16,42508288,4096,36,8,10,10
280,293619930,1048338,17,90757632,4096,26,6,10,10
280,293619930,1048338,18,176164096,1024,26,6,10,10
280,293619930,1048338,19,230104064,4096,26,6,10,10
280,293619930,1048338,20,263175424,1024,26,6,10,10
280,293619930,1048338,21,5759488,16384,24,4,10,10
280,293619930,1048338,22,64530688,16384,24,4,10,10
280,293619930,1048338,23,82362624,16384,24,4,10,10
280,293619930,1048338,24,102809600,4096,24,4,10,10
280,293619930,1048338,25,208625920,4096,24,4,10,10
280,293619930,1048338,26,293093888,4096,22,4,10,10
280,293619930,1048338,27,100715776,1024,19,7,10,10
280,293619930,1048338,28,243223040,256,13,3,10,10
280,293619930,1048338,29,99667200,256,12,4,10,10
280,293619930,1048338,30,54574848,16384,12,2,10,10
280,293619930,1048338,31,208609280,16384,12,2,10,10
281,294668268,1048970,0,107522048,16384,44,8,6,6
281,294668268,1048970,1,40937216,16384,40,8,6,6
281,294668268,1048970,2,46669568,65536,40,8,6,6
281,294668268,1048970,3,48260352,16384,40,8,6,6
281,294668268,1048970,4,114355712,16384,40,8,6,6
281,294668268,1048970,5,117424640,65536,40,8,6,6
281,294668268,1048970,6,118538752,16384,40,8,6,6
281,294668268,1048970,7,216999424,16384,40,8,6,6
281,294668268,1048970,8,218046720,16384,40,8,6,6
281,294668268,1048970,9,240064768,65536,40,8,6,6
281,294668268,1048970,10,250573824,16384,40,8,6,6
281,294668268,1048970,11,277295872,65536,40,8,6,6
281,294668268,1048970,12,237961728,16384,24,4,6,6
281,294668268,1048970,13,73457664,4096,23,5,6,6
281,294668268,1048970,14,104910592,4096,23,5,6,6
281,294668268,1048970,15,118522112,16384,20,4,6,6
281,294668268,1048970,16,124285696,4096,20,4,6,6
281,294668268,1048970,17,104353536,65536,16,4,6,6
281,294668268,1048970,18,109043456,65536,16,4,6,6
281,294668268,1048970,19,119580160,65536,16,4,6,6
281,294668268,1048970,20,214903552,16384,16,4,6,6
281,294668268,1048970,21,219110656,65536,16,4,6,6
281,294668268,1048970,22,246375936,16384,16,4,6,6
281,294668268,1048970,23,234293504,1024,8,2,6,6
281,294668268,1048970,24,123762944,1024,7,3,6,6
281,294668268,1048970,25,33055744,1024,3,1,6,6
281,294668268,1048970,26,62961920,256,3,1,6,6
281,294668268,1048970,27,31484928,256,1,1,6,6
281,294668268,1048970,28,50375168,256,1,1,6,6
281,294668268,1048970,29,200769280,1024,1,1,6,6
281,294668268,1048970,30,46694144,16384,40,8,6,6
281,294668268,1048970,31,107528192,4096,24,4,6,6
282,295717238,1048109,0,258944000,16384,117,21,10,10
282,295717238,1048109,1,42968832,65536,84,16,10,10
282,295717238,1048109,2,223297536,65536,84,16,10,10
282,295717238,1048109,3,225376768,16384,84,16,10,10
282,295717238,1048109,4,232704256,16384,84,16,10,10
282,295717238,1048109,5,235802112,65536,84,16,10,10
282,295717238,1048109,6,257355520,65536,84,16,10,10
282,295717238,1048109,7,259476736,16384,84,16,10,10
282,295717238,1048109,8,260525824,16384,84,16,10,10
282,295717238,1048109,9,287819264,16384,84,16,10,10
282,295717238,1048109,10,143680512,4096,42,12,10,10
282,295717238,1048109,11,43556352,4096,42,10,10,10
282,295717238,1048109,12,53000448,4096,42,10,10,10
282,295717238,1048109,13,70309120,4096,42,10,10,10
282,295717238,1048109,14,203385344,4096,42,10,10,10
282,295717238,1048109,15,229584640,4096,42,10,10,10
282,295717238,1048109,16,266841600,4096,42,10,10,10
282,295717238,1048109,17,293093888,4096,42,10,10,10
282,295717238,1048109,18,90757632,4096,33,9,10,10
282,295717238,1048109,19,176164096,1024,33,9,10,10
282,295717238,1048109,20,263175424,1024,33,9,10,10
282,295717238,1048109,21,56115712,65536,33,5,10,10
282,295717238,1048109,22,62403072,65536,33,5,10,10
282,295717238,1048109,23,212266240,65536,33,5,10,10
282,295717238,1048109,24,223231744,65536,33,5,10,10
282,295717238,1048109,25,226376448,65536,33,5,10,10
282,295717238,1048109,26,245326848,65536,33,5,10,10
282,295717238,1048109,27,254771968,65536,33,5,10,10
282,295717238,1048109,28,270447360,65536,33,5,10,10
282,295717238,1048109,29,200241408,4096,28,6,10,10
282,295717238,1048109,30,172959488,65536,25,5,10,10
282,295717238,1048109,31,57165568,65536,21,3,10,10
283,296765347,1050257,0,107522048,16384,28,6,6,6
283,296765347,1050257,1,234293504,1024,21,5,6,6
283,296765347,1050257,2,115398400,65536,21,3,6,6
283,296765347,1050257,3,216950272,65536,21,3,6,6
283,296765347,1050257,4,199193088,4096,18,4,6,6
283,296765347,1050257,5,118522112,16384,16,4,6,6
283,296765347,1050257,6,124285696,4096,15,3,6,6
283,296765347,1050257,7,40937216,16384,12,2,6,6
283,296765347,1050257,8,46669568,65536,12,2,6,6
283,296765347,1050257,9,48260352,16384,12,2,6,6
283,296765347,1050257,10,114355712,16384,12,2,6,6
283,296765347,1050257,11,117424640,65536,12,2,6,6
283,296765347,1050257,12,118538752,16384,12,2,6,6
283,296765347,1050257,13,218046720,16384,12,2,6,6
283,296765347,1050257,14,237961728,16384,12,2,6,6
283,296765347,1050257,15,240064768,65536,12,2,6,6
283,296765347,1050257,16,250573824,16384,12,2,6,6
283,296765347,1050257,17,277295872,65536,12,2,6,6
283,296765347,1050257,18,264226048,256,6,2,6,6
283,296765347,1050257,19,33055744,1024,5,1,6,6
283,296765347,1050257,20,295192064,1024,3,1,6,6
283,296765347,1050257,21,118534400,4096,16,4,6,6
283,296765347,1050257,22,107529728,1024,15,3,6,6
283,296765347,1050257,23,46694144,16384,12,2,6,6
283,296765347,1050257,24,107528192,4096,12,2,6,6
283,296765347,1050257,25,216999424,16384,12,2,6,6
283,296765347,1050257,26,250573824,4096,8,2,6,6
283,296765347,1050257,27,264226048,1024,6,2,6,6
283,296765347,1050257,28,115397120,1024,5,1,6,6
283,296765347,1050257,29,277328128,1024,5,1,6,6
284,297815604,1048908,0,107522048,16384,49,9,6,6
284,297815604,1048908,1,118522112,16384,49,9,6,6
284,297815604,1048908,2,199193088,4096,42,10,6,6
284,297815604,1048908,3,73457664,4096,33,9,6,6
284,297815604,1048908,4,104910592,4096,33,9,6,6
284,297815604,1048908,5,190790400,16384,27,5,6,6
284,297815604,1048908,6,40937216,16384,25,5,6,6
284,297815604,1048908,7,46669568,65536,25,5,6,6
284,297815604,1048908,8,48260352,16384,25,5,6,6
284,297815604,1048908,9,117424640,65536,25,5,6,6
284,297815604,1048908,10,118538752,16384,25,5,6,6
284,297815604,1048908,11,216999424,16384,25,5,6,6
284,297815604,1048908,12,218046720,16384,25,5,6,6
284,297815604,1048908,13,240064768,65536,25,5,6,6
284,297815604,1048908,14,250573824,16384,25,5,6,6
284,297815604,1048908,15,277295872,65536,25,5,6,6
284,297815604,1048908,16,296765440,65536,25,5,6,6
284,297815604,1048908,17,104353536,65536,21,3,6,6
284,297815604,1048908,18,109043456,65536,21,3,6,6
284,297815604,1048908,19,115398400,65536,21,3,6,6
284,297815604,1048908,20,119580160,65536,21,3,6,6
284,297815604,1048908,21,214903552,16384,21,3,6,6
284,297815604,1048908,22,219110656,65536,21,3,6,6
284,297815604,1048908,23,246375936,16384,21,3,6,6
284,297815604,1048908,24,295651584,65536,21,3,6,6
284,297815604,1048908,25,124285696,4096,20,4,6,6
284,297815604,1048908,26,33055744,1024,14,4,6,6
284,297815604,1048908,27,115397120,1024,14,4,6,6
284,297815604,1048908,28,234293504,1024,9,3,6,6
284,297815604,1048908,29,264226048,256,3,1,6,6
284,297815604,1048908,30,118534400,4096,49,9,6,6
284,297815604,1048908,31,73460736,1024,33,9,6,6
285,298864512,1045862,0,107522048,16384,28,6,6,6
285,298864512,1045862,1,40937216,16384,24,4,6,6
285,298864512,1045862,2,46694144,16384,24,4,6,6
285,298864512,1045862,3,48260352,16384,24,4,6,6
285,298864512,1045862,4,117424640,65536,24,4,6,6
285,298864512,1045862,5,118538752,16384,24,4,6,6
285,298864512,1045862,6,216999424,16384,24,4,6,6
285,298864512,1045862,7,218046720,16384,24,4,6,6
285,298864512,1045862,8,240064768,65536,24,4,6,6
285,298864512,1045862,9,250573824,16384,24,4,6,6
285,298864512,1045862,10,277295872,65536,24,4,6,6
285,298864512,1045862,11,296765440,65536,24,4,6,6
285,298864512,1045862,12,298798848,65536,24,4,6,6
285,298864512,1045862,13,118522112,16384,16,4,6,6
285,298864512,1045862,14,124285696,4096,16,4,6,6
285,298864512,1045862,15,190280448,4096,13,3,6,6
285,298864512,1045862,16,199193088,4096,13,3,6,6
285,298864512,1045862,17,72413184,16384,12,2,6,6
285,298864512,1045862,18,237961728,16384,12,2,6,6
285,298864512,1045862,19,104910592,4096,8,2,6,6
285,298864512,1045862,20,247429376,1024,5,1,6,6
285,298864512,1045862,21,295192064,1024,4,2,6,6
285,298864512,1045862,22,118534400,4096,16,4,6,6
285,298864512,1045862,23,47228416,16384,12,2,6,6
285,298864512,1045862,24,107528192,4096,12,2,6,6
285,298864512,1045862,25,107529728,1024,12,2,6,6
285,298864512,1045862,26,73457664,4096,8,2,6,6
285,298864512,1045862,27,73460736,1024,8,2,6,6
285,298864512,1045862,28,218062080,1024,3,1,6,6
285,298864512,1045862,29,298339584,1024,3,1,6,6
286,299910374,1047569,0,40937216,16384,48,8,6,6
286,299910374,1047569,1,46694144,16384,48,8,6,6
286,299910374,1047569,2,48260352,16384,48,8,6,6
286,299910374,1047569,3,117424640,65536,48,8,6,6
286,299910374,1047569,4,118538752,16384,48,8,6,6
286,299910374,1047569,5,216999424,16384,48,8,6,6
286,299910374,1047569,6,218046720,16384,48,8,6,6
286,299910374,1047569,7,240064768,65536,48,8,6,6
286,299910374,1047569,8,250573824,16384,48,8,6,6
286,299910374,1047569,9,277295872,65536,48,8,6,6
286,299910374,1047569,10,296765440,65536,48,8,6,6
286,299910374,1047569,11,298798848,65536,48,8,6,6
286,299910374,1047569,12,104353536,65536,37,7,6,6
286,299910374,1047569,13,105897472,65536,37,7,6,6
286,299910374,1047569,14,109043456,65536,37,7,6,6
286,299910374,1047569,15,119580160,65536,37,7,6,6
286,299910374,1047569,16,214903552,16384,37,7,6,6
286,299910374,1047569,17,219110656,65536,37,7,6,6
286,299910374,1047569,18,246375936,16384,37,7,6,6
286,299910374,1047569,19,295651584,65536,37,7,6,6
286,299910374,1047569,20,107522048,16384,30,6,6,6
286,299910374,1047569,21,118522112,16384,15,3,6,6
286,299910374,1047569,22,237961728,16384,15,3,6,6
286,299910374,1047569,23,124285696,4096,14,4,6,6
286,299910374,1047569,24,73457664,4096,10,2,6,6
286,299910374,1047569,25,190280448,4096,9,3,6,6
286,299910374,1047569,26,234293504,1024,5,1,6,6
286,299910374,1047569,27,61385216,4096,3,1,6,6
286,299910374,1047569,28,199193088,4096,3,1,6,6
286,299910374,1047569,29,62961920,256,1,1,6,6
286,299910374,1047569,30,47719680,65536,37,7,6,6
286,299910374,1047569,31,214915840,4096,37,7,6,6
287,300957943,1050959,0,40937216,16384,24,4,6,6
287,300957943,1050959,1,46694144,16384,24,4,6,6
287,300957943,1050959,2,48260352,16384,24,4,6,6
287,300957943,1050959,3,117424640,65536,24,4,6,6
287,300957943,1050959,4,118538752,16384,24,4,6,6
287,300957943,1050959,5,216999424,16384,24,4,6,6
287,300957943,1050959,6,218046720,16384,24,4,6,6
287,300957943,1050959,7,240064768,65536,24,4,6,6
287,300957943,1050959,8,250573824,16384,24,4,6,6
287,300957943,1050959,9,277295872,65536,24,4,6,6
287,300957943,1050959,10,296765440,65536,24,4,6,6
287,300957943,1050959,11,298798848,65536,24,4,6,6
287,300957943,1050959,12,104353536,65536,21,3,6,6
287,300957943,1050959,13,105897472,65536,21,3,6,6
287,300957943,1050959,14,109043456,65536,21,3,6,6
287,300957943,1050959,15,119580160,65536,21,3,6,6
287,300957943,1050959,16,214903552,16384,21,3,6,6
287,300957943,1050959,17,219110656,65536,21,3,6,6
287,300957943,1050959,18,246375936,16384,21,3,6,6
287,300957943,1050959,19,295651584,65536,21,3,6,6
287,300957943,1050959,20,73457664,4096,19,5,6,6
287,300957943,1050959,21,199193088,4096,18,4,6,6
287,300957943,1050959,22,299910400,256,13,3,6,6
287,300957943,1050959,23,124285696,4096,10,2,6,6
287,300957943,1050959,24,33055744,1024,9,3,6,6
287,300957943,1050959,25,115397120,1024,9,3,6,6
287,300957943,1050959,26,234293504,1024,6,2,6,6
287,300957943,1050959,27,107529728,1024,3,1,6,6
287,300957943,1050959,28,264226048,256,3,1,6,6
287,300957943,1050959,29,31484928,256,1,1,6,6
287,300957943,1050959,30,50375168,256,1,1,6,6
287,300957943,1050959,31,47719680,65536,21,3,6,6
288,302008902,1050078,0,42508288,4096,30,6,10,10
288,302008902,1050078,1,43556352,4096,25,5,10,10
288,302008902,1050078,2,53000448,4096,25,5,10,10
288,302008902,1050078,3,70309120,4096,25,5,10,10
288,302008902,1050078,4,143158272,4096,25,5,10,10
288,302008902,1050078,5,203385344,4096,25,5,10,10
288,302008902,1050078,6,229584640,4096,25,5,10,10
288,302008902,1050078,7,234820096,4096,25,5,10,10
288,302008902,1050078,8,266841600,4096,25,5,10,10
288,302008902,1050078,9,293093888,4096,25,5,10,10
288,302008902,1050078,10,66113280,4096,20,4,10,10
288,302008902,1050078,11,243223040,256,20,4,10,10
288,302008902,1050078,12,257912832,4096,20,4,10,10
288,302008902,1050078,13,223297536,65536,15,3,10,10
288,302008902,1050078,14,225376768,16384,15,3,10,10
288,302008902,1050078,15,232704256,16384,15,3,10,10
288,302008902,1050078,16,257355520,65536,15,3,10,10
288,302008902,1050078,17,259476736,16384,15,3,10,10
288,302008902,1050078,18,260525824,16384,15,3,10,10
288,302008902,1050078,19,287819264,16384,15,3,10,10
288,302008902,1050078,20,127430912,1024,13,3,10,10
288,302008902,1050078,21,87087872,4096,10,2,10,10
288,302008902,1050078,22,67686144,1024,9,3,10,10
288,302008902,1050078,23,222772736,1024,8,2,10,10
288,302008902,1050078,24,55098368,1024,6,2,10,10
288,302008902,1050078,25,99667200,256,6,2,10,10
288,302008902,1050078,26,100715776,1024,6,2,10,10
288,302008902,1050078,27,275233536,1024,6,2,10,10
288,302008902,1050078,28,276802048,1024,6,2,10,10
288,302008902,1050078,29,90757632,4096,5,1,10,10
288,302008902,1050078,30,176164096,1024,5,1,10,10
288,302008902,1050078,31,209142528,16384,5,1,10,10
289,303058980,1048563,0,42508288,4096,54,12,10,10
289,303058980,1048563,1,223297536,65536,37,7,10,10
289,303058980,1048563,2,225376768,16384,37,7,10,10
289,303058980,1048563,3,232704256,16384,37,7,10,10
289,303058980,1048563,4,235802112,65536,37,7,10,10
289,303058980,1048563,5,257355520,65536,37,7,10,10
289,303058980,1048563,6,257912832,16384,37,7,10,10
289,303058980,1048563,7,259476736,16384,37,7,10,10
289,303058980,1048563,8,260525824,16384,37,7,10,10
289,303058980,1048563,9,287819264,16384,37,7,10,10
289,303058980,1048563,10,293093888,4096,36,8,10,10
289,303058980,1048563,11,43556352,4096,31,7,10,10
289,303058980,1048563,12,53000448,4096,31,7,10,10
289,303058980,1048563,13,70309120,4096,31,7,10,10
289,303058980,1048563,14,143158272,4096,31,7,10,10
289,303058980,1048563,15,203385344,4096,31,7,10,10
289,303058980,1048563,16,229584640,4096,31,7,10,10
289,303058980,1048563,17,266841600,4096,31,7,10,10
289,303058980,1048563,18,90757632,4096,23,5,10,10
289,303058980,1048563,19,176164096,1024,23,5,10,10
289,303058980,1048563,20,263175424,1024,23,5,10,10
289,303058980,1048563,21,127430912,1024,10,4,10,10
289,303058980,1048563,22,93870848,65536,9,1,10,10
289,303058980,1048563,23,55096832,4096,8,2,10,10
289,303058980,1048563,24,69260544,1024,8,2,10,10
289,303058980,1048563,25,204438784,4096,8,2,10,10
289,303058980,1048563,26,66113280,4096,5,1,10,10
289,303058980,1048563,27,200241408,4096,5,1,10,10
289,303058980,1048563,28,208609280,16384,5,1,10,10
289,303058980,1048563,29,243223040,256,5,1,10,10
289,303058980,1048563,30,67686144,1024,3,1,10,10
289,303058980,1048563,31,71359232,1024,3,1,10,10
290,304107543,1056502,0,166214656,4096,27,5,9,9
290,304107543,1056502,1,16732160,65536,25,5,9,9
290,304107543,1056502,2,16797952,4096,25,5,9,9
290,304107543,1056502,3,13641728,16384,24,4,9,9
290,304107543,1056502,4,121119232,65536,21,3,9,9
290,304107543,1056502,5,173025280,65536,21,3,9,9
290,304107543,1056502,6,146842112,4096,15,3,9,9
290,304107543,1056502,7,157804288,65536,15,3,9,9
290,304107543,1056502,8,159930880,4096,15,3,9,9
290,304107543,1056502,9,181910016,4096,15,3,9,9
290,304107543,1056502,10,1048320,65536,12,2,9,9
290,304107543,1056502,11,2097920,16384,12,2,9,9
290,304107543,1056502,12,4129792,65536,12,2,9,9
290,304107543,1056502,13,19943424,16384,12,2,9,9
290,304107543,1056502,14,153052928,65536,12,2,9,9
290,304107543,1056502,15,156263424,16384,12,2,9,9
290,304107543,1056502,16,166741248,4096,12,2,9,9
290,304107543,1056502,17,171420416,65536,12,2,9,9
290,304107543,1056502,18,175045632,65536,12,2,9,9
290,304107543,1056502,19,178227200,16384,12,2,9,9
290,304107543,1056502,20,178243840,16384,12,2,9,9
290,304107543,1056502,21,179786752,65536,12,2,9,9
290,304107543,1056502,22,180343296,65536,12,2,9,9
290,304107543,1056502,23,182438400,65536,12,2,9,9
290,304107543,1056502,24,196540416,65536,12,2,9,9
290,304107543,1056502,25,272595968,16384,12,2,9,9
290,304107543,1056502,26,284671232,16384,12,2,9,9
290,304107543,1056502,27,27812352,4096,10,2,9,9
290,304107543,1056502,28,34107136,4096,10,2,9,9
290,304107543,1056502,29,156259072,4096,10,2,9,9
290,304107543,1056502,30,164123136,1024,9,3,9,9
290,304107543,1056502,31,83940352,4096,8,2,9,9
291,305164045,1049572,0,47719680,65536,21,3,6,6
291,305164045,1049572,1,104353536,65536,21,3,6,6
291,305164045,1049572,2,105897472,65536,21,3,6,6
291,305164045,1049572,3,109043456,65536,21,3,6,6
291,305164045,1049572,4,119580160,65536,21,3,6,6
291,305164045,1049572,5,214903552,16384,21,3,6,6
291,305164045,1049572,6,219110656,65536,21,3,6,6
291,305164045,1049572,7,246375936,16384,21,3,6,6
291,305164045,1049572,8,277788672,65536,21,3,6,6
291,305164045,1049572,9,295651584,65536,21,3,6,6
291,305164045,1049572,10,124285696,4096,20,4,6,6
291,305164045,1049572,11,299910400,256,18,4,6,6
291,305164045,1049572,12,40937216,16384,15,3,6,6
291,305164045,1049572,13,46694144,16384,15,3,6,6
291,305164045,1049572,14,117424640,65536,15,3,6,6
291,305164045,1049572,15,118538752,16384,15,3,6,6
291,305164045,1049572,16,216999424,16384,15,3,6,6
291,305164045,1049572,17,218046720,16384,15,3,6,6
291,305164045,1049572,18,240064768,65536,15,3,6,6
291,305164045,1049572,19,250573824,16384,15,3,6,6
291,305164045,1049572,20,296765440,65536,15,3,6,6
291,305164045,1049572,21,298798848,65536,15,3,6,6
291,305164045,1049572,22,107522048,16384,12,2,6,6
291,305164045,1049572,23,237961728,16384,12,2,6,6
291,305164045,1049572,24,73457664,4096,10,2,6,6
291,305164045,1049572,25,190280448,4096,5,1,6,6
291,305164045,1049572,26,199193088,4096,5,1,6,6
291,305164045,1049572,27,214915840,4096,21,3,6,6
291,305164045,1049572,28,246375936,65536,21,3,6,6
291,305164045,1049572,29,299910400,1024,18,4,6,6
291,305164045,1049572,30,299910400,4096,18,4,6,6
291,305164045,1049572,31,48260352,16384,15,3,6,6
292,306213617,1058085,0,42968832,65536,36,6,10,10
292,306213617,1058085,1,225376768,16384,36,6,10,10
292,306213617,1058085,2,232704256,16384,36,6,10,10
292,306213617,1058085,3,235802112,65536,36,6,10,10
292,306213617,1058085,4,257355520,65536,36,6,10,10
292,306213617,1058085,5,257912832,16384,36,6,10,10
292,306213617,1058085,6,259476736,16384,36,6,10,10
292,306213617,1058085,7,260525824,16384,36,6,10,10
292,306213617,1058085,8,287819264,16384,36,6,10,10
292,306213617,1058085,9,304091136,16384,36,6,10,10
292,306213617,1058085,10,143680512,4096,33,7,10,10
292,306213617,1058085,11,66113280,4096,23,5,10,10
292,306213617,1058085,12,243223040,256,23,5,10,10
292,306213617,1058085,13,43556352,4096,15,3,10,10
292,306213617,1058085,14,53000448,4096,15,3,10,10
292,306213617,1058085,15,70309120,4096,15,3,10,10
292,306213617,1058085,16,203385344,4096,15,3,10,10
292,306213617,1058085,17,229584640,4096,15,3,10,10
292,306213617,1058085,18,266841600,4096,15,3,10,10
292,306213617,1058085,19,276802048,1024,15,3,10,10
292,306213617,1058085,20,293093888,4096,15,3,10,10
292,306213617,1058085,21,207561472,16384,14,4,10,10
292,306213617,1058085,22,5759488,16384,12,2,10,10
292,306213617,1058085,23,64530688,16384,12,2,10,10
292,306213617,1058085,24,82362624,16384,12,2,10,10
292,306213617,1058085,25,86021632,16384,12,2,10,10
292,306213617,1058085,26,102809600,4096,12,2,10,10
292,306213617,1058085,27,125302784,65536,12,2,10,10
292,306213617,1058085,28,127956224,1024,12,2,10,10
292,306213617,1058085,29,208625920,4096,12,2,10,10
292,306213617,1058085,30,71359232,1024,11,5,10,10
292,306213617,1058085,31,269464832,256,11,3,10,10
293,307271702,1043472,0,42968832,65536,48,8,10,10
293,307271702,1043472,1,232704256,16384,48,8,10,10
293,307271702,1043472,2,235802112,65536,48,8,10,10
293,307271702,1043472,3,257355520,65536,48,8,10,10
293,307271702,1043472,4,257912832,16384,48,8,10,10
293,307271702,1043472,5,259476736,16384,48,8,10,10
293,307271702,1043472,6,260525824,16384,48,8,10,10
293,307271702,1043472,7,287819264,16384,48,8,10,10
293,307271702,1043472,8,304091136,16384,48,8,10,10
293,307271702,1043472,9,306213632,65536,48,8,10,10
293,307271702,1043472,10,143680512,4096,26,6,10,10
293,307271702,1043472,11,200241408,4096,22,6,10,10
293,307271702,1043472,12,276802048,1024,22,6,10,10
293,307271702,1043472,13,43556352,4096,21,5,10,10
293,307271702,1043472,14,53000448,4096,21,5,10,10
293,307271702,1043472,15,70309120,4096,21,5,10,10
293,307271702,1043472,16,203385344,4096,21,5,10,10
293,307271702,1043472,17,229584640,4096,21,5,10,10
293,307271702,1043472,18,266841600,4096,21,5,10,10
293,307271702,1043472,19,293093888,4096,21,5,10,10
293,307271702,1043472,20,66113280,4096,13,3,10,10
293,307271702,1043472,21,90757632,4096,13,3,10,10
293,307271702,1043472,22,176164096,1024,13,3,10,10
293,307271702,1043472,23,243223040,256,13,3,10,10
293,307271702,1043472,24,263175424,1024,13,3,10,10
293,307271702,1043472,25,86021632,16384,12,2,10,10
293,307271702,1043472,26,94411520,16384,12,2,10,10
293,307271702,1043472,27,127956224,1024,12,2,10,10
293,307271702,1043472,28,214920192,16384,12,2,10,10
293,307271702,1043472,29,67686144,1024,8,2,10,10
293,307271702,1043472,30,275233536,1024,8,2,10,10
293,307271702,1043472,31,89185024,1024,7,3,10,10
294,308315174,1045071,0,143680512,4096,28,6,10,10
294,308315174,1045071,1,56115712,65536,24,4,10,10
294,308315174,1045071,2,62403072,65536,24,4,10,10
294,308315174,1045071,3,212266240,65536,24,4,10,10
294,308315174,1045071,4,223231744,65536,24,4,10,10
294,308315174,1045071,5,226376448,65536,24,4,10,10
294,308315174,1045071,6,245326848,65536,24,4,10,10
294,308315174,1045071,7,254771968,65536,24,4,10,10
294,308315174,1045071,8,258894848,65536,24,4,10,10
294,308315174,1045071,9,270447360,65536,24,4,10,10
294,308315174,1045071,10,127430912,1024,20,6,10,10
294,308315174,1045071,11,66113280,4096,15,3,10,10
294,308315174,1045071,12,243223040,256,15,3,10,10
294,308315174,1045071,13,42508288,4096,13,3,10,10
294,308315174,1045071,14,90757632,4096,13,3,10,10
294,308315174,1045071,15,176164096,1024,13,3,10,10
294,308315174,1045071,16,230104064,4096,13,3,10,10
294,308315174,1045071,17,263175424,1024,13,3,10,10
294,308315174,1045071,18,86021632,16384,12,2,10,10
294,308315174,1045071,19,127956224,1024,12,2,10,10
294,308315174,1045071,20,276786688,16384,12,2,10,10
294,308315174,1045071,21,36208640,1024,6,2,10,10
294,308315174,1045071,22,84466432,1024,6,2,10,10
294,308315174,1045071,23,99667200,256,6,2,10,10
294,308315174,1045071,24,100715776,1024,6,2,10,10
294,308315174,1045071,25,87087872,4096,5,1,10,10
294,308315174,1045071,26,71359232,1024,4,2,10,10
294,308315174,1045071,27,98095360,1024,4,2,10,10
294,308315174,1045071,28,111731456,1024,4,2,10,10
294,308315174,1045071,29,67686144,1024,3,1,10,10
294,308315174,1045071,30,69260544,1024,3,1,10,10
294,308315174,1045071,31,86038272,256,3,1,10,10
295,309360245,1044800,0,258944000,16384,75,13,10,10
295,309360245,1044800,1,42968832,65536,39,7,10,10
295,309360245,1044800,2,232704256,16384,39,7,10,10
295,309360245,1044800,3,235802112,65536,39,7,10,10
295,309360245,1044800,4,257355520,65536,39,7,10,10
295,309360245,1044800,5,259476736,16384,39,7,10,10
295,309360245,1044800,6,260525824,16384,39,7,10,10
295,309360245,1044800,7,287819264,16384,39,7,10,10
295,309360245,1044800,8,304091136,16384,39,7,10,10
295,309360245,1044800,9,306213632,65536,39,7,10,10
295,309360245,1044800,10,56115712,65536,36,6,10,10
295,309360245,1044800,11,62403072,65536,36,6,10,10
295,309360245,1044800,12,86021632,16384,36,6,10,10
295,309360245,1044800,13,127956224,1024,36,6,10,10
295,309360245,1044800,14,212266240,65536,36,6,10,10
295,309360245,1044800,15,223231744,65536,36,6,10,10
295,309360245,1044800,16,226376448,65536,36,6,10,10
295,309360245,1044800,17,245326848,65536,36,6,10,10
295,309360245,1044800,18,254771968,65536,36,6,10,10
295,309360245,1044800,19,270447360,65536,36,6,10,10
295,309360245,1044800,20,276786688,16384,36,6,10,10
295,309360245,1044800,21,143680512,4096,29,7,10,10
295,309360245,1044800,22,87087872,4096,23,5,10,10
295,309360245,1044800,23,66113280,4096,15,3,10,10
295,309360245,1044800,24,243223040,256,15,3,10,10
295,309360245,1044800,25,90757632,4096,14,4,10,10
295,309360245,1044800,26,176164096,1024,14,4,10,10
295,309360245,1044800,27,230104064,4096,14,4,10,10
295,309360245,1044800,28,263175424,1024,14,4,10,10
295,309360245,1044800,29,98619904,65536,12,2,10,10
295,309360245,1044800,30,110650368,65536,12,2,10,10
295,309360245,1044800,31,247430656,16384,12,2,10,10
296,310405045,1048323,0,57165568,65536,46,8,10,10
296,310405045,1048323,1,66604800,65536,46,8,10,10
296,310405045,1048323,2,241116672,65536,46,8,10,10
296,310405045,1048323,3,250016768,65536,46,8,10,10
296,310405045,1048323,4,275692544,65536,46,8,10,10
296,310405045,1048323,5,276737536,65536,46,8,10,10
296,310405045,1048323,6,5759488,16384,39,7,10,10
296,310405045,1048323,7,64530688,16384,39,7,10,10
296,310405045,1048323,8,82362624,16384,39,7,10,10
296,310405045,1048323,9,102809600,4096,39,7,10,10
296,310405045,1048323,10,143152128,16384,39,7,10,10
296,310405045,1048323,11,208625920,4096,39,7,10,10
296,310405045,1048323,12,258944000,16384,33,5,10,10
296,310405045,1048323,13,93870848,65536,25,5,10,10
296,310405045,1048323,14,42508288,4096,23,5,10,10
296,310405045,1048323,15,36176384,65536,21,3,10,10
296,310405045,1048323,16,56115712,65536,21,3,10,10
296,310405045,1048323,17,58214912,65536,21,3,10,10
296,310405045,1048323,18,62403072,65536,21,3,10,10
296,310405045,1048323,19,87579392,65536,21,3,10,10
296,310405045,1048323,20,212266240,65536,21,3,10,10
296,310405045,1048323,21,223231744,65536,21,3,10,10
296,310405045,1048323,22,226376448,65536,21,3,10,10
296,310405045,1048323,23,230073344,65536,21,3,10,10
296,310405045,1048323,24,245326848,65536,21,3,10,10
296,310405045,1048323,25,254771968,65536,21,3,10,10
296,310405045,1048323,26,270447360,65536,21,3,10,10
296,310405045,1048323,27,263175424,1024,16,4,10,10
296,310405045,1048323,28,90757632,4096,13,3,10,10
296,310405045,1048323,29,176164096,1024,13,3,10,10
296,310405045,1048323,30,232704256,16384,12,2,10,10
296,310405045,1048323,31,235802112,65536,12,2,10,10
297,311453368,1048121,0,258944000,16384,102,18,10,10
297,311453368,1048121,1,42968832,65536,87,15,10,10
297,311453368,1048121,2,232704256,16384,87,15,10,10
297,311453368,1048121,3,235802112,65536,87,15,10,10
297,311453368,1048121,4,257355520,65536,87,15,10,10
297,311453368,1048121,5,259476736,16384,87,15,10,10
297,311453368,1048121,6,260525824,16384,87,15,10,10
297,311453368,1048121,7,287819264,16384,87,15,10,10
297,311453368,1048121,8,304091136,16384,87,15,10,10
297,311453368,1048121,9,306213632,65536,87,15,10,10
297,311453368,1048121,10,143680512,4096,46,12,10,10
297,311453368,1048121,11,66113280,4096,24,6,10,10
297,311453368,1048121,12,243223040,256,24,6,10,10
297,311453368,1048121,13,90757632,4096,22,6,10,10
297,311453368,1048121,14,176164096,1024,22,6,10,10
297,311453368,1048121,15,230104064,4096,22,6,10,10
297,311453368,1048121,16,263175424,1024,22,6,10,10
297,311453368,1048121,17,93870848,65536,21,3,10,10
297,311453368,1048121,18,43556352,4096,18,4,10,10
297,311453368,1048121,19,53000448,4096,18,4,10,10
297,311453368,1048121,20,70309120,4096,18,4,10,10
297,311453368,1048121,21,203385344,4096,18,4,10,10
297,311453368,1048121,22,266841600,4096,18,4,10,10
297,311453368,1048121,23,276802048,1024,18,4,10,10
297,311453368,1048121,24,293093888,4096,18,4,10,10
297,311453368,1048121,25,86021632,16384,15,3,10,10
297,311453368,1048121,26,127956224,1024,15,3,10,10
297,311453368,1048121,27,100715776,1024,12,4,10,10
297,311453368,1048121,28,67686144,1024,10,4,10,10
297,311453368,1048121,29,127430912,1024,10,4,10,10
297,311453368,1048121,30,275233536,1024,10,4,10,10
297,311453368,1048121,31,99667200,256,9,3,10,10
298,312501489,1050336,0,258944000,16384,170,26,10,10
298,312501489,1050336,1,56115712,65536,96,14,10,10
298,312501489,1050336,2,62403072,65536,96,14,10,10
298,312501489,1050336,3,212266240,65536,96,14,10,10
298,312501489,1050336,4,223231744,65536,96,14,10,10
298,312501489,1050336,5,226376448,65536,96,14,10,10
298,312501489,1050336,6,245326848,65536,96,14,10,10
298,312501489,1050336,7,254771968,65536,96,14,10,10
298,312501489,1050336,8,270447360,65536,96,14,10,10
298,312501489,1050336,9,42968832,65536,74,12,10,10
298,312501489,1050336,10,232704256,16384,74,12,10,10
298,312501489,1050336,11,235802112,65536,74,12,10,10
298,312501489,1050336,12,257355520,65536,74,12,10,10
298,312501489,1050336,13,259476736,16384,74,12,10,10
298,312501489,1050336,14,260525824,16384,74,12,10,10
298,312501489,1050336,15,287819264,16384,74,12,10,10
298,312501489,1050336,16,304091136,16384,74,12,10,10
298,312501489,1050336,17,306213632,65536,74,12,10,10
298,312501489,1050336,18,5759488,16384,44,8,10,10
298,312501489,1050336,19,64530688,16384,44,8,10,10
298,312501489,1050336,20,82362624,16384,44,8,10,10
298,312501489,1050336,21,102809600,4096,44,8,10,10
298,312501489,1050336,22,143152128,16384,44,8,10,10
298,312501489,1050336,23,208625920,4096,44,8,10,10
298,312501489,1050336,24,43556352,4096,31,7,10,10
298,312501489,1050336,25,53000448,4096,31,7,10,10
298,312501489,1050336,26,70309120,4096,31,7,10,10
298,312501489,1050336,27,203385344,4096,31,7,10,10
298,312501489,1050336,28,229584640,4096,31,7,10,10
298,312501489,1050336,29,266841600,4096,31,7,10,10
298,312501489,1050336,30,293093888,4096,31,7,10,10
298,312501489,1050336,31,98619904,65536,24,4,10,10
299,313551825,1048713,0,42968832,65536,48,8,10,10
299,313551825,1048713,1,232704256,16384,48,8,10,10
299,313551825,1048713,2,235802112,65536,48,8,10,10
299,313551825,1048713,3,257355520,65536,48,8,10,10
299,313551825,1048713,4,257912832,16384,48,8,10,10
299,313551825,1048713,5,259476736,16384,48,8,10,10
299,313551825,1048713,6,260525824,16384,48,8,10,10
299,313551825,1048713,7,287819264,16384,48,8,10,10
299,313551825,1048713,8,304091136,16384,48,8,10,10
299,313551825,1048713,9,306213632,65536,48,8,10,10
299,313551825,1048713,10,143680512,4096,34,8,10,10
299,313551825,1048713,11,90757632,4096,26,6,10,10
299,313551825,1048713,12,176164096,1024,26,6,10,10
299,313551825,1048713,13,230104064,4096,26,6,10,10
299,313551825,1048713,14,263175424,1024,26,6,10,10
299,313551825,1048713,15,286741760,65536,21,3,10,10
299,313551825,1048713,16,5759488,16384,20,4,10,10
299,313551825,1048713,17,64530688,16384,20,4,10,10
299,313551825,1048713,18,82362624,16384,20,4,10,10
299,313551825,1048713,19,102809600,4096,20,4,10,10
299,313551825,1048713,20,208625920,4096,20,4,10,10
299,313551825,1048713,21,43556352,4096,15,3,10,10
299,313551825,1048713,22,53000448,4096,15,3,10,10
299,313551825,1048713,23,70309120,4096,15,3,10,10
299,313551825,1048713,24,203385344,4096,15,3,10,10
299,313551825,1048713,25,266841600,4096,15,3,10,10
299,313551825,1048713,26,293093888,4096,15,3,10,10
299,313551825,1048713,27,313535232,16384,14,4,10,10
299,313551825,1048713,28,86021632,16384,12,2,10,10
299,313551825,1048713,29,127956224,1024,12,2,10,10
299,313551825,1048713,30,276786688,16384,12,2,10,10
299,313551825,1048713,31,62435328,1024,11,5,10,10
300,314600538,1047272,0,314534912,65536,108,20,10,10
300,314600538,1047272,1,42968832,65536,71,13,10,10
300,314600538,1047272,2,235802112,65536,71,13,10,10
300,314600538,1047272,3,257355520,65536,71,13,10,10
300,314600538,1047272,4,257912832,16384,71,13,10,10
300,314600538,1047272,5,259476736,16384,71,13,10,10
300,314600538,1047272,6,260525824,16384,71,13,10,10
300,314600538,1047272,7,287819264,16384,71,13,10,10
300,314600538,1047272,8,304091136,16384,71,13,10,10
300,314600538,1047272,9,306213632,65536,71,13,10,10
300,314600538,1047272,10,143680512,4096,49,11,10,10
300,314600538,1047272,11,5759488,16384,41,7,10,10
300,314600538,1047272,12,64530688,16384,41,7,10,10
300,314600538,1047272,13,82362624,16384,41,7,10,10
300,314600538,1047272,14,102809600,4096,41,7,10,10
300,314600538,1047272,15,208625920,4096,41,7,10,10
300,314600538,1047272,16,90757632,4096,33,7,10,10
300,314600538,1047272,17,176164096,1024,33,7,10,10
300,314600538,1047272,18,230104064,4096,33,7,10,10
300,314600538,1047272,19,263175424,1024,33,7,10,10
300,314600538,1047272,20,86021632,16384,24,4,10,10
300,314600538,1047272,21,127956224,1024,24,4,10,10
300,314600538,1047272,22,276786688,16384,24,4,10,10
300,314600538,1047272,23,66113280,4096,16,4,10,10
300,314600538,1047272,24,243223040,256,16,4,10,10
300,314600538,1047272,25,43556352,4096,13,3,10,10
300,314600538,1047272,26,53000448,4096,13,3,10,10
300,314600538,1047272,27,70309120,4096,13,3,10,10
300,314600538,1047272,28,203385344,4096,13,3,10,10
300,314600538,1047272,29,266841600,4096,13,3,10,10
300,314600538,1047272,30,293093888,4096,13,3,10,10
300,314600538,1047272,31,67686144,1024,6,2,10,10
301,315647810,1056973,0,258944000,16384,45,7,10,10
301,315647810,1056973,1,42508288,4096,42,10,10,10
301,315647810,1056973,2,143680512,4096,42,10,10,10
301,315647810,1056973,3,263175424,1024,25,7,10,10
301,315647810,1056973,4,90757632,4096,24,6,10,10
301,315647810,1056973,5,176164096,1024,24,6,10,10
301,315647810,1056973,6,230104064,4096,24,6,10,10
301,315647810,1056973,7,235802112,65536,24,4,10,10
301,315647810,1056973,8,257355520,65536,24,4,10,10
301,315647810,1056973,9,259476736,16384,24,4,10,10
301,315647810,1056973,10,260525824,16384,24,4,10,10
301,315647810,1056973,11,287819264,16384,24,4,10,10
301,315647810,1056973,12,304091136,16384,24,4,10,10
301,315647810,1056973,13,306213632,65536,24,4,10,10
301,315647810,1056973,14,314534912,65536,24,4,10,10
301,315647810,1056973,15,56115712,65536,21,3,10,10
301,315647810,1056973,16,62403072,65536,21,3,10,10
301,315647810,1056973,17,212266240,65536,21,3,10,10
301,315647810,1056973,18,223231744,65536,21,3,10,10
301,315647810,1056973,19,226376448,65536,21,3,10,10
301,315647810,1056973,20,245326848,65536,21,3,10,10
301,315647810,1056973,21,254771968,65536,21,3,10,10
301,315647810,1056973,22,270447360,65536,21,3,10,10
301,315647810,1056973,23,43556352,4096,18,4,10,10
301,315647810,1056973,24,53000448,4096,18,4,10,10
301,315647810,1056973,25,66113280,4096,18,4,10,10
301,315647810,1056973,26,70309120,4096,18,4,10,10
301,315647810,1056973,27,203385344,4096,18,4,10,10
301,315647810,1056973,28,243223040,256,18,4,10,10
301,315647810,1056973,29,266841600,4096,18,4,10,10
301,315647810,1056973,30,293093888,4096,18,4,10,10
301,315647810,1056973,31,86021632,16384,16,4,10,10
302,316704783,1048305,0,258944000,16384,81,13,10,10
302,316704783,1048305,1,56115712,65536,42,6,10,10
302,316704783,1048305,2,62403072,65536,42,6,10,10
302,316704783,1048305,3,212266240,65536,42,6,10,10
302,316704783,1048305,4,223231744,65536,42,6,10,10
302,316704783,1048305,5,226376448,65536,42,6,10,10
302,316704783,1048305,6,245326848,65536,42,6,10,10
302,316704783,1048305,7,254771968,65536,42,6,10,10
302,316704783,1048305,8,270447360,65536,42,6,10,10
302,316704783,1048305,9,42968832,65536,39,7,10,10
302,316704783,1048305,10,235802112,65536,39,7,10,10
302,316704783,1048305,11,257355520,65536,39,7,10,10
302,316704783,1048305,12,259476736,16384,39,7,10,10
302,316704783,1048305,13,260525824,16384,39,7,10,10
302,316704783,1048305,14,287819264,16384,39,7,10,10
302,316704783,1048305,15,304091136,16384,39,7,10,10
302,316704783,1048305,16,306213632,65536,39,7,10,10
302,316704783,1048305,17,314534912,65536,39,7,10,10
302,316704783,1048305,18,143680512,4096,18,4,10,10
302,316704783,1048305,19,207561472,16384,17,3,10,10
302,316704783,1048305,20,66113280,4096,13,3,10,10
302,316704783,1048305,21,243223040,256,13,3,10,10
302,316704783,1048305,22,43556352,4096,10,2,10,10
302,316704783,1048305,23,53000448,4096,10,2,10,10
302,316704783,1048305,24,70309120,4096,10,2,10,10
302,316704783,1048305,25,203385344,4096,10,2,10,10
302,316704783,1048305,26,229584640,4096,10,2,10,10
302,316704783,1048305,27,266841600,4096,10,2,10,10
302,316704783,1048305,28,293093888,4096,10,2,10,10
302,316704783,1048305,29,71359232,1024,6,2,10,10
302,316704783,1048305,30,87087872,4096,5,1,10,10
302,316704783,1048305,31,90757632,4096,5,1,10,10
303,317753088,1050608,0,56115712,65536,45,7,10,10
303,317753088,1050608,1,62403072,65536,45,7,10,10
303,317753088,1050608,2,212266240,65536,45,7,10,10
303,317753088,1050608,3,223231744,65536,45,7,10,10
303,317753088,1050608,4,226376448,65536,45,7,10,10
303,317753088,1050608,5,245326848,65536,45,7,10,10
303,317753088,1050608,6,254771968,65536,45,7,10,10
303,317753088,1050608,7,258894848,65536,45,7,10,10
303,317753088,1050608,8,270447360,65536,45,7,10,10
303,317753088,1050608,9,86021632,16384,24,4,10,10
303,317753088,1050608,10,127956224,1024,24,4,10,10
303,317753088,1050608,11,276786688,16384,24,4,10,10
303,317753088,1050608,12,143680512,4096,17,5,10,10
303,317753088,1050608,13,42508288,4096,14,4,10,10
303,317753088,1050608,14,90757632,4096,9,3,10,10
303,317753088,1050608,15,176164096,1024,9,3,10,10
303,317753088,1050608,16,230104064,4096,9,3,10,10
303,317753088,1050608,17,263175424,1024,9,3,10,10
303,317753088,1050608,18,66113280,4096,8,2,10,10
303,317753088,1050608,19,218063360,256,8,2,10,10
303,317753088,1050608,20,243223040,256,8,2,10,10
303,317753088,1050608,21,67686144,1024,7,3,10,10
303,317753088,1050608,22,275233536,1024,7,3,10,10
303,317753088,1050608,23,98095360,1024,6,2,10,10
303,317753088,1050608,24,111731456,1024,6,2,10,10
303,317753088,1050608,25,5243648,4096,5,1,10,10
303,317753088,1050608,26,43556352,4096,5,1,10,10
303,317753088,1050608,27,53000448,4096,5,1,10,10
303,317753088,1050608,28,70309120,4096,5,1,10,10
303,317753088,1050608,29,203385344,4096,5,1,10,10
303,317753088,1050608,30,234820096,4096,5,1,10,10
303,317753088,1050608,31,266841600,4096,5,1,10,10
304,318803696,1049520,0,143680512,4096,43,9,10,10
304,318803696,1049520,1,42508288,4096,30,6,10,10
304,318803696,1049520,2,258944000,16384,27,5,10,10
304,318803696,1049520,3,313018368,16384,24,4,10,10
304,318803696,1049520,4,5759488,16384,23,5,10,10
304,318803696,1049520,5,64530688,16384,23,5,10,10
304,318803696,1049520,6,66113280,4096,23,5,10,10
304,318803696,1049520,7,82362624,16384,23,5,10,10
304,318803696,1049520,8,102809600,4096,23,5,10,10
304,318803696,1049520,9,208625920,4096,23,5,10,10
304,318803696,1049520,10,243223040,256,23,5,10,10
304,318803696,1049520,11,90757632,4096,20,4,10,10
304,318803696,1049520,12,176164096,1024,20,4,10,10
304,318803696,1049520,13,230104064,4096,20,4,10,10
304,318803696,1049520,14,263175424,1024,20,4,10,10
304,318803696,1049520,15,235802112,65536,15,3,10,10
304,318803696,1049520,16,257355520,65536,15,3,10,10
304,318803696,1049520,17,259476736,16384,15,3,10,10
304,318803696,1049520,18,260525824,16384,15,3,10,10
304,318803696,1049520,19,287819264,16384,15,3,10,10
304,318803696,1049520,20,304091136,16384,15,3,10,10
304,318803696,1049520,21,306213632,65536,15,3,10,10
304,318803696,1049520,22,314534912,65536,15,3,10,10
304,318803696,1049520,23,56115712,65536,12,2,10,10
304,318803696,1049520,24,62403072,65536,12,2,10,10
304,318803696,1049520,25,86021632,16384,12,2,10,10
304,318803696,1049520,26,94411520,16384,12,2,10,10
304,318803696,1049520,27,127956224,1024,12,2,10,10
304,318803696,1049520,28,212266240,65536,12,2,10,10
304,318803696,1049520,29,223231744,65536,12,2,10,10
304,318803696,1049520,30,226376448,65536,12,2,10,10
304,318803696,1049520,31,245326848,65536,12,2,10,10
305,319853216,1046932,0,143680512,4096,29,7,10,10
305,319853216,1046932,1,42508288,4096,25,5,10,10
305,319853216,1046932,2,98619904,65536,25,5,10,10
305,319853216,1046932,3,110650368,65536,25,5,10,10
305,319853216,1046932,4,312435712,65536,25,5,10,10
305,319853216,1046932,5,82830080,65536,21,3,10,10
305,319853216,1046932,6,67686144,1024,19,9,10,10
305,319853216,1046932,7,90757632,4096,15,3,10,10
305,319853216,1046932,8,176164096,1024,15,3,10,10
305,319853216,1046932,9,230104064,4096,15,3,10,10
305,319853216,1046932,10,263175424,1024,15,3,10,10
305,319853216,1046932,11,276802048,1024,15,3,10,10
305,319853216,1046932,12,275233536,1024,14,6,10,10
305,319853216,1046932,13,66113280,4096,14,4,10,10
305,319853216,1046932,14,243223040,256,14,4,10,10
305,319853216,1046932,15,257912832,4096,14,4,10,10
305,319853216,1046932,16,86021632,16384,12,2,10,10
305,319853216,1046932,17,127956224,1024,12,2,10,10
305,319853216,1046932,18,235802112,65536,12,2,10,10
305,319853216,1046932,19,257355520,65536,12,2,10,10
305,319853216,1046932,20,259476736,16384,12,2,10,10
305,319853216,1046932,21,260525824,16384,12,2,10,10
305,319853216,1046932,22,287819264,16384,12,2,10,10
305,319853216,1046932,23,304091136,16384,12,2,10,10
305,319853216,1046932,24,306213632,65536,12,2,10,10
305,319853216,1046932,25,314534912,65536,12,2,10,10
305,319853216,1046932,26,319320064,16384,12,2,10,10
305,319853216,1046932,27,269464832,256,11,5,10,10
305,319853216,1046932,28,43556352,4096,10,2,10,10
305,319853216,1046932,29,53000448,4096,10,2,10,10
305,319853216,1046932,30,70309120,4096,10,2,10,10
305,319853216,1046932,31,203385344,4096,10,2,10,10
306,320900148,1048934,0,121119232,65536,71,13,9,9
306,320900148,1048934,1,173025280,65536,50,10,9,9
306,320900148,1048934,2,16797952,4096,38,8,9,9
306,320900148,1048934,3,13641728,16384,29,5,9,9
306,320900148,1048934,4,1048320,65536,28,6,9,9
306,320900148,1048934,5,2097920,16384,28,6,9,9
306,320900148,1048934,6,4129792,65536,28,6,9,9
306,320900148,1048934,7,146842112,4096,28,6,9,9
306,320900148,1048934,8,159930880,4096,28,6,9,9
306,320900148,1048934,9,166214656,4096,28,6,9,9
306,320900148,1048934,10,166741248,4096,28,6,9,9
306,320900148,1048934,11,171420416,65536,28,6,9,9
306,320900148,1048934,12,175045632,65536,28,6,9,9
306,320900148,1048934,13,178227200,16384,28,6,9,9
306,320900148,1048934,14,181910016,4096,28,6,9,9
306,320900148,1048934,15,305098496,65536,28,6,9,9
306,320900148,1048934,16,178243840,16384,21,3,9,9
306,320900148,1048934,17,179786752,65536,21,3,9,9
306,320900148,1048934,18,180343296,65536,21,3,9,9
306,320900148,1048934,19,182438400,65536,21,3,9,9
306,320900148,1048934,20,196540416,65536,21,3,9,9
306,320900148,1048934,21,16732160,65536,16,4,9,9
306,320900148,1048934,22,138449408,256,16,4,9,9
306,320900148,1048934,23,27812352,4096,10,2,9,9
306,320900148,1048934,24,34107136,4096,10,2,9,9
306,320900148,1048934,25,156259072,4096,10,2,9,9
306,320900148,1048934,26,272595968,16384,8,2,9,9
306,320900148,1048934,27,151548160,4096,5,1,9,9
306,320900148,1048934,28,165167104,4096,5,1,9,9
306,320900148,1048934,29,188189696,1024,5,1,9,9
306,320900148,1048934,30,0,256,3,1,9,9
306,320900148,1048934,31,121143808,16384,71,13,9,9
307,321949082,1048671,0,1048320,65536,52,10,9,9
307,321949082,1048671,1,2097920,16384,52,10,9,9
307,321949082,1048671,2,4129792,65536,52,10,9,9
307,321949082,1048671,3,166741248,4096,52,10,9,9
307,321949082,1048671,4,171420416,65536,52,10,9,9
307,321949082,1048671,5,175045632,65536,52,10,9,9
307,321949082,1048671,6,178227200,16384,52,10,9,9
307,321949082,1048671,7,305098496,65536,52,10,9,9
307,321949082,1048671,8,16797952,4096,42,10,9,9
307,321949082,1048671,9,13641728,16384,35,7,9,9
307,321949082,1048671,10,272595968,16384,35,7,9,9
307,321949082,1048671,11,121671680,4096,32,8,9,9
307,321949082,1048671,12,146842112,4096,27,7,9,9
307,321949082,1048671,13,159930880,4096,27,7,9,9
307,321949082,1048671,14,166214656,4096,27,7,9,9
307,321949082,1048671,15,181910016,4096,27,7,9,9
307,321949082,1048671,16,16271616,4096,15,3,9,9
307,321949082,1048671,17,27812352,4096,15,3,9,9
307,321949082,1048671,18,34107136,4096,15,3,9,9
307,321949082,1048671,19,156259072,4096,15,3,9,9
307,321949082,1048671,20,138449408,256,13,3,9,9
307,321949082,1048671,21,164123136,1024,13,3,9,9
307,321949082,1048671,22,165691136,1024,8,2,9,9
307,321949082,1048671,23,151548160,4096,5,1,9,9
307,321949082,1048671,24,523520,1024,4,2,9,9
307,321949082,1048671,25,186097664,1024,4,2,9,9
307,321949082,1048671,26,11543296,256,3,1,9,9
307,321949082,1048671,27,163600128,1024,3,1,9,9
307,321949082,1048671,28,283107328,256,3,1,9,9
307,321949082,1048671,29,1540096,65536,52,10,9,9
307,321949082,1048671,30,166741248,16384,52,10,9,9
307,321949082,1048671,31,166741248,65536,52,10,9,9
308,322997753,1041930,0,228518144,16384,60,10,0,0
308,322997753,1041930,1,229057536,4096,37,9,0,0
308,322997753,1041930,2,228534784,65536,21,3,0,0
309,324039683,1045659,0,228518144,16384,49,9,0,0
309,324039683,1045659,1,323510528,16384,49,9,0,0
309,324039683,1045659,2,229057536,4096,23,5,0,0
309,324039683,1045659,3,323485952,65536,21,3,0,0
310,325085342,1046292,0,258944000,16384,72,12,10,10
310,325085342,1046292,1,276802048,1024,65,15,10,10
310,325085342,1046292,2,42968832,65536,51,9,10,10
310,325085342,1046292,3,235802112,65536,51,9,10,10
310,325085342,1046292,4,257355520,65536,51,9,10,10
310,325085342,1046292,5,259476736,16384,51,9,10,10
310,325085342,1046292,6,260525824,16384,51,9,10,10
310,325085342,1046292,7,287819264,16384,51,9,10,10
310,325085342,1046292,8,304091136,16384,51,9,10,10
310,325085342,1046292,9,306213632,65536,51,9,10,10
310,325085342,1046292,10,314534912,65536,51,9,10,10
310,325085342,1046292,11,86021632,16384,48,8,10,10
310,325085342,1046292,12,127956224,1024,48,8,10,10
310,325085342,1046292,13,43556352,4096,28,6,10,10
310,325085342,1046292,14,53000448,4096,28,6,10,10
310,325085342,1046292,15,70309120,4096,28,6,10,10
310,325085342,1046292,16,143158272,4096,28,6,10,10
310,325085342,1046292,17,203385344,4096,28,6,10,10
310,325085342,1046292,18,229584640,4096,28,6,10,10
310,325085342,1046292,19,266841600,4096,28,6,10,10
310,325085342,1046292,20,293093888,4096,28,6,10,10
310,325085342,1046292,21,57165568,65536,24,4,10,10
310,325085342,1046292,22,66604800,65536,24,4,10,10
310,325085342,1046292,23,250016768,65536,24,4,10,10
310,325085342,1046292,24,275692544,65536,24,4,10,10
310,325085342,1046292,25,312993792,65536,24,4,10,10
310,325085342,1046292,26,56115712,65536,21,3,10,10
310,325085342,1046292,27,62403072,65536,21,3,10,10
310,325085342,1046292,28,212266240,65536,21,3,10,10
310,325085342,1046292,29,223231744,65536,21,3,10,10
310,325085342,1046292,30,226376448,65536,21,3,10,10
310,325085342,1046292,31,245326848,65536,21,3,10,10
311,326131634,1050057,0,228518144,16384,60,10,0,0
311,326131634,1050057,1,323510528,16384,60,10,0,0
311,326131634,1050057,2,228534784,65536,21,3,0,0
311,326131634,1050057,3,325019648,65536,21,3,0,0
311,326131634,1050057,4,322997760,65536,21,3,0,0
311,326131634,1050057,5,325068800,16384,21,3,0,0
311,326131634,1050057,6,229057536,4096,14,4,0,0
311,326131634,1050057,7,324561920,1024,3,1,0,0
311,326131634,1050057,8,324562432,256,3,1,0,0
312,327181691,1047663,0,258944000,16384,72,14,10,10
312,327181691,1047663,1,42508288,4096,63,13,10,10
312,327181691,1047663,2,235802112,65536,60,12,10,10
312,327181691,1047663,3,257355520,65536,60,12,10,10
312,327181691,1047663,4,259476736,16384,60,12,10,10
312,327181691,1047663,5,260525824,16384,60,12,10,10
312,327181691,1047663,6,287819264,16384,60,12,10,10
312,327181691,1047663,7,304091136,16384,60,12,10,10
312,327181691,1047663,8,306213632,65536,60,12,10,10
312,327181691,1047663,9,314534912,65536,60,12,10,10
312,327181691,1047663,10,143680512,4096,47,9,10,10
312,327181691,1047663,11,90757632,4096,37,7,10,10
312,327181691,1047663,12,176164096,1024,37,7,10,10
312,327181691,1047663,13,230104064,4096,37,7,10,10
312,327181691,1047663,14,263175424,1024,37,7,10,10
312,327181691,1047663,15,43556352,4096,26,6,10,10
312,327181691,1047663,16,53000448,4096,26,6,10,10
312,327181691,1047663,17,70309120,4096,26,6,10,10
312,327181691,1047663,18,203385344,4096,26,6,10,10
312,327181691,1047663,19,266841600,4096,26,6,10,10
312,327181691,1047663,20,293093888,4096,26,6,10,10
312,327181691,1047663,21,57165568,65536,21,3,10,10
312,327181691,1047663,22,66604800,65536,21,3,10,10
312,327181691,1047663,23,250016768,65536,21,3,10,10
312,327181691,1047663,24,275692544,65536,21,3,10,10
312,327181691,1047663,25,276737536,65536,21,3,10,10
312,327181691,1047663,26,312993792,65536,21,3,10,10
312,327181691,1047663,27,315648000,16384,21,3,10,10
312,327181691,1047663,28,5759488,16384,17,3,10,10
312,327181691,1047663,29,64530688,16384,17,3,10,10
312,327181691,1047663,30,82362624,16384,17,3,10,10
312,327181691,1047663,31,102809600,4096,17,3,10,10
313,328229354,1063245,0,327165184,16384,81,13,0,0
313,328229354,1063245,1,228518144,16384,57,9,0,0
313,328229354,1063245,2,323510528,16384,57,9,0,0
313,328229354,1063245,3,228534784,65536,24,4,0,0
313,328229354,1063245,4,325019648,65536,24,4,0,0
313,328229354,1063245,5,326131712,65536,57,9,0,0
313,328229354,1063245,6,327177472,4096,57,9,0,0
313,328229354,1063245,7,322997760,65536,24,4,0,0
313,328229354,1063245,8,325068800,16384,24,4,0,0
313,328229354,1063245,9,229057536,4096,18,4,0,0
313,328229354,1063245,10,326648320,16384,12,2,0,0
313,328229354,1063245,11,324561920,1024,1,1,0,0
313,328229354,1063245,12,324562432,256,1,1,0,0
314,329292599,1047152,0,1048320,65536,90,14,9,9
314,329292599,1047152,1,2097920,16384,90,14,9,9
314,329292599,1047152,2,4129792,65536,90,14,9,9
314,329292599,1047152,3,166741248,4096,90,14,9,9
314,329292599,1047152,4,171420416,65536,90,14,9,9
314,329292599,1047152,5,175045632,65536,90,14,9,9
314,329292599,1047152,6,178227200,16384,90,14,9,9
314,329292599,1047152,7,305098496,65536,90,14,9,9
314,329292599,1047152,8,13641728,16384,57,9,9,9
314,329292599,1047152,9,16797952,4096,46,10,9,9
314,329292599,1047152,10,178243840,16384,45,7,9,9
314,329292599,1047152,11,179786752,65536,45,7,9,9
314,329292599,1047152,12,180343296,65536,45,7,9,9
314,329292599,1047152,13,182438400,65536,45,7,9,9
314,329292599,1047152,14,196540416,65536,45,7,9,9
314,329292599,1047152,15,283041536,65536,36,6,9,9
314,329292599,1047152,16,16271616,4096,28,6,9,9
314,329292599,1047152,17,27812352,4096,28,6,9,9
314,329292599,1047152,18,156259072,4096,28,6,9,9
314,329292599,1047152,19,322993408,4096,28,6,9,9
314,329292599,1047152,20,121671680,4096,23,5,9,9
314,329292599,1047152,21,146842112,4096,18,4,9,9
314,329292599,1047152,22,159930880,4096,18,4,9,9
314,329292599,1047152,23,166214656,4096,18,4,9,9
314,329292599,1047152,24,181910016,4096,18,4,9,9
314,329292599,1047152,25,272595968,16384,12,2,9,9
314,329292599,1047152,26,165691136,1024,8,2,9,9
314,329292599,1047152,27,186097664,1024,7,3,9,9
314,329292599,1047152,28,83940352,4096,6,2,9,9
314,329292599,1047152,29,138449408,256,5,1,9,9
314,329292599,1047152,30,151548160,4096,5,1,9,9
314,329292599,1047152,31,11543296,256,3,1,9,9
315,330339751,1048265,0,143680512,4096,49,11,10,10
315,330339751,1048265,1,42508288,4096,46,10,10,10
315,330339751,1048265,2,257355520,65536,37,7,10,10
315,330339751,1048265,3,257912832,16384,37,7,10,10
315,330339751,1048265,4,259476736,16384,37,7,10,10
315,330339751,1048265,5,260525824,16384,37,7,10,10
315,330339751,1048265,6,287819264,16384,37,7,10,10
315,330339751,1048265,7,304091136,16384,37,7,10,10
315,330339751,1048265,8,306213632,65536,37,7,10,10
315,330339751,1048265,9,314534912,65536,37,7,10,10
315,330339751,1048265,10,327181824,16384,37,7,10,10
315,330339751,1048265,11,318787072,16384,32,6,10,10
315,330339751,1048265,12,90757632,4096,26,6,10,10
315,330339751,1048265,13,176164096,1024,26,6,10,10
315,330339751,1048265,14,230104064,4096,26,6,10,10
315,330339751,1048265,15,263175424,1024,26,6,10,10
315,330339751,1048265,16,67096576,65536,24,4,10,10
315,330339751,1048265,17,243223040,256,23,5,10,10
315,330339751,1048265,18,43556352,4096,20,4,10,10
315,330339751,1048265,19,53000448,4096,20,4,10,10
315,330339751,1048265,20,70309120,4096,20,4,10,10
315,330339751,1048265,21,203385344,4096,20,4,10,10
315,330339751,1048265,22,234820096,4096,20,4,10,10
315,330339751,1048265,23,266841600,4096,20,4,10,10
315,330339751,1048265,24,293093888,4096,20,4,10,10
315,330339751,1048265,25,247430656,16384,12,2,10,10
315,330339751,1048265,26,100715776,1024,10,4,10,10
315,330339751,1048265,27,127430912,1024,8,2,10,10
315,330339751,1048265,28,225389056,4096,8,2,10,10
315,330339751,1048265,29,55098368,1024,7,3,10,10
315,330339751,1048265,30,99667200,256,6,2,10,10
315,330339751,1048265,31,87087872,4096,5,1,10,10
316,331388016,1052723,0,228518144,16384,63,11,0,0
316,331388016,1052723,1,323510528,16384,63,11,0,0
316,331388016,1052723,2,326131712,65536,63,11,0,0
316,331388016,1052723,3,229057536,4096,30,6,0,0
316,331388016,1052723,4,324561920,1024,3,1,0,0
316,331388016,1052723,5,328229376,256,1,1,0,0
316,331388016,1052723,6,327165184,16384,63,11,0,0
316,331388016,1052723,7,327177472,4096,63,11,0,0
316,331388016,1052723,8,326131712,256,10,4,0,0
316,331388016,1052723,9,326131712,1024,10,4,0,0
316,331388016,1052723,10,326131712,4096,10,4,0,0
316,331388016,1052723,11,324562432,256,3,1,0,0
317,332440739,1039971,0,42968832,65536,51,9,10,10
317,332440739,1039971,1,257355520,65536,51,9,10,10
317,332440739,1039971,2,257912832,16384,51,9,10,10
317,332440739,1039971,3,259476736,16384,51,9,10,10
317,332440739,1039971,4,260525824,16384,51,9,10,10
317,332440739,1039971,5,287819264,16384,51,9,10,10
317,332440739,1039971,6,304091136,16384,51,9,10,10
317,332440739,1039971,7,306213632,65536,51,9,10,10
317,332440739,1039971,8,314534912,65536,51,9,10,10
317,332440739,1039971,9,327181824,16384,51,9,10,10
317,332440739,1039971,10,143680512,4096,28,6,10,10
317,332440739,1039971,11,90757632,4096,23,5,10,10
317,332440739,1039971,12,176164096,1024,23,5,10,10
317,332440739,1039971,13,230104064,4096,23,5,10,10
317,332440739,1039971,14,263175424,1024,23,5,10,10
317,332440739,1039971,15,286741760,65536,21,3,10,10
317,332440739,1039971,16,276802048,1024,19,5,10,10
317,332440739,1039971,17,269464832,256,14,6,10,10
317,332440739,1039971,18,127430912,1024,14,4,10,10
317,332440739,1039971,19,43556352,4096,13,3,10,10
317,332440739,1039971,20,53000448,4096,13,3,10,10
317,332440739,1039971,21,70309120,4096,13,3,10,10
317,332440739,1039971,22,203385344,4096,13,3,10,10
317,332440739,1039971,23,234820096,4096,13,3,10,10
317,332440739,1039971,24,266841600,4096,13,3,10,10
317,332440739,1039971,25,293093888,4096,13,3,10,10
317,332440739,1039971,26,86021632,16384,12,2,10,10
317,332440739,1039971,27,127956224,1024,12,2,10,10
317,332440739,1039971,28,87087872,4096,8,2,10,10
317,332440739,1039971,29,200241408,4096,8,2,10,10
317,332440739,1039971,30,83944704,256,7,3,10,10
317,332440739,1039971,31,89185024,1024,6,2,10,10
318,333480710,1049155,0,143680512,4096,48,10,10,10
318,333480710,1049155,1,86021632,16384,36,6,10,10
318,333480710,1049155,2,127956224,1024,36,6,10,10
318,333480710,1049155,3,276786688,16384,36,6,10,10
318,333480710,1049155,4,42508288,4096,35,7,10,10
318,333480710,1049155,5,66113280,4096,28,6,10,10
318,333480710,1049155,6,243223040,256,28,6,10,10
318,333480710,1049155,7,257912832,4096,28,6,10,10
318,333480710,1049155,8,94411520,16384,24,4,10,10
318,333480710,1049155,9,257355520,65536,24,4,10,10
318,333480710,1049155,10,259476736,16384,24,4,10,10
318,333480710,1049155,11,260525824,16384,24,4,10,10
318,333480710,1049155,12,287819264,16384,24,4,10,10
318,333480710,1049155,13,304091136,16384,24,4,10,10
318,333480710,1049155,14,306213632,65536,24,4,10,10
318,333480710,1049155,15,314534912,65536,24,4,10,10
318,333480710,1049155,16,327181824,16384,24,4,10,10
318,333480710,1049155,17,90757632,4096,20,4,10,10
318,333480710,1049155,18,176164096,1024,20,4,10,10
318,333480710,1049155,19,230104064,4096,20,4,10,10
318,333480710,1049155,20,263175424,1024,20,4,10,10
318,333480710,1049155,21,99667200,256,17,5,10,10
318,333480710,1049155,22,100715776,1024,17,5,10,10
318,333480710,1049155,23,43556352,4096,15,3,10,10
318,333480710,1049155,24,53000448,4096,15,3,10,10
318,333480710,1049155,25,70309120,4096,15,3,10,10
318,333480710,1049155,26,203385344,4096,15,3,10,10
318,333480710,1049155,27,234820096,4096,15,3,10,10
318,333480710,1049155,28,266841600,4096,15,3,10,10
318,333480710,1049155,29,293093888,4096,15,3,10,10
318,333480710,1049155,30,5759488,16384,12,2,10,10
318,333480710,1049155,31,64530688,16384,12,2,10,10
319,334529865,1047954,0,42968832,65536,84,14,10,10
319,334529865,1047954,1,257355520,65536,84,14,10,10
319,334529865,1047954,2,257912832,16384,84,14,10,10
319,334529865,1047954,3,259476736,16384,84,14,10,10
319,334529865,1047954,4,260525824,16384,84,14,10,10
319,334529865,1047954,5,287819264,16384,84,14,10,10
319,334529865,1047954,6,304091136,16384,84,14,10,10
319,334529865,1047954,7,306213632,65536,84,14,10,10
319,334529865,1047954,8,314534912,65536,84,14,10,10
319,334529865,1047954,9,327181824,16384,84,14,10,10
319,334529865,1047954,10,143680512,4096,63,15,10,10
319,334529865,1047954,11,90757632,4096,37,9,10,10
319,334529865,1047954,12,176164096,1024,37,9,10,10
319,334529865,1047954,13,230104064,4096,37,9,10,10
319,334529865,1047954,14,263175424,1024,37,9,10,10
319,334529865,1047954,15,66113280,4096,26,6,10,10
319,334529865,1047954,16,243223040,256,26,6,10,10
319,334529865,1047954,17,43556352,4096,25,5,10,10
319,334529865,1047954,18,53000448,4096,25,5,10,10
319,334529865,1047954,19,70309120,4096,25,5,10,10
319,334529865,1047954,20,203385344,4096,25,5,10,10
319,334529865,1047954,21,234820096,4096,25,5,10,10
319,334529865,1047954,22,266841600,4096,25,5,10,10
319,334529865,1047954,23,293093888,4096,25,5,10,10
319,334529865,1047954,24,57165568,65536,24,4,10,10
319,334529865,1047954,25,226425600,16384,24,4,10,10
319,334529865,1047954,26,250016768,65536,24,4,10,10
319,334529865,1047954,27,275692544,65536,24,4,10,10
319,334529865,1047954,28,276737536,65536,24,4,10,10
319,334529865,1047954,29,312993792,65536,24,4,10,10
319,334529865,1047954,30,93870848,65536,21,3,10,10
319,334529865,1047954,31,87087872,4096,18,4,10,10
320,335577819,1043567,0,259476736,16384,81,17,10,10
320,335577819,1043567,1,42968832,65536,73,15,10,10
320,335577819,1043567,2,257355520,65536,73,15,10,10
320,335577819,1043567,3,257912832,16384,73,15,10,10
320,335577819,1043567,4,260525824,16384,73,15,10,10
320,335577819,1043567,5,287819264,16384,73,15,10,10
320,335577819,1043567,6,304091136,16384,73,15,10,10
320,335577819,1043567,7,306213632,65536,73,15,10,10
320,335577819,1043567,8,314534912,65536,73,15,10,10
320,335577819,1043567,9,327181824,16384,73,15,10,10
320,335577819,1043567,10,276802048,1024,45,9,10,10
320,335577819,1043567,11,86021632,16384,42,8,10,10
320,335577819,1043567,12,127956224,1024,42,8,10,10
320,335577819,1043567,13,143680512,4096,27,7,10,10
320,335577819,1043567,14,56674048,65536,21,3,10,10
320,335577819,1043567,15,58214912,65536,21,3,10,10
320,335577819,1043567,16,87579392,65536,21,3,10,10
320,335577819,1043567,17,230073344,65536,21,3,10,10
320,335577819,1043567,18,127430912,1024,16,4,10,10
320,335577819,1043567,19,43556352,4096,15,3,10,10
320,335577819,1043567,20,53000448,4096,15,3,10,10
320,335577819,1043567,21,70309120,4096,15,3,10,10
320,335577819,1043567,22,203385344,4096,15,3,10,10
320,335577819,1043567,23,209142528,16384,15,3,10,10
320,335577819,1043567,24,210191104,16384,15,3,10,10
320,335577819,1043567,25,234820096,4096,15,3,10,10
320,335577819,1043567,26,266841600,4096,15,3,10,10
320,335577819,1043567,27,293093888,4096,15,3,10,10
320,335577819,1043567,28,66113280,4096,14,4,10,10
320,335577819,1043567,29,243223040,256,14,4,10,10
320,335577819,1043567,30,90757632,4096,13,3,10,10
320,335577819,1043567,31,176164096,1024,13,3,10,10
321,336621386,1050766,0,228518144,16384,48,8,0,0
321,336621386,1050766,1,323510528,16384,48,8,0,0
321,336621386,1050766,2,326131712,65536,48,8,0,0
321,336621386,1050766,3,229057536,4096,23,5,0,0
321,336621386,1050766,4,324561920,1024,3,1,0,0
321,336621386,1050766,5,327165184,16384,48,8,0,0
321,336621386,1050766,6,327177472,4096,48,8,0,0
321,336621386,1050766,7,324562432,256,3,1,0,0
322,337672152,1046807,0,258944000,16384,50,8,10,10
322,337672152,1046807,1,56115712,65536,42,6,10,10
322,337672152,1046807,2,62403072,65536,42,6,10,10
322,337672152,1046807,3,223231744,65536,42,6,10,10
322,337672152,1046807,4,226376448,65536,42,6,10,10
322,337672152,1046807,5,245326848,65536,42,6,10,10
322,337672152,1046807,6,254771968,65536,42,6,10,10
322,337672152,1046807,7,270447360,65536,42,6,10,10
322,337672152,1046807,8,327181824,65536,42,6,10,10
322,337672152,1046807,9,5759488,16384,24,4,10,10
322,337672152,1046807,10,64530688,16384,24,4,10,10
322,337672152,1046807,11,82362624,16384,24,4,10,10
322,337672152,1046807,12,94411520,16384,24,4,10,10
322,337672152,1046807,13,102809600,4096,24,4,10,10
322,337672152,1046807,14,143152128,16384,24,4,10,10
322,337672152,1046807,15,208625920,4096,24,4,10,10
322,337672152,1046807,16,100715776,1024,22,8,10,10
322,337672152,1046807,17,42508288,4096,21,5,10,10
322,337672152,1046807,18,43556352,4096,16,4,10,10
322,337672152,1046807,19,53000448,4096,16,4,10,10
322,337672152,1046807,20,70309120,4096,16,4,10,10
322,337672152,1046807,21,203385344,4096,16,4,10,10
322,337672152,1046807,22,229584640,4096,16,4,10,10
322,337672152,1046807,23,234820096,4096,16,4,10,10
322,337672152,1046807,24,266841600,4096,16,4,10,10
322,337672152,1046807,25,293093888,4096,16,4,10,10
322,337672152,1046807,26,99667200,256,15,5,10,10
322,337672152,1046807,27,127430912,1024,14,4,10,10
322,337672152,1046807,28,66113280,4096,13,3,10,10
322,337672152,1046807,29,243223040,256,13,3,10,10
322,337672152,1046807,30,71359232,1024,9,3,10,10
322,337672152,1046807,31,98095360,1024,9,3,10,10
323,338718959,1044495,0,258944000,16384,138,22,10,10
323,338718959,1044495,1,42968832,65536,75,13,10,10
323,338718959,1044495,2,259476736,16384,75,13,10,10
323,338718959,1044495,3,260525824,16384,75,13,10,10
323,338718959,1044495,4,287819264,16384,75,13,10,10
323,338718959,1044495,5,304091136,16384,75,13,10,10
323,338718959,1044495,6,306213632,65536,75,13,10,10
323,338718959,1044495,7,314534912,65536,75,13,10,10
323,338718959,1044495,8,327181824,16384,75,13,10,10
323,338718959,1044495,9,338187264,16384,75,13,10,10
323,338718959,1044495,10,56115712,65536,63,9,10,10
323,338718959,1044495,11,62403072,65536,63,9,10,10
323,338718959,1044495,12,223231744,65536,63,9,10,10
323,338718959,1044495,13,226376448,65536,63,9,10,10
323,338718959,1044495,14,245326848,65536,63,9,10,10
323,338718959,1044495,15,254771968,65536,63,9,10,10
323,338718959,1044495,16,270447360,65536,63,9,10,10
323,338718959,1044495,17,5759488,16384,44,8,10,10
323,338718959,1044495,18,64530688,16384,44,8,10,10
323,338718959,1044495,19,82362624,16384,44,8,10,10
323,338718959,1044495,20,102809600,4096,44,8,10,10
323,338718959,1044495,21,143152128,16384,44,8,10,10
323,338718959,1044495,22,208625920,4096,44,8,10,10
323,338718959,1044495,23,43556352,4096,28,6,10,10
323,338718959,1044495,24,53000448,4096,28,6,10,10
323,338718959,1044495,25,70309120,4096,28,6,10,10
323,338718959,1044495,26,203385344,4096,28,6,10,10
323,338718959,1044495,27,229584640,4096,28,6,10,10
323,338718959,1044495,28,234820096,4096,28,6,10,10
323,338718959,1044495,29,266841600,4096,28,6,10,10
323,338718959,1044495,30,293093888,4096,28,6,10,10
323,338718959,1044495,31,127430912,1024,19,7,10,10
324,339763454,1045033,0,258944000,16384,85,15,10,10
324,339763454,1045033,1,42968832,65536,43,9,10,10
324,339763454,1045033,2,259476736,16384,43,9,10,10
324,339763454,1045033,3,260525824,16384,43,9,10,10
324,339763454,1045033,4,287819264,16384,43,9,10,10
324,339763454,1045033,5,304091136,16384,43,9,10,10
324,339763454,1045033,6,306213632,65536,43,9,10,10
324,339763454,1045033,7,314534912,65536,43,9,10,10
324,339763454,1045033,8,327181824,16384,43,9,10,10
324,339763454,1045033,9,338187264,16384,43,9,10,10
324,339763454,1045033,10,56115712,65536,42,6,10,10
324,339763454,1045033,11,62403072,65536,42,6,10,10
324,339763454,1045033,12,223231744,65536,42,6,10,10
324,339763454,1045033,13,226376448,65536,42,6,10,10
324,339763454,1045033,14,245326848,65536,42,6,10,10
324,339763454,1045033,15,254771968,65536,42,6,10,10
324,339763454,1045033,16,270447360,65536,42,6,10,10
324,339763454,1045033,17,143680512,4096,25,5,10,10
324,339763454,1045033,18,5759488,16384,17,3,10,10
324,339763454,1045033,19,64530688,16384,17,3,10,10
324,339763454,1045033,20,82362624,16384,17,3,10,10
324,339763454,1045033,21,102809600,4096,17,3,10,10
324,339763454,1045033,22,208625920,4096,17,3,10,10
324,339763454,1045033,23,100715776,1024,15,5,10,10
324,339763454,1045033,24,90757632,4096,15,3,10,10
324,339763454,1045033,25,176164096,1024,15,3,10,10
324,339763454,1045033,26,230104064,4096,15,3,10,10
324,339763454,1045033,27,263175424,1024,15,3,10,10
324,339763454,1045033,28,127430912,1024,13,5,10,10
324,339763454,1045033,29,86560768,4096,11,3,10,10
324,339763454,1045033,30,66113280,4096,10,2,10,10
324,339763454,1045033,31,243223040,256,10,2,10,10
325,340808487,1068324,0,258944000,16384,112,20,10,10
325,340808487,1068324,1,338187264,16384,94,18,10,10
325,340808487,1068324,2,42968832,65536,79,15,10,10
325,340808487,1068324,3,259476736,16384,79,15,10,10
325,340808487,1068324,4,260525824,16384,79,15,10,10
325,340808487,1068324,5,287819264,16384,79,15,10,10
325,340808487,1068324,6,304091136,16384,79,15,10,10
325,340808487,1068324,7,306213632,65536,79,15,10,10
325,340808487,1068324,8,314534912,65536,79,15,10,10
325,340808487,1068324,9,327181824,16384,79,15,10,10
325,340808487,1068324,10,143680512,4096,43,9,10,10
325,340808487,1068324,11,90757632,4096,38,8,10,10
325,340808487,1068324,12,176164096,1024,38,8,10,10
325,340808487,1068324,13,230104064,4096,38,8,10,10
325,340808487,1068324,14,263175424,1024,38,8,10,10
325,340808487,1068324,15,5759488,16384,27,5,10,10
325,340808487,1068324,16,64530688,16384,27,5,10,10
325,340808487,1068324,17,82362624,16384,27,5,10,10
325,340808487,1068324,18,102809600,4096,27,5,10,10
325,340808487,1068324,19,208625920,4096,27,5,10,10
325,340808487,1068324,20,339208192,65536,25,5,10,10
325,340808487,1068324,21,56115712,65536,21,3,10,10
325,340808487,1068324,22,62403072,65536,21,3,10,10
325,340808487,1068324,23,223231744,65536,21,3,10,10
325,340808487,1068324,24,226376448,65536,21,3,10,10
325,340808487,1068324,25,245326848,65536,21,3,10,10
325,340808487,1068324,26,254771968,65536,21,3,10,10
325,340808487,1068324,27,270447360,65536,21,3,10,10
325,340808487,1068324,28,94411520,16384,16,4,10,10
325,340808487,1068324,29,86021632,16384,15,3,10,10
325,340808487,1068324,30,127956224,1024,15,3,10,10
325,340808487,1068324,31,276786688,16384,15,3,10,10
326,341876811,1050510,0,42968832,65536,87,15,10,10
326,341876811,1050510,1,257912832,16384,87,15,10,10
326,341876811,1050510,2,259476736,16384,87,15,10,10
326,341876811,1050510,3,260525824,16384,87,15,10,10
326,341876811,1050510,4,287819264,16384,87,15,10,10
326,341876811,1050510,5,304091136,16384,87,15,10,10
326,341876811,1050510,6,306213632,65536,87,15,10,10
326,341876811,1050510,7,314534912,65536,87,15,10,10
326,341876811,1050510,8,327181824,16384,87,15,10,10
326,341876811,1050510,9,338187264,16384,87,15,10,10
326,341876811,1050510,10,143680512,4096,43,11,10,10
326,341876811,1050510,11,56674048,65536,24,4,10,10
326,341876811,1050510,12,58214912,65536,24,4,10,10
326,341876811,1050510,13,87579392,65536,24,4,10,10
326,341876811,1050510,14,94411520,16384,24,4,10,10
326,341876811,1050510,15,230073344,65536,24,4,10,10
326,341876811,1050510,16,66113280,4096,22,6,10,10
326,341876811,1050510,17,243223040,256,22,6,10,10
326,341876811,1050510,18,90757632,4096,21,5,10,10
326,341876811,1050510,19,176164096,1024,21,5,10,10
326,341876811,1050510,20,263175424,1024,21,5,10,10
326,341876811,1050510,21,127430912,1024,15,5,10,10
326,341876811,1050510,22,100715776,1024,13,5,10,10
326,341876811,1050510,23,218063360,256,13,3,10,10
326,341876811,1050510,24,5759488,16384,12,2,10,10
326,341876811,1050510,25,64530688,16384,12,2,10,10
326,341876811,1050510,26,82362624,16384,12,2,10,10
326,341876811,1050510,27,102809600,4096,12,2,10,10
326,341876811,1050510,28,208625920,4096,12,2,10,10
326,341876811,1050510,29,43556352,4096,10,2,10,10
326,341876811,1050510,30,53000448,4096,10,2,10,10
326,341876811,1050510,31,70309120,4096,10,2,10,10
327,342927321,1047836,0,258944000,16384,81,13,10,10
327,342927321,1047836,1,42508288,4096,59,13,10,10
327,342927321,1047836,2,338187264,16384,48,8,10,10
327,342927321,1047836,3,56115712,65536,45,7,10,10
327,342927321,1047836,4,62403072,65536,45,7,10,10
327,342927321,1047836,5,223231744,65536,45,7,10,10
327,342927321,1047836,6,226376448,65536,45,7,10,10
327,342927321,1047836,7,245326848,65536,45,7,10,10
327,342927321,1047836,8,254771968,65536,45,7,10,10
327,342927321,1047836,9,270447360,65536,45,7,10,10
327,342927321,1047836,10,327181824,65536,45,7,10,10
327,342927321,1047836,11,5759488,16384,44,10,10,10
327,342927321,1047836,12,43556352,4096,44,10,10,10
327,342927321,1047836,13,53000448,4096,44,10,10,10
327,342927321,1047836,14,64530688,16384,44,10,10,10
327,342927321,1047836,15,70309120,4096,44,10,10,10
327,342927321,1047836,16,82362624,16384,44,10,10,10
327,342927321,1047836,17,102809600,4096,44,10,10,10
327,342927321,1047836,18,143152128,16384,44,10,10,10
327,342927321,1047836,19,203385344,4096,44,10,10,10
327,342927321,1047836,20,208625920,4096,44,10,10,10
327,342927321,1047836,21,229584640,4096,44,10,10,10
327,342927321,1047836,22,234820096,4096,44,10,10,10
327,342927321,1047836,23,266841600,4096,44,10,10,10
327,342927321,1047836,24,293093888,4096,44,10,10,10
327,342927321,1047836,25,259476736,16384,36,6,10,10
327,342927321,1047836,26,260525824,16384,36,6,10,10
327,342927321,1047836,27,287819264,16384,36,6,10,10
327,342927321,1047836,28,304091136,16384,36,6,10,10
327,342927321,1047836,29,306213632,65536,36,6,10,10
327,342927321,1047836,30,314534912,65536,36,6,10,10
327,342927321,1047836,31,342910720,16384,36,6,10,10
328,343975157,1042296,0,42508288,4096,51,11,10,10
328,343975157,1042296,1,143680512,4096,51,11,10,10
328,343975157,1042296,2,338187264,16384,44,8,10,10
328,343975157,1042296,3,263175424,1024,36,8,10,10
328,343975157,1042296,4,90757632,4096,33,7,10,10
328,343975157,1042296,5,176164096,1024,33,7,10,10
328,343975157,1042296,6,230104064,4096,33,7,10,10
328,343975157,1042296,7,258944000,16384,32,6,10,10
328,343975157,1042296,8,259476736,16384,32,6,10,10
328,343975157,1042296,9,260525824,16384,32,6,10,10
328,343975157,1042296,10,287819264,16384,32,6,10,10
328,343975157,1042296,11,304091136,16384,32,6,10,10
328,343975157,1042296,12,306213632,65536,32,6,10,10
328,343975157,1042296,13,314534912,65536,32,6,10,10
328,343975157,1042296,14,327181824,16384,32,6,10,10
328,343975157,1042296,15,342910720,16384,32,6,10,10
328,343975157,1042296,16,56674048,65536,21,3,10,10
328,343975157,1042296,17,58214912,65536,21,3,10,10
328,343975157,1042296,18,87579392,65536,21,3,10,10
328,343975157,1042296,19,43556352,4096,18,4,10,10
328,343975157,1042296,20,53000448,4096,18,4,10,10
328,343975157,1042296,21,66113280,4096,18,4,10,10
328,343975157,1042296,22,70309120,4096,18,4,10,10
328,343975157,1042296,23,203385344,4096,18,4,10,10
328,343975157,1042296,24,234820096,4096,18,4,10,10
328,343975157,1042296,25,243223040,256,18,4,10,10
328,343975157,1042296,26,266841600,4096,18,4,10,10
328,343975157,1042296,27,293093888,4096,18,4,10,10
328,343975157,1042296,28,276802048,1024,16,4,10,10
328,343975157,1042296,29,100715776,1024,15,5,10,10
328,343975157,1042296,30,5759488,16384,12,2,10,10
328,343975157,1042296,31,64530688,16384,12,2,10,10
329,345017453,1048200,0,1048320,65536,54,10,9,9
329,345017453,1048200,1,2097920,16384,54,10,9,9
329,345017453,1048200,2,4129792,65536,54,10,9,9
329,345017453,1048200,3,166741248,4096,54,10,9,9
329,345017453,1048200,4,171420416,65536,54,10,9,9
329,345017453,1048200,5,175045632,65536,54,10,9,9
329,345017453,1048200,6,178227200,16384,54,10,9,9
329,345017453,1048200,7,305098496,65536,54,10,9,9
329,345017453,1048200,8,121671680,4096,39,9,9,9
329,345017453,1048200,9,16797952,4096,28,6,9,9
329,345017453,1048200,10,165691136,1024,27,7,9,9
329,345017453,1048200,11,151548160,4096,24,6,9,9
329,345017453,1048200,12,322472704,1024,24,6,9,9
329,345017453,1048200,13,29898496,16384,16,4,9,9
329,345017453,1048200,14,146842112,4096,15,3,9,9
329,345017453,1048200,15,159930880,4096,15,3,9,9
329,345017453,1048200,16,166214656,4096,15,3,9,9
329,345017453,1048200,17,181910016,4096,15,3,9,9
329,345017453,1048200,18,16271616,4096,13,3,9,9
329,345017453,1048200,19,27812352,4096,13,3,9,9
329,345017453,1048200,20,156259072,4096,13,3,9,9
329,345017453,1048200,21,28339456,16384,12,2,9,9
329,345017453,1048200,22,523520,1024,10,4,9,9
329,345017453,1048200,23,34637312,1024,6,2,9,9
329,345017453,1048200,24,34107136,4096,5,1,9,9
329,345017453,1048200,25,44082432,4096,5,1,9,9
329,345017453,1048200,26,138449408,256,5,1,9,9
329,345017453,1048200,27,159407872,1024,5,1,9,9
329,345017453,1048200,28,11543296,256,3,1,9,9
329,345017453,1048200,29,37260032,1024,3,1,9,9
329,345017453,1048200,30,283107328,256,3,1,9,9
329,345017453,1048200,31,19943424,256,1,1,9,9
330,346065653,1018320,0,345013248,4096,61,11,10,10
330,346065653,1018320,1,338187264,16384,53,9,10,10
330,346065653,1018320,2,42508288,4096,38,8,10,10
330,346065653,1018320,3,260525824,16384,36,6,10,10
330,346065653,1018320,4,287819264,16384,36,6,10,10
330,346065653,1018320,5,304091136,16384,36,6,10,10
330,346065653,1018320,6,306213632,65536,36,6,10,10
330,346065653,1018320,7,314534912,65536,36,6,10,10
330,346065653,1018320,8,327181824,16384,36,6,10,10
330,346065653,1018320,9,342910720,16384,36,6,10,10
330,346065653,1018320,10,143680512,4096,33,7,10,10
330,346065653,1018320,11,90757632,4096,25,5,10,10
330,346065653,1018320,12,176164096,1024,25,5,10,10
330,346065653,1018320,13,230104064,4096,25,5,10,10
330,346065653,1018320,14,263175424,1024,25,5,10,10
330,346065653,1018320,15,57165568,65536,21,3,10,10
330,346065653,1018320,16,66604800,65536,21,3,10,10
330,346065653,1018320,17,250016768,65536,21,3,10,10
330,346065653,1018320,18,275692544,65536,21,3,10,10
330,346065653,1018320,19,276737536,65536,21,3,10,10
330,346065653,1018320,20,312993792,65536,21,3,10,10
330,346065653,1018320,21,334530048,65536,21,3,10,10
330,346065653,1018320,22,86021632,16384,17,3,10,10
330,346065653,1018320,23,127956224,1024,17,3,10,10
330,346065653,1018320,24,252137984,16384,15,3,10,10
330,346065653,1018320,25,127430912,1024,14,4,10,10
330,346065653,1018320,26,43556352,4096,13,3,10,10
330,346065653,1018320,27,53000448,4096,13,3,10,10
330,346065653,1018320,28,70309120,4096,13,3,10,10
330,346065653,1018320,29,203385344,4096,13,3,10,10
330,346065653,1018320,30,234820096,4096,13,3,10,10
330,346065653,1018320,31,266841600,4096,13,3,10,10
331,347083973,1049225,0,345013248,4096,66,12,10,10
331,347083973,1049225,1,338187264,16384,59,11,10,10
331,347083973,1049225,2,42968832,65536,51,9,10,10
331,347083973,1049225,3,260525824,16384,51,9,10,10
331,347083973,1049225,4,287819264,16384,51,9,10,10
331,347083973,1049225,5,304091136,16384,51,9,10,10
331,347083973,1049225,6,306213632,65536,51,9,10,10
331,347083973,1049225,7,314534912,65536,51,9,10,10
331,347083973,1049225,8,327181824,16384,51,9,10,10
331,347083973,1049225,9,342910720,16384,51,9,10,10
331,347083973,1049225,10,143680512,4096,33,7,10,10
331,347083973,1049225,11,98619904,65536,21,3,10,10
331,347083973,1049225,12,110650368,65536,21,3,10,10
331,347083973,1049225,13,312435712,65536,21,3,10,10
331,347083973,1049225,14,66113280,4096,18,4,10,10
331,347083973,1049225,15,243223040,256,18,4,10,10
331,347083973,1049225,16,257912832,4096,18,4,10,10
331,347083973,1049225,17,90757632,4096,15,3,10,10
331,347083973,1049225,18,176164096,1024,15,3,10,10
331,347083973,1049225,19,230104064,4096,15,3,10,10
331,347083973,1049225,20,263175424,1024,15,3,10,10
331,347083973,1049225,21,252137984,16384,12,2,10,10
331,347083973,1049225,22,100715776,1024,11,5,10,10
331,347083973,1049225,23,43556352,4096,10,2,10,10
331,347083973,1049225,24,53000448,4096,10,2,10,10
331,347083973,1049225,25,70309120,4096,10,2,10,10
331,347083973,1049225,26,203385344,4096,10,2,10,10
331,347083973,1049225,27,234820096,4096,10,2,10,10
331,347083973,1049225,28,266841600,4096,10,2,10,10
331,347083973,1049225,29,293093888,4096,10,2,10,10
331,347083973,1049225,30,346572544,4096,10,2,10,10
331,347083973,1049225,31,127430912,1024,9,3,10,10
332,348133198,1044800,0,42508288,4096,51,11,10,10
332,348133198,1044800,1,338187264,16384,49,9,10,10
332,348133198,1044800,2,43556352,4096,36,8,10,10
332,348133198,1044800,3,53000448,4096,36,8,10,10
332,348133198,1044800,4,70309120,4096,36,8,10,10
332,348133198,1044800,5,143158272,4096,36,8,10,10
332,348133198,1044800,6,203385344,4096,36,8,10,10
332,348133198,1044800,7,229584640,4096,36,8,10,10
332,348133198,1044800,8,234820096,4096,36,8,10,10
332,348133198,1044800,9,266841600,4096,36,8,10,10
332,348133198,1044800,10,293093888,4096,36,8,10,10
332,348133198,1044800,11,346572544,4096,36,8,10,10
332,348133198,1044800,12,345013248,4096,36,6,10,10
332,348133198,1044800,13,86021632,16384,28,6,10,10
332,348133198,1044800,14,127956224,1024,28,6,10,10
332,348133198,1044800,15,276786688,16384,28,6,10,10
332,348133198,1044800,16,56115712,65536,21,3,10,10
332,348133198,1044800,17,62403072,65536,21,3,10,10
332,348133198,1044800,18,98619904,65536,21,3,10,10
332,348133198,1044800,19,110650368,65536,21,3,10,10
332,348133198,1044800,20,226376448,65536,21,3,10,10
332,348133198,1044800,21,245326848,65536,21,3,10,10
332,348133198,1044800,22,254771968,65536,21,3,10,10
332,348133198,1044800,23,258894848,65536,21,3,10,10
332,348133198,1044800,24,260525824,16384,21,3,10,10
332,348133198,1044800,25,270447360,65536,21,3,10,10
332,348133198,1044800,26,287819264,16384,21,3,10,10
332,348133198,1044800,27,304091136,16384,21,3,10,10
332,348133198,1044800,28,306213632,65536,21,3,10,10
332,348133198,1044800,29,312435712,65536,21,3,10,10
332,348133198,1044800,30,314534912,65536,21,3,10,10
332,348133198,1044800,31,327181824,16384,21,3,10,10
333,349177998,1051992,0,1048320,65536,52,8,9,9
333,349177998,1051992,1,2097920,16384,52,8,9,9
333,349177998,1051992,2,4129792,65536,52,8,9,9
333,349177998,1051992,3,166741248,4096,52,8,9,9
333,349177998,1051992,4,171420416,65536,52,8,9,9
333,349177998,1051992,5,175045632,65536,52,8,9,9
333,349177998,1051992,6,178227200,16384,52,8,9,9
333,349177998,1051992,7,305098496,65536,52,8,9,9
333,349177998,1051992,8,16797952,4096,29,7,9,9
333,349177998,1051992,9,121671680,4096,29,7,9,9
333,349177998,1051992,10,16271616,4096,19,5,9,9
333,349177998,1051992,11,27812352,4096,19,5,9,9
333,349177998,1051992,12,151548160,4096,19,5,9,9
333,349177998,1051992,13,156259072,4096,19,5,9,9
333,349177998,1051992,14,165688064,4096,19,5,9,9
333,349177998,1051992,15,322472704,1024,19,5,9,9
333,349177998,1051992,16,13641728,16384,12,2,9,9
333,349177998,1051992,17,272595968,16384,12,2,9,9
333,349177998,1051992,18,146842112,4096,10,2,9,9
333,349177998,1051992,19,159930880,4096,10,2,9,9
333,349177998,1051992,20,166214656,4096,10,2,9,9
333,349177998,1051992,21,181910016,4096,10,2,9,9
333,349177998,1051992,22,1047040,1024,8,4,9,9
333,349177998,1051992,23,44605696,1024,8,4,9,9
333,349177998,1051992,24,24139264,256,7,3,9,9
333,349177998,1051992,25,194999552,256,7,3,9,9
333,349177998,1051992,26,37260032,1024,6,2,9,9
333,349177998,1051992,27,34107136,4096,5,1,9,9
333,349177998,1051992,28,281004032,1024,4,2,9,9
333,349177998,1051992,29,83940352,4096,3,1,9,9
333,349177998,1051992,30,138449408,256,3,1,9,9
333,349177998,1051992,31,180343296,4096,3,1,9,9
334,350229990,1047914,0,143680512,4096,36,8,10,10
334,350229990,1047914,1,345013248,4096,30,6,10,10
334,350229990,1047914,2,42508288,4096,27,7,10,10
334,350229990,1047914,3,57165568,65536,21,3,10,10
334,350229990,1047914,4,66604800,65536,21,3,10,10
334,350229990,1047914,5,250016768,65536,21,3,10,10
334,350229990,1047914,6,275692544,65536,21,3,10,10
334,350229990,1047914,7,276737536,65536,21,3,10,10
334,350229990,1047914,8,312993792,65536,21,3,10,10
334,350229990,1047914,9,334530048,65536,21,3,10,10
334,350229990,1047914,10,90757632,4096,18,4,10,10
334,350229990,1047914,11,176164096,1024,18,4,10,10
334,350229990,1047914,12,230104064,4096,18,4,10,10
334,350229990,1047914,13,243223040,256,18,4,10,10
334,350229990,1047914,14,257912832,4096,18,4,10,10
334,350229990,1047914,15,263175424,1024,18,4,10,10
334,350229990,1047914,16,112251904,4096,12,2,10,10
334,350229990,1047914,17,213339648,16384,12,2,10,10
334,350229990,1047914,18,252137984,16384,12,2,10,10
334,350229990,1047914,19,260525824,16384,12,2,10,10
334,350229990,1047914,20,287819264,16384,12,2,10,10
334,350229990,1047914,21,304091136,16384,12,2,10,10
334,350229990,1047914,22,306213632,65536,12,2,10,10
334,350229990,1047914,23,314534912,65536,12,2,10,10
334,350229990,1047914,24,327181824,16384,12,2,10,10
334,350229990,1047914,25,338187264,16384,12,2,10,10
334,350229990,1047914,26,342910720,16384,12,2,10,10
334,350229990,1047914,27,222772736,1024,10,2,10,10
334,350229990,1047914,28,43556352,4096,9,3,10,10
334,350229990,1047914,29,53000448,4096,9,3,10,10
334,350229990,1047914,30,70309120,4096,9,3,10,10
334,350229990,1047914,31,200241408,4096,9,3,10,10
335,351277904,1048299,0,345013248,4096,91,17,10,10
335,351277904,1048299,1,42508288,4096,66,16,10,10
335,351277904,1048299,2,260525824,16384,64,10,10,10
335,351277904,1048299,3,287819264,16384,64,10,10,10
335,351277904,1048299,4,304091136,16384,64,10,10,10
335,351277904,1048299,5,306213632,65536,64,10,10,10
335,351277904,1048299,6,314534912,65536,64,10,10,10
335,351277904,1048299,7,327181824,16384,64,10,10,10
335,351277904,1048299,8,338187264,16384,64,10,10,10
335,351277904,1048299,9,342910720,16384,64,10,10,10
335,351277904,1048299,10,43556352,4096,39,9,10,10
335,351277904,1048299,11,53000448,4096,39,9,10,10
335,351277904,1048299,12,70309120,4096,39,9,10,10
335,351277904,1048299,13,143158272,4096,39,9,10,10
335,351277904,1048299,14,203385344,4096,39,9,10,10
335,351277904,1048299,15,229584640,4096,39,9,10,10
335,351277904,1048299,16,234820096,4096,39,9,10,10
335,351277904,1048299,17,266841600,4096,39,9,10,10
335,351277904,1048299,18,293093888,4096,39,9,10,10
335,351277904,1048299,19,346572544,4096,39,9,10,10
335,351277904,1048299,20,56115712,65536,36,6,10,10
335,351277904,1048299,21,62403072,65536,36,6,10,10
335,351277904,1048299,22,226376448,65536,36,6,10,10
335,351277904,1048299,23,245326848,65536,36,6,10,10
335,351277904,1048299,24,254771968,65536,36,6,10,10
335,351277904,1048299,25,258894848,65536,36,6,10,10
335,351277904,1048299,26,270447360,65536,36,6,10,10
335,351277904,1048299,27,343909376,65536,36,6,10,10
335,351277904,1048299,28,90757632,4096,27,7,10,10
335,351277904,1048299,29,176164096,1024,27,7,10,10
335,351277904,1048299,30,263175424,1024,27,7,10,10
335,351277904,1048299,31,57165568,65536,21,3,10,10
336,352326203,1057085,0,345013248,4096,49,9,10,10
336,352326203,1057085,1,338187264,16384,48,8,10,10
336,352326203,1057085,2,42968832,65536,36,6,10,10
336,352326203,1057085,3,260525824,16384,36,6,10,10
336,352326203,1057085,4,287819264,16384,36,6,10,10
336,352326203,1057085,5,304091136,16384,36,6,10,10
336,352326203,1057085,6,306213632,65536,36,6,10,10
336,352326203,1057085,7,314534912,65536,36,6,10,10
336,352326203,1057085,8,327181824,16384,36,6,10,10
336,352326203,1057085,9,342910720,16384,36,6,10,10
336,352326203,1057085,10,143680512,4096,26,6,10,10
336,352326203,1057085,11,57165568,65536,21,3,10,10
336,352326203,1057085,12,66604800,65536,21,3,10,10
336,352326203,1057085,13,250016768,65536,21,3,10,10
336,352326203,1057085,14,270513152,65536,21,3,10,10
336,352326203,1057085,15,275692544,65536,21,3,10,10
336,352326203,1057085,16,276737536,65536,21,3,10,10
336,352326203,1057085,17,312993792,65536,21,3,10,10
336,352326203,1057085,18,334530048,65536,21,3,10,10
336,352326203,1057085,19,127430912,1024,13,5,10,10
336,352326203,1057085,20,90757632,4096,13,3,10,10
336,352326203,1057085,21,176164096,1024,13,3,10,10
336,352326203,1057085,22,230104064,4096,13,3,10,10
336,352326203,1057085,23,243223040,256,13,3,10,10
336,352326203,1057085,24,257912832,4096,13,3,10,10
336,352326203,1057085,25,263175424,1024,13,3,10,10
336,352326203,1057085,26,56115712,65536,12,2,10,10
336,352326203,1057085,27,62403072,65536,12,2,10,10
336,352326203,1057085,28,86021632,16384,12,2,10,10
336,352326203,1057085,29,127956224,1024,12,2,10,10
336,352326203,1057085,30,226376448,65536,12,2,10,10
336,352326203,1057085,31,245326848,65536,12,2,10,10
337,353383288,1041599,0,73457664,4096,18,4,6,6
337,353383288,1041599,1,104910592,4096,18,4,6,6
337,353383288,1041599,2,40937216,16384,12,2,6,6
337,353383288,1041599,3,46694144,16384,12,2,6,6
337,353383288,1041599,4,48260352,16384,12,2,6,6
337,353383288,1041599,5,117424640,65536,12,2,6,6
337,353383288,1041599,6,118538752,16384,12,2,6,6
337,353383288,1041599,7,216999424,16384,12,2,6,6
337,353383288,1041599,8,218046720,16384,12,2,6,6
337,353383288,1041599,9,240064768,65536,12,2,6,6
337,353383288,1041599,10,250573824,16384,12,2,6,6
337,353383288,1041599,11,277295872,65536,12,2,6,6
337,353383288,1041599,12,296765440,65536,12,2,6,6
337,353383288,1041599,13,298798848,65536,12,2,6,6
337,353383288,1041599,14,123762944,1024,7,3,6,6
337,353383288,1041599,15,199193088,4096,5,1,6,6
337,353383288,1041599,16,299910400,256,5,1,6,6
337,353383288,1041599,17,33055744,1024,3,1,6,6
337,353383288,1041599,18,115397120,1024,3,1,6,6
337,353383288,1041599,19,295192064,1024,3,1,6,6
337,353383288,1041599,20,73460736,1024,18,4,6,6
337,353383288,1041599,21,299910400,1024,5,1,6,6
337,353383288,1041599,22,299910400,4096,5,1,6,6
337,353383288,1041599,23,218062080,1024,3,1,6,6
337,353383288,1041599,24,277328128,1024,3,1,6,6
337,353383288,1041599,25,123244032,256,1,1,6,6
338,354424887,1061207,0,42968832,65536,12,2,10,10
338,354424887,1061207,1,260525824,16384,12,2,10,10
338,354424887,1061207,2,287819264,16384,12,2,10,10
338,354424887,1061207,3,304091136,16384,12,2,10,10
338,354424887,1061207,4,306213632,65536,12,2,10,10
338,354424887,1061207,5,314534912,65536,12,2,10,10
338,354424887,1061207,6,327181824,16384,12,2,10,10
338,354424887,1061207,7,338187264,16384,12,2,10,10
338,354424887,1061207,8,342910720,16384,12,2,10,10
338,354424887,1061207,9,345000960,16384,12,2,10,10
338,354424887,1061207,10,66113280,4096,5,1,10,10
338,354424887,1061207,11,81841920,4096,5,1,10,10
338,354424887,1061207,12,111203840,4096,5,1,10,10
338,354424887,1061207,13,143680512,4096,5,1,10,10
338,354424887,1061207,14,243223040,256,5,1,10,10
338,354424887,1061207,15,257912832,4096,5,1,10,10
338,354424887,1061207,16,338718976,256,5,1,10,10
338,354424887,1061207,17,36208640,1024,4,2,10,10
338,354424887,1061207,18,84466432,1024,4,2,10,10
338,354424887,1061207,19,127430912,1024,4,2,10,10
338,354424887,1061207,20,189754112,4096,4,2,10,10
338,354424887,1061207,21,89185024,1024,3,1,10,10
338,354424887,1061207,22,99667200,256,3,1,10,10
338,354424887,1061207,23,100715776,1024,3,1,10,10
338,354424887,1061207,24,134770688,1024,3,1,10,10
338,354424887,1061207,25,334530048,1024,3,1,10,10
338,354424887,1061207,26,43017984,16384,12,2,10,10
338,354424887,1061207,27,345013248,4096,12,2,10,10
338,354424887,1061207,28,243223040,1024,5,1,10,10
338,354424887,1061207,29,243223040,4096,5,1,10,10
338,354424887,1061207,30,338718976,1024,5,1,10,10
338,354424887,1061207,31,83944704,256,3,1,10,10
339,355486094,1048877,0,40937216,16384,45,7,6,6
339,355486094,1048877,1,46694144,16384,45,7,6,6
339,355486094,1048877,2,48260352,16384,45,7,6,6
339,355486094,1048877,3,117424640,65536,45,7,6,6
339,355486094,1048877,4,118538752,16384,45,7,6,6
339,355486094,1048877,5,216999424,16384,45,7,6,6
339,355486094,1048877,6,218046720,16384,45,7,6,6
339,355486094,1048877,7,240064768,65536,45,7,6,6
339,355486094,1048877,8,250573824,16384,45,7,6,6
339,355486094,1048877,9,277295872,65536,45,7,6,6
339,355486094,1048877,10,296765440,65536,45,7,6,6
339,355486094,1048877,11,298798848,65536,45,7,6,6
339,355486094,1048877,12,124285696,4096,24,6,6,6
339,355486094,1048877,13,190249728,65536,21,3,6,6
339,355486094,1048877,14,73457664,4096,13,3,6,6
339,355486094,1048877,15,104910592,4096,13,3,6,6
339,355486094,1048877,16,199193088,4096,13,3,6,6
339,355486094,1048877,17,33055744,1024,3,1,6,6
339,355486094,1048877,18,115397120,1024,3,1,6,6
339,355486094,1048877,19,73460736,1024,13,3,6,6
339,355486094,1048877,20,277328128,1024,3,1,6,6
340,356534971,1049268,0,338187264,16384,48,8,10,10
340,356534971,1049268,1,345013248,4096,37,7,10,10
340,356534971,1049268,2,42508288,4096,36,8,10,10
340,356534971,1049268,3,276802048,1024,30,6,10,10
340,356534971,1049268,4,143680512,4096,27,7,10,10
340,356534971,1049268,5,86021632,16384,24,4,10,10
340,356534971,1049268,6,127956224,1024,24,4,10,10
340,356534971,1049268,7,260525824,16384,24,4,10,10
340,356534971,1049268,8,287819264,16384,24,4,10,10
340,356534971,1049268,9,304091136,16384,24,4,10,10
340,356534971,1049268,10,306213632,65536,24,4,10,10
340,356534971,1049268,11,314534912,65536,24,4,10,10
340,356534971,1049268,12,327181824,16384,24,4,10,10
340,356534971,1049268,13,342910720,16384,24,4,10,10
340,356534971,1049268,14,43556352,4096,23,5,10,10
340,356534971,1049268,15,53000448,4096,23,5,10,10
340,356534971,1049268,16,70309120,4096,23,5,10,10
340,356534971,1049268,17,203385344,4096,23,5,10,10
340,356534971,1049268,18,229584640,4096,23,5,10,10
340,356534971,1049268,19,234820096,4096,23,5,10,10
340,356534971,1049268,20,266841600,4096,23,5,10,10
340,356534971,1049268,21,293093888,4096,23,5,10,10
340,356534971,1049268,22,346572544,4096,23,5,10,10
340,356534971,1049268,23,57165568,65536,21,3,10,10
340,356534971,1049268,24,66604800,65536,21,3,10,10
340,356534971,1049268,25,250016768,65536,21,3,10,10
340,356534971,1049268,26,275692544,65536,21,3,10,10
340,356534971,1049268,27,286741760,65536,21,3,10,10
340,356534971,1049268,28,312993792,65536,21,3,10,10
340,356534971,1049268,29,334530048,65536,21,3,10,10
340,356534971,1049268,30,243223040,256,14,4,10,10
340,356534971,1049268,31,257912832,4096,14,4,10,10
341,357584239,1044338,0,345013248,4096,41,9,10,10
341,357584239,1044338,1,57165568,65536,33,5,10,10
341,357584239,1044338,2,66604800,65536,33,5,10,10
341,357584239,1044338,3,250016768,65536,33,5,10,10
341,357584239,1044338,4,275692544,65536,33,5,10,10
341,357584239,1044338,5,276737536,65536,33,5,10,10
341,357584239,1044338,6,312993792,65536,33,5,10,10
341,357584239,1044338,7,334530048,65536,33,5,10,10
341,357584239,1044338,8,143680512,4096,27,7,10,10
341,357584239,1044338,9,42968832,65536,27,5,10,10
341,357584239,1044338,10,94411520,16384,27,5,10,10
341,357584239,1044338,11,260525824,16384,27,5,10,10
341,357584239,1044338,12,287819264,16384,27,5,10,10
341,357584239,1044338,13,304091136,16384,27,5,10,10
341,357584239,1044338,14,306213632,65536,27,5,10,10
341,357584239,1044338,15,314534912,65536,27,5,10,10
341,357584239,1044338,16,327181824,16384,27,5,10,10
341,357584239,1044338,17,338187264,16384,27,5,10,10
341,357584239,1044338,18,342910720,16384,27,5,10,10
341,357584239,1044338,19,90757632,4096,14,4,10,10
341,357584239,1044338,20,176164096,1024,14,4,10,10
341,357584239,1044338,21,230104064,4096,14,4,10,10
341,357584239,1044338,22,263175424,1024,14,4,10,10
341,357584239,1044338,23,243223040,256,13,3,10,10
341,357584239,1044338,24,257912832,4096,13,3,10,10
341,357584239,1044338,25,214920192,16384,12,2,10,10
341,357584239,1044338,26,81841920,4096,9,3,10,10
341,357584239,1044338,27,111203840,4096,9,3,10,10
341,357584239,1044338,28,43556352,4096,5,1,10,10
341,357584239,1044338,29,53000448,4096,5,1,10,10
341,357584239,1044338,30,70309120,4096,5,1,10,10
341,357584239,1044338,31,87087872,4096,5,1,10,10
342,358628577,1049845,0,107529728,1024,18,4,6,6
342,358628577,1049845,1,219625216,16384,15,3,6,6
342,358628577,1049845,2,40937216,16384,12,2,6,6
342,358628577,1049845,3,46694144,16384,12,2,6,6
342,358628577,1049845,4,48260352,16384,12,2,6,6
342,358628577,1049845,5,117424640,65536,12,2,6,6
342,358628577,1049845,6,118538752,16384,12,2,6,6
342,358628577,1049845,7,216999424,16384,12,2,6,6
342,358628577,1049845,8,218046720,16384,12,2,6,6
342,358628577,1049845,9,237961728,16384,12,2,6,6
342,358628577,1049845,10,240064768,65536,12,2,6,6
342,358628577,1049845,11,250573824,16384,12,2,6,6
342,358628577,1049845,12,277295872,65536,12,2,6,6
342,358628577,1049845,13,296765440,65536,12,2,6,6
342,358628577,1049845,14,298798848,65536,12,2,6,6
342,358628577,1049845,15,123762944,1024,4,2,6,6
342,358628577,1049845,16,107522048,16384,12,2,6,6
342,358628577,1049845,17,107528192,4096,12,2,6,6
342,358628577,1049845,18,218062080,1024,6,2,6,6
343,359678422,1054601,0,143680512,4096,25,5,10,10
343,359678422,1054601,1,93870848,65536,21,3,10,10
343,359678422,1054601,2,66113280,4096,20,4,10,10
343,359678422,1054601,3,243223040,256,20,4,10,10
343,359678422,1054601,4,257912832,4096,20,4,10,10
343,359678422,1054601,5,276802048,1024,15,3,10,10
343,359678422,1054601,6,86021632,16384,12,2,10,10
343,359678422,1054601,7,127956224,1024,12,2,10,10
343,359678422,1054601,8,337672192,16384,12,2,10,10
343,359678422,1054601,9,42508288,4096,10,2,10,10
343,359678422,1054601,10,43556352,4096,5,1,10,10
343,359678422,1054601,11,53000448,4096,5,1,10,10
343,359678422,1054601,12,70309120,4096,5,1,10,10
343,359678422,1054601,13,90757632,4096,5,1,10,10
343,359678422,1054601,14,125859840,4096,5,1,10,10
343,359678422,1054601,15,176164096,1024,5,1,10,10
343,359678422,1054601,16,203385344,4096,5,1,10,10
343,359678422,1054601,17,222772736,1024,5,1,10,10
343,359678422,1054601,18,226440960,1024,5,1,10,10
343,359678422,1054601,19,229584640,4096,5,1,10,10
343,359678422,1054601,20,234820096,4096,5,1,10,10
343,359678422,1054601,21,263175424,1024,5,1,10,10
343,359678422,1054601,22,266841600,4096,5,1,10,10
343,359678422,1054601,23,293093888,4096,5,1,10,10
343,359678422,1054601,24,345013248,4096,5,1,10,10
343,359678422,1054601,25,346572544,4096,5,1,10,10
343,359678422,1054601,26,86038272,256,4,2,10,10
343,359678422,1054601,27,67686144,1024,3,1,10,10
343,359678422,1054601,28,89185024,1024,3,1,10,10
343,359678422,1054601,29,134770688,1024,3,1,10,10
343,359678422,1054601,30,275233536,1024,3,1,10,10
343,359678422,1054601,31,334530048,1024,3,1,10,10
344,360733023,1048107,0,42508288,4096,31,7,10,10
344,360733023,1048107,1,43556352,4096,23,5,10,10
344,360733023,1048107,2,53000448,4096,23,5,10,10
344,360733023,1048107,3,70309120,4096,23,5,10,10
344,360733023,1048107,4,143158272,4096,23,5,10,10
344,360733023,1048107,5,203385344,4096,23,5,10,10
344,360733023,1048107,6,229584640,4096,23,5,10,10
344,360733023,1048107,7,234820096,4096,23,5,10,10
344,360733023,1048107,8,266841600,4096,23,5,10,10
344,360733023,1048107,9,293093888,4096,23,5,10,10
344,360733023,1048107,10,346572544,4096,23,5,10,10
344,360733023,1048107,11,350230016,256,13,3,10,10
344,360733023,1048107,12,9447424,256,8,2,10,10
344,360733023,1048107,13,87087872,4096,8,2,10,10
344,360733023,1048107,14,90757632,4096,8,2,10,10
344,360733023,1048107,15,176164096,1024,8,2,10,10
344,360733023,1048107,16,263175424,1024,8,2,10,10
344,360733023,1048107,17,345013248,4096,8,2,10,10
344,360733023,1048107,18,67686144,1024,7,3,10,10
344,360733023,1048107,19,100715776,1024,7,3,10,10
344,360733023,1048107,20,275233536,1024,7,3,10,10
344,360733023,1048107,21,319853312,1024,7,3,10,10
344,360733023,1048107,22,222772736,1024,5,1,10,10
344,360733023,1048107,23,62435328,1024,4,2,10,10
344,360733023,1048107,24,71359232,1024,4,2,10,10
344,360733023,1048107,25,98095360,1024,4,2,10,10
344,360733023,1048107,26,111731456,1024,4,2,10,10
344,360733023,1048107,27,189754112,4096,3,1,10,10
344,360733023,1048107,28,266843136,1024,23,5,10,10
344,360733023,1048107,29,350230016,1024,13,3,10,10
344,360733023,1048107,30,350230016,4096,13,3,10,10
344,360733023,1048107,31,9447424,1024,8,2,10,10
345,361781130,1038604,0,121671680,4096,60,14,9,9
345,361781130,1038604,1,13641728,16384,59,9,9,9
345,361781130,1038604,2,3080960,65536,54,8,9,9
345,361781130,1038604,3,178243840,16384,54,8,9,9
345,361781130,1038604,4,179786752,65536,54,8,9,9
345,361781130,1038604,5,180343296,65536,54,8,9,9
345,361781130,1038604,6,182438400,65536,54,8,9,9
345,361781130,1038604,7,196540416,65536,54,8,9,9
345,361781130,1038604,8,165691136,1024,39,9,9,9
345,361781130,1038604,9,151548160,4096,36,8,9,9
345,361781130,1038604,10,322472704,1024,36,8,9,9
345,361781130,1038604,11,16797952,4096,29,7,9,9
345,361781130,1038604,12,146842112,4096,24,6,9,9
345,361781130,1038604,13,159930880,4096,24,6,9,9
345,361781130,1038604,14,166214656,4096,24,6,9,9
345,361781130,1038604,15,181910016,4096,24,6,9,9
345,361781130,1038604,16,283041536,65536,21,3,9,9
345,361781130,1038604,17,19943424,16384,12,2,9,9
345,361781130,1038604,18,156263424,16384,12,2,9,9
345,361781130,1038604,19,284671232,16384,12,2,9,9
345,361781130,1038604,20,138449408,256,9,3,9,9
345,361781130,1038604,21,164123136,1024,6,2,9,9
345,361781130,1038604,22,16271616,4096,5,1,9,9
345,361781130,1038604,23,27812352,4096,5,1,9,9
345,361781130,1038604,24,156259072,4096,5,1,9,9
345,361781130,1038604,25,174590464,4096,5,1,9,9
345,361781130,1038604,26,272595968,16384,5,1,9,9
345,361781130,1038604,27,523520,1024,3,1,9,9
345,361781130,1038604,28,11543296,256,3,1,9,9
345,361781130,1038604,29,24139264,256,3,1,9,9
345,361781130,1038604,30,37260032,1024,3,1,9,9
345,361781130,1038604,31,194999552,256,3,1,9,9
346,362819734,1047685,0,345013248,4096,95,19,10,10
346,362819734,1047685,1,338187264,16384,75,13,10,10
346,362819734,1047685,2,143680512,4096,61,15,10,10
346,362819734,1047685,3,42508288,4096,52,12,10,10
346,362819734,1047685,4,304091136,16384,48,8,10,10
346,362819734,1047685,5,306213632,65536,48,8,10,10
346,362819734,1047685,6,314534912,65536,48,8,10,10
346,362819734,1047685,7,327181824,16384,48,8,10,10
346,362819734,1047685,8,342910720,16384,48,8,10,10
346,362819734,1047685,9,357584384,65536,48,8,10,10
346,362819734,1047685,10,360172800,65536,48,8,10,10
346,362819734,1047685,11,90757632,4096,47,11,10,10
346,362819734,1047685,12,176164096,1024,47,11,10,10
346,362819734,1047685,13,230104064,4096,47,11,10,10
346,362819734,1047685,14,263175424,1024,47,11,10,10
346,362819734,1047685,15,56115712,65536,42,6,10,10
346,362819734,1047685,16,62403072,65536,42,6,10,10
346,362819734,1047685,17,226376448,65536,42,6,10,10
346,362819734,1047685,18,245326848,65536,42,6,10,10
346,362819734,1047685,19,254771968,65536,42,6,10,10
346,362819734,1047685,20,258894848,65536,42,6,10,10
346,362819734,1047685,21,270447360,65536,42,6,10,10
346,362819734,1047685,22,343909376,65536,42,6,10,10
346,362819734,1047685,23,276802048,1024,30,6,10,10
346,362819734,1047685,24,86021632,16384,27,5,10,10
346,362819734,1047685,25,127956224,1024,27,5,10,10
346,362819734,1047685,26,93870848,65536,21,3,10,10
346,362819734,1047685,27,100715776,1024,19,9,10,10
346,362819734,1047685,28,346566400,16384,15,3,10,10
346,362819734,1047685,29,66113280,4096,14,4,10,10
346,362819734,1047685,30,243223040,256,14,4,10,10
346,362819734,1047685,31,361776896,4096,14,4,10,10
347,363867419,1046794,0,42508288,4096,29,7,10,10
347,363867419,1046794,1,345013248,4096,25,5,10,10
347,363867419,1046794,2,363335424,16384,24,4,10,10
347,363867419,1046794,3,143680512,4096,23,5,10,10
347,363867419,1046794,4,56674048,65536,21,3,10,10
347,363867419,1046794,5,58214912,65536,21,3,10,10
347,363867419,1046794,6,87579392,65536,21,3,10,10
347,363867419,1046794,7,230073344,65536,21,3,10,10
347,363867419,1046794,8,43556352,4096,16,4,10,10
347,363867419,1046794,9,53000448,4096,16,4,10,10
347,363867419,1046794,10,70309120,4096,16,4,10,10
347,363867419,1046794,11,203385344,4096,16,4,10,10
347,363867419,1046794,12,234820096,4096,16,4,10,10
347,363867419,1046794,13,266841600,4096,16,4,10,10
347,363867419,1046794,14,293093888,4096,16,4,10,10
347,363867419,1046794,15,346572544,4096,16,4,10,10
347,363867419,1046794,16,90757632,4096,13,3,10,10
347,363867419,1046794,17,176164096,1024,13,3,10,10
347,363867419,1046794,18,263175424,1024,13,3,10,10
347,363867419,1046794,19,5759488,16384,12,2,10,10
347,363867419,1046794,20,64530688,16384,12,2,10,10
347,363867419,1046794,21,82362624,16384,12,2,10,10
347,363867419,1046794,22,102809600,4096,12,2,10,10
347,363867419,1046794,23,208625920,4096,12,2,10,10
347,363867419,1046794,24,304091136,16384,12,2,10,10
347,363867419,1046794,25,306213632,65536,12,2,10,10
347,363867419,1046794,26,314534912,65536,12,2,10,10
347,363867419,1046794,27,327181824,16384,12,2,10,10
347,363867419,1046794,28,338187264,16384,12,2,10,10
347,363867419,1046794,29,342910720,16384,12,2,10,10
347,363867419,1046794,30,343958528,16384,12,2,10,10
347,363867419,1046794,31,357584384,65536,12,2,10,10
348,364914213,1049699,0,345013248,4096,106,20,10,10
348,364914213,1049699,1,357584384,65536,99,17,10,10
348,364914213,1049699,2,363867648,4096,96,18,10,10
348,364914213,1049699,3,42968832,65536,78,14,10,10
348,364914213,1049699,4,314534912,65536,78,14,10,10
348,364914213,1049699,5,327181824,16384,78,14,10,10
348,364914213,1049699,6,338187264,16384,78,14,10,10
348,364914213,1049699,7,342910720,16384,78,14,10,10
348,364914213,1049699,8,360172800,65536,78,14,10,10
348,364914213,1049699,9,56115712,65536,37,5,10,10
348,364914213,1049699,10,62403072,65536,37,5,10,10
348,364914213,1049699,11,226376448,65536,37,5,10,10
348,364914213,1049699,12,245326848,65536,37,5,10,10
348,364914213,1049699,13,254771968,65536,37,5,10,10
348,364914213,1049699,14,258894848,65536,37,5,10,10
348,364914213,1049699,15,270447360,65536,37,5,10,10
348,364914213,1049699,16,343909376,65536,37,5,10,10
348,364914213,1049699,17,143680512,4096,33,7,10,10
348,364914213,1049699,18,90757632,4096,28,6,10,10
348,364914213,1049699,19,176164096,1024,28,6,10,10
348,364914213,1049699,20,230104064,4096,28,6,10,10
348,364914213,1049699,21,263175424,1024,28,6,10,10
348,364914213,1049699,22,293093888,4096,23,5,10,10
348,364914213,1049699,23,57165568,65536,21,3,10,10
348,364914213,1049699,24,66604800,65536,21,3,10,10
348,364914213,1049699,25,250016768,65536,21,3,10,10
348,364914213,1049699,26,275692544,65536,21,3,10,10
348,364914213,1049699,27,276737536,65536,21,3,10,10
348,364914213,1049699,28,312993792,65536,21,3,10,10
348,364914213,1049699,29,334530048,65536,21,3,10,10
348,364914213,1049699,30,43556352,4096,18,4,10,10
348,364914213,1049699,31,53000448,4096,18,4,10,10
349,365963912,1044354,0,345013248,4096,93,19,10,10
349,365963912,1044354,1,357584384,65536,88,16,10,10
349,365963912,1044354,2,363867648,4096,85,17,10,10
349,365963912,1044354,3,338187264,16384,72,14,10,10
349,365963912,1044354,4,42968832,65536,67,13,10,10
349,365963912,1044354,5,314534912,65536,67,13,10,10
349,365963912,1044354,6,327181824,16384,67,13,10,10
349,365963912,1044354,7,342910720,16384,67,13,10,10
349,365963912,1044354,8,360172800,65536,67,13,10,10
349,365963912,1044354,9,143680512,4096,40,10,10,10
349,365963912,1044354,10,90757632,4096,26,6,10,10
349,365963912,1044354,11,176164096,1024,26,6,10,10
349,365963912,1044354,12,230104064,4096,26,6,10,10
349,365963912,1044354,13,263175424,1024,26,6,10,10
349,365963912,1044354,14,67096576,65536,24,4,10,10
349,365963912,1044354,15,127430912,1024,22,8,10,10
349,365963912,1044354,16,56115712,65536,21,3,10,10
349,365963912,1044354,17,57165568,65536,21,3,10,10
349,365963912,1044354,18,62403072,65536,21,3,10,10
349,365963912,1044354,19,226376448,65536,21,3,10,10
349,365963912,1044354,20,245326848,65536,21,3,10,10
349,365963912,1044354,21,250016768,65536,21,3,10,10
349,365963912,1044354,22,254771968,65536,21,3,10,10
349,365963912,1044354,23,258894848,65536,21,3,10,10
349,365963912,1044354,24,270447360,65536,21,3,10,10
349,365963912,1044354,25,275692544,65536,21,3,10,10
349,365963912,1044354,26,276737536,65536,21,3,10,10
349,365963912,1044354,27,312993792,65536,21,3,10,10
349,365963912,1044354,28,334530048,65536,21,3,10,10
349,365963912,1044354,29,343909376,65536,21,3,10,10
349,365963912,1044354,30,43556352,4096,18,4,10,10
349,365963912,1044354,31,53000448,4096,18,4,10,10
350,367008266,1045634,0,143680512,4096,38,8,10,10
350,367008266,1045634,1,363867648,4096,34,8,10,10
350,367008266,1045634,2,345013248,4096,31,7,10,10
350,367008266,1045634,3,66113280,4096,28,6,10,10
350,367008266,1045634,4,243223040,256,28,6,10,10
350,367008266,1045634,5,257912832,4096,28,6,10,10
350,367008266,1045634,6,361776896,4096,28,6,10,10
350,367008266,1045634,7,99601408,65536,24,4,10,10
350,367008266,1045634,8,252137984,16384,24,4,10,10
350,367008266,1045634,9,42508288,4096,23,5,10,10
350,367008266,1045634,10,314534912,65536,21,5,10,10
350,367008266,1045634,11,327181824,16384,21,5,10,10
350,367008266,1045634,12,338187264,16384,21,5,10,10
350,367008266,1045634,13,342910720,16384,21,5,10,10
350,367008266,1045634,14,357584384,65536,21,5,10,10
350,367008266,1045634,15,360172800,65536,21,5,10,10
350,367008266,1045634,16,100715776,1024,16,6,10,10
350,367008266,1045634,17,43556352,4096,13,3,10,10
350,367008266,1045634,18,53000448,4096,13,3,10,10
350,367008266,1045634,19,70309120,4096,13,3,10,10
350,367008266,1045634,20,203385344,4096,13,3,10,10
350,367008266,1045634,21,229584640,4096,13,3,10,10
350,367008266,1045634,22,234820096,4096,13,3,10,10
350,367008266,1045634,23,266841600,4096,13,3,10,10
350,367008266,1045634,24,293093888,4096,13,3,10,10
350,367008266,1045634,25,346572544,4096,13,3,10,10
350,367008266,1045634,26,5759488,16384,12,2,10,10
350,367008266,1045634,27,64530688,16384,12,2,10,10
350,367008266,1045634,28,82362624,16384,12,2,10,10
350,367008266,1045634,29,102809600,4096,12,2,10,10
350,367008266,1045634,30,208625920,4096,12,2,10,10
350,367008266,1045634,31,226425600,16384,12,2,10,10
351,368053900,1048483,0,363867648,4096,94,18,10,10
351,368053900,1048483,1,345013248,4096,86,16,10,10
351,368053900,1048483,2,338187264,16384,68,12,10,10
351,368053900,1048483,3,42968832,65536,63,11,10,10
351,368053900,1048483,4,314534912,65536,63,11,10,10
351,368053900,1048483,5,327181824,16384,63,11,10,10
351,368053900,1048483,6,342910720,16384,63,11,10,10
351,368053900,1048483,7,357584384,65536,63,11,10,10
351,368053900,1048483,8,360172800,65536,63,11,10,10
351,368053900,1048483,9,143680512,4096,34,8,10,10
351,368053900,1048483,10,43556352,4096,31,7,10,10
351,368053900,1048483,11,53000448,4096,31,7,10,10
351,368053900,1048483,12,70309120,4096,31,7,10,10
351,368053900,1048483,13,203385344,4096,31,7,10,10
351,368053900,1048483,14,229584640,4096,31,7,10,10
351,368053900,1048483,15,234820096,4096,31,7,10,10
351,368053900,1048483,16,266841600,4096,31,7,10,10
351,368053900,1048483,17,293093888,4096,31,7,10,10
351,368053900,1048483,18,346572544,4096,31,7,10,10
351,368053900,1048483,19,350230016,256,28,8,10,10
351,368053900,1048483,20,258944000,16384,26,4,10,10
351,368053900,1048483,21,87087872,4096,24,6,10,10
351,368053900,1048483,22,90757632,4096,23,5,10,10
351,368053900,1048483,23,176164096,1024,23,5,10,10
351,368053900,1048483,24,263175424,1024,23,5,10,10
351,368053900,1048483,25,56115712,65536,21,3,10,10
351,368053900,1048483,26,62403072,65536,21,3,10,10
351,368053900,1048483,27,99601408,65536,21,3,10,10
351,368053900,1048483,28,226376448,65536,21,3,10,10
351,368053900,1048483,29,245326848,65536,21,3,10,10
351,368053900,1048483,30,252137984,16384,21,3,10,10
351,368053900,1048483,31,254771968,65536,21,3,10,10
352,369102383,1039028,0,345013248,4096,37,7,10,10
352,369102383,1039028,1,363867648,4096,37,7,10,10
352,369102383,1039028,2,338187264,16384,36,6,10,10
352,369102383,1039028,3,5759488,16384,27,5,10,10
352,369102383,1039028,4,64530688,16384,27,5,10,10
352,369102383,1039028,5,82362624,16384,27,5,10,10
352,369102383,1039028,6,102809600,4096,27,5,10,10
352,369102383,1039028,7,143152128,16384,27,5,10,10
352,369102383,1039028,8,208625920,4096,27,5,10,10
352,369102383,1039028,9,343958528,16384,27,5,10,10
352,369102383,1039028,10,42508288,4096,26,6,10,10
352,369102383,1039028,11,314534912,65536,24,4,10,10
352,369102383,1039028,12,327181824,16384,24,4,10,10
352,369102383,1039028,13,342910720,16384,24,4,10,10
352,369102383,1039028,14,357584384,65536,24,4,10,10
352,369102383,1039028,15,360172800,65536,24,4,10,10
352,369102383,1039028,16,56115712,65536,21,3,10,10
352,369102383,1039028,17,62403072,65536,21,3,10,10
352,369102383,1039028,18,226376448,65536,21,3,10,10
352,369102383,1039028,19,245326848,65536,21,3,10,10
352,369102383,1039028,20,254771968,65536,21,3,10,10
352,369102383,1039028,21,258894848,65536,21,3,10,10
352,369102383,1039028,22,270447360,65536,21,3,10,10
352,369102383,1039028,23,276802048,1024,15,3,10,10
352,369102383,1039028,24,263175424,1024,14,4,10,10
352,369102383,1039028,25,43556352,4096,13,3,10,10
352,369102383,1039028,26,53000448,4096,13,3,10,10
352,369102383,1039028,27,70309120,4096,13,3,10,10
352,369102383,1039028,28,90757632,4096,13,3,10,10
352,369102383,1039028,29,176164096,1024,13,3,10,10
352,369102383,1039028,30,200241408,4096,13,3,10,10
352,369102383,1039028,31,203385344,4096,13,3,10,10
353,370141411,1044038,0,345013248,4096,64,16,10,10
353,370141411,1044038,1,56115712,65536,63,9,10,10
353,370141411,1044038,2,62403072,65536,63,9,10,10
353,370141411,1044038,3,226376448,65536,63,9,10,10
353,370141411,1044038,4,245326848,65536,63,9,10,10
353,370141411,1044038,5,254771968,65536,63,9,10,10
353,370141411,1044038,6,258894848,65536,63,9,10,10
353,370141411,1044038,7,270447360,65536,63,9,10,10
353,370141411,1044038,8,327181824,65536,63,9,10,10
353,370141411,1044038,9,343909376,65536,63,9,10,10
353,370141411,1044038,10,143680512,4096,55,15,10,10
353,370141411,1044038,11,42508288,4096,44,12,10,10
353,370141411,1044038,12,90757632,4096,36,10,10,10
353,370141411,1044038,13,176164096,1024,36,10,10,10
353,370141411,1044038,14,230104064,4096,36,10,10,10
353,370141411,1044038,15,263175424,1024,36,10,10,10
353,370141411,1044038,16,363867648,4096,36,8,10,10
353,370141411,1044038,17,5759488,16384,36,6,10,10
353,370141411,1044038,18,64530688,16384,36,6,10,10
353,370141411,1044038,19,82362624,16384,36,6,10,10
353,370141411,1044038,20,102809600,4096,36,6,10,10
353,370141411,1044038,21,208625920,4096,36,6,10,10
353,370141411,1044038,22,314534912,65536,28,6,10,10
353,370141411,1044038,23,338187264,16384,28,6,10,10
353,370141411,1044038,24,342910720,16384,28,6,10,10
353,370141411,1044038,25,357584384,65536,28,6,10,10
353,370141411,1044038,26,360172800,65536,28,6,10,10
353,370141411,1044038,27,100715776,1024,22,10,10,10
353,370141411,1044038,28,66113280,4096,19,5,10,10
353,370141411,1044038,29,243223040,256,19,5,10,10
353,370141411,1044038,30,350230016,256,19,5,10,10
353,370141411,1044038,31,361776896,4096,19,5,10,10
354,371185449,1028861,0,40937216,16384,55,11,6,6
354,371185449,1028861,1,46694144,16384,55,11,6,6
354,371185449,1028861,2,48260352,16384,55,11,6,6
354,371185449,1028861,3,117424640,65536,55,11,6,6
354,371185449,1028861,4,118538752,16384,55,11,6,6
354,371185449,1028861,5,216999424,16384,55,11,6,6
354,371185449,1028861,6,218046720,16384,55,11,6,6
354,371185449,1028861,7,240064768,65536,55,11,6,6
354,371185449,1028861,8,250573824,16384,55,11,6,6
354,371185449,1028861,9,277295872,65536,55,11,6,6
354,371185449,1028861,10,296765440,65536,55,11,6,6
354,371185449,1028861,11,298798848,65536,55,11,6,6
354,371185449,1028861,12,107522048,16384,39,7,6,6
354,371185449,1028861,13,299910400,256,36,8,6,6
354,371185449,1028861,14,237961728,16384,27,5,6,6
354,371185449,1028861,15,73457664,4096,13,3,6,6
354,371185449,1028861,16,104910592,4096,13,3,6,6
354,371185449,1028861,17,124285696,4096,13,3,6,6
354,371185449,1028861,18,104353536,65536,12,2,6,6
354,371185449,1028861,19,109043456,65536,12,2,6,6
354,371185449,1028861,20,118522112,16384,12,2,6,6
354,371185449,1028861,21,119580160,65536,12,2,6,6
354,371185449,1028861,22,190790400,16384,12,2,6,6
354,371185449,1028861,23,214903552,16384,12,2,6,6
354,371185449,1028861,24,219110656,65536,12,2,6,6
354,371185449,1028861,25,246375936,16384,12,2,6,6
354,371185449,1028861,26,295651584,65536,12,2,6,6
354,371185449,1028861,27,234293504,1024,11,3,6,6
354,371185449,1028861,28,264226048,256,4,2,6,6
354,371185449,1028861,29,299910400,1024,36,8,6,6
354,371185449,1028861,30,299910400,4096,36,8,6,6
354,371185449,1028861,31,107529728,1024,30,6,6,6
355,372214310,1040341,0,40937216,16384,24,4,6,6
355,372214310,1040341,1,46694144,16384,24,4,6,6
355,372214310,1040341,2,48260352,16384,24,4,6,6
355,372214310,1040341,3,117424640,65536,24,4,6,6
355,372214310,1040341,4,118538752,16384,24,4,6,6
355,372214310,1040341,5,216999424,16384,24,4,6,6
355,372214310,1040341,6,218046720,16384,24,4,6,6
355,372214310,1040341,7,240064768,65536,24,4,6,6
355,372214310,1040341,8,250573824,16384,24,4,6,6
355,372214310,1040341,9,277295872,65536,24,4,6,6
355,372214310,1040341,10,296765440,65536,24,4,6,6
355,372214310,1040341,11,298798848,65536,24,4,6,6
355,372214310,1040341,12,124285696,4096,20,4,6,6
355,372214310,1040341,13,199193088,4096,15,3,6,6
355,372214310,1040341,14,295192064,1024,14,6,6,6
355,372214310,1040341,15,120095744,16384,12,2,6,6
355,372214310,1040341,16,299910400,256,10,2,6,6
355,372214310,1040341,17,73457664,4096,9,3,6,6
355,372214310,1040341,18,104910592,4096,9,3,6,6
355,372214310,1040341,19,372210176,4096,8,2,6,6
355,372214310,1040341,20,107529728,1024,4,2,6,6
355,372214310,1040341,21,234293504,1024,3,1,6,6
355,372214310,1040341,22,264226048,256,3,1,6,6
355,372214310,1040341,23,291505664,256,3,1,6,6
355,372214310,1040341,24,120101888,4096,12,2,6,6
355,372214310,1040341,25,299910400,1024,10,2,6,6
355,372214310,1040341,26,299910400,4096,10,2,6,6
355,372214310,1040341,27,73460736,1024,9,3,6,6
355,372214310,1040341,28,264226048,1024,3,1,6,6
356,373254651,1048341,0,42508288,4096,42,10,10,10
356,373254651,1048341,1,363867648,4096,41,9,10,10
356,373254651,1048341,2,345013248,4096,33,9,10,10
356,373254651,1048341,3,99601408,65536,33,5,10,10
356,373254651,1048341,4,252137984,16384,33,5,10,10
356,373254651,1048341,5,338187264,16384,31,7,10,10
356,373254651,1048341,6,143680512,4096,25,7,10,10
356,373254651,1048341,7,43556352,4096,25,5,10,10
356,373254651,1048341,8,53000448,4096,25,5,10,10
356,373254651,1048341,9,70309120,4096,25,5,10,10
356,373254651,1048341,10,203385344,4096,25,5,10,10
356,373254651,1048341,11,229584640,4096,25,5,10,10
356,373254651,1048341,12,234820096,4096,25,5,10,10
356,373254651,1048341,13,266841600,4096,25,5,10,10
356,373254651,1048341,14,293093888,4096,25,5,10,10
356,373254651,1048341,15,346572544,4096,25,5,10,10
356,373254651,1048341,16,90757632,4096,17,5,10,10
356,373254651,1048341,17,176164096,1024,17,5,10,10
356,373254651,1048341,18,263175424,1024,17,5,10,10
356,373254651,1048341,19,327181824,16384,16,4,10,10
356,373254651,1048341,20,342910720,16384,16,4,10,10
356,373254651,1048341,21,357584384,65536,16,4,10,10
356,373254651,1048341,22,360172800,65536,16,4,10,10
356,373254651,1048341,23,371169024,16384,16,4,10,10
356,373254651,1048341,24,86021632,16384,15,3,10,10
356,373254651,1048341,25,127956224,1024,15,3,10,10
356,373254651,1048341,26,207561472,16384,15,3,10,10
356,373254651,1048341,27,276786688,16384,15,3,10,10
356,373254651,1048341,28,87087872,4096,13,3,10,10
356,373254651,1048341,29,350230016,256,13,3,10,10
356,373254651,1048341,30,226425600,16384,12,2,10,10
356,373254651,1048341,31,56674048,65536,9,1,10,10
357,374302992,1041099,0,16797952,4096,33,7,9,9
357,374302992,1041099,1,121671680,4096,28,6,9,9
357,374302992,1041099,2,16271616,4096,23,5,9,9
357,374302992,1041099,3,27812352,4096,23,5,9,9
357,374302992,1041099,4,156259072,4096,23,5,9,9
357,374302992,1041099,5,174590464,4096,23,5,9,9
357,374302992,1041099,6,322993408,4096,23,5,9,9
357,374302992,1041099,7,165691136,1024,21,5,9,9
357,374302992,1041099,8,151548160,4096,18,4,9,9
357,374302992,1041099,9,3080960,65536,15,3,9,9
357,374302992,1041099,10,13641728,16384,15,3,9,9
357,374302992,1041099,11,178243840,16384,15,3,9,9
357,374302992,1041099,12,179786752,65536,15,3,9,9
357,374302992,1041099,13,180343296,65536,15,3,9,9
357,374302992,1041099,14,182438400,65536,15,3,9,9
357,374302992,1041099,15,196540416,65536,15,3,9,9
357,374302992,1041099,16,1048320,65536,12,2,9,9
357,374302992,1041099,17,4129792,65536,12,2,9,9
357,374302992,1041099,18,166741248,4096,12,2,9,9
357,374302992,1041099,19,171420416,65536,12,2,9,9
357,374302992,1041099,20,178227200,16384,12,2,9,9
357,374302992,1041099,21,305098496,65536,12,2,9,9
357,374302992,1041099,22,83940352,4096,10,4,9,9
357,374302992,1041099,23,138449408,256,10,2,9,9
357,374302992,1041099,24,146842112,4096,10,2,9,9
357,374302992,1041099,25,159930880,4096,10,2,9,9
357,374302992,1041099,26,166214656,4096,10,2,9,9
357,374302992,1041099,27,181910016,4096,10,2,9,9
357,374302992,1041099,28,159407872,1024,8,2,9,9
357,374302992,1041099,29,24139264,256,7,3,9,9
357,374302992,1041099,30,194999552,256,7,3,9,9
357,374302992,1041099,31,34637312,1024,6,2,9,9
358,375344091,1048740,0,345013248,4096,52,10,10,10
358,375344091,1048740,1,42508288,4096,45,11,10,10
358,375344091,1048740,2,143680512,4096,45,11,10,10
358,375344091,1048740,3,338187264,16384,36,6,10,10
358,375344091,1048740,4,363867648,4096,35,7,10,10
358,375344091,1048740,5,263175424,1024,32,8,10,10
358,375344091,1048740,6,90757632,4096,31,7,10,10
358,375344091,1048740,7,176164096,1024,31,7,10,10
358,375344091,1048740,8,230104064,4096,31,7,10,10
358,375344091,1048740,9,350230016,256,24,6,10,10
358,375344091,1048740,10,5759488,16384,24,4,10,10
358,375344091,1048740,11,64530688,16384,24,4,10,10
358,375344091,1048740,12,82362624,16384,24,4,10,10
358,375344091,1048740,13,93870848,65536,24,4,10,10
358,375344091,1048740,14,102809600,4096,24,4,10,10
358,375344091,1048740,15,208625920,4096,24,4,10,10
358,375344091,1048740,16,343958528,16384,24,4,10,10
358,375344091,1048740,17,100715776,1024,22,8,10,10
358,375344091,1048740,18,342910720,16384,21,3,10,10
358,375344091,1048740,19,357584384,65536,21,3,10,10
358,375344091,1048740,20,360172800,65536,21,3,10,10
358,375344091,1048740,21,371169024,16384,21,3,10,10
358,375344091,1048740,22,374286592,16384,21,3,10,10
358,375344091,1048740,23,87087872,4096,19,5,10,10
358,375344091,1048740,24,55096832,4096,17,3,10,10
358,375344091,1048740,25,204438784,4096,17,3,10,10
358,375344091,1048740,26,86021632,16384,15,3,10,10
358,375344091,1048740,27,127956224,1024,15,3,10,10
358,375344091,1048740,28,226425600,16384,15,3,10,10
358,375344091,1048740,29,276786688,16384,15,3,10,10
358,375344091,1048740,30,43556352,4096,14,4,10,10
358,375344091,1048740,31,53000448,4096,14,4,10,10
359,376392831,1050647,0,345013248,4096,87,17,10,10
359,376392831,1050647,1,143680512,4096,63,15,10,10
359,376392831,1050647,2,363867648,4096,61,11,10,10
359,376392831,1050647,3,42968832,65536,51,9,10,10
359,376392831,1050647,4,342910720,16384,51,9,10,10
359,376392831,1050647,5,357584384,65536,51,9,10,10
359,376392831,1050647,6,360172800,65536,51,9,10,10
359,376392831,1050647,7,371169024,16384,51,9,10,10
359,376392831,1050647,8,374286592,16384,51,9,10,10
359,376392831,1050647,9,376327168,65536,51,9,10,10
359,376392831,1050647,10,56115712,65536,47,7,10,10
359,376392831,1050647,11,62403072,65536,47,7,10,10
359,376392831,1050647,12,226376448,65536,47,7,10,10
359,376392831,1050647,13,245326848,65536,47,7,10,10
359,376392831,1050647,14,254771968,65536,47,7,10,10
359,376392831,1050647,15,258894848,65536,47,7,10,10
359,376392831,1050647,16,270447360,65536,47,7,10,10
359,376392831,1050647,17,327181824,65536,47,7,10,10
359,376392831,1050647,18,343909376,65536,47,7,10,10
359,376392831,1050647,19,93870848,65536,46,8,10,10
359,376392831,1050647,20,90757632,4096,36,8,10,10
359,376392831,1050647,21,176164096,1024,36,8,10,10
359,376392831,1050647,22,230104064,4096,36,8,10,10
359,376392831,1050647,23,263175424,1024,36,8,10,10
359,376392831,1050647,24,5759488,16384,31,7,10,10
359,376392831,1050647,25,64530688,16384,31,7,10,10
359,376392831,1050647,26,82362624,16384,31,7,10,10
359,376392831,1050647,27,102809600,4096,31,7,10,10
359,376392831,1050647,28,208625920,4096,31,7,10,10
359,376392831,1050647,29,66113280,4096,27,7,10,10
359,376392831,1050647,30,243223040,256,27,7,10,10
359,376392831,1050647,31,361776896,4096,27,7,10,10
360,377443478,1050959,0,363867648,4096,198,36,10,10
360,377443478,1050959,1,357584384,65536,174,28,10,10
360,377443478,1050959,2,345013248,4096,155,27,10,10
360,377443478,1050959,3,42968832,65536,132,22,10,10
360,377443478,1050959,4,342910720,16384,132,22,10,10
360,377443478,1050959,5,360172800,65536,132,22,10,10
360,377443478,1050959,6,371169024,16384,132,22,10,10
360,377443478,1050959,7,374286592,16384,132,22,10,10
360,377443478,1050959,8,376327168,65536,132,22,10,10
360,377443478,1050959,9,56115712,65536,81,13,10,10
360,377443478,1050959,10,62403072,65536,81,13,10,10
360,377443478,1050959,11,226376448,65536,81,13,10,10
360,377443478,1050959,12,245326848,65536,81,13,10,10
360,377443478,1050959,13,254771968,65536,81,13,10,10
360,377443478,1050959,14,258894848,65536,81,13,10,10
360,377443478,1050959,15,270447360,65536,81,13,10,10
360,377443478,1050959,16,327181824,65536,81,13,10,10
360,377443478,1050959,17,343909376,65536,81,13,10,10
360,377443478,1050959,18,143680512,4096,66,16,10,10
360,377443478,1050959,19,43556352,4096,66,14,10,10
360,377443478,1050959,20,53000448,4096,66,14,10,10
360,377443478,1050959,21,70309120,4096,66,14,10,10
360,377443478,1050959,22,203385344,4096,66,14,10,10
360,377443478,1050959,23,229584640,4096,66,14,10,10
360,377443478,1050959,24,234820096,4096,66,14,10,10
360,377443478,1050959,25,266841600,4096,66,14,10,10
360,377443478,1050959,26,293093888,4096,66,14,10,10
360,377443478,1050959,27,346572544,4096,66,14,10,10
360,377443478,1050959,28,5759488,16384,62,12,10,10
360,377443478,1050959,29,64530688,16384,62,12,10,10
360,377443478,1050959,30,82362624,16384,62,12,10,10
360,377443478,1050959,31,102809600,4096,62,12,10,10
361,378494437,1047727,0,363867648,4096,132,26,10,10
361,378494437,1047727,1,345013248,4096,110,20,10,10
361,378494437,1047727,2,42508288,4096,98,22,10,10
361,378494437,1047727,3,342910720,16384,72,12,10,10
361,378494437,1047727,4,357584384,65536,72,12,10,10
361,378494437,1047727,5,360172800,65536,72,12,10,10
361,378494437,1047727,6,371169024,16384,72,12,10,10
361,378494437,1047727,7,374286592,16384,72,12,10,10
361,378494437,1047727,8,376327168,65536,72,12,10,10
361,378494437,1047727,9,143680512,4096,67,15,10,10
361,378494437,1047727,10,43556352,4096,60,14,10,10
361,378494437,1047727,11,53000448,4096,60,14,10,10
361,378494437,1047727,12,70309120,4096,60,14,10,10
361,378494437,1047727,13,203385344,4096,60,14,10,10
361,378494437,1047727,14,229584640,4096,60,14,10,10
361,378494437,1047727,15,234820096,4096,60,14,10,10
361,378494437,1047727,16,266841600,4096,60,14,10,10
361,378494437,1047727,17,293093888,4096,60,14,10,10
361,378494437,1047727,18,346572544,4096,60,14,10,10
361,378494437,1047727,19,90757632,4096,38,8,10,10
361,378494437,1047727,20,176164096,1024,38,8,10,10
361,378494437,1047727,21,263175424,1024,38,8,10,10
361,378494437,1047727,22,350230016,256,37,9,10,10
361,378494437,1047727,23,87087872,4096,34,8,10,10
361,378494437,1047727,24,376392960,4096,34,8,10,10
361,378494437,1047727,25,66113280,4096,29,7,10,10
361,378494437,1047727,26,243223040,256,29,7,10,10
361,378494437,1047727,27,257912832,4096,29,7,10,10
361,378494437,1047727,28,361776896,4096,29,7,10,10
361,378494437,1047727,29,200241408,4096,25,5,10,10
361,378494437,1047727,30,276802048,1024,18,4,10,10
361,378494437,1047727,31,100715776,1024,13,5,10,10
362,379542164,1044910,0,345013248,4096,88,16,10,10
362,379542164,1044910,1,363867648,4096,81,15,10,10
362,379542164,1044910,2,42968832,65536,63,11,10,10
362,379542164,1044910,3,357584384,65536,63,11,10,10
362,379542164,1044910,4,360172800,65536,63,11,10,10
362,379542164,1044910,5,371169024,16384,63,11,10,10
362,379542164,1044910,6,374286592,16384,63,11,10,10
362,379542164,1044910,7,376327168,65536,63,11,10,10
362,379542164,1044910,8,378494464,16384,63,11,10,10
362,379542164,1044910,9,226442240,65536,42,6,10,10
362,379542164,1044910,10,143680512,4096,39,9,10,10
362,379542164,1044910,11,90757632,4096,25,5,10,10
362,379542164,1044910,12,176164096,1024,25,5,10,10
362,379542164,1044910,13,230104064,4096,25,5,10,10
362,379542164,1044910,14,263175424,1024,25,5,10,10
362,379542164,1044910,15,87087872,4096,20,4,10,10
362,379542164,1044910,16,350230016,256,20,4,10,10
362,379542164,1044910,17,376392960,4096,20,4,10,10
362,379542164,1044910,18,43556352,4096,18,4,10,10
362,379542164,1044910,19,53000448,4096,18,4,10,10
362,379542164,1044910,20,70309120,4096,18,4,10,10
362,379542164,1044910,21,203385344,4096,18,4,10,10
362,379542164,1044910,22,234820096,4096,18,4,10,10
362,379542164,1044910,23,266841600,4096,18,4,10,10
362,379542164,1044910,24,293093888,4096,18,4,10,10
362,379542164,1044910,25,346572544,4096,18,4,10,10
362,379542164,1044910,26,86021632,16384,16,4,10,10
362,379542164,1044910,27,127956224,1024,16,4,10,10
362,379542164,1044910,28,276786688,16384,16,4,10,10
362,379542164,1044910,29,337672192,16384,16,4,10,10
362,379542164,1044910,30,66113280,4096,14,4,10,10
362,379542164,1044910,31,243223040,256,14,4,10,10
363,380587074,1042556,0,86560768,4096,150,48,10,10
363,380587074,1042556,1,363867648,4096,95,17,10,10
363,380587074,1042556,2,345013248,4096,91,17,10,10
363,380587074,1042556,3,42968832,65536,70,12,10,10
363,380587074,1042556,4,357584384,65536,70,12,10,10
363,380587074,1042556,5,360172800,65536,70,12,10,10
363,380587074,1042556,6,371169024,16384,70,12,10,10
363,380587074,1042556,7,374286592,16384,70,12,10,10
363,380587074,1042556,8,376327168,65536,70,12,10,10
363,380587074,1042556,9,378494464,16384,70,12,10,10
363,380587074,1042556,10,143680512,4096,44,10,10,10
363,380587074,1042556,11,276802048,1024,30,6,10,10
363,380587074,1042556,12,86021632,16384,27,5,10,10
363,380587074,1042556,13,127956224,1024,27,5,10,10
363,380587074,1042556,14,337672192,16384,27,5,10,10
363,380587074,1042556,15,67686144,1024,25,11,10,10
363,380587074,1042556,16,43556352,4096,25,5,10,10
363,380587074,1042556,17,53000448,4096,25,5,10,10
363,380587074,1042556,18,70309120,4096,25,5,10,10
363,380587074,1042556,19,203385344,4096,25,5,10,10
363,380587074,1042556,20,229584640,4096,25,5,10,10
363,380587074,1042556,21,234820096,4096,25,5,10,10
363,380587074,1042556,22,266841600,4096,25,5,10,10
363,380587074,1042556,23,293093888,4096,25,5,10,10
363,380587074,1042556,24,346572544,4096,25,5,10,10
363,380587074,1042556,25,56115712,65536,24,4,10,10
363,380587074,1042556,26,62403072,65536,24,4,10,10
363,380587074,1042556,27,99601408,65536,24,4,10,10
363,380587074,1042556,28,226376448,65536,24,4,10,10
363,380587074,1042556,29,245326848,65536,24,4,10,10
363,380587074,1042556,30,252137984,16384,24,4,10,10
363,380587074,1042556,31,254771968,65536,24,4,10,10
364,381629630,1049905,0,40937216,16384,52,10,6,6
364,381629630,1049905,1,46694144,16384,52,10,6,6
364,381629630,1049905,2,118538752,16384,52,10,6,6
364,381629630,1049905,3,216999424,16384,52,10,6,6
364,381629630,1049905,4,218046720,16384,52,10,6,6
364,381629630,1049905,5,240064768,65536,52,10,6,6
364,381629630,1049905,6,250573824,16384,52,10,6,6
364,381629630,1049905,7,277295872,65536,52,10,6,6
364,381629630,1049905,8,296765440,65536,52,10,6,6
364,381629630,1049905,9,298798848,65536,52,10,6,6
364,381629630,1049905,10,373238016,16384,52,10,6,6
364,381629630,1049905,11,107529728,1024,30,6,6,6
364,381629630,1049905,12,237961728,16384,27,5,6,6
364,381629630,1049905,13,73457664,4096,23,5,6,6
364,381629630,1049905,14,104910592,4096,23,5,6,6
364,381629630,1049905,15,47719680,65536,21,3,6,6
364,381629630,1049905,16,104353536,65536,21,3,6,6
364,381629630,1049905,17,109043456,65536,21,3,6,6
364,381629630,1049905,18,119580160,65536,21,3,6,6
364,381629630,1049905,19,214903552,16384,21,3,6,6
364,381629630,1049905,20,219110656,65536,21,3,6,6
364,381629630,1049905,21,246375936,16384,21,3,6,6
364,381629630,1049905,22,295651584,65536,21,3,6,6
364,381629630,1049905,23,124285696,4096,15,3,6,6
364,381629630,1049905,24,200245760,16384,15,3,6,6
364,381629630,1049905,25,199193088,4096,10,2,6,6
364,381629630,1049905,26,61385216,4096,9,3,6,6
364,381629630,1049905,27,234293504,1024,8,2,6,6
364,381629630,1049905,28,33055744,1024,7,3,6,6
364,381629630,1049905,29,115397120,1024,7,3,6,6
364,381629630,1049905,30,118006272,16384,5,1,6,6
364,381629630,1049905,31,299910400,256,5,1,6,6
365,382679535,1046255,0,40937216,16384,39,7,6,6
365,382679535,1046255,1,46694144,16384,39,7,6,6
365,382679535,1046255,2,118538752,16384,39,7,6,6
365,382679535,1046255,3,216999424,16384,39,7,6,6
365,382679535,1046255,4,218046720,16384,39,7,6,6
365,382679535,1046255,5,240064768,65536,39,7,6,6
365,382679535,1046255,6,250573824,16384,39,7,6,6
365,382679535,1046255,7,277295872,65536,39,7,6,6
365,382679535,1046255,8,296765440,65536,39,7,6,6
365,382679535,1046255,9,298798848,65536,39,7,6,6
365,382679535,1046255,10,373238016,16384,39,7,6,6
365,382679535,1046255,11,73457664,4096,38,8,6,6
365,382679535,1046255,12,104910592,4096,38,8,6,6
365,382679535,1046255,13,199193088,4096,35,9,6,6
365,382679535,1046255,14,115398400,65536,21,3,6,6
365,382679535,1046255,15,107529728,1024,19,5,6,6
365,382679535,1046255,16,124285696,4096,18,4,6,6
365,382679535,1046255,17,237961728,16384,12,2,6,6
365,382679535,1046255,18,299910400,256,10,2,6,6
365,382679535,1046255,19,234293504,1024,8,2,6,6
365,382679535,1046255,20,103862272,4096,5,1,6,6
365,382679535,1046255,21,123762944,1024,4,2,6,6
365,382679535,1046255,22,264226048,256,3,1,6,6
365,382679535,1046255,23,242172416,256,1,1,6,6
365,382679535,1046255,24,373250304,4096,39,7,6,6
365,382679535,1046255,25,73460736,1024,38,8,6,6
365,382679535,1046255,26,216950272,65536,21,3,6,6
365,382679535,1046255,27,107522048,16384,12,2,6,6
365,382679535,1046255,28,107528192,4096,12,2,6,6
365,382679535,1046255,29,299910400,1024,10,2,6,6
365,382679535,1046255,30,299910400,4096,10,2,6,6
365,382679535,1046255,31,264226048,1024,3,1,6,6
366,383725790,1040959,0,363867648,4096,97,19,10,10
366,383725790,1040959,1,345013248,4096,91,17,10,10
366,383725790,1040959,2,42968832,65536,73,13,10,10
366,383725790,1040959,3,357584384,65536,73,13,10,10
366,383725790,1040959,4,360172800,65536,73,13,10,10
366,383725790,1040959,5,371169024,16384,73,13,10,10
366,383725790,1040959,6,374286592,16384,73,13,10,10
366,383725790,1040959,7,376327168,65536,73,13,10,10
366,383725790,1040959,8,378494464,16384,73,13,10,10
366,383725790,1040959,9,143680512,4096,28,6,10,10
366,383725790,1040959,10,43556352,4096,24,6,10,10
366,383725790,1040959,11,53000448,4096,24,6,10,10
366,383725790,1040959,12,70309120,4096,24,6,10,10
366,383725790,1040959,13,203385344,4096,24,6,10,10
366,383725790,1040959,14,229584640,4096,24,6,10,10
366,383725790,1040959,15,234820096,4096,24,6,10,10
366,383725790,1040959,16,266841600,4096,24,6,10,10
366,383725790,1040959,17,293093888,4096,24,6,10,10
366,383725790,1040959,18,346572544,4096,24,6,10,10
366,383725790,1040959,19,208560128,65536,21,3,10,10
366,383725790,1040959,20,90757632,4096,18,4,10,10
366,383725790,1040959,21,176164096,1024,18,4,10,10
366,383725790,1040959,22,263175424,1024,18,4,10,10
366,383725790,1040959,23,127430912,1024,17,5,10,10
366,383725790,1040959,24,226440960,1024,13,3,10,10
366,383725790,1040959,25,5759488,16384,12,2,10,10
366,383725790,1040959,26,64530688,16384,12,2,10,10
366,383725790,1040959,27,82362624,16384,12,2,10,10
366,383725790,1040959,28,102809600,4096,12,2,10,10
366,383725790,1040959,29,208625920,4096,12,2,10,10
366,383725790,1040959,30,210191104,16384,12,2,10,10
366,383725790,1040959,31,343958528,16384,12,2,10,10
367,384766749,1048603,0,16797952,4096,57,13,9,9
367,384766749,1048603,1,1048320,65536,41,7,9,9
367,384766749,1048603,2,4129792,65536,41,7,9,9
367,384766749,1048603,3,166741248,16384,41,7,9,9
367,384766749,1048603,4,171420416,65536,41,7,9,9
367,384766749,1048603,5,175045632,65536,41,7,9,9
367,384766749,1048603,6,178227200,16384,41,7,9,9
367,384766749,1048603,7,305098496,65536,41,7,9,9
367,384766749,1048603,8,374815232,16384,41,7,9,9
367,384766749,1048603,9,121671680,4096,38,8,9,9
367,384766749,1048603,10,146842112,4096,33,7,9,9
367,384766749,1048603,11,159930880,4096,33,7,9,9
367,384766749,1048603,12,166214656,4096,33,7,9,9
367,384766749,1048603,13,181910016,4096,33,7,9,9
367,384766749,1048603,14,16271616,4096,24,6,9,9
367,384766749,1048603,15,27812352,4096,24,6,9,9
367,384766749,1048603,16,156259072,4096,24,6,9,9
367,384766749,1048603,17,322993408,4096,24,6,9,9
367,384766749,1048603,18,0,1024,18,4,9,9
367,384766749,1048603,19,83940352,4096,13,5,9,9
367,384766749,1048603,20,180343296,4096,13,5,9,9
367,384766749,1048603,21,164123136,1024,10,2,9,9
367,384766749,1048603,22,45128960,1024,9,3,9,9
367,384766749,1048603,23,362818560,1024,9,3,9,9
367,384766749,1048603,24,165167104,4096,8,2,9,9
367,384766749,1048603,25,24139264,256,6,2,9,9
367,384766749,1048603,26,194999552,256,6,2,9,9
367,384766749,1048603,27,151548160,4096,5,1,9,9
367,384766749,1048603,28,34637312,1024,4,2,9,9
367,384766749,1048603,29,163600128,1024,4,2,9,9
367,384766749,1048603,30,11543296,256,3,1,9,9
367,384766749,1048603,31,12591104,256,3,1,9,9
368,385815352,1048175,0,363867648,4096,74,14,10,10
368,385815352,1048175,1,42968832,65536,51,9,10,10
368,385815352,1048175,2,357584384,65536,51,9,10,10
368,385815352,1048175,3,360172800,65536,51,9,10,10
368,385815352,1048175,4,371169024,16384,51,9,10,10
368,385815352,1048175,5,374286592,16384,51,9,10,10
368,385815352,1048175,6,376327168,65536,51,9,10,10
368,385815352,1048175,7,378494464,16384,51,9,10,10
368,385815352,1048175,8,384213504,65536,51,9,10,10
368,385815352,1048175,9,143680512,4096,41,9,10,10
368,385815352,1048175,10,361776896,4096,26,6,10,10
368,385815352,1048175,11,56115712,65536,24,4,10,10
368,385815352,1048175,12,62403072,65536,24,4,10,10
368,385815352,1048175,13,226376448,65536,24,4,10,10
368,385815352,1048175,14,245326848,65536,24,4,10,10
368,385815352,1048175,15,254771968,65536,24,4,10,10
368,385815352,1048175,16,258894848,65536,24,4,10,10
368,385815352,1048175,17,270447360,65536,24,4,10,10
368,385815352,1048175,18,327181824,65536,24,4,10,10
368,385815352,1048175,19,343909376,65536,24,4,10,10
368,385815352,1048175,20,343975168,65536,24,4,10,10
368,385815352,1048175,21,43556352,4096,23,5,10,10
368,385815352,1048175,22,53000448,4096,23,5,10,10
368,385815352,1048175,23,70309120,4096,23,5,10,10
368,385815352,1048175,24,90757632,4096,23,5,10,10
368,385815352,1048175,25,176164096,1024,23,5,10,10
368,385815352,1048175,26,203385344,4096,23,5,10,10
368,385815352,1048175,27,229584640,4096,23,5,10,10
368,385815352,1048175,28,234820096,4096,23,5,10,10
368,385815352,1048175,29,263175424,1024,23,5,10,10
368,385815352,1048175,30,266841600,4096,23,5,10,10
368,385815352,1048175,31,293093888,4096,23,5,10,10
369,386863527,1045288,0,363867648,4096,107,23,10,10
369,386863527,1045288,1,143680512,4096,76,16,10,10
369,386863527,1045288,2,42508288,4096,73,17,10,10
369,386863527,1045288,3,357584384,65536,67,13,10,10
369,386863527,1045288,4,360172800,65536,67,13,10,10
369,386863527,1045288,5,371169024,16384,67,13,10,10
369,386863527,1045288,6,374286592,16384,67,13,10,10
369,386863527,1045288,7,376327168,65536,67,13,10,10
369,386863527,1045288,8,378494464,16384,67,13,10,10
369,386863527,1045288,9,384213504,65536,67,13,10,10
369,386863527,1045288,10,361776896,4096,48,10,10,10
369,386863527,1045288,11,66113280,4096,43,9,10,10
369,386863527,1045288,12,243223040,256,43,9,10,10
369,386863527,1045288,13,257912832,4096,43,9,10,10
369,386863527,1045288,14,43556352,4096,40,10,10,10
369,386863527,1045288,15,53000448,4096,40,10,10,10
369,386863527,1045288,16,70309120,4096,40,10,10,10
369,386863527,1045288,17,203385344,4096,40,10,10,10
369,386863527,1045288,18,229584640,4096,40,10,10,10
369,386863527,1045288,19,234820096,4096,40,10,10,10
369,386863527,1045288,20,266841600,4096,40,10,10,10
369,386863527,1045288,21,293093888,4096,40,10,10,10
369,386863527,1045288,22,346572544,4096,40,10,10,10
369,386863527,1045288,23,263175424,1024,36,8,10,10
369,386863527,1045288,24,90757632,4096,33,7,10,10
369,386863527,1045288,25,176164096,1024,33,7,10,10
369,386863527,1045288,26,345013248,4096,33,7,10,10
369,386863527,1045288,27,87087872,4096,29,7,10,10
369,386863527,1045288,28,350230016,256,29,7,10,10
369,386863527,1045288,29,376392960,4096,29,7,10,10
369,386863527,1045288,30,208560128,65536,21,3,10,10
369,386863527,1045288,31,269464832,256,15,5,10,10
370,387908815,1049542,0,363867648,4096,49,11,10,10
370,387908815,1049542,1,42508288,4096,43,11,10,10
370,387908815,1049542,2,143680512,4096,34,8,10,10
370,387908815,1049542,3,357584384,65536,30,6,10,10
370,387908815,1049542,4,360172800,65536,30,6,10,10
370,387908815,1049542,5,371169024,16384,30,6,10,10
370,387908815,1049542,6,374286592,16384,30,6,10,10
370,387908815,1049542,7,376327168,65536,30,6,10,10
370,387908815,1049542,8,378494464,16384,30,6,10,10
370,387908815,1049542,9,384213504,65536,30,6,10,10
370,387908815,1049542,10,90757632,4096,24,6,10,10
370,387908815,1049542,11,176164096,1024,24,6,10,10
370,387908815,1049542,12,230104064,4096,24,6,10,10
370,387908815,1049542,13,263175424,1024,24,6,10,10
370,387908815,1049542,14,345013248,4096,24,6,10,10
370,387908815,1049542,15,43556352,4096,19,5,10,10
370,387908815,1049542,16,53000448,4096,19,5,10,10
370,387908815,1049542,17,70309120,4096,19,5,10,10
370,387908815,1049542,18,203385344,4096,19,5,10,10
370,387908815,1049542,19,234820096,4096,19,5,10,10
370,387908815,1049542,20,266841600,4096,19,5,10,10
370,387908815,1049542,21,293093888,4096,19,5,10,10
370,387908815,1049542,22,346572544,4096,19,5,10,10
370,387908815,1049542,23,94411520,16384,15,3,10,10
370,387908815,1049542,24,87087872,4096,14,4,10,10
370,387908815,1049542,25,350230016,256,14,4,10,10
370,387908815,1049542,26,376392960,4096,14,4,10,10
370,387908815,1049542,27,100715776,1024,13,5,10,10
370,387908815,1049542,28,127430912,1024,12,4,10,10
370,387908815,1049542,29,66113280,4096,10,2,10,10
370,387908815,1049542,30,243223040,256,10,2,10,10
370,387908815,1049542,31,257912832,4096,10,2,10,10
371,388958357,1054637,0,13641728,16384,85,15,9,9
371,388958357,1054637,1,121671680,4096,70,16,9,9
371,388958357,1054637,2,16797952,4096,67,15,9,9
371,388958357,1054637,3,146842112,4096,52,12,9,9
371,388958357,1054637,4,159930880,4096,52,12,9,9
371,388958357,1054637,5,166214656,4096,52,12,9,9
371,388958357,1054637,6,181910016,4096,52,12,9,9
371,388958357,1054637,7,3080960,65536,45,7,9,9
371,388958357,1054637,8,178243840,16384,45,7,9,9
371,388958357,1054637,9,179786752,65536,45,7,9,9
371,388958357,1054637,10,180343296,65536,45,7,9,9
371,388958357,1054637,11,182438400,65536,45,7,9,9
371,388958357,1054637,12,196540416,65536,45,7,9,9
371,388958357,1054637,13,1048320,65536,41,7,9,9
371,388958357,1054637,14,4129792,65536,41,7,9,9
371,388958357,1054637,15,166741248,16384,41,7,9,9
371,388958357,1054637,16,171420416,65536,41,7,9,9
371,388958357,1054637,17,175045632,65536,41,7,9,9
371,388958357,1054637,18,178227200,16384,41,7,9,9
371,388958357,1054637,19,305098496,65536,41,7,9,9
371,388958357,1054637,20,374815232,16384,41,7,9,9
371,388958357,1054637,21,272595968,16384,40,8,9,9
371,388958357,1054637,22,34107136,4096,28,8,9,9
371,388958357,1054637,23,322993408,4096,28,6,9,9
371,388958357,1054637,24,19943424,16384,24,4,9,9
371,388958357,1054637,25,156263424,16384,24,4,9,9
371,388958357,1054637,26,163535616,65536,24,4,9,9
371,388958357,1054637,27,193882112,65536,24,4,9,9
371,388958357,1054637,28,284671232,16384,24,4,9,9
371,388958357,1054637,29,151548160,4096,18,4,9,9
371,388958357,1054637,30,165688064,4096,18,4,9,9
371,388958357,1054637,31,16271616,4096,15,3,9,9
372,390012994,1038573,0,363867648,4096,84,16,10,10
372,390012994,1038573,1,42968832,65536,66,12,10,10
372,390012994,1038573,2,357584384,65536,66,12,10,10
372,390012994,1038573,3,360172800,65536,66,12,10,10
372,390012994,1038573,4,371169024,16384,66,12,10,10
372,390012994,1038573,5,374286592,16384,66,12,10,10
372,390012994,1038573,6,376327168,65536,66,12,10,10
372,390012994,1038573,7,378494464,16384,66,12,10,10
372,390012994,1038573,8,384213504,65536,66,12,10,10
372,390012994,1038573,9,143680512,4096,55,11,10,10
372,390012994,1038573,10,56115712,65536,42,6,10,10
372,390012994,1038573,11,62403072,65536,42,6,10,10
372,390012994,1038573,12,226376448,65536,42,6,10,10
372,390012994,1038573,13,245326848,65536,42,6,10,10
372,390012994,1038573,14,254771968,65536,42,6,10,10
372,390012994,1038573,15,258894848,65536,42,6,10,10
372,390012994,1038573,16,270447360,65536,42,6,10,10
372,390012994,1038573,17,327181824,65536,42,6,10,10
372,390012994,1038573,18,343909376,65536,42,6,10,10
372,390012994,1038573,19,343975168,65536,42,6,10,10
372,390012994,1038573,20,66113280,4096,30,6,10,10
372,390012994,1038573,21,243223040,256,30,6,10,10
372,390012994,1038573,22,361776896,4096,30,6,10,10
372,390012994,1038573,23,276802048,1024,27,5,10,10
372,390012994,1038573,24,90757632,4096,25,5,10,10
372,390012994,1038573,25,176164096,1024,25,5,10,10
372,390012994,1038573,26,230104064,4096,25,5,10,10
372,390012994,1038573,27,263175424,1024,25,5,10,10
372,390012994,1038573,28,5759488,16384,24,4,10,10
372,390012994,1038573,29,64530688,16384,24,4,10,10
372,390012994,1038573,30,82362624,16384,24,4,10,10
372,390012994,1038573,31,86021632,16384,24,4,10,10
373,391051567,1050407,0,73457664,4096,51,11,6,6
373,391051567,1050407,1,104910592,4096,51,11,6,6
373,391051567,1050407,2,199193088,4096,38,10,6,6
373,391051567,1050407,3,40937216,16384,37,7,6,6
373,391051567,1050407,4,46694144,16384,37,7,6,6
373,391051567,1050407,5,118538752,16384,37,7,6,6
373,391051567,1050407,6,216999424,16384,37,7,6,6
373,391051567,1050407,7,218046720,16384,37,7,6,6
373,391051567,1050407,8,240064768,65536,37,7,6,6
373,391051567,1050407,9,250573824,16384,37,7,6,6
373,391051567,1050407,10,277295872,65536,37,7,6,6
373,391051567,1050407,11,296765440,65536,37,7,6,6
373,391051567,1050407,12,298798848,65536,37,7,6,6
373,391051567,1050407,13,373238016,16384,37,7,6,6
373,391051567,1050407,14,107522048,16384,36,6,6,6
373,391051567,1050407,15,115398400,65536,24,4,6,6
373,391051567,1050407,16,237961728,16384,24,4,6,6
373,391051567,1050407,17,47228416,16384,21,3,6,6
373,391051567,1050407,18,104353536,65536,21,3,6,6
373,391051567,1050407,19,109043456,65536,21,3,6,6
373,391051567,1050407,20,119580160,65536,21,3,6,6
373,391051567,1050407,21,190249728,65536,21,3,6,6
373,391051567,1050407,22,214903552,16384,21,3,6,6
373,391051567,1050407,23,219110656,65536,21,3,6,6
373,391051567,1050407,24,246375936,16384,21,3,6,6
373,391051567,1050407,25,295651584,65536,21,3,6,6
373,391051567,1050407,26,124285696,4096,19,5,6,6
373,391051567,1050407,27,299910400,256,13,3,6,6
373,391051567,1050407,28,118522112,16384,12,2,6,6
373,391051567,1050407,29,234293504,1024,8,2,6,6
373,391051567,1050407,30,123244032,256,1,1,6,6
373,391051567,1050407,31,73460736,1024,51,11,6,6
374,392101974,1050040,0,121671680,4096,26,6,9,9
374,392101974,1050040,1,16797952,4096,22,6,9,9
374,392101974,1050040,2,3080960,65536,15,3,9,9
374,392101974,1050040,3,13641728,16384,15,3,9,9
374,392101974,1050040,4,179786752,65536,15,3,9,9
374,392101974,1050040,5,180343296,65536,15,3,9,9
374,392101974,1050040,6,182438400,65536,15,3,9,9
374,392101974,1050040,7,196540416,65536,15,3,9,9
374,392101974,1050040,8,389947392,65536,15,3,9,9
374,392101974,1050040,9,164123136,1024,14,4,9,9
374,392101974,1050040,10,146842112,4096,13,3,9,9
374,392101974,1050040,11,151548160,4096,13,3,9,9
374,392101974,1050040,12,159930880,4096,13,3,9,9
374,392101974,1050040,13,165688064,4096,13,3,9,9
374,392101974,1050040,14,166214656,4096,13,3,9,9
374,392101974,1050040,15,181910016,4096,13,3,9,9
374,392101974,1050040,16,322472704,1024,13,3,9,9
374,392101974,1050040,17,1048320,65536,12,2,9,9
374,392101974,1050040,18,4129792,65536,12,2,9,9
374,392101974,1050040,19,166741248,16384,12,2,9,9
374,392101974,1050040,20,171420416,65536,12,2,9,9
374,392101974,1050040,21,175045632,65536,12,2,9,9
374,392101974,1050040,22,178227200,16384,12,2,9,9
374,392101974,1050040,23,305098496,65536,12,2,9,9
374,392101974,1050040,24,374815232,16384,12,2,9,9
374,392101974,1050040,25,16271616,4096,9,3,9,9
374,392101974,1050040,26,27812352,4096,9,3,9,9
374,392101974,1050040,27,156259072,4096,9,3,9,9
374,392101974,1050040,28,45128960,1024,5,1,9,9
374,392101974,1050040,29,34637312,1024,4,2,9,9
374,392101974,1050040,30,283107328,256,4,2,9,9
374,392101974,1050040,31,1047040,1024,3,1,9,9
375,393152014,1051028,0,13641728,16384,77,13,9,9
375,393152014,1051028,1,1048320,65536,57,9,9,9
375,393152014,1051028,2,4129792,65536,57,9,9,9
375,393152014,1051028,3,166741248,16384,57,9,9,9
375,393152014,1051028,4,171420416,65536,57,9,9,9
375,393152014,1051028,5,175045632,65536,57,9,9,9
375,393152014,1051028,6,178227200,16384,57,9,9,9
375,393152014,1051028,7,305098496,65536,57,9,9,9
375,393152014,1051028,8,374815232,16384,57,9,9,9
375,393152014,1051028,9,16797952,16384,47,9,9,9
375,393152014,1051028,10,272595968,16384,47,9,9,9
375,393152014,1051028,11,322993408,4096,37,9,9,9
375,393152014,1051028,12,121671680,4096,36,8,9,9
375,393152014,1051028,13,3080960,65536,30,4,9,9
375,393152014,1051028,14,179786752,65536,30,4,9,9
375,393152014,1051028,15,180343296,65536,30,4,9,9
375,393152014,1051028,16,182438400,65536,30,4,9,9
375,393152014,1051028,17,196540416,65536,30,4,9,9
375,393152014,1051028,18,389947392,65536,30,4,9,9
375,393152014,1051028,19,156259072,4096,28,6,9,9
375,393152014,1051028,20,16271616,4096,23,5,9,9
375,393152014,1051028,21,27812352,4096,23,5,9,9
375,393152014,1051028,22,146842112,4096,23,5,9,9
375,393152014,1051028,23,159930880,4096,23,5,9,9
375,393152014,1051028,24,166214656,4096,23,5,9,9
375,393152014,1051028,25,181910016,4096,23,5,9,9
375,393152014,1051028,26,392594176,65536,21,3,9,9
375,393152014,1051028,27,19943424,16384,15,3,9,9
375,393152014,1051028,28,34107136,4096,15,3,9,9
375,393152014,1051028,29,156263424,16384,15,3,9,9
375,393152014,1051028,30,164123136,1024,15,3,9,9
375,393152014,1051028,31,284671232,16384,15,3,9,9
376,394203042,1048004,0,1048320,65536,49,9,9,9
376,394203042,1048004,1,4129792,65536,49,9,9,9
376,394203042,1048004,2,166741248,16384,49,9,9,9
376,394203042,1048004,3,171420416,65536,49,9,9,9
376,394203042,1048004,4,175045632,65536,49,9,9,9
376,394203042,1048004,5,178227200,16384,49,9,9,9
376,394203042,1048004,6,305098496,65536,49,9,9,9
376,394203042,1048004,7,374815232,16384,49,9,9,9
376,394203042,1048004,8,16797952,4096,24,6,9,9
376,394203042,1048004,9,3080960,65536,21,3,9,9
376,394203042,1048004,10,13641728,16384,21,3,9,9
376,394203042,1048004,11,179786752,65536,21,3,9,9
376,394203042,1048004,12,180343296,65536,21,3,9,9
376,394203042,1048004,13,182438400,65536,21,3,9,9
376,394203042,1048004,14,196540416,65536,21,3,9,9
376,394203042,1048004,15,389947392,65536,21,3,9,9
376,394203042,1048004,16,120628224,4096,19,5,9,9
376,394203042,1048004,17,146842112,4096,19,5,9,9
376,394203042,1048004,18,159930880,4096,19,5,9,9
376,394203042,1048004,19,166214656,4096,19,5,9,9
376,394203042,1048004,20,181910016,4096,19,5,9,9
376,394203042,1048004,21,34107136,4096,10,2,9,9
376,394203042,1048004,22,156259072,4096,10,2,9,9
376,394203042,1048004,23,164123136,1024,10,2,9,9
376,394203042,1048004,24,322993408,4096,10,2,9,9
376,394203042,1048004,25,138449408,256,8,2,9,9
376,394203042,1048004,26,16271616,4096,5,1,9,9
376,394203042,1048004,27,27812352,4096,5,1,9,9
376,394203042,1048004,28,170926592,4096,5,1,9,9
376,394203042,1048004,29,186097664,1024,4,2,9,9
376,394203042,1048004,30,523520,1024,3,1,9,9
376,394203042,1048004,31,37260032,1024,3,1,9,9
377,395251046,1046860,0,40937216,16384,51,9,6,6
377,395251046,1046860,1,46694144,16384,51,9,6,6
377,395251046,1046860,2,118538752,16384,51,9,6,6
377,395251046,1046860,3,216999424,16384,51,9,6,6
377,395251046,1046860,4,218046720,16384,51,9,6,6
377,395251046,1046860,5,240064768,65536,51,9,6,6
377,395251046,1046860,6,250573824,16384,51,9,6,6
377,395251046,1046860,7,277295872,65536,51,9,6,6
377,395251046,1046860,8,296765440,65536,51,9,6,6
377,395251046,1046860,9,298798848,65536,51,9,6,6
377,395251046,1046860,10,373238016,16384,51,9,6,6
377,395251046,1046860,11,31975168,65536,48,8,6,6
377,395251046,1046860,12,107522048,16384,39,7,6,6
377,395251046,1046860,13,73457664,4096,33,7,6,6
377,395251046,1046860,14,104910592,4096,33,7,6,6
377,395251046,1046860,15,237961728,16384,24,4,6,6
377,395251046,1046860,16,124285696,4096,23,5,6,6
377,395251046,1046860,17,199193088,4096,23,5,6,6
377,395251046,1046860,18,47719680,65536,15,3,6,6
377,395251046,1046860,19,104353536,65536,15,3,6,6
377,395251046,1046860,20,109043456,65536,15,3,6,6
377,395251046,1046860,21,118522112,16384,15,3,6,6
377,395251046,1046860,22,119580160,65536,15,3,6,6
377,395251046,1046860,23,214903552,16384,15,3,6,6
377,395251046,1046860,24,219110656,65536,15,3,6,6
377,395251046,1046860,25,246375936,16384,15,3,6,6
377,395251046,1046860,26,295651584,65536,15,3,6,6
377,395251046,1046860,27,33055744,1024,10,2,6,6
377,395251046,1046860,28,115397120,1024,10,2,6,6
377,395251046,1046860,29,299910400,256,10,2,6,6
377,395251046,1046860,30,234293504,1024,3,1,6,6
377,395251046,1046860,31,264226048,256,3,1,6,6
378,396297906,1047627,0,40937216,16384,27,5,6,6
378,396297906,1047627,1,46694144,16384,27,5,6,6
378,396297906,1047627,2,118538752,16384,27,5,6,6
378,396297906,1047627,3,216999424,16384,27,5,6,6
378,396297906,1047627,4,218046720,16384,27,5,6,6
378,396297906,1047627,5,240064768,65536,27,5,6,6
378,396297906,1047627,6,250573824,16384,27,5,6,6
378,396297906,1047627,7,277295872,65536,27,5,6,6
378,396297906,1047627,8,296765440,65536,27,5,6,6
378,396297906,1047627,9,298798848,65536,27,5,6,6
378,396297906,1047627,10,373238016,16384,27,5,6,6
378,396297906,1047627,11,190249728,65536,24,4,6,6
378,396297906,1047627,12,238942720,65536,21,3,6,6
378,396297906,1047627,13,73457664,4096,13,3,6,6
378,396297906,1047627,14,104910592,4096,13,3,6,6
378,396297906,1047627,15,124285696,4096,13,3,6,6
378,396297906,1047627,16,234293504,1024,13,3,6,6
378,396297906,1047627,17,299910400,256,13,3,6,6
378,396297906,1047627,18,33055744,1024,11,3,6,6
378,396297906,1047627,19,115397120,1024,11,3,6,6
378,396297906,1047627,20,199193088,4096,11,3,6,6
378,396297906,1047627,21,107529728,1024,10,4,6,6
378,396297906,1047627,22,247429376,1024,5,1,6,6
378,396297906,1047627,23,264226048,256,3,1,6,6
378,396297906,1047627,24,373250304,4096,27,5,6,6
378,396297906,1047627,25,73460736,1024,13,3,6,6
378,396297906,1047627,26,299910400,1024,13,3,6,6
378,396297906,1047627,27,299910400,4096,13,3,6,6
378,396297906,1047627,28,277328128,1024,11,3,6,6
378,396297906,1047627,29,298339584,1024,4,2,6,6
378,396297906,1047627,30,264226048,1024,3,1,6,6
379,397345533,1049370,0,16797952,4096,39,9,9,9
379,397345533,1049370,1,156259072,4096,35,7,9,9
379,397345533,1049370,2,322993408,4096,35,7,9,9
379,397345533,1049370,3,121671680,4096,30,8,9,9
379,397345533,1049370,4,16271616,4096,30,6,9,9
379,397345533,1049370,5,27812352,4096,30,6,9,9
379,397345533,1049370,6,174590464,4096,30,6,9,9
379,397345533,1049370,7,165691136,1024,28,8,9,9
379,397345533,1049370,8,1048320,65536,28,6,9,9
379,397345533,1049370,9,4129792,65536,28,6,9,9
379,397345533,1049370,10,166741248,16384,28,6,9,9
379,397345533,1049370,11,171420416,65536,28,6,9,9
379,397345533,1049370,12,178227200,16384,28,6,9,9
379,397345533,1049370,13,305098496,65536,28,6,9,9
379,397345533,1049370,14,374815232,16384,28,6,9,9
379,397345533,1049370,15,151548160,4096,21,5,9,9
379,397345533,1049370,16,3080960,65536,21,3,9,9
379,397345533,1049370,17,13641728,16384,21,3,9,9
379,397345533,1049370,18,179786752,65536,21,3,9,9
379,397345533,1049370,19,180343296,65536,21,3,9,9
379,397345533,1049370,20,182438400,65536,21,3,9,9
379,397345533,1049370,21,196540416,65536,21,3,9,9
379,397345533,1049370,22,389947392,65536,21,3,9,9
379,397345533,1049370,23,146842112,4096,9,3,9,9
379,397345533,1049370,24,159930880,4096,9,3,9,9
379,397345533,1049370,25,166214656,4096,9,3,9,9
379,397345533,1049370,26,181910016,4096,9,3,9,9
379,397345533,1049370,27,159407872,1024,8,2,9,9
379,397345533,1049370,28,11543296,256,7,3,9,9
379,397345533,1049370,29,523520,1024,6,2,9,9
379,397345533,1049370,30,24139264,256,6,2,9,9
379,397345533,1049370,31,194999552,256,6,2,9,9
380,398394903,1051957,0,13641728,16384,125,25,9,9
380,398394903,1051957,1,16797952,16384,65,13,9,9
380,398394903,1051957,2,272595968,16384,65,13,9,9
380,398394903,1051957,3,3080960,65536,60,12,9,9
380,398394903,1051957,4,179786752,65536,60,12,9,9
380,398394903,1051957,5,180343296,65536,60,12,9,9
380,398394903,1051957,6,182438400,65536,60,12,9,9
380,398394903,1051957,7,196540416,65536,60,12,9,9
380,398394903,1051957,8,389947392,65536,60,12,9,9
380,398394903,1051957,9,121671680,4096,45,11,9,9
380,398394903,1051957,10,1048320,65536,39,7,9,9
380,398394903,1051957,11,4129792,65536,39,7,9,9
380,398394903,1051957,12,166741248,16384,39,7,9,9
380,398394903,1051957,13,171420416,65536,39,7,9,9
380,398394903,1051957,14,175045632,65536,39,7,9,9
380,398394903,1051957,15,178227200,16384,39,7,9,9
380,398394903,1051957,16,305098496,65536,39,7,9,9
380,398394903,1051957,17,374815232,16384,39,7,9,9
380,398394903,1051957,18,156259072,4096,33,7,9,9
380,398394903,1051957,19,146842112,4096,29,7,9,9
380,398394903,1051957,20,159930880,4096,29,7,9,9
380,398394903,1051957,21,166214656,4096,29,7,9,9
380,398394903,1051957,22,181910016,4096,29,7,9,9
380,398394903,1051957,23,398390784,4096,25,5,9,9
380,398394903,1051957,24,34107136,4096,21,5,9,9
380,398394903,1051957,25,16271616,4096,20,4,9,9
380,398394903,1051957,26,27812352,4096,20,4,9,9
380,398394903,1051957,27,322993408,4096,20,4,9,9
380,398394903,1051957,28,19943424,16384,17,3,9,9
380,398394903,1051957,29,156263424,16384,17,3,9,9
380,398394903,1051957,30,284671232,16384,17,3,9,9
380,398394903,1051957,31,151548160,4096,16,4,9,9
381,399446860,1048161,0,13641728,16384,85,15,9,9
381,399446860,1048161,1,3080960,65536,62,10,9,9
381,399446860,1048161,2,179786752,65536,62,10,9,9
381,399446860,1048161,3,180343296,65536,62,10,9,9
381,399446860,1048161,4,182438400,65536,62,10,9,9
381,399446860,1048161,5,196540416,65536,62,10,9,9
381,399446860,1048161,6,389947392,65536,62,10,9,9
381,399446860,1048161,7,16797952,4096,50,12,9,9
381,399446860,1048161,8,16271616,4096,40,10,9,9
381,399446860,1048161,9,27812352,4096,40,10,9,9
381,399446860,1048161,10,156259072,4096,40,10,9,9
381,399446860,1048161,11,174590464,4096,40,10,9,9
381,399446860,1048161,12,322993408,4096,40,10,9,9
381,399446860,1048161,13,398390784,4096,40,10,9,9
381,399446860,1048161,14,121671680,4096,36,10,9,9
381,399446860,1048161,15,165691136,1024,32,10,9,9
381,399446860,1048161,16,151548160,4096,26,8,9,9
381,399446860,1048161,17,272546816,65536,25,5,9,9
381,399446860,1048161,18,1048320,65536,24,4,9,9
381,399446860,1048161,19,166741248,16384,24,4,9,9
381,399446860,1048161,20,171420416,65536,24,4,9,9
381,399446860,1048161,21,178227200,16384,24,4,9,9
381,399446860,1048161,22,305098496,65536,24,4,9,9
381,399446860,1048161,23,374815232,16384,24,4,9,9
381,399446860,1048161,24,399381248,65536,24,4,9,9
381,399446860,1048161,25,146842112,4096,10,2,9,9
381,399446860,1048161,26,159930880,4096,10,2,9,9
381,399446860,1048161,27,166214656,4096,10,2,9,9
381,399446860,1048161,28,181910016,4096,10,2,9,9
381,399446860,1048161,29,164123136,1024,8,2,9,9
381,399446860,1048161,30,11543296,256,6,2,9,9
381,399446860,1048161,31,34107136,4096,5,1,9,9
382,400495021,1047303,0,363867648,4096,50,10,10,10
382,400495021,1047303,1,42968832,65536,40,8,10,10
382,400495021,1047303,2,357584384,65536,40,8,10,10
382,400495021,1047303,3,360172800,65536,40,8,10,10
382,400495021,1047303,4,371169024,16384,40,8,10,10
382,400495021,1047303,5,374286592,16384,40,8,10,10
382,400495021,1047303,6,376327168,65536,40,8,10,10
382,400495021,1047303,7,378494464,16384,40,8,10,10
382,400495021,1047303,8,384213504,65536,40,8,10,10
382,400495021,1047303,9,143680512,4096,28,6,10,10
382,400495021,1047303,10,5759488,16384,24,4,10,10
382,400495021,1047303,11,64530688,16384,24,4,10,10
382,400495021,1047303,12,82362624,16384,24,4,10,10
382,400495021,1047303,13,102809600,4096,24,4,10,10
382,400495021,1047303,14,208625920,4096,24,4,10,10
382,400495021,1047303,15,343958528,16384,24,4,10,10
382,400495021,1047303,16,56115712,65536,21,3,10,10
382,400495021,1047303,17,62403072,65536,21,3,10,10
382,400495021,1047303,18,226376448,65536,21,3,10,10
382,400495021,1047303,19,245326848,65536,21,3,10,10
382,400495021,1047303,20,254771968,65536,21,3,10,10
382,400495021,1047303,21,258894848,65536,21,3,10,10
382,400495021,1047303,22,270447360,65536,21,3,10,10
382,400495021,1047303,23,327181824,65536,21,3,10,10
382,400495021,1047303,24,343975168,65536,21,3,10,10
382,400495021,1047303,25,89185024,1024,19,7,10,10
382,400495021,1047303,26,134770688,1024,19,7,10,10
382,400495021,1047303,27,334530048,1024,19,7,10,10
382,400495021,1047303,28,66113280,4096,18,4,10,10
382,400495021,1047303,29,243223040,256,18,4,10,10
382,400495021,1047303,30,361776896,4096,18,4,10,10
382,400495021,1047303,31,222772736,1024,13,3,10,10
383,401542324,1047992,0,143680512,4096,28,6,10,10
383,401542324,1047992,1,42508288,4096,26,6,10,10
383,401542324,1047992,2,363867648,4096,25,5,10,10
383,401542324,1047992,3,5759488,16384,17,3,10,10
383,401542324,1047992,4,64530688,16384,17,3,10,10
383,401542324,1047992,5,82362624,16384,17,3,10,10
383,401542324,1047992,6,102809600,4096,17,3,10,10
383,401542324,1047992,7,208625920,4096,17,3,10,10
383,401542324,1047992,8,343958528,16384,17,3,10,10
383,401542324,1047992,9,263175424,1024,16,4,10,10
383,401542324,1047992,10,66113280,4096,15,3,10,10
383,401542324,1047992,11,243223040,256,15,3,10,10
383,401542324,1047992,12,257912832,4096,15,3,10,10
383,401542324,1047992,13,361776896,4096,15,3,10,10
383,401542324,1047992,14,43556352,4096,13,3,10,10
383,401542324,1047992,15,53000448,4096,13,3,10,10
383,401542324,1047992,16,70309120,4096,13,3,10,10
383,401542324,1047992,17,90757632,4096,13,3,10,10
383,401542324,1047992,18,176164096,1024,13,3,10,10
383,401542324,1047992,19,203385344,4096,13,3,10,10
383,401542324,1047992,20,229584640,4096,13,3,10,10
383,401542324,1047992,21,234820096,4096,13,3,10,10
383,401542324,1047992,22,266841600,4096,13,3,10,10
383,401542324,1047992,23,293093888,4096,13,3,10,10
383,401542324,1047992,24,345013248,4096,13,3,10,10
383,401542324,1047992,25,346572544,4096,13,3,10,10
383,401542324,1047992,26,391047424,4096,13,3,10,10
383,401542324,1047992,27,357584384,65536,12,2,10,10
383,401542324,1047992,28,360172800,65536,12,2,10,10
383,401542324,1047992,29,371169024,16384,12,2,10,10
383,401542324,1047992,30,374286592,16384,12,2,10,10
383,401542324,1047992,31,376327168,65536,12,2,10,10
384,402590316,1050597,0,363867648,4096,61,11,10,10
384,402590316,1050597,1,42968832,65536,51,9,10,10
384,402590316,1050597,2,357584384,65536,51,9,10,10
384,402590316,1050597,3,360172800,65536,51,9,10,10
384,402590316,1050597,4,371169024,16384,51,9,10,10
384,402590316,1050597,5,374286592,16384,51,9,10,10
384,402590316,1050597,6,376327168,65536,51,9,10,10
384,402590316,1050597,7,378494464,16384,51,9,10,10
384,402590316,1050597,8,384213504,65536,51,9,10,10
384,402590316,1050597,9,143680512,4096,38,10,10,10
384,402590316,1050597,10,56115712,65536,36,6,10,10
384,402590316,1050597,11,62403072,65536,36,6,10,10
384,402590316,1050597,12,226376448,65536,36,6,10,10
384,402590316,1050597,13,245326848,65536,36,6,10,10
384,402590316,1050597,14,254771968,65536,36,6,10,10
384,402590316,1050597,15,258894848,65536,36,6,10,10
384,402590316,1050597,16,270447360,65536,36,6,10,10
384,402590316,1050597,17,327181824,65536,36,6,10,10
384,402590316,1050597,18,343909376,65536,36,6,10,10
384,402590316,1050597,19,343975168,65536,36,6,10,10
384,402590316,1050597,20,90757632,4096,29,7,10,10
384,402590316,1050597,21,176164096,1024,29,7,10,10
384,402590316,1050597,22,230104064,4096,29,7,10,10
384,402590316,1050597,23,263175424,1024,29,7,10,10
384,402590316,1050597,24,391047424,4096,29,7,10,10
384,402590316,1050597,25,56674048,65536,21,3,10,10
384,402590316,1050597,26,58214912,65536,21,3,10,10
384,402590316,1050597,27,87579392,65536,21,3,10,10
384,402590316,1050597,28,127430912,1024,10,4,10,10
384,402590316,1050597,29,43556352,4096,10,2,10,10
384,402590316,1050597,30,53000448,4096,10,2,10,10
384,402590316,1050597,31,70309120,4096,10,2,10,10
385,403640913,1059406,0,363867648,4096,42,10,10,10
385,403640913,1059406,1,42968832,65536,28,6,10,10
385,403640913,1059406,2,360172800,65536,28,6,10,10
385,403640913,1059406,3,371169024,16384,28,6,10,10
385,403640913,1059406,4,374286592,16384,28,6,10,10
385,403640913,1059406,5,376327168,65536,28,6,10,10
385,403640913,1059406,6,378494464,16384,28,6,10,10
385,403640913,1059406,7,384213504,65536,28,6,10,10
385,403640913,1059406,8,402590464,65536,28,6,10,10
385,403640913,1059406,9,57165568,65536,21,3,10,10
385,403640913,1059406,10,66604800,65536,21,3,10,10
385,403640913,1059406,11,250016768,65536,21,3,10,10
385,403640913,1059406,12,275692544,65536,21,3,10,10
385,403640913,1059406,13,276737536,65536,21,3,10,10
385,403640913,1059406,14,312993792,65536,21,3,10,10
385,403640913,1059406,15,334530048,65536,21,3,10,10
385,403640913,1059406,16,357584384,65536,21,3,10,10
385,403640913,1059406,17,43556352,4096,14,4,10,10
385,403640913,1059406,18,53000448,4096,14,4,10,10
385,403640913,1059406,19,70309120,4096,14,4,10,10
385,403640913,1059406,20,203385344,4096,14,4,10,10
385,403640913,1059406,21,229584640,4096,14,4,10,10
385,403640913,1059406,22,234820096,4096,14,4,10,10
385,403640913,1059406,23,266841600,4096,14,4,10,10
385,403640913,1059406,24,293093888,4096,14,4,10,10
385,403640913,1059406,25,346572544,4096,14,4,10,10
385,403640913,1059406,26,86021632,16384,12,2,10,10
385,403640913,1059406,27,127956224,1024,12,2,10,10
385,403640913,1059406,28,337672192,16384,12,2,10,10
385,403640913,1059406,29,90757632,4096,10,2,10,10
385,403640913,1059406,30,143680512,4096,10,2,10,10
385,403640913,1059406,31,176164096,1024,10,2,10,10
386,404700319,1041097,0,363867648,4096,72,14,10,10
386,404700319,1041097,1,42968832,65536,52,10,10,10
386,404700319,1041097,2,360172800,65536,52,10,10,10
386,404700319,1041097,3,371169024,16384,52,10,10,10
386,404700319,1041097,4,374286592,16384,52,10,10,10
386,404700319,1041097,5,376327168,65536,52,10,10,10
386,404700319,1041097,6,378494464,16384,52,10,10,10
386,404700319,1041097,7,384213504,65536,52,10,10,10
386,404700319,1041097,8,402590464,65536,52,10,10,10
386,404700319,1041097,9,143680512,4096,36,8,10,10
386,404700319,1041097,10,81841920,4096,23,5,10,10
386,404700319,1041097,11,111203840,4096,23,5,10,10
386,404700319,1041097,12,100715776,1024,22,8,10,10
386,404700319,1041097,13,56115712,65536,21,3,10,10
386,404700319,1041097,14,62403072,65536,21,3,10,10
386,404700319,1041097,15,226376448,65536,21,3,10,10
386,404700319,1041097,16,245326848,65536,21,3,10,10
386,404700319,1041097,17,254771968,65536,21,3,10,10
386,404700319,1041097,18,258894848,65536,21,3,10,10
386,404700319,1041097,19,270447360,65536,21,3,10,10
386,404700319,1041097,20,327181824,65536,21,3,10,10
386,404700319,1041097,21,343909376,65536,21,3,10,10
386,404700319,1041097,22,343975168,65536,21,3,10,10
386,404700319,1041097,23,43556352,4096,20,4,10,10
386,404700319,1041097,24,53000448,4096,20,4,10,10
386,404700319,1041097,25,70309120,4096,20,4,10,10
386,404700319,1041097,26,203385344,4096,20,4,10,10
386,404700319,1041097,27,229584640,4096,20,4,10,10
386,404700319,1041097,28,234820096,4096,20,4,10,10
386,404700319,1041097,29,266841600,4096,20,4,10,10
386,404700319,1041097,30,293093888,4096,20,4,10,10
386,404700319,1041097,31,346572544,4096,20,4,10,10
387,405741416,1048692,0,56115712,65536,161,27,10,10
387,405741416,1048692,1,62403072,65536,161,27,10,10
387,405741416,1048692,2,226376448,65536,161,27,10,10
387,405741416,1048692,3,245326848,65536,161,27,10,10
387,405741416,1048692,4,254771968,65536,161,27,10,10
387,405741416,1048692,5,258894848,65536,161,27,10,10
387,405741416,1048692,6,270447360,65536,161,27,10,10
387,405741416,1048692,7,327181824,65536,161,27,10,10
387,405741416,1048692,8,343909376,65536,161,27,10,10
387,405741416,1048692,9,343975168,65536,161,27,10,10
387,405741416,1048692,10,363867648,4096,139,29,10,10
387,405741416,1048692,11,42508288,4096,132,30,10,10
387,405741416,1048692,12,143680512,4096,96,22,10,10
387,405741416,1048692,13,5759488,16384,80,16,10,10
387,405741416,1048692,14,64530688,16384,80,16,10,10
387,405741416,1048692,15,82362624,16384,80,16,10,10
387,405741416,1048692,16,102809600,4096,80,16,10,10
387,405741416,1048692,17,208625920,4096,80,16,10,10
387,405741416,1048692,18,43556352,4096,79,19,10,10
387,405741416,1048692,19,53000448,4096,79,19,10,10
387,405741416,1048692,20,70309120,4096,79,19,10,10
387,405741416,1048692,21,203385344,4096,79,19,10,10
387,405741416,1048692,22,229584640,4096,79,19,10,10
387,405741416,1048692,23,234820096,4096,79,19,10,10
387,405741416,1048692,24,266841600,4096,79,19,10,10
387,405741416,1048692,25,293093888,4096,79,19,10,10
387,405741416,1048692,26,346572544,4096,79,19,10,10
387,405741416,1048692,27,360172800,65536,60,10,10,10
387,405741416,1048692,28,371169024,16384,60,10,10,10
387,405741416,1048692,29,374286592,16384,60,10,10,10
387,405741416,1048692,30,376327168,65536,60,10,10,10
387,405741416,1048692,31,378494464,16384,60,10,10,10
388,406790108,1048822,0,406724352,65536,142,26,10,10
388,406790108,1048822,1,143680512,4096,89,19,10,10
388,406790108,1048822,2,42508288,4096,88,18,10,10
388,406790108,1048822,3,363867648,4096,85,17,10,10
388,406790108,1048822,4,56115712,65536,82,14,10,10
388,406790108,1048822,5,62403072,65536,82,14,10,10
388,406790108,1048822,6,245326848,65536,82,14,10,10
388,406790108,1048822,7,254771968,65536,82,14,10,10
388,406790108,1048822,8,258894848,65536,82,14,10,10
388,406790108,1048822,9,270447360,65536,82,14,10,10
388,406790108,1048822,10,327181824,65536,82,14,10,10
388,406790108,1048822,11,343909376,65536,82,14,10,10
388,406790108,1048822,12,343975168,65536,82,14,10,10
388,406790108,1048822,13,5759488,16384,70,14,10,10
388,406790108,1048822,14,64530688,16384,70,14,10,10
388,406790108,1048822,15,82362624,16384,70,14,10,10
388,406790108,1048822,16,102809600,4096,70,14,10,10
388,406790108,1048822,17,208625920,4096,70,14,10,10
388,406790108,1048822,18,90757632,4096,63,13,10,10
388,406790108,1048822,19,176164096,1024,63,13,10,10
388,406790108,1048822,20,230104064,4096,63,13,10,10
388,406790108,1048822,21,263175424,1024,63,13,10,10
388,406790108,1048822,22,391047424,4096,63,13,10,10
388,406790108,1048822,23,371169024,16384,60,12,10,10
388,406790108,1048822,24,374286592,16384,60,12,10,10
388,406790108,1048822,25,376327168,65536,60,12,10,10
388,406790108,1048822,26,378494464,16384,60,12,10,10
388,406790108,1048822,27,384213504,65536,60,12,10,10
388,406790108,1048822,28,402590464,65536,60,12,10,10
388,406790108,1048822,29,276802048,1024,52,10,10,10
388,406790108,1048822,30,86021632,16384,49,9,10,10
388,406790108,1048822,31,127956224,1024,49,9,10,10
389,407838930,1041373,0,73457664,4096,45,13,6,6
389,407838930,1041373,1,104910592,4096,45,13,6,6
389,407838930,1041373,2,107522048,16384,45,9,6,6
389,407838930,1041373,3,118522112,16384,45,9,6,6
389,407838930,1041373,4,47719680,65536,44,10,6,6
389,407838930,1041373,5,104353536,65536,44,10,6,6
389,407838930,1041373,6,109043456,65536,44,10,6,6
389,407838930,1041373,7,119580160,65536,44,10,6,6
389,407838930,1041373,8,214903552,16384,44,10,6,6
389,407838930,1041373,9,219110656,65536,44,10,6,6
389,407838930,1041373,10,246375936,16384,44,10,6,6
389,407838930,1041373,11,277788672,65536,44,10,6,6
389,407838930,1041373,12,295651584,65536,44,10,6,6
389,407838930,1041373,13,40937216,16384,36,6,6,6
389,407838930,1041373,14,46694144,16384,36,6,6,6
389,407838930,1041373,15,118538752,16384,36,6,6,6
389,407838930,1041373,16,216999424,16384,36,6,6,6
389,407838930,1041373,17,218046720,16384,36,6,6,6
389,407838930,1041373,18,240064768,65536,36,6,6,6
389,407838930,1041373,19,250573824,16384,36,6,6,6
389,407838930,1041373,20,296765440,65536,36,6,6,6
389,407838930,1041373,21,298798848,65536,36,6,6,6
389,407838930,1041373,22,373238016,16384,36,6,6,6
389,407838930,1041373,23,199193088,4096,35,9,6,6
389,407838930,1041373,24,124285696,4096,32,8,6,6
389,407838930,1041373,25,190249728,65536,21,3,6,6
389,407838930,1041373,26,234293504,1024,9,3,6,6
389,407838930,1041373,27,61385216,4096,5,1,6,6
389,407838930,1041373,28,33055744,1024,4,2,6,6
389,407838930,1041373,29,115397120,1024,4,2,6,6
389,407838930,1041373,30,396297984,256,4,2,6,6
389,407838930,1041373,31,62961920,256,3,1,6,6
390,408880303,1043290,0,406724352,65536,72,12,10,10
390,408880303,1043290,1,42968832,65536,51,9,10,10
390,408880303,1043290,2,363867648,16384,51,9,10,10
390,408880303,1043290,3,371169024,16384,51,9,10,10
390,408880303,1043290,4,374286592,16384,51,9,10,10
390,408880303,1043290,5,376327168,65536,51,9,10,10
390,408880303,1043290,6,378494464,16384,51,9,10,10
390,408880303,1043290,7,384213504,65536,51,9,10,10
390,408880303,1043290,8,402590464,65536,51,9,10,10
390,408880303,1043290,9,407822336,16384,51,9,10,10
390,408880303,1043290,10,143680512,4096,48,10,10,10
390,408880303,1043290,11,90757632,4096,38,8,10,10
390,408880303,1043290,12,176164096,1024,38,8,10,10
390,408880303,1043290,13,230104064,4096,38,8,10,10
390,408880303,1043290,14,263175424,1024,38,8,10,10
390,408880303,1043290,15,345013248,4096,38,8,10,10
390,408880303,1043290,16,391047424,4096,38,8,10,10
390,408880303,1043290,17,56115712,65536,21,3,10,10
390,408880303,1043290,18,62403072,65536,21,3,10,10
390,408880303,1043290,19,98619904,65536,21,3,10,10
390,408880303,1043290,20,110650368,65536,21,3,10,10
390,408880303,1043290,21,245326848,65536,21,3,10,10
390,408880303,1043290,22,254771968,65536,21,3,10,10
390,408880303,1043290,23,258894848,65536,21,3,10,10
390,408880303,1043290,24,270447360,65536,21,3,10,10
390,408880303,1043290,25,312435712,65536,21,3,10,10
390,408880303,1043290,26,327181824,65536,21,3,10,10
390,408880303,1043290,27,342861568,65536,21,3,10,10
390,408880303,1043290,28,343909376,65536,21,3,10,10
390,408880303,1043290,29,5759488,16384,12,2,10,10
390,408880303,1043290,30,64530688,16384,12,2,10,10
390,408880303,1043290,31,82362624,16384,12,2,10,10
391,409923593,1050878,0,406724352,65536,169,27,10,10
391,409923593,1050878,1,407822336,16384,121,21,10,10
391,409923593,1050878,2,42968832,65536,106,18,10,10
391,409923593,1050878,3,363867648,16384,106,18,10,10
391,409923593,1050878,4,371169024,16384,106,18,10,10
391,409923593,1050878,5,374286592,16384,106,18,10,10
391,409923593,1050878,6,376327168,65536,106,18,10,10
391,409923593,1050878,7,378494464,16384,106,18,10,10
391,409923593,1050878,8,384213504,65536,106,18,10,10
391,409923593,1050878,9,402590464,65536,106,18,10,10
391,409923593,1050878,10,56115712,65536,63,9,10,10
391,409923593,1050878,11,62403072,65536,63,9,10,10
391,409923593,1050878,12,254771968,65536,63,9,10,10
391,409923593,1050878,13,258894848,65536,63,9,10,10
391,409923593,1050878,14,270447360,65536,63,9,10,10
391,409923593,1050878,15,327181824,65536,63,9,10,10
391,409923593,1050878,16,343909376,65536,63,9,10,10
391,409923593,1050878,17,343975168,65536,63,9,10,10
391,409923593,1050878,18,408880384,65536,63,9,10,10
391,409923593,1050878,19,5759488,16384,50,10,10,10
391,409923593,1050878,20,64530688,16384,50,10,10,10
391,409923593,1050878,21,82362624,16384,50,10,10,10
391,409923593,1050878,22,102809600,4096,50,10,10,10
391,409923593,1050878,23,143152128,16384,50,10,10,10
391,409923593,1050878,24,208625920,4096,50,10,10,10
391,409923593,1050878,25,66113280,4096,28,6,10,10
391,409923593,1050878,26,243223040,256,28,6,10,10
391,409923593,1050878,27,361776896,4096,28,6,10,10
391,409923593,1050878,28,43556352,4096,26,6,10,10
391,409923593,1050878,29,53000448,4096,26,6,10,10
391,409923593,1050878,30,70309120,4096,26,6,10,10
391,409923593,1050878,31,203385344,4096,26,6,10,10
392,410974471,1049607,0,1048320,65536,102,20,9,9
392,410974471,1049607,1,166741248,16384,102,20,9,9
392,410974471,1049607,2,171420416,65536,102,20,9,9
392,410974471,1049607,3,175045632,65536,102,20,9,9
392,410974471,1049607,4,178227200,16384,102,20,9,9
392,410974471,1049607,5,305098496,65536,102,20,9,9
392,410974471,1049607,6,374815232,16384,102,20,9,9
392,410974471,1049607,7,399381248,65536,102,20,9,9
392,410974471,1049607,8,13641728,16384,52,10,9,9
392,410974471,1049607,9,121671680,4096,49,11,9,9
392,410974471,1049607,10,16797952,4096,40,8,9,9
392,410974471,1049607,11,272595968,16384,40,8,9,9
392,410974471,1049607,12,165691136,1024,30,8,9,9
392,410974471,1049607,13,146842112,4096,25,5,9,9
392,410974471,1049607,14,159930880,4096,25,5,9,9
392,410974471,1049607,15,166214656,4096,25,5,9,9
392,410974471,1049607,16,181910016,4096,25,5,9,9
392,410974471,1049607,17,151548160,4096,24,6,9,9
392,410974471,1049607,18,322472704,1024,24,6,9,9
392,410974471,1049607,19,159407872,1024,21,5,9,9
392,410974471,1049607,20,163535616,65536,21,3,9,9
392,410974471,1049607,21,193882112,65536,21,3,9,9
392,410974471,1049607,22,400429312,65536,21,3,9,9
392,410974471,1049607,23,164123136,1024,15,5,9,9
392,410974471,1049607,24,16271616,4096,15,3,9,9
392,410974471,1049607,25,27812352,4096,15,3,9,9
392,410974471,1049607,26,34107136,4096,15,3,9,9
392,410974471,1049607,27,138449408,256,15,3,9,9
392,410974471,1049607,28,156259072,4096,15,3,9,9
392,410974471,1049607,29,398390784,4096,15,3,9,9
392,410974471,1049607,30,3080960,65536,12,2,9,9
392,410974471,1049607,31,179786752,65536,12,2,9,9
393,412024078,1046428,0,16797952,4096,41,9,9,9
393,412024078,1046428,1,16271616,4096,31,7,9,9
393,412024078,1046428,2,27812352,4096,31,7,9,9
393,412024078,1046428,3,156259072,4096,31,7,9,9
393,412024078,1046428,4,174590464,4096,31,7,9,9
393,412024078,1046428,5,322993408,4096,31,7,9,9
393,412024078,1046428,6,398390784,4096,31,7,9,9
393,412024078,1046428,7,1048320,65536,27,5,9,9
393,412024078,1046428,8,166741248,65536,27,5,9,9
393,412024078,1046428,9,171420416,65536,27,5,9,9
393,412024078,1046428,10,178227200,16384,27,5,9,9
393,412024078,1046428,11,305098496,65536,27,5,9,9
393,412024078,1046428,12,374815232,16384,27,5,9,9
393,412024078,1046428,13,399381248,65536,27,5,9,9
393,412024078,1046428,14,411958528,65536,27,5,9,9
393,412024078,1046428,15,121671680,4096,15,3,9,9
393,412024078,1046428,16,34107136,4096,14,4,9,9
393,412024078,1046428,17,164123136,1024,12,4,9,9
393,412024078,1046428,18,186097664,1024,10,4,9,9
393,412024078,1046428,19,146842112,4096,10,2,9,9
393,412024078,1046428,20,159930880,4096,10,2,9,9
393,412024078,1046428,21,165167104,4096,10,2,9,9
393,412024078,1046428,22,166214656,4096,10,2,9,9
393,412024078,1046428,23,181910016,4096,10,2,9,9
393,412024078,1046428,24,37260032,1024,9,3,9,9
393,412024078,1046428,25,34637312,1024,6,2,9,9
393,412024078,1046428,26,151548160,4096,5,1,9,9
393,412024078,1046428,27,11543296,256,3,1,9,9
393,412024078,1046428,28,163600128,1024,3,1,9,9
393,412024078,1046428,29,277854464,256,3,1,9,9
393,412024078,1046428,30,1047040,1024,1,1,9,9
393,412024078,1046428,31,44605696,1024,1,1,9,9
394,413070506,1049673,0,42508288,4096,87,19,10,10
394,413070506,1049673,1,43556352,4096,72,16,10,10
394,413070506,1049673,2,53000448,4096,72,16,10,10
394,413070506,1049673,3,70309120,4096,72,16,10,10
394,413070506,1049673,4,203385344,4096,72,16,10,10
394,413070506,1049673,5,229584640,4096,72,16,10,10
394,413070506,1049673,6,234820096,4096,72,16,10,10
394,413070506,1049673,7,266841600,4096,72,16,10,10
394,413070506,1049673,8,293093888,4096,72,16,10,10
394,413070506,1049673,9,346572544,4096,72,16,10,10
394,413070506,1049673,10,363867648,4096,72,16,10,10
394,413070506,1049673,11,406724352,65536,54,8,10,10
394,413070506,1049673,12,143680512,4096,51,11,10,10
394,413070506,1049673,13,127430912,1024,37,11,10,10
394,413070506,1049673,14,66113280,4096,36,8,10,10
394,413070506,1049673,15,243223040,256,36,8,10,10
394,413070506,1049673,16,257912832,4096,36,8,10,10
394,413070506,1049673,17,361776896,4096,36,8,10,10
394,413070506,1049673,18,376327168,65536,33,5,10,10
394,413070506,1049673,19,378494464,16384,33,5,10,10
394,413070506,1049673,20,384213504,65536,33,5,10,10
394,413070506,1049673,21,402590464,65536,33,5,10,10
394,413070506,1049673,22,407822336,16384,33,5,10,10
394,413070506,1049673,23,410440960,16384,33,5,10,10
394,413070506,1049673,24,404683776,16384,27,5,10,10
394,413070506,1049673,25,87087872,4096,26,6,10,10
394,413070506,1049673,26,350230016,256,26,6,10,10
394,413070506,1049673,27,376392960,4096,26,6,10,10
394,413070506,1049673,28,56115712,65536,21,3,10,10
394,413070506,1049673,29,62403072,65536,21,3,10,10
394,413070506,1049673,30,254771968,65536,21,3,10,10
394,413070506,1049673,31,270447360,65536,21,3,10,10
395,414120179,1047416,0,1048320,65536,45,7,9,9
395,414120179,1047416,1,171420416,65536,45,7,9,9
395,414120179,1047416,2,175045632,65536,45,7,9,9
395,414120179,1047416,3,178227200,16384,45,7,9,9
395,414120179,1047416,4,305098496,65536,45,7,9,9
395,414120179,1047416,5,374815232,16384,45,7,9,9
395,414120179,1047416,6,399381248,65536,45,7,9,9
395,414120179,1047416,7,411958528,65536,45,7,9,9
395,414120179,1047416,8,412024320,65536,45,7,9,9
395,414120179,1047416,9,121119232,65536,21,3,9,9
395,414120179,1047416,10,163535616,65536,21,3,9,9
395,414120179,1047416,11,193882112,65536,21,3,9,9
395,414120179,1047416,12,400429312,65536,21,3,9,9
395,414120179,1047416,13,13641728,16384,17,3,9,9
395,414120179,1047416,14,16797952,16384,17,3,9,9
395,414120179,1047416,15,272595968,16384,17,3,9,9
395,414120179,1047416,16,283041536,65536,15,3,9,9
395,414120179,1047416,17,164123136,1024,12,4,9,9
395,414120179,1047416,18,186097664,1024,10,4,9,9
395,414120179,1047416,19,37260032,1024,7,3,9,9
395,414120179,1047416,20,165691136,1024,5,3,9,9
395,414120179,1047416,21,16271616,4096,5,1,9,9
395,414120179,1047416,22,27812352,4096,5,1,9,9
395,414120179,1047416,23,34107136,4096,5,1,9,9
395,414120179,1047416,24,138449408,256,5,1,9,9
395,414120179,1047416,25,146842112,4096,5,1,9,9
395,414120179,1047416,26,156259072,4096,5,1,9,9
395,414120179,1047416,27,159930880,4096,5,1,9,9
395,414120179,1047416,28,166214656,4096,5,1,9,9
395,414120179,1047416,29,181910016,4096,5,1,9,9
395,414120179,1047416,30,322993408,4096,5,1,9,9
395,414120179,1047416,31,329292800,256,5,1,9,9
396,415167595,1048524,0,13641728,16384,69,11,9,9
396,415167595,1048524,1,3080960,65536,45,7,9,9
396,415167595,1048524,2,179786752,65536,45,7,9,9
396,415167595,1048524,3,180343296,65536,45,7,9,9
396,415167595,1048524,4,182438400,65536,45,7,9,9
396,415167595,1048524,5,196540416,65536,45,7,9,9
396,415167595,1048524,6,389947392,65536,45,7,9,9
396,415167595,1048524,7,16797952,4096,40,8,9,9
396,415167595,1048524,8,121671680,4096,33,7,9,9
396,415167595,1048524,9,156259072,4096,28,6,9,9
396,415167595,1048524,10,272595968,16384,24,4,9,9
396,415167595,1048524,11,173025280,65536,21,3,9,9
396,415167595,1048524,12,16271616,4096,20,4,9,9
396,415167595,1048524,13,27812352,4096,20,4,9,9
396,415167595,1048524,14,146842112,4096,20,4,9,9
396,415167595,1048524,15,159930880,4096,20,4,9,9
396,415167595,1048524,16,166214656,4096,20,4,9,9
396,415167595,1048524,17,174590464,4096,20,4,9,9
396,415167595,1048524,18,181910016,4096,20,4,9,9
396,415167595,1048524,19,322993408,4096,20,4,9,9
396,415167595,1048524,20,398390784,4096,20,4,9,9
396,415167595,1048524,21,1048320,65536,19,3,9,9
396,415167595,1048524,22,171420416,65536,19,3,9,9
396,415167595,1048524,23,178227200,16384,19,3,9,9
396,415167595,1048524,24,305098496,65536,19,3,9,9
396,415167595,1048524,25,374815232,16384,19,3,9,9
396,415167595,1048524,26,399381248,65536,19,3,9,9
396,415167595,1048524,27,411958528,65536,19,3,9,9
396,415167595,1048524,28,412024320,65536,19,3,9,9
396,415167595,1048524,29,34107136,4096,13,3,9,9
396,415167595,1048524,30,151548160,4096,13,3,9,9
396,415167595,1048524,31,165688064,4096,13,3,9,9
397,416216119,1039686,0,47719680,65536,66,10,6,6
397,416216119,1039686,1,104353536,65536,66,10,6,6
397,416216119,1039686,2,105897472,65536,66,10,6,6
397,416216119,1039686,3,109043456,65536,66,10,6,6
397,416216119,1039686,4,214903552,16384,66,10,6,6
397,416216119,1039686,5,219110656,65536,66,10,6,6
397,416216119,1039686,6,246375936,16384,66,10,6,6
397,416216119,1039686,7,277788672,65536,66,10,6,6
397,416216119,1039686,8,295651584,65536,66,10,6,6
397,416216119,1039686,9,408814592,65536,66,10,6,6
397,416216119,1039686,10,40937216,16384,24,4,6,6
397,416216119,1039686,11,46694144,16384,24,4,6,6
397,416216119,1039686,12,118538752,16384,24,4,6,6
397,416216119,1039686,13,216999424,16384,24,4,6,6
397,416216119,1039686,14,218046720,16384,24,4,6,6
397,416216119,1039686,15,240064768,65536,24,4,6,6
397,416216119,1039686,16,250573824,16384,24,4,6,6
397,416216119,1039686,17,296765440,65536,24,4,6,6
397,416216119,1039686,18,298798848,65536,24,4,6,6
397,416216119,1039686,19,373238016,16384,24,4,6,6
397,416216119,1039686,20,73457664,4096,19,5,6,6
397,416216119,1039686,21,107529728,1024,17,7,6,6
397,416216119,1039686,22,234293504,1024,13,3,6,6
397,416216119,1039686,23,124285696,4096,10,2,6,6
397,416216119,1039686,24,199193088,4096,10,2,6,6
397,416216119,1039686,25,237961728,16384,9,3,6,6
397,416216119,1039686,26,264226048,256,6,2,6,6
397,416216119,1039686,27,200245760,16384,5,1,6,6
397,416216119,1039686,28,299910400,256,5,1,6,6
397,416216119,1039686,29,214915840,4096,66,10,6,6
397,416216119,1039686,30,246375936,65536,66,10,6,6
397,416216119,1039686,31,277295872,65536,24,4,6,6
398,417255805,1048044,0,40937216,16384,56,10,6,6
398,417255805,1048044,1,46694144,16384,56,10,6,6
398,417255805,1048044,2,118538752,16384,56,10,6,6
398,417255805,1048044,3,216999424,16384,56,10,6,6
398,417255805,1048044,4,218046720,16384,56,10,6,6
398,417255805,1048044,5,240064768,65536,56,10,6,6
398,417255805,1048044,6,250573824,16384,56,10,6,6
398,417255805,1048044,7,277295872,65536,56,10,6,6
398,417255805,1048044,8,296765440,65536,56,10,6,6
398,417255805,1048044,9,298798848,65536,56,10,6,6
398,417255805,1048044,10,373238016,16384,56,10,6,6
398,417255805,1048044,11,47719680,65536,54,8,6,6
398,417255805,1048044,12,104353536,65536,54,8,6,6
398,417255805,1048044,13,105897472,65536,54,8,6,6
398,417255805,1048044,14,109043456,65536,54,8,6,6
398,417255805,1048044,15,214903552,16384,54,8,6,6
398,417255805,1048044,16,219110656,65536,54,8,6,6
398,417255805,1048044,17,246375936,16384,54,8,6,6
398,417255805,1048044,18,295651584,65536,54,8,6,6
398,417255805,1048044,19,408814592,65536,54,8,6,6
398,417255805,1048044,20,124285696,4096,19,5,6,6
398,417255805,1048044,21,73457664,4096,18,4,6,6
398,417255805,1048044,22,107522048,16384,17,3,6,6
398,417255805,1048044,23,118522112,16384,17,3,6,6
398,417255805,1048044,24,199193088,4096,10,2,6,6
398,417255805,1048044,25,416216320,4096,10,2,6,6
398,417255805,1048044,26,234293504,1024,5,1,6,6
398,417255805,1048044,27,299910400,256,5,1,6,6
398,417255805,1048044,28,33055744,1024,3,1,6,6
398,417255805,1048044,29,115397120,1024,3,1,6,6
398,417255805,1048044,30,396297984,256,3,1,6,6
398,417255805,1048044,31,242172416,256,1,1,6,6
399,418303849,1047728,0,73457664,4096,34,8,6,6
399,418303849,1047728,1,104910592,4096,34,8,6,6
399,418303849,1047728,2,40937216,16384,24,4,6,6
399,418303849,1047728,3,46694144,16384,24,4,6,6
399,418303849,1047728,4,218046720,16384,24,4,6,6
399,418303849,1047728,5,240064768,65536,24,4,6,6
399,418303849,1047728,6,250573824,16384,24,4,6,6
399,418303849,1047728,7,277295872,65536,24,4,6,6
399,418303849,1047728,8,296765440,65536,24,4,6,6
399,418303849,1047728,9,298798848,65536,24,4,6,6
399,418303849,1047728,10,373238016,16384,24,4,6,6
399,418303849,1047728,11,417771520,16384,24,4,6,6
399,418303849,1047728,12,47719680,65536,21,3,6,6
399,418303849,1047728,13,104353536,65536,21,3,6,6
399,418303849,1047728,14,109043456,65536,21,3,6,6
399,418303849,1047728,15,214903552,16384,21,3,6,6
399,418303849,1047728,16,219110656,65536,21,3,6,6
399,418303849,1047728,17,246375936,16384,21,3,6,6
399,418303849,1047728,18,295651584,65536,21,3,6,6
399,418303849,1047728,19,408814592,65536,21,3,6,6
399,418303849,1047728,20,107522048,16384,12,2,6,6
399,418303849,1047728,21,118522112,16384,12,2,6,6
399,418303849,1047728,22,199193088,4096,10,2,6,6
399,418303849,1047728,23,416216320,4096,10,2,6,6
399,418303849,1047728,24,299910400,256,5,1,6,6
399,418303849,1047728,25,264226048,256,3,1,6,6
399,418303849,1047728,26,73460736,1024,34,8,6,6
399,418303849,1047728,27,373250304,4096,24,4,6,6
399,418303849,1047728,28,417777664,4096,24,4,6,6
399,418303849,1047728,29,105897472,65536,21,3,6,6
399,418303849,1047728,30,214915840,4096,21,3,6,6
399,418303849,1047728,31,246375936,65536,21,3,6,6
400,419351577,1048012,0,40937216,16384,85,15,6,6
400,419351577,1048012,1,46694144,16384,85,15,6,6
400,419351577,1048012,2,218046720,16384,85,15,6,6
400,419351577,1048012,3,240064768,65536,85,15,6,6
400,419351577,1048012,4,250573824,16384,85,15,6,6
400,419351577,1048012,5,277295872,65536,85,15,6,6
400,419351577,1048012,6,296765440,65536,85,15,6,6
400,419351577,1048012,7,298798848,65536,85,15,6,6
400,419351577,1048012,8,373238016,16384,85,15,6,6
400,419351577,1048012,9,417771520,16384,85,15,6,6
400,419351577,1048012,10,107522048,16384,79,15,6,6
400,419351577,1048012,11,73457664,4096,77,17,6,6
400,419351577,1048012,12,104910592,4096,77,17,6,6
400,419351577,1048012,13,47719680,65536,57,9,6,6
400,419351577,1048012,14,104353536,65536,57,9,6,6
400,419351577,1048012,15,109043456,65536,57,9,6,6
400,419351577,1048012,16,214903552,16384,57,9,6,6
400,419351577,1048012,17,219110656,65536,57,9,6,6
400,419351577,1048012,18,246375936,16384,57,9,6,6
400,419351577,1048012,19,295651584,65536,57,9,6,6
400,419351577,1048012,20,408814592,65536,57,9,6,6
400,419351577,1048012,21,118522112,16384,52,10,6,6
400,419351577,1048012,22,124285696,4096,48,12,6,6
400,419351577,1048012,23,237961728,16384,27,5,6,6
400,419351577,1048012,24,199193088,4096,23,5,6,6
400,419351577,1048012,25,416216320,4096,23,5,6,6
400,419351577,1048012,26,234293504,1024,22,6,6,6
400,419351577,1048012,27,33055744,1024,15,7,6,6
400,419351577,1048012,28,115397120,1024,15,7,6,6
400,419351577,1048012,29,396297984,256,15,7,6,6
400,419351577,1048012,30,120095744,16384,12,2,6,6
400,419351577,1048012,31,419347456,4096,10,2,6,6
401,420399589,1048979,0,143680512,4096,100,22,10,10
401,420399589,1048979,1,42508288,4096,99,23,10,10
401,420399589,1048979,2,406724352,65536,54,8,10,10
401,420399589,1048979,3,90757632,4096,53,11,10,10
401,420399589,1048979,4,176164096,1024,53,11,10,10
401,420399589,1048979,5,230104064,4096,53,11,10,10
401,420399589,1048979,6,263175424,1024,53,11,10,10
401,420399589,1048979,7,345013248,4096,53,11,10,10
401,420399589,1048979,8,391047424,4096,53,11,10,10
401,420399589,1048979,9,66113280,4096,47,11,10,10
401,420399589,1048979,10,243223040,256,47,11,10,10
401,420399589,1048979,11,257912832,4096,47,11,10,10
401,420399589,1048979,12,361776896,4096,47,11,10,10
401,420399589,1048979,13,43556352,4096,46,12,10,10
401,420399589,1048979,14,53000448,4096,46,12,10,10
401,420399589,1048979,15,70309120,4096,46,12,10,10
401,420399589,1048979,16,203385344,4096,46,12,10,10
401,420399589,1048979,17,234820096,4096,46,12,10,10
401,420399589,1048979,18,266841600,4096,46,12,10,10
401,420399589,1048979,19,293093888,4096,46,12,10,10
401,420399589,1048979,20,346572544,4096,46,12,10,10
401,420399589,1048979,21,363867648,4096,46,12,10,10
401,420399589,1048979,22,350230016,256,35,9,10,10
401,420399589,1048979,23,127430912,1024,34,12,10,10
401,420399589,1048979,24,376327168,65536,33,5,10,10
401,420399589,1048979,25,378494464,16384,33,5,10,10
401,420399589,1048979,26,384213504,65536,33,5,10,10
401,420399589,1048979,27,402590464,65536,33,5,10,10
401,420399589,1048979,28,407822336,16384,33,5,10,10
401,420399589,1048979,29,410440960,16384,33,5,10,10
401,420399589,1048979,30,100715776,1024,30,10,10,10
401,420399589,1048979,31,87087872,4096,30,8,10,10
402,421448568,1048212,0,40937216,16384,87,15,6,6
402,421448568,1048212,1,46694144,16384,87,15,6,6
402,421448568,1048212,2,250573824,16384,87,15,6,6
402,421448568,1048212,3,277295872,65536,87,15,6,6
402,421448568,1048212,4,296765440,65536,87,15,6,6
402,421448568,1048212,5,298798848,65536,87,15,6,6
402,421448568,1048212,6,373238016,16384,87,15,6,6
402,421448568,1048212,7,417771520,16384,87,15,6,6
402,421448568,1048212,8,420382976,16384,87,15,6,6
402,421448568,1048212,9,73457664,4096,46,10,6,6
402,421448568,1048212,10,104910592,4096,46,10,6,6
402,421448568,1048212,11,199193088,4096,35,7,6,6
402,421448568,1048212,12,416216320,4096,35,7,6,6
402,421448568,1048212,13,124285696,4096,29,7,6,6
402,421448568,1048212,14,234293504,1024,21,7,6,6
402,421448568,1048212,15,107529728,1024,20,8,6,6
402,421448568,1048212,16,33055744,1024,16,4,6,6
402,421448568,1048212,17,115397120,1024,16,4,6,6
402,421448568,1048212,18,396297984,256,16,4,6,6
402,421448568,1048212,19,299910400,256,14,4,6,6
402,421448568,1048212,20,218062080,1024,12,6,6,6
402,421448568,1048212,21,190790400,16384,12,2,6,6
402,421448568,1048212,22,264226048,256,9,3,6,6
402,421448568,1048212,23,61385216,4096,8,2,6,6
402,421448568,1048212,24,295192064,1024,7,3,6,6
402,421448568,1048212,25,419347456,4096,5,1,6,6
402,421448568,1048212,26,31484928,256,3,1,6,6
402,421448568,1048212,27,50375168,256,3,1,6,6
402,421448568,1048212,28,373250304,4096,87,15,6,6
402,421448568,1048212,29,417777664,4096,87,15,6,6
402,421448568,1048212,30,420395264,4096,87,15,6,6
402,421448568,1048212,31,73460736,1024,46,10,6,6
403,422496780,1048698,0,40937216,16384,198,34,6,6
403,422496780,1048698,1,46694144,16384,198,34,6,6
403,422496780,1048698,2,277295872,65536,198,34,6,6
403,422496780,1048698,3,296765440,65536,198,34,6,6
403,422496780,1048698,4,298798848,65536,198,34,6,6
403,422496780,1048698,5,373238016,16384,198,34,6,6
403,422496780,1048698,6,417771520,16384,198,34,6,6
403,422496780,1048698,7,420382976,16384,198,34,6,6
403,422496780,1048698,8,421448704,16384,198,34,6,6
403,422496780,1048698,9,199193088,4096,105,23,6,6
403,422496780,1048698,10,416216320,4096,105,23,6,6
403,422496780,1048698,11,73457664,4096,104,22,6,6
403,422496780,1048698,12,104910592,4096,104,22,6,6
403,422496780,1048698,13,124285696,4096,102,24,6,6
403,422496780,1048698,14,299910400,256,76,18,6,6
403,422496780,1048698,15,47719680,65536,42,6,6,6
403,422496780,1048698,16,104353536,65536,42,6,6,6
403,422496780,1048698,17,109043456,65536,42,6,6,6
403,422496780,1048698,18,214903552,16384,42,6,6,6
403,422496780,1048698,19,219110656,65536,42,6,6,6
403,422496780,1048698,20,246375936,16384,42,6,6,6
403,422496780,1048698,21,295651584,65536,42,6,6,6
403,422496780,1048698,22,408814592,65536,42,6,6,6
403,422496780,1048698,23,234293504,1024,34,10,6,6
403,422496780,1048698,24,190790400,16384,24,4,6,6
403,422496780,1048698,25,419347456,4096,23,5,6,6
403,422496780,1048698,26,264226048,256,19,7,6,6
403,422496780,1048698,27,218062080,1024,12,4,6,6
403,422496780,1048698,28,33055744,1024,11,5,6,6
403,422496780,1048698,29,115397120,1024,11,5,6,6
403,422496780,1048698,30,396297984,256,11,5,6,6
403,422496780,1048698,31,62961920,256,7,3,6,6
404,423545478,1042307,0,406724352,65536,103,17,10,10
404,423545478,1042307,1,258944000,16384,80,14,10,10
404,423545478,1042307,2,42508288,4096,69,15,10,10
404,423545478,1042307,3,56115712,65536,66,10,10,10
404,423545478,1042307,4,62403072,65536,66,10,10,10
404,423545478,1042307,5,254771968,65536,66,10,10,10
404,423545478,1042307,6,270447360,65536,66,10,10,10
404,423545478,1042307,7,327181824,65536,66,10,10,10
404,423545478,1042307,8,343909376,65536,66,10,10,10
404,423545478,1042307,9,343975168,65536,66,10,10,10
404,423545478,1042307,10,408880384,65536,66,10,10,10
404,423545478,1042307,11,143680512,4096,48,10,10,10
404,423545478,1042307,12,43556352,4096,41,9,10,10
404,423545478,1042307,13,53000448,4096,41,9,10,10
404,423545478,1042307,14,70309120,4096,41,9,10,10
404,423545478,1042307,15,229584640,4096,41,9,10,10
404,423545478,1042307,16,234820096,4096,41,9,10,10
404,423545478,1042307,17,266841600,4096,41,9,10,10
404,423545478,1042307,18,293093888,4096,41,9,10,10
404,423545478,1042307,19,346572544,4096,41,9,10,10
404,423545478,1042307,20,363867648,4096,41,9,10,10
404,423545478,1042307,21,420921856,4096,41,9,10,10
404,423545478,1042307,22,376327168,65536,37,7,10,10
404,423545478,1042307,23,378494464,16384,37,7,10,10
404,423545478,1042307,24,384213504,65536,37,7,10,10
404,423545478,1042307,25,402590464,65536,37,7,10,10
404,423545478,1042307,26,407822336,16384,37,7,10,10
404,423545478,1042307,27,410440960,16384,37,7,10,10
404,423545478,1042307,28,350230016,256,36,8,10,10
404,423545478,1042307,29,90757632,4096,28,6,10,10
404,423545478,1042307,30,176164096,1024,28,6,10,10
404,423545478,1042307,31,263175424,1024,28,6,10,10
405,424587785,1052385,0,42508288,4096,74,16,10,10
405,424587785,1052385,1,143680512,4096,63,15,10,10
405,424587785,1052385,2,90757632,4096,46,10,10,10
405,424587785,1052385,3,176164096,1024,46,10,10,10
405,424587785,1052385,4,230104064,4096,46,10,10,10
405,424587785,1052385,5,263175424,1024,46,10,10,10
405,424587785,1052385,6,345013248,4096,46,10,10,10
405,424587785,1052385,7,391047424,4096,46,10,10,10
405,424587785,1052385,8,420399616,4096,46,10,10,10
405,424587785,1052385,9,376327168,65536,36,6,10,10
405,424587785,1052385,10,378494464,16384,36,6,10,10
405,424587785,1052385,11,384213504,65536,36,6,10,10
405,424587785,1052385,12,402590464,65536,36,6,10,10
405,424587785,1052385,13,406724352,65536,36,6,10,10
405,424587785,1052385,14,407822336,16384,36,6,10,10
405,424587785,1052385,15,410440960,16384,36,6,10,10
405,424587785,1052385,16,43556352,4096,28,6,10,10
405,424587785,1052385,17,53000448,4096,28,6,10,10
405,424587785,1052385,18,70309120,4096,28,6,10,10
405,424587785,1052385,19,234820096,4096,28,6,10,10
405,424587785,1052385,20,266841600,4096,28,6,10,10
405,424587785,1052385,21,293093888,4096,28,6,10,10
405,424587785,1052385,22,346572544,4096,28,6,10,10
405,424587785,1052385,23,363867648,4096,28,6,10,10
405,424587785,1052385,24,66113280,4096,17,5,10,10
405,424587785,1052385,25,243223040,256,17,5,10,10
405,424587785,1052385,26,257912832,4096,17,5,10,10
405,424587785,1052385,27,361776896,4096,17,5,10,10
405,424587785,1052385,28,55098368,1024,14,6,10,10
405,424587785,1052385,29,269464832,256,12,4,10,10
405,424587785,1052385,30,89185024,1024,11,5,10,10
405,424587785,1052385,31,134770688,1024,11,5,10,10
406,425640170,1044607,0,406724352,65536,85,15,10,10
406,425640170,1044607,1,42968832,65536,43,9,10,10
406,425640170,1044607,2,376327168,65536,43,9,10,10
406,425640170,1044607,3,378494464,16384,43,9,10,10
406,425640170,1044607,4,384213504,65536,43,9,10,10
406,425640170,1044607,5,402590464,65536,43,9,10,10
406,425640170,1044607,6,407822336,16384,43,9,10,10
406,425640170,1044607,7,410440960,16384,43,9,10,10
406,425640170,1044607,8,56115712,65536,42,6,10,10
406,425640170,1044607,9,62403072,65536,42,6,10,10
406,425640170,1044607,10,254771968,65536,42,6,10,10
406,425640170,1044607,11,258894848,65536,42,6,10,10
406,425640170,1044607,12,270447360,65536,42,6,10,10
406,425640170,1044607,13,327181824,65536,42,6,10,10
406,425640170,1044607,14,343909376,65536,42,6,10,10
406,425640170,1044607,15,343975168,65536,42,6,10,10
406,425640170,1044607,16,408880384,65536,42,6,10,10
406,425640170,1044607,17,143680512,4096,34,8,10,10
406,425640170,1044607,18,293093888,4096,26,6,10,10
406,425640170,1044607,19,276802048,1024,23,5,10,10
406,425640170,1044607,20,56674048,65536,21,3,10,10
406,425640170,1044607,21,58214912,65536,21,3,10,10
406,425640170,1044607,22,66604800,65536,21,3,10,10
406,425640170,1044607,23,87579392,65536,21,3,10,10
406,425640170,1044607,24,230073344,65536,21,3,10,10
406,425640170,1044607,25,250016768,65536,21,3,10,10
406,425640170,1044607,26,275692544,65536,21,3,10,10
406,425640170,1044607,27,312993792,65536,21,3,10,10
406,425640170,1044607,28,334530048,65536,21,3,10,10
406,425640170,1044607,29,357584384,65536,21,3,10,10
406,425640170,1044607,30,86021632,16384,20,4,10,10
406,425640170,1044607,31,127956224,1024,20,4,10,10
407,426684777,1048625,0,1048320,65536,48,8,9,9
407,426684777,1048625,1,175045632,65536,48,8,9,9
407,426684777,1048625,2,178227200,16384,48,8,9,9
407,426684777,1048625,3,305098496,65536,48,8,9,9
407,426684777,1048625,4,374815232,16384,48,8,9,9
407,426684777,1048625,5,399381248,65536,48,8,9,9
407,426684777,1048625,6,411958528,65536,48,8,9,9
407,426684777,1048625,7,412024320,65536,48,8,9,9
407,426684777,1048625,8,415167744,65536,48,8,9,9
407,426684777,1048625,9,16797952,4096,29,7,9,9
407,426684777,1048625,10,121671680,4096,20,4,9,9
407,426684777,1048625,11,138449408,256,19,5,9,9
407,426684777,1048625,12,156259072,4096,19,5,9,9
407,426684777,1048625,13,13641728,16384,16,4,9,9
407,426684777,1048625,14,272595968,16384,16,4,9,9
407,426684777,1048625,15,146842112,4096,15,3,9,9
407,426684777,1048625,16,159930880,4096,15,3,9,9
407,426684777,1048625,17,166214656,4096,15,3,9,9
407,426684777,1048625,18,181910016,4096,15,3,9,9
407,426684777,1048625,19,16271616,4096,14,4,9,9
407,426684777,1048625,20,27812352,4096,14,4,9,9
407,426684777,1048625,21,322993408,4096,14,4,9,9
407,426684777,1048625,22,398390784,4096,14,4,9,9
407,426684777,1048625,23,151548160,4096,5,1,9,9
407,426684777,1048625,24,165688064,4096,5,1,9,9
407,426684777,1048625,25,171971328,4096,5,1,9,9
407,426684777,1048625,26,0,256,4,2,9,9
407,426684777,1048625,27,389485568,256,4,2,9,9
407,426684777,1048625,28,44605696,1024,3,1,9,9
407,426684777,1048625,29,283107328,256,3,1,9,9
407,426684777,1048625,30,1540096,65536,48,8,9,9
407,426684777,1048625,31,178239488,4096,48,8,9,9
408,427733402,1055352,0,1048320,65536,86,14,9,9
408,427733402,1055352,1,175045632,65536,86,14,9,9
408,427733402,1055352,2,178227200,16384,86,14,9,9
408,427733402,1055352,3,305098496,65536,86,14,9,9
408,427733402,1055352,4,374815232,16384,86,14,9,9
408,427733402,1055352,5,399381248,65536,86,14,9,9
408,427733402,1055352,6,411958528,65536,86,14,9,9
408,427733402,1055352,7,412024320,65536,86,14,9,9
408,427733402,1055352,8,415167744,65536,86,14,9,9
408,427733402,1055352,9,16797952,4096,53,13,9,9
408,427733402,1055352,10,121671680,4096,44,10,9,9
408,427733402,1055352,11,146842112,4096,31,7,9,9
408,427733402,1055352,12,159930880,4096,31,7,9,9
408,427733402,1055352,13,166214656,4096,31,7,9,9
408,427733402,1055352,14,181910016,4096,31,7,9,9
408,427733402,1055352,15,12574464,16384,27,5,9,9
408,427733402,1055352,16,16271616,4096,22,6,9,9
408,427733402,1055352,17,27812352,4096,22,6,9,9
408,427733402,1055352,18,156259072,4096,22,6,9,9
408,427733402,1055352,19,322993408,4096,22,6,9,9
408,427733402,1055352,20,398390784,4096,22,6,9,9
408,427733402,1055352,21,151548160,4096,13,3,9,9
408,427733402,1055352,22,165688064,4096,13,3,9,9
408,427733402,1055352,23,427716864,16384,12,2,9,9
408,427733402,1055352,24,138449408,256,5,1,9,9
408,427733402,1055352,25,164123136,1024,5,1,9,9
408,427733402,1055352,26,1047040,1024,3,1,9,9
408,427733402,1055352,27,34637312,1024,3,1,9,9
408,427733402,1055352,28,44605696,1024,3,1,9,9
408,427733402,1055352,29,171452672,1024,3,1,9,9
408,427733402,1055352,30,1540096,65536,86,14,9,9
408,427733402,1055352,31,178239488,4096,86,14,9,9
409,428788754,1038252,0,406724352,65536,84,14,10,10
409,428788754,1038252,1,56115712,65536,60,10,10,10
409,428788754,1038252,2,62403072,65536,60,10,10,10
409,428788754,1038252,3,254771968,65536,60,10,10,10
409,428788754,1038252,4,258894848,65536,60,10,10,10
409,428788754,1038252,5,270447360,65536,60,10,10,10
409,428788754,1038252,6,327181824,65536,60,10,10,10
409,428788754,1038252,7,343909376,65536,60,10,10,10
409,428788754,1038252,8,343975168,65536,60,10,10,10
409,428788754,1038252,9,408880384,65536,60,10,10,10
409,428788754,1038252,10,143680512,4096,40,10,10,10
409,428788754,1038252,11,42508288,4096,37,9,10,10
409,428788754,1038252,12,5759488,16384,29,5,10,10
409,428788754,1038252,13,64530688,16384,29,5,10,10
409,428788754,1038252,14,82362624,16384,29,5,10,10
409,428788754,1038252,15,102809600,4096,29,5,10,10
409,428788754,1038252,16,208625920,4096,29,5,10,10
409,428788754,1038252,17,90757632,4096,27,7,10,10
409,428788754,1038252,18,176164096,1024,27,7,10,10
409,428788754,1038252,19,230104064,4096,27,7,10,10
409,428788754,1038252,20,263175424,1024,27,7,10,10
409,428788754,1038252,21,391047424,4096,27,7,10,10
409,428788754,1038252,22,420399616,4096,27,7,10,10
409,428788754,1038252,23,376327168,65536,24,4,10,10
409,428788754,1038252,24,378494464,16384,24,4,10,10
409,428788754,1038252,25,384213504,65536,24,4,10,10
409,428788754,1038252,26,402590464,65536,24,4,10,10
409,428788754,1038252,27,407822336,16384,24,4,10,10
409,428788754,1038252,28,410440960,16384,24,4,10,10
409,428788754,1038252,29,56674048,65536,21,3,10,10
409,428788754,1038252,30,58214912,65536,21,3,10,10
409,428788754,1038252,31,87579392,65536,21,3,10,10
410,429827006,1055957,0,406724352,65536,66,10,10,10
410,429827006,1055957,1,56115712,65536,42,6,10,10
410,429827006,1055957,2,62403072,65536,42,6,10,10
410,429827006,1055957,3,254771968,65536,42,6,10,10
410,429827006,1055957,4,258894848,65536,42,6,10,10
410,429827006,1055957,5,270447360,65536,42,6,10,10
410,429827006,1055957,6,327181824,65536,42,6,10,10
410,429827006,1055957,7,343909376,65536,42,6,10,10
410,429827006,1055957,8,343975168,65536,42,6,10,10
410,429827006,1055957,9,408880384,65536,42,6,10,10
410,429827006,1055957,10,42968832,65536,24,4,10,10
410,429827006,1055957,11,376327168,65536,24,4,10,10
410,429827006,1055957,12,378494464,16384,24,4,10,10
410,429827006,1055957,13,384213504,65536,24,4,10,10
410,429827006,1055957,14,402590464,65536,24,4,10,10
410,429827006,1055957,15,407822336,16384,24,4,10,10
410,429827006,1055957,16,410440960,16384,24,4,10,10
410,429827006,1055957,17,5759488,16384,12,2,10,10
410,429827006,1055957,18,64530688,16384,12,2,10,10
410,429827006,1055957,19,82362624,16384,12,2,10,10
410,429827006,1055957,20,102809600,4096,12,2,10,10
410,429827006,1055957,21,143152128,16384,12,2,10,10
410,429827006,1055957,22,208625920,4096,12,2,10,10
410,429827006,1055957,23,350230016,256,9,3,10,10
410,429827006,1055957,24,100715776,1024,8,4,10,10
410,429827006,1055957,25,66113280,4096,5,1,10,10
410,429827006,1055957,26,81841920,4096,5,1,10,10
410,429827006,1055957,27,90757632,4096,5,1,10,10
410,429827006,1055957,28,111203840,4096,5,1,10,10
410,429827006,1055957,29,176164096,1024,5,1,10,10
410,429827006,1055957,30,207561472,16384,5,1,10,10
410,429827006,1055957,31,222772736,1024,5,1,10,10
411,430882963,1051964,0,121671680,4096,31,7,9,9
411,430882963,1051964,1,1048320,65536,27,5,9,9
411,430882963,1051964,2,178227200,16384,27,5,9,9
411,430882963,1051964,3,305098496,65536,27,5,9,9
411,430882963,1051964,4,374815232,16384,27,5,9,9
411,430882963,1051964,5,399381248,65536,27,5,9,9
411,430882963,1051964,6,411958528,65536,27,5,9,9
411,430882963,1051964,7,412024320,65536,27,5,9,9
411,430882963,1051964,8,415167744,65536,27,5,9,9
411,430882963,1051964,9,427733504,16384,27,5,9,9
411,430882963,1051964,10,16797952,4096,18,4,9,9
411,430882963,1051964,11,151548160,4096,18,4,9,9
411,430882963,1051964,12,165688064,4096,18,4,9,9
411,430882963,1051964,13,322472704,1024,18,4,9,9
411,430882963,1051964,14,146842112,4096,13,3,9,9
411,430882963,1051964,15,159930880,4096,13,3,9,9
411,430882963,1051964,16,166214656,4096,13,3,9,9
411,430882963,1051964,17,181910016,4096,13,3,9,9
411,430882963,1051964,18,13641728,16384,12,2,9,9
411,430882963,1051964,19,272595968,16384,12,2,9,9
411,430882963,1051964,20,138449408,256,8,2,9,9
411,430882963,1051964,21,34637312,1024,7,3,9,9
411,430882963,1051964,22,164123136,1024,7,3,9,9
411,430882963,1051964,23,171452672,1024,7,3,9,9
411,430882963,1051964,24,362818560,1024,7,3,9,9
411,430882963,1051964,25,16271616,4096,5,1,9,9
411,430882963,1051964,26,27812352,4096,5,1,9,9
411,430882963,1051964,27,156259072,4096,5,1,9,9
411,430882963,1051964,28,174590464,4096,5,1,9,9
411,430882963,1051964,29,398390784,4096,5,1,9,9
411,430882963,1051964,30,34107136,4096,3,1,9,9
411,430882963,1051964,31,389485568,256,3,1,9,9
412,431934927,1041992,0,16797952,4096,28,6,9,9
412,431934927,1041992,1,121671680,4096,19,5,9,9
412,431934927,1041992,2,16271616,4096,18,4,9,9
412,431934927,1041992,3,27812352,4096,18,4,9,9
412,431934927,1041992,4,156259072,4096,18,4,9,9
412,431934927,1041992,5,174590464,4096,18,4,9,9
412,431934927,1041992,6,322993408,4096,18,4,9,9
412,431934927,1041992,7,398390784,4096,18,4,9,9
412,431934927,1041992,8,431400704,16384,13,3,9,9
412,431934927,1041992,9,1048320,65536,12,2,9,9
412,431934927,1041992,10,178227200,16384,12,2,9,9
412,431934927,1041992,11,305098496,65536,12,2,9,9
412,431934927,1041992,12,374815232,16384,12,2,9,9
412,431934927,1041992,13,399381248,65536,12,2,9,9
412,431934927,1041992,14,411958528,65536,12,2,9,9
412,431934927,1041992,15,412024320,65536,12,2,9,9
412,431934927,1041992,16,415167744,65536,12,2,9,9
412,431934927,1041992,17,427733504,16384,12,2,9,9
412,431934927,1041992,18,165691136,1024,10,4,9,9
412,431934927,1041992,19,146842112,4096,10,2,9,9
412,431934927,1041992,20,159930880,4096,10,2,9,9
412,431934927,1041992,21,166214656,4096,10,2,9,9
412,431934927,1041992,22,181910016,4096,10,2,9,9
412,431934927,1041992,23,151548160,4096,9,3,9,9
412,431934927,1041992,24,34107136,4096,5,1,9,9
412,431934927,1041992,25,83940352,4096,5,1,9,9
412,431934927,1041992,26,180343296,4096,5,1,9,9
412,431934927,1041992,27,427729152,4096,5,1,9,9
412,431934927,1041992,28,24139264,256,4,2,9,9
412,431934927,1041992,29,164123136,1024,4,2,9,9
412,431934927,1041992,30,194999552,256,4,2,9,9
412,431934927,1041992,31,186097664,1024,3,1,9,9
413,432976919,1050105,0,16797952,4096,69,15,9,9
413,432976919,1050105,1,13641728,16384,48,8,9,9
413,432976919,1050105,2,1048320,65536,45,7,9,9
413,432976919,1050105,3,178227200,16384,45,7,9,9
413,432976919,1050105,4,305098496,65536,45,7,9,9
413,432976919,1050105,5,374815232,16384,45,7,9,9
413,432976919,1050105,6,399381248,65536,45,7,9,9
413,432976919,1050105,7,411958528,65536,45,7,9,9
413,432976919,1050105,8,412024320,65536,45,7,9,9
413,432976919,1050105,9,415167744,65536,45,7,9,9
413,432976919,1050105,10,427733504,16384,45,7,9,9
413,432976919,1050105,11,121671680,4096,44,10,9,9
413,432976919,1050105,12,146842112,4096,39,9,9,9
413,432976919,1050105,13,159930880,4096,39,9,9,9
413,432976919,1050105,14,166214656,4096,39,9,9,9
413,432976919,1050105,15,181910016,4096,39,9,9,9
413,432976919,1050105,16,156259072,4096,35,7,9,9
413,432976919,1050105,17,322993408,4096,35,7,9,9
413,432976919,1050105,18,3080960,65536,33,5,9,9
413,432976919,1050105,19,180343296,65536,33,5,9,9
413,432976919,1050105,20,182438400,65536,33,5,9,9
413,432976919,1050105,21,196540416,65536,33,5,9,9
413,432976919,1050105,22,389947392,65536,33,5,9,9
413,432976919,1050105,23,16271616,4096,30,6,9,9
413,432976919,1050105,24,27812352,4096,30,6,9,9
413,432976919,1050105,25,174590464,4096,30,6,9,9
413,432976919,1050105,26,398390784,4096,30,6,9,9
413,432976919,1050105,27,272595968,16384,15,3,9,9
413,432976919,1050105,28,19943424,16384,12,2,9,9
413,432976919,1050105,29,156263424,16384,12,2,9,9
413,432976919,1050105,30,284671232,16384,12,2,9,9
413,432976919,1050105,31,431400704,16384,12,2,9,9
414,434027024,1049104,0,3080960,65536,54,8,9,9
414,434027024,1049104,1,13641728,16384,54,8,9,9
414,434027024,1049104,2,180343296,65536,54,8,9,9
414,434027024,1049104,3,182438400,65536,54,8,9,9
414,434027024,1049104,4,196540416,65536,54,8,9,9
414,434027024,1049104,5,389947392,65536,54,8,9,9
414,434027024,1049104,6,428723200,65536,54,8,9,9
414,434027024,1049104,7,1048320,65536,36,6,9,9
414,434027024,1049104,8,178227200,16384,36,6,9,9
414,434027024,1049104,9,305098496,65536,36,6,9,9
414,434027024,1049104,10,374815232,16384,36,6,9,9
414,434027024,1049104,11,399381248,65536,36,6,9,9
414,434027024,1049104,12,411958528,65536,36,6,9,9
414,434027024,1049104,13,412024320,65536,36,6,9,9
414,434027024,1049104,14,415167744,65536,36,6,9,9
414,434027024,1049104,15,34107136,4096,15,3,9,9
414,434027024,1049104,16,121671680,4096,15,3,9,9
414,434027024,1049104,17,83928064,16384,12,2,9,9
414,434027024,1049104,18,16797952,4096,10,2,9,9
414,434027024,1049104,19,146842112,4096,10,2,9,9
414,434027024,1049104,20,159930880,4096,10,2,9,9
414,434027024,1049104,21,166214656,4096,10,2,9,9
414,434027024,1049104,22,181910016,4096,10,2,9,9
414,434027024,1049104,23,34637312,1024,9,3,9,9
414,434027024,1049104,24,171452672,1024,9,3,9,9
414,434027024,1049104,25,174073856,256,8,4,9,9
414,434027024,1049104,26,164123136,1024,8,2,9,9
414,434027024,1049104,27,322993408,4096,8,2,9,9
414,434027024,1049104,28,430883072,1024,7,3,9,9
414,434027024,1049104,29,151548160,4096,5,1,9,9
414,434027024,1049104,30,165688064,4096,5,1,9,9
414,434027024,1049104,31,1047040,1024,3,1,9,9
415,435076128,1045922,0,434549504,4096,44,8,9,9
415,435076128,1045922,1,1048320,65536,28,6,9,9
415,435076128,1045922,2,178227200,16384,28,6,9,9
415,435076128,1045922,3,305098496,65536,28,6,9,9
415,435076128,1045922,4,374815232,16384,28,6,9,9
415,435076128,1045922,5,399381248,65536,28,6,9,9
415,435076128,1045922,6,411958528,65536,28,6,9,9
415,435076128,1045922,7,412024320,65536,28,6,9,9
415,435076128,1045922,8,415167744,65536,28,6,9,9
415,435076128,1045922,9,427733504,16384,28,6,9,9
415,435076128,1045922,10,3080960,65536,24,4,9,9
415,435076128,1045922,11,13641728,16384,24,4,9,9
415,435076128,1045922,12,180343296,65536,24,4,9,9
415,435076128,1045922,13,182438400,65536,24,4,9,9
415,435076128,1045922,14,196540416,65536,24,4,9,9
415,435076128,1045922,15,389947392,65536,24,4,9,9
415,435076128,1045922,16,16797952,4096,23,5,9,9
415,435076128,1045922,17,16271616,4096,18,4,9,9
415,435076128,1045922,18,27812352,4096,18,4,9,9
415,435076128,1045922,19,156259072,4096,18,4,9,9
415,435076128,1045922,20,174590464,4096,18,4,9,9
415,435076128,1045922,21,322993408,4096,18,4,9,9
415,435076128,1045922,22,398390784,4096,18,4,9,9
415,435076128,1045922,23,165691136,1024,16,4,9,9
415,435076128,1045922,24,121671680,4096,15,3,9,9
415,435076128,1045922,25,19943424,16384,12,2,9,9
415,435076128,1045922,26,156263424,16384,12,2,9,9
415,435076128,1045922,27,284671232,16384,12,2,9,9
415,435076128,1045922,28,151548160,4096,10,2,9,9
415,435076128,1045922,29,164123136,1024,8,2,9,9
415,435076128,1045922,30,11543296,256,6,2,9,9
415,435076128,1045922,31,83940352,4096,5,1,9,9
416,436122050,1048541,0,1048320,65536,51,9,9,9
416,436122050,1048541,1,178227200,16384,51,9,9,9
416,436122050,1048541,2,305098496,65536,51,9,9,9
416,436122050,1048541,3,374815232,16384,51,9,9,9
416,436122050,1048541,4,399381248,65536,51,9,9,9
416,436122050,1048541,5,411958528,65536,51,9,9,9
416,436122050,1048541,6,412024320,65536,51,9,9,9
416,436122050,1048541,7,415167744,65536,51,9,9,9
416,436122050,1048541,8,427733504,16384,51,9,9,9
416,436122050,1048541,9,121671680,4096,35,7,9,9
416,436122050,1048541,10,151548160,4096,30,6,9,9
416,436122050,1048541,11,165688064,4096,30,6,9,9
416,436122050,1048541,12,322472704,1024,30,6,9,9
416,436122050,1048541,13,16797952,4096,18,4,9,9
416,436122050,1048541,14,16732160,65536,15,3,9,9
416,436122050,1048541,15,27812352,4096,13,3,9,9
416,436122050,1048541,16,156259072,4096,13,3,9,9
416,436122050,1048541,17,174590464,4096,13,3,9,9
416,436122050,1048541,18,398390784,4096,13,3,9,9
416,436122050,1048541,19,24139264,256,8,2,9,9
416,436122050,1048541,20,194999552,256,8,2,9,9
416,436122050,1048541,21,138449408,256,5,1,9,9
416,436122050,1048541,22,146842112,4096,5,1,9,9
416,436122050,1048541,23,159930880,4096,5,1,9,9
416,436122050,1048541,24,166214656,4096,5,1,9,9
416,436122050,1048541,25,181910016,4096,5,1,9,9
416,436122050,1048541,26,281004032,1024,4,2,9,9
416,436122050,1048541,27,34637312,1024,3,1,9,9
416,436122050,1048541,28,37260032,1024,3,1,9,9
416,436122050,1048541,29,171452672,1024,3,1,9,9
416,436122050,1048541,30,186097664,1024,3,1,9,9
416,436122050,1048541,31,362818560,1024,3,1,9,9
417,437170591,1049760,0,121119232,65536,69,11,9,9
417,437170591,1049760,1,173025280,65536,45,7,9,9
417,437170591,1049760,2,1048320,65536,42,8,9,9
417,437170591,1049760,3,178227200,16384,42,8,9,9
417,437170591,1049760,4,305098496,65536,42,8,9,9
417,437170591,1049760,5,374815232,16384,42,8,9,9
417,437170591,1049760,6,399381248,65536,42,8,9,9
417,437170591,1049760,7,411958528,65536,42,8,9,9
417,437170591,1049760,8,412024320,65536,42,8,9,9
417,437170591,1049760,9,415167744,65536,42,8,9,9
417,437170591,1049760,10,427733504,16384,42,8,9,9
417,437170591,1049760,11,13641728,16384,37,7,9,9
417,437170591,1049760,12,16797952,16384,37,7,9,9
417,437170591,1049760,13,272595968,16384,37,7,9,9
417,437170591,1049760,14,163535616,65536,24,4,9,9
417,437170591,1049760,15,193882112,65536,24,4,9,9
417,437170591,1049760,16,400429312,65536,24,4,9,9
417,437170591,1049760,17,151548160,4096,15,3,9,9
417,437170591,1049760,18,165688064,4096,15,3,9,9
417,437170591,1049760,19,322472704,1024,15,3,9,9
417,437170591,1049760,20,436122112,65536,15,3,9,9
417,437170591,1049760,21,19943424,16384,12,2,9,9
417,437170591,1049760,22,156263424,16384,12,2,9,9
417,437170591,1049760,23,284671232,16384,12,2,9,9
417,437170591,1049760,24,34107136,4096,10,2,9,9
417,437170591,1049760,25,164123136,1024,8,2,9,9
417,437170591,1049760,26,523520,1024,6,2,9,9
417,437170591,1049760,27,37260032,1024,6,2,9,9
417,437170591,1049760,28,138449408,256,5,1,9,9
417,437170591,1049760,29,146842112,4096,5,1,9,9
417,437170591,1049760,30,159930880,4096,5,1,9,9
417,437170591,1049760,31,166214656,4096,5,1,9,9
418,438220351,1064821,0,406724352,65536,111,19,10,10
418,438220351,1064821,1,42968832,65536,66,12,10,10
418,438220351,1064821,2,376327168,65536,66,12,10,10
418,438220351,1064821,3,378494464,16384,66,12,10,10
418,438220351,1064821,4,384213504,65536,66,12,10,10
418,438220351,1064821,5,402590464,65536,66,12,10,10
418,438220351,1064821,6,407822336,16384,66,12,10,10
418,438220351,1064821,7,410440960,16384,66,12,10,10
418,438220351,1064821,8,56115712,65536,45,7,10,10
418,438220351,1064821,9,62403072,65536,45,7,10,10
418,438220351,1064821,10,254771968,65536,45,7,10,10
418,438220351,1064821,11,258894848,65536,45,7,10,10
418,438220351,1064821,12,270447360,65536,45,7,10,10
418,438220351,1064821,13,327181824,65536,45,7,10,10
418,438220351,1064821,14,343909376,65536,45,7,10,10
418,438220351,1064821,15,343975168,65536,45,7,10,10
418,438220351,1064821,16,408880384,65536,45,7,10,10
418,438220351,1064821,17,143680512,4096,38,8,10,10
418,438220351,1064821,18,127430912,1024,26,8,10,10
418,438220351,1064821,19,90757632,4096,20,4,10,10
418,438220351,1064821,20,176164096,1024,20,4,10,10
418,438220351,1064821,21,230104064,4096,20,4,10,10
418,438220351,1064821,22,263175424,1024,20,4,10,10
418,438220351,1064821,23,391047424,4096,20,4,10,10
418,438220351,1064821,24,420399616,4096,20,4,10,10
418,438220351,1064821,25,66113280,4096,18,4,10,10
418,438220351,1064821,26,243223040,256,18,4,10,10
418,438220351,1064821,27,361776896,4096,18,4,10,10
418,438220351,1064821,28,5759488,16384,17,3,10,10
418,438220351,1064821,29,64530688,16384,17,3,10,10
418,438220351,1064821,30,82362624,16384,17,3,10,10
418,438220351,1064821,31,102809600,4096,17,3,10,10
419,439285172,1045813,0,3080960,65536,21,3,9,9
419,439285172,1045813,1,13641728,16384,21,3,9,9
419,439285172,1045813,2,180343296,65536,21,3,9,9
419,439285172,1045813,3,182438400,65536,21,3,9,9
419,439285172,1045813,4,196540416,65536,21,3,9,9
419,439285172,1045813,5,389947392,65536,21,3,9,9
419,439285172,1045813,6,428723200,65536,21,3,9,9
419,439285172,1045813,7,121671680,4096,20,4,9,9
419,439285172,1045813,8,16797952,4096,15,3,9,9
419,439285172,1045813,9,151548160,4096,15,3,9,9
419,439285172,1045813,10,165688064,4096,15,3,9,9
419,439285172,1045813,11,322472704,1024,15,3,9,9
419,439285172,1045813,12,28339456,16384,12,2,9,9
419,439285172,1045813,13,16271616,4096,10,2,9,9
419,439285172,1045813,14,27812352,4096,10,2,9,9
419,439285172,1045813,15,34107136,4096,10,2,9,9
419,439285172,1045813,16,138449408,256,10,2,9,9
419,439285172,1045813,17,156259072,4096,10,2,9,9
419,439285172,1045813,18,174590464,4096,10,2,9,9
419,439285172,1045813,19,398390784,4096,10,2,9,9
419,439285172,1045813,20,362818560,1024,8,4,9,9
419,439285172,1045813,21,394203136,1024,8,4,9,9
419,439285172,1045813,22,146842112,4096,5,1,9,9
419,439285172,1045813,23,159930880,4096,5,1,9,9
419,439285172,1045813,24,166214656,4096,5,1,9,9
419,439285172,1045813,25,181910016,4096,5,1,9,9
419,439285172,1045813,26,430883072,1024,5,1,9,9
419,439285172,1045813,27,24139264,256,4,2,9,9
419,439285172,1045813,28,194999552,256,4,2,9,9
419,439285172,1045813,29,164123136,1024,3,1,9,9
419,439285172,1045813,30,437170688,256,3,1,9,9
419,439285172,1045813,31,25193472,256,1,1,9,9
420,440330985,1048630,0,228534784,65536,149,25,0,0
420,440330985,1048630,1,322997760,65536,149,25,0,0
420,440330985,1048630,2,325019648,65536,149,25,0,0
420,440330985,1048630,3,327165184,16384,79,15,0,0
420,440330985,1048630,4,228518144,16384,28,6,0,0
420,440330985,1048630,5,328229376,256,1,1,0,0
420,440330985,1048630,6,325068800,16384,149,25,0,0
420,440330985,1048630,7,229057536,4096,55,13,0,0
420,440330985,1048630,8,323510528,16384,28,6,0,0
420,440330985,1048630,9,326131712,65536,28,6,0,0
420,440330985,1048630,10,327177472,4096,28,6,0,0
420,440330985,1048630,11,326623744,65536,21,3,0,0
420,440330985,1048630,12,326131712,256,10,2,0,0
420,440330985,1048630,13,326131712,1024,10,2,0,0
420,440330985,1048630,14,326131712,4096,10,2,0,0
421,441379615,1058817,0,121671680,4096,111,23,9,9
421,441379615,1058817,1,16797952,4096,88,18,9,9
421,441379615,1058817,2,1048320,65536,78,14,9,9
421,441379615,1058817,3,178227200,16384,78,14,9,9
421,441379615,1058817,4,305098496,65536,78,14,9,9
421,441379615,1058817,5,374815232,16384,78,14,9,9
421,441379615,1058817,6,399381248,65536,78,14,9,9
421,441379615,1058817,7,411958528,65536,78,14,9,9
421,441379615,1058817,8,412024320,65536,78,14,9,9
421,441379615,1058817,9,415167744,65536,78,14,9,9
421,441379615,1058817,10,427733504,16384,78,14,9,9
421,441379615,1058817,11,165691136,1024,75,17,9,9
421,441379615,1058817,12,151548160,4096,66,14,9,9
421,441379615,1058817,13,322472704,1024,66,14,9,9
421,441379615,1058817,14,414635520,16384,48,8,9,9
421,441379615,1058817,15,146842112,4096,45,9,9,9
421,441379615,1058817,16,159930880,4096,45,9,9,9
421,441379615,1058817,17,166214656,4096,45,9,9,9
421,441379615,1058817,18,181910016,4096,45,9,9,9
421,441379615,1058817,19,16271616,4096,43,9,9,9
421,441379615,1058817,20,27812352,4096,43,9,9,9
421,441379615,1058817,21,156259072,4096,43,9,9,9
421,441379615,1058817,22,174590464,4096,43,9,9,9
421,441379615,1058817,23,398390784,4096,43,9,9,9
421,441379615,1058817,24,3080960,65536,36,6,9,9
421,441379615,1058817,25,13641728,16384,36,6,9,9
421,441379615,1058817,26,180343296,65536,36,6,9,9
421,441379615,1058817,27,182438400,65536,36,6,9,9
421,441379615,1058817,28,196540416,65536,36,6,9,9
421,441379615,1058817,29,389947392,65536,36,6,9,9
421,441379615,1058817,30,155198208,16384,24,4,9,9
421,441379615,1058817,31,83940352,4096,22,6,9,9
422,442438432,1051705,0,13641728,16384,66,10,9,9
422,442438432,1051705,1,121671680,4096,54,14,9,9
422,442438432,1051705,2,28339456,16384,54,10,9,9
422,442438432,1051705,3,16797952,4096,50,14,9,9
422,442438432,1051705,4,3080960,65536,42,6,9,9
422,442438432,1051705,5,180343296,65536,42,6,9,9
422,442438432,1051705,6,182438400,65536,42,6,9,9
422,442438432,1051705,7,196540416,65536,42,6,9,9
422,442438432,1051705,8,389947392,65536,42,6,9,9
422,442438432,1051705,9,428723200,65536,42,6,9,9
422,442438432,1051705,10,146842112,4096,36,10,9,9
422,442438432,1051705,11,159930880,4096,36,10,9,9
422,442438432,1051705,12,166214656,4096,36,10,9,9
422,442438432,1051705,13,181910016,4096,36,10,9,9
422,442438432,1051705,14,272595968,16384,24,4,9,9
422,442438432,1051705,15,415167744,16384,24,4,9,9
422,442438432,1051705,16,322993408,4096,23,7,9,9
422,442438432,1051705,17,151548160,4096,18,4,9,9
422,442438432,1051705,18,165688064,4096,18,4,9,9
422,442438432,1051705,19,1048320,65536,15,3,9,9
422,442438432,1051705,20,178227200,16384,15,3,9,9
422,442438432,1051705,21,305098496,65536,15,3,9,9
422,442438432,1051705,22,374815232,16384,15,3,9,9
422,442438432,1051705,23,399381248,65536,15,3,9,9
422,442438432,1051705,24,411958528,65536,15,3,9,9
422,442438432,1051705,25,412024320,65536,15,3,9,9
422,442438432,1051705,26,441876224,65536,15,3,9,9
422,442438432,1051705,27,16271616,4096,14,4,9,9
422,442438432,1051705,28,27812352,4096,14,4,9,9
422,442438432,1051705,29,156259072,4096,14,4,9,9
422,442438432,1051705,30,174590464,4096,14,4,9,9
422,442438432,1051705,31,398390784,4096,14,4,9,9
423,443490137,1051358,0,411958528,65536,60,10,9,9
423,443490137,1051358,1,1048320,65536,48,8,9,9
423,443490137,1051358,2,305098496,65536,48,8,9,9
423,443490137,1051358,3,374815232,16384,48,8,9,9
423,443490137,1051358,4,399381248,65536,48,8,9,9
423,443490137,1051358,5,412024320,65536,48,8,9,9
423,443490137,1051358,6,415167744,65536,48,8,9,9
423,443490137,1051358,7,427733504,16384,48,8,9,9
423,443490137,1051358,8,441876224,65536,48,8,9,9
423,443490137,1051358,9,442438656,65536,48,8,9,9
423,443490137,1051358,10,121671680,4096,33,7,9,9
423,443490137,1051358,11,16797952,4096,30,6,9,9
423,443490137,1051358,12,165691136,1024,19,5,9,9
423,443490137,1051358,13,151548160,4096,18,4,9,9
423,443490137,1051358,14,322472704,1024,18,4,9,9
423,443490137,1051358,15,13641728,16384,15,3,9,9
423,443490137,1051358,16,16271616,4096,15,3,9,9
423,443490137,1051358,17,27812352,4096,15,3,9,9
423,443490137,1051358,18,146842112,4096,15,3,9,9
423,443490137,1051358,19,156259072,4096,15,3,9,9
423,443490137,1051358,20,159930880,4096,15,3,9,9
423,443490137,1051358,21,166214656,4096,15,3,9,9
423,443490137,1051358,22,174590464,4096,15,3,9,9
423,443490137,1051358,23,181910016,4096,15,3,9,9
423,443490137,1051358,24,272595968,16384,15,3,9,9
423,443490137,1051358,25,398390784,4096,15,3,9,9
423,443490137,1051358,26,19943424,16384,12,2,9,9
423,443490137,1051358,27,156263424,16384,12,2,9,9
423,443490137,1051358,28,284671232,16384,12,2,9,9
423,443490137,1051358,29,24139264,256,11,5,9,9
423,443490137,1051358,30,194999552,256,11,5,9,9
423,443490137,1051358,31,164123136,1024,11,3,9,9
424,444541495,1045024,0,42968832,65536,71,11,10,10
424,444541495,1045024,1,376327168,65536,71,11,10,10
424,444541495,1045024,2,378494464,16384,71,11,10,10
424,444541495,1045024,3,384213504,65536,71,11,10,10
424,444541495,1045024,4,402590464,65536,71,11,10,10
424,444541495,1045024,5,406724352,65536,71,11,10,10
424,444541495,1045024,6,407822336,16384,71,11,10,10
424,444541495,1045024,7,410440960,16384,71,11,10,10
424,444541495,1045024,8,143680512,4096,69,17,10,10
424,444541495,1045024,9,66113280,4096,36,10,10,10
424,444541495,1045024,10,243223040,256,36,10,10,10
424,444541495,1045024,11,257912832,4096,36,10,10,10
424,444541495,1045024,12,361776896,4096,36,10,10,10
424,444541495,1045024,13,346566400,16384,36,6,10,10
424,444541495,1045024,14,90757632,4096,33,7,10,10
424,444541495,1045024,15,176164096,1024,33,7,10,10
424,444541495,1045024,16,230104064,4096,33,7,10,10
424,444541495,1045024,17,263175424,1024,33,7,10,10
424,444541495,1045024,18,345013248,4096,33,7,10,10
424,444541495,1045024,19,391047424,4096,33,7,10,10
424,444541495,1045024,20,420399616,4096,33,7,10,10
424,444541495,1045024,21,5759488,16384,32,6,10,10
424,444541495,1045024,22,64530688,16384,32,6,10,10
424,444541495,1045024,23,82362624,16384,32,6,10,10
424,444541495,1045024,24,102809600,4096,32,6,10,10
424,444541495,1045024,25,208625920,4096,32,6,10,10
424,444541495,1045024,26,343958528,16384,32,6,10,10
424,444541495,1045024,27,200241408,4096,28,6,10,10
424,444541495,1045024,28,99601408,65536,24,4,10,10
424,444541495,1045024,29,252137984,16384,24,4,10,10
424,444541495,1045024,30,100715776,1024,20,6,10,10
424,444541495,1045024,31,99667200,256,17,5,10,10
425,445586519,1055183,0,444541696,4096,134,24,10,10
425,445586519,1055183,1,406724352,65536,75,11,10,10
425,445586519,1055183,2,5759488,16384,72,14,10,10
425,445586519,1055183,3,64530688,16384,72,14,10,10
425,445586519,1055183,4,82362624,16384,72,14,10,10
425,445586519,1055183,5,102809600,4096,72,14,10,10
425,445586519,1055183,6,143152128,16384,72,14,10,10
425,445586519,1055183,7,208625920,4096,72,14,10,10
425,445586519,1055183,8,343958528,16384,72,14,10,10
425,445586519,1055183,9,42508288,4096,67,15,10,10
425,445586519,1055183,10,56115712,65536,63,9,10,10
425,445586519,1055183,11,62403072,65536,63,9,10,10
425,445586519,1055183,12,254771968,65536,63,9,10,10
425,445586519,1055183,13,258894848,65536,63,9,10,10
425,445586519,1055183,14,270447360,65536,63,9,10,10
425,445586519,1055183,15,327181824,65536,63,9,10,10
425,445586519,1055183,16,343975168,65536,63,9,10,10
425,445586519,1055183,17,408880384,65536,63,9,10,10
425,445586519,1055183,18,346566400,16384,62,12,10,10
425,445586519,1055183,19,403624448,16384,62,12,10,10
425,445586519,1055183,20,90757632,4096,47,11,10,10
425,445586519,1055183,21,176164096,1024,47,11,10,10
425,445586519,1055183,22,230104064,4096,47,11,10,10
425,445586519,1055183,23,263175424,1024,47,11,10,10
425,445586519,1055183,24,391047424,4096,47,11,10,10
425,445586519,1055183,25,420399616,4096,47,11,10,10
425,445586519,1055183,26,66113280,4096,23,5,10,10
425,445586519,1055183,27,243223040,256,23,5,10,10
425,445586519,1055183,28,361776896,4096,23,5,10,10
425,445586519,1055183,29,43556352,4096,20,4,10,10
425,445586519,1055183,30,53000448,4096,20,4,10,10
425,445586519,1055183,31,70309120,4096,20,4,10,10
426,446641702,1048624,0,423541248,4096,181,35,6,6
426,446641702,1048624,1,40937216,16384,123,21,6,6
426,446641702,1048624,2,46694144,16384,123,21,6,6
426,446641702,1048624,3,298798848,65536,123,21,6,6
426,446641702,1048624,4,373238016,16384,123,21,6,6
426,446641702,1048624,5,417771520,16384,123,21,6,6
426,446641702,1048624,6,420382976,16384,123,21,6,6
426,446641702,1048624,7,421448704,16384,123,21,6,6
426,446641702,1048624,8,190790400,16384,82,16,6,6
426,446641702,1048624,9,124285696,4096,58,14,6,6
426,446641702,1048624,10,419347456,4096,41,9,6,6
426,446641702,1048624,11,73457664,4096,39,9,6,6
426,446641702,1048624,12,104910592,4096,39,9,6,6
426,446641702,1048624,13,103862272,4096,32,8,6,6
426,446641702,1048624,14,234293504,1024,23,7,6,6
426,446641702,1048624,15,47719680,65536,21,3,6,6
426,446641702,1048624,16,109043456,65536,21,3,6,6
426,446641702,1048624,17,119514368,65536,21,3,6,6
426,446641702,1048624,18,214903552,16384,21,3,6,6
426,446641702,1048624,19,219110656,65536,21,3,6,6
426,446641702,1048624,20,246375936,16384,21,3,6,6
426,446641702,1048624,21,277788672,65536,21,3,6,6
426,446641702,1048624,22,295651584,65536,21,3,6,6
426,446641702,1048624,23,408814592,65536,21,3,6,6
426,446641702,1048624,24,199193088,4096,19,5,6,6
426,446641702,1048624,25,416216320,4096,19,5,6,6
426,446641702,1048624,26,107522048,16384,15,3,6,6
426,446641702,1048624,27,118522112,16384,15,3,6,6
426,446641702,1048624,28,33055744,1024,14,4,6,6
426,446641702,1048624,29,115397120,1024,14,4,6,6
426,446641702,1048624,30,396297984,256,14,4,6,6
426,446641702,1048624,31,264226048,256,4,2,6,6
427,447690326,1052195,0,228534784,65536,143,25,0,0
427,447690326,1052195,1,322997760,65536,143,25,0,0
427,447690326,1052195,2,325019648,65536,143,25,0,0
427,447690326,1052195,3,327165184,16384,114,22,0,0
427,447690326,1052195,4,228518144,16384,59,11,0,0
427,447690326,1052195,5,325068800,16384,143,25,0,0
427,447690326,1052195,6,323510528,16384,59,11,0,0
427,447690326,1052195,7,326131712,65536,59,11,0,0
427,447690326,1052195,8,327177472,4096,59,11,0,0
427,447690326,1052195,9,229057536,4096,35,7,0,0
427,447690326,1052195,10,326131712,256,16,4,0,0
427,447690326,1052195,11,326131712,1024,16,4,0,0
427,447690326,1052195,12,326131712,4096,16,4,0,0
427,447690326,1052195,13,324561920,1024,7,3,0,0
427,447690326,1052195,14,324562432,256,7,3,0,0
428,448742521,1048964,0,447624704,65536,190,28,6,6
428,448742521,1048964,1,423541248,4096,51,11,6,6
428,448742521,1048964,2,40937216,16384,27,5,6,6
428,448742521,1048964,3,46694144,16384,27,5,6,6
428,448742521,1048964,4,298798848,65536,27,5,6,6
428,448742521,1048964,5,373238016,16384,27,5,6,6
428,448742521,1048964,6,417771520,16384,27,5,6,6
428,448742521,1048964,7,420382976,16384,27,5,6,6
428,448742521,1048964,8,421448704,16384,27,5,6,6
428,448742521,1048964,9,124285696,4096,23,5,6,6
428,448742521,1048964,10,47719680,65536,21,3,6,6
428,448742521,1048964,11,104353536,65536,21,3,6,6
428,448742521,1048964,12,105897472,65536,21,3,6,6
428,448742521,1048964,13,109043456,65536,21,3,6,6
428,448742521,1048964,14,214903552,16384,21,3,6,6
428,448742521,1048964,15,219110656,65536,21,3,6,6
428,448742521,1048964,16,246375936,16384,21,3,6,6
428,448742521,1048964,17,277788672,65536,21,3,6,6
428,448742521,1048964,18,295651584,65536,21,3,6,6
428,448742521,1048964,19,408814592,65536,21,3,6,6
428,448742521,1048964,20,73457664,4096,19,5,6,6
428,448742521,1048964,21,199193088,4096,5,1,6,6
428,448742521,1048964,22,234293504,1024,5,1,6,6
428,448742521,1048964,23,416216320,4096,5,1,6,6
428,448742521,1048964,24,33055744,1024,4,2,6,6
428,448742521,1048964,25,115397120,1024,4,2,6,6
428,448742521,1048964,26,264226048,256,4,2,6,6
428,448742521,1048964,27,396297984,256,4,2,6,6
428,448742521,1048964,28,218062080,1024,1,1,6,6
428,448742521,1048964,29,447673856,16384,51,9,6,6
428,448742521,1048964,30,373250304,4096,27,5,6,6
428,448742521,1048964,31,417777664,4096,27,5,6,6
429,449791485,1047988,0,445031168,65536,117,17,10,10
429,449791485,1047988,1,445586688,65536,72,10,10,10
429,449791485,1047988,2,42508288,4096,67,15,10,10
429,449791485,1047988,3,143680512,4096,56,12,10,10
429,449791485,1047988,4,263175424,1024,45,11,10,10
429,449791485,1047988,5,90757632,4096,41,9,10,10
429,449791485,1047988,6,176164096,1024,41,9,10,10
429,449791485,1047988,7,230104064,4096,41,9,10,10
429,449791485,1047988,8,345013248,4096,41,9,10,10
429,449791485,1047988,9,391047424,4096,41,9,10,10
429,449791485,1047988,10,420399616,4096,41,9,10,10
429,449791485,1047988,11,346566400,16384,36,6,10,10
429,449791485,1047988,12,403624448,16384,36,6,10,10
429,449791485,1047988,13,406724352,65536,36,6,10,10
429,449791485,1047988,14,43556352,4096,26,6,10,10
429,449791485,1047988,15,53000448,4096,26,6,10,10
429,449791485,1047988,16,70309120,4096,26,6,10,10
429,449791485,1047988,17,234820096,4096,26,6,10,10
429,449791485,1047988,18,266841600,4096,26,6,10,10
429,449791485,1047988,19,293093888,4096,26,6,10,10
429,449791485,1047988,20,363867648,4096,26,6,10,10
429,449791485,1047988,21,378494464,16384,24,4,10,10
429,449791485,1047988,22,384213504,65536,24,4,10,10
429,449791485,1047988,23,407822336,16384,24,4,10,10
429,449791485,1047988,24,410440960,16384,24,4,10,10
429,449791485,1047988,25,350230016,256,19,5,10,10
429,449791485,1047988,26,66113280,4096,15,3,10,10
429,449791485,1047988,27,243223040,256,15,3,10,10
429,449791485,1047988,28,257912832,4096,15,3,10,10
429,449791485,1047988,29,361776896,4096,15,3,10,10
429,449791485,1047988,30,387908864,4096,15,3,10,10
429,449791485,1047988,31,127430912,1024,14,4,10,10
430,450839473,1048996,0,447690496,65536,593,89,0,0
430,450839473,1048996,1,327165184,16384,215,41,0,0
430,450839473,1048996,2,228518144,16384,121,25,0,0
430,450839473,1048996,3,323510528,16384,121,25,0,0
430,450839473,1048996,4,228534784,65536,120,18,0,0
430,450839473,1048996,5,325019648,65536,120,18,0,0
430,450839473,1048996,6,328229376,256,2,2,0,0
430,450839473,1048996,7,448183552,65536,534,82,0,0
430,450839473,1048996,8,448208128,16384,300,56,0,0
430,450839473,1048996,9,447690496,16384,264,48,0,0
430,450839473,1048996,10,326131712,65536,121,25,0,0
430,450839473,1048996,11,327177472,4096,121,25,0,0
430,450839473,1048996,12,322997760,65536,120,18,0,0
430,450839473,1048996,13,325068800,16384,120,18,0,0
430,450839473,1048996,14,447690496,1024,114,32,0,0
430,450839473,1048996,15,447690496,4096,84,22,0,0
430,450839473,1048996,16,447690496,256,53,13,0,0
430,450839473,1048996,17,448726016,16384,51,9,0,0
430,450839473,1048996,18,448738304,4096,51,9,0,0
430,450839473,1048996,19,448741376,1024,51,9,0,0
430,450839473,1048996,20,229057536,4096,43,9,0,0
430,450839473,1048996,21,448214272,4096,13,3,0,0
430,450839473,1048996,22,326131712,256,12,4,0,0
430,450839473,1048996,23,326131712,1024,12,4,0,0
430,450839473,1048996,24,326131712,4096,12,4,0,0
430,450839473,1048996,25,448215808,1024,6,2,0,0
430,450839473,1048996,26,324561920,1024,3,1,0,0
430,450839473,1048996,27,324562432,256,3,1,0,0
431,451888469,1048228,0,451355648,16384,595,103,0,0
431,451888469,1048228,1,448183552,65536,572,92,0,0
431,451888469,1048228,2,327165184,16384,197,35,0,0
431,451888469,1048228,3,228534784,65536,154,24,0,0
431,451888469,1048228,4,322997760,65536,154,24,0,0
431,451888469,1048228,5,325019648,65536,154,24,0,0
431,451888469,1048228,6,228518144,16384,92,16,0,0
431,451888469,1048228,7,328229376,256,1,1,0,0
431,451888469,1048228,8,447690496,65536,468,74,0,0
431,451888469,1048228,9,448208128,16384,373,65,0,0
431,451888469,1048228,10,451822848,65536,268,44,0,0
431,451888469,1048228,11,450839552,65536,242,40,0,0
431,451888469,1048228,12,450839552,16384,235,41,0,0
431,451888469,1048228,13,447690496,16384,220,42,0,0
431,451888469,1048228,14,451884288,4096,220,42,0,0
431,451888469,1048228,15,451872000,16384,189,37,0,0
431,451888469,1048228,16,325068800,16384,154,24,0,0
431,451888469,1048228,17,451331072,65536,144,22,0,0
431,451888469,1048228,18,451361792,4096,137,25,0,0
431,451888469,1048228,19,451887360,1024,124,26,0,0
431,451888469,1048228,20,448741376,1024,107,19,0,0
431,451888469,1048228,21,448726016,16384,104,18,0,0
431,451888469,1048228,22,448738304,4096,104,18,0,0
431,451888469,1048228,23,323510528,16384,92,16,0,0
431,451888469,1048228,24,326131712,65536,92,16,0,0
431,451888469,1048228,25,327177472,4096,92,16,0,0
431,451888469,1048228,26,447690496,4096,79,19,0,0
431,451888469,1048228,27,447690496,1024,68,16,0,0
431,451888469,1048228,28,229057536,4096,40,10,0,0
431,451888469,1048228,29,447690496,256,38,8,0,0
431,451888469,1048228,30,451363328,1024,35,9,0,0
431,451888469,1048228,31,450839552,4096,25,5,0,0
432,452936697,1048802,0,452870912,65536,961,151,0,0
432,452936697,1048802,1,447690496,65536,817,129,0,0
432,452936697,1048802,2,451355648,16384,638,108,0,0
432,452936697,1048802,3,228534784,65536,200,34,0,0
432,452936697,1048802,4,322997760,65536,200,34,0,0
432,452936697,1048802,5,325019648,65536,200,34,0,0
432,452936697,1048802,6,327165184,16384,156,28,0,0
432,452936697,1048802,7,228518144,16384,76,14,0,0
432,452936697,1048802,8,448183552,65536,769,125,0,0
432,452936697,1048802,9,451888640,65536,756,118,0,0
432,452936697,1048802,10,452379648,65536,446,70,0,0
432,452936697,1048802,11,452410368,4096,427,91,0,0
432,452936697,1048802,12,448208128,16384,404,72,0,0
432,452936697,1048802,13,451822848,65536,336,56,0,0
432,452936697,1048802,14,450839552,65536,324,52,0,0
432,452936697,1048802,15,451884288,4096,303,67,0,0
432,452936697,1048802,16,450839552,16384,242,42,0,0
432,452936697,1048802,17,451888640,16384,241,45,0,0
432,452936697,1048802,18,447690496,16384,216,40,0,0
432,452936697,1048802,19,452411904,1024,200,50,0,0
432,452936697,1048802,20,325068800,16384,200,34,0,0
432,452936697,1048802,21,451361792,4096,190,34,0,0
432,452936697,1048802,22,451331072,65536,177,27,0,0
432,452936697,1048802,23,452404224,16384,176,32,0,0
432,452936697,1048802,24,448726016,16384,142,26,0,0
432,452936697,1048802,25,448738304,4096,142,26,0,0
432,452936697,1048802,26,448741376,1024,142,26,0,0
432,452936697,1048802,27,451872000,16384,142,26,0,0
432,452936697,1048802,28,452932352,4096,139,29,0,0
432,452936697,1048802,29,451888640,4096,136,28,0,0
432,452936697,1048802,30,452412416,256,119,31,0,0
432,452936697,1048802,31,451887360,1024,107,25,0,0
433,453985499,1048967,0,447624704,65536,332,54,6,6
433,453985499,1048967,1,449774848,16384,197,31,6,6
433,453985499,1048967,2,423541248,4096,125,25,6,6
433,453985499,1048967,3,40937216,16384,93,17,6,6
433,453985499,1048967,4,46694144,16384,93,17,6,6
433,453985499,1048967,5,298798848,65536,93,17,6,6
433,453985499,1048967,6,373238016,16384,93,17,6,6
433,453985499,1048967,7,417771520,16384,93,17,6,6
433,453985499,1048967,8,420382976,16384,93,17,6,6
433,453985499,1048967,9,421448704,16384,93,17,6,6
433,453985499,1048967,10,47719680,65536,79,13,6,6
433,453985499,1048967,11,104353536,65536,79,13,6,6
433,453985499,1048967,12,105897472,65536,79,13,6,6
433,453985499,1048967,13,109043456,65536,79,13,6,6
433,453985499,1048967,14,214903552,16384,79,13,6,6
433,453985499,1048967,15,219110656,65536,79,13,6,6
433,453985499,1048967,16,246375936,16384,79,13,6,6
433,453985499,1048967,17,277788672,65536,79,13,6,6
433,453985499,1048967,18,295651584,65536,79,13,6,6
433,453985499,1048967,19,408814592,65536,79,13,6,6
433,453985499,1048967,20,107522048,16384,78,14,6,6
433,453985499,1048967,21,118522112,16384,66,12,6,6
433,453985499,1048967,22,190790400,16384,53,9,6,6
433,453985499,1048967,23,124285696,4096,30,6,6,6
433,453985499,1048967,24,419347456,4096,27,7,6,6
433,453985499,1048967,25,73457664,4096,18,4,6,6
433,453985499,1048967,26,199193088,4096,14,4,6,6
433,453985499,1048967,27,416216320,4096,14,4,6,6
433,453985499,1048967,28,237961728,16384,12,2,6,6
433,453985499,1048967,29,218062080,1024,8,4,6,6
433,453985499,1048967,30,33055744,1024,7,3,6,6
433,453985499,1048967,31,115397120,1024,7,3,6,6
434,455034466,1048436,0,450822912,16384,214,40,10,10
434,455034466,1048436,1,444541696,16384,193,35,10,10
434,455034466,1048436,2,445586688,65536,118,20,10,10
434,455034466,1048436,3,143680512,4096,72,16,10,10
434,455034466,1048436,4,406724352,65536,69,13,10,10
434,455034466,1048436,5,42508288,4096,60,12,10,10
434,455034466,1048436,6,346566400,16384,44,8,10,10
434,455034466,1048436,7,403624448,16384,44,8,10,10
434,455034466,1048436,8,66113280,4096,37,9,10,10
434,455034466,1048436,9,243223040,256,37,9,10,10
434,455034466,1048436,10,257912832,4096,37,9,10,10
434,455034466,1048436,11,361776896,4096,37,9,10,10
434,455034466,1048436,12,5759488,16384,36,8,10,10
434,455034466,1048436,13,64530688,16384,36,8,10,10
434,455034466,1048436,14,82362624,16384,36,8,10,10
434,455034466,1048436,15,102809600,4096,36,8,10,10
434,455034466,1048436,16,208625920,4096,36,8,10,10
434,455034466,1048436,17,343958528,16384,36,8,10,10
434,455034466,1048436,18,56115712,65536,36,6,10,10
434,455034466,1048436,19,62403072,65536,36,6,10,10
434,455034466,1048436,20,254771968,65536,36,6,10,10
434,455034466,1048436,21,270447360,65536,36,6,10,10
434,455034466,1048436,22,327181824,65536,36,6,10,10
434,455034466,1048436,23,343975168,65536,36,6,10,10
434,455034466,1048436,24,408880384,65536,36,6,10,10
434,455034466,1048436,25,90757632,4096,35,7,10,10
434,455034466,1048436,26,176164096,1024,35,7,10,10
434,455034466,1048436,27,230104064,4096,35,7,10,10
434,455034466,1048436,28,263175424,1024,35,7,10,10
434,455034466,1048436,29,391047424,4096,35,7,10,10
434,455034466,1048436,30,420399616,4096,35,7,10,10
434,455034466,1048436,31,384213504,65536,33,7,10,10
435,456082902,1048450,0,450822912,16384,274,50,10,10
435,456082902,1048450,1,455034624,65536,273,43,10,10
435,456082902,1048450,2,444541696,16384,271,45,10,10
435,456082902,1048450,3,445586688,65536,115,17,10,10
435,456082902,1048450,4,406724352,65536,97,17,10,10
435,456082902,1048450,5,143680512,4096,94,22,10,10
435,456082902,1048450,6,346566400,16384,88,16,10,10
435,456082902,1048450,7,403624448,16384,88,16,10,10
435,456082902,1048450,8,66113280,4096,66,14,10,10
435,456082902,1048450,9,243223040,256,66,14,10,10
435,456082902,1048450,10,257912832,4096,66,14,10,10
435,456082902,1048450,11,361776896,4096,66,14,10,10
435,456082902,1048450,12,42968832,65536,64,12,10,10
435,456082902,1048450,13,384213504,65536,64,12,10,10
435,456082902,1048450,14,407822336,16384,64,12,10,10
435,456082902,1048450,15,410440960,16384,64,12,10,10
435,456082902,1048450,16,43556352,4096,34,8,10,10
435,456082902,1048450,17,53000448,4096,34,8,10,10
435,456082902,1048450,18,70309120,4096,34,8,10,10
435,456082902,1048450,19,229584640,4096,34,8,10,10
435,456082902,1048450,20,234820096,4096,34,8,10,10
435,456082902,1048450,21,266841600,4096,34,8,10,10
435,456082902,1048450,22,293093888,4096,34,8,10,10
435,456082902,1048450,23,363867648,4096,34,8,10,10
435,456082902,1048450,24,420921856,4096,34,8,10,10
435,456082902,1048450,25,56115712,65536,33,5,10,10
435,456082902,1048450,26,62403072,65536,33,5,10,10
435,456082902,1048450,27,254771968,65536,33,5,10,10
435,456082902,1048450,28,270447360,65536,33,5,10,10
435,456082902,1048450,29,327181824,65536,33,5,10,10
435,456082902,1048450,30,343909376,65536,33,5,10,10
435,456082902,1048450,31,343975168,65536,33,5,10,10
436,457131352,1047848,0,452870912,65536,467,71,0,0
436,457131352,1047848,1,453428224,65536,463,71,0,0
436,457131352,1047848,2,451355648,16384,413,69,0,0
436,457131352,1047848,3,447690496,65536,310,48,0,0
436,457131352,1047848,4,327165184,16384,164,32,0,0
436,457131352,1047848,5,228518144,16384,52,8,0,0
436,457131352,1047848,6,323510528,16384,52,8,0,0
436,457131352,1047848,7,228534784,65536,42,6,0,0
436,457131352,1047848,8,325019648,65536,42,6,0,0
436,457131352,1047848,9,452936704,65536,437,69,0,0
436,457131352,1047848,10,451888640,65536,428,68,0,0
436,457131352,1047848,11,453452800,16384,314,50,0,0
436,457131352,1047848,12,451888640,16384,265,49,0,0
436,457131352,1047848,13,452410368,4096,260,48,0,0
436,457131352,1047848,14,453458944,4096,260,46,0,0
436,457131352,1047848,15,451872000,16384,259,49,0,0
436,457131352,1047848,16,452932352,4096,243,47,0,0
436,457131352,1047848,17,448183552,65536,237,37,0,0
436,457131352,1047848,18,452404224,16384,226,40,0,0
436,457131352,1047848,19,448208128,16384,214,34,0,0
436,457131352,1047848,20,451884288,4096,206,40,0,0
436,457131352,1047848,21,450839552,65536,195,31,0,0
436,457131352,1047848,22,450839552,16384,182,30,0,0
436,457131352,1047848,23,452920064,16384,164,30,0,0
436,457131352,1047848,24,453919744,65536,140,22,0,0
436,457131352,1047848,25,451331072,65536,132,20,0,0
436,457131352,1047848,26,451888640,4096,113,25,0,0
436,457131352,1047848,27,453968896,16384,113,23,0,0
436,457131352,1047848,28,452411904,1024,111,25,0,0
436,457131352,1047848,29,447690496,1024,105,29,0,0
436,457131352,1047848,30,452379648,65536,95,15,0,0
436,457131352,1047848,31,451361792,4096,93,17,0,0
437,458179200,1048395,0,457065728,65536,437,71,10,10
437,458179200,1048395,1,455034624,65536,349,55,10,10
437,458179200,1048395,2,445031168,65536,316,50,10,10
437,458179200,1048395,3,450822912,16384,311,57,10,10
437,458179200,1048395,4,445586688,65536,199,33,10,10
437,458179200,1048395,5,406724352,65536,176,30,10,10
437,458179200,1048395,6,42508288,4096,140,32,10,10
437,458179200,1048395,7,143680512,4096,103,23,10,10
437,458179200,1048395,8,56115712,65536,93,15,10,10
437,458179200,1048395,9,62403072,65536,93,15,10,10
437,458179200,1048395,10,254771968,65536,93,15,10,10
437,458179200,1048395,11,258894848,65536,93,15,10,10
437,458179200,1048395,12,270447360,65536,93,15,10,10
437,458179200,1048395,13,327181824,65536,93,15,10,10
437,458179200,1048395,14,343909376,65536,93,15,10,10
437,458179200,1048395,15,343975168,65536,93,15,10,10
437,458179200,1048395,16,408880384,65536,93,15,10,10
437,458179200,1048395,17,384213504,65536,83,15,10,10
437,458179200,1048395,18,402590464,65536,83,15,10,10
437,458179200,1048395,19,407822336,16384,83,15,10,10
437,458179200,1048395,20,410440960,16384,83,15,10,10
437,458179200,1048395,21,43556352,4096,78,18,10,10
437,458179200,1048395,22,53000448,4096,78,18,10,10
437,458179200,1048395,23,70309120,4096,78,18,10,10
437,458179200,1048395,24,229584640,4096,78,18,10,10
437,458179200,1048395,25,234820096,4096,78,18,10,10
437,458179200,1048395,26,266841600,4096,78,18,10,10
437,458179200,1048395,27,293093888,4096,78,18,10,10
437,458179200,1048395,28,346572544,4096,78,18,10,10
437,458179200,1048395,29,363867648,4096,78,18,10,10
437,458179200,1048395,30,420921856,4096,78,18,10,10
437,458179200,1048395,31,5759488,16384,77,13,10,10
438,459227595,1048883,0,452870912,65536,465,71,0,0
438,459227595,1048883,1,457131520,65536,439,67,0,0
438,459227595,1048883,2,451355648,16384,370,68,0,0
438,459227595,1048883,3,448183552,65536,336,52,0,0
438,459227595,1048883,4,453428224,65536,329,51,0,0
438,459227595,1048883,5,327165184,16384,130,24,0,0
438,459227595,1048883,6,228534784,65536,81,13,0,0
438,459227595,1048883,7,322997760,65536,81,13,0,0
438,459227595,1048883,8,325019648,65536,81,13,0,0
438,459227595,1048883,9,228518144,16384,64,12,0,0
438,459227595,1048883,10,451888640,65536,458,72,0,0
438,459227595,1048883,11,447690496,65536,329,51,0,0
438,459227595,1048883,12,452936704,65536,320,48,0,0
438,459227595,1048883,13,458113536,65536,253,41,0,0
438,459227595,1048883,14,451888640,16384,223,43,0,0
438,459227595,1048883,15,453452800,16384,218,34,0,0
438,459227595,1048883,16,448208128,16384,214,38,0,0
438,459227595,1048883,17,452410368,4096,209,47,0,0
438,459227595,1048883,18,452411904,1024,200,52,0,0
438,459227595,1048883,19,453458944,4096,188,36,0,0
438,459227595,1048883,20,451884288,4096,183,41,0,0
438,459227595,1048883,21,453968896,16384,178,36,0,0
438,459227595,1048883,22,450839552,65536,177,27,0,0
438,459227595,1048883,23,458162688,16384,172,32,0,0
438,459227595,1048883,24,447690496,16384,170,32,0,0
438,459227595,1048883,25,453919744,65536,160,26,0,0
438,459227595,1048883,26,451872000,16384,155,31,0,0
438,459227595,1048883,27,451822848,65536,145,25,0,0
438,459227595,1048883,28,452404224,16384,139,27,0,0
438,459227595,1048883,29,457131520,4096,127,23,0,0
438,459227595,1048883,30,457131520,16384,127,23,0,0
438,459227595,1048883,31,450839552,16384,116,22,0,0
439,460276478,1049257,0,452870912,65536,625,95,0,0
439,460276478,1049257,1,457131520,65536,577,87,0,0
439,460276478,1049257,2,448183552,65536,466,72,0,0
439,460276478,1049257,3,451355648,16384,464,80,0,0
439,460276478,1049257,4,452936704,65536,439,67,0,0
439,460276478,1049257,5,459227648,65536,275,47,0,0
439,460276478,1049257,6,327165184,16384,136,24,0,0
439,460276478,1049257,7,228534784,65536,132,20,0,0
439,460276478,1049257,8,322997760,65536,132,20,0,0
439,460276478,1049257,9,325019648,65536,132,20,0,0
439,460276478,1049257,10,228518144,16384,48,8,0,0
439,460276478,1049257,11,328229376,256,1,1,0,0
439,460276478,1049257,12,451888640,65536,566,88,0,0
439,460276478,1049257,13,453428224,65536,432,64,0,0
439,460276478,1049257,14,447690496,65536,340,52,0,0
439,460276478,1049257,15,453458944,4096,303,57,0,0
439,460276478,1049257,16,457131520,4096,268,44,0,0
439,460276478,1049257,17,457131520,16384,268,44,0,0
439,460276478,1049257,18,451884288,4096,264,54,0,0
439,460276478,1049257,19,453452800,16384,264,40,0,0
439,460276478,1049257,20,459227648,16384,254,46,0,0
439,460276478,1049257,21,450839552,65536,243,37,0,0
439,460276478,1049257,22,448208128,16384,225,37,0,0
439,460276478,1049257,23,458113536,65536,224,36,0,0
439,460276478,1049257,24,451872000,16384,202,38,0,0
439,460276478,1049257,25,452410368,4096,187,39,0,0
439,460276478,1049257,26,458162688,16384,173,31,0,0
439,460276478,1049257,27,452932352,4096,172,36,0,0
439,460276478,1049257,28,453919744,65536,170,30,0,0
439,460276478,1049257,29,451888640,16384,168,34,0,0
439,460276478,1049257,30,451331072,65536,168,26,0,0
439,460276478,1049257,31,459719168,65536,168,26,0,0
440,461325735,1048384,0,452870912,65536,943,153,0,0
440,461325735,1048384,1,457131520,65536,935,147,0,0
440,461325735,1048384,2,451355648,16384,792,140,0,0
440,461325735,1048384,3,448183552,65536,710,116,0,0
440,461325735,1048384,4,453428224,65536,635,103,0,0
440,461325735,1048384,5,460276480,65536,593,93,0,0
440,461325735,1048384,6,459227648,65536,323,53,0,0
440,461325735,1048384,7,327165184,16384,208,38,0,0
440,461325735,1048384,8,228534784,65536,181,31,0,0
440,461325735,1048384,9,322997760,65536,181,31,0,0
440,461325735,1048384,10,325019648,65536,181,31,0,0
440,461325735,1048384,11,228518144,16384,95,17,0,0
440,461325735,1048384,12,451888640,65536,885,139,0,0
440,461325735,1048384,13,452936704,65536,596,94,0,0
440,461325735,1048384,14,461260032,65536,564,92,0,0
440,461325735,1048384,15,447690496,65536,555,89,0,0
440,461325735,1048384,16,460276480,16384,485,79,0,0
440,461325735,1048384,17,453452800,16384,420,68,0,0
440,461325735,1048384,18,450839552,65536,366,60,0,0
440,461325735,1048384,19,447690496,16384,349,65,0,0
440,461325735,1048384,20,453458944,4096,344,62,0,0
440,461325735,1048384,21,457131520,16384,339,57,0,0
440,461325735,1048384,22,457131520,4096,330,54,0,0
440,461325735,1048384,23,448208128,16384,326,58,0,0
440,461325735,1048384,24,461309184,16384,321,51,0,0
440,461325735,1048384,25,450839552,16384,314,54,0,0
440,461325735,1048384,26,458113536,65536,270,46,0,0
440,461325735,1048384,27,459227648,16384,267,47,0,0
440,461325735,1048384,28,451822848,65536,258,42,0,0
440,461325735,1048384,29,460259840,16384,257,49,0,0
440,461325735,1048384,30,457131520,1024,246,40,0,0
440,461325735,1048384,31,451884288,4096,225,43,0,0
441,462374119,1047493,0,451888640,65536,574,90,0,0
441,462374119,1047493,1,457131520,65536,566,90,0,0
441,462374119,1047493,2,451355648,16384,517,91,0,0
441,462374119,1047493,3,461817088,65536,512,82,0,0
441,462374119,1047493,4,452936704,65536,454,72,0,0
441,462374119,1047493,5,460276480,65536,382,60,0,0
441,462374119,1047493,6,447690496,65536,358,58,0,0
441,462374119,1047493,7,459227648,65536,332,58,0,0
441,462374119,1047493,8,327165184,16384,167,31,0,0
441,462374119,1047493,9,228518144,16384,140,26,0,0
441,462374119,1047493,10,323510528,16384,140,26,0,0
441,462374119,1047493,11,229057536,4096,43,9,0,0
441,462374119,1047493,12,325019648,65536,39,7,0,0
441,462374119,1047493,13,328229376,256,1,1,0,0
441,462374119,1047493,14,452870912,65536,501,77,0,0
441,462374119,1047493,15,461325824,16384,417,75,0,0
441,462374119,1047493,16,458113536,65536,381,65,0,0
441,462374119,1047493,17,453428224,65536,370,60,0,0
441,462374119,1047493,18,461841664,16384,366,70,0,0
441,462374119,1047493,19,448183552,65536,342,54,0,0
441,462374119,1047493,20,462308352,65536,329,53,0,0
441,462374119,1047493,21,461325824,65536,291,43,0,0
441,462374119,1047493,22,460276480,16384,279,49,0,0
441,462374119,1047493,23,458162688,16384,278,50,0,0
441,462374119,1047493,24,461260032,65536,267,41,0,0
441,462374119,1047493,25,452410368,4096,264,54,0,0
441,462374119,1047493,26,461309184,16384,262,44,0,0
441,462374119,1047493,27,451822848,65536,260,44,0,0
441,462374119,1047493,28,453919744,65536,259,43,0,0
441,462374119,1047493,29,462369792,4096,250,56,0,0
441,462374119,1047493,30,448208128,16384,247,45,0,0
441,462374119,1047493,31,451884288,4096,244,52,0,0
442,463421612,1048858,0,456574208,65536,322,50,10,10
442,463421612,1048858,1,450822912,16384,298,52,10,10
442,463421612,1048858,2,456017152,65536,233,39,10,10
442,463421612,1048858,3,445031168,65536,207,31,10,10
442,463421612,1048858,4,458179328,65536,159,25,10,10
442,463421612,1048858,5,445586688,65536,141,21,10,10
442,463421612,1048858,6,406724352,65536,98,16,10,10
442,463421612,1048858,7,42968832,65536,65,11,10,10
442,463421612,1048858,8,384213504,65536,65,11,10,10
442,463421612,1048858,9,402590464,65536,65,11,10,10
442,463421612,1048858,10,407822336,16384,65,11,10,10
442,463421612,1048858,11,410440960,16384,65,11,10,10
442,463421612,1048858,12,5759488,16384,33,7,10,10
442,463421612,1048858,13,64530688,16384,33,7,10,10
442,463421612,1048858,14,82362624,16384,33,7,10,10
442,463421612,1048858,15,102809600,4096,33,7,10,10
442,463421612,1048858,16,143152128,16384,33,7,10,10
442,463421612,1048858,17,208625920,4096,33,7,10,10
442,463421612,1048858,18,343958528,16384,33,7,10,10
442,463421612,1048858,19,56115712,65536,33,5,10,10
442,463421612,1048858,20,62403072,65536,33,5,10,10
442,463421612,1048858,21,258894848,65536,33,5,10,10
442,463421612,1048858,22,270447360,65536,33,5,10,10
442,463421612,1048858,23,327181824,65536,33,5,10,10
442,463421612,1048858,24,343975168,65536,33,5,10,10
442,463421612,1048858,25,408880384,65536,33,5,10,10
442,463421612,1048858,26,43556352,4096,30,8,10,10
442,463421612,1048858,27,53000448,4096,30,8,10,10
442,463421612,1048858,28,70309120,4096,30,8,10,10
442,463421612,1048858,29,229584640,4096,30,8,10,10
442,463421612,1048858,30,234820096,4096,30,8,10,10
442,463421612,1048858,31,266841600,4096,30,8,10,10
443,464470470,1048976,0,457131520,65536,688,106,0,0
443,464470470,1048976,1,452870912,65536,676,106,0,0
443,464470470,1048976,2,462889472,16384,607,101,0,0
443,464470470,1048976,3,452936704,65536,484,76,0,0
443,464470470,1048976,4,461817088,65536,484,76,0,0
443,464470470,1048976,5,447690496,65536,475,75,0,0
443,464470470,1048976,6,451355648,16384,428,70,0,0
443,464470470,1048976,7,460276480,65536,406,62,0,0
443,464470470,1048976,8,459227648,16384,393,69,0,0
443,464470470,1048976,9,327165184,16384,195,35,0,0
443,464470470,1048976,10,228534784,65536,186,30,0,0
443,464470470,1048976,11,322997760,65536,186,30,0,0
443,464470470,1048976,12,325019648,65536,186,30,0,0
443,464470470,1048976,13,228518144,16384,74,12,0,0
443,464470470,1048976,14,328229376,256,1,1,0,0
443,464470470,1048976,15,451888640,65536,565,89,0,0
443,464470470,1048976,16,463355904,65536,541,87,0,0
443,464470470,1048976,17,462308352,65536,406,62,0,0
443,464470470,1048976,18,458113536,65536,400,64,0,0
443,464470470,1048976,19,461841664,16384,394,66,0,0
443,464470470,1048976,20,453428224,65536,390,60,0,0
443,464470470,1048976,21,448183552,65536,360,56,0,0
443,464470470,1048976,22,463405056,16384,351,57,0,0
443,464470470,1048976,23,448208128,16384,344,58,0,0
443,464470470,1048976,24,461325824,16384,341,65,0,0
443,464470470,1048976,25,461260032,65536,336,54,0,0
443,464470470,1048976,26,460276480,16384,319,51,0,0
443,464470470,1048976,27,462374144,65536,318,50,0,0
443,464470470,1048976,28,462369792,4096,304,54,0,0
443,464470470,1048976,29,462374144,16384,299,59,0,0
443,464470470,1048976,30,459227648,65536,291,47,0,0
443,464470470,1048976,31,461325824,65536,288,44,0,0
444,465519446,1048625,0,452870912,65536,604,92,0,0
444,465519446,1048625,1,465453824,65536,593,105,0,0
444,465519446,1048625,2,462308352,65536,496,76,0,0
444,465519446,1048625,3,448183552,65536,470,76,0,0
444,465519446,1048625,4,457131520,65536,466,72,0,0
444,465519446,1048625,5,451355648,16384,412,72,0,0
444,465519446,1048625,6,461260032,65536,379,57,0,0
444,465519446,1048625,7,463355904,65536,343,53,0,0
444,465519446,1048625,8,452936704,65536,336,50,0,0
444,465519446,1048625,9,459743744,16384,320,62,0,0
444,465519446,1048625,10,228534784,65536,208,32,0,0
444,465519446,1048625,11,322997760,65536,208,32,0,0
444,465519446,1048625,12,325019648,65536,208,32,0,0
444,465519446,1048625,13,327165184,16384,193,35,0,0
444,465519446,1048625,14,228518144,16384,91,17,0,0
444,465519446,1048625,15,328229376,256,1,1,0,0
444,465519446,1048625,16,464962048,65536,467,75,0,0
444,465519446,1048625,17,447690496,65536,458,70,0,0
444,465519446,1048625,18,461817088,65536,444,66,0,0
444,465519446,1048625,19,464986624,16384,436,80,0,0
444,465519446,1048625,20,448208128,16384,409,69,0,0
444,465519446,1048625,21,451888640,65536,384,58,0,0
444,465519446,1048625,22,460276480,16384,370,60,0,0
444,465519446,1048625,23,464992768,4096,363,71,0,0
444,465519446,1048625,24,464470528,16384,356,58,0,0
444,465519446,1048625,25,462889472,16384,341,59,0,0
444,465519446,1048625,26,462369792,4096,337,71,0,0
444,465519446,1048625,27,458162688,16384,321,59,0,0
444,465519446,1048625,28,461325824,16384,310,60,0,0
444,465519446,1048625,29,459227648,65536,309,53,0,0
444,465519446,1048625,30,453428224,65536,308,48,0,0
444,465519446,1048625,31,452410368,4096,306,60,0,0
445,466568071,1042648,0,456574208,65536,422,66,10,10
445,466568071,1042648,1,455034624,65536,322,50,10,10
445,466568071,1042648,2,463421696,65536,304,48,10,10
445,466568071,1042648,3,450282496,65536,302,48,10,10
445,466568071,1042648,4,445031168,65536,280,44,10,10
445,466568071,1042648,5,406724352,65536,165,25,10,10
445,466568071,1042648,6,445586688,65536,160,26,10,10
445,466568071,1042648,7,458179328,65536,153,23,10,10
445,466568071,1042648,8,56115712,65536,87,13,10,10
445,466568071,1042648,9,62403072,65536,87,13,10,10
445,466568071,1042648,10,270447360,65536,87,13,10,10
445,466568071,1042648,11,327181824,65536,87,13,10,10
445,466568071,1042648,12,343909376,65536,87,13,10,10
445,466568071,1042648,13,343975168,65536,87,13,10,10
445,466568071,1042648,14,408880384,65536,87,13,10,10
445,466568071,1042648,15,42968832,65536,78,12,10,10
445,466568071,1042648,16,384213504,65536,78,12,10,10
445,466568071,1042648,17,402590464,65536,78,12,10,10
445,466568071,1042648,18,407822336,16384,78,12,10,10
445,466568071,1042648,19,410440960,16384,78,12,10,10
445,466568071,1042648,20,143680512,4096,74,18,10,10
445,466568071,1042648,21,66113280,4096,46,12,10,10
445,466568071,1042648,22,243223040,256,46,12,10,10
445,466568071,1042648,23,257912832,4096,46,12,10,10
445,466568071,1042648,24,361776896,4096,46,12,10,10
445,466568071,1042648,25,346566400,16384,36,6,10,10
445,466568071,1042648,26,43556352,4096,34,8,10,10
445,466568071,1042648,27,53000448,4096,34,8,10,10
445,466568071,1042648,28,70309120,4096,34,8,10,10
445,466568071,1042648,29,229584640,4096,34,8,10,10
445,466568071,1042648,30,234820096,4096,34,8,10,10
445,466568071,1042648,31,266841600,4096,34,8,10,10
446,467610719,1049050,0,456082944,16384,346,62,10,10
446,467610719,1049050,1,450822912,16384,327,59,10,10
446,467610719,1049050,2,463421696,65536,279,43,10,10
446,467610719,1049050,3,466568192,16384,276,50,10,10
446,467610719,1049050,4,455034624,65536,228,36,10,10
446,467610719,1049050,5,458179328,65536,218,36,10,10
446,467610719,1049050,6,406724352,65536,215,37,10,10
446,467610719,1049050,7,444541696,4096,194,34,10,10
446,467610719,1049050,8,56115712,65536,145,25,10,10
446,467610719,1049050,9,62403072,65536,145,25,10,10
446,467610719,1049050,10,270447360,65536,145,25,10,10
446,467610719,1049050,11,327181824,65536,145,25,10,10
446,467610719,1049050,12,343909376,65536,145,25,10,10
446,467610719,1049050,13,343975168,65536,145,25,10,10
446,467610719,1049050,14,408880384,65536,145,25,10,10
446,467610719,1049050,15,42968832,65536,70,12,10,10
446,467610719,1049050,16,384213504,65536,70,12,10,10
446,467610719,1049050,17,402590464,65536,70,12,10,10
446,467610719,1049050,18,407822336,16384,70,12,10,10
446,467610719,1049050,19,410440960,16384,70,12,10,10
446,467610719,1049050,20,445586688,65536,67,11,10,10
446,467610719,1049050,21,143680512,4096,46,10,10,10
446,467610719,1049050,22,5759488,16384,33,7,10,10
446,467610719,1049050,23,64530688,16384,33,7,10,10
446,467610719,1049050,24,82362624,16384,33,7,10,10
446,467610719,1049050,25,102809600,4096,33,7,10,10
446,467610719,1049050,26,208625920,4096,33,7,10,10
446,467610719,1049050,27,350230016,256,31,7,10,10
446,467610719,1049050,28,346566400,16384,29,5,10,10
446,467610719,1049050,29,43556352,4096,28,6,10,10
446,467610719,1049050,30,53000448,4096,28,6,10,10
446,467610719,1049050,31,70309120,4096,28,6,10,10
447,468659769,1048306,0,456082944,16384,567,101,10,10
447,468659769,1048306,1,467081216,16384,389,75,10,10
447,468659769,1048306,2,455034624,65536,374,58,10,10
447,468659769,1048306,3,444541696,16384,331,57,10,10
447,468659769,1048306,4,464404736,65536,320,50,10,10
447,468659769,1048306,5,458179328,65536,262,42,10,10
447,468659769,1048306,6,468102400,65536,249,39,10,10
447,468659769,1048306,7,406724352,65536,183,31,10,10
447,468659769,1048306,8,450822912,16384,172,30,10,10
447,468659769,1048306,9,445586688,65536,147,23,10,10
447,468659769,1048306,10,56115712,65536,108,18,10,10
447,468659769,1048306,11,62403072,65536,108,18,10,10
447,468659769,1048306,12,270447360,65536,108,18,10,10
447,468659769,1048306,13,327181824,65536,108,18,10,10
447,468659769,1048306,14,343909376,65536,108,18,10,10
447,468659769,1048306,15,343975168,65536,108,18,10,10
447,468659769,1048306,16,408880384,65536,108,18,10,10
447,468659769,1048306,17,143680512,4096,99,25,10,10
447,468659769,1048306,18,42508288,4096,81,21,10,10
447,468659769,1048306,19,384213504,65536,75,13,10,10
447,468659769,1048306,20,402590464,65536,75,13,10,10
447,468659769,1048306,21,407822336,16384,75,13,10,10
447,468659769,1048306,22,410440960,16384,75,13,10,10
447,468659769,1048306,23,66113280,4096,50,12,10,10
447,468659769,1048306,24,243223040,256,50,12,10,10
447,468659769,1048306,25,257912832,4096,50,12,10,10
447,468659769,1048306,26,361776896,4096,50,12,10,10
447,468659769,1048306,27,90757632,4096,49,13,10,10
447,468659769,1048306,28,176164096,1024,49,13,10,10
447,468659769,1048306,29,230104064,4096,49,13,10,10
447,468659769,1048306,30,263175424,1024,49,13,10,10
447,468659769,1048306,31,391047424,4096,49,13,10,10
448,469708075,1047775,0,452870912,65536,588,88,0,0
448,469708075,1047775,1,466551552,16384,564,88,0,0
448,469708075,1047775,2,464962048,65536,557,87,0,0
448,469708075,1047775,3,463355904,65536,435,67,0,0
448,469708075,1047775,4,451355648,16384,425,73,0,0
448,469708075,1047775,5,461817088,65536,353,53,0,0
448,469708075,1047775,6,452936704,65536,299,45,0,0
448,469708075,1047775,7,457131520,65536,296,44,0,0
448,469708075,1047775,8,448183552,65536,284,44,0,0
448,469708075,1047775,9,459227648,65536,197,33,0,0
448,469708075,1047775,10,460276480,65536,183,27,0,0
448,469708075,1047775,11,327165184,16384,115,23,0,0
448,469708075,1047775,12,228518144,16384,73,15,0,0
448,469708075,1047775,13,323510528,16384,73,15,0,0
448,469708075,1047775,14,228534784,65536,66,10,0,0
448,469708075,1047775,15,325019648,65536,66,10,0,0
448,469708075,1047775,16,451888640,65536,545,83,0,0
448,469708075,1047775,17,466502400,65536,504,78,0,0
448,469708075,1047775,18,464470528,16384,455,71,0,0
448,469708075,1047775,19,466010880,65536,433,71,0,0
448,469708075,1047775,20,462889472,16384,405,69,0,0
448,469708075,1047775,21,464470528,65536,393,59,0,0
448,469708075,1047775,22,466035456,16384,377,61,0,0
448,469708075,1047775,23,465453824,65536,366,64,0,0
448,469708075,1047775,24,461325824,65536,315,47,0,0
448,469708075,1047775,25,465519616,16384,259,45,0,0
448,469708075,1047775,26,447690496,65536,252,38,0,0
448,469708075,1047775,27,461325824,16384,249,47,0,0
448,469708075,1047775,28,462308352,65536,246,36,0,0
448,469708075,1047775,29,462369792,4096,243,47,0,0
448,469708075,1047775,30,465519616,65536,242,36,0,0
448,469708075,1047775,31,458162688,16384,235,45,0,0
449,470755850,1045649,0,470223872,16384,638,108,0,0
449,470755850,1045649,1,466010880,65536,587,95,0,0
449,470755850,1045649,2,464962048,65536,539,89,0,0
449,470755850,1045649,3,451888640,65536,485,81,0,0
449,470755850,1045649,4,451355648,16384,459,79,0,0
449,470755850,1045649,5,459227648,65536,382,62,0,0
449,470755850,1045649,6,463355904,65536,379,63,0,0
449,470755850,1045649,7,461325824,16384,333,61,0,0
449,470755850,1045649,8,457131520,65536,323,51,0,0
449,470755850,1045649,9,460276480,65536,265,41,0,0
449,470755850,1045649,10,447690496,65536,248,38,0,0
449,470755850,1045649,11,453452800,16384,220,34,0,0
449,470755850,1045649,12,327165184,16384,77,13,0,0
449,470755850,1045649,13,228518144,16384,72,12,0,0
449,470755850,1045649,14,323510528,16384,72,12,0,0
449,470755850,1045649,15,229057536,4096,23,5,0,0
449,470755850,1045649,16,324561920,1024,5,3,0,0
449,470755850,1045649,17,466551552,16384,565,95,0,0
449,470755850,1045649,18,466502400,65536,538,90,0,0
449,470755850,1045649,19,470199296,65536,502,84,0,0
449,470755850,1045649,20,465453824,65536,455,79,0,0
449,470755850,1045649,21,452870912,65536,422,68,0,0
449,470755850,1045649,22,466035456,16384,394,66,0,0
449,470755850,1045649,23,462308352,65536,331,51,0,0
449,470755850,1045649,24,469708288,16384,308,56,0,0
449,470755850,1045649,25,465519616,16384,300,56,0,0
449,470755850,1045649,26,464470528,65536,300,50,0,0
449,470755850,1045649,27,452410368,4096,296,60,0,0
449,470755850,1045649,28,464470528,16384,256,42,0,0
449,470755850,1045649,29,462374144,16384,252,50,0,0
449,470755850,1045649,30,461325824,4096,236,46,0,0
449,470755850,1045649,31,465519616,65536,236,38,0,0
450,471801499,1048049,0,456574208,65536,454,70,10,10
450,471801499,1048049,1,463421696,65536,410,64,10,10
450,471801499,1048049,2,466568192,16384,312,56,10,10
450,471801499,1048049,3,445031168,65536,312,48,10,10
450,471801499,1048049,4,469642496,65536,312,48,10,10
450,471801499,1048049,5,450822912,16384,298,56,10,10
450,471801499,1048049,6,445586688,65536,201,31,10,10
450,471801499,1048049,7,467610880,65536,201,31,10,10
450,471801499,1048049,8,455034624,65536,168,26,10,10
450,471801499,1048049,9,459223296,4096,144,30,10,10
450,471801499,1048049,10,42968832,65536,81,13,10,10
450,471801499,1048049,11,384213504,65536,81,13,10,10
450,471801499,1048049,12,402590464,65536,81,13,10,10
450,471801499,1048049,13,406724352,65536,81,13,10,10
450,471801499,1048049,14,407822336,16384,81,13,10,10
450,471801499,1048049,15,410440960,16384,81,13,10,10
450,471801499,1048049,16,143680512,4096,38,8,10,10
450,471801499,1048049,17,127430912,1024,29,9,10,10
450,471801499,1048049,18,346566400,16384,27,5,10,10
450,471801499,1048049,19,43556352,4096,23,5,10,10
450,471801499,1048049,20,53000448,4096,23,5,10,10
450,471801499,1048049,21,70309120,4096,23,5,10,10
450,471801499,1048049,22,200241408,4096,23,5,10,10
450,471801499,1048049,23,234820096,4096,23,5,10,10
450,471801499,1048049,24,266841600,4096,23,5,10,10
450,471801499,1048049,25,293093888,4096,23,5,10,10
450,471801499,1048049,26,363867648,4096,23,5,10,10
450,471801499,1048049,27,420921856,4096,23,5,10,10
450,471801499,1048049,28,66113280,4096,21,5,10,10
450,471801499,1048049,29,243223040,256,21,5,10,10
450,471801499,1048049,30,257912832,4096,21,5,10,10
450,471801499,1048049,31,361776896,4096,21,5,10,10
451,472849548,1048439,0,471245824,65536,767,129,0,0
451,472849548,1048439,1,466010880,65536,693,111,0,0
451,472849548,1048439,2,451888640,65536,693,107,0,0
451,472849548,1048439,3,470199296,65536,618,98,0,0
451,472849548,1048439,4,451355648,16384,532,90,0,0
451,472849548,1048439,5,464962048,65536,518,84,0,0
451,472849548,1048439,6,460276480,16384,458,78,0,0
451,472849548,1048439,7,459227648,65536,368,64,0,0
451,472849548,1048439,8,453428224,65536,350,56,0,0
451,472849548,1048439,9,448183552,65536,334,56,0,0
451,472849548,1048439,10,462308352,65536,331,57,0,0
451,472849548,1048439,11,462374144,65536,327,49,0,0
451,472849548,1048439,12,458162688,16384,212,38,0,0
451,472849548,1048439,13,228534784,65536,132,20,0,0
451,472849548,1048439,14,322997760,65536,132,20,0,0
451,472849548,1048439,15,325019648,65536,132,20,0,0
451,472849548,1048439,16,327165184,16384,86,14,0,0
451,472849548,1048439,17,228518144,16384,69,11,0,0
451,472849548,1048439,18,328229376,256,2,2,0,0
451,472849548,1048439,19,466551552,16384,640,106,0,0
451,472849548,1048439,20,470223872,16384,598,100,0,0
451,472849548,1048439,21,466035456,16384,586,98,0,0
451,472849548,1048439,22,452870912,65536,571,89,0,0
451,472849548,1048439,23,466502400,65536,556,90,0,0
451,472849548,1048439,24,465453824,65536,475,85,0,0
451,472849548,1048439,25,471270400,16384,458,78,0,0
451,472849548,1048439,26,471800320,1024,382,86,0,0
451,472849548,1048439,27,464470528,16384,379,67,0,0
451,472849548,1048439,28,465519616,65536,374,60,0,0
451,472849548,1048439,29,453919744,65536,337,55,0,0
451,472849548,1048439,30,451884288,4096,304,64,0,0
451,472849548,1048439,31,465519616,16384,297,49,0,0
452,473897987,1059005,0,471245824,65536,712,112,0,0
452,473897987,1059005,1,464962048,65536,561,89,0,0
452,473897987,1059005,2,470223872,16384,520,84,0,0
452,473897987,1059005,3,466551552,16384,467,77,0,0
452,473897987,1059005,4,451888640,65536,439,67,0,0
452,473897987,1059005,5,462374144,16384,403,79,0,0
452,473897987,1059005,6,473365504,16384,353,59,0,0
452,473897987,1059005,7,452936704,65536,322,50,0,0
452,473897987,1059005,8,461325824,16384,308,58,0,0
452,473897987,1059005,9,451355648,16384,290,48,0,0
452,473897987,1059005,10,447690496,65536,285,43,0,0
452,473897987,1059005,11,457131520,65536,217,33,0,0
452,473897987,1059005,12,459749888,4096,214,40,0,0
452,473897987,1059005,13,460276480,16384,62,12,0,0
452,473897987,1059005,14,327165184,16384,48,8,0,0
452,473897987,1059005,15,229057536,4096,28,6,0,0
452,473897987,1059005,16,228518144,16384,24,4,0,0
452,473897987,1059005,17,323510528,16384,24,4,0,0
452,473897987,1059005,18,325019648,65536,12,2,0,0
452,473897987,1059005,19,328229376,256,1,1,0,0
452,473897987,1059005,20,466502400,65536,436,70,0,0
452,473897987,1059005,21,466010880,65536,418,66,0,0
452,473897987,1059005,22,469708288,16384,411,73,0,0
452,473897987,1059005,23,470199296,65536,409,61,0,0
452,473897987,1059005,24,471270400,16384,381,59,0,0
452,473897987,1059005,25,465519616,16384,361,63,0,0
452,473897987,1059005,26,473340928,65536,342,52,0,0
452,473897987,1059005,27,466035456,16384,327,55,0,0
452,473897987,1059005,28,464470528,16384,314,50,0,0
452,473897987,1059005,29,465519616,65536,292,44,0,0
452,473897987,1059005,30,471276544,4096,282,56,0,0
452,473897987,1059005,31,462308352,65536,276,40,0,0
453,474956992,1048122,0,471245824,65536,530,86,0,0
453,474956992,1048122,1,451888640,65536,504,80,0,0
453,474956992,1048122,2,466551552,16384,492,82,0,0
453,474956992,1048122,3,473365504,16384,379,63,0,0
453,474956992,1048122,4,452936704,65536,358,56,0,0
453,474956992,1048122,5,470199296,65536,342,54,0,0
453,474956992,1048122,6,451355648,16384,289,47,0,0
453,474956992,1048122,7,462369792,4096,285,53,0,0
453,474956992,1048122,8,462374144,65536,264,42,0,0
453,474956992,1048122,9,464470528,16384,260,42,0,0
453,474956992,1048122,10,447690496,65536,255,39,0,0
453,474956992,1048122,11,473898240,16384,252,44,0,0
453,474956992,1048122,12,458162688,16384,236,44,0,0
453,474956992,1048122,13,459743744,16384,193,37,0,0
453,474956992,1048122,14,460276480,16384,145,25,0,0
453,474956992,1048122,15,327165184,16384,133,25,0,0
453,474956992,1048122,16,228518144,16384,59,11,0,0
453,474956992,1048122,17,323510528,16384,59,11,0,0
453,474956992,1048122,18,228534784,65536,48,8,0,0
453,474956992,1048122,19,325019648,65536,48,8,0,0
453,474956992,1048122,20,466502400,65536,421,67,0,0
453,474956992,1048122,21,471800320,1024,397,89,0,0
453,474956992,1048122,22,473340928,65536,369,59,0,0
453,474956992,1048122,23,466010880,65536,367,61,0,0
453,474956992,1048122,24,465519616,16384,341,59,0,0
453,474956992,1048122,25,469708288,16384,333,57,0,0
453,474956992,1048122,26,471797248,4096,328,62,0,0
453,474956992,1048122,27,466035456,16384,313,53,0,0
453,474956992,1048122,28,473832448,65536,300,46,0,0
453,474956992,1048122,29,470223872,16384,285,47,0,0
453,474956992,1048122,30,453919744,65536,270,46,0,0
453,474956992,1048122,31,461325824,16384,255,47,0,0
454,476005114,1048830,0,471245824,65536,766,124,0,0
454,476005114,1048830,1,470199296,65536,536,86,0,0
454,476005114,1048830,2,473365504,16384,524,88,0,0
454,476005114,1048830,3,466502400,65536,495,77,0,0
454,476005114,1048830,4,451888640,65536,444,70,0,0
454,476005114,1048830,5,451355648,16384,379,67,0,0
454,476005114,1048830,6,452936704,65536,317,49,0,0
454,476005114,1048830,7,461325824,16384,316,60,0,0
454,476005114,1048830,8,473898240,16384,304,54,0,0
454,476005114,1048830,9,464470528,16384,301,49,0,0
454,476005114,1048830,10,475939328,65536,294,46,0,0
454,476005114,1048830,11,462374144,16384,292,56,0,0
454,476005114,1048830,12,448183552,65536,258,44,0,0
454,476005114,1048830,13,457131520,65536,253,41,0,0
454,476005114,1048830,14,327165184,16384,213,39,0,0
454,476005114,1048830,15,459743744,16384,193,37,0,0
454,476005114,1048830,16,461321472,4096,138,30,0,0
454,476005114,1048830,17,228518144,16384,97,17,0,0
454,476005114,1048830,18,323510528,16384,97,17,0,0
454,476005114,1048830,19,228534784,65536,33,5,0,0
454,476005114,1048830,20,325019648,65536,33,5,0,0
454,476005114,1048830,21,328229376,256,1,1,0,0
454,476005114,1048830,22,470223872,16384,530,86,0,0
454,476005114,1048830,23,466551552,16384,450,74,0,0
454,476005114,1048830,24,471270400,16384,406,70,0,0
454,476005114,1048830,25,473340928,65536,368,60,0,0
454,476005114,1048830,26,466010880,65536,364,58,0,0
454,476005114,1048830,27,471800320,1024,347,81,0,0
454,476005114,1048830,28,469708288,16384,343,59,0,0
454,476005114,1048830,29,465519616,16384,332,58,0,0
454,476005114,1048830,30,461841664,16384,299,49,0,0
454,476005114,1048830,31,465453824,65536,294,52,0,0
455,477053944,1049318,0,471245824,65536,545,93,0,0
455,477053944,1049318,1,470223872,16384,504,86,0,0
455,477053944,1049318,2,466010880,65536,472,80,0,0
455,477053944,1049318,3,473365504,16384,333,59,0,0
455,477053944,1049318,4,451355648,16384,309,53,0,0
455,477053944,1049318,5,475448064,65536,273,43,0,0
455,477053944,1049318,6,476005120,16384,269,47,0,0
455,477053944,1049318,7,465453824,65536,262,46,0,0
455,477053944,1049318,8,473898240,16384,258,46,0,0
455,477053944,1049318,9,461325824,16384,245,47,0,0
455,477053944,1049318,10,451888640,65536,238,38,0,0
455,477053944,1049318,11,453428224,65536,231,37,0,0
455,477053944,1049318,12,458162688,16384,226,38,0,0
455,477053944,1049318,13,448183552,65536,205,35,0,0
455,477053944,1049318,14,460276480,16384,193,31,0,0
455,477053944,1049318,15,462374144,16384,177,35,0,0
455,477053944,1049318,16,327165184,16384,173,29,0,0
455,477053944,1049318,17,459749888,4096,165,35,0,0
455,477053944,1049318,18,228534784,65536,132,20,0,0
455,477053944,1049318,19,322997760,65536,132,20,0,0
455,477053944,1049318,20,325019648,65536,132,20,0,0
455,477053944,1049318,21,228518144,16384,105,17,0,0
455,477053944,1049318,22,328229376,256,2,2,0,0
455,477053944,1049318,23,466502400,65536,348,62,0,0
455,477053944,1049318,24,470199296,65536,340,54,0,0
455,477053944,1049318,25,466551552,16384,317,55,0,0
455,477053944,1049318,26,466035456,16384,300,50,0,0
455,477053944,1049318,27,471784960,16384,265,47,0,0
455,477053944,1049318,28,475472640,16384,260,44,0,0
455,477053944,1049318,29,476521216,16384,248,44,0,0
455,477053944,1049318,30,477037312,16384,248,44,0,0
455,477053944,1049318,31,469708288,16384,242,44,0,0
456,478103262,1048852,0,411958528,65536,160,28,9,9
456,478103262,1048852,1,443983104,65536,144,22,9,9
456,478103262,1048852,2,16797952,4096,69,15,9,9
456,478103262,1048852,3,13641728,16384,69,11,9,9
456,478103262,1048852,4,121671680,4096,64,14,9,9
456,478103262,1048852,5,1048320,65536,63,11,9,9
456,478103262,1048852,6,305098496,65536,63,11,9,9
456,478103262,1048852,7,374815232,16384,63,11,9,9
456,478103262,1048852,8,399381248,65536,63,11,9,9
456,478103262,1048852,9,412024320,65536,63,11,9,9
456,478103262,1048852,10,415167744,65536,63,11,9,9
456,478103262,1048852,11,427733504,16384,63,11,9,9
456,478103262,1048852,12,441876224,65536,63,11,9,9
456,478103262,1048852,13,442438656,65536,63,11,9,9
456,478103262,1048852,14,3080960,65536,42,6,9,9
456,478103262,1048852,15,180343296,65536,42,6,9,9
456,478103262,1048852,16,182438400,65536,42,6,9,9
456,478103262,1048852,17,196540416,65536,42,6,9,9
456,478103262,1048852,18,389947392,65536,42,6,9,9
456,478103262,1048852,19,146842112,4096,41,9,9,9
456,478103262,1048852,20,159930880,4096,41,9,9,9
456,478103262,1048852,21,166214656,4096,41,9,9,9
456,478103262,1048852,22,181910016,4096,41,9,9,9
456,478103262,1048852,23,165691136,1024,30,8,9,9
456,478103262,1048852,24,16271616,4096,28,6,9,9
456,478103262,1048852,25,27812352,4096,28,6,9,9
456,478103262,1048852,26,156259072,4096,28,6,9,9
456,478103262,1048852,27,174590464,4096,28,6,9,9
456,478103262,1048852,28,322993408,4096,28,6,9,9
456,478103262,1048852,29,398390784,4096,28,6,9,9
456,478103262,1048852,30,272595968,16384,27,5,9,9
456,478103262,1048852,31,151548160,4096,23,5,9,9
457,479152114,1046738,0,478103296,65536,385,59,9,9
457,479152114,1046738,1,411958528,65536,181,31,9,9
457,479152114,1046738,2,443983104,65536,120,18,9,9
457,479152114,1046738,3,121671680,4096,84,20,9,9
457,479152114,1046738,4,13641728,16384,84,14,9,9
457,479152114,1046738,5,1048320,65536,76,14,9,9
457,479152114,1046738,6,305098496,65536,76,14,9,9
457,479152114,1046738,7,374815232,16384,76,14,9,9
457,479152114,1046738,8,399381248,65536,76,14,9,9
457,479152114,1046738,9,412024320,65536,76,14,9,9
457,479152114,1046738,10,415167744,65536,76,14,9,9
457,479152114,1046738,11,427733504,16384,76,14,9,9
457,479152114,1046738,12,441876224,65536,76,14,9,9
457,479152114,1046738,13,442438656,65536,76,14,9,9
457,479152114,1046738,14,3080960,65536,67,11,9,9
457,479152114,1046738,15,182438400,65536,67,11,9,9
457,479152114,1046738,16,196540416,65536,67,11,9,9
457,479152114,1046738,17,389947392,65536,67,11,9,9
457,479152114,1046738,18,16797952,4096,56,12,9,9
457,479152114,1046738,19,146842112,4096,46,10,9,9
457,479152114,1046738,20,159930880,4096,46,10,9,9
457,479152114,1046738,21,166214656,4096,46,10,9,9
457,479152114,1046738,22,181910016,4096,46,10,9,9
457,479152114,1046738,23,165691136,1024,41,11,9,9
457,479152114,1046738,24,151548160,4096,38,10,9,9
457,479152114,1046738,25,322472704,1024,38,10,9,9
457,479152114,1046738,26,28339456,16384,27,5,9,9
457,479152114,1046738,27,138449408,256,18,4,9,9
457,479152114,1046738,28,159407872,1024,18,4,9,9
457,479152114,1046738,29,272595968,16384,17,3,9,9
457,479152114,1046738,30,16732160,65536,12,2,9,9
457,479152114,1046738,31,27812352,4096,10,2,9,9
458,480198852,1047896,0,471245824,65536,408,66,0,0
458,480198852,1047896,1,470223872,16384,361,61,0,0
458,480198852,1047896,2,476521216,16384,348,62,0,0
458,480198852,1047896,3,475988480,16384,328,56,0,0
458,480198852,1047896,4,451355648,16384,281,49,0,0
458,480198852,1047896,5,465453824,65536,268,46,0,0
458,480198852,1047896,6,478037504,65536,262,40,0,0
458,480198852,1047896,7,466010880,65536,254,44,0,0
458,480198852,1047896,8,474419200,16384,234,38,0,0
458,480198852,1047896,9,458162688,16384,208,38,0,0
458,480198852,1047896,10,462369792,4096,206,40,0,0
458,480198852,1047896,11,473365504,16384,195,33,0,0
458,480198852,1047896,12,459227648,16384,173,31,0,0
458,480198852,1047896,13,448183552,65536,150,24,0,0
458,480198852,1047896,14,453458944,4096,146,32,0,0
458,480198852,1047896,15,451888640,65536,145,21,0,0
458,480198852,1047896,16,462374144,16384,119,23,0,0
458,480198852,1047896,17,327165184,16384,94,18,0,0
458,480198852,1047896,18,461321472,4096,80,18,0,0
458,480198852,1047896,19,228518144,16384,79,15,0,0
458,480198852,1047896,20,323510528,16384,79,15,0,0
458,480198852,1047896,21,229057536,4096,41,9,0,0
458,480198852,1047896,22,324561920,1024,14,6,0,0
458,480198852,1047896,23,471276544,4096,291,61,0,0
458,480198852,1047896,24,464986624,16384,253,45,0,0
458,480198852,1047896,25,476005120,16384,247,37,0,0
458,480198852,1047896,26,464992768,4096,239,49,0,0
458,480198852,1047896,27,477037312,16384,233,41,0,0
458,480198852,1047896,28,473898240,16384,210,38,0,0
458,480198852,1047896,29,470199296,65536,206,34,0,0
458,480198852,1047896,30,474394624,65536,192,30,0,0
458,480198852,1047896,31,473832448,65536,190,28,0,0
459,481246748,1048413,0,476005120,16384,509,81,0,0
459,481246748,1048413,1,480689920,65536,465,71,0,0
459,481246748,1048413,2,471245824,65536,419,67,0,0
459,481246748,1048413,3,475988480,16384,356,64,0,0
459,481246748,1048413,4,473365504,16384,337,55,0,0
459,481246748,1048413,5,474419200,16384,337,55,0,0
459,481246748,1048413,6,451355648,16384,334,56,0,0
459,481246748,1048413,7,451888640,65536,315,49,0,0
459,481246748,1048413,8,477053952,16384,311,49,0,0
459,481246748,1048413,9,461325824,16384,305,55,0,0
459,481246748,1048413,10,447690496,65536,267,41,0,0
459,481246748,1048413,11,470690304,65536,248,40,0,0
459,481246748,1048413,12,465515264,4096,218,48,0,0
459,481246748,1048413,13,462374144,16384,218,42,0,0
459,481246748,1048413,14,466563840,4096,211,43,0,0
459,481246748,1048413,15,453452800,16384,194,32,0,0
459,481246748,1048413,16,459227648,65536,194,32,0,0
459,481246748,1048413,17,457131520,65536,151,23,0,0
459,481246748,1048413,18,461321472,4096,139,33,0,0
459,481246748,1048413,19,327165184,16384,59,11,0,0
459,481246748,1048413,20,228518144,16384,47,9,0,0
459,481246748,1048413,21,323510528,16384,47,9,0,0
459,481246748,1048413,22,229057536,4096,36,8,0,0
459,481246748,1048413,23,325019648,65536,21,3,0,0
459,481246748,1048413,24,471276544,4096,337,69,0,0
459,481246748,1048413,25,476005120,65536,315,49,0,0
459,481246748,1048413,26,480714496,16384,313,53,0,0
459,481246748,1048413,27,473832448,65536,312,48,0,0
459,481246748,1048413,28,476521216,16384,298,54,0,0
459,481246748,1048413,29,478086656,16384,290,52,0,0
459,481246748,1048413,30,481181184,65536,290,46,0,0
459,481246748,1048413,31,476988160,65536,281,43,0,0
460,482295161,1049184,0,482229504,65536,696,108,0,0
460,482295161,1049184,1,471245824,65536,558,90,0,0
460,482295161,1049184,2,451355648,16384,470,82,0,0
460,482295161,1049184,3,473898240,65536,469,75,0,0
460,482295161,1049184,4,480714496,16384,453,77,0,0
460,482295161,1049184,5,478037504,65536,432,66,0,0
460,482295161,1049184,6,470223872,16384,424,70,0,0
460,482295161,1049184,7,448183552,65536,393,63,0,0
460,482295161,1049184,8,461325824,16384,389,71,0,0
460,482295161,1049184,9,464470528,16384,368,62,0,0
460,482295161,1049184,10,477037312,16384,348,66,0,0
460,482295161,1049184,11,462374144,16384,334,66,0,0
460,482295161,1049184,12,451888640,16384,329,67,0,0
460,482295161,1049184,13,465519616,16384,329,61,0,0
460,482295161,1049184,14,459743744,16384,324,60,0,0
460,482295161,1049184,15,475939328,65536,322,50,0,0
460,482295161,1049184,16,473365504,16384,294,48,0,0
460,482295161,1049184,17,458162688,16384,276,50,0,0
460,482295161,1049184,18,228518144,16384,144,26,0,0
460,482295161,1049184,19,323510528,16384,144,26,0,0
460,482295161,1049184,20,327165184,16384,144,26,0,0
460,482295161,1049184,21,453458944,4096,141,37,0,0
460,482295161,1049184,22,461321472,4096,94,22,0,0
460,482295161,1049184,23,229057536,4096,48,12,0,0
460,482295161,1049184,24,328229376,256,1,1,0,0
460,482295161,1049184,25,482278656,16384,491,81,0,0
460,482295161,1049184,26,481246976,65536,458,70,0,0
460,482295161,1049184,27,481738240,65536,392,60,0,0
460,482295161,1049184,28,480689920,65536,385,59,0,0
460,482295161,1049184,29,450839552,16384,345,57,0,0
460,482295161,1049184,30,476521216,16384,329,59,0,0
460,482295161,1049184,31,471270400,16384,329,55,0,0
461,483344345,1048184,0,482229504,65536,639,99,0,0
461,483344345,1048184,1,480689920,65536,524,80,0,0
461,483344345,1048184,2,478037504,65536,501,79,0,0
461,483344345,1048184,3,482295296,65536,501,79,0,0
461,483344345,1048184,4,471245824,65536,458,74,0,0
461,483344345,1048184,5,476005120,16384,394,62,0,0
461,483344345,1048184,6,470223872,16384,383,63,0,0
461,483344345,1048184,7,451355648,16384,359,59,0,0
461,483344345,1048184,8,473365504,16384,320,54,0,0
461,483344345,1048184,9,451888640,65536,303,45,0,0
461,483344345,1048184,10,474891264,65536,278,46,0,0
461,483344345,1048184,11,461325824,16384,268,54,0,0
461,483344345,1048184,12,465519616,16384,263,53,0,0
461,483344345,1048184,13,452936704,65536,237,37,0,0
461,483344345,1048184,14,448183552,65536,229,37,0,0
461,483344345,1048184,15,459743744,16384,218,46,0,0
461,483344345,1048184,16,465453824,65536,201,35,0,0
461,483344345,1048184,17,458162688,16384,193,37,0,0
461,483344345,1048184,18,475988480,16384,188,34,0,0
461,483344345,1048184,19,461321472,4096,180,42,0,0
461,483344345,1048184,20,462374144,16384,180,38,0,0
461,483344345,1048184,21,327165184,16384,96,16,0,0
461,483344345,1048184,22,228518144,16384,91,15,0,0
461,483344345,1048184,23,323510528,16384,91,15,0,0
461,483344345,1048184,24,229057536,4096,51,11,0,0
461,483344345,1048184,25,325019648,65536,24,4,0,0
461,483344345,1048184,26,441363200,16384,12,2,0,0
461,483344345,1048184,27,481738240,65536,554,88,0,0
461,483344345,1048184,28,482278656,16384,493,79,0,0
461,483344345,1048184,29,483278592,65536,349,55,0,0
461,483344345,1048184,30,481246976,65536,346,52,0,0
461,483344345,1048184,31,477053952,16384,327,53,0,0
462,484392529,1050368,0,483860224,16384,586,102,0,0
462,484392529,1050368,1,481246976,65536,443,67,0,0
462,484392529,1050368,2,477053952,16384,384,66,0,0
462,484392529,1050368,3,480689920,65536,373,59,0,0
462,484392529,1050368,4,471276544,4096,364,78,0,0
462,484392529,1050368,5,482295296,16384,354,66,0,0
462,484392529,1050368,6,476521216,16384,350,62,0,0
462,484392529,1050368,7,451355648,16384,333,61,0,0
462,484392529,1050368,8,473365504,16384,333,57,0,0
462,484392529,1050368,9,461325824,16384,304,58,0,0
462,484392529,1050368,10,473898240,16384,292,50,0,0
462,484392529,1050368,11,448183552,65536,292,44,0,0
462,484392529,1050368,12,459743744,16384,286,52,0,0
462,484392529,1050368,13,465519616,16384,277,49,0,0
462,484392529,1050368,14,451888640,65536,275,43,0,0
462,484392529,1050368,15,462374144,16384,243,47,0,0
462,484392529,1050368,16,475988480,16384,239,43,0,0
462,484392529,1050368,17,464986624,16384,237,43,0,0
462,484392529,1050368,18,453919744,65536,187,31,0,0
462,484392529,1050368,19,469708288,16384,175,35,0,0
462,484392529,1050368,20,461321472,4096,170,40,0,0
462,484392529,1050368,21,458162688,16384,161,29,0,0
462,484392529,1050368,22,228518144,16384,90,14,0,0
462,484392529,1050368,23,323510528,16384,90,14,0,0
462,484392529,1050368,24,327165184,16384,90,14,0,0
462,484392529,1050368,25,229057536,4096,35,7,0,0
462,484392529,1050368,26,325019648,65536,21,3,0,0
462,484392529,1050368,27,484326912,65536,537,83,0,0
462,484392529,1050368,28,483344384,65536,437,73,0,0
462,484392529,1050368,29,482229504,65536,414,62,0,0
462,484392529,1050368,30,481738240,65536,411,67,0,0
462,484392529,1050368,31,483835648,65536,395,67,0,0
463,485442897,1047962,0,483860224,16384,573,99,0,0
463,485442897,1047962,1,473365504,16384,482,80,0,0
463,485442897,1047962,2,451355648,16384,455,77,0,0
463,485442897,1047962,3,473898240,16384,445,79,0,0
463,485442897,1047962,4,481738240,65536,436,72,0,0
463,485442897,1047962,5,484909568,16384,423,69,0,0
463,485442897,1047962,6,480689920,65536,379,59,0,0
463,485442897,1047962,7,482295296,65536,378,62,0,0
463,485442897,1047962,8,462369792,4096,365,71,0,0
463,485442897,1047962,9,476521216,16384,359,67,0,0
463,485442897,1047962,10,452410368,4096,337,69,0,0
463,485442897,1047962,11,471276544,4096,326,66,0,0
463,485442897,1047962,12,462374144,16384,303,55,0,0
463,485442897,1047962,13,448183552,65536,297,47,0,0
463,485442897,1047962,14,470751744,4096,291,69,0,0
463,485442897,1047962,15,477053952,16384,278,44,0,0
463,485442897,1047962,16,465453824,65536,263,47,0,0
463,485442897,1047962,17,466563840,4096,259,55,0,0
463,485442897,1047962,18,458162688,16384,256,46,0,0
463,485442897,1047962,19,475988480,16384,242,46,0,0
463,485442897,1047962,20,453919744,65536,240,40,0,0
463,485442897,1047962,21,459227648,4096,221,47,0,0
463,485442897,1047962,22,228518144,16384,100,18,0,0
463,485442897,1047962,23,323510528,16384,100,18,0,0
463,485442897,1047962,24,327165184,16384,100,18,0,0
463,485442897,1047962,25,460276480,4096,83,19,0,0
463,485442897,1047962,26,229057536,4096,52,12,0,0
463,485442897,1047962,27,324561920,1024,3,1,0,0
463,485442897,1047962,28,483344384,65536,539,87,0,0
463,485442897,1047962,29,484326912,65536,527,81,0,0
463,485442897,1047962,30,482278656,16384,435,77,0,0
463,485442897,1047962,31,482229504,65536,423,67,0,0
464,486490859,1049387,0,484326912,65536,765,119,0,0
464,486490859,1049387,1,485934080,65536,743,121,0,0
464,486490859,1049387,2,482229504,65536,570,88,0,0
464,486490859,1049387,3,484909568,16384,554,94,0,0
464,486490859,1049387,4,480689920,65536,471,75,0,0
464,486490859,1049387,5,477053952,16384,427,75,0,0
464,486490859,1049387,6,462369792,4096,419,85,0,0
464,486490859,1049387,7,451888640,65536,371,59,0,0
464,486490859,1049387,8,482295296,65536,368,56,0,0
464,486490859,1049387,9,447690496,65536,364,60,0,0
464,486490859,1049387,10,476521216,16384,360,62,0,0
464,486490859,1049387,11,471276544,4096,343,71,0,0
464,486490859,1049387,12,465453824,65536,336,56,0,0
464,486490859,1049387,13,462374144,16384,289,55,0,0
464,486490859,1049387,14,450839552,16384,275,47,0,0
464,486490859,1049387,15,469708288,16384,274,54,0,0
464,486490859,1049387,16,460272128,4096,273,55,0,0
464,486490859,1049387,17,474419200,16384,264,48,0,0
464,486490859,1049387,18,466551552,16384,252,44,0,0
464,486490859,1049387,19,458174976,4096,230,46,0,0
464,486490859,1049387,20,473365504,16384,229,39,0,0
464,486490859,1049387,21,453919744,65536,223,35,0,0
464,486490859,1049387,22,327165184,16384,185,29,0,0
464,486490859,1049387,23,228518144,16384,180,28,0,0
464,486490859,1049387,24,323510528,16384,180,28,0,0
464,486490859,1049387,25,475988480,16384,170,32,0,0
464,486490859,1049387,26,461321472,4096,160,36,0,0
464,486490859,1049387,27,228534784,65536,25,5,0,0
464,486490859,1049387,28,325019648,65536,25,5,0,0
464,486490859,1049387,29,328229376,256,1,1,0,0
464,486490859,1049387,30,483860224,16384,674,120,0,0
464,486490859,1049387,31,481246976,65536,566,92,0,0
465,487540246,1047893,0,486982656,65536,880,148,0,0
465,487540246,1047893,1,483860224,16384,805,137,0,0
465,487540246,1047893,2,484909568,16384,758,124,0,0
465,487540246,1047893,3,481246976,65536,601,95,0,0
465,487540246,1047893,4,480689920,65536,532,86,0,0
465,487540246,1047893,5,447690496,65536,512,82,0,0
465,487540246,1047893,6,485934080,65536,491,77,0,0
465,487540246,1047893,7,482295296,65536,428,68,0,0
465,487540246,1047893,8,451888640,65536,365,59,0,0
465,487540246,1047893,9,461325824,16384,330,60,0,0
465,487540246,1047893,10,477037312,16384,310,54,0,0
465,487540246,1047893,11,451355648,16384,308,52,0,0
465,487540246,1047893,12,459749888,4096,285,61,0,0
465,487540246,1047893,13,471276544,4096,253,51,0,0
465,487540246,1047893,14,466551552,16384,253,41,0,0
465,487540246,1047893,15,453919744,65536,247,43,0,0
465,487540246,1047893,16,465453824,65536,236,38,0,0
465,487540246,1047893,17,462374144,16384,235,41,0,0
465,487540246,1047893,18,473898240,4096,235,41,0,0
465,487540246,1047893,19,469708288,16384,216,38,0,0
465,487540246,1047893,20,475448064,65536,195,31,0,0
465,487540246,1047893,21,457622528,65536,190,34,0,0
465,487540246,1047893,22,477570304,16384,179,37,0,0
465,487540246,1047893,23,461321472,4096,120,30,0,0
465,487540246,1047893,24,228518144,16384,112,18,0,0
465,487540246,1047893,25,323510528,16384,112,18,0,0
465,487540246,1047893,26,327165184,16384,112,18,0,0
465,487540246,1047893,27,473881600,16384,112,18,0,0
465,487540246,1047893,28,229057536,4096,46,10,0,0
465,487540246,1047893,29,324561920,1024,7,3,0,0
465,487540246,1047893,30,328229376,256,1,1,0,0
465,487540246,1047893,31,484326912,65536,708,112,0,0
466,488588139,1047723,0,484909568,16384,579,93,0,0
466,488588139,1047723,1,484326912,65536,572,92,0,0
466,488588139,1047723,2,482229504,65536,520,86,0,0
466,488588139,1047723,3,488571648,16384,493,85,0,0
466,488588139,1047723,4,485934080,65536,486,84,0,0
466,488588139,1047723,5,482295296,65536,439,69,0,0
466,488588139,1047723,6,486982656,65536,428,70,0,0
466,488588139,1047723,7,447690496,65536,424,64,0,0
466,488588139,1047723,8,480714496,16384,361,61,0,0
466,488588139,1047723,9,477037312,16384,308,58,0,0
466,488588139,1047723,10,451888640,65536,298,46,0,0
466,488588139,1047723,11,473898240,4096,265,51,0,0
466,488588139,1047723,12,451355648,16384,260,44,0,0
466,488588139,1047723,13,462369792,4096,252,50,0,0
466,488588139,1047723,14,465519616,16384,237,45,0,0
466,488588139,1047723,15,462374144,16384,232,46,0,0
466,488588139,1047723,16,465502976,16384,232,42,0,0
466,488588139,1047723,17,471797248,4096,200,38,0,0
466,488588139,1047723,18,475988480,16384,191,35,0,0
466,488588139,1047723,19,327165184,16384,184,34,0,0
466,488588139,1047723,20,459743744,16384,181,35,0,0
466,488588139,1047723,21,478037504,65536,180,28,0,0
466,488588139,1047723,22,470751744,4096,171,41,0,0
466,488588139,1047723,23,228534784,65536,123,19,0,0
466,488588139,1047723,24,322997760,65536,123,19,0,0
466,488588139,1047723,25,325019648,65536,123,19,0,0
466,488588139,1047723,26,453919744,65536,116,20,0,0
466,488588139,1047723,27,228518144,16384,106,20,0,0
466,488588139,1047723,28,473881600,16384,106,20,0,0
466,488588139,1047723,29,458174976,4096,90,16,0,0
466,488588139,1047723,30,461321472,4096,80,20,0,0
466,488588139,1047723,31,328229376,256,2,2,0,0
467,489635862,1048909,0,478103296,65536,496,76,9,9
467,489635862,1048909,1,479642624,65536,304,46,9,9
467,489635862,1048909,2,443983104,65536,214,36,9,9
467,489635862,1048909,3,16797952,4096,79,17,9,9
467,489635862,1048909,4,13641728,16384,78,12,9,9
467,489635862,1048909,5,411958528,65536,76,14,9,9
467,489635862,1048909,6,443424512,65536,73,13,9,9
467,489635862,1048909,7,121671680,4096,69,17,9,9
467,489635862,1048909,8,1048320,65536,64,12,9,9
467,489635862,1048909,9,305098496,65536,64,12,9,9
467,489635862,1048909,10,374815232,16384,64,12,9,9
467,489635862,1048909,11,399381248,65536,64,12,9,9
467,489635862,1048909,12,412024320,65536,64,12,9,9
467,489635862,1048909,13,415167744,65536,64,12,9,9
467,489635862,1048909,14,427733504,16384,64,12,9,9
467,489635862,1048909,15,441876224,65536,64,12,9,9
467,489635862,1048909,16,3080960,65536,63,9,9,9
467,489635862,1048909,17,182438400,65536,63,9,9,9
467,489635862,1048909,18,196540416,65536,63,9,9,9
467,489635862,1048909,19,389947392,65536,63,9,9,9
467,489635862,1048909,20,16271616,4096,48,10,9,9
467,489635862,1048909,21,27812352,4096,48,10,9,9
467,489635862,1048909,22,156259072,4096,48,10,9,9
467,489635862,1048909,23,174590464,4096,48,10,9,9
467,489635862,1048909,24,322993408,4096,48,10,9,9
467,489635862,1048909,25,398390784,4096,48,10,9,9
467,489635862,1048909,26,165691136,1024,41,11,9,9
467,489635862,1048909,27,151548160,4096,38,10,9,9
467,489635862,1048909,28,146842112,4096,31,7,9,9
467,489635862,1048909,29,159930880,4096,31,7,9,9
467,489635862,1048909,30,166214656,4096,31,7,9,9
467,489635862,1048909,31,181910016,4096,31,7,9,9
468,490684771,1048061,0,489079296,65536,831,129,0,0
468,490684771,1048061,1,485934080,65536,791,131,0,0
468,490684771,1048061,2,487474688,65536,539,85,0,0
468,490684771,1048061,3,487540480,65536,494,84,0,0
468,490684771,1048061,4,484326912,65536,459,71,0,0
468,490684771,1048061,5,484392704,65536,452,68,0,0
468,490684771,1048061,6,481246976,65536,391,63,0,0
468,490684771,1048061,7,482295296,65536,366,56,0,0
468,490684771,1048061,8,480714496,16384,362,62,0,0
468,490684771,1048061,9,451888640,65536,339,51,0,0
468,490684771,1048061,10,448183552,65536,329,55,0,0
468,490684771,1048061,11,462369792,4096,327,69,0,0
468,490684771,1048061,12,450839552,16384,325,55,0,0
468,490684771,1048061,13,477037312,16384,268,52,0,0
468,490684771,1048061,14,466035456,16384,266,44,0,0
468,490684771,1048061,15,473898240,65536,250,40,0,0
468,490684771,1048061,16,452936704,65536,228,34,0,0
468,490684771,1048061,17,459743744,16384,226,44,0,0
468,490684771,1048061,18,475448064,65536,221,33,0,0
468,490684771,1048061,19,464986624,16384,216,42,0,0
468,490684771,1048061,20,327165184,16384,208,38,0,0
468,490684771,1048061,21,462374144,4096,190,36,0,0
468,490684771,1048061,22,471797248,4096,189,33,0,0
468,490684771,1048061,23,469708288,16384,182,36,0,0
468,490684771,1048061,24,228534784,65536,179,27,0,0
468,490684771,1048061,25,322997760,65536,179,27,0,0
468,490684771,1048061,26,325019648,65536,179,27,0,0
468,490684771,1048061,27,457622528,65536,176,30,0,0
468,490684771,1048061,28,478086656,16384,153,31,0,0
468,490684771,1048061,29,228518144,16384,99,17,0,0
468,490684771,1048061,30,473881600,16384,99,17,0,0
468,490684771,1048061,31,461321472,4096,78,22,0,0
469,491732832,1048181,0,456082944,16384,540,96,10,10
469,491732832,1048181,1,469151232,65536,358,58,10,10
469,491732832,1048181,2,468643328,16384,302,54,10,10
469,491732832,1048181,3,467056640,65536,279,45,10,10
469,491732832,1048181,4,445031168,65536,265,41,10,10
469,491732832,1048181,5,463421696,65536,265,41,10,10
469,491732832,1048181,6,450822912,16384,246,42,10,10
469,491732832,1048181,7,459223296,4096,207,43,10,10
469,491732832,1048181,8,456017152,65536,184,32,10,10
469,491732832,1048181,9,445586688,65536,181,29,10,10
469,491732832,1048181,10,406724352,65536,158,26,10,10
469,491732832,1048181,11,472292608,65536,144,24,10,10
469,491732832,1048181,12,56115712,65536,98,16,10,10
469,491732832,1048181,13,62403072,65536,98,16,10,10
469,491732832,1048181,14,327181824,65536,98,16,10,10
469,491732832,1048181,15,343909376,65536,98,16,10,10
469,491732832,1048181,16,343975168,65536,98,16,10,10
469,491732832,1048181,17,408880384,65536,98,16,10,10
469,491732832,1048181,18,42508288,4096,63,15,10,10
469,491732832,1048181,19,384213504,65536,60,10,10,10
469,491732832,1048181,20,402590464,65536,60,10,10,10
469,491732832,1048181,21,407822336,16384,60,10,10,10
469,491732832,1048181,22,410440960,16384,60,10,10,10
469,491732832,1048181,23,143680512,4096,51,11,10,10
469,491732832,1048181,24,5759488,16384,43,7,10,10
469,491732832,1048181,25,64530688,16384,43,7,10,10
469,491732832,1048181,26,82362624,16384,43,7,10,10
469,491732832,1048181,27,102809600,4096,43,7,10,10
469,491732832,1048181,28,208625920,4096,43,7,10,10
469,491732832,1048181,29,346566400,16384,41,7,10,10
469,491732832,1048181,30,420921856,4096,35,9,10,10
469,491732832,1048181,31,90757632,4096,33,7,10,10
470,492781013,1047740,0,489079296,65536,1013,159,0,0
470,492781013,1047740,1,485934080,65536,1010,164,0,0
470,492781013,1047740,2,491667200,65536,651,101,0,0
470,492781013,1047740,3,487474688,65536,643,103,0,0
470,492781013,1047740,4,487540480,65536,536,90,0,0
470,492781013,1047740,5,484326912,65536,517,83,0,0
470,492781013,1047740,6,451888640,65536,502,78,0,0
470,492781013,1047740,7,451355648,16384,496,84,0,0
470,492781013,1047740,8,480714496,16384,431,77,0,0
470,492781013,1047740,9,482295296,65536,383,61,0,0
470,492781013,1047740,10,447690496,65536,370,58,0,0
470,492781013,1047740,11,462369792,4096,353,75,0,0
470,492781013,1047740,12,477037312,16384,351,67,0,0
470,492781013,1047740,13,484909568,16384,341,65,0,0
470,492781013,1047740,14,466035456,16384,305,51,0,0
470,492781013,1047740,15,470754816,1024,265,71,0,0
470,492781013,1047740,16,462374144,4096,249,51,0,0
470,492781013,1047740,17,475448064,65536,248,38,0,0
470,492781013,1047740,18,452936704,65536,247,39,0,0
470,492781013,1047740,19,474419200,16384,229,37,0,0
470,492781013,1047740,20,464470528,4096,225,51,0,0
470,492781013,1047740,21,471276544,4096,209,45,0,0
470,492781013,1047740,22,327165184,16384,208,38,0,0
470,492781013,1047740,23,459749888,4096,204,44,0,0
470,492781013,1047740,24,481738240,65536,201,33,0,0
470,492781013,1047740,25,228534784,65536,194,30,0,0
470,492781013,1047740,26,322997760,65536,194,30,0,0
470,492781013,1047740,27,325019648,65536,194,30,0,0
470,492781013,1047740,28,477053952,16384,183,31,0,0
470,492781013,1047740,29,473365504,16384,180,28,0,0
470,492781013,1047740,30,458174976,4096,155,35,0,0
470,492781013,1047740,31,228518144,16384,120,20,0,0
471,493828753,1049457,0,489079296,65536,983,149,0,0
471,493828753,1049457,1,493272064,65536,965,149,0,0
471,493828753,1049457,2,485934080,65536,782,122,0,0
471,493828753,1049457,3,451355648,16384,727,119,0,0
471,493828753,1049457,4,491667200,65536,643,97,0,0
471,493828753,1049457,5,488571648,16384,504,90,0,0
471,493828753,1049457,6,486982656,65536,436,76,0,0
471,493828753,1049457,7,451888640,65536,369,55,0,0
471,493828753,1049457,8,480714496,16384,344,56,0,0
471,493828753,1049457,9,447690496,65536,343,53,0,0
471,493828753,1049457,10,483278592,65536,340,52,0,0
471,493828753,1049457,11,466563840,4096,311,67,0,0
471,493828753,1049457,12,481738240,65536,298,48,0,0
471,493828753,1049457,13,462369792,4096,292,60,0,0
471,493828753,1049457,14,484909568,16384,277,47,0,0
471,493828753,1049457,15,484326912,65536,267,39,0,0
471,493828753,1049457,16,471797248,4096,266,50,0,0
471,493828753,1049457,17,477037312,16384,259,49,0,0
471,493828753,1049457,18,477053952,16384,254,42,0,0
471,493828753,1049457,19,453919744,65536,247,41,0,0
471,493828753,1049457,20,459743744,16384,228,44,0,0
471,493828753,1049457,21,473898240,4096,213,41,0,0
471,493828753,1049457,22,327165184,16384,210,38,0,0
471,493828753,1049457,23,462374144,65536,201,31,0,0
471,493828753,1049457,24,475448064,65536,177,27,0,0
471,493828753,1049457,25,464470528,4096,176,38,0,0
471,493828753,1049457,26,469708288,16384,166,34,0,0
471,493828753,1049457,27,228518144,16384,147,27,0,0
471,493828753,1049457,28,323510528,16384,147,27,0,0
471,493828753,1049457,29,473881600,16384,147,27,0,0
471,493828753,1049457,30,457622528,65536,139,25,0,0
471,493828753,1049457,31,228534784,65536,135,21,0,0
472,494878210,1048247,0,493272064,65536,819,135,0,0
472,494878210,1048247,1,485934080,65536,800,134,0,0
472,494878210,1048247,2,489079296,65536,687,113,0,0
472,494878210,1048247,3,494320640,65536,634,104,0,0
472,494878210,1048247,4,491667200,65536,561,93,0,0
472,494878210,1048247,5,451355648,16384,518,94,0,0
472,494878210,1048247,6,480714496,16384,425,75,0,0
472,494878210,1048247,7,488571648,16384,412,76,0,0
472,494878210,1048247,8,462369792,4096,367,71,0,0
472,494878210,1048247,9,487013376,4096,360,70,0,0
472,494878210,1048247,10,451888640,65536,347,57,0,0
472,494878210,1048247,11,448183552,65536,325,53,0,0
472,494878210,1048247,12,483278592,65536,307,49,0,0
472,494878210,1048247,13,484909568,16384,294,54,0,0
472,494878210,1048247,14,466035456,16384,276,48,0,0
472,494878210,1048247,15,452936704,65536,270,42,0,0
472,494878210,1048247,16,471276544,4096,268,58,0,0
472,494878210,1048247,17,465502976,16384,266,50,0,0
472,494878210,1048247,18,327165184,16384,265,47,0,0
472,494878210,1048247,19,483860224,16384,231,41,0,0
472,494878210,1048247,20,475448064,65536,229,37,0,0
472,494878210,1048247,21,462374144,65536,226,36,0,0
472,494878210,1048247,22,459749888,4096,220,44,0,0
472,494878210,1048247,23,458174976,4096,211,41,0,0
472,494878210,1048247,24,477576448,4096,195,49,0,0
472,494878210,1048247,25,228534784,65536,184,30,0,0
472,494878210,1048247,26,322997760,65536,184,30,0,0
472,494878210,1048247,27,325019648,65536,184,30,0,0
472,494878210,1048247,28,474394624,65536,180,30,0,0
472,494878210,1048247,29,476005120,16384,177,29,0,0
472,494878210,1048247,30,481762816,16384,166,30,0,0
472,494878210,1048247,31,470754816,1024,146,34,0,0
473,495926457,1048643,0,493272064,65536,723,111,0,0
473,495926457,1048643,1,494320640,65536,583,99,0,0
473,495926457,1048643,2,489079296,65536,520,78,0,0
473,495926457,1048643,3,485934080,65536,474,80,0,0
473,495926457,1048643,4,494878464,16384,473,73,0,0
473,495926457,1048643,5,451355648,16384,406,68,0,0
473,495926457,1048643,6,491716352,16384,392,66,0,0
473,495926457,1048643,7,488031488,65536,358,62,0,0
473,495926457,1048643,8,486982656,65536,343,61,0,0
473,495926457,1048643,9,451888640,65536,306,46,0,0
473,495926457,1048643,10,447690496,65536,298,46,0,0
473,495926457,1048643,11,481181184,65536,261,45,0,0
473,495926457,1048643,12,461325824,4096,260,52,0,0
473,495926457,1048643,13,459749888,4096,244,48,0,0
473,495926457,1048643,14,481762816,16384,227,41,0,0
473,495926457,1048643,15,464470528,4096,219,45,0,0
473,495926457,1048643,16,453919744,65536,219,37,0,0
473,495926457,1048643,17,471276544,4096,215,49,0,0
473,495926457,1048643,18,462374144,4096,206,42,0,0
473,495926457,1048643,19,466035456,16384,206,34,0,0
473,495926457,1048643,20,473898240,4096,189,37,0,0
473,495926457,1048643,21,483278592,65536,184,28,0,0
473,495926457,1048643,22,484376064,16384,172,34,0,0
473,495926457,1048643,23,477049600,4096,171,37,0,0
473,495926457,1048643,24,484909568,16384,157,29,0,0
473,495926457,1048643,25,477053952,16384,147,25,0,0
473,495926457,1048643,26,458174976,4096,144,28,0,0
473,495926457,1048643,27,469708288,16384,143,27,0,0
473,495926457,1048643,28,475472640,16384,131,21,0,0
473,495926457,1048643,29,228534784,65536,114,18,0,0
473,495926457,1048643,30,322997760,65536,114,18,0,0
473,495926457,1048643,31,325019648,65536,114,18,0,0
474,496975100,1048117,0,493272064,65536,628,102,0,0
474,496975100,1048117,1,495860736,65536,566,92,0,0
474,496975100,1048117,2,494320640,65536,527,89,0,0
474,496975100,1048117,3,485934080,65536,484,80,0,0
474,496975100,1048117,4,480714496,16384,456,76,0,0
474,496975100,1048117,5,489079296,65536,423,65,0,0
474,496975100,1048117,6,451355648,16384,400,66,0,0
474,496975100,1048117,7,487013376,4096,393,77,0,0
474,496975100,1048117,8,462369792,4096,358,70,0,0
474,496975100,1048117,9,488571648,16384,350,66,0,0
474,496975100,1048117,10,491716352,16384,316,58,0,0
474,496975100,1048117,11,466035456,16384,307,51,0,0
474,496975100,1048117,12,448183552,65536,297,49,0,0
474,496975100,1048117,13,496958464,16384,288,48,0,0
474,496975100,1048117,14,471276544,4096,277,59,0,0
474,496975100,1048117,15,451888640,16384,270,54,0,0
474,496975100,1048117,16,475448064,65536,270,44,0,0
474,496975100,1048117,17,327165184,16384,253,45,0,0
474,496975100,1048117,18,228534784,65536,249,41,0,0
474,496975100,1048117,19,322997760,65536,249,41,0,0
474,496975100,1048117,20,464992768,4096,247,51,0,0
474,496975100,1048117,21,484909568,16384,239,43,0,0
474,496975100,1048117,22,462374144,4096,213,43,0,0
474,496975100,1048117,23,481762816,16384,212,38,0,0
474,496975100,1048117,24,477576448,4096,187,45,0,0
474,496975100,1048117,25,483278592,65536,183,29,0,0
474,496975100,1048117,26,484376064,16384,176,34,0,0
474,496975100,1048117,27,470754816,1024,169,39,0,0
474,496975100,1048117,28,476521216,16384,165,33,0,0
474,496975100,1048117,29,460272128,4096,161,31,0,0
474,496975100,1048117,30,473898240,4096,153,31,0,0
474,496975100,1048117,31,452936704,65536,145,23,0,0
475,498023217,1048878,0,491732992,65536,417,63,10,10
475,498023217,1048878,1,456082944,16384,416,74,10,10
475,498023217,1048878,2,466568192,65536,385,59,10,10
475,498023217,1048878,3,469151232,65536,365,55,10,10
475,498023217,1048878,4,463421696,65536,356,54,10,10
475,498023217,1048878,5,472292608,65536,303,51,10,10
475,498023217,1048878,6,445031168,65536,278,42,10,10
475,498023217,1048878,7,450822912,16384,277,53,10,10
475,498023217,1048878,8,458179328,65536,252,38,10,10
475,498023217,1048878,9,456017152,65536,201,33,10,10
475,498023217,1048878,10,468133120,4096,191,35,10,10
475,498023217,1048878,11,406724352,65536,150,26,10,10
475,498023217,1048878,12,445586688,65536,146,22,10,10
475,498023217,1048878,13,42968832,65536,84,16,10,10
475,498023217,1048878,14,384213504,65536,84,16,10,10
475,498023217,1048878,15,402590464,65536,84,16,10,10
475,498023217,1048878,16,407822336,16384,84,16,10,10
475,498023217,1048878,17,410440960,16384,84,16,10,10
475,498023217,1048878,18,5759488,16384,68,12,10,10
475,498023217,1048878,19,64530688,16384,68,12,10,10
475,498023217,1048878,20,82362624,16384,68,12,10,10
475,498023217,1048878,21,102809600,4096,68,12,10,10
475,498023217,1048878,22,143152128,16384,68,12,10,10
475,498023217,1048878,23,208625920,4096,68,12,10,10
475,498023217,1048878,24,343958528,16384,68,12,10,10
475,498023217,1048878,25,56115712,65536,66,10,10,10
475,498023217,1048878,26,62403072,65536,66,10,10,10
475,498023217,1048878,27,343975168,65536,66,10,10,10
475,498023217,1048878,28,408880384,65536,66,10,10,10
475,498023217,1048878,29,350230016,256,59,15,10,10
475,498023217,1048878,30,90757632,4096,40,8,10,10
475,498023217,1048878,31,176164096,1024,40,8,10,10
476,499072095,1047966,0,497957632,65536,658,106,0,0
476,499072095,1047966,1,493272064,65536,503,83,0,0
476,499072095,1047966,2,495860736,65536,484,80,0,0
476,499072095,1047966,3,493828864,65536,463,75,0,0
476,499072095,1047966,4,487013376,4096,453,87,0,0
476,499072095,1047966,5,488031488,65536,436,74,0,0
476,499072095,1047966,6,491716352,16384,377,67,0,0
476,499072095,1047966,7,489079296,65536,367,59,0,0
476,499072095,1047966,8,496909312,65536,359,59,0,0
476,499072095,1047966,9,462369792,4096,353,67,0,0
476,499072095,1047966,10,447690496,65536,350,58,0,0
476,499072095,1047966,11,451888640,16384,293,55,0,0
476,499072095,1047966,12,480714496,16384,275,47,0,0
476,499072095,1047966,13,451355648,16384,260,44,0,0
476,499072095,1047966,14,462374144,4096,257,49,0,0
476,499072095,1047966,15,471797248,4096,211,39,0,0
476,499072095,1047966,16,464470528,4096,203,43,0,0
476,499072095,1047966,17,485934080,65536,200,36,0,0
476,499072095,1047966,18,475448064,65536,195,33,0,0
476,499072095,1047966,19,459749888,4096,193,39,0,0
476,499072095,1047966,20,458174976,4096,185,33,0,0
476,499072095,1047966,21,473898240,16384,183,33,0,0
476,499072095,1047966,22,228534784,65536,170,28,0,0
476,499072095,1047966,23,322997760,65536,170,28,0,0
476,499072095,1047966,24,477052672,1024,169,49,0,0
476,499072095,1047966,25,470754816,1024,165,39,0,0
476,499072095,1047966,26,453458944,4096,163,39,0,0
476,499072095,1047966,27,481762816,16384,158,30,0,0
476,499072095,1047966,28,483344384,16384,157,29,0,0
476,499072095,1047966,29,327165184,16384,150,28,0,0
476,499072095,1047966,30,473371648,4096,149,31,0,0
476,499072095,1047966,31,461321472,4096,140,32,0,0
477,500120061,1048419,0,498006784,16384,685,113,0,0
477,500120061,1048419,1,500054272,65536,606,100,0,0
477,500120061,1048419,2,493272064,65536,603,97,0,0
477,500120061,1048419,3,494878464,16384,502,82,0,0
477,500120061,1048419,4,488588288,4096,439,87,0,0
477,500120061,1048419,5,496909312,65536,435,67,0,0
477,500120061,1048419,6,491667200,65536,402,62,0,0
477,500120061,1048419,7,488031488,65536,399,67,0,0
477,500120061,1048419,8,452410368,4096,320,66,0,0
477,500120061,1048419,9,459749888,4096,312,66,0,0
477,500120061,1048419,10,487007232,16384,309,55,0,0
477,500120061,1048419,11,447690496,65536,297,45,0,0
477,500120061,1048419,12,493828864,65536,294,44,0,0
477,500120061,1048419,13,484915712,4096,292,70,0,0
477,500120061,1048419,14,450839552,16384,284,48,0,0
477,500120061,1048419,15,453458944,4096,218,52,0,0
477,500120061,1048419,16,462369792,4096,217,43,0,0
477,500120061,1048419,17,477049600,4096,214,52,0,0
477,500120061,1048419,18,464470528,4096,204,46,0,0
477,500120061,1048419,19,471800320,1024,203,49,0,0
477,500120061,1048419,20,480689920,65536,198,30,0,0
477,500120061,1048419,21,477576448,4096,192,44,0,0
477,500120061,1048419,22,470754816,1024,176,42,0,0
477,500120061,1048419,23,228518144,16384,175,29,0,0
477,500120061,1048419,24,323510528,16384,175,29,0,0
477,500120061,1048419,25,473881600,16384,175,29,0,0
477,500120061,1048419,26,465519616,16384,159,31,0,0
477,500120061,1048419,27,228534784,65536,156,24,0,0
477,500120061,1048419,28,457622528,65536,152,26,0,0
477,500120061,1048419,29,483866368,4096,150,32,0,0
477,500120061,1048419,30,461321472,4096,140,34,0,0
477,500120061,1048419,31,486486528,4096,139,29,0,0
478,501168480,1047973,0,498006784,16384,786,128,0,0
478,501168480,1047973,1,500120064,65536,732,116,0,0
478,501168480,1047973,2,500054272,65536,524,86,0,0
478,501168480,1047973,3,495369472,65536,394,62,0,0
478,501168480,1047973,4,496958464,16384,369,63,0,0
478,501168480,1047973,5,488588288,16384,363,65,0,0
478,501168480,1047973,6,486982656,65536,292,52,0,0
478,501168480,1047973,7,491200512,16384,290,50,0,0
478,501168480,1047973,8,451888640,16384,285,55,0,0
478,501168480,1047973,9,493763072,65536,271,43,0,0
478,501168480,1047973,10,447690496,65536,264,40,0,0
478,501168480,1047973,11,493828864,65536,264,40,0,0
478,501168480,1047973,12,462369792,4096,260,48,0,0
478,501168480,1047973,13,484915712,4096,241,55,0,0
478,501168480,1047973,14,465502976,16384,235,45,0,0
478,501168480,1047973,15,451872000,16384,235,43,0,0
478,501168480,1047973,16,488031488,65536,234,40,0,0
478,501168480,1047973,17,459749888,4096,224,44,0,0
478,501168480,1047973,18,470754816,1024,212,52,0,0
478,501168480,1047973,19,473371648,4096,211,45,0,0
478,501168480,1047973,20,478086656,16384,207,39,0,0
478,501168480,1047973,21,453919744,65536,207,35,0,0
478,501168480,1047973,22,483344384,16384,200,38,0,0
478,501168480,1047973,23,228534784,65536,193,31,0,0
478,501168480,1047973,24,322997760,65536,193,31,0,0
478,501168480,1047973,25,466563840,4096,168,40,0,0
478,501168480,1047973,26,477049600,4096,162,36,0,0
478,501168480,1047973,27,457622528,65536,162,28,0,0
478,501168480,1047973,28,471800320,1024,159,31,0,0
478,501168480,1047973,29,462374144,4096,143,29,0,0
478,501168480,1047973,30,482290944,4096,142,28,0,0
478,501168480,1047973,31,486486528,4096,140,30,0,0
479,502216453,1049001,0,500120064,65536,702,110,0,0
479,502216453,1049001,1,498006784,16384,673,111,0,0
479,502216453,1049001,2,500054272,65536,515,85,0,0
479,502216453,1049001,3,502150912,65536,380,62,0,0
479,502216453,1049001,4,487013376,4096,331,73,0,0
479,502216453,1049001,5,452410368,4096,322,64,0,0
479,502216453,1049001,6,496958464,16384,310,56,0,0
479,502216453,1049001,7,450839552,16384,302,52,0,0
479,502216453,1049001,8,488588288,16384,295,55,0,0
479,502216453,1049001,9,495369472,65536,279,43,0,0
479,502216453,1049001,10,464986624,16384,269,51,0,0
479,502216453,1049001,11,484909568,16384,269,51,0,0
479,502216453,1049001,12,481246976,16384,249,45,0,0
479,502216453,1049001,13,493272064,65536,249,41,0,0
479,502216453,1049001,14,448183552,65536,221,37,0,0
479,502216453,1049001,15,494320640,65536,219,39,0,0
479,502216453,1049001,16,470754816,1024,210,52,0,0
479,502216453,1049001,17,484376064,16384,204,40,0,0
479,502216453,1049001,18,477052672,1024,201,55,0,0
479,502216453,1049001,19,462374144,4096,194,38,0,0
479,502216453,1049001,20,461847808,4096,185,45,0,0
479,502216453,1049001,21,491200512,16384,185,35,0,0
479,502216453,1049001,22,471800320,1024,182,42,0,0
479,502216453,1049001,23,488583936,4096,180,40,0,0
479,502216453,1049001,24,460275200,1024,180,38,0,0
479,502216453,1049001,25,480714496,16384,179,33,0,0
479,502216453,1049001,26,228534784,65536,178,28,0,0
479,502216453,1049001,27,322997760,65536,178,28,0,0
479,502216453,1049001,28,486486528,4096,175,35,0,0
479,502216453,1049001,29,477570304,16384,160,32,0,0
479,502216453,1049001,30,460276480,4096,151,35,0,0
479,502216453,1049001,31,483327744,16384,143,27,0,0
480,503265454,1048905,0,456082944,16384,568,100,10,10
480,503265454,1048905,1,491732992,65536,534,84,10,10
480,503265454,1048905,2,499006464,65536,473,77,10,10
480,503265454,1048905,3,469151232,65536,451,73,10,10
480,503265454,1048905,4,467056640,65536,337,55,10,10
480,503265454,1048905,5,450822912,16384,321,57,10,10
480,503265454,1048905,6,468643328,16384,317,57,10,10
480,503265454,1048905,7,458179328,65536,315,51,10,10
480,503265454,1048905,8,456017152,65536,296,50,10,10
480,503265454,1048905,9,445031168,65536,268,42,10,10
480,503265454,1048905,10,406724352,65536,257,43,10,10
480,503265454,1048905,11,472292608,65536,229,41,10,10
480,503265454,1048905,12,463913216,65536,214,36,10,10
480,503265454,1048905,13,445586688,65536,160,26,10,10
480,503265454,1048905,14,56115712,65536,150,24,10,10
480,503265454,1048905,15,62403072,65536,150,24,10,10
480,503265454,1048905,16,343909376,65536,150,24,10,10
480,503265454,1048905,17,343975168,65536,150,24,10,10
480,503265454,1048905,18,408880384,65536,150,24,10,10
480,503265454,1048905,19,42968832,65536,107,19,10,10
480,503265454,1048905,20,384213504,65536,107,19,10,10
480,503265454,1048905,21,402590464,65536,107,19,10,10
480,503265454,1048905,22,407822336,16384,107,19,10,10
480,503265454,1048905,23,410440960,16384,107,19,10,10
480,503265454,1048905,24,5759488,16384,81,15,10,10
480,503265454,1048905,25,64530688,16384,81,15,10,10
480,503265454,1048905,26,82362624,16384,81,15,10,10
480,503265454,1048905,27,102809600,4096,81,15,10,10
480,503265454,1048905,28,143152128,16384,81,15,10,10
480,503265454,1048905,29,208625920,4096,81,15,10,10
480,503265454,1048905,30,98619904,65536,68,10,10,10
480,503265454,1048905,31,110650368,65536,68,10,10,10
481,504314359,1048508,0,453985536,65536,163,25,6,6
481,504314359,1048508,1,449774848,16384,112,20,6,6
481,504314359,1048508,2,408814592,65536,102,20,6,6
481,504314359,1048508,3,423541248,4096,102,20,6,6
481,504314359,1048508,4,47719680,65536,77,15,6,6
481,504314359,1048508,5,104353536,65536,77,15,6,6
481,504314359,1048508,6,105897472,65536,77,15,6,6
481,504314359,1048508,7,109043456,65536,77,15,6,6
481,504314359,1048508,8,214903552,16384,77,15,6,6
481,504314359,1048508,9,219110656,65536,77,15,6,6
481,504314359,1048508,10,246375936,16384,77,15,6,6
481,504314359,1048508,11,277788672,65536,77,15,6,6
481,504314359,1048508,12,295651584,65536,77,15,6,6
481,504314359,1048508,13,40937216,16384,69,13,6,6
481,504314359,1048508,14,46694144,16384,69,13,6,6
481,504314359,1048508,15,298798848,65536,69,13,6,6
481,504314359,1048508,16,373238016,16384,69,13,6,6
481,504314359,1048508,17,417771520,16384,69,13,6,6
481,504314359,1048508,18,420382976,16384,69,13,6,6
481,504314359,1048508,19,421448704,16384,69,13,6,6
481,504314359,1048508,20,447673856,16384,68,12,6,6
481,504314359,1048508,21,107522048,16384,47,11,6,6
481,504314359,1048508,22,118522112,16384,31,7,6,6
481,504314359,1048508,23,190249728,65536,25,5,6,6
481,504314359,1048508,24,124285696,4096,19,5,6,6
481,504314359,1048508,25,419347456,4096,19,5,6,6
481,504314359,1048508,26,73457664,4096,18,4,6,6
481,504314359,1048508,27,299910400,256,18,4,6,6
481,504314359,1048508,28,237961728,16384,16,4,6,6
481,504314359,1048508,29,199193088,4096,15,3,6,6
481,504314359,1048508,30,416216320,4096,15,3,6,6
481,504314359,1048508,31,234293504,1024,9,3,6,6
482,505362867,1048252,0,491732992,65536,455,71,10,10
482,505362867,1048252,1,499006464,65536,430,68,10,10
482,505362867,1048252,2,456082944,16384,408,74,10,10
482,505362867,1048252,3,469151232,65536,364,56,10,10
482,505362867,1048252,4,445031168,65536,326,52,10,10
482,505362867,1048252,5,466568192,65536,319,51,10,10
482,505362867,1048252,6,450822912,16384,304,54,10,10
482,505362867,1048252,7,468643328,16384,296,56,10,10
482,505362867,1048252,8,464404736,65536,243,39,10,10
482,505362867,1048252,9,406724352,65536,213,33,10,10
482,505362867,1048252,10,456017152,65536,196,34,10,10
482,505362867,1048252,11,472292608,65536,193,33,10,10
482,505362867,1048252,12,459223296,4096,186,40,10,10
482,505362867,1048252,13,445586688,65536,152,24,10,10
482,505362867,1048252,14,504248576,65536,152,24,10,10
482,505362867,1048252,15,56115712,65536,129,19,10,10
482,505362867,1048252,16,62403072,65536,129,19,10,10
482,505362867,1048252,17,343909376,65536,129,19,10,10
482,505362867,1048252,18,343975168,65536,129,19,10,10
482,505362867,1048252,19,408880384,65536,129,19,10,10
482,505362867,1048252,20,42508288,4096,110,24,10,10
482,505362867,1048252,21,384213504,65536,84,14,10,10
482,505362867,1048252,22,402590464,65536,84,14,10,10
482,505362867,1048252,23,407822336,16384,84,14,10,10
482,505362867,1048252,24,410440960,16384,84,14,10,10
482,505362867,1048252,25,143680512,4096,79,17,10,10
482,505362867,1048252,26,276802048,1024,68,14,10,10
482,505362867,1048252,27,86021632,16384,59,11,10,10
482,505362867,1048252,28,127956224,1024,59,11,10,10
482,505362867,1048252,29,337672192,16384,59,11,10,10
482,505362867,1048252,30,404700416,4096,59,11,10,10
482,505362867,1048252,31,43556352,4096,56,12,10,10
483,506411119,1048772,0,491732992,65536,607,95,10,10
483,506411119,1048772,1,456082944,16384,497,83,10,10
483,506411119,1048772,2,505854208,65536,483,77,10,10
483,506411119,1048772,3,499006464,65536,455,69,10,10
483,506411119,1048772,4,469151232,65536,314,48,10,10
483,506411119,1048772,5,456017152,65536,304,50,10,10
483,506411119,1048772,6,450773760,65536,272,44,10,10
483,506411119,1048772,7,503787776,4096,255,41,10,10
483,506411119,1048772,8,463913216,65536,241,39,10,10
483,506411119,1048772,9,468643328,16384,230,42,10,10
483,506411119,1048772,10,466568192,65536,228,36,10,10
483,506411119,1048772,11,445031168,65536,220,32,10,10
483,506411119,1048772,12,406724352,65536,216,34,10,10
483,506411119,1048772,13,56115712,65536,183,29,10,10
483,506411119,1048772,14,62403072,65536,183,29,10,10
483,506411119,1048772,15,343975168,65536,183,29,10,10
483,506411119,1048772,16,408880384,65536,183,29,10,10
483,506411119,1048772,17,458179328,16384,183,29,10,10
483,506411119,1048772,18,472292608,65536,153,25,10,10
483,506411119,1048772,19,445586688,65536,131,19,10,10
483,506411119,1048772,20,42508288,4096,71,15,10,10
483,506411119,1048772,21,143680512,4096,62,14,10,10
483,506411119,1048772,22,43556352,4096,53,11,10,10
483,506411119,1048772,23,53000448,4096,53,11,10,10
483,506411119,1048772,24,70309120,4096,53,11,10,10
483,506411119,1048772,25,234820096,4096,53,11,10,10
483,506411119,1048772,26,266841600,4096,53,11,10,10
483,506411119,1048772,27,293093888,4096,53,11,10,10
483,506411119,1048772,28,346572544,4096,53,11,10,10
483,506411119,1048772,29,363867648,4096,53,11,10,10
483,506411119,1048772,30,420921856,4096,53,11,10,10
483,506411119,1048772,31,5759488,16384,50,10,10,10
484,507459891,1047773,0,478103296,65536,443,69,9,9
484,507459891,1047773,1,479642624,65536,408,64,9,9
484,507459891,1047773,2,490619136,65536,295,45,9,9
484,507459891,1047773,3,443983104,65536,226,34,9,9
484,507459891,1047773,4,13641728,16384,194,34,9,9
484,507459891,1047773,5,411958528,65536,178,32,9,9
484,507459891,1047773,6,16797952,16384,125,23,9,9
484,507459891,1047773,7,272595968,16384,125,23,9,9
484,507459891,1047773,8,415167744,16384,125,23,9,9
484,507459891,1047773,9,1048320,65536,115,21,9,9
484,507459891,1047773,10,305098496,65536,115,21,9,9
484,507459891,1047773,11,374815232,16384,115,21,9,9
484,507459891,1047773,12,399381248,65536,115,21,9,9
484,507459891,1047773,13,412024320,65536,115,21,9,9
484,507459891,1047773,14,427733504,16384,115,21,9,9
484,507459891,1047773,15,441876224,65536,115,21,9,9
484,507459891,1047773,16,442438656,65536,115,21,9,9
484,507459891,1047773,17,121671680,4096,77,19,9,9
484,507459891,1047773,18,3080960,65536,69,11,9,9
484,507459891,1047773,19,182929664,65536,69,11,9,9
484,507459891,1047773,20,196540416,65536,69,11,9,9
484,507459891,1047773,21,389947392,65536,69,11,9,9
484,507459891,1047773,22,16271616,4096,52,12,9,9
484,507459891,1047773,23,27812352,4096,52,12,9,9
484,507459891,1047773,24,156259072,4096,52,12,9,9
484,507459891,1047773,25,174590464,4096,52,12,9,9
484,507459891,1047773,26,322993408,4096,52,12,9,9
484,507459891,1047773,27,398390784,4096,52,12,9,9
484,507459891,1047773,28,165691136,1024,51,15,9,9
484,507459891,1047773,29,146842112,4096,40,10,9,9
484,507459891,1047773,30,159930880,4096,40,10,9,9
484,507459891,1047773,31,166214656,4096,40,10,9,9
485,508507664,1048084,0,506411264,65536,541,85,10,10
485,508507664,1048084,1,499006464,65536,507,83,10,10
485,508507664,1048084,2,456082944,16384,505,93,10,10
485,508507664,1048084,3,505878784,16384,380,64,10,10
485,508507664,1048084,4,450822912,16384,327,59,10,10
485,508507664,1048084,5,469691648,16384,294,54,10,10
485,508507664,1048084,6,503787776,4096,287,51,10,10
485,508507664,1048084,7,456017152,65536,260,46,10,10
485,508507664,1048084,8,492224000,65536,239,41,10,10
485,508507664,1048084,9,463913216,65536,226,36,10,10
485,508507664,1048084,10,459223296,4096,223,49,10,10
485,508507664,1048084,11,468643328,16384,222,46,10,10
485,508507664,1048084,12,467081216,16384,214,38,10,10
485,508507664,1048084,13,445031168,65536,201,31,10,10
485,508507664,1048084,14,406724352,65536,176,28,10,10
485,508507664,1048084,15,472292608,65536,171,31,10,10
485,508507664,1048084,16,5759488,16384,95,17,10,10
485,508507664,1048084,17,64530688,16384,95,17,10,10
485,508507664,1048084,18,82362624,16384,95,17,10,10
485,508507664,1048084,19,102809600,4096,95,17,10,10
485,508507664,1048084,20,143152128,16384,95,17,10,10
485,508507664,1048084,21,208625920,4096,95,17,10,10
485,508507664,1048084,22,343958528,16384,95,17,10,10
485,508507664,1048084,23,56115712,65536,90,14,10,10
485,508507664,1048084,24,62403072,65536,90,14,10,10
485,508507664,1048084,25,343975168,65536,90,14,10,10
485,508507664,1048084,26,408880384,65536,90,14,10,10
485,508507664,1048084,27,42968832,65536,86,14,10,10
485,508507664,1048084,28,402590464,65536,86,14,10,10
485,508507664,1048084,29,407822336,16384,86,14,10,10
485,508507664,1048084,30,410440960,16384,86,14,10,10
485,508507664,1048084,31,350230016,256,65,17,10,10
486,509555748,1047394,0,456082944,16384,413,71,10,10
486,509555748,1047394,1,499006464,65536,368,54,10,10
486,509555748,1047394,2,505878784,16384,348,58,10,10
486,509555748,1047394,3,506411264,65536,310,44,10,10
486,509555748,1047394,4,492764416,16384,271,47,10,10
486,509555748,1047394,5,466568192,4096,258,52,10,10
486,509555748,1047394,6,469691648,16384,257,45,10,10
486,509555748,1047394,7,445031168,65536,242,36,10,10
486,509555748,1047394,8,450822912,16384,235,41,10,10
486,509555748,1047394,9,503781632,16384,220,34,10,10
486,509555748,1047394,10,472292608,65536,200,34,10,10
486,509555748,1047394,11,508998912,65536,189,27,10,10
486,509555748,1047394,12,459223296,4096,182,42,10,10
486,509555748,1047394,13,456017152,65536,172,26,10,10
486,509555748,1047394,14,468643328,16384,164,30,10,10
486,509555748,1047394,15,5759488,16384,87,17,10,10
486,509555748,1047394,16,64530688,16384,87,17,10,10
486,509555748,1047394,17,82362624,16384,87,17,10,10
486,509555748,1047394,18,102809600,4096,87,17,10,10
486,509555748,1047394,19,143152128,16384,87,17,10,10
486,509555748,1047394,20,208625920,4096,87,17,10,10
486,509555748,1047394,21,343958528,16384,87,17,10,10
486,509555748,1047394,22,464469248,1024,77,21,10,10
486,509555748,1047394,23,42508288,4096,77,17,10,10
486,509555748,1047394,24,406724352,65536,73,11,10,10
486,509555748,1047394,25,90757632,4096,52,12,10,10
486,509555748,1047394,26,176164096,1024,52,12,10,10
486,509555748,1047394,27,263175424,1024,52,12,10,10
486,509555748,1047394,28,345013248,4096,52,12,10,10
486,509555748,1047394,29,391047424,4096,52,12,10,10
486,509555748,1047394,30,420399616,4096,52,12,10,10
486,509555748,1047394,31,56115712,65536,42,6,10,10
487,510603142,1048535,0,500120064,65536,615,97,0,0
487,510603142,1048535,1,496975104,65536,563,89,0,0
487,510603142,1048535,2,502216704,65536,481,75,0,0
487,510603142,1048535,3,500054272,65536,450,74,0,0
487,510603142,1048535,4,451888640,65536,420,66,0,0
487,510603142,1048535,5,451355648,16384,387,65,0,0
487,510603142,1048535,6,493272064,65536,354,56,0,0
487,510603142,1048535,7,485934080,65536,340,56,0,0
487,510603142,1048535,8,448183552,65536,318,50,0,0
487,510603142,1048535,9,501168640,65536,318,50,0,0
487,510603142,1048535,10,461325824,16384,296,58,0,0
487,510603142,1048535,11,493828864,65536,237,37,0,0
487,510603142,1048535,12,496958464,16384,228,38,0,0
487,510603142,1048535,13,452936704,65536,213,33,0,0
487,510603142,1048535,14,487474688,65536,213,33,0,0
487,510603142,1048535,15,487540480,4096,196,44,0,0
487,510603142,1048535,16,484326912,65536,192,30,0,0
487,510603142,1048535,17,484392704,65536,192,30,0,0
487,510603142,1048535,18,488588288,65536,192,30,0,0
487,510603142,1048535,19,491175936,65536,192,30,0,0
487,510603142,1048535,20,464470528,4096,186,40,0,0
487,510603142,1048535,21,462374144,4096,185,35,0,0
487,510603142,1048535,22,471276544,4096,176,38,0,0
487,510603142,1048535,23,460259840,16384,176,32,0,0
487,510603142,1048535,24,495909888,16384,160,28,0,0
487,510603142,1048535,25,481181184,65536,148,26,0,0
487,510603142,1048535,26,470754816,1024,138,34,0,0
487,510603142,1048535,27,228534784,65536,134,22,0,0
487,510603142,1048535,28,322997760,65536,134,22,0,0
487,510603142,1048535,29,474425344,4096,131,31,0,0
487,510603142,1048535,30,477049600,4096,127,29,0,0
487,510603142,1048535,31,461321472,4096,116,28,0,0
488,511651677,1048310,0,505854208,65536,518,88,10,10
488,511651677,1048310,1,491732992,65536,398,66,10,10
488,511651677,1048310,2,456082944,16384,397,69,10,10
488,511651677,1048310,3,506411264,65536,365,59,10,10
488,511651677,1048310,4,508998912,65536,339,57,10,10
488,511651677,1048310,5,498023424,16384,310,56,10,10
488,511651677,1048310,6,469151232,65536,275,45,10,10
488,511651677,1048310,7,444541696,4096,248,46,10,10
488,511651677,1048310,8,510537472,65536,246,40,10,10
488,511651677,1048310,9,406724352,65536,227,39,10,10
488,511651677,1048310,10,468643328,16384,224,42,10,10
488,511651677,1048310,11,463913216,65536,221,37,10,10
488,511651677,1048310,12,467056640,65536,216,38,10,10
488,511651677,1048310,13,472292608,65536,208,38,10,10
488,511651677,1048310,14,456017152,65536,205,35,10,10
488,511651677,1048310,15,56115712,65536,188,32,10,10
488,511651677,1048310,16,62403072,65536,188,32,10,10
488,511651677,1048310,17,408880384,65536,188,32,10,10
488,511651677,1048310,18,458179328,16384,188,32,10,10
488,511651677,1048310,19,503781632,16384,188,32,10,10
488,511651677,1048310,20,450822912,16384,178,32,10,10
488,511651677,1048310,21,5759488,16384,85,17,10,10
488,511651677,1048310,22,64530688,16384,85,17,10,10
488,511651677,1048310,23,82362624,16384,85,17,10,10
488,511651677,1048310,24,102809600,4096,85,17,10,10
488,511651677,1048310,25,143152128,16384,85,17,10,10
488,511651677,1048310,26,208625920,4096,85,17,10,10
488,511651677,1048310,27,343958528,16384,85,17,10,10
488,511651677,1048310,28,42508288,4096,67,15,10,10
488,511651677,1048310,29,90757632,4096,41,9,10,10
488,511651677,1048310,30,176164096,1024,41,9,10,10
488,511651677,1048310,31,263175424,1024,41,9,10,10
489,512699987,1048981,0,505878784,16384,432,72,10,10
489,512699987,1048981,1,444541696,4096,390,72,10,10
489,512699987,1048981,2,499006464,65536,373,57,10,10
489,512699987,1048981,3,456082944,16384,361,61,10,10
489,512699987,1048981,4,510537472,65536,354,54,10,10
489,512699987,1048981,5,506411264,65536,335,51,10,10
489,512699987,1048981,6,491732992,65536,334,52,10,10
489,512699987,1048981,7,466568192,16384,271,49,10,10
489,512699987,1048981,8,450822912,16384,251,45,10,10
489,512699987,1048981,9,508998912,65536,241,37,10,10
489,512699987,1048981,10,472783872,65536,213,33,10,10
489,512699987,1048981,11,469691648,16384,206,34,10,10
489,512699987,1048981,12,456017152,65536,191,31,10,10
489,512699987,1048981,13,503787776,4096,188,32,10,10
489,512699987,1048981,14,512167680,16384,181,27,10,10
489,512699987,1048981,15,459161856,65536,151,27,10,10
489,512699987,1048981,16,468643328,16384,148,26,10,10
489,512699987,1048981,17,463913216,65536,121,19,10,10
489,512699987,1048981,18,42968832,65536,88,16,10,10
489,512699987,1048981,19,406724352,65536,88,16,10,10
489,512699987,1048981,20,407822336,16384,88,16,10,10
489,512699987,1048981,21,410440960,16384,88,16,10,10
489,512699987,1048981,22,56115712,65536,79,13,10,10
489,512699987,1048981,23,62403072,65536,79,13,10,10
489,512699987,1048981,24,5759488,16384,53,11,10,10
489,512699987,1048981,25,64530688,16384,53,11,10,10
489,512699987,1048981,26,82362624,16384,53,11,10,10
489,512699987,1048981,27,102809600,4096,53,11,10,10
489,512699987,1048981,28,143152128,16384,53,11,10,10
489,512699987,1048981,29,208625920,4096,53,11,10,10
489,512699987,1048981,30,343958528,16384,53,11,10,10
489,512699987,1048981,31,43556352,4096,52,14,10,10
490,513748968,1047901,0,502216704,65536,657,103,0,0
490,513748968,1047901,1,500120064,65536,603,95,0,0
490,513748968,1047901,2,510603264,16384,569,95,0,0
490,513748968,1047901,3,501659648,65536,545,91,0,0
490,513748968,1047901,4,500054272,65536,493,81,0,0
490,513748968,1047901,5,498006784,16384,476,78,0,0
490,513748968,1047901,6,493272064,65536,374,64,0,0
490,513748968,1047901,7,488588288,16384,360,66,0,0
490,513748968,1047901,8,494878464,4096,358,64,0,0
490,513748968,1047901,9,447690496,65536,343,53,0,0
490,513748968,1047901,10,496448512,4096,285,53,0,0
490,513748968,1047901,11,491200512,16384,276,50,0,0
490,513748968,1047901,12,487013376,4096,254,52,0,0
490,513748968,1047901,13,494320640,65536,238,44,0,0
490,513748968,1047901,14,470754816,1024,226,50,0,0
490,513748968,1047901,15,451888640,16384,226,44,0,0
490,513748968,1047901,16,450839552,16384,217,37,0,0
490,513748968,1047901,17,453919744,65536,210,38,0,0
490,513748968,1047901,18,477049600,4096,207,45,0,0
490,513748968,1047901,19,459749888,4096,204,40,0,0
490,513748968,1047901,20,488031488,65536,201,37,0,0
490,513748968,1047901,21,478086656,16384,193,35,0,0
490,513748968,1047901,22,457622528,65536,189,35,0,0
490,513748968,1047901,23,461325824,16384,186,34,0,0
490,513748968,1047901,24,465502976,16384,172,32,0,0
490,513748968,1047901,25,484376064,16384,168,30,0,0
490,513748968,1047901,26,228534784,65536,158,26,0,0
490,513748968,1047901,27,322997760,65536,158,26,0,0
490,513748968,1047901,28,473898240,4096,157,29,0,0
490,513748968,1047901,29,482290944,4096,142,28,0,0
490,513748968,1047901,30,484909568,16384,141,25,0,0
490,513748968,1047901,31,486486528,4096,138,28,0,0
491,514796869,1048256,0,500120064,65536,747,117,0,0
491,514796869,1048256,1,502216704,65536,727,111,0,0
491,514796869,1048256,2,514731264,65536,657,99,0,0
491,514796869,1048256,3,500054272,65536,620,102,0,0
491,514796869,1048256,4,510603264,16384,558,94,0,0
491,514796869,1048256,5,501659648,65536,510,80,0,0
491,514796869,1048256,6,497957632,65536,447,69,0,0
491,514796869,1048256,7,447690496,65536,330,52,0,0
491,514796869,1048256,8,487013376,4096,317,65,0,0
491,514796869,1048256,9,451884288,4096,281,59,0,0
491,514796869,1048256,10,488588288,16384,260,46,0,0
491,514796869,1048256,11,493272064,65536,257,43,0,0
491,514796869,1048256,12,491175936,65536,254,42,0,0
491,514796869,1048256,13,452410368,4096,249,49,0,0
491,514796869,1048256,14,494878464,4096,239,49,0,0
491,514796869,1048256,15,470754816,1024,230,56,0,0
491,514796869,1048256,16,487540480,4096,225,53,0,0
491,514796869,1048256,17,459749888,4096,222,52,0,0
491,514796869,1048256,18,477576448,4096,209,47,0,0
491,514796869,1048256,19,461847808,4096,207,45,0,0
491,514796869,1048256,20,228534784,65536,205,33,0,0
491,514796869,1048256,21,322997760,65536,205,33,0,0
491,514796869,1048256,22,464470528,4096,201,47,0,0
491,514796869,1048256,23,484909568,16384,199,37,0,0
491,514796869,1048256,24,482290944,4096,187,39,0,0
491,514796869,1048256,25,484376064,16384,185,35,0,0
491,514796869,1048256,26,453458944,4096,182,38,0,0
491,514796869,1048256,27,477049600,4096,167,37,0,0
491,514796869,1048256,28,494861824,16384,164,30,0,0
491,514796869,1048256,29,473898240,4096,160,30,0,0
491,514796869,1048256,30,471276544,4096,151,35,0,0
491,514796869,1048256,31,462895616,4096,141,37,0,0
492,515845125,1049095,0,502216704,65536,760,118,0,0
492,515845125,1049095,1,500120064,65536,705,109,0,0
492,515845125,1049095,2,515828736,16384,645,103,0,0
492,515845125,1049095,3,514731264,65536,552,90,0,0
492,515845125,1049095,4,510603264,16384,508,88,0,0
492,515845125,1049095,5,501659648,65536,484,76,0,0
492,515845125,1049095,6,447690496,65536,468,70,0,0
492,515845125,1049095,7,487013376,4096,430,86,0,0
492,515845125,1049095,8,499587840,16384,395,71,0,0
492,515845125,1049095,9,496975104,4096,318,66,0,0
492,515845125,1049095,10,450839552,16384,313,53,0,0
492,515845125,1049095,11,459749888,4096,310,70,0,0
492,515845125,1049095,12,493272064,65536,300,46,0,0
492,515845125,1049095,13,488588288,4096,283,59,0,0
492,515845125,1049095,14,495909888,16384,276,48,0,0
492,515845125,1049095,15,452379648,65536,255,39,0,0
492,515845125,1049095,16,464986624,16384,228,42,0,0
492,515845125,1049095,17,484909568,16384,228,42,0,0
492,515845125,1049095,18,470754816,1024,221,53,0,0
492,515845125,1049095,19,495926528,65536,213,31,0,0
492,515845125,1049095,20,494861824,16384,211,39,0,0
492,515845125,1049095,21,484376064,16384,210,40,0,0
492,515845125,1049095,22,461847808,4096,207,45,0,0
492,515845125,1049095,23,491728640,4096,193,43,0,0
492,515845125,1049095,24,482290944,4096,184,38,0,0
492,515845125,1049095,25,475478784,4096,171,43,0,0
492,515845125,1049095,26,458174976,4096,168,34,0,0
492,515845125,1049095,27,473898240,4096,168,30,0,0
492,515845125,1049095,28,488583936,4096,165,37,0,0
492,515845125,1049095,29,453458944,4096,162,36,0,0
492,515845125,1049095,30,477576448,4096,160,38,0,0
492,515845125,1049095,31,471800320,1024,150,32,0,0
493,516894220,1049390,0,516828672,65536,734,114,0,0
493,516894220,1049390,1,500611328,65536,679,107,0,0
493,516894220,1049390,2,515828736,16384,624,104,0,0
493,516894220,1049390,3,502216704,65536,617,99,0,0
493,516894220,1049390,4,513748992,65536,608,96,0,0
493,516894220,1049390,5,499587840,16384,567,105,0,0
493,516894220,1049390,6,501684224,16384,478,90,0,0
493,516894220,1049390,7,488588288,16384,440,80,0,0
493,516894220,1049390,8,510603264,16384,440,74,0,0
493,516894220,1049390,9,487007232,16384,421,77,0,0
493,516894220,1049390,10,496975104,16384,379,77,0,0
493,516894220,1049390,11,450839552,16384,363,65,0,0
493,516894220,1049390,12,447690496,65536,346,54,0,0
493,516894220,1049390,13,452410368,4096,340,68,0,0
493,516894220,1049390,14,493272064,65536,314,50,0,0
493,516894220,1049390,15,465502976,16384,289,55,0,0
493,516894220,1049390,16,491728640,4096,275,61,0,0
493,516894220,1049390,17,484915712,4096,264,58,0,0
493,516894220,1049390,18,495909888,16384,242,44,0,0
493,516894220,1049390,19,487540480,4096,236,52,0,0
493,516894220,1049390,20,496909312,65536,231,35,0,0
493,516894220,1049390,21,453458944,4096,224,52,0,0
493,516894220,1049390,22,461325824,16384,222,48,0,0
493,516894220,1049390,23,459749888,4096,217,45,0,0
493,516894220,1049390,24,484376064,16384,214,40,0,0
493,516894220,1049390,25,482290944,4096,210,46,0,0
493,516894220,1049390,26,462374144,16384,205,39,0,0
493,516894220,1049390,27,473898240,16384,197,37,0,0
493,516894220,1049390,28,486486528,4096,190,40,0,0
493,516894220,1049390,29,228534784,65536,189,29,0,0
493,516894220,1049390,30,322997760,65536,189,29,0,0
493,516894220,1049390,31,477049600,4096,186,44,0,0
494,517943610,1047909,0,516894464,16384,965,161,0,0
494,517943610,1047909,1,516828672,65536,711,109,0,0
494,517943610,1047909,2,514731264,65536,607,95,0,0
494,517943610,1047909,3,515828736,16384,533,87,0,0
494,517943610,1047909,4,500635904,16384,462,74,0,0
494,517943610,1047909,5,501690368,4096,434,94,0,0
494,517943610,1047909,6,488588288,4096,410,84,0,0
494,517943610,1047909,7,499587840,16384,390,68,0,0
494,517943610,1047909,8,487013376,4096,388,80,0,0
494,517943610,1047909,9,511094528,65536,372,56,0,0
494,517943610,1047909,10,502216704,65536,344,52,0,0
494,517943610,1047909,11,452410368,4096,297,59,0,0
494,517943610,1047909,12,496975104,16384,285,51,0,0
494,517943610,1047909,13,451884288,4096,270,54,0,0
494,517943610,1047909,14,447690496,65536,243,37,0,0
494,517943610,1047909,15,477049600,4096,239,53,0,0
494,517943610,1047909,16,228534784,65536,238,36,0,0
494,517943610,1047909,17,322997760,65536,238,36,0,0
494,517943610,1047909,18,470754816,1024,224,52,0,0
494,517943610,1047909,19,484915712,4096,223,49,0,0
494,517943610,1047909,20,465502976,16384,214,40,0,0
494,517943610,1047909,21,488583936,4096,207,49,0,0
494,517943610,1047909,22,482290944,4096,204,44,0,0
494,517943610,1047909,23,461325824,16384,199,37,0,0
494,517943610,1047909,24,484376064,16384,195,41,0,0
494,517943610,1047909,25,491728640,4096,187,41,0,0
494,517943610,1047909,26,494878464,4096,183,37,0,0
494,517943610,1047909,27,477576448,4096,181,43,0,0
494,517943610,1047909,28,475478784,4096,178,40,0,0
494,517943610,1047909,29,492781056,4096,174,38,0,0
494,517943610,1047909,30,494861824,16384,170,30,0,0
494,517943610,1047909,31,473898240,4096,165,29,0,0
495,518991519,1048192,0,516894464,16384,652,112,0,0
495,518991519,1048192,1,499587840,16384,506,90,0,0
495,518991519,1048192,2,515828736,16384,477,81,0,0
495,518991519,1048192,3,518925824,65536,465,71,0,0
495,518991519,1048192,4,516828672,65536,439,69,0,0
495,518991519,1048192,5,451888640,65536,432,66,0,0
495,518991519,1048192,6,448183552,65536,409,65,0,0
495,518991519,1048192,7,498019072,4096,359,69,0,0
495,518991519,1048192,8,514264576,16384,343,65,0,0
495,518991519,1048192,9,502732800,16384,324,62,0,0
495,518991519,1048192,10,461325824,16384,322,56,0,0
495,518991519,1048192,11,493272064,65536,296,50,0,0
495,518991519,1048192,12,502150912,65536,289,47,0,0
495,518991519,1048192,13,501152000,16384,278,48,0,0
495,518991519,1048192,14,485934080,65536,271,45,0,0
495,518991519,1048192,15,450839552,16384,266,46,0,0
495,518991519,1048192,16,487540480,4096,245,53,0,0
495,518991519,1048192,17,491175936,65536,241,37,0,0
495,518991519,1048192,18,494320640,65536,232,42,0,0
495,518991519,1048192,19,461260032,65536,230,34,0,0
495,518991519,1048192,20,488588288,4096,221,49,0,0
495,518991519,1048192,21,459749888,4096,220,44,0,0
495,518991519,1048192,22,511094528,65536,220,34,0,0
495,518991519,1048192,23,462374144,4096,215,43,0,0
495,518991519,1048192,24,486490880,4096,209,47,0,0
495,518991519,1048192,25,484376064,16384,207,39,0,0
495,518991519,1048192,26,471276544,4096,206,44,0,0
495,518991519,1048192,27,464986624,16384,192,36,0,0
495,518991519,1048192,28,484909568,16384,192,36,0,0
495,518991519,1048192,29,453458944,4096,184,44,0,0
495,518991519,1048192,30,480714496,16384,181,31,0,0
495,518991519,1048192,31,496970752,4096,180,38,0,0
496,520039711,1049031,0,516894464,16384,932,156,0,0
496,520039711,1049031,1,516828672,65536,711,115,0,0
496,520039711,1049031,2,518925824,65536,685,107,0,0
496,520039711,1049031,3,514731264,65536,584,92,0,0
496,520039711,1049031,4,515828736,16384,522,88,0,0
496,520039711,1049031,5,499563264,65536,431,65,0,0
496,520039711,1049031,6,519974144,65536,407,71,0,0
496,520039711,1049031,7,500611328,65536,370,56,0,0
496,520039711,1049031,8,447690496,65536,369,59,0,0
496,520039711,1049031,9,501684224,16384,317,57,0,0
496,520039711,1049031,10,503248896,16384,297,53,0,0
496,520039711,1049031,11,450839552,16384,296,50,0,0
496,520039711,1049031,12,452410368,4096,284,58,0,0
496,520039711,1049031,13,496975104,16384,281,51,0,0
496,520039711,1049031,14,459749888,4096,266,54,0,0
496,520039711,1049031,15,477049600,4096,265,59,0,0
496,520039711,1049031,16,465502976,16384,251,51,0,0
496,520039711,1049031,17,493828864,65536,229,35,0,0
496,520039711,1049031,18,495926528,65536,229,35,0,0
496,520039711,1049031,19,511094528,65536,229,35,0,0
496,520039711,1049031,20,458174976,4096,224,42,0,0
496,520039711,1049031,21,228534784,65536,224,38,0,0
496,520039711,1049031,22,322997760,65536,224,38,0,0
496,520039711,1049031,23,470754816,1024,217,55,0,0
496,520039711,1049031,24,486486528,4096,215,45,0,0
496,520039711,1049031,25,494878464,4096,214,46,0,0
496,520039711,1049031,26,488583936,4096,212,46,0,0
496,520039711,1049031,27,484917248,1024,198,50,0,0
496,520039711,1049031,28,462369792,4096,197,41,0,0
496,520039711,1049031,29,488588288,4096,189,43,0,0
496,520039711,1049031,30,487013376,4096,185,43,0,0
496,520039711,1049031,31,491728640,4096,180,42,0,0
497,521088742,1048925,0,516894464,16384,814,136,0,0
497,521088742,1048925,1,520039936,65536,747,113,0,0
497,521088742,1048925,2,518925824,65536,727,113,0,0
497,521088742,1048925,3,516336896,65536,600,94,0,0
497,521088742,1048925,4,515779584,65536,531,83,0,0
497,521088742,1048925,5,519974144,65536,478,78,0,0
497,521088742,1048925,6,514240000,65536,460,70,0,0
497,521088742,1048925,7,499072256,4096,366,86,0,0
497,521088742,1048925,8,447690496,65536,342,54,0,0
497,521088742,1048925,9,502212352,4096,339,67,0,0
497,521088742,1048925,10,496975104,16384,291,57,0,0
497,521088742,1048925,11,450839552,16384,281,49,0,0
497,521088742,1048925,12,487540480,4096,262,58,0,0
497,521088742,1048925,13,484376064,16384,262,50,0,0
497,521088742,1048925,14,452410368,4096,261,53,0,0
497,521088742,1048925,15,228534784,65536,243,37,0,0
497,521088742,1048925,16,322997760,65536,243,37,0,0
497,521088742,1048925,17,496909312,65536,242,38,0,0
497,521088742,1048925,18,461847808,4096,233,51,0,0
497,521088742,1048925,19,464986624,16384,230,40,0,0
497,521088742,1048925,20,484909568,16384,230,40,0,0
497,521088742,1048925,21,503248896,16384,217,39,0,0
497,521088742,1048925,22,492781056,4096,214,48,0,0
497,521088742,1048925,23,488588288,4096,207,47,0,0
497,521088742,1048925,24,460272128,4096,207,39,0,0
497,521088742,1048925,25,470754816,1024,204,52,0,0
497,521088742,1048925,26,458174976,4096,204,40,0,0
497,521088742,1048925,27,487013376,4096,202,44,0,0
497,521088742,1048925,28,477049600,4096,201,45,0,0
497,521088742,1048925,29,511094528,65536,197,31,0,0
497,521088742,1048925,30,500635904,16384,196,32,0,0
497,521088742,1048925,31,483327744,16384,189,33,0,0
498,522137667,1048041,0,521580288,65536,682,102,0,0
498,522137667,1048041,1,518925824,65536,570,86,0,0
498,522137667,1048041,2,520556032,16384,566,90,0,0
498,522137667,1048041,3,516894464,16384,529,91,0,0
498,522137667,1048041,4,519482880,65536,350,58,0,0
498,522137667,1048041,5,515845376,65536,270,40,0,0
498,522137667,1048041,6,514797056,65536,249,37,0,0
498,522137667,1048041,7,499587840,16384,233,41,0,0
498,522137667,1048041,8,447690496,65536,232,34,0,0
498,522137667,1048041,9,450839552,16384,227,37,0,0
498,522137667,1048041,10,498019072,4096,225,45,0,0
498,522137667,1048041,11,488588288,4096,211,51,0,0
498,522137667,1048041,12,502150912,65536,206,36,0,0
498,522137667,1048041,13,459749888,4096,197,39,0,0
498,522137667,1048041,14,452932352,4096,194,40,0,0
498,522137667,1048041,15,514240000,65536,192,28,0,0
498,522137667,1048041,16,471800320,1024,188,38,0,0
498,522137667,1048041,17,492781056,4096,186,44,0,0
498,522137667,1048041,18,484917248,1024,185,47,0,0
498,522137667,1048041,19,491728640,4096,180,44,0,0
498,522137667,1048041,20,484376064,16384,179,35,0,0
498,522137667,1048041,21,477576448,4096,171,43,0,0
498,522137667,1048041,22,461847808,4096,168,36,0,0
498,522137667,1048041,23,488583936,4096,163,39,0,0
498,522137667,1048041,24,503248896,16384,162,30,0,0
498,522137667,1048041,25,510603264,16384,162,30,0,0
498,522137667,1048041,26,481246976,4096,160,34,0,0
498,522137667,1048041,27,501152000,16384,160,30,0,0
498,522137667,1048041,28,464986624,16384,159,31,0,0
498,522137667,1048041,29,453458944,4096,154,34,0,0
498,522137667,1048041,30,496970752,4096,153,29,0,0
498,522137667,1048041,31,487013376,4096,144,34,0,0
499,523185708,1047713,0,521580288,65536,722,112,0,0
499,523185708,1047713,1,522137856,16384,594,94,0,0
499,523185708,1047713,2,519482880,65536,573,91,0,0
499,523185708,1047713,3,520039936,65536,532,82,0,0
499,523185708,1047713,4,451355648,16384,452,76,0,0
499,523185708,1047713,5,516894464,16384,399,71,0,0
499,523185708,1047713,6,447690496,65536,393,59,0,0
499,523185708,1047713,7,451888640,65536,351,53,0,0
499,523185708,1047713,8,518925824,65536,350,56,0,0
499,523185708,1047713,9,515845376,16384,286,54,0,0
499,523185708,1047713,10,494320640,65536,281,49,0,0
499,523185708,1047713,11,499587840,16384,270,48,0,0
499,523185708,1047713,12,470754816,1024,244,56,0,0
499,523185708,1047713,13,481181184,65536,239,43,0,0
499,523185708,1047713,14,485934080,65536,239,43,0,0
499,523185708,1047713,15,514792704,4096,236,48,0,0
499,523185708,1047713,16,462369792,4096,236,46,0,0
499,523185708,1047713,17,501684224,16384,217,39,0,0
499,523185708,1047713,18,489079296,65536,213,31,0,0
499,523185708,1047713,19,491175936,65536,213,31,0,0
499,523185708,1047713,20,496975104,65536,213,31,0,0
499,523185708,1047713,21,481768960,4096,211,41,0,0
499,523185708,1047713,22,487540480,4096,208,46,0,0
499,523185708,1047713,23,462374144,4096,208,42,0,0
499,523185708,1047713,24,464470528,4096,195,41,0,0
499,523185708,1047713,25,477049600,4096,192,46,0,0
499,523185708,1047713,26,452936704,65536,192,28,0,0
499,523185708,1047713,27,493272064,65536,192,28,0,0
499,523185708,1047713,28,487013376,4096,190,40,0,0
499,523185708,1047713,29,483344384,65536,176,32,0,0
499,523185708,1047713,30,500120064,65536,176,32,0,0
499,523185708,1047713,31,502216704,65536,176,32,0,0
500,524233421,1037778,0,521580288,65536,660,102,0,0
500,524233421,1037778,1,516894464,16384,652,112,0,0
500,524233421,1037778,2,522137856,65536,564,88,0,0
500,524233421,1037778,3,523701248,16384,520,90,0,0
500,524233421,1037778,4,520039936,65536,412,66,0,0
500,524233421,1037778,5,451355648,16384,360,62,0,0
500,524233421,1037778,6,519482880,65536,358,60,0,0
500,524233421,1037778,7,501684224,16384,347,63,0,0
500,524233421,1037778,8,448183552,65536,319,51,0,0
500,524233421,1037778,9,516877824,16384,283,51,0,0
500,524233421,1037778,10,471276544,4096,264,56,0,0
500,524233421,1037778,11,518925824,65536,262,42,0,0
500,524233421,1037778,12,514264576,16384,242,44,0,0
500,524233421,1037778,13,496975104,16384,226,44,0,0
500,524233421,1037778,14,451888640,65536,221,33,0,0
500,524233421,1037778,15,487540480,4096,220,50,0,0
500,524233421,1037778,16,499072256,4096,212,44,0,0
500,524233421,1037778,17,503248896,16384,212,38,0,0
500,524233421,1037778,18,494345216,16384,205,35,0,0
500,524233421,1037778,19,510603264,16384,172,32,0,0
500,524233421,1037778,20,488588288,4096,170,38,0,0
500,524233421,1037778,21,459749888,4096,169,35,0,0
500,524233421,1037778,22,462374144,4096,164,32,0,0
500,524233421,1037778,23,484915712,4096,159,37,0,0
500,524233421,1037778,24,486474240,16384,158,30,0,0
500,524233421,1037778,25,461325824,4096,157,35,0,0
500,524233421,1037778,26,492781056,4096,157,35,0,0
500,524233421,1037778,27,491728640,4096,156,36,0,0
500,524233421,1037778,28,515828736,16384,154,28,0,0
500,524233421,1037778,29,496970752,4096,150,30,0,0
500,524233421,1037778,30,481246976,4096,147,33,0,0
500,524233421,1037778,31,466563840,4096,141,31,0,0
501,525271199,1046106,0,505297152,65536,229,35,6,6
501,525271199,1046106,1,447624704,65536,192,30,6,6
501,525271199,1046106,2,453985536,65536,138,22,6,6
501,525271199,1046106,3,423541248,4096,115,21,6,6
501,525271199,1046106,4,40937216,16384,106,18,6,6
501,525271199,1046106,5,46694144,16384,106,18,6,6
501,525271199,1046106,6,298798848,65536,106,18,6,6
501,525271199,1046106,7,373238016,16384,106,18,6,6
501,525271199,1046106,8,417771520,16384,106,18,6,6
501,525271199,1046106,9,420382976,16384,106,18,6,6
501,525271199,1046106,10,421448704,16384,106,18,6,6
501,525271199,1046106,11,449774848,16384,106,18,6,6
501,525271199,1046106,12,107522048,16384,70,12,6,6
501,525271199,1046106,13,47719680,65536,67,11,6,6
501,525271199,1046106,14,104353536,65536,67,11,6,6
501,525271199,1046106,15,105897472,65536,67,11,6,6
501,525271199,1046106,16,109043456,65536,67,11,6,6
501,525271199,1046106,17,246375936,16384,67,11,6,6
501,525271199,1046106,18,277788672,65536,67,11,6,6
501,525271199,1046106,19,295651584,65536,67,11,6,6
501,525271199,1046106,20,408814592,65536,67,11,6,6
501,525271199,1046106,21,118522112,16384,41,7,6,6
501,525271199,1046106,22,237961728,16384,29,5,6,6
501,525271199,1046106,23,33055744,1024,16,4,6,6
501,525271199,1046106,24,115397120,1024,16,4,6,6
501,525271199,1046106,25,396297984,256,16,4,6,6
501,525271199,1046106,26,190790400,16384,13,3,6,6
501,525271199,1046106,27,124285696,4096,10,2,6,6
501,525271199,1046106,28,73457664,4096,9,3,6,6
501,525271199,1046106,29,299910400,256,5,1,6,6
501,525271199,1046106,30,234293504,1024,3,1,6,6
501,525271199,1046106,31,264226048,256,3,1,6,6
502,526317305,1047880,0,505297152,65536,301,49,6,6
502,526317305,1047880,1,447624704,65536,215,35,6,6
502,526317305,1047880,2,449774848,16384,175,29,6,6
502,526317305,1047880,3,525761280,65536,150,24,6,6
502,526317305,1047880,4,454477056,65536,113,19,6,6
502,526317305,1047880,5,47719680,65536,40,6,6,6
502,526317305,1047880,6,104353536,65536,40,6,6,6
502,526317305,1047880,7,109043456,65536,40,6,6,6
502,526317305,1047880,8,408814592,65536,40,6,6,6
502,526317305,1047880,9,423541248,4096,27,5,6,6
502,526317305,1047880,10,234293504,1024,16,4,6,6
502,526317305,1047880,11,107529728,1024,15,3,6,6
502,526317305,1047880,12,40937216,16384,12,2,6,6
502,526317305,1047880,13,46694144,16384,12,2,6,6
502,526317305,1047880,14,237961728,16384,12,2,6,6
502,526317305,1047880,15,373238016,16384,12,2,6,6
502,526317305,1047880,16,417771520,16384,12,2,6,6
502,526317305,1047880,17,420382976,16384,12,2,6,6
502,526317305,1047880,18,421448704,16384,12,2,6,6
502,526317305,1047880,19,199193088,4096,10,2,6,6
502,526317305,1047880,20,416216320,4096,10,2,6,6
502,526317305,1047880,21,33055744,1024,8,2,6,6
502,526317305,1047880,22,115397120,1024,8,2,6,6
502,526317305,1047880,23,277328128,1024,8,2,6,6
502,526317305,1047880,24,396297984,256,8,2,6,6
502,526317305,1047880,25,295192064,1024,7,3,6,6
502,526317305,1047880,26,73457664,4096,5,1,6,6
502,526317305,1047880,27,104910592,4096,5,1,6,6
502,526317305,1047880,28,124285696,4096,5,1,6,6
502,526317305,1047880,29,299910400,256,5,1,6,6
502,526317305,1047880,30,419347456,4096,5,1,6,6
502,526317305,1047880,31,298339584,1024,4,2,6,6
503,527365185,1048580,0,505854208,65536,596,106,10,10
503,527365185,1048580,1,508998912,65536,594,106,10,10
503,527365185,1048580,2,491732992,65536,581,103,10,10
503,527365185,1048580,3,511651840,16384,539,97,10,10
503,527365185,1048580,4,56115712,65536,524,94,10,10
503,527365185,1048580,5,62403072,65536,524,94,10,10
503,527365185,1048580,6,458179328,65536,524,94,10,10
503,527365185,1048580,7,463913216,65536,524,94,10,10
503,527365185,1048580,8,467056640,65536,524,94,10,10
503,527365185,1048580,9,469151232,65536,524,94,10,10
503,527365185,1048580,10,98619904,65536,509,89,10,10
503,527365185,1048580,11,110650368,65536,509,89,10,10
503,527365185,1048580,12,312435712,65536,509,89,10,10
503,527365185,1048580,13,342861568,65536,509,89,10,10
503,527365185,1048580,14,143680512,4096,479,113,10,10
503,527365185,1048580,15,450822912,16384,463,83,10,10
503,527365185,1048580,16,42508288,4096,456,102,10,10
503,527365185,1048580,17,406724352,65536,422,76,10,10
503,527365185,1048580,18,407822336,16384,422,76,10,10
503,527365185,1048580,19,410440960,16384,422,76,10,10
503,527365185,1048580,20,445055744,16384,422,76,10,10
503,527365185,1048580,21,5759488,16384,410,76,10,10
503,527365185,1048580,22,64530688,16384,410,76,10,10
503,527365185,1048580,23,82362624,16384,410,76,10,10
503,527365185,1048580,24,102809600,4096,410,76,10,10
503,527365185,1048580,25,208625920,4096,410,76,10,10
503,527365185,1048580,26,343958528,16384,410,76,10,10
503,527365185,1048580,27,498023424,4096,383,83,10,10
503,527365185,1048580,28,456082944,16384,272,48,10,10
503,527365185,1048580,29,263175424,1024,256,58,10,10
503,527365185,1048580,30,90757632,4096,255,57,10,10
503,527365185,1048580,31,176164096,1024,255,57,10,10
505,529462376,1048479,0,527881216,16384,2316,422,10,10
505,529462376,1048479,1,56115712,65536,730,130,10,10
505,529462376,1048479,2,62403072,65536,730,130,10,10
505,529462376,1048479,3,505854208,65536,730,130,10,10
505,529462376,1048479,4,508998912,65536,730,130,10,10
505,529462376,1048479,5,511651840,16384,730,130,10,10
505,529462376,1048479,6,42508288,4096,637,145,10,10
505,529462376,1048479,7,143680512,4096,610,142,10,10
505,529462376,1048479,8,98619904,65536,575,105,10,10
505,529462376,1048479,9,110650368,65536,575,105,10,10
505,529462376,1048479,10,312435712,65536,575,105,10,10
505,529462376,1048479,11,342861568,65536,575,105,10,10
505,529462376,1048479,12,5759488,16384,509,99,10,10
505,529462376,1048479,13,64530688,16384,509,99,10,10
505,529462376,1048479,14,82362624,16384,509,99,10,10
505,529462376,1048479,15,102809600,4096,509,99,10,10
505,529462376,1048479,16,208625920,4096,509,99,10,10
505,529462376,1048479,17,343958528,16384,509,99,10,10
505,529462376,1048479,18,445055744,16384,502,88,10,10
505,529462376,1048479,19,450822912,16384,502,88,10,10
505,529462376,1048479,20,466568192,16384,502,88,10,10
505,529462376,1048479,21,90757632,4096,345,79,10,10
505,529462376,1048479,22,176164096,1024,345,79,10,10
505,529462376,1048479,23,345013248,4096,345,79,10,10
505,529462376,1048479,24,391047424,4096,345,79,10,10
505,529462376,1048479,25,420399616,4096,345,79,10,10
505,529462376,1048479,26,498023424,4096,345,79,10,10
505,529462376,1048479,27,43556352,4096,292,66,10,10
505,529462376,1048479,28,53000448,4096,292,66,10,10
505,529462376,1048479,29,70309120,4096,292,66,10,10
505,529462376,1048479,30,234820096,4096,292,66,10,10
505,529462376,1048479,31,266841600,4096,292,66,10,10
506,530510855,1048352,0,13641728,16384,743,127,9,9
506,530510855,1048352,1,3080960,65536,499,83,9,9
506,530510855,1048352,2,196540416,65536,499,83,9,9
506,530510855,1048352,3,389947392,65536,499,83,9,9
506,530510855,1048352,4,428723200,65536,499,83,9,9
506,530510855,1048352,5,478103296,16384,499,83,9,9
506,530510855,1048352,6,490127616,65536,499,83,9,9
506,530510855,1048352,7,507951104,65536,499,83,9,9
506,530510855,1048352,8,121119232,65536,403,65,9,9
506,530510855,1048352,9,163535616,65536,403,65,9,9
506,530510855,1048352,10,193882112,65536,403,65,9,9
506,530510855,1048352,11,400429312,65536,403,65,9,9
506,530510855,1048352,12,16797952,4096,353,81,9,9
506,530510855,1048352,13,1048320,65536,329,61,9,9
506,530510855,1048352,14,305098496,65536,329,61,9,9
506,530510855,1048352,15,374815232,16384,329,61,9,9
506,530510855,1048352,16,399381248,65536,329,61,9,9
506,530510855,1048352,17,411958528,65536,329,61,9,9
506,530510855,1048352,18,412024320,65536,329,61,9,9
506,530510855,1048352,19,415167744,65536,329,61,9,9
506,530510855,1048352,20,441876224,65536,329,61,9,9
506,530510855,1048352,21,442438656,65536,329,61,9,9
506,530510855,1048352,22,272595968,16384,244,44,9,9
506,530510855,1048352,23,146842112,4096,204,48,9,9
506,530510855,1048352,24,159930880,4096,204,48,9,9
506,530510855,1048352,25,166214656,4096,204,48,9,9
506,530510855,1048352,26,181910016,4096,204,48,9,9
506,530510855,1048352,27,16271616,4096,149,33,9,9
506,530510855,1048352,28,27812352,4096,149,33,9,9
506,530510855,1048352,29,156259072,4096,149,33,9,9
506,530510855,1048352,30,174590464,4096,149,33,9,9
506,530510855,1048352,31,322993408,4096,149,33,9,9
507,531559207,1048646,0,531493632,65536,726,120,9,9
507,531559207,1048646,1,13641728,16384,323,55,9,9
507,531559207,1048646,2,121119232,65536,283,45,9,9
507,531559207,1048646,3,163535616,65536,283,45,9,9
507,531559207,1048646,4,193882112,65536,283,45,9,9
507,531559207,1048646,5,400429312,65536,283,45,9,9
507,531559207,1048646,6,16797952,4096,246,54,9,9
507,531559207,1048646,7,3080960,65536,207,33,9,9
507,531559207,1048646,8,478103296,16384,207,33,9,9
507,531559207,1048646,9,490127616,65536,207,33,9,9
507,531559207,1048646,10,507951104,65536,207,33,9,9
507,531559207,1048646,11,1048320,65536,200,36,9,9
507,531559207,1048646,12,412024320,65536,200,36,9,9
507,531559207,1048646,13,415167744,65536,200,36,9,9
507,531559207,1048646,14,427733504,16384,200,36,9,9
507,531559207,1048646,15,441876224,65536,200,36,9,9
507,531559207,1048646,16,442438656,65536,200,36,9,9
507,531559207,1048646,17,16271616,4096,165,35,9,9
507,531559207,1048646,18,27812352,4096,165,35,9,9
507,531559207,1048646,19,156259072,4096,165,35,9,9
507,531559207,1048646,20,174590464,4096,165,35,9,9
507,531559207,1048646,21,322993408,4096,165,35,9,9
507,531559207,1048646,22,398390784,4096,165,35,9,9
507,531559207,1048646,23,165691136,1024,160,42,9,9
507,531559207,1048646,24,151548160,4096,138,34,9,9
507,531559207,1048646,25,272595968,16384,116,22,9,9
507,531559207,1048646,26,414635520,16384,92,18,9,9
507,531559207,1048646,27,146842112,4096,81,19,9,9
507,531559207,1048646,28,159930880,4096,81,19,9,9
507,531559207,1048646,29,166214656,4096,81,19,9,9
507,531559207,1048646,30,181910016,4096,81,19,9,9
507,531559207,1048646,31,34107136,4096,80,20,9,9
508,532607853,1048529,0,530511104,65536,768,130,9,9
508,532607853,1048529,1,531559424,16384,768,130,9,9
508,532607853,1048529,2,13641728,16384,371,61,9,9
508,532607853,1048529,3,16797952,4096,328,76,9,9
508,532607853,1048529,4,121119232,65536,309,53,9,9
508,532607853,1048529,5,163535616,65536,309,53,9,9
508,532607853,1048529,6,193882112,65536,309,53,9,9
508,532607853,1048529,7,400429312,65536,309,53,9,9
508,532607853,1048529,8,3080960,65536,257,41,9,9
508,532607853,1048529,9,507951104,65536,257,41,9,9
508,532607853,1048529,10,1048320,65536,202,36,9,9
508,532607853,1048529,11,415167744,65536,202,36,9,9
508,532607853,1048529,12,427733504,16384,202,36,9,9
508,532607853,1048529,13,441876224,65536,202,36,9,9
508,532607853,1048529,14,442438656,65536,202,36,9,9
508,532607853,1048529,15,146842112,4096,165,39,9,9
508,532607853,1048529,16,159930880,4096,165,39,9,9
508,532607853,1048529,17,166214656,4096,165,39,9,9
508,532607853,1048529,18,181910016,4096,165,39,9,9
508,532607853,1048529,19,16271616,4096,163,37,9,9
508,532607853,1048529,20,27812352,4096,163,37,9,9
508,532607853,1048529,21,156259072,4096,163,37,9,9
508,532607853,1048529,22,174590464,4096,163,37,9,9
508,532607853,1048529,23,322993408,4096,163,37,9,9
508,532607853,1048529,24,398390784,4096,163,37,9,9
508,532607853,1048529,25,165691136,1024,151,35,9,9
508,532607853,1048529,26,151548160,4096,133,29,9,9
508,532607853,1048529,27,414635520,16384,115,25,9,9
508,532607853,1048529,28,272595968,16384,114,20,9,9
508,532607853,1048529,29,490152192,16384,114,20,9,9
508,532607853,1048529,30,34107136,4096,70,18,9,9
508,532607853,1048529,31,138449408,256,62,14,9,9
509,533656382,1047603,0,531002368,65536,596,98,9,9
509,533656382,1047603,1,531559424,16384,596,98,9,9
509,533656382,1047603,2,532608000,16384,340,56,9,9
509,533656382,1047603,3,13641728,16384,320,52,9,9
509,533656382,1047603,4,16797952,4096,234,52,9,9
509,533656382,1047603,5,121671680,4096,223,51,9,9
509,533656382,1047603,6,163535616,65536,223,35,9,9
509,533656382,1047603,7,193882112,65536,223,35,9,9
509,533656382,1047603,8,3080960,65536,203,31,9,9
509,533656382,1047603,9,507951104,65536,203,31,9,9
509,533656382,1047603,10,1048320,65536,170,32,9,9
509,533656382,1047603,11,441876224,65536,170,32,9,9
509,533656382,1047603,12,442438656,65536,170,32,9,9
509,533656382,1047603,13,146842112,4096,128,28,9,9
509,533656382,1047603,14,159930880,4096,128,28,9,9
509,533656382,1047603,15,166214656,4096,128,28,9,9
509,533656382,1047603,16,181910016,4096,128,28,9,9
509,533656382,1047603,17,272608256,4096,117,21,9,9
509,533656382,1047603,18,415167744,16384,117,21,9,9
509,533656382,1047603,19,490152192,16384,117,21,9,9
509,533656382,1047603,20,165691136,1024,109,29,9,9
509,533656382,1047603,21,16271616,4096,106,24,9,9
509,533656382,1047603,22,27812352,4096,106,24,9,9
509,533656382,1047603,23,156259072,4096,106,24,9,9
509,533656382,1047603,24,174590464,4096,106,24,9,9
509,533656382,1047603,25,322993408,4096,106,24,9,9
509,533656382,1047603,26,398390784,4096,106,24,9,9
509,533656382,1047603,27,151548160,4096,95,23,9,9
509,533656382,1047603,28,414635520,16384,84,18,9,9
509,533656382,1047603,29,138449408,256,73,17,9,9
509,533656382,1047603,30,159407872,1024,38,8,9,9
509,533656382,1047603,31,164123136,1024,34,10,9,9
510,534703985,1048494,0,531559424,16384,642,104,9,9
510,534703985,1048494,1,530511104,16384,609,105,9,9
510,534703985,1048494,2,13641728,16384,374,66,9,9
510,534703985,1048494,3,532608000,16384,303,53,9,9
510,534703985,1048494,4,16797952,4096,281,67,9,9
510,534703985,1048494,5,121671680,4096,265,67,9,9
510,534703985,1048494,6,3080960,65536,239,39,9,9
510,534703985,1048494,7,507951104,65536,239,39,9,9
510,534703985,1048494,8,1048320,65536,235,39,9,9
510,534703985,1048494,9,441876224,65536,235,39,9,9
510,534703985,1048494,10,442438656,65536,235,39,9,9
510,534703985,1048494,11,163535616,65536,168,26,9,9
510,534703985,1048494,12,193882112,65536,168,26,9,9
510,534703985,1048494,13,534147328,65536,168,26,9,9
510,534703985,1048494,14,146842112,4096,145,35,9,9
510,534703985,1048494,15,159930880,4096,145,35,9,9
510,534703985,1048494,16,166214656,4096,145,35,9,9
510,534703985,1048494,17,181910016,4096,145,35,9,9
510,534703985,1048494,18,16271616,4096,136,32,9,9
510,534703985,1048494,19,27812352,4096,136,32,9,9
510,534703985,1048494,20,156259072,4096,136,32,9,9
510,534703985,1048494,21,174590464,4096,136,32,9,9
510,534703985,1048494,22,322993408,4096,136,32,9,9
510,534703985,1048494,23,398390784,4096,136,32,9,9
510,534703985,1048494,24,272608256,4096,135,27,9,9
510,534703985,1048494,25,415167744,16384,135,27,9,9
510,534703985,1048494,26,490152192,16384,135,27,9,9
510,534703985,1048494,27,165691136,1024,129,37,9,9
510,534703985,1048494,28,151548160,4096,120,32,9,9
510,534703985,1048494,29,414635520,16384,100,18,9,9
510,534703985,1048494,30,138449408,256,81,19,9,9
510,534703985,1048494,31,34107136,4096,62,14,9,9
511,535752479,1045767,0,531559424,16384,729,127,9,9
511,535752479,1045767,1,532608000,16384,544,100,9,9
511,535752479,1045767,2,13641728,16384,410,74,9,9
511,535752479,1045767,3,531002368,65536,379,65,9,9
511,535752479,1045767,4,534704128,16384,379,65,9,9
511,535752479,1045767,5,121119232,65536,350,62,9,9
511,535752479,1045767,6,163535616,65536,350,62,9,9
511,535752479,1045767,7,193882112,65536,350,62,9,9
511,535752479,1045767,8,534147328,65536,350,62,9,9
511,535752479,1045767,9,16797952,4096,230,52,9,9
511,535752479,1045767,10,3080960,65536,216,36,9,9
511,535752479,1045767,11,272608256,4096,194,38,9,9
511,535752479,1045767,12,415167744,16384,194,38,9,9
511,535752479,1045767,13,490152192,16384,194,38,9,9
511,535752479,1045767,14,1048320,65536,163,29,9,9
511,535752479,1045767,15,16271616,4096,149,35,9,9
511,535752479,1045767,16,27812352,4096,149,35,9,9
511,535752479,1045767,17,156259072,4096,149,35,9,9
511,535752479,1045767,18,174590464,4096,149,35,9,9
511,535752479,1045767,19,322993408,4096,149,35,9,9
511,535752479,1045767,20,398390784,4096,149,35,9,9
511,535752479,1045767,21,165691136,1024,102,26,9,9
511,535752479,1045767,22,151548160,4096,90,22,9,9
511,535752479,1045767,23,138449408,256,89,23,9,9
511,535752479,1045767,24,146842112,4096,81,17,9,9
511,535752479,1045767,25,159930880,4096,81,17,9,9
511,535752479,1045767,26,166214656,4096,81,17,9,9
511,535752479,1045767,27,181910016,4096,81,17,9,9
511,535752479,1045767,28,159407872,1024,64,16,9,9
511,535752479,1045767,29,414635520,16384,59,11,9,9
511,535752479,1045767,30,34107136,4096,45,9,9,9
511,535752479,1045767,31,164123136,1024,38,14,9,9
512,536798246,1049206,0,527881216,16384,232,40,10,10
512,536798246,1049206,1,529978368,16384,232,40,10,10
512,536798246,1049206,2,42968832,65536,96,16,10,10
512,536798246,1049206,3,505878784,16384,96,16,10,10
512,536798246,1049206,4,508507904,16384,96,16,10,10
512,536798246,1049206,5,56115712,65536,83,13,10,10
512,536798246,1049206,6,62403072,65536,83,13,10,10
512,536798246,1049206,7,5759488,16384,53,11,10,10
512,536798246,1049206,8,64530688,16384,53,11,10,10
512,536798246,1049206,9,82362624,16384,53,11,10,10
512,536798246,1049206,10,102809600,4096,53,11,10,10
512,536798246,1049206,11,208625920,4096,53,11,10,10
512,536798246,1049206,12,343958528,16384,53,11,10,10
512,536798246,1049206,13,143680512,4096,22,6,10,10
512,536798246,1049206,14,43556352,4096,13,3,10,10
512,536798246,1049206,15,53000448,4096,13,3,10,10
512,536798246,1049206,16,70309120,4096,13,3,10,10
512,536798246,1049206,17,90757632,4096,13,3,10,10
512,536798246,1049206,18,176164096,1024,13,3,10,10
512,536798246,1049206,19,266841600,4096,13,3,10,10
512,536798246,1049206,20,293093888,4096,13,3,10,10
512,536798246,1049206,21,346572544,4096,13,3,10,10
512,536798246,1049206,22,363867648,4096,13,3,10,10
512,536798246,1049206,23,391047424,4096,13,3,10,10
512,536798246,1049206,24,420399616,4096,13,3,10,10
512,536798246,1049206,25,445582336,4096,13,3,10,10
512,536798246,1049206,26,466568192,4096,13,3,10,10
512,536798246,1049206,27,469181952,4096,13,3,10,10
512,536798246,1049206,28,498023424,4096,13,3,10,10
512,536798246,1049206,29,66113280,4096,9,3,10,10
512,536798246,1049206,30,243223040,256,9,3,10,10
512,536798246,1049206,31,257912832,4096,9,3,10,10
513,537847452,1054600,0,13641728,16384,41,7,9,9
513,537847452,1054600,1,3080960,65536,24,4,9,9
513,537847452,1054600,2,531002368,65536,24,4,9,9
513,537847452,1054600,3,531559424,16384,24,4,9,9
513,537847452,1054600,4,534704128,16384,24,4,9,9
513,537847452,1054600,5,16797952,4096,23,5,9,9
513,537847452,1054600,6,121671680,4096,20,4,9,9
513,537847452,1054600,7,272608256,4096,17,3,9,9
513,537847452,1054600,8,415167744,16384,17,3,9,9
513,537847452,1054600,9,490152192,16384,17,3,9,9
513,537847452,1054600,10,532608000,16384,17,3,9,9
513,537847452,1054600,11,16271616,4096,13,3,9,9
513,537847452,1054600,12,27812352,4096,13,3,9,9
513,537847452,1054600,13,156259072,4096,13,3,9,9
513,537847452,1054600,14,165691136,1024,13,3,9,9
513,537847452,1054600,15,174590464,4096,13,3,9,9
513,537847452,1054600,16,322993408,4096,13,3,9,9
513,537847452,1054600,17,398390784,4096,13,3,9,9
513,537847452,1054600,18,146842112,4096,10,2,9,9
513,537847452,1054600,19,151548160,4096,10,2,9,9
513,537847452,1054600,20,159930880,4096,10,2,9,9
513,537847452,1054600,21,166214656,4096,10,2,9,9
513,537847452,1054600,22,181910016,4096,10,2,9,9
513,537847452,1054600,23,362818560,1024,6,2,9,9
513,537847452,1054600,24,535752704,1024,6,2,9,9
513,537847452,1054600,25,83940352,4096,5,1,9,9
513,537847452,1054600,26,180343296,4096,5,1,9,9
513,537847452,1054600,27,523520,1024,4,2,9,9
513,537847452,1054600,28,44605696,1024,4,2,9,9
513,537847452,1054600,29,478103296,256,4,2,9,9
513,537847452,1054600,30,11543296,256,3,1,9,9
513,537847452,1054600,31,188189696,1024,3,1,9,9
514,538902052,946727,0,531002368,65536,81,13,9,9
514,538902052,946727,1,531559424,16384,81,13,9,9
514,538902052,946727,2,534704128,16384,81,13,9,9
514,538902052,946727,3,1048320,65536,60,10,9,9
514,538902052,946727,4,533099264,65536,60,10,9,9
514,538902052,946727,5,538341888,65536,60,10,9,9
514,538902052,946727,6,13641728,16384,26,4,9,9
514,538902052,946727,7,3080960,65536,21,3,9,9
514,538902052,946727,8,16797952,4096,13,3,9,9
514,538902052,946727,9,120628224,4096,8,2,9,9
514,538902052,946727,10,146842112,4096,8,2,9,9
514,538902052,946727,11,159930880,4096,8,2,9,9
514,538902052,946727,12,166214656,4096,8,2,9,9
514,538902052,946727,13,181910016,4096,8,2,9,9
514,538902052,946727,14,437170688,256,8,2,9,9
514,538902052,946727,15,16271616,4096,5,1,9,9
514,538902052,946727,16,27812352,4096,5,1,9,9
514,538902052,946727,17,156259072,4096,5,1,9,9
514,538902052,946727,18,174590464,4096,5,1,9,9
514,538902052,946727,19,272608256,4096,5,1,9,9
514,538902052,946727,20,322993408,4096,5,1,9,9
514,538902052,946727,21,398390784,4096,5,1,9,9
514,538902052,946727,22,415167744,16384,5,1,9,9
514,538902052,946727,23,490152192,16384,5,1,9,9
514,538902052,946727,24,24139264,256,3,1,9,9
514,538902052,946727,25,34107136,4096,3,1,9,9
514,538902052,946727,26,194999552,256,3,1,9,9
514,538902052,946727,27,479674880,1024,3,1,9,9
514,538902052,946727,28,507983360,1024,3,1,9,9
514,538902052,946727,29,534178048,4096,3,1,9,9
514,538902052,946727,30,277854464,256,1,1,9,9
514,538902052,946727,31,535686912,65536,81,13,9,9
515,539848779,1020241,0,539783168,65536,12,2,9,9
515,539848779,1020241,1,24139264,256,4,2,9,9
515,539848779,1020241,2,194999552,256,4,2,9,9
515,539848779,1020241,3,479674880,1024,4,2,9,9
515,539848779,1020241,4,507983360,1024,4,2,9,9
515,539848779,1020241,5,531558144,1024,3,1,9,9
515,539848779,1020241,6,532606720,1024,3,1,9,9
515,539848779,1020241,7,535752704,1024,3,1,9,9
515,539848779,1020241,8,24139264,1024,4,2,9,9
515,539848779,1020241,9,194999552,1024,4,2,9,9
516,540869020,1239141,0,539848960,4096,104,18,9,9
516,540869020,1239141,1,16797952,4096,10,2,9,9
516,540869020,1239141,2,120628224,4096,10,2,9,9
516,540869020,1239141,3,146842112,4096,10,2,9,9
516,540869020,1239141,4,159930880,4096,10,2,9,9
516,540869020,1239141,5,166214656,4096,10,2,9,9
516,540869020,1239141,6,181910016,4096,10,2,9,9
516,540869020,1239141,7,534704128,4096,10,2,9,9
516,540869020,1239141,8,539374848,1024,6,2,9,9
516,540869020,1239141,9,164123136,1024,3,1,9,9
516,540869020,1239141,10,535752704,4096,3,1,9,9
516,540869020,1239141,11,538372608,4096,3,1,9,9
516,540869020,1239141,12,539848960,16384,104,18,9,9
516,540869020,1239141,13,539848960,1024,97,17,9,9
516,540869020,1239141,14,540356864,4096,35,9,9,9
516,540869020,1239141,15,539848960,65536,21,3,9,9
516,540869020,1239141,16,121671680,4096,10,2,9,9
516,540869020,1239141,17,164123392,256,3,1,9,9
516,540869020,1239141,18,536273408,4096,3,1,9,9
517,542108161,900155,0,539848960,4096,244,58,9,9
517,542108161,900155,1,3080960,65536,21,3,9,9
517,542108161,900155,2,13641728,16384,21,3,9,9
517,542108161,900155,3,531002368,65536,21,3,9,9
517,542108161,900155,4,531559424,16384,21,3,9,9
517,542108161,900155,5,534704128,16384,21,3,9,9
517,542108161,900155,6,121674752,1024,9,3,9,9
517,542108161,900155,7,16271616,4096,5,1,9,9
517,542108161,900155,8,16797952,4096,5,1,9,9
517,542108161,900155,9,27812352,4096,5,1,9,9
517,542108161,900155,10,151548160,4096,5,1,9,9
517,542108161,900155,11,156259072,4096,5,1,9,9
517,542108161,900155,12,165688064,4096,5,1,9,9
517,542108161,900155,13,174590464,4096,5,1,9,9
517,542108161,900155,14,322472704,1024,5,1,9,9
517,542108161,900155,15,398390784,4096,5,1,9,9
517,542108161,900155,16,533129984,4096,5,1,9,9
517,542108161,900155,17,523520,1024,4,2,9,9
517,542108161,900155,18,478103296,256,4,2,9,9
517,542108161,900155,19,24139264,256,3,1,9,9
517,542108161,900155,20,194999552,256,3,1,9,9
517,542108161,900155,21,362818560,1024,3,1,9,9
517,542108161,900155,22,479674880,1024,3,1,9,9
517,542108161,900155,23,507983360,1024,3,1,9,9
517,542108161,900155,24,531559424,65536,21,3,9,9
517,542108161,900155,25,532050688,65536,21,3,9,9
517,542108161,900155,26,532542208,65536,21,3,9,9
517,542108161,900155,27,532591360,16384,21,3,9,9
517,542108161,900155,28,535219968,16384,21,3,9,9
517,542108161,900155,29,535226112,4096,21,3,9,9
517,542108161,900155,30,535686912,65536,21,3,9,9
517,542108161,900155,31,27813888,1024,5,1,9,9
518,543008316,991756,0,542942720,65536,132,20,9,9
518,543008316,991756,1,540356864,4096,18,4,9,9
518,543008316,991756,2,46159872,16384,17,3,9,9
518,543008316,991756,3,16271616,4096,5,1,9,9
518,543008316,991756,4,16797952,4096,5,1,9,9
518,543008316,991756,5,27812352,4096,5,1,9,9
518,543008316,991756,6,156259072,4096,5,1,9,9
518,543008316,991756,7,174590464,4096,5,1,9,9
518,543008316,991756,8,322993408,4096,5,1,9,9
518,543008316,991756,9,398390784,4096,5,1,9,9
518,543008316,991756,10,27813888,1024,5,1,9,9
518,543008316,991756,11,540358656,256,1,1,9,9
519,544000072,1046560,0,13641728,16384,103,17,9,9
519,544000072,1046560,1,531559424,16384,98,16,9,9
519,544000072,1046560,2,531002368,65536,86,14,9,9
519,544000072,1046560,3,534704128,16384,86,14,9,9
519,544000072,1046560,4,3080960,65536,54,8,9,9
519,544000072,1046560,5,16797952,16384,49,9,9,9
519,544000072,1046560,6,272608256,4096,49,9,9,9
519,544000072,1046560,7,415167744,16384,49,9,9,9
519,544000072,1046560,8,490152192,16384,49,9,9,9
519,544000072,1046560,9,532608000,16384,49,9,9,9
519,544000072,1046560,10,121671680,4096,35,9,9,9
519,544000072,1046560,11,1048320,65536,32,6,9,9
519,544000072,1046560,12,538341888,65536,32,6,9,9
519,544000072,1046560,13,539783168,65536,32,6,9,9
519,544000072,1046560,14,542108416,4096,32,6,9,9
519,544000072,1046560,15,543934464,65536,29,5,9,9
519,544000072,1046560,16,16271616,4096,27,7,9,9
519,544000072,1046560,17,27812352,4096,27,7,9,9
519,544000072,1046560,18,156259072,4096,27,7,9,9
519,544000072,1046560,19,174590464,4096,27,7,9,9
519,544000072,1046560,20,322993408,4096,27,7,9,9
519,544000072,1046560,21,398390784,4096,27,7,9,9
519,544000072,1046560,22,165691136,1024,21,5,9,9
519,544000072,1046560,23,151548160,4096,18,4,9,9
519,544000072,1046560,24,146842112,4096,17,5,9,9
519,544000072,1046560,25,159930880,4096,17,5,9,9
519,544000072,1046560,26,166214656,4096,17,5,9,9
519,544000072,1046560,27,181910016,4096,17,5,9,9
519,544000072,1046560,28,46159872,16384,12,2,9,9
519,544000072,1046560,29,540869120,4096,10,2,9,9
519,544000072,1046560,30,37260032,1024,9,3,9,9
519,544000072,1046560,31,83940352,4096,7,3,9,9
520,545046632,1048587,0,527881216,16384,808,146,10,10
520,545046632,1048587,1,529978368,16384,808,146,10,10
520,545046632,1048587,2,56115712,65536,319,59,10,10
520,545046632,1048587,3,62403072,65536,319,59,10,10
520,545046632,1048587,4,42508288,4096,298,68,10,10
520,545046632,1048587,5,143680512,4096,293,69,10,10
520,545046632,1048587,6,5759488,16384,230,42,10,10
520,545046632,1048587,7,64530688,16384,230,42,10,10
520,545046632,1048587,8,82362624,16384,230,42,10,10
520,545046632,1048587,9,102809600,4096,230,42,10,10
520,545046632,1048587,10,208625920,4096,230,42,10,10
520,545046632,1048587,11,343958528,16384,230,42,10,10
520,545046632,1048587,12,509023488,16384,230,42,10,10
520,545046632,1048587,13,505878784,16384,229,41,10,10
520,545046632,1048587,14,90757632,4096,149,35,10,10
520,545046632,1048587,15,176164096,1024,149,35,10,10
520,545046632,1048587,16,391047424,4096,149,35,10,10
520,545046632,1048587,17,420399616,4096,149,35,10,10
520,545046632,1048587,18,445582336,4096,149,35,10,10
520,545046632,1048587,19,466568192,4096,149,35,10,10
520,545046632,1048587,20,498023424,4096,149,35,10,10
520,545046632,1048587,21,43556352,4096,149,33,10,10
520,545046632,1048587,22,53000448,4096,149,33,10,10
520,545046632,1048587,23,70309120,4096,149,33,10,10
520,545046632,1048587,24,266841600,4096,149,33,10,10
520,545046632,1048587,25,293093888,4096,149,33,10,10
520,545046632,1048587,26,346572544,4096,149,33,10,10
520,545046632,1048587,27,363867648,4096,149,33,10,10
520,545046632,1048587,28,469181952,4096,149,33,10,10
520,545046632,1048587,29,66113280,4096,144,34,10,10
520,545046632,1048587,30,243223040,256,144,34,10,10
520,545046632,1048587,31,257912832,4096,144,34,10,10
521,546095219,1048565,0,528929792,16384,3115,595,1,1
521,546095219,1048565,1,528935936,4096,2783,547,1,1
521,546095219,1048565,2,529445888,16384,2169,407,1,1
521,546095219,1048565,3,528905216,65536,1119,205,1,1
521,546095219,1048565,4,528413952,65536,1098,202,1,1
521,546095219,1048565,5,529396736,65536,1098,202,1,1
521,546095219,1048565,6,529458176,4096,980,194,1,1
521,546095219,1048565,7,528413952,1024,709,177,1,1
521,546095219,1048565,8,528413952,4096,623,145,1,1
521,546095219,1048565,9,529461248,1024,120,40,1,1
521,546095219,1048565,10,529462016,256,102,32,1,1
521,546095219,1048565,11,528937472,1024,61,19,1,1
522,547143784,1048619,0,546611200,16384,3279,617,1,1
522,547143784,1048619,1,528929792,16384,3273,615,1,1
522,547143784,1048619,2,546095360,16384,3253,613,1,1
522,547143784,1048619,3,528935936,4096,2842,550,1,1
522,547143784,1048619,4,546617344,4096,2808,556,1,1
522,547143784,1048619,5,529445888,16384,2439,451,1,1
522,547143784,1048619,6,547078144,65536,2439,451,1,1
522,547143784,1048619,7,546095360,65536,2375,437,1,1
522,547143784,1048619,8,546586624,65536,2317,429,1,1
522,547143784,1048619,9,547127296,16384,1369,251,1,1
522,547143784,1048619,10,528413952,65536,1241,227,1,1
522,547143784,1048619,11,528905216,65536,1241,227,1,1
522,547143784,1048619,12,546095360,4096,1027,239,1,1
522,547143784,1048619,13,529458176,4096,962,188,1,1
522,547143784,1048619,14,547142656,1024,714,186,1,1
522,547143784,1048619,15,528413952,1024,692,172,1,1
522,547143784,1048619,16,547143424,256,669,177,1,1
522,547143784,1048619,17,528413952,4096,601,137,1,1
522,547143784,1048619,18,547139584,4096,557,131,1,1
522,547143784,1048619,19,546618880,1024,235,95,1,1
522,547143784,1048619,20,546095360,1024,197,73,1,1
522,547143784,1048619,21,546095360,256,113,47,1,1
522,547143784,1048619,22,529461248,1024,111,41,1,1
522,547143784,1048619,23,529462016,256,59,19,1,1
522,547143784,1048619,24,528937472,1024,41,15,1,1
522,547143784,1048619,25,546619392,256,8,8,1,1
523,548192403,1048565,0,547143936,16384,3029,569,1,1
523,548192403,1048565,1,528929792,16384,2928,552,1,1
523,548192403,1048565,2,546586624,65536,2018,372,1,1
523,548192403,1048565,3,547143936,4096,2955,605,1,1
523,548192403,1048565,4,548175872,16384,2726,530,1,1
523,548192403,1048565,5,528935936,4096,2522,492,1,1
523,548192403,1048565,6,529445888,16384,2080,382,1,1
523,548192403,1048565,7,548188160,4096,2050,458,1,1
523,548192403,1048565,8,548126720,65536,2024,372,1,1
523,548192403,1048565,9,547635200,65536,1979,365,1,1
523,548192403,1048565,10,547659776,16384,1979,365,1,1
523,548192403,1048565,11,546095360,16384,1816,340,1,1
523,548192403,1048565,12,547665920,4096,1700,346,1,1
523,548192403,1048565,13,546617344,4096,1633,343,1,1
523,548192403,1048565,14,528413952,65536,1157,219,1,1
523,548192403,1048565,15,547143936,65536,1157,219,1,1
523,548192403,1048565,16,546095360,4096,1083,255,1,1
523,548192403,1048565,17,546611200,16384,988,194,1,1
523,548192403,1048565,18,529458176,4096,949,187,1,1
523,548192403,1048565,19,528413952,1024,715,187,1,1
523,548192403,1048565,20,528413952,4096,592,140,1,1
523,548192403,1048565,21,547142656,1024,469,127,1,1
523,548192403,1048565,22,547143936,1024,447,153,1,1
523,548192403,1048565,23,547143424,256,445,127,1,1
523,548192403,1048565,24,547139584,4096,336,78,1,1
523,548192403,1048565,25,546618880,1024,324,126,1,1
523,548192403,1048565,26,547143936,256,228,92,1,1
523,548192403,1048565,27,546095360,1024,179,71,1,1
523,548192403,1048565,28,546095360,65536,140,22,1,1
523,548192403,1048565,29,546095360,256,111,45,1,1
523,548192403,1048565,30,547667456,1024,111,43,1,1
523,548192403,1048565,31,547078144,65536,101,17,1,1
524,549240968,1048632,0,548708352,16384,3250,618,1,1
524,549240968,1048632,1,528935936,4096,2678,518,1,1
524,549240968,1048632,2,547143936,4096,2193,481,1,1
524,549240968,1048632,3,546617344,4096,1647,345,1,1
524,549240968,1048632,4,548714496,4096,3222,644,1,1
524,549240968,1048632,5,548192512,16384,3063,581,1,1
524,549240968,1048632,6,549224448,16384,3018,574,1,1
524,549240968,1048632,7,549236736,4096,2699,549,1,1
524,549240968,1048632,8,529445888,16384,2157,399,1,1
524,549240968,1048632,9,548126720,65536,2103,389,1,1
524,549240968,1048632,10,547635200,65536,2061,383,1,1
524,549240968,1048632,11,548683776,65536,2061,383,1,1
524,549240968,1048632,12,548192512,1024,1751,389,1,1
524,549240968,1048632,13,547143936,65536,1386,256,1,1
524,549240968,1048632,14,548192512,4096,1379,275,1,1
524,549240968,1048632,15,548188160,4096,1303,331,1,1
524,549240968,1048632,16,549175296,65536,1257,237,1,1
524,549240968,1048632,17,546095360,4096,1140,274,1,1
524,549240968,1048632,18,548716032,1024,1103,247,1,1
524,549240968,1048632,19,547143936,16384,1053,207,1,1
524,549240968,1048632,20,546095360,16384,1049,209,1,1
524,549240968,1048632,21,546611200,16384,1002,198,1,1
524,549240968,1048632,22,528929792,16384,999,197,1,1
524,549240968,1048632,23,529458176,4096,957,191,1,1
524,549240968,1048632,24,528413952,1024,779,203,1,1
524,549240968,1048632,25,548175872,16384,735,165,1,1
524,549240968,1048632,26,528413952,4096,655,153,1,1
524,549240968,1048632,27,547665920,4096,575,129,1,1
524,549240968,1048632,28,547142656,1024,516,134,1,1
524,549240968,1048632,29,547143424,256,498,134,1,1
524,549240968,1048632,30,547143936,1024,485,169,1,1
524,549240968,1048632,31,547139584,4096,406,94,1,1
525,550289600,1048564,0,549763072,4096,3610,706,1,1
525,550289600,1048564,1,548708352,16384,3129,587,1,1
525,550289600,1048564,2,528935936,4096,2856,564,1,1
525,550289600,1048564,3,546617344,4096,1712,360,1,1
525,550289600,1048564,4,548188160,4096,1301,327,1,1
525,550289600,1048564,5,549241088,16384,3129,587,1,1
525,550289600,1048564,6,549241088,65536,2987,561,1,1
525,550289600,1048564,7,529445888,16384,2274,418,1,1
525,550289600,1048564,8,550223872,65536,2201,405,1,1
525,550289600,1048564,9,549756928,16384,2183,403,1,1
525,550289600,1048564,10,548683776,65536,2138,396,1,1
525,550289600,1048564,11,549241088,4096,2036,422,1,1
525,550289600,1048564,12,550273024,16384,1946,370,1,1
525,550289600,1048564,13,549224448,16384,1890,356,1,1
525,550289600,1048564,14,550285312,4096,1720,350,1,1
525,550289600,1048564,15,549241088,1024,1530,380,1,1
525,550289600,1048564,16,547143936,4096,1267,287,1,1
525,550289600,1048564,17,548192512,1024,1144,308,1,1
525,550289600,1048564,18,546095360,4096,1131,265,1,1
525,550289600,1048564,19,549175296,65536,1118,208,1,1
525,550289600,1048564,20,548714496,4096,1039,231,1,1
525,550289600,1048564,21,548175872,16384,925,211,1,1
525,550289600,1048564,22,546095360,16384,918,176,1,1
525,550289600,1048564,23,549764608,1024,854,166,1,1
525,550289600,1048564,24,528929792,16384,849,165,1,1
525,550289600,1048564,25,529458176,4096,849,165,1,1
525,550289600,1048564,26,549765120,256,849,165,1,1
525,550289600,1048564,27,528413952,1024,739,191,1,1
525,550289600,1048564,28,547665920,4096,718,168,1,1
525,550289600,1048564,29,548192512,4096,718,168,1,1
525,550289600,1048564,30,528413952,4096,623,145,1,1
525,550289600,1048564,31,547142656,1024,582,160,1,1
526,551338164,1048610,0,550289664,16384,3492,674,1,1
526,551338164,1048610,1,549241088,16384,3378,648,1,1
526,551338164,1048610,2,528935936,4096,2733,537,1,1
526,551338164,1048610,3,548188160,4096,1210,304,1,1
526,551338164,1048610,4,548714496,4096,1044,240,1,1
526,551338164,1048610,5,546095360,4096,1000,240,1,1
526,551338164,1048610,6,549241088,65536,3153,601,1,1
526,551338164,1048610,7,551321600,16384,3132,598,1,1
526,551338164,1048610,8,550811648,4096,2561,561,1,1
526,551338164,1048610,9,549763072,4096,2523,507,1,1
526,551338164,1048610,10,549756928,16384,2323,435,1,1
526,551338164,1048610,11,529445888,16384,2277,429,1,1
526,551338164,1048610,12,550223872,65536,2236,422,1,1
526,551338164,1048610,13,550289664,65536,2224,420,1,1
526,551338164,1048610,14,550273024,16384,2178,420,1,1
526,551338164,1048610,15,551333888,4096,2028,424,1,1
526,551338164,1048610,16,550805504,16384,1886,360,1,1
526,551338164,1048610,17,550813184,1024,1525,319,1,1
526,551338164,1048610,18,551272448,65536,1267,241,1,1
526,551338164,1048610,19,550780928,65536,1246,238,1,1
526,551338164,1048610,20,550289664,4096,1226,268,1,1
526,551338164,1048610,21,547143936,4096,1077,253,1,1
526,551338164,1048610,22,549241088,4096,1000,236,1,1
526,551338164,1048610,23,528929792,16384,953,185,1,1
526,551338164,1048610,24,529458176,4096,932,182,1,1
526,551338164,1048610,25,548192512,1024,890,236,1,1
526,551338164,1048610,26,528413952,1024,728,194,1,1
526,551338164,1048610,27,548175872,16384,647,147,1,1
526,551338164,1048610,28,546617344,4096,599,135,1,1
526,551338164,1048610,29,550289664,1024,576,200,1,1
526,551338164,1048610,30,528413952,4096,574,138,1,1
526,551338164,1048610,31,550285312,4096,574,138,1,1
527,552386774,1048606,0,551854080,16384,3029,563,1,1
527,552386774,1048606,1,551321600,16384,2850,532,1,1
527,552386774,1048606,2,528935936,4096,2435,465,1,1
527,552386774,1048606,3,548188160,4096,1322,338,1,1
527,552386774,1048606,4,548192512,1024,1029,275,1,1
527,552386774,1048606,5,549241088,65536,1027,207,1,1
527,552386774,1048606,6,546095360,4096,965,229,1,1
527,552386774,1048606,7,550811648,4096,2741,603,1,1
527,552386774,1048606,8,550289664,16384,1950,378,1,1
527,552386774,1048606,9,529445888,16384,1947,347,1,1
527,552386774,1048606,10,552370176,16384,1914,370,1,1
527,552386774,1048606,11,550805504,16384,1881,359,1,1
527,552386774,1048606,12,550289664,65536,1840,328,1,1
527,552386774,1048606,13,552321024,65536,1823,325,1,1
527,552386774,1048606,14,551338240,4096,1724,362,1,1
527,552386774,1048606,15,550813184,1024,1721,369,1,1
527,552386774,1048606,16,551333888,4096,1655,345,1,1
527,552386774,1048606,17,551860224,4096,1430,266,1,1
527,552386774,1048606,18,550289664,4096,1365,303,1,1
527,552386774,1048606,19,551861760,1024,1275,269,1,1
527,552386774,1048606,20,551829504,65536,1246,216,1,1
527,552386774,1048606,21,550780928,65536,1166,204,1,1
527,552386774,1048606,22,551338240,65536,1099,193,1,1
527,552386774,1048606,23,547143936,4096,1089,251,1,1
527,552386774,1048606,24,551272448,65536,1078,190,1,1
527,552386774,1048606,25,528929792,16384,1027,207,1,1
527,552386774,1048606,26,529458176,4096,1027,207,1,1
527,552386774,1048606,27,549241088,4096,988,236,1,1
527,552386774,1048606,28,548714496,4096,897,207,1,1
527,552386774,1048606,29,550223872,65536,781,141,1,1
527,552386774,1048606,30,551338240,16384,781,141,1,1
527,552386774,1048606,31,548175872,16384,689,155,1,1
528,553435380,1048533,0,551854080,16384,3428,642,1,1
528,553435380,1048533,1,552386816,16384,3225,603,1,1
528,553435380,1048533,2,528935936,4096,2827,545,1,1
528,553435380,1048533,3,550811648,4096,1825,419,1,1
528,553435380,1048533,4,548188160,4096,1377,339,1,1
528,553435380,1048533,5,549241088,4096,1091,251,1,1
528,553435380,1048533,6,546095360,4096,1061,247,1,1
528,553435380,1048533,7,548192512,1024,1041,283,1,1
528,553435380,1048533,8,553431040,4096,2518,526,1,1
528,553435380,1048533,9,553418752,16384,2512,460,1,1
528,553435380,1048533,10,529445888,16384,2362,428,1,1
528,553435380,1048533,11,552386816,65536,2238,406,1,1
528,553435380,1048533,12,552902656,16384,2237,423,1,1
528,553435380,1048533,13,552321024,65536,2223,403,1,1
528,553435380,1048533,14,552370176,16384,2135,409,1,1
528,553435380,1048533,15,552386816,4096,1989,429,1,1
528,553435380,1048533,16,551338240,4096,1789,377,1,1
528,553435380,1048533,17,552908800,4096,1587,335,1,1
528,553435380,1048533,18,551829504,65536,1274,230,1,1
528,553435380,1048533,19,551338240,65536,1235,223,1,1
528,553435380,1048533,20,552878080,65536,1235,223,1,1
528,553435380,1048533,21,553369600,65536,1235,223,1,1
528,553435380,1048533,22,550289664,16384,1221,245,1,1
528,553435380,1048533,23,547143936,4096,1200,272,1,1
528,553435380,1048533,24,553434112,1024,1152,244,1,1
528,553435380,1048533,25,551333888,4096,1035,235,1,1
528,553435380,1048533,26,550805504,16384,1026,204,1,1
528,553435380,1048533,27,528929792,16384,1002,200,1,1
528,553435380,1048533,28,529458176,4096,1002,200,1,1
528,553435380,1048533,29,551321600,16384,1002,200,1,1
528,553435380,1048533,30,550289664,65536,1000,182,1,1
528,553435380,1048533,31,551338240,16384,988,180,1,1
529,554483913,383400,0,554467328,16384,1344,250,1,1
529,554483913,383400,1,528935936,4096,1048,208,1,1
529,554483913,383400,2,553431040,4096,897,185,1,1
529,554483913,383400,3,550811648,4096,613,139,1,1
529,554483913,383400,4,547143936,4096,518,112,1,1
529,554483913,383400,5,551854080,16384,402,76,1,1
529,554483913,383400,6,546095360,4096,378,88,1,1
529,554483913,383400,7,549241088,4096,367,81,1,1
529,554483913,383400,8,548192512,4096,204,50,1,1
529,554483913,383400,9,553951232,16384,1204,226,1,1
529,554483913,383400,10,529445888,16384,960,178,1,1
529,554483913,383400,11,553435392,65536,960,178,1,1
529,554483913,383400,12,554418176,65536,960,178,1,1
529,554483913,383400,13,553435392,16384,939,179,1,1
529,554483913,383400,14,552386816,65536,820,154,1,1
529,554483913,383400,15,553926656,65536,820,154,1,1
529,554483913,383400,16,554479616,4096,810,156,1,1
529,554483913,383400,17,553957376,4096,697,145,1,1
529,554483913,383400,18,552386816,16384,660,122,1,1
529,554483913,383400,19,552386816,4096,630,134,1,1
529,554483913,383400,20,552908800,4096,529,107,1,1
529,554483913,383400,21,548188160,4096,479,127,1,1
529,554483913,383400,22,552878080,65536,476,92,1,1
529,554483913,383400,23,553369600,65536,476,92,1,1
529,554483913,383400,24,553418752,16384,459,83,1,1
529,554483913,383400,25,554482688,1024,420,96,1,1
529,554483913,383400,26,551333888,4096,378,80,1,1
529,554483913,383400,27,553435392,4096,353,83,1,1
529,554483913,383400,28,528929792,16384,340,64,1,1
529,554483913,383400,29,529458176,4096,316,60,1,1
529,554483913,383400,30,552902656,16384,316,60,1,1
529,554483913,383400,31,547143936,1024,278,76,1,1
