pack_id,recipient_offset,recipient_length,candidate_rank,donor_offset,donor_length,phrase_score,signature_hits,recipient_class,donor_class
2,2097908,1048760,0,1048320,65536,4869,843,9,9
2,2097908,1048760,1,1540096,65536,4779,829,9,9
3,3146668,1048846,0,1048320,65536,4869,843,9,9
3,3146668,1048846,1,1540096,65536,4779,829,9,9
3,3146668,1048846,2,3080960,65536,3850,616,9,9
3,3146668,1048846,3,2097920,16384,3515,605,9,9
6,6291800,1050555,0,1048320,65536,4869,843,9,9
6,6291800,1050555,1,1540096,65536,4779,829,9,9
6,6291800,1050555,2,3080960,65536,3850,616,9,9
6,6291800,1050555,3,4129792,65536,3570,616,9,9
6,6291800,1050555,4,2097920,16384,3515,605,9,9
7,7342355,1050180,0,1048320,65536,4869,843,9,9
7,7342355,1050180,1,1540096,65536,4779,829,9,9
7,7342355,1050180,2,3080960,65536,3850,616,9,9
7,7342355,1050180,3,4129792,65536,3570,616,9,9
7,7342355,1050180,4,2097920,16384,3515,605,9,9
8,8392535,1054725,0,1048320,65536,4869,843,9,9
8,8392535,1054725,1,1540096,65536,4779,829,9,9
8,8392535,1054725,2,3080960,65536,3850,616,9,9
8,8392535,1054725,3,4129792,65536,3570,616,9,9
8,8392535,1054725,4,2097920,16384,3515,605,9,9
10,10494038,1049016,0,1048320,65536,4869,843,9,9
10,10494038,1049016,1,1540096,65536,4779,829,9,9
10,10494038,1049016,2,3080960,65536,3850,616,9,9
10,10494038,1049016,3,4129792,65536,3570,616,9,9
10,10494038,1049016,4,2097920,16384,3515,605,9,9
11,11543054,1047966,0,1048320,65536,4869,843,9,9
11,11543054,1047966,1,1540096,65536,4779,829,9,9
11,11543054,1047966,2,3080960,65536,3850,616,9,9
11,11543054,1047966,3,4129792,65536,3570,616,9,9
11,11543054,1047966,4,2097920,16384,3515,605,9,9
12,12591020,1050582,0,1048320,65536,4869,843,9,9
12,12591020,1050582,1,1540096,65536,4779,829,9,9
12,12591020,1050582,2,3080960,65536,3850,616,9,9
12,12591020,1050582,3,4129792,65536,3570,616,9,9
12,12591020,1050582,4,2097920,16384,3515,605,9,9
13,13641602,1057613,0,1048320,65536,4869,843,9,9
13,13641602,1057613,1,1540096,65536,4779,829,9,9
13,13641602,1057613,2,3080960,65536,3850,616,9,9
13,13641602,1057613,3,4129792,65536,3570,616,9,9
13,13641602,1057613,4,2097920,16384,3515,605,9,9
14,14699215,1050275,0,13641728,16384,7194,1222,9,9
14,14699215,1050275,1,1048320,65536,4869,843,9,9
14,14699215,1050275,2,1540096,65536,4779,829,9,9
14,14699215,1050275,3,3080960,65536,3850,616,9,9
14,14699215,1050275,4,4129792,65536,3570,616,9,9
14,14699215,1050275,5,2097920,16384,3515,605,9,9
15,15749490,1048369,0,13641728,16384,7194,1222,9,9
15,15749490,1048369,1,1048320,65536,4869,843,9,9
15,15749490,1048369,2,1540096,65536,4779,829,9,9
15,15749490,1048369,3,3080960,65536,3850,616,9,9
15,15749490,1048369,4,4129792,65536,3570,616,9,9
15,15749490,1048369,5,2097920,16384,3515,605,9,9
16,16797859,1046789,0,13641728,16384,7194,1222,9,9
16,16797859,1046789,1,1048320,65536,4869,843,9,9
16,16797859,1046789,2,1540096,65536,4779,829,9,9
16,16797859,1046789,3,3080960,65536,3850,616,9,9
16,16797859,1046789,4,4129792,65536,3570,616,9,9
16,16797859,1046789,5,2097920,16384,3515,605,9,9
17,17844648,1051023,0,13641728,16384,7194,1222,9,9
17,17844648,1051023,1,16797952,4096,5067,1151,9,9
17,17844648,1051023,2,1048320,65536,4869,843,9,9
17,17844648,1051023,3,1540096,65536,4779,829,9,9
17,17844648,1051023,4,3080960,65536,3850,616,9,9
17,17844648,1051023,5,4129792,65536,3570,616,9,9
17,17844648,1051023,6,2097920,16384,3515,605,9,9
18,18895671,1047724,0,13641728,16384,7194,1222,9,9
18,18895671,1047724,1,16797952,4096,5067,1151,9,9
18,18895671,1047724,2,1048320,65536,4869,843,9,9
18,18895671,1047724,3,1540096,65536,4779,829,9,9
18,18895671,1047724,4,3080960,65536,3850,616,9,9
18,18895671,1047724,5,4129792,65536,3570,616,9,9
18,18895671,1047724,6,2097920,16384,3515,605,9,9
19,19943395,1047479,0,13641728,16384,7194,1222,9,9
19,19943395,1047479,1,16797952,4096,5067,1151,9,9
19,19943395,1047479,2,1048320,65536,4869,843,9,9
19,19943395,1047479,3,1540096,65536,4779,829,9,9
19,19943395,1047479,4,3080960,65536,3850,616,9,9
19,19943395,1047479,5,4129792,65536,3570,616,9,9
19,19943395,1047479,6,2097920,16384,3515,605,9,9
20,20990874,1048917,0,13641728,16384,7194,1222,9,9
20,20990874,1048917,1,16797952,4096,5067,1151,9,9
20,20990874,1048917,2,1048320,65536,4869,843,9,9
20,20990874,1048917,3,1540096,65536,4779,829,9,9
20,20990874,1048917,4,3080960,65536,3850,616,9,9
20,20990874,1048917,5,4129792,65536,3570,616,9,9
20,20990874,1048917,6,2097920,16384,3515,605,9,9
21,22039791,1054737,0,13641728,16384,7194,1222,9,9
21,22039791,1054737,1,16797952,4096,5067,1151,9,9
21,22039791,1054737,2,1048320,65536,4869,843,9,9
21,22039791,1054737,3,1540096,65536,4779,829,9,9
21,22039791,1054737,4,3080960,65536,3850,616,9,9
21,22039791,1054737,5,4129792,65536,3570,616,9,9
21,22039791,1054737,6,2097920,16384,3515,605,9,9
22,23094528,1044683,0,13641728,16384,7194,1222,9,9
22,23094528,1044683,1,16797952,4096,5067,1151,9,9
22,23094528,1044683,2,1048320,65536,4869,843,9,9
22,23094528,1044683,3,1540096,65536,4779,829,9,9
22,23094528,1044683,4,3080960,65536,3850,616,9,9
22,23094528,1044683,5,4129792,65536,3570,616,9,9
22,23094528,1044683,6,2097920,16384,3515,605,9,9
23,24139211,1054234,0,13641728,16384,7194,1222,9,9
23,24139211,1054234,1,16797952,4096,5067,1151,9,9
23,24139211,1054234,2,1048320,65536,4869,843,9,9
23,24139211,1054234,3,1540096,65536,4779,829,9,9
23,24139211,1054234,4,3080960,65536,3850,616,9,9
23,24139211,1054234,5,4129792,65536,3570,616,9,9
23,24139211,1054234,6,2097920,16384,3515,605,9,9
24,25193445,1048781,0,13641728,16384,7194,1222,9,9
24,25193445,1048781,1,16797952,4096,5067,1151,9,9
24,25193445,1048781,2,1048320,65536,4869,843,9,9
24,25193445,1048781,3,1540096,65536,4779,829,9,9
24,25193445,1048781,4,3080960,65536,3850,616,9,9
24,25193445,1048781,5,4129792,65536,3570,616,9,9
24,25193445,1048781,6,2097920,16384,3515,605,9,9
26,27289725,1049665,0,13641728,16384,7194,1222,9,9
26,27289725,1049665,1,16797952,4096,5067,1151,9,9
26,27289725,1049665,2,1048320,65536,4869,843,9,9
26,27289725,1049665,3,1540096,65536,4779,829,9,9
26,27289725,1049665,4,3080960,65536,3850,616,9,9
26,27289725,1049665,5,4129792,65536,3570,616,9,9
26,27289725,1049665,6,2097920,16384,3515,605,9,9
27,28339390,1043373,0,13641728,16384,7194,1222,9,9
27,28339390,1043373,1,16797952,4096,5067,1151,9,9
27,28339390,1043373,2,1048320,65536,4869,843,9,9
27,28339390,1043373,3,1540096,65536,4779,829,9,9
27,28339390,1043373,4,3080960,65536,3850,616,9,9
27,28339390,1043373,5,4129792,65536,3570,616,9,9
27,28339390,1043373,6,2097920,16384,3515,605,9,9
28,29382763,1047972,0,13641728,16384,7194,1222,9,9
28,29382763,1047972,1,16797952,4096,5067,1151,9,9
28,29382763,1047972,2,1048320,65536,4869,843,9,9
28,29382763,1047972,3,1540096,65536,4779,829,9,9
28,29382763,1047972,4,3080960,65536,3850,616,9,9
28,29382763,1047972,5,4129792,65536,3570,616,9,9
28,29382763,1047972,6,2097920,16384,3515,605,9,9
32,33581405,1055789,0,13641728,16384,7194,1222,9,9
32,33581405,1055789,1,16797952,4096,5067,1151,9,9
32,33581405,1055789,2,1048320,65536,4869,843,9,9
32,33581405,1055789,3,1540096,65536,4779,829,9,9
32,33581405,1055789,4,3080960,65536,3850,616,9,9
32,33581405,1055789,5,4129792,65536,3570,616,9,9
32,33581405,1055789,6,2097920,16384,3515,605,9,9
33,34637194,1045396,0,13641728,16384,7194,1222,9,9
33,34637194,1045396,1,16797952,4096,5067,1151,9,9
33,34637194,1045396,2,1048320,65536,4869,843,9,9
33,34637194,1045396,3,1540096,65536,4779,829,9,9
33,34637194,1045396,4,3080960,65536,3850,616,9,9
33,34637194,1045396,5,4129792,65536,3570,616,9,9
33,34637194,1045396,6,2097920,16384,3515,605,9,9
35,36735523,1050153,0,13641728,16384,7194,1222,9,9
35,36735523,1050153,1,16797952,4096,5067,1151,9,9
35,36735523,1050153,2,1048320,65536,4869,843,9,9
35,36735523,1050153,3,1540096,65536,4779,829,9,9
35,36735523,1050153,4,3080960,65536,3850,616,9,9
35,36735523,1050153,5,4129792,65536,3570,616,9,9
35,36735523,1050153,6,2097920,16384,3515,605,9,9
38,39887096,1050095,0,13641728,16384,7194,1222,9,9
38,39887096,1050095,1,16797952,4096,5067,1151,9,9
38,39887096,1050095,2,1048320,65536,4869,843,9,9
38,39887096,1050095,3,1540096,65536,4779,829,9,9
38,39887096,1050095,4,3080960,65536,3850,616,9,9
38,39887096,1050095,5,4129792,65536,3570,616,9,9
38,39887096,1050095,6,2097920,16384,3515,605,9,9
41,43034573,1047746,0,42968832,65536,9292,1634,10,10
41,43034573,1047746,1,43017984,16384,8971,1579,10,10
41,43034573,1047746,2,42508288,4096,7432,1694,10,10
42,44082319,1047797,0,13641728,16384,7194,1222,9,9
42,44082319,1047797,1,16797952,4096,5067,1151,9,9
42,44082319,1047797,2,1048320,65536,4869,843,9,9
42,44082319,1047797,3,1540096,65536,4779,829,9,9
42,44082319,1047797,4,3080960,65536,3850,616,9,9
42,44082319,1047797,5,4129792,65536,3570,616,9,9
42,44082319,1047797,6,2097920,16384,3515,605,9,9
43,45130116,1046219,0,13641728,16384,7194,1222,9,9
43,45130116,1046219,1,16797952,4096,5067,1151,9,9
43,45130116,1046219,2,1048320,65536,4869,843,9,9
43,45130116,1046219,3,1540096,65536,4779,829,9,9
43,45130116,1046219,4,3080960,65536,3850,616,9,9
43,45130116,1046219,5,4129792,65536,3570,616,9,9
43,45130116,1046219,6,2097920,16384,3515,605,9,9
44,46176335,1051863,0,40937216,16384,3475,607,6,6
45,47228198,1048609,0,40937216,16384,3475,607,6,6
45,47228198,1048609,1,46669568,65536,2175,379,6,6
45,47228198,1048609,2,46694144,16384,1815,319,6,6
46,48276807,1049791,0,42968832,65536,9292,1634,10,10
46,48276807,1049791,1,43017984,16384,8971,1579,10,10
46,48276807,1049791,2,42508288,4096,7432,1694,10,10
47,49326598,1048518,0,42968832,65536,9292,1634,10,10
47,49326598,1048518,1,43017984,16384,8971,1579,10,10
47,49326598,1048518,2,42508288,4096,7432,1694,10,10
48,50375116,1054429,0,40937216,16384,3475,607,6,6
48,50375116,1054429,1,48260352,16384,2363,411,6,6
48,50375116,1054429,2,46669568,65536,2175,379,6,6
48,50375116,1054429,3,46694144,16384,1815,319,6,6
48,50375116,1054429,4,47719680,65536,1258,200,6,6
49,51429545,1048619,0,40937216,16384,3475,607,6,6
49,51429545,1048619,1,48260352,16384,2363,411,6,6
49,51429545,1048619,2,46669568,65536,2175,379,6,6
49,51429545,1048619,3,46694144,16384,1815,319,6,6
49,51429545,1048619,4,47719680,65536,1258,200,6,6
50,52478164,1048664,0,42968832,65536,9292,1634,10,10
50,52478164,1048664,1,43017984,16384,8971,1579,10,10
50,52478164,1048664,2,42508288,4096,7432,1694,10,10
51,53526828,1047831,0,40937216,16384,3475,607,6,6
51,53526828,1047831,1,48260352,16384,2363,411,6,6
51,53526828,1047831,2,46669568,65536,2175,379,6,6
51,53526828,1047831,3,46694144,16384,1815,319,6,6
51,53526828,1047831,4,47719680,65536,1258,200,6,6
52,54574659,1048408,0,42968832,65536,9292,1634,10,10
52,54574659,1048408,1,43017984,16384,8971,1579,10,10
52,54574659,1048408,2,42508288,4096,7432,1694,10,10
53,55623067,1050822,0,42968832,65536,9292,1634,10,10
53,55623067,1050822,1,43017984,16384,8971,1579,10,10
53,55623067,1050822,2,42508288,4096,7432,1694,10,10
54,56673889,1049159,0,42968832,65536,9292,1634,10,10
54,56673889,1049159,1,43017984,16384,8971,1579,10,10
54,56673889,1049159,2,42508288,4096,7432,1694,10,10
54,56673889,1049159,3,56115712,65536,4513,739,10,10
55,57723048,1049196,0,42968832,65536,9292,1634,10,10
55,57723048,1049196,1,43017984,16384,8971,1579,10,10
55,57723048,1049196,2,42508288,4096,7432,1694,10,10
55,57723048,1049196,3,56115712,65536,4513,739,10,10
56,58772244,1044753,0,40937216,16384,3475,607,6,6
56,58772244,1044753,1,48260352,16384,2363,411,6,6
56,58772244,1044753,2,46669568,65536,2175,379,6,6
56,58772244,1044753,3,46694144,16384,1815,319,6,6
56,58772244,1044753,4,47719680,65536,1258,200,6,6
57,59816997,1047586,0,42968832,65536,9292,1634,10,10
57,59816997,1047586,1,43017984,16384,8971,1579,10,10
57,59816997,1047586,2,42508288,4096,7432,1694,10,10
57,59816997,1047586,3,56115712,65536,4513,739,10,10
58,60864583,1045525,0,40937216,16384,3475,607,6,6
58,60864583,1045525,1,48260352,16384,2363,411,6,6
58,60864583,1045525,2,46669568,65536,2175,379,6,6
58,60864583,1045525,3,46694144,16384,1815,319,6,6
58,60864583,1045525,4,47719680,65536,1258,200,6,6
59,61910108,1051779,0,42968832,65536,9292,1634,10,10
59,61910108,1051779,1,43017984,16384,8971,1579,10,10
59,61910108,1051779,2,42508288,4096,7432,1694,10,10
59,61910108,1051779,3,56115712,65536,4513,739,10,10
60,62961887,1052056,0,40937216,16384,3475,607,6,6
60,62961887,1052056,1,48260352,16384,2363,411,6,6
60,62961887,1052056,2,46669568,65536,2175,379,6,6
60,62961887,1052056,3,46694144,16384,1815,319,6,6
60,62961887,1052056,4,47719680,65536,1258,200,6,6
61,64013943,1049996,0,42968832,65536,9292,1634,10,10
61,64013943,1049996,1,43017984,16384,8971,1579,10,10
61,64013943,1049996,2,42508288,4096,7432,1694,10,10
61,64013943,1049996,3,56115712,65536,4513,739,10,10
61,64013943,1049996,4,62403072,65536,4012,660,10,10
62,65063939,1049331,0,42968832,65536,9292,1634,10,10
62,65063939,1049331,1,43017984,16384,8971,1579,10,10
62,65063939,1049331,2,42508288,4096,7432,1694,10,10
62,65063939,1049331,3,56115712,65536,4513,739,10,10
62,65063939,1049331,4,62403072,65536,4012,660,10,10
63,66113270,1048925,0,42968832,65536,9292,1634,10,10
63,66113270,1048925,1,43017984,16384,8971,1579,10,10
63,66113270,1048925,2,42508288,4096,7432,1694,10,10
63,66113270,1048925,3,56115712,65536,4513,739,10,10
63,66113270,1048925,4,62403072,65536,4012,660,10,10
64,67162195,1048801,0,42968832,65536,9292,1634,10,10
64,67162195,1048801,1,43017984,16384,8971,1579,10,10
64,67162195,1048801,2,42508288,4096,7432,1694,10,10
64,67162195,1048801,3,56115712,65536,4513,739,10,10
64,67162195,1048801,4,62403072,65536,4012,660,10,10
65,68210996,1049294,0,42968832,65536,9292,1634,10,10
65,68210996,1049294,1,43017984,16384,8971,1579,10,10
65,68210996,1049294,2,42508288,4096,7432,1694,10,10
65,68210996,1049294,3,56115712,65536,4513,739,10,10
65,68210996,1049294,4,62403072,65536,4012,660,10,10
66,69260290,1048631,0,42968832,65536,9292,1634,10,10
66,69260290,1048631,1,43017984,16384,8971,1579,10,10
66,69260290,1048631,2,42508288,4096,7432,1694,10,10
66,69260290,1048631,3,56115712,65536,4513,739,10,10
66,69260290,1048631,4,62403072,65536,4012,660,10,10
67,70308921,1050169,0,42968832,65536,9292,1634,10,10
67,70308921,1050169,1,43017984,16384,8971,1579,10,10
67,70308921,1050169,2,42508288,4096,7432,1694,10,10
67,70308921,1050169,3,56115712,65536,4513,739,10,10
67,70308921,1050169,4,62403072,65536,4012,660,10,10
68,71359090,1054090,0,42968832,65536,9292,1634,10,10
68,71359090,1054090,1,43017984,16384,8971,1579,10,10
68,71359090,1054090,2,42508288,4096,7432,1694,10,10
68,71359090,1054090,3,56115712,65536,4513,739,10,10
68,71359090,1054090,4,62403072,65536,4012,660,10,10
69,72413180,1048830,0,40937216,16384,3475,607,6,6
69,72413180,1048830,1,48260352,16384,2363,411,6,6
69,72413180,1048830,2,46669568,65536,2175,379,6,6
69,72413180,1048830,3,46694144,16384,1815,319,6,6
69,72413180,1048830,4,47719680,65536,1258,200,6,6
70,73462010,1043106,0,42968832,65536,9292,1634,10,10
70,73462010,1043106,1,43017984,16384,8971,1579,10,10
70,73462010,1043106,2,42508288,4096,7432,1694,10,10
70,73462010,1043106,3,56115712,65536,4513,739,10,10
70,73462010,1043106,4,62403072,65536,4012,660,10,10
71,74505116,1045745,0,42968832,65536,9292,1634,10,10
71,74505116,1045745,1,43017984,16384,8971,1579,10,10
71,74505116,1045745,2,42508288,4096,7432,1694,10,10
71,74505116,1045745,3,56115712,65536,4513,739,10,10
71,74505116,1045745,4,62403072,65536,4012,660,10,10
72,75550861,1049284,0,42968832,65536,9292,1634,10,10
72,75550861,1049284,1,43017984,16384,8971,1579,10,10
72,75550861,1049284,2,42508288,4096,7432,1694,10,10
72,75550861,1049284,3,56115712,65536,4513,739,10,10
72,75550861,1049284,4,62403072,65536,4012,660,10,10
73,76600145,1049404,0,42968832,65536,9292,1634,10,10
73,76600145,1049404,1,43017984,16384,8971,1579,10,10
73,76600145,1049404,2,42508288,4096,7432,1694,10,10
73,76600145,1049404,3,56115712,65536,4513,739,10,10
73,76600145,1049404,4,62403072,65536,4012,660,10,10
74,77649549,1049401,0,40937216,16384,3475,607,6,6
74,77649549,1049401,1,48260352,16384,2363,411,6,6
74,77649549,1049401,2,46669568,65536,2175,379,6,6
74,77649549,1049401,3,46694144,16384,1815,319,6,6
74,77649549,1049401,4,47719680,65536,1258,200,6,6
75,78698950,1050159,0,42968832,65536,9292,1634,10,10
75,78698950,1050159,1,43017984,16384,8971,1579,10,10
75,78698950,1050159,2,42508288,4096,7432,1694,10,10
75,78698950,1050159,3,56115712,65536,4513,739,10,10
75,78698950,1050159,4,62403072,65536,4012,660,10,10
76,79749109,1047971,0,42968832,65536,9292,1634,10,10
76,79749109,1047971,1,43017984,16384,8971,1579,10,10
76,79749109,1047971,2,42508288,4096,7432,1694,10,10
76,79749109,1047971,3,56115712,65536,4513,739,10,10
76,79749109,1047971,4,62403072,65536,4012,660,10,10
77,80797080,1048978,0,42968832,65536,9292,1634,10,10
77,80797080,1048978,1,43017984,16384,8971,1579,10,10
77,80797080,1048978,2,42508288,4096,7432,1694,10,10
77,80797080,1048978,3,56115712,65536,4513,739,10,10
77,80797080,1048978,4,62403072,65536,4012,660,10,10
78,81846058,1049627,0,42968832,65536,9292,1634,10,10
78,81846058,1049627,1,43017984,16384,8971,1579,10,10
78,81846058,1049627,2,42508288,4096,7432,1694,10,10
78,81846058,1049627,3,56115712,65536,4513,739,10,10
78,81846058,1049627,4,62403072,65536,4012,660,10,10
79,82895685,1048835,0,13641728,16384,7194,1222,9,9
79,82895685,1048835,1,16797952,4096,5067,1151,9,9
79,82895685,1048835,2,1048320,65536,4869,843,9,9
79,82895685,1048835,3,1540096,65536,4779,829,9,9
79,82895685,1048835,4,3080960,65536,3850,616,9,9
79,82895685,1048835,5,4129792,65536,3570,616,9,9
79,82895685,1048835,6,2097920,16384,3515,605,9,9
80,83944520,1045011,0,42968832,65536,9292,1634,10,10
80,83944520,1045011,1,43017984,16384,8971,1579,10,10
80,83944520,1045011,2,42508288,4096,7432,1694,10,10
80,83944520,1045011,3,56115712,65536,4513,739,10,10
80,83944520,1045011,4,62403072,65536,4012,660,10,10
81,84989531,1048734,0,42968832,65536,9292,1634,10,10
81,84989531,1048734,1,43017984,16384,8971,1579,10,10
81,84989531,1048734,2,42508288,4096,7432,1694,10,10
81,84989531,1048734,3,56115712,65536,4513,739,10,10
81,84989531,1048734,4,62403072,65536,4012,660,10,10
82,86038265,1049376,0,42968832,65536,9292,1634,10,10
82,86038265,1049376,1,43017984,16384,8971,1579,10,10
82,86038265,1049376,2,42508288,4096,7432,1694,10,10
82,86038265,1049376,3,56115712,65536,4513,739,10,10
82,86038265,1049376,4,62403072,65536,4012,660,10,10
83,87087641,1048959,0,42968832,65536,9292,1634,10,10
83,87087641,1048959,1,43017984,16384,8971,1579,10,10
83,87087641,1048959,2,42508288,4096,7432,1694,10,10
83,87087641,1048959,3,56115712,65536,4513,739,10,10
83,87087641,1048959,4,62403072,65536,4012,660,10,10
84,88136600,1048261,0,42968832,65536,9292,1634,10,10
84,88136600,1048261,1,43017984,16384,8971,1579,10,10
84,88136600,1048261,2,42508288,4096,7432,1694,10,10
84,88136600,1048261,3,56115712,65536,4513,739,10,10
84,88136600,1048261,4,62403072,65536,4012,660,10,10
85,89184861,1050339,0,42968832,65536,9292,1634,10,10
85,89184861,1050339,1,43017984,16384,8971,1579,10,10
85,89184861,1050339,2,42508288,4096,7432,1694,10,10
85,89184861,1050339,3,56115712,65536,4513,739,10,10
85,89184861,1050339,4,62403072,65536,4012,660,10,10
86,90235200,1048918,0,42968832,65536,9292,1634,10,10
86,90235200,1048918,1,43017984,16384,8971,1579,10,10
86,90235200,1048918,2,42508288,4096,7432,1694,10,10
86,90235200,1048918,3,56115712,65536,4513,739,10,10
86,90235200,1048918,4,62403072,65536,4012,660,10,10
88,92334574,1044990,0,91284224,1024,27,5,8,8
89,93379564,1048442,0,42968832,65536,9292,1634,10,10
89,93379564,1048442,1,43017984,16384,8971,1579,10,10
89,93379564,1048442,2,42508288,4096,7432,1694,10,10
89,93379564,1048442,3,56115712,65536,4513,739,10,10
89,93379564,1048442,4,62403072,65536,4012,660,10,10
90,94428006,1047516,0,42968832,65536,9292,1634,10,10
90,94428006,1047516,1,43017984,16384,8971,1579,10,10
90,94428006,1047516,2,42508288,4096,7432,1694,10,10
90,94428006,1047516,3,56115712,65536,4513,739,10,10
90,94428006,1047516,4,62403072,65536,4012,660,10,10
91,95475522,1047783,0,42968832,65536,9292,1634,10,10
91,95475522,1047783,1,43017984,16384,8971,1579,10,10
91,95475522,1047783,2,42508288,4096,7432,1694,10,10
91,95475522,1047783,3,56115712,65536,4513,739,10,10
91,95475522,1047783,4,62403072,65536,4012,660,10,10
92,96523305,1048709,0,42968832,65536,9292,1634,10,10
92,96523305,1048709,1,43017984,16384,8971,1579,10,10
92,96523305,1048709,2,42508288,4096,7432,1694,10,10
92,96523305,1048709,3,56115712,65536,4513,739,10,10
92,96523305,1048709,4,62403072,65536,4012,660,10,10
93,97572014,1047722,0,42968832,65536,9292,1634,10,10
93,97572014,1047722,1,43017984,16384,8971,1579,10,10
93,97572014,1047722,2,42508288,4096,7432,1694,10,10
93,97572014,1047722,3,56115712,65536,4513,739,10,10
93,97572014,1047722,4,62403072,65536,4012,660,10,10
94,98619736,1047395,0,42968832,65536,9292,1634,10,10
94,98619736,1047395,1,43017984,16384,8971,1579,10,10
94,98619736,1047395,2,42508288,4096,7432,1694,10,10
94,98619736,1047395,3,56115712,65536,4513,739,10,10
94,98619736,1047395,4,62403072,65536,4012,660,10,10
95,99667131,1048501,0,42968832,65536,9292,1634,10,10
95,99667131,1048501,1,43017984,16384,8971,1579,10,10
95,99667131,1048501,2,42508288,4096,7432,1694,10,10
95,99667131,1048501,3,56115712,65536,4513,739,10,10
95,99667131,1048501,4,62403072,65536,4012,660,10,10
96,100715632,1046864,0,42968832,65536,9292,1634,10,10
96,100715632,1046864,1,43017984,16384,8971,1579,10,10
96,100715632,1046864,2,42508288,4096,7432,1694,10,10
96,100715632,1046864,3,56115712,65536,4513,739,10,10
96,100715632,1046864,4,62403072,65536,4012,660,10,10
97,101762496,1047087,0,42968832,65536,9292,1634,10,10
97,101762496,1047087,1,43017984,16384,8971,1579,10,10
97,101762496,1047087,2,42508288,4096,7432,1694,10,10
97,101762496,1047087,3,56115712,65536,4513,739,10,10
97,101762496,1047087,4,62403072,65536,4012,660,10,10
98,102809583,1052458,0,42968832,65536,9292,1634,10,10
98,102809583,1052458,1,43017984,16384,8971,1579,10,10
98,102809583,1052458,2,42508288,4096,7432,1694,10,10
98,102809583,1052458,3,56115712,65536,4513,739,10,10
98,102809583,1052458,4,62403072,65536,4012,660,10,10
99,103862041,1048466,0,40937216,16384,3475,607,6,6
99,103862041,1048466,1,48260352,16384,2363,411,6,6
99,103862041,1048466,2,46669568,65536,2175,379,6,6
99,103862041,1048466,3,46694144,16384,1815,319,6,6
99,103862041,1048466,4,47719680,65536,1258,200,6,6
100,104910507,1052545,0,40937216,16384,3475,607,6,6
100,104910507,1052545,1,48260352,16384,2363,411,6,6
100,104910507,1052545,2,46669568,65536,2175,379,6,6
100,104910507,1052545,3,46694144,16384,1815,319,6,6
100,104910507,1052545,4,47719680,65536,1258,200,6,6
101,105963052,1043174,0,40937216,16384,3475,607,6,6
101,105963052,1043174,1,48260352,16384,2363,411,6,6
101,105963052,1043174,2,46669568,65536,2175,379,6,6
101,105963052,1043174,3,46694144,16384,1815,319,6,6
101,105963052,1043174,4,47719680,65536,1258,200,6,6
102,107006226,1047887,0,40937216,16384,3475,607,6,6
102,107006226,1047887,1,48260352,16384,2363,411,6,6
102,107006226,1047887,2,46669568,65536,2175,379,6,6
102,107006226,1047887,3,46694144,16384,1815,319,6,6
102,107006226,1047887,4,47719680,65536,1258,200,6,6
103,108054113,1055045,0,40937216,16384,3475,607,6,6
103,108054113,1055045,1,48260352,16384,2363,411,6,6
103,108054113,1055045,2,46669568,65536,2175,379,6,6
103,108054113,1055045,3,46694144,16384,1815,319,6,6
103,108054113,1055045,4,47719680,65536,1258,200,6,6
104,109109158,1049000,0,42968832,65536,9292,1634,10,10
104,109109158,1049000,1,43017984,16384,8971,1579,10,10
104,109109158,1049000,2,42508288,4096,7432,1694,10,10
104,109109158,1049000,3,56115712,65536,4513,739,10,10
104,109109158,1049000,4,62403072,65536,4012,660,10,10
105,110158158,1049924,0,42968832,65536,9292,1634,10,10
105,110158158,1049924,1,43017984,16384,8971,1579,10,10
105,110158158,1049924,2,42508288,4096,7432,1694,10,10
105,110158158,1049924,3,56115712,65536,4513,739,10,10
105,110158158,1049924,4,62403072,65536,4012,660,10,10
106,111208082,1048061,0,42968832,65536,9292,1634,10,10
106,111208082,1048061,1,43017984,16384,8971,1579,10,10
106,111208082,1048061,2,42508288,4096,7432,1694,10,10
106,111208082,1048061,3,56115712,65536,4513,739,10,10
106,111208082,1048061,4,62403072,65536,4012,660,10,10
107,112256143,1047436,0,40937216,16384,3475,607,6,6
107,112256143,1047436,1,48260352,16384,2363,411,6,6
107,112256143,1047436,2,46669568,65536,2175,379,6,6
107,112256143,1047436,3,46694144,16384,1815,319,6,6
107,112256143,1047436,4,47719680,65536,1258,200,6,6
108,113303579,1052130,0,40937216,16384,3475,607,6,6
108,113303579,1052130,1,48260352,16384,2363,411,6,6
108,113303579,1052130,2,46669568,65536,2175,379,6,6
108,113303579,1052130,3,46694144,16384,1815,319,6,6
108,113303579,1052130,4,47719680,65536,1258,200,6,6
109,114355709,1042596,0,40937216,16384,3475,607,6,6
109,114355709,1042596,1,48260352,16384,2363,411,6,6
109,114355709,1042596,2,46669568,65536,2175,379,6,6
109,114355709,1042596,3,46694144,16384,1815,319,6,6
109,114355709,1042596,4,47719680,65536,1258,200,6,6
110,115398305,1047858,0,40937216,16384,3475,607,6,6
110,115398305,1047858,1,48260352,16384,2363,411,6,6
110,115398305,1047858,2,46669568,65536,2175,379,6,6
110,115398305,1047858,3,46694144,16384,1815,319,6,6
110,115398305,1047858,4,47719680,65536,1258,200,6,6
111,116446163,1044254,0,40937216,16384,3475,607,6,6
111,116446163,1044254,1,48260352,16384,2363,411,6,6
111,116446163,1044254,2,46669568,65536,2175,379,6,6
111,116446163,1044254,3,46694144,16384,1815,319,6,6
111,116446163,1044254,4,47719680,65536,1258,200,6,6
112,117490417,1048143,0,40937216,16384,3475,607,6,6
112,117490417,1048143,1,48260352,16384,2363,411,6,6
112,117490417,1048143,2,46669568,65536,2175,379,6,6
112,117490417,1048143,3,46694144,16384,1815,319,6,6
112,117490417,1048143,4,117424640,65536,1412,244,6,6
112,117490417,1048143,5,47719680,65536,1258,200,6,6
113,118538560,1041394,0,40937216,16384,3475,607,6,6
113,118538560,1041394,1,48260352,16384,2363,411,6,6
113,118538560,1041394,2,46669568,65536,2175,379,6,6
113,118538560,1041394,3,46694144,16384,1815,319,6,6
113,118538560,1041394,4,117424640,65536,1412,244,6,6
113,118538560,1041394,5,47719680,65536,1258,200,6,6
114,119579954,1048210,0,40937216,16384,3475,607,6,6
114,119579954,1048210,1,48260352,16384,2363,411,6,6
114,119579954,1048210,2,46669568,65536,2175,379,6,6
114,119579954,1048210,3,46694144,16384,1815,319,6,6
114,119579954,1048210,4,118538752,16384,1571,273,6,6
114,119579954,1048210,5,117424640,65536,1412,244,6,6
114,119579954,1048210,6,47719680,65536,1258,200,6,6
115,120628164,1047845,0,13641728,16384,7194,1222,9,9
115,120628164,1047845,1,16797952,4096,5067,1151,9,9
115,120628164,1047845,2,1048320,65536,4869,843,9,9
115,120628164,1047845,3,1540096,65536,4779,829,9,9
115,120628164,1047845,4,3080960,65536,3850,616,9,9
115,120628164,1047845,5,4129792,65536,3570,616,9,9
115,120628164,1047845,6,2097920,16384,3515,605,9,9
116,121676009,1048337,0,42968832,65536,9292,1634,10,10
116,121676009,1048337,1,43017984,16384,8971,1579,10,10
116,121676009,1048337,2,42508288,4096,7432,1694,10,10
116,121676009,1048337,3,56115712,65536,4513,739,10,10
116,121676009,1048337,4,62403072,65536,4012,660,10,10
117,122724346,1039846,0,40937216,16384,3475,607,6,6
117,122724346,1039846,1,48260352,16384,2363,411,6,6
117,122724346,1039846,2,46669568,65536,2175,379,6,6
117,122724346,1039846,3,46694144,16384,1815,319,6,6
117,122724346,1039846,4,118538752,16384,1571,273,6,6
117,122724346,1039846,5,117424640,65536,1412,244,6,6
117,122724346,1039846,6,47719680,65536,1258,200,6,6
118,123764192,1047401,0,40937216,16384,3475,607,6,6
118,123764192,1047401,1,48260352,16384,2363,411,6,6
118,123764192,1047401,2,46669568,65536,2175,379,6,6
118,123764192,1047401,3,46694144,16384,1815,319,6,6
118,123764192,1047401,4,118538752,16384,1571,273,6,6
118,123764192,1047401,5,117424640,65536,1412,244,6,6
118,123764192,1047401,6,47719680,65536,1258,200,6,6
119,124811593,1048069,0,42968832,65536,9292,1634,10,10
119,124811593,1048069,1,43017984,16384,8971,1579,10,10
119,124811593,1048069,2,42508288,4096,7432,1694,10,10
119,124811593,1048069,3,56115712,65536,4513,739,10,10
119,124811593,1048069,4,62403072,65536,4012,660,10,10
120,125859662,1047287,0,42968832,65536,9292,1634,10,10
120,125859662,1047287,1,43017984,16384,8971,1579,10,10
120,125859662,1047287,2,42508288,4096,7432,1694,10,10
120,125859662,1047287,3,56115712,65536,4513,739,10,10
120,125859662,1047287,4,62403072,65536,4012,660,10,10
121,126906949,1049127,0,42968832,65536,9292,1634,10,10
121,126906949,1049127,1,43017984,16384,8971,1579,10,10
121,126906949,1049127,2,42508288,4096,7432,1694,10,10
121,126906949,1049127,3,56115712,65536,4513,739,10,10
121,126906949,1049127,4,62403072,65536,4012,660,10,10
122,127956076,1044461,0,42968832,65536,9292,1634,10,10
122,127956076,1044461,1,43017984,16384,8971,1579,10,10
122,127956076,1044461,2,42508288,4096,7432,1694,10,10
122,127956076,1044461,3,56115712,65536,4513,739,10,10
122,127956076,1044461,4,62403072,65536,4012,660,10,10
123,129000537,1042937,0,42968832,65536,9292,1634,10,10
123,129000537,1042937,1,43017984,16384,8971,1579,10,10
123,129000537,1042937,2,42508288,4096,7432,1694,10,10
123,129000537,1042937,3,56115712,65536,4513,739,10,10
123,129000537,1042937,4,62403072,65536,4012,660,10,10
124,130043474,1052565,0,40937216,16384,3475,607,6,6
124,130043474,1052565,1,48260352,16384,2363,411,6,6
124,130043474,1052565,2,46669568,65536,2175,379,6,6
124,130043474,1052565,3,46694144,16384,1815,319,6,6
124,130043474,1052565,4,118538752,16384,1571,273,6,6
124,130043474,1052565,5,117424640,65536,1412,244,6,6
124,130043474,1052565,6,47719680,65536,1258,200,6,6
125,131096039,1047350,0,42968832,65536,9292,1634,10,10
125,131096039,1047350,1,43017984,16384,8971,1579,10,10
125,131096039,1047350,2,42508288,4096,7432,1694,10,10
125,131096039,1047350,3,56115712,65536,4513,739,10,10
125,131096039,1047350,4,62403072,65536,4012,660,10,10
126,132143389,1052809,0,42968832,65536,9292,1634,10,10
126,132143389,1052809,1,43017984,16384,8971,1579,10,10
126,132143389,1052809,2,42508288,4096,7432,1694,10,10
126,132143389,1052809,3,56115712,65536,4513,739,10,10
126,132143389,1052809,4,62403072,65536,4012,660,10,10
127,133196198,1048059,0,42968832,65536,9292,1634,10,10
127,133196198,1048059,1,43017984,16384,8971,1579,10,10
127,133196198,1048059,2,42508288,4096,7432,1694,10,10
127,133196198,1048059,3,56115712,65536,4513,739,10,10
127,133196198,1048059,4,62403072,65536,4012,660,10,10
128,134244257,1053802,0,42968832,65536,9292,1634,10,10
128,134244257,1053802,1,43017984,16384,8971,1579,10,10
128,134244257,1053802,2,42508288,4096,7432,1694,10,10
128,134244257,1053802,3,56115712,65536,4513,739,10,10
128,134244257,1053802,4,62403072,65536,4012,660,10,10
129,135298059,1053942,0,42968832,65536,9292,1634,10,10
129,135298059,1053942,1,43017984,16384,8971,1579,10,10
129,135298059,1053942,2,42508288,4096,7432,1694,10,10
129,135298059,1053942,3,56115712,65536,4513,739,10,10
129,135298059,1053942,4,62403072,65536,4012,660,10,10
130,136352001,1050287,0,13641728,16384,7194,1222,9,9
130,136352001,1050287,1,16797952,4096,5067,1151,9,9
130,136352001,1050287,2,1048320,65536,4869,843,9,9
130,136352001,1050287,3,1540096,65536,4779,829,9,9
130,136352001,1050287,4,3080960,65536,3850,616,9,9
130,136352001,1050287,5,4129792,65536,3570,616,9,9
130,136352001,1050287,6,2097920,16384,3515,605,9,9
131,137402288,1047088,0,13641728,16384,7194,1222,9,9
131,137402288,1047088,1,16797952,4096,5067,1151,9,9
131,137402288,1047088,2,1048320,65536,4869,843,9,9
131,137402288,1047088,3,1540096,65536,4779,829,9,9
131,137402288,1047088,4,3080960,65536,3850,616,9,9
131,137402288,1047088,5,4129792,65536,3570,616,9,9
131,137402288,1047088,6,2097920,16384,3515,605,9,9
132,138449376,1039752,0,13641728,16384,7194,1222,9,9
132,138449376,1039752,1,16797952,4096,5067,1151,9,9
132,138449376,1039752,2,1048320,65536,4869,843,9,9
132,138449376,1039752,3,1540096,65536,4779,829,9,9
132,138449376,1039752,4,3080960,65536,3850,616,9,9
132,138449376,1039752,5,4129792,65536,3570,616,9,9
132,138449376,1039752,6,2097920,16384,3515,605,9,9
133,139489128,1050639,0,42968832,65536,9292,1634,10,10
133,139489128,1050639,1,43017984,16384,8971,1579,10,10
133,139489128,1050639,2,42508288,4096,7432,1694,10,10
133,139489128,1050639,3,56115712,65536,4513,739,10,10
133,139489128,1050639,4,62403072,65536,4012,660,10,10
134,140539767,1048234,0,42968832,65536,9292,1634,10,10
134,140539767,1048234,1,43017984,16384,8971,1579,10,10
134,140539767,1048234,2,42508288,4096,7432,1694,10,10
134,140539767,1048234,3,56115712,65536,4513,739,10,10
134,140539767,1048234,4,62403072,65536,4012,660,10,10
135,141588001,1047941,0,13641728,16384,7194,1222,9,9
135,141588001,1047941,1,16797952,4096,5067,1151,9,9
135,141588001,1047941,2,1048320,65536,4869,843,9,9
135,141588001,1047941,3,1540096,65536,4779,829,9,9
135,141588001,1047941,4,3080960,65536,3850,616,9,9
135,141588001,1047941,5,4129792,65536,3570,616,9,9
135,141588001,1047941,6,2097920,16384,3515,605,9,9
136,142635942,1048683,0,42968832,65536,9292,1634,10,10
136,142635942,1048683,1,43017984,16384,8971,1579,10,10
136,142635942,1048683,2,42508288,4096,7432,1694,10,10
136,142635942,1048683,3,56115712,65536,4513,739,10,10
136,142635942,1048683,4,62403072,65536,4012,660,10,10
137,143684625,1059844,0,13641728,16384,7194,1222,9,9
137,143684625,1059844,1,16797952,4096,5067,1151,9,9
137,143684625,1059844,2,1048320,65536,4869,843,9,9
137,143684625,1059844,3,1540096,65536,4779,829,9,9
137,143684625,1059844,4,3080960,65536,3850,616,9,9
137,143684625,1059844,5,4129792,65536,3570,616,9,9
137,143684625,1059844,6,2097920,16384,3515,605,9,9
138,144744469,1047857,0,13641728,16384,7194,1222,9,9
138,144744469,1047857,1,16797952,4096,5067,1151,9,9
138,144744469,1047857,2,1048320,65536,4869,843,9,9
138,144744469,1047857,3,1540096,65536,4779,829,9,9
138,144744469,1047857,4,3080960,65536,3850,616,9,9
138,144744469,1047857,5,4129792,65536,3570,616,9,9
138,144744469,1047857,6,2097920,16384,3515,605,9,9
139,145792326,1049713,0,13641728,16384,7194,1222,9,9
139,145792326,1049713,1,16797952,4096,5067,1151,9,9
139,145792326,1049713,2,1048320,65536,4869,843,9,9
139,145792326,1049713,3,1540096,65536,4779,829,9,9
139,145792326,1049713,4,3080960,65536,3850,616,9,9
139,145792326,1049713,5,4129792,65536,3570,616,9,9
139,145792326,1049713,6,2097920,16384,3515,605,9,9
140,146842039,1044950,0,13641728,16384,7194,1222,9,9
140,146842039,1044950,1,16797952,4096,5067,1151,9,9
140,146842039,1044950,2,1048320,65536,4869,843,9,9
140,146842039,1044950,3,1540096,65536,4779,829,9,9
140,146842039,1044950,4,3080960,65536,3850,616,9,9
140,146842039,1044950,5,4129792,65536,3570,616,9,9
140,146842039,1044950,6,2097920,16384,3515,605,9,9
141,147886989,1046933,0,42968832,65536,9292,1634,10,10
141,147886989,1046933,1,43017984,16384,8971,1579,10,10
141,147886989,1046933,2,42508288,4096,7432,1694,10,10
141,147886989,1046933,3,56115712,65536,4513,739,10,10
141,147886989,1046933,4,62403072,65536,4012,660,10,10
141,147886989,1046933,5,143680512,4096,3827,881,10,10
142,148933922,1051128,0,40937216,16384,3475,607,6,6
142,148933922,1051128,1,48260352,16384,2363,411,6,6
142,148933922,1051128,2,46669568,65536,2175,379,6,6
142,148933922,1051128,3,46694144,16384,1815,319,6,6
142,148933922,1051128,4,118538752,16384,1571,273,6,6
142,148933922,1051128,5,117424640,65536,1412,244,6,6
142,148933922,1051128,6,47719680,65536,1258,200,6,6
143,149985050,1044901,0,13641728,16384,7194,1222,9,9
143,149985050,1044901,1,16797952,4096,5067,1151,9,9
143,149985050,1044901,2,1048320,65536,4869,843,9,9
143,149985050,1044901,3,1540096,65536,4779,829,9,9
143,149985050,1044901,4,3080960,65536,3850,616,9,9
143,149985050,1044901,5,4129792,65536,3570,616,9,9
143,149985050,1044901,6,2097920,16384,3515,605,9,9
144,151029951,1040616,0,13641728,16384,7194,1222,9,9
144,151029951,1040616,1,16797952,4096,5067,1151,9,9
144,151029951,1040616,2,1048320,65536,4869,843,9,9
144,151029951,1040616,3,1540096,65536,4779,829,9,9
144,151029951,1040616,4,3080960,65536,3850,616,9,9
144,151029951,1040616,5,4129792,65536,3570,616,9,9
144,151029951,1040616,6,2097920,16384,3515,605,9,9
145,152070567,1048142,0,13641728,16384,7194,1222,9,9
145,152070567,1048142,1,16797952,4096,5067,1151,9,9
145,152070567,1048142,2,1048320,65536,4869,843,9,9
145,152070567,1048142,3,1540096,65536,4779,829,9,9
145,152070567,1048142,4,3080960,65536,3850,616,9,9
145,152070567,1048142,5,4129792,65536,3570,616,9,9
145,152070567,1048142,6,2097920,16384,3515,605,9,9
146,153118709,1046941,0,13641728,16384,7194,1222,9,9
146,153118709,1046941,1,16797952,4096,5067,1151,9,9
146,153118709,1046941,2,1048320,65536,4869,843,9,9
146,153118709,1046941,3,1540096,65536,4779,829,9,9
146,153118709,1046941,4,3080960,65536,3850,616,9,9
146,153118709,1046941,5,4129792,65536,3570,616,9,9
146,153118709,1046941,6,2097920,16384,3515,605,9,9
147,154165650,1049166,0,13641728,16384,7194,1222,9,9
147,154165650,1049166,1,16797952,4096,5067,1151,9,9
147,154165650,1049166,2,1048320,65536,4869,843,9,9
147,154165650,1049166,3,1540096,65536,4779,829,9,9
147,154165650,1049166,4,3080960,65536,3850,616,9,9
147,154165650,1049166,5,4129792,65536,3570,616,9,9
147,154165650,1049166,6,2097920,16384,3515,605,9,9
148,155214816,1048578,0,13641728,16384,7194,1222,9,9
148,155214816,1048578,1,16797952,4096,5067,1151,9,9
148,155214816,1048578,2,1048320,65536,4869,843,9,9
148,155214816,1048578,3,1540096,65536,4779,829,9,9
148,155214816,1048578,4,3080960,65536,3850,616,9,9
148,155214816,1048578,5,4129792,65536,3570,616,9,9
148,155214816,1048578,6,2097920,16384,3515,605,9,9
149,156263394,1050649,0,13641728,16384,7194,1222,9,9
149,156263394,1050649,1,16797952,4096,5067,1151,9,9
149,156263394,1050649,2,1048320,65536,4869,843,9,9
149,156263394,1050649,3,1540096,65536,4779,829,9,9
149,156263394,1050649,4,3080960,65536,3850,616,9,9
149,156263394,1050649,5,4129792,65536,3570,616,9,9
149,156263394,1050649,6,2097920,16384,3515,605,9,9
150,157314043,1046398,0,13641728,16384,7194,1222,9,9
150,157314043,1046398,1,16797952,4096,5067,1151,9,9
150,157314043,1046398,2,1048320,65536,4869,843,9,9
150,157314043,1046398,3,1540096,65536,4779,829,9,9
150,157314043,1046398,4,3080960,65536,3850,616,9,9
150,157314043,1046398,5,4129792,65536,3570,616,9,9
150,157314043,1046398,6,2097920,16384,3515,605,9,9
151,158360441,1048546,0,13641728,16384,7194,1222,9,9
151,158360441,1048546,1,16797952,4096,5067,1151,9,9
151,158360441,1048546,2,1048320,65536,4869,843,9,9
151,158360441,1048546,3,1540096,65536,4779,829,9,9
151,158360441,1048546,4,3080960,65536,3850,616,9,9
151,158360441,1048546,5,4129792,65536,3570,616,9,9
151,158360441,1048546,6,2097920,16384,3515,605,9,9
152,159408987,1048203,0,13641728,16384,7194,1222,9,9
152,159408987,1048203,1,16797952,4096,5067,1151,9,9
152,159408987,1048203,2,1048320,65536,4869,843,9,9
152,159408987,1048203,3,1540096,65536,4779,829,9,9
152,159408987,1048203,4,3080960,65536,3850,616,9,9
152,159408987,1048203,5,4129792,65536,3570,616,9,9
152,159408987,1048203,6,2097920,16384,3515,605,9,9
153,160457190,1049443,0,13641728,16384,7194,1222,9,9
153,160457190,1049443,1,16797952,4096,5067,1151,9,9
153,160457190,1049443,2,1048320,65536,4869,843,9,9
153,160457190,1049443,3,1540096,65536,4779,829,9,9
153,160457190,1049443,4,3080960,65536,3850,616,9,9
153,160457190,1049443,5,4129792,65536,3570,616,9,9
153,160457190,1049443,6,2097920,16384,3515,605,9,9
154,161506633,1047273,0,13641728,16384,7194,1222,9,9
154,161506633,1047273,1,16797952,4096,5067,1151,9,9
154,161506633,1047273,2,1048320,65536,4869,843,9,9
154,161506633,1047273,3,1540096,65536,4779,829,9,9
154,161506633,1047273,4,3080960,65536,3850,616,9,9
154,161506633,1047273,5,4129792,65536,3570,616,9,9
154,161506633,1047273,6,2097920,16384,3515,605,9,9
155,162553906,1047278,0,13641728,16384,7194,1222,9,9
155,162553906,1047278,1,16797952,4096,5067,1151,9,9
155,162553906,1047278,2,1048320,65536,4869,843,9,9
155,162553906,1047278,3,1540096,65536,4779,829,9,9
155,162553906,1047278,4,3080960,65536,3850,616,9,9
155,162553906,1047278,5,4129792,65536,3570,616,9,9
155,162553906,1047278,6,2097920,16384,3515,605,9,9
156,163601184,1044809,0,13641728,16384,7194,1222,9,9
156,163601184,1044809,1,16797952,4096,5067,1151,9,9
156,163601184,1044809,2,1048320,65536,4869,843,9,9
156,163601184,1044809,3,1540096,65536,4779,829,9,9
156,163601184,1044809,4,3080960,65536,3850,616,9,9
156,163601184,1044809,5,4129792,65536,3570,616,9,9
156,163601184,1044809,6,2097920,16384,3515,605,9,9
157,164645993,1046364,0,13641728,16384,7194,1222,9,9
157,164645993,1046364,1,16797952,4096,5067,1151,9,9
157,164645993,1046364,2,1048320,65536,4869,843,9,9
157,164645993,1046364,3,1540096,65536,4779,829,9,9
157,164645993,1046364,4,3080960,65536,3850,616,9,9
157,164645993,1046364,5,4129792,65536,3570,616,9,9
157,164645993,1046364,6,2097920,16384,3515,605,9,9
158,165692357,1048654,0,13641728,16384,7194,1222,9,9
158,165692357,1048654,1,16797952,4096,5067,1151,9,9
158,165692357,1048654,2,1048320,65536,4869,843,9,9
158,165692357,1048654,3,1540096,65536,4779,829,9,9
158,165692357,1048654,4,3080960,65536,3850,616,9,9
158,165692357,1048654,5,4129792,65536,3570,616,9,9
158,165692357,1048654,6,2097920,16384,3515,605,9,9
159,166741011,1051639,0,13641728,16384,7194,1222,9,9
159,166741011,1051639,1,16797952,4096,5067,1151,9,9
159,166741011,1051639,2,1048320,65536,4869,843,9,9
159,166741011,1051639,3,1540096,65536,4779,829,9,9
159,166741011,1051639,4,3080960,65536,3850,616,9,9
159,166741011,1051639,5,4129792,65536,3570,616,9,9
159,166741011,1051639,6,2097920,16384,3515,605,9,9
160,167792650,1046187,0,13641728,16384,7194,1222,9,9
160,167792650,1046187,1,16797952,4096,5067,1151,9,9
160,167792650,1046187,2,1048320,65536,4869,843,9,9
160,167792650,1046187,3,1540096,65536,4779,829,9,9
160,167792650,1046187,4,3080960,65536,3850,616,9,9
160,167792650,1046187,5,4129792,65536,3570,616,9,9
160,167792650,1046187,6,2097920,16384,3515,605,9,9
161,168838837,1043875,0,13641728,16384,7194,1222,9,9
161,168838837,1043875,1,16797952,4096,5067,1151,9,9
161,168838837,1043875,2,1048320,65536,4869,843,9,9
161,168838837,1043875,3,1540096,65536,4779,829,9,9
161,168838837,1043875,4,3080960,65536,3850,616,9,9
161,168838837,1043875,5,4129792,65536,3570,616,9,9
161,168838837,1043875,6,2097920,16384,3515,605,9,9
162,169882712,1048075,0,13641728,16384,7194,1222,9,9
162,169882712,1048075,1,16797952,4096,5067,1151,9,9
162,169882712,1048075,2,1048320,65536,4869,843,9,9
162,169882712,1048075,3,1540096,65536,4779,829,9,9
162,169882712,1048075,4,3080960,65536,3850,616,9,9
162,169882712,1048075,5,4129792,65536,3570,616,9,9
162,169882712,1048075,6,2097920,16384,3515,605,9,9
163,170930787,1044859,0,13641728,16384,7194,1222,9,9
163,170930787,1044859,1,16797952,4096,5067,1151,9,9
163,170930787,1044859,2,1048320,65536,4869,843,9,9
163,170930787,1044859,3,1540096,65536,4779,829,9,9
163,170930787,1044859,4,3080960,65536,3850,616,9,9
163,170930787,1044859,5,4129792,65536,3570,616,9,9
163,170930787,1044859,6,2097920,16384,3515,605,9,9
164,171975646,1049530,0,42968832,65536,9292,1634,10,10
164,171975646,1049530,1,43017984,16384,8971,1579,10,10
164,171975646,1049530,2,42508288,4096,7432,1694,10,10
164,171975646,1049530,3,56115712,65536,4513,739,10,10
164,171975646,1049530,4,62403072,65536,4012,660,10,10
164,171975646,1049530,5,143680512,4096,3827,881,10,10
165,173025176,1048648,0,13641728,16384,7194,1222,9,9
165,173025176,1048648,1,16797952,4096,5067,1151,9,9
165,173025176,1048648,2,1048320,65536,4869,843,9,9
165,173025176,1048648,3,1540096,65536,4779,829,9,9
165,173025176,1048648,4,3080960,65536,3850,616,9,9
165,173025176,1048648,5,4129792,65536,3570,616,9,9
165,173025176,1048648,6,2097920,16384,3515,605,9,9
166,174073824,1037472,0,13641728,16384,7194,1222,9,9
166,174073824,1037472,1,16797952,4096,5067,1151,9,9
166,174073824,1037472,2,1048320,65536,4869,843,9,9
166,174073824,1037472,3,1540096,65536,4779,829,9,9
166,174073824,1037472,4,3080960,65536,3850,616,9,9
166,174073824,1037472,5,4129792,65536,3570,616,9,9
166,174073824,1037472,6,2097920,16384,3515,605,9,9
167,175111296,1052652,0,13641728,16384,7194,1222,9,9
167,175111296,1052652,1,16797952,4096,5067,1151,9,9
167,175111296,1052652,2,1048320,65536,4869,843,9,9
167,175111296,1052652,3,1540096,65536,4779,829,9,9
167,175111296,1052652,4,3080960,65536,3850,616,9,9
167,175111296,1052652,5,4129792,65536,3570,616,9,9
167,175111296,1052652,6,2097920,16384,3515,605,9,9
168,176163948,1030724,0,42968832,65536,9292,1634,10,10
168,176163948,1030724,1,43017984,16384,8971,1579,10,10
168,176163948,1030724,2,42508288,4096,7432,1694,10,10
168,176163948,1030724,3,56115712,65536,4513,739,10,10
168,176163948,1030724,4,62403072,65536,4012,660,10,10
168,176163948,1030724,5,143680512,4096,3827,881,10,10
169,177194672,1049078,0,13641728,16384,7194,1222,9,9
169,177194672,1049078,1,16797952,4096,5067,1151,9,9
169,177194672,1049078,2,1048320,65536,4869,843,9,9
169,177194672,1049078,3,1540096,65536,4779,829,9,9
169,177194672,1049078,4,3080960,65536,3850,616,9,9
169,177194672,1049078,5,4129792,65536,3570,616,9,9
169,177194672,1049078,6,2097920,16384,3515,605,9,9
170,178243750,1052178,0,13641728,16384,7194,1222,9,9
170,178243750,1052178,1,16797952,4096,5067,1151,9,9
170,178243750,1052178,2,1048320,65536,4869,843,9,9
170,178243750,1052178,3,1540096,65536,4779,829,9,9
170,178243750,1052178,4,3080960,65536,3850,616,9,9
170,178243750,1052178,5,4129792,65536,3570,616,9,9
170,178243750,1052178,6,2097920,16384,3515,605,9,9
171,179295928,1047324,0,13641728,16384,7194,1222,9,9
171,179295928,1047324,1,16797952,4096,5067,1151,9,9
171,179295928,1047324,2,1048320,65536,4869,843,9,9
171,179295928,1047324,3,1540096,65536,4779,829,9,9
171,179295928,1047324,4,3080960,65536,3850,616,9,9
171,179295928,1047324,5,4129792,65536,3570,616,9,9
171,179295928,1047324,6,2097920,16384,3515,605,9,9
172,180343252,1042821,0,13641728,16384,7194,1222,9,9
172,180343252,1042821,1,16797952,4096,5067,1151,9,9
172,180343252,1042821,2,1048320,65536,4869,843,9,9
172,180343252,1042821,3,1540096,65536,4779,829,9,9
172,180343252,1042821,4,3080960,65536,3850,616,9,9
172,180343252,1042821,5,4129792,65536,3570,616,9,9
172,180343252,1042821,6,2097920,16384,3515,605,9,9
173,181386073,1052237,0,13641728,16384,7194,1222,9,9
173,181386073,1052237,1,16797952,4096,5067,1151,9,9
173,181386073,1052237,2,1048320,65536,4869,843,9,9
173,181386073,1052237,3,1540096,65536,4779,829,9,9
173,181386073,1052237,4,3080960,65536,3850,616,9,9
173,181386073,1052237,5,4129792,65536,3570,616,9,9
173,181386073,1052237,6,2097920,16384,3515,605,9,9
174,182438310,1048420,0,13641728,16384,7194,1222,9,9
174,182438310,1048420,1,16797952,4096,5067,1151,9,9
174,182438310,1048420,2,1048320,65536,4869,843,9,9
174,182438310,1048420,3,1540096,65536,4779,829,9,9
174,182438310,1048420,4,3080960,65536,3850,616,9,9
174,182438310,1048420,5,4129792,65536,3570,616,9,9
174,182438310,1048420,6,2097920,16384,3515,605,9,9
175,183486730,1046059,0,13641728,16384,7194,1222,9,9
175,183486730,1046059,1,16797952,4096,5067,1151,9,9
175,183486730,1046059,2,1048320,65536,4869,843,9,9
175,183486730,1046059,3,1540096,65536,4779,829,9,9
175,183486730,1046059,4,3080960,65536,3850,616,9,9
175,183486730,1046059,5,4129792,65536,3570,616,9,9
175,183486730,1046059,6,2097920,16384,3515,605,9,9
176,184532789,1042547,0,13641728,16384,7194,1222,9,9
176,184532789,1042547,1,16797952,4096,5067,1151,9,9
176,184532789,1042547,2,1048320,65536,4869,843,9,9
176,184532789,1042547,3,1540096,65536,4779,829,9,9
176,184532789,1042547,4,3080960,65536,3850,616,9,9
176,184532789,1042547,5,4129792,65536,3570,616,9,9
176,184532789,1042547,6,2097920,16384,3515,605,9,9
177,185575336,1045763,0,13641728,16384,7194,1222,9,9
177,185575336,1045763,1,16797952,4096,5067,1151,9,9
177,185575336,1045763,2,1048320,65536,4869,843,9,9
177,185575336,1045763,3,1540096,65536,4779,829,9,9
177,185575336,1045763,4,3080960,65536,3850,616,9,9
177,185575336,1045763,5,4129792,65536,3570,616,9,9
177,185575336,1045763,6,2097920,16384,3515,605,9,9
178,186621099,1049227,0,42968832,65536,9292,1634,10,10
178,186621099,1049227,1,43017984,16384,8971,1579,10,10
178,186621099,1049227,2,42508288,4096,7432,1694,10,10
178,186621099,1049227,3,56115712,65536,4513,739,10,10
178,186621099,1049227,4,62403072,65536,4012,660,10,10
178,186621099,1049227,5,143680512,4096,3827,881,10,10
179,187670326,1039704,0,13641728,16384,7194,1222,9,9
179,187670326,1039704,1,16797952,4096,5067,1151,9,9
179,187670326,1039704,2,1048320,65536,4869,843,9,9
179,187670326,1039704,3,1540096,65536,4779,829,9,9
179,187670326,1039704,4,3080960,65536,3850,616,9,9
179,187670326,1039704,5,4129792,65536,3570,616,9,9
179,187670326,1039704,6,2097920,16384,3515,605,9,9
180,188710030,1048350,0,42968832,65536,9292,1634,10,10
180,188710030,1048350,1,43017984,16384,8971,1579,10,10
180,188710030,1048350,2,42508288,4096,7432,1694,10,10
180,188710030,1048350,3,56115712,65536,4513,739,10,10
180,188710030,1048350,4,62403072,65536,4012,660,10,10
180,188710030,1048350,5,143680512,4096,3827,881,10,10
181,189758380,1048434,0,40937216,16384,3475,607,6,6
181,189758380,1048434,1,48260352,16384,2363,411,6,6
181,189758380,1048434,2,46669568,65536,2175,379,6,6
181,189758380,1048434,3,46694144,16384,1815,319,6,6
181,189758380,1048434,4,118538752,16384,1571,273,6,6
181,189758380,1048434,5,117424640,65536,1412,244,6,6
181,189758380,1048434,6,47719680,65536,1258,200,6,6
182,190806814,1045886,0,42968832,65536,9292,1634,10,10
182,190806814,1045886,1,43017984,16384,8971,1579,10,10
182,190806814,1045886,2,42508288,4096,7432,1694,10,10
182,190806814,1045886,3,56115712,65536,4513,739,10,10
182,190806814,1045886,4,62403072,65536,4012,660,10,10
182,190806814,1045886,5,143680512,4096,3827,881,10,10
183,191852700,1047401,0,42968832,65536,9292,1634,10,10
183,191852700,1047401,1,43017984,16384,8971,1579,10,10
183,191852700,1047401,2,42508288,4096,7432,1694,10,10
183,191852700,1047401,3,56115712,65536,4513,739,10,10
183,191852700,1047401,4,62403072,65536,4012,660,10,10
183,191852700,1047401,5,143680512,4096,3827,881,10,10
184,192900101,1047633,0,13641728,16384,7194,1222,9,9
184,192900101,1047633,1,16797952,4096,5067,1151,9,9
184,192900101,1047633,2,1048320,65536,4869,843,9,9
184,192900101,1047633,3,1540096,65536,4779,829,9,9
184,192900101,1047633,4,3080960,65536,3850,616,9,9
184,192900101,1047633,5,4129792,65536,3570,616,9,9
184,192900101,1047633,6,2097920,16384,3515,605,9,9
185,193947734,1051812,0,13641728,16384,7194,1222,9,9
185,193947734,1051812,1,16797952,4096,5067,1151,9,9
185,193947734,1051812,2,1048320,65536,4869,843,9,9
185,193947734,1051812,3,1540096,65536,4779,829,9,9
185,193947734,1051812,4,3080960,65536,3850,616,9,9
185,193947734,1051812,5,4129792,65536,3570,616,9,9
185,193947734,1051812,6,2097920,16384,3515,605,9,9
186,194999546,1050949,0,13641728,16384,7194,1222,9,9
186,194999546,1050949,1,16797952,4096,5067,1151,9,9
186,194999546,1050949,2,1048320,65536,4869,843,9,9
186,194999546,1050949,3,1540096,65536,4779,829,9,9
186,194999546,1050949,4,3080960,65536,3850,616,9,9
186,194999546,1050949,5,4129792,65536,3570,616,9,9
186,194999546,1050949,6,2097920,16384,3515,605,9,9
187,196050495,1045237,0,13641728,16384,7194,1222,9,9
187,196050495,1045237,1,16797952,4096,5067,1151,9,9
187,196050495,1045237,2,1048320,65536,4869,843,9,9
187,196050495,1045237,3,1540096,65536,4779,829,9,9
187,196050495,1045237,4,3080960,65536,3850,616,9,9
187,196050495,1045237,5,4129792,65536,3570,616,9,9
187,196050495,1045237,6,2097920,16384,3515,605,9,9
188,197095732,1052115,0,42968832,65536,9292,1634,10,10
188,197095732,1052115,1,43017984,16384,8971,1579,10,10
188,197095732,1052115,2,42508288,4096,7432,1694,10,10
188,197095732,1052115,3,56115712,65536,4513,739,10,10
188,197095732,1052115,4,62403072,65536,4012,660,10,10
188,197095732,1052115,5,143680512,4096,3827,881,10,10
189,198147847,1049372,0,40937216,16384,3475,607,6,6
189,198147847,1049372,1,48260352,16384,2363,411,6,6
189,198147847,1049372,2,46669568,65536,2175,379,6,6
189,198147847,1049372,3,46694144,16384,1815,319,6,6
189,198147847,1049372,4,118538752,16384,1571,273,6,6
189,198147847,1049372,5,117424640,65536,1412,244,6,6
189,198147847,1049372,6,47719680,65536,1258,200,6,6
190,199197219,1048394,0,42968832,65536,9292,1634,10,10
190,199197219,1048394,1,43017984,16384,8971,1579,10,10
190,199197219,1048394,2,42508288,4096,7432,1694,10,10
190,199197219,1048394,3,56115712,65536,4513,739,10,10
190,199197219,1048394,4,62403072,65536,4012,660,10,10
190,199197219,1048394,5,143680512,4096,3827,881,10,10
191,200245613,1048239,0,40937216,16384,3475,607,6,6
191,200245613,1048239,1,48260352,16384,2363,411,6,6
191,200245613,1048239,2,46669568,65536,2175,379,6,6
191,200245613,1048239,3,46694144,16384,1815,319,6,6
191,200245613,1048239,4,118538752,16384,1571,273,6,6
191,200245613,1048239,5,117424640,65536,1412,244,6,6
191,200245613,1048239,6,47719680,65536,1258,200,6,6
192,201293852,1047487,0,40937216,16384,3475,607,6,6
192,201293852,1047487,1,48260352,16384,2363,411,6,6
192,201293852,1047487,2,46669568,65536,2175,379,6,6
192,201293852,1047487,3,46694144,16384,1815,319,6,6
192,201293852,1047487,4,118538752,16384,1571,273,6,6
192,201293852,1047487,5,117424640,65536,1412,244,6,6
192,201293852,1047487,6,47719680,65536,1258,200,6,6
193,202341339,1048350,0,42968832,65536,9292,1634,10,10
193,202341339,1048350,1,43017984,16384,8971,1579,10,10
193,202341339,1048350,2,42508288,4096,7432,1694,10,10
193,202341339,1048350,3,56115712,65536,4513,739,10,10
193,202341339,1048350,4,62403072,65536,4012,660,10,10
193,202341339,1048350,5,143680512,4096,3827,881,10,10
194,203389689,1048976,0,42968832,65536,9292,1634,10,10
194,203389689,1048976,1,43017984,16384,8971,1579,10,10
194,203389689,1048976,2,42508288,4096,7432,1694,10,10
194,203389689,1048976,3,56115712,65536,4513,739,10,10
194,203389689,1048976,4,62403072,65536,4012,660,10,10
194,203389689,1048976,5,143680512,4096,3827,881,10,10
195,204438665,1048128,0,42968832,65536,9292,1634,10,10
195,204438665,1048128,1,43017984,16384,8971,1579,10,10
195,204438665,1048128,2,42508288,4096,7432,1694,10,10
195,204438665,1048128,3,56115712,65536,4513,739,10,10
195,204438665,1048128,4,62403072,65536,4012,660,10,10
195,204438665,1048128,5,143680512,4096,3827,881,10,10
196,205486793,1041362,0,42968832,65536,9292,1634,10,10
196,205486793,1041362,1,43017984,16384,8971,1579,10,10
196,205486793,1041362,2,42508288,4096,7432,1694,10,10
196,205486793,1041362,3,56115712,65536,4513,739,10,10
196,205486793,1041362,4,62403072,65536,4012,660,10,10
196,205486793,1041362,5,143680512,4096,3827,881,10,10
197,206528155,1049722,0,42968832,65536,9292,1634,10,10
197,206528155,1049722,1,43017984,16384,8971,1579,10,10
197,206528155,1049722,2,42508288,4096,7432,1694,10,10
197,206528155,1049722,3,56115712,65536,4513,739,10,10
197,206528155,1049722,4,62403072,65536,4012,660,10,10
197,206528155,1049722,5,143680512,4096,3827,881,10,10
198,207577877,1047909,0,42968832,65536,9292,1634,10,10
198,207577877,1047909,1,43017984,16384,8971,1579,10,10
198,207577877,1047909,2,42508288,4096,7432,1694,10,10
198,207577877,1047909,3,56115712,65536,4513,739,10,10
198,207577877,1047909,4,62403072,65536,4012,660,10,10
198,207577877,1047909,5,143680512,4096,3827,881,10,10
199,208625786,1049940,0,42968832,65536,9292,1634,10,10
199,208625786,1049940,1,43017984,16384,8971,1579,10,10
199,208625786,1049940,2,42508288,4096,7432,1694,10,10
199,208625786,1049940,3,56115712,65536,4513,739,10,10
199,208625786,1049940,4,62403072,65536,4012,660,10,10
199,208625786,1049940,5,143680512,4096,3827,881,10,10
200,209675726,1047286,0,42968832,65536,9292,1634,10,10
200,209675726,1047286,1,43017984,16384,8971,1579,10,10
200,209675726,1047286,2,42508288,4096,7432,1694,10,10
200,209675726,1047286,3,56115712,65536,4513,739,10,10
200,209675726,1047286,4,62403072,65536,4012,660,10,10
200,209675726,1047286,5,143680512,4096,3827,881,10,10
201,210723012,1051312,0,13641728,16384,7194,1222,9,9
201,210723012,1051312,1,16797952,4096,5067,1151,9,9
201,210723012,1051312,2,1048320,65536,4869,843,9,9
201,210723012,1051312,3,1540096,65536,4779,829,9,9
201,210723012,1051312,4,3080960,65536,3850,616,9,9
201,210723012,1051312,5,4129792,65536,3570,616,9,9
201,210723012,1051312,6,2097920,16384,3515,605,9,9
202,211774324,1049489,0,42968832,65536,9292,1634,10,10
202,211774324,1049489,1,43017984,16384,8971,1579,10,10
202,211774324,1049489,2,42508288,4096,7432,1694,10,10
202,211774324,1049489,3,56115712,65536,4513,739,10,10
202,211774324,1049489,4,62403072,65536,4012,660,10,10
202,211774324,1049489,5,143680512,4096,3827,881,10,10
203,212823813,1047894,0,42968832,65536,9292,1634,10,10
203,212823813,1047894,1,43017984,16384,8971,1579,10,10
203,212823813,1047894,2,42508288,4096,7432,1694,10,10
203,212823813,1047894,3,56115712,65536,4513,739,10,10
203,212823813,1047894,4,62403072,65536,4012,660,10,10
203,212823813,1047894,5,143680512,4096,3827,881,10,10
204,213871707,1048295,0,40937216,16384,3475,607,6,6
204,213871707,1048295,1,48260352,16384,2363,411,6,6
204,213871707,1048295,2,46669568,65536,2175,379,6,6
204,213871707,1048295,3,46694144,16384,1815,319,6,6
204,213871707,1048295,4,118538752,16384,1571,273,6,6
204,213871707,1048295,5,117424640,65536,1412,244,6,6
204,213871707,1048295,6,47719680,65536,1258,200,6,6
205,214920002,1050963,0,42968832,65536,9292,1634,10,10
205,214920002,1050963,1,43017984,16384,8971,1579,10,10
205,214920002,1050963,2,42508288,4096,7432,1694,10,10
205,214920002,1050963,3,56115712,65536,4513,739,10,10
205,214920002,1050963,4,62403072,65536,4012,660,10,10
205,214920002,1050963,5,143680512,4096,3827,881,10,10
206,215970965,1044906,0,40937216,16384,3475,607,6,6
206,215970965,1044906,1,48260352,16384,2363,411,6,6
206,215970965,1044906,2,46669568,65536,2175,379,6,6
206,215970965,1044906,3,46694144,16384,1815,319,6,6
206,215970965,1044906,4,118538752,16384,1571,273,6,6
206,215970965,1044906,5,117424640,65536,1412,244,6,6
206,215970965,1044906,6,47719680,65536,1258,200,6,6
207,217015871,1047427,0,40937216,16384,3475,607,6,6
207,217015871,1047427,1,48260352,16384,2363,411,6,6
207,217015871,1047427,2,46669568,65536,2175,379,6,6
207,217015871,1047427,3,46694144,16384,1815,319,6,6
207,217015871,1047427,4,118538752,16384,1571,273,6,6
207,217015871,1047427,5,117424640,65536,1412,244,6,6
207,217015871,1047427,6,47719680,65536,1258,200,6,6
208,218063298,1047259,0,42968832,65536,9292,1634,10,10
208,218063298,1047259,1,43017984,16384,8971,1579,10,10
208,218063298,1047259,2,42508288,4096,7432,1694,10,10
208,218063298,1047259,3,56115712,65536,4513,739,10,10
208,218063298,1047259,4,62403072,65536,4012,660,10,10
208,218063298,1047259,5,143680512,4096,3827,881,10,10
209,219110557,1046057,0,40937216,16384,3475,607,6,6
209,219110557,1046057,1,48260352,16384,2363,411,6,6
209,219110557,1046057,2,46669568,65536,2175,379,6,6
209,219110557,1046057,3,46694144,16384,1815,319,6,6
209,219110557,1046057,4,118538752,16384,1571,273,6,6
209,219110557,1046057,5,117424640,65536,1412,244,6,6
209,219110557,1046057,6,47719680,65536,1258,200,6,6
210,220156614,1044679,0,13641728,16384,7194,1222,9,9
210,220156614,1044679,1,16797952,4096,5067,1151,9,9
210,220156614,1044679,2,1048320,65536,4869,843,9,9
210,220156614,1044679,3,1540096,65536,4779,829,9,9
210,220156614,1044679,4,3080960,65536,3850,616,9,9
210,220156614,1044679,5,4129792,65536,3570,616,9,9
210,220156614,1044679,6,2097920,16384,3515,605,9,9
211,221201293,1047999,0,40937216,16384,3475,607,6,6
211,221201293,1047999,1,48260352,16384,2363,411,6,6
211,221201293,1047999,2,46669568,65536,2175,379,6,6
211,221201293,1047999,3,46694144,16384,1815,319,6,6
211,221201293,1047999,4,118538752,16384,1571,273,6,6
211,221201293,1047999,5,117424640,65536,1412,244,6,6
211,221201293,1047999,6,47719680,65536,1258,200,6,6
212,222249292,1048210,0,42968832,65536,9292,1634,10,10
212,222249292,1048210,1,43017984,16384,8971,1579,10,10
212,222249292,1048210,2,42508288,4096,7432,1694,10,10
212,222249292,1048210,3,56115712,65536,4513,739,10,10
212,222249292,1048210,4,62403072,65536,4012,660,10,10
212,222249292,1048210,5,143680512,4096,3827,881,10,10
213,223297502,1048685,0,42968832,65536,9292,1634,10,10
213,223297502,1048685,1,43017984,16384,8971,1579,10,10
213,223297502,1048685,2,42508288,4096,7432,1694,10,10
213,223297502,1048685,3,56115712,65536,4513,739,10,10
213,223297502,1048685,4,62403072,65536,4012,660,10,10
213,223297502,1048685,5,143680512,4096,3827,881,10,10
214,224346187,1047114,0,42968832,65536,9292,1634,10,10
214,224346187,1047114,1,43017984,16384,8971,1579,10,10
214,224346187,1047114,2,42508288,4096,7432,1694,10,10
214,224346187,1047114,3,56115712,65536,4513,739,10,10
214,224346187,1047114,4,62403072,65536,4012,660,10,10
214,224346187,1047114,5,143680512,4096,3827,881,10,10
215,225393301,1048718,0,42968832,65536,9292,1634,10,10
215,225393301,1048718,1,43017984,16384,8971,1579,10,10
215,225393301,1048718,2,42508288,4096,7432,1694,10,10
215,225393301,1048718,3,56115712,65536,4513,739,10,10
215,225393301,1048718,4,62403072,65536,4012,660,10,10
215,225393301,1048718,5,143680512,4096,3827,881,10,10
216,226442019,1046400,0,42968832,65536,9292,1634,10,10
216,226442019,1046400,1,43017984,16384,8971,1579,10,10
216,226442019,1046400,2,42508288,4096,7432,1694,10,10
216,226442019,1046400,3,56115712,65536,4513,739,10,10
216,226442019,1046400,4,62403072,65536,4012,660,10,10
216,226442019,1046400,5,143680512,4096,3827,881,10,10
219,229584458,1043218,0,42968832,65536,9292,1634,10,10
219,229584458,1043218,1,43017984,16384,8971,1579,10,10
219,229584458,1043218,2,42508288,4096,7432,1694,10,10
219,229584458,1043218,3,56115712,65536,4513,739,10,10
219,229584458,1043218,4,62403072,65536,4012,660,10,10
219,229584458,1043218,5,143680512,4096,3827,881,10,10
220,230627676,1046019,0,42968832,65536,9292,1634,10,10
220,230627676,1046019,1,43017984,16384,8971,1579,10,10
220,230627676,1046019,2,42508288,4096,7432,1694,10,10
220,230627676,1046019,3,56115712,65536,4513,739,10,10
220,230627676,1046019,4,62403072,65536,4012,660,10,10
220,230627676,1046019,5,143680512,4096,3827,881,10,10
221,231673695,1047074,0,42968832,65536,9292,1634,10,10
221,231673695,1047074,1,43017984,16384,8971,1579,10,10
221,231673695,1047074,2,42508288,4096,7432,1694,10,10
221,231673695,1047074,3,56115712,65536,4513,739,10,10
221,231673695,1047074,4,62403072,65536,4012,660,10,10
221,231673695,1047074,5,143680512,4096,3827,881,10,10
222,232720769,1047311,0,42968832,65536,9292,1634,10,10
222,232720769,1047311,1,43017984,16384,8971,1579,10,10
222,232720769,1047311,2,42508288,4096,7432,1694,10,10
222,232720769,1047311,3,56115712,65536,4513,739,10,10
222,232720769,1047311,4,62403072,65536,4012,660,10,10
222,232720769,1047311,5,143680512,4096,3827,881,10,10
223,233768080,1051892,0,40937216,16384,3475,607,6,6
223,233768080,1051892,1,48260352,16384,2363,411,6,6
223,233768080,1051892,2,46669568,65536,2175,379,6,6
223,233768080,1051892,3,46694144,16384,1815,319,6,6
223,233768080,1051892,4,118538752,16384,1571,273,6,6
223,233768080,1051892,5,117424640,65536,1412,244,6,6
223,233768080,1051892,6,47719680,65536,1258,200,6,6
224,234819972,1047842,0,42968832,65536,9292,1634,10,10
224,234819972,1047842,1,43017984,16384,8971,1579,10,10
224,234819972,1047842,2,42508288,4096,7432,1694,10,10
224,234819972,1047842,3,56115712,65536,4513,739,10,10
224,234819972,1047842,4,62403072,65536,4012,660,10,10
224,234819972,1047842,5,143680512,4096,3827,881,10,10
225,235867814,1050750,0,42968832,65536,9292,1634,10,10
225,235867814,1050750,1,43017984,16384,8971,1579,10,10
225,235867814,1050750,2,42508288,4096,7432,1694,10,10
225,235867814,1050750,3,56115712,65536,4513,739,10,10
225,235867814,1050750,4,62403072,65536,4012,660,10,10
225,235867814,1050750,5,143680512,4096,3827,881,10,10
226,236918564,1043149,0,42968832,65536,9292,1634,10,10
226,236918564,1043149,1,43017984,16384,8971,1579,10,10
226,236918564,1043149,2,42508288,4096,7432,1694,10,10
226,236918564,1043149,3,56115712,65536,4513,739,10,10
226,236918564,1043149,4,62403072,65536,4012,660,10,10
226,236918564,1043149,5,143680512,4096,3827,881,10,10
227,237961713,1046633,0,40937216,16384,3475,607,6,6
227,237961713,1046633,1,48260352,16384,2363,411,6,6
227,237961713,1046633,2,46669568,65536,2175,379,6,6
227,237961713,1046633,3,46694144,16384,1815,319,6,6
227,237961713,1046633,4,118538752,16384,1571,273,6,6
227,237961713,1046633,5,117424640,65536,1412,244,6,6
227,237961713,1046633,6,47719680,65536,1258,200,6,6
228,239008346,1056407,0,40937216,16384,3475,607,6,6
228,239008346,1056407,1,48260352,16384,2363,411,6,6
228,239008346,1056407,2,46669568,65536,2175,379,6,6
228,239008346,1056407,3,46694144,16384,1815,319,6,6
228,239008346,1056407,4,118538752,16384,1571,273,6,6
228,239008346,1056407,5,117424640,65536,1412,244,6,6
228,239008346,1056407,6,47719680,65536,1258,200,6,6
229,240064753,1051784,0,40937216,16384,3475,607,6,6
229,240064753,1051784,1,48260352,16384,2363,411,6,6
229,240064753,1051784,2,46669568,65536,2175,379,6,6
229,240064753,1051784,3,46694144,16384,1815,319,6,6
229,240064753,1051784,4,118538752,16384,1571,273,6,6
229,240064753,1051784,5,117424640,65536,1412,244,6,6
229,240064753,1051784,6,47719680,65536,1258,200,6,6
230,241116537,1055858,0,42968832,65536,9292,1634,10,10
230,241116537,1055858,1,43017984,16384,8971,1579,10,10
230,241116537,1055858,2,42508288,4096,7432,1694,10,10
230,241116537,1055858,3,56115712,65536,4513,739,10,10
230,241116537,1055858,4,62403072,65536,4012,660,10,10
230,241116537,1055858,5,143680512,4096,3827,881,10,10
231,242172395,1050579,0,40937216,16384,3475,607,6,6
231,242172395,1050579,1,48260352,16384,2363,411,6,6
231,242172395,1050579,2,46669568,65536,2175,379,6,6
231,242172395,1050579,3,46694144,16384,1815,319,6,6
231,242172395,1050579,4,118538752,16384,1571,273,6,6
231,242172395,1050579,5,117424640,65536,1412,244,6,6
231,242172395,1050579,6,47719680,65536,1258,200,6,6
232,243222974,1051100,0,42968832,65536,9292,1634,10,10
232,243222974,1051100,1,43017984,16384,8971,1579,10,10
232,243222974,1051100,2,42508288,4096,7432,1694,10,10
232,243222974,1051100,3,56115712,65536,4513,739,10,10
232,243222974,1051100,4,62403072,65536,4012,660,10,10
232,243222974,1051100,5,143680512,4096,3827,881,10,10
233,244274074,1052550,0,42968832,65536,9292,1634,10,10
233,244274074,1052550,1,43017984,16384,8971,1579,10,10
233,244274074,1052550,2,42508288,4096,7432,1694,10,10
233,244274074,1052550,3,56115712,65536,4513,739,10,10
233,244274074,1052550,4,62403072,65536,4012,660,10,10
233,244274074,1052550,5,143680512,4096,3827,881,10,10
234,245326624,1049103,0,42968832,65536,9292,1634,10,10
234,245326624,1049103,1,43017984,16384,8971,1579,10,10
234,245326624,1049103,2,42508288,4096,7432,1694,10,10
234,245326624,1049103,3,56115712,65536,4513,739,10,10
234,245326624,1049103,4,62403072,65536,4012,660,10,10
234,245326624,1049103,5,143680512,4096,3827,881,10,10
235,246375727,1054756,0,40937216,16384,3475,607,6,6
235,246375727,1054756,1,48260352,16384,2363,411,6,6
235,246375727,1054756,2,46669568,65536,2175,379,6,6
235,246375727,1054756,3,46694144,16384,1815,319,6,6
235,246375727,1054756,4,118538752,16384,1571,273,6,6
235,246375727,1054756,5,117424640,65536,1412,244,6,6
235,246375727,1054756,6,47719680,65536,1258,200,6,6
236,247430483,1048544,0,42968832,65536,9292,1634,10,10
236,247430483,1048544,1,43017984,16384,8971,1579,10,10
236,247430483,1048544,2,42508288,4096,7432,1694,10,10
236,247430483,1048544,3,56115712,65536,4513,739,10,10
236,247430483,1048544,4,62403072,65536,4012,660,10,10
236,247430483,1048544,5,143680512,4096,3827,881,10,10
237,248479027,1046582,0,42968832,65536,9292,1634,10,10
237,248479027,1046582,1,43017984,16384,8971,1579,10,10
237,248479027,1046582,2,42508288,4096,7432,1694,10,10
237,248479027,1046582,3,56115712,65536,4513,739,10,10
237,248479027,1046582,4,62403072,65536,4012,660,10,10
237,248479027,1046582,5,143680512,4096,3827,881,10,10
238,249525609,1048131,0,42968832,65536,9292,1634,10,10
238,249525609,1048131,1,43017984,16384,8971,1579,10,10
238,249525609,1048131,2,42508288,4096,7432,1694,10,10
238,249525609,1048131,3,56115712,65536,4513,739,10,10
238,249525609,1048131,4,62403072,65536,4012,660,10,10
238,249525609,1048131,5,143680512,4096,3827,881,10,10
239,250573740,1047626,0,40937216,16384,3475,607,6,6
239,250573740,1047626,1,48260352,16384,2363,411,6,6
239,250573740,1047626,2,46669568,65536,2175,379,6,6
239,250573740,1047626,3,46694144,16384,1815,319,6,6
239,250573740,1047626,4,118538752,16384,1571,273,6,6
239,250573740,1047626,5,117424640,65536,1412,244,6,6
239,250573740,1047626,6,47719680,65536,1258,200,6,6
240,251621366,1049944,0,42968832,65536,9292,1634,10,10
240,251621366,1049944,1,43017984,16384,8971,1579,10,10
240,251621366,1049944,2,42508288,4096,7432,1694,10,10
240,251621366,1049944,3,56115712,65536,4513,739,10,10
240,251621366,1049944,4,62403072,65536,4012,660,10,10
240,251621366,1049944,5,143680512,4096,3827,881,10,10
241,252671310,1046905,0,42968832,65536,9292,1634,10,10
241,252671310,1046905,1,43017984,16384,8971,1579,10,10
241,252671310,1046905,2,42508288,4096,7432,1694,10,10
241,252671310,1046905,3,56115712,65536,4513,739,10,10
241,252671310,1046905,4,62403072,65536,4012,660,10,10
241,252671310,1046905,5,143680512,4096,3827,881,10,10
242,253718215,1053736,0,42968832,65536,9292,1634,10,10
242,253718215,1053736,1,43017984,16384,8971,1579,10,10
242,253718215,1053736,2,42508288,4096,7432,1694,10,10
242,253718215,1053736,3,56115712,65536,4513,739,10,10
242,253718215,1053736,4,62403072,65536,4012,660,10,10
242,253718215,1053736,5,143680512,4096,3827,881,10,10
243,254771951,1044928,0,42968832,65536,9292,1634,10,10
243,254771951,1044928,1,43017984,16384,8971,1579,10,10
243,254771951,1044928,2,42508288,4096,7432,1694,10,10
243,254771951,1044928,3,56115712,65536,4513,739,10,10
243,254771951,1044928,4,62403072,65536,4012,660,10,10
243,254771951,1044928,5,143680512,4096,3827,881,10,10
244,255816879,1047041,0,42968832,65536,9292,1634,10,10
244,255816879,1047041,1,43017984,16384,8971,1579,10,10
244,255816879,1047041,2,42508288,4096,7432,1694,10,10
244,255816879,1047041,3,56115712,65536,4513,739,10,10
244,255816879,1047041,4,62403072,65536,4012,660,10,10
244,255816879,1047041,5,143680512,4096,3827,881,10,10
245,256863920,1048871,0,42968832,65536,9292,1634,10,10
245,256863920,1048871,1,43017984,16384,8971,1579,10,10
245,256863920,1048871,2,42508288,4096,7432,1694,10,10
245,256863920,1048871,3,56115712,65536,4513,739,10,10
245,256863920,1048871,4,62403072,65536,4012,660,10,10
245,256863920,1048871,5,143680512,4096,3827,881,10,10
246,257912791,1047837,0,42968832,65536,9292,1634,10,10
246,257912791,1047837,1,43017984,16384,8971,1579,10,10
246,257912791,1047837,2,42508288,4096,7432,1694,10,10
246,257912791,1047837,3,56115712,65536,4513,739,10,10
246,257912791,1047837,4,62403072,65536,4012,660,10,10
246,257912791,1047837,5,143680512,4096,3827,881,10,10
247,258960628,1048833,0,42968832,65536,9292,1634,10,10
247,258960628,1048833,1,43017984,16384,8971,1579,10,10
247,258960628,1048833,2,42508288,4096,7432,1694,10,10
247,258960628,1048833,3,56115712,65536,4513,739,10,10
247,258960628,1048833,4,62403072,65536,4012,660,10,10
247,258960628,1048833,5,143680512,4096,3827,881,10,10
248,260009461,1049560,0,42968832,65536,9292,1634,10,10
248,260009461,1049560,1,43017984,16384,8971,1579,10,10
248,260009461,1049560,2,42508288,4096,7432,1694,10,10
248,260009461,1049560,3,56115712,65536,4513,739,10,10
248,260009461,1049560,4,62403072,65536,4012,660,10,10
248,260009461,1049560,5,143680512,4096,3827,881,10,10
249,261059021,1055955,0,42968832,65536,9292,1634,10,10
249,261059021,1055955,1,43017984,16384,8971,1579,10,10
249,261059021,1055955,2,42508288,4096,7432,1694,10,10
249,261059021,1055955,3,56115712,65536,4513,739,10,10
249,261059021,1055955,4,62403072,65536,4012,660,10,10
249,261059021,1055955,5,143680512,4096,3827,881,10,10
250,262114976,1060224,0,13641728,16384,7194,1222,9,9
250,262114976,1060224,1,16797952,4096,5067,1151,9,9
250,262114976,1060224,2,1048320,65536,4869,843,9,9
250,262114976,1060224,3,1540096,65536,4779,829,9,9
250,262114976,1060224,4,3080960,65536,3850,616,9,9
250,262114976,1060224,5,4129792,65536,3570,616,9,9
250,262114976,1060224,6,2097920,16384,3515,605,9,9
251,263175200,1050600,0,42968832,65536,9292,1634,10,10
251,263175200,1050600,1,43017984,16384,8971,1579,10,10
251,263175200,1050600,2,42508288,4096,7432,1694,10,10
251,263175200,1050600,3,56115712,65536,4513,739,10,10
251,263175200,1050600,4,62403072,65536,4012,660,10,10
251,263175200,1050600,5,143680512,4096,3827,881,10,10
252,264225800,1049842,0,40937216,16384,3475,607,6,6
252,264225800,1049842,1,48260352,16384,2363,411,6,6
252,264225800,1049842,2,46669568,65536,2175,379,6,6
252,264225800,1049842,3,46694144,16384,1815,319,6,6
252,264225800,1049842,4,118538752,16384,1571,273,6,6
252,264225800,1049842,5,117424640,65536,1412,244,6,6
252,264225800,1049842,6,47719680,65536,1258,200,6,6
253,265275642,1043240,0,40937216,16384,3475,607,6,6
253,265275642,1043240,1,48260352,16384,2363,411,6,6
253,265275642,1043240,2,46669568,65536,2175,379,6,6
253,265275642,1043240,3,46694144,16384,1815,319,6,6
253,265275642,1043240,4,118538752,16384,1571,273,6,6
253,265275642,1043240,5,117424640,65536,1412,244,6,6
253,265275642,1043240,6,47719680,65536,1258,200,6,6
254,266318882,1049739,0,42968832,65536,9292,1634,10,10
254,266318882,1049739,1,43017984,16384,8971,1579,10,10
254,266318882,1049739,2,42508288,4096,7432,1694,10,10
254,266318882,1049739,3,56115712,65536,4513,739,10,10
254,266318882,1049739,4,62403072,65536,4012,660,10,10
254,266318882,1049739,5,143680512,4096,3827,881,10,10
255,267368621,1046053,0,42968832,65536,9292,1634,10,10
255,267368621,1046053,1,43017984,16384,8971,1579,10,10
255,267368621,1046053,2,42508288,4096,7432,1694,10,10
255,267368621,1046053,3,56115712,65536,4513,739,10,10
255,267368621,1046053,4,62403072,65536,4012,660,10,10
255,267368621,1046053,5,143680512,4096,3827,881,10,10
256,268414674,1050105,0,42968832,65536,9292,1634,10,10
256,268414674,1050105,1,43017984,16384,8971,1579,10,10
256,268414674,1050105,2,42508288,4096,7432,1694,10,10
256,268414674,1050105,3,56115712,65536,4513,739,10,10
256,268414674,1050105,4,62403072,65536,4012,660,10,10
256,268414674,1050105,5,143680512,4096,3827,881,10,10
257,269464779,1048165,0,42968832,65536,9292,1634,10,10
257,269464779,1048165,1,43017984,16384,8971,1579,10,10
257,269464779,1048165,2,42508288,4096,7432,1694,10,10
257,269464779,1048165,3,56115712,65536,4513,739,10,10
257,269464779,1048165,4,62403072,65536,4012,660,10,10
257,269464779,1048165,5,143680512,4096,3827,881,10,10
258,270512944,1050707,0,42968832,65536,9292,1634,10,10
258,270512944,1050707,1,43017984,16384,8971,1579,10,10
258,270512944,1050707,2,42508288,4096,7432,1694,10,10
258,270512944,1050707,3,56115712,65536,4513,739,10,10
258,270512944,1050707,4,62403072,65536,4012,660,10,10
258,270512944,1050707,5,143680512,4096,3827,881,10,10
259,271563651,1048845,0,13641728,16384,7194,1222,9,9
259,271563651,1048845,1,16797952,4096,5067,1151,9,9
259,271563651,1048845,2,1048320,65536,4869,843,9,9
259,271563651,1048845,3,1540096,65536,4779,829,9,9
259,271563651,1048845,4,3080960,65536,3850,616,9,9
259,271563651,1048845,5,4129792,65536,3570,616,9,9
259,271563651,1048845,6,2097920,16384,3515,605,9,9
260,272612496,1050255,0,13641728,16384,7194,1222,9,9
260,272612496,1050255,1,16797952,4096,5067,1151,9,9
260,272612496,1050255,2,1048320,65536,4869,843,9,9
260,272612496,1050255,3,1540096,65536,4779,829,9,9
260,272612496,1050255,4,3080960,65536,3850,616,9,9
260,272612496,1050255,5,4129792,65536,3570,616,9,9
260,272612496,1050255,6,2097920,16384,3515,605,9,9
261,273662751,1047331,0,42968832,65536,9292,1634,10,10
261,273662751,1047331,1,43017984,16384,8971,1579,10,10
261,273662751,1047331,2,42508288,4096,7432,1694,10,10
261,273662751,1047331,3,56115712,65536,4513,739,10,10
261,273662751,1047331,4,62403072,65536,4012,660,10,10
261,273662751,1047331,5,143680512,4096,3827,881,10,10
262,274710082,1048091,0,42968832,65536,9292,1634,10,10
262,274710082,1048091,1,43017984,16384,8971,1579,10,10
262,274710082,1048091,2,42508288,4096,7432,1694,10,10
262,274710082,1048091,3,56115712,65536,4513,739,10,10
262,274710082,1048091,4,62403072,65536,4012,660,10,10
262,274710082,1048091,5,143680512,4096,3827,881,10,10
263,275758173,1044947,0,42968832,65536,9292,1634,10,10
263,275758173,1044947,1,43017984,16384,8971,1579,10,10
263,275758173,1044947,2,42508288,4096,7432,1694,10,10
263,275758173,1044947,3,56115712,65536,4513,739,10,10
263,275758173,1044947,4,62403072,65536,4012,660,10,10
263,275758173,1044947,5,143680512,4096,3827,881,10,10
264,276803120,1051271,0,40937216,16384,3475,607,6,6
264,276803120,1051271,1,48260352,16384,2363,411,6,6
264,276803120,1051271,2,46669568,65536,2175,379,6,6
264,276803120,1051271,3,46694144,16384,1815,319,6,6
264,276803120,1051271,4,118538752,16384,1571,273,6,6
264,276803120,1051271,5,117424640,65536,1412,244,6,6
264,276803120,1051271,6,47719680,65536,1258,200,6,6
265,277854391,1046147,0,13641728,16384,7194,1222,9,9
265,277854391,1046147,1,16797952,4096,5067,1151,9,9
265,277854391,1046147,2,1048320,65536,4869,843,9,9
265,277854391,1046147,3,1540096,65536,4779,829,9,9
265,277854391,1046147,4,3080960,65536,3850,616,9,9
265,277854391,1046147,5,4129792,65536,3570,616,9,9
265,277854391,1046147,6,2097920,16384,3515,605,9,9
266,278900538,1050154,0,13641728,16384,7194,1222,9,9
266,278900538,1050154,1,16797952,4096,5067,1151,9,9
266,278900538,1050154,2,1048320,65536,4869,843,9,9
266,278900538,1050154,3,1540096,65536,4779,829,9,9
266,278900538,1050154,4,3080960,65536,3850,616,9,9
266,278900538,1050154,5,4129792,65536,3570,616,9,9
266,278900538,1050154,6,2097920,16384,3515,605,9,9
267,279950692,1054372,0,13641728,16384,7194,1222,9,9
267,279950692,1054372,1,16797952,4096,5067,1151,9,9
267,279950692,1054372,2,1048320,65536,4869,843,9,9
267,279950692,1054372,3,1540096,65536,4779,829,9,9
267,279950692,1054372,4,3080960,65536,3850,616,9,9
267,279950692,1054372,5,4129792,65536,3570,616,9,9
267,279950692,1054372,6,2097920,16384,3515,605,9,9
268,281005064,1051686,0,13641728,16384,7194,1222,9,9
268,281005064,1051686,1,16797952,4096,5067,1151,9,9
268,281005064,1051686,2,1048320,65536,4869,843,9,9
268,281005064,1051686,3,1540096,65536,4779,829,9,9
268,281005064,1051686,4,3080960,65536,3850,616,9,9
268,281005064,1051686,5,4129792,65536,3570,616,9,9
268,281005064,1051686,6,2097920,16384,3515,605,9,9
269,282056750,1050551,0,13641728,16384,7194,1222,9,9
269,282056750,1050551,1,16797952,4096,5067,1151,9,9
269,282056750,1050551,2,1048320,65536,4869,843,9,9
269,282056750,1050551,3,1540096,65536,4779,829,9,9
269,282056750,1050551,4,3080960,65536,3850,616,9,9
269,282056750,1050551,5,4129792,65536,3570,616,9,9
269,282056750,1050551,6,2097920,16384,3515,605,9,9
270,283107301,1048462,0,13641728,16384,7194,1222,9,9
270,283107301,1048462,1,16797952,4096,5067,1151,9,9
270,283107301,1048462,2,1048320,65536,4869,843,9,9
270,283107301,1048462,3,1540096,65536,4779,829,9,9
270,283107301,1048462,4,3080960,65536,3850,616,9,9
270,283107301,1048462,5,4129792,65536,3570,616,9,9
270,283107301,1048462,6,2097920,16384,3515,605,9,9
271,284155763,1047232,0,13641728,16384,7194,1222,9,9
271,284155763,1047232,1,16797952,4096,5067,1151,9,9
271,284155763,1047232,2,1048320,65536,4869,843,9,9
271,284155763,1047232,3,1540096,65536,4779,829,9,9
271,284155763,1047232,4,3080960,65536,3850,616,9,9
271,284155763,1047232,5,4129792,65536,3570,616,9,9
271,284155763,1047232,6,2097920,16384,3515,605,9,9
272,285202995,1046489,0,13641728,16384,7194,1222,9,9
272,285202995,1046489,1,16797952,4096,5067,1151,9,9
272,285202995,1046489,2,1048320,65536,4869,843,9,9
272,285202995,1046489,3,1540096,65536,4779,829,9,9
272,285202995,1046489,4,3080960,65536,3850,616,9,9
272,285202995,1046489,5,4129792,65536,3570,616,9,9
272,285202995,1046489,6,2097920,16384,3515,605,9,9
273,286249484,1050273,0,42968832,65536,9292,1634,10,10
273,286249484,1050273,1,43017984,16384,8971,1579,10,10
273,286249484,1050273,2,42508288,4096,7432,1694,10,10
273,286249484,1050273,3,56115712,65536,4513,739,10,10
273,286249484,1050273,4,62403072,65536,4012,660,10,10
273,286249484,1050273,5,143680512,4096,3827,881,10,10
274,287299757,1055750,0,42968832,65536,9292,1634,10,10
274,287299757,1055750,1,43017984,16384,8971,1579,10,10
274,287299757,1055750,2,42508288,4096,7432,1694,10,10
274,287299757,1055750,3,56115712,65536,4513,739,10,10
274,287299757,1055750,4,62403072,65536,4012,660,10,10
274,287299757,1055750,5,143680512,4096,3827,881,10,10
275,288355507,1053024,0,42968832,65536,9292,1634,10,10
275,288355507,1053024,1,43017984,16384,8971,1579,10,10
275,288355507,1053024,2,42508288,4096,7432,1694,10,10
275,288355507,1053024,3,56115712,65536,4513,739,10,10
275,288355507,1053024,4,62403072,65536,4012,660,10,10
275,288355507,1053024,5,143680512,4096,3827,881,10,10
276,289408531,1048397,0,42968832,65536,9292,1634,10,10
276,289408531,1048397,1,43017984,16384,8971,1579,10,10
276,289408531,1048397,2,42508288,4096,7432,1694,10,10
276,289408531,1048397,3,56115712,65536,4513,739,10,10
276,289408531,1048397,4,62403072,65536,4012,660,10,10
276,289408531,1048397,5,143680512,4096,3827,881,10,10
277,290456928,1049059,0,40937216,16384,3475,607,6,6
277,290456928,1049059,1,48260352,16384,2363,411,6,6
277,290456928,1049059,2,46669568,65536,2175,379,6,6
277,290456928,1049059,3,46694144,16384,1815,319,6,6
277,290456928,1049059,4,118538752,16384,1571,273,6,6
277,290456928,1049059,5,117424640,65536,1412,244,6,6
277,290456928,1049059,6,47719680,65536,1258,200,6,6
278,291505987,1066143,0,40937216,16384,3475,607,6,6
278,291505987,1066143,1,48260352,16384,2363,411,6,6
278,291505987,1066143,2,46669568,65536,2175,379,6,6
278,291505987,1066143,3,46694144,16384,1815,319,6,6
278,291505987,1066143,4,118538752,16384,1571,273,6,6
278,291505987,1066143,5,117424640,65536,1412,244,6,6
278,291505987,1066143,6,47719680,65536,1258,200,6,6
279,292572130,1047800,0,42968832,65536,9292,1634,10,10
279,292572130,1047800,1,43017984,16384,8971,1579,10,10
279,292572130,1047800,2,42508288,4096,7432,1694,10,10
279,292572130,1047800,3,56115712,65536,4513,739,10,10
279,292572130,1047800,4,62403072,65536,4012,660,10,10
279,292572130,1047800,5,143680512,4096,3827,881,10,10
280,293619930,1048338,0,42968832,65536,9292,1634,10,10
280,293619930,1048338,1,43017984,16384,8971,1579,10,10
280,293619930,1048338,2,42508288,4096,7432,1694,10,10
280,293619930,1048338,3,56115712,65536,4513,739,10,10
280,293619930,1048338,4,62403072,65536,4012,660,10,10
280,293619930,1048338,5,143680512,4096,3827,881,10,10
281,294668268,1048970,0,40937216,16384,3475,607,6,6
281,294668268,1048970,1,48260352,16384,2363,411,6,6
281,294668268,1048970,2,46669568,65536,2175,379,6,6
281,294668268,1048970,3,46694144,16384,1815,319,6,6
281,294668268,1048970,4,118538752,16384,1571,273,6,6
281,294668268,1048970,5,117424640,65536,1412,244,6,6
281,294668268,1048970,6,47719680,65536,1258,200,6,6
282,295717238,1048109,0,42968832,65536,9292,1634,10,10
282,295717238,1048109,1,43017984,16384,8971,1579,10,10
282,295717238,1048109,2,42508288,4096,7432,1694,10,10
282,295717238,1048109,3,56115712,65536,4513,739,10,10
282,295717238,1048109,4,62403072,65536,4012,660,10,10
282,295717238,1048109,5,143680512,4096,3827,881,10,10
283,296765347,1050257,0,40937216,16384,3475,607,6,6
283,296765347,1050257,1,48260352,16384,2363,411,6,6
283,296765347,1050257,2,46669568,65536,2175,379,6,6
283,296765347,1050257,3,46694144,16384,1815,319,6,6
283,296765347,1050257,4,118538752,16384,1571,273,6,6
283,296765347,1050257,5,117424640,65536,1412,244,6,6
283,296765347,1050257,6,47719680,65536,1258,200,6,6
284,297815604,1048908,0,40937216,16384,3475,607,6,6
284,297815604,1048908,1,48260352,16384,2363,411,6,6
284,297815604,1048908,2,46669568,65536,2175,379,6,6
284,297815604,1048908,3,46694144,16384,1815,319,6,6
284,297815604,1048908,4,118538752,16384,1571,273,6,6
284,297815604,1048908,5,117424640,65536,1412,244,6,6
284,297815604,1048908,6,47719680,65536,1258,200,6,6
285,298864512,1045862,0,40937216,16384,3475,607,6,6
285,298864512,1045862,1,48260352,16384,2363,411,6,6
285,298864512,1045862,2,46669568,65536,2175,379,6,6
285,298864512,1045862,3,46694144,16384,1815,319,6,6
285,298864512,1045862,4,118538752,16384,1571,273,6,6
285,298864512,1045862,5,117424640,65536,1412,244,6,6
285,298864512,1045862,6,47719680,65536,1258,200,6,6
286,299910374,1047569,0,40937216,16384,3475,607,6,6
286,299910374,1047569,1,48260352,16384,2363,411,6,6
286,299910374,1047569,2,46669568,65536,2175,379,6,6
286,299910374,1047569,3,46694144,16384,1815,319,6,6
286,299910374,1047569,4,118538752,16384,1571,273,6,6
286,299910374,1047569,5,117424640,65536,1412,244,6,6
286,299910374,1047569,6,47719680,65536,1258,200,6,6
287,300957943,1050959,0,40937216,16384,3475,607,6,6
287,300957943,1050959,1,48260352,16384,2363,411,6,6
287,300957943,1050959,2,46669568,65536,2175,379,6,6
287,300957943,1050959,3,46694144,16384,1815,319,6,6
287,300957943,1050959,4,118538752,16384,1571,273,6,6
287,300957943,1050959,5,117424640,65536,1412,244,6,6
287,300957943,1050959,6,47719680,65536,1258,200,6,6
288,302008902,1050078,0,42968832,65536,9292,1634,10,10
288,302008902,1050078,1,43017984,16384,8971,1579,10,10
288,302008902,1050078,2,42508288,4096,7432,1694,10,10
288,302008902,1050078,3,56115712,65536,4513,739,10,10
288,302008902,1050078,4,62403072,65536,4012,660,10,10
288,302008902,1050078,5,143680512,4096,3827,881,10,10
289,303058980,1048563,0,42968832,65536,9292,1634,10,10
289,303058980,1048563,1,43017984,16384,8971,1579,10,10
289,303058980,1048563,2,42508288,4096,7432,1694,10,10
289,303058980,1048563,3,56115712,65536,4513,739,10,10
289,303058980,1048563,4,62403072,65536,4012,660,10,10
289,303058980,1048563,5,143680512,4096,3827,881,10,10
290,304107543,1056502,0,13641728,16384,7194,1222,9,9
290,304107543,1056502,1,16797952,4096,5067,1151,9,9
290,304107543,1056502,2,1048320,65536,4869,843,9,9
290,304107543,1056502,3,1540096,65536,4779,829,9,9
290,304107543,1056502,4,3080960,65536,3850,616,9,9
290,304107543,1056502,5,4129792,65536,3570,616,9,9
290,304107543,1056502,6,2097920,16384,3515,605,9,9
291,305164045,1049572,0,40937216,16384,3475,607,6,6
291,305164045,1049572,1,48260352,16384,2363,411,6,6
291,305164045,1049572,2,46669568,65536,2175,379,6,6
291,305164045,1049572,3,46694144,16384,1815,319,6,6
291,305164045,1049572,4,118538752,16384,1571,273,6,6
291,305164045,1049572,5,117424640,65536,1412,244,6,6
291,305164045,1049572,6,47719680,65536,1258,200,6,6
292,306213617,1058085,0,42968832,65536,9292,1634,10,10
292,306213617,1058085,1,43017984,16384,8971,1579,10,10
292,306213617,1058085,2,42508288,4096,7432,1694,10,10
292,306213617,1058085,3,56115712,65536,4513,739,10,10
292,306213617,1058085,4,62403072,65536,4012,660,10,10
292,306213617,1058085,5,143680512,4096,3827,881,10,10
293,307271702,1043472,0,42968832,65536,9292,1634,10,10
293,307271702,1043472,1,43017984,16384,8971,1579,10,10
293,307271702,1043472,2,42508288,4096,7432,1694,10,10
293,307271702,1043472,3,56115712,65536,4513,739,10,10
293,307271702,1043472,4,62403072,65536,4012,660,10,10
293,307271702,1043472,5,143680512,4096,3827,881,10,10
294,308315174,1045071,0,42968832,65536,9292,1634,10,10
294,308315174,1045071,1,43017984,16384,8971,1579,10,10
294,308315174,1045071,2,42508288,4096,7432,1694,10,10
294,308315174,1045071,3,56115712,65536,4513,739,10,10
294,308315174,1045071,4,62403072,65536,4012,660,10,10
294,308315174,1045071,5,143680512,4096,3827,881,10,10
295,309360245,1044800,0,42968832,65536,9292,1634,10,10
295,309360245,1044800,1,43017984,16384,8971,1579,10,10
295,309360245,1044800,2,42508288,4096,7432,1694,10,10
295,309360245,1044800,3,56115712,65536,4513,739,10,10
295,309360245,1044800,4,62403072,65536,4012,660,10,10
295,309360245,1044800,5,143680512,4096,3827,881,10,10
296,310405045,1048323,0,42968832,65536,9292,1634,10,10
296,310405045,1048323,1,43017984,16384,8971,1579,10,10
296,310405045,1048323,2,42508288,4096,7432,1694,10,10
296,310405045,1048323,3,56115712,65536,4513,739,10,10
296,310405045,1048323,4,62403072,65536,4012,660,10,10
296,310405045,1048323,5,143680512,4096,3827,881,10,10
297,311453368,1048121,0,42968832,65536,9292,1634,10,10
297,311453368,1048121,1,43017984,16384,8971,1579,10,10
297,311453368,1048121,2,42508288,4096,7432,1694,10,10
297,311453368,1048121,3,56115712,65536,4513,739,10,10
297,311453368,1048121,4,62403072,65536,4012,660,10,10
297,311453368,1048121,5,143680512,4096,3827,881,10,10
298,312501489,1050336,0,42968832,65536,9292,1634,10,10
298,312501489,1050336,1,43017984,16384,8971,1579,10,10
298,312501489,1050336,2,42508288,4096,7432,1694,10,10
298,312501489,1050336,3,56115712,65536,4513,739,10,10
298,312501489,1050336,4,62403072,65536,4012,660,10,10
298,312501489,1050336,5,143680512,4096,3827,881,10,10
299,313551825,1048713,0,42968832,65536,9292,1634,10,10
299,313551825,1048713,1,43017984,16384,8971,1579,10,10
299,313551825,1048713,2,42508288,4096,7432,1694,10,10
299,313551825,1048713,3,56115712,65536,4513,739,10,10
299,313551825,1048713,4,62403072,65536,4012,660,10,10
299,313551825,1048713,5,143680512,4096,3827,881,10,10
300,314600538,1047272,0,42968832,65536,9292,1634,10,10
300,314600538,1047272,1,43017984,16384,8971,1579,10,10
300,314600538,1047272,2,42508288,4096,7432,1694,10,10
300,314600538,1047272,3,56115712,65536,4513,739,10,10
300,314600538,1047272,4,62403072,65536,4012,660,10,10
300,314600538,1047272,5,143680512,4096,3827,881,10,10
301,315647810,1056973,0,42968832,65536,9292,1634,10,10
301,315647810,1056973,1,43017984,16384,8971,1579,10,10
301,315647810,1056973,2,42508288,4096,7432,1694,10,10
301,315647810,1056973,3,56115712,65536,4513,739,10,10
301,315647810,1056973,4,62403072,65536,4012,660,10,10
301,315647810,1056973,5,143680512,4096,3827,881,10,10
302,316704783,1048305,0,42968832,65536,9292,1634,10,10
302,316704783,1048305,1,43017984,16384,8971,1579,10,10
302,316704783,1048305,2,42508288,4096,7432,1694,10,10
302,316704783,1048305,3,56115712,65536,4513,739,10,10
302,316704783,1048305,4,62403072,65536,4012,660,10,10
302,316704783,1048305,5,143680512,4096,3827,881,10,10
303,317753088,1050608,0,42968832,65536,9292,1634,10,10
303,317753088,1050608,1,43017984,16384,8971,1579,10,10
303,317753088,1050608,2,42508288,4096,7432,1694,10,10
303,317753088,1050608,3,56115712,65536,4513,739,10,10
303,317753088,1050608,4,62403072,65536,4012,660,10,10
303,317753088,1050608,5,143680512,4096,3827,881,10,10
304,318803696,1049520,0,42968832,65536,9292,1634,10,10
304,318803696,1049520,1,43017984,16384,8971,1579,10,10
304,318803696,1049520,2,42508288,4096,7432,1694,10,10
304,318803696,1049520,3,56115712,65536,4513,739,10,10
304,318803696,1049520,4,62403072,65536,4012,660,10,10
304,318803696,1049520,5,143680512,4096,3827,881,10,10
305,319853216,1046932,0,42968832,65536,9292,1634,10,10
305,319853216,1046932,1,43017984,16384,8971,1579,10,10
305,319853216,1046932,2,42508288,4096,7432,1694,10,10
305,319853216,1046932,3,56115712,65536,4513,739,10,10
305,319853216,1046932,4,62403072,65536,4012,660,10,10
305,319853216,1046932,5,143680512,4096,3827,881,10,10
306,320900148,1048934,0,13641728,16384,7194,1222,9,9
306,320900148,1048934,1,16797952,4096,5067,1151,9,9
306,320900148,1048934,2,1048320,65536,4869,843,9,9
306,320900148,1048934,3,1540096,65536,4779,829,9,9
306,320900148,1048934,4,3080960,65536,3850,616,9,9
306,320900148,1048934,5,4129792,65536,3570,616,9,9
306,320900148,1048934,6,2097920,16384,3515,605,9,9
307,321949082,1048671,0,13641728,16384,7194,1222,9,9
307,321949082,1048671,1,16797952,4096,5067,1151,9,9
307,321949082,1048671,2,1048320,65536,4869,843,9,9
307,321949082,1048671,3,1540096,65536,4779,829,9,9
307,321949082,1048671,4,3080960,65536,3850,616,9,9
307,321949082,1048671,5,4129792,65536,3570,616,9,9
307,321949082,1048671,6,2097920,16384,3515,605,9,9
310,325085342,1046292,0,42968832,65536,9292,1634,10,10
310,325085342,1046292,1,43017984,16384,8971,1579,10,10
310,325085342,1046292,2,42508288,4096,7432,1694,10,10
310,325085342,1046292,3,56115712,65536,4513,739,10,10
310,325085342,1046292,4,62403072,65536,4012,660,10,10
310,325085342,1046292,5,143680512,4096,3827,881,10,10
312,327181691,1047663,0,42968832,65536,9292,1634,10,10
312,327181691,1047663,1,43017984,16384,8971,1579,10,10
312,327181691,1047663,2,42508288,4096,7432,1694,10,10
312,327181691,1047663,3,56115712,65536,4513,739,10,10
312,327181691,1047663,4,62403072,65536,4012,660,10,10
312,327181691,1047663,5,143680512,4096,3827,881,10,10
314,329292599,1047152,0,13641728,16384,7194,1222,9,9
314,329292599,1047152,1,16797952,4096,5067,1151,9,9
314,329292599,1047152,2,1048320,65536,4869,843,9,9
314,329292599,1047152,3,1540096,65536,4779,829,9,9
314,329292599,1047152,4,3080960,65536,3850,616,9,9
314,329292599,1047152,5,4129792,65536,3570,616,9,9
314,329292599,1047152,6,2097920,16384,3515,605,9,9
315,330339751,1048265,0,42968832,65536,9292,1634,10,10
315,330339751,1048265,1,43017984,16384,8971,1579,10,10
315,330339751,1048265,2,42508288,4096,7432,1694,10,10
315,330339751,1048265,3,56115712,65536,4513,739,10,10
315,330339751,1048265,4,62403072,65536,4012,660,10,10
315,330339751,1048265,5,143680512,4096,3827,881,10,10
317,332440739,1039971,0,42968832,65536,9292,1634,10,10
317,332440739,1039971,1,43017984,16384,8971,1579,10,10
317,332440739,1039971,2,42508288,4096,7432,1694,10,10
317,332440739,1039971,3,56115712,65536,4513,739,10,10
317,332440739,1039971,4,62403072,65536,4012,660,10,10
317,332440739,1039971,5,143680512,4096,3827,881,10,10
318,333480710,1049155,0,42968832,65536,9292,1634,10,10
318,333480710,1049155,1,43017984,16384,8971,1579,10,10
318,333480710,1049155,2,42508288,4096,7432,1694,10,10
318,333480710,1049155,3,56115712,65536,4513,739,10,10
318,333480710,1049155,4,62403072,65536,4012,660,10,10
318,333480710,1049155,5,143680512,4096,3827,881,10,10
319,334529865,1047954,0,42968832,65536,9292,1634,10,10
319,334529865,1047954,1,43017984,16384,8971,1579,10,10
319,334529865,1047954,2,42508288,4096,7432,1694,10,10
319,334529865,1047954,3,56115712,65536,4513,739,10,10
319,334529865,1047954,4,62403072,65536,4012,660,10,10
319,334529865,1047954,5,143680512,4096,3827,881,10,10
320,335577819,1043567,0,42968832,65536,9292,1634,10,10
320,335577819,1043567,1,43017984,16384,8971,1579,10,10
320,335577819,1043567,2,42508288,4096,7432,1694,10,10
320,335577819,1043567,3,56115712,65536,4513,739,10,10
320,335577819,1043567,4,62403072,65536,4012,660,10,10
320,335577819,1043567,5,143680512,4096,3827,881,10,10
322,337672152,1046807,0,42968832,65536,9292,1634,10,10
322,337672152,1046807,1,43017984,16384,8971,1579,10,10
322,337672152,1046807,2,42508288,4096,7432,1694,10,10
322,337672152,1046807,3,56115712,65536,4513,739,10,10
322,337672152,1046807,4,62403072,65536,4012,660,10,10
322,337672152,1046807,5,143680512,4096,3827,881,10,10
323,338718959,1044495,0,42968832,65536,9292,1634,10,10
323,338718959,1044495,1,43017984,16384,8971,1579,10,10
323,338718959,1044495,2,42508288,4096,7432,1694,10,10
323,338718959,1044495,3,56115712,65536,4513,739,10,10
323,338718959,1044495,4,62403072,65536,4012,660,10,10
323,338718959,1044495,5,143680512,4096,3827,881,10,10
324,339763454,1045033,0,42968832,65536,9292,1634,10,10
324,339763454,1045033,1,43017984,16384,8971,1579,10,10
324,339763454,1045033,2,42508288,4096,7432,1694,10,10
324,339763454,1045033,3,56115712,65536,4513,739,10,10
324,339763454,1045033,4,62403072,65536,4012,660,10,10
324,339763454,1045033,5,143680512,4096,3827,881,10,10
325,340808487,1068324,0,42968832,65536,9292,1634,10,10
325,340808487,1068324,1,43017984,16384,8971,1579,10,10
325,340808487,1068324,2,42508288,4096,7432,1694,10,10
325,340808487,1068324,3,56115712,65536,4513,739,10,10
325,340808487,1068324,4,62403072,65536,4012,660,10,10
325,340808487,1068324,5,143680512,4096,3827,881,10,10
326,341876811,1050510,0,42968832,65536,9292,1634,10,10
326,341876811,1050510,1,43017984,16384,8971,1579,10,10
326,341876811,1050510,2,42508288,4096,7432,1694,10,10
326,341876811,1050510,3,56115712,65536,4513,739,10,10
326,341876811,1050510,4,62403072,65536,4012,660,10,10
326,341876811,1050510,5,143680512,4096,3827,881,10,10
327,342927321,1047836,0,42968832,65536,9292,1634,10,10
327,342927321,1047836,1,43017984,16384,8971,1579,10,10
327,342927321,1047836,2,42508288,4096,7432,1694,10,10
327,342927321,1047836,3,56115712,65536,4513,739,10,10
327,342927321,1047836,4,62403072,65536,4012,660,10,10
327,342927321,1047836,5,143680512,4096,3827,881,10,10
328,343975157,1042296,0,42968832,65536,9292,1634,10,10
328,343975157,1042296,1,43017984,16384,8971,1579,10,10
328,343975157,1042296,2,42508288,4096,7432,1694,10,10
328,343975157,1042296,3,56115712,65536,4513,739,10,10
328,343975157,1042296,4,62403072,65536,4012,660,10,10
328,343975157,1042296,5,143680512,4096,3827,881,10,10
329,345017453,1048200,0,13641728,16384,7194,1222,9,9
329,345017453,1048200,1,16797952,4096,5067,1151,9,9
329,345017453,1048200,2,1048320,65536,4869,843,9,9
329,345017453,1048200,3,1540096,65536,4779,829,9,9
329,345017453,1048200,4,3080960,65536,3850,616,9,9
329,345017453,1048200,5,4129792,65536,3570,616,9,9
329,345017453,1048200,6,2097920,16384,3515,605,9,9
330,346065653,1018320,0,42968832,65536,9292,1634,10,10
330,346065653,1018320,1,43017984,16384,8971,1579,10,10
330,346065653,1018320,2,42508288,4096,7432,1694,10,10
330,346065653,1018320,3,56115712,65536,4513,739,10,10
330,346065653,1018320,4,62403072,65536,4012,660,10,10
330,346065653,1018320,5,143680512,4096,3827,881,10,10
331,347083973,1049225,0,42968832,65536,9292,1634,10,10
331,347083973,1049225,1,43017984,16384,8971,1579,10,10
331,347083973,1049225,2,42508288,4096,7432,1694,10,10
331,347083973,1049225,3,56115712,65536,4513,739,10,10
331,347083973,1049225,4,62403072,65536,4012,660,10,10
331,347083973,1049225,5,143680512,4096,3827,881,10,10
332,348133198,1044800,0,42968832,65536,9292,1634,10,10
332,348133198,1044800,1,43017984,16384,8971,1579,10,10
332,348133198,1044800,2,42508288,4096,7432,1694,10,10
332,348133198,1044800,3,56115712,65536,4513,739,10,10
332,348133198,1044800,4,62403072,65536,4012,660,10,10
332,348133198,1044800,5,143680512,4096,3827,881,10,10
333,349177998,1051992,0,13641728,16384,7194,1222,9,9
333,349177998,1051992,1,16797952,4096,5067,1151,9,9
333,349177998,1051992,2,1048320,65536,4869,843,9,9
333,349177998,1051992,3,1540096,65536,4779,829,9,9
333,349177998,1051992,4,3080960,65536,3850,616,9,9
333,349177998,1051992,5,4129792,65536,3570,616,9,9
333,349177998,1051992,6,2097920,16384,3515,605,9,9
334,350229990,1047914,0,42968832,65536,9292,1634,10,10
334,350229990,1047914,1,43017984,16384,8971,1579,10,10
334,350229990,1047914,2,42508288,4096,7432,1694,10,10
334,350229990,1047914,3,56115712,65536,4513,739,10,10
334,350229990,1047914,4,62403072,65536,4012,660,10,10
334,350229990,1047914,5,143680512,4096,3827,881,10,10
335,351277904,1048299,0,42968832,65536,9292,1634,10,10
335,351277904,1048299,1,43017984,16384,8971,1579,10,10
335,351277904,1048299,2,42508288,4096,7432,1694,10,10
335,351277904,1048299,3,56115712,65536,4513,739,10,10
335,351277904,1048299,4,62403072,65536,4012,660,10,10
335,351277904,1048299,5,143680512,4096,3827,881,10,10
336,352326203,1057085,0,42968832,65536,9292,1634,10,10
336,352326203,1057085,1,43017984,16384,8971,1579,10,10
336,352326203,1057085,2,42508288,4096,7432,1694,10,10
336,352326203,1057085,3,56115712,65536,4513,739,10,10
336,352326203,1057085,4,62403072,65536,4012,660,10,10
336,352326203,1057085,5,143680512,4096,3827,881,10,10
337,353383288,1041599,0,40937216,16384,3475,607,6,6
337,353383288,1041599,1,48260352,16384,2363,411,6,6
337,353383288,1041599,2,46669568,65536,2175,379,6,6
337,353383288,1041599,3,46694144,16384,1815,319,6,6
337,353383288,1041599,4,118538752,16384,1571,273,6,6
337,353383288,1041599,5,117424640,65536,1412,244,6,6
337,353383288,1041599,6,47719680,65536,1258,200,6,6
338,354424887,1061207,0,42968832,65536,9292,1634,10,10
338,354424887,1061207,1,43017984,16384,8971,1579,10,10
338,354424887,1061207,2,42508288,4096,7432,1694,10,10
338,354424887,1061207,3,56115712,65536,4513,739,10,10
338,354424887,1061207,4,62403072,65536,4012,660,10,10
338,354424887,1061207,5,143680512,4096,3827,881,10,10
339,355486094,1048877,0,40937216,16384,3475,607,6,6
339,355486094,1048877,1,48260352,16384,2363,411,6,6
339,355486094,1048877,2,46669568,65536,2175,379,6,6
339,355486094,1048877,3,46694144,16384,1815,319,6,6
339,355486094,1048877,4,118538752,16384,1571,273,6,6
339,355486094,1048877,5,117424640,65536,1412,244,6,6
339,355486094,1048877,6,47719680,65536,1258,200,6,6
340,356534971,1049268,0,42968832,65536,9292,1634,10,10
340,356534971,1049268,1,43017984,16384,8971,1579,10,10
340,356534971,1049268,2,42508288,4096,7432,1694,10,10
340,356534971,1049268,3,56115712,65536,4513,739,10,10
340,356534971,1049268,4,62403072,65536,4012,660,10,10
340,356534971,1049268,5,143680512,4096,3827,881,10,10
341,357584239,1044338,0,42968832,65536,9292,1634,10,10
341,357584239,1044338,1,43017984,16384,8971,1579,10,10
341,357584239,1044338,2,42508288,4096,7432,1694,10,10
341,357584239,1044338,3,56115712,65536,4513,739,10,10
341,357584239,1044338,4,62403072,65536,4012,660,10,10
341,357584239,1044338,5,143680512,4096,3827,881,10,10
342,358628577,1049845,0,40937216,16384,3475,607,6,6
342,358628577,1049845,1,48260352,16384,2363,411,6,6
342,358628577,1049845,2,46669568,65536,2175,379,6,6
342,358628577,1049845,3,46694144,16384,1815,319,6,6
342,358628577,1049845,4,118538752,16384,1571,273,6,6
342,358628577,1049845,5,117424640,65536,1412,244,6,6
342,358628577,1049845,6,47719680,65536,1258,200,6,6
343,359678422,1054601,0,42968832,65536,9292,1634,10,10
343,359678422,1054601,1,43017984,16384,8971,1579,10,10
343,359678422,1054601,2,42508288,4096,7432,1694,10,10
343,359678422,1054601,3,56115712,65536,4513,739,10,10
343,359678422,1054601,4,62403072,65536,4012,660,10,10
343,359678422,1054601,5,143680512,4096,3827,881,10,10
344,360733023,1048107,0,42968832,65536,9292,1634,10,10
344,360733023,1048107,1,43017984,16384,8971,1579,10,10
344,360733023,1048107,2,42508288,4096,7432,1694,10,10
344,360733023,1048107,3,56115712,65536,4513,739,10,10
344,360733023,1048107,4,62403072,65536,4012,660,10,10
344,360733023,1048107,5,143680512,4096,3827,881,10,10
345,361781130,1038604,0,13641728,16384,7194,1222,9,9
345,361781130,1038604,1,16797952,4096,5067,1151,9,9
345,361781130,1038604,2,1048320,65536,4869,843,9,9
345,361781130,1038604,3,1540096,65536,4779,829,9,9
345,361781130,1038604,4,3080960,65536,3850,616,9,9
345,361781130,1038604,5,4129792,65536,3570,616,9,9
345,361781130,1038604,6,2097920,16384,3515,605,9,9
346,362819734,1047685,0,42968832,65536,9292,1634,10,10
346,362819734,1047685,1,43017984,16384,8971,1579,10,10
346,362819734,1047685,2,42508288,4096,7432,1694,10,10
346,362819734,1047685,3,56115712,65536,4513,739,10,10
346,362819734,1047685,4,62403072,65536,4012,660,10,10
346,362819734,1047685,5,143680512,4096,3827,881,10,10
347,363867419,1046794,0,42968832,65536,9292,1634,10,10
347,363867419,1046794,1,43017984,16384,8971,1579,10,10
347,363867419,1046794,2,42508288,4096,7432,1694,10,10
347,363867419,1046794,3,56115712,65536,4513,739,10,10
347,363867419,1046794,4,62403072,65536,4012,660,10,10
347,363867419,1046794,5,143680512,4096,3827,881,10,10
348,364914213,1049699,0,42968832,65536,9292,1634,10,10
348,364914213,1049699,1,43017984,16384,8971,1579,10,10
348,364914213,1049699,2,42508288,4096,7432,1694,10,10
348,364914213,1049699,3,56115712,65536,4513,739,10,10
348,364914213,1049699,4,62403072,65536,4012,660,10,10
348,364914213,1049699,5,143680512,4096,3827,881,10,10
349,365963912,1044354,0,42968832,65536,9292,1634,10,10
349,365963912,1044354,1,43017984,16384,8971,1579,10,10
349,365963912,1044354,2,42508288,4096,7432,1694,10,10
349,365963912,1044354,3,56115712,65536,4513,739,10,10
349,365963912,1044354,4,62403072,65536,4012,660,10,10
349,365963912,1044354,5,143680512,4096,3827,881,10,10
350,367008266,1045634,0,42968832,65536,9292,1634,10,10
350,367008266,1045634,1,43017984,16384,8971,1579,10,10
350,367008266,1045634,2,42508288,4096,7432,1694,10,10
350,367008266,1045634,3,56115712,65536,4513,739,10,10
350,367008266,1045634,4,62403072,65536,4012,660,10,10
350,367008266,1045634,5,143680512,4096,3827,881,10,10
351,368053900,1048483,0,42968832,65536,9292,1634,10,10
351,368053900,1048483,1,43017984,16384,8971,1579,10,10
351,368053900,1048483,2,42508288,4096,7432,1694,10,10
351,368053900,1048483,3,56115712,65536,4513,739,10,10
351,368053900,1048483,4,62403072,65536,4012,660,10,10
351,368053900,1048483,5,143680512,4096,3827,881,10,10
352,369102383,1039028,0,42968832,65536,9292,1634,10,10
352,369102383,1039028,1,43017984,16384,8971,1579,10,10
352,369102383,1039028,2,42508288,4096,7432,1694,10,10
352,369102383,1039028,3,56115712,65536,4513,739,10,10
352,369102383,1039028,4,62403072,65536,4012,660,10,10
352,369102383,1039028,5,143680512,4096,3827,881,10,10
353,370141411,1044038,0,42968832,65536,9292,1634,10,10
353,370141411,1044038,1,43017984,16384,8971,1579,10,10
353,370141411,1044038,2,42508288,4096,7432,1694,10,10
353,370141411,1044038,3,56115712,65536,4513,739,10,10
353,370141411,1044038,4,62403072,65536,4012,660,10,10
353,370141411,1044038,5,143680512,4096,3827,881,10,10
354,371185449,1028861,0,40937216,16384,3475,607,6,6
354,371185449,1028861,1,48260352,16384,2363,411,6,6
354,371185449,1028861,2,46669568,65536,2175,379,6,6
354,371185449,1028861,3,46694144,16384,1815,319,6,6
354,371185449,1028861,4,118538752,16384,1571,273,6,6
354,371185449,1028861,5,117424640,65536,1412,244,6,6
354,371185449,1028861,6,47719680,65536,1258,200,6,6
355,372214310,1040341,0,40937216,16384,3475,607,6,6
355,372214310,1040341,1,48260352,16384,2363,411,6,6
355,372214310,1040341,2,46669568,65536,2175,379,6,6
355,372214310,1040341,3,46694144,16384,1815,319,6,6
355,372214310,1040341,4,118538752,16384,1571,273,6,6
355,372214310,1040341,5,117424640,65536,1412,244,6,6
355,372214310,1040341,6,47719680,65536,1258,200,6,6
356,373254651,1048341,0,42968832,65536,9292,1634,10,10
356,373254651,1048341,1,43017984,16384,8971,1579,10,10
356,373254651,1048341,2,42508288,4096,7432,1694,10,10
356,373254651,1048341,3,56115712,65536,4513,739,10,10
356,373254651,1048341,4,62403072,65536,4012,660,10,10
356,373254651,1048341,5,143680512,4096,3827,881,10,10
357,374302992,1041099,0,13641728,16384,7194,1222,9,9
357,374302992,1041099,1,16797952,4096,5067,1151,9,9
357,374302992,1041099,2,1048320,65536,4869,843,9,9
357,374302992,1041099,3,1540096,65536,4779,829,9,9
357,374302992,1041099,4,3080960,65536,3850,616,9,9
357,374302992,1041099,5,4129792,65536,3570,616,9,9
357,374302992,1041099,6,2097920,16384,3515,605,9,9
358,375344091,1048740,0,42968832,65536,9292,1634,10,10
358,375344091,1048740,1,43017984,16384,8971,1579,10,10
358,375344091,1048740,2,42508288,4096,7432,1694,10,10
358,375344091,1048740,3,56115712,65536,4513,739,10,10
358,375344091,1048740,4,62403072,65536,4012,660,10,10
358,375344091,1048740,5,143680512,4096,3827,881,10,10
359,376392831,1050647,0,42968832,65536,9292,1634,10,10
359,376392831,1050647,1,43017984,16384,8971,1579,10,10
359,376392831,1050647,2,42508288,4096,7432,1694,10,10
359,376392831,1050647,3,56115712,65536,4513,739,10,10
359,376392831,1050647,4,62403072,65536,4012,660,10,10
359,376392831,1050647,5,143680512,4096,3827,881,10,10
360,377443478,1050959,0,42968832,65536,9292,1634,10,10
360,377443478,1050959,1,43017984,16384,8971,1579,10,10
360,377443478,1050959,2,42508288,4096,7432,1694,10,10
360,377443478,1050959,3,56115712,65536,4513,739,10,10
360,377443478,1050959,4,62403072,65536,4012,660,10,10
360,377443478,1050959,5,143680512,4096,3827,881,10,10
361,378494437,1047727,0,42968832,65536,9292,1634,10,10
361,378494437,1047727,1,43017984,16384,8971,1579,10,10
361,378494437,1047727,2,42508288,4096,7432,1694,10,10
361,378494437,1047727,3,56115712,65536,4513,739,10,10
361,378494437,1047727,4,62403072,65536,4012,660,10,10
361,378494437,1047727,5,143680512,4096,3827,881,10,10
362,379542164,1044910,0,42968832,65536,9292,1634,10,10
362,379542164,1044910,1,43017984,16384,8971,1579,10,10
362,379542164,1044910,2,42508288,4096,7432,1694,10,10
362,379542164,1044910,3,56115712,65536,4513,739,10,10
362,379542164,1044910,4,62403072,65536,4012,660,10,10
362,379542164,1044910,5,143680512,4096,3827,881,10,10
363,380587074,1042556,0,42968832,65536,9292,1634,10,10
363,380587074,1042556,1,43017984,16384,8971,1579,10,10
363,380587074,1042556,2,42508288,4096,7432,1694,10,10
363,380587074,1042556,3,56115712,65536,4513,739,10,10
363,380587074,1042556,4,62403072,65536,4012,660,10,10
363,380587074,1042556,5,143680512,4096,3827,881,10,10
364,381629630,1049905,0,40937216,16384,3475,607,6,6
364,381629630,1049905,1,48260352,16384,2363,411,6,6
364,381629630,1049905,2,46669568,65536,2175,379,6,6
364,381629630,1049905,3,46694144,16384,1815,319,6,6
364,381629630,1049905,4,118538752,16384,1571,273,6,6
364,381629630,1049905,5,117424640,65536,1412,244,6,6
364,381629630,1049905,6,47719680,65536,1258,200,6,6
365,382679535,1046255,0,40937216,16384,3475,607,6,6
365,382679535,1046255,1,48260352,16384,2363,411,6,6
365,382679535,1046255,2,46669568,65536,2175,379,6,6
365,382679535,1046255,3,46694144,16384,1815,319,6,6
365,382679535,1046255,4,118538752,16384,1571,273,6,6
365,382679535,1046255,5,117424640,65536,1412,244,6,6
365,382679535,1046255,6,47719680,65536,1258,200,6,6
366,383725790,1040959,0,42968832,65536,9292,1634,10,10
366,383725790,1040959,1,43017984,16384,8971,1579,10,10
366,383725790,1040959,2,42508288,4096,7432,1694,10,10
366,383725790,1040959,3,56115712,65536,4513,739,10,10
366,383725790,1040959,4,62403072,65536,4012,660,10,10
366,383725790,1040959,5,143680512,4096,3827,881,10,10
367,384766749,1048603,0,13641728,16384,7194,1222,9,9
367,384766749,1048603,1,16797952,4096,5067,1151,9,9
367,384766749,1048603,2,1048320,65536,4869,843,9,9
367,384766749,1048603,3,1540096,65536,4779,829,9,9
367,384766749,1048603,4,3080960,65536,3850,616,9,9
367,384766749,1048603,5,4129792,65536,3570,616,9,9
367,384766749,1048603,6,2097920,16384,3515,605,9,9
368,385815352,1048175,0,42968832,65536,9292,1634,10,10
368,385815352,1048175,1,43017984,16384,8971,1579,10,10
368,385815352,1048175,2,42508288,4096,7432,1694,10,10
368,385815352,1048175,3,56115712,65536,4513,739,10,10
368,385815352,1048175,4,62403072,65536,4012,660,10,10
368,385815352,1048175,5,143680512,4096,3827,881,10,10
369,386863527,1045288,0,42968832,65536,9292,1634,10,10
369,386863527,1045288,1,43017984,16384,8971,1579,10,10
369,386863527,1045288,2,42508288,4096,7432,1694,10,10
369,386863527,1045288,3,56115712,65536,4513,739,10,10
369,386863527,1045288,4,62403072,65536,4012,660,10,10
369,386863527,1045288,5,143680512,4096,3827,881,10,10
370,387908815,1049542,0,42968832,65536,9292,1634,10,10
370,387908815,1049542,1,43017984,16384,8971,1579,10,10
370,387908815,1049542,2,42508288,4096,7432,1694,10,10
370,387908815,1049542,3,56115712,65536,4513,739,10,10
370,387908815,1049542,4,62403072,65536,4012,660,10,10
370,387908815,1049542,5,143680512,4096,3827,881,10,10
371,388958357,1054637,0,13641728,16384,7194,1222,9,9
371,388958357,1054637,1,16797952,4096,5067,1151,9,9
371,388958357,1054637,2,1048320,65536,4869,843,9,9
371,388958357,1054637,3,1540096,65536,4779,829,9,9
371,388958357,1054637,4,3080960,65536,3850,616,9,9
371,388958357,1054637,5,4129792,65536,3570,616,9,9
371,388958357,1054637,6,2097920,16384,3515,605,9,9
372,390012994,1038573,0,42968832,65536,9292,1634,10,10
372,390012994,1038573,1,43017984,16384,8971,1579,10,10
372,390012994,1038573,2,42508288,4096,7432,1694,10,10
372,390012994,1038573,3,56115712,65536,4513,739,10,10
372,390012994,1038573,4,62403072,65536,4012,660,10,10
372,390012994,1038573,5,143680512,4096,3827,881,10,10
373,391051567,1050407,0,40937216,16384,3475,607,6,6
373,391051567,1050407,1,48260352,16384,2363,411,6,6
373,391051567,1050407,2,46669568,65536,2175,379,6,6
373,391051567,1050407,3,46694144,16384,1815,319,6,6
373,391051567,1050407,4,118538752,16384,1571,273,6,6
373,391051567,1050407,5,117424640,65536,1412,244,6,6
373,391051567,1050407,6,47719680,65536,1258,200,6,6
374,392101974,1050040,0,13641728,16384,7194,1222,9,9
374,392101974,1050040,1,16797952,4096,5067,1151,9,9
374,392101974,1050040,2,1048320,65536,4869,843,9,9
374,392101974,1050040,3,1540096,65536,4779,829,9,9
374,392101974,1050040,4,3080960,65536,3850,616,9,9
374,392101974,1050040,5,4129792,65536,3570,616,9,9
374,392101974,1050040,6,2097920,16384,3515,605,9,9
375,393152014,1051028,0,13641728,16384,7194,1222,9,9
375,393152014,1051028,1,16797952,4096,5067,1151,9,9
375,393152014,1051028,2,1048320,65536,4869,843,9,9
375,393152014,1051028,3,1540096,65536,4779,829,9,9
375,393152014,1051028,4,3080960,65536,3850,616,9,9
375,393152014,1051028,5,4129792,65536,3570,616,9,9
375,393152014,1051028,6,2097920,16384,3515,605,9,9
376,394203042,1048004,0,13641728,16384,7194,1222,9,9
376,394203042,1048004,1,16797952,4096,5067,1151,9,9
376,394203042,1048004,2,1048320,65536,4869,843,9,9
376,394203042,1048004,3,1540096,65536,4779,829,9,9
376,394203042,1048004,4,3080960,65536,3850,616,9,9
376,394203042,1048004,5,4129792,65536,3570,616,9,9
376,394203042,1048004,6,2097920,16384,3515,605,9,9
377,395251046,1046860,0,40937216,16384,3475,607,6,6
377,395251046,1046860,1,48260352,16384,2363,411,6,6
377,395251046,1046860,2,46669568,65536,2175,379,6,6
377,395251046,1046860,3,46694144,16384,1815,319,6,6
377,395251046,1046860,4,118538752,16384,1571,273,6,6
377,395251046,1046860,5,117424640,65536,1412,244,6,6
377,395251046,1046860,6,47719680,65536,1258,200,6,6
378,396297906,1047627,0,40937216,16384,3475,607,6,6
378,396297906,1047627,1,48260352,16384,2363,411,6,6
378,396297906,1047627,2,46669568,65536,2175,379,6,6
378,396297906,1047627,3,46694144,16384,1815,319,6,6
378,396297906,1047627,4,118538752,16384,1571,273,6,6
378,396297906,1047627,5,117424640,65536,1412,244,6,6
378,396297906,1047627,6,47719680,65536,1258,200,6,6
379,397345533,1049370,0,13641728,16384,7194,1222,9,9
379,397345533,1049370,1,16797952,4096,5067,1151,9,9
379,397345533,1049370,2,1048320,65536,4869,843,9,9
379,397345533,1049370,3,1540096,65536,4779,829,9,9
379,397345533,1049370,4,3080960,65536,3850,616,9,9
379,397345533,1049370,5,4129792,65536,3570,616,9,9
379,397345533,1049370,6,2097920,16384,3515,605,9,9
380,398394903,1051957,0,13641728,16384,7194,1222,9,9
380,398394903,1051957,1,16797952,4096,5067,1151,9,9
380,398394903,1051957,2,1048320,65536,4869,843,9,9
380,398394903,1051957,3,1540096,65536,4779,829,9,9
380,398394903,1051957,4,3080960,65536,3850,616,9,9
380,398394903,1051957,5,4129792,65536,3570,616,9,9
380,398394903,1051957,6,2097920,16384,3515,605,9,9
381,399446860,1048161,0,13641728,16384,7194,1222,9,9
381,399446860,1048161,1,16797952,4096,5067,1151,9,9
381,399446860,1048161,2,1048320,65536,4869,843,9,9
381,399446860,1048161,3,1540096,65536,4779,829,9,9
381,399446860,1048161,4,3080960,65536,3850,616,9,9
381,399446860,1048161,5,4129792,65536,3570,616,9,9
381,399446860,1048161,6,2097920,16384,3515,605,9,9
382,400495021,1047303,0,42968832,65536,9292,1634,10,10
382,400495021,1047303,1,43017984,16384,8971,1579,10,10
382,400495021,1047303,2,42508288,4096,7432,1694,10,10
382,400495021,1047303,3,56115712,65536,4513,739,10,10
382,400495021,1047303,4,62403072,65536,4012,660,10,10
382,400495021,1047303,5,143680512,4096,3827,881,10,10
383,401542324,1047992,0,42968832,65536,9292,1634,10,10
383,401542324,1047992,1,43017984,16384,8971,1579,10,10
383,401542324,1047992,2,42508288,4096,7432,1694,10,10
383,401542324,1047992,3,56115712,65536,4513,739,10,10
383,401542324,1047992,4,62403072,65536,4012,660,10,10
383,401542324,1047992,5,143680512,4096,3827,881,10,10
384,402590316,1050597,0,42968832,65536,9292,1634,10,10
384,402590316,1050597,1,43017984,16384,8971,1579,10,10
384,402590316,1050597,2,42508288,4096,7432,1694,10,10
384,402590316,1050597,3,56115712,65536,4513,739,10,10
384,402590316,1050597,4,62403072,65536,4012,660,10,10
384,402590316,1050597,5,143680512,4096,3827,881,10,10
385,403640913,1059406,0,42968832,65536,9292,1634,10,10
385,403640913,1059406,1,43017984,16384,8971,1579,10,10
385,403640913,1059406,2,42508288,4096,7432,1694,10,10
385,403640913,1059406,3,56115712,65536,4513,739,10,10
385,403640913,1059406,4,62403072,65536,4012,660,10,10
385,403640913,1059406,5,143680512,4096,3827,881,10,10
386,404700319,1041097,0,42968832,65536,9292,1634,10,10
386,404700319,1041097,1,43017984,16384,8971,1579,10,10
386,404700319,1041097,2,42508288,4096,7432,1694,10,10
386,404700319,1041097,3,56115712,65536,4513,739,10,10
386,404700319,1041097,4,62403072,65536,4012,660,10,10
386,404700319,1041097,5,143680512,4096,3827,881,10,10
387,405741416,1048692,0,42968832,65536,9292,1634,10,10
387,405741416,1048692,1,43017984,16384,8971,1579,10,10
387,405741416,1048692,2,42508288,4096,7432,1694,10,10
387,405741416,1048692,3,56115712,65536,4513,739,10,10
387,405741416,1048692,4,62403072,65536,4012,660,10,10
387,405741416,1048692,5,143680512,4096,3827,881,10,10
388,406790108,1048822,0,42968832,65536,9292,1634,10,10
388,406790108,1048822,1,43017984,16384,8971,1579,10,10
388,406790108,1048822,2,42508288,4096,7432,1694,10,10
388,406790108,1048822,3,56115712,65536,4513,739,10,10
388,406790108,1048822,4,62403072,65536,4012,660,10,10
388,406790108,1048822,5,143680512,4096,3827,881,10,10
389,407838930,1041373,0,40937216,16384,3475,607,6,6
389,407838930,1041373,1,48260352,16384,2363,411,6,6
389,407838930,1041373,2,46669568,65536,2175,379,6,6
389,407838930,1041373,3,46694144,16384,1815,319,6,6
389,407838930,1041373,4,118538752,16384,1571,273,6,6
389,407838930,1041373,5,117424640,65536,1412,244,6,6
389,407838930,1041373,6,47719680,65536,1258,200,6,6
390,408880303,1043290,0,42968832,65536,9292,1634,10,10
390,408880303,1043290,1,43017984,16384,8971,1579,10,10
390,408880303,1043290,2,42508288,4096,7432,1694,10,10
390,408880303,1043290,3,56115712,65536,4513,739,10,10
390,408880303,1043290,4,62403072,65536,4012,660,10,10
390,408880303,1043290,5,143680512,4096,3827,881,10,10
391,409923593,1050878,0,42968832,65536,9292,1634,10,10
391,409923593,1050878,1,43017984,16384,8971,1579,10,10
391,409923593,1050878,2,42508288,4096,7432,1694,10,10
391,409923593,1050878,3,56115712,65536,4513,739,10,10
391,409923593,1050878,4,62403072,65536,4012,660,10,10
391,409923593,1050878,5,143680512,4096,3827,881,10,10
392,410974471,1049607,0,13641728,16384,7194,1222,9,9
392,410974471,1049607,1,16797952,4096,5067,1151,9,9
392,410974471,1049607,2,1048320,65536,4869,843,9,9
392,410974471,1049607,3,1540096,65536,4779,829,9,9
392,410974471,1049607,4,3080960,65536,3850,616,9,9
392,410974471,1049607,5,4129792,65536,3570,616,9,9
392,410974471,1049607,6,2097920,16384,3515,605,9,9
393,412024078,1046428,0,13641728,16384,7194,1222,9,9
393,412024078,1046428,1,16797952,4096,5067,1151,9,9
393,412024078,1046428,2,1048320,65536,4869,843,9,9
393,412024078,1046428,3,1540096,65536,4779,829,9,9
393,412024078,1046428,4,3080960,65536,3850,616,9,9
393,412024078,1046428,5,4129792,65536,3570,616,9,9
393,412024078,1046428,6,2097920,16384,3515,605,9,9
394,413070506,1049673,0,42968832,65536,9292,1634,10,10
394,413070506,1049673,1,43017984,16384,8971,1579,10,10
394,413070506,1049673,2,42508288,4096,7432,1694,10,10
394,413070506,1049673,3,56115712,65536,4513,739,10,10
394,413070506,1049673,4,62403072,65536,4012,660,10,10
394,413070506,1049673,5,143680512,4096,3827,881,10,10
395,414120179,1047416,0,13641728,16384,7194,1222,9,9
395,414120179,1047416,1,16797952,4096,5067,1151,9,9
395,414120179,1047416,2,1048320,65536,4869,843,9,9
395,414120179,1047416,3,1540096,65536,4779,829,9,9
395,414120179,1047416,4,3080960,65536,3850,616,9,9
395,414120179,1047416,5,4129792,65536,3570,616,9,9
395,414120179,1047416,6,2097920,16384,3515,605,9,9
396,415167595,1048524,0,13641728,16384,7194,1222,9,9
396,415167595,1048524,1,16797952,4096,5067,1151,9,9
396,415167595,1048524,2,1048320,65536,4869,843,9,9
396,415167595,1048524,3,1540096,65536,4779,829,9,9
396,415167595,1048524,4,3080960,65536,3850,616,9,9
396,415167595,1048524,5,4129792,65536,3570,616,9,9
396,415167595,1048524,6,2097920,16384,3515,605,9,9
397,416216119,1039686,0,40937216,16384,3475,607,6,6
397,416216119,1039686,1,48260352,16384,2363,411,6,6
397,416216119,1039686,2,46669568,65536,2175,379,6,6
397,416216119,1039686,3,46694144,16384,1815,319,6,6
397,416216119,1039686,4,118538752,16384,1571,273,6,6
397,416216119,1039686,5,117424640,65536,1412,244,6,6
397,416216119,1039686,6,47719680,65536,1258,200,6,6
398,417255805,1048044,0,40937216,16384,3475,607,6,6
398,417255805,1048044,1,48260352,16384,2363,411,6,6
398,417255805,1048044,2,46669568,65536,2175,379,6,6
398,417255805,1048044,3,46694144,16384,1815,319,6,6
398,417255805,1048044,4,118538752,16384,1571,273,6,6
398,417255805,1048044,5,117424640,65536,1412,244,6,6
398,417255805,1048044,6,47719680,65536,1258,200,6,6
399,418303849,1047728,0,40937216,16384,3475,607,6,6
399,418303849,1047728,1,48260352,16384,2363,411,6,6
399,418303849,1047728,2,46669568,65536,2175,379,6,6
399,418303849,1047728,3,46694144,16384,1815,319,6,6
399,418303849,1047728,4,118538752,16384,1571,273,6,6
399,418303849,1047728,5,117424640,65536,1412,244,6,6
399,418303849,1047728,6,47719680,65536,1258,200,6,6
400,419351577,1048012,0,40937216,16384,3475,607,6,6
400,419351577,1048012,1,48260352,16384,2363,411,6,6
400,419351577,1048012,2,46669568,65536,2175,379,6,6
400,419351577,1048012,3,46694144,16384,1815,319,6,6
400,419351577,1048012,4,118538752,16384,1571,273,6,6
400,419351577,1048012,5,117424640,65536,1412,244,6,6
400,419351577,1048012,6,47719680,65536,1258,200,6,6
401,420399589,1048979,0,42968832,65536,9292,1634,10,10
401,420399589,1048979,1,43017984,16384,8971,1579,10,10
401,420399589,1048979,2,42508288,4096,7432,1694,10,10
401,420399589,1048979,3,56115712,65536,4513,739,10,10
401,420399589,1048979,4,62403072,65536,4012,660,10,10
401,420399589,1048979,5,143680512,4096,3827,881,10,10
402,421448568,1048212,0,40937216,16384,3475,607,6,6
402,421448568,1048212,1,48260352,16384,2363,411,6,6
402,421448568,1048212,2,46669568,65536,2175,379,6,6
402,421448568,1048212,3,46694144,16384,1815,319,6,6
402,421448568,1048212,4,118538752,16384,1571,273,6,6
402,421448568,1048212,5,117424640,65536,1412,244,6,6
402,421448568,1048212,6,47719680,65536,1258,200,6,6
403,422496780,1048698,0,40937216,16384,3475,607,6,6
403,422496780,1048698,1,48260352,16384,2363,411,6,6
403,422496780,1048698,2,46669568,65536,2175,379,6,6
403,422496780,1048698,3,46694144,16384,1815,319,6,6
403,422496780,1048698,4,118538752,16384,1571,273,6,6
403,422496780,1048698,5,117424640,65536,1412,244,6,6
403,422496780,1048698,6,47719680,65536,1258,200,6,6
404,423545478,1042307,0,42968832,65536,9292,1634,10,10
404,423545478,1042307,1,43017984,16384,8971,1579,10,10
404,423545478,1042307,2,42508288,4096,7432,1694,10,10
404,423545478,1042307,3,56115712,65536,4513,739,10,10
404,423545478,1042307,4,62403072,65536,4012,660,10,10
404,423545478,1042307,5,143680512,4096,3827,881,10,10
405,424587785,1052385,0,42968832,65536,9292,1634,10,10
405,424587785,1052385,1,43017984,16384,8971,1579,10,10
405,424587785,1052385,2,42508288,4096,7432,1694,10,10
405,424587785,1052385,3,56115712,65536,4513,739,10,10
405,424587785,1052385,4,62403072,65536,4012,660,10,10
405,424587785,1052385,5,143680512,4096,3827,881,10,10
406,425640170,1044607,0,42968832,65536,9292,1634,10,10
406,425640170,1044607,1,43017984,16384,8971,1579,10,10
406,425640170,1044607,2,42508288,4096,7432,1694,10,10
406,425640170,1044607,3,56115712,65536,4513,739,10,10
406,425640170,1044607,4,62403072,65536,4012,660,10,10
406,425640170,1044607,5,143680512,4096,3827,881,10,10
407,426684777,1048625,0,13641728,16384,7194,1222,9,9
407,426684777,1048625,1,16797952,4096,5067,1151,9,9
407,426684777,1048625,2,1048320,65536,4869,843,9,9
407,426684777,1048625,3,1540096,65536,4779,829,9,9
407,426684777,1048625,4,3080960,65536,3850,616,9,9
407,426684777,1048625,5,4129792,65536,3570,616,9,9
407,426684777,1048625,6,2097920,16384,3515,605,9,9
408,427733402,1055352,0,13641728,16384,7194,1222,9,9
408,427733402,1055352,1,16797952,4096,5067,1151,9,9
408,427733402,1055352,2,1048320,65536,4869,843,9,9
408,427733402,1055352,3,1540096,65536,4779,829,9,9
408,427733402,1055352,4,3080960,65536,3850,616,9,9
408,427733402,1055352,5,4129792,65536,3570,616,9,9
408,427733402,1055352,6,2097920,16384,3515,605,9,9
409,428788754,1038252,0,42968832,65536,9292,1634,10,10
409,428788754,1038252,1,43017984,16384,8971,1579,10,10
409,428788754,1038252,2,42508288,4096,7432,1694,10,10
409,428788754,1038252,3,56115712,65536,4513,739,10,10
409,428788754,1038252,4,62403072,65536,4012,660,10,10
409,428788754,1038252,5,143680512,4096,3827,881,10,10
410,429827006,1055957,0,42968832,65536,9292,1634,10,10
410,429827006,1055957,1,43017984,16384,8971,1579,10,10
410,429827006,1055957,2,42508288,4096,7432,1694,10,10
410,429827006,1055957,3,56115712,65536,4513,739,10,10
410,429827006,1055957,4,62403072,65536,4012,660,10,10
410,429827006,1055957,5,143680512,4096,3827,881,10,10
411,430882963,1051964,0,13641728,16384,7194,1222,9,9
411,430882963,1051964,1,16797952,4096,5067,1151,9,9
411,430882963,1051964,2,1048320,65536,4869,843,9,9
411,430882963,1051964,3,1540096,65536,4779,829,9,9
411,430882963,1051964,4,3080960,65536,3850,616,9,9
411,430882963,1051964,5,4129792,65536,3570,616,9,9
411,430882963,1051964,6,2097920,16384,3515,605,9,9
412,431934927,1041992,0,13641728,16384,7194,1222,9,9
412,431934927,1041992,1,16797952,4096,5067,1151,9,9
412,431934927,1041992,2,1048320,65536,4869,843,9,9
412,431934927,1041992,3,1540096,65536,4779,829,9,9
412,431934927,1041992,4,3080960,65536,3850,616,9,9
412,431934927,1041992,5,4129792,65536,3570,616,9,9
412,431934927,1041992,6,2097920,16384,3515,605,9,9
413,432976919,1050105,0,13641728,16384,7194,1222,9,9
413,432976919,1050105,1,16797952,4096,5067,1151,9,9
413,432976919,1050105,2,1048320,65536,4869,843,9,9
413,432976919,1050105,3,1540096,65536,4779,829,9,9
413,432976919,1050105,4,3080960,65536,3850,616,9,9
413,432976919,1050105,5,4129792,65536,3570,616,9,9
413,432976919,1050105,6,2097920,16384,3515,605,9,9
414,434027024,1049104,0,13641728,16384,7194,1222,9,9
414,434027024,1049104,1,16797952,4096,5067,1151,9,9
414,434027024,1049104,2,1048320,65536,4869,843,9,9
414,434027024,1049104,3,1540096,65536,4779,829,9,9
414,434027024,1049104,4,3080960,65536,3850,616,9,9
414,434027024,1049104,5,4129792,65536,3570,616,9,9
414,434027024,1049104,6,2097920,16384,3515,605,9,9
415,435076128,1045922,0,13641728,16384,7194,1222,9,9
415,435076128,1045922,1,16797952,4096,5067,1151,9,9
415,435076128,1045922,2,1048320,65536,4869,843,9,9
415,435076128,1045922,3,1540096,65536,4779,829,9,9
415,435076128,1045922,4,3080960,65536,3850,616,9,9
415,435076128,1045922,5,4129792,65536,3570,616,9,9
415,435076128,1045922,6,2097920,16384,3515,605,9,9
416,436122050,1048541,0,13641728,16384,7194,1222,9,9
416,436122050,1048541,1,16797952,4096,5067,1151,9,9
416,436122050,1048541,2,1048320,65536,4869,843,9,9
416,436122050,1048541,3,1540096,65536,4779,829,9,9
416,436122050,1048541,4,3080960,65536,3850,616,9,9
416,436122050,1048541,5,4129792,65536,3570,616,9,9
416,436122050,1048541,6,2097920,16384,3515,605,9,9
417,437170591,1049760,0,13641728,16384,7194,1222,9,9
417,437170591,1049760,1,16797952,4096,5067,1151,9,9
417,437170591,1049760,2,1048320,65536,4869,843,9,9
417,437170591,1049760,3,1540096,65536,4779,829,9,9
417,437170591,1049760,4,3080960,65536,3850,616,9,9
417,437170591,1049760,5,4129792,65536,3570,616,9,9
417,437170591,1049760,6,2097920,16384,3515,605,9,9
418,438220351,1064821,0,42968832,65536,9292,1634,10,10
418,438220351,1064821,1,43017984,16384,8971,1579,10,10
418,438220351,1064821,2,42508288,4096,7432,1694,10,10
418,438220351,1064821,3,56115712,65536,4513,739,10,10
418,438220351,1064821,4,62403072,65536,4012,660,10,10
418,438220351,1064821,5,143680512,4096,3827,881,10,10
419,439285172,1045813,0,13641728,16384,7194,1222,9,9
419,439285172,1045813,1,16797952,4096,5067,1151,9,9
419,439285172,1045813,2,1048320,65536,4869,843,9,9
419,439285172,1045813,3,1540096,65536,4779,829,9,9
419,439285172,1045813,4,3080960,65536,3850,616,9,9
419,439285172,1045813,5,4129792,65536,3570,616,9,9
419,439285172,1045813,6,2097920,16384,3515,605,9,9
421,441379615,1058817,0,13641728,16384,7194,1222,9,9
421,441379615,1058817,1,16797952,4096,5067,1151,9,9
421,441379615,1058817,2,1048320,65536,4869,843,9,9
421,441379615,1058817,3,1540096,65536,4779,829,9,9
421,441379615,1058817,4,3080960,65536,3850,616,9,9
421,441379615,1058817,5,4129792,65536,3570,616,9,9
421,441379615,1058817,6,2097920,16384,3515,605,9,9
422,442438432,1051705,0,13641728,16384,7194,1222,9,9
422,442438432,1051705,1,16797952,4096,5067,1151,9,9
422,442438432,1051705,2,1048320,65536,4869,843,9,9
422,442438432,1051705,3,1540096,65536,4779,829,9,9
422,442438432,1051705,4,3080960,65536,3850,616,9,9
422,442438432,1051705,5,4129792,65536,3570,616,9,9
422,442438432,1051705,6,2097920,16384,3515,605,9,9
423,443490137,1051358,0,13641728,16384,7194,1222,9,9
423,443490137,1051358,1,16797952,4096,5067,1151,9,9
423,443490137,1051358,2,1048320,65536,4869,843,9,9
423,443490137,1051358,3,1540096,65536,4779,829,9,9
423,443490137,1051358,4,3080960,65536,3850,616,9,9
423,443490137,1051358,5,4129792,65536,3570,616,9,9
423,443490137,1051358,6,2097920,16384,3515,605,9,9
424,444541495,1045024,0,42968832,65536,9292,1634,10,10
424,444541495,1045024,1,43017984,16384,8971,1579,10,10
424,444541495,1045024,2,42508288,4096,7432,1694,10,10
424,444541495,1045024,3,56115712,65536,4513,739,10,10
424,444541495,1045024,4,62403072,65536,4012,660,10,10
424,444541495,1045024,5,143680512,4096,3827,881,10,10
425,445586519,1055183,0,42968832,65536,9292,1634,10,10
425,445586519,1055183,1,43017984,16384,8971,1579,10,10
425,445586519,1055183,2,42508288,4096,7432,1694,10,10
425,445586519,1055183,3,56115712,65536,4513,739,10,10
425,445586519,1055183,4,62403072,65536,4012,660,10,10
425,445586519,1055183,5,143680512,4096,3827,881,10,10
426,446641702,1048624,0,40937216,16384,3475,607,6,6
426,446641702,1048624,1,48260352,16384,2363,411,6,6
426,446641702,1048624,2,46669568,65536,2175,379,6,6
426,446641702,1048624,3,46694144,16384,1815,319,6,6
426,446641702,1048624,4,118538752,16384,1571,273,6,6
426,446641702,1048624,5,117424640,65536,1412,244,6,6
426,446641702,1048624,6,47719680,65536,1258,200,6,6
428,448742521,1048964,0,40937216,16384,3475,607,6,6
428,448742521,1048964,1,48260352,16384,2363,411,6,6
428,448742521,1048964,2,46669568,65536,2175,379,6,6
428,448742521,1048964,3,46694144,16384,1815,319,6,6
428,448742521,1048964,4,118538752,16384,1571,273,6,6
428,448742521,1048964,5,117424640,65536,1412,244,6,6
428,448742521,1048964,6,47719680,65536,1258,200,6,6
429,449791485,1047988,0,42968832,65536,9292,1634,10,10
429,449791485,1047988,1,43017984,16384,8971,1579,10,10
429,449791485,1047988,2,42508288,4096,7432,1694,10,10
429,449791485,1047988,3,56115712,65536,4513,739,10,10
429,449791485,1047988,4,62403072,65536,4012,660,10,10
429,449791485,1047988,5,143680512,4096,3827,881,10,10
430,450839473,1048996,0,447690496,65536,5954,922,0,0
430,450839473,1048996,1,448183552,65536,5214,830,0,0
431,451888469,1048228,0,451355648,16384,12378,2120,0,0
431,451888469,1048228,1,447690496,65536,5954,922,0,0
431,451888469,1048228,2,448183552,65536,5214,830,0,0
432,452936697,1048802,0,451355648,16384,12378,2120,0,0
432,452936697,1048802,1,451888640,65536,9395,1469,0,0
432,452936697,1048802,2,452870912,65536,6823,1061,0,0
432,452936697,1048802,3,447690496,65536,5954,922,0,0
432,452936697,1048802,4,448183552,65536,5214,830,0,0
433,453985499,1048967,0,40937216,16384,3475,607,6,6
433,453985499,1048967,1,48260352,16384,2363,411,6,6
433,453985499,1048967,2,46669568,65536,2175,379,6,6
433,453985499,1048967,3,46694144,16384,1815,319,6,6
433,453985499,1048967,4,118538752,16384,1571,273,6,6
433,453985499,1048967,5,117424640,65536,1412,244,6,6
433,453985499,1048967,6,47719680,65536,1258,200,6,6
434,455034466,1048436,0,42968832,65536,9292,1634,10,10
434,455034466,1048436,1,43017984,16384,8971,1579,10,10
434,455034466,1048436,2,42508288,4096,7432,1694,10,10
434,455034466,1048436,3,56115712,65536,4513,739,10,10
434,455034466,1048436,4,62403072,65536,4012,660,10,10
434,455034466,1048436,5,143680512,4096,3827,881,10,10
435,456082902,1048450,0,42968832,65536,9292,1634,10,10
435,456082902,1048450,1,43017984,16384,8971,1579,10,10
435,456082902,1048450,2,42508288,4096,7432,1694,10,10
435,456082902,1048450,3,56115712,65536,4513,739,10,10
435,456082902,1048450,4,62403072,65536,4012,660,10,10
435,456082902,1048450,5,143680512,4096,3827,881,10,10
436,457131352,1047848,0,451355648,16384,12378,2120,0,0
436,457131352,1047848,1,451888640,65536,9395,1469,0,0
436,457131352,1047848,2,452870912,65536,6823,1061,0,0
436,457131352,1047848,3,447690496,65536,5954,922,0,0
436,457131352,1047848,4,448183552,65536,5214,830,0,0
437,458179200,1048395,0,42968832,65536,9292,1634,10,10
437,458179200,1048395,1,43017984,16384,8971,1579,10,10
437,458179200,1048395,2,42508288,4096,7432,1694,10,10
437,458179200,1048395,3,456082944,16384,6397,1131,10,10
437,458179200,1048395,4,56115712,65536,4513,739,10,10
437,458179200,1048395,5,62403072,65536,4012,660,10,10
437,458179200,1048395,6,143680512,4096,3827,881,10,10
438,459227595,1048883,0,451355648,16384,12378,2120,0,0
438,459227595,1048883,1,451888640,65536,9395,1469,0,0
438,459227595,1048883,2,452870912,65536,6823,1061,0,0
438,459227595,1048883,3,447690496,65536,5954,922,0,0
438,459227595,1048883,4,448183552,65536,5214,830,0,0
439,460276478,1049257,0,451355648,16384,12378,2120,0,0
439,460276478,1049257,1,451888640,65536,9395,1469,0,0
439,460276478,1049257,2,452870912,65536,6823,1061,0,0
439,460276478,1049257,3,447690496,65536,5954,922,0,0
439,460276478,1049257,4,448183552,65536,5214,830,0,0
440,461325735,1048384,0,451355648,16384,12378,2120,0,0
440,461325735,1048384,1,451888640,65536,9395,1469,0,0
440,461325735,1048384,2,452870912,65536,6823,1061,0,0
440,461325735,1048384,3,447690496,65536,5954,922,0,0
440,461325735,1048384,4,448183552,65536,5214,830,0,0
441,462374119,1047493,0,451355648,16384,12378,2120,0,0
441,462374119,1047493,1,451888640,65536,9395,1469,0,0
441,462374119,1047493,2,452870912,65536,6823,1061,0,0
441,462374119,1047493,3,447690496,65536,5954,922,0,0
441,462374119,1047493,4,448183552,65536,5214,830,0,0
442,463421612,1048858,0,42968832,65536,9292,1634,10,10
442,463421612,1048858,1,43017984,16384,8971,1579,10,10
442,463421612,1048858,2,42508288,4096,7432,1694,10,10
442,463421612,1048858,3,456082944,16384,6397,1131,10,10
442,463421612,1048858,4,56115712,65536,4513,739,10,10
442,463421612,1048858,5,62403072,65536,4012,660,10,10
442,463421612,1048858,6,143680512,4096,3827,881,10,10
443,464470470,1048976,0,451355648,16384,12378,2120,0,0
443,464470470,1048976,1,451888640,65536,9395,1469,0,0
443,464470470,1048976,2,452870912,65536,6823,1061,0,0
443,464470470,1048976,3,447690496,65536,5954,922,0,0
443,464470470,1048976,4,448183552,65536,5214,830,0,0
444,465519446,1048625,0,451355648,16384,12378,2120,0,0
444,465519446,1048625,1,451888640,65536,9395,1469,0,0
444,465519446,1048625,2,452870912,65536,6823,1061,0,0
444,465519446,1048625,3,447690496,65536,5954,922,0,0
444,465519446,1048625,4,448183552,65536,5214,830,0,0
445,466568071,1042648,0,42968832,65536,9292,1634,10,10
445,466568071,1042648,1,43017984,16384,8971,1579,10,10
445,466568071,1042648,2,42508288,4096,7432,1694,10,10
445,466568071,1042648,3,456082944,16384,6397,1131,10,10
445,466568071,1042648,4,56115712,65536,4513,739,10,10
445,466568071,1042648,5,62403072,65536,4012,660,10,10
445,466568071,1042648,6,143680512,4096,3827,881,10,10
446,467610719,1049050,0,42968832,65536,9292,1634,10,10
446,467610719,1049050,1,43017984,16384,8971,1579,10,10
446,467610719,1049050,2,42508288,4096,7432,1694,10,10
446,467610719,1049050,3,456082944,16384,6397,1131,10,10
446,467610719,1049050,4,56115712,65536,4513,739,10,10
446,467610719,1049050,5,62403072,65536,4012,660,10,10
446,467610719,1049050,6,143680512,4096,3827,881,10,10
447,468659769,1048306,0,42968832,65536,9292,1634,10,10
447,468659769,1048306,1,43017984,16384,8971,1579,10,10
447,468659769,1048306,2,42508288,4096,7432,1694,10,10
447,468659769,1048306,3,456082944,16384,6397,1131,10,10
447,468659769,1048306,4,56115712,65536,4513,739,10,10
447,468659769,1048306,5,62403072,65536,4012,660,10,10
447,468659769,1048306,6,143680512,4096,3827,881,10,10
448,469708075,1047775,0,451355648,16384,12378,2120,0,0
448,469708075,1047775,1,451888640,65536,9395,1469,0,0
448,469708075,1047775,2,452870912,65536,6823,1061,0,0
448,469708075,1047775,3,447690496,65536,5954,922,0,0
448,469708075,1047775,4,448183552,65536,5214,830,0,0
449,470755850,1045649,0,451355648,16384,12378,2120,0,0
449,470755850,1045649,1,451888640,65536,9395,1469,0,0
449,470755850,1045649,2,452870912,65536,6823,1061,0,0
449,470755850,1045649,3,447690496,65536,5954,922,0,0
449,470755850,1045649,4,448183552,65536,5214,830,0,0
450,471801499,1048049,0,42968832,65536,9292,1634,10,10
450,471801499,1048049,1,43017984,16384,8971,1579,10,10
450,471801499,1048049,2,42508288,4096,7432,1694,10,10
450,471801499,1048049,3,456082944,16384,6397,1131,10,10
450,471801499,1048049,4,56115712,65536,4513,739,10,10
450,471801499,1048049,5,62403072,65536,4012,660,10,10
450,471801499,1048049,6,143680512,4096,3827,881,10,10
451,472849548,1048439,0,451355648,16384,12378,2120,0,0
451,472849548,1048439,1,451888640,65536,9395,1469,0,0
451,472849548,1048439,2,452870912,65536,6823,1061,0,0
451,472849548,1048439,3,447690496,65536,5954,922,0,0
451,472849548,1048439,4,448183552,65536,5214,830,0,0
451,472849548,1048439,5,471245824,65536,5163,841,0,0
452,473897987,1059005,0,451355648,16384,12378,2120,0,0
452,473897987,1059005,1,451888640,65536,9395,1469,0,0
452,473897987,1059005,2,452870912,65536,6823,1061,0,0
452,473897987,1059005,3,447690496,65536,5954,922,0,0
452,473897987,1059005,4,448183552,65536,5214,830,0,0
452,473897987,1059005,5,471245824,65536,5163,841,0,0
453,474956992,1048122,0,451355648,16384,12378,2120,0,0
453,474956992,1048122,1,451888640,65536,9395,1469,0,0
453,474956992,1048122,2,452870912,65536,6823,1061,0,0
453,474956992,1048122,3,447690496,65536,5954,922,0,0
453,474956992,1048122,4,448183552,65536,5214,830,0,0
453,474956992,1048122,5,471245824,65536,5163,841,0,0
454,476005114,1048830,0,451355648,16384,12378,2120,0,0
454,476005114,1048830,1,451888640,65536,9395,1469,0,0
454,476005114,1048830,2,452870912,65536,6823,1061,0,0
454,476005114,1048830,3,447690496,65536,5954,922,0,0
454,476005114,1048830,4,448183552,65536,5214,830,0,0
454,476005114,1048830,5,471245824,65536,5163,841,0,0
455,477053944,1049318,0,451355648,16384,12378,2120,0,0
455,477053944,1049318,1,451888640,65536,9395,1469,0,0
455,477053944,1049318,2,452870912,65536,6823,1061,0,0
455,477053944,1049318,3,447690496,65536,5954,922,0,0
455,477053944,1049318,4,448183552,65536,5214,830,0,0
455,477053944,1049318,5,471245824,65536,5163,841,0,0
456,478103262,1048852,0,13641728,16384,7194,1222,9,9
456,478103262,1048852,1,16797952,4096,5067,1151,9,9
456,478103262,1048852,2,1048320,65536,4869,843,9,9
456,478103262,1048852,3,1540096,65536,4779,829,9,9
456,478103262,1048852,4,3080960,65536,3850,616,9,9
456,478103262,1048852,5,4129792,65536,3570,616,9,9
456,478103262,1048852,6,2097920,16384,3515,605,9,9
457,479152114,1046738,0,13641728,16384,7194,1222,9,9
457,479152114,1046738,1,16797952,4096,5067,1151,9,9
457,479152114,1046738,2,1048320,65536,4869,843,9,9
457,479152114,1046738,3,1540096,65536,4779,829,9,9
457,479152114,1046738,4,3080960,65536,3850,616,9,9
457,479152114,1046738,5,4129792,65536,3570,616,9,9
457,479152114,1046738,6,2097920,16384,3515,605,9,9
458,480198852,1047896,0,451355648,16384,12378,2120,0,0
458,480198852,1047896,1,451888640,65536,9395,1469,0,0
458,480198852,1047896,2,452870912,65536,6823,1061,0,0
458,480198852,1047896,3,447690496,65536,5954,922,0,0
458,480198852,1047896,4,448183552,65536,5214,830,0,0
458,480198852,1047896,5,471245824,65536,5163,841,0,0
459,481246748,1048413,0,451355648,16384,12378,2120,0,0
459,481246748,1048413,1,451888640,65536,9395,1469,0,0
459,481246748,1048413,2,452870912,65536,6823,1061,0,0
459,481246748,1048413,3,447690496,65536,5954,922,0,0
459,481246748,1048413,4,448183552,65536,5214,830,0,0
459,481246748,1048413,5,471245824,65536,5163,841,0,0
460,482295161,1049184,0,451355648,16384,12378,2120,0,0
460,482295161,1049184,1,451888640,65536,9395,1469,0,0
460,482295161,1049184,2,452870912,65536,6823,1061,0,0
460,482295161,1049184,3,447690496,65536,5954,922,0,0
460,482295161,1049184,4,448183552,65536,5214,830,0,0
460,482295161,1049184,5,471245824,65536,5163,841,0,0
461,483344345,1048184,0,451355648,16384,12378,2120,0,0
461,483344345,1048184,1,451888640,65536,9395,1469,0,0
461,483344345,1048184,2,452870912,65536,6823,1061,0,0
461,483344345,1048184,3,447690496,65536,5954,922,0,0
461,483344345,1048184,4,448183552,65536,5214,830,0,0
461,483344345,1048184,5,471245824,65536,5163,841,0,0
462,484392529,1050368,0,451355648,16384,12378,2120,0,0
462,484392529,1050368,1,451888640,65536,9395,1469,0,0
462,484392529,1050368,2,452870912,65536,6823,1061,0,0
462,484392529,1050368,3,447690496,65536,5954,922,0,0
462,484392529,1050368,4,448183552,65536,5214,830,0,0
462,484392529,1050368,5,471245824,65536,5163,841,0,0
463,485442897,1047962,0,451355648,16384,12378,2120,0,0
463,485442897,1047962,1,451888640,65536,9395,1469,0,0
463,485442897,1047962,2,452870912,65536,6823,1061,0,0
463,485442897,1047962,3,447690496,65536,5954,922,0,0
463,485442897,1047962,4,448183552,65536,5214,830,0,0
463,485442897,1047962,5,471245824,65536,5163,841,0,0
464,486490859,1049387,0,451355648,16384,12378,2120,0,0
464,486490859,1049387,1,451888640,65536,9395,1469,0,0
464,486490859,1049387,2,452870912,65536,6823,1061,0,0
464,486490859,1049387,3,447690496,65536,5954,922,0,0
464,486490859,1049387,4,485934080,65536,5910,972,0,0
464,486490859,1049387,5,448183552,65536,5214,830,0,0
464,486490859,1049387,6,471245824,65536,5163,841,0,0
465,487540246,1047893,0,451355648,16384,12378,2120,0,0
465,487540246,1047893,1,451888640,65536,9395,1469,0,0
465,487540246,1047893,2,452870912,65536,6823,1061,0,0
465,487540246,1047893,3,447690496,65536,5954,922,0,0
465,487540246,1047893,4,485934080,65536,5910,972,0,0
465,487540246,1047893,5,448183552,65536,5214,830,0,0
465,487540246,1047893,6,471245824,65536,5163,841,0,0
466,488588139,1047723,0,451355648,16384,12378,2120,0,0
466,488588139,1047723,1,451888640,65536,9395,1469,0,0
466,488588139,1047723,2,452870912,65536,6823,1061,0,0
466,488588139,1047723,3,447690496,65536,5954,922,0,0
466,488588139,1047723,4,485934080,65536,5910,972,0,0
466,488588139,1047723,5,448183552,65536,5214,830,0,0
466,488588139,1047723,6,471245824,65536,5163,841,0,0
467,489635862,1048909,0,13641728,16384,7194,1222,9,9
467,489635862,1048909,1,16797952,4096,5067,1151,9,9
467,489635862,1048909,2,1048320,65536,4869,843,9,9
467,489635862,1048909,3,1540096,65536,4779,829,9,9
467,489635862,1048909,4,3080960,65536,3850,616,9,9
467,489635862,1048909,5,4129792,65536,3570,616,9,9
467,489635862,1048909,6,2097920,16384,3515,605,9,9
468,490684771,1048061,0,451355648,16384,12378,2120,0,0
468,490684771,1048061,1,451888640,65536,9395,1469,0,0
468,490684771,1048061,2,452870912,65536,6823,1061,0,0
468,490684771,1048061,3,447690496,65536,5954,922,0,0
468,490684771,1048061,4,485934080,65536,5910,972,0,0
468,490684771,1048061,5,448183552,65536,5214,830,0,0
468,490684771,1048061,6,471245824,65536,5163,841,0,0
469,491732832,1048181,0,42968832,65536,9292,1634,10,10
469,491732832,1048181,1,43017984,16384,8971,1579,10,10
469,491732832,1048181,2,42508288,4096,7432,1694,10,10
469,491732832,1048181,3,456082944,16384,6397,1131,10,10
469,491732832,1048181,4,56115712,65536,4513,739,10,10
469,491732832,1048181,5,62403072,65536,4012,660,10,10
469,491732832,1048181,6,143680512,4096,3827,881,10,10
470,492781013,1047740,0,451355648,16384,12378,2120,0,0
470,492781013,1047740,1,451888640,65536,9395,1469,0,0
470,492781013,1047740,2,452870912,65536,6823,1061,0,0
470,492781013,1047740,3,447690496,65536,5954,922,0,0
470,492781013,1047740,4,485934080,65536,5910,972,0,0
470,492781013,1047740,5,448183552,65536,5214,830,0,0
470,492781013,1047740,6,471245824,65536,5163,841,0,0
471,493828753,1049457,0,451355648,16384,12378,2120,0,0
471,493828753,1049457,1,451888640,65536,9395,1469,0,0
471,493828753,1049457,2,452870912,65536,6823,1061,0,0
471,493828753,1049457,3,447690496,65536,5954,922,0,0
471,493828753,1049457,4,485934080,65536,5910,972,0,0
471,493828753,1049457,5,448183552,65536,5214,830,0,0
471,493828753,1049457,6,471245824,65536,5163,841,0,0
472,494878210,1048247,0,451355648,16384,12378,2120,0,0
472,494878210,1048247,1,451888640,65536,9395,1469,0,0
472,494878210,1048247,2,452870912,65536,6823,1061,0,0
472,494878210,1048247,3,447690496,65536,5954,922,0,0
472,494878210,1048247,4,485934080,65536,5910,972,0,0
472,494878210,1048247,5,448183552,65536,5214,830,0,0
472,494878210,1048247,6,471245824,65536,5163,841,0,0
473,495926457,1048643,0,451355648,16384,12378,2120,0,0
473,495926457,1048643,1,451888640,65536,9395,1469,0,0
473,495926457,1048643,2,452870912,65536,6823,1061,0,0
473,495926457,1048643,3,447690496,65536,5954,922,0,0
473,495926457,1048643,4,485934080,65536,5910,972,0,0
473,495926457,1048643,5,448183552,65536,5214,830,0,0
473,495926457,1048643,6,471245824,65536,5163,841,0,0
474,496975100,1048117,0,451355648,16384,12378,2120,0,0
474,496975100,1048117,1,451888640,65536,9395,1469,0,0
474,496975100,1048117,2,452870912,65536,6823,1061,0,0
474,496975100,1048117,3,447690496,65536,5954,922,0,0
474,496975100,1048117,4,485934080,65536,5910,972,0,0
474,496975100,1048117,5,448183552,65536,5214,830,0,0
474,496975100,1048117,6,471245824,65536,5163,841,0,0
475,498023217,1048878,0,42968832,65536,9292,1634,10,10
475,498023217,1048878,1,43017984,16384,8971,1579,10,10
475,498023217,1048878,2,42508288,4096,7432,1694,10,10
475,498023217,1048878,3,456082944,16384,6397,1131,10,10
475,498023217,1048878,4,56115712,65536,4513,739,10,10
475,498023217,1048878,5,62403072,65536,4012,660,10,10
475,498023217,1048878,6,143680512,4096,3827,881,10,10
476,499072095,1047966,0,451355648,16384,12378,2120,0,0
476,499072095,1047966,1,451888640,65536,9395,1469,0,0
476,499072095,1047966,2,452870912,65536,6823,1061,0,0
476,499072095,1047966,3,447690496,65536,5954,922,0,0
476,499072095,1047966,4,485934080,65536,5910,972,0,0
476,499072095,1047966,5,448183552,65536,5214,830,0,0
476,499072095,1047966,6,471245824,65536,5163,841,0,0
477,500120061,1048419,0,451355648,16384,12378,2120,0,0
477,500120061,1048419,1,451888640,65536,9395,1469,0,0
477,500120061,1048419,2,452870912,65536,6823,1061,0,0
477,500120061,1048419,3,447690496,65536,5954,922,0,0
477,500120061,1048419,4,485934080,65536,5910,972,0,0
477,500120061,1048419,5,448183552,65536,5214,830,0,0
477,500120061,1048419,6,471245824,65536,5163,841,0,0
478,501168480,1047973,0,451355648,16384,12378,2120,0,0
478,501168480,1047973,1,451888640,65536,9395,1469,0,0
478,501168480,1047973,2,452870912,65536,6823,1061,0,0
478,501168480,1047973,3,447690496,65536,5954,922,0,0
478,501168480,1047973,4,485934080,65536,5910,972,0,0
478,501168480,1047973,5,448183552,65536,5214,830,0,0
478,501168480,1047973,6,471245824,65536,5163,841,0,0
479,502216453,1049001,0,451355648,16384,12378,2120,0,0
479,502216453,1049001,1,451888640,65536,9395,1469,0,0
479,502216453,1049001,2,452870912,65536,6823,1061,0,0
479,502216453,1049001,3,447690496,65536,5954,922,0,0
479,502216453,1049001,4,485934080,65536,5910,972,0,0
479,502216453,1049001,5,448183552,65536,5214,830,0,0
479,502216453,1049001,6,471245824,65536,5163,841,0,0
480,503265454,1048905,0,42968832,65536,9292,1634,10,10
480,503265454,1048905,1,43017984,16384,8971,1579,10,10
480,503265454,1048905,2,42508288,4096,7432,1694,10,10
480,503265454,1048905,3,456082944,16384,6397,1131,10,10
480,503265454,1048905,4,56115712,65536,4513,739,10,10
480,503265454,1048905,5,62403072,65536,4012,660,10,10
480,503265454,1048905,6,143680512,4096,3827,881,10,10
481,504314359,1048508,0,40937216,16384,3475,607,6,6
481,504314359,1048508,1,48260352,16384,2363,411,6,6
481,504314359,1048508,2,46669568,65536,2175,379,6,6
481,504314359,1048508,3,46694144,16384,1815,319,6,6
481,504314359,1048508,4,118538752,16384,1571,273,6,6
481,504314359,1048508,5,117424640,65536,1412,244,6,6
481,504314359,1048508,6,47719680,65536,1258,200,6,6
482,505362867,1048252,0,42968832,65536,9292,1634,10,10
482,505362867,1048252,1,43017984,16384,8971,1579,10,10
482,505362867,1048252,2,42508288,4096,7432,1694,10,10
482,505362867,1048252,3,456082944,16384,6397,1131,10,10
482,505362867,1048252,4,56115712,65536,4513,739,10,10
482,505362867,1048252,5,62403072,65536,4012,660,10,10
482,505362867,1048252,6,143680512,4096,3827,881,10,10
483,506411119,1048772,0,42968832,65536,9292,1634,10,10
483,506411119,1048772,1,43017984,16384,8971,1579,10,10
483,506411119,1048772,2,42508288,4096,7432,1694,10,10
483,506411119,1048772,3,456082944,16384,6397,1131,10,10
483,506411119,1048772,4,56115712,65536,4513,739,10,10
483,506411119,1048772,5,62403072,65536,4012,660,10,10
483,506411119,1048772,6,143680512,4096,3827,881,10,10
484,507459891,1047773,0,13641728,16384,7194,1222,9,9
484,507459891,1047773,1,16797952,4096,5067,1151,9,9
484,507459891,1047773,2,1048320,65536,4869,843,9,9
484,507459891,1047773,3,1540096,65536,4779,829,9,9
484,507459891,1047773,4,3080960,65536,3850,616,9,9
484,507459891,1047773,5,4129792,65536,3570,616,9,9
484,507459891,1047773,6,2097920,16384,3515,605,9,9
485,508507664,1048084,0,42968832,65536,9292,1634,10,10
485,508507664,1048084,1,43017984,16384,8971,1579,10,10
485,508507664,1048084,2,42508288,4096,7432,1694,10,10
485,508507664,1048084,3,456082944,16384,6397,1131,10,10
485,508507664,1048084,4,56115712,65536,4513,739,10,10
485,508507664,1048084,5,62403072,65536,4012,660,10,10
485,508507664,1048084,6,143680512,4096,3827,881,10,10
486,509555748,1047394,0,42968832,65536,9292,1634,10,10
486,509555748,1047394,1,43017984,16384,8971,1579,10,10
486,509555748,1047394,2,42508288,4096,7432,1694,10,10
486,509555748,1047394,3,456082944,16384,6397,1131,10,10
486,509555748,1047394,4,56115712,65536,4513,739,10,10
486,509555748,1047394,5,62403072,65536,4012,660,10,10
486,509555748,1047394,6,143680512,4096,3827,881,10,10
487,510603142,1048535,0,451355648,16384,12378,2120,0,0
487,510603142,1048535,1,451888640,65536,9395,1469,0,0
487,510603142,1048535,2,452870912,65536,6823,1061,0,0
487,510603142,1048535,3,447690496,65536,5954,922,0,0
487,510603142,1048535,4,485934080,65536,5910,972,0,0
487,510603142,1048535,5,448183552,65536,5214,830,0,0
487,510603142,1048535,6,471245824,65536,5163,841,0,0
488,511651677,1048310,0,42968832,65536,9292,1634,10,10
488,511651677,1048310,1,43017984,16384,8971,1579,10,10
488,511651677,1048310,2,42508288,4096,7432,1694,10,10
488,511651677,1048310,3,456082944,16384,6397,1131,10,10
488,511651677,1048310,4,56115712,65536,4513,739,10,10
488,511651677,1048310,5,62403072,65536,4012,660,10,10
488,511651677,1048310,6,143680512,4096,3827,881,10,10
489,512699987,1048981,0,42968832,65536,9292,1634,10,10
489,512699987,1048981,1,43017984,16384,8971,1579,10,10
489,512699987,1048981,2,42508288,4096,7432,1694,10,10
489,512699987,1048981,3,456082944,16384,6397,1131,10,10
489,512699987,1048981,4,56115712,65536,4513,739,10,10
489,512699987,1048981,5,62403072,65536,4012,660,10,10
489,512699987,1048981,6,143680512,4096,3827,881,10,10
490,513748968,1047901,0,451355648,16384,12378,2120,0,0
490,513748968,1047901,1,451888640,65536,9395,1469,0,0
490,513748968,1047901,2,452870912,65536,6823,1061,0,0
490,513748968,1047901,3,447690496,65536,5954,922,0,0
490,513748968,1047901,4,485934080,65536,5910,972,0,0
490,513748968,1047901,5,448183552,65536,5214,830,0,0
490,513748968,1047901,6,471245824,65536,5163,841,0,0
491,514796869,1048256,0,451355648,16384,12378,2120,0,0
491,514796869,1048256,1,451888640,65536,9395,1469,0,0
491,514796869,1048256,2,452870912,65536,6823,1061,0,0
491,514796869,1048256,3,447690496,65536,5954,922,0,0
491,514796869,1048256,4,485934080,65536,5910,972,0,0
491,514796869,1048256,5,448183552,65536,5214,830,0,0
491,514796869,1048256,6,471245824,65536,5163,841,0,0
492,515845125,1049095,0,451355648,16384,12378,2120,0,0
492,515845125,1049095,1,451888640,65536,9395,1469,0,0
492,515845125,1049095,2,452870912,65536,6823,1061,0,0
492,515845125,1049095,3,447690496,65536,5954,922,0,0
492,515845125,1049095,4,485934080,65536,5910,972,0,0
492,515845125,1049095,5,448183552,65536,5214,830,0,0
492,515845125,1049095,6,471245824,65536,5163,841,0,0
493,516894220,1049390,0,451355648,16384,12378,2120,0,0
493,516894220,1049390,1,451888640,65536,9395,1469,0,0
493,516894220,1049390,2,452870912,65536,6823,1061,0,0
493,516894220,1049390,3,447690496,65536,5954,922,0,0
493,516894220,1049390,4,485934080,65536,5910,972,0,0
493,516894220,1049390,5,448183552,65536,5214,830,0,0
493,516894220,1049390,6,471245824,65536,5163,841,0,0
494,517943610,1047909,0,451355648,16384,12378,2120,0,0
494,517943610,1047909,1,451888640,65536,9395,1469,0,0
494,517943610,1047909,2,452870912,65536,6823,1061,0,0
494,517943610,1047909,3,447690496,65536,5954,922,0,0
494,517943610,1047909,4,485934080,65536,5910,972,0,0
494,517943610,1047909,5,448183552,65536,5214,830,0,0
494,517943610,1047909,6,471245824,65536,5163,841,0,0
495,518991519,1048192,0,451355648,16384,12378,2120,0,0
495,518991519,1048192,1,451888640,65536,9395,1469,0,0
495,518991519,1048192,2,452870912,65536,6823,1061,0,0
495,518991519,1048192,3,447690496,65536,5954,922,0,0
495,518991519,1048192,4,485934080,65536,5910,972,0,0
495,518991519,1048192,5,448183552,65536,5214,830,0,0
495,518991519,1048192,6,471245824,65536,5163,841,0,0
496,520039711,1049031,0,451355648,16384,12378,2120,0,0
496,520039711,1049031,1,451888640,65536,9395,1469,0,0
496,520039711,1049031,2,452870912,65536,6823,1061,0,0
496,520039711,1049031,3,447690496,65536,5954,922,0,0
496,520039711,1049031,4,485934080,65536,5910,972,0,0
496,520039711,1049031,5,448183552,65536,5214,830,0,0
496,520039711,1049031,6,471245824,65536,5163,841,0,0
497,521088742,1048925,0,451355648,16384,12378,2120,0,0
497,521088742,1048925,1,451888640,65536,9395,1469,0,0
497,521088742,1048925,2,452870912,65536,6823,1061,0,0
497,521088742,1048925,3,447690496,65536,5954,922,0,0
497,521088742,1048925,4,485934080,65536,5910,972,0,0
497,521088742,1048925,5,448183552,65536,5214,830,0,0
497,521088742,1048925,6,471245824,65536,5163,841,0,0
498,522137667,1048041,0,451355648,16384,12378,2120,0,0
498,522137667,1048041,1,451888640,65536,9395,1469,0,0
498,522137667,1048041,2,452870912,65536,6823,1061,0,0
498,522137667,1048041,3,447690496,65536,5954,922,0,0
498,522137667,1048041,4,485934080,65536,5910,972,0,0
498,522137667,1048041,5,448183552,65536,5214,830,0,0
498,522137667,1048041,6,471245824,65536,5163,841,0,0
499,523185708,1047713,0,451355648,16384,12378,2120,0,0
499,523185708,1047713,1,451888640,65536,9395,1469,0,0
499,523185708,1047713,2,452870912,65536,6823,1061,0,0
499,523185708,1047713,3,447690496,65536,5954,922,0,0
499,523185708,1047713,4,485934080,65536,5910,972,0,0
499,523185708,1047713,5,448183552,65536,5214,830,0,0
499,523185708,1047713,6,471245824,65536,5163,841,0,0
500,524233421,1037778,0,451355648,16384,12378,2120,0,0
500,524233421,1037778,1,451888640,65536,9395,1469,0,0
500,524233421,1037778,2,452870912,65536,6823,1061,0,0
500,524233421,1037778,3,447690496,65536,5954,922,0,0
500,524233421,1037778,4,485934080,65536,5910,972,0,0
500,524233421,1037778,5,448183552,65536,5214,830,0,0
500,524233421,1037778,6,471245824,65536,5163,841,0,0
501,525271199,1046106,0,40937216,16384,3475,607,6,6
501,525271199,1046106,1,48260352,16384,2363,411,6,6
501,525271199,1046106,2,46669568,65536,2175,379,6,6
501,525271199,1046106,3,46694144,16384,1815,319,6,6
501,525271199,1046106,4,118538752,16384,1571,273,6,6
501,525271199,1046106,5,117424640,65536,1412,244,6,6
501,525271199,1046106,6,47719680,65536,1258,200,6,6
502,526317305,1047880,0,40937216,16384,3475,607,6,6
502,526317305,1047880,1,48260352,16384,2363,411,6,6
502,526317305,1047880,2,46669568,65536,2175,379,6,6
502,526317305,1047880,3,46694144,16384,1815,319,6,6
502,526317305,1047880,4,118538752,16384,1571,273,6,6
502,526317305,1047880,5,117424640,65536,1412,244,6,6
502,526317305,1047880,6,47719680,65536,1258,200,6,6
503,527365185,1048580,0,42968832,65536,9292,1634,10,10
503,527365185,1048580,1,43017984,16384,8971,1579,10,10
503,527365185,1048580,2,42508288,4096,7432,1694,10,10
503,527365185,1048580,3,456082944,16384,6397,1131,10,10
503,527365185,1048580,4,56115712,65536,4513,739,10,10
503,527365185,1048580,5,62403072,65536,4012,660,10,10
503,527365185,1048580,6,143680512,4096,3827,881,10,10
505,529462376,1048479,0,42968832,65536,9292,1634,10,10
505,529462376,1048479,1,43017984,16384,8971,1579,10,10
505,529462376,1048479,2,42508288,4096,7432,1694,10,10
505,529462376,1048479,3,456082944,16384,6397,1131,10,10
505,529462376,1048479,4,56115712,65536,4513,739,10,10
505,529462376,1048479,5,62403072,65536,4012,660,10,10
505,529462376,1048479,6,143680512,4096,3827,881,10,10
506,530510855,1048352,0,13641728,16384,7194,1222,9,9
506,530510855,1048352,1,16797952,4096,5067,1151,9,9
506,530510855,1048352,2,1048320,65536,4869,843,9,9
506,530510855,1048352,3,1540096,65536,4779,829,9,9
506,530510855,1048352,4,3080960,65536,3850,616,9,9
506,530510855,1048352,5,4129792,65536,3570,616,9,9
506,530510855,1048352,6,2097920,16384,3515,605,9,9
507,531559207,1048646,0,13641728,16384,7194,1222,9,9
507,531559207,1048646,1,16797952,4096,5067,1151,9,9
507,531559207,1048646,2,1048320,65536,4869,843,9,9
507,531559207,1048646,3,1540096,65536,4779,829,9,9
507,531559207,1048646,4,3080960,65536,3850,616,9,9
507,531559207,1048646,5,4129792,65536,3570,616,9,9
507,531559207,1048646,6,2097920,16384,3515,605,9,9
508,532607853,1048529,0,13641728,16384,7194,1222,9,9
508,532607853,1048529,1,16797952,4096,5067,1151,9,9
508,532607853,1048529,2,1048320,65536,4869,843,9,9
508,532607853,1048529,3,1540096,65536,4779,829,9,9
508,532607853,1048529,4,3080960,65536,3850,616,9,9
508,532607853,1048529,5,4129792,65536,3570,616,9,9
508,532607853,1048529,6,2097920,16384,3515,605,9,9
509,533656382,1047603,0,13641728,16384,7194,1222,9,9
509,533656382,1047603,1,16797952,4096,5067,1151,9,9
509,533656382,1047603,2,1048320,65536,4869,843,9,9
509,533656382,1047603,3,1540096,65536,4779,829,9,9
509,533656382,1047603,4,3080960,65536,3850,616,9,9
509,533656382,1047603,5,4129792,65536,3570,616,9,9
509,533656382,1047603,6,2097920,16384,3515,605,9,9
510,534703985,1048494,0,13641728,16384,7194,1222,9,9
510,534703985,1048494,1,16797952,4096,5067,1151,9,9
510,534703985,1048494,2,1048320,65536,4869,843,9,9
510,534703985,1048494,3,1540096,65536,4779,829,9,9
510,534703985,1048494,4,3080960,65536,3850,616,9,9
510,534703985,1048494,5,4129792,65536,3570,616,9,9
510,534703985,1048494,6,2097920,16384,3515,605,9,9
511,535752479,1045767,0,13641728,16384,7194,1222,9,9
511,535752479,1045767,1,16797952,4096,5067,1151,9,9
511,535752479,1045767,2,1048320,65536,4869,843,9,9
511,535752479,1045767,3,1540096,65536,4779,829,9,9
511,535752479,1045767,4,3080960,65536,3850,616,9,9
511,535752479,1045767,5,4129792,65536,3570,616,9,9
511,535752479,1045767,6,2097920,16384,3515,605,9,9
512,536798246,1049206,0,42968832,65536,9292,1634,10,10
512,536798246,1049206,1,43017984,16384,8971,1579,10,10
512,536798246,1049206,2,42508288,4096,7432,1694,10,10
512,536798246,1049206,3,456082944,16384,6397,1131,10,10
512,536798246,1049206,4,56115712,65536,4513,739,10,10
512,536798246,1049206,5,62403072,65536,4012,660,10,10
512,536798246,1049206,6,143680512,4096,3827,881,10,10
513,537847452,1054600,0,13641728,16384,7194,1222,9,9
513,537847452,1054600,1,16797952,4096,5067,1151,9,9
513,537847452,1054600,2,1048320,65536,4869,843,9,9
513,537847452,1054600,3,1540096,65536,4779,829,9,9
513,537847452,1054600,4,3080960,65536,3850,616,9,9
513,537847452,1054600,5,4129792,65536,3570,616,9,9
513,537847452,1054600,6,2097920,16384,3515,605,9,9
514,538902052,946727,0,13641728,16384,7194,1222,9,9
514,538902052,946727,1,16797952,4096,5067,1151,9,9
514,538902052,946727,2,1048320,65536,4869,843,9,9
514,538902052,946727,3,1540096,65536,4779,829,9,9
514,538902052,946727,4,3080960,65536,3850,616,9,9
514,538902052,946727,5,4129792,65536,3570,616,9,9
514,538902052,946727,6,2097920,16384,3515,605,9,9
515,539848779,1020241,0,13641728,16384,7194,1222,9,9
515,539848779,1020241,1,16797952,4096,5067,1151,9,9
515,539848779,1020241,2,1048320,65536,4869,843,9,9
515,539848779,1020241,3,1540096,65536,4779,829,9,9
515,539848779,1020241,4,3080960,65536,3850,616,9,9
515,539848779,1020241,5,4129792,65536,3570,616,9,9
515,539848779,1020241,6,2097920,16384,3515,605,9,9
516,540869020,1239141,0,13641728,16384,7194,1222,9,9
516,540869020,1239141,1,16797952,4096,5067,1151,9,9
516,540869020,1239141,2,1048320,65536,4869,843,9,9
516,540869020,1239141,3,1540096,65536,4779,829,9,9
516,540869020,1239141,4,3080960,65536,3850,616,9,9
516,540869020,1239141,5,4129792,65536,3570,616,9,9
516,540869020,1239141,6,2097920,16384,3515,605,9,9
517,542108161,900155,0,13641728,16384,7194,1222,9,9
517,542108161,900155,1,16797952,4096,5067,1151,9,9
517,542108161,900155,2,1048320,65536,4869,843,9,9
517,542108161,900155,3,1540096,65536,4779,829,9,9
517,542108161,900155,4,3080960,65536,3850,616,9,9
517,542108161,900155,5,4129792,65536,3570,616,9,9
517,542108161,900155,6,2097920,16384,3515,605,9,9
518,543008316,991756,0,13641728,16384,7194,1222,9,9
518,543008316,991756,1,16797952,4096,5067,1151,9,9
518,543008316,991756,2,1048320,65536,4869,843,9,9
518,543008316,991756,3,1540096,65536,4779,829,9,9
518,543008316,991756,4,3080960,65536,3850,616,9,9
518,543008316,991756,5,4129792,65536,3570,616,9,9
518,543008316,991756,6,2097920,16384,3515,605,9,9
519,544000072,1046560,0,13641728,16384,7194,1222,9,9
519,544000072,1046560,1,16797952,4096,5067,1151,9,9
519,544000072,1046560,2,1048320,65536,4869,843,9,9
519,544000072,1046560,3,1540096,65536,4779,829,9,9
519,544000072,1046560,4,3080960,65536,3850,616,9,9
519,544000072,1046560,5,4129792,65536,3570,616,9,9
519,544000072,1046560,6,2097920,16384,3515,605,9,9
520,545046632,1048587,0,42968832,65536,9292,1634,10,10
520,545046632,1048587,1,43017984,16384,8971,1579,10,10
520,545046632,1048587,2,42508288,4096,7432,1694,10,10
520,545046632,1048587,3,456082944,16384,6397,1131,10,10
520,545046632,1048587,4,56115712,65536,4513,739,10,10
520,545046632,1048587,5,62403072,65536,4012,660,10,10
520,545046632,1048587,6,143680512,4096,3827,881,10,10
521,546095219,1048565,0,528935936,4096,22724,4426,1,1
521,546095219,1048565,1,529445888,16384,18665,3439,1,1
521,546095219,1048565,2,528929792,16384,9316,1762,1,1
522,547143784,1048619,0,528935936,4096,22724,4426,1,1
522,547143784,1048619,1,529445888,16384,18665,3439,1,1
522,547143784,1048619,2,528929792,16384,9316,1762,1,1
523,548192403,1048565,0,528935936,4096,22724,4426,1,1
523,548192403,1048565,1,529445888,16384,18665,3439,1,1
523,548192403,1048565,2,528929792,16384,9316,1762,1,1
523,548192403,1048565,3,547143936,4096,9099,1989,1,1
524,549240968,1048632,0,528935936,4096,22724,4426,1,1
524,549240968,1048632,1,529445888,16384,18665,3439,1,1
524,549240968,1048632,2,528929792,16384,9316,1762,1,1
524,549240968,1048632,3,547143936,4096,9099,1989,1,1
525,550289600,1048564,0,528935936,4096,22724,4426,1,1
525,550289600,1048564,1,529445888,16384,18665,3439,1,1
525,550289600,1048564,2,528929792,16384,9316,1762,1,1
525,550289600,1048564,3,547143936,4096,9099,1989,1,1
525,550289600,1048564,4,549241088,16384,6507,1235,1,1
526,551338164,1048610,0,528935936,4096,22724,4426,1,1
526,551338164,1048610,1,529445888,16384,18665,3439,1,1
526,551338164,1048610,2,528929792,16384,9316,1762,1,1
526,551338164,1048610,3,547143936,4096,9099,1989,1,1
526,551338164,1048610,4,550811648,4096,7740,1722,1,1
526,551338164,1048610,5,550289664,16384,6663,1297,1,1
526,551338164,1048610,6,549241088,16384,6507,1235,1,1
527,552386774,1048606,0,528935936,4096,22724,4426,1,1
527,552386774,1048606,1,529445888,16384,18665,3439,1,1
527,552386774,1048606,2,528929792,16384,9316,1762,1,1
527,552386774,1048606,3,547143936,4096,9099,1989,1,1
527,552386774,1048606,4,550811648,4096,7740,1722,1,1
527,552386774,1048606,5,550289664,16384,6663,1297,1,1
527,552386774,1048606,6,549241088,16384,6507,1235,1,1
528,553435380,1048533,0,528935936,4096,22724,4426,1,1
528,553435380,1048533,1,529445888,16384,18665,3439,1,1
528,553435380,1048533,2,528929792,16384,9316,1762,1,1
528,553435380,1048533,3,547143936,4096,9099,1989,1,1
528,553435380,1048533,4,550811648,4096,7740,1722,1,1
528,553435380,1048533,5,550289664,16384,6663,1297,1,1
528,553435380,1048533,6,549241088,16384,6507,1235,1,1
529,554483913,383400,0,528935936,4096,22724,4426,1,1
529,554483913,383400,1,529445888,16384,18665,3439,1,1
529,554483913,383400,2,528929792,16384,9316,1762,1,1
529,554483913,383400,3,547143936,4096,9099,1989,1,1
529,554483913,383400,4,550811648,4096,7740,1722,1,1
529,554483913,383400,5,550289664,16384,6663,1297,1,1
529,554483913,383400,6,549241088,16384,6507,1235,1,1
