pack_id,recipient_offset,recipient_length,candidate_rank,donor_offset,donor_length,phrase_score,signature_hits,recipient_class,donor_class
1,1048219,1049689,0,982528,65536,482,80,9,9
1,1048219,1049689,1,491264,65536,457,75,9,9
1,1048219,1049689,2,0,65536,290,50,9,9
1,1048219,1049689,3,1031680,16384,208,34,9,9
1,1048219,1049689,4,0,16384,159,29,9,9
1,1048219,1049689,5,0,4096,120,26,9,9
1,1048219,1049689,6,515840,16384,66,10,9,9
1,1048219,1049689,7,521984,4096,51,13,9,9
1,1048219,1049689,8,523520,1024,42,16,9,9
1,1048219,1049689,9,523776,256,31,11,9,9
1,1048219,1049689,10,1043968,4096,22,6,9,9
1,1048219,1049689,11,0,1024,21,7,9,9
2,2097908,1048760,0,1048320,65536,215,35,9,9
2,2097908,1048760,1,982528,65536,126,20,9,9
2,2097908,1048760,2,1540096,65536,125,21,9,9
2,2097908,1048760,3,491264,65536,114,18,9,9
2,2097908,1048760,4,0,65536,90,14,9,9
2,2097908,1048760,5,0,16384,74,14,9,9
2,2097908,1048760,6,0,4096,67,13,9,9
2,2097908,1048760,7,0,1024,43,9,9,9
2,2097908,1048760,8,1031680,16384,36,6,9,9
2,2097908,1048760,9,523520,1024,29,13,9,9
2,2097908,1048760,10,1048320,4096,22,4,9,9
2,2097908,1048760,11,1048320,16384,22,4,9,9
3,3146668,1048846,0,1048320,65536,48,8,9,9
3,3146668,1048846,1,1540096,65536,48,8,9,9
3,3146668,1048846,2,2097920,16384,48,8,9,9
3,3146668,1048846,3,3080960,65536,42,6,9,9
3,3146668,1048846,4,0,1024,12,2,9,9
3,3146668,1048846,5,3130112,16384,42,6,9,9
3,3146668,1048846,6,0,4096,12,2,9,9
3,3146668,1048846,7,0,16384,12,2,9,9
5,5243475,1048325,0,5177856,65536,96,14,10,10
5,5243475,1048325,1,4195584,256,29,7,10,10
5,5243475,1048325,2,4195584,1024,29,7,10,10
5,5243475,1048325,3,5239296,4096,8,2,10,10
6,6291800,1050555,0,1048320,65536,33,5,9,9
6,6291800,1050555,1,1540096,65536,33,5,9,9
6,6291800,1050555,2,2097920,16384,33,5,9,9
6,6291800,1050555,3,4129792,65536,33,5,9,9
6,6291800,1050555,4,523520,1024,3,1,9,9
6,6291800,1050555,5,523776,256,3,1,9,9
7,7342355,1050180,0,1048320,65536,31,5,9,9
7,7342355,1050180,1,1540096,65536,31,5,9,9
7,7342355,1050180,2,2097920,16384,31,5,9,9
7,7342355,1050180,3,4129792,65536,31,5,9,9
7,7342355,1050180,4,3080960,65536,15,3,9,9
7,7342355,1050180,5,523520,1024,6,2,9,9
7,7342355,1050180,6,523776,256,6,2,9,9
8,8392535,1054725,0,8326912,65536,84,12,9,9
8,8392535,1054725,1,1048320,65536,39,7,9,9
8,8392535,1054725,2,1540096,65536,39,7,9,9
8,8392535,1054725,3,2097920,16384,39,7,9,9
8,8392535,1054725,4,4129792,65536,39,7,9,9
8,8392535,1054725,5,7834624,65536,39,7,9,9
8,8392535,1054725,6,523520,1024,6,2,9,9
8,8392535,1054725,7,8391424,1024,3,1,9,9
8,8392535,1054725,8,523776,256,6,2,9,9
8,8392535,1054725,9,1047040,1024,3,1,9,9
8,8392535,1054725,10,8392192,256,3,1,9,9
9,9447260,1046778,0,5759488,16384,22,4,10,10
10,10494038,1049016,0,8326912,65536,63,9,9,9
10,10494038,1049016,1,3080960,65536,48,8,9,9
10,10494038,1049016,2,7865344,4096,20,4,9,9
10,10494038,1049016,3,7859200,16384,12,2,9,9
10,10494038,1049016,4,8391424,1024,3,1,9,9
10,10494038,1049016,5,8392192,256,3,1,9,9
11,11543054,1047966,0,7834624,65536,46,8,9,9
11,11543054,1047966,1,1048320,65536,36,6,9,9
11,11543054,1047966,2,1540096,65536,36,6,9,9
11,11543054,1047966,3,2097920,16384,36,6,9,9
11,11543054,1047966,4,4129792,65536,36,6,9,9
11,11543054,1047966,5,3080960,65536,21,3,9,9
11,11543054,1047966,6,8326912,65536,21,3,9,9
11,11543054,1047966,7,10494208,65536,21,3,9,9
11,11543054,1047966,8,8392704,16384,12,2,9,9
11,11543054,1047966,9,7865344,4096,5,1,9,9
12,12591020,1050582,0,7834624,65536,90,14,9,9
12,12591020,1050582,1,8392704,65536,73,13,9,9
12,12591020,1050582,2,8326912,65536,54,8,9,9
12,12591020,1050582,3,3080960,65536,21,3,9,9
12,12591020,1050582,4,7865344,4096,15,3,9,9
12,12591020,1050582,5,1048320,65536,12,2,9,9
12,12591020,1050582,6,1540096,65536,12,2,9,9
12,12591020,1050582,7,2097920,16384,12,2,9,9
12,12591020,1050582,8,4129792,65536,12,2,9,9
12,12591020,1050582,9,8392704,16384,5,1,9,9
12,12591020,1050582,10,8391424,1024,3,1,9,9
12,12591020,1050582,11,8392192,256,3,1,9,9
13,13641602,1057613,0,1048320,65536,24,4,9,9
13,13641602,1057613,1,1540096,65536,24,4,9,9
13,13641602,1057613,2,2097920,16384,24,4,9,9
13,13641602,1057613,3,4129792,65536,24,4,9,9
13,13641602,1057613,4,7859200,16384,12,2,9,9
13,13641602,1057613,5,7865344,4096,12,2,9,9
13,13641602,1057613,6,523520,1024,6,2,9,9
13,13641602,1057613,7,11543296,256,3,1,9,9
13,13641602,1057613,8,523776,256,6,2,9,9
14,14699215,1050275,0,1048320,65536,60,10,9,9
14,14699215,1050275,1,1540096,65536,60,10,9,9
14,14699215,1050275,2,2097920,16384,60,10,9,9
14,14699215,1050275,3,4129792,65536,60,10,9,9
14,14699215,1050275,4,3080960,65536,42,6,9,9
14,14699215,1050275,5,8326912,65536,42,6,9,9
14,14699215,1050275,6,13641728,16384,42,6,9,9
14,14699215,1050275,7,12591104,65536,41,7,9,9
14,14699215,1050275,8,7276800,65536,21,3,9,9
14,14699215,1050275,9,8392704,65536,16,2,9,9
14,14699215,1050275,10,8392704,16384,15,3,9,9
15,15749490,1048369,0,8326912,65536,63,9,9,9
15,15749490,1048369,1,13641728,16384,57,9,9,9
15,15749490,1048369,2,3080960,65536,45,7,9,9
15,15749490,1048369,3,7276800,65536,45,7,9,9
15,15749490,1048369,4,7865344,4096,25,5,9,9
15,15749490,1048369,5,8392704,16384,24,4,9,9
15,15749490,1048369,6,7834624,65536,21,3,9,9
15,15749490,1048369,7,12591104,65536,21,3,9,9
15,15749490,1048369,8,523520,1024,11,5,9,9
15,15749490,1048369,9,8392704,65536,21,3,9,9
15,15749490,1048369,10,7859200,16384,15,3,9,9
15,15749490,1048369,11,523776,256,11,5,9,9
16,16797859,1046789,0,1048320,65536,57,9,9,9
16,16797859,1046789,1,1540096,65536,57,9,9,9
16,16797859,1046789,2,2097920,16384,57,9,9,9
16,16797859,1046789,3,4129792,65536,57,9,9,9
16,16797859,1046789,4,16271616,4096,20,4,9,9
16,16797859,1046789,5,13641728,16384,12,2,9,9
16,16797859,1046789,6,8392704,16384,8,2,9,9
16,16797859,1046789,7,15749632,4096,8,2,9,9
16,16797859,1046789,8,1047040,1024,3,1,9,9
17,17844648,1051023,0,7859200,16384,15,3,9,9
17,17844648,1051023,1,7865344,4096,15,3,9,9
17,17844648,1051023,2,16797952,4096,10,2,9,9
18,18895671,1047724,0,13641728,16384,104,16,9,9
18,18895671,1047724,1,3080960,65536,87,13,9,9
18,18895671,1047724,2,1048320,65536,66,10,9,9
18,18895671,1047724,3,1540096,65536,66,10,9,9
18,18895671,1047724,4,2097920,16384,66,10,9,9
18,18895671,1047724,5,4129792,65536,66,10,9,9
18,18895671,1047724,6,16797952,4096,31,7,9,9
18,18895671,1047724,7,16271616,4096,13,3,9,9
18,18895671,1047724,8,16797952,16384,17,3,9,9
18,18895671,1047724,9,16797440,256,1,1,9,9
19,19943395,1047479,0,3080960,65536,46,8,9,9
19,19943395,1047479,1,13641728,16384,46,8,9,9
19,19943395,1047479,2,1048320,65536,36,6,9,9
19,19943395,1047479,3,1540096,65536,36,6,9,9
19,19943395,1047479,4,2097920,16384,36,6,9,9
19,19943395,1047479,5,4129792,65536,36,6,9,9
19,19943395,1047479,6,16797952,4096,18,4,9,9
19,19943395,1047479,7,18368000,4096,8,2,9,9
20,20990874,1048917,0,7834624,65536,59,9,9,9
20,20990874,1048917,1,13575936,65536,54,8,9,9
20,20990874,1048917,2,16797952,4096,47,13,9,9
20,20990874,1048917,3,13641728,16384,39,7,9,9
20,20990874,1048917,4,16271616,4096,28,8,9,9
20,20990874,1048917,5,3080960,65536,24,4,9,9
20,20990874,1048917,6,19943424,16384,24,4,9,9
20,20990874,1048917,7,8392704,65536,21,3,9,9
20,20990874,1048917,8,12591104,65536,21,3,9,9
20,20990874,1048917,9,7865344,4096,13,3,9,9
20,20990874,1048917,10,1048320,65536,12,2,9,9
20,20990874,1048917,11,1540096,65536,12,2,9,9
21,22039791,1054737,0,13641728,16384,50,8,9,9
21,22039791,1054737,1,8392704,65536,42,6,9,9
21,22039791,1054737,2,12591104,65536,42,6,9,9
21,22039791,1054737,3,1048320,65536,39,7,9,9
21,22039791,1054737,4,1540096,65536,39,7,9,9
21,22039791,1054737,5,2097920,16384,39,7,9,9
21,22039791,1054737,6,4129792,65536,39,7,9,9
21,22039791,1054737,7,8326912,65536,37,7,9,9
21,22039791,1054737,8,16732160,65536,37,7,9,9
21,22039791,1054737,9,16797952,4096,31,7,9,9
21,22039791,1054737,10,3080960,65536,21,3,9,9
21,22039791,1054737,11,7834624,65536,12,2,9,9
22,23094528,1044683,0,1048320,65536,108,18,9,9
22,23094528,1044683,1,1540096,65536,108,18,9,9
22,23094528,1044683,2,2097920,16384,108,18,9,9
22,23094528,1044683,3,4129792,65536,108,18,9,9
22,23094528,1044683,4,13641728,16384,50,10,9,9
22,23094528,1044683,5,16797952,16384,29,7,9,9
22,23094528,1044683,6,22534400,65536,24,4,9,9
22,23094528,1044683,7,3080960,65536,21,3,9,9
22,23094528,1044683,8,8326912,65536,21,3,9,9
22,23094528,1044683,9,8392704,65536,21,3,9,9
22,23094528,1044683,10,12591104,65536,21,3,9,9
22,23094528,1044683,11,16732160,65536,21,3,9,9
23,24139211,1054234,0,16732160,65536,66,10,9,9
23,24139211,1054234,1,13641728,16384,53,9,9,9
23,24139211,1054234,2,8326912,65536,45,7,9,9
23,24139211,1054234,3,16797952,4096,39,9,9,9
23,24139211,1054234,4,3080960,65536,33,5,9,9
23,24139211,1054234,5,22534400,65536,24,4,9,9
23,24139211,1054234,6,1048320,65536,21,3,9,9
23,24139211,1054234,7,1540096,65536,21,3,9,9
23,24139211,1054234,8,2097920,16384,21,3,9,9
23,24139211,1054234,9,4129792,65536,21,3,9,9
23,24139211,1054234,10,8392704,65536,21,3,9,9
23,24139211,1054234,11,8911616,16384,15,3,9,9
24,25193445,1048781,0,13641728,16384,83,13,9,9
24,25193445,1048781,1,1048320,65536,54,8,9,9
24,25193445,1048781,2,1540096,65536,54,8,9,9
24,25193445,1048781,3,2097920,16384,54,8,9,9
24,25193445,1048781,4,3080960,65536,54,8,9,9
24,25193445,1048781,5,4129792,65536,54,8,9,9
24,25193445,1048781,6,16797952,4096,41,9,9,9
24,25193445,1048781,7,16271616,4096,36,8,9,9
24,25193445,1048781,8,15749632,65536,25,5,9,9
24,25193445,1048781,9,24139264,256,10,4,9,9
24,25193445,1048781,10,19943424,16384,5,1,9,9
24,25193445,1048781,11,25189120,4096,5,1,9,9
25,26242226,1047499,0,5759488,16384,48,10,10,10
26,27289725,1049665,0,16797952,4096,68,18,9,9
26,27289725,1049665,1,1048320,65536,55,11,9,9
26,27289725,1049665,2,1540096,65536,55,11,9,9
26,27289725,1049665,3,2097920,16384,55,11,9,9
26,27289725,1049665,4,4129792,65536,55,11,9,9
26,27289725,1049665,5,13641728,16384,40,8,9,9
26,27289725,1049665,6,16271616,4096,28,8,9,9
26,27289725,1049665,7,8326912,65536,21,3,9,9
26,27289725,1049665,8,16732160,65536,21,3,9,9
26,27289725,1049665,9,19943424,16384,17,3,9,9
26,27289725,1049665,10,3080960,65536,12,2,9,9
26,27289725,1049665,11,523520,1024,3,1,9,9
27,28339390,1043373,0,13641728,16384,87,15,9,9
27,28339390,1043373,1,3080960,65536,82,14,9,9
27,28339390,1043373,2,16797952,4096,53,13,9,9
27,28339390,1043373,3,1048320,65536,51,9,9,9
27,28339390,1043373,4,1540096,65536,51,9,9,9
27,28339390,1043373,5,2097920,16384,51,9,9,9
27,28339390,1043373,6,4129792,65536,51,9,9,9
27,28339390,1043373,7,16271616,4096,29,7,9,9
27,28339390,1043373,8,27812352,4096,29,7,9,9
27,28339390,1043373,9,19943424,16384,28,6,9,9
27,28339390,1043373,10,12591104,256,4,2,9,9
27,28339390,1043373,11,0,256,1,1,9,9
28,29382763,1047972,0,13641728,16384,84,14,9,9
28,29382763,1047972,1,3080960,65536,69,11,9,9
28,29382763,1047972,2,1048320,65536,63,9,9,9
28,29382763,1047972,3,1540096,65536,63,9,9,9
28,29382763,1047972,4,2097920,16384,63,9,9,9
28,29382763,1047972,5,4129792,65536,63,9,9,9
28,29382763,1047972,6,28852736,16384,63,9,9,9
28,29382763,1047972,7,16797952,4096,23,5,9,9
28,29382763,1047972,8,16271616,4096,8,2,9,9
28,29382763,1047972,9,27812352,4096,8,2,9,9
28,29382763,1047972,10,11543296,256,4,2,9,9
28,29382763,1047972,11,523520,1024,3,1,9,9
29,30430735,1054148,0,5759488,16384,32,6,10,10
32,33581405,1055789,0,16797952,4096,47,11,9,9
32,33581405,1055789,1,9381632,65536,27,5,9,9
32,33581405,1055789,2,1048320,65536,24,4,9,9
32,33581405,1055789,3,1540096,65536,24,4,9,9
32,33581405,1055789,4,2097920,16384,24,4,9,9
32,33581405,1055789,5,4129792,65536,24,4,9,9
32,33581405,1055789,6,28852736,16384,24,4,9,9
32,33581405,1055789,7,16271616,4096,15,3,9,9
32,33581405,1055789,8,27812352,4096,15,3,9,9
32,33581405,1055789,9,523520,1024,3,1,9,9
32,33581405,1055789,10,0,256,1,1,9,9
32,33581405,1055789,11,25193472,256,1,1,9,9
33,34637194,1045396,0,16797952,4096,64,14,9,9
33,34637194,1045396,1,1048320,65536,60,10,9,9
33,34637194,1045396,2,1540096,65536,60,10,9,9
33,34637194,1045396,3,2097920,16384,60,10,9,9
33,34637194,1045396,4,4129792,65536,60,10,9,9
33,34637194,1045396,5,28852736,16384,60,10,9,9
33,34637194,1045396,6,16271616,4096,46,10,9,9
33,34637194,1045396,7,27812352,4096,46,10,9,9
33,34637194,1045396,8,13641728,16384,12,2,9,9
33,34637194,1045396,9,23090432,4096,5,1,9,9
33,34637194,1045396,10,34107136,4096,5,1,9,9
33,34637194,1045396,11,523520,1024,3,1,9,9
34,35682590,1052933,0,5759488,16384,12,2,10,10
35,36735523,1050153,0,16797952,4096,66,14,9,9
35,36735523,1050153,1,1048320,65536,45,7,9,9
35,36735523,1050153,2,1540096,65536,45,7,9,9
35,36735523,1050153,3,2097920,16384,45,7,9,9
35,36735523,1050153,4,4129792,65536,45,7,9,9
35,36735523,1050153,5,28852736,16384,45,7,9,9
35,36735523,1050153,6,16271616,4096,31,7,9,9
35,36735523,1050153,7,27812352,4096,31,7,9,9
35,36735523,1050153,8,34107136,4096,22,6,9,9
35,36735523,1050153,9,13641728,16384,16,4,9,9
35,36735523,1050153,10,19943424,16384,15,3,9,9
35,36735523,1050153,11,9381632,65536,12,2,9,9
36,37785676,1053728,0,33055744,1024,11,3,6,6
37,38839404,1047692,0,5177856,65536,105,17,10,10
37,38839404,1047692,1,5243648,65536,105,17,10,10
37,38839404,1047692,2,5767168,1024,16,4,10,10
37,38839404,1047692,3,4195584,256,13,3,10,10
37,38839404,1047692,4,5765632,4096,13,3,10,10
37,38839404,1047692,5,36208640,1024,1,1,10,10
37,38839404,1047692,6,4195584,1024,13,3,10,10
37,38839404,1047692,7,5243648,4096,13,3,10,10
37,38839404,1047692,8,5767424,256,3,1,10,10
38,39887096,1050095,0,3080960,65536,182,30,9,9
38,39887096,1050095,1,3638272,65536,145,23,9,9
38,39887096,1050095,2,16797952,4096,72,16,9,9
38,39887096,1050095,3,1048320,65536,60,10,9,9
38,39887096,1050095,4,1540096,65536,60,10,9,9
38,39887096,1050095,5,2097920,16384,60,10,9,9
38,39887096,1050095,6,4129792,65536,60,10,9,9
38,39887096,1050095,7,28852736,16384,60,10,9,9
38,39887096,1050095,8,13641728,16384,49,9,9,9
38,39887096,1050095,9,16271616,4096,41,9,9,9
38,39887096,1050095,10,27812352,4096,41,9,9,9
38,39887096,1050095,11,34637312,65536,37,7,9,9
39,40937191,1049210,0,33055744,1024,6,2,6,6
39,40937191,1049210,1,31484928,256,1,1,6,6
40,41986401,1048172,0,5177856,65536,24,4,10,10
40,41986401,1048172,1,5243648,65536,24,4,10,10
40,41986401,1048172,2,5759488,16384,24,4,10,10
40,41986401,1048172,3,39361024,4096,10,2,10,10
40,41986401,1048172,4,4195584,256,5,1,10,10
40,41986401,1048172,5,5767168,1024,5,1,10,10
40,41986401,1048172,6,5243648,4096,8,2,10,10
40,41986401,1048172,7,4195584,1024,5,1,10,10
40,41986401,1048172,8,5239296,4096,5,1,10,10
40,41986401,1048172,9,5765632,4096,5,1,10,10
41,43034573,1047746,0,5759488,16384,47,9,10,10
41,43034573,1047746,1,42508288,4096,45,9,10,10
41,43034573,1047746,2,42968832,65536,45,7,10,10
41,43034573,1047746,3,43017984,16384,45,7,10,10
41,43034573,1047746,4,5767168,1024,11,3,10,10
41,43034573,1047746,5,4195584,256,8,2,10,10
41,43034573,1047746,6,5243648,4096,8,2,10,10
41,43034573,1047746,7,36208640,1024,7,3,10,10
41,43034573,1047746,8,4195584,1024,8,2,10,10
41,43034573,1047746,9,5765632,4096,8,2,10,10
41,43034573,1047746,10,5767424,256,3,1,10,10
42,44082319,1047797,0,1048320,65536,29,5,9,9
42,44082319,1047797,1,1540096,65536,29,5,9,9
42,44082319,1047797,2,2097920,16384,29,5,9,9
42,44082319,1047797,3,4129792,65536,29,5,9,9
42,44082319,1047797,4,28852736,16384,29,5,9,9
42,44082319,1047797,5,16797952,4096,26,6,9,9
42,44082319,1047797,6,16271616,4096,21,5,9,9
42,44082319,1047797,7,27812352,4096,21,5,9,9
42,44082319,1047797,8,34107136,4096,15,3,9,9
42,44082319,1047797,9,40920576,16384,15,3,9,9
42,44082319,1047797,10,3146752,256,13,3,9,9
42,44082319,1047797,11,34637312,1024,10,4,9,9
43,45130116,1046219,0,16797952,4096,95,21,9,9
43,45130116,1046219,1,44573440,65536,70,12,9,9
43,45130116,1046219,2,16271616,4096,46,10,9,9
43,45130116,1046219,3,27812352,4096,46,10,9,9
43,45130116,1046219,4,1048320,65536,45,7,9,9
43,45130116,1046219,5,1540096,65536,45,7,9,9
43,45130116,1046219,6,2097920,16384,45,7,9,9
43,45130116,1046219,7,4129792,65536,45,7,9,9
43,45130116,1046219,8,28852736,16384,45,7,9,9
43,45130116,1046219,9,3662848,16384,24,4,9,9
43,45130116,1046219,10,3080960,65536,21,3,9,9
43,45130116,1046219,11,13641728,16384,21,3,9,9
44,46176335,1051863,0,40937216,16384,27,5,6,6
44,46176335,1051863,1,33055744,1024,11,3,6,6
45,47228198,1048609,0,40937216,16384,56,10,6,6
45,47228198,1048609,1,46669568,65536,56,10,6,6
45,47228198,1048609,2,33055744,1024,6,2,6,6
45,47228198,1048609,3,31484928,256,4,2,6,6
45,47228198,1048609,4,46694144,16384,56,10,6,6
45,47228198,1048609,5,40937216,256,1,1,6,6
46,48276807,1049791,0,42968832,65536,76,14,10,10
46,48276807,1049791,1,43017984,16384,76,14,10,10
46,48276807,1049791,2,42508288,4096,54,12,10,10
46,48276807,1049791,3,5759488,16384,20,4,10,10
46,48276807,1049791,4,43556352,4096,18,4,10,10
46,48276807,1049791,5,5243648,4096,5,1,10,10
47,49326598,1048518,0,42968832,65536,96,16,10,10
47,49326598,1048518,1,43017984,16384,96,16,10,10
47,49326598,1048518,2,42508288,4096,42,10,10,10
47,49326598,1048518,3,5759488,16384,41,7,10,10
47,49326598,1048518,4,43556352,4096,22,6,10,10
48,50375116,1054429,0,40937216,16384,54,8,6,6
48,50375116,1054429,1,46669568,65536,54,8,6,6
48,50375116,1054429,2,48260352,16384,54,8,6,6
48,50375116,1054429,3,47719680,65536,21,3,6,6
48,50375116,1054429,4,33055744,1024,5,1,6,6
48,50375116,1054429,5,46694144,16384,54,8,6,6
49,51429545,1048619,0,40937216,16384,76,14,6,6
49,51429545,1048619,1,46669568,65536,76,14,6,6
49,51429545,1048619,2,48260352,16384,76,14,6,6
49,51429545,1048619,3,46694144,16384,76,14,6,6
50,52478164,1048664,0,42508288,4096,98,22,10,10
50,52478164,1048664,1,42968832,65536,54,10,10,10
50,52478164,1048664,2,43017984,16384,54,10,10,10
50,52478164,1048664,3,43556352,4096,21,5,10,10
50,52478164,1048664,4,36208640,1024,3,1,10,10
51,53526828,1047831,0,40937216,16384,24,4,6,6
51,53526828,1047831,1,46669568,65536,24,4,6,6
51,53526828,1047831,2,48260352,16384,24,4,6,6
51,53526828,1047831,3,47228416,16384,12,2,6,6
51,53526828,1047831,4,31484928,256,1,1,6,6
51,53526828,1047831,5,50375168,256,1,1,6,6
51,53526828,1047831,6,46694144,16384,24,4,6,6
52,54574659,1048408,0,42968832,65536,88,16,10,10
52,54574659,1048408,1,43017984,16384,88,16,10,10
52,54574659,1048408,2,42508288,4096,75,17,10,10
52,54574659,1048408,3,43556352,4096,39,9,10,10
52,54574659,1048408,4,53000448,4096,39,9,10,10
53,55623067,1050822,0,42508288,4096,35,9,10,10
53,55623067,1050822,1,42968832,65536,21,3,10,10
53,55623067,1050822,2,43017984,16384,21,3,10,10
53,55623067,1050822,3,43556352,4096,13,3,10,10
53,55623067,1050822,4,53000448,4096,13,3,10,10
53,55623067,1050822,5,5759488,16384,12,2,10,10
53,55623067,1050822,6,55098368,1024,6,2,10,10
53,55623067,1050822,7,5243648,4096,5,1,10,10
53,55623067,1050822,8,36208640,1024,3,1,10,10
53,55623067,1050822,9,55621888,1024,3,1,10,10
54,56673889,1049159,0,42968832,65536,136,24,10,10
54,56673889,1049159,1,43017984,16384,136,24,10,10
54,56673889,1049159,2,42508288,4096,49,11,10,10
54,56673889,1049159,3,56115712,65536,21,3,10,10
54,56673889,1049159,4,43556352,4096,18,4,10,10
54,56673889,1049159,5,53000448,4096,18,4,10,10
54,56673889,1049159,6,55098368,1024,6,2,10,10
54,56673889,1049159,7,5243648,4096,5,1,10,10
54,56673889,1049159,8,55623168,256,5,1,10,10
54,56673889,1049159,9,55623168,1024,5,1,10,10
55,57723048,1049196,0,42968832,65536,99,17,10,10
55,57723048,1049196,1,43017984,16384,99,17,10,10
55,57723048,1049196,2,42508288,4096,36,8,10,10
55,57723048,1049196,3,43556352,4096,26,6,10,10
55,57723048,1049196,4,53000448,4096,26,6,10,10
55,57723048,1049196,5,56115712,65536,12,2,10,10
55,57723048,1049196,6,5243648,4096,9,3,10,10
55,57723048,1049196,7,55096832,4096,8,2,10,10
55,57723048,1049196,8,55623168,256,3,1,10,10
55,57723048,1049196,9,55098368,1024,3,1,10,10
56,58772244,1044753,0,47719680,65536,48,8,6,6
56,58772244,1044753,1,40937216,16384,47,9,6,6
56,58772244,1044753,2,46669568,65536,47,9,6,6
56,58772244,1044753,3,48260352,16384,47,9,6,6
56,58772244,1044753,4,47228416,16384,12,2,6,6
56,58772244,1044753,5,46694144,16384,47,9,6,6
57,59816997,1047586,0,42508288,4096,49,11,10,10
57,59816997,1047586,1,56115712,65536,42,6,10,10
57,59816997,1047586,2,42968832,65536,36,6,10,10
57,59816997,1047586,3,43017984,16384,36,6,10,10
57,59816997,1047586,4,43556352,4096,31,7,10,10
57,59816997,1047586,5,53000448,4096,31,7,10,10
57,59816997,1047586,6,56674048,65536,24,4,10,10
57,59816997,1047586,7,58214912,65536,24,4,10,10
57,59816997,1047586,8,57165568,65536,21,3,10,10
57,59816997,1047586,9,5759488,16384,15,3,10,10
57,59816997,1047586,10,55098368,1024,3,1,10,10
57,59816997,1047586,11,58239488,16384,24,4,10,10
58,60864583,1045525,0,40937216,16384,61,11,6,6
58,60864583,1045525,1,46669568,65536,61,11,6,6
58,60864583,1045525,2,48260352,16384,61,11,6,6
58,60864583,1045525,3,31484928,256,3,1,6,6
58,60864583,1045525,4,46694144,16384,61,11,6,6
59,61910108,1051779,0,42508288,4096,66,16,10,10
59,61910108,1051779,1,42968832,65536,49,9,10,10
59,61910108,1051779,2,43017984,16384,49,9,10,10
59,61910108,1051779,3,43556352,4096,38,10,10,10
59,61910108,1051779,4,53000448,4096,38,10,10,10
59,61910108,1051779,5,56115712,65536,24,4,10,10
59,61910108,1051779,6,38839552,65536,21,3,10,10
59,61910108,1051779,7,5759488,16384,5,1,10,10
59,61910108,1051779,8,55096832,4096,5,1,10,10
60,62961887,1052056,0,40937216,16384,42,8,6,6
60,62961887,1052056,1,46669568,65536,42,8,6,6
60,62961887,1052056,2,48260352,16384,42,8,6,6
60,62961887,1052056,3,33055744,1024,6,2,6,6
60,62961887,1052056,4,46694144,16384,42,8,6,6
61,64013943,1049996,0,42508288,4096,60,12,10,10
61,64013943,1049996,1,42968832,65536,27,5,10,10
61,64013943,1049996,2,43017984,16384,27,5,10,10
61,64013943,1049996,3,57165568,65536,21,3,10,10
61,64013943,1049996,4,56115712,65536,12,2,10,10
61,64013943,1049996,5,62403072,65536,12,2,10,10
61,64013943,1049996,6,43556352,4096,10,2,10,10
61,64013943,1049996,7,53000448,4096,10,2,10,10
61,64013943,1049996,8,62435328,1024,7,3,10,10
62,65063939,1049331,0,65047552,16384,60,10,10,10
62,65063939,1049331,1,42968832,65536,48,8,10,10
62,65063939,1049331,2,43017984,16384,48,8,10,10
62,65063939,1049331,3,42508288,4096,36,8,10,10
62,65063939,1049331,4,43556352,4096,26,6,10,10
62,65063939,1049331,5,53000448,4096,26,6,10,10
62,65063939,1049331,6,62435328,1024,6,2,10,10
62,65063939,1049331,7,5243648,4096,5,1,10,10
62,65063939,1049331,8,55096832,4096,5,1,10,10
62,65063939,1049331,9,55098368,1024,3,1,10,10
63,66113270,1048925,0,42968832,65536,72,12,10,10
63,66113270,1048925,1,43017984,16384,72,12,10,10
63,66113270,1048925,2,42508288,4096,60,14,10,10
63,66113270,1048925,3,43556352,4096,32,8,10,10
63,66113270,1048925,4,53000448,4096,32,8,10,10
63,66113270,1048925,5,56115712,65536,25,5,10,10
63,66113270,1048925,6,62403072,65536,25,5,10,10
63,66113270,1048925,7,5759488,16384,12,2,10,10
63,66113270,1048925,8,64530688,16384,12,2,10,10
63,66113270,1048925,9,55098368,1024,5,3,10,10
63,66113270,1048925,10,62435328,1024,11,5,10,10
64,67162195,1048801,0,42508288,4096,96,22,10,10
64,67162195,1048801,1,42968832,65536,78,14,10,10
64,67162195,1048801,2,43017984,16384,78,14,10,10
64,67162195,1048801,3,66113280,65536,78,14,10,10
64,67162195,1048801,4,56115712,65536,33,5,10,10
64,67162195,1048801,5,62403072,65536,33,5,10,10
64,67162195,1048801,6,43556352,4096,30,6,10,10
64,67162195,1048801,7,53000448,4096,30,6,10,10
64,67162195,1048801,8,5759488,16384,12,2,10,10
64,67162195,1048801,9,64530688,16384,12,2,10,10
64,67162195,1048801,10,36208640,1024,10,4,10,10
64,67162195,1048801,11,66113280,4096,26,6,10,10
65,68210996,1049294,0,42968832,65536,111,17,10,10
65,68210996,1049294,1,43017984,16384,111,17,10,10
65,68210996,1049294,2,66113280,65536,111,17,10,10
65,68210996,1049294,3,67162368,16384,111,17,10,10
65,68210996,1049294,4,68145408,65536,111,17,10,10
65,68210996,1049294,5,42508288,4096,28,6,10,10
65,68210996,1049294,6,36208640,1024,9,3,10,10
65,68210996,1049294,7,62435328,1024,7,3,10,10
65,68210996,1049294,8,67686144,1024,6,2,10,10
65,68210996,1049294,9,43556352,4096,5,1,10,10
65,68210996,1049294,10,53000448,4096,5,1,10,10
65,68210996,1049294,11,55096832,4096,5,1,10,10
66,69260290,1048631,0,68145408,65536,72,12,10,10
66,69260290,1048631,1,42508288,4096,45,9,10,10
66,69260290,1048631,2,56115712,65536,42,6,10,10
66,69260290,1048631,3,62403072,65536,42,6,10,10
66,69260290,1048631,4,42968832,65536,30,6,10,10
66,69260290,1048631,5,43017984,16384,30,6,10,10
66,69260290,1048631,6,66113280,4096,30,6,10,10
66,69260290,1048631,7,67162368,16384,30,6,10,10
66,69260290,1048631,8,43556352,4096,25,5,10,10
66,69260290,1048631,9,53000448,4096,25,5,10,10
66,69260290,1048631,10,68727552,16384,12,2,10,10
66,69260290,1048631,11,5243648,4096,5,1,10,10
67,70308921,1050169,0,68145408,65536,153,23,10,10
67,70308921,1050169,1,42968832,65536,99,15,10,10
67,70308921,1050169,2,43017984,16384,99,15,10,10
67,70308921,1050169,3,66113280,65536,99,15,10,10
67,70308921,1050169,4,67162368,16384,99,15,10,10
67,70308921,1050169,5,42508288,4096,57,13,10,10
67,70308921,1050169,6,56115712,65536,54,8,10,10
67,70308921,1050169,7,62403072,65536,54,8,10,10
67,70308921,1050169,8,70292480,16384,54,8,10,10
67,70308921,1050169,9,43556352,4096,49,11,10,10
67,70308921,1050169,10,53000448,4096,49,11,10,10
67,70308921,1050169,11,55098368,1024,6,2,10,10
68,71359090,1054090,0,68145408,65536,81,13,10,10
68,71359090,1054090,1,56115712,65536,54,8,10,10
68,71359090,1054090,2,62403072,65536,54,8,10,10
68,71359090,1054090,3,70292480,16384,54,8,10,10
68,71359090,1054090,4,42508288,4096,51,11,10,10
68,71359090,1054090,5,42968832,65536,27,5,10,10
68,71359090,1054090,6,43017984,16384,27,5,10,10
68,71359090,1054090,7,66113280,65536,27,5,10,10
68,71359090,1054090,8,67162368,16384,27,5,10,10
68,71359090,1054090,9,57165568,65536,25,5,10,10
68,71359090,1054090,10,66604800,65536,25,5,10,10
68,71359090,1054090,11,43556352,4096,18,4,10,10
69,72413180,1048830,0,40937216,16384,92,18,6,6
69,72413180,1048830,1,46669568,65536,92,18,6,6
69,72413180,1048830,2,48260352,16384,92,18,6,6
69,72413180,1048830,3,47719680,65536,42,6,6,6
69,72413180,1048830,4,33055744,1024,7,3,6,6
69,72413180,1048830,5,46694144,16384,92,18,6,6
70,73462010,1043106,0,68145408,65536,114,18,10,10
70,73462010,1043106,1,42968832,65536,81,13,10,10
70,73462010,1043106,2,43017984,16384,81,13,10,10
70,73462010,1043106,3,66113280,65536,81,13,10,10
70,73462010,1043106,4,67162368,16384,81,13,10,10
70,73462010,1043106,5,70309120,16384,81,13,10,10
70,73462010,1043106,6,71853312,65536,81,13,10,10
70,73462010,1043106,7,42508288,4096,75,17,10,10
70,73462010,1043106,8,43556352,4096,42,10,10,10
70,73462010,1043106,9,53000448,4096,42,10,10,10
70,73462010,1043106,10,56115712,65536,33,5,10,10
70,73462010,1043106,11,62403072,65536,33,5,10,10
71,74505116,1045745,0,42508288,4096,42,10,10,10
71,74505116,1045745,1,68145408,65536,36,6,10,10
71,74505116,1045745,2,56115712,65536,21,3,10,10
71,74505116,1045745,3,56674048,65536,21,3,10,10
71,74505116,1045745,4,58214912,65536,21,3,10,10
71,74505116,1045745,5,62403072,65536,21,3,10,10
71,74505116,1045745,6,70292480,16384,21,3,10,10
71,74505116,1045745,7,66113280,4096,18,4,10,10
71,74505116,1045745,8,42968832,65536,15,3,10,10
71,74505116,1045745,9,43017984,16384,15,3,10,10
71,74505116,1045745,10,67162368,16384,15,3,10,10
71,74505116,1045745,11,71853312,65536,15,3,10,10
72,75550861,1049284,0,42968832,65536,66,10,10,10
72,75550861,1049284,1,43017984,16384,66,10,10,10
72,75550861,1049284,2,66113280,65536,66,10,10,10
72,75550861,1049284,3,67162368,16384,66,10,10,10
72,75550861,1049284,4,68145408,65536,66,10,10,10
72,75550861,1049284,5,70309120,16384,66,10,10,10
72,75550861,1049284,6,71853312,65536,66,10,10,10
72,75550861,1049284,7,42508288,4096,51,11,10,10
72,75550861,1049284,8,43556352,4096,46,10,10,10
72,75550861,1049284,9,53000448,4096,46,10,10,10
72,75550861,1049284,10,74505216,65536,21,3,10,10
72,75550861,1049284,11,69260544,1024,5,1,10,10
73,76600145,1049404,0,42508288,4096,28,6,10,10
73,76600145,1049404,1,5759488,16384,24,4,10,10
73,76600145,1049404,2,64530688,16384,24,4,10,10
73,76600145,1049404,3,66113280,4096,15,3,10,10
73,76600145,1049404,4,69784064,1024,6,2,10,10
73,76600145,1049404,5,43556352,4096,5,1,10,10
73,76600145,1049404,6,53000448,4096,5,1,10,10
73,76600145,1049404,7,70309120,4096,5,1,10,10
73,76600145,1049404,8,36208640,1024,3,1,10,10
73,76600145,1049404,9,62435328,1024,3,1,10,10
73,76600145,1049404,10,69260544,1024,3,1,10,10
74,77649549,1049401,0,73457664,4096,37,9,6,6
74,77649549,1049401,1,40937216,16384,24,4,6,6
74,77649549,1049401,2,46669568,65536,24,4,6,6
74,77649549,1049401,3,48260352,16384,24,4,6,6
74,77649549,1049401,4,72413184,16384,24,4,6,6
74,77649549,1049401,5,33055744,1024,11,3,6,6
74,77649549,1049401,6,31484928,256,1,1,6,6
74,77649549,1049401,7,50375168,256,1,1,6,6
74,77649549,1049401,8,73460736,1024,37,9,6,6
74,77649549,1049401,9,46694144,16384,24,4,6,6
75,78698950,1050159,0,42968832,65536,99,17,10,10
75,78698950,1050159,1,43017984,16384,99,17,10,10
75,78698950,1050159,2,66113280,65536,99,17,10,10
75,78698950,1050159,3,67162368,16384,99,17,10,10
75,78698950,1050159,4,68145408,65536,99,17,10,10
75,78698950,1050159,5,70309120,16384,99,17,10,10
75,78698950,1050159,6,71853312,65536,99,17,10,10
75,78698950,1050159,7,5759488,16384,36,6,10,10
75,78698950,1050159,8,64530688,16384,36,6,10,10
75,78698950,1050159,9,42508288,4096,28,8,10,10
75,78698950,1050159,10,57165568,65536,21,3,10,10
75,78698950,1050159,11,66604800,65536,21,3,10,10
76,79749109,1047971,0,42508288,4096,47,11,10,10
76,79749109,1047971,1,43556352,4096,34,8,10,10
76,79749109,1047971,2,53000448,4096,34,8,10,10
76,79749109,1047971,3,70309120,4096,34,8,10,10
76,79749109,1047971,4,42968832,65536,33,5,10,10
76,79749109,1047971,5,43017984,16384,33,5,10,10
76,79749109,1047971,6,66113280,65536,33,5,10,10
76,79749109,1047971,7,67162368,16384,33,5,10,10
76,79749109,1047971,8,68145408,65536,33,5,10,10
76,79749109,1047971,9,71853312,65536,33,5,10,10
76,79749109,1047971,10,78699008,4096,33,5,10,10
76,79749109,1047971,11,55098368,1024,3,1,10,10
77,80797080,1048978,0,42508288,4096,85,21,10,10
77,80797080,1048978,1,42968832,65536,51,9,10,10
77,80797080,1048978,2,43017984,16384,51,9,10,10
77,80797080,1048978,3,66113280,65536,51,9,10,10
77,80797080,1048978,4,67162368,16384,51,9,10,10
77,80797080,1048978,5,70309120,16384,51,9,10,10
77,80797080,1048978,6,71853312,65536,51,9,10,10
77,80797080,1048978,7,78699008,4096,51,9,10,10
77,80797080,1048978,8,79749120,256,51,9,10,10
77,80797080,1048978,9,43556352,4096,40,10,10,10
77,80797080,1048978,10,53000448,4096,40,10,10,10
77,80797080,1048978,11,5759488,16384,28,6,10,10
78,81846058,1049627,0,42968832,65536,104,18,10,10
78,81846058,1049627,1,43017984,16384,104,18,10,10
78,81846058,1049627,2,66113280,65536,104,18,10,10
78,81846058,1049627,3,67162368,16384,104,18,10,10
78,81846058,1049627,4,71853312,65536,104,18,10,10
78,81846058,1049627,5,78699008,4096,104,18,10,10
78,81846058,1049627,6,79749120,256,104,18,10,10
78,81846058,1049627,7,81780480,65536,104,18,10,10
78,81846058,1049627,8,42508288,4096,61,15,10,10
78,81846058,1049627,9,56115712,65536,45,7,10,10
78,81846058,1049627,10,62403072,65536,45,7,10,10
78,81846058,1049627,11,68145408,65536,45,7,10,10
79,82895685,1048835,0,1048320,65536,55,11,9,9
79,82895685,1048835,1,1540096,65536,55,11,9,9
79,82895685,1048835,2,2097920,16384,55,11,9,9
79,82895685,1048835,3,4129792,65536,55,11,9,9
79,82895685,1048835,4,28852736,16384,55,11,9,9
79,82895685,1048835,5,44573440,65536,55,11,9,9
79,82895685,1048835,6,16797952,4096,38,8,9,9
79,82895685,1048835,7,16271616,4096,20,4,9,9
79,82895685,1048835,8,27812352,4096,20,4,9,9
79,82895685,1048835,9,34107136,4096,15,3,9,9
79,82895685,1048835,10,19943424,16384,12,2,9,9
79,82895685,1048835,11,0,1024,8,2,9,9
80,83944520,1045011,0,57165568,65536,42,6,10,10
80,83944520,1045011,1,66604800,65536,42,6,10,10
80,83944520,1045011,2,42968832,65536,39,7,10,10
80,83944520,1045011,3,43017984,16384,39,7,10,10
80,83944520,1045011,4,66113280,65536,39,7,10,10
80,83944520,1045011,5,67162368,16384,39,7,10,10
80,83944520,1045011,6,78699008,4096,39,7,10,10
80,83944520,1045011,7,79749120,256,39,7,10,10
80,83944520,1045011,8,81780480,65536,39,7,10,10
80,83944520,1045011,9,81846272,65536,39,7,10,10
80,83944520,1045011,10,69751808,65536,21,3,10,10
80,83944520,1045011,11,42508288,4096,20,4,10,10
81,84989531,1048734,0,42508288,4096,58,14,10,10
81,84989531,1048734,1,43556352,4096,26,6,10,10
81,84989531,1048734,2,53000448,4096,26,6,10,10
81,84989531,1048734,3,66113280,4096,26,6,10,10
81,84989531,1048734,4,70309120,4096,26,6,10,10
81,84989531,1048734,5,42968832,65536,16,4,10,10
81,84989531,1048734,6,43017984,16384,16,4,10,10
81,84989531,1048734,7,67162368,16384,16,4,10,10
81,84989531,1048734,8,78699008,4096,16,4,10,10
81,84989531,1048734,9,79749120,256,16,4,10,10
81,84989531,1048734,10,81780480,65536,16,4,10,10
81,84989531,1048734,11,81846272,65536,16,4,10,10
82,86038265,1049376,0,42508288,4096,52,12,10,10
82,86038265,1049376,1,86021632,16384,46,8,10,10
82,86038265,1049376,2,43556352,4096,26,6,10,10
82,86038265,1049376,3,53000448,4096,26,6,10,10
82,86038265,1049376,4,70309120,4096,26,6,10,10
82,86038265,1049376,5,66113280,4096,15,3,10,10
82,86038265,1049376,6,5759488,16384,12,2,10,10
82,86038265,1049376,7,64530688,16384,12,2,10,10
82,86038265,1049376,8,82362624,16384,12,2,10,10
82,86038265,1049376,9,62435328,1024,4,2,10,10
82,86038265,1049376,10,69784064,1024,3,1,10,10
82,86038265,1049376,11,83944704,256,3,1,10,10
83,87087641,1048959,0,42968832,65536,78,14,10,10
83,87087641,1048959,1,43017984,16384,78,14,10,10
83,87087641,1048959,2,66113280,65536,78,14,10,10
83,87087641,1048959,3,67162368,16384,78,14,10,10
83,87087641,1048959,4,78699008,4096,78,14,10,10
83,87087641,1048959,5,79749120,256,78,14,10,10
83,87087641,1048959,6,81780480,65536,78,14,10,10
83,87087641,1048959,7,81846272,65536,78,14,10,10
83,87087641,1048959,8,56115712,65536,42,6,10,10
83,87087641,1048959,9,62403072,65536,42,6,10,10
83,87087641,1048959,10,68145408,65536,42,6,10,10
83,87087641,1048959,11,70292480,16384,42,6,10,10
84,88136600,1048261,0,87087872,4096,58,10,10,10
84,88136600,1048261,1,42508288,4096,49,13,10,10
84,88136600,1048261,2,42968832,65536,45,7,10,10
84,88136600,1048261,3,43017984,16384,45,7,10,10
84,88136600,1048261,4,66113280,65536,45,7,10,10
84,88136600,1048261,5,67162368,16384,45,7,10,10
84,88136600,1048261,6,79749120,1024,45,7,10,10
84,88136600,1048261,7,81780480,65536,45,7,10,10
84,88136600,1048261,8,81846272,65536,45,7,10,10
84,88136600,1048261,9,86021632,16384,25,5,10,10
84,88136600,1048261,10,57165568,65536,21,3,10,10
84,88136600,1048261,11,66604800,65536,21,3,10,10
85,89184861,1050339,0,87087872,4096,57,11,10,10
85,89184861,1050339,1,42968832,65536,52,10,10,10
85,89184861,1050339,2,43017984,16384,52,10,10,10
85,89184861,1050339,3,67162368,16384,52,10,10,10
85,89184861,1050339,4,79749120,4096,52,10,10,10
85,89184861,1050339,5,81780480,65536,52,10,10,10
85,89184861,1050339,6,81846272,65536,52,10,10,10
85,89184861,1050339,7,88136704,16384,52,10,10,10
85,89184861,1050339,8,66113280,4096,37,11,10,10
85,89184861,1050339,9,42508288,4096,33,7,10,10
85,89184861,1050339,10,43556352,4096,23,5,10,10
85,89184861,1050339,11,53000448,4096,23,5,10,10
86,90235200,1048918,0,42968832,65536,91,17,10,10
86,90235200,1048918,1,43017984,16384,91,17,10,10
86,90235200,1048918,2,67162368,16384,91,17,10,10
86,90235200,1048918,3,79749120,4096,91,17,10,10
86,90235200,1048918,4,81780480,65536,91,17,10,10
86,90235200,1048918,5,81846272,65536,91,17,10,10
86,90235200,1048918,6,87087872,4096,91,17,10,10
86,90235200,1048918,7,88136704,16384,91,17,10,10
86,90235200,1048918,8,42508288,4096,36,10,10,10
86,90235200,1048918,9,66113280,4096,28,6,10,10
86,90235200,1048918,10,76600320,65536,24,4,10,10
86,90235200,1048918,11,43556352,4096,17,5,10,10
88,92334574,1044990,0,91284224,1024,27,5,8,8
88,92334574,1044990,1,91284224,4096,21,3,8,8
88,92334574,1044990,2,91284224,16384,21,3,8,8
88,92334574,1044990,3,91284224,65536,21,3,8,8
89,93379564,1048442,0,87087872,4096,53,9,10,10
89,93379564,1048442,1,42968832,65536,48,8,10,10
89,93379564,1048442,2,43017984,16384,48,8,10,10
89,93379564,1048442,3,67162368,16384,48,8,10,10
89,93379564,1048442,4,79749120,4096,48,8,10,10
89,93379564,1048442,5,81780480,65536,48,8,10,10
89,93379564,1048442,6,81846272,65536,48,8,10,10
89,93379564,1048442,7,88136704,16384,48,8,10,10
89,93379564,1048442,8,56115712,65536,42,6,10,10
89,93379564,1048442,9,62403072,65536,42,6,10,10
89,93379564,1048442,10,68145408,65536,42,6,10,10
89,93379564,1048442,11,70292480,16384,42,6,10,10
90,94428006,1047516,0,87087872,4096,124,24,10,10
90,94428006,1047516,1,42968832,65536,102,18,10,10
90,94428006,1047516,2,43017984,16384,102,18,10,10
90,94428006,1047516,3,67162368,16384,102,18,10,10
90,94428006,1047516,4,79749120,4096,102,18,10,10
90,94428006,1047516,5,81780480,65536,102,18,10,10
90,94428006,1047516,6,81846272,65536,102,18,10,10
90,94428006,1047516,7,88136704,16384,102,18,10,10
90,94428006,1047516,8,42508288,4096,64,14,10,10
90,94428006,1047516,9,90757632,4096,59,13,10,10
90,94428006,1047516,10,5759488,16384,24,4,10,10
90,94428006,1047516,11,64530688,16384,24,4,10,10
91,95475522,1047783,0,87087872,4096,98,18,10,10
91,95475522,1047783,1,42968832,65536,93,17,10,10
91,95475522,1047783,2,43017984,16384,93,17,10,10
91,95475522,1047783,3,79749120,4096,93,17,10,10
91,95475522,1047783,4,81780480,65536,93,17,10,10
91,95475522,1047783,5,81846272,65536,93,17,10,10
91,95475522,1047783,6,88136704,16384,93,17,10,10
91,95475522,1047783,7,94918912,65536,93,17,10,10
91,95475522,1047783,8,42508288,4096,55,13,10,10
91,95475522,1047783,9,56115712,65536,33,5,10,10
91,95475522,1047783,10,62403072,65536,33,5,10,10
91,95475522,1047783,11,68145408,65536,33,5,10,10
92,96523305,1048709,0,42508288,4096,66,16,10,10
92,96523305,1048709,1,87087872,4096,66,12,10,10
92,96523305,1048709,2,42968832,65536,51,9,10,10
92,96523305,1048709,3,43017984,16384,51,9,10,10
92,96523305,1048709,4,79749120,4096,51,9,10,10
92,96523305,1048709,5,81780480,65536,51,9,10,10
92,96523305,1048709,6,81846272,65536,51,9,10,10
92,96523305,1048709,7,88136704,16384,51,9,10,10
92,96523305,1048709,8,94918912,65536,51,9,10,10
92,96523305,1048709,9,66113280,4096,36,8,10,10
92,96523305,1048709,10,43556352,4096,33,9,10,10
92,96523305,1048709,11,53000448,4096,33,9,10,10
93,97572014,1047722,0,87087872,4096,82,14,10,10
93,97572014,1047722,1,42968832,65536,72,12,10,10
93,97572014,1047722,2,43017984,16384,72,12,10,10
93,97572014,1047722,3,79749120,4096,72,12,10,10
93,97572014,1047722,4,81780480,65536,72,12,10,10
93,97572014,1047722,5,81846272,65536,72,12,10,10
93,97572014,1047722,6,88136704,16384,72,12,10,10
93,97572014,1047722,7,94918912,65536,72,12,10,10
93,97572014,1047722,8,42508288,4096,60,14,10,10
93,97572014,1047722,9,43556352,4096,37,9,10,10
93,97572014,1047722,10,53000448,4096,37,9,10,10
93,97572014,1047722,11,70309120,4096,37,9,10,10
94,98619736,1047395,0,87087872,4096,57,11,10,10
94,98619736,1047395,1,42508288,4096,55,11,10,10
94,98619736,1047395,2,90757632,4096,45,9,10,10
94,98619736,1047395,3,42968832,65536,33,5,10,10
94,98619736,1047395,4,43017984,16384,33,5,10,10
94,98619736,1047395,5,79749120,16384,33,5,10,10
94,98619736,1047395,6,81780480,65536,33,5,10,10
94,98619736,1047395,7,81846272,65536,33,5,10,10
94,98619736,1047395,8,88136704,16384,33,5,10,10
94,98619736,1047395,9,94918912,65536,33,5,10,10
94,98619736,1047395,10,97572096,16384,33,5,10,10
94,98619736,1047395,11,56115712,65536,24,4,10,10
95,99667131,1048501,0,42508288,4096,72,16,10,10
95,99667131,1048501,1,87087872,4096,70,14,10,10
95,99667131,1048501,2,42968832,65536,66,12,10,10
95,99667131,1048501,3,43017984,16384,66,12,10,10
95,99667131,1048501,4,79749120,16384,66,12,10,10
95,99667131,1048501,5,81780480,65536,66,12,10,10
95,99667131,1048501,6,81846272,65536,66,12,10,10
95,99667131,1048501,7,88136704,16384,66,12,10,10
95,99667131,1048501,8,94918912,65536,66,12,10,10
95,99667131,1048501,9,97572096,16384,66,12,10,10
95,99667131,1048501,10,98619904,65536,42,6,10,10
95,99667131,1048501,11,43556352,4096,39,9,10,10
96,100715632,1046864,0,56115712,65536,107,17,10,10
96,100715632,1046864,1,62403072,65536,107,17,10,10
96,100715632,1046864,2,68145408,65536,107,17,10,10
96,100715632,1046864,3,70292480,16384,107,17,10,10
96,100715632,1046864,4,84434176,65536,107,17,10,10
96,100715632,1046864,5,85480960,65536,107,17,10,10
96,100715632,1046864,6,94428160,65536,107,17,10,10
96,100715632,1046864,7,100649984,65536,107,17,10,10
96,100715632,1046864,8,42508288,4096,69,15,10,10
96,100715632,1046864,9,5759488,16384,68,12,10,10
96,100715632,1046864,10,64530688,16384,68,12,10,10
96,100715632,1046864,11,82362624,16384,68,12,10,10
97,101762496,1047087,0,87087872,4096,172,34,10,10
97,101762496,1047087,1,100699136,16384,154,28,10,10
97,101762496,1047087,2,56115712,65536,144,22,10,10
97,101762496,1047087,3,62403072,65536,144,22,10,10
97,101762496,1047087,4,68145408,65536,144,22,10,10
97,101762496,1047087,5,70292480,16384,144,22,10,10
97,101762496,1047087,6,84434176,65536,144,22,10,10
97,101762496,1047087,7,85480960,65536,144,22,10,10
97,101762496,1047087,8,94428160,65536,144,22,10,10
97,101762496,1047087,9,100649984,65536,144,22,10,10
97,101762496,1047087,10,42968832,65536,128,22,10,10
97,101762496,1047087,11,43017984,16384,128,22,10,10
98,102809583,1052458,0,42508288,4096,93,19,10,10
98,102809583,1052458,1,43556352,4096,50,10,10,10
98,102809583,1052458,2,53000448,4096,50,10,10,10
98,102809583,1052458,3,70309120,4096,50,10,10,10
98,102809583,1052458,4,90757632,4096,43,9,10,10
98,102809583,1052458,5,56115712,65536,29,5,10,10
98,102809583,1052458,6,62403072,65536,29,5,10,10
98,102809583,1052458,7,68145408,65536,29,5,10,10
98,102809583,1052458,8,84434176,65536,29,5,10,10
98,102809583,1052458,9,85480960,65536,29,5,10,10
98,102809583,1052458,10,94428160,65536,29,5,10,10
98,102809583,1052458,11,100649984,65536,29,5,10,10
99,103862041,1048466,0,47719680,65536,54,8,6,6
99,103862041,1048466,1,73457664,4096,35,7,6,6
99,103862041,1048466,2,40937216,16384,33,5,6,6
99,103862041,1048466,3,46669568,65536,33,5,6,6
99,103862041,1048466,4,48260352,16384,33,5,6,6
99,103862041,1048466,5,72413184,16384,33,5,6,6
99,103862041,1048466,6,77649664,65536,33,5,6,6
99,103862041,1048466,7,33055744,1024,11,5,6,6
99,103862041,1048466,8,31484928,256,2,2,6,6
99,103862041,1048466,9,50375168,256,2,2,6,6
99,103862041,1048466,10,73460736,1024,35,7,6,6
99,103862041,1048466,11,46694144,16384,33,5,6,6
100,104910507,1052545,0,47719680,65536,50,8,6,6
100,104910507,1052545,1,104353536,65536,50,8,6,6
100,104910507,1052545,2,73457664,4096,13,3,6,6
100,104910507,1052545,3,33055744,1024,8,2,6,6
100,104910507,1052545,4,62961920,256,4,2,6,6
100,104910507,1052545,5,103862272,4096,4,2,6,6
100,104910507,1052545,6,72413184,256,1,1,6,6
100,104910507,1052545,7,73460736,1024,13,3,6,6
101,105963052,1043174,0,72413184,16384,60,10,6,6
101,105963052,1043174,1,40937216,16384,48,8,6,6
101,105963052,1043174,2,46669568,65536,48,8,6,6
101,105963052,1043174,3,48260352,16384,48,8,6,6
101,105963052,1043174,4,77649664,65536,48,8,6,6
101,105963052,1043174,5,104893952,16384,48,8,6,6
101,105963052,1043174,6,47719680,65536,42,6,6,6
101,105963052,1043174,7,104353536,65536,42,6,6,6
101,105963052,1043174,8,105897472,65536,42,6,6,6
101,105963052,1043174,9,73457664,4096,28,6,6,6
101,105963052,1043174,10,47228416,16384,12,2,6,6
101,105963052,1043174,11,61385216,4096,5,1,6,6
102,107006226,1047887,0,40937216,16384,39,7,6,6
102,107006226,1047887,1,46669568,65536,39,7,6,6
102,107006226,1047887,2,48260352,16384,39,7,6,6
102,107006226,1047887,3,72413184,16384,39,7,6,6
102,107006226,1047887,4,77649664,65536,39,7,6,6
102,107006226,1047887,5,104893952,16384,39,7,6,6
102,107006226,1047887,6,47719680,65536,12,2,6,6
102,107006226,1047887,7,104353536,65536,12,2,6,6
102,107006226,1047887,8,105897472,65536,12,2,6,6
102,107006226,1047887,9,73457664,4096,10,2,6,6
102,107006226,1047887,10,33055744,1024,6,2,6,6
102,107006226,1047887,11,62961920,256,4,2,6,6
103,108054113,1055045,0,107522048,16384,40,8,6,6
103,108054113,1055045,1,40937216,16384,40,6,6,6
103,108054113,1055045,2,46669568,65536,40,6,6,6
103,108054113,1055045,3,48260352,16384,40,6,6,6
103,108054113,1055045,4,72413184,16384,40,6,6,6
103,108054113,1055045,5,77649664,65536,40,6,6,6
103,108054113,1055045,6,104893952,16384,40,6,6,6
103,108054113,1055045,7,107988480,65536,40,6,6,6
103,108054113,1055045,8,73457664,4096,39,9,6,6
103,108054113,1055045,9,47719680,65536,21,3,6,6
103,108054113,1055045,10,104353536,65536,21,3,6,6
103,108054113,1055045,11,105897472,65536,21,3,6,6
104,109109158,1049000,0,87087872,4096,82,14,10,10
104,109109158,1049000,1,42968832,65536,69,11,10,10
104,109109158,1049000,2,43017984,16384,69,11,10,10
104,109109158,1049000,3,81846272,65536,69,11,10,10
104,109109158,1049000,4,88136704,16384,69,11,10,10
104,109109158,1049000,5,94918912,65536,69,11,10,10
104,109109158,1049000,6,97572096,16384,69,11,10,10
104,109109158,1049000,7,100183040,16384,69,11,10,10
104,109109158,1049000,8,100699136,16384,69,11,10,10
104,109109158,1049000,9,42508288,4096,43,9,10,10
104,109109158,1049000,10,90757632,4096,28,6,10,10
104,109109158,1049000,11,5759488,16384,21,5,10,10
105,110158158,1049924,0,87087872,4096,102,18,10,10
105,110158158,1049924,1,42968832,65536,97,17,10,10
105,110158158,1049924,2,43017984,16384,97,17,10,10
105,110158158,1049924,3,81846272,65536,97,17,10,10
105,110158158,1049924,4,88136704,16384,97,17,10,10
105,110158158,1049924,5,94918912,65536,97,17,10,10
105,110158158,1049924,6,97572096,16384,97,17,10,10
105,110158158,1049924,7,100183040,16384,97,17,10,10
105,110158158,1049924,8,100699136,16384,97,17,10,10
105,110158158,1049924,9,56115712,65536,84,12,10,10
105,110158158,1049924,10,62403072,65536,84,12,10,10
105,110158158,1049924,11,68145408,65536,84,12,10,10
106,111208082,1048061,0,42968832,65536,87,15,10,10
106,111208082,1048061,1,43017984,16384,87,15,10,10
106,111208082,1048061,2,81846272,65536,87,15,10,10
106,111208082,1048061,3,87087872,4096,87,15,10,10
106,111208082,1048061,4,88136704,16384,87,15,10,10
106,111208082,1048061,5,94918912,65536,87,15,10,10
106,111208082,1048061,6,97572096,16384,87,15,10,10
106,111208082,1048061,7,100183040,16384,87,15,10,10
106,111208082,1048061,8,100699136,16384,87,15,10,10
106,111208082,1048061,9,42508288,4096,56,14,10,10
106,111208082,1048061,10,90757632,4096,28,8,10,10
106,111208082,1048061,11,43556352,4096,28,6,10,10
107,112256143,1047436,0,40937216,16384,64,12,6,6
107,112256143,1047436,1,46669568,65536,64,12,6,6
107,112256143,1047436,2,48260352,16384,64,12,6,6
107,112256143,1047436,3,72413184,16384,64,12,6,6
107,112256143,1047436,4,77649664,65536,64,12,6,6
107,112256143,1047436,5,104893952,16384,64,12,6,6
107,112256143,1047436,6,107988480,65536,64,12,6,6
107,112256143,1047436,7,73457664,4096,44,10,6,6
107,112256143,1047436,8,107522048,16384,36,6,6,6
107,112256143,1047436,9,47719680,65536,21,3,6,6
107,112256143,1047436,10,104353536,65536,21,3,6,6
107,112256143,1047436,11,105897472,65536,21,3,6,6
108,113303579,1052130,0,40937216,16384,112,20,6,6
108,113303579,1052130,1,46669568,65536,112,20,6,6
108,113303579,1052130,2,48260352,16384,112,20,6,6
108,113303579,1052130,3,72413184,16384,112,20,6,6
108,113303579,1052130,4,77649664,65536,112,20,6,6
108,113303579,1052130,5,104893952,16384,112,20,6,6
108,113303579,1052130,6,107988480,65536,112,20,6,6
108,113303579,1052130,7,73457664,4096,59,13,6,6
108,113303579,1052130,8,107522048,16384,47,9,6,6
108,113303579,1052130,9,47719680,65536,25,5,6,6
108,113303579,1052130,10,104353536,65536,25,5,6,6
108,113303579,1052130,11,105897472,65536,25,5,6,6
109,114355709,1042596,0,73457664,4096,33,7,6,6
109,114355709,1042596,1,104910592,4096,33,7,6,6
109,114355709,1042596,2,40937216,16384,33,5,6,6
109,114355709,1042596,3,46669568,65536,33,5,6,6
109,114355709,1042596,4,48260352,16384,33,5,6,6
109,114355709,1042596,5,72413184,16384,33,5,6,6
109,114355709,1042596,6,77649664,65536,33,5,6,6
109,114355709,1042596,7,107988480,65536,33,5,6,6
109,114355709,1042596,8,107522048,16384,22,4,6,6
109,114355709,1042596,9,103862272,4096,8,2,6,6
109,114355709,1042596,10,73460736,1024,33,7,6,6
109,114355709,1042596,11,46694144,16384,33,5,6,6
110,115398305,1047858,0,47719680,65536,36,6,6,6
110,115398305,1047858,1,104353536,65536,36,6,6,6
110,115398305,1047858,2,105897472,65536,36,6,6,6
110,115398305,1047858,3,109043456,65536,36,6,6,6
110,115398305,1047858,4,107522048,16384,27,5,6,6
110,115398305,1047858,5,40937216,16384,15,3,6,6
110,115398305,1047858,6,46669568,65536,15,3,6,6
110,115398305,1047858,7,48260352,16384,15,3,6,6
110,115398305,1047858,8,72413184,16384,15,3,6,6
110,115398305,1047858,9,77649664,65536,15,3,6,6
110,115398305,1047858,10,104893952,16384,15,3,6,6
110,115398305,1047858,11,107988480,65536,15,3,6,6
111,116446163,1044254,0,40937216,16384,60,10,6,6
111,116446163,1044254,1,46669568,65536,60,10,6,6
111,116446163,1044254,2,48260352,16384,60,10,6,6
111,116446163,1044254,3,72413184,16384,60,10,6,6
111,116446163,1044254,4,77649664,65536,60,10,6,6
111,116446163,1044254,5,104893952,16384,60,10,6,6
111,116446163,1044254,6,107988480,65536,60,10,6,6
111,116446163,1044254,7,114355712,256,60,10,6,6
111,116446163,1044254,8,47719680,65536,45,7,6,6
111,116446163,1044254,9,104353536,65536,45,7,6,6
111,116446163,1044254,10,105897472,65536,45,7,6,6
111,116446163,1044254,11,109043456,65536,45,7,6,6
112,117490417,1048143,0,107522048,16384,32,6,6,6
112,117490417,1048143,1,103862272,4096,17,5,6,6
112,117490417,1048143,2,40937216,16384,12,2,6,6
112,117490417,1048143,3,46669568,65536,12,2,6,6
112,117490417,1048143,4,48260352,16384,12,2,6,6
112,117490417,1048143,5,77649664,65536,12,2,6,6
112,117490417,1048143,6,104893952,16384,12,2,6,6
112,117490417,1048143,7,107988480,65536,12,2,6,6
112,117490417,1048143,8,114355712,256,12,2,6,6
112,117490417,1048143,9,117424640,65536,12,2,6,6
112,117490417,1048143,10,33055744,1024,4,2,6,6
112,117490417,1048143,11,115397120,1024,4,2,6,6
113,118538560,1041394,0,107522048,16384,66,12,6,6
113,118538560,1041394,1,47719680,65536,58,10,6,6
113,118538560,1041394,2,104353536,65536,58,10,6,6
113,118538560,1041394,3,105897472,65536,58,10,6,6
113,118538560,1041394,4,109043456,65536,58,10,6,6
113,118538560,1041394,5,118522112,16384,42,8,6,6
113,118538560,1041394,6,40937216,16384,39,7,6,6
113,118538560,1041394,7,46669568,65536,39,7,6,6
113,118538560,1041394,8,48260352,16384,39,7,6,6
113,118538560,1041394,9,77649664,65536,39,7,6,6
113,118538560,1041394,10,104893952,16384,39,7,6,6
113,118538560,1041394,11,107988480,65536,39,7,6,6
114,119579954,1048210,0,40937216,16384,131,21,6,6
114,119579954,1048210,1,46669568,65536,131,21,6,6
114,119579954,1048210,2,48260352,16384,131,21,6,6
114,119579954,1048210,3,104893952,16384,131,21,6,6
114,119579954,1048210,4,107988480,65536,131,21,6,6
114,119579954,1048210,5,114355712,256,131,21,6,6
114,119579954,1048210,6,117424640,65536,131,21,6,6
114,119579954,1048210,7,118538752,16384,131,21,6,6
114,119579954,1048210,8,47719680,65536,102,16,6,6
114,119579954,1048210,9,104353536,65536,102,16,6,6
114,119579954,1048210,10,105897472,65536,102,16,6,6
114,119579954,1048210,11,109043456,65536,102,16,6,6
115,120628164,1047845,0,13641728,16384,262,44,9,9
115,120628164,1047845,1,1048320,65536,236,44,9,9
115,120628164,1047845,2,1540096,65536,236,44,9,9
115,120628164,1047845,3,2097920,16384,236,44,9,9
115,120628164,1047845,4,4129792,65536,236,44,9,9
115,120628164,1047845,5,28852736,16384,236,44,9,9
115,120628164,1047845,6,44573440,65536,236,44,9,9
115,120628164,1047845,7,83878912,65536,236,44,9,9
115,120628164,1047845,8,16797952,4096,225,51,9,9
115,120628164,1047845,9,3080960,65536,141,21,9,9
115,120628164,1047845,10,34637312,65536,141,21,9,9
115,120628164,1047845,11,40379136,65536,141,21,9,9
116,121676009,1048337,0,87087872,4096,105,17,10,10
116,121676009,1048337,1,42968832,65536,90,14,10,10
116,121676009,1048337,2,43017984,16384,90,14,10,10
116,121676009,1048337,3,81846272,65536,90,14,10,10
116,121676009,1048337,4,88136704,16384,90,14,10,10
116,121676009,1048337,5,94918912,65536,90,14,10,10
116,121676009,1048337,6,97572096,16384,90,14,10,10
116,121676009,1048337,7,100183040,16384,90,14,10,10
116,121676009,1048337,8,100699136,16384,90,14,10,10
116,121676009,1048337,9,98619904,65536,69,11,10,10
116,121676009,1048337,10,110650368,65536,69,11,10,10
116,121676009,1048337,11,42508288,4096,66,14,10,10
117,122724346,1039846,0,40937216,16384,88,16,6,6
117,122724346,1039846,1,46669568,65536,88,16,6,6
117,122724346,1039846,2,48260352,16384,88,16,6,6
117,122724346,1039846,3,104893952,16384,88,16,6,6
117,122724346,1039846,4,107988480,65536,88,16,6,6
117,122724346,1039846,5,114355712,256,88,16,6,6
117,122724346,1039846,6,117424640,65536,88,16,6,6
117,122724346,1039846,7,118538752,16384,88,16,6,6
117,122724346,1039846,8,73457664,4096,36,8,6,6
117,122724346,1039846,9,37785856,65536,21,3,6,6
117,122724346,1039846,10,47228416,16384,12,2,6,6
117,122724346,1039846,11,72413184,16384,12,2,6,6
118,123764192,1047401,0,40937216,16384,48,8,6,6
118,123764192,1047401,1,46669568,65536,48,8,6,6
118,123764192,1047401,2,48260352,16384,48,8,6,6
118,123764192,1047401,3,104893952,16384,48,8,6,6
118,123764192,1047401,4,107988480,65536,48,8,6,6
118,123764192,1047401,5,114355712,256,48,8,6,6
118,123764192,1047401,6,117424640,65536,48,8,6,6
118,123764192,1047401,7,118538752,16384,48,8,6,6
118,123764192,1047401,8,73457664,4096,23,5,6,6
118,123764192,1047401,9,47719680,65536,12,2,6,6
118,123764192,1047401,10,104353536,65536,12,2,6,6
118,123764192,1047401,11,105897472,65536,12,2,6,6
119,124811593,1048069,0,42508288,4096,59,13,10,10
119,124811593,1048069,1,42968832,65536,59,13,10,10
119,124811593,1048069,2,43017984,16384,59,13,10,10
119,124811593,1048069,3,87087872,4096,59,13,10,10
119,124811593,1048069,4,88136704,16384,59,13,10,10
119,124811593,1048069,5,94918912,65536,59,13,10,10
119,124811593,1048069,6,97572096,16384,59,13,10,10
119,124811593,1048069,7,100183040,16384,59,13,10,10
119,124811593,1048069,8,100699136,16384,59,13,10,10
119,124811593,1048069,9,122707712,16384,59,13,10,10
119,124811593,1048069,10,90757632,4096,54,12,10,10
119,124811593,1048069,11,82830080,65536,21,3,10,10
120,125859662,1047287,0,42508288,4096,53,13,10,10
120,125859662,1047287,1,42968832,65536,32,6,10,10
120,125859662,1047287,2,43017984,16384,32,6,10,10
120,125859662,1047287,3,87087872,16384,32,6,10,10
120,125859662,1047287,4,88136704,16384,32,6,10,10
120,125859662,1047287,5,94918912,65536,32,6,10,10
120,125859662,1047287,6,97572096,16384,32,6,10,10
120,125859662,1047287,7,100183040,16384,32,6,10,10
120,125859662,1047287,8,100699136,16384,32,6,10,10
120,125859662,1047287,9,122707712,16384,32,6,10,10
120,125859662,1047287,10,125843200,16384,32,6,10,10
120,125859662,1047287,11,90757632,4096,31,7,10,10
121,126906949,1049127,0,56115712,65536,63,9,10,10
121,126906949,1049127,1,62403072,65536,63,9,10,10
121,126906949,1049127,2,68145408,65536,63,9,10,10
121,126906949,1049127,3,70292480,16384,63,9,10,10
121,126906949,1049127,4,85480960,65536,63,9,10,10
121,126906949,1049127,5,94428160,65536,63,9,10,10
121,126906949,1049127,6,100649984,65536,63,9,10,10
121,126906949,1049127,7,101762560,16384,63,9,10,10
121,126906949,1049127,8,102253056,65536,63,9,10,10
121,126906949,1049127,9,111208192,65536,63,9,10,10
121,126906949,1049127,10,121676032,65536,63,9,10,10
121,126906949,1049127,11,42968832,65536,36,6,10,10
122,127956076,1044461,0,42968832,65536,32,8,10,10
122,127956076,1044461,1,43017984,16384,32,8,10,10
122,127956076,1044461,2,87087872,16384,32,8,10,10
122,127956076,1044461,3,88136704,16384,32,8,10,10
122,127956076,1044461,4,94918912,65536,32,8,10,10
122,127956076,1044461,5,97572096,16384,32,8,10,10
122,127956076,1044461,6,100183040,16384,32,8,10,10
122,127956076,1044461,7,100699136,16384,32,8,10,10
122,127956076,1044461,8,122707712,16384,32,8,10,10
122,127956076,1044461,9,125843200,16384,32,8,10,10
122,127956076,1044461,10,67096576,65536,21,3,10,10
122,127956076,1044461,11,42508288,4096,19,5,10,10
123,129000537,1042937,0,42508288,4096,32,8,10,10
123,129000537,1042937,1,90757632,4096,22,6,10,10
123,129000537,1042937,2,127956224,65536,21,3,10,10
123,129000537,1042937,3,42968832,65536,12,2,10,10
123,129000537,1042937,4,43017984,16384,12,2,10,10
123,129000537,1042937,5,87087872,16384,12,2,10,10
123,129000537,1042937,6,88136704,16384,12,2,10,10
123,129000537,1042937,7,94918912,65536,12,2,10,10
123,129000537,1042937,8,97572096,16384,12,2,10,10
123,129000537,1042937,9,100183040,16384,12,2,10,10
123,129000537,1042937,10,100699136,16384,12,2,10,10
123,129000537,1042937,11,122707712,16384,12,2,10,10
124,130043474,1052565,0,47719680,65536,24,4,6,6
124,130043474,1052565,1,104353536,65536,24,4,6,6
124,130043474,1052565,2,105897472,65536,24,4,6,6
124,130043474,1052565,3,109043456,65536,24,4,6,6
124,130043474,1052565,4,115398400,65536,24,4,6,6
124,130043474,1052565,5,119580160,65536,24,4,6,6
124,130043474,1052565,6,124285696,4096,18,4,6,6
124,130043474,1052565,7,107522048,16384,15,3,6,6
124,130043474,1052565,8,118522112,16384,15,3,6,6
124,130043474,1052565,9,40937216,16384,12,2,6,6
124,130043474,1052565,10,46669568,65536,12,2,6,6
124,130043474,1052565,11,48260352,16384,12,2,6,6
125,131096039,1047350,0,56115712,65536,25,5,10,10
125,131096039,1047350,1,62403072,65536,25,5,10,10
125,131096039,1047350,2,68145408,65536,25,5,10,10
125,131096039,1047350,3,70292480,16384,25,5,10,10
125,131096039,1047350,4,85480960,65536,25,5,10,10
125,131096039,1047350,5,94428160,65536,25,5,10,10
125,131096039,1047350,6,100649984,65536,25,5,10,10
125,131096039,1047350,7,101762560,16384,25,5,10,10
125,131096039,1047350,8,102253056,65536,25,5,10,10
125,131096039,1047350,9,111208192,65536,25,5,10,10
125,131096039,1047350,10,121676032,65536,25,5,10,10
125,131096039,1047350,11,42508288,4096,20,4,10,10
126,132143389,1052809,0,42968832,65536,79,15,10,10
126,132143389,1052809,1,43017984,16384,79,15,10,10
126,132143389,1052809,2,87087872,16384,79,15,10,10
126,132143389,1052809,3,88136704,16384,79,15,10,10
126,132143389,1052809,4,94918912,65536,79,15,10,10
126,132143389,1052809,5,97572096,16384,79,15,10,10
126,132143389,1052809,6,100183040,16384,79,15,10,10
126,132143389,1052809,7,100699136,16384,79,15,10,10
126,132143389,1052809,8,122707712,16384,79,15,10,10
126,132143389,1052809,9,125843200,16384,79,15,10,10
126,132143389,1052809,10,42508288,4096,60,14,10,10
126,132143389,1052809,11,90757632,4096,40,10,10,10
127,133196198,1048059,0,42968832,65536,57,9,10,10
127,133196198,1048059,1,43017984,16384,57,9,10,10
127,133196198,1048059,2,87087872,16384,57,9,10,10
127,133196198,1048059,3,88136704,16384,57,9,10,10
127,133196198,1048059,4,94918912,65536,57,9,10,10
127,133196198,1048059,5,97572096,16384,57,9,10,10
127,133196198,1048059,6,100183040,16384,57,9,10,10
127,133196198,1048059,7,100699136,16384,57,9,10,10
127,133196198,1048059,8,122707712,16384,57,9,10,10
127,133196198,1048059,9,125843200,16384,57,9,10,10
127,133196198,1048059,10,56115712,65536,21,3,10,10
127,133196198,1048059,11,62403072,65536,21,3,10,10
128,134244257,1053802,0,42968832,65536,40,8,10,10
128,134244257,1053802,1,43017984,16384,40,8,10,10
128,134244257,1053802,2,87087872,16384,40,8,10,10
128,134244257,1053802,3,88136704,16384,40,8,10,10
128,134244257,1053802,4,94918912,65536,40,8,10,10
128,134244257,1053802,5,97572096,16384,40,8,10,10
128,134244257,1053802,6,100183040,16384,40,8,10,10
128,134244257,1053802,7,100699136,16384,40,8,10,10
128,134244257,1053802,8,122707712,16384,40,8,10,10
128,134244257,1053802,9,125843200,16384,40,8,10,10
128,134244257,1053802,10,56115712,65536,21,3,10,10
128,134244257,1053802,11,62403072,65536,21,3,10,10
129,135298059,1053942,0,135232512,65536,42,6,10,10
129,135298059,1053942,1,66113280,4096,21,5,10,10
129,135298059,1053942,2,5759488,16384,12,2,10,10
129,135298059,1053942,3,42968832,65536,12,2,10,10
129,135298059,1053942,4,43017984,16384,12,2,10,10
129,135298059,1053942,5,64530688,16384,12,2,10,10
129,135298059,1053942,6,82362624,16384,12,2,10,10
129,135298059,1053942,7,86021632,16384,12,2,10,10
129,135298059,1053942,8,87087872,16384,12,2,10,10
129,135298059,1053942,9,88136704,16384,12,2,10,10
129,135298059,1053942,10,94918912,65536,12,2,10,10
129,135298059,1053942,11,97572096,16384,12,2,10,10
130,136352001,1050287,0,121119232,65536,91,15,9,9
130,136352001,1050287,1,3080960,65536,70,12,9,9
130,136352001,1050287,2,13641728,16384,70,12,9,9
130,136352001,1050287,3,34637312,65536,70,12,9,9
130,136352001,1050287,4,40379136,65536,70,12,9,9
130,136352001,1050287,5,121610240,65536,70,12,9,9
130,136352001,1050287,6,16797952,4096,23,5,9,9
130,136352001,1050287,7,1048320,65536,15,3,9,9
130,136352001,1050287,8,1540096,65536,15,3,9,9
130,136352001,1050287,9,2097920,16384,15,3,9,9
130,136352001,1050287,10,4129792,65536,15,3,9,9
130,136352001,1050287,11,28852736,16384,15,3,9,9
131,137402288,1047088,0,121671680,4096,32,8,9,9
131,137402288,1047088,1,19943424,16384,28,6,9,9
131,137402288,1047088,2,1048320,65536,24,4,9,9
131,137402288,1047088,3,1540096,65536,24,4,9,9
131,137402288,1047088,4,2097920,16384,24,4,9,9
131,137402288,1047088,5,4129792,65536,24,4,9,9
131,137402288,1047088,6,28852736,16384,24,4,9,9
131,137402288,1047088,7,44573440,65536,24,4,9,9
131,137402288,1047088,8,83878912,65536,24,4,9,9
131,137402288,1047088,9,3080960,65536,21,3,9,9
131,137402288,1047088,10,13641728,16384,21,3,9,9
131,137402288,1047088,11,34637312,65536,21,3,9,9
132,138449376,1039752,0,1048320,65536,45,7,9,9
132,138449376,1039752,1,1540096,65536,45,7,9,9
132,138449376,1039752,2,2097920,16384,45,7,9,9
132,138449376,1039752,3,4129792,65536,45,7,9,9
132,138449376,1039752,4,28852736,16384,45,7,9,9
132,138449376,1039752,5,44573440,65536,45,7,9,9
132,138449376,1039752,6,83878912,65536,45,7,9,9
132,138449376,1039752,7,121659392,16384,45,7,9,9
132,138449376,1039752,8,16797952,4096,28,6,9,9
132,138449376,1039752,9,16271616,4096,23,5,9,9
132,138449376,1039752,10,27812352,4096,23,5,9,9
132,138449376,1039752,11,3080960,65536,21,3,9,9
133,139489128,1050639,0,56115712,65536,21,3,10,10
133,139489128,1050639,1,62403072,65536,21,3,10,10
133,139489128,1050639,2,68145408,65536,21,3,10,10
133,139489128,1050639,3,70292480,16384,21,3,10,10
133,139489128,1050639,4,100649984,65536,21,3,10,10
133,139489128,1050639,5,101762560,16384,21,3,10,10
133,139489128,1050639,6,102253056,65536,21,3,10,10
133,139489128,1050639,7,111208192,65536,21,3,10,10
133,139489128,1050639,8,121676032,65536,21,3,10,10
133,139489128,1050639,9,132636928,65536,21,3,10,10
133,139489128,1050639,10,132661504,16384,21,3,10,10
133,139489128,1050639,11,42508288,4096,14,4,10,10
134,140539767,1048234,0,42968832,65536,51,9,10,10
134,140539767,1048234,1,43017984,16384,51,9,10,10
134,140539767,1048234,2,87087872,16384,51,9,10,10
134,140539767,1048234,3,88136704,16384,51,9,10,10
134,140539767,1048234,4,94918912,65536,51,9,10,10
134,140539767,1048234,5,97572096,16384,51,9,10,10
134,140539767,1048234,6,100183040,16384,51,9,10,10
134,140539767,1048234,7,100699136,16384,51,9,10,10
134,140539767,1048234,8,122707712,16384,51,9,10,10
134,140539767,1048234,9,125843200,16384,51,9,10,10
134,140539767,1048234,10,56115712,65536,21,3,10,10
134,140539767,1048234,11,62403072,65536,21,3,10,10
135,141588001,1047941,0,1048320,65536,36,6,9,9
135,141588001,1047941,1,1540096,65536,36,6,9,9
135,141588001,1047941,2,2097920,16384,36,6,9,9
135,141588001,1047941,3,4129792,65536,36,6,9,9
135,141588001,1047941,4,28852736,16384,36,6,9,9
135,141588001,1047941,5,44573440,65536,36,6,9,9
135,141588001,1047941,6,83878912,65536,36,6,9,9
135,141588001,1047941,7,121659392,16384,36,6,9,9
135,141588001,1047941,8,138960896,16384,36,6,9,9
135,141588001,1047941,9,16271616,4096,31,7,9,9
135,141588001,1047941,10,16797952,4096,31,7,9,9
135,141588001,1047941,11,27812352,4096,31,7,9,9
136,142635942,1048683,0,42508288,4096,46,12,10,10
136,142635942,1048683,1,42968832,65536,36,6,10,10
136,142635942,1048683,2,43017984,16384,36,6,10,10
136,142635942,1048683,3,87087872,16384,36,6,10,10
136,142635942,1048683,4,88136704,16384,36,6,10,10
136,142635942,1048683,5,94918912,65536,36,6,10,10
136,142635942,1048683,6,97572096,16384,36,6,10,10
136,142635942,1048683,7,100183040,16384,36,6,10,10
136,142635942,1048683,8,100699136,16384,36,6,10,10
136,142635942,1048683,9,122707712,16384,36,6,10,10
136,142635942,1048683,10,125843200,16384,36,6,10,10
136,142635942,1048683,11,43556352,4096,24,6,10,10
137,143684625,1059844,0,13641728,16384,88,14,9,9
137,143684625,1059844,1,16797952,4096,75,17,9,9
137,143684625,1059844,2,1048320,65536,63,11,9,9
137,143684625,1059844,3,1540096,65536,63,11,9,9
137,143684625,1059844,4,2097920,16384,63,11,9,9
137,143684625,1059844,5,4129792,65536,63,11,9,9
137,143684625,1059844,6,28852736,16384,63,11,9,9
137,143684625,1059844,7,44573440,65536,63,11,9,9
137,143684625,1059844,8,83878912,65536,63,11,9,9
137,143684625,1059844,9,121659392,16384,63,11,9,9
137,143684625,1059844,10,138960896,16384,63,11,9,9
137,143684625,1059844,11,3080960,65536,47,7,9,9
138,144744469,1047857,0,13641728,16384,37,7,9,9
138,144744469,1047857,1,121671680,4096,36,8,9,9
138,144744469,1047857,2,16797952,4096,31,7,9,9
138,144744469,1047857,3,120628224,4096,21,5,9,9
138,144744469,1047857,4,3080960,65536,21,3,9,9
138,144744469,1047857,5,34637312,65536,21,3,9,9
138,144744469,1047857,6,40379136,65536,21,3,9,9
138,144744469,1047857,7,121119232,65536,21,3,9,9
138,144744469,1047857,8,121610240,65536,21,3,9,9
138,144744469,1047857,9,143684864,65536,21,3,9,9
138,144744469,1047857,10,144181760,65536,21,3,9,9
138,144744469,1047857,11,144678912,65536,21,3,9,9
139,145792326,1049713,0,121119232,65536,42,6,9,9
139,145792326,1049713,1,121610240,65536,42,6,9,9
139,145792326,1049713,2,16271616,4096,28,8,9,9
139,145792326,1049713,3,16797952,4096,28,8,9,9
139,145792326,1049713,4,27812352,4096,28,8,9,9
139,145792326,1049713,5,121674752,1024,24,6,9,9
139,145792326,1049713,6,3080960,65536,21,3,9,9
139,145792326,1049713,7,13641728,16384,21,3,9,9
139,145792326,1049713,8,34637312,65536,21,3,9,9
139,145792326,1049713,9,40379136,65536,21,3,9,9
139,145792326,1049713,10,143684864,65536,21,3,9,9
139,145792326,1049713,11,144181760,65536,21,3,9,9
140,146842039,1044950,0,13641728,16384,74,14,9,9
140,146842039,1044950,1,3080960,65536,50,10,9,9
140,146842039,1044950,2,34637312,65536,50,10,9,9
140,146842039,1044950,3,40379136,65536,50,10,9,9
140,146842039,1044950,4,121119232,65536,50,10,9,9
140,146842039,1044950,5,121610240,65536,50,10,9,9
140,146842039,1044950,6,143684864,65536,50,10,9,9
140,146842039,1044950,7,144181760,65536,50,10,9,9
140,146842039,1044950,8,144744704,65536,50,10,9,9
140,146842039,1044950,9,1048320,65536,27,5,9,9
140,146842039,1044950,10,1540096,65536,27,5,9,9
140,146842039,1044950,11,2097920,16384,27,5,9,9
141,147886989,1046933,0,56115712,65536,57,9,10,10
141,147886989,1046933,1,62403072,65536,57,9,10,10
141,147886989,1046933,2,68145408,65536,57,9,10,10
141,147886989,1046933,3,70292480,16384,57,9,10,10
141,147886989,1046933,4,100649984,65536,57,9,10,10
141,147886989,1046933,5,101762560,16384,57,9,10,10
141,147886989,1046933,6,102253056,65536,57,9,10,10
141,147886989,1046933,7,111208192,65536,57,9,10,10
141,147886989,1046933,8,121676032,65536,57,9,10,10
141,147886989,1046933,9,132636928,65536,57,9,10,10
141,147886989,1046933,10,132661504,16384,57,9,10,10
141,147886989,1046933,11,42508288,4096,29,7,10,10
142,148933922,1051128,0,47719680,65536,63,9,6,6
142,148933922,1051128,1,104353536,65536,63,9,6,6
142,148933922,1051128,2,105897472,65536,63,9,6,6
142,148933922,1051128,3,109043456,65536,63,9,6,6
142,148933922,1051128,4,119580160,65536,63,9,6,6
142,148933922,1051128,5,40937216,16384,39,7,6,6
142,148933922,1051128,6,46669568,65536,39,7,6,6
142,148933922,1051128,7,48260352,16384,39,7,6,6
142,148933922,1051128,8,104893952,16384,39,7,6,6
142,148933922,1051128,9,107988480,65536,39,7,6,6
142,148933922,1051128,10,114355712,256,39,7,6,6
142,148933922,1051128,11,117424640,65536,39,7,6,6
143,149985050,1044901,0,13641728,16384,48,8,9,9
143,149985050,1044901,1,1048320,65536,42,6,9,9
143,149985050,1044901,2,1540096,65536,42,6,9,9
143,149985050,1044901,3,2097920,16384,42,6,9,9
143,149985050,1044901,4,4129792,65536,42,6,9,9
143,149985050,1044901,5,28852736,16384,42,6,9,9
143,149985050,1044901,6,44573440,65536,42,6,9,9
143,149985050,1044901,7,83878912,65536,42,6,9,9
143,149985050,1044901,8,121659392,16384,42,6,9,9
143,149985050,1044901,9,138960896,16384,42,6,9,9
143,149985050,1044901,10,16797952,4096,29,7,9,9
143,149985050,1044901,11,3080960,65536,24,4,9,9
144,151029951,1040616,0,13641728,16384,65,11,9,9
144,151029951,1040616,1,1048320,65536,58,12,9,9
144,151029951,1040616,2,1540096,65536,58,12,9,9
144,151029951,1040616,3,2097920,16384,58,12,9,9
144,151029951,1040616,4,4129792,65536,58,12,9,9
144,151029951,1040616,5,28852736,16384,58,12,9,9
144,151029951,1040616,6,44573440,65536,58,12,9,9
144,151029951,1040616,7,83878912,65536,58,12,9,9
144,151029951,1040616,8,121659392,16384,58,12,9,9
144,151029951,1040616,9,138960896,16384,58,12,9,9
144,151029951,1040616,10,16797952,4096,48,10,9,9
144,151029951,1040616,11,3080960,65536,45,7,9,9
145,152070567,1048142,0,19943424,16384,28,6,9,9
145,152070567,1048142,1,16797952,4096,26,6,9,9
145,152070567,1048142,2,16271616,4096,21,5,9,9
145,152070567,1048142,3,27812352,4096,21,5,9,9
145,152070567,1048142,4,3080960,65536,21,3,9,9
145,152070567,1048142,5,13641728,16384,21,3,9,9
145,152070567,1048142,6,34637312,65536,21,3,9,9
145,152070567,1048142,7,40379136,65536,21,3,9,9
145,152070567,1048142,8,121119232,65536,21,3,9,9
145,152070567,1048142,9,121610240,65536,21,3,9,9
145,152070567,1048142,10,143684864,65536,21,3,9,9
145,152070567,1048142,11,144181760,65536,21,3,9,9
146,153118709,1046941,0,13641728,16384,52,10,9,9
146,153118709,1046941,1,16797952,16384,27,5,9,9
146,153118709,1046941,2,3080960,65536,25,5,9,9
146,153118709,1046941,3,34637312,65536,25,5,9,9
146,153118709,1046941,4,40379136,65536,25,5,9,9
146,153118709,1046941,5,121119232,65536,25,5,9,9
146,153118709,1046941,6,121610240,65536,25,5,9,9
146,153118709,1046941,7,143684864,65536,25,5,9,9
146,153118709,1046941,8,144181760,65536,25,5,9,9
146,153118709,1046941,9,144744704,65536,25,5,9,9
146,153118709,1046941,10,121671680,4096,23,5,9,9
146,153118709,1046941,11,151548160,4096,13,3,9,9
147,154165650,1049166,0,13641728,16384,89,15,9,9
147,154165650,1049166,1,16797952,16384,53,9,9,9
147,154165650,1049166,2,121674752,1024,42,12,9,9
147,154165650,1049166,3,151548160,4096,39,11,9,9
147,154165650,1049166,4,3080960,65536,36,6,9,9
147,154165650,1049166,5,34637312,65536,36,6,9,9
147,154165650,1049166,6,40379136,65536,36,6,9,9
147,154165650,1049166,7,121119232,65536,36,6,9,9
147,154165650,1049166,8,121610240,65536,36,6,9,9
147,154165650,1049166,9,143684864,65536,36,6,9,9
147,154165650,1049166,10,144181760,65536,36,6,9,9
147,154165650,1049166,11,144744704,65536,36,6,9,9
148,155214816,1048578,0,13641728,16384,58,10,9,9
148,155214816,1048578,1,121674752,1024,53,15,9,9
148,155214816,1048578,2,1048320,65536,48,8,9,9
148,155214816,1048578,3,1540096,65536,48,8,9,9
148,155214816,1048578,4,2097920,16384,48,8,9,9
148,155214816,1048578,5,4129792,65536,48,8,9,9
148,155214816,1048578,6,28852736,16384,48,8,9,9
148,155214816,1048578,7,44573440,65536,48,8,9,9
148,155214816,1048578,8,83878912,65536,48,8,9,9
148,155214816,1048578,9,138960896,16384,48,8,9,9
148,155214816,1048578,10,153052928,65536,48,8,9,9
148,155214816,1048578,11,3080960,65536,46,8,9,9
149,156263394,1050649,0,1048320,65536,102,18,9,9
149,156263394,1050649,1,1540096,65536,102,18,9,9
149,156263394,1050649,2,2097920,16384,102,18,9,9
149,156263394,1050649,3,4129792,65536,102,18,9,9
149,156263394,1050649,4,28852736,16384,102,18,9,9
149,156263394,1050649,5,44573440,65536,102,18,9,9
149,156263394,1050649,6,83878912,65536,102,18,9,9
149,156263394,1050649,7,121659392,16384,102,18,9,9
149,156263394,1050649,8,138960896,16384,102,18,9,9
149,156263394,1050649,9,153052928,65536,102,18,9,9
149,156263394,1050649,10,13641728,16384,56,10,9,9
149,156263394,1050649,11,3080960,65536,51,9,9,9
150,157314043,1046398,0,121671680,4096,66,14,9,9
150,157314043,1046398,1,16797952,4096,46,10,9,9
150,157314043,1046398,2,151548160,4096,41,9,9,9
150,157314043,1046398,3,1048320,65536,33,5,9,9
150,157314043,1046398,4,1540096,65536,33,5,9,9
150,157314043,1046398,5,2097920,16384,33,5,9,9
150,157314043,1046398,6,4129792,65536,33,5,9,9
150,157314043,1046398,7,28852736,16384,33,5,9,9
150,157314043,1046398,8,44573440,65536,33,5,9,9
150,157314043,1046398,9,83878912,65536,33,5,9,9
150,157314043,1046398,10,138960896,16384,33,5,9,9
150,157314043,1046398,11,153052928,65536,33,5,9,9
151,158360441,1048546,0,16797952,4096,70,16,9,9
151,158360441,1048546,1,13641728,16384,63,11,9,9
151,158360441,1048546,2,16271616,4096,46,10,9,9
151,158360441,1048546,3,27812352,4096,46,10,9,9
151,158360441,1048546,4,156259072,4096,46,10,9,9
151,158360441,1048546,5,121671680,4096,39,9,9,9
151,158360441,1048546,6,1048320,65536,39,7,9,9
151,158360441,1048546,7,1540096,65536,39,7,9,9
151,158360441,1048546,8,2097920,16384,39,7,9,9
151,158360441,1048546,9,4129792,65536,39,7,9,9
151,158360441,1048546,10,28852736,16384,39,7,9,9
151,158360441,1048546,11,44573440,65536,39,7,9,9
152,159408987,1048203,0,16797952,4096,61,15,9,9
152,159408987,1048203,1,13641728,16384,43,9,9,9
152,159408987,1048203,2,16271616,4096,42,10,9,9
152,159408987,1048203,3,27812352,4096,42,10,9,9
152,159408987,1048203,4,121671680,4096,42,10,9,9
152,159408987,1048203,5,156259072,4096,42,10,9,9
152,159408987,1048203,6,3080960,65536,27,5,9,9
152,159408987,1048203,7,34637312,65536,27,5,9,9
152,159408987,1048203,8,40379136,65536,27,5,9,9
152,159408987,1048203,9,121119232,65536,27,5,9,9
152,159408987,1048203,10,121610240,65536,27,5,9,9
152,159408987,1048203,11,143684864,65536,27,5,9,9
153,160457190,1049443,0,16797952,4096,51,11,9,9
153,160457190,1049443,1,13641728,16384,45,9,9,9
153,160457190,1049443,2,16271616,4096,36,8,9,9
153,160457190,1049443,3,27812352,4096,36,8,9,9
153,160457190,1049443,4,156259072,4096,36,8,9,9
153,160457190,1049443,5,121671680,4096,28,6,9,9
153,160457190,1049443,6,3080960,65536,24,4,9,9
153,160457190,1049443,7,34637312,65536,24,4,9,9
153,160457190,1049443,8,40379136,65536,24,4,9,9
153,160457190,1049443,9,121119232,65536,24,4,9,9
153,160457190,1049443,10,121610240,65536,24,4,9,9
153,160457190,1049443,11,143684864,65536,24,4,9,9
154,161506633,1047273,0,121119232,65536,66,10,9,9
154,161506633,1047273,1,121610240,65536,66,10,9,9
154,161506633,1047273,2,121671680,4096,59,13,9,9
154,161506633,1047273,3,16797952,4096,44,10,9,9
154,161506633,1047273,4,151548160,4096,36,8,9,9
154,161506633,1047273,5,1048320,65536,24,4,9,9
154,161506633,1047273,6,1540096,65536,24,4,9,9
154,161506633,1047273,7,2097920,16384,24,4,9,9
154,161506633,1047273,8,4129792,65536,24,4,9,9
154,161506633,1047273,9,28852736,16384,24,4,9,9
154,161506633,1047273,10,44573440,65536,24,4,9,9
154,161506633,1047273,11,83878912,65536,24,4,9,9
155,162553906,1047278,0,121671680,4096,60,12,9,9
155,162553906,1047278,1,13641728,16384,54,8,9,9
155,162553906,1047278,2,16797952,4096,45,9,9,9
155,162553906,1047278,3,3080960,65536,42,6,9,9
155,162553906,1047278,4,34637312,65536,42,6,9,9
155,162553906,1047278,5,40379136,65536,42,6,9,9
155,162553906,1047278,6,121119232,65536,42,6,9,9
155,162553906,1047278,7,121610240,65536,42,6,9,9
155,162553906,1047278,8,143684864,65536,42,6,9,9
155,162553906,1047278,9,144181760,65536,42,6,9,9
155,162553906,1047278,10,144744704,65536,42,6,9,9
155,162553906,1047278,11,156755712,65536,42,6,9,9
156,163601184,1044809,0,16797952,4096,89,21,9,9
156,163601184,1044809,1,121119232,65536,87,13,9,9
156,163601184,1044809,2,1048320,65536,79,13,9,9
156,163601184,1044809,3,1540096,65536,79,13,9,9
156,163601184,1044809,4,2097920,16384,79,13,9,9
156,163601184,1044809,5,4129792,65536,79,13,9,9
156,163601184,1044809,6,28852736,16384,79,13,9,9
156,163601184,1044809,7,44573440,65536,79,13,9,9
156,163601184,1044809,8,83878912,65536,79,13,9,9
156,163601184,1044809,9,121659392,16384,79,13,9,9
156,163601184,1044809,10,138960896,16384,79,13,9,9
156,163601184,1044809,11,153052928,65536,79,13,9,9
157,164645993,1046364,0,1048320,65536,74,12,9,9
157,164645993,1046364,1,1540096,65536,74,12,9,9
157,164645993,1046364,2,2097920,16384,74,12,9,9
157,164645993,1046364,3,4129792,65536,74,12,9,9
157,164645993,1046364,4,28852736,16384,74,12,9,9
157,164645993,1046364,5,44573440,65536,74,12,9,9
157,164645993,1046364,6,83878912,65536,74,12,9,9
157,164645993,1046364,7,121659392,16384,74,12,9,9
157,164645993,1046364,8,138960896,16384,74,12,9,9
157,164645993,1046364,9,153052928,65536,74,12,9,9
157,164645993,1046364,10,16797952,4096,45,11,9,9
157,164645993,1046364,11,3080960,65536,33,5,9,9
158,165692357,1048654,0,16797952,4096,43,11,9,9
158,165692357,1048654,1,1048320,65536,36,6,9,9
158,165692357,1048654,2,1540096,65536,36,6,9,9
158,165692357,1048654,3,2097920,16384,36,6,9,9
158,165692357,1048654,4,4129792,65536,36,6,9,9
158,165692357,1048654,5,28852736,16384,36,6,9,9
158,165692357,1048654,6,44573440,65536,36,6,9,9
158,165692357,1048654,7,83878912,65536,36,6,9,9
158,165692357,1048654,8,121659392,16384,36,6,9,9
158,165692357,1048654,9,138960896,16384,36,6,9,9
158,165692357,1048654,10,153052928,65536,36,6,9,9
158,165692357,1048654,11,156259072,4096,29,7,9,9
159,166741011,1051639,0,163535616,65536,87,13,9,9
159,166741011,1051639,1,13641728,16384,54,8,9,9
159,166741011,1051639,2,121671680,4096,52,12,9,9
159,166741011,1051639,3,16797952,4096,42,10,9,9
159,166741011,1051639,4,3080960,65536,42,6,9,9
159,166741011,1051639,5,34637312,65536,42,6,9,9
159,166741011,1051639,6,40379136,65536,42,6,9,9
159,166741011,1051639,7,143684864,65536,42,6,9,9
159,166741011,1051639,8,144181760,65536,42,6,9,9
159,166741011,1051639,9,144744704,65536,42,6,9,9
159,166741011,1051639,10,156755712,65536,42,6,9,9
159,166741011,1051639,11,157314048,65536,42,6,9,9
160,167792650,1046187,0,1048320,65536,28,6,9,9
160,167792650,1046187,1,1540096,65536,28,6,9,9
160,167792650,1046187,2,2097920,16384,28,6,9,9
160,167792650,1046187,3,4129792,65536,28,6,9,9
160,167792650,1046187,4,44573440,65536,28,6,9,9
160,167792650,1046187,5,83878912,65536,28,6,9,9
160,167792650,1046187,6,121659392,16384,28,6,9,9
160,167792650,1046187,7,138960896,16384,28,6,9,9
160,167792650,1046187,8,153052928,65536,28,6,9,9
160,167792650,1046187,9,166741248,4096,28,6,9,9
160,167792650,1046187,10,16797952,4096,15,3,9,9
160,167792650,1046187,11,163535616,65536,15,3,9,9
161,168838837,1043875,0,16797952,4096,57,13,9,9
161,168838837,1043875,1,121671680,4096,46,12,9,9
161,168838837,1043875,2,1048320,65536,45,7,9,9
161,168838837,1043875,3,1540096,65536,45,7,9,9
161,168838837,1043875,4,2097920,16384,45,7,9,9
161,168838837,1043875,5,4129792,65536,45,7,9,9
161,168838837,1043875,6,44573440,65536,45,7,9,9
161,168838837,1043875,7,83878912,65536,45,7,9,9
161,168838837,1043875,8,138960896,16384,45,7,9,9
161,168838837,1043875,9,153052928,65536,45,7,9,9
161,168838837,1043875,10,166741248,4096,45,7,9,9
161,168838837,1043875,11,120628224,4096,37,9,9,9
162,169882712,1048075,0,16797952,4096,37,9,9,9
162,169882712,1048075,1,121671680,4096,28,8,9,9
162,169882712,1048075,2,120628224,4096,24,6,9,9
162,169882712,1048075,3,146842112,4096,24,6,9,9
162,169882712,1048075,4,159930880,4096,24,6,9,9
162,169882712,1048075,5,166214656,4096,24,6,9,9
162,169882712,1048075,6,1048320,65536,24,4,9,9
162,169882712,1048075,7,1540096,65536,24,4,9,9
162,169882712,1048075,8,2097920,16384,24,4,9,9
162,169882712,1048075,9,4129792,65536,24,4,9,9
162,169882712,1048075,10,44573440,65536,24,4,9,9
162,169882712,1048075,11,83878912,65536,24,4,9,9
163,170930787,1044859,0,163535616,65536,92,14,9,9
163,170930787,1044859,1,13641728,16384,76,12,9,9
163,170930787,1044859,2,3080960,65536,71,11,9,9
163,170930787,1044859,3,34637312,65536,71,11,9,9
163,170930787,1044859,4,40379136,65536,71,11,9,9
163,170930787,1044859,5,143684864,65536,71,11,9,9
163,170930787,1044859,6,144181760,65536,71,11,9,9
163,170930787,1044859,7,144744704,65536,71,11,9,9
163,170930787,1044859,8,156755712,65536,71,11,9,9
163,170930787,1044859,9,157314048,65536,71,11,9,9
163,170930787,1044859,10,163601408,65536,71,11,9,9
163,170930787,1044859,11,164580352,65536,71,11,9,9
164,171975646,1049530,0,143680512,4096,40,8,10,10
164,171975646,1049530,1,42508288,4096,30,6,10,10
164,171975646,1049530,2,90757632,4096,25,5,10,10
164,171975646,1049530,3,5759488,16384,24,4,10,10
164,171975646,1049530,4,64530688,16384,24,4,10,10
164,171975646,1049530,5,82362624,16384,24,4,10,10
164,171975646,1049530,6,102809600,4096,24,4,10,10
164,171975646,1049530,7,143152128,16384,24,4,10,10
164,171975646,1049530,8,87087872,4096,23,5,10,10
164,171975646,1049530,9,88132352,4096,23,5,10,10
164,171975646,1049530,10,99667200,256,21,7,10,10
164,171975646,1049530,11,100715776,1024,21,7,10,10
165,173025176,1048648,0,171420416,65536,105,17,9,9
165,173025176,1048648,1,163535616,65536,75,11,9,9
165,173025176,1048648,2,1048320,65536,72,12,9,9
165,173025176,1048648,3,1540096,65536,72,12,9,9
165,173025176,1048648,4,2097920,16384,72,12,9,9
165,173025176,1048648,5,4129792,65536,72,12,9,9
165,173025176,1048648,6,83878912,65536,72,12,9,9
165,173025176,1048648,7,121659392,16384,72,12,9,9
165,173025176,1048648,8,138960896,16384,72,12,9,9
165,173025176,1048648,9,153052928,65536,72,12,9,9
165,173025176,1048648,10,166741248,4096,72,12,9,9
165,173025176,1048648,11,13641728,16384,69,11,9,9
166,174073824,1037472,0,16797952,4096,41,9,9,9
166,174073824,1037472,1,156259072,4096,31,7,9,9
166,174073824,1037472,2,171420416,65536,30,4,9,9
166,174073824,1037472,3,121671680,4096,29,7,9,9
166,174073824,1037472,4,16271616,4096,26,6,9,9
166,174073824,1037472,5,27812352,4096,26,6,9,9
166,174073824,1037472,6,165691136,1024,24,8,9,9
166,174073824,1037472,7,3080960,65536,21,3,9,9
166,174073824,1037472,8,7834624,65536,21,3,9,9
166,174073824,1037472,9,13641728,16384,21,3,9,9
166,174073824,1037472,10,34637312,65536,21,3,9,9
166,174073824,1037472,11,40379136,65536,21,3,9,9
167,175111296,1052652,0,171420416,65536,78,12,9,9
167,175111296,1052652,1,13641728,16384,54,8,9,9
167,175111296,1052652,2,3080960,65536,42,6,9,9
167,175111296,1052652,3,34637312,65536,42,6,9,9
167,175111296,1052652,4,40379136,65536,42,6,9,9
167,175111296,1052652,5,144181760,65536,42,6,9,9
167,175111296,1052652,6,144744704,65536,42,6,9,9
167,175111296,1052652,7,156755712,65536,42,6,9,9
167,175111296,1052652,8,157314048,65536,42,6,9,9
167,175111296,1052652,9,163535616,65536,42,6,9,9
167,175111296,1052652,10,163601408,65536,42,6,9,9
167,175111296,1052652,11,164580352,65536,42,6,9,9
168,176163948,1030724,0,42508288,4096,59,15,10,10
168,176163948,1030724,1,143680512,4096,59,15,10,10
168,176163948,1030724,2,42968832,65536,52,10,10,10
168,176163948,1030724,3,43017984,16384,52,10,10,10
168,176163948,1030724,4,87087872,65536,52,10,10,10
168,176163948,1030724,5,88136704,16384,52,10,10,10
168,176163948,1030724,6,94918912,65536,52,10,10,10
168,176163948,1030724,7,97572096,16384,52,10,10,10
168,176163948,1030724,8,100183040,16384,52,10,10,10
168,176163948,1030724,9,100699136,16384,52,10,10,10
168,176163948,1030724,10,122707712,16384,52,10,10,10
168,176163948,1030724,11,125843200,16384,52,10,10,10
169,177194672,1049078,0,171420416,65536,77,13,9,9
169,177194672,1049078,1,13641728,16384,54,8,9,9
169,177194672,1049078,2,121671680,4096,51,11,9,9
169,177194672,1049078,3,16797952,4096,46,10,9,9
169,177194672,1049078,4,3080960,65536,42,6,9,9
169,177194672,1049078,5,34637312,65536,42,6,9,9
169,177194672,1049078,6,40379136,65536,42,6,9,9
169,177194672,1049078,7,144181760,65536,42,6,9,9
169,177194672,1049078,8,144744704,65536,42,6,9,9
169,177194672,1049078,9,156755712,65536,42,6,9,9
169,177194672,1049078,10,157314048,65536,42,6,9,9
169,177194672,1049078,11,163535616,65536,42,6,9,9
170,178243750,1052178,0,171420416,65536,69,11,9,9
170,178243750,1052178,1,13641728,16384,57,9,9,9
170,178243750,1052178,2,3080960,65536,45,7,9,9
170,178243750,1052178,3,34637312,65536,45,7,9,9
170,178243750,1052178,4,40379136,65536,45,7,9,9
170,178243750,1052178,5,144181760,65536,45,7,9,9
170,178243750,1052178,6,144744704,65536,45,7,9,9
170,178243750,1052178,7,156755712,65536,45,7,9,9
170,178243750,1052178,8,157314048,65536,45,7,9,9
170,178243750,1052178,9,163535616,65536,45,7,9,9
170,178243750,1052178,10,163601408,65536,45,7,9,9
170,178243750,1052178,11,164580352,65536,45,7,9,9
171,179295928,1047324,0,16797952,4096,72,16,9,9
171,179295928,1047324,1,121671680,4096,54,12,9,9
171,179295928,1047324,2,120628224,4096,44,10,9,9
171,179295928,1047324,3,146842112,4096,44,10,9,9
171,179295928,1047324,4,159930880,4096,44,10,9,9
171,179295928,1047324,5,166214656,4096,44,10,9,9
171,179295928,1047324,6,156259072,4096,36,8,9,9
171,179295928,1047324,7,138449408,256,32,8,9,9
171,179295928,1047324,8,138967040,4096,29,7,9,9
171,179295928,1047324,9,16271616,4096,28,6,9,9
171,179295928,1047324,10,27812352,4096,28,6,9,9
171,179295928,1047324,11,174590464,4096,28,6,9,9
172,180343252,1042821,0,164123136,1024,26,6,9,9
172,180343252,1042821,1,121671680,4096,25,5,9,9
172,180343252,1042821,2,165691136,1024,23,5,9,9
172,180343252,1042821,3,121119232,65536,21,3,9,9
172,180343252,1042821,4,121610240,65536,21,3,9,9
172,180343252,1042821,5,163535616,65536,21,3,9,9
172,180343252,1042821,6,151548160,4096,20,4,9,9
172,180343252,1042821,7,138449408,256,19,5,9,9
172,180343252,1042821,8,138967040,4096,19,5,9,9
172,180343252,1042821,9,34107136,4096,18,4,9,9
172,180343252,1042821,10,1048320,65536,15,3,9,9
172,180343252,1042821,11,1540096,65536,15,3,9,9
173,181386073,1052237,0,171420416,65536,123,21,9,9
173,181386073,1052237,1,13641728,16384,89,15,9,9
173,181386073,1052237,2,163535616,65536,76,12,9,9
173,181386073,1052237,3,1048320,65536,63,11,9,9
173,181386073,1052237,4,1540096,65536,63,11,9,9
173,181386073,1052237,5,2097920,16384,63,11,9,9
173,181386073,1052237,6,4129792,65536,63,11,9,9
173,181386073,1052237,7,153052928,65536,63,11,9,9
173,181386073,1052237,8,166741248,4096,63,11,9,9
173,181386073,1052237,9,175045632,65536,63,11,9,9
173,181386073,1052237,10,178227200,16384,63,11,9,9
173,181386073,1052237,11,3080960,65536,60,10,9,9
174,182438310,1048420,0,171420416,65536,166,32,9,9
174,182438310,1048420,1,13641728,16384,123,23,9,9
174,182438310,1048420,2,163535616,65536,95,17,9,9
174,182438310,1048420,3,16797952,4096,92,20,9,9
174,182438310,1048420,4,1048320,65536,92,18,9,9
174,182438310,1048420,5,1540096,65536,92,18,9,9
174,182438310,1048420,6,2097920,16384,92,18,9,9
174,182438310,1048420,7,4129792,65536,92,18,9,9
174,182438310,1048420,8,153052928,65536,92,18,9,9
174,182438310,1048420,9,166741248,4096,92,18,9,9
174,182438310,1048420,10,175045632,65536,92,18,9,9
174,182438310,1048420,11,178227200,16384,92,18,9,9
175,183486730,1046059,0,16797952,4096,67,15,9,9
175,183486730,1046059,1,121671680,4096,51,11,9,9
175,183486730,1046059,2,16271616,4096,36,8,9,9
175,183486730,1046059,3,27812352,4096,36,8,9,9
175,183486730,1046059,4,156259072,4096,36,8,9,9
175,183486730,1046059,5,174590464,4096,36,8,9,9
175,183486730,1046059,6,120628224,4096,31,7,9,9
175,183486730,1046059,7,146842112,4096,31,7,9,9
175,183486730,1046059,8,159930880,4096,31,7,9,9
175,183486730,1046059,9,166214656,4096,31,7,9,9
175,183486730,1046059,10,181910016,4096,31,7,9,9
175,183486730,1046059,11,138449408,256,24,8,9,9
176,184532789,1042547,0,1048320,65536,36,6,9,9
176,184532789,1042547,1,1540096,65536,36,6,9,9
176,184532789,1042547,2,2097920,16384,36,6,9,9
176,184532789,1042547,3,4129792,65536,36,6,9,9
176,184532789,1042547,4,153052928,65536,36,6,9,9
176,184532789,1042547,5,166741248,4096,36,6,9,9
176,184532789,1042547,6,171420416,65536,36,6,9,9
176,184532789,1042547,7,175045632,65536,36,6,9,9
176,184532789,1042547,8,178227200,16384,36,6,9,9
176,184532789,1042547,9,164123136,1024,27,7,9,9
176,184532789,1042547,10,16797952,4096,26,6,9,9
176,184532789,1042547,11,16271616,4096,18,4,9,9
177,185575336,1045763,0,121671680,4096,46,10,9,9
177,185575336,1045763,1,19943424,16384,39,7,9,9
177,185575336,1045763,2,156263424,16384,39,7,9,9
177,185575336,1045763,3,16797952,4096,36,8,9,9
177,185575336,1045763,4,120628224,4096,31,7,9,9
177,185575336,1045763,5,146842112,4096,31,7,9,9
177,185575336,1045763,6,159930880,4096,31,7,9,9
177,185575336,1045763,7,166214656,4096,31,7,9,9
177,185575336,1045763,8,181910016,4096,31,7,9,9
177,185575336,1045763,9,165691136,1024,22,6,9,9
177,185575336,1045763,10,159407872,1024,17,5,9,9
177,185575336,1045763,11,151548160,4096,15,3,9,9
178,186621099,1049227,0,42508288,4096,95,23,10,10
178,186621099,1049227,1,42968832,65536,87,15,10,10
178,186621099,1049227,2,43017984,16384,87,15,10,10
178,186621099,1049227,3,87087872,65536,87,15,10,10
178,186621099,1049227,4,88136704,16384,87,15,10,10
178,186621099,1049227,5,94918912,65536,87,15,10,10
178,186621099,1049227,6,97572096,16384,87,15,10,10
178,186621099,1049227,7,100183040,16384,87,15,10,10
178,186621099,1049227,8,100699136,16384,87,15,10,10
178,186621099,1049227,9,122707712,16384,87,15,10,10
178,186621099,1049227,10,125843200,16384,87,15,10,10
178,186621099,1049227,11,148868352,65536,87,15,10,10
179,187670326,1039704,0,171420416,65536,181,33,9,9
179,187670326,1039704,1,13641728,16384,132,24,9,9
179,187670326,1039704,2,3080960,65536,97,17,9,9
179,187670326,1039704,3,164580352,65536,97,17,9,9
179,187670326,1039704,4,178243840,16384,97,17,9,9
179,187670326,1039704,5,179786752,65536,97,17,9,9
179,187670326,1039704,6,180343296,65536,97,17,9,9
179,187670326,1039704,7,182438400,65536,97,17,9,9
179,187670326,1039704,8,182929664,65536,97,17,9,9
179,187670326,1039704,9,183421184,65536,97,17,9,9
179,187670326,1039704,10,1048320,65536,84,16,9,9
179,187670326,1039704,11,1540096,65536,84,16,9,9
180,188710030,1048350,0,143680512,4096,63,15,10,10
180,188710030,1048350,1,42508288,4096,59,13,10,10
180,188710030,1048350,2,5759488,16384,41,7,10,10
180,188710030,1048350,3,64530688,16384,41,7,10,10
180,188710030,1048350,4,82362624,16384,41,7,10,10
180,188710030,1048350,5,102809600,4096,41,7,10,10
180,188710030,1048350,6,143152128,16384,41,7,10,10
180,188710030,1048350,7,90757632,4096,36,8,10,10
180,188710030,1048350,8,176164096,1024,36,8,10,10
180,188710030,1048350,9,177190400,4096,36,8,10,10
180,188710030,1048350,10,66113280,4096,27,7,10,10
180,188710030,1048350,11,43556352,4096,23,5,10,10
181,189758380,1048434,0,124285696,4096,41,11,6,6
181,189758380,1048434,1,107522048,16384,35,7,6,6
181,189758380,1048434,2,73457664,4096,25,5,6,6
181,189758380,1048434,3,104910592,4096,25,5,6,6
181,189758380,1048434,4,40937216,16384,24,4,6,6
181,189758380,1048434,5,46669568,65536,24,4,6,6
181,189758380,1048434,6,48260352,16384,24,4,6,6
181,189758380,1048434,7,107988480,65536,24,4,6,6
181,189758380,1048434,8,114355712,256,24,4,6,6
181,189758380,1048434,9,117424640,65536,24,4,6,6
181,189758380,1048434,10,118538752,16384,24,4,6,6
181,189758380,1048434,11,123762944,1024,7,3,6,6
182,190806814,1045886,0,42508288,4096,57,13,10,10
182,190806814,1045886,1,143680512,4096,50,12,10,10
182,190806814,1045886,2,42968832,65536,43,9,10,10
182,190806814,1045886,3,43017984,16384,43,9,10,10
182,190806814,1045886,4,87087872,65536,43,9,10,10
182,190806814,1045886,5,88136704,16384,43,9,10,10
182,190806814,1045886,6,94918912,65536,43,9,10,10
182,190806814,1045886,7,97572096,16384,43,9,10,10
182,190806814,1045886,8,100183040,16384,43,9,10,10
182,190806814,1045886,9,100699136,16384,43,9,10,10
182,190806814,1045886,10,122707712,16384,43,9,10,10
182,190806814,1045886,11,125843200,16384,43,9,10,10
183,191852700,1047401,0,143680512,4096,45,11,10,10
183,191852700,1047401,1,42508288,4096,41,11,10,10
183,191852700,1047401,2,90757632,4096,32,8,10,10
183,191852700,1047401,3,176164096,1024,32,8,10,10
183,191852700,1047401,4,177190400,4096,32,8,10,10
183,191852700,1047401,5,100715776,1024,18,6,10,10
183,191852700,1047401,6,42968832,65536,16,4,10,10
183,191852700,1047401,7,43017984,16384,16,4,10,10
183,191852700,1047401,8,87087872,65536,16,4,10,10
183,191852700,1047401,9,88136704,16384,16,4,10,10
183,191852700,1047401,10,94918912,65536,16,4,10,10
183,191852700,1047401,11,97572096,16384,16,4,10,10
184,192900101,1047633,0,1048320,65536,91,17,9,9
184,192900101,1047633,1,1540096,65536,91,17,9,9
184,192900101,1047633,2,2097920,16384,91,17,9,9
184,192900101,1047633,3,4129792,65536,91,17,9,9
184,192900101,1047633,4,153052928,65536,91,17,9,9
184,192900101,1047633,5,166741248,4096,91,17,9,9
184,192900101,1047633,6,171420416,65536,91,17,9,9
184,192900101,1047633,7,175045632,65536,91,17,9,9
184,192900101,1047633,8,178227200,16384,91,17,9,9
184,192900101,1047633,9,16797952,4096,58,12,9,9
184,192900101,1047633,10,156259072,4096,40,8,9,9
184,192900101,1047633,11,16271616,4096,35,7,9,9
185,193947734,1051812,0,171420416,65536,107,17,9,9
185,193947734,1051812,1,1048320,65536,86,14,9,9
185,193947734,1051812,2,1540096,65536,86,14,9,9
185,193947734,1051812,3,2097920,16384,86,14,9,9
185,193947734,1051812,4,4129792,65536,86,14,9,9
185,193947734,1051812,5,153052928,65536,86,14,9,9
185,193947734,1051812,6,166741248,4096,86,14,9,9
185,193947734,1051812,7,175045632,65536,86,14,9,9
185,193947734,1051812,8,178227200,16384,86,14,9,9
185,193947734,1051812,9,16797952,4096,75,17,9,9
185,193947734,1051812,10,156259072,4096,56,12,9,9
185,193947734,1051812,11,16271616,4096,51,11,9,9
186,194999546,1050949,0,16797952,4096,49,11,9,9
186,194999546,1050949,1,16271616,4096,31,7,9,9
186,194999546,1050949,2,27812352,4096,31,7,9,9
186,194999546,1050949,3,156259072,4096,31,7,9,9
186,194999546,1050949,4,174590464,4096,31,7,9,9
186,194999546,1050949,5,13641728,16384,24,4,9,9
186,194999546,1050949,6,120628224,4096,18,4,9,9
186,194999546,1050949,7,121671680,4096,18,4,9,9
186,194999546,1050949,8,146842112,4096,18,4,9,9
186,194999546,1050949,9,159930880,4096,18,4,9,9
186,194999546,1050949,10,166214656,4096,18,4,9,9
186,194999546,1050949,11,181910016,4096,18,4,9,9
187,196050495,1045237,0,171420416,65536,42,6,9,9
187,196050495,1045237,1,16797952,4096,36,8,9,9
187,196050495,1045237,2,13641728,16384,36,6,9,9
187,196050495,1045237,3,156259072,4096,28,6,9,9
187,196050495,1045237,4,16271616,4096,23,5,9,9
187,196050495,1045237,5,27812352,4096,23,5,9,9
187,196050495,1045237,6,174590464,4096,23,5,9,9
187,196050495,1045237,7,1048320,65536,21,3,9,9
187,196050495,1045237,8,1540096,65536,21,3,9,9
187,196050495,1045237,9,2097920,16384,21,3,9,9
187,196050495,1045237,10,3080960,65536,21,3,9,9
187,196050495,1045237,11,4129792,65536,21,3,9,9
188,197095732,1052115,0,42968832,65536,93,17,10,10
188,197095732,1052115,1,43017984,16384,93,17,10,10
188,197095732,1052115,2,87087872,65536,93,17,10,10
188,197095732,1052115,3,88136704,16384,93,17,10,10
188,197095732,1052115,4,94918912,65536,93,17,10,10
188,197095732,1052115,5,97572096,16384,93,17,10,10
188,197095732,1052115,6,100183040,16384,93,17,10,10
188,197095732,1052115,7,100699136,16384,93,17,10,10
188,197095732,1052115,8,122707712,16384,93,17,10,10
188,197095732,1052115,9,125843200,16384,93,17,10,10
188,197095732,1052115,10,148868352,65536,93,17,10,10
188,197095732,1052115,11,56115712,65536,57,9,10,10
189,198147847,1049372,0,40937216,16384,78,14,6,6
189,198147847,1049372,1,46669568,65536,78,14,6,6
189,198147847,1049372,2,48260352,16384,78,14,6,6
189,198147847,1049372,3,104893952,16384,78,14,6,6
189,198147847,1049372,4,107988480,65536,78,14,6,6
189,198147847,1049372,5,114355712,256,78,14,6,6
189,198147847,1049372,6,117424640,65536,78,14,6,6
189,198147847,1049372,7,118538752,16384,78,14,6,6
189,198147847,1049372,8,47719680,65536,63,9,6,6
189,198147847,1049372,9,104353536,65536,63,9,6,6
189,198147847,1049372,10,105897472,65536,63,9,6,6
189,198147847,1049372,11,109043456,65536,63,9,6,6
190,199197219,1048394,0,42968832,65536,42,8,10,10
190,199197219,1048394,1,43017984,16384,42,8,10,10
190,199197219,1048394,2,87087872,65536,42,8,10,10
190,199197219,1048394,3,88136704,16384,42,8,10,10
190,199197219,1048394,4,94918912,65536,42,8,10,10
190,199197219,1048394,5,97572096,16384,42,8,10,10
190,199197219,1048394,6,100183040,16384,42,8,10,10
190,199197219,1048394,7,100699136,16384,42,8,10,10
190,199197219,1048394,8,122707712,16384,42,8,10,10
190,199197219,1048394,9,125843200,16384,42,8,10,10
190,199197219,1048394,10,148868352,65536,42,8,10,10
190,199197219,1048394,11,143680512,4096,38,10,10,10
191,200245613,1048239,0,40937216,16384,48,8,6,6
191,200245613,1048239,1,46669568,65536,48,8,6,6
191,200245613,1048239,2,48260352,16384,48,8,6,6
191,200245613,1048239,3,104893952,16384,48,8,6,6
191,200245613,1048239,4,107988480,65536,48,8,6,6
191,200245613,1048239,5,114355712,256,48,8,6,6
191,200245613,1048239,6,117424640,65536,48,8,6,6
191,200245613,1048239,7,118538752,16384,48,8,6,6
191,200245613,1048239,8,73457664,4096,23,5,6,6
191,200245613,1048239,9,199193088,4096,17,5,6,6
191,200245613,1048239,10,47719680,65536,12,2,6,6
191,200245613,1048239,11,104353536,65536,12,2,6,6
192,201293852,1047487,0,40937216,16384,33,5,6,6
192,201293852,1047487,1,46669568,65536,33,5,6,6
192,201293852,1047487,2,48260352,16384,33,5,6,6
192,201293852,1047487,3,104893952,16384,33,5,6,6
192,201293852,1047487,4,107988480,65536,33,5,6,6
192,201293852,1047487,5,114355712,256,33,5,6,6
192,201293852,1047487,6,117424640,65536,33,5,6,6
192,201293852,1047487,7,118538752,16384,33,5,6,6
192,201293852,1047487,8,47719680,65536,24,4,6,6
192,201293852,1047487,9,104353536,65536,24,4,6,6
192,201293852,1047487,10,105897472,65536,24,4,6,6
192,201293852,1047487,11,107522048,16384,24,4,6,6
193,202341339,1048350,0,143680512,4096,65,15,10,10
193,202341339,1048350,1,42508288,4096,61,13,10,10
193,202341339,1048350,2,42968832,65536,51,9,10,10
193,202341339,1048350,3,43017984,16384,51,9,10,10
193,202341339,1048350,4,88136704,65536,51,9,10,10
193,202341339,1048350,5,94918912,65536,51,9,10,10
193,202341339,1048350,6,97572096,16384,51,9,10,10
193,202341339,1048350,7,100183040,16384,51,9,10,10
193,202341339,1048350,8,100699136,16384,51,9,10,10
193,202341339,1048350,9,122707712,16384,51,9,10,10
193,202341339,1048350,10,125843200,16384,51,9,10,10
193,202341339,1048350,11,148868352,65536,51,9,10,10
194,203389689,1048976,0,143680512,4096,67,15,10,10
194,203389689,1048976,1,42508288,4096,56,12,10,10
194,203389689,1048976,2,56115712,65536,42,6,10,10
194,203389689,1048976,3,62403072,65536,42,6,10,10
194,203389689,1048976,4,68145408,65536,42,6,10,10
194,203389689,1048976,5,70292480,16384,42,6,10,10
194,203389689,1048976,6,101762560,16384,42,6,10,10
194,203389689,1048976,7,102253056,65536,42,6,10,10
194,203389689,1048976,8,111208192,65536,42,6,10,10
194,203389689,1048976,9,121676032,65536,42,6,10,10
194,203389689,1048976,10,132636928,65536,42,6,10,10
194,203389689,1048976,11,132661504,16384,42,6,10,10
195,204438665,1048128,0,42968832,65536,103,19,10,10
195,204438665,1048128,1,43017984,16384,103,19,10,10
195,204438665,1048128,2,88136704,65536,103,19,10,10
195,204438665,1048128,3,94918912,65536,103,19,10,10
195,204438665,1048128,4,97572096,16384,103,19,10,10
195,204438665,1048128,5,100183040,16384,103,19,10,10
195,204438665,1048128,6,100699136,16384,103,19,10,10
195,204438665,1048128,7,122707712,16384,103,19,10,10
195,204438665,1048128,8,125843200,16384,103,19,10,10
195,204438665,1048128,9,148868352,65536,103,19,10,10
195,204438665,1048128,10,200179968,65536,103,19,10,10
195,204438665,1048128,11,200229120,16384,103,19,10,10
196,205486793,1041362,0,204954368,16384,101,19,10,10
196,205486793,1041362,1,42968832,65536,80,16,10,10
196,205486793,1041362,2,43017984,16384,80,16,10,10
196,205486793,1041362,3,94918912,65536,80,16,10,10
196,205486793,1041362,4,97572096,16384,80,16,10,10
196,205486793,1041362,5,100183040,16384,80,16,10,10
196,205486793,1041362,6,100699136,16384,80,16,10,10
196,205486793,1041362,7,122707712,16384,80,16,10,10
196,205486793,1041362,8,125843200,16384,80,16,10,10
196,205486793,1041362,9,148868352,65536,80,16,10,10
196,205486793,1041362,10,200179968,65536,80,16,10,10
196,205486793,1041362,11,200229120,16384,80,16,10,10
197,206528155,1049722,0,204954368,16384,93,17,10,10
197,206528155,1049722,1,42968832,65536,64,12,10,10
197,206528155,1049722,2,43017984,16384,64,12,10,10
197,206528155,1049722,3,94918912,65536,64,12,10,10
197,206528155,1049722,4,97572096,16384,64,12,10,10
197,206528155,1049722,5,100183040,16384,64,12,10,10
197,206528155,1049722,6,100699136,16384,64,12,10,10
197,206528155,1049722,7,122707712,16384,64,12,10,10
197,206528155,1049722,8,125843200,16384,64,12,10,10
197,206528155,1049722,9,148868352,65536,64,12,10,10
197,206528155,1049722,10,200179968,65536,64,12,10,10
197,206528155,1049722,11,200229120,16384,64,12,10,10
198,207577877,1047909,0,204954368,16384,73,15,10,10
198,207577877,1047909,1,42968832,65536,52,12,10,10
198,207577877,1047909,2,43017984,16384,52,12,10,10
198,207577877,1047909,3,94918912,65536,52,12,10,10
198,207577877,1047909,4,97572096,16384,52,12,10,10
198,207577877,1047909,5,100183040,16384,52,12,10,10
198,207577877,1047909,6,100699136,16384,52,12,10,10
198,207577877,1047909,7,122707712,16384,52,12,10,10
198,207577877,1047909,8,125843200,16384,52,12,10,10
198,207577877,1047909,9,148868352,65536,52,12,10,10
198,207577877,1047909,10,200179968,65536,52,12,10,10
198,207577877,1047909,11,200229120,16384,52,12,10,10
199,208625786,1049940,0,143680512,4096,62,14,10,10
199,208625786,1049940,1,204954368,16384,56,10,10,10
199,208625786,1049940,2,42508288,4096,54,12,10,10
199,208625786,1049940,3,56115712,65536,44,8,10,10
199,208625786,1049940,4,62403072,65536,44,8,10,10
199,208625786,1049940,5,68145408,65536,44,8,10,10
199,208625786,1049940,6,70292480,16384,44,8,10,10
199,208625786,1049940,7,111208192,65536,44,8,10,10
199,208625786,1049940,8,121676032,65536,44,8,10,10
199,208625786,1049940,9,132636928,65536,44,8,10,10
199,208625786,1049940,10,132661504,16384,44,8,10,10
199,208625786,1049940,11,191852800,65536,44,8,10,10
200,209675726,1047286,0,42968832,65536,63,11,10,10
200,209675726,1047286,1,43017984,16384,63,11,10,10
200,209675726,1047286,2,100183040,16384,63,11,10,10
200,209675726,1047286,3,100699136,16384,63,11,10,10
200,209675726,1047286,4,122707712,16384,63,11,10,10
200,209675726,1047286,5,125843200,16384,63,11,10,10
200,209675726,1047286,6,148868352,65536,63,11,10,10
200,209675726,1047286,7,200179968,65536,63,11,10,10
200,209675726,1047286,8,200229120,16384,63,11,10,10
200,209675726,1047286,9,204954368,16384,63,11,10,10
200,209675726,1047286,10,209117952,65536,63,11,10,10
200,209675726,1047286,11,209142528,16384,63,11,10,10
201,210723012,1051312,0,1048320,65536,160,28,9,9
201,210723012,1051312,1,1540096,65536,160,28,9,9
201,210723012,1051312,2,2097920,16384,160,28,9,9
201,210723012,1051312,3,4129792,65536,160,28,9,9
201,210723012,1051312,4,153052928,65536,160,28,9,9
201,210723012,1051312,5,166741248,4096,160,28,9,9
201,210723012,1051312,6,171420416,65536,160,28,9,9
201,210723012,1051312,7,175045632,65536,160,28,9,9
201,210723012,1051312,8,178227200,16384,160,28,9,9
201,210723012,1051312,9,13641728,16384,150,26,9,9
201,210723012,1051312,10,3080960,65536,114,18,9,9
201,210723012,1051312,11,179786752,65536,114,18,9,9
202,211774324,1049489,0,5759488,16384,41,7,10,10
202,211774324,1049489,1,64530688,16384,41,7,10,10
202,211774324,1049489,2,82362624,16384,41,7,10,10
202,211774324,1049489,3,102809600,4096,41,7,10,10
202,211774324,1049489,4,143152128,16384,41,7,10,10
202,211774324,1049489,5,208625920,4096,41,7,10,10
202,211774324,1049489,6,204954368,16384,39,7,10,10
202,211774324,1049489,7,99601408,65536,36,6,10,10
202,211774324,1049489,8,143680512,4096,28,6,10,10
202,211774324,1049489,9,42508288,4096,25,5,10,10
202,211774324,1049489,10,42968832,65536,24,4,10,10
202,211774324,1049489,11,43017984,16384,24,4,10,10
203,212823813,1047894,0,204954368,16384,90,14,10,10
203,212823813,1047894,1,42968832,65536,69,11,10,10
203,212823813,1047894,2,43017984,16384,69,11,10,10
203,212823813,1047894,3,100183040,16384,69,11,10,10
203,212823813,1047894,4,100699136,16384,69,11,10,10
203,212823813,1047894,5,122707712,16384,69,11,10,10
203,212823813,1047894,6,125843200,16384,69,11,10,10
203,212823813,1047894,7,148868352,65536,69,11,10,10
203,212823813,1047894,8,200179968,65536,69,11,10,10
203,212823813,1047894,9,200229120,16384,69,11,10,10
203,212823813,1047894,10,209117952,65536,69,11,10,10
203,212823813,1047894,11,209142528,16384,69,11,10,10
204,213871707,1048295,0,40937216,16384,97,19,6,6
204,213871707,1048295,1,46669568,65536,97,19,6,6
204,213871707,1048295,2,48260352,16384,97,19,6,6
204,213871707,1048295,3,104893952,16384,97,19,6,6
204,213871707,1048295,4,107988480,65536,97,19,6,6
204,213871707,1048295,5,114355712,256,97,19,6,6
204,213871707,1048295,6,117424640,65536,97,19,6,6
204,213871707,1048295,7,118538752,16384,97,19,6,6
204,213871707,1048295,8,115398400,65536,36,6,6,6
204,213871707,1048295,9,199193088,4096,30,8,6,6
204,213871707,1048295,10,124285696,4096,28,6,6,6
204,213871707,1048295,11,73457664,4096,25,7,6,6
205,214920002,1050963,0,204954368,16384,135,21,10,10
205,214920002,1050963,1,42968832,65536,69,11,10,10
205,214920002,1050963,2,43017984,16384,69,11,10,10
205,214920002,1050963,3,100183040,16384,69,11,10,10
205,214920002,1050963,4,100699136,16384,69,11,10,10
205,214920002,1050963,5,122707712,16384,69,11,10,10
205,214920002,1050963,6,125843200,16384,69,11,10,10
205,214920002,1050963,7,148868352,65536,69,11,10,10
205,214920002,1050963,8,200179968,65536,69,11,10,10
205,214920002,1050963,9,200229120,16384,69,11,10,10
205,214920002,1050963,10,209117952,65536,69,11,10,10
205,214920002,1050963,11,209142528,16384,69,11,10,10
206,215970965,1044906,0,40937216,16384,53,9,6,6
206,215970965,1044906,1,46669568,65536,53,9,6,6
206,215970965,1044906,2,48260352,16384,53,9,6,6
206,215970965,1044906,3,104893952,16384,53,9,6,6
206,215970965,1044906,4,107988480,65536,53,9,6,6
206,215970965,1044906,5,114355712,256,53,9,6,6
206,215970965,1044906,6,117424640,65536,53,9,6,6
206,215970965,1044906,7,118538752,16384,53,9,6,6
206,215970965,1044906,8,124285696,4096,41,9,6,6
206,215970965,1044906,9,107522048,16384,40,8,6,6
206,215970965,1044906,10,118006272,16384,28,6,6,6
206,215970965,1044906,11,47719680,65536,21,3,6,6
207,217015871,1047427,0,115398400,65536,42,6,6,6
207,217015871,1047427,1,216950272,65536,42,6,6,6
207,217015871,1047427,2,73457664,4096,23,5,6,6
207,217015871,1047427,3,104910592,4096,23,5,6,6
207,217015871,1047427,4,103862272,4096,19,5,6,6
207,217015871,1047427,5,40937216,16384,17,3,6,6
207,217015871,1047427,6,46669568,65536,17,3,6,6
207,217015871,1047427,7,48260352,16384,17,3,6,6
207,217015871,1047427,8,107988480,65536,17,3,6,6
207,217015871,1047427,9,114355712,256,17,3,6,6
207,217015871,1047427,10,117424640,65536,17,3,6,6
207,217015871,1047427,11,118538752,16384,17,3,6,6
208,218063298,1047259,0,204954368,16384,45,7,10,10
208,218063298,1047259,1,42508288,4096,40,10,10,10
208,218063298,1047259,2,143680512,4096,29,7,10,10
208,218063298,1047259,3,42968832,65536,24,4,10,10
208,218063298,1047259,4,43017984,16384,24,4,10,10
208,218063298,1047259,5,93870848,65536,24,4,10,10
208,218063298,1047259,6,100183040,16384,24,4,10,10
208,218063298,1047259,7,100699136,16384,24,4,10,10
208,218063298,1047259,8,122707712,16384,24,4,10,10
208,218063298,1047259,9,125843200,16384,24,4,10,10
208,218063298,1047259,10,148868352,65536,24,4,10,10
208,218063298,1047259,11,200179968,65536,24,4,10,10
209,219110557,1046057,0,40937216,16384,57,9,6,6
209,219110557,1046057,1,46669568,65536,57,9,6,6
209,219110557,1046057,2,48260352,16384,57,9,6,6
209,219110557,1046057,3,114355712,256,57,9,6,6
209,219110557,1046057,4,117424640,65536,57,9,6,6
209,219110557,1046057,5,118538752,16384,57,9,6,6
209,219110557,1046057,6,216999424,16384,57,9,6,6
209,219110557,1046057,7,218046720,16384,57,9,6,6
209,219110557,1046057,8,115398400,65536,53,11,6,6
209,219110557,1046057,9,216950272,65536,53,11,6,6
209,219110557,1046057,10,124285696,4096,47,11,6,6
209,219110557,1046057,11,73457664,4096,27,7,6,6
210,220156614,1044679,0,13641728,16384,50,8,9,9
210,220156614,1044679,1,1048320,65536,45,7,9,9
210,220156614,1044679,2,1540096,65536,45,7,9,9
210,220156614,1044679,3,2097920,16384,45,7,9,9
210,220156614,1044679,4,4129792,65536,45,7,9,9
210,220156614,1044679,5,153052928,65536,45,7,9,9
210,220156614,1044679,6,166741248,4096,45,7,9,9
210,220156614,1044679,7,171420416,65536,45,7,9,9
210,220156614,1044679,8,175045632,65536,45,7,9,9
210,220156614,1044679,9,178227200,16384,45,7,9,9
210,220156614,1044679,10,165691136,1024,43,11,9,9
210,220156614,1044679,11,121671680,4096,41,9,9,9
211,221201293,1047999,0,40937216,16384,132,22,6,6
211,221201293,1047999,1,46669568,65536,132,22,6,6
211,221201293,1047999,2,48260352,16384,132,22,6,6
211,221201293,1047999,3,114355712,256,132,22,6,6
211,221201293,1047999,4,117424640,65536,132,22,6,6
211,221201293,1047999,5,118538752,16384,132,22,6,6
211,221201293,1047999,6,216999424,16384,132,22,6,6
211,221201293,1047999,7,218046720,16384,132,22,6,6
211,221201293,1047999,8,73457664,4096,40,10,6,6
211,221201293,1047999,9,104910592,4096,40,10,6,6
211,221201293,1047999,10,124285696,4096,39,9,6,6
211,221201293,1047999,11,107522048,16384,36,6,6,6
212,222249292,1048210,0,42968832,65536,67,11,10,10
212,222249292,1048210,1,43017984,16384,67,11,10,10
212,222249292,1048210,2,100183040,16384,67,11,10,10
212,222249292,1048210,3,100699136,16384,67,11,10,10
212,222249292,1048210,4,122707712,16384,67,11,10,10
212,222249292,1048210,5,125843200,16384,67,11,10,10
212,222249292,1048210,6,148868352,65536,67,11,10,10
212,222249292,1048210,7,200179968,65536,67,11,10,10
212,222249292,1048210,8,200229120,16384,67,11,10,10
212,222249292,1048210,9,204954368,16384,67,11,10,10
212,222249292,1048210,10,209117952,65536,67,11,10,10
212,222249292,1048210,11,209142528,16384,67,11,10,10
213,223297502,1048685,0,204954368,16384,115,19,10,10
213,223297502,1048685,1,56115712,65536,63,9,10,10
213,223297502,1048685,2,62403072,65536,63,9,10,10
213,223297502,1048685,3,132636928,65536,63,9,10,10
213,223297502,1048685,4,191852800,65536,63,9,10,10
213,223297502,1048685,5,204929792,65536,63,9,10,10
213,223297502,1048685,6,206462464,65536,63,9,10,10
213,223297502,1048685,7,210657280,65536,63,9,10,10
213,223297502,1048685,8,212266240,65536,63,9,10,10
213,223297502,1048685,9,212290816,16384,63,9,10,10
213,223297502,1048685,10,223231744,65536,63,9,10,10
213,223297502,1048685,11,42968832,65536,52,10,10,10
214,224346187,1047114,0,42968832,65536,48,8,10,10
214,224346187,1047114,1,43017984,16384,48,8,10,10
214,224346187,1047114,2,100183040,16384,48,8,10,10
214,224346187,1047114,3,122707712,16384,48,8,10,10
214,224346187,1047114,4,125843200,16384,48,8,10,10
214,224346187,1047114,5,148868352,65536,48,8,10,10
214,224346187,1047114,6,200179968,65536,48,8,10,10
214,224346187,1047114,7,200229120,16384,48,8,10,10
214,224346187,1047114,8,204954368,16384,48,8,10,10
214,224346187,1047114,9,209117952,65536,48,8,10,10
214,224346187,1047114,10,209142528,16384,48,8,10,10
214,224346187,1047114,11,223297536,65536,48,8,10,10
215,225393301,1048718,0,42968832,65536,54,8,10,10
215,225393301,1048718,1,43017984,16384,54,8,10,10
215,225393301,1048718,2,122707712,16384,54,8,10,10
215,225393301,1048718,3,125843200,16384,54,8,10,10
215,225393301,1048718,4,148868352,65536,54,8,10,10
215,225393301,1048718,5,200179968,65536,54,8,10,10
215,225393301,1048718,6,200229120,16384,54,8,10,10
215,225393301,1048718,7,204954368,16384,54,8,10,10
215,225393301,1048718,8,209117952,65536,54,8,10,10
215,225393301,1048718,9,209142528,16384,54,8,10,10
215,225393301,1048718,10,223297536,65536,54,8,10,10
215,225393301,1048718,11,225376768,16384,54,8,10,10
216,226442019,1046400,0,204954368,16384,125,23,10,10
216,226442019,1046400,1,42968832,65536,92,18,10,10
216,226442019,1046400,2,43017984,16384,92,18,10,10
216,226442019,1046400,3,122707712,16384,92,18,10,10
216,226442019,1046400,4,125843200,16384,92,18,10,10
216,226442019,1046400,5,148868352,65536,92,18,10,10
216,226442019,1046400,6,200179968,65536,92,18,10,10
216,226442019,1046400,7,200229120,16384,92,18,10,10
216,226442019,1046400,8,209117952,65536,92,18,10,10
216,226442019,1046400,9,209142528,16384,92,18,10,10
216,226442019,1046400,10,223297536,65536,92,18,10,10
216,226442019,1046400,11,225376768,16384,92,18,10,10
218,228534656,1049802,0,228518144,16384,50,8,0,0
219,229584458,1043218,0,204954368,16384,45,7,10,10
219,229584458,1043218,1,42508288,4096,33,7,10,10
219,229584458,1043218,2,143680512,4096,30,6,10,10
219,229584458,1043218,3,42968832,65536,24,4,10,10
219,229584458,1043218,4,43017984,16384,24,4,10,10
219,229584458,1043218,5,122707712,16384,24,4,10,10
219,229584458,1043218,6,125843200,16384,24,4,10,10
219,229584458,1043218,7,148868352,65536,24,4,10,10
219,229584458,1043218,8,200179968,65536,24,4,10,10
219,229584458,1043218,9,200229120,16384,24,4,10,10
219,229584458,1043218,10,209117952,65536,24,4,10,10
219,229584458,1043218,11,209142528,16384,24,4,10,10
220,230627676,1046019,0,143680512,4096,54,12,10,10
220,230627676,1046019,1,42508288,4096,49,11,10,10
220,230627676,1046019,2,90757632,4096,34,8,10,10
220,230627676,1046019,3,176164096,1024,34,8,10,10
220,230627676,1046019,4,177190400,4096,34,8,10,10
220,230627676,1046019,5,230104064,4096,34,8,10,10
220,230627676,1046019,6,42968832,65536,31,7,10,10
220,230627676,1046019,7,43017984,16384,31,7,10,10
220,230627676,1046019,8,122707712,16384,31,7,10,10
220,230627676,1046019,9,125843200,16384,31,7,10,10
220,230627676,1046019,10,148868352,65536,31,7,10,10
220,230627676,1046019,11,200179968,65536,31,7,10,10
221,231673695,1047074,0,143680512,4096,63,15,10,10
221,231673695,1047074,1,42968832,65536,51,9,10,10
221,231673695,1047074,2,43017984,16384,51,9,10,10
221,231673695,1047074,3,122707712,16384,51,9,10,10
221,231673695,1047074,4,125843200,16384,51,9,10,10
221,231673695,1047074,5,148868352,65536,51,9,10,10
221,231673695,1047074,6,200179968,65536,51,9,10,10
221,231673695,1047074,7,200229120,16384,51,9,10,10
221,231673695,1047074,8,204954368,16384,51,9,10,10
221,231673695,1047074,9,209117952,65536,51,9,10,10
221,231673695,1047074,10,209142528,16384,51,9,10,10
221,231673695,1047074,11,223297536,65536,51,9,10,10
222,232720769,1047311,0,204954368,16384,78,14,10,10
222,232720769,1047311,1,42968832,65536,57,11,10,10
222,232720769,1047311,2,43017984,16384,57,11,10,10
222,232720769,1047311,3,125843200,16384,57,11,10,10
222,232720769,1047311,4,148868352,65536,57,11,10,10
222,232720769,1047311,5,200179968,65536,57,11,10,10
222,232720769,1047311,6,200229120,16384,57,11,10,10
222,232720769,1047311,7,209117952,65536,57,11,10,10
222,232720769,1047311,8,209142528,16384,57,11,10,10
222,232720769,1047311,9,223297536,65536,57,11,10,10
222,232720769,1047311,10,225376768,16384,57,11,10,10
222,232720769,1047311,11,232704256,16384,57,11,10,10
223,233768080,1051892,0,40937216,16384,21,3,6,6
223,233768080,1051892,1,46669568,65536,21,3,6,6
223,233768080,1051892,2,48260352,16384,21,3,6,6
223,233768080,1051892,3,114355712,256,21,3,6,6
223,233768080,1051892,4,117424640,65536,21,3,6,6
223,233768080,1051892,5,118538752,16384,21,3,6,6
223,233768080,1051892,6,216999424,16384,21,3,6,6
223,233768080,1051892,7,218046720,16384,21,3,6,6
223,233768080,1051892,8,199193088,4096,18,4,6,6
223,233768080,1051892,9,73457664,4096,15,3,6,6
223,233768080,1051892,10,104910592,4096,15,3,6,6
223,233768080,1051892,11,47228416,16384,12,2,6,6
224,234819972,1047842,0,204954368,16384,69,11,10,10
224,234819972,1047842,1,42968832,65536,48,8,10,10
224,234819972,1047842,2,43017984,16384,48,8,10,10
224,234819972,1047842,3,125843200,16384,48,8,10,10
224,234819972,1047842,4,148868352,65536,48,8,10,10
224,234819972,1047842,5,200179968,65536,48,8,10,10
224,234819972,1047842,6,200229120,16384,48,8,10,10
224,234819972,1047842,7,209117952,65536,48,8,10,10
224,234819972,1047842,8,209142528,16384,48,8,10,10
224,234819972,1047842,9,223297536,65536,48,8,10,10
224,234819972,1047842,10,225376768,16384,48,8,10,10
224,234819972,1047842,11,232704256,16384,48,8,10,10
225,235867814,1050750,0,42968832,65536,89,15,10,10
225,235867814,1050750,1,43017984,16384,89,15,10,10
225,235867814,1050750,2,148868352,65536,89,15,10,10
225,235867814,1050750,3,200179968,65536,89,15,10,10
225,235867814,1050750,4,200229120,16384,89,15,10,10
225,235867814,1050750,5,204954368,16384,89,15,10,10
225,235867814,1050750,6,209117952,65536,89,15,10,10
225,235867814,1050750,7,209142528,16384,89,15,10,10
225,235867814,1050750,8,223297536,65536,89,15,10,10
225,235867814,1050750,9,225376768,16384,89,15,10,10
225,235867814,1050750,10,232704256,16384,89,15,10,10
225,235867814,1050750,11,235802112,65536,89,15,10,10
226,236918564,1043149,0,204954368,16384,85,15,10,10
226,236918564,1043149,1,56115712,65536,69,11,10,10
226,236918564,1043149,2,62403072,65536,69,11,10,10
226,236918564,1043149,3,191852800,65536,69,11,10,10
226,236918564,1043149,4,204929792,65536,69,11,10,10
226,236918564,1043149,5,206462464,65536,69,11,10,10
226,236918564,1043149,6,210657280,65536,69,11,10,10
226,236918564,1043149,7,212266240,65536,69,11,10,10
226,236918564,1043149,8,212290816,16384,69,11,10,10
226,236918564,1043149,9,223231744,65536,69,11,10,10
226,236918564,1043149,10,226376448,65536,69,11,10,10
226,236918564,1043149,11,42508288,4096,50,12,10,10
227,237961713,1046633,0,47719680,65536,54,8,6,6
227,237961713,1046633,1,104353536,65536,54,8,6,6
227,237961713,1046633,2,105897472,65536,54,8,6,6
227,237961713,1046633,3,109043456,65536,54,8,6,6
227,237961713,1046633,4,119580160,65536,54,8,6,6
227,237961713,1046633,5,214903552,16384,54,8,6,6
227,237961713,1046633,6,219110656,65536,54,8,6,6
227,237961713,1046633,7,73457664,4096,37,9,6,6
227,237961713,1046633,8,104910592,4096,37,9,6,6
227,237961713,1046633,9,107529728,1024,14,6,6,6
227,237961713,1046633,10,234293504,1024,14,4,6,6
227,237961713,1046633,11,199193088,4096,13,3,6,6
228,239008346,1056407,0,107522048,16384,28,6,6,6
228,239008346,1056407,1,118522112,16384,28,6,6,6
228,239008346,1056407,2,47719680,65536,21,3,6,6
228,239008346,1056407,3,104353536,65536,21,3,6,6
228,239008346,1056407,4,105897472,65536,21,3,6,6
228,239008346,1056407,5,109043456,65536,21,3,6,6
228,239008346,1056407,6,119580160,65536,21,3,6,6
228,239008346,1056407,7,214903552,16384,21,3,6,6
228,239008346,1056407,8,219110656,65536,21,3,6,6
228,239008346,1056407,9,47228416,16384,12,2,6,6
228,239008346,1056407,10,72413184,16384,12,2,6,6
228,239008346,1056407,11,73457664,4096,10,2,6,6
229,240064753,1051784,0,40937216,16384,36,6,6,6
229,240064753,1051784,1,46669568,65536,36,6,6,6
229,240064753,1051784,2,48260352,16384,36,6,6,6
229,240064753,1051784,3,114355712,256,36,6,6,6
229,240064753,1051784,4,117424640,65536,36,6,6,6
229,240064753,1051784,5,118538752,16384,36,6,6,6
229,240064753,1051784,6,216999424,16384,36,6,6,6
229,240064753,1051784,7,218046720,16384,36,6,6,6
229,240064753,1051784,8,107522048,16384,30,6,6,6
229,240064753,1051784,9,73457664,4096,20,4,6,6
229,240064753,1051784,10,104910592,4096,20,4,6,6
229,240064753,1051784,11,219625216,16384,12,2,6,6
230,241116537,1055858,0,42508288,4096,23,5,10,10
230,241116537,1055858,1,43556352,4096,18,4,10,10
230,241116537,1055858,2,53000448,4096,18,4,10,10
230,241116537,1055858,3,70309120,4096,18,4,10,10
230,241116537,1055858,4,143158272,4096,18,4,10,10
230,241116537,1055858,5,203385344,4096,18,4,10,10
230,241116537,1055858,6,229584640,4096,18,4,10,10
230,241116537,1055858,7,234820096,4096,18,4,10,10
230,241116537,1055858,8,143680512,4096,13,3,10,10
230,241116537,1055858,9,42968832,65536,12,2,10,10
230,241116537,1055858,10,43017984,16384,12,2,10,10
230,241116537,1055858,11,148868352,65536,12,2,10,10
231,242172395,1050579,0,40937216,16384,33,5,6,6
231,242172395,1050579,1,46669568,65536,33,5,6,6
231,242172395,1050579,2,48260352,16384,33,5,6,6
231,242172395,1050579,3,114355712,1024,33,5,6,6
231,242172395,1050579,4,117424640,65536,33,5,6,6
231,242172395,1050579,5,118538752,16384,33,5,6,6
231,242172395,1050579,6,216999424,16384,33,5,6,6
231,242172395,1050579,7,218046720,16384,33,5,6,6
231,242172395,1050579,8,240064768,65536,33,5,6,6
231,242172395,1050579,9,124285696,4096,10,2,6,6
231,242172395,1050579,10,33055744,1024,8,2,6,6
231,242172395,1050579,11,115397120,1024,8,2,6,6
232,243222974,1051100,0,42508288,4096,51,13,10,10
232,243222974,1051100,1,143680512,4096,45,11,10,10
232,243222974,1051100,2,90757632,4096,40,10,10,10
232,243222974,1051100,3,176164096,1024,40,10,10,10
232,243222974,1051100,4,177190400,4096,40,10,10,10
232,243222974,1051100,5,230104064,4096,40,10,10,10
232,243222974,1051100,6,204954368,16384,39,7,10,10
232,243222974,1051100,7,233236224,16384,28,6,10,10
232,243222974,1051100,8,233751552,16384,28,6,10,10
232,243222974,1051100,9,233766912,1024,28,6,10,10
232,243222974,1051100,10,127430912,1024,24,8,10,10
232,243222974,1051100,11,56115712,65536,24,4,10,10
233,244274074,1052550,0,204954368,16384,84,14,10,10
233,244274074,1052550,1,56115712,65536,45,7,10,10
233,244274074,1052550,2,62403072,65536,45,7,10,10
233,244274074,1052550,3,191852800,65536,45,7,10,10
233,244274074,1052550,4,204929792,65536,45,7,10,10
233,244274074,1052550,5,206462464,65536,45,7,10,10
233,244274074,1052550,6,210657280,65536,45,7,10,10
233,244274074,1052550,7,212266240,65536,45,7,10,10
233,244274074,1052550,8,212290816,16384,45,7,10,10
233,244274074,1052550,9,223231744,65536,45,7,10,10
233,244274074,1052550,10,226376448,65536,45,7,10,10
233,244274074,1052550,11,42968832,65536,39,7,10,10
234,245326624,1049103,0,42508288,4096,41,9,10,10
234,245326624,1049103,1,143680512,4096,36,8,10,10
234,245326624,1049103,2,204954368,16384,24,4,10,10
234,245326624,1049103,3,90757632,4096,23,5,10,10
234,245326624,1049103,4,176164096,1024,23,5,10,10
234,245326624,1049103,5,177190400,4096,23,5,10,10
234,245326624,1049103,6,230104064,4096,23,5,10,10
234,245326624,1049103,7,43556352,4096,18,4,10,10
234,245326624,1049103,8,53000448,4096,18,4,10,10
234,245326624,1049103,9,70309120,4096,18,4,10,10
234,245326624,1049103,10,143158272,4096,18,4,10,10
234,245326624,1049103,11,203385344,4096,18,4,10,10
235,246375727,1054756,0,199193088,4096,26,6,6,6
235,246375727,1054756,1,40937216,16384,12,2,6,6
235,246375727,1054756,2,46669568,65536,12,2,6,6
235,246375727,1054756,3,48260352,16384,12,2,6,6
235,246375727,1054756,4,114355712,1024,12,2,6,6
235,246375727,1054756,5,117424640,65536,12,2,6,6
235,246375727,1054756,6,118538752,16384,12,2,6,6
235,246375727,1054756,7,216999424,16384,12,2,6,6
235,246375727,1054756,8,218046720,16384,12,2,6,6
235,246375727,1054756,9,240064768,65536,12,2,6,6
235,246375727,1054756,10,73457664,4096,10,2,6,6
235,246375727,1054756,11,104910592,4096,10,2,6,6
236,247430483,1048544,0,204954368,16384,69,11,10,10
236,247430483,1048544,1,42968832,65536,57,9,10,10
236,247430483,1048544,2,43017984,16384,57,9,10,10
236,247430483,1048544,3,148868352,65536,57,9,10,10
236,247430483,1048544,4,200179968,65536,57,9,10,10
236,247430483,1048544,5,200229120,16384,57,9,10,10
236,247430483,1048544,6,209117952,65536,57,9,10,10
236,247430483,1048544,7,209142528,16384,57,9,10,10
236,247430483,1048544,8,223297536,65536,57,9,10,10
236,247430483,1048544,9,225376768,16384,57,9,10,10
236,247430483,1048544,10,232704256,16384,57,9,10,10
236,247430483,1048544,11,235802112,65536,57,9,10,10
237,248479027,1046582,0,204954368,16384,99,15,10,10
237,248479027,1046582,1,42508288,4096,78,18,10,10
237,248479027,1046582,2,42968832,65536,78,12,10,10
237,248479027,1046582,3,43017984,16384,78,12,10,10
237,248479027,1046582,4,148868352,65536,78,12,10,10
237,248479027,1046582,5,200179968,65536,78,12,10,10
237,248479027,1046582,6,200229120,16384,78,12,10,10
237,248479027,1046582,7,209117952,65536,78,12,10,10
237,248479027,1046582,8,209142528,16384,78,12,10,10
237,248479027,1046582,9,223297536,65536,78,12,10,10
237,248479027,1046582,10,225376768,16384,78,12,10,10
237,248479027,1046582,11,232704256,16384,78,12,10,10
238,249525609,1048131,0,86021632,16384,29,5,10,10
238,249525609,1048131,1,127956224,1024,29,5,10,10
238,249525609,1048131,2,94411520,16384,27,5,10,10
238,249525609,1048131,3,204954368,16384,24,4,10,10
238,249525609,1048131,4,100715776,1024,22,8,10,10
238,249525609,1048131,5,143680512,4096,21,5,10,10
238,249525609,1048131,6,127430912,1024,20,6,10,10
238,249525609,1048131,7,66113280,4096,16,4,10,10
238,249525609,1048131,8,243223040,256,16,4,10,10
238,249525609,1048131,9,42968832,65536,12,2,10,10
238,249525609,1048131,10,43017984,16384,12,2,10,10
238,249525609,1048131,11,56115712,65536,12,2,10,10
239,250573740,1047626,0,40937216,16384,41,7,6,6
239,250573740,1047626,1,46669568,65536,41,7,6,6
239,250573740,1047626,2,48260352,16384,41,7,6,6
239,250573740,1047626,3,114355712,1024,41,7,6,6
239,250573740,1047626,4,117424640,65536,41,7,6,6
239,250573740,1047626,5,118538752,16384,41,7,6,6
239,250573740,1047626,6,216999424,16384,41,7,6,6
239,250573740,1047626,7,218046720,16384,41,7,6,6
239,250573740,1047626,8,240064768,65536,41,7,6,6
239,250573740,1047626,9,73457664,4096,14,4,6,6
239,250573740,1047626,10,104910592,4096,14,4,6,6
239,250573740,1047626,11,124285696,4096,13,3,6,6
240,251621366,1049944,0,143680512,4096,37,9,10,10
240,251621366,1049944,1,42508288,4096,28,6,10,10
240,251621366,1049944,2,66113280,4096,27,7,10,10
240,251621366,1049944,3,243223040,256,27,7,10,10
240,251621366,1049944,4,42968832,65536,24,4,10,10
240,251621366,1049944,5,43017984,16384,24,4,10,10
240,251621366,1049944,6,148868352,65536,24,4,10,10
240,251621366,1049944,7,200179968,65536,24,4,10,10
240,251621366,1049944,8,200229120,16384,24,4,10,10
240,251621366,1049944,9,204954368,16384,24,4,10,10
240,251621366,1049944,10,209117952,65536,24,4,10,10
240,251621366,1049944,11,209142528,16384,24,4,10,10
241,252671310,1046905,0,204954368,16384,118,22,10,10
241,252671310,1046905,1,42968832,65536,106,20,10,10
241,252671310,1046905,2,43017984,16384,106,20,10,10
241,252671310,1046905,3,148868352,65536,106,20,10,10
241,252671310,1046905,4,200179968,65536,106,20,10,10
241,252671310,1046905,5,200229120,16384,106,20,10,10
241,252671310,1046905,6,209117952,65536,106,20,10,10
241,252671310,1046905,7,209142528,16384,106,20,10,10
241,252671310,1046905,8,223297536,65536,106,20,10,10
241,252671310,1046905,9,225376768,16384,106,20,10,10
241,252671310,1046905,10,232704256,16384,106,20,10,10
241,252671310,1046905,11,235802112,65536,106,20,10,10
242,253718215,1053736,0,204954368,16384,107,17,10,10
242,253718215,1053736,1,42968832,65536,86,14,10,10
242,253718215,1053736,2,43017984,16384,86,14,10,10
242,253718215,1053736,3,148868352,65536,86,14,10,10
242,253718215,1053736,4,200179968,65536,86,14,10,10
242,253718215,1053736,5,200229120,16384,86,14,10,10
242,253718215,1053736,6,209117952,65536,86,14,10,10
242,253718215,1053736,7,209142528,16384,86,14,10,10
242,253718215,1053736,8,223297536,65536,86,14,10,10
242,253718215,1053736,9,225376768,16384,86,14,10,10
242,253718215,1053736,10,232704256,16384,86,14,10,10
242,253718215,1053736,11,235802112,65536,86,14,10,10
243,254771951,1044928,0,204954368,16384,45,7,10,10
243,254771951,1044928,1,209142528,16384,36,6,10,10
243,254771951,1044928,2,42508288,4096,29,7,10,10
243,254771951,1044928,3,143680512,4096,27,7,10,10
243,254771951,1044928,4,42968832,65536,24,4,10,10
243,254771951,1044928,5,43017984,16384,24,4,10,10
243,254771951,1044928,6,148868352,65536,24,4,10,10
243,254771951,1044928,7,200179968,65536,24,4,10,10
243,254771951,1044928,8,200229120,16384,24,4,10,10
243,254771951,1044928,9,209117952,65536,24,4,10,10
243,254771951,1044928,10,223297536,65536,24,4,10,10
243,254771951,1044928,11,225376768,16384,24,4,10,10
244,255816879,1047041,0,42968832,65536,114,20,10,10
244,255816879,1047041,1,43017984,16384,114,20,10,10
244,255816879,1047041,2,148868352,65536,114,20,10,10
244,255816879,1047041,3,200179968,65536,114,20,10,10
244,255816879,1047041,4,200229120,16384,114,20,10,10
244,255816879,1047041,5,204954368,16384,114,20,10,10
244,255816879,1047041,6,209117952,65536,114,20,10,10
244,255816879,1047041,7,209142528,16384,114,20,10,10
244,255816879,1047041,8,223297536,65536,114,20,10,10
244,255816879,1047041,9,225376768,16384,114,20,10,10
244,255816879,1047041,10,232704256,16384,114,20,10,10
244,255816879,1047041,11,235802112,65536,114,20,10,10
245,256863920,1048871,0,42508288,4096,84,20,10,10
245,256863920,1048871,1,143680512,4096,81,17,10,10
245,256863920,1048871,2,42968832,65536,71,11,10,10
245,256863920,1048871,3,43017984,16384,71,11,10,10
245,256863920,1048871,4,148868352,65536,71,11,10,10
245,256863920,1048871,5,200179968,65536,71,11,10,10
245,256863920,1048871,6,200229120,16384,71,11,10,10
245,256863920,1048871,7,204954368,16384,71,11,10,10
245,256863920,1048871,8,209117952,65536,71,11,10,10
245,256863920,1048871,9,209142528,16384,71,11,10,10
245,256863920,1048871,10,223297536,65536,71,11,10,10
245,256863920,1048871,11,225376768,16384,71,11,10,10
246,257912791,1047837,0,42508288,4096,132,32,10,10
246,257912791,1047837,1,143680512,4096,112,28,10,10
246,257912791,1047837,2,56115712,65536,108,18,10,10
246,257912791,1047837,3,62403072,65536,108,18,10,10
246,257912791,1047837,4,204929792,65536,108,18,10,10
246,257912791,1047837,5,206462464,65536,108,18,10,10
246,257912791,1047837,6,209142528,16384,108,18,10,10
246,257912791,1047837,7,210657280,65536,108,18,10,10
246,257912791,1047837,8,212266240,65536,108,18,10,10
246,257912791,1047837,9,212290816,16384,108,18,10,10
246,257912791,1047837,10,223231744,65536,108,18,10,10
246,257912791,1047837,11,226376448,65536,108,18,10,10
247,258960628,1048833,0,42968832,65536,90,16,10,10
247,258960628,1048833,1,43017984,16384,90,16,10,10
247,258960628,1048833,2,204954368,16384,90,16,10,10
247,258960628,1048833,3,209117952,65536,90,16,10,10
247,258960628,1048833,4,209142528,16384,90,16,10,10
247,258960628,1048833,5,223297536,65536,90,16,10,10
247,258960628,1048833,6,225376768,16384,90,16,10,10
247,258960628,1048833,7,232704256,16384,90,16,10,10
247,258960628,1048833,8,235802112,65536,90,16,10,10
247,258960628,1048833,9,257355520,65536,90,16,10,10
247,258960628,1048833,10,257912832,16384,90,16,10,10
247,258960628,1048833,11,258944000,16384,90,16,10,10
248,260009461,1049560,0,258944000,16384,60,10,10,10
248,260009461,1049560,1,143680512,4096,56,12,10,10
248,260009461,1049560,2,42508288,4096,46,10,10,10
248,260009461,1049560,3,42968832,65536,36,6,10,10
248,260009461,1049560,4,43017984,16384,36,6,10,10
248,260009461,1049560,5,209117952,65536,36,6,10,10
248,260009461,1049560,6,209142528,16384,36,6,10,10
248,260009461,1049560,7,223297536,65536,36,6,10,10
248,260009461,1049560,8,225376768,16384,36,6,10,10
248,260009461,1049560,9,232704256,16384,36,6,10,10
248,260009461,1049560,10,235802112,65536,36,6,10,10
248,260009461,1049560,11,257355520,65536,36,6,10,10
249,261059021,1055955,0,258944000,16384,57,9,10,10
249,261059021,1055955,1,42968832,65536,36,6,10,10
249,261059021,1055955,2,43017984,16384,36,6,10,10
249,261059021,1055955,3,209117952,65536,36,6,10,10
249,261059021,1055955,4,223297536,65536,36,6,10,10
249,261059021,1055955,5,225376768,16384,36,6,10,10
249,261059021,1055955,6,232704256,16384,36,6,10,10
249,261059021,1055955,7,235802112,65536,36,6,10,10
249,261059021,1055955,8,257355520,65536,36,6,10,10
249,261059021,1055955,9,257912832,16384,36,6,10,10
249,261059021,1055955,10,259476736,16384,36,6,10,10
249,261059021,1055955,11,260525824,16384,36,6,10,10
250,262114976,1060224,0,121671680,4096,45,11,9,9
250,262114976,1060224,1,13641728,16384,45,7,9,9
250,262114976,1060224,2,16797952,4096,42,10,9,9
250,262114976,1060224,3,165691136,1024,34,10,9,9
250,262114976,1060224,4,3080960,65536,33,5,9,9
250,262114976,1060224,5,178243840,16384,33,5,9,9
250,262114976,1060224,6,179786752,65536,33,5,9,9
250,262114976,1060224,7,180343296,65536,33,5,9,9
250,262114976,1060224,8,182438400,65536,33,5,9,9
250,262114976,1060224,9,182929664,65536,33,5,9,9
250,262114976,1060224,10,183421184,65536,33,5,9,9
250,262114976,1060224,11,196540416,65536,33,5,9,9
251,263175200,1050600,0,258944000,16384,90,14,10,10
251,263175200,1050600,1,56115712,65536,63,9,10,10
251,263175200,1050600,2,62403072,65536,63,9,10,10
251,263175200,1050600,3,210657280,65536,63,9,10,10
251,263175200,1050600,4,212266240,65536,63,9,10,10
251,263175200,1050600,5,212290816,16384,63,9,10,10
251,263175200,1050600,6,223231744,65536,63,9,10,10
251,263175200,1050600,7,226376448,65536,63,9,10,10
251,263175200,1050600,8,245326848,65536,63,9,10,10
251,263175200,1050600,9,254771968,65536,63,9,10,10
251,263175200,1050600,10,258894848,65536,63,9,10,10
251,263175200,1050600,11,42508288,4096,59,13,10,10
252,264225800,1049842,0,124285696,4096,29,7,6,6
252,264225800,1049842,1,107522048,16384,29,5,6,6
252,264225800,1049842,2,73457664,4096,28,6,6,6
252,264225800,1049842,3,104910592,4096,28,6,6,6
252,264225800,1049842,4,40937216,16384,24,4,6,6
252,264225800,1049842,5,46669568,65536,24,4,6,6
252,264225800,1049842,6,48260352,16384,24,4,6,6
252,264225800,1049842,7,114355712,4096,24,4,6,6
252,264225800,1049842,8,117424640,65536,24,4,6,6
252,264225800,1049842,9,118538752,16384,24,4,6,6
252,264225800,1049842,10,216999424,16384,24,4,6,6
252,264225800,1049842,11,218046720,16384,24,4,6,6
253,265275642,1043240,0,40937216,16384,28,6,6,6
253,265275642,1043240,1,46669568,65536,28,6,6,6
253,265275642,1043240,2,48260352,16384,28,6,6,6
253,265275642,1043240,3,114355712,4096,28,6,6,6
253,265275642,1043240,4,117424640,65536,28,6,6,6
253,265275642,1043240,5,118538752,16384,28,6,6,6
253,265275642,1043240,6,216999424,16384,28,6,6,6
253,265275642,1043240,7,218046720,16384,28,6,6,6
253,265275642,1043240,8,240064768,65536,28,6,6,6
253,265275642,1043240,9,250573824,16384,28,6,6,6
253,265275642,1043240,10,73457664,4096,21,5,6,6
253,265275642,1043240,11,104910592,4096,21,5,6,6
254,266318882,1049739,0,258944000,16384,65,11,10,10
254,266318882,1049739,1,42508288,4096,41,9,10,10
254,266318882,1049739,2,42968832,65536,39,7,10,10
254,266318882,1049739,3,43017984,16384,39,7,10,10
254,266318882,1049739,4,209117952,65536,39,7,10,10
254,266318882,1049739,5,223297536,65536,39,7,10,10
254,266318882,1049739,6,225376768,16384,39,7,10,10
254,266318882,1049739,7,232704256,16384,39,7,10,10
254,266318882,1049739,8,235802112,65536,39,7,10,10
254,266318882,1049739,9,257355520,65536,39,7,10,10
254,266318882,1049739,10,257912832,16384,39,7,10,10
254,266318882,1049739,11,259476736,16384,39,7,10,10
255,267368621,1046053,0,42508288,4096,64,16,10,10
255,267368621,1046053,1,43556352,4096,51,13,10,10
255,267368621,1046053,2,53000448,4096,51,13,10,10
255,267368621,1046053,3,70309120,4096,51,13,10,10
255,267368621,1046053,4,143158272,4096,51,13,10,10
255,267368621,1046053,5,203385344,4096,51,13,10,10
255,267368621,1046053,6,229584640,4096,51,13,10,10
255,267368621,1046053,7,234820096,4096,51,13,10,10
255,267368621,1046053,8,266841600,4096,51,13,10,10
255,267368621,1046053,9,86021632,16384,27,5,10,10
255,267368621,1046053,10,127956224,1024,27,5,10,10
255,267368621,1046053,11,258944000,16384,27,5,10,10
256,268414674,1050105,0,5759488,16384,51,11,10,10
256,268414674,1050105,1,64530688,16384,51,11,10,10
256,268414674,1050105,2,82362624,16384,51,11,10,10
256,268414674,1050105,3,102809600,4096,51,11,10,10
256,268414674,1050105,4,143152128,16384,51,11,10,10
256,268414674,1050105,5,208625920,4096,51,11,10,10
256,268414674,1050105,6,143680512,4096,31,7,10,10
256,268414674,1050105,7,208560128,65536,24,4,10,10
256,268414674,1050105,8,42508288,4096,23,5,10,10
256,268414674,1050105,9,66113280,4096,21,5,10,10
256,268414674,1050105,10,243223040,256,21,5,10,10
256,268414674,1050105,11,257912832,4096,21,5,10,10
257,269464779,1048165,0,42508288,4096,71,17,10,10
257,269464779,1048165,1,143680512,4096,65,15,10,10
257,269464779,1048165,2,90757632,4096,42,10,10,10
257,269464779,1048165,3,176164096,1024,42,10,10,10
257,269464779,1048165,4,177190400,4096,42,10,10,10
257,269464779,1048165,5,230104064,4096,42,10,10,10
257,269464779,1048165,6,263175424,1024,42,10,10,10
257,269464779,1048165,7,43556352,4096,29,7,10,10
257,269464779,1048165,8,53000448,4096,29,7,10,10
257,269464779,1048165,9,70309120,4096,29,7,10,10
257,269464779,1048165,10,143158272,4096,29,7,10,10
257,269464779,1048165,11,203385344,4096,29,7,10,10
258,270512944,1050707,0,143680512,4096,28,6,10,10
258,270512944,1050707,1,42968832,65536,24,4,10,10
258,270512944,1050707,2,43017984,16384,24,4,10,10
258,270512944,1050707,3,209117952,65536,24,4,10,10
258,270512944,1050707,4,223297536,65536,24,4,10,10
258,270512944,1050707,5,225376768,16384,24,4,10,10
258,270512944,1050707,6,232704256,16384,24,4,10,10
258,270512944,1050707,7,235802112,65536,24,4,10,10
258,270512944,1050707,8,257355520,65536,24,4,10,10
258,270512944,1050707,9,257912832,16384,24,4,10,10
258,270512944,1050707,10,258944000,16384,24,4,10,10
258,270512944,1050707,11,259476736,16384,24,4,10,10
259,271563651,1048845,0,121671680,4096,43,9,9,9
259,271563651,1048845,1,165691136,1024,37,9,9,9
259,271563651,1048845,2,151548160,4096,33,7,9,9
259,271563651,1048845,3,16797952,4096,30,6,9,9
259,271563651,1048845,4,1048320,65536,27,5,9,9
259,271563651,1048845,5,1540096,65536,27,5,9,9
259,271563651,1048845,6,2097920,16384,27,5,9,9
259,271563651,1048845,7,4129792,65536,27,5,9,9
259,271563651,1048845,8,153052928,65536,27,5,9,9
259,271563651,1048845,9,166741248,4096,27,5,9,9
259,271563651,1048845,10,171420416,65536,27,5,9,9
259,271563651,1048845,11,175045632,65536,27,5,9,9
260,272612496,1050255,0,272546816,65536,108,16,9,9
260,272612496,1050255,1,1048320,65536,56,12,9,9
260,272612496,1050255,2,1540096,65536,56,12,9,9
260,272612496,1050255,3,2097920,16384,56,12,9,9
260,272612496,1050255,4,4129792,65536,56,12,9,9
260,272612496,1050255,5,153052928,65536,56,12,9,9
260,272612496,1050255,6,166741248,4096,56,12,9,9
260,272612496,1050255,7,171420416,65536,56,12,9,9
260,272612496,1050255,8,175045632,65536,56,12,9,9
260,272612496,1050255,9,178227200,16384,56,12,9,9
260,272612496,1050255,10,16797952,4096,37,9,9,9
260,272612496,1050255,11,121671680,4096,27,7,9,9
261,273662751,1047331,0,258944000,16384,65,11,10,10
261,273662751,1047331,1,42968832,65536,60,10,10,10
261,273662751,1047331,2,43017984,16384,60,10,10,10
261,273662751,1047331,3,209117952,65536,60,10,10,10
261,273662751,1047331,4,223297536,65536,60,10,10,10
261,273662751,1047331,5,225376768,16384,60,10,10,10
261,273662751,1047331,6,232704256,16384,60,10,10,10
261,273662751,1047331,7,235802112,65536,60,10,10,10
261,273662751,1047331,8,257355520,65536,60,10,10,10
261,273662751,1047331,9,257912832,16384,60,10,10,10
261,273662751,1047331,10,259476736,16384,60,10,10,10
261,273662751,1047331,11,260525824,16384,60,10,10,10
262,274710082,1048091,0,258944000,16384,116,20,10,10
262,274710082,1048091,1,42968832,65536,72,12,10,10
262,274710082,1048091,2,43017984,16384,72,12,10,10
262,274710082,1048091,3,209117952,65536,72,12,10,10
262,274710082,1048091,4,223297536,65536,72,12,10,10
262,274710082,1048091,5,225376768,16384,72,12,10,10
262,274710082,1048091,6,232704256,16384,72,12,10,10
262,274710082,1048091,7,235802112,65536,72,12,10,10
262,274710082,1048091,8,257355520,65536,72,12,10,10
262,274710082,1048091,9,257912832,16384,72,12,10,10
262,274710082,1048091,10,259476736,16384,72,12,10,10
262,274710082,1048091,11,260525824,16384,72,12,10,10
263,275758173,1044947,0,258944000,16384,136,22,10,10
263,275758173,1044947,1,56115712,65536,79,13,10,10
263,275758173,1044947,2,62403072,65536,79,13,10,10
263,275758173,1044947,3,212266240,65536,79,13,10,10
263,275758173,1044947,4,223231744,65536,79,13,10,10
263,275758173,1044947,5,226376448,65536,79,13,10,10
263,275758173,1044947,6,245326848,65536,79,13,10,10
263,275758173,1044947,7,254771968,65536,79,13,10,10
263,275758173,1044947,8,258894848,65536,79,13,10,10
263,275758173,1044947,9,270447360,65536,79,13,10,10
263,275758173,1044947,10,270496512,16384,79,13,10,10
263,275758173,1044947,11,42968832,65536,57,9,10,10
264,276803120,1051271,0,124285696,4096,51,11,6,6
264,276803120,1051271,1,107522048,16384,29,5,6,6
264,276803120,1051271,2,118522112,16384,24,4,6,6
264,276803120,1051271,3,40937216,16384,15,3,6,6
264,276803120,1051271,4,46669568,65536,15,3,6,6
264,276803120,1051271,5,48260352,16384,15,3,6,6
264,276803120,1051271,6,114355712,4096,15,3,6,6
264,276803120,1051271,7,117424640,65536,15,3,6,6
264,276803120,1051271,8,216999424,16384,15,3,6,6
264,276803120,1051271,9,218046720,16384,15,3,6,6
264,276803120,1051271,10,240064768,65536,15,3,6,6
264,276803120,1051271,11,250573824,16384,15,3,6,6
265,277854391,1046147,0,13641728,16384,54,8,9,9
265,277854391,1046147,1,1048320,65536,45,7,9,9
265,277854391,1046147,2,1540096,65536,45,7,9,9
265,277854391,1046147,3,2097920,16384,45,7,9,9
265,277854391,1046147,4,4129792,65536,45,7,9,9
265,277854391,1046147,5,153052928,65536,45,7,9,9
265,277854391,1046147,6,166741248,4096,45,7,9,9
265,277854391,1046147,7,171420416,65536,45,7,9,9
265,277854391,1046147,8,175045632,65536,45,7,9,9
265,277854391,1046147,9,178227200,16384,45,7,9,9
265,277854391,1046147,10,3080960,65536,42,6,9,9
265,277854391,1046147,11,179786752,65536,42,6,9,9
266,278900538,1050154,0,2097920,16384,69,11,9,9
266,278900538,1050154,1,1048320,65536,48,8,9,9
266,278900538,1050154,2,1540096,65536,48,8,9,9
266,278900538,1050154,3,4129792,65536,48,8,9,9
266,278900538,1050154,4,153052928,65536,48,8,9,9
266,278900538,1050154,5,166741248,4096,48,8,9,9
266,278900538,1050154,6,171420416,65536,48,8,9,9
266,278900538,1050154,7,175045632,65536,48,8,9,9
266,278900538,1050154,8,178227200,16384,48,8,9,9
266,278900538,1050154,9,121674752,1024,13,3,9,9
266,278900538,1050154,10,151548160,4096,10,2,9,9
266,278900538,1050154,11,165688064,4096,10,2,9,9
267,279950692,1054372,0,278900736,65536,47,7,9,9
267,279950692,1054372,1,1048320,65536,24,4,9,9
267,279950692,1054372,2,1540096,65536,24,4,9,9
267,279950692,1054372,3,2097920,16384,24,4,9,9
267,279950692,1054372,4,4129792,65536,24,4,9,9
267,279950692,1054372,5,153052928,65536,24,4,9,9
267,279950692,1054372,6,166741248,4096,24,4,9,9
267,279950692,1054372,7,171420416,65536,24,4,9,9
267,279950692,1054372,8,175045632,65536,24,4,9,9
267,279950692,1054372,9,178227200,16384,24,4,9,9
267,279950692,1054372,10,183486976,65536,21,3,9,9
267,279950692,1054372,11,16797952,4096,18,4,9,9
268,281005064,1051686,0,278900736,65536,45,7,9,9
268,281005064,1051686,1,279417344,16384,39,7,9,9
268,281005064,1051686,2,279946496,4096,33,7,9,9
268,281005064,1051686,3,16271616,4096,15,3,9,9
268,281005064,1051686,4,16797952,4096,15,3,9,9
268,281005064,1051686,5,27812352,4096,15,3,9,9
268,281005064,1051686,6,156259072,4096,15,3,9,9
268,281005064,1051686,7,174590464,4096,15,3,9,9
268,281005064,1051686,8,523520,1024,6,2,9,9
268,281005064,1051686,9,121674752,1024,6,2,9,9
268,281005064,1051686,10,164123136,1024,5,1,9,9
268,281005064,1051686,11,179296000,256,3,1,9,9
269,282056750,1050551,0,278900736,16384,16,4,9,9
269,282056750,1050551,1,279417344,16384,16,4,9,9
269,282056750,1050551,2,16797952,4096,10,2,9,9
269,282056750,1050551,3,16271616,4096,5,1,9,9
269,282056750,1050551,4,27812352,4096,5,1,9,9
269,282056750,1050551,5,120628224,4096,5,1,9,9
269,282056750,1050551,6,121671680,4096,5,1,9,9
269,282056750,1050551,7,146842112,4096,5,1,9,9
269,282056750,1050551,8,156259072,4096,5,1,9,9
269,282056750,1050551,9,159930880,4096,5,1,9,9
269,282056750,1050551,10,166214656,4096,5,1,9,9
269,282056750,1050551,11,174590464,4096,5,1,9,9
270,283107301,1048462,0,16797952,4096,33,7,9,9
270,283107301,1048462,1,121671680,4096,28,6,9,9
270,283107301,1048462,2,1048320,65536,24,4,9,9
270,283107301,1048462,3,1540096,65536,24,4,9,9
270,283107301,1048462,4,2097920,16384,24,4,9,9
270,283107301,1048462,5,4129792,65536,24,4,9,9
270,283107301,1048462,6,153052928,65536,24,4,9,9
270,283107301,1048462,7,166741248,4096,24,4,9,9
270,283107301,1048462,8,171420416,65536,24,4,9,9
270,283107301,1048462,9,175045632,65536,24,4,9,9
270,283107301,1048462,10,178227200,16384,24,4,9,9
270,283107301,1048462,11,156259072,4096,23,5,9,9
271,284155763,1047232,0,16797952,4096,49,11,9,9
271,284155763,1047232,1,121671680,4096,39,9,9,9
271,284155763,1047232,2,156259072,4096,33,7,9,9
271,284155763,1047232,3,0,4096,27,5,9,9
271,284155763,1047232,4,120628224,4096,26,6,9,9
271,284155763,1047232,5,146842112,4096,26,6,9,9
271,284155763,1047232,6,159930880,4096,26,6,9,9
271,284155763,1047232,7,166214656,4096,26,6,9,9
271,284155763,1047232,8,181910016,4096,26,6,9,9
271,284155763,1047232,9,1048320,65536,24,4,9,9
271,284155763,1047232,10,1540096,65536,24,4,9,9
271,284155763,1047232,11,2097920,16384,24,4,9,9
272,285202995,1046489,0,1048320,65536,75,15,9,9
272,285202995,1046489,1,1540096,65536,75,15,9,9
272,285202995,1046489,2,2097920,16384,75,15,9,9
272,285202995,1046489,3,4129792,65536,75,15,9,9
272,285202995,1046489,4,153052928,65536,75,15,9,9
272,285202995,1046489,5,166741248,4096,75,15,9,9
272,285202995,1046489,6,171420416,65536,75,15,9,9
272,285202995,1046489,7,175045632,65536,75,15,9,9
272,285202995,1046489,8,178227200,16384,75,15,9,9
272,285202995,1046489,9,16797952,4096,56,14,9,9
272,285202995,1046489,10,121671680,4096,52,12,9,9
272,285202995,1046489,11,120628224,4096,32,8,9,9
273,286249484,1050273,0,42968832,65536,73,13,10,10
273,286249484,1050273,1,43017984,16384,73,13,10,10
273,286249484,1050273,2,209117952,65536,73,13,10,10
273,286249484,1050273,3,223297536,65536,73,13,10,10
273,286249484,1050273,4,225376768,16384,73,13,10,10
273,286249484,1050273,5,232704256,16384,73,13,10,10
273,286249484,1050273,6,235802112,65536,73,13,10,10
273,286249484,1050273,7,257355520,65536,73,13,10,10
273,286249484,1050273,8,257912832,16384,73,13,10,10
273,286249484,1050273,9,258944000,16384,73,13,10,10
273,286249484,1050273,10,259476736,16384,73,13,10,10
273,286249484,1050273,11,260525824,16384,73,13,10,10
274,287299757,1055750,0,258944000,16384,117,19,10,10
274,287299757,1055750,1,42968832,65536,69,11,10,10
274,287299757,1055750,2,43017984,16384,69,11,10,10
274,287299757,1055750,3,209117952,65536,69,11,10,10
274,287299757,1055750,4,223297536,65536,69,11,10,10
274,287299757,1055750,5,225376768,16384,69,11,10,10
274,287299757,1055750,6,232704256,16384,69,11,10,10
274,287299757,1055750,7,235802112,65536,69,11,10,10
274,287299757,1055750,8,257355520,65536,69,11,10,10
274,287299757,1055750,9,257912832,16384,69,11,10,10
274,287299757,1055750,10,259476736,16384,69,11,10,10
274,287299757,1055750,11,260525824,16384,69,11,10,10
275,288355507,1053024,0,288338944,16384,153,27,10,10
275,288355507,1053024,1,288289792,65536,138,24,10,10
275,288355507,1053024,2,258944000,16384,54,8,10,10
275,288355507,1053024,3,263175424,4096,45,9,10,10
275,288355507,1053024,4,56115712,65536,42,6,10,10
275,288355507,1053024,5,62403072,65536,42,6,10,10
275,288355507,1053024,6,212266240,65536,42,6,10,10
275,288355507,1053024,7,223231744,65536,42,6,10,10
275,288355507,1053024,8,226376448,65536,42,6,10,10
275,288355507,1053024,9,245326848,65536,42,6,10,10
275,288355507,1053024,10,254771968,65536,42,6,10,10
275,288355507,1053024,11,258894848,65536,42,6,10,10
276,289408531,1048397,0,258944000,16384,96,16,10,10
276,289408531,1048397,1,42508288,4096,75,17,10,10
276,289408531,1048397,2,288355584,16384,69,11,10,10
276,289408531,1048397,3,42968832,65536,57,9,10,10
276,289408531,1048397,4,43017984,16384,57,9,10,10
276,289408531,1048397,5,223297536,65536,57,9,10,10
276,289408531,1048397,6,225376768,16384,57,9,10,10
276,289408531,1048397,7,232704256,16384,57,9,10,10
276,289408531,1048397,8,235802112,65536,57,9,10,10
276,289408531,1048397,9,257355520,65536,57,9,10,10
276,289408531,1048397,10,257912832,16384,57,9,10,10
276,289408531,1048397,11,259476736,16384,57,9,10,10
277,290456928,1049059,0,47719680,65536,104,16,6,6
277,290456928,1049059,1,104353536,65536,104,16,6,6
277,290456928,1049059,2,105897472,65536,104,16,6,6
277,290456928,1049059,3,109043456,65536,104,16,6,6
277,290456928,1049059,4,119580160,65536,104,16,6,6
277,290456928,1049059,5,214903552,16384,104,16,6,6
277,290456928,1049059,6,219110656,65536,104,16,6,6
277,290456928,1049059,7,246375936,16384,104,16,6,6
277,290456928,1049059,8,277788672,65536,104,16,6,6
277,290456928,1049059,9,40937216,16384,36,6,6,6
277,290456928,1049059,10,46669568,65536,36,6,6,6
277,290456928,1049059,11,48260352,16384,36,6,6,6
278,291505987,1066143,0,40937216,16384,24,4,6,6
278,291505987,1066143,1,46669568,65536,24,4,6,6
278,291505987,1066143,2,48260352,16384,24,4,6,6
278,291505987,1066143,3,114355712,16384,24,4,6,6
278,291505987,1066143,4,117424640,65536,24,4,6,6
278,291505987,1066143,5,118538752,16384,24,4,6,6
278,291505987,1066143,6,216999424,16384,24,4,6,6
278,291505987,1066143,7,218046720,16384,24,4,6,6
278,291505987,1066143,8,240064768,65536,24,4,6,6
278,291505987,1066143,9,250573824,16384,24,4,6,6
278,291505987,1066143,10,277295872,65536,24,4,6,6
278,291505987,1066143,11,73457664,4096,20,4,6,6
279,292572130,1047800,0,42508288,4096,71,19,10,10
279,292572130,1047800,1,258944000,16384,66,10,10,10
279,292572130,1047800,2,208609280,16384,60,10,10,10
279,292572130,1047800,3,143680512,4096,57,15,10,10
279,292572130,1047800,4,42968832,65536,45,7,10,10
279,292572130,1047800,5,43017984,16384,45,7,10,10
279,292572130,1047800,6,223297536,65536,45,7,10,10
279,292572130,1047800,7,225376768,16384,45,7,10,10
279,292572130,1047800,8,232704256,16384,45,7,10,10
279,292572130,1047800,9,235802112,65536,45,7,10,10
279,292572130,1047800,10,257355520,65536,45,7,10,10
279,292572130,1047800,11,257912832,16384,45,7,10,10
280,293619930,1048338,0,258944000,16384,49,9,10,10
280,293619930,1048338,1,57165568,65536,42,6,10,10
280,293619930,1048338,2,66604800,65536,42,6,10,10
280,293619930,1048338,3,241116672,65536,42,6,10,10
280,293619930,1048338,4,250016768,65536,42,6,10,10
280,293619930,1048338,5,250508032,65536,42,6,10,10
280,293619930,1048338,6,250557184,16384,42,6,10,10
280,293619930,1048338,7,275692544,65536,42,6,10,10
280,293619930,1048338,8,275741696,16384,42,6,10,10
280,293619930,1048338,9,276737536,65536,42,6,10,10
280,293619930,1048338,10,143680512,4096,39,9,10,10
280,293619930,1048338,11,56115712,65536,37,7,10,10
281,294668268,1048970,0,107522048,16384,44,8,6,6
281,294668268,1048970,1,40937216,16384,40,8,6,6
281,294668268,1048970,2,46669568,65536,40,8,6,6
281,294668268,1048970,3,48260352,16384,40,8,6,6
281,294668268,1048970,4,114355712,16384,40,8,6,6
281,294668268,1048970,5,117424640,65536,40,8,6,6
281,294668268,1048970,6,118538752,16384,40,8,6,6
281,294668268,1048970,7,216999424,16384,40,8,6,6
281,294668268,1048970,8,218046720,16384,40,8,6,6
281,294668268,1048970,9,240064768,65536,40,8,6,6
281,294668268,1048970,10,250573824,16384,40,8,6,6
281,294668268,1048970,11,277295872,65536,40,8,6,6
282,295717238,1048109,0,258944000,16384,117,21,10,10
282,295717238,1048109,1,42968832,65536,84,16,10,10
282,295717238,1048109,2,43017984,16384,84,16,10,10
282,295717238,1048109,3,223297536,65536,84,16,10,10
282,295717238,1048109,4,225376768,16384,84,16,10,10
282,295717238,1048109,5,232704256,16384,84,16,10,10
282,295717238,1048109,6,235802112,65536,84,16,10,10
282,295717238,1048109,7,257355520,65536,84,16,10,10
282,295717238,1048109,8,257912832,16384,84,16,10,10
282,295717238,1048109,9,259476736,16384,84,16,10,10
282,295717238,1048109,10,260525824,16384,84,16,10,10
282,295717238,1048109,11,287819264,16384,84,16,10,10
283,296765347,1050257,0,107522048,16384,28,6,6,6
283,296765347,1050257,1,234293504,1024,21,5,6,6
283,296765347,1050257,2,115398400,65536,21,3,6,6
283,296765347,1050257,3,216950272,65536,21,3,6,6
283,296765347,1050257,4,199193088,4096,18,4,6,6
283,296765347,1050257,5,118522112,16384,16,4,6,6
283,296765347,1050257,6,124285696,4096,15,3,6,6
283,296765347,1050257,7,40937216,16384,12,2,6,6
283,296765347,1050257,8,46669568,65536,12,2,6,6
283,296765347,1050257,9,48260352,16384,12,2,6,6
283,296765347,1050257,10,114355712,16384,12,2,6,6
283,296765347,1050257,11,117424640,65536,12,2,6,6
284,297815604,1048908,0,107522048,16384,49,9,6,6
284,297815604,1048908,1,118522112,16384,49,9,6,6
284,297815604,1048908,2,199193088,4096,42,10,6,6
284,297815604,1048908,3,73457664,4096,33,9,6,6
284,297815604,1048908,4,104910592,4096,33,9,6,6
284,297815604,1048908,5,190790400,16384,27,5,6,6
284,297815604,1048908,6,40937216,16384,25,5,6,6
284,297815604,1048908,7,46669568,65536,25,5,6,6
284,297815604,1048908,8,48260352,16384,25,5,6,6
284,297815604,1048908,9,117424640,65536,25,5,6,6
284,297815604,1048908,10,216999424,16384,25,5,6,6
284,297815604,1048908,11,218046720,16384,25,5,6,6
285,298864512,1045862,0,107522048,16384,28,6,6,6
285,298864512,1045862,1,40937216,16384,24,4,6,6
285,298864512,1045862,2,46694144,16384,24,4,6,6
285,298864512,1045862,3,48260352,16384,24,4,6,6
285,298864512,1045862,4,117424640,65536,24,4,6,6
285,298864512,1045862,5,118538752,16384,24,4,6,6
285,298864512,1045862,6,216999424,16384,24,4,6,6
285,298864512,1045862,7,218046720,16384,24,4,6,6
285,298864512,1045862,8,240064768,65536,24,4,6,6
285,298864512,1045862,9,250573824,16384,24,4,6,6
285,298864512,1045862,10,277295872,65536,24,4,6,6
285,298864512,1045862,11,296765440,65536,24,4,6,6
286,299910374,1047569,0,40937216,16384,48,8,6,6
286,299910374,1047569,1,46694144,16384,48,8,6,6
286,299910374,1047569,2,48260352,16384,48,8,6,6
286,299910374,1047569,3,117424640,65536,48,8,6,6
286,299910374,1047569,4,118538752,16384,48,8,6,6
286,299910374,1047569,5,216999424,16384,48,8,6,6
286,299910374,1047569,6,218046720,16384,48,8,6,6
286,299910374,1047569,7,240064768,65536,48,8,6,6
286,299910374,1047569,8,250573824,16384,48,8,6,6
286,299910374,1047569,9,277295872,65536,48,8,6,6
286,299910374,1047569,10,296765440,65536,48,8,6,6
286,299910374,1047569,11,298798848,65536,48,8,6,6
287,300957943,1050959,0,40937216,16384,24,4,6,6
287,300957943,1050959,1,46694144,16384,24,4,6,6
287,300957943,1050959,2,48260352,16384,24,4,6,6
287,300957943,1050959,3,117424640,65536,24,4,6,6
287,300957943,1050959,4,118538752,16384,24,4,6,6
287,300957943,1050959,5,216999424,16384,24,4,6,6
287,300957943,1050959,6,218046720,16384,24,4,6,6
287,300957943,1050959,7,240064768,65536,24,4,6,6
287,300957943,1050959,8,250573824,16384,24,4,6,6
287,300957943,1050959,9,277295872,65536,24,4,6,6
287,300957943,1050959,10,296765440,65536,24,4,6,6
287,300957943,1050959,11,298798848,65536,24,4,6,6
288,302008902,1050078,0,42508288,4096,30,6,10,10
288,302008902,1050078,1,43556352,4096,25,5,10,10
288,302008902,1050078,2,53000448,4096,25,5,10,10
288,302008902,1050078,3,70309120,4096,25,5,10,10
288,302008902,1050078,4,143158272,4096,25,5,10,10
288,302008902,1050078,5,143680512,4096,25,5,10,10
288,302008902,1050078,6,203385344,4096,25,5,10,10
288,302008902,1050078,7,229584640,4096,25,5,10,10
288,302008902,1050078,8,234820096,4096,25,5,10,10
288,302008902,1050078,9,266841600,4096,25,5,10,10
288,302008902,1050078,10,293093888,4096,25,5,10,10
288,302008902,1050078,11,66113280,4096,20,4,10,10
289,303058980,1048563,0,42508288,4096,54,12,10,10
289,303058980,1048563,1,42968832,65536,37,7,10,10
289,303058980,1048563,2,43017984,16384,37,7,10,10
289,303058980,1048563,3,223297536,65536,37,7,10,10
289,303058980,1048563,4,225376768,16384,37,7,10,10
289,303058980,1048563,5,232704256,16384,37,7,10,10
289,303058980,1048563,6,235802112,65536,37,7,10,10
289,303058980,1048563,7,257355520,65536,37,7,10,10
289,303058980,1048563,8,257912832,16384,37,7,10,10
289,303058980,1048563,9,258944000,16384,37,7,10,10
289,303058980,1048563,10,259476736,16384,37,7,10,10
289,303058980,1048563,11,260525824,16384,37,7,10,10
290,304107543,1056502,0,166214656,4096,27,5,9,9
290,304107543,1056502,1,16732160,65536,25,5,9,9
290,304107543,1056502,2,16781312,16384,25,5,9,9
290,304107543,1056502,3,13641728,16384,24,4,9,9
290,304107543,1056502,4,121119232,65536,21,3,9,9
290,304107543,1056502,5,173025280,65536,21,3,9,9
290,304107543,1056502,6,120628224,4096,15,3,9,9
290,304107543,1056502,7,121671680,4096,15,3,9,9
290,304107543,1056502,8,146842112,4096,15,3,9,9
290,304107543,1056502,9,157804288,65536,15,3,9,9
290,304107543,1056502,10,159930880,4096,15,3,9,9
290,304107543,1056502,11,181910016,4096,15,3,9,9
291,305164045,1049572,0,47719680,65536,21,3,6,6
291,305164045,1049572,1,104353536,65536,21,3,6,6
291,305164045,1049572,2,105897472,65536,21,3,6,6
291,305164045,1049572,3,109043456,65536,21,3,6,6
291,305164045,1049572,4,119580160,65536,21,3,6,6
291,305164045,1049572,5,214903552,16384,21,3,6,6
291,305164045,1049572,6,219110656,65536,21,3,6,6
291,305164045,1049572,7,246375936,16384,21,3,6,6
291,305164045,1049572,8,277788672,65536,21,3,6,6
291,305164045,1049572,9,295651584,65536,21,3,6,6
291,305164045,1049572,10,124285696,4096,20,4,6,6
291,305164045,1049572,11,299910400,256,18,4,6,6
292,306213617,1058085,0,42968832,65536,36,6,10,10
292,306213617,1058085,1,43017984,16384,36,6,10,10
292,306213617,1058085,2,225376768,16384,36,6,10,10
292,306213617,1058085,3,232704256,16384,36,6,10,10
292,306213617,1058085,4,235802112,65536,36,6,10,10
292,306213617,1058085,5,257355520,65536,36,6,10,10
292,306213617,1058085,6,257912832,16384,36,6,10,10
292,306213617,1058085,7,258944000,16384,36,6,10,10
292,306213617,1058085,8,259476736,16384,36,6,10,10
292,306213617,1058085,9,260525824,16384,36,6,10,10
292,306213617,1058085,10,287819264,16384,36,6,10,10
292,306213617,1058085,11,304091136,16384,36,6,10,10
293,307271702,1043472,0,42968832,65536,48,8,10,10
293,307271702,1043472,1,43017984,16384,48,8,10,10
293,307271702,1043472,2,232704256,16384,48,8,10,10
293,307271702,1043472,3,235802112,65536,48,8,10,10
293,307271702,1043472,4,257355520,65536,48,8,10,10
293,307271702,1043472,5,257912832,16384,48,8,10,10
293,307271702,1043472,6,258944000,16384,48,8,10,10
293,307271702,1043472,7,259476736,16384,48,8,10,10
293,307271702,1043472,8,260525824,16384,48,8,10,10
293,307271702,1043472,9,287819264,16384,48,8,10,10
293,307271702,1043472,10,304091136,16384,48,8,10,10
293,307271702,1043472,11,306213632,65536,48,8,10,10
294,308315174,1045071,0,143680512,4096,28,6,10,10
294,308315174,1045071,1,56115712,65536,24,4,10,10
294,308315174,1045071,2,62403072,65536,24,4,10,10
294,308315174,1045071,3,212266240,65536,24,4,10,10
294,308315174,1045071,4,223231744,65536,24,4,10,10
294,308315174,1045071,5,226376448,65536,24,4,10,10
294,308315174,1045071,6,245326848,65536,24,4,10,10
294,308315174,1045071,7,254771968,65536,24,4,10,10
294,308315174,1045071,8,258894848,65536,24,4,10,10
294,308315174,1045071,9,258944000,16384,24,4,10,10
294,308315174,1045071,10,270447360,65536,24,4,10,10
294,308315174,1045071,11,270496512,16384,24,4,10,10
295,309360245,1044800,0,258944000,16384,75,13,10,10
295,309360245,1044800,1,42968832,65536,39,7,10,10
295,309360245,1044800,2,43017984,16384,39,7,10,10
295,309360245,1044800,3,232704256,16384,39,7,10,10
295,309360245,1044800,4,235802112,65536,39,7,10,10
295,309360245,1044800,5,257355520,65536,39,7,10,10
295,309360245,1044800,6,257912832,16384,39,7,10,10
295,309360245,1044800,7,259476736,16384,39,7,10,10
295,309360245,1044800,8,260525824,16384,39,7,10,10
295,309360245,1044800,9,287819264,16384,39,7,10,10
295,309360245,1044800,10,304091136,16384,39,7,10,10
295,309360245,1044800,11,306213632,65536,39,7,10,10
296,310405045,1048323,0,57165568,65536,46,8,10,10
296,310405045,1048323,1,66604800,65536,46,8,10,10
296,310405045,1048323,2,241116672,65536,46,8,10,10
296,310405045,1048323,3,250016768,65536,46,8,10,10
296,310405045,1048323,4,250508032,65536,46,8,10,10
296,310405045,1048323,5,250557184,16384,46,8,10,10
296,310405045,1048323,6,275692544,65536,46,8,10,10
296,310405045,1048323,7,275741696,16384,46,8,10,10
296,310405045,1048323,8,276737536,65536,46,8,10,10
296,310405045,1048323,9,5759488,16384,39,7,10,10
296,310405045,1048323,10,64530688,16384,39,7,10,10
296,310405045,1048323,11,82362624,16384,39,7,10,10
297,311453368,1048121,0,258944000,16384,102,18,10,10
297,311453368,1048121,1,42968832,65536,87,15,10,10
297,311453368,1048121,2,43017984,16384,87,15,10,10
297,311453368,1048121,3,232704256,16384,87,15,10,10
297,311453368,1048121,4,235802112,65536,87,15,10,10
297,311453368,1048121,5,257355520,65536,87,15,10,10
297,311453368,1048121,6,257912832,16384,87,15,10,10
297,311453368,1048121,7,259476736,16384,87,15,10,10
297,311453368,1048121,8,260525824,16384,87,15,10,10
297,311453368,1048121,9,287819264,16384,87,15,10,10
297,311453368,1048121,10,304091136,16384,87,15,10,10
297,311453368,1048121,11,306213632,65536,87,15,10,10
298,312501489,1050336,0,258944000,16384,170,26,10,10
298,312501489,1050336,1,56115712,65536,96,14,10,10
298,312501489,1050336,2,62403072,65536,96,14,10,10
298,312501489,1050336,3,212266240,65536,96,14,10,10
298,312501489,1050336,4,223231744,65536,96,14,10,10
298,312501489,1050336,5,226376448,65536,96,14,10,10
298,312501489,1050336,6,245326848,65536,96,14,10,10
298,312501489,1050336,7,254771968,65536,96,14,10,10
298,312501489,1050336,8,258894848,65536,96,14,10,10
298,312501489,1050336,9,270447360,65536,96,14,10,10
298,312501489,1050336,10,270496512,16384,96,14,10,10
298,312501489,1050336,11,42968832,65536,74,12,10,10
299,313551825,1048713,0,42968832,65536,48,8,10,10
299,313551825,1048713,1,43017984,16384,48,8,10,10
299,313551825,1048713,2,232704256,16384,48,8,10,10
299,313551825,1048713,3,235802112,65536,48,8,10,10
299,313551825,1048713,4,257355520,65536,48,8,10,10
299,313551825,1048713,5,257912832,16384,48,8,10,10
299,313551825,1048713,6,258944000,16384,48,8,10,10
299,313551825,1048713,7,259476736,16384,48,8,10,10
299,313551825,1048713,8,260525824,16384,48,8,10,10
299,313551825,1048713,9,287819264,16384,48,8,10,10
299,313551825,1048713,10,304091136,16384,48,8,10,10
299,313551825,1048713,11,306213632,65536,48,8,10,10
300,314600538,1047272,0,314534912,65536,108,20,10,10
300,314600538,1047272,1,42968832,65536,71,13,10,10
300,314600538,1047272,2,43017984,16384,71,13,10,10
300,314600538,1047272,3,235802112,65536,71,13,10,10
300,314600538,1047272,4,257355520,65536,71,13,10,10
300,314600538,1047272,5,257912832,16384,71,13,10,10
300,314600538,1047272,6,258944000,16384,71,13,10,10
300,314600538,1047272,7,259476736,16384,71,13,10,10
300,314600538,1047272,8,260525824,16384,71,13,10,10
300,314600538,1047272,9,287819264,16384,71,13,10,10
300,314600538,1047272,10,304091136,16384,71,13,10,10
300,314600538,1047272,11,306213632,65536,71,13,10,10
301,315647810,1056973,0,258944000,16384,45,7,10,10
301,315647810,1056973,1,42508288,4096,42,10,10,10
301,315647810,1056973,2,143680512,4096,42,10,10,10
301,315647810,1056973,3,263175424,1024,25,7,10,10
301,315647810,1056973,4,90757632,4096,24,6,10,10
301,315647810,1056973,5,176164096,1024,24,6,10,10
301,315647810,1056973,6,177190400,4096,24,6,10,10
301,315647810,1056973,7,230104064,4096,24,6,10,10
301,315647810,1056973,8,42968832,65536,24,4,10,10
301,315647810,1056973,9,43017984,16384,24,4,10,10
301,315647810,1056973,10,235802112,65536,24,4,10,10
301,315647810,1056973,11,257355520,65536,24,4,10,10
302,316704783,1048305,0,258944000,16384,81,13,10,10
302,316704783,1048305,1,56115712,65536,42,6,10,10
302,316704783,1048305,2,62403072,65536,42,6,10,10
302,316704783,1048305,3,212266240,65536,42,6,10,10
302,316704783,1048305,4,223231744,65536,42,6,10,10
302,316704783,1048305,5,226376448,65536,42,6,10,10
302,316704783,1048305,6,245326848,65536,42,6,10,10
302,316704783,1048305,7,254771968,65536,42,6,10,10
302,316704783,1048305,8,258894848,65536,42,6,10,10
302,316704783,1048305,9,270447360,65536,42,6,10,10
302,316704783,1048305,10,270496512,16384,42,6,10,10
302,316704783,1048305,11,42968832,65536,39,7,10,10
303,317753088,1050608,0,56115712,65536,45,7,10,10
303,317753088,1050608,1,62403072,65536,45,7,10,10
303,317753088,1050608,2,212266240,65536,45,7,10,10
303,317753088,1050608,3,223231744,65536,45,7,10,10
303,317753088,1050608,4,226376448,65536,45,7,10,10
303,317753088,1050608,5,245326848,65536,45,7,10,10
303,317753088,1050608,6,254771968,65536,45,7,10,10
303,317753088,1050608,7,258894848,65536,45,7,10,10
303,317753088,1050608,8,258944000,16384,45,7,10,10
303,317753088,1050608,9,270447360,65536,45,7,10,10
303,317753088,1050608,10,270496512,16384,45,7,10,10
303,317753088,1050608,11,86021632,16384,24,4,10,10
304,318803696,1049520,0,143680512,4096,43,9,10,10
304,318803696,1049520,1,42508288,4096,30,6,10,10
304,318803696,1049520,2,258944000,16384,27,5,10,10
304,318803696,1049520,3,313018368,16384,24,4,10,10
304,318803696,1049520,4,5759488,16384,23,5,10,10
304,318803696,1049520,5,64530688,16384,23,5,10,10
304,318803696,1049520,6,66113280,4096,23,5,10,10
304,318803696,1049520,7,82362624,16384,23,5,10,10
304,318803696,1049520,8,102809600,4096,23,5,10,10
304,318803696,1049520,9,143152128,16384,23,5,10,10
304,318803696,1049520,10,208625920,4096,23,5,10,10
304,318803696,1049520,11,243223040,256,23,5,10,10
305,319853216,1046932,0,143680512,4096,29,7,10,10
305,319853216,1046932,1,42508288,4096,25,5,10,10
305,319853216,1046932,2,98619904,65536,25,5,10,10
305,319853216,1046932,3,110650368,65536,25,5,10,10
305,319853216,1046932,4,312435712,65536,25,5,10,10
305,319853216,1046932,5,312484864,16384,25,5,10,10
305,319853216,1046932,6,82830080,65536,21,3,10,10
305,319853216,1046932,7,67686144,1024,19,9,10,10
305,319853216,1046932,8,90757632,4096,15,3,10,10
305,319853216,1046932,9,176164096,1024,15,3,10,10
305,319853216,1046932,10,177190400,4096,15,3,10,10
305,319853216,1046932,11,230104064,4096,15,3,10,10
306,320900148,1048934,0,121119232,65536,71,13,9,9
306,320900148,1048934,1,173025280,65536,50,10,9,9
306,320900148,1048934,2,16797952,4096,38,8,9,9
306,320900148,1048934,3,121671680,4096,33,7,9,9
306,320900148,1048934,4,13641728,16384,29,5,9,9
306,320900148,1048934,5,1048320,65536,28,6,9,9
306,320900148,1048934,6,1540096,65536,28,6,9,9
306,320900148,1048934,7,2097920,16384,28,6,9,9
306,320900148,1048934,8,4129792,65536,28,6,9,9
306,320900148,1048934,9,120628224,4096,28,6,9,9
306,320900148,1048934,10,146842112,4096,28,6,9,9
306,320900148,1048934,11,159930880,4096,28,6,9,9
307,321949082,1048671,0,1048320,65536,52,10,9,9
307,321949082,1048671,1,1540096,65536,52,10,9,9
307,321949082,1048671,2,2097920,16384,52,10,9,9
307,321949082,1048671,3,4129792,65536,52,10,9,9
307,321949082,1048671,4,166741248,4096,52,10,9,9
307,321949082,1048671,5,171420416,65536,52,10,9,9
307,321949082,1048671,6,175045632,65536,52,10,9,9
307,321949082,1048671,7,178227200,16384,52,10,9,9
307,321949082,1048671,8,305098496,65536,52,10,9,9
307,321949082,1048671,9,16797952,4096,42,10,9,9
307,321949082,1048671,10,13641728,16384,35,7,9,9
307,321949082,1048671,11,272595968,16384,35,7,9,9
308,322997753,1041930,0,228518144,16384,60,10,0,0
308,322997753,1041930,1,229057536,4096,37,9,0,0
308,322997753,1041930,2,228534784,65536,21,3,0,0
309,324039683,1045659,0,228518144,16384,49,9,0,0
309,324039683,1045659,1,323510528,16384,49,9,0,0
309,324039683,1045659,2,229057536,4096,23,5,0,0
309,324039683,1045659,3,323485952,65536,21,3,0,0
310,325085342,1046292,0,258944000,16384,72,12,10,10
310,325085342,1046292,1,276802048,1024,65,15,10,10
310,325085342,1046292,2,42968832,65536,51,9,10,10
310,325085342,1046292,3,43017984,16384,51,9,10,10
310,325085342,1046292,4,235802112,65536,51,9,10,10
310,325085342,1046292,5,257355520,65536,51,9,10,10
310,325085342,1046292,6,257912832,16384,51,9,10,10
310,325085342,1046292,7,259476736,16384,51,9,10,10
310,325085342,1046292,8,260525824,16384,51,9,10,10
310,325085342,1046292,9,287819264,16384,51,9,10,10
310,325085342,1046292,10,304091136,16384,51,9,10,10
310,325085342,1046292,11,306213632,65536,51,9,10,10
311,326131634,1050057,0,228518144,16384,60,10,0,0
311,326131634,1050057,1,323510528,16384,60,10,0,0
311,326131634,1050057,2,228534784,65536,21,3,0,0
311,326131634,1050057,3,322997760,65536,21,3,0,0
311,326131634,1050057,4,325019648,65536,21,3,0,0
311,326131634,1050057,5,325068800,16384,21,3,0,0
311,326131634,1050057,6,229057536,4096,14,4,0,0
311,326131634,1050057,7,324561920,1024,3,1,0,0
311,326131634,1050057,8,324562432,256,3,1,0,0
312,327181691,1047663,0,258944000,16384,72,14,10,10
312,327181691,1047663,1,42508288,4096,63,13,10,10
312,327181691,1047663,2,42968832,65536,60,12,10,10
312,327181691,1047663,3,43017984,16384,60,12,10,10
312,327181691,1047663,4,235802112,65536,60,12,10,10
312,327181691,1047663,5,257355520,65536,60,12,10,10
312,327181691,1047663,6,257912832,16384,60,12,10,10
312,327181691,1047663,7,259476736,16384,60,12,10,10
312,327181691,1047663,8,260525824,16384,60,12,10,10
312,327181691,1047663,9,287819264,16384,60,12,10,10
312,327181691,1047663,10,304091136,16384,60,12,10,10
312,327181691,1047663,11,306213632,65536,60,12,10,10
313,328229354,1063245,0,327165184,16384,81,13,0,0
313,328229354,1063245,1,228518144,16384,57,9,0,0
313,328229354,1063245,2,323510528,16384,57,9,0,0
313,328229354,1063245,3,326131712,65536,57,9,0,0
313,328229354,1063245,4,228534784,65536,24,4,0,0
313,328229354,1063245,5,322997760,65536,24,4,0,0
313,328229354,1063245,6,325019648,65536,24,4,0,0
313,328229354,1063245,7,325068800,16384,24,4,0,0
313,328229354,1063245,8,229057536,4096,18,4,0,0
313,328229354,1063245,9,326648320,16384,12,2,0,0
313,328229354,1063245,10,324561920,1024,1,1,0,0
313,328229354,1063245,11,327177472,4096,57,9,0,0
314,329292599,1047152,0,1048320,65536,90,14,9,9
314,329292599,1047152,1,1540096,65536,90,14,9,9
314,329292599,1047152,2,2097920,16384,90,14,9,9
314,329292599,1047152,3,4129792,65536,90,14,9,9
314,329292599,1047152,4,166741248,4096,90,14,9,9
314,329292599,1047152,5,171420416,65536,90,14,9,9
314,329292599,1047152,6,175045632,65536,90,14,9,9
314,329292599,1047152,7,178227200,16384,90,14,9,9
314,329292599,1047152,8,305098496,65536,90,14,9,9
314,329292599,1047152,9,13641728,16384,57,9,9,9
314,329292599,1047152,10,16797952,4096,46,10,9,9
314,329292599,1047152,11,3080960,65536,45,7,9,9
315,330339751,1048265,0,143680512,4096,49,11,10,10
315,330339751,1048265,1,42508288,4096,46,10,10,10
315,330339751,1048265,2,42968832,65536,37,7,10,10
315,330339751,1048265,3,43017984,16384,37,7,10,10
315,330339751,1048265,4,257355520,65536,37,7,10,10
315,330339751,1048265,5,257912832,16384,37,7,10,10
315,330339751,1048265,6,258944000,16384,37,7,10,10
315,330339751,1048265,7,259476736,16384,37,7,10,10
315,330339751,1048265,8,260525824,16384,37,7,10,10
315,330339751,1048265,9,287819264,16384,37,7,10,10
315,330339751,1048265,10,304091136,16384,37,7,10,10
315,330339751,1048265,11,306213632,65536,37,7,10,10
316,331388016,1052723,0,228518144,16384,63,11,0,0
316,331388016,1052723,1,323510528,16384,63,11,0,0
316,331388016,1052723,2,326131712,65536,63,11,0,0
316,331388016,1052723,3,327165184,16384,63,11,0,0
316,331388016,1052723,4,229057536,4096,30,6,0,0
316,331388016,1052723,5,324561920,1024,3,1,0,0
316,331388016,1052723,6,328229376,256,1,1,0,0
316,331388016,1052723,7,327177472,4096,63,11,0,0
316,331388016,1052723,8,326131712,256,10,4,0,0
316,331388016,1052723,9,326131712,1024,10,4,0,0
316,331388016,1052723,10,326131712,4096,10,4,0,0
316,331388016,1052723,11,324562432,256,3,1,0,0
317,332440739,1039971,0,42968832,65536,51,9,10,10
317,332440739,1039971,1,43017984,16384,51,9,10,10
317,332440739,1039971,2,257355520,65536,51,9,10,10
317,332440739,1039971,3,257912832,16384,51,9,10,10
317,332440739,1039971,4,258944000,16384,51,9,10,10
317,332440739,1039971,5,259476736,16384,51,9,10,10
317,332440739,1039971,6,260525824,16384,51,9,10,10
317,332440739,1039971,7,287819264,16384,51,9,10,10
317,332440739,1039971,8,304091136,16384,51,9,10,10
317,332440739,1039971,9,306213632,65536,51,9,10,10
317,332440739,1039971,10,314534912,65536,51,9,10,10
317,332440739,1039971,11,327181824,16384,51,9,10,10
318,333480710,1049155,0,143680512,4096,48,10,10,10
318,333480710,1049155,1,86021632,16384,36,6,10,10
318,333480710,1049155,2,127956224,1024,36,6,10,10
318,333480710,1049155,3,276786688,16384,36,6,10,10
318,333480710,1049155,4,42508288,4096,35,7,10,10
318,333480710,1049155,5,66113280,4096,28,6,10,10
318,333480710,1049155,6,243223040,256,28,6,10,10
318,333480710,1049155,7,257912832,4096,28,6,10,10
318,333480710,1049155,8,42968832,65536,24,4,10,10
318,333480710,1049155,9,43017984,16384,24,4,10,10
318,333480710,1049155,10,94411520,16384,24,4,10,10
318,333480710,1049155,11,257355520,65536,24,4,10,10
319,334529865,1047954,0,42968832,65536,84,14,10,10
319,334529865,1047954,1,43017984,16384,84,14,10,10
319,334529865,1047954,2,257355520,65536,84,14,10,10
319,334529865,1047954,3,257912832,16384,84,14,10,10
319,334529865,1047954,4,258944000,16384,84,14,10,10
319,334529865,1047954,5,259476736,16384,84,14,10,10
319,334529865,1047954,6,260525824,16384,84,14,10,10
319,334529865,1047954,7,287819264,16384,84,14,10,10
319,334529865,1047954,8,304091136,16384,84,14,10,10
319,334529865,1047954,9,306213632,65536,84,14,10,10
319,334529865,1047954,10,314534912,65536,84,14,10,10
319,334529865,1047954,11,327181824,16384,84,14,10,10
320,335577819,1043567,0,259476736,16384,81,17,10,10
320,335577819,1043567,1,42968832,65536,73,15,10,10
320,335577819,1043567,2,43017984,16384,73,15,10,10
320,335577819,1043567,3,257355520,65536,73,15,10,10
320,335577819,1043567,4,257912832,16384,73,15,10,10
320,335577819,1043567,5,258944000,16384,73,15,10,10
320,335577819,1043567,6,260525824,16384,73,15,10,10
320,335577819,1043567,7,287819264,16384,73,15,10,10
320,335577819,1043567,8,304091136,16384,73,15,10,10
320,335577819,1043567,9,306213632,65536,73,15,10,10
320,335577819,1043567,10,314534912,65536,73,15,10,10
320,335577819,1043567,11,327181824,16384,73,15,10,10
321,336621386,1050766,0,228518144,16384,48,8,0,0
321,336621386,1050766,1,323510528,16384,48,8,0,0
321,336621386,1050766,2,326131712,65536,48,8,0,0
321,336621386,1050766,3,327165184,16384,48,8,0,0
321,336621386,1050766,4,229057536,4096,23,5,0,0
321,336621386,1050766,5,324561920,1024,3,1,0,0
321,336621386,1050766,6,327177472,4096,48,8,0,0
321,336621386,1050766,7,324562432,256,3,1,0,0
322,337672152,1046807,0,258944000,16384,50,8,10,10
322,337672152,1046807,1,56115712,65536,42,6,10,10
322,337672152,1046807,2,62403072,65536,42,6,10,10
322,337672152,1046807,3,223231744,65536,42,6,10,10
322,337672152,1046807,4,226376448,65536,42,6,10,10
322,337672152,1046807,5,245326848,65536,42,6,10,10
322,337672152,1046807,6,254771968,65536,42,6,10,10
322,337672152,1046807,7,258894848,65536,42,6,10,10
322,337672152,1046807,8,270447360,65536,42,6,10,10
322,337672152,1046807,9,270496512,16384,42,6,10,10
322,337672152,1046807,10,327181824,65536,42,6,10,10
322,337672152,1046807,11,5759488,16384,24,4,10,10
323,338718959,1044495,0,258944000,16384,138,22,10,10
323,338718959,1044495,1,42968832,65536,75,13,10,10
323,338718959,1044495,2,43017984,16384,75,13,10,10
323,338718959,1044495,3,257912832,16384,75,13,10,10
323,338718959,1044495,4,259476736,16384,75,13,10,10
323,338718959,1044495,5,260525824,16384,75,13,10,10
323,338718959,1044495,6,287819264,16384,75,13,10,10
323,338718959,1044495,7,304091136,16384,75,13,10,10
323,338718959,1044495,8,306213632,65536,75,13,10,10
323,338718959,1044495,9,314534912,65536,75,13,10,10
323,338718959,1044495,10,327181824,16384,75,13,10,10
323,338718959,1044495,11,338187264,16384,75,13,10,10
324,339763454,1045033,0,258944000,16384,85,15,10,10
324,339763454,1045033,1,42968832,65536,43,9,10,10
324,339763454,1045033,2,43017984,16384,43,9,10,10
324,339763454,1045033,3,257912832,16384,43,9,10,10
324,339763454,1045033,4,259476736,16384,43,9,10,10
324,339763454,1045033,5,260525824,16384,43,9,10,10
324,339763454,1045033,6,287819264,16384,43,9,10,10
324,339763454,1045033,7,304091136,16384,43,9,10,10
324,339763454,1045033,8,306213632,65536,43,9,10,10
324,339763454,1045033,9,314534912,65536,43,9,10,10
324,339763454,1045033,10,327181824,16384,43,9,10,10
324,339763454,1045033,11,338187264,16384,43,9,10,10
325,340808487,1068324,0,258944000,16384,112,20,10,10
325,340808487,1068324,1,338187264,16384,94,18,10,10
325,340808487,1068324,2,42968832,65536,79,15,10,10
325,340808487,1068324,3,43017984,16384,79,15,10,10
325,340808487,1068324,4,257912832,16384,79,15,10,10
325,340808487,1068324,5,259476736,16384,79,15,10,10
325,340808487,1068324,6,260525824,16384,79,15,10,10
325,340808487,1068324,7,287819264,16384,79,15,10,10
325,340808487,1068324,8,304091136,16384,79,15,10,10
325,340808487,1068324,9,306213632,65536,79,15,10,10
325,340808487,1068324,10,314534912,65536,79,15,10,10
325,340808487,1068324,11,327181824,16384,79,15,10,10
326,341876811,1050510,0,42968832,65536,87,15,10,10
326,341876811,1050510,1,43017984,16384,87,15,10,10
326,341876811,1050510,2,257912832,16384,87,15,10,10
326,341876811,1050510,3,258944000,16384,87,15,10,10
326,341876811,1050510,4,259476736,16384,87,15,10,10
326,341876811,1050510,5,260525824,16384,87,15,10,10
326,341876811,1050510,6,287819264,16384,87,15,10,10
326,341876811,1050510,7,304091136,16384,87,15,10,10
326,341876811,1050510,8,306213632,65536,87,15,10,10
326,341876811,1050510,9,314534912,65536,87,15,10,10
326,341876811,1050510,10,327181824,16384,87,15,10,10
326,341876811,1050510,11,338187264,16384,87,15,10,10
327,342927321,1047836,0,258944000,16384,81,13,10,10
327,342927321,1047836,1,42508288,4096,59,13,10,10
327,342927321,1047836,2,338187264,16384,48,8,10,10
327,342927321,1047836,3,56115712,65536,45,7,10,10
327,342927321,1047836,4,62403072,65536,45,7,10,10
327,342927321,1047836,5,223231744,65536,45,7,10,10
327,342927321,1047836,6,226376448,65536,45,7,10,10
327,342927321,1047836,7,245326848,65536,45,7,10,10
327,342927321,1047836,8,254771968,65536,45,7,10,10
327,342927321,1047836,9,258894848,65536,45,7,10,10
327,342927321,1047836,10,270447360,65536,45,7,10,10
327,342927321,1047836,11,270496512,16384,45,7,10,10
328,343975157,1042296,0,42508288,4096,51,11,10,10
328,343975157,1042296,1,143680512,4096,51,11,10,10
328,343975157,1042296,2,338187264,16384,44,8,10,10
328,343975157,1042296,3,263175424,1024,36,8,10,10
328,343975157,1042296,4,90757632,4096,33,7,10,10
328,343975157,1042296,5,176164096,1024,33,7,10,10
328,343975157,1042296,6,177190400,4096,33,7,10,10
328,343975157,1042296,7,230104064,4096,33,7,10,10
328,343975157,1042296,8,42968832,65536,32,6,10,10
328,343975157,1042296,9,43017984,16384,32,6,10,10
328,343975157,1042296,10,258944000,16384,32,6,10,10
328,343975157,1042296,11,259476736,16384,32,6,10,10
329,345017453,1048200,0,1048320,65536,54,10,9,9
329,345017453,1048200,1,1540096,65536,54,10,9,9
329,345017453,1048200,2,2097920,16384,54,10,9,9
329,345017453,1048200,3,4129792,65536,54,10,9,9
329,345017453,1048200,4,166741248,4096,54,10,9,9
329,345017453,1048200,5,171420416,65536,54,10,9,9
329,345017453,1048200,6,175045632,65536,54,10,9,9
329,345017453,1048200,7,178227200,16384,54,10,9,9
329,345017453,1048200,8,305098496,65536,54,10,9,9
329,345017453,1048200,9,121671680,4096,39,9,9,9
329,345017453,1048200,10,16797952,4096,28,6,9,9
329,345017453,1048200,11,165691136,1024,27,7,9,9
330,346065653,1018320,0,345013248,4096,61,11,10,10
330,346065653,1018320,1,338187264,16384,53,9,10,10
330,346065653,1018320,2,42508288,4096,38,8,10,10
330,346065653,1018320,3,42968832,65536,36,6,10,10
330,346065653,1018320,4,43017984,16384,36,6,10,10
330,346065653,1018320,5,260525824,16384,36,6,10,10
330,346065653,1018320,6,287819264,16384,36,6,10,10
330,346065653,1018320,7,304091136,16384,36,6,10,10
330,346065653,1018320,8,306213632,65536,36,6,10,10
330,346065653,1018320,9,314534912,65536,36,6,10,10
330,346065653,1018320,10,327181824,16384,36,6,10,10
330,346065653,1018320,11,342910720,16384,36,6,10,10
331,347083973,1049225,0,345013248,4096,66,12,10,10
331,347083973,1049225,1,338187264,16384,59,11,10,10
331,347083973,1049225,2,42968832,65536,51,9,10,10
331,347083973,1049225,3,43017984,16384,51,9,10,10
331,347083973,1049225,4,260525824,16384,51,9,10,10
331,347083973,1049225,5,287819264,16384,51,9,10,10
331,347083973,1049225,6,304091136,16384,51,9,10,10
331,347083973,1049225,7,306213632,65536,51,9,10,10
331,347083973,1049225,8,314534912,65536,51,9,10,10
331,347083973,1049225,9,327181824,16384,51,9,10,10
331,347083973,1049225,10,342910720,16384,51,9,10,10
331,347083973,1049225,11,143680512,4096,33,7,10,10
332,348133198,1044800,0,42508288,4096,51,11,10,10
332,348133198,1044800,1,338187264,16384,49,9,10,10
332,348133198,1044800,2,43556352,4096,36,8,10,10
332,348133198,1044800,3,53000448,4096,36,8,10,10
332,348133198,1044800,4,70309120,4096,36,8,10,10
332,348133198,1044800,5,143158272,4096,36,8,10,10
332,348133198,1044800,6,203385344,4096,36,8,10,10
332,348133198,1044800,7,229584640,4096,36,8,10,10
332,348133198,1044800,8,234820096,4096,36,8,10,10
332,348133198,1044800,9,266841600,4096,36,8,10,10
332,348133198,1044800,10,293093888,4096,36,8,10,10
332,348133198,1044800,11,346572544,4096,36,8,10,10
333,349177998,1051992,0,1048320,65536,52,8,9,9
333,349177998,1051992,1,1540096,65536,52,8,9,9
333,349177998,1051992,2,2097920,16384,52,8,9,9
333,349177998,1051992,3,4129792,65536,52,8,9,9
333,349177998,1051992,4,166741248,4096,52,8,9,9
333,349177998,1051992,5,171420416,65536,52,8,9,9
333,349177998,1051992,6,175045632,65536,52,8,9,9
333,349177998,1051992,7,178227200,16384,52,8,9,9
333,349177998,1051992,8,305098496,65536,52,8,9,9
333,349177998,1051992,9,16797952,4096,29,7,9,9
333,349177998,1051992,10,121671680,4096,29,7,9,9
333,349177998,1051992,11,16271616,4096,19,5,9,9
334,350229990,1047914,0,143680512,4096,36,8,10,10
334,350229990,1047914,1,345013248,4096,30,6,10,10
334,350229990,1047914,2,42508288,4096,27,7,10,10
334,350229990,1047914,3,57165568,65536,21,3,10,10
334,350229990,1047914,4,66604800,65536,21,3,10,10
334,350229990,1047914,5,250016768,65536,21,3,10,10
334,350229990,1047914,6,250508032,65536,21,3,10,10
334,350229990,1047914,7,250557184,16384,21,3,10,10
334,350229990,1047914,8,275692544,65536,21,3,10,10
334,350229990,1047914,9,275741696,16384,21,3,10,10
334,350229990,1047914,10,276737536,65536,21,3,10,10
334,350229990,1047914,11,312993792,65536,21,3,10,10
335,351277904,1048299,0,345013248,4096,91,17,10,10
335,351277904,1048299,1,42508288,4096,66,16,10,10
335,351277904,1048299,2,42968832,65536,64,10,10,10
335,351277904,1048299,3,43017984,16384,64,10,10,10
335,351277904,1048299,4,260525824,16384,64,10,10,10
335,351277904,1048299,5,287819264,16384,64,10,10,10
335,351277904,1048299,6,304091136,16384,64,10,10,10
335,351277904,1048299,7,306213632,65536,64,10,10,10
335,351277904,1048299,8,314534912,65536,64,10,10,10
335,351277904,1048299,9,327181824,16384,64,10,10,10
335,351277904,1048299,10,338187264,16384,64,10,10,10
335,351277904,1048299,11,342910720,16384,64,10,10,10
336,352326203,1057085,0,345013248,4096,49,9,10,10
336,352326203,1057085,1,338187264,16384,48,8,10,10
336,352326203,1057085,2,42968832,65536,36,6,10,10
336,352326203,1057085,3,43017984,16384,36,6,10,10
336,352326203,1057085,4,260525824,16384,36,6,10,10
336,352326203,1057085,5,287819264,16384,36,6,10,10
336,352326203,1057085,6,304091136,16384,36,6,10,10
336,352326203,1057085,7,306213632,65536,36,6,10,10
336,352326203,1057085,8,314534912,65536,36,6,10,10
336,352326203,1057085,9,327181824,16384,36,6,10,10
336,352326203,1057085,10,342910720,16384,36,6,10,10
336,352326203,1057085,11,143680512,4096,26,6,10,10
337,353383288,1041599,0,73457664,4096,18,4,6,6
337,353383288,1041599,1,104910592,4096,18,4,6,6
337,353383288,1041599,2,40937216,16384,12,2,6,6
337,353383288,1041599,3,46694144,16384,12,2,6,6
337,353383288,1041599,4,48260352,16384,12,2,6,6
337,353383288,1041599,5,117424640,65536,12,2,6,6
337,353383288,1041599,6,118538752,16384,12,2,6,6
337,353383288,1041599,7,216999424,16384,12,2,6,6
337,353383288,1041599,8,218046720,16384,12,2,6,6
337,353383288,1041599,9,240064768,65536,12,2,6,6
337,353383288,1041599,10,250573824,16384,12,2,6,6
337,353383288,1041599,11,277295872,65536,12,2,6,6
338,354424887,1061207,0,42968832,65536,12,2,10,10
338,354424887,1061207,1,43017984,16384,12,2,10,10
338,354424887,1061207,2,260525824,16384,12,2,10,10
338,354424887,1061207,3,287819264,16384,12,2,10,10
338,354424887,1061207,4,304091136,16384,12,2,10,10
338,354424887,1061207,5,306213632,65536,12,2,10,10
338,354424887,1061207,6,314534912,65536,12,2,10,10
338,354424887,1061207,7,327181824,16384,12,2,10,10
338,354424887,1061207,8,338187264,16384,12,2,10,10
338,354424887,1061207,9,342910720,16384,12,2,10,10
338,354424887,1061207,10,345000960,16384,12,2,10,10
338,354424887,1061207,11,66113280,4096,5,1,10,10
339,355486094,1048877,0,40937216,16384,45,7,6,6
339,355486094,1048877,1,46694144,16384,45,7,6,6
339,355486094,1048877,2,48260352,16384,45,7,6,6
339,355486094,1048877,3,117424640,65536,45,7,6,6
339,355486094,1048877,4,118538752,16384,45,7,6,6
339,355486094,1048877,5,216999424,16384,45,7,6,6
339,355486094,1048877,6,218046720,16384,45,7,6,6
339,355486094,1048877,7,240064768,65536,45,7,6,6
339,355486094,1048877,8,250573824,16384,45,7,6,6
339,355486094,1048877,9,277295872,65536,45,7,6,6
339,355486094,1048877,10,296765440,65536,45,7,6,6
339,355486094,1048877,11,298798848,65536,45,7,6,6
340,356534971,1049268,0,338187264,16384,48,8,10,10
340,356534971,1049268,1,345013248,4096,37,7,10,10
340,356534971,1049268,2,42508288,4096,36,8,10,10
340,356534971,1049268,3,276802048,1024,30,6,10,10
340,356534971,1049268,4,143680512,4096,27,7,10,10
340,356534971,1049268,5,42968832,65536,24,4,10,10
340,356534971,1049268,6,43017984,16384,24,4,10,10
340,356534971,1049268,7,86021632,16384,24,4,10,10
340,356534971,1049268,8,127956224,1024,24,4,10,10
340,356534971,1049268,9,260525824,16384,24,4,10,10
340,356534971,1049268,10,287819264,16384,24,4,10,10
340,356534971,1049268,11,304091136,16384,24,4,10,10
341,357584239,1044338,0,345013248,4096,41,9,10,10
341,357584239,1044338,1,57165568,65536,33,5,10,10
341,357584239,1044338,2,66604800,65536,33,5,10,10
341,357584239,1044338,3,250016768,65536,33,5,10,10
341,357584239,1044338,4,250508032,65536,33,5,10,10
341,357584239,1044338,5,250557184,16384,33,5,10,10
341,357584239,1044338,6,275692544,65536,33,5,10,10
341,357584239,1044338,7,275741696,16384,33,5,10,10
341,357584239,1044338,8,276737536,65536,33,5,10,10
341,357584239,1044338,9,312993792,65536,33,5,10,10
341,357584239,1044338,10,334530048,65536,33,5,10,10
341,357584239,1044338,11,143680512,4096,27,7,10,10
342,358628577,1049845,0,107529728,1024,18,4,6,6
342,358628577,1049845,1,219625216,16384,15,3,6,6
342,358628577,1049845,2,40937216,16384,12,2,6,6
342,358628577,1049845,3,46694144,16384,12,2,6,6
342,358628577,1049845,4,48260352,16384,12,2,6,6
342,358628577,1049845,5,117424640,65536,12,2,6,6
342,358628577,1049845,6,118538752,16384,12,2,6,6
342,358628577,1049845,7,216999424,16384,12,2,6,6
342,358628577,1049845,8,218046720,16384,12,2,6,6
342,358628577,1049845,9,237961728,16384,12,2,6,6
342,358628577,1049845,10,240064768,65536,12,2,6,6
342,358628577,1049845,11,250573824,16384,12,2,6,6
343,359678422,1054601,0,143680512,4096,25,5,10,10
343,359678422,1054601,1,93870848,65536,21,3,10,10
343,359678422,1054601,2,66113280,4096,20,4,10,10
343,359678422,1054601,3,243223040,256,20,4,10,10
343,359678422,1054601,4,257912832,4096,20,4,10,10
343,359678422,1054601,5,276802048,1024,15,3,10,10
343,359678422,1054601,6,86021632,16384,12,2,10,10
343,359678422,1054601,7,127956224,1024,12,2,10,10
343,359678422,1054601,8,337672192,16384,12,2,10,10
343,359678422,1054601,9,338187264,16384,12,2,10,10
343,359678422,1054601,10,42508288,4096,10,2,10,10
343,359678422,1054601,11,43556352,4096,5,1,10,10
344,360733023,1048107,0,42508288,4096,31,7,10,10
344,360733023,1048107,1,43556352,4096,23,5,10,10
344,360733023,1048107,2,53000448,4096,23,5,10,10
344,360733023,1048107,3,70309120,4096,23,5,10,10
344,360733023,1048107,4,143158272,4096,23,5,10,10
344,360733023,1048107,5,203385344,4096,23,5,10,10
344,360733023,1048107,6,229584640,4096,23,5,10,10
344,360733023,1048107,7,234820096,4096,23,5,10,10
344,360733023,1048107,8,266841600,4096,23,5,10,10
344,360733023,1048107,9,293093888,4096,23,5,10,10
344,360733023,1048107,10,346572544,4096,23,5,10,10
344,360733023,1048107,11,350230016,256,13,3,10,10
345,361781130,1038604,0,121671680,4096,60,14,9,9
345,361781130,1038604,1,13641728,16384,59,9,9,9
345,361781130,1038604,2,3080960,65536,54,8,9,9
345,361781130,1038604,3,178243840,16384,54,8,9,9
345,361781130,1038604,4,179786752,65536,54,8,9,9
345,361781130,1038604,5,180343296,65536,54,8,9,9
345,361781130,1038604,6,182438400,65536,54,8,9,9
345,361781130,1038604,7,182929664,65536,54,8,9,9
345,361781130,1038604,8,183421184,65536,54,8,9,9
345,361781130,1038604,9,196540416,65536,54,8,9,9
345,361781130,1038604,10,196564992,16384,54,8,9,9
345,361781130,1038604,11,165691136,1024,39,9,9,9
346,362819734,1047685,0,345013248,4096,95,19,10,10
346,362819734,1047685,1,338187264,16384,75,13,10,10
346,362819734,1047685,2,143680512,4096,61,15,10,10
346,362819734,1047685,3,42508288,4096,52,12,10,10
346,362819734,1047685,4,42968832,65536,48,8,10,10
346,362819734,1047685,5,43017984,16384,48,8,10,10
346,362819734,1047685,6,304091136,16384,48,8,10,10
346,362819734,1047685,7,306213632,65536,48,8,10,10
346,362819734,1047685,8,314534912,65536,48,8,10,10
346,362819734,1047685,9,327181824,16384,48,8,10,10
346,362819734,1047685,10,342910720,16384,48,8,10,10
346,362819734,1047685,11,357584384,65536,48,8,10,10
347,363867419,1046794,0,42508288,4096,29,7,10,10
347,363867419,1046794,1,345013248,4096,25,5,10,10
347,363867419,1046794,2,363335424,16384,24,4,10,10
347,363867419,1046794,3,143680512,4096,23,5,10,10
347,363867419,1046794,4,56674048,65536,21,3,10,10
347,363867419,1046794,5,58214912,65536,21,3,10,10
347,363867419,1046794,6,87579392,65536,21,3,10,10
347,363867419,1046794,7,230073344,65536,21,3,10,10
347,363867419,1046794,8,43556352,4096,16,4,10,10
347,363867419,1046794,9,53000448,4096,16,4,10,10
347,363867419,1046794,10,70309120,4096,16,4,10,10
347,363867419,1046794,11,143158272,4096,16,4,10,10
348,364914213,1049699,0,345013248,4096,106,20,10,10
348,364914213,1049699,1,357584384,65536,99,17,10,10
348,364914213,1049699,2,363867648,4096,96,18,10,10
348,364914213,1049699,3,42968832,65536,78,14,10,10
348,364914213,1049699,4,43017984,16384,78,14,10,10
348,364914213,1049699,5,314534912,65536,78,14,10,10
348,364914213,1049699,6,327181824,16384,78,14,10,10
348,364914213,1049699,7,338187264,16384,78,14,10,10
348,364914213,1049699,8,342910720,16384,78,14,10,10
348,364914213,1049699,9,360172800,65536,78,14,10,10
348,364914213,1049699,10,42508288,4096,46,10,10,10
348,364914213,1049699,11,56115712,65536,37,5,10,10
349,365963912,1044354,0,345013248,4096,93,19,10,10
349,365963912,1044354,1,357584384,65536,88,16,10,10
349,365963912,1044354,2,363867648,4096,85,17,10,10
349,365963912,1044354,3,338187264,16384,72,14,10,10
349,365963912,1044354,4,42968832,65536,67,13,10,10
349,365963912,1044354,5,43017984,16384,67,13,10,10
349,365963912,1044354,6,314534912,65536,67,13,10,10
349,365963912,1044354,7,327181824,16384,67,13,10,10
349,365963912,1044354,8,342910720,16384,67,13,10,10
349,365963912,1044354,9,360172800,65536,67,13,10,10
349,365963912,1044354,10,42508288,4096,44,10,10,10
349,365963912,1044354,11,143680512,4096,40,10,10,10
350,367008266,1045634,0,143680512,4096,38,8,10,10
350,367008266,1045634,1,363867648,4096,34,8,10,10
350,367008266,1045634,2,345013248,4096,31,7,10,10
350,367008266,1045634,3,66113280,4096,28,6,10,10
350,367008266,1045634,4,243223040,256,28,6,10,10
350,367008266,1045634,5,257912832,4096,28,6,10,10
350,367008266,1045634,6,361776896,4096,28,6,10,10
350,367008266,1045634,7,99601408,65536,24,4,10,10
350,367008266,1045634,8,252137984,16384,24,4,10,10
350,367008266,1045634,9,42508288,4096,23,5,10,10
350,367008266,1045634,10,42968832,65536,21,5,10,10
350,367008266,1045634,11,43017984,16384,21,5,10,10
351,368053900,1048483,0,363867648,4096,94,18,10,10
351,368053900,1048483,1,345013248,4096,86,16,10,10
351,368053900,1048483,2,338187264,16384,68,12,10,10
351,368053900,1048483,3,42968832,65536,63,11,10,10
351,368053900,1048483,4,43017984,16384,63,11,10,10
351,368053900,1048483,5,314534912,65536,63,11,10,10
351,368053900,1048483,6,327181824,16384,63,11,10,10
351,368053900,1048483,7,342910720,16384,63,11,10,10
351,368053900,1048483,8,357584384,65536,63,11,10,10
351,368053900,1048483,9,360172800,65536,63,11,10,10
351,368053900,1048483,10,42508288,4096,54,12,10,10
351,368053900,1048483,11,143680512,4096,34,8,10,10
352,369102383,1039028,0,345013248,4096,37,7,10,10
352,369102383,1039028,1,363867648,4096,37,7,10,10
352,369102383,1039028,2,338187264,16384,36,6,10,10
352,369102383,1039028,3,5759488,16384,27,5,10,10
352,369102383,1039028,4,64530688,16384,27,5,10,10
352,369102383,1039028,5,82362624,16384,27,5,10,10
352,369102383,1039028,6,102809600,4096,27,5,10,10
352,369102383,1039028,7,143152128,16384,27,5,10,10
352,369102383,1039028,8,208625920,4096,27,5,10,10
352,369102383,1039028,9,343958528,16384,27,5,10,10
352,369102383,1039028,10,42508288,4096,26,6,10,10
352,369102383,1039028,11,42968832,65536,24,4,10,10
353,370141411,1044038,0,345013248,4096,64,16,10,10
353,370141411,1044038,1,56115712,65536,63,9,10,10
353,370141411,1044038,2,62403072,65536,63,9,10,10
353,370141411,1044038,3,226376448,65536,63,9,10,10
353,370141411,1044038,4,245326848,65536,63,9,10,10
353,370141411,1044038,5,254771968,65536,63,9,10,10
353,370141411,1044038,6,258894848,65536,63,9,10,10
353,370141411,1044038,7,258944000,16384,63,9,10,10
353,370141411,1044038,8,270447360,65536,63,9,10,10
353,370141411,1044038,9,270496512,16384,63,9,10,10
353,370141411,1044038,10,327181824,65536,63,9,10,10
353,370141411,1044038,11,343909376,65536,63,9,10,10
354,371185449,1028861,0,40937216,16384,55,11,6,6
354,371185449,1028861,1,46694144,16384,55,11,6,6
354,371185449,1028861,2,48260352,16384,55,11,6,6
354,371185449,1028861,3,117424640,65536,55,11,6,6
354,371185449,1028861,4,118538752,16384,55,11,6,6
354,371185449,1028861,5,216999424,16384,55,11,6,6
354,371185449,1028861,6,218046720,16384,55,11,6,6
354,371185449,1028861,7,240064768,65536,55,11,6,6
354,371185449,1028861,8,250573824,16384,55,11,6,6
354,371185449,1028861,9,277295872,65536,55,11,6,6
354,371185449,1028861,10,296765440,65536,55,11,6,6
354,371185449,1028861,11,298798848,65536,55,11,6,6
355,372214310,1040341,0,40937216,16384,24,4,6,6
355,372214310,1040341,1,46694144,16384,24,4,6,6
355,372214310,1040341,2,48260352,16384,24,4,6,6
355,372214310,1040341,3,117424640,65536,24,4,6,6
355,372214310,1040341,4,118538752,16384,24,4,6,6
355,372214310,1040341,5,216999424,16384,24,4,6,6
355,372214310,1040341,6,218046720,16384,24,4,6,6
355,372214310,1040341,7,240064768,65536,24,4,6,6
355,372214310,1040341,8,250573824,16384,24,4,6,6
355,372214310,1040341,9,277295872,65536,24,4,6,6
355,372214310,1040341,10,296765440,65536,24,4,6,6
355,372214310,1040341,11,298798848,65536,24,4,6,6
356,373254651,1048341,0,42508288,4096,42,10,10,10
356,373254651,1048341,1,363867648,4096,41,9,10,10
356,373254651,1048341,2,345013248,4096,33,9,10,10
356,373254651,1048341,3,99601408,65536,33,5,10,10
356,373254651,1048341,4,252137984,16384,33,5,10,10
356,373254651,1048341,5,338187264,16384,31,7,10,10
356,373254651,1048341,6,143680512,4096,25,7,10,10
356,373254651,1048341,7,43556352,4096,25,5,10,10
356,373254651,1048341,8,53000448,4096,25,5,10,10
356,373254651,1048341,9,70309120,4096,25,5,10,10
356,373254651,1048341,10,203385344,4096,25,5,10,10
356,373254651,1048341,11,229584640,4096,25,5,10,10
357,374302992,1041099,0,16797952,4096,33,7,9,9
357,374302992,1041099,1,121671680,4096,28,6,9,9
357,374302992,1041099,2,16271616,4096,23,5,9,9
357,374302992,1041099,3,27812352,4096,23,5,9,9
357,374302992,1041099,4,156259072,4096,23,5,9,9
357,374302992,1041099,5,174590464,4096,23,5,9,9
357,374302992,1041099,6,322993408,4096,23,5,9,9
357,374302992,1041099,7,165691136,1024,21,5,9,9
357,374302992,1041099,8,151548160,4096,18,4,9,9
357,374302992,1041099,9,322472704,1024,18,4,9,9
357,374302992,1041099,10,3080960,65536,15,3,9,9
357,374302992,1041099,11,13641728,16384,15,3,9,9
358,375344091,1048740,0,345013248,4096,52,10,10,10
358,375344091,1048740,1,42508288,4096,45,11,10,10
358,375344091,1048740,2,143680512,4096,45,11,10,10
358,375344091,1048740,3,338187264,16384,36,6,10,10
358,375344091,1048740,4,363867648,4096,35,7,10,10
358,375344091,1048740,5,263175424,1024,32,8,10,10
358,375344091,1048740,6,90757632,4096,31,7,10,10
358,375344091,1048740,7,176164096,1024,31,7,10,10
358,375344091,1048740,8,177190400,4096,31,7,10,10
358,375344091,1048740,9,230104064,4096,31,7,10,10
358,375344091,1048740,10,350230016,256,24,6,10,10
358,375344091,1048740,11,5759488,16384,24,4,10,10
359,376392831,1050647,0,345013248,4096,87,17,10,10
359,376392831,1050647,1,143680512,4096,63,15,10,10
359,376392831,1050647,2,363867648,4096,61,11,10,10
359,376392831,1050647,3,42968832,65536,51,9,10,10
359,376392831,1050647,4,43017984,16384,51,9,10,10
359,376392831,1050647,5,342910720,16384,51,9,10,10
359,376392831,1050647,6,357584384,65536,51,9,10,10
359,376392831,1050647,7,360172800,65536,51,9,10,10
359,376392831,1050647,8,371169024,16384,51,9,10,10
359,376392831,1050647,9,374286592,16384,51,9,10,10
359,376392831,1050647,10,376327168,65536,51,9,10,10
359,376392831,1050647,11,56115712,65536,47,7,10,10
360,377443478,1050959,0,363867648,4096,198,36,10,10
360,377443478,1050959,1,357584384,65536,174,28,10,10
360,377443478,1050959,2,345013248,4096,155,27,10,10
360,377443478,1050959,3,42968832,65536,132,22,10,10
360,377443478,1050959,4,43017984,16384,132,22,10,10
360,377443478,1050959,5,342910720,16384,132,22,10,10
360,377443478,1050959,6,360172800,65536,132,22,10,10
360,377443478,1050959,7,371169024,16384,132,22,10,10
360,377443478,1050959,8,374286592,16384,132,22,10,10
360,377443478,1050959,9,376327168,65536,132,22,10,10
360,377443478,1050959,10,42508288,4096,89,19,10,10
360,377443478,1050959,11,56115712,65536,81,13,10,10
361,378494437,1047727,0,363867648,4096,132,26,10,10
361,378494437,1047727,1,345013248,4096,110,20,10,10
361,378494437,1047727,2,42508288,4096,98,22,10,10
361,378494437,1047727,3,42968832,65536,72,12,10,10
361,378494437,1047727,4,43017984,16384,72,12,10,10
361,378494437,1047727,5,342910720,16384,72,12,10,10
361,378494437,1047727,6,357584384,65536,72,12,10,10
361,378494437,1047727,7,360172800,65536,72,12,10,10
361,378494437,1047727,8,371169024,16384,72,12,10,10
361,378494437,1047727,9,374286592,16384,72,12,10,10
361,378494437,1047727,10,376327168,65536,72,12,10,10
361,378494437,1047727,11,143680512,4096,67,15,10,10
362,379542164,1044910,0,345013248,4096,88,16,10,10
362,379542164,1044910,1,363867648,4096,81,15,10,10
362,379542164,1044910,2,42968832,65536,63,11,10,10
362,379542164,1044910,3,43017984,16384,63,11,10,10
362,379542164,1044910,4,357584384,65536,63,11,10,10
362,379542164,1044910,5,360172800,65536,63,11,10,10
362,379542164,1044910,6,371169024,16384,63,11,10,10
362,379542164,1044910,7,374286592,16384,63,11,10,10
362,379542164,1044910,8,376327168,65536,63,11,10,10
362,379542164,1044910,9,378494464,16384,63,11,10,10
362,379542164,1044910,10,42508288,4096,43,9,10,10
362,379542164,1044910,11,226442240,65536,42,6,10,10
363,380587074,1042556,0,86560768,4096,150,48,10,10
363,380587074,1042556,1,363867648,4096,95,17,10,10
363,380587074,1042556,2,345013248,4096,91,17,10,10
363,380587074,1042556,3,42968832,65536,70,12,10,10
363,380587074,1042556,4,43017984,16384,70,12,10,10
363,380587074,1042556,5,357584384,65536,70,12,10,10
363,380587074,1042556,6,360172800,65536,70,12,10,10
363,380587074,1042556,7,371169024,16384,70,12,10,10
363,380587074,1042556,8,374286592,16384,70,12,10,10
363,380587074,1042556,9,376327168,65536,70,12,10,10
363,380587074,1042556,10,378494464,16384,70,12,10,10
363,380587074,1042556,11,42508288,4096,46,10,10,10
364,381629630,1049905,0,40937216,16384,52,10,6,6
364,381629630,1049905,1,46694144,16384,52,10,6,6
364,381629630,1049905,2,118538752,16384,52,10,6,6
364,381629630,1049905,3,216999424,16384,52,10,6,6
364,381629630,1049905,4,218046720,16384,52,10,6,6
364,381629630,1049905,5,240064768,65536,52,10,6,6
364,381629630,1049905,6,250573824,16384,52,10,6,6
364,381629630,1049905,7,277295872,65536,52,10,6,6
364,381629630,1049905,8,296765440,65536,52,10,6,6
364,381629630,1049905,9,298798848,65536,52,10,6,6
364,381629630,1049905,10,373238016,16384,52,10,6,6
364,381629630,1049905,11,107529728,1024,30,6,6,6
365,382679535,1046255,0,40937216,16384,39,7,6,6
365,382679535,1046255,1,46694144,16384,39,7,6,6
365,382679535,1046255,2,118538752,16384,39,7,6,6
365,382679535,1046255,3,216999424,16384,39,7,6,6
365,382679535,1046255,4,218046720,16384,39,7,6,6
365,382679535,1046255,5,240064768,65536,39,7,6,6
365,382679535,1046255,6,250573824,16384,39,7,6,6
365,382679535,1046255,7,277295872,65536,39,7,6,6
365,382679535,1046255,8,296765440,65536,39,7,6,6
365,382679535,1046255,9,298798848,65536,39,7,6,6
365,382679535,1046255,10,373238016,16384,39,7,6,6
365,382679535,1046255,11,73457664,4096,38,8,6,6
366,383725790,1040959,0,363867648,4096,97,19,10,10
366,383725790,1040959,1,345013248,4096,91,17,10,10
366,383725790,1040959,2,42968832,65536,73,13,10,10
366,383725790,1040959,3,43017984,16384,73,13,10,10
366,383725790,1040959,4,357584384,65536,73,13,10,10
366,383725790,1040959,5,360172800,65536,73,13,10,10
366,383725790,1040959,6,371169024,16384,73,13,10,10
366,383725790,1040959,7,374286592,16384,73,13,10,10
366,383725790,1040959,8,376327168,65536,73,13,10,10
366,383725790,1040959,9,378494464,16384,73,13,10,10
366,383725790,1040959,10,42508288,4096,42,10,10,10
366,383725790,1040959,11,143680512,4096,28,6,10,10
367,384766749,1048603,0,16797952,4096,57,13,9,9
367,384766749,1048603,1,1048320,65536,41,7,9,9
367,384766749,1048603,2,1540096,65536,41,7,9,9
367,384766749,1048603,3,4129792,65536,41,7,9,9
367,384766749,1048603,4,166741248,16384,41,7,9,9
367,384766749,1048603,5,171420416,65536,41,7,9,9
367,384766749,1048603,6,175045632,65536,41,7,9,9
367,384766749,1048603,7,178227200,16384,41,7,9,9
367,384766749,1048603,8,305098496,65536,41,7,9,9
367,384766749,1048603,9,374815232,16384,41,7,9,9
367,384766749,1048603,10,121671680,4096,38,8,9,9
367,384766749,1048603,11,120628224,4096,33,7,9,9
368,385815352,1048175,0,363867648,4096,74,14,10,10
368,385815352,1048175,1,42968832,65536,51,9,10,10
368,385815352,1048175,2,43017984,16384,51,9,10,10
368,385815352,1048175,3,357584384,65536,51,9,10,10
368,385815352,1048175,4,360172800,65536,51,9,10,10
368,385815352,1048175,5,371169024,16384,51,9,10,10
368,385815352,1048175,6,374286592,16384,51,9,10,10
368,385815352,1048175,7,376327168,65536,51,9,10,10
368,385815352,1048175,8,378494464,16384,51,9,10,10
368,385815352,1048175,9,384213504,65536,51,9,10,10
368,385815352,1048175,10,384238080,16384,51,9,10,10
368,385815352,1048175,11,42508288,4096,46,10,10,10
369,386863527,1045288,0,363867648,4096,107,23,10,10
369,386863527,1045288,1,143680512,4096,76,16,10,10
369,386863527,1045288,2,42508288,4096,73,17,10,10
369,386863527,1045288,3,42968832,65536,67,13,10,10
369,386863527,1045288,4,43017984,16384,67,13,10,10
369,386863527,1045288,5,357584384,65536,67,13,10,10
369,386863527,1045288,6,360172800,65536,67,13,10,10
369,386863527,1045288,7,371169024,16384,67,13,10,10
369,386863527,1045288,8,374286592,16384,67,13,10,10
369,386863527,1045288,9,376327168,65536,67,13,10,10
369,386863527,1045288,10,378494464,16384,67,13,10,10
369,386863527,1045288,11,384213504,65536,67,13,10,10
370,387908815,1049542,0,363867648,4096,49,11,10,10
370,387908815,1049542,1,42508288,4096,43,11,10,10
370,387908815,1049542,2,143680512,4096,34,8,10,10
370,387908815,1049542,3,42968832,65536,30,6,10,10
370,387908815,1049542,4,43017984,16384,30,6,10,10
370,387908815,1049542,5,357584384,65536,30,6,10,10
370,387908815,1049542,6,360172800,65536,30,6,10,10
370,387908815,1049542,7,371169024,16384,30,6,10,10
370,387908815,1049542,8,374286592,16384,30,6,10,10
370,387908815,1049542,9,376327168,65536,30,6,10,10
370,387908815,1049542,10,378494464,16384,30,6,10,10
370,387908815,1049542,11,384213504,65536,30,6,10,10
371,388958357,1054637,0,13641728,16384,85,15,9,9
371,388958357,1054637,1,121671680,4096,70,16,9,9
371,388958357,1054637,2,16797952,4096,67,15,9,9
371,388958357,1054637,3,120628224,4096,52,12,9,9
371,388958357,1054637,4,146842112,4096,52,12,9,9
371,388958357,1054637,5,159930880,4096,52,12,9,9
371,388958357,1054637,6,166214656,4096,52,12,9,9
371,388958357,1054637,7,181910016,4096,52,12,9,9
371,388958357,1054637,8,3080960,65536,45,7,9,9
371,388958357,1054637,9,178243840,16384,45,7,9,9
371,388958357,1054637,10,179786752,65536,45,7,9,9
371,388958357,1054637,11,180343296,65536,45,7,9,9
372,390012994,1038573,0,363867648,4096,84,16,10,10
372,390012994,1038573,1,42968832,65536,66,12,10,10
372,390012994,1038573,2,43017984,16384,66,12,10,10
372,390012994,1038573,3,357584384,65536,66,12,10,10
372,390012994,1038573,4,360172800,65536,66,12,10,10
372,390012994,1038573,5,371169024,16384,66,12,10,10
372,390012994,1038573,6,374286592,16384,66,12,10,10
372,390012994,1038573,7,376327168,65536,66,12,10,10
372,390012994,1038573,8,378494464,16384,66,12,10,10
372,390012994,1038573,9,384213504,65536,66,12,10,10
372,390012994,1038573,10,384238080,16384,66,12,10,10
372,390012994,1038573,11,143680512,4096,55,11,10,10
373,391051567,1050407,0,73457664,4096,51,11,6,6
373,391051567,1050407,1,104910592,4096,51,11,6,6
373,391051567,1050407,2,199193088,4096,38,10,6,6
373,391051567,1050407,3,40937216,16384,37,7,6,6
373,391051567,1050407,4,46694144,16384,37,7,6,6
373,391051567,1050407,5,118538752,16384,37,7,6,6
373,391051567,1050407,6,216999424,16384,37,7,6,6
373,391051567,1050407,7,218046720,16384,37,7,6,6
373,391051567,1050407,8,240064768,65536,37,7,6,6
373,391051567,1050407,9,250573824,16384,37,7,6,6
373,391051567,1050407,10,277295872,65536,37,7,6,6
373,391051567,1050407,11,296765440,65536,37,7,6,6
374,392101974,1050040,0,121671680,4096,26,6,9,9
374,392101974,1050040,1,16797952,4096,22,6,9,9
374,392101974,1050040,2,3080960,65536,15,3,9,9
374,392101974,1050040,3,13641728,16384,15,3,9,9
374,392101974,1050040,4,179786752,65536,15,3,9,9
374,392101974,1050040,5,180343296,65536,15,3,9,9
374,392101974,1050040,6,182438400,65536,15,3,9,9
374,392101974,1050040,7,182929664,65536,15,3,9,9
374,392101974,1050040,8,183421184,65536,15,3,9,9
374,392101974,1050040,9,196540416,65536,15,3,9,9
374,392101974,1050040,10,196564992,16384,15,3,9,9
374,392101974,1050040,11,389947392,65536,15,3,9,9
375,393152014,1051028,0,13641728,16384,77,13,9,9
375,393152014,1051028,1,1048320,65536,57,9,9,9
375,393152014,1051028,2,1540096,65536,57,9,9,9
375,393152014,1051028,3,4129792,65536,57,9,9,9
375,393152014,1051028,4,166741248,16384,57,9,9,9
375,393152014,1051028,5,171420416,65536,57,9,9,9
375,393152014,1051028,6,175045632,65536,57,9,9,9
375,393152014,1051028,7,178227200,16384,57,9,9,9
375,393152014,1051028,8,305098496,65536,57,9,9,9
375,393152014,1051028,9,374815232,16384,57,9,9,9
375,393152014,1051028,10,16797952,16384,47,9,9,9
375,393152014,1051028,11,272595968,16384,47,9,9,9
376,394203042,1048004,0,1048320,65536,49,9,9,9
376,394203042,1048004,1,1540096,65536,49,9,9,9
376,394203042,1048004,2,4129792,65536,49,9,9,9
376,394203042,1048004,3,166741248,16384,49,9,9,9
376,394203042,1048004,4,171420416,65536,49,9,9,9
376,394203042,1048004,5,175045632,65536,49,9,9,9
376,394203042,1048004,6,178227200,16384,49,9,9,9
376,394203042,1048004,7,305098496,65536,49,9,9,9
376,394203042,1048004,8,374815232,16384,49,9,9,9
376,394203042,1048004,9,16797952,4096,24,6,9,9
376,394203042,1048004,10,3080960,65536,21,3,9,9
376,394203042,1048004,11,13641728,16384,21,3,9,9
377,395251046,1046860,0,40937216,16384,51,9,6,6
377,395251046,1046860,1,46694144,16384,51,9,6,6
377,395251046,1046860,2,118538752,16384,51,9,6,6
377,395251046,1046860,3,216999424,16384,51,9,6,6
377,395251046,1046860,4,218046720,16384,51,9,6,6
377,395251046,1046860,5,240064768,65536,51,9,6,6
377,395251046,1046860,6,250573824,16384,51,9,6,6
377,395251046,1046860,7,277295872,65536,51,9,6,6
377,395251046,1046860,8,296765440,65536,51,9,6,6
377,395251046,1046860,9,298798848,65536,51,9,6,6
377,395251046,1046860,10,373238016,16384,51,9,6,6
377,395251046,1046860,11,31975168,65536,48,8,6,6
378,396297906,1047627,0,40937216,16384,27,5,6,6
378,396297906,1047627,1,46694144,16384,27,5,6,6
378,396297906,1047627,2,118538752,16384,27,5,6,6
378,396297906,1047627,3,216999424,16384,27,5,6,6
378,396297906,1047627,4,218046720,16384,27,5,6,6
378,396297906,1047627,5,240064768,65536,27,5,6,6
378,396297906,1047627,6,250573824,16384,27,5,6,6
378,396297906,1047627,7,277295872,65536,27,5,6,6
378,396297906,1047627,8,296765440,65536,27,5,6,6
378,396297906,1047627,9,298798848,65536,27,5,6,6
378,396297906,1047627,10,373238016,16384,27,5,6,6
378,396297906,1047627,11,190249728,65536,24,4,6,6
379,397345533,1049370,0,16797952,4096,39,9,9,9
379,397345533,1049370,1,156259072,4096,35,7,9,9
379,397345533,1049370,2,322993408,4096,35,7,9,9
379,397345533,1049370,3,121671680,4096,30,8,9,9
379,397345533,1049370,4,16271616,4096,30,6,9,9
379,397345533,1049370,5,27812352,4096,30,6,9,9
379,397345533,1049370,6,174590464,4096,30,6,9,9
379,397345533,1049370,7,165691136,1024,28,8,9,9
379,397345533,1049370,8,1048320,65536,28,6,9,9
379,397345533,1049370,9,1540096,65536,28,6,9,9
379,397345533,1049370,10,4129792,65536,28,6,9,9
379,397345533,1049370,11,166741248,16384,28,6,9,9
380,398394903,1051957,0,13641728,16384,125,25,9,9
380,398394903,1051957,1,16797952,16384,65,13,9,9
380,398394903,1051957,2,272595968,16384,65,13,9,9
380,398394903,1051957,3,3080960,65536,60,12,9,9
380,398394903,1051957,4,179786752,65536,60,12,9,9
380,398394903,1051957,5,180343296,65536,60,12,9,9
380,398394903,1051957,6,182438400,65536,60,12,9,9
380,398394903,1051957,7,182929664,65536,60,12,9,9
380,398394903,1051957,8,183421184,65536,60,12,9,9
380,398394903,1051957,9,196540416,65536,60,12,9,9
380,398394903,1051957,10,196564992,16384,60,12,9,9
380,398394903,1051957,11,389947392,65536,60,12,9,9
381,399446860,1048161,0,13641728,16384,85,15,9,9
381,399446860,1048161,1,3080960,65536,62,10,9,9
381,399446860,1048161,2,179786752,65536,62,10,9,9
381,399446860,1048161,3,180343296,65536,62,10,9,9
381,399446860,1048161,4,182438400,65536,62,10,9,9
381,399446860,1048161,5,182929664,65536,62,10,9,9
381,399446860,1048161,6,183421184,65536,62,10,9,9
381,399446860,1048161,7,196540416,65536,62,10,9,9
381,399446860,1048161,8,196564992,16384,62,10,9,9
381,399446860,1048161,9,389947392,65536,62,10,9,9
381,399446860,1048161,10,16797952,4096,50,12,9,9
381,399446860,1048161,11,16271616,4096,40,10,9,9
382,400495021,1047303,0,363867648,4096,50,10,10,10
382,400495021,1047303,1,42968832,65536,40,8,10,10
382,400495021,1047303,2,43017984,16384,40,8,10,10
382,400495021,1047303,3,357584384,65536,40,8,10,10
382,400495021,1047303,4,360172800,65536,40,8,10,10
382,400495021,1047303,5,371169024,16384,40,8,10,10
382,400495021,1047303,6,374286592,16384,40,8,10,10
382,400495021,1047303,7,376327168,65536,40,8,10,10
382,400495021,1047303,8,378494464,16384,40,8,10,10
382,400495021,1047303,9,384213504,65536,40,8,10,10
382,400495021,1047303,10,384238080,16384,40,8,10,10
382,400495021,1047303,11,143680512,4096,28,6,10,10
383,401542324,1047992,0,143680512,4096,28,6,10,10
383,401542324,1047992,1,42508288,4096,26,6,10,10
383,401542324,1047992,2,363867648,4096,25,5,10,10
383,401542324,1047992,3,5759488,16384,17,3,10,10
383,401542324,1047992,4,64530688,16384,17,3,10,10
383,401542324,1047992,5,82362624,16384,17,3,10,10
383,401542324,1047992,6,102809600,4096,17,3,10,10
383,401542324,1047992,7,143152128,16384,17,3,10,10
383,401542324,1047992,8,208625920,4096,17,3,10,10
383,401542324,1047992,9,343958528,16384,17,3,10,10
383,401542324,1047992,10,263175424,1024,16,4,10,10
383,401542324,1047992,11,66113280,4096,15,3,10,10
384,402590316,1050597,0,363867648,4096,61,11,10,10
384,402590316,1050597,1,42968832,65536,51,9,10,10
384,402590316,1050597,2,43017984,16384,51,9,10,10
384,402590316,1050597,3,357584384,65536,51,9,10,10
384,402590316,1050597,4,360172800,65536,51,9,10,10
384,402590316,1050597,5,371169024,16384,51,9,10,10
384,402590316,1050597,6,374286592,16384,51,9,10,10
384,402590316,1050597,7,376327168,65536,51,9,10,10
384,402590316,1050597,8,378494464,16384,51,9,10,10
384,402590316,1050597,9,384213504,65536,51,9,10,10
384,402590316,1050597,10,384238080,16384,51,9,10,10
384,402590316,1050597,11,42508288,4096,39,9,10,10
385,403640913,1059406,0,363867648,4096,42,10,10,10
385,403640913,1059406,1,42968832,65536,28,6,10,10
385,403640913,1059406,2,43017984,16384,28,6,10,10
385,403640913,1059406,3,360172800,65536,28,6,10,10
385,403640913,1059406,4,371169024,16384,28,6,10,10
385,403640913,1059406,5,374286592,16384,28,6,10,10
385,403640913,1059406,6,376327168,65536,28,6,10,10
385,403640913,1059406,7,378494464,16384,28,6,10,10
385,403640913,1059406,8,384213504,65536,28,6,10,10
385,403640913,1059406,9,384238080,16384,28,6,10,10
385,403640913,1059406,10,402590464,65536,28,6,10,10
385,403640913,1059406,11,42508288,4096,24,6,10,10
386,404700319,1041097,0,363867648,4096,72,14,10,10
386,404700319,1041097,1,42968832,65536,52,10,10,10
386,404700319,1041097,2,43017984,16384,52,10,10,10
386,404700319,1041097,3,360172800,65536,52,10,10,10
386,404700319,1041097,4,371169024,16384,52,10,10,10
386,404700319,1041097,5,374286592,16384,52,10,10,10
386,404700319,1041097,6,376327168,65536,52,10,10,10
386,404700319,1041097,7,378494464,16384,52,10,10,10
386,404700319,1041097,8,384213504,65536,52,10,10,10
386,404700319,1041097,9,384238080,16384,52,10,10,10
386,404700319,1041097,10,402590464,65536,52,10,10,10
386,404700319,1041097,11,42508288,4096,38,8,10,10
387,405741416,1048692,0,56115712,65536,161,27,10,10
387,405741416,1048692,1,62403072,65536,161,27,10,10
387,405741416,1048692,2,226376448,65536,161,27,10,10
387,405741416,1048692,3,245326848,65536,161,27,10,10
387,405741416,1048692,4,254771968,65536,161,27,10,10
387,405741416,1048692,5,258894848,65536,161,27,10,10
387,405741416,1048692,6,258944000,16384,161,27,10,10
387,405741416,1048692,7,270447360,65536,161,27,10,10
387,405741416,1048692,8,270496512,16384,161,27,10,10
387,405741416,1048692,9,327181824,65536,161,27,10,10
387,405741416,1048692,10,343909376,65536,161,27,10,10
387,405741416,1048692,11,343975168,65536,161,27,10,10
388,406790108,1048822,0,406724352,65536,142,26,10,10
388,406790108,1048822,1,143680512,4096,89,19,10,10
388,406790108,1048822,2,42508288,4096,88,18,10,10
388,406790108,1048822,3,363867648,4096,85,17,10,10
388,406790108,1048822,4,56115712,65536,82,14,10,10
388,406790108,1048822,5,62403072,65536,82,14,10,10
388,406790108,1048822,6,245326848,65536,82,14,10,10
388,406790108,1048822,7,254771968,65536,82,14,10,10
388,406790108,1048822,8,258894848,65536,82,14,10,10
388,406790108,1048822,9,258944000,16384,82,14,10,10
388,406790108,1048822,10,270447360,65536,82,14,10,10
388,406790108,1048822,11,270496512,16384,82,14,10,10
389,407838930,1041373,0,73457664,4096,45,13,6,6
389,407838930,1041373,1,104910592,4096,45,13,6,6
389,407838930,1041373,2,107522048,16384,45,9,6,6
389,407838930,1041373,3,118522112,16384,45,9,6,6
389,407838930,1041373,4,47719680,65536,44,10,6,6
389,407838930,1041373,5,104353536,65536,44,10,6,6
389,407838930,1041373,6,105897472,65536,44,10,6,6
389,407838930,1041373,7,109043456,65536,44,10,6,6
389,407838930,1041373,8,119580160,65536,44,10,6,6
389,407838930,1041373,9,214903552,16384,44,10,6,6
389,407838930,1041373,10,219110656,65536,44,10,6,6
389,407838930,1041373,11,246375936,16384,44,10,6,6
390,408880303,1043290,0,406724352,65536,72,12,10,10
390,408880303,1043290,1,42968832,65536,51,9,10,10
390,408880303,1043290,2,43017984,16384,51,9,10,10
390,408880303,1043290,3,363867648,16384,51,9,10,10
390,408880303,1043290,4,371169024,16384,51,9,10,10
390,408880303,1043290,5,374286592,16384,51,9,10,10
390,408880303,1043290,6,376327168,65536,51,9,10,10
390,408880303,1043290,7,378494464,16384,51,9,10,10
390,408880303,1043290,8,384213504,65536,51,9,10,10
390,408880303,1043290,9,384238080,16384,51,9,10,10
390,408880303,1043290,10,402590464,65536,51,9,10,10
390,408880303,1043290,11,407822336,16384,51,9,10,10
391,409923593,1050878,0,406724352,65536,169,27,10,10
391,409923593,1050878,1,407822336,16384,121,21,10,10
391,409923593,1050878,2,42968832,65536,106,18,10,10
391,409923593,1050878,3,43017984,16384,106,18,10,10
391,409923593,1050878,4,363867648,16384,106,18,10,10
391,409923593,1050878,5,371169024,16384,106,18,10,10
391,409923593,1050878,6,374286592,16384,106,18,10,10
391,409923593,1050878,7,376327168,65536,106,18,10,10
391,409923593,1050878,8,378494464,16384,106,18,10,10
391,409923593,1050878,9,384213504,65536,106,18,10,10
391,409923593,1050878,10,384238080,16384,106,18,10,10
391,409923593,1050878,11,402590464,65536,106,18,10,10
392,410974471,1049607,0,1048320,65536,102,20,9,9
392,410974471,1049607,1,1540096,65536,102,20,9,9
392,410974471,1049607,2,166741248,16384,102,20,9,9
392,410974471,1049607,3,171420416,65536,102,20,9,9
392,410974471,1049607,4,175045632,65536,102,20,9,9
392,410974471,1049607,5,178227200,16384,102,20,9,9
392,410974471,1049607,6,305098496,65536,102,20,9,9
392,410974471,1049607,7,374815232,16384,102,20,9,9
392,410974471,1049607,8,399381248,65536,102,20,9,9
392,410974471,1049607,9,13641728,16384,52,10,9,9
392,410974471,1049607,10,121671680,4096,49,11,9,9
392,410974471,1049607,11,16797952,4096,40,8,9,9
393,412024078,1046428,0,16797952,4096,41,9,9,9
393,412024078,1046428,1,16271616,4096,31,7,9,9
393,412024078,1046428,2,27812352,4096,31,7,9,9
393,412024078,1046428,3,156259072,4096,31,7,9,9
393,412024078,1046428,4,174590464,4096,31,7,9,9
393,412024078,1046428,5,322993408,4096,31,7,9,9
393,412024078,1046428,6,398390784,4096,31,7,9,9
393,412024078,1046428,7,1048320,65536,27,5,9,9
393,412024078,1046428,8,1540096,65536,27,5,9,9
393,412024078,1046428,9,166741248,65536,27,5,9,9
393,412024078,1046428,10,171420416,65536,27,5,9,9
393,412024078,1046428,11,175045632,65536,27,5,9,9
394,413070506,1049673,0,42508288,4096,87,19,10,10
394,413070506,1049673,1,43556352,4096,72,16,10,10
394,413070506,1049673,2,53000448,4096,72,16,10,10
394,413070506,1049673,3,70309120,4096,72,16,10,10
394,413070506,1049673,4,203385344,4096,72,16,10,10
394,413070506,1049673,5,229584640,4096,72,16,10,10
394,413070506,1049673,6,234820096,4096,72,16,10,10
394,413070506,1049673,7,266841600,4096,72,16,10,10
394,413070506,1049673,8,293093888,4096,72,16,10,10
394,413070506,1049673,9,346572544,4096,72,16,10,10
394,413070506,1049673,10,363867648,4096,72,16,10,10
394,413070506,1049673,11,406724352,65536,54,8,10,10
395,414120179,1047416,0,1048320,65536,45,7,9,9
395,414120179,1047416,1,1540096,65536,45,7,9,9
395,414120179,1047416,2,171420416,65536,45,7,9,9
395,414120179,1047416,3,175045632,65536,45,7,9,9
395,414120179,1047416,4,178227200,16384,45,7,9,9
395,414120179,1047416,5,305098496,65536,45,7,9,9
395,414120179,1047416,6,374815232,16384,45,7,9,9
395,414120179,1047416,7,399381248,65536,45,7,9,9
395,414120179,1047416,8,411958528,65536,45,7,9,9
395,414120179,1047416,9,412024320,65536,45,7,9,9
395,414120179,1047416,10,121119232,65536,21,3,9,9
395,414120179,1047416,11,121610240,65536,21,3,9,9
396,415167595,1048524,0,13641728,16384,69,11,9,9
396,415167595,1048524,1,3080960,65536,45,7,9,9
396,415167595,1048524,2,179786752,65536,45,7,9,9
396,415167595,1048524,3,180343296,65536,45,7,9,9
396,415167595,1048524,4,182438400,65536,45,7,9,9
396,415167595,1048524,5,182929664,65536,45,7,9,9
396,415167595,1048524,6,183421184,65536,45,7,9,9
396,415167595,1048524,7,196540416,65536,45,7,9,9
396,415167595,1048524,8,196564992,16384,45,7,9,9
396,415167595,1048524,9,389947392,65536,45,7,9,9
396,415167595,1048524,10,16797952,4096,40,8,9,9
396,415167595,1048524,11,121671680,4096,33,7,9,9
397,416216119,1039686,0,47719680,65536,66,10,6,6
397,416216119,1039686,1,104353536,65536,66,10,6,6
397,416216119,1039686,2,105897472,65536,66,10,6,6
397,416216119,1039686,3,109043456,65536,66,10,6,6
397,416216119,1039686,4,214903552,16384,66,10,6,6
397,416216119,1039686,5,219110656,65536,66,10,6,6
397,416216119,1039686,6,246375936,16384,66,10,6,6
397,416216119,1039686,7,277788672,65536,66,10,6,6
397,416216119,1039686,8,295651584,65536,66,10,6,6
397,416216119,1039686,9,408814592,65536,66,10,6,6
397,416216119,1039686,10,40937216,16384,24,4,6,6
397,416216119,1039686,11,46694144,16384,24,4,6,6
398,417255805,1048044,0,40937216,16384,56,10,6,6
398,417255805,1048044,1,46694144,16384,56,10,6,6
398,417255805,1048044,2,118538752,16384,56,10,6,6
398,417255805,1048044,3,216999424,16384,56,10,6,6
398,417255805,1048044,4,218046720,16384,56,10,6,6
398,417255805,1048044,5,240064768,65536,56,10,6,6
398,417255805,1048044,6,250573824,16384,56,10,6,6
398,417255805,1048044,7,277295872,65536,56,10,6,6
398,417255805,1048044,8,296765440,65536,56,10,6,6
398,417255805,1048044,9,298798848,65536,56,10,6,6
398,417255805,1048044,10,373238016,16384,56,10,6,6
398,417255805,1048044,11,47719680,65536,54,8,6,6
399,418303849,1047728,0,73457664,4096,34,8,6,6
399,418303849,1047728,1,104910592,4096,34,8,6,6
399,418303849,1047728,2,40937216,16384,24,4,6,6
399,418303849,1047728,3,46694144,16384,24,4,6,6
399,418303849,1047728,4,218046720,16384,24,4,6,6
399,418303849,1047728,5,240064768,65536,24,4,6,6
399,418303849,1047728,6,250573824,16384,24,4,6,6
399,418303849,1047728,7,277295872,65536,24,4,6,6
399,418303849,1047728,8,296765440,65536,24,4,6,6
399,418303849,1047728,9,298798848,65536,24,4,6,6
399,418303849,1047728,10,373238016,16384,24,4,6,6
399,418303849,1047728,11,417771520,16384,24,4,6,6
400,419351577,1048012,0,40937216,16384,85,15,6,6
400,419351577,1048012,1,46694144,16384,85,15,6,6
400,419351577,1048012,2,218046720,16384,85,15,6,6
400,419351577,1048012,3,240064768,65536,85,15,6,6
400,419351577,1048012,4,250573824,16384,85,15,6,6
400,419351577,1048012,5,277295872,65536,85,15,6,6
400,419351577,1048012,6,296765440,65536,85,15,6,6
400,419351577,1048012,7,298798848,65536,85,15,6,6
400,419351577,1048012,8,373238016,16384,85,15,6,6
400,419351577,1048012,9,417771520,16384,85,15,6,6
400,419351577,1048012,10,107522048,16384,79,15,6,6
400,419351577,1048012,11,73457664,4096,77,17,6,6
401,420399589,1048979,0,143680512,4096,100,22,10,10
401,420399589,1048979,1,42508288,4096,99,23,10,10
401,420399589,1048979,2,406724352,65536,54,8,10,10
401,420399589,1048979,3,90757632,4096,53,11,10,10
401,420399589,1048979,4,176164096,1024,53,11,10,10
401,420399589,1048979,5,177190400,4096,53,11,10,10
401,420399589,1048979,6,230104064,4096,53,11,10,10
401,420399589,1048979,7,263175424,1024,53,11,10,10
401,420399589,1048979,8,345013248,4096,53,11,10,10
401,420399589,1048979,9,391047424,4096,53,11,10,10
401,420399589,1048979,10,66113280,4096,47,11,10,10
401,420399589,1048979,11,243223040,256,47,11,10,10
402,421448568,1048212,0,40937216,16384,87,15,6,6
402,421448568,1048212,1,46694144,16384,87,15,6,6
402,421448568,1048212,2,250573824,16384,87,15,6,6
402,421448568,1048212,3,277295872,65536,87,15,6,6
402,421448568,1048212,4,296765440,65536,87,15,6,6
402,421448568,1048212,5,298798848,65536,87,15,6,6
402,421448568,1048212,6,373238016,16384,87,15,6,6
402,421448568,1048212,7,417771520,16384,87,15,6,6
402,421448568,1048212,8,420382976,16384,87,15,6,6
402,421448568,1048212,9,73457664,4096,46,10,6,6
402,421448568,1048212,10,104910592,4096,46,10,6,6
402,421448568,1048212,11,199193088,4096,35,7,6,6
403,422496780,1048698,0,40937216,16384,198,34,6,6
403,422496780,1048698,1,46694144,16384,198,34,6,6
403,422496780,1048698,2,277295872,65536,198,34,6,6
403,422496780,1048698,3,296765440,65536,198,34,6,6
403,422496780,1048698,4,298798848,65536,198,34,6,6
403,422496780,1048698,5,373238016,16384,198,34,6,6
403,422496780,1048698,6,417771520,16384,198,34,6,6
403,422496780,1048698,7,420382976,16384,198,34,6,6
403,422496780,1048698,8,421448704,16384,198,34,6,6
403,422496780,1048698,9,199193088,4096,105,23,6,6
403,422496780,1048698,10,416216320,4096,105,23,6,6
403,422496780,1048698,11,73457664,4096,104,22,6,6
404,423545478,1042307,0,406724352,65536,103,17,10,10
404,423545478,1042307,1,258944000,16384,80,14,10,10
404,423545478,1042307,2,42508288,4096,69,15,10,10
404,423545478,1042307,3,56115712,65536,66,10,10,10
404,423545478,1042307,4,62403072,65536,66,10,10,10
404,423545478,1042307,5,254771968,65536,66,10,10,10
404,423545478,1042307,6,258894848,65536,66,10,10,10
404,423545478,1042307,7,270447360,65536,66,10,10,10
404,423545478,1042307,8,270496512,16384,66,10,10,10
404,423545478,1042307,9,327181824,65536,66,10,10,10
404,423545478,1042307,10,343909376,65536,66,10,10,10
404,423545478,1042307,11,343975168,65536,66,10,10,10
405,424587785,1052385,0,42508288,4096,74,16,10,10
405,424587785,1052385,1,143680512,4096,63,15,10,10
405,424587785,1052385,2,90757632,4096,46,10,10,10
405,424587785,1052385,3,176164096,1024,46,10,10,10
405,424587785,1052385,4,177190400,4096,46,10,10,10
405,424587785,1052385,5,230104064,4096,46,10,10,10
405,424587785,1052385,6,263175424,1024,46,10,10,10
405,424587785,1052385,7,345013248,4096,46,10,10,10
405,424587785,1052385,8,391047424,4096,46,10,10,10
405,424587785,1052385,9,420399616,4096,46,10,10,10
405,424587785,1052385,10,42968832,65536,36,6,10,10
405,424587785,1052385,11,43017984,16384,36,6,10,10
406,425640170,1044607,0,406724352,65536,85,15,10,10
406,425640170,1044607,1,42968832,65536,43,9,10,10
406,425640170,1044607,2,43017984,16384,43,9,10,10
406,425640170,1044607,3,376327168,65536,43,9,10,10
406,425640170,1044607,4,378494464,16384,43,9,10,10
406,425640170,1044607,5,384213504,65536,43,9,10,10
406,425640170,1044607,6,384238080,16384,43,9,10,10
406,425640170,1044607,7,402590464,65536,43,9,10,10
406,425640170,1044607,8,407822336,16384,43,9,10,10
406,425640170,1044607,9,410440960,16384,43,9,10,10
406,425640170,1044607,10,56115712,65536,42,6,10,10
406,425640170,1044607,11,62403072,65536,42,6,10,10
407,426684777,1048625,0,1048320,65536,48,8,9,9
407,426684777,1048625,1,1540096,65536,48,8,9,9
407,426684777,1048625,2,175045632,65536,48,8,9,9
407,426684777,1048625,3,178227200,16384,48,8,9,9
407,426684777,1048625,4,305098496,65536,48,8,9,9
407,426684777,1048625,5,374815232,16384,48,8,9,9
407,426684777,1048625,6,399381248,65536,48,8,9,9
407,426684777,1048625,7,411958528,65536,48,8,9,9
407,426684777,1048625,8,412024320,65536,48,8,9,9
407,426684777,1048625,9,415167744,65536,48,8,9,9
407,426684777,1048625,10,16797952,4096,29,7,9,9
407,426684777,1048625,11,121671680,4096,20,4,9,9
408,427733402,1055352,0,1048320,65536,86,14,9,9
408,427733402,1055352,1,1540096,65536,86,14,9,9
408,427733402,1055352,2,175045632,65536,86,14,9,9
408,427733402,1055352,3,178227200,16384,86,14,9,9
408,427733402,1055352,4,305098496,65536,86,14,9,9
408,427733402,1055352,5,374815232,16384,86,14,9,9
408,427733402,1055352,6,399381248,65536,86,14,9,9
408,427733402,1055352,7,411958528,65536,86,14,9,9
408,427733402,1055352,8,412024320,65536,86,14,9,9
408,427733402,1055352,9,415167744,65536,86,14,9,9
408,427733402,1055352,10,16797952,4096,53,13,9,9
408,427733402,1055352,11,121671680,4096,44,10,9,9
409,428788754,1038252,0,406724352,65536,84,14,10,10
409,428788754,1038252,1,56115712,65536,60,10,10,10
409,428788754,1038252,2,62403072,65536,60,10,10,10
409,428788754,1038252,3,254771968,65536,60,10,10,10
409,428788754,1038252,4,258894848,65536,60,10,10,10
409,428788754,1038252,5,258944000,16384,60,10,10,10
409,428788754,1038252,6,270447360,65536,60,10,10,10
409,428788754,1038252,7,270496512,16384,60,10,10,10
409,428788754,1038252,8,327181824,65536,60,10,10,10
409,428788754,1038252,9,343909376,65536,60,10,10,10
409,428788754,1038252,10,343975168,65536,60,10,10,10
409,428788754,1038252,11,408880384,65536,60,10,10,10
410,429827006,1055957,0,406724352,65536,66,10,10,10
410,429827006,1055957,1,56115712,65536,42,6,10,10
410,429827006,1055957,2,62403072,65536,42,6,10,10
410,429827006,1055957,3,254771968,65536,42,6,10,10
410,429827006,1055957,4,258894848,65536,42,6,10,10
410,429827006,1055957,5,258944000,16384,42,6,10,10
410,429827006,1055957,6,270447360,65536,42,6,10,10
410,429827006,1055957,7,270496512,16384,42,6,10,10
410,429827006,1055957,8,327181824,65536,42,6,10,10
410,429827006,1055957,9,343909376,65536,42,6,10,10
410,429827006,1055957,10,343975168,65536,42,6,10,10
410,429827006,1055957,11,408880384,65536,42,6,10,10
411,430882963,1051964,0,121671680,4096,31,7,9,9
411,430882963,1051964,1,1048320,65536,27,5,9,9
411,430882963,1051964,2,1540096,65536,27,5,9,9
411,430882963,1051964,3,178227200,16384,27,5,9,9
411,430882963,1051964,4,305098496,65536,27,5,9,9
411,430882963,1051964,5,374815232,16384,27,5,9,9
411,430882963,1051964,6,399381248,65536,27,5,9,9
411,430882963,1051964,7,411958528,65536,27,5,9,9
411,430882963,1051964,8,412024320,65536,27,5,9,9
411,430882963,1051964,9,415167744,65536,27,5,9,9
411,430882963,1051964,10,427733504,16384,27,5,9,9
411,430882963,1051964,11,16797952,4096,18,4,9,9
412,431934927,1041992,0,16797952,4096,28,6,9,9
412,431934927,1041992,1,121671680,4096,19,5,9,9
412,431934927,1041992,2,16271616,4096,18,4,9,9
412,431934927,1041992,3,27812352,4096,18,4,9,9
412,431934927,1041992,4,156259072,4096,18,4,9,9
412,431934927,1041992,5,174590464,4096,18,4,9,9
412,431934927,1041992,6,322993408,4096,18,4,9,9
412,431934927,1041992,7,398390784,4096,18,4,9,9
412,431934927,1041992,8,431400704,16384,13,3,9,9
412,431934927,1041992,9,1048320,65536,12,2,9,9
412,431934927,1041992,10,1540096,65536,12,2,9,9
412,431934927,1041992,11,178227200,16384,12,2,9,9
413,432976919,1050105,0,16797952,4096,69,15,9,9
413,432976919,1050105,1,13641728,16384,48,8,9,9
413,432976919,1050105,2,1048320,65536,45,7,9,9
413,432976919,1050105,3,1540096,65536,45,7,9,9
413,432976919,1050105,4,178227200,16384,45,7,9,9
413,432976919,1050105,5,305098496,65536,45,7,9,9
413,432976919,1050105,6,374815232,16384,45,7,9,9
413,432976919,1050105,7,399381248,65536,45,7,9,9
413,432976919,1050105,8,411958528,65536,45,7,9,9
413,432976919,1050105,9,412024320,65536,45,7,9,9
413,432976919,1050105,10,415167744,65536,45,7,9,9
413,432976919,1050105,11,427733504,16384,45,7,9,9
414,434027024,1049104,0,3080960,65536,54,8,9,9
414,434027024,1049104,1,13641728,16384,54,8,9,9
414,434027024,1049104,2,180343296,65536,54,8,9,9
414,434027024,1049104,3,182438400,65536,54,8,9,9
414,434027024,1049104,4,182929664,65536,54,8,9,9
414,434027024,1049104,5,183421184,65536,54,8,9,9
414,434027024,1049104,6,196540416,65536,54,8,9,9
414,434027024,1049104,7,196564992,16384,54,8,9,9
414,434027024,1049104,8,389947392,65536,54,8,9,9
414,434027024,1049104,9,428723200,65536,54,8,9,9
414,434027024,1049104,10,1048320,65536,36,6,9,9
414,434027024,1049104,11,1540096,65536,36,6,9,9
415,435076128,1045922,0,434549504,4096,44,8,9,9
415,435076128,1045922,1,1048320,65536,28,6,9,9
415,435076128,1045922,2,1540096,65536,28,6,9,9
415,435076128,1045922,3,178227200,16384,28,6,9,9
415,435076128,1045922,4,305098496,65536,28,6,9,9
415,435076128,1045922,5,374815232,16384,28,6,9,9
415,435076128,1045922,6,399381248,65536,28,6,9,9
415,435076128,1045922,7,411958528,65536,28,6,9,9
415,435076128,1045922,8,412024320,65536,28,6,9,9
415,435076128,1045922,9,415167744,65536,28,6,9,9
415,435076128,1045922,10,427733504,16384,28,6,9,9
415,435076128,1045922,11,3080960,65536,24,4,9,9
416,436122050,1048541,0,1048320,65536,51,9,9,9
416,436122050,1048541,1,1540096,65536,51,9,9,9
416,436122050,1048541,2,178227200,16384,51,9,9,9
416,436122050,1048541,3,305098496,65536,51,9,9,9
416,436122050,1048541,4,374815232,16384,51,9,9,9
416,436122050,1048541,5,399381248,65536,51,9,9,9
416,436122050,1048541,6,411958528,65536,51,9,9,9
416,436122050,1048541,7,412024320,65536,51,9,9,9
416,436122050,1048541,8,415167744,65536,51,9,9,9
416,436122050,1048541,9,427733504,16384,51,9,9,9
416,436122050,1048541,10,121671680,4096,35,7,9,9
416,436122050,1048541,11,151548160,4096,30,6,9,9
417,437170591,1049760,0,121119232,65536,69,11,9,9
417,437170591,1049760,1,173025280,65536,45,7,9,9
417,437170591,1049760,2,1048320,65536,42,8,9,9
417,437170591,1049760,3,1540096,65536,42,8,9,9
417,437170591,1049760,4,178227200,16384,42,8,9,9
417,437170591,1049760,5,305098496,65536,42,8,9,9
417,437170591,1049760,6,374815232,16384,42,8,9,9
417,437170591,1049760,7,399381248,65536,42,8,9,9
417,437170591,1049760,8,411958528,65536,42,8,9,9
417,437170591,1049760,9,412024320,65536,42,8,9,9
417,437170591,1049760,10,415167744,65536,42,8,9,9
417,437170591,1049760,11,427733504,16384,42,8,9,9
418,438220351,1064821,0,406724352,65536,111,19,10,10
418,438220351,1064821,1,42968832,65536,66,12,10,10
418,438220351,1064821,2,43017984,16384,66,12,10,10
418,438220351,1064821,3,376327168,65536,66,12,10,10
418,438220351,1064821,4,378494464,16384,66,12,10,10
418,438220351,1064821,5,384213504,65536,66,12,10,10
418,438220351,1064821,6,384238080,16384,66,12,10,10
418,438220351,1064821,7,402590464,65536,66,12,10,10
418,438220351,1064821,8,407822336,16384,66,12,10,10
418,438220351,1064821,9,410440960,16384,66,12,10,10
418,438220351,1064821,10,56115712,65536,45,7,10,10
418,438220351,1064821,11,62403072,65536,45,7,10,10
419,439285172,1045813,0,3080960,65536,21,3,9,9
419,439285172,1045813,1,13641728,16384,21,3,9,9
419,439285172,1045813,2,180343296,65536,21,3,9,9
419,439285172,1045813,3,182438400,65536,21,3,9,9
419,439285172,1045813,4,182929664,65536,21,3,9,9
419,439285172,1045813,5,183421184,65536,21,3,9,9
419,439285172,1045813,6,196540416,65536,21,3,9,9
419,439285172,1045813,7,196564992,16384,21,3,9,9
419,439285172,1045813,8,389947392,65536,21,3,9,9
419,439285172,1045813,9,428723200,65536,21,3,9,9
419,439285172,1045813,10,121671680,4096,20,4,9,9
419,439285172,1045813,11,16797952,4096,15,3,9,9
420,440330985,1048630,0,228534784,65536,149,25,0,0
420,440330985,1048630,1,322997760,65536,149,25,0,0
420,440330985,1048630,2,325019648,65536,149,25,0,0
420,440330985,1048630,3,325068800,16384,149,25,0,0
420,440330985,1048630,4,327165184,16384,79,15,0,0
420,440330985,1048630,5,229057536,4096,55,13,0,0
420,440330985,1048630,6,228518144,16384,28,6,0,0
420,440330985,1048630,7,323510528,16384,28,6,0,0
420,440330985,1048630,8,326131712,65536,28,6,0,0
420,440330985,1048630,9,326623744,65536,21,3,0,0
420,440330985,1048630,10,328229376,256,1,1,0,0
420,440330985,1048630,11,327177472,4096,28,6,0,0
421,441379615,1058817,0,121671680,4096,111,23,9,9
421,441379615,1058817,1,16797952,4096,88,18,9,9
421,441379615,1058817,2,1048320,65536,78,14,9,9
421,441379615,1058817,3,1540096,65536,78,14,9,9
421,441379615,1058817,4,178227200,16384,78,14,9,9
421,441379615,1058817,5,305098496,65536,78,14,9,9
421,441379615,1058817,6,374815232,16384,78,14,9,9
421,441379615,1058817,7,399381248,65536,78,14,9,9
421,441379615,1058817,8,411958528,65536,78,14,9,9
421,441379615,1058817,9,412024320,65536,78,14,9,9
421,441379615,1058817,10,415167744,65536,78,14,9,9
421,441379615,1058817,11,427733504,16384,78,14,9,9
422,442438432,1051705,0,13641728,16384,66,10,9,9
422,442438432,1051705,1,121671680,4096,54,14,9,9
422,442438432,1051705,2,28339456,16384,54,10,9,9
422,442438432,1051705,3,16797952,4096,50,14,9,9
422,442438432,1051705,4,3080960,65536,42,6,9,9
422,442438432,1051705,5,180343296,65536,42,6,9,9
422,442438432,1051705,6,182438400,65536,42,6,9,9
422,442438432,1051705,7,182929664,65536,42,6,9,9
422,442438432,1051705,8,183421184,65536,42,6,9,9
422,442438432,1051705,9,196540416,65536,42,6,9,9
422,442438432,1051705,10,196564992,16384,42,6,9,9
422,442438432,1051705,11,389947392,65536,42,6,9,9
423,443490137,1051358,0,411958528,65536,60,10,9,9
423,443490137,1051358,1,1048320,65536,48,8,9,9
423,443490137,1051358,2,1540096,65536,48,8,9,9
423,443490137,1051358,3,305098496,65536,48,8,9,9
423,443490137,1051358,4,374815232,16384,48,8,9,9
423,443490137,1051358,5,399381248,65536,48,8,9,9
423,443490137,1051358,6,412024320,65536,48,8,9,9
423,443490137,1051358,7,415167744,65536,48,8,9,9
423,443490137,1051358,8,427733504,16384,48,8,9,9
423,443490137,1051358,9,441876224,65536,48,8,9,9
423,443490137,1051358,10,442438656,65536,48,8,9,9
423,443490137,1051358,11,121671680,4096,33,7,9,9
424,444541495,1045024,0,42968832,65536,71,11,10,10
424,444541495,1045024,1,43017984,16384,71,11,10,10
424,444541495,1045024,2,376327168,65536,71,11,10,10
424,444541495,1045024,3,378494464,16384,71,11,10,10
424,444541495,1045024,4,384213504,65536,71,11,10,10
424,444541495,1045024,5,384238080,16384,71,11,10,10
424,444541495,1045024,6,402590464,65536,71,11,10,10
424,444541495,1045024,7,406724352,65536,71,11,10,10
424,444541495,1045024,8,407822336,16384,71,11,10,10
424,444541495,1045024,9,410440960,16384,71,11,10,10
424,444541495,1045024,10,143680512,4096,69,17,10,10
424,444541495,1045024,11,42508288,4096,48,10,10,10
425,445586519,1055183,0,444541696,4096,134,24,10,10
425,445586519,1055183,1,445520896,65536,132,20,10,10
425,445586519,1055183,2,445031168,65536,129,19,10,10
425,445586519,1055183,3,406724352,65536,75,11,10,10
425,445586519,1055183,4,445055744,16384,74,14,10,10
425,445586519,1055183,5,445582336,4096,72,16,10,10
425,445586519,1055183,6,5759488,16384,72,14,10,10
425,445586519,1055183,7,64530688,16384,72,14,10,10
425,445586519,1055183,8,82362624,16384,72,14,10,10
425,445586519,1055183,9,102809600,4096,72,14,10,10
425,445586519,1055183,10,143152128,16384,72,14,10,10
425,445586519,1055183,11,208625920,4096,72,14,10,10
426,446641702,1048624,0,423541248,4096,181,35,6,6
426,446641702,1048624,1,40937216,16384,123,21,6,6
426,446641702,1048624,2,46694144,16384,123,21,6,6
426,446641702,1048624,3,298798848,65536,123,21,6,6
426,446641702,1048624,4,373238016,16384,123,21,6,6
426,446641702,1048624,5,417771520,16384,123,21,6,6
426,446641702,1048624,6,420382976,16384,123,21,6,6
426,446641702,1048624,7,421448704,16384,123,21,6,6
426,446641702,1048624,8,190790400,16384,82,16,6,6
426,446641702,1048624,9,124285696,4096,58,14,6,6
426,446641702,1048624,10,419347456,4096,41,9,6,6
426,446641702,1048624,11,73457664,4096,39,9,6,6
427,447690326,1052195,0,228534784,65536,143,25,0,0
427,447690326,1052195,1,322997760,65536,143,25,0,0
427,447690326,1052195,2,325019648,65536,143,25,0,0
427,447690326,1052195,3,325068800,16384,143,25,0,0
427,447690326,1052195,4,327165184,16384,114,22,0,0
427,447690326,1052195,5,228518144,16384,59,11,0,0
427,447690326,1052195,6,323510528,16384,59,11,0,0
427,447690326,1052195,7,326131712,65536,59,11,0,0
427,447690326,1052195,8,229057536,4096,35,7,0,0
427,447690326,1052195,9,324561920,1024,7,3,0,0
427,447690326,1052195,10,327177472,4096,59,11,0,0
427,447690326,1052195,11,326131712,256,16,4,0,0
428,448742521,1048964,0,447624704,65536,190,28,6,6
428,448742521,1048964,1,423541248,4096,51,11,6,6
428,448742521,1048964,2,40937216,16384,27,5,6,6
428,448742521,1048964,3,46694144,16384,27,5,6,6
428,448742521,1048964,4,298798848,65536,27,5,6,6
428,448742521,1048964,5,373238016,16384,27,5,6,6
428,448742521,1048964,6,417771520,16384,27,5,6,6
428,448742521,1048964,7,420382976,16384,27,5,6,6
428,448742521,1048964,8,421448704,16384,27,5,6,6
428,448742521,1048964,9,124285696,4096,23,5,6,6
428,448742521,1048964,10,47719680,65536,21,3,6,6
428,448742521,1048964,11,104353536,65536,21,3,6,6
429,449791485,1047988,0,445031168,65536,117,17,10,10
429,449791485,1047988,1,444541696,4096,101,19,10,10
429,449791485,1047988,2,445520896,65536,72,10,10,10
429,449791485,1047988,3,445586688,65536,72,10,10,10
429,449791485,1047988,4,446576128,65536,72,10,10,10
429,449791485,1047988,5,42508288,4096,67,15,10,10
429,449791485,1047988,6,445055744,16384,60,10,10,10
429,449791485,1047988,7,143680512,4096,56,12,10,10
429,449791485,1047988,8,263175424,1024,45,11,10,10
429,449791485,1047988,9,90757632,4096,41,9,10,10
429,449791485,1047988,10,176164096,1024,41,9,10,10
429,449791485,1047988,11,177190400,4096,41,9,10,10
430,450839473,1048996,0,447690496,65536,593,89,0,0
430,450839473,1048996,1,448183552,65536,534,82,0,0
430,450839473,1048996,2,448208128,16384,300,56,0,0
430,450839473,1048996,3,327165184,16384,215,41,0,0
430,450839473,1048996,4,228518144,16384,121,25,0,0
430,450839473,1048996,5,323510528,16384,121,25,0,0
430,450839473,1048996,6,326131712,65536,121,25,0,0
430,450839473,1048996,7,228534784,65536,120,18,0,0
430,450839473,1048996,8,322997760,65536,120,18,0,0
430,450839473,1048996,9,325019648,65536,120,18,0,0
430,450839473,1048996,10,325068800,16384,120,18,0,0
430,450839473,1048996,11,448726016,16384,51,9,0,0
431,451888469,1048228,0,451355648,16384,595,103,0,0
431,451888469,1048228,1,448183552,65536,572,92,0,0
431,451888469,1048228,2,447690496,65536,468,74,0,0
431,451888469,1048228,3,448208128,16384,373,65,0,0
431,451888469,1048228,4,451822848,65536,268,44,0,0
431,451888469,1048228,5,450839552,65536,242,40,0,0
431,451888469,1048228,6,451884288,4096,220,42,0,0
431,451888469,1048228,7,327165184,16384,197,35,0,0
431,451888469,1048228,8,228534784,65536,154,24,0,0
431,451888469,1048228,9,322997760,65536,154,24,0,0
431,451888469,1048228,10,325019648,65536,154,24,0,0
431,451888469,1048228,11,325068800,16384,154,24,0,0
432,452936697,1048802,0,452870912,65536,961,151,0,0
432,452936697,1048802,1,447690496,65536,817,129,0,0
432,452936697,1048802,2,448183552,65536,769,125,0,0
432,452936697,1048802,3,451888640,65536,756,118,0,0
432,452936697,1048802,4,451355648,16384,638,108,0,0
432,452936697,1048802,5,452379648,65536,446,70,0,0
432,452936697,1048802,6,452410368,4096,427,91,0,0
432,452936697,1048802,7,448208128,16384,404,72,0,0
432,452936697,1048802,8,451822848,65536,336,56,0,0
432,452936697,1048802,9,450839552,65536,324,52,0,0
432,452936697,1048802,10,228534784,65536,200,34,0,0
432,452936697,1048802,11,322997760,65536,200,34,0,0
433,453985499,1048967,0,447624704,65536,332,54,6,6
433,453985499,1048967,1,449774848,16384,197,31,6,6
433,453985499,1048967,2,423541248,4096,125,25,6,6
433,453985499,1048967,3,449264896,4096,112,20,6,6
433,453985499,1048967,4,447686144,4096,110,20,6,6
433,453985499,1048967,5,40937216,16384,93,17,6,6
433,453985499,1048967,6,46694144,16384,93,17,6,6
433,453985499,1048967,7,298798848,65536,93,17,6,6
433,453985499,1048967,8,373238016,16384,93,17,6,6
433,453985499,1048967,9,417771520,16384,93,17,6,6
433,453985499,1048967,10,420382976,16384,93,17,6,6
433,453985499,1048967,11,421448704,16384,93,17,6,6
434,455034466,1048436,0,450822912,16384,214,40,10,10
434,455034466,1048436,1,450282496,65536,196,32,10,10
434,455034466,1048436,2,444541696,16384,193,35,10,10
434,455034466,1048436,3,445031168,65536,193,31,10,10
434,455034466,1048436,4,449791488,16384,145,27,10,10
434,455034466,1048436,5,445520896,65536,118,20,10,10
434,455034466,1048436,6,445586688,65536,118,20,10,10
434,455034466,1048436,7,446576128,65536,118,20,10,10
434,455034466,1048436,8,450313216,4096,80,18,10,10
434,455034466,1048436,9,450773760,65536,78,12,10,10
434,455034466,1048436,10,445055744,16384,77,15,10,10
434,455034466,1048436,11,143680512,4096,72,16,10,10
435,456082902,1048450,0,450822912,16384,274,50,10,10
435,456082902,1048450,1,455034624,65536,273,43,10,10
435,456082902,1048450,2,444541696,16384,271,45,10,10
435,456082902,1048450,3,445031168,65536,235,35,10,10
435,456082902,1048450,4,456017152,65536,196,32,10,10
435,456082902,1048450,5,456066304,16384,190,34,10,10
435,456082902,1048450,6,450282496,65536,184,28,10,10
435,456082902,1048450,7,445055744,16384,152,28,10,10
435,456082902,1048450,8,445520896,65536,115,17,10,10
435,456082902,1048450,9,445586688,65536,115,17,10,10
435,456082902,1048450,10,446576128,65536,115,17,10,10
435,456082902,1048450,11,455525888,65536,115,17,10,10
436,457131352,1047848,0,452870912,65536,467,71,0,0
436,457131352,1047848,1,453428224,65536,463,71,0,0
436,457131352,1047848,2,452936704,65536,437,69,0,0
436,457131352,1047848,3,451888640,65536,428,68,0,0
436,457131352,1047848,4,451355648,16384,413,69,0,0
436,457131352,1047848,5,453452800,16384,314,50,0,0
436,457131352,1047848,6,447690496,65536,310,48,0,0
436,457131352,1047848,7,452410368,4096,260,48,0,0
436,457131352,1047848,8,448183552,65536,237,37,0,0
436,457131352,1047848,9,448208128,16384,214,34,0,0
436,457131352,1047848,10,450839552,65536,195,31,0,0
436,457131352,1047848,11,327165184,16384,164,32,0,0
437,458179200,1048395,0,457065728,65536,437,71,10,10
437,458179200,1048395,1,456574208,65536,415,65,10,10
437,458179200,1048395,2,456082944,16384,386,68,10,10
437,458179200,1048395,3,455034624,65536,349,55,10,10
437,458179200,1048395,4,457114880,16384,321,59,10,10
437,458179200,1048395,5,445031168,65536,316,50,10,10
437,458179200,1048395,6,450822912,16384,311,57,10,10
437,458179200,1048395,7,450282496,65536,274,44,10,10
437,458179200,1048395,8,456598784,16384,235,39,10,10
437,458179200,1048395,9,455525888,65536,220,36,10,10
437,458179200,1048395,10,445520896,65536,199,33,10,10
437,458179200,1048395,11,445586688,65536,199,33,10,10
438,459227595,1048883,0,452870912,65536,465,71,0,0
438,459227595,1048883,1,451888640,65536,458,72,0,0
438,459227595,1048883,2,457131520,65536,439,67,0,0
438,459227595,1048883,3,451355648,16384,370,68,0,0
438,459227595,1048883,4,448183552,65536,336,52,0,0
438,459227595,1048883,5,447690496,65536,329,51,0,0
438,459227595,1048883,6,453428224,65536,329,51,0,0
438,459227595,1048883,7,452936704,65536,320,48,0,0
438,459227595,1048883,8,458113536,65536,253,41,0,0
438,459227595,1048883,9,453452800,16384,218,34,0,0
438,459227595,1048883,10,448208128,16384,214,38,0,0
438,459227595,1048883,11,452410368,4096,209,47,0,0
439,460276478,1049257,0,452870912,65536,625,95,0,0
439,460276478,1049257,1,457131520,65536,577,87,0,0
439,460276478,1049257,2,451888640,65536,566,88,0,0
439,460276478,1049257,3,448183552,65536,466,72,0,0
439,460276478,1049257,4,451355648,16384,464,80,0,0
439,460276478,1049257,5,452936704,65536,439,67,0,0
439,460276478,1049257,6,453428224,65536,432,64,0,0
439,460276478,1049257,7,447690496,65536,340,52,0,0
439,460276478,1049257,8,453458944,4096,303,57,0,0
439,460276478,1049257,9,459227648,65536,275,47,0,0
439,460276478,1049257,10,450839552,65536,243,37,0,0
439,460276478,1049257,11,448208128,16384,225,37,0,0
440,461325735,1048384,0,452870912,65536,943,153,0,0
440,461325735,1048384,1,457131520,65536,935,147,0,0
440,461325735,1048384,2,451888640,65536,885,139,0,0
440,461325735,1048384,3,451355648,16384,792,140,0,0
440,461325735,1048384,4,448183552,65536,710,116,0,0
440,461325735,1048384,5,453428224,65536,635,103,0,0
440,461325735,1048384,6,452936704,65536,596,94,0,0
440,461325735,1048384,7,460276480,65536,593,93,0,0
440,461325735,1048384,8,461260032,65536,564,92,0,0
440,461325735,1048384,9,447690496,65536,555,89,0,0
440,461325735,1048384,10,453452800,16384,420,68,0,0
440,461325735,1048384,11,450839552,65536,366,60,0,0
441,462374119,1047493,0,451888640,65536,574,90,0,0
441,462374119,1047493,1,457131520,65536,566,90,0,0
441,462374119,1047493,2,451355648,16384,517,91,0,0
441,462374119,1047493,3,461817088,65536,512,82,0,0
441,462374119,1047493,4,452870912,65536,501,77,0,0
441,462374119,1047493,5,452936704,65536,454,72,0,0
441,462374119,1047493,6,461325824,16384,417,75,0,0
441,462374119,1047493,7,460276480,65536,382,60,0,0
441,462374119,1047493,8,458113536,65536,381,65,0,0
441,462374119,1047493,9,453428224,65536,370,60,0,0
441,462374119,1047493,10,461841664,16384,366,70,0,0
441,462374119,1047493,11,447690496,65536,358,58,0,0
442,463421612,1048858,0,456574208,65536,322,50,10,10
442,463421612,1048858,1,456082944,16384,318,56,10,10
442,463421612,1048858,2,457065728,65536,307,49,10,10
442,463421612,1048858,3,450822912,16384,298,52,10,10
442,463421612,1048858,4,456017152,65536,233,39,10,10
442,463421612,1048858,5,450282496,65536,211,33,10,10
442,463421612,1048858,6,445031168,65536,207,31,10,10
442,463421612,1048858,7,455034624,65536,207,31,10,10
442,463421612,1048858,8,458179328,65536,159,25,10,10
442,463421612,1048858,9,457114880,16384,154,28,10,10
442,463421612,1048858,10,456598784,16384,153,23,10,10
442,463421612,1048858,11,445520896,65536,141,21,10,10
443,464470470,1048976,0,457131520,65536,688,106,0,0
443,464470470,1048976,1,452870912,65536,676,106,0,0
443,464470470,1048976,2,462889472,16384,607,101,0,0
443,464470470,1048976,3,451888640,65536,565,89,0,0
443,464470470,1048976,4,463355904,65536,541,87,0,0
443,464470470,1048976,5,452936704,65536,484,76,0,0
443,464470470,1048976,6,461817088,65536,484,76,0,0
443,464470470,1048976,7,447690496,65536,475,75,0,0
443,464470470,1048976,8,451355648,16384,428,70,0,0
443,464470470,1048976,9,460276480,65536,406,62,0,0
443,464470470,1048976,10,462308352,65536,406,62,0,0
443,464470470,1048976,11,458113536,65536,400,64,0,0
444,465519446,1048625,0,452870912,65536,604,92,0,0
444,465519446,1048625,1,465453824,65536,593,105,0,0
444,465519446,1048625,2,462308352,65536,496,76,0,0
444,465519446,1048625,3,448183552,65536,470,76,0,0
444,465519446,1048625,4,464962048,65536,467,75,0,0
444,465519446,1048625,5,457131520,65536,466,72,0,0
444,465519446,1048625,6,447690496,65536,458,70,0,0
444,465519446,1048625,7,461817088,65536,444,66,0,0
444,465519446,1048625,8,464986624,16384,436,80,0,0
444,465519446,1048625,9,451355648,16384,412,72,0,0
444,465519446,1048625,10,448208128,16384,409,69,0,0
444,465519446,1048625,11,451888640,65536,384,58,0,0
445,466568071,1042648,0,456574208,65536,422,66,10,10
445,466568071,1042648,1,456082944,16384,369,65,10,10
445,466568071,1042648,2,457065728,65536,340,54,10,10
445,466568071,1042648,3,455034624,65536,322,50,10,10
445,466568071,1042648,4,457114880,16384,315,53,10,10
445,466568071,1042648,5,463421696,65536,304,48,10,10
445,466568071,1042648,6,450282496,65536,302,48,10,10
445,466568071,1042648,7,445031168,65536,280,44,10,10
445,466568071,1042648,8,464404736,65536,262,40,10,10
445,466568071,1042648,9,444541696,4096,208,36,10,10
445,466568071,1042648,10,450822912,16384,203,33,10,10
445,466568071,1042648,11,456598784,16384,172,28,10,10
446,467610719,1049050,0,456082944,16384,346,62,10,10
446,467610719,1049050,1,450822912,16384,327,59,10,10
446,467610719,1049050,2,456574208,65536,321,49,10,10
446,467610719,1049050,3,457114880,16384,318,58,10,10
446,467610719,1049050,4,463421696,65536,279,43,10,10
446,467610719,1049050,5,466568192,16384,276,50,10,10
446,467610719,1049050,6,467056640,65536,240,42,10,10
446,467610719,1049050,7,455034624,65536,228,36,10,10
446,467610719,1049050,8,458179328,65536,218,36,10,10
446,467610719,1049050,9,457065728,65536,216,36,10,10
446,467610719,1049050,10,406724352,65536,215,37,10,10
446,467610719,1049050,11,464404736,65536,212,32,10,10
447,468659769,1048306,0,456082944,16384,567,101,10,10
447,468659769,1048306,1,457065728,65536,520,88,10,10
447,468659769,1048306,2,457114880,16384,483,87,10,10
447,468659769,1048306,3,456574208,65536,467,73,10,10
447,468659769,1048306,4,467081216,16384,389,75,10,10
447,468659769,1048306,5,455034624,65536,374,58,10,10
447,468659769,1048306,6,466568192,16384,372,68,10,10
447,468659769,1048306,7,467056640,65536,337,57,10,10
447,468659769,1048306,8,444541696,16384,331,57,10,10
447,468659769,1048306,9,464404736,65536,320,50,10,10
447,468659769,1048306,10,445031168,65536,296,46,10,10
447,468659769,1048306,11,463421696,65536,296,46,10,10
448,469708075,1047775,0,452870912,65536,588,88,0,0
448,469708075,1047775,1,466551552,16384,564,88,0,0
448,469708075,1047775,2,464962048,65536,557,87,0,0
448,469708075,1047775,3,451888640,65536,545,83,0,0
448,469708075,1047775,4,466502400,65536,504,78,0,0
448,469708075,1047775,5,464470528,16384,455,71,0,0
448,469708075,1047775,6,463355904,65536,435,67,0,0
448,469708075,1047775,7,466010880,65536,433,71,0,0
448,469708075,1047775,8,451355648,16384,425,73,0,0
448,469708075,1047775,9,462889472,16384,405,69,0,0
448,469708075,1047775,10,466035456,16384,377,61,0,0
448,469708075,1047775,11,465453824,65536,366,64,0,0
449,470755850,1045649,0,470223872,16384,638,108,0,0
449,470755850,1045649,1,466010880,65536,587,95,0,0
449,470755850,1045649,2,466551552,16384,565,95,0,0
449,470755850,1045649,3,464962048,65536,539,89,0,0
449,470755850,1045649,4,466502400,65536,538,90,0,0
449,470755850,1045649,5,470199296,65536,502,84,0,0
449,470755850,1045649,6,451888640,65536,485,81,0,0
449,470755850,1045649,7,451355648,16384,459,79,0,0
449,470755850,1045649,8,465453824,65536,455,79,0,0
449,470755850,1045649,9,452870912,65536,422,68,0,0
449,470755850,1045649,10,466035456,16384,394,66,0,0
449,470755850,1045649,11,459227648,65536,382,62,0,0
450,471801499,1048049,0,456574208,65536,454,70,10,10
450,471801499,1048049,1,463421696,65536,410,64,10,10
450,471801499,1048049,2,466568192,16384,312,56,10,10
450,471801499,1048049,3,445031168,65536,312,48,10,10
450,471801499,1048049,4,469642496,65536,312,48,10,10
450,471801499,1048049,5,456082944,16384,306,58,10,10
450,471801499,1048049,6,450822912,16384,298,56,10,10
450,471801499,1048049,7,457065728,65536,279,43,10,10
450,471801499,1048049,8,468659968,65536,268,42,10,10
450,471801499,1048049,9,457114880,16384,246,42,10,10
450,471801499,1048049,10,444541696,4096,225,41,10,10
450,471801499,1048049,11,467056640,65536,225,35,10,10
451,472849548,1048439,0,471245824,65536,767,129,0,0
451,472849548,1048439,1,466010880,65536,693,111,0,0
451,472849548,1048439,2,451888640,65536,693,107,0,0
451,472849548,1048439,3,466551552,16384,640,106,0,0
451,472849548,1048439,4,470199296,65536,618,98,0,0
451,472849548,1048439,5,470223872,16384,598,100,0,0
451,472849548,1048439,6,466035456,16384,586,98,0,0
451,472849548,1048439,7,452870912,65536,571,89,0,0
451,472849548,1048439,8,466502400,65536,556,90,0,0
451,472849548,1048439,9,451355648,16384,532,90,0,0
451,472849548,1048439,10,464962048,65536,518,84,0,0
451,472849548,1048439,11,465453824,65536,475,85,0,0
452,473897987,1059005,0,471245824,65536,712,112,0,0
452,473897987,1059005,1,464962048,65536,561,89,0,0
452,473897987,1059005,2,470223872,16384,520,84,0,0
452,473897987,1059005,3,466551552,16384,467,77,0,0
452,473897987,1059005,4,451888640,65536,439,67,0,0
452,473897987,1059005,5,466502400,65536,436,70,0,0
452,473897987,1059005,6,466010880,65536,418,66,0,0
452,473897987,1059005,7,469708288,16384,411,73,0,0
452,473897987,1059005,8,470199296,65536,409,61,0,0
452,473897987,1059005,9,462374144,16384,403,79,0,0
452,473897987,1059005,10,471270400,16384,381,59,0,0
452,473897987,1059005,11,465519616,16384,361,63,0,0
453,474956992,1048122,0,471245824,65536,530,86,0,0
453,474956992,1048122,1,451888640,65536,504,80,0,0
453,474956992,1048122,2,466551552,16384,492,82,0,0
453,474956992,1048122,3,466502400,65536,421,67,0,0
453,474956992,1048122,4,471800320,1024,397,89,0,0
453,474956992,1048122,5,473365504,16384,379,63,0,0
453,474956992,1048122,6,466010880,65536,367,61,0,0
453,474956992,1048122,7,452936704,65536,358,56,0,0
453,474956992,1048122,8,470199296,65536,342,54,0,0
453,474956992,1048122,9,465519616,16384,341,59,0,0
453,474956992,1048122,10,469708288,16384,333,57,0,0
453,474956992,1048122,11,466035456,16384,313,53,0,0
454,476005114,1048830,0,471245824,65536,766,124,0,0
454,476005114,1048830,1,470199296,65536,536,86,0,0
454,476005114,1048830,2,470223872,16384,530,86,0,0
454,476005114,1048830,3,473365504,16384,524,88,0,0
454,476005114,1048830,4,466502400,65536,495,77,0,0
454,476005114,1048830,5,466551552,16384,450,74,0,0
454,476005114,1048830,6,451888640,65536,444,70,0,0
454,476005114,1048830,7,471270400,16384,406,70,0,0
454,476005114,1048830,8,451355648,16384,379,67,0,0
454,476005114,1048830,9,466010880,65536,364,58,0,0
454,476005114,1048830,10,471800320,1024,347,81,0,0
454,476005114,1048830,11,469708288,16384,343,59,0,0
455,477053944,1049318,0,471245824,65536,545,93,0,0
455,477053944,1049318,1,470223872,16384,504,86,0,0
455,477053944,1049318,2,466010880,65536,472,80,0,0
455,477053944,1049318,3,466502400,65536,348,62,0,0
455,477053944,1049318,4,470199296,65536,340,54,0,0
455,477053944,1049318,5,473365504,16384,333,59,0,0
455,477053944,1049318,6,466551552,16384,317,55,0,0
455,477053944,1049318,7,451355648,16384,309,53,0,0
455,477053944,1049318,8,466035456,16384,300,50,0,0
455,477053944,1049318,9,475448064,65536,273,43,0,0
455,477053944,1049318,10,476005120,16384,269,47,0,0
455,477053944,1049318,11,471784960,16384,265,47,0,0
456,478103262,1048852,0,411958528,65536,160,28,9,9
456,478103262,1048852,1,443983104,65536,144,22,9,9
456,478103262,1048852,2,412019968,4096,117,21,9,9
456,478103262,1048852,3,16797952,4096,69,15,9,9
456,478103262,1048852,4,13641728,16384,69,11,9,9
456,478103262,1048852,5,121671680,4096,64,14,9,9
456,478103262,1048852,6,1048320,65536,63,11,9,9
456,478103262,1048852,7,1540096,65536,63,11,9,9
456,478103262,1048852,8,305098496,65536,63,11,9,9
456,478103262,1048852,9,374815232,16384,63,11,9,9
456,478103262,1048852,10,399381248,65536,63,11,9,9
456,478103262,1048852,11,415167744,65536,63,11,9,9
457,479152114,1046738,0,478103296,65536,385,59,9,9
457,479152114,1046738,1,411958528,65536,181,31,9,9
457,479152114,1046738,2,479086336,65536,123,19,9,9
457,479152114,1046738,3,443983104,65536,120,18,9,9
457,479152114,1046738,4,479135488,16384,111,23,9,9
457,479152114,1046738,5,412019968,4096,110,18,9,9
457,479152114,1046738,6,478594816,65536,102,16,9,9
457,479152114,1046738,7,121671680,4096,84,20,9,9
457,479152114,1046738,8,13641728,16384,84,14,9,9
457,479152114,1046738,9,1048320,65536,76,14,9,9
457,479152114,1046738,10,1540096,65536,76,14,9,9
457,479152114,1046738,11,305098496,65536,76,14,9,9
458,480198852,1047896,0,471245824,65536,408,66,0,0
458,480198852,1047896,1,470223872,16384,361,61,0,0
458,480198852,1047896,2,476521216,16384,348,62,0,0
458,480198852,1047896,3,475988480,16384,328,56,0,0
458,480198852,1047896,4,471276544,4096,291,61,0,0
458,480198852,1047896,5,451355648,16384,281,49,0,0
458,480198852,1047896,6,465453824,65536,268,46,0,0
458,480198852,1047896,7,478037504,65536,262,40,0,0
458,480198852,1047896,8,466010880,65536,254,44,0,0
458,480198852,1047896,9,464986624,16384,253,45,0,0
458,480198852,1047896,10,474419200,16384,234,38,0,0
458,480198852,1047896,11,477037312,16384,233,41,0,0
459,481246748,1048413,0,476005120,16384,509,81,0,0
459,481246748,1048413,1,480689920,65536,465,71,0,0
459,481246748,1048413,2,471245824,65536,419,67,0,0
459,481246748,1048413,3,471276544,4096,337,69,0,0
459,481246748,1048413,4,473365504,16384,337,55,0,0
459,481246748,1048413,5,474419200,16384,337,55,0,0
459,481246748,1048413,6,451355648,16384,334,56,0,0
459,481246748,1048413,7,451888640,65536,315,49,0,0
459,481246748,1048413,8,480714496,16384,313,53,0,0
459,481246748,1048413,9,473832448,65536,312,48,0,0
459,481246748,1048413,10,477053952,16384,311,49,0,0
459,481246748,1048413,11,461325824,16384,305,55,0,0
460,482295161,1049184,0,482229504,65536,696,108,0,0
460,482295161,1049184,1,471245824,65536,558,90,0,0
460,482295161,1049184,2,451355648,16384,470,82,0,0
460,482295161,1049184,3,473898240,65536,469,75,0,0
460,482295161,1049184,4,481246976,65536,458,70,0,0
460,482295161,1049184,5,480714496,16384,453,77,0,0
460,482295161,1049184,6,478037504,65536,432,66,0,0
460,482295161,1049184,7,470223872,16384,424,70,0,0
460,482295161,1049184,8,448183552,65536,393,63,0,0
460,482295161,1049184,9,481738240,65536,392,60,0,0
460,482295161,1049184,10,461325824,16384,389,71,0,0
460,482295161,1049184,11,480689920,65536,385,59,0,0
461,483344345,1048184,0,482229504,65536,639,99,0,0
461,483344345,1048184,1,481738240,65536,554,88,0,0
461,483344345,1048184,2,480689920,65536,524,80,0,0
461,483344345,1048184,3,478037504,65536,501,79,0,0
461,483344345,1048184,4,482295296,65536,501,79,0,0
461,483344345,1048184,5,471245824,65536,458,74,0,0
461,483344345,1048184,6,476005120,16384,394,62,0,0
461,483344345,1048184,7,470223872,16384,383,63,0,0
461,483344345,1048184,8,451355648,16384,359,59,0,0
461,483344345,1048184,9,483278592,65536,349,55,0,0
461,483344345,1048184,10,481246976,65536,346,52,0,0
461,483344345,1048184,11,477053952,16384,327,53,0,0
462,484392529,1050368,0,483860224,16384,586,102,0,0
462,484392529,1050368,1,484326912,65536,537,83,0,0
462,484392529,1050368,2,481246976,65536,443,67,0,0
462,484392529,1050368,3,483344384,65536,437,73,0,0
462,484392529,1050368,4,482229504,65536,414,62,0,0
462,484392529,1050368,5,481738240,65536,411,67,0,0
462,484392529,1050368,6,483835648,65536,395,67,0,0
462,484392529,1050368,7,477053952,16384,384,66,0,0
462,484392529,1050368,8,480689920,65536,373,59,0,0
462,484392529,1050368,9,471276544,4096,364,78,0,0
462,484392529,1050368,10,482295296,16384,354,66,0,0
462,484392529,1050368,11,476521216,16384,350,62,0,0
463,485442897,1047962,0,483860224,16384,573,99,0,0
463,485442897,1047962,1,483344384,65536,539,87,0,0
463,485442897,1047962,2,484326912,65536,527,81,0,0
463,485442897,1047962,3,473365504,16384,482,80,0,0
463,485442897,1047962,4,451355648,16384,455,77,0,0
463,485442897,1047962,5,473898240,16384,445,79,0,0
463,485442897,1047962,6,481738240,65536,436,72,0,0
463,485442897,1047962,7,482278656,16384,435,77,0,0
463,485442897,1047962,8,484909568,16384,423,69,0,0
463,485442897,1047962,9,483835648,65536,421,71,0,0
463,485442897,1047962,10,481246976,16384,394,74,0,0
463,485442897,1047962,11,480689920,65536,379,59,0,0
464,486490859,1049387,0,484326912,65536,765,119,0,0
464,486490859,1049387,1,485934080,65536,743,121,0,0
464,486490859,1049387,2,483860224,16384,674,120,0,0
464,486490859,1049387,3,482229504,65536,570,88,0,0
464,486490859,1049387,4,481246976,65536,566,92,0,0
464,486490859,1049387,5,484909568,16384,554,94,0,0
464,486490859,1049387,6,483835648,65536,483,83,0,0
464,486490859,1049387,7,480689920,65536,471,75,0,0
464,486490859,1049387,8,484392704,65536,446,70,0,0
464,486490859,1049387,9,483344384,16384,436,82,0,0
464,486490859,1049387,10,481738240,65536,436,70,0,0
464,486490859,1049387,11,477053952,16384,427,75,0,0
465,487540246,1047893,0,486982656,65536,880,148,0,0
465,487540246,1047893,1,483860224,16384,805,137,0,0
465,487540246,1047893,2,484909568,16384,758,124,0,0
465,487540246,1047893,3,484326912,65536,708,112,0,0
465,487540246,1047893,4,483835648,65536,634,106,0,0
465,487540246,1047893,5,481246976,65536,601,95,0,0
465,487540246,1047893,6,484392704,65536,593,95,0,0
465,487540246,1047893,7,487474688,65536,555,93,0,0
465,487540246,1047893,8,487013376,4096,541,105,0,0
465,487540246,1047893,9,482229504,65536,538,84,0,0
465,487540246,1047893,10,480689920,65536,532,86,0,0
465,487540246,1047893,11,484884992,65536,532,86,0,0
466,488588139,1047723,0,484909568,16384,579,93,0,0
466,488588139,1047723,1,484326912,65536,572,92,0,0
466,488588139,1047723,2,482229504,65536,520,86,0,0
466,488588139,1047723,3,488571648,16384,493,85,0,0
466,488588139,1047723,4,481246976,65536,487,79,0,0
466,488588139,1047723,5,485934080,65536,486,84,0,0
466,488588139,1047723,6,483860224,16384,454,76,0,0
466,488588139,1047723,7,484392704,65536,449,69,0,0
466,488588139,1047723,8,482295296,65536,439,69,0,0
466,488588139,1047723,9,486982656,65536,428,70,0,0
466,488588139,1047723,10,447690496,65536,424,64,0,0
466,488588139,1047723,11,481738240,65536,416,70,0,0
467,489635862,1048909,0,478103296,65536,496,76,9,9
467,489635862,1048909,1,479642624,65536,304,46,9,9
467,489635862,1048909,2,443983104,65536,214,36,9,9
467,489635862,1048909,3,479086336,65536,149,25,9,9
467,489635862,1048909,4,479667200,16384,145,25,9,9
467,489635862,1048909,5,478594816,65536,115,19,9,9
467,489635862,1048909,6,480133120,65536,103,19,9,9
467,489635862,1048909,7,479152128,16384,91,17,9,9
467,489635862,1048909,8,16797952,4096,79,17,9,9
467,489635862,1048909,9,13641728,16384,78,12,9,9
467,489635862,1048909,10,411958528,65536,76,14,9,9
467,489635862,1048909,11,443424512,65536,73,13,9,9
468,490684771,1048061,0,489079296,65536,831,129,0,0
468,490684771,1048061,1,485934080,65536,791,131,0,0
468,490684771,1048061,2,487474688,65536,539,85,0,0
468,490684771,1048061,3,486982656,65536,503,89,0,0
468,490684771,1048061,4,487540480,65536,494,84,0,0
468,490684771,1048061,5,488588288,16384,471,79,0,0
468,490684771,1048061,6,488031488,65536,468,82,0,0
468,490684771,1048061,7,484326912,65536,459,71,0,0
468,490684771,1048061,8,484392704,65536,452,68,0,0
468,490684771,1048061,9,483344384,65536,441,73,0,0
468,490684771,1048061,10,483860224,16384,408,74,0,0
468,490684771,1048061,11,484909568,16384,391,71,0,0
469,491732832,1048181,0,456082944,16384,540,96,10,10
469,491732832,1048181,1,456574208,65536,395,63,10,10
469,491732832,1048181,2,469151232,65536,358,58,10,10
469,491732832,1048181,3,457114880,16384,347,61,10,10
469,491732832,1048181,4,457065728,65536,329,53,10,10
469,491732832,1048181,5,468659968,65536,311,51,10,10
469,491732832,1048181,6,468643328,16384,302,54,10,10
469,491732832,1048181,7,467056640,65536,279,45,10,10
469,491732832,1048181,8,445031168,65536,265,41,10,10
469,491732832,1048181,9,463421696,65536,265,41,10,10
469,491732832,1048181,10,469642496,65536,265,41,10,10
469,491732832,1048181,11,467081216,16384,261,49,10,10
470,492781013,1047740,0,489079296,65536,1013,159,0,0
470,492781013,1047740,1,485934080,65536,1010,164,0,0
470,492781013,1047740,2,488588288,65536,718,110,0,0
470,492781013,1047740,3,491667200,65536,651,101,0,0
470,492781013,1047740,4,487474688,65536,643,103,0,0
470,492781013,1047740,5,486982656,65536,602,104,0,0
470,492781013,1047740,6,487540480,65536,536,90,0,0
470,492781013,1047740,7,484326912,65536,517,83,0,0
470,492781013,1047740,8,451888640,65536,502,78,0,0
470,492781013,1047740,9,451355648,16384,496,84,0,0
470,492781013,1047740,10,487013376,4096,477,99,0,0
470,492781013,1047740,11,489619456,16384,461,79,0,0
471,493828753,1049457,0,489079296,65536,983,149,0,0
471,493828753,1049457,1,493272064,65536,965,149,0,0
471,493828753,1049457,2,485934080,65536,782,122,0,0
471,493828753,1049457,3,451355648,16384,727,119,0,0
471,493828753,1049457,4,488588288,65536,688,102,0,0
471,493828753,1049457,5,491667200,65536,643,97,0,0
471,493828753,1049457,6,489103872,16384,525,83,0,0
471,493828753,1049457,7,493763072,65536,479,77,0,0
471,493828753,1049457,8,490684928,65536,457,69,0,0
471,493828753,1049457,9,488031488,65536,456,78,0,0
471,493828753,1049457,10,486982656,65536,436,76,0,0
471,493828753,1049457,11,489619456,16384,419,69,0,0
472,494878210,1048247,0,493272064,65536,819,135,0,0
472,494878210,1048247,1,485934080,65536,800,134,0,0
472,494878210,1048247,2,489079296,65536,687,113,0,0
472,494878210,1048247,3,494320640,65536,634,104,0,0
472,494878210,1048247,4,488588288,65536,599,99,0,0
472,494878210,1048247,5,491667200,65536,561,93,0,0
472,494878210,1048247,6,493828864,65536,538,86,0,0
472,494878210,1048247,7,493763072,65536,535,85,0,0
472,494878210,1048247,8,451355648,16384,518,94,0,0
472,494878210,1048247,9,494345216,16384,495,85,0,0
472,494878210,1048247,10,480714496,16384,425,75,0,0
472,494878210,1048247,11,489619456,16384,408,72,0,0
473,495926457,1048643,0,493272064,65536,723,111,0,0
473,495926457,1048643,1,494320640,65536,583,99,0,0
473,495926457,1048643,2,493828864,65536,553,83,0,0
473,495926457,1048643,3,489079296,65536,520,78,0,0
473,495926457,1048643,4,485934080,65536,474,80,0,0
473,495926457,1048643,5,494878464,16384,473,73,0,0
473,495926457,1048643,6,488588288,65536,453,67,0,0
473,495926457,1048643,7,451355648,16384,406,68,0,0
473,495926457,1048643,8,489619456,16384,404,66,0,0
473,495926457,1048643,9,491716352,16384,392,66,0,0
473,495926457,1048643,10,495860736,65536,390,62,0,0
473,495926457,1048643,11,493763072,65536,386,60,0,0
474,496975100,1048117,0,493272064,65536,628,102,0,0
474,496975100,1048117,1,495860736,65536,566,92,0,0
474,496975100,1048117,2,494878464,16384,529,85,0,0
474,496975100,1048117,3,494320640,65536,527,89,0,0
474,496975100,1048117,4,485934080,65536,484,80,0,0
474,496975100,1048117,5,495369472,65536,462,74,0,0
474,496975100,1048117,6,480714496,16384,456,76,0,0
474,496975100,1048117,7,493828864,65536,453,71,0,0
474,496975100,1048117,8,489079296,65536,423,65,0,0
474,496975100,1048117,9,451355648,16384,400,66,0,0
474,496975100,1048117,10,487013376,4096,393,77,0,0
474,496975100,1048117,11,486982656,65536,371,65,0,0
475,498023217,1048878,0,491732992,65536,417,63,10,10
475,498023217,1048878,1,456082944,16384,416,74,10,10
475,498023217,1048878,2,466568192,65536,385,59,10,10
475,498023217,1048878,3,469151232,65536,365,55,10,10
475,498023217,1048878,4,463421696,65536,356,54,10,10
475,498023217,1048878,5,492764416,16384,336,62,10,10
475,498023217,1048878,6,469691648,16384,334,58,10,10
475,498023217,1048878,7,472292608,65536,303,51,10,10
475,498023217,1048878,8,445031168,65536,278,42,10,10
475,498023217,1048878,9,450822912,16384,277,53,10,10
475,498023217,1048878,10,456574208,65536,277,43,10,10
475,498023217,1048878,11,457065728,65536,255,39,10,10
476,499072095,1047966,0,497957632,65536,658,106,0,0
476,499072095,1047966,1,496975104,65536,558,90,0,0
476,499072095,1047966,2,493272064,65536,503,83,0,0
476,499072095,1047966,3,495860736,65536,484,80,0,0
476,499072095,1047966,4,494878464,16384,464,74,0,0
476,499072095,1047966,5,493828864,65536,463,75,0,0
476,499072095,1047966,6,487013376,4096,453,87,0,0
476,499072095,1047966,7,488031488,65536,436,74,0,0
476,499072095,1047966,8,495369472,65536,436,70,0,0
476,499072095,1047966,9,494320640,65536,384,70,0,0
476,499072095,1047966,10,491716352,16384,377,67,0,0
476,499072095,1047966,11,489079296,65536,367,59,0,0
477,500120061,1048419,0,498006784,16384,685,113,0,0
477,500120061,1048419,1,500054272,65536,606,100,0,0
477,500120061,1048419,2,493272064,65536,603,97,0,0
477,500120061,1048419,3,496975104,65536,541,83,0,0
477,500120061,1048419,4,494878464,16384,502,82,0,0
477,500120061,1048419,5,499072256,16384,500,86,0,0
477,500120061,1048419,6,495860736,65536,478,76,0,0
477,500120061,1048419,7,488588288,4096,439,87,0,0
477,500120061,1048419,8,496909312,65536,435,67,0,0
477,500120061,1048419,9,500115712,4096,421,69,0,0
477,500120061,1048419,10,499587840,16384,404,74,0,0
477,500120061,1048419,11,491667200,65536,402,62,0,0
478,501168480,1047973,0,498006784,16384,786,128,0,0
478,501168480,1047973,1,500120064,65536,732,116,0,0
478,501168480,1047973,2,500054272,65536,524,86,0,0
478,501168480,1047973,3,496975104,65536,504,78,0,0
478,501168480,1047973,4,500611328,65536,452,70,0,0
478,501168480,1047973,5,501102848,65536,450,70,0,0
478,501168480,1047973,6,499072256,4096,428,86,0,0
478,501168480,1047973,7,495369472,65536,394,62,0,0
478,501168480,1047973,8,499587840,16384,392,70,0,0
478,501168480,1047973,9,496958464,16384,369,63,0,0
478,501168480,1047973,10,488588288,16384,363,65,0,0
478,501168480,1047973,11,500635904,16384,346,54,0,0
479,502216453,1049001,0,500120064,65536,702,110,0,0
479,502216453,1049001,1,498006784,16384,673,111,0,0
479,502216453,1049001,2,500054272,65536,515,85,0,0
479,502216453,1049001,3,500611328,65536,441,69,0,0
479,502216453,1049001,4,496975104,65536,429,65,0,0
479,502216453,1049001,5,499072256,65536,411,65,0,0
479,502216453,1049001,6,501102848,65536,410,64,0,0
479,502216453,1049001,7,499587840,16384,407,75,0,0
479,502216453,1049001,8,502150912,65536,380,62,0,0
479,502216453,1049001,9,501684224,16384,347,65,0,0
479,502216453,1049001,10,487013376,4096,331,73,0,0
479,502216453,1049001,11,501659648,65536,331,55,0,0
480,503265454,1048905,0,456082944,16384,568,100,10,10
480,503265454,1048905,1,491732992,65536,534,84,10,10
480,503265454,1048905,2,499006464,65536,473,77,10,10
480,503265454,1048905,3,469151232,65536,451,73,10,10
480,503265454,1048905,4,457114880,16384,394,70,10,10
480,503265454,1048905,5,467056640,65536,337,55,10,10
480,503265454,1048905,6,450822912,16384,321,57,10,10
480,503265454,1048905,7,468643328,16384,317,57,10,10
480,503265454,1048905,8,466568192,65536,316,50,10,10
480,503265454,1048905,9,458179328,65536,315,51,10,10
480,503265454,1048905,10,456017152,65536,296,50,10,10
480,503265454,1048905,11,498023424,16384,293,53,10,10
481,504314359,1048508,0,453985536,65536,163,25,6,6
481,504314359,1048508,1,455017984,16384,121,23,6,6
481,504314359,1048508,2,449774848,16384,112,20,6,6
481,504314359,1048508,3,408814592,65536,102,20,6,6
481,504314359,1048508,4,423541248,4096,102,20,6,6
481,504314359,1048508,5,47719680,65536,77,15,6,6
481,504314359,1048508,6,104353536,65536,77,15,6,6
481,504314359,1048508,7,105897472,65536,77,15,6,6
481,504314359,1048508,8,109043456,65536,77,15,6,6
481,504314359,1048508,9,214903552,16384,77,15,6,6
481,504314359,1048508,10,219110656,65536,77,15,6,6
481,504314359,1048508,11,246375936,16384,77,15,6,6
482,505362867,1048252,0,491732992,65536,455,71,10,10
482,505362867,1048252,1,499006464,65536,430,68,10,10
482,505362867,1048252,2,456082944,16384,408,74,10,10
482,505362867,1048252,3,456574208,65536,388,62,10,10
482,505362867,1048252,4,469151232,65536,364,56,10,10
482,505362867,1048252,5,445031168,65536,326,52,10,10
482,505362867,1048252,6,469642496,65536,326,52,10,10
482,505362867,1048252,7,498023424,16384,325,59,10,10
482,505362867,1048252,8,466568192,65536,319,51,10,10
482,505362867,1048252,9,450822912,16384,304,54,10,10
482,505362867,1048252,10,468643328,16384,296,56,10,10
482,505362867,1048252,11,444541696,4096,263,47,10,10
483,506411119,1048772,0,491732992,65536,607,95,10,10
483,506411119,1048772,1,456082944,16384,497,83,10,10
483,506411119,1048772,2,505854208,65536,483,77,10,10
483,506411119,1048772,3,499006464,65536,455,69,10,10
483,506411119,1048772,4,505878784,16384,408,68,10,10
483,506411119,1048772,5,469151232,65536,314,48,10,10
483,506411119,1048772,6,457114880,16384,304,52,10,10
483,506411119,1048772,7,456017152,65536,304,50,10,10
483,506411119,1048772,8,450773760,65536,272,44,10,10
483,506411119,1048772,9,456574208,65536,272,44,10,10
483,506411119,1048772,10,468659968,65536,264,40,10,10
483,506411119,1048772,11,450822912,16384,255,45,10,10
484,507459891,1047773,0,478103296,65536,443,69,9,9
484,507459891,1047773,1,479642624,65536,408,64,9,9
484,507459891,1047773,2,490619136,65536,295,45,9,9
484,507459891,1047773,3,489636096,16384,272,50,9,9
484,507459891,1047773,4,490668288,16384,231,43,9,9
484,507459891,1047773,5,443983104,65536,226,34,9,9
484,507459891,1047773,6,13641728,16384,194,34,9,9
484,507459891,1047773,7,490127616,65536,185,29,9,9
484,507459891,1047773,8,478594816,65536,180,28,9,9
484,507459891,1047773,9,479086336,65536,180,28,9,9
484,507459891,1047773,10,479667200,16384,180,28,9,9
484,507459891,1047773,11,411958528,65536,178,32,9,9
485,508507664,1048084,0,506411264,65536,541,85,10,10
485,508507664,1048084,1,499006464,65536,507,83,10,10
485,508507664,1048084,2,456082944,16384,505,93,10,10
485,508507664,1048084,3,505878784,16384,380,64,10,10
485,508507664,1048084,4,450822912,16384,327,59,10,10
485,508507664,1048084,5,505854208,65536,301,49,10,10
485,508507664,1048084,6,469691648,16384,294,54,10,10
485,508507664,1048084,7,503787776,4096,287,51,10,10
485,508507664,1048084,8,457065728,65536,275,49,10,10
485,508507664,1048084,9,456017152,65536,260,46,10,10
485,508507664,1048084,10,457114880,16384,256,46,10,10
485,508507664,1048084,11,492224000,65536,239,41,10,10
486,509555748,1047394,0,456082944,16384,413,71,10,10
486,509555748,1047394,1,499006464,65536,368,54,10,10
486,509555748,1047394,2,505878784,16384,348,58,10,10
486,509555748,1047394,3,506411264,65536,310,44,10,10
486,509555748,1047394,4,505854208,65536,299,45,10,10
486,509555748,1047394,5,492764416,16384,271,47,10,10
486,509555748,1047394,6,457114880,16384,263,45,10,10
486,509555748,1047394,7,466568192,4096,258,52,10,10
486,509555748,1047394,8,469691648,16384,257,45,10,10
486,509555748,1047394,9,445031168,65536,242,36,10,10
486,509555748,1047394,10,491732992,65536,239,35,10,10
486,509555748,1047394,11,457065728,65536,237,37,10,10
487,510603142,1048535,0,500120064,65536,615,97,0,0
487,510603142,1048535,1,496975104,65536,563,89,0,0
487,510603142,1048535,2,498006784,16384,530,84,0,0
487,510603142,1048535,3,502216704,65536,481,75,0,0
487,510603142,1048535,4,500054272,65536,450,74,0,0
487,510603142,1048535,5,451888640,65536,420,66,0,0
487,510603142,1048535,6,451355648,16384,387,65,0,0
487,510603142,1048535,7,493272064,65536,354,56,0,0
487,510603142,1048535,8,485934080,65536,340,56,0,0
487,510603142,1048535,9,500611328,65536,330,50,0,0
487,510603142,1048535,10,448183552,65536,318,50,0,0
487,510603142,1048535,11,501168640,65536,318,50,0,0
488,511651677,1048310,0,505854208,65536,518,88,10,10
488,511651677,1048310,1,491732992,65536,398,66,10,10
488,511651677,1048310,2,456082944,16384,397,69,10,10
488,511651677,1048310,3,506411264,65536,365,59,10,10
488,511651677,1048310,4,505878784,16384,342,58,10,10
488,511651677,1048310,5,508998912,65536,339,57,10,10
488,511651677,1048310,6,498023424,16384,310,56,10,10
488,511651677,1048310,7,469151232,65536,275,45,10,10
488,511651677,1048310,8,444541696,4096,248,46,10,10
488,511651677,1048310,9,499006464,65536,248,38,10,10
488,511651677,1048310,10,510537472,65536,246,40,10,10
488,511651677,1048310,11,492715264,65536,228,38,10,10
489,512699987,1048981,0,505878784,16384,432,72,10,10
489,512699987,1048981,1,505854208,65536,394,62,10,10
489,512699987,1048981,2,444541696,4096,390,72,10,10
489,512699987,1048981,3,499006464,65536,373,57,10,10
489,512699987,1048981,4,456082944,16384,361,61,10,10
489,512699987,1048981,5,510537472,65536,354,54,10,10
489,512699987,1048981,6,506411264,65536,335,51,10,10
489,512699987,1048981,7,491732992,65536,334,52,10,10
489,512699987,1048981,8,445031168,65536,331,51,10,10
489,512699987,1048981,9,507394304,65536,289,45,10,10
489,512699987,1048981,10,466568192,16384,271,49,10,10
489,512699987,1048981,11,492764416,16384,269,45,10,10
490,513748968,1047901,0,502216704,65536,657,103,0,0
490,513748968,1047901,1,500120064,65536,603,95,0,0
490,513748968,1047901,2,510603264,16384,569,95,0,0
490,513748968,1047901,3,501659648,65536,545,91,0,0
490,513748968,1047901,4,502150912,65536,545,91,0,0
490,513748968,1047901,5,501102848,65536,535,85,0,0
490,513748968,1047901,6,500054272,65536,493,81,0,0
490,513748968,1047901,7,500611328,65536,479,75,0,0
490,513748968,1047901,8,498006784,16384,476,78,0,0
490,513748968,1047901,9,500635904,16384,411,67,0,0
490,513748968,1047901,10,496975104,65536,393,61,0,0
490,513748968,1047901,11,499072256,4096,388,80,0,0
491,514796869,1048256,0,500120064,65536,747,117,0,0
491,514796869,1048256,1,502216704,65536,727,111,0,0
491,514796869,1048256,2,514731264,65536,657,99,0,0
491,514796869,1048256,3,514240000,65536,639,101,0,0
491,514796869,1048256,4,500054272,65536,620,102,0,0
491,514796869,1048256,5,501102848,65536,582,90,0,0
491,514796869,1048256,6,510603264,16384,558,94,0,0
491,514796869,1048256,7,513748992,16384,550,86,0,0
491,514796869,1048256,8,500611328,65536,536,80,0,0
491,514796869,1048256,9,501659648,65536,510,80,0,0
491,514796869,1048256,10,497957632,65536,447,69,0,0
491,514796869,1048256,11,499587840,16384,429,77,0,0
492,515845125,1049095,0,502216704,65536,760,118,0,0
492,515845125,1049095,1,500120064,65536,705,109,0,0
492,515845125,1049095,2,515828736,16384,645,103,0,0
492,515845125,1049095,3,501102848,65536,589,91,0,0
492,515845125,1049095,4,514731264,65536,552,90,0,0
492,515845125,1049095,5,513748992,65536,544,86,0,0
492,515845125,1049095,6,510603264,16384,508,88,0,0
492,515845125,1049095,7,500611328,65536,505,79,0,0
492,515845125,1049095,8,501659648,65536,484,76,0,0
492,515845125,1049095,9,447690496,65536,468,70,0,0
492,515845125,1049095,10,514240000,65536,446,72,0,0
492,515845125,1049095,11,487013376,4096,430,86,0,0
493,516894220,1049390,0,516828672,65536,734,114,0,0
493,516894220,1049390,1,500611328,65536,679,107,0,0
493,516894220,1049390,2,515828736,16384,624,104,0,0
493,516894220,1049390,3,516336896,65536,621,95,0,0
493,516894220,1049390,4,502216704,65536,617,99,0,0
493,516894220,1049390,5,513748992,65536,608,96,0,0
493,516894220,1049390,6,499587840,16384,567,105,0,0
493,516894220,1049390,7,514731264,65536,565,85,0,0
493,516894220,1049390,8,500635904,16384,553,87,0,0
493,516894220,1049390,9,516361472,16384,522,84,0,0
493,516894220,1049390,10,501684224,16384,478,90,0,0
493,516894220,1049390,11,501102848,65536,453,71,0,0
494,517943610,1047909,0,516894464,16384,965,161,0,0
494,517943610,1047909,1,517386240,65536,741,115,0,0
494,517943610,1047909,2,516828672,65536,711,109,0,0
494,517943610,1047909,3,514731264,65536,607,95,0,0
494,517943610,1047909,4,517410816,16384,596,102,0,0
494,517943610,1047909,5,516336896,65536,587,91,0,0
494,517943610,1047909,6,515828736,16384,533,87,0,0
494,517943610,1047909,7,516361472,16384,520,84,0,0
494,517943610,1047909,8,515845376,16384,472,92,0,0
494,517943610,1047909,9,500635904,16384,462,74,0,0
494,517943610,1047909,10,517878016,65536,459,75,0,0
494,517943610,1047909,11,514240000,65536,458,70,0,0
495,518991519,1048192,0,516894464,16384,652,112,0,0
495,518991519,1048192,1,499587840,16384,506,90,0,0
495,518991519,1048192,2,515828736,16384,477,81,0,0
495,518991519,1048192,3,518925824,65536,465,71,0,0
495,518991519,1048192,4,516828672,65536,439,69,0,0
495,518991519,1048192,5,451888640,65536,432,66,0,0
495,518991519,1048192,6,448183552,65536,409,65,0,0
495,518991519,1048192,7,517939456,4096,399,79,0,0
495,518991519,1048192,8,517927168,16384,388,66,0,0
495,518991519,1048192,9,517410816,16384,369,67,0,0
495,518991519,1048192,10,498019072,4096,359,69,0,0
495,518991519,1048192,11,447690496,65536,359,53,0,0
496,520039711,1049031,0,516894464,16384,932,156,0,0
496,520039711,1049031,1,517386240,65536,813,127,0,0
496,520039711,1049031,2,516828672,65536,711,115,0,0
496,520039711,1049031,3,518925824,65536,685,107,0,0
496,520039711,1049031,4,516336896,65536,655,103,0,0
496,520039711,1049031,5,514731264,65536,584,92,0,0
496,520039711,1049031,6,517943808,65536,555,83,0,0
496,520039711,1049031,7,515828736,16384,522,88,0,0
496,520039711,1049031,8,516361472,16384,490,82,0,0
496,520039711,1049031,9,517410816,16384,480,80,0,0
496,520039711,1049031,10,515845376,16384,439,89,0,0
496,520039711,1049031,11,499563264,65536,431,65,0,0
497,521088742,1048925,0,516894464,16384,814,136,0,0
497,521088742,1048925,1,517386240,65536,796,124,0,0
497,521088742,1048925,2,520039936,65536,747,113,0,0
497,521088742,1048925,3,518925824,65536,727,113,0,0
497,521088742,1048925,4,520531456,65536,707,109,0,0
497,521088742,1048925,5,520556032,16384,661,105,0,0
497,521088742,1048925,6,516336896,65536,600,94,0,0
497,521088742,1048925,7,516828672,65536,581,93,0,0
497,521088742,1048925,8,517943808,65536,558,90,0,0
497,521088742,1048925,9,515779584,65536,531,83,0,0
497,521088742,1048925,10,521022976,65536,489,79,0,0
497,521088742,1048925,11,519974144,65536,478,78,0,0
498,522137667,1048041,0,521580288,65536,682,102,0,0
498,522137667,1048041,1,518925824,65536,570,86,0,0
498,522137667,1048041,2,520556032,16384,566,90,0,0
498,522137667,1048041,3,521088768,65536,537,83,0,0
498,522137667,1048041,4,516894464,16384,529,91,0,0
498,522137667,1048041,5,520039936,65536,474,70,0,0
498,522137667,1048041,6,520531456,65536,466,70,0,0
498,522137667,1048041,7,517943808,65536,399,61,0,0
498,522137667,1048041,8,519482880,65536,350,58,0,0
498,522137667,1048041,9,517410816,16384,295,55,0,0
498,522137667,1048041,10,521022976,65536,295,45,0,0
498,522137667,1048041,11,515845376,65536,270,40,0,0
499,523185708,1047713,0,521580288,65536,722,112,0,0
499,523185708,1047713,1,521088768,65536,608,98,0,0
499,523185708,1047713,2,522137856,16384,594,94,0,0
499,523185708,1047713,3,519482880,65536,573,91,0,0
499,523185708,1047713,4,522628864,65536,542,84,0,0
499,523185708,1047713,5,520039936,65536,532,82,0,0
499,523185708,1047713,6,522653440,16384,482,82,0,0
499,523185708,1047713,7,520556032,16384,459,75,0,0
499,523185708,1047713,8,451355648,16384,452,76,0,0
499,523185708,1047713,9,519974144,65536,415,65,0,0
499,523185708,1047713,10,516894464,16384,399,71,0,0
499,523185708,1047713,11,520531456,65536,393,61,0,0
500,524233421,1037778,0,521580288,65536,660,102,0,0
500,524233421,1037778,1,516894464,16384,652,112,0,0
500,524233421,1037778,2,521088768,65536,565,87,0,0
500,524233421,1037778,3,522137856,65536,564,88,0,0
500,524233421,1037778,4,522628864,65536,551,87,0,0
500,524233421,1037778,5,523701248,16384,520,90,0,0
500,524233421,1037778,6,520039936,65536,412,66,0,0
500,524233421,1037778,7,523676672,65536,374,64,0,0
500,524233421,1037778,8,451355648,16384,360,62,0,0
500,524233421,1037778,9,519482880,65536,358,60,0,0
500,524233421,1037778,10,524167680,65536,355,61,0,0
500,524233421,1037778,11,521022976,65536,352,54,0,0
501,525271199,1046106,0,505297152,65536,229,35,6,6
501,525271199,1046106,1,447624704,65536,192,30,6,6
501,525271199,1046106,2,453985536,65536,138,22,6,6
501,525271199,1046106,3,455017984,16384,131,25,6,6
501,525271199,1046106,4,505358592,4096,118,18,6,6
501,525271199,1046106,5,423541248,4096,115,21,6,6
501,525271199,1046106,6,454477056,65536,111,17,6,6
501,525271199,1046106,7,504314368,65536,111,17,6,6
501,525271199,1046106,8,40937216,16384,106,18,6,6
501,525271199,1046106,9,46694144,16384,106,18,6,6
501,525271199,1046106,10,298798848,65536,106,18,6,6
501,525271199,1046106,11,373238016,16384,106,18,6,6
502,526317305,1047880,0,505297152,65536,301,49,6,6
502,526317305,1047880,1,447624704,65536,215,35,6,6
502,526317305,1047880,2,505358592,4096,188,30,6,6
502,526317305,1047880,3,449774848,16384,175,29,6,6
502,526317305,1047880,4,525761280,65536,150,24,6,6
502,526317305,1047880,5,449725696,65536,148,24,6,6
502,526317305,1047880,6,504830208,16384,147,23,6,6
502,526317305,1047880,7,526251520,65536,129,21,6,6
502,526317305,1047880,8,526300672,16384,129,21,6,6
502,526317305,1047880,9,454477056,65536,113,19,6,6
502,526317305,1047880,10,504314368,65536,113,19,6,6
502,526317305,1047880,11,453985536,65536,107,17,6,6
503,527365185,1048580,0,505854208,65536,596,106,10,10
503,527365185,1048580,1,508998912,65536,594,106,10,10
503,527365185,1048580,2,491732992,65536,581,103,10,10
503,527365185,1048580,3,505878784,16384,569,103,10,10
503,527365185,1048580,4,511651840,16384,539,97,10,10
503,527365185,1048580,5,512634368,65536,539,97,10,10
503,527365185,1048580,6,56115712,65536,524,94,10,10
503,527365185,1048580,7,62403072,65536,524,94,10,10
503,527365185,1048580,8,458179328,65536,524,94,10,10
503,527365185,1048580,9,463913216,65536,524,94,10,10
503,527365185,1048580,10,467056640,65536,524,94,10,10
503,527365185,1048580,11,469151232,65536,524,94,10,10
505,529462376,1048479,0,527881216,16384,2316,422,10,10
505,529462376,1048479,1,528348160,65536,1274,224,10,10
505,529462376,1048479,2,528397312,16384,1274,224,10,10
505,529462376,1048479,3,56115712,65536,730,130,10,10
505,529462376,1048479,4,62403072,65536,730,130,10,10
505,529462376,1048479,5,505854208,65536,730,130,10,10
505,529462376,1048479,6,508998912,65536,730,130,10,10
505,529462376,1048479,7,511651840,16384,730,130,10,10
505,529462376,1048479,8,512634368,65536,730,130,10,10
505,529462376,1048479,9,42508288,4096,637,145,10,10
505,529462376,1048479,10,143680512,4096,610,142,10,10
505,529462376,1048479,11,98619904,65536,575,105,10,10
506,530510855,1048352,0,13641728,16384,743,127,9,9
506,530510855,1048352,1,3080960,65536,499,83,9,9
506,530510855,1048352,2,196540416,65536,499,83,9,9
506,530510855,1048352,3,389947392,65536,499,83,9,9
506,530510855,1048352,4,428723200,65536,499,83,9,9
506,530510855,1048352,5,478103296,16384,499,83,9,9
506,530510855,1048352,6,490127616,65536,499,83,9,9
506,530510855,1048352,7,490619136,65536,499,83,9,9
506,530510855,1048352,8,507951104,65536,499,83,9,9
506,530510855,1048352,9,507975680,16384,499,83,9,9
506,530510855,1048352,10,121119232,65536,403,65,9,9
506,530510855,1048352,11,121610240,65536,403,65,9,9
507,531559207,1048646,0,531493632,65536,726,120,9,9
507,531559207,1048646,1,530511104,65536,702,116,9,9
507,531559207,1048646,2,531002368,65536,702,116,9,9
507,531559207,1048646,3,13641728,16384,323,55,9,9
507,531559207,1048646,4,121119232,65536,283,45,9,9
507,531559207,1048646,5,121610240,65536,283,45,9,9
507,531559207,1048646,6,163535616,65536,283,45,9,9
507,531559207,1048646,7,193882112,65536,283,45,9,9
507,531559207,1048646,8,400429312,65536,283,45,9,9
507,531559207,1048646,9,16797952,4096,246,54,9,9
507,531559207,1048646,10,121671680,4096,219,53,9,9
507,531559207,1048646,11,3080960,65536,207,33,9,9
508,532607853,1048529,0,530511104,65536,768,130,9,9
508,532607853,1048529,1,531002368,65536,768,130,9,9
508,532607853,1048529,2,531493632,65536,768,130,9,9
508,532607853,1048529,3,531559424,16384,768,130,9,9
508,532607853,1048529,4,532542208,65536,566,94,9,9
508,532607853,1048529,5,13641728,16384,371,61,9,9
508,532607853,1048529,6,16797952,4096,328,76,9,9
508,532607853,1048529,7,121119232,65536,309,53,9,9
508,532607853,1048529,8,121610240,65536,309,53,9,9
508,532607853,1048529,9,163535616,65536,309,53,9,9
508,532607853,1048529,10,193882112,65536,309,53,9,9
508,532607853,1048529,11,400429312,65536,309,53,9,9
509,533656382,1047603,0,531002368,65536,596,98,9,9
509,533656382,1047603,1,531559424,16384,596,98,9,9
509,533656382,1047603,2,530511104,16384,490,84,9,9
509,533656382,1047603,3,532542208,65536,426,66,9,9
509,533656382,1047603,4,531493632,65536,373,63,9,9
509,533656382,1047603,5,532608000,16384,340,56,9,9
509,533656382,1047603,6,13641728,16384,320,52,9,9
509,533656382,1047603,7,16797952,4096,234,52,9,9
509,533656382,1047603,8,121671680,4096,223,51,9,9
509,533656382,1047603,9,121119232,65536,223,35,9,9
509,533656382,1047603,10,121610240,65536,223,35,9,9
509,533656382,1047603,11,163535616,65536,223,35,9,9
510,534703985,1048494,0,531559424,16384,642,104,9,9
510,534703985,1048494,1,530511104,16384,609,105,9,9
510,534703985,1048494,2,531002368,65536,474,78,9,9
510,534703985,1048494,3,531493632,65536,474,78,9,9
510,534703985,1048494,4,532542208,65536,407,65,9,9
510,534703985,1048494,5,13641728,16384,374,66,9,9
510,534703985,1048494,6,532608000,16384,303,53,9,9
510,534703985,1048494,7,16797952,4096,281,67,9,9
510,534703985,1048494,8,121671680,4096,265,67,9,9
510,534703985,1048494,9,3080960,65536,239,39,9,9
510,534703985,1048494,10,507951104,65536,239,39,9,9
510,534703985,1048494,11,532050688,65536,239,39,9,9
511,535752479,1045767,0,531559424,16384,729,127,9,9
511,535752479,1045767,1,532542208,65536,566,98,9,9
511,535752479,1045767,2,532608000,16384,544,100,9,9
511,535752479,1045767,3,13641728,16384,410,74,9,9
511,535752479,1045767,4,531002368,65536,379,65,9,9
511,535752479,1045767,5,534704128,16384,379,65,9,9
511,535752479,1045767,6,535686912,65536,379,65,9,9
511,535752479,1045767,7,530511104,16384,357,67,9,9
511,535752479,1045767,8,121119232,65536,350,62,9,9
511,535752479,1045767,9,121610240,65536,350,62,9,9
511,535752479,1045767,10,163535616,65536,350,62,9,9
511,535752479,1045767,11,193882112,65536,350,62,9,9
512,536798246,1049206,0,527881216,16384,232,40,10,10
512,536798246,1049206,1,529978368,16384,232,40,10,10
512,536798246,1049206,2,528348160,65536,179,29,10,10
512,536798246,1049206,3,530445312,65536,179,29,10,10
512,536798246,1049206,4,530494464,16384,149,27,10,10
512,536798246,1049206,5,529462528,16384,136,24,10,10
512,536798246,1049206,6,42968832,65536,96,16,10,10
512,536798246,1049206,7,43017984,16384,96,16,10,10
512,536798246,1049206,8,505878784,16384,96,16,10,10
512,536798246,1049206,9,508507904,16384,96,16,10,10
512,536798246,1049206,10,528397312,16384,96,16,10,10
512,536798246,1049206,11,56115712,65536,83,13,10,10
513,537847452,1054600,0,13641728,16384,41,7,9,9
513,537847452,1054600,1,3080960,65536,24,4,9,9
513,537847452,1054600,2,531002368,65536,24,4,9,9
513,537847452,1054600,3,531559424,16384,24,4,9,9
513,537847452,1054600,4,532050688,65536,24,4,9,9
513,537847452,1054600,5,532542208,65536,24,4,9,9
513,537847452,1054600,6,532591360,16384,24,4,9,9
513,537847452,1054600,7,534704128,16384,24,4,9,9
513,537847452,1054600,8,535219968,16384,24,4,9,9
513,537847452,1054600,9,535686912,65536,24,4,9,9
513,537847452,1054600,10,16797952,4096,23,5,9,9
513,537847452,1054600,11,121671680,4096,20,4,9,9
514,538902052,946727,0,531002368,65536,81,13,9,9
514,538902052,946727,1,531559424,16384,81,13,9,9
514,538902052,946727,2,534704128,16384,81,13,9,9
514,538902052,946727,3,535686912,65536,81,13,9,9
514,538902052,946727,4,1048320,65536,60,10,9,9
514,538902052,946727,5,1540096,65536,60,10,9,9
514,538902052,946727,6,530511104,65536,60,10,9,9
514,538902052,946727,7,531493632,65536,60,10,9,9
514,538902052,946727,8,533099264,65536,60,10,9,9
514,538902052,946727,9,538341888,65536,60,10,9,9
514,538902052,946727,10,13641728,16384,26,4,9,9
514,538902052,946727,11,3080960,65536,21,3,9,9
515,539848779,1020241,0,539783168,65536,12,2,9,9
515,539848779,1020241,1,24139264,256,4,2,9,9
515,539848779,1020241,2,194999552,256,4,2,9,9
515,539848779,1020241,3,479674880,1024,4,2,9,9
515,539848779,1020241,4,507983360,1024,4,2,9,9
515,539848779,1020241,5,531558144,1024,3,1,9,9
515,539848779,1020241,6,532606720,1024,3,1,9,9
515,539848779,1020241,7,535752704,1024,3,1,9,9
515,539848779,1020241,8,24139264,1024,4,2,9,9
515,539848779,1020241,9,194999552,1024,4,2,9,9
516,540869020,1239141,0,539848960,4096,104,18,9,9
516,540869020,1239141,1,540356864,4096,35,9,9,9
516,540869020,1239141,2,16797952,4096,10,2,9,9
516,540869020,1239141,3,120628224,4096,10,2,9,9
516,540869020,1239141,4,121671680,4096,10,2,9,9
516,540869020,1239141,5,146842112,4096,10,2,9,9
516,540869020,1239141,6,159930880,4096,10,2,9,9
516,540869020,1239141,7,166214656,4096,10,2,9,9
516,540869020,1239141,8,181910016,4096,10,2,9,9
516,540869020,1239141,9,534704128,4096,10,2,9,9
516,540869020,1239141,10,539374848,1024,6,2,9,9
516,540869020,1239141,11,164123136,1024,3,1,9,9
517,542108161,900155,0,539848960,4096,244,58,9,9
517,542108161,900155,1,3080960,65536,21,3,9,9
517,542108161,900155,2,13641728,16384,21,3,9,9
517,542108161,900155,3,531002368,65536,21,3,9,9
517,542108161,900155,4,531559424,16384,21,3,9,9
517,542108161,900155,5,532050688,65536,21,3,9,9
517,542108161,900155,6,532542208,65536,21,3,9,9
517,542108161,900155,7,532591360,16384,21,3,9,9
517,542108161,900155,8,534704128,16384,21,3,9,9
517,542108161,900155,9,535219968,16384,21,3,9,9
517,542108161,900155,10,535686912,65536,21,3,9,9
517,542108161,900155,11,121674752,1024,9,3,9,9
518,543008316,991756,0,542942720,65536,132,20,9,9
518,543008316,991756,1,540356864,4096,18,4,9,9
518,543008316,991756,2,46159872,16384,17,3,9,9
518,543008316,991756,3,16271616,4096,5,1,9,9
518,543008316,991756,4,16797952,4096,5,1,9,9
518,543008316,991756,5,27812352,4096,5,1,9,9
518,543008316,991756,6,156259072,4096,5,1,9,9
518,543008316,991756,7,174590464,4096,5,1,9,9
518,543008316,991756,8,322993408,4096,5,1,9,9
518,543008316,991756,9,398390784,4096,5,1,9,9
518,543008316,991756,10,27813888,1024,5,1,9,9
518,543008316,991756,11,540358656,256,1,1,9,9
519,544000072,1046560,0,13641728,16384,103,17,9,9
519,544000072,1046560,1,531559424,16384,98,16,9,9
519,544000072,1046560,2,531002368,65536,86,14,9,9
519,544000072,1046560,3,534704128,16384,86,14,9,9
519,544000072,1046560,4,535686912,65536,86,14,9,9
519,544000072,1046560,5,3080960,65536,54,8,9,9
519,544000072,1046560,6,532050688,65536,54,8,9,9
519,544000072,1046560,7,532542208,65536,54,8,9,9
519,544000072,1046560,8,532591360,16384,54,8,9,9
519,544000072,1046560,9,535219968,16384,54,8,9,9
519,544000072,1046560,10,16797952,16384,49,9,9,9
519,544000072,1046560,11,272608256,4096,49,9,9,9
520,545046632,1048587,0,527881216,16384,808,146,10,10
520,545046632,1048587,1,529978368,16384,808,146,10,10
520,545046632,1048587,2,529462528,4096,617,127,10,10
520,545046632,1048587,3,528348160,65536,548,100,10,10
520,545046632,1048587,4,530445312,65536,548,100,10,10
520,545046632,1048587,5,530494464,16384,459,83,10,10
520,545046632,1048587,6,56115712,65536,319,59,10,10
520,545046632,1048587,7,62403072,65536,319,59,10,10
520,545046632,1048587,8,42508288,4096,298,68,10,10
520,545046632,1048587,9,143680512,4096,293,69,10,10
520,545046632,1048587,10,528412672,1024,254,70,10,10
520,545046632,1048587,11,5759488,16384,230,42,10,10
521,546095219,1048565,0,528929792,16384,3115,595,1,1
521,546095219,1048565,1,529445888,16384,2169,407,1,1
521,546095219,1048565,2,528413952,65536,1098,202,1,1
521,546095219,1048565,3,529396736,65536,1098,202,1,1
521,546095219,1048565,4,528935936,4096,2783,547,1,1
521,546095219,1048565,5,528905216,65536,1119,205,1,1
521,546095219,1048565,6,529458176,4096,980,194,1,1
521,546095219,1048565,7,528413952,1024,709,177,1,1
521,546095219,1048565,8,528413952,4096,623,145,1,1
521,546095219,1048565,9,529461248,1024,120,40,1,1
521,546095219,1048565,10,529462016,256,102,32,1,1
521,546095219,1048565,11,528937472,1024,61,19,1,1
522,547143784,1048619,0,546611200,16384,3279,617,1,1
522,547143784,1048619,1,528929792,16384,3273,615,1,1
522,547143784,1048619,2,546095360,16384,3253,613,1,1
522,547143784,1048619,3,529445888,16384,2439,451,1,1
522,547143784,1048619,4,547078144,65536,2439,451,1,1
522,547143784,1048619,5,547127296,16384,1369,251,1,1
522,547143784,1048619,6,528413952,65536,1241,227,1,1
522,547143784,1048619,7,528935936,4096,2842,550,1,1
522,547143784,1048619,8,546617344,4096,2808,556,1,1
522,547143784,1048619,9,546095360,65536,2375,437,1,1
522,547143784,1048619,10,546586624,65536,2317,429,1,1
522,547143784,1048619,11,528905216,65536,1241,227,1,1
523,548192403,1048565,0,547143936,16384,3029,569,1,1
523,548192403,1048565,1,528929792,16384,2928,552,1,1
523,548192403,1048565,2,548175872,16384,2726,530,1,1
523,548192403,1048565,3,529445888,16384,2080,382,1,1
523,548192403,1048565,4,548126720,65536,2024,372,1,1
523,548192403,1048565,5,546586624,65536,2018,372,1,1
523,548192403,1048565,6,547635200,65536,1979,365,1,1
523,548192403,1048565,7,546095360,16384,1816,340,1,1
523,548192403,1048565,8,528413952,65536,1157,219,1,1
523,548192403,1048565,9,547078144,65536,101,17,1,1
523,548192403,1048565,10,547143936,4096,2955,605,1,1
523,548192403,1048565,11,528935936,4096,2522,492,1,1
524,549240968,1048632,0,548708352,16384,3250,618,1,1
524,549240968,1048632,1,548192512,16384,3063,581,1,1
524,549240968,1048632,2,549224448,16384,3018,574,1,1
524,549240968,1048632,3,528935936,4096,2678,518,1,1
524,549240968,1048632,4,547143936,4096,2193,481,1,1
524,549240968,1048632,5,529445888,16384,2157,399,1,1
524,549240968,1048632,6,548126720,65536,2103,389,1,1
524,549240968,1048632,7,547635200,65536,2061,383,1,1
524,549240968,1048632,8,546617344,4096,1647,345,1,1
524,549240968,1048632,9,549175296,65536,1257,237,1,1
524,549240968,1048632,10,546095360,4096,1140,274,1,1
524,549240968,1048632,11,528413952,1024,779,203,1,1
525,550289600,1048564,0,549763072,4096,3610,706,1,1
525,550289600,1048564,1,548708352,16384,3129,587,1,1
525,550289600,1048564,2,549241088,16384,3129,587,1,1
525,550289600,1048564,3,528935936,4096,2856,564,1,1
525,550289600,1048564,4,529445888,16384,2274,418,1,1
525,550289600,1048564,5,550223872,65536,2201,405,1,1
525,550289600,1048564,6,550273024,16384,1946,370,1,1
525,550289600,1048564,7,546617344,4096,1712,360,1,1
525,550289600,1048564,8,548188160,4096,1301,327,1,1
525,550289600,1048564,9,547143936,4096,1267,287,1,1
525,550289600,1048564,10,546095360,4096,1131,265,1,1
525,550289600,1048564,11,549175296,65536,1118,208,1,1
526,551338164,1048610,0,550289664,16384,3492,674,1,1
526,551338164,1048610,1,549241088,16384,3378,648,1,1
526,551338164,1048610,2,551321600,16384,3132,598,1,1
526,551338164,1048610,3,528935936,4096,2733,537,1,1
526,551338164,1048610,4,550811648,4096,2561,561,1,1
526,551338164,1048610,5,549763072,4096,2523,507,1,1
526,551338164,1048610,6,529445888,16384,2277,429,1,1
526,551338164,1048610,7,550223872,65536,2236,422,1,1
526,551338164,1048610,8,551272448,65536,1267,241,1,1
526,551338164,1048610,9,548188160,4096,1210,304,1,1
526,551338164,1048610,10,547143936,4096,1077,253,1,1
526,551338164,1048610,11,548714496,4096,1044,240,1,1
527,552386774,1048606,0,551854080,16384,3029,563,1,1
527,552386774,1048606,1,551321600,16384,2850,532,1,1
527,552386774,1048606,2,550811648,4096,2741,603,1,1
527,552386774,1048606,3,528935936,4096,2435,465,1,1
527,552386774,1048606,4,550289664,16384,1950,378,1,1
527,552386774,1048606,5,529445888,16384,1947,347,1,1
527,552386774,1048606,6,552370176,16384,1914,370,1,1
527,552386774,1048606,7,552321024,65536,1823,325,1,1
527,552386774,1048606,8,548188160,4096,1322,338,1,1
527,552386774,1048606,9,547143936,4096,1089,251,1,1
527,552386774,1048606,10,551272448,65536,1078,190,1,1
527,552386774,1048606,11,549241088,65536,1027,207,1,1
528,553435380,1048533,0,551854080,16384,3428,642,1,1
528,553435380,1048533,1,552386816,16384,3225,603,1,1
528,553435380,1048533,2,528935936,4096,2827,545,1,1
528,553435380,1048533,3,553431040,4096,2518,526,1,1
528,553435380,1048533,4,529445888,16384,2362,428,1,1
528,553435380,1048533,5,552902656,16384,2237,423,1,1
528,553435380,1048533,6,552321024,65536,2223,403,1,1
528,553435380,1048533,7,550811648,4096,1825,419,1,1
528,553435380,1048533,8,551338240,4096,1789,377,1,1
528,553435380,1048533,9,548188160,4096,1377,339,1,1
528,553435380,1048533,10,553369600,65536,1235,223,1,1
528,553435380,1048533,11,550289664,16384,1221,245,1,1
529,554483913,383400,0,554467328,16384,1344,250,1,1
529,554483913,383400,1,553951232,16384,1204,226,1,1
529,554483913,383400,2,528935936,4096,1048,208,1,1
529,554483913,383400,3,529445888,16384,960,178,1,1
529,554483913,383400,4,553435392,65536,960,178,1,1
529,554483913,383400,5,554418176,65536,960,178,1,1
529,554483913,383400,6,552386816,65536,820,154,1,1
529,554483913,383400,7,550811648,4096,613,139,1,1
529,554483913,383400,8,552908800,4096,529,107,1,1
529,554483913,383400,9,547143936,4096,518,112,1,1
529,554483913,383400,10,548188160,4096,479,127,1,1
529,554483913,383400,11,553369600,65536,476,92,1,1
