offset,length,experts,stream_class,profile,residual_gain,pack_id,status
0,117,oracle+donor_profile,xml,0,0.25,174204,oracle_only
120,121,oracle+donor_profile,xml,0,0.25,174205,oracle_only
244,137,oracle+donor_profile,xml,0,0.25,174206,oracle_only
384,173,oracle+donor_profile,xml,0,0.25,174207,oracle_only
560,91,oracle+donor_profile,xml,0,0.25,174208,oracle_only
654,128,oracle+donor_profile,xml,0,0.25,174209,oracle_only
785,136,oracle+donor_profile,xml,0,0.25,174210,oracle_only
924,198,oracle+donor_profile,xml,0,0.25,174211,oracle_only
1125,99,oracle+donor_profile,xml,0,0.25,174212,oracle_only
1227,120,oracle+donor_profile,xml,0,0.25,174213,oracle_only
1350,125,oracle+donor_profile,xml,0,0.25,174214,oracle_only
1478,125,oracle+donor_profile,xml,0,0.25,174215,oracle_only
1606,93,oracle+donor_profile,xml,0,0.25,174216,oracle_only
1702,173,oracle+donor_profile,xml,0,0.25,174217,oracle_only
1878,83,oracle+donor_profile,xml,0,0.25,174218,oracle_only
1964,114,oracle+donor_profile,xml,0,0.25,174219,oracle_only
2081,114,oracle+donor_profile,xml,0,0.25,174220,oracle_only
2198,124,oracle+donor_profile,xml,0,0.25,174221,oracle_only
2325,122,oracle+donor_profile,xml,0,0.25,174222,oracle_only
2450,106,oracle+donor_profile,xml,0,0.25,174223,oracle_only
2559,83,oracle+donor_profile,xml,0,0.25,174224,oracle_only
2645,117,oracle+donor_profile,xml,0,0.25,174225,oracle_only
2765,120,oracle+donor_profile,xml,0,0.25,174226,oracle_only
2888,108,oracle+donor_profile,xml,0,0.25,174227,oracle_only
2999,106,oracle+donor_profile,xml,0,0.25,174228,oracle_only
3108,113,oracle+donor_profile,xml,0,0.25,174229,oracle_only
3224,120,oracle+donor_profile,xml,0,0.25,174230,oracle_only
3347,123,oracle+donor_profile,xml,0,0.25,174231,oracle_only
3473,123,oracle+donor_profile,xml,0,0.25,174232,oracle_only
3599,146,oracle+donor_profile,xml,0,0.25,174233,oracle_only
3748,117,oracle+donor_profile,xml,0,0.25,174234,oracle_only
3868,126,oracle+donor_profile,xml,0,0.25,174235,oracle_only
3997,105,oracle+donor_profile,xml,0,0.25,174236,oracle_only
4105,81,oracle+donor_profile,xml,0,0.25,174237,oracle_only
4189,168,oracle+donor_profile,xml,0,0.25,174238,oracle_only
4360,93,oracle+donor_profile,xml,0,0.25,174239,oracle_only
4456,117,oracle+donor_profile,xml,0,0.25,174240,oracle_only
4576,106,oracle+donor_profile,xml,0,0.25,174241,oracle_only
4685,108,oracle+donor_profile,xml,0,0.25,174242,oracle_only
4796,133,oracle+donor_profile,xml,0,0.25,174243,oracle_only
4932,129,oracle+donor_profile,xml,0,0.25,174244,oracle_only
5064,119,oracle+donor_profile,xml,0,0.25,174245,oracle_only
5186,121,oracle+donor_profile,xml,0,0.25,174246,oracle_only
5310,100,oracle+donor_profile,xml,0,0.25,174247,oracle_only
5413,122,oracle+donor_profile,xml,0,0.25,174248,oracle_only
5538,95,oracle+donor_profile,xml,0,0.25,174249,oracle_only
5636,160,oracle+donor_profile,xml,0,0.25,174250,oracle_only
5799,114,oracle+donor_profile,xml,0,0.25,174251,oracle_only
5916,119,oracle+donor_profile,xml,0,0.25,174252,oracle_only
6038,121,oracle+donor_profile,xml,0,0.25,174253,oracle_only
6162,114,oracle+donor_profile,xml,0,0.25,174254,oracle_only
6279,127,oracle+donor_profile,xml,0,0.25,174255,oracle_only
6409,137,oracle+donor_profile,xml,0,0.25,174256,oracle_only
6549,173,oracle+donor_profile,xml,0,0.25,174257,oracle_only
6725,108,oracle+donor_profile,xml,0,0.25,174258,oracle_only
6836,121,oracle+donor_profile,xml,0,0.25,174259,oracle_only
6960,102,oracle+donor_profile,xml,0,0.25,174260,oracle_only
7065,120,oracle+donor_profile,xml,0,0.25,174261,oracle_only
7188,106,oracle+donor_profile,xml,0,0.25,174262,oracle_only
7297,122,oracle+donor_profile,xml,0,0.25,174263,oracle_only
7422,119,oracle+donor_profile,xml,0,0.25,174264,oracle_only
7544,123,oracle+donor_profile,xml,0,0.25,174265,oracle_only
7670,97,oracle+donor_profile,xml,0,0.25,174266,oracle_only
7770,121,oracle+donor_profile,xml,0,0.25,174267,oracle_only
7894,118,oracle+donor_profile,xml,0,0.25,174268,oracle_only
8015,128,oracle+donor_profile,xml,0,0.25,174269,oracle_only
8146,148,oracle+donor_profile,xml,0,0.25,174270,oracle_only
8297,109,oracle+donor_profile,xml,0,0.25,174271,oracle_only
8409,118,oracle+donor_profile,xml,0,0.25,174272,oracle_only
8530,92,oracle+donor_profile,xml,0,0.25,174273,oracle_only
8625,122,oracle+donor_profile,xml,0,0.25,174274,oracle_only
8750,106,oracle+donor_profile,xml,0,0.25,174275,oracle_only
8859,84,oracle+donor_profile,xml,0,0.25,174276,oracle_only
8946,116,oracle+donor_profile,xml,0,0.25,174277,oracle_only
9065,114,oracle+donor_profile,xml,0,0.25,174278,oracle_only
9182,144,oracle+donor_profile,xml,0,0.25,174279,oracle_only
9329,99,oracle+donor_profile,xml,0,0.25,174280,oracle_only
9431,175,oracle+donor_profile,xml,0,0.25,174281,oracle_only
9609,91,oracle+donor_profile,xml,0,0.25,174282,oracle_only
9703,127,oracle+donor_profile,xml,0,0.25,174283,oracle_only
9833,111,oracle+donor_profile,xml,0,0.25,174284,oracle_only
9947,95,oracle+donor_profile,xml,0,0.25,174285,oracle_only
10045,115,oracle+donor_profile,xml,0,0.25,174286,oracle_only
10163,105,oracle+donor_profile,xml,0,0.25,174287,oracle_only
10271,119,oracle+donor_profile,xml,0,0.25,174288,oracle_only
10393,113,oracle+donor_profile,xml,0,0.25,174289,oracle_only
10509,148,oracle+donor_profile,xml,0,0.25,174290,oracle_only
10660,84,oracle+donor_profile,xml,0,0.25,174291,oracle_only
10747,161,oracle+donor_profile,xml,0,0.25,174292,oracle_only
10911,148,oracle+donor_profile,xml,0,0.25,174293,oracle_only
11062,126,oracle+donor_profile,xml,0,0.25,174294,oracle_only
11191,123,oracle+donor_profile,xml,0,0.25,174295,oracle_only
11317,129,oracle+donor_profile,xml,0,0.25,174296,oracle_only
11449,131,oracle+donor_profile,xml,0,0.25,174297,oracle_only
11583,117,oracle+donor_profile,xml,0,0.25,174298,oracle_only
11703,121,oracle+donor_profile,xml,0,0.25,174299,oracle_only
11827,114,oracle+donor_profile,xml,0,0.25,174300,oracle_only
11944,114,oracle+donor_profile,xml,0,0.25,174301,oracle_only
12061,119,oracle+donor_profile,xml,0,0.25,174302,oracle_only
12183,120,oracle+donor_profile,xml,0,0.25,174303,oracle_only
12306,118,oracle+donor_profile,xml,0,0.25,174304,oracle_only
12427,121,oracle+donor_profile,xml,0,0.25,174305,oracle_only
12551,119,oracle+donor_profile,xml,0,0.25,174306,oracle_only
12673,126,oracle+donor_profile,xml,0,0.25,174307,oracle_only
12802,125,oracle+donor_profile,xml,0,0.25,174308,oracle_only
12930,89,oracle+donor_profile,xml,0,0.25,174309,oracle_only
13022,120,oracle+donor_profile,xml,0,0.25,174310,oracle_only
13145,109,oracle+donor_profile,xml,0,0.25,174311,oracle_only
13257,135,oracle+donor_profile,xml,0,0.25,174312,oracle_only
13395,122,oracle+donor_profile,xml,0,0.25,174313,oracle_only
13520,146,oracle+donor_profile,xml,0,0.25,174314,oracle_only
13669,124,oracle+donor_profile,xml,0,0.25,174315,oracle_only
13796,118,oracle+donor_profile,xml,0,0.25,174316,oracle_only
13917,169,oracle+donor_profile,xml,0,0.25,174317,oracle_only
14089,130,oracle+donor_profile,xml,0,0.25,174318,oracle_only
14222,99,oracle+donor_profile,xml,0,0.25,174319,oracle_only
14324,134,oracle+donor_profile,xml,0,0.25,174320,oracle_only
14461,101,oracle+donor_profile,xml,0,0.25,174321,oracle_only
14565,140,oracle+donor_profile,xml,0,0.25,174322,oracle_only
14708,161,oracle+donor_profile,xml,0,0.25,174323,oracle_only
14872,118,oracle+donor_profile,xml,0,0.25,174324,oracle_only
14993,136,oracle+donor_profile,xml,0,0.25,174325,oracle_only
15132,137,oracle+donor_profile,xml,0,0.25,174326,oracle_only
15272,129,oracle+donor_profile,xml,0,0.25,174327,oracle_only
15404,116,oracle+donor_profile,xml,0,0.25,174328,oracle_only
15523,126,oracle+donor_profile,xml,0,0.25,174329,oracle_only
15652,85,oracle+donor_profile,xml,0,0.25,174330,oracle_only
15740,179,oracle+donor_profile,xml,0,0.25,174331,oracle_only
15922,132,oracle+donor_profile,xml,0,0.25,174332,oracle_only
16057,113,oracle+donor_profile,xml,0,0.25,174333,oracle_only
16173,109,oracle+donor_profile,xml,0,0.25,174334,oracle_only
16285,166,oracle+donor_profile,xml,0,0.25,174335,oracle_only
16454,100,oracle+donor_profile,xml,0,0.25,174336,oracle_only
16557,105,oracle+donor_profile,xml,0,0.25,174337,oracle_only
16665,129,oracle+donor_profile,xml,0,0.25,174338,oracle_only
16797,150,oracle+donor_profile,xml,0,0.25,174339,oracle_only
16950,101,oracle+donor_profile,xml,0,0.25,174340,oracle_only
17054,123,oracle+donor_profile,xml,0,0.25,174341,oracle_only
17180,117,oracle+donor_profile,xml,0,0.25,174342,oracle_only
17300,128,oracle+donor_profile,xml,0,0.25,174343,oracle_only
17431,103,oracle+donor_profile,xml,0,0.25,174344,oracle_only
17537,132,oracle+donor_profile,xml,0,0.25,174345,oracle_only
17672,99,oracle+donor_profile,xml,0,0.25,174346,oracle_only
17774,118,oracle+donor_profile,xml,0,0.25,174347,oracle_only
17895,116,oracle+donor_profile,xml,0,0.25,174348,oracle_only
18014,188,oracle+donor_profile,xml,0,0.25,174349,oracle_only
18205,142,oracle+donor_profile,xml,0,0.25,174350,oracle_only
18350,139,oracle+donor_profile,xml,0,0.25,174351,oracle_only
18492,141,oracle+donor_profile,xml,0,0.25,174352,oracle_only
18636,119,oracle+donor_profile,xml,0,0.25,174353,oracle_only
18758,123,oracle+donor_profile,xml,0,0.25,174354,oracle_only
18884,122,oracle+donor_profile,xml,0,0.25,174355,oracle_only
19009,153,oracle+donor_profile,xml,0,0.25,174356,oracle_only
19165,117,oracle+donor_profile,xml,0,0.25,174357,oracle_only
19285,117,oracle+donor_profile,xml,0,0.25,174358,oracle_only
19405,116,oracle+donor_profile,xml,0,0.25,174359,oracle_only
19524,154,oracle+donor_profile,xml,0,0.25,174360,oracle_only
19681,119,oracle+donor_profile,xml,0,0.25,174361,oracle_only
19803,86,oracle+donor_profile,xml,0,0.25,174362,oracle_only
19892,124,oracle+donor_profile,xml,0,0.25,174363,oracle_only
20019,148,oracle+donor_profile,xml,0,0.25,174364,oracle_only
20170,129,oracle+donor_profile,xml,0,0.25,174365,oracle_only
20302,126,oracle+donor_profile,xml,0,0.25,174366,oracle_only
20431,137,oracle+donor_profile,xml,0,0.25,174367,oracle_only
20571,85,oracle+donor_profile,xml,0,0.25,174368,oracle_only
20659,123,oracle+donor_profile,xml,0,0.25,174369,oracle_only
20785,126,oracle+donor_profile,xml,0,0.25,174370,oracle_only
20914,128,oracle+donor_profile,xml,0,0.25,174371,oracle_only
21045,115,oracle+donor_profile,xml,0,0.25,174372,oracle_only
21163,116,oracle+donor_profile,xml,0,0.25,174373,oracle_only
21282,118,oracle+donor_profile,xml,0,0.25,174374,oracle_only
21403,104,oracle+donor_profile,xml,0,0.25,174375,oracle_only
21510,121,oracle+donor_profile,xml,0,0.25,174376,oracle_only
21634,188,oracle+donor_profile,xml,0,0.25,174377,oracle_only
21825,183,oracle+donor_profile,xml,0,0.25,174378,oracle_only
22011,111,oracle+donor_profile,xml,0,0.25,174379,oracle_only
22125,137,oracle+donor_profile,xml,0,0.25,174380,oracle_only
22265,121,oracle+donor_profile,xml,0,0.25,174381,oracle_only
22389,83,oracle+donor_profile,xml,0,0.25,174382,oracle_only
22475,120,oracle+donor_profile,xml,0,0.25,174383,oracle_only
22598,123,oracle+donor_profile,xml,0,0.25,174384,oracle_only
22724,119,oracle+donor_profile,xml,0,0.25,174385,oracle_only
22846,116,oracle+donor_profile,xml,0,0.25,174386,oracle_only
22965,120,oracle+donor_profile,xml,0,0.25,174387,oracle_only
23088,144,oracle+donor_profile,xml,0,0.25,174388,oracle_only
23235,114,oracle+donor_profile,xml,0,0.25,174389,oracle_only
23352,136,oracle+donor_profile,xml,0,0.25,174390,oracle_only
23491,121,oracle+donor_profile,xml,0,0.25,174391,oracle_only
23615,123,oracle+donor_profile,xml,0,0.25,174392,oracle_only
23741,123,oracle+donor_profile,xml,0,0.25,174393,oracle_only
23867,129,oracle+donor_profile,xml,0,0.25,174394,oracle_only
23999,120,oracle+donor_profile,xml,0,0.25,174395,oracle_only
24122,124,oracle+donor_profile,xml,0,0.25,174396,oracle_only
24249,151,oracle+donor_profile,xml,0,0.25,174397,oracle_only
24403,150,oracle+donor_profile,xml,0,0.25,174398,oracle_only
24556,151,oracle+donor_profile,xml,0,0.25,174399,oracle_only
24710,136,oracle+donor_profile,xml,0,0.25,174400,oracle_only
24849,134,oracle+donor_profile,xml,0,0.25,174401,oracle_only
24986,166,oracle+donor_profile,xml,0,0.25,174402,oracle_only
25155,138,oracle+donor_profile,xml,0,0.25,174403,oracle_only
25296,131,oracle+donor_profile,xml,0,0.25,174404,oracle_only
25430,146,oracle+donor_profile,xml,0,0.25,174405,oracle_only
25579,135,oracle+donor_profile,xml,0,0.25,174406,oracle_only
25717,138,oracle+donor_profile,xml,0,0.25,174407,oracle_only
25858,120,oracle+donor_profile,xml,0,0.25,174408,oracle_only
25981,130,oracle+donor_profile,xml,0,0.25,174409,oracle_only
26114,111,oracle+donor_profile,xml,0,0.25,174410,oracle_only
26228,136,oracle+donor_profile,xml,0,0.25,174411,oracle_only
26367,139,oracle+donor_profile,xml,0,0.25,174412,oracle_only
26509,126,oracle+donor_profile,xml,0,0.25,174413,oracle_only
26638,121,oracle+donor_profile,xml,0,0.25,174414,oracle_only
26762,114,oracle+donor_profile,xml,0,0.25,174415,oracle_only
26879,114,oracle+donor_profile,xml,0,0.25,174416,oracle_only
26996,118,oracle+donor_profile,xml,0,0.25,174417,oracle_only
27117,113,oracle+donor_profile,xml,0,0.25,174418,oracle_only
27233,105,oracle+donor_profile,xml,0,0.25,174419,oracle_only
27341,116,oracle+donor_profile,xml,0,0.25,174420,oracle_only
27460,120,oracle+donor_profile,xml,0,0.25,174421,oracle_only
27583,127,oracle+donor_profile,xml,0,0.25,174422,oracle_only
27713,116,oracle+donor_profile,xml,0,0.25,174423,oracle_only
27832,121,oracle+donor_profile,xml,0,0.25,174424,oracle_only
27956,121,oracle+donor_profile,xml,0,0.25,174425,oracle_only
28080,119,oracle+donor_profile,xml,0,0.25,174426,oracle_only
28202,111,oracle+donor_profile,xml,0,0.25,174427,oracle_only
28316,119,oracle+donor_profile,xml,0,0.25,174428,oracle_only
28438,115,oracle+donor_profile,xml,0,0.25,174429,oracle_only
28556,121,oracle+donor_profile,xml,0,0.25,174430,oracle_only
28680,108,oracle+donor_profile,xml,0,0.25,174431,oracle_only
28791,107,oracle+donor_profile,xml,0,0.25,174432,oracle_only
28901,107,oracle+donor_profile,xml,0,0.25,174433,oracle_only
29011,109,oracle+donor_profile,xml,0,0.25,174434,oracle_only
29123,102,oracle+donor_profile,xml,0,0.25,174435,oracle_only
29228,102,oracle+donor_profile,xml,0,0.25,174436,oracle_only
29333,126,oracle+donor_profile,xml,0,0.25,174437,oracle_only
29462,119,oracle+donor_profile,xml,0,0.25,174438,oracle_only
29584,103,oracle+donor_profile,xml,0,0.25,174439,oracle_only
29690,99,oracle+donor_profile,xml,0,0.25,174440,oracle_only
29792,112,oracle+donor_profile,xml,0,0.25,174441,oracle_only
29907,103,oracle+donor_profile,xml,0,0.25,174442,oracle_only
30013,132,oracle+donor_profile,xml,0,0.25,174443,oracle_only
30148,129,oracle+donor_profile,xml,0,0.25,174444,oracle_only
30280,148,oracle+donor_profile,xml,0,0.25,174445,oracle_only
30431,119,oracle+donor_profile,xml,0,0.25,174446,oracle_only
30553,77,oracle+donor_profile,xml,0,0.25,174447,oracle_only
30633,117,oracle+donor_profile,xml,0,0.25,174448,oracle_only
30753,117,oracle+donor_profile,xml,0,0.25,174449,oracle_only
30873,113,oracle+donor_profile,xml,0,0.25,174450,oracle_only
30989,118,oracle+donor_profile,xml,0,0.25,174451,oracle_only
31110,152,oracle+donor_profile,xml,0,0.25,174452,oracle_only
31265,99,oracle+donor_profile,xml,0,0.25,174453,oracle_only
31367,111,oracle+donor_profile,xml,0,0.25,174454,oracle_only
31481,103,oracle+donor_profile,xml,0,0.25,174455,oracle_only
31587,103,oracle+donor_profile,xml,0,0.25,174456,oracle_only
31693,148,oracle+donor_profile,xml,0,0.25,174457,oracle_only
31844,103,oracle+donor_profile,xml,0,0.25,174458,oracle_only
31950,101,oracle+donor_profile,xml,0,0.25,174459,oracle_only
32054,103,oracle+donor_profile,xml,0,0.25,174460,oracle_only
32160,103,oracle+donor_profile,xml,0,0.25,174461,oracle_only
32266,101,oracle+donor_profile,xml,0,0.25,174462,oracle_only
32370,105,oracle+donor_profile,xml,0,0.25,174463,oracle_only
32478,87,oracle+donor_profile,xml,0,0.25,174464,oracle_only
32568,141,oracle+donor_profile,xml,0,0.25,174465,oracle_only
32712,133,oracle+donor_profile,xml,0,0.25,174466,oracle_only
32848,137,oracle+donor_profile,xml,0,0.25,174467,oracle_only
32988,132,oracle+donor_profile,xml,0,0.25,174468,oracle_only
33123,126,oracle+donor_profile,xml,0,0.25,174469,oracle_only
33252,111,oracle+donor_profile,xml,0,0.25,174470,oracle_only
33366,135,oracle+donor_profile,xml,0,0.25,174471,oracle_only
33504,151,oracle+donor_profile,xml,0,0.25,174472,oracle_only
33658,148,oracle+donor_profile,xml,0,0.25,174473,oracle_only
33809,145,oracle+donor_profile,xml,0,0.25,174474,oracle_only
33957,131,oracle+donor_profile,xml,0,0.25,174475,oracle_only
34091,136,oracle+donor_profile,xml,0,0.25,174476,oracle_only
34230,134,oracle+donor_profile,xml,0,0.25,174477,oracle_only
34367,116,oracle+donor_profile,xml,0,0.25,174478,oracle_only
34486,138,oracle+donor_profile,xml,0,0.25,174479,oracle_only
34627,128,oracle+donor_profile,xml,0,0.25,174480,oracle_only
34758,114,oracle+donor_profile,xml,0,0.25,174481,oracle_only
34875,121,oracle+donor_profile,xml,0,0.25,174482,oracle_only
34999,121,oracle+donor_profile,xml,0,0.25,174483,oracle_only
35123,126,oracle+donor_profile,xml,0,0.25,174484,oracle_only
35252,128,oracle+donor_profile,xml,0,0.25,174485,oracle_only
35383,131,oracle+donor_profile,xml,0,0.25,174486,oracle_only
35517,112,oracle+donor_profile,xml,0,0.25,174487,oracle_only
35632,117,oracle+donor_profile,xml,0,0.25,174488,oracle_only
35752,102,oracle+donor_profile,xml,0,0.25,174489,oracle_only
35857,122,oracle+donor_profile,xml,0,0.25,174490,oracle_only
35982,127,oracle+donor_profile,xml,0,0.25,174491,oracle_only
36112,142,oracle+donor_profile,xml,0,0.25,174492,oracle_only
36257,121,oracle+donor_profile,xml,0,0.25,174493,oracle_only
36381,126,oracle+donor_profile,xml,0,0.25,174494,oracle_only
36510,124,oracle+donor_profile,xml,0,0.25,174495,oracle_only
36637,146,oracle+donor_profile,xml,0,0.25,174496,oracle_only
36786,140,oracle+donor_profile,xml,0,0.25,174497,oracle_only
36929,100,oracle+donor_profile,xml,0,0.25,174498,oracle_only
37032,114,oracle+donor_profile,xml,0,0.25,174499,oracle_only
37149,129,oracle+donor_profile,xml,0,0.25,174500,oracle_only
37281,122,oracle+donor_profile,xml,0,0.25,174501,oracle_only
37406,113,oracle+donor_profile,xml,0,0.25,174502,oracle_only
37522,119,oracle+donor_profile,xml,0,0.25,174503,oracle_only
37644,176,oracle+donor_profile,xml,0,0.25,174504,oracle_only
37823,121,oracle+donor_profile,xml,0,0.25,174505,oracle_only
37947,90,oracle+donor_profile,xml,0,0.25,174506,oracle_only
38040,122,oracle+donor_profile,xml,0,0.25,174507,oracle_only
38165,120,oracle+donor_profile,xml,0,0.25,174508,oracle_only
38288,125,oracle+donor_profile,xml,0,0.25,174509,oracle_only
38416,83,oracle+donor_profile,xml,0,0.25,174510,oracle_only
38502,130,oracle+donor_profile,xml,0,0.25,174511,oracle_only
38635,95,oracle+donor_profile,xml,0,0.25,174512,oracle_only
38733,100,oracle+donor_profile,xml,0,0.25,174513,oracle_only
38836,125,oracle+donor_profile,xml,0,0.25,174514,oracle_only
38964,122,oracle+donor_profile,xml,0,0.25,174515,oracle_only
39089,112,oracle+donor_profile,xml,0,0.25,174516,oracle_only
39204,125,oracle+donor_profile,xml,0,0.25,174517,oracle_only
39332,110,oracle+donor_profile,xml,0,0.25,174518,oracle_only
39445,117,oracle+donor_profile,xml,0,0.25,174519,oracle_only
39565,132,oracle+donor_profile,xml,0,0.25,174520,oracle_only
39700,135,oracle+donor_profile,xml,0,0.25,174521,oracle_only
39838,124,oracle+donor_profile,xml,0,0.25,174522,oracle_only
39965,128,oracle+donor_profile,xml,0,0.25,174523,oracle_only
40096,118,oracle+donor_profile,xml,0,0.25,174524,oracle_only
40217,124,oracle+donor_profile,xml,0,0.25,174525,oracle_only
40344,124,oracle+donor_profile,xml,0,0.25,174526,oracle_only
40471,149,oracle+donor_profile,xml,0,0.25,174527,oracle_only
40623,119,oracle+donor_profile,xml,0,0.25,174528,oracle_only
40745,123,oracle+donor_profile,xml,0,0.25,174529,oracle_only
40871,87,oracle+donor_profile,xml,0,0.25,174530,oracle_only
40961,97,oracle+donor_profile,xml,0,0.25,174531,oracle_only
41061,165,oracle+donor_profile,xml,0,0.25,174532,oracle_only
41229,102,oracle+donor_profile,xml,0,0.25,174533,oracle_only
41334,127,oracle+donor_profile,xml,0,0.25,174534,oracle_only
41464,120,oracle+donor_profile,xml,0,0.25,174535,oracle_only
41587,123,oracle+donor_profile,xml,0,0.25,174536,oracle_only
41713,135,oracle+donor_profile,xml,0,0.25,174537,oracle_only
41851,149,oracle+donor_profile,xml,0,0.25,174538,oracle_only
42003,109,oracle+donor_profile,xml,0,0.25,174539,oracle_only
42115,94,oracle+donor_profile,xml,0,0.25,174540,oracle_only
42212,122,oracle+donor_profile,xml,0,0.25,174541,oracle_only
42337,104,oracle+donor_profile,xml,0,0.25,174542,oracle_only
42444,132,oracle+donor_profile,xml,0,0.25,174543,oracle_only
42579,107,oracle+donor_profile,xml,0,0.25,174544,oracle_only
42689,118,oracle+donor_profile,xml,0,0.25,174545,oracle_only
42810,123,oracle+donor_profile,xml,0,0.25,174546,oracle_only
42936,125,oracle+donor_profile,xml,0,0.25,174547,oracle_only
43064,121,oracle+donor_profile,xml,0,0.25,174548,oracle_only
43188,134,oracle+donor_profile,xml,0,0.25,174549,oracle_only
43325,116,oracle+donor_profile,xml,0,0.25,174550,oracle_only
43444,124,oracle+donor_profile,xml,0,0.25,174551,oracle_only
43571,97,oracle+donor_profile,xml,0,0.25,174552,oracle_only
43671,123,oracle+donor_profile,xml,0,0.25,174553,oracle_only
43797,105,oracle+donor_profile,xml,0,0.25,174554,oracle_only
43905,127,oracle+donor_profile,xml,0,0.25,174555,oracle_only
44035,100,oracle+donor_profile,xml,0,0.25,174556,oracle_only
44138,108,oracle+donor_profile,xml,0,0.25,174557,oracle_only
44249,119,oracle+donor_profile,xml,0,0.25,174558,oracle_only
44371,96,oracle+donor_profile,xml,0,0.25,174559,oracle_only
44470,174,oracle+donor_profile,xml,0,0.25,174560,oracle_only
44647,164,oracle+donor_profile,xml,0,0.25,174561,oracle_only
44814,129,oracle+donor_profile,xml,0,0.25,174562,oracle_only
44946,120,oracle+donor_profile,xml,0,0.25,174563,oracle_only
45069,115,oracle+donor_profile,xml,0,0.25,174564,oracle_only
45187,112,oracle+donor_profile,xml,0,0.25,174565,oracle_only
45302,108,oracle+donor_profile,xml,0,0.25,174566,oracle_only
45413,163,oracle+donor_profile,xml,0,0.25,174567,oracle_only
45579,90,oracle+donor_profile,xml,0,0.25,174568,oracle_only
45672,212,oracle+donor_profile,xml,0,0.25,174569,oracle_only
45887,139,oracle+donor_profile,xml,0,0.25,174570,oracle_only
46029,129,oracle+donor_profile,xml,0,0.25,174571,oracle_only
46161,122,oracle+donor_profile,xml,0,0.25,174572,oracle_only
46286,120,oracle+donor_profile,xml,0,0.25,174573,oracle_only
46409,79,oracle+donor_profile,xml,0,0.25,174574,oracle_only
46491,181,oracle+donor_profile,xml,0,0.25,174575,oracle_only
46675,131,oracle+donor_profile,xml,0,0.25,174576,oracle_only
46809,128,oracle+donor_profile,xml,0,0.25,174577,oracle_only
46940,125,oracle+donor_profile,xml,0,0.25,174578,oracle_only
47068,120,oracle+donor_profile,xml,0,0.25,174579,oracle_only
47191,119,oracle+donor_profile,xml,0,0.25,174580,oracle_only
47313,117,oracle+donor_profile,xml,0,0.25,174581,oracle_only
47433,132,oracle+donor_profile,xml,0,0.25,174582,oracle_only
47568,128,oracle+donor_profile,xml,0,0.25,174583,oracle_only
47699,121,oracle+donor_profile,xml,0,0.25,174584,oracle_only
47823,126,oracle+donor_profile,xml,0,0.25,174585,oracle_only
47952,127,oracle+donor_profile,xml,0,0.25,174586,oracle_only
48082,117,oracle+donor_profile,xml,0,0.25,174587,oracle_only
48202,158,oracle+donor_profile,xml,0,0.25,174588,oracle_only
48363,210,oracle+donor_profile,xml,0,0.25,174589,oracle_only
48576,121,oracle+donor_profile,xml,0,0.25,174590,oracle_only
48700,119,oracle+donor_profile,xml,0,0.25,174591,oracle_only
48822,105,oracle+donor_profile,xml,0,0.25,174592,oracle_only
48930,126,oracle+donor_profile,xml,0,0.25,174593,oracle_only
49059,135,oracle+donor_profile,xml,0,0.25,174594,oracle_only
49197,180,oracle+donor_profile,xml,0,0.25,174595,oracle_only
49380,122,oracle+donor_profile,xml,0,0.25,174596,oracle_only
49505,120,oracle+donor_profile,xml,0,0.25,174597,oracle_only
49628,92,oracle+donor_profile,xml,0,0.25,174598,oracle_only
49723,135,oracle+donor_profile,xml,0,0.25,174599,oracle_only
49861,145,oracle+donor_profile,xml,0,0.25,174600,oracle_only
50009,143,oracle+donor_profile,xml,0,0.25,174601,oracle_only
50155,128,oracle+donor_profile,xml,0,0.25,174602,oracle_only
50286,130,oracle+donor_profile,xml,0,0.25,174603,oracle_only
50419,111,oracle+donor_profile,xml,0,0.25,174604,oracle_only
50533,130,oracle+donor_profile,xml,0,0.25,174605,oracle_only
50666,99,oracle+donor_profile,xml,0,0.25,174606,oracle_only
50768,127,oracle+donor_profile,xml,0,0.25,174607,oracle_only
50898,111,oracle+donor_profile,xml,0,0.25,174608,oracle_only
51012,92,oracle+donor_profile,xml,0,0.25,174609,oracle_only
51107,99,oracle+donor_profile,xml,0,0.25,174610,oracle_only
51209,121,oracle+donor_profile,xml,0,0.25,174611,oracle_only
51333,83,oracle+donor_profile,xml,0,0.25,174612,oracle_only
51419,124,oracle+donor_profile,xml,0,0.25,174613,oracle_only
51546,108,oracle+donor_profile,xml,0,0.25,174614,oracle_only
51657,153,oracle+donor_profile,xml,0,0.25,174615,oracle_only
51813,172,oracle+donor_profile,xml,0,0.25,174616,oracle_only
51988,134,oracle+donor_profile,xml,0,0.25,174617,oracle_only
52125,112,oracle+donor_profile,xml,0,0.25,174618,oracle_only
52240,130,oracle+donor_profile,xml,0,0.25,174619,oracle_only
52373,138,oracle+donor_profile,xml,0,0.25,174620,oracle_only
52514,135,oracle+donor_profile,xml,0,0.25,174621,oracle_only
52652,114,oracle+donor_profile,xml,0,0.25,174622,oracle_only
52769,108,oracle+donor_profile,xml,0,0.25,174623,oracle_only
52880,117,oracle+donor_profile,xml,0,0.25,174624,oracle_only
53000,98,oracle+donor_profile,xml,0,0.25,174625,oracle_only
53101,114,oracle+donor_profile,xml,0,0.25,174626,oracle_only
53218,128,oracle+donor_profile,xml,0,0.25,174627,oracle_only
53349,78,oracle+donor_profile,xml,0,0.25,174628,oracle_only
53430,117,oracle+donor_profile,xml,0,0.25,174629,oracle_only
53550,172,oracle+donor_profile,xml,0,0.25,174630,oracle_only
53725,112,oracle+donor_profile,xml,0,0.25,174631,oracle_only
53840,123,oracle+donor_profile,xml,0,0.25,174632,oracle_only
53966,135,oracle+donor_profile,xml,0,0.25,174633,oracle_only
54104,105,oracle+donor_profile,xml,0,0.25,174634,oracle_only
54212,119,oracle+donor_profile,xml,0,0.25,174635,oracle_only
54334,117,oracle+donor_profile,xml,0,0.25,174636,oracle_only
54454,121,oracle+donor_profile,xml,0,0.25,174637,oracle_only
54578,105,oracle+donor_profile,xml,0,0.25,174638,oracle_only
54686,121,oracle+donor_profile,xml,0,0.25,174639,oracle_only
54810,138,oracle+donor_profile,xml,0,0.25,174640,oracle_only
54951,124,oracle+donor_profile,xml,0,0.25,174641,oracle_only
55078,124,oracle+donor_profile,xml,0,0.25,174642,oracle_only
55205,122,oracle+donor_profile,xml,0,0.25,174643,oracle_only
55330,104,oracle+donor_profile,xml,0,0.25,174644,oracle_only
55437,99,oracle+donor_profile,xml,0,0.25,174645,oracle_only
55539,130,oracle+donor_profile,xml,0,0.25,174646,oracle_only
55672,85,oracle+donor_profile,xml,0,0.25,174647,oracle_only
55760,124,oracle+donor_profile,xml,0,0.25,174648,oracle_only
55887,114,oracle+donor_profile,xml,0,0.25,174649,oracle_only
56004,118,oracle+donor_profile,xml,0,0.25,174650,oracle_only
56125,147,oracle+donor_profile,xml,0,0.25,174651,oracle_only
56275,131,oracle+donor_profile,xml,0,0.25,174652,oracle_only
56409,121,oracle+donor_profile,xml,0,0.25,174653,oracle_only
56533,106,oracle+donor_profile,xml,0,0.25,174654,oracle_only
56642,114,oracle+donor_profile,xml,0,0.25,174655,oracle_only
56759,122,oracle+donor_profile,xml,0,0.25,174656,oracle_only
56884,122,oracle+donor_profile,xml,0,0.25,174657,oracle_only
57009,118,oracle+donor_profile,xml,0,0.25,174658,oracle_only
57130,135,oracle+donor_profile,xml,0,0.25,174659,oracle_only
57268,120,oracle+donor_profile,xml,0,0.25,174660,oracle_only
57391,127,oracle+donor_profile,xml,0,0.25,174661,oracle_only
57521,117,oracle+donor_profile,xml,0,0.25,174662,oracle_only
57641,110,oracle+donor_profile,xml,0,0.25,174663,oracle_only
57754,99,oracle+donor_profile,xml,0,0.25,174664,oracle_only
57856,119,oracle+donor_profile,xml,0,0.25,174665,oracle_only
57978,119,oracle+donor_profile,xml,0,0.25,174666,oracle_only
58100,121,oracle+donor_profile,xml,0,0.25,174667,oracle_only
58224,123,oracle+donor_profile,xml,0,0.25,174668,oracle_only
58350,106,oracle+donor_profile,xml,0,0.25,174669,oracle_only
58459,127,oracle+donor_profile,xml,0,0.25,174670,oracle_only
58589,96,oracle+donor_profile,xml,0,0.25,174671,oracle_only
58688,114,oracle+donor_profile,xml,0,0.25,174672,oracle_only
58805,114,oracle+donor_profile,xml,0,0.25,174673,oracle_only
58922,110,oracle+donor_profile,xml,0,0.25,174674,oracle_only
59035,104,oracle+donor_profile,xml,0,0.25,174675,oracle_only
59142,102,oracle+donor_profile,xml,0,0.25,174676,oracle_only
59247,133,oracle+donor_profile,xml,0,0.25,174677,oracle_only
59383,131,oracle+donor_profile,xml,0,0.25,174678,oracle_only
59517,112,oracle+donor_profile,xml,0,0.25,174679,oracle_only
59632,117,oracle+donor_profile,xml,0,0.25,174680,oracle_only
59752,86,oracle+donor_profile,xml,0,0.25,174681,oracle_only
59841,117,oracle+donor_profile,xml,0,0.25,174682,oracle_only
59961,133,oracle+donor_profile,xml,0,0.25,174683,oracle_only
60097,103,oracle+donor_profile,xml,0,0.25,174684,oracle_only
60203,119,oracle+donor_profile,xml,0,0.25,174685,oracle_only
60325,125,oracle+donor_profile,xml,0,0.25,174686,oracle_only
60453,118,oracle+donor_profile,xml,0,0.25,174687,oracle_only
60574,112,oracle+donor_profile,xml,0,0.25,174688,oracle_only
60689,116,oracle+donor_profile,xml,0,0.25,174689,oracle_only
60808,118,oracle+donor_profile,xml,0,0.25,174690,oracle_only
60929,97,oracle+donor_profile,xml,0,0.25,174691,oracle_only
61029,124,oracle+donor_profile,xml,0,0.25,174692,oracle_only
61156,121,oracle+donor_profile,xml,0,0.25,174693,oracle_only
61280,108,oracle+donor_profile,xml,0,0.25,174694,oracle_only
61391,126,oracle+donor_profile,xml,0,0.25,174695,oracle_only
61520,115,oracle+donor_profile,xml,0,0.25,174696,oracle_only
61638,143,oracle+donor_profile,xml,0,0.25,174697,oracle_only
61784,142,oracle+donor_profile,xml,0,0.25,174698,oracle_only
61929,117,oracle+donor_profile,xml,0,0.25,174699,oracle_only
62049,120,oracle+donor_profile,xml,0,0.25,174700,oracle_only
62172,124,oracle+donor_profile,xml,0,0.25,174701,oracle_only
62299,124,oracle+donor_profile,xml,0,0.25,174702,oracle_only
62426,87,oracle+donor_profile,xml,0,0.25,174703,oracle_only
62516,126,oracle+donor_profile,xml,0,0.25,174704,oracle_only
62645,119,oracle+donor_profile,xml,0,0.25,174705,oracle_only
62767,124,oracle+donor_profile,xml,0,0.25,174706,oracle_only
62894,116,oracle+donor_profile,xml,0,0.25,174707,oracle_only
63013,121,oracle+donor_profile,xml,0,0.25,174708,oracle_only
63137,119,oracle+donor_profile,xml,0,0.25,174709,oracle_only
63259,118,oracle+donor_profile,xml,0,0.25,174710,oracle_only
63380,107,oracle+donor_profile,xml,0,0.25,174711,oracle_only
63490,119,oracle+donor_profile,xml,0,0.25,174712,oracle_only
63612,81,oracle+donor_profile,xml,0,0.25,174713,oracle_only
63696,122,oracle+donor_profile,xml,0,0.25,174714,oracle_only
63821,83,oracle+donor_profile,xml,0,0.25,174715,oracle_only
63907,119,oracle+donor_profile,xml,0,0.25,174716,oracle_only
64029,107,oracle+donor_profile,xml,0,0.25,174717,oracle_only
64139,82,oracle+donor_profile,xml,0,0.25,174718,oracle_only
64224,105,oracle+donor_profile,xml,0,0.25,174719,oracle_only
64332,125,oracle+donor_profile,xml,0,0.25,174720,oracle_only
64460,100,oracle+donor_profile,xml,0,0.25,174721,oracle_only
64563,132,oracle+donor_profile,xml,0,0.25,174722,oracle_only
64698,88,oracle+donor_profile,xml,0,0.25,174723,oracle_only
64789,161,oracle+donor_profile,xml,0,0.25,174724,oracle_only
64953,117,oracle+donor_profile,xml,0,0.25,174725,oracle_only
65073,120,oracle+donor_profile,xml,0,0.25,174726,oracle_only
65196,119,oracle+donor_profile,xml,0,0.25,174727,oracle_only
65318,128,oracle+donor_profile,xml,0,0.25,174728,oracle_only
65449,128,oracle+donor_profile,xml,0,0.25,174729,oracle_only
65580,114,oracle+donor_profile,xml,0,0.25,174730,oracle_only
65697,120,oracle+donor_profile,xml,0,0.25,174731,oracle_only
65820,120,oracle+donor_profile,xml,0,0.25,174732,oracle_only
65943,139,oracle+donor_profile,xml,0,0.25,174733,oracle_only
66085,115,oracle+donor_profile,xml,0,0.25,174734,oracle_only
66203,111,oracle+donor_profile,xml,0,0.25,174735,oracle_only
66317,128,oracle+donor_profile,xml,0,0.25,174736,oracle_only
66448,132,oracle+donor_profile,xml,0,0.25,174737,oracle_only
66583,103,oracle+donor_profile,xml,0,0.25,174738,oracle_only
66689,123,oracle+donor_profile,xml,0,0.25,174739,oracle_only
66815,127,oracle+donor_profile,xml,0,0.25,174740,oracle_only
66945,138,oracle+donor_profile,xml,0,0.25,174741,oracle_only
67086,191,oracle+donor_profile,xml,0,0.25,174742,oracle_only
67280,127,oracle+donor_profile,xml,0,0.25,174743,oracle_only
67410,83,oracle+donor_profile,xml,0,0.25,174744,oracle_only
67496,132,oracle+donor_profile,xml,0,0.25,174745,oracle_only
67631,107,oracle+donor_profile,xml,0,0.25,174746,oracle_only
67741,88,oracle+donor_profile,xml,0,0.25,174747,oracle_only
67832,138,oracle+donor_profile,xml,0,0.25,174748,oracle_only
67973,132,oracle+donor_profile,xml,0,0.25,174749,oracle_only
68108,152,oracle+donor_profile,xml,0,0.25,174750,oracle_only
68263,121,oracle+donor_profile,xml,0,0.25,174751,oracle_only
68387,119,oracle+donor_profile,xml,0,0.25,174752,oracle_only
68509,114,oracle+donor_profile,xml,0,0.25,174753,oracle_only
68626,103,oracle+donor_profile,xml,0,0.25,174754,oracle_only
68732,121,oracle+donor_profile,xml,0,0.25,174755,oracle_only
68856,131,oracle+donor_profile,xml,0,0.25,174756,oracle_only
68990,103,oracle+donor_profile,xml,0,0.25,174757,oracle_only
69096,97,oracle+donor_profile,xml,0,0.25,174758,oracle_only
69196,103,oracle+donor_profile,xml,0,0.25,174759,oracle_only
69302,126,oracle+donor_profile,xml,0,0.25,174760,oracle_only
69431,119,oracle+donor_profile,xml,0,0.25,174761,oracle_only
69553,110,oracle+donor_profile,xml,0,0.25,174762,oracle_only
69666,121,oracle+donor_profile,xml,0,0.25,174763,oracle_only
69790,130,oracle+donor_profile,xml,0,0.25,174764,oracle_only
69923,94,oracle+donor_profile,xml,0,0.25,174765,oracle_only
70020,125,oracle+donor_profile,xml,0,0.25,174766,oracle_only
70148,113,oracle+donor_profile,xml,0,0.25,174767,oracle_only
70264,140,oracle+donor_profile,xml,0,0.25,174768,oracle_only
70407,86,oracle+donor_profile,xml,0,0.25,174769,oracle_only
70496,118,oracle+donor_profile,xml,0,0.25,174770,oracle_only
70617,86,oracle+donor_profile,xml,0,0.25,174771,oracle_only
70706,118,oracle+donor_profile,xml,0,0.25,174772,oracle_only
70827,130,oracle+donor_profile,xml,0,0.25,174773,oracle_only
70960,132,oracle+donor_profile,xml,0,0.25,174774,oracle_only
71095,116,oracle+donor_profile,xml,0,0.25,174775,oracle_only
71214,145,oracle+donor_profile,xml,0,0.25,174776,oracle_only
71362,128,oracle+donor_profile,xml,0,0.25,174777,oracle_only
71493,145,oracle+donor_profile,xml,0,0.25,174778,oracle_only
71641,137,oracle+donor_profile,xml,0,0.25,174779,oracle_only
71781,132,oracle+donor_profile,xml,0,0.25,174780,oracle_only
71916,121,oracle+donor_profile,xml,0,0.25,174781,oracle_only
72040,121,oracle+donor_profile,xml,0,0.25,174782,oracle_only
72164,125,oracle+donor_profile,xml,0,0.25,174783,oracle_only
72292,140,oracle+donor_profile,xml,0,0.25,174784,oracle_only
72435,140,oracle+donor_profile,xml,0,0.25,174785,oracle_only
72578,140,oracle+donor_profile,xml,0,0.25,174786,oracle_only
72721,140,oracle+donor_profile,xml,0,0.25,174787,oracle_only
72864,140,oracle+donor_profile,xml,0,0.25,174788,oracle_only
73007,140,oracle+donor_profile,xml,0,0.25,174789,oracle_only
73150,140,oracle+donor_profile,xml,0,0.25,174790,oracle_only
73293,140,oracle+donor_profile,xml,0,0.25,174791,oracle_only
73436,144,oracle+donor_profile,xml,0,0.25,174792,oracle_only
73583,116,oracle+donor_profile,xml,0,0.25,174793,oracle_only
73702,89,oracle+donor_profile,xml,0,0.25,174794,oracle_only
73794,102,oracle+donor_profile,xml,0,0.25,174795,oracle_only
73899,138,oracle+donor_profile,xml,0,0.25,174796,oracle_only
74040,117,oracle+donor_profile,xml,0,0.25,174797,oracle_only
74160,126,oracle+donor_profile,xml,0,0.25,174798,oracle_only
74289,104,oracle+donor_profile,xml,0,0.25,174799,oracle_only
74396,124,oracle+donor_profile,xml,0,0.25,174800,oracle_only
74523,90,oracle+donor_profile,xml,0,0.25,174801,oracle_only
74616,117,oracle+donor_profile,xml,0,0.25,174802,oracle_only
74736,190,oracle+donor_profile,xml,0,0.25,174803,oracle_only
74929,76,oracle+donor_profile,xml,0,0.25,174804,oracle_only
75008,111,oracle+donor_profile,xml,0,0.25,174805,oracle_only
75122,115,oracle+donor_profile,xml,0,0.25,174806,oracle_only
75240,124,oracle+donor_profile,xml,0,0.25,174807,oracle_only
75367,126,oracle+donor_profile,xml,0,0.25,174808,oracle_only
75496,102,oracle+donor_profile,xml,0,0.25,174809,oracle_only
75601,106,oracle+donor_profile,xml,0,0.25,174810,oracle_only
75710,111,oracle+donor_profile,xml,0,0.25,174811,oracle_only
75824,146,oracle+donor_profile,xml,0,0.25,174812,oracle_only
75973,93,oracle+donor_profile,xml,0,0.25,174813,oracle_only
76069,118,oracle+donor_profile,xml,0,0.25,174814,oracle_only
76190,115,oracle+donor_profile,xml,0,0.25,174815,oracle_only
76308,114,oracle+donor_profile,xml,0,0.25,174816,oracle_only
76425,124,oracle+donor_profile,xml,0,0.25,174817,oracle_only
76552,124,oracle+donor_profile,xml,0,0.25,174818,oracle_only
76679,125,oracle+donor_profile,xml,0,0.25,174819,oracle_only
76807,126,oracle+donor_profile,xml,0,0.25,174820,oracle_only
76936,114,oracle+donor_profile,xml,0,0.25,174821,oracle_only
77053,103,oracle+donor_profile,xml,0,0.25,174822,oracle_only
77159,124,oracle+donor_profile,xml,0,0.25,174823,oracle_only
77286,102,oracle+donor_profile,xml,0,0.25,174824,oracle_only
77391,102,oracle+donor_profile,xml,0,0.25,174825,oracle_only
77496,119,oracle+donor_profile,xml,0,0.25,174826,oracle_only
77618,139,oracle+donor_profile,xml,0,0.25,174827,oracle_only
77760,131,oracle+donor_profile,xml,0,0.25,174828,oracle_only
77894,119,oracle+donor_profile,xml,0,0.25,174829,oracle_only
78016,125,oracle+donor_profile,xml,0,0.25,174830,oracle_only
78144,104,oracle+donor_profile,xml,0,0.25,174831,oracle_only
78251,117,oracle+donor_profile,xml,0,0.25,174832,oracle_only
78371,105,oracle+donor_profile,xml,0,0.25,174833,oracle_only
78479,101,oracle+donor_profile,xml,0,0.25,174834,oracle_only
78583,134,oracle+donor_profile,xml,0,0.25,174835,oracle_only
78720,102,oracle+donor_profile,xml,0,0.25,174836,oracle_only
78825,132,oracle+donor_profile,xml,0,0.25,174837,oracle_only
78960,91,oracle+donor_profile,xml,0,0.25,174838,oracle_only
79054,131,oracle+donor_profile,xml,0,0.25,174839,oracle_only
79188,125,oracle+donor_profile,xml,0,0.25,174840,oracle_only
79316,111,oracle+donor_profile,xml,0,0.25,174841,oracle_only
79430,125,oracle+donor_profile,xml,0,0.25,174842,oracle_only
79558,137,oracle+donor_profile,xml,0,0.25,174843,oracle_only
79698,85,oracle+donor_profile,xml,0,0.25,174844,oracle_only
79786,106,oracle+donor_profile,xml,0,0.25,174845,oracle_only
79895,170,oracle+donor_profile,xml,0,0.25,174846,oracle_only
80068,125,oracle+donor_profile,xml,0,0.25,174847,oracle_only
80196,108,oracle+donor_profile,xml,0,0.25,174848,oracle_only
80307,118,oracle+donor_profile,xml,0,0.25,174849,oracle_only
80428,117,oracle+donor_profile,xml,0,0.25,174850,oracle_only
80548,122,oracle+donor_profile,xml,0,0.25,174851,oracle_only
80673,96,oracle+donor_profile,xml,0,0.25,174852,oracle_only
80772,105,oracle+donor_profile,xml,0,0.25,174853,oracle_only
80880,104,oracle+donor_profile,xml,0,0.25,174854,oracle_only
80987,164,oracle+donor_profile,xml,0,0.25,174855,oracle_only
81154,125,oracle+donor_profile,xml,0,0.25,174856,oracle_only
81282,121,oracle+donor_profile,xml,0,0.25,174857,oracle_only
81406,116,oracle+donor_profile,xml,0,0.25,174858,oracle_only
81525,151,oracle+donor_profile,xml,0,0.25,174859,oracle_only
81679,137,oracle+donor_profile,xml,0,0.25,174860,oracle_only
81819,96,oracle+donor_profile,xml,0,0.25,174861,oracle_only
81918,125,oracle+donor_profile,xml,0,0.25,174862,oracle_only
82046,86,oracle+donor_profile,xml,0,0.25,174863,oracle_only
82135,114,oracle+donor_profile,xml,0,0.25,174864,oracle_only
82252,115,oracle+donor_profile,xml,0,0.25,174865,oracle_only
82370,111,oracle+donor_profile,xml,0,0.25,174866,oracle_only
82484,90,oracle+donor_profile,xml,0,0.25,174867,oracle_only
82577,114,oracle+donor_profile,xml,0,0.25,174868,oracle_only
82694,109,oracle+donor_profile,xml,0,0.25,174869,oracle_only
82806,123,oracle+donor_profile,xml,0,0.25,174870,oracle_only
82932,125,oracle+donor_profile,xml,0,0.25,174871,oracle_only
83060,130,oracle+donor_profile,xml,0,0.25,174872,oracle_only
83193,122,oracle+donor_profile,xml,0,0.25,174873,oracle_only
83318,141,oracle+donor_profile,xml,0,0.25,174874,oracle_only
83462,110,oracle+donor_profile,xml,0,0.25,174875,oracle_only
83575,114,oracle+donor_profile,xml,0,0.25,174876,oracle_only
83692,104,oracle+donor_profile,xml,0,0.25,174877,oracle_only
83799,121,oracle+donor_profile,xml,0,0.25,174878,oracle_only
83923,133,oracle+donor_profile,xml,0,0.25,174879,oracle_only
84059,94,oracle+donor_profile,xml,0,0.25,174880,oracle_only
84156,121,oracle+donor_profile,xml,0,0.25,174881,oracle_only
84280,111,oracle+donor_profile,xml,0,0.25,174882,oracle_only
84394,155,oracle+donor_profile,xml,0,0.25,174883,oracle_only
84552,129,oracle+donor_profile,xml,0,0.25,174884,oracle_only
84684,129,oracle+donor_profile,xml,0,0.25,174885,oracle_only
84816,117,oracle+donor_profile,xml,0,0.25,174886,oracle_only
84936,135,oracle+donor_profile,xml,0,0.25,174887,oracle_only
85074,114,oracle+donor_profile,xml,0,0.25,174888,oracle_only
85191,81,oracle+donor_profile,xml,0,0.25,174889,oracle_only
85275,125,oracle+donor_profile,xml,0,0.25,174890,oracle_only
85403,100,oracle+donor_profile,xml,0,0.25,174891,oracle_only
85506,67,oracle+donor_profile,xml,0,0.25,174892,oracle_only
85576,123,oracle+donor_profile,xml,0,0.25,174893,oracle_only
85702,76,oracle+donor_profile,xml,0,0.25,174894,oracle_only
85781,172,oracle+donor_profile,xml,0,0.25,174895,oracle_only
85956,120,oracle+donor_profile,xml,0,0.25,174896,oracle_only
86079,76,oracle+donor_profile,xml,0,0.25,174897,oracle_only
86158,114,oracle+donor_profile,xml,0,0.25,174898,oracle_only
86275,123,oracle+donor_profile,xml,0,0.25,174899,oracle_only
86401,131,oracle+donor_profile,xml,0,0.25,174900,oracle_only
86535,133,oracle+donor_profile,xml,0,0.25,174901,oracle_only
86671,166,oracle+donor_profile,xml,0,0.25,174902,oracle_only
86840,111,oracle+donor_profile,xml,0,0.25,174903,oracle_only
86954,120,oracle+donor_profile,xml,0,0.25,174904,oracle_only
87077,122,oracle+donor_profile,xml,0,0.25,174905,oracle_only
87202,113,oracle+donor_profile,xml,0,0.25,174906,oracle_only
87318,137,oracle+donor_profile,xml,0,0.25,174907,oracle_only
87458,219,oracle+donor_profile,xml,0,0.25,174908,oracle_only
87680,119,oracle+donor_profile,xml,0,0.25,174909,oracle_only
87802,95,oracle+donor_profile,xml,0,0.25,174910,oracle_only
87900,116,oracle+donor_profile,xml,0,0.25,174911,oracle_only
88019,98,oracle+donor_profile,xml,0,0.25,174912,oracle_only
88120,125,oracle+donor_profile,xml,0,0.25,174913,oracle_only
88248,120,oracle+donor_profile,xml,0,0.25,174914,oracle_only
88371,108,oracle+donor_profile,xml,0,0.25,174915,oracle_only
88482,133,oracle+donor_profile,xml,0,0.25,174916,oracle_only
88618,117,oracle+donor_profile,xml,0,0.25,174917,oracle_only
88738,128,oracle+donor_profile,xml,0,0.25,174918,oracle_only
88869,120,oracle+donor_profile,xml,0,0.25,174919,oracle_only
88992,154,oracle+donor_profile,xml,0,0.25,174920,oracle_only
89149,117,oracle+donor_profile,xml,0,0.25,174921,oracle_only
89269,131,oracle+donor_profile,xml,0,0.25,174922,oracle_only
89403,101,oracle+donor_profile,xml,0,0.25,174923,oracle_only
89507,90,oracle+donor_profile,xml,0,0.25,174924,oracle_only
89600,123,oracle+donor_profile,xml,0,0.25,174925,oracle_only
89726,128,oracle+donor_profile,xml,0,0.25,174926,oracle_only
89857,128,oracle+donor_profile,xml,0,0.25,174927,oracle_only
89988,120,oracle+donor_profile,xml,0,0.25,174928,oracle_only
90111,194,oracle+donor_profile,xml,0,0.25,174929,oracle_only
90308,119,oracle+donor_profile,xml,0,0.25,174930,oracle_only
90430,114,oracle+donor_profile,xml,0,0.25,174931,oracle_only
90547,122,oracle+donor_profile,xml,0,0.25,174932,oracle_only
90672,110,oracle+donor_profile,xml,0,0.25,174933,oracle_only
90785,81,oracle+donor_profile,xml,0,0.25,174934,oracle_only
90869,120,oracle+donor_profile,xml,0,0.25,174935,oracle_only
90992,114,oracle+donor_profile,xml,0,0.25,174936,oracle_only
91109,123,oracle+donor_profile,xml,0,0.25,174937,oracle_only
91235,118,oracle+donor_profile,xml,0,0.25,174938,oracle_only
91356,172,oracle+donor_profile,xml,0,0.25,174939,oracle_only
91531,106,oracle+donor_profile,xml,0,0.25,174940,oracle_only
91640,126,oracle+donor_profile,xml,0,0.25,174941,oracle_only
91769,122,oracle+donor_profile,xml,0,0.25,174942,oracle_only
91894,111,oracle+donor_profile,xml,0,0.25,174943,oracle_only
92008,105,oracle+donor_profile,xml,0,0.25,174944,oracle_only
92116,129,oracle+donor_profile,xml,0,0.25,174945,oracle_only
92248,142,oracle+donor_profile,xml,0,0.25,174946,oracle_only
92393,107,oracle+donor_profile,xml,0,0.25,174947,oracle_only
92503,78,oracle+donor_profile,xml,0,0.25,174948,oracle_only
92584,127,oracle+donor_profile,xml,0,0.25,174949,oracle_only
92714,125,oracle+donor_profile,xml,0,0.25,174950,oracle_only
92842,126,oracle+donor_profile,xml,0,0.25,174951,oracle_only
92971,126,oracle+donor_profile,xml,0,0.25,174952,oracle_only
93100,142,oracle+donor_profile,xml,0,0.25,174953,oracle_only
93245,95,oracle+donor_profile,xml,0,0.25,174954,oracle_only
93343,103,oracle+donor_profile,xml,0,0.25,174955,oracle_only
93449,114,oracle+donor_profile,xml,0,0.25,174956,oracle_only
93566,131,oracle+donor_profile,xml,0,0.25,174957,oracle_only
93700,114,oracle+donor_profile,xml,0,0.25,174958,oracle_only
93817,80,oracle+donor_profile,xml,0,0.25,174959,oracle_only
93900,168,oracle+donor_profile,xml,0,0.25,174960,oracle_only
94071,117,oracle+donor_profile,xml,0,0.25,174961,oracle_only
94191,111,oracle+donor_profile,xml,0,0.25,174962,oracle_only
94305,123,oracle+donor_profile,xml,0,0.25,174963,oracle_only
94431,90,oracle+donor_profile,xml,0,0.25,174964,oracle_only
94524,130,oracle+donor_profile,xml,0,0.25,174965,oracle_only
94657,121,oracle+donor_profile,xml,0,0.25,174966,oracle_only
94781,110,oracle+donor_profile,xml,0,0.25,174967,oracle_only
94894,130,oracle+donor_profile,xml,0,0.25,174968,oracle_only
95027,120,oracle+donor_profile,xml,0,0.25,174969,oracle_only
95150,222,oracle+donor_profile,xml,0,0.25,174970,oracle_only
95375,114,oracle+donor_profile,xml,0,0.25,174971,oracle_only
95492,128,oracle+donor_profile,xml,0,0.25,174972,oracle_only
95623,116,oracle+donor_profile,xml,0,0.25,174973,oracle_only
95742,96,oracle+donor_profile,xml,0,0.25,174974,oracle_only
95841,125,oracle+donor_profile,xml,0,0.25,174975,oracle_only
95969,114,oracle+donor_profile,xml,0,0.25,174976,oracle_only
96086,112,oracle+donor_profile,xml,0,0.25,174977,oracle_only
96201,114,oracle+donor_profile,xml,0,0.25,174978,oracle_only
96318,120,oracle+donor_profile,xml,0,0.25,174979,oracle_only
96441,99,oracle+donor_profile,xml,0,0.25,174980,oracle_only
96543,102,oracle+donor_profile,xml,0,0.25,174981,oracle_only
96648,161,oracle+donor_profile,xml,0,0.25,174982,oracle_only
96812,108,oracle+donor_profile,xml,0,0.25,174983,oracle_only
96923,121,oracle+donor_profile,xml,0,0.25,174984,oracle_only
97047,130,oracle+donor_profile,xml,0,0.25,174985,oracle_only
97180,115,oracle+donor_profile,xml,0,0.25,174986,oracle_only
97298,138,oracle+donor_profile,xml,0,0.25,174987,oracle_only
97439,82,oracle+donor_profile,xml,0,0.25,174988,oracle_only
97524,133,oracle+donor_profile,xml,0,0.25,174989,oracle_only
97660,106,oracle+donor_profile,xml,0,0.25,174990,oracle_only
97769,114,oracle+donor_profile,xml,0,0.25,174991,oracle_only
97886,147,oracle+donor_profile,xml,0,0.25,174992,oracle_only
98036,91,oracle+donor_profile,xml,0,0.25,174993,oracle_only
98130,122,oracle+donor_profile,xml,0,0.25,174994,oracle_only
98255,124,oracle+donor_profile,xml,0,0.25,174995,oracle_only
98382,84,oracle+donor_profile,xml,0,0.25,174996,oracle_only
98469,128,oracle+donor_profile,xml,0,0.25,174997,oracle_only
98600,144,oracle+donor_profile,xml,0,0.25,174998,oracle_only
98747,112,oracle+donor_profile,xml,0,0.25,174999,oracle_only
98862,151,oracle+donor_profile,xml,0,0.25,175000,oracle_only
99016,112,oracle+donor_profile,xml,0,0.25,175001,oracle_only
99131,89,oracle+donor_profile,xml,0,0.25,175002,oracle_only
99223,138,oracle+donor_profile,xml,0,0.25,175003,oracle_only
99364,123,oracle+donor_profile,xml,0,0.25,175004,oracle_only
99490,96,oracle+donor_profile,xml,0,0.25,175005,oracle_only
99589,118,oracle+donor_profile,xml,0,0.25,175006,oracle_only
99710,134,oracle+donor_profile,xml,0,0.25,175007,oracle_only
99847,112,oracle+donor_profile,xml,0,0.25,175008,oracle_only
99962,135,oracle+donor_profile,xml,0,0.25,175009,oracle_only
100100,118,oracle+donor_profile,xml,0,0.25,175010,oracle_only
100221,153,oracle+donor_profile,xml,0,0.25,175011,oracle_only
100377,118,oracle+donor_profile,xml,0,0.25,175012,oracle_only
100498,119,oracle+donor_profile,xml,0,0.25,175013,oracle_only
100620,126,oracle+donor_profile,xml,0,0.25,175014,oracle_only
100749,147,oracle+donor_profile,xml,0,0.25,175015,oracle_only
100899,133,oracle+donor_profile,xml,0,0.25,175016,oracle_only
101035,121,oracle+donor_profile,xml,0,0.25,175017,oracle_only
101159,128,oracle+donor_profile,xml,0,0.25,175018,oracle_only
101290,136,oracle+donor_profile,xml,0,0.25,175019,oracle_only
101429,102,oracle+donor_profile,xml,0,0.25,175020,oracle_only
101534,125,oracle+donor_profile,xml,0,0.25,175021,oracle_only
101662,115,oracle+donor_profile,xml,0,0.25,175022,oracle_only
101780,204,oracle+donor_profile,xml,0,0.25,175023,oracle_only
101987,113,oracle+donor_profile,xml,0,0.25,175024,oracle_only
102103,120,oracle+donor_profile,xml,0,0.25,175025,oracle_only
102226,125,oracle+donor_profile,xml,0,0.25,175026,oracle_only
102354,117,oracle+donor_profile,xml,0,0.25,175027,oracle_only
102474,123,oracle+donor_profile,xml,0,0.25,175028,oracle_only
102600,119,oracle+donor_profile,xml,0,0.25,175029,oracle_only
102722,123,oracle+donor_profile,xml,0,0.25,175030,oracle_only
102848,127,oracle+donor_profile,xml,0,0.25,175031,oracle_only
102978,124,oracle+donor_profile,xml,0,0.25,175032,oracle_only
103105,167,oracle+donor_profile,xml,0,0.25,175033,oracle_only
103275,125,oracle+donor_profile,xml,0,0.25,175034,oracle_only
103403,142,oracle+donor_profile,xml,0,0.25,175035,oracle_only
103548,169,oracle+donor_profile,xml,0,0.25,175036,oracle_only
103720,113,oracle+donor_profile,xml,0,0.25,175037,oracle_only
103836,126,oracle+donor_profile,xml,0,0.25,175038,oracle_only
103965,141,oracle+donor_profile,xml,0,0.25,175039,oracle_only
104109,141,oracle+donor_profile,xml,0,0.25,175040,oracle_only
104253,117,oracle+donor_profile,xml,0,0.25,175041,oracle_only
104373,126,oracle+donor_profile,xml,0,0.25,175042,oracle_only
104502,140,oracle+donor_profile,xml,0,0.25,175043,oracle_only
104645,89,oracle+donor_profile,xml,0,0.25,175044,oracle_only
104737,87,oracle+donor_profile,xml,0,0.25,175045,oracle_only
104827,115,oracle+donor_profile,xml,0,0.25,175046,oracle_only
104945,120,oracle+donor_profile,xml,0,0.25,175047,oracle_only
105068,120,oracle+donor_profile,xml,0,0.25,175048,oracle_only
105191,95,oracle+donor_profile,xml,0,0.25,175049,oracle_only
105289,134,oracle+donor_profile,xml,0,0.25,175050,oracle_only
105426,117,oracle+donor_profile,xml,0,0.25,175051,oracle_only
105546,144,oracle+donor_profile,xml,0,0.25,175052,oracle_only
105693,144,oracle+donor_profile,xml,0,0.25,175053,oracle_only
105840,87,oracle+donor_profile,xml,0,0.25,175054,oracle_only
105930,124,oracle+donor_profile,xml,0,0.25,175055,oracle_only
106057,84,oracle+donor_profile,xml,0,0.25,175056,oracle_only
106144,101,oracle+donor_profile,xml,0,0.25,175057,oracle_only
106248,95,oracle+donor_profile,xml,0,0.25,175058,oracle_only
106346,170,oracle+donor_profile,xml,0,0.25,175059,oracle_only
106519,91,oracle+donor_profile,xml,0,0.25,175060,oracle_only
106613,190,oracle+donor_profile,xml,0,0.25,175061,oracle_only
106806,101,oracle+donor_profile,xml,0,0.25,175062,oracle_only
106910,142,oracle+donor_profile,xml,0,0.25,175063,oracle_only
107055,100,oracle+donor_profile,xml,0,0.25,175064,oracle_only
107158,97,oracle+donor_profile,xml,0,0.25,175065,oracle_only
107258,142,oracle+donor_profile,xml,0,0.25,175066,oracle_only
107403,162,oracle+donor_profile,xml,0,0.25,175067,oracle_only
107568,112,oracle+donor_profile,xml,0,0.25,175068,oracle_only
107683,123,oracle+donor_profile,xml,0,0.25,175069,oracle_only
107809,108,oracle+donor_profile,xml,0,0.25,175070,oracle_only
107920,90,oracle+donor_profile,xml,0,0.25,175071,oracle_only
108013,127,oracle+donor_profile,xml,0,0.25,175072,oracle_only
108143,115,oracle+donor_profile,xml,0,0.25,175073,oracle_only
108261,130,oracle+donor_profile,xml,0,0.25,175074,oracle_only
108394,129,oracle+donor_profile,xml,0,0.25,175075,oracle_only
108526,115,oracle+donor_profile,xml,0,0.25,175076,oracle_only
108644,114,oracle+donor_profile,xml,0,0.25,175077,oracle_only
108761,177,oracle+donor_profile,xml,0,0.25,175078,oracle_only
108941,110,oracle+donor_profile,xml,0,0.25,175079,oracle_only
109054,131,oracle+donor_profile,xml,0,0.25,175080,oracle_only
109188,131,oracle+donor_profile,xml,0,0.25,175081,oracle_only
109322,133,oracle+donor_profile,xml,0,0.25,175082,oracle_only
109458,125,oracle+donor_profile,xml,0,0.25,175083,oracle_only
109586,131,oracle+donor_profile,xml,0,0.25,175084,oracle_only
109720,131,oracle+donor_profile,xml,0,0.25,175085,oracle_only
109854,133,oracle+donor_profile,xml,0,0.25,175086,oracle_only
109990,136,oracle+donor_profile,xml,0,0.25,175087,oracle_only
110129,105,oracle+donor_profile,xml,0,0.25,175088,oracle_only
110237,134,oracle+donor_profile,xml,0,0.25,175089,oracle_only
110374,122,oracle+donor_profile,xml,0,0.25,175090,oracle_only
110499,122,oracle+donor_profile,xml,0,0.25,175091,oracle_only
110624,125,oracle+donor_profile,xml,0,0.25,175092,oracle_only
110752,97,oracle+donor_profile,xml,0,0.25,175093,oracle_only
110852,105,oracle+donor_profile,xml,0,0.25,175094,oracle_only
110960,105,oracle+donor_profile,xml,0,0.25,175095,oracle_only
111068,105,oracle+donor_profile,xml,0,0.25,175096,oracle_only
111176,105,oracle+donor_profile,xml,0,0.25,175097,oracle_only
111284,105,oracle+donor_profile,xml,0,0.25,175098,oracle_only
111392,105,oracle+donor_profile,xml,0,0.25,175099,oracle_only
111500,105,oracle+donor_profile,xml,0,0.25,175100,oracle_only
111608,109,oracle+donor_profile,xml,0,0.25,175101,oracle_only
111720,163,oracle+donor_profile,xml,0,0.25,175102,oracle_only
111886,140,oracle+donor_profile,xml,0,0.25,175103,oracle_only
112029,104,oracle+donor_profile,xml,0,0.25,175104,oracle_only
112136,119,oracle+donor_profile,xml,0,0.25,175105,oracle_only
112258,121,oracle+donor_profile,xml,0,0.25,175106,oracle_only
112382,121,oracle+donor_profile,xml,0,0.25,175107,oracle_only
112506,115,oracle+donor_profile,xml,0,0.25,175108,oracle_only
112624,103,oracle+donor_profile,xml,0,0.25,175109,oracle_only
112730,102,oracle+donor_profile,xml,0,0.25,175110,oracle_only
112835,111,oracle+donor_profile,xml,0,0.25,175111,oracle_only
112949,102,oracle+donor_profile,xml,0,0.25,175112,oracle_only
113054,102,oracle+donor_profile,xml,0,0.25,175113,oracle_only
113159,108,oracle+donor_profile,xml,0,0.25,175114,oracle_only
113270,102,oracle+donor_profile,xml,0,0.25,175115,oracle_only
113375,108,oracle+donor_profile,xml,0,0.25,175116,oracle_only
113486,105,oracle+donor_profile,xml,0,0.25,175117,oracle_only
113594,105,oracle+donor_profile,xml,0,0.25,175118,oracle_only
113702,88,oracle+donor_profile,xml,0,0.25,175119,oracle_only
113793,105,oracle+donor_profile,xml,0,0.25,175120,oracle_only
113901,109,oracle+donor_profile,xml,0,0.25,175121,oracle_only
114013,99,oracle+donor_profile,xml,0,0.25,175122,oracle_only
114115,117,oracle+donor_profile,xml,0,0.25,175123,oracle_only
114235,122,oracle+donor_profile,xml,0,0.25,175124,oracle_only
114360,92,oracle+donor_profile,xml,0,0.25,175125,oracle_only
114455,80,oracle+donor_profile,xml,0,0.25,175126,oracle_only
114538,122,oracle+donor_profile,xml,0,0.25,175127,oracle_only
114663,124,oracle+donor_profile,xml,0,0.25,175128,oracle_only
114790,116,oracle+donor_profile,xml,0,0.25,175129,oracle_only
114909,119,oracle+donor_profile,xml,0,0.25,175130,oracle_only
115031,113,oracle+donor_profile,xml,0,0.25,175131,oracle_only
115147,145,oracle+donor_profile,xml,0,0.25,175132,oracle_only
115295,121,oracle+donor_profile,xml,0,0.25,175133,oracle_only
115419,84,oracle+donor_profile,xml,0,0.25,175134,oracle_only
115506,119,oracle+donor_profile,xml,0,0.25,175135,oracle_only
115628,115,oracle+donor_profile,xml,0,0.25,175136,oracle_only
115746,95,oracle+donor_profile,xml,0,0.25,175137,oracle_only
115844,143,oracle+donor_profile,xml,0,0.25,175138,oracle_only
115990,141,oracle+donor_profile,xml,0,0.25,175139,oracle_only
116134,87,oracle+donor_profile,xml,0,0.25,175140,oracle_only
116224,137,oracle+donor_profile,xml,0,0.25,175141,oracle_only
116364,137,oracle+donor_profile,xml,0,0.25,175142,oracle_only
116504,132,oracle+donor_profile,xml,0,0.25,175143,oracle_only
116639,102,oracle+donor_profile,xml,0,0.25,175144,oracle_only
116744,146,oracle+donor_profile,xml,0,0.25,175145,oracle_only
116893,118,oracle+donor_profile,xml,0,0.25,175146,oracle_only
117014,123,oracle+donor_profile,xml,0,0.25,175147,oracle_only
117140,128,oracle+donor_profile,xml,0,0.25,175148,oracle_only
117271,129,oracle+donor_profile,xml,0,0.25,175149,oracle_only
117403,131,oracle+donor_profile,xml,0,0.25,175150,oracle_only
117537,103,oracle+donor_profile,xml,0,0.25,175151,oracle_only
117643,84,oracle+donor_profile,xml,0,0.25,175152,oracle_only
117730,103,oracle+donor_profile,xml,0,0.25,175153,oracle_only
117836,119,oracle+donor_profile,xml,0,0.25,175154,oracle_only
117958,116,oracle+donor_profile,xml,0,0.25,175155,oracle_only
118077,114,oracle+donor_profile,xml,0,0.25,175156,oracle_only
118194,111,oracle+donor_profile,xml,0,0.25,175157,oracle_only
118308,119,oracle+donor_profile,xml,0,0.25,175158,oracle_only
118430,134,oracle+donor_profile,xml,0,0.25,175159,oracle_only
118567,117,oracle+donor_profile,xml,0,0.25,175160,oracle_only
118687,117,oracle+donor_profile,xml,0,0.25,175161,oracle_only
118807,122,oracle+donor_profile,xml,0,0.25,175162,oracle_only
118932,122,oracle+donor_profile,xml,0,0.25,175163,oracle_only
119057,115,oracle+donor_profile,xml,0,0.25,175164,oracle_only
119175,94,oracle+donor_profile,xml,0,0.25,175165,oracle_only
119272,118,oracle+donor_profile,xml,0,0.25,175166,oracle_only
119393,111,oracle+donor_profile,xml,0,0.25,175167,oracle_only
119507,134,oracle+donor_profile,xml,0,0.25,175168,oracle_only
119644,126,oracle+donor_profile,xml,0,0.25,175169,oracle_only
119773,110,oracle+donor_profile,xml,0,0.25,175170,oracle_only
119886,124,oracle+donor_profile,xml,0,0.25,175171,oracle_only
120013,120,oracle+donor_profile,xml,0,0.25,175172,oracle_only
120136,118,oracle+donor_profile,xml,0,0.25,175173,oracle_only
120257,133,oracle+donor_profile,xml,0,0.25,175174,oracle_only
120393,133,oracle+donor_profile,xml,0,0.25,175175,oracle_only
120529,122,oracle+donor_profile,xml,0,0.25,175176,oracle_only
120654,120,oracle+donor_profile,xml,0,0.25,175177,oracle_only
120777,125,oracle+donor_profile,xml,0,0.25,175178,oracle_only
120905,123,oracle+donor_profile,xml,0,0.25,175179,oracle_only
121031,123,oracle+donor_profile,xml,0,0.25,175180,oracle_only
121157,179,oracle+donor_profile,xml,0,0.25,175181,oracle_only
121339,103,oracle+donor_profile,xml,0,0.25,175182,oracle_only
121445,114,oracle+donor_profile,xml,0,0.25,175183,oracle_only
121562,116,oracle+donor_profile,xml,0,0.25,175184,oracle_only
121681,87,oracle+donor_profile,xml,0,0.25,175185,oracle_only
121771,181,oracle+donor_profile,xml,0,0.25,175186,oracle_only
121955,140,oracle+donor_profile,xml,0,0.25,175187,oracle_only
122098,148,oracle+donor_profile,xml,0,0.25,175188,oracle_only
122249,109,oracle+donor_profile,xml,0,0.25,175189,oracle_only
122361,169,oracle+donor_profile,xml,0,0.25,175190,oracle_only
122533,129,oracle+donor_profile,xml,0,0.25,175191,oracle_only
122665,103,oracle+donor_profile,xml,0,0.25,175192,oracle_only
122771,103,oracle+donor_profile,xml,0,0.25,175193,oracle_only
122877,97,oracle+donor_profile,xml,0,0.25,175194,oracle_only
122977,121,oracle+donor_profile,xml,0,0.25,175195,oracle_only
123101,96,oracle+donor_profile,xml,0,0.25,175196,oracle_only
123200,122,oracle+donor_profile,xml,0,0.25,175197,oracle_only
123325,122,oracle+donor_profile,xml,0,0.25,175198,oracle_only
123450,119,oracle+donor_profile,xml,0,0.25,175199,oracle_only
123572,102,oracle+donor_profile,xml,0,0.25,175200,oracle_only
123677,128,oracle+donor_profile,xml,0,0.25,175201,oracle_only
123808,133,oracle+donor_profile,xml,0,0.25,175202,oracle_only
123944,129,oracle+donor_profile,xml,0,0.25,175203,oracle_only
124076,106,oracle+donor_profile,xml,0,0.25,175204,oracle_only
124185,125,oracle+donor_profile,xml,0,0.25,175205,oracle_only
124313,110,oracle+donor_profile,xml,0,0.25,175206,oracle_only
124426,126,oracle+donor_profile,xml,0,0.25,175207,oracle_only
124555,82,oracle+donor_profile,xml,0,0.25,175208,oracle_only
124640,92,oracle+donor_profile,xml,0,0.25,175209,oracle_only
124735,119,oracle+donor_profile,xml,0,0.25,175210,oracle_only
124857,85,oracle+donor_profile,xml,0,0.25,175211,oracle_only
124945,77,oracle+donor_profile,xml,0,0.25,175212,oracle_only
125025,127,oracle+donor_profile,xml,0,0.25,175213,oracle_only
125155,138,oracle+donor_profile,xml,0,0.25,175214,oracle_only
125296,153,oracle+donor_profile,xml,0,0.25,175215,oracle_only
125452,110,oracle+donor_profile,xml,0,0.25,175216,oracle_only
125565,85,oracle+donor_profile,xml,0,0.25,175217,oracle_only
125653,83,oracle+donor_profile,xml,0,0.25,175218,oracle_only
125739,114,oracle+donor_profile,xml,0,0.25,175219,oracle_only
125856,118,oracle+donor_profile,xml,0,0.25,175220,oracle_only
125977,116,oracle+donor_profile,xml,0,0.25,175221,oracle_only
126096,138,oracle+donor_profile,xml,0,0.25,175222,oracle_only
126237,117,oracle+donor_profile,xml,0,0.25,175223,oracle_only
126357,88,oracle+donor_profile,xml,0,0.25,175224,oracle_only
126448,106,oracle+donor_profile,xml,0,0.25,175225,oracle_only
126557,133,oracle+donor_profile,xml,0,0.25,175226,oracle_only
126693,121,oracle+donor_profile,xml,0,0.25,175227,oracle_only
126817,102,oracle+donor_profile,xml,0,0.25,175228,oracle_only
126922,113,oracle+donor_profile,xml,0,0.25,175229,oracle_only
127038,119,oracle+donor_profile,xml,0,0.25,175230,oracle_only
127160,108,oracle+donor_profile,xml,0,0.25,175231,oracle_only
127271,125,oracle+donor_profile,xml,0,0.25,175232,oracle_only
127399,143,oracle+donor_profile,xml,0,0.25,175233,oracle_only
127545,121,oracle+donor_profile,xml,0,0.25,175234,oracle_only
127669,146,oracle+donor_profile,xml,0,0.25,175235,oracle_only
127818,120,oracle+donor_profile,xml,0,0.25,175236,oracle_only
127941,120,oracle+donor_profile,xml,0,0.25,175237,oracle_only
128064,97,oracle+donor_profile,xml,0,0.25,175238,oracle_only
128164,159,oracle+donor_profile,xml,0,0.25,175239,oracle_only
128326,147,oracle+donor_profile,xml,0,0.25,175240,oracle_only
128476,164,oracle+donor_profile,xml,0,0.25,175241,oracle_only
128643,146,oracle+donor_profile,xml,0,0.25,175242,oracle_only
128792,121,oracle+donor_profile,xml,0,0.25,175243,oracle_only
128916,86,oracle+donor_profile,xml,0,0.25,175244,oracle_only
129005,129,oracle+donor_profile,xml,0,0.25,175245,oracle_only
129137,88,oracle+donor_profile,xml,0,0.25,175246,oracle_only
129228,83,oracle+donor_profile,xml,0,0.25,175247,oracle_only
129314,141,oracle+donor_profile,xml,0,0.25,175248,oracle_only
129458,117,oracle+donor_profile,xml,0,0.25,175249,oracle_only
129578,108,oracle+donor_profile,xml,0,0.25,175250,oracle_only
129689,93,oracle+donor_profile,xml,0,0.25,175251,oracle_only
129785,93,oracle+donor_profile,xml,0,0.25,175252,oracle_only
129881,90,oracle+donor_profile,xml,0,0.25,175253,oracle_only
129974,178,oracle+donor_profile,url,0,0.25,175254,oracle_only
130155,127,oracle+donor_profile,xml,0,0.25,175255,oracle_only
130285,148,oracle+donor_profile,xml,0,0.25,175256,oracle_only
130436,108,oracle+donor_profile,xml,0,0.25,175257,oracle_only
130547,103,oracle+donor_profile,xml,0,0.25,175258,oracle_only
130653,113,oracle+donor_profile,xml,0,0.25,175259,oracle_only
130769,118,oracle+donor_profile,xml,0,0.25,175260,oracle_only
130890,120,oracle+donor_profile,xml,0,0.25,175261,oracle_only
131013,143,oracle+donor_profile,xml,0,0.25,175262,oracle_only
131159,79,oracle+donor_profile,xml,0,0.25,175263,oracle_only
131241,130,oracle+donor_profile,xml,0,0.25,175264,oracle_only
131374,126,oracle+donor_profile,xml,0,0.25,175265,oracle_only
131503,119,oracle+donor_profile,xml,0,0.25,175266,oracle_only
131625,117,oracle+donor_profile,xml,0,0.25,175267,oracle_only
131745,126,oracle+donor_profile,xml,0,0.25,175268,oracle_only
131874,111,oracle+donor_profile,xml,0,0.25,175269,oracle_only
131988,120,oracle+donor_profile,xml,0,0.25,175270,oracle_only
132111,116,oracle+donor_profile,xml,0,0.25,175271,oracle_only
132230,129,oracle+donor_profile,xml,0,0.25,175272,oracle_only
132362,108,oracle+donor_profile,xml,0,0.25,175273,oracle_only
132473,101,oracle+donor_profile,xml,0,0.25,175274,oracle_only
132577,130,oracle+donor_profile,xml,0,0.25,175275,oracle_only
132710,121,oracle+donor_profile,xml,0,0.25,175276,oracle_only
132834,129,oracle+donor_profile,xml,0,0.25,175277,oracle_only
132966,117,oracle+donor_profile,xml,0,0.25,175278,oracle_only
133086,123,oracle+donor_profile,xml,0,0.25,175279,oracle_only
133212,126,oracle+donor_profile,xml,0,0.25,175280,oracle_only
133341,152,oracle+donor_profile,xml,0,0.25,175281,oracle_only
133496,119,oracle+donor_profile,xml,0,0.25,175282,oracle_only
133618,139,oracle+donor_profile,xml,0,0.25,175283,oracle_only
133760,121,oracle+donor_profile,xml,0,0.25,175284,oracle_only
133884,88,oracle+donor_profile,xml,0,0.25,175285,oracle_only
133975,136,oracle+donor_profile,xml,0,0.25,175286,oracle_only
134114,139,oracle+donor_profile,xml,0,0.25,175287,oracle_only
134256,87,oracle+donor_profile,xml,0,0.25,175288,oracle_only
134346,145,oracle+donor_profile,xml,0,0.25,175289,oracle_only
134494,164,oracle+donor_profile,xml,0,0.25,175290,oracle_only
134661,166,oracle+donor_profile,xml,0,0.25,175291,oracle_only
134830,132,oracle+donor_profile,xml,0,0.25,175292,oracle_only
134965,118,oracle+donor_profile,xml,0,0.25,175293,oracle_only
135086,122,oracle+donor_profile,xml,0,0.25,175294,oracle_only
135211,83,oracle+donor_profile,xml,0,0.25,175295,oracle_only
135297,128,oracle+donor_profile,xml,0,0.25,175296,oracle_only
135428,121,oracle+donor_profile,xml,0,0.25,175297,oracle_only
135552,154,oracle+donor_profile,xml,0,0.25,175298,oracle_only
135709,121,oracle+donor_profile,xml,0,0.25,175299,oracle_only
135833,96,oracle+donor_profile,xml,0,0.25,175300,oracle_only
135932,163,oracle+donor_profile,xml,0,0.25,175301,oracle_only
136098,123,oracle+donor_profile,xml,0,0.25,175302,oracle_only
136224,108,oracle+donor_profile,xml,0,0.25,175303,oracle_only
136335,106,oracle+donor_profile,xml,0,0.25,175304,oracle_only
136444,120,oracle+donor_profile,xml,0,0.25,175305,oracle_only
136567,125,oracle+donor_profile,xml,0,0.25,175306,oracle_only
136695,126,oracle+donor_profile,xml,0,0.25,175307,oracle_only
136824,148,oracle+donor_profile,xml,0,0.25,175308,oracle_only
136975,160,oracle+donor_profile,xml,0,0.25,175309,oracle_only
137138,115,oracle+donor_profile,xml,0,0.25,175310,oracle_only
137256,118,oracle+donor_profile,xml,0,0.25,175311,oracle_only
137377,121,oracle+donor_profile,xml,0,0.25,175312,oracle_only
137501,144,oracle+donor_profile,xml,0,0.25,175313,oracle_only
137648,105,oracle+donor_profile,xml,0,0.25,175314,oracle_only
137756,120,oracle+donor_profile,xml,0,0.25,175315,oracle_only
137879,128,oracle+donor_profile,xml,0,0.25,175316,oracle_only
138010,117,oracle+donor_profile,xml,0,0.25,175317,oracle_only
138130,111,oracle+donor_profile,xml,0,0.25,175318,oracle_only
138244,138,oracle+donor_profile,xml,0,0.25,175319,oracle_only
138385,148,oracle+donor_profile,xml,0,0.25,175320,oracle_only
138536,81,oracle+donor_profile,xml,0,0.25,175321,oracle_only
138620,134,oracle+donor_profile,xml,0,0.25,175322,oracle_only
138757,124,oracle+donor_profile,xml,0,0.25,175323,oracle_only
138884,147,oracle+donor_profile,xml,0,0.25,175324,oracle_only
139034,133,oracle+donor_profile,xml,0,0.25,175325,oracle_only
139170,123,oracle+donor_profile,xml,0,0.25,175326,oracle_only
139296,120,oracle+donor_profile,xml,0,0.25,175327,oracle_only
139419,144,oracle+donor_profile,xml,0,0.25,175328,oracle_only
139566,128,oracle+donor_profile,xml,0,0.25,175329,oracle_only
139697,131,oracle+donor_profile,xml,0,0.25,175330,oracle_only
139831,126,oracle+donor_profile,xml,0,0.25,175331,oracle_only
139960,134,oracle+donor_profile,xml,0,0.25,175332,oracle_only
140097,115,oracle+donor_profile,xml,0,0.25,175333,oracle_only
140215,124,oracle+donor_profile,xml,0,0.25,175334,oracle_only
140342,115,oracle+donor_profile,xml,0,0.25,175335,oracle_only
140460,118,oracle+donor_profile,xml,0,0.25,175336,oracle_only
140581,123,oracle+donor_profile,xml,0,0.25,175337,oracle_only
140707,121,oracle+donor_profile,xml,0,0.25,175338,oracle_only
140831,117,oracle+donor_profile,xml,0,0.25,175339,oracle_only
140951,120,oracle+donor_profile,xml,0,0.25,175340,oracle_only
141074,118,oracle+donor_profile,xml,0,0.25,175341,oracle_only
141195,141,oracle+donor_profile,xml,0,0.25,175342,oracle_only
141339,105,oracle+donor_profile,xml,0,0.25,175343,oracle_only
141447,131,oracle+donor_profile,xml,0,0.25,175344,oracle_only
141581,127,oracle+donor_profile,xml,0,0.25,175345,oracle_only
141711,147,oracle+donor_profile,xml,0,0.25,175346,oracle_only
141861,117,oracle+donor_profile,xml,0,0.25,175347,oracle_only
141981,84,oracle+donor_profile,xml,0,0.25,175348,oracle_only
142068,117,oracle+donor_profile,xml,0,0.25,175349,oracle_only
142188,122,oracle+donor_profile,xml,0,0.25,175350,oracle_only
142313,123,oracle+donor_profile,xml,0,0.25,175351,oracle_only
142439,118,oracle+donor_profile,xml,0,0.25,175352,oracle_only
142560,119,oracle+donor_profile,xml,0,0.25,175353,oracle_only
142682,131,oracle+donor_profile,xml,0,0.25,175354,oracle_only
142816,136,oracle+donor_profile,xml,0,0.25,175355,oracle_only
142955,220,oracle+donor_profile,xml,0,0.25,175356,oracle_only
143178,106,oracle+donor_profile,xml,0,0.25,175357,oracle_only
143287,134,oracle+donor_profile,xml,0,0.25,175358,oracle_only
143424,107,oracle+donor_profile,xml,0,0.25,175359,oracle_only
143534,114,oracle+donor_profile,xml,0,0.25,175360,oracle_only
143651,153,oracle+donor_profile,xml,0,0.25,175361,oracle_only
143807,129,oracle+donor_profile,xml,0,0.25,175362,oracle_only
143939,121,oracle+donor_profile,xml,0,0.25,175363,oracle_only
144063,100,oracle+donor_profile,xml,0,0.25,175364,oracle_only
144166,93,oracle+donor_profile,xml,0,0.25,175365,oracle_only
144262,120,oracle+donor_profile,xml,0,0.25,175366,oracle_only
144385,120,oracle+donor_profile,xml,0,0.25,175367,oracle_only
144508,128,oracle+donor_profile,xml,0,0.25,175368,oracle_only
144639,135,oracle+donor_profile,xml,0,0.25,175369,oracle_only
144777,100,oracle+donor_profile,xml,0,0.25,175370,oracle_only
144880,82,oracle+donor_profile,xml,0,0.25,175371,oracle_only
144965,141,oracle+donor_profile,xml,0,0.25,175372,oracle_only
145109,131,oracle+donor_profile,xml,0,0.25,175373,oracle_only
145243,124,oracle+donor_profile,xml,0,0.25,175374,oracle_only
145370,86,oracle+donor_profile,xml,0,0.25,175375,oracle_only
145459,113,oracle+donor_profile,xml,0,0.25,175376,oracle_only
145575,126,oracle+donor_profile,xml,0,0.25,175377,oracle_only
145704,132,oracle+donor_profile,xml,0,0.25,175378,oracle_only
145839,77,oracle+donor_profile,xml,0,0.25,175379,oracle_only
145919,129,oracle+donor_profile,xml,0,0.25,175380,oracle_only
146051,122,oracle+donor_profile,xml,0,0.25,175381,oracle_only
146176,122,oracle+donor_profile,xml,0,0.25,175382,oracle_only
146301,119,oracle+donor_profile,xml,0,0.25,175383,oracle_only
146423,85,oracle+donor_profile,xml,0,0.25,175384,oracle_only
146511,103,oracle+donor_profile,xml,0,0.25,175385,oracle_only
146617,101,oracle+donor_profile,xml,0,0.25,175386,oracle_only
146721,103,oracle+donor_profile,xml,0,0.25,175387,oracle_only
146827,103,oracle+donor_profile,xml,0,0.25,175388,oracle_only
146933,103,oracle+donor_profile,xml,0,0.25,175389,oracle_only
147039,101,oracle+donor_profile,xml,0,0.25,175390,oracle_only
147143,101,oracle+donor_profile,xml,0,0.25,175391,oracle_only
147247,101,oracle+donor_profile,xml,0,0.25,175392,oracle_only
147351,103,oracle+donor_profile,xml,0,0.25,175393,oracle_only
147457,103,oracle+donor_profile,xml,0,0.25,175394,oracle_only
147563,103,oracle+donor_profile,xml,0,0.25,175395,oracle_only
147669,103,oracle+donor_profile,xml,0,0.25,175396,oracle_only
147775,101,oracle+donor_profile,xml,0,0.25,175397,oracle_only
147879,103,oracle+donor_profile,xml,0,0.25,175398,oracle_only
147985,101,oracle+donor_profile,xml,0,0.25,175399,oracle_only
148089,101,oracle+donor_profile,xml,0,0.25,175400,oracle_only
148193,101,oracle+donor_profile,xml,0,0.25,175401,oracle_only
148297,101,oracle+donor_profile,xml,0,0.25,175402,oracle_only
148401,105,oracle+donor_profile,xml,0,0.25,175403,oracle_only
148509,103,oracle+donor_profile,xml,0,0.25,175404,oracle_only
148615,120,oracle+donor_profile,xml,0,0.25,175405,oracle_only
148738,103,oracle+donor_profile,xml,0,0.25,175406,oracle_only
148844,128,oracle+donor_profile,xml,0,0.25,175407,oracle_only
148975,127,oracle+donor_profile,xml,0,0.25,175408,oracle_only
149105,114,oracle+donor_profile,xml,0,0.25,175409,oracle_only
149222,163,oracle+donor_profile,xml,0,0.25,175410,oracle_only
149388,114,oracle+donor_profile,xml,0,0.25,175411,oracle_only
149505,163,oracle+donor_profile,xml,0,0.25,175412,oracle_only
149671,165,oracle+donor_profile,xml,0,0.25,175413,oracle_only
149839,163,oracle+donor_profile,xml,0,0.25,175414,oracle_only
150005,163,oracle+donor_profile,xml,0,0.25,175415,oracle_only
150171,163,oracle+donor_profile,xml,0,0.25,175416,oracle_only
150337,174,oracle+donor_profile,xml,0,0.25,175417,oracle_only
150514,127,oracle+donor_profile,xml,0,0.25,175418,oracle_only
150644,137,oracle+donor_profile,xml,0,0.25,175419,oracle_only
150784,92,oracle+donor_profile,xml,0,0.25,175420,oracle_only
150879,92,oracle+donor_profile,xml,0,0.25,175421,oracle_only
150974,129,oracle+donor_profile,xml,0,0.25,175422,oracle_only
151106,137,oracle+donor_profile,xml,0,0.25,175423,oracle_only
151246,92,oracle+donor_profile,xml,0,0.25,175424,oracle_only
151341,116,oracle+donor_profile,xml,0,0.25,175425,oracle_only
151460,112,oracle+donor_profile,xml,0,0.25,175426,oracle_only
151575,146,oracle+donor_profile,xml,0,0.25,175427,oracle_only
151724,123,oracle+donor_profile,xml,0,0.25,175428,oracle_only
151850,90,oracle+donor_profile,xml,0,0.25,175429,oracle_only
151943,92,oracle+donor_profile,xml,0,0.25,175430,oracle_only
152038,152,oracle+donor_profile,xml,0,0.25,175431,oracle_only
152193,112,oracle+donor_profile,xml,0,0.25,175432,oracle_only
152308,159,oracle+donor_profile,xml,0,0.25,175433,oracle_only
152470,115,oracle+donor_profile,xml,0,0.25,175434,oracle_only
152588,110,oracle+donor_profile,xml,0,0.25,175435,oracle_only
152701,109,oracle+donor_profile,xml,0,0.25,175436,oracle_only
152813,138,oracle+donor_profile,xml,0,0.25,175437,oracle_only
152954,103,oracle+donor_profile,xml,0,0.25,175438,oracle_only
153060,120,oracle+donor_profile,xml,0,0.25,175439,oracle_only
153183,126,oracle+donor_profile,xml,0,0.25,175440,oracle_only
153312,121,oracle+donor_profile,xml,0,0.25,175441,oracle_only
153436,128,oracle+donor_profile,xml,0,0.25,175442,oracle_only
153567,109,oracle+donor_profile,xml,0,0.25,175443,oracle_only
153679,117,oracle+donor_profile,xml,0,0.25,175444,oracle_only
153799,126,oracle+donor_profile,xml,0,0.25,175445,oracle_only
153928,121,oracle+donor_profile,xml,0,0.25,175446,oracle_only
154052,106,oracle+donor_profile,xml,0,0.25,175447,oracle_only
154161,127,oracle+donor_profile,xml,0,0.25,175448,oracle_only
154291,106,oracle+donor_profile,xml,0,0.25,175449,oracle_only
154400,110,oracle+donor_profile,xml,0,0.25,175450,oracle_only
154513,152,oracle+donor_profile,xml,0,0.25,175451,oracle_only
154668,143,oracle+donor_profile,xml,0,0.25,175452,oracle_only
154814,124,oracle+donor_profile,xml,0,0.25,175453,oracle_only
154941,84,oracle+donor_profile,xml,0,0.25,175454,oracle_only
155028,113,oracle+donor_profile,xml,0,0.25,175455,oracle_only
155144,131,oracle+donor_profile,xml,0,0.25,175456,oracle_only
155278,152,oracle+donor_profile,xml,0,0.25,175457,oracle_only
155433,123,oracle+donor_profile,xml,0,0.25,175458,oracle_only
155559,94,oracle+donor_profile,xml,0,0.25,175459,oracle_only
155656,122,oracle+donor_profile,xml,0,0.25,175460,oracle_only
155781,120,oracle+donor_profile,xml,0,0.25,175461,oracle_only
155904,107,oracle+donor_profile,xml,0,0.25,175462,oracle_only
156014,139,oracle+donor_profile,xml,0,0.25,175463,oracle_only
156156,120,oracle+donor_profile,xml,0,0.25,175464,oracle_only
156279,121,oracle+donor_profile,xml,0,0.25,175465,oracle_only
156403,119,oracle+donor_profile,xml,0,0.25,175466,oracle_only
156525,125,oracle+donor_profile,xml,0,0.25,175467,oracle_only
156653,119,oracle+donor_profile,xml,0,0.25,175468,oracle_only
156775,127,oracle+donor_profile,xml,0,0.25,175469,oracle_only
156905,124,oracle+donor_profile,xml,0,0.25,175470,oracle_only
157032,127,oracle+donor_profile,xml,0,0.25,175471,oracle_only
157162,128,oracle+donor_profile,xml,0,0.25,175472,oracle_only
157293,104,oracle+donor_profile,xml,0,0.25,175473,oracle_only
157400,118,oracle+donor_profile,xml,0,0.25,175474,oracle_only
157521,124,oracle+donor_profile,xml,0,0.25,175475,oracle_only
157648,87,oracle+donor_profile,xml,0,0.25,175476,oracle_only
157738,135,oracle+donor_profile,xml,0,0.25,175477,oracle_only
157876,108,oracle+donor_profile,xml,0,0.25,175478,oracle_only
157987,117,oracle+donor_profile,xml,0,0.25,175479,oracle_only
158107,124,oracle+donor_profile,xml,0,0.25,175480,oracle_only
158234,136,oracle+donor_profile,xml,0,0.25,175481,oracle_only
158373,99,oracle+donor_profile,xml,0,0.25,175482,oracle_only
158475,124,oracle+donor_profile,xml,0,0.25,175483,oracle_only
158602,135,oracle+donor_profile,xml,0,0.25,175484,oracle_only
158740,125,oracle+donor_profile,xml,0,0.25,175485,oracle_only
158868,123,oracle+donor_profile,xml,0,0.25,175486,oracle_only
158994,128,oracle+donor_profile,xml,0,0.25,175487,oracle_only
159125,121,oracle+donor_profile,xml,0,0.25,175488,oracle_only
159249,120,oracle+donor_profile,xml,0,0.25,175489,oracle_only
159372,95,oracle+donor_profile,xml,0,0.25,175490,oracle_only
159470,109,oracle+donor_profile,xml,0,0.25,175491,oracle_only
159582,118,oracle+donor_profile,xml,0,0.25,175492,oracle_only
159703,115,oracle+donor_profile,xml,0,0.25,175493,oracle_only
159821,99,oracle+donor_profile,xml,0,0.25,175494,oracle_only
159923,132,oracle+donor_profile,xml,0,0.25,175495,oracle_only
160058,116,oracle+donor_profile,xml,0,0.25,175496,oracle_only
160177,128,oracle+donor_profile,xml,0,0.25,175497,oracle_only
160308,82,oracle+donor_profile,xml,0,0.25,175498,oracle_only
160393,118,oracle+donor_profile,xml,0,0.25,175499,oracle_only
160514,112,oracle+donor_profile,xml,0,0.25,175500,oracle_only
160629,112,oracle+donor_profile,xml,0,0.25,175501,oracle_only
160744,121,oracle+donor_profile,xml,0,0.25,175502,oracle_only
160868,118,oracle+donor_profile,xml,0,0.25,175503,oracle_only
160989,119,oracle+donor_profile,xml,0,0.25,175504,oracle_only
161111,125,oracle+donor_profile,xml,0,0.25,175505,oracle_only
161239,80,oracle+donor_profile,xml,0,0.25,175506,oracle_only
161322,124,oracle+donor_profile,xml,0,0.25,175507,oracle_only
161449,127,oracle+donor_profile,xml,0,0.25,175508,oracle_only
161579,117,oracle+donor_profile,xml,0,0.25,175509,oracle_only
161699,120,oracle+donor_profile,xml,0,0.25,175510,oracle_only
161822,121,oracle+donor_profile,xml,0,0.25,175511,oracle_only
161946,90,oracle+donor_profile,xml,0,0.25,175512,oracle_only
162039,126,oracle+donor_profile,xml,0,0.25,175513,oracle_only
162168,126,oracle+donor_profile,xml,0,0.25,175514,oracle_only
162297,122,oracle+donor_profile,xml,0,0.25,175515,oracle_only
162422,129,oracle+donor_profile,xml,0,0.25,175516,oracle_only
162554,123,oracle+donor_profile,xml,0,0.25,175517,oracle_only
162680,83,oracle+donor_profile,xml,0,0.25,175518,oracle_only
162766,147,oracle+donor_profile,xml,0,0.25,175519,oracle_only
162916,115,oracle+donor_profile,xml,0,0.25,175520,oracle_only
163034,104,oracle+donor_profile,xml,0,0.25,175521,oracle_only
163141,136,oracle+donor_profile,xml,0,0.25,175522,oracle_only
163280,132,oracle+donor_profile,xml,0,0.25,175523,oracle_only
163415,138,oracle+donor_profile,xml,0,0.25,175524,oracle_only
163556,172,oracle+donor_profile,xml,0,0.25,175525,oracle_only
163731,100,oracle+donor_profile,xml,0,0.25,175526,oracle_only
163834,201,oracle+donor_profile,xml,0,0.25,175527,oracle_only
164038,129,oracle+donor_profile,xml,0,0.25,175528,oracle_only
164170,134,oracle+donor_profile,xml,0,0.25,175529,oracle_only
164307,102,oracle+donor_profile,xml,0,0.25,175530,oracle_only
164412,128,oracle+donor_profile,xml,0,0.25,175531,oracle_only
164543,125,oracle+donor_profile,xml,0,0.25,175532,oracle_only
164671,105,oracle+donor_profile,xml,0,0.25,175533,oracle_only
164779,183,oracle+donor_profile,xml,0,0.25,175534,oracle_only
164965,90,oracle+donor_profile,xml,0,0.25,175535,oracle_only
165058,105,oracle+donor_profile,xml,0,0.25,175536,oracle_only
165166,119,oracle+donor_profile,xml,0,0.25,175537,oracle_only
165288,83,oracle+donor_profile,xml,0,0.25,175538,oracle_only
165374,104,oracle+donor_profile,xml,0,0.25,175539,oracle_only
165481,118,oracle+donor_profile,xml,0,0.25,175540,oracle_only
165602,168,oracle+donor_profile,xml,0,0.25,175541,oracle_only
165773,105,oracle+donor_profile,xml,0,0.25,175542,oracle_only
165881,108,oracle+donor_profile,xml,0,0.25,175543,oracle_only
165992,130,oracle+donor_profile,xml,0,0.25,175544,oracle_only
166125,205,oracle+donor_profile,xml,0,0.25,175545,oracle_only
166333,108,oracle+donor_profile,xml,0,0.25,175546,oracle_only
166444,108,oracle+donor_profile,xml,0,0.25,175547,oracle_only
166555,98,oracle+donor_profile,xml,0,0.25,175548,oracle_only
166656,88,oracle+donor_profile,xml,0,0.25,175549,oracle_only
166747,110,oracle+donor_profile,xml,0,0.25,175550,oracle_only
166860,133,oracle+donor_profile,xml,0,0.25,175551,oracle_only
166996,153,oracle+donor_profile,xml,0,0.25,175552,oracle_only
167152,155,oracle+donor_profile,xml,0,0.25,175553,oracle_only
167310,156,oracle+donor_profile,xml,0,0.25,175554,oracle_only
167469,145,oracle+donor_profile,xml,0,0.25,175555,oracle_only
167617,125,oracle+donor_profile,xml,0,0.25,175556,oracle_only
167745,117,oracle+donor_profile,xml,0,0.25,175557,oracle_only
167865,101,oracle+donor_profile,xml,0,0.25,175558,oracle_only
167969,124,oracle+donor_profile,xml,0,0.25,175559,oracle_only
168096,136,oracle+donor_profile,xml,0,0.25,175560,oracle_only
168235,122,oracle+donor_profile,xml,0,0.25,175561,oracle_only
168360,103,oracle+donor_profile,xml,0,0.25,175562,oracle_only
168466,124,oracle+donor_profile,xml,0,0.25,175563,oracle_only
168593,120,oracle+donor_profile,xml,0,0.25,175564,oracle_only
168716,121,oracle+donor_profile,xml,0,0.25,175565,oracle_only
168840,119,oracle+donor_profile,xml,0,0.25,175566,oracle_only
168962,139,oracle+donor_profile,xml,0,0.25,175567,oracle_only
169104,113,oracle+donor_profile,xml,0,0.25,175568,oracle_only
169220,114,oracle+donor_profile,xml,0,0.25,175569,oracle_only
169337,114,oracle+donor_profile,xml,0,0.25,175570,oracle_only
169454,131,oracle+donor_profile,xml,0,0.25,175571,oracle_only
169588,119,oracle+donor_profile,xml,0,0.25,175572,oracle_only
169710,129,oracle+donor_profile,xml,0,0.25,175573,oracle_only
169842,119,oracle+donor_profile,xml,0,0.25,175574,oracle_only
169964,102,oracle+donor_profile,xml,0,0.25,175575,oracle_only
170069,124,oracle+donor_profile,xml,0,0.25,175576,oracle_only
170196,121,oracle+donor_profile,xml,0,0.25,175577,oracle_only
170320,130,oracle+donor_profile,xml,0,0.25,175578,oracle_only
170453,113,oracle+donor_profile,xml,0,0.25,175579,oracle_only
170569,131,oracle+donor_profile,xml,0,0.25,175580,oracle_only
170703,97,oracle+donor_profile,xml,0,0.25,175581,oracle_only
170803,122,oracle+donor_profile,xml,0,0.25,175582,oracle_only
170928,114,oracle+donor_profile,xml,0,0.25,175583,oracle_only
171045,141,oracle+donor_profile,xml,0,0.25,175584,oracle_only
171189,116,oracle+donor_profile,xml,0,0.25,175585,oracle_only
171308,123,oracle+donor_profile,xml,0,0.25,175586,oracle_only
171434,86,oracle+donor_profile,xml,0,0.25,175587,oracle_only
171523,122,oracle+donor_profile,xml,0,0.25,175588,oracle_only
171648,134,oracle+donor_profile,xml,0,0.25,175589,oracle_only
171785,124,oracle+donor_profile,xml,0,0.25,175590,oracle_only
171912,117,oracle+donor_profile,xml,0,0.25,175591,oracle_only
172032,101,oracle+donor_profile,xml,0,0.25,175592,oracle_only
172136,100,oracle+donor_profile,xml,0,0.25,175593,oracle_only
172239,151,oracle+donor_profile,xml,0,0.25,175594,oracle_only
172393,83,oracle+donor_profile,xml,0,0.25,175595,oracle_only
172479,108,oracle+donor_profile,xml,0,0.25,175596,oracle_only
172590,145,oracle+donor_profile,xml,0,0.25,175597,oracle_only
172738,134,oracle+donor_profile,xml,0,0.25,175598,oracle_only
172875,119,oracle+donor_profile,xml,0,0.25,175599,oracle_only
172997,82,oracle+donor_profile,xml,0,0.25,175600,oracle_only
173082,169,oracle+donor_profile,xml,0,0.25,175601,oracle_only
173254,124,oracle+donor_profile,xml,0,0.25,175602,oracle_only
173381,123,oracle+donor_profile,xml,0,0.25,175603,oracle_only
173507,90,oracle+donor_profile,xml,0,0.25,175604,oracle_only
173600,86,oracle+donor_profile,xml,0,0.25,175605,oracle_only
173689,97,oracle+donor_profile,xml,0,0.25,175606,oracle_only
173789,128,oracle+donor_profile,xml,0,0.25,175607,oracle_only
173920,123,oracle+donor_profile,xml,0,0.25,175608,oracle_only
174046,113,oracle+donor_profile,xml,0,0.25,175609,oracle_only
174162,126,oracle+donor_profile,xml,0,0.25,175610,oracle_only
174291,173,oracle+donor_profile,xml,0,0.25,175611,oracle_only
174467,123,oracle+donor_profile,xml,0,0.25,175612,oracle_only
174593,122,oracle+donor_profile,xml,0,0.25,175613,oracle_only
174718,122,oracle+donor_profile,xml,0,0.25,175614,oracle_only
174843,145,oracle+donor_profile,xml,0,0.25,175615,oracle_only
174991,153,oracle+donor_profile,xml,0,0.25,175616,oracle_only
175147,119,oracle+donor_profile,xml,0,0.25,175617,oracle_only
175269,132,oracle+donor_profile,xml,0,0.25,175618,oracle_only
175404,153,oracle+donor_profile,xml,0,0.25,175619,oracle_only
175560,137,oracle+donor_profile,xml,0,0.25,175620,oracle_only
175700,125,oracle+donor_profile,xml,0,0.25,175621,oracle_only
175828,125,oracle+donor_profile,xml,0,0.25,175622,oracle_only
175956,114,oracle+donor_profile,xml,0,0.25,175623,oracle_only
176073,83,oracle+donor_profile,xml,0,0.25,175624,oracle_only
176159,99,oracle+donor_profile,xml,0,0.25,175625,oracle_only
176261,123,oracle+donor_profile,xml,0,0.25,175626,oracle_only
176387,124,oracle+donor_profile,xml,0,0.25,175627,oracle_only
176514,117,oracle+donor_profile,xml,0,0.25,175628,oracle_only
176634,82,oracle+donor_profile,xml,0,0.25,175629,oracle_only
176719,130,oracle+donor_profile,xml,0,0.25,175630,oracle_only
176852,114,oracle+donor_profile,xml,0,0.25,175631,oracle_only
176969,140,oracle+donor_profile,xml,0,0.25,175632,oracle_only
177112,103,oracle+donor_profile,xml,0,0.25,175633,oracle_only
177218,122,oracle+donor_profile,xml,0,0.25,175634,oracle_only
177343,123,oracle+donor_profile,xml,0,0.25,175635,oracle_only
177469,134,oracle+donor_profile,xml,0,0.25,175636,oracle_only
177606,102,oracle+donor_profile,xml,0,0.25,175637,oracle_only
177711,109,oracle+donor_profile,xml,0,0.25,175638,oracle_only
177823,114,oracle+donor_profile,xml,0,0.25,175639,oracle_only
177940,149,oracle+donor_profile,xml,0,0.25,175640,oracle_only
178092,122,oracle+donor_profile,xml,0,0.25,175641,oracle_only
178217,115,oracle+donor_profile,xml,0,0.25,175642,oracle_only
178335,114,oracle+donor_profile,xml,0,0.25,175643,oracle_only
178452,122,oracle+donor_profile,xml,0,0.25,175644,oracle_only
178577,116,oracle+donor_profile,xml,0,0.25,175645,oracle_only
178696,115,oracle+donor_profile,xml,0,0.25,175646,oracle_only
178814,125,oracle+donor_profile,xml,0,0.25,175647,oracle_only
178942,118,oracle+donor_profile,xml,0,0.25,175648,oracle_only
179063,140,oracle+donor_profile,xml,0,0.25,175649,oracle_only
179206,127,oracle+donor_profile,xml,0,0.25,175650,oracle_only
179336,129,oracle+donor_profile,xml,0,0.25,175651,oracle_only
179468,129,oracle+donor_profile,xml,0,0.25,175652,oracle_only
179600,130,oracle+donor_profile,xml,0,0.25,175653,oracle_only
179733,136,oracle+donor_profile,xml,0,0.25,175654,oracle_only
179872,155,oracle+donor_profile,xml,0,0.25,175655,oracle_only
180030,139,oracle+donor_profile,xml,0,0.25,175656,oracle_only
180172,122,oracle+donor_profile,xml,0,0.25,175657,oracle_only
180297,123,oracle+donor_profile,xml,0,0.25,175658,oracle_only
180423,124,oracle+donor_profile,xml,0,0.25,175659,oracle_only
180550,121,oracle+donor_profile,xml,0,0.25,175660,oracle_only
180674,122,oracle+donor_profile,xml,0,0.25,175661,oracle_only
180799,122,oracle+donor_profile,xml,0,0.25,175662,oracle_only
180924,128,oracle+donor_profile,xml,0,0.25,175663,oracle_only
181055,137,oracle+donor_profile,xml,0,0.25,175664,oracle_only
181195,148,oracle+donor_profile,xml,0,0.25,175665,oracle_only
181346,111,oracle+donor_profile,xml,0,0.25,175666,oracle_only
181460,123,oracle+donor_profile,xml,0,0.25,175667,oracle_only
181586,114,oracle+donor_profile,xml,0,0.25,175668,oracle_only
181703,123,oracle+donor_profile,xml,0,0.25,175669,oracle_only
181829,120,oracle+donor_profile,xml,0,0.25,175670,oracle_only
181952,119,oracle+donor_profile,xml,0,0.25,175671,oracle_only
182074,129,oracle+donor_profile,xml,0,0.25,175672,oracle_only
182206,128,oracle+donor_profile,xml,0,0.25,175673,oracle_only
182337,133,oracle+donor_profile,xml,0,0.25,175674,oracle_only
182473,121,oracle+donor_profile,xml,0,0.25,175675,oracle_only
182597,85,oracle+donor_profile,xml,0,0.25,175676,oracle_only
182685,195,oracle+donor_profile,xml,0,0.25,175677,oracle_only
182883,110,oracle+donor_profile,xml,0,0.25,175678,oracle_only
182996,151,oracle+donor_profile,xml,0,0.25,175679,oracle_only
183150,122,oracle+donor_profile,xml,0,0.25,175680,oracle_only
183275,121,oracle+donor_profile,xml,0,0.25,175681,oracle_only
183399,118,oracle+donor_profile,xml,0,0.25,175682,oracle_only
183520,142,oracle+donor_profile,xml,0,0.25,175683,oracle_only
183665,127,oracle+donor_profile,xml,0,0.25,175684,oracle_only
183795,139,oracle+donor_profile,xml,0,0.25,175685,oracle_only
183937,129,oracle+donor_profile,xml,0,0.25,175686,oracle_only
184069,101,oracle+donor_profile,xml,0,0.25,175687,oracle_only
184173,156,oracle+donor_profile,xml,0,0.25,175688,oracle_only
184332,121,oracle+donor_profile,xml,0,0.25,175689,oracle_only
184456,155,oracle+donor_profile,xml,0,0.25,175690,oracle_only
184614,133,oracle+donor_profile,xml,0,0.25,175691,oracle_only
184750,125,oracle+donor_profile,xml,0,0.25,175692,oracle_only
184878,104,oracle+donor_profile,xml,0,0.25,175693,oracle_only
184985,123,oracle+donor_profile,xml,0,0.25,175694,oracle_only
185111,119,oracle+donor_profile,xml,0,0.25,175695,oracle_only
185233,123,oracle+donor_profile,xml,0,0.25,175696,oracle_only
185359,121,oracle+donor_profile,xml,0,0.25,175697,oracle_only
185483,97,oracle+donor_profile,xml,0,0.25,175698,oracle_only
185583,81,oracle+donor_profile,xml,0,0.25,175699,oracle_only
185667,87,oracle+donor_profile,xml,0,0.25,175700,oracle_only
185757,113,oracle+donor_profile,xml,0,0.25,175701,oracle_only
185873,119,oracle+donor_profile,xml,0,0.25,175702,oracle_only
185995,98,oracle+donor_profile,xml,0,0.25,175703,oracle_only
186096,99,oracle+donor_profile,xml,0,0.25,175704,oracle_only
186198,99,oracle+donor_profile,xml,0,0.25,175705,oracle_only
186300,86,oracle+donor_profile,xml,0,0.25,175706,oracle_only
186389,99,oracle+donor_profile,xml,0,0.25,175707,oracle_only
186491,99,oracle+donor_profile,xml,0,0.25,175708,oracle_only
186593,99,oracle+donor_profile,xml,0,0.25,175709,oracle_only
186695,174,oracle+donor_profile,xml,0,0.25,175710,oracle_only
186872,99,oracle+donor_profile,xml,0,0.25,175711,oracle_only
186974,106,oracle+donor_profile,xml,0,0.25,175712,oracle_only
187083,105,oracle+donor_profile,xml,0,0.25,175713,oracle_only
187191,118,oracle+donor_profile,xml,0,0.25,175714,oracle_only
187312,86,oracle+donor_profile,xml,0,0.25,175715,oracle_only
187401,121,oracle+donor_profile,xml,0,0.25,175716,oracle_only
187525,118,oracle+donor_profile,xml,0,0.25,175717,oracle_only
187646,121,oracle+donor_profile,xml,0,0.25,175718,oracle_only
187770,121,oracle+donor_profile,xml,0,0.25,175719,oracle_only
187894,118,oracle+donor_profile,xml,0,0.25,175720,oracle_only
188015,133,oracle+donor_profile,xml,0,0.25,175721,oracle_only
188151,103,oracle+donor_profile,xml,0,0.25,175722,oracle_only
188257,91,oracle+donor_profile,xml,0,0.25,175723,oracle_only
188351,118,oracle+donor_profile,xml,0,0.25,175724,oracle_only
188472,140,oracle+donor_profile,xml,0,0.25,175725,oracle_only
188615,121,oracle+donor_profile,xml,0,0.25,175726,oracle_only
188739,118,oracle+donor_profile,xml,0,0.25,175727,oracle_only
188860,118,oracle+donor_profile,xml,0,0.25,175728,oracle_only
188981,125,oracle+donor_profile,xml,0,0.25,175729,oracle_only
189109,128,oracle+donor_profile,xml,0,0.25,175730,oracle_only
189240,129,oracle+donor_profile,xml,0,0.25,175731,oracle_only
189372,119,oracle+donor_profile,xml,0,0.25,175732,oracle_only
189494,133,oracle+donor_profile,xml,0,0.25,175733,oracle_only
189630,127,oracle+donor_profile,xml,0,0.25,175734,oracle_only
189760,79,oracle+donor_profile,xml,0,0.25,175735,oracle_only
189842,85,oracle+donor_profile,xml,0,0.25,175736,oracle_only
189930,124,oracle+donor_profile,xml,0,0.25,175737,oracle_only
190057,134,oracle+donor_profile,xml,0,0.25,175738,oracle_only
190194,135,oracle+donor_profile,xml,0,0.25,175739,oracle_only
190332,180,oracle+donor_profile,xml,0,0.25,175740,oracle_only
190515,119,oracle+donor_profile,xml,0,0.25,175741,oracle_only
190637,86,oracle+donor_profile,xml,0,0.25,175742,oracle_only
190726,107,oracle+donor_profile,xml,0,0.25,175743,oracle_only
190836,107,oracle+donor_profile,xml,0,0.25,175744,oracle_only
190946,138,oracle+donor_profile,xml,0,0.25,175745,oracle_only
191087,96,oracle+donor_profile,xml,0,0.25,175746,oracle_only
191186,143,oracle+donor_profile,xml,0,0.25,175747,oracle_only
191332,128,oracle+donor_profile,xml,0,0.25,175748,oracle_only
191463,120,oracle+donor_profile,xml,0,0.25,175749,oracle_only
191586,102,oracle+donor_profile,xml,0,0.25,175750,oracle_only
191691,108,oracle+donor_profile,xml,0,0.25,175751,oracle_only
191802,159,oracle+donor_profile,xml,0,0.25,175752,oracle_only
191964,118,oracle+donor_profile,xml,0,0.25,175753,oracle_only
192085,119,oracle+donor_profile,xml,0,0.25,175754,oracle_only
192207,113,oracle+donor_profile,xml,0,0.25,175755,oracle_only
192323,128,oracle+donor_profile,xml,0,0.25,175756,oracle_only
192454,123,oracle+donor_profile,xml,0,0.25,175757,oracle_only
192580,119,oracle+donor_profile,xml,0,0.25,175758,oracle_only
192702,95,oracle+donor_profile,xml,0,0.25,175759,oracle_only
192800,118,oracle+donor_profile,xml,0,0.25,175760,oracle_only
192921,142,oracle+donor_profile,xml,0,0.25,175761,oracle_only
193066,94,oracle+donor_profile,xml,0,0.25,175762,oracle_only
193163,139,oracle+donor_profile,xml,0,0.25,175763,oracle_only
193305,116,oracle+donor_profile,xml,0,0.25,175764,oracle_only
193424,87,oracle+donor_profile,xml,0,0.25,175765,oracle_only
193514,192,oracle+donor_profile,xml,0,0.25,175766,oracle_only
193709,122,oracle+donor_profile,xml,0,0.25,175767,oracle_only
193834,115,oracle+donor_profile,xml,0,0.25,175768,oracle_only
193952,121,oracle+donor_profile,xml,0,0.25,175769,oracle_only
194076,119,oracle+donor_profile,xml,0,0.25,175770,oracle_only
194198,122,oracle+donor_profile,xml,0,0.25,175771,oracle_only
194323,123,oracle+donor_profile,xml,0,0.25,175772,oracle_only
194449,112,oracle+donor_profile,xml,0,0.25,175773,oracle_only
194564,92,oracle+donor_profile,xml,0,0.25,175774,oracle_only
194659,100,oracle+donor_profile,xml,0,0.25,175775,oracle_only
194762,119,oracle+donor_profile,xml,0,0.25,175776,oracle_only
194884,172,oracle+donor_profile,xml,0,0.25,175777,oracle_only
195059,93,oracle+donor_profile,xml,0,0.25,175778,oracle_only
195155,115,oracle+donor_profile,xml,0,0.25,175779,oracle_only
195273,130,oracle+donor_profile,xml,0,0.25,175780,oracle_only
195406,128,oracle+donor_profile,xml,0,0.25,175781,oracle_only
195537,130,oracle+donor_profile,xml,0,0.25,175782,oracle_only
195670,122,oracle+donor_profile,xml,0,0.25,175783,oracle_only
195795,173,oracle+donor_profile,xml,0,0.25,175784,oracle_only
195971,125,oracle+donor_profile,xml,0,0.25,175785,oracle_only
196099,106,oracle+donor_profile,xml,0,0.25,175786,oracle_only
196208,125,oracle+donor_profile,xml,0,0.25,175787,oracle_only
196336,133,oracle+donor_profile,xml,0,0.25,175788,oracle_only
196472,133,oracle+donor_profile,xml,0,0.25,175789,oracle_only
196608,159,oracle+donor_profile,xml,0,0.25,175790,oracle_only
196770,111,oracle+donor_profile,xml,0,0.25,175791,oracle_only
196884,128,oracle+donor_profile,xml,0,0.25,175792,oracle_only
197015,125,oracle+donor_profile,xml,0,0.25,175793,oracle_only
197143,125,oracle+donor_profile,xml,0,0.25,175794,oracle_only
197271,96,oracle+donor_profile,xml,0,0.25,175795,oracle_only
197370,137,oracle+donor_profile,xml,0,0.25,175796,oracle_only
197510,150,oracle+donor_profile,xml,0,0.25,175797,oracle_only
197663,122,oracle+donor_profile,xml,0,0.25,175798,oracle_only
197788,124,oracle+donor_profile,xml,0,0.25,175799,oracle_only
197915,114,oracle+donor_profile,xml,0,0.25,175800,oracle_only
198032,122,oracle+donor_profile,xml,0,0.25,175801,oracle_only
198157,109,oracle+donor_profile,xml,0,0.25,175802,oracle_only
198269,151,oracle+donor_profile,xml,0,0.25,175803,oracle_only
198423,124,oracle+donor_profile,xml,0,0.25,175804,oracle_only
198550,133,oracle+donor_profile,xml,0,0.25,175805,oracle_only
198686,175,oracle+donor_profile,xml,0,0.25,175806,oracle_only
198864,89,oracle+donor_profile,xml,0,0.25,175807,oracle_only
198956,94,oracle+donor_profile,xml,0,0.25,175808,oracle_only
199053,114,oracle+donor_profile,xml,0,0.25,175809,oracle_only
199170,135,oracle+donor_profile,xml,0,0.25,175810,oracle_only
199308,122,oracle+donor_profile,xml,0,0.25,175811,oracle_only
199433,127,oracle+donor_profile,xml,0,0.25,175812,oracle_only
199563,110,oracle+donor_profile,xml,0,0.25,175813,oracle_only
199676,117,oracle+donor_profile,xml,0,0.25,175814,oracle_only
199796,126,oracle+donor_profile,xml,0,0.25,175815,oracle_only
199925,134,oracle+donor_profile,xml,0,0.25,175816,oracle_only
200062,114,oracle+donor_profile,xml,0,0.25,175817,oracle_only
200179,119,oracle+donor_profile,xml,0,0.25,175818,oracle_only
200301,84,oracle+donor_profile,xml,0,0.25,175819,oracle_only
200388,138,oracle+donor_profile,xml,0,0.25,175820,oracle_only
200529,176,oracle+donor_profile,xml,0,0.25,175821,oracle_only
200708,117,oracle+donor_profile,xml,0,0.25,175822,oracle_only
200828,95,oracle+donor_profile,xml,0,0.25,175823,oracle_only
200926,120,oracle+donor_profile,xml,0,0.25,175824,oracle_only
201049,202,oracle+donor_profile,xml,0,0.25,175825,oracle_only
201254,133,oracle+donor_profile,xml,0,0.25,175826,oracle_only
201390,135,oracle+donor_profile,xml,0,0.25,175827,oracle_only
201528,135,oracle+donor_profile,xml,0,0.25,175828,oracle_only
201666,127,oracle+donor_profile,xml,0,0.25,175829,oracle_only
201796,120,oracle+donor_profile,xml,0,0.25,175830,oracle_only
201919,117,oracle+donor_profile,xml,0,0.25,175831,oracle_only
202039,117,oracle+donor_profile,xml,0,0.25,175832,oracle_only
202159,108,oracle+donor_profile,xml,0,0.25,175833,oracle_only
202270,107,oracle+donor_profile,xml,0,0.25,175834,oracle_only
202380,125,oracle+donor_profile,xml,0,0.25,175835,oracle_only
202508,124,oracle+donor_profile,xml,0,0.25,175836,oracle_only
202635,134,oracle+donor_profile,xml,0,0.25,175837,oracle_only
202772,123,oracle+donor_profile,xml,0,0.25,175838,oracle_only
202898,110,oracle+donor_profile,xml,0,0.25,175839,oracle_only
203011,131,oracle+donor_profile,xml,0,0.25,175840,oracle_only
203145,120,oracle+donor_profile,xml,0,0.25,175841,oracle_only
203268,115,oracle+donor_profile,xml,0,0.25,175842,oracle_only
203386,122,oracle+donor_profile,xml,0,0.25,175843,oracle_only
203511,127,oracle+donor_profile,xml,0,0.25,175844,oracle_only
203641,141,oracle+donor_profile,xml,0,0.25,175845,oracle_only
203785,110,oracle+donor_profile,xml,0,0.25,175846,oracle_only
203898,115,oracle+donor_profile,xml,0,0.25,175847,oracle_only
204016,115,oracle+donor_profile,xml,0,0.25,175848,oracle_only
204134,131,oracle+donor_profile,xml,0,0.25,175849,oracle_only
204268,150,oracle+donor_profile,xml,0,0.25,175850,oracle_only
204421,115,oracle+donor_profile,xml,0,0.25,175851,oracle_only
204539,111,oracle+donor_profile,xml,0,0.25,175852,oracle_only
204653,106,oracle+donor_profile,xml,0,0.25,175853,oracle_only
204762,151,oracle+donor_profile,xml,0,0.25,175854,oracle_only
204916,153,oracle+donor_profile,xml,0,0.25,175855,oracle_only
205072,131,oracle+donor_profile,xml,0,0.25,175856,oracle_only
205206,119,oracle+donor_profile,xml,0,0.25,175857,oracle_only
205328,96,oracle+donor_profile,xml,0,0.25,175858,oracle_only
205427,120,oracle+donor_profile,xml,0,0.25,175859,oracle_only
205550,84,oracle+donor_profile,xml,0,0.25,175860,oracle_only
205637,129,oracle+donor_profile,xml,0,0.25,175861,oracle_only
205769,126,oracle+donor_profile,xml,0,0.25,175862,oracle_only
205898,144,oracle+donor_profile,xml,0,0.25,175863,oracle_only
206045,127,oracle+donor_profile,xml,0,0.25,175864,oracle_only
206175,118,oracle+donor_profile,xml,0,0.25,175865,oracle_only
206296,121,oracle+donor_profile,xml,0,0.25,175866,oracle_only
206420,107,oracle+donor_profile,xml,0,0.25,175867,oracle_only
206530,97,oracle+donor_profile,xml,0,0.25,175868,oracle_only
206630,119,oracle+donor_profile,xml,0,0.25,175869,oracle_only
206752,105,oracle+donor_profile,xml,0,0.25,175870,oracle_only
206860,126,oracle+donor_profile,xml,0,0.25,175871,oracle_only
206989,120,oracle+donor_profile,xml,0,0.25,175872,oracle_only
207112,121,oracle+donor_profile,xml,0,0.25,175873,oracle_only
207236,83,oracle+donor_profile,xml,0,0.25,175874,oracle_only
207322,123,oracle+donor_profile,xml,0,0.25,175875,oracle_only
207448,119,oracle+donor_profile,xml,0,0.25,175876,oracle_only
207570,122,oracle+donor_profile,xml,0,0.25,175877,oracle_only
207695,125,oracle+donor_profile,xml,0,0.25,175878,oracle_only
207823,114,oracle+donor_profile,xml,0,0.25,175879,oracle_only
207940,121,oracle+donor_profile,xml,0,0.25,175880,oracle_only
208064,118,oracle+donor_profile,xml,0,0.25,175881,oracle_only
208185,129,oracle+donor_profile,xml,0,0.25,175882,oracle_only
208317,119,oracle+donor_profile,xml,0,0.25,175883,oracle_only
208439,128,oracle+donor_profile,xml,0,0.25,175884,oracle_only
208570,145,oracle+donor_profile,xml,0,0.25,175885,oracle_only
208718,81,oracle+donor_profile,xml,0,0.25,175886,oracle_only
208802,118,oracle+donor_profile,xml,0,0.25,175887,oracle_only
208923,124,oracle+donor_profile,xml,0,0.25,175888,oracle_only
209050,114,oracle+donor_profile,xml,0,0.25,175889,oracle_only
209167,102,oracle+donor_profile,xml,0,0.25,175890,oracle_only
209272,135,oracle+donor_profile,xml,0,0.25,175891,oracle_only
209410,100,oracle+donor_profile,xml,0,0.25,175892,oracle_only
209513,78,oracle+donor_profile,xml,0,0.25,175893,oracle_only
209594,81,oracle+donor_profile,xml,0,0.25,175894,oracle_only
209678,126,oracle+donor_profile,xml,0,0.25,175895,oracle_only
209807,125,oracle+donor_profile,xml,0,0.25,175896,oracle_only
209935,122,oracle+donor_profile,xml,0,0.25,175897,oracle_only
210060,144,oracle+donor_profile,xml,0,0.25,175898,oracle_only
210207,143,oracle+donor_profile,xml,0,0.25,175899,oracle_only
210353,119,oracle+donor_profile,xml,0,0.25,175900,oracle_only
210475,126,oracle+donor_profile,xml,0,0.25,175901,oracle_only
210604,156,oracle+donor_profile,xml,0,0.25,175902,oracle_only
210763,125,oracle+donor_profile,xml,0,0.25,175903,oracle_only
210891,160,oracle+donor_profile,xml,0,0.25,175904,oracle_only
211054,164,oracle+donor_profile,xml,0,0.25,175905,oracle_only
211221,128,oracle+donor_profile,xml,0,0.25,175906,oracle_only
211352,128,oracle+donor_profile,xml,0,0.25,175907,oracle_only
211483,153,oracle+donor_profile,xml,0,0.25,175908,oracle_only
211639,114,oracle+donor_profile,xml,0,0.25,175909,oracle_only
211756,114,oracle+donor_profile,xml,0,0.25,175910,oracle_only
211873,135,oracle+donor_profile,xml,0,0.25,175911,oracle_only
212011,104,oracle+donor_profile,xml,0,0.25,175912,oracle_only
212118,112,oracle+donor_profile,xml,0,0.25,175913,oracle_only
212233,162,oracle+donor_profile,xml,0,0.25,175914,oracle_only
212398,130,oracle+donor_profile,xml,0,0.25,175915,oracle_only
212531,128,oracle+donor_profile,xml,0,0.25,175916,oracle_only
212662,109,oracle+donor_profile,xml,0,0.25,175917,oracle_only
212774,119,oracle+donor_profile,xml,0,0.25,175918,oracle_only
212896,177,oracle+donor_profile,xml,0,0.25,175919,oracle_only
213076,129,oracle+donor_profile,xml,0,0.25,175920,oracle_only
213208,87,oracle+donor_profile,xml,0,0.25,175921,oracle_only
213298,130,oracle+donor_profile,xml,0,0.25,175922,oracle_only
213431,129,oracle+donor_profile,xml,0,0.25,175923,oracle_only
213563,121,oracle+donor_profile,xml,0,0.25,175924,oracle_only
213687,135,oracle+donor_profile,xml,0,0.25,175925,oracle_only
213825,116,oracle+donor_profile,xml,0,0.25,175926,oracle_only
213944,111,oracle+donor_profile,xml,0,0.25,175927,oracle_only
214058,120,oracle+donor_profile,xml,0,0.25,175928,oracle_only
214181,107,oracle+donor_profile,xml,0,0.25,175929,oracle_only
214291,107,oracle+donor_profile,xml,0,0.25,175930,oracle_only
214401,108,oracle+donor_profile,xml,0,0.25,175931,oracle_only
214512,108,oracle+donor_profile,xml,0,0.25,175932,oracle_only
214623,108,oracle+donor_profile,xml,0,0.25,175933,oracle_only
214734,108,oracle+donor_profile,xml,0,0.25,175934,oracle_only
214845,108,oracle+donor_profile,xml,0,0.25,175935,oracle_only
214956,108,oracle+donor_profile,xml,0,0.25,175936,oracle_only
215067,108,oracle+donor_profile,xml,0,0.25,175937,oracle_only
215178,108,oracle+donor_profile,xml,0,0.25,175938,oracle_only
215289,109,oracle+donor_profile,xml,0,0.25,175939,oracle_only
215401,116,oracle+donor_profile,xml,0,0.25,175940,oracle_only
215520,115,oracle+donor_profile,xml,0,0.25,175941,oracle_only
215638,131,oracle+donor_profile,xml,0,0.25,175942,oracle_only
215772,114,oracle+donor_profile,xml,0,0.25,175943,oracle_only
215889,131,oracle+donor_profile,xml,0,0.25,175944,oracle_only
216023,105,oracle+donor_profile,xml,0,0.25,175945,oracle_only
216131,119,oracle+donor_profile,xml,0,0.25,175946,oracle_only
216253,152,oracle+donor_profile,xml,0,0.25,175947,oracle_only
216408,94,oracle+donor_profile,xml,0,0.25,175948,oracle_only
216505,140,oracle+donor_profile,xml,0,0.25,175949,oracle_only
216648,141,oracle+donor_profile,xml,0,0.25,175950,oracle_only
216792,136,oracle+donor_profile,xml,0,0.25,175951,oracle_only
216931,123,oracle+donor_profile,xml,0,0.25,175952,oracle_only
217057,99,oracle+donor_profile,xml,0,0.25,175953,oracle_only
217159,94,oracle+donor_profile,xml,0,0.25,175954,oracle_only
217256,133,oracle+donor_profile,xml,0,0.25,175955,oracle_only
217392,94,oracle+donor_profile,xml,0,0.25,175956,oracle_only
217489,133,oracle+donor_profile,xml,0,0.25,175957,oracle_only
217625,133,oracle+donor_profile,xml,0,0.25,175958,oracle_only
217761,133,oracle+donor_profile,xml,0,0.25,175959,oracle_only
217897,133,oracle+donor_profile,xml,0,0.25,175960,oracle_only
218033,133,oracle+donor_profile,xml,0,0.25,175961,oracle_only
218169,90,oracle+donor_profile,xml,0,0.25,175962,oracle_only
218262,110,oracle+donor_profile,xml,0,0.25,175963,oracle_only
218375,90,oracle+donor_profile,xml,0,0.25,175964,oracle_only
218468,110,oracle+donor_profile,xml,0,0.25,175965,oracle_only
218581,127,oracle+donor_profile,xml,0,0.25,175966,oracle_only
218711,117,oracle+donor_profile,xml,0,0.25,175967,oracle_only
218831,110,oracle+donor_profile,xml,0,0.25,175968,oracle_only
218944,117,oracle+donor_profile,xml,0,0.25,175969,oracle_only
219064,112,oracle+donor_profile,xml,0,0.25,175970,oracle_only
219179,92,oracle+donor_profile,xml,0,0.25,175971,oracle_only
219274,112,oracle+donor_profile,xml,0,0.25,175972,oracle_only
219389,128,oracle+donor_profile,xml,0,0.25,175973,oracle_only
219520,139,oracle+donor_profile,xml,0,0.25,175974,oracle_only
219662,113,oracle+donor_profile,xml,0,0.25,175975,oracle_only
219778,129,oracle+donor_profile,xml,0,0.25,175976,oracle_only
219910,107,oracle+donor_profile,xml,0,0.25,175977,oracle_only
220020,104,oracle+donor_profile,xml,0,0.25,175978,oracle_only
220127,104,oracle+donor_profile,xml,0,0.25,175979,oracle_only
220234,108,oracle+donor_profile,xml,0,0.25,175980,oracle_only
220345,108,oracle+donor_profile,xml,0,0.25,175981,oracle_only
220456,108,oracle+donor_profile,xml,0,0.25,175982,oracle_only
220567,108,oracle+donor_profile,xml,0,0.25,175983,oracle_only
220678,108,oracle+donor_profile,xml,0,0.25,175984,oracle_only
220789,112,oracle+donor_profile,xml,0,0.25,175985,oracle_only
220904,92,oracle+donor_profile,xml,0,0.25,175986,oracle_only
220999,132,oracle+donor_profile,xml,0,0.25,175987,oracle_only
221134,159,oracle+donor_profile,xml,0,0.25,175988,oracle_only
221296,123,oracle+donor_profile,xml,0,0.25,175989,oracle_only
221422,130,oracle+donor_profile,xml,0,0.25,175990,oracle_only
221555,132,oracle+donor_profile,xml,0,0.25,175991,oracle_only
221690,111,oracle+donor_profile,xml,0,0.25,175992,oracle_only
221804,126,oracle+donor_profile,xml,0,0.25,175993,oracle_only
221933,115,oracle+donor_profile,xml,0,0.25,175994,oracle_only
222051,138,oracle+donor_profile,xml,0,0.25,175995,oracle_only
222192,121,oracle+donor_profile,xml,0,0.25,175996,oracle_only
222316,120,oracle+donor_profile,xml,0,0.25,175997,oracle_only
222439,120,oracle+donor_profile,xml,0,0.25,175998,oracle_only
222562,140,oracle+donor_profile,xml,0,0.25,175999,oracle_only
222705,122,oracle+donor_profile,xml,0,0.25,176000,oracle_only
222830,152,oracle+donor_profile,xml,0,0.25,176001,oracle_only
222985,115,oracle+donor_profile,xml,0,0.25,176002,oracle_only
223103,105,oracle+donor_profile,xml,0,0.25,176003,oracle_only
223211,158,oracle+donor_profile,xml,0,0.25,176004,oracle_only
223372,118,oracle+donor_profile,xml,0,0.25,176005,oracle_only
223493,96,oracle+donor_profile,xml,0,0.25,176006,oracle_only
223592,151,oracle+donor_profile,xml,0,0.25,176007,oracle_only
223746,95,oracle+donor_profile,xml,0,0.25,176008,oracle_only
223844,136,oracle+donor_profile,xml,0,0.25,176009,oracle_only
223983,121,oracle+donor_profile,xml,0,0.25,176010,oracle_only
224107,115,oracle+donor_profile,xml,0,0.25,176011,oracle_only
224225,119,oracle+donor_profile,xml,0,0.25,176012,oracle_only
224347,94,oracle+donor_profile,xml,0,0.25,176013,oracle_only
224444,119,oracle+donor_profile,xml,0,0.25,176014,oracle_only
224566,124,oracle+donor_profile,xml,0,0.25,176015,oracle_only
224693,115,oracle+donor_profile,xml,0,0.25,176016,oracle_only
224811,111,oracle+donor_profile,xml,0,0.25,176017,oracle_only
224925,120,oracle+donor_profile,xml,0,0.25,176018,oracle_only
225048,113,oracle+donor_profile,xml,0,0.25,176019,oracle_only
225164,126,oracle+donor_profile,xml,0,0.25,176020,oracle_only
225293,128,oracle+donor_profile,xml,0,0.25,176021,oracle_only
225424,136,oracle+donor_profile,xml,0,0.25,176022,oracle_only
225563,144,oracle+donor_profile,xml,0,0.25,176023,oracle_only
225710,155,oracle+donor_profile,xml,0,0.25,176024,oracle_only
225868,127,oracle+donor_profile,xml,0,0.25,176025,oracle_only
225998,124,oracle+donor_profile,xml,0,0.25,176026,oracle_only
226125,128,oracle+donor_profile,xml,0,0.25,176027,oracle_only
226256,133,oracle+donor_profile,xml,0,0.25,176028,oracle_only
226392,111,oracle+donor_profile,xml,0,0.25,176029,oracle_only
226506,139,oracle+donor_profile,xml,0,0.25,176030,oracle_only
226648,135,oracle+donor_profile,xml,0,0.25,176031,oracle_only
226786,124,oracle+donor_profile,xml,0,0.25,176032,oracle_only
226913,111,oracle+donor_profile,xml,0,0.25,176033,oracle_only
227027,126,oracle+donor_profile,xml,0,0.25,176034,oracle_only
227156,140,oracle+donor_profile,xml,0,0.25,176035,oracle_only
227299,131,oracle+donor_profile,xml,0,0.25,176036,oracle_only
227433,124,oracle+donor_profile,xml,0,0.25,176037,oracle_only
227560,127,oracle+donor_profile,xml,0,0.25,176038,oracle_only
227690,167,oracle+donor_profile,xml,0,0.25,176039,oracle_only
227860,167,oracle+donor_profile,xml,0,0.25,176040,oracle_only
228030,153,oracle+donor_profile,xml,0,0.25,176041,oracle_only
228186,115,oracle+donor_profile,xml,0,0.25,176042,oracle_only
228304,118,oracle+donor_profile,xml,0,0.25,176043,oracle_only
228425,81,oracle+donor_profile,xml,0,0.25,176044,oracle_only
228509,162,oracle+donor_profile,xml,0,0.25,176045,oracle_only
228674,96,oracle+donor_profile,xml,0,0.25,176046,oracle_only
228773,123,oracle+donor_profile,xml,0,0.25,176047,oracle_only
228899,126,oracle+donor_profile,xml,0,0.25,176048,oracle_only
229028,94,oracle+donor_profile,xml,0,0.25,176049,oracle_only
229125,96,oracle+donor_profile,xml,0,0.25,176050,oracle_only
229224,131,oracle+donor_profile,xml,0,0.25,176051,oracle_only
229358,130,oracle+donor_profile,xml,0,0.25,176052,oracle_only
229491,131,oracle+donor_profile,xml,0,0.25,176053,oracle_only
229625,149,oracle+donor_profile,xml,0,0.25,176054,oracle_only
229777,129,oracle+donor_profile,xml,0,0.25,176055,oracle_only
229909,149,oracle+donor_profile,xml,0,0.25,176056,oracle_only
230061,126,oracle+donor_profile,xml,0,0.25,176057,oracle_only
230190,122,oracle+donor_profile,xml,0,0.25,176058,oracle_only
230315,126,oracle+donor_profile,xml,0,0.25,176059,oracle_only
230444,136,oracle+donor_profile,xml,0,0.25,176060,oracle_only
230583,137,oracle+donor_profile,xml,0,0.25,176061,oracle_only
230723,90,oracle+donor_profile,xml,0,0.25,176062,oracle_only
230816,118,oracle+donor_profile,xml,0,0.25,176063,oracle_only
230937,120,oracle+donor_profile,xml,0,0.25,176064,oracle_only
231060,140,oracle+donor_profile,xml,0,0.25,176065,oracle_only
231203,121,oracle+donor_profile,xml,0,0.25,176066,oracle_only
231327,133,oracle+donor_profile,xml,0,0.25,176067,oracle_only
231463,141,oracle+donor_profile,xml,0,0.25,176068,oracle_only
231607,126,oracle+donor_profile,xml,0,0.25,176069,oracle_only
231736,122,oracle+donor_profile,xml,0,0.25,176070,oracle_only
231861,111,oracle+donor_profile,xml,0,0.25,176071,oracle_only
231975,93,oracle+donor_profile,xml,0,0.25,176072,oracle_only
232071,132,oracle+donor_profile,xml,0,0.25,176073,oracle_only
232206,148,oracle+donor_profile,xml,0,0.25,176074,oracle_only
232357,112,oracle+donor_profile,xml,0,0.25,176075,oracle_only
232472,104,oracle+donor_profile,xml,0,0.25,176076,oracle_only
232579,172,oracle+donor_profile,xml,0,0.25,176077,oracle_only
232754,128,oracle+donor_profile,xml,0,0.25,176078,oracle_only
232885,136,oracle+donor_profile,xml,0,0.25,176079,oracle_only
233024,156,oracle+donor_profile,xml,0,0.25,176080,oracle_only
233183,141,oracle+donor_profile,xml,0,0.25,176081,oracle_only
233327,108,oracle+donor_profile,xml,0,0.25,176082,oracle_only
233438,156,oracle+donor_profile,xml,0,0.25,176083,oracle_only
233597,117,oracle+donor_profile,xml,0,0.25,176084,oracle_only
233717,122,oracle+donor_profile,xml,0,0.25,176085,oracle_only
233842,126,oracle+donor_profile,xml,0,0.25,176086,oracle_only
233971,148,oracle+donor_profile,xml,0,0.25,176087,oracle_only
234122,136,oracle+donor_profile,xml,0,0.25,176088,oracle_only
234261,128,oracle+donor_profile,xml,0,0.25,176089,oracle_only
234392,84,oracle+donor_profile,xml,0,0.25,176090,oracle_only
234479,144,oracle+donor_profile,xml,0,0.25,176091,oracle_only
234626,116,oracle+donor_profile,xml,0,0.25,176092,oracle_only
234745,125,oracle+donor_profile,xml,0,0.25,176093,oracle_only
234873,127,oracle+donor_profile,xml,0,0.25,176094,oracle_only
235003,100,oracle+donor_profile,xml,0,0.25,176095,oracle_only
235106,128,oracle+donor_profile,xml,0,0.25,176096,oracle_only
235237,105,oracle+donor_profile,xml,0,0.25,176097,oracle_only
235345,127,oracle+donor_profile,xml,0,0.25,176098,oracle_only
235475,131,oracle+donor_profile,xml,0,0.25,176099,oracle_only
235609,102,oracle+donor_profile,xml,0,0.25,176100,oracle_only
235714,122,oracle+donor_profile,xml,0,0.25,176101,oracle_only
235839,140,oracle+donor_profile,xml,0,0.25,176102,oracle_only
235982,116,oracle+donor_profile,xml,0,0.25,176103,oracle_only
236101,134,oracle+donor_profile,xml,0,0.25,176104,oracle_only
236238,122,oracle+donor_profile,xml,0,0.25,176105,oracle_only
236363,130,oracle+donor_profile,xml,0,0.25,176106,oracle_only
236496,122,oracle+donor_profile,xml,0,0.25,176107,oracle_only
236621,160,oracle+donor_profile,xml,0,0.25,176108,oracle_only
236784,117,oracle+donor_profile,xml,0,0.25,176109,oracle_only
236904,118,oracle+donor_profile,xml,0,0.25,176110,oracle_only
237025,123,oracle+donor_profile,xml,0,0.25,176111,oracle_only
237151,119,oracle+donor_profile,xml,0,0.25,176112,oracle_only
237273,113,oracle+donor_profile,xml,0,0.25,176113,oracle_only
237389,118,oracle+donor_profile,xml,0,0.25,176114,oracle_only
237510,125,oracle+donor_profile,xml,0,0.25,176115,oracle_only
237638,121,oracle+donor_profile,xml,0,0.25,176116,oracle_only
237762,108,oracle+donor_profile,xml,0,0.25,176117,oracle_only
237873,132,oracle+donor_profile,xml,0,0.25,176118,oracle_only
238008,119,oracle+donor_profile,xml,0,0.25,176119,oracle_only
238130,115,oracle+donor_profile,xml,0,0.25,176120,oracle_only
238248,94,oracle+donor_profile,xml,0,0.25,176121,oracle_only
238345,140,oracle+donor_profile,xml,0,0.25,176122,oracle_only
238488,114,oracle+donor_profile,xml,0,0.25,176123,oracle_only
238605,124,oracle+donor_profile,xml,0,0.25,176124,oracle_only
238732,114,oracle+donor_profile,xml,0,0.25,176125,oracle_only
238849,184,oracle+donor_profile,xml,0,0.25,176126,oracle_only
239036,78,oracle+donor_profile,xml,0,0.25,176127,oracle_only
239117,90,oracle+donor_profile,xml,0,0.25,176128,oracle_only
239210,121,oracle+donor_profile,xml,0,0.25,176129,oracle_only
239334,121,oracle+donor_profile,xml,0,0.25,176130,oracle_only
239458,142,oracle+donor_profile,xml,0,0.25,176131,oracle_only
239603,121,oracle+donor_profile,xml,0,0.25,176132,oracle_only
239727,100,oracle+donor_profile,xml,0,0.25,176133,oracle_only
239830,128,oracle+donor_profile,xml,0,0.25,176134,oracle_only
239961,141,oracle+donor_profile,xml,0,0.25,176135,oracle_only
240105,157,oracle+donor_profile,xml,0,0.25,176136,oracle_only
240265,122,oracle+donor_profile,xml,0,0.25,176137,oracle_only
240390,130,oracle+donor_profile,xml,0,0.25,176138,oracle_only
240523,103,oracle+donor_profile,xml,0,0.25,176139,oracle_only
240629,119,oracle+donor_profile,xml,0,0.25,176140,oracle_only
240751,94,oracle+donor_profile,xml,0,0.25,176141,oracle_only
240848,119,oracle+donor_profile,xml,0,0.25,176142,oracle_only
240970,114,oracle+donor_profile,xml,0,0.25,176143,oracle_only
241087,125,oracle+donor_profile,xml,0,0.25,176144,oracle_only
241215,98,oracle+donor_profile,xml,0,0.25,176145,oracle_only
241316,121,oracle+donor_profile,xml,0,0.25,176146,oracle_only
241440,99,oracle+donor_profile,xml,0,0.25,176147,oracle_only
241542,136,oracle+donor_profile,xml,0,0.25,176148,oracle_only
241681,121,oracle+donor_profile,xml,0,0.25,176149,oracle_only
241805,116,oracle+donor_profile,xml,0,0.25,176150,oracle_only
241924,143,oracle+donor_profile,xml,0,0.25,176151,oracle_only
242070,118,oracle+donor_profile,xml,0,0.25,176152,oracle_only
242191,129,oracle+donor_profile,xml,0,0.25,176153,oracle_only
242323,121,oracle+donor_profile,xml,0,0.25,176154,oracle_only
242447,137,oracle+donor_profile,xml,0,0.25,176155,oracle_only
242587,134,oracle+donor_profile,xml,0,0.25,176156,oracle_only
242724,149,oracle+donor_profile,xml,0,0.25,176157,oracle_only
242876,122,oracle+donor_profile,xml,0,0.25,176158,oracle_only
243001,88,oracle+donor_profile,xml,0,0.25,176159,oracle_only
243092,95,oracle+donor_profile,xml,0,0.25,176160,oracle_only
243190,81,oracle+donor_profile,xml,0,0.25,176161,oracle_only
243274,121,oracle+donor_profile,xml,0,0.25,176162,oracle_only
243398,99,oracle+donor_profile,xml,0,0.25,176163,oracle_only
243500,158,oracle+donor_profile,xml,0,0.25,176164,oracle_only
243661,103,oracle+donor_profile,xml,0,0.25,176165,oracle_only
243767,123,oracle+donor_profile,xml,0,0.25,176166,oracle_only
243893,145,oracle+donor_profile,xml,0,0.25,176167,oracle_only
244041,127,oracle+donor_profile,xml,0,0.25,176168,oracle_only
244171,120,oracle+donor_profile,xml,0,0.25,176169,oracle_only
244294,134,oracle+donor_profile,xml,0,0.25,176170,oracle_only
244431,97,oracle+donor_profile,xml,0,0.25,176171,oracle_only
244531,118,oracle+donor_profile,xml,0,0.25,176172,oracle_only
244652,145,oracle+donor_profile,xml,0,0.25,176173,oracle_only
244800,122,oracle+donor_profile,xml,0,0.25,176174,oracle_only
244925,135,oracle+donor_profile,xml,0,0.25,176175,oracle_only
245063,111,oracle+donor_profile,xml,0,0.25,176176,oracle_only
245177,91,oracle+donor_profile,xml,0,0.25,176177,oracle_only
245271,135,oracle+donor_profile,xml,0,0.25,176178,oracle_only
245409,129,oracle+donor_profile,xml,0,0.25,176179,oracle_only
245541,125,oracle+donor_profile,xml,0,0.25,176180,oracle_only
245669,124,oracle+donor_profile,xml,0,0.25,176181,oracle_only
245796,153,oracle+donor_profile,xml,0,0.25,176182,oracle_only
245952,117,oracle+donor_profile,xml,0,0.25,176183,oracle_only
246072,130,oracle+donor_profile,xml,0,0.25,176184,oracle_only
246205,119,oracle+donor_profile,xml,0,0.25,176185,oracle_only
246327,92,oracle+donor_profile,xml,0,0.25,176186,oracle_only
246422,95,oracle+donor_profile,xml,0,0.25,176187,oracle_only
246520,142,oracle+donor_profile,xml,0,0.25,176188,oracle_only
246665,127,oracle+donor_profile,xml,0,0.25,176189,oracle_only
246795,125,oracle+donor_profile,xml,0,0.25,176190,oracle_only
246923,120,oracle+donor_profile,xml,0,0.25,176191,oracle_only
247046,125,oracle+donor_profile,xml,0,0.25,176192,oracle_only
247174,118,oracle+donor_profile,xml,0,0.25,176193,oracle_only
247295,128,oracle+donor_profile,xml,0,0.25,176194,oracle_only
247426,114,oracle+donor_profile,xml,0,0.25,176195,oracle_only
247543,126,oracle+donor_profile,xml,0,0.25,176196,oracle_only
247672,120,oracle+donor_profile,xml,0,0.25,176197,oracle_only
247795,118,oracle+donor_profile,xml,0,0.25,176198,oracle_only
247916,144,oracle+donor_profile,xml,0,0.25,176199,oracle_only
248063,119,oracle+donor_profile,xml,0,0.25,176200,oracle_only
248185,129,oracle+donor_profile,xml,0,0.25,176201,oracle_only
248317,125,oracle+donor_profile,xml,0,0.25,176202,oracle_only
248445,124,oracle+donor_profile,xml,0,0.25,176203,oracle_only
248572,132,oracle+donor_profile,xml,0,0.25,176204,oracle_only
248707,118,oracle+donor_profile,xml,0,0.25,176205,oracle_only
248828,118,oracle+donor_profile,xml,0,0.25,176206,oracle_only
248949,118,oracle+donor_profile,xml,0,0.25,176207,oracle_only
249070,122,oracle+donor_profile,xml,0,0.25,176208,oracle_only
249195,121,oracle+donor_profile,xml,0,0.25,176209,oracle_only
249319,127,oracle+donor_profile,xml,0,0.25,176210,oracle_only
249449,124,oracle+donor_profile,xml,0,0.25,176211,oracle_only
249576,131,oracle+donor_profile,xml,0,0.25,176212,oracle_only
249710,133,oracle+donor_profile,xml,0,0.25,176213,oracle_only
249846,125,oracle+donor_profile,xml,0,0.25,176214,oracle_only
249974,134,oracle+donor_profile,xml,0,0.25,176215,oracle_only
250111,114,oracle+donor_profile,xml,0,0.25,176216,oracle_only
250228,120,oracle+donor_profile,xml,0,0.25,176217,oracle_only
250351,122,oracle+donor_profile,xml,0,0.25,176218,oracle_only
250476,107,oracle+donor_profile,xml,0,0.25,176219,oracle_only
250586,116,oracle+donor_profile,xml,0,0.25,176220,oracle_only
250705,133,oracle+donor_profile,xml,0,0.25,176221,oracle_only
250841,89,oracle+donor_profile,xml,0,0.25,176222,oracle_only
250933,94,oracle+donor_profile,xml,0,0.25,176223,oracle_only
251030,114,oracle+donor_profile,xml,0,0.25,176224,oracle_only
251147,128,oracle+donor_profile,xml,0,0.25,176225,oracle_only
251278,158,oracle+donor_profile,xml,0,0.25,176226,oracle_only
251439,81,oracle+donor_profile,xml,0,0.25,176227,oracle_only
251523,126,oracle+donor_profile,xml,0,0.25,176228,oracle_only
251652,120,oracle+donor_profile,xml,0,0.25,176229,oracle_only
251775,107,oracle+donor_profile,xml,0,0.25,176230,oracle_only
251885,150,oracle+donor_profile,xml,0,0.25,176231,oracle_only
252038,111,oracle+donor_profile,xml,0,0.25,176232,oracle_only
252152,122,oracle+donor_profile,xml,0,0.25,176233,oracle_only
252277,104,oracle+donor_profile,xml,0,0.25,176234,oracle_only
252384,112,oracle+donor_profile,xml,0,0.25,176235,oracle_only
252499,125,oracle+donor_profile,xml,0,0.25,176236,oracle_only
252627,127,oracle+donor_profile,xml,0,0.25,176237,oracle_only
252757,122,oracle+donor_profile,xml,0,0.25,176238,oracle_only
252882,121,oracle+donor_profile,xml,0,0.25,176239,oracle_only
253006,133,oracle+donor_profile,xml,0,0.25,176240,oracle_only
253142,116,oracle+donor_profile,xml,0,0.25,176241,oracle_only
253261,133,oracle+donor_profile,xml,0,0.25,176242,oracle_only
253397,136,oracle+donor_profile,xml,0,0.25,176243,oracle_only
253536,158,oracle+donor_profile,xml,0,0.25,176244,oracle_only
253697,141,oracle+donor_profile,xml,0,0.25,176245,oracle_only
253841,149,oracle+donor_profile,xml,0,0.25,176246,oracle_only
253993,119,oracle+donor_profile,xml,0,0.25,176247,oracle_only
254115,105,oracle+donor_profile,xml,0,0.25,176248,oracle_only
254223,129,oracle+donor_profile,xml,0,0.25,176249,oracle_only
254355,124,oracle+donor_profile,xml,0,0.25,176250,oracle_only
254482,146,oracle+donor_profile,xml,0,0.25,176251,oracle_only
254631,105,oracle+donor_profile,xml,0,0.25,176252,oracle_only
254739,117,oracle+donor_profile,xml,0,0.25,176253,oracle_only
254859,95,oracle+donor_profile,xml,0,0.25,176254,oracle_only
254957,119,oracle+donor_profile,xml,0,0.25,176255,oracle_only
255079,126,oracle+donor_profile,xml,0,0.25,176256,oracle_only
255208,128,oracle+donor_profile,xml,0,0.25,176257,oracle_only
255339,156,oracle+donor_profile,xml,0,0.25,176258,oracle_only
255498,165,oracle+donor_profile,xml,0,0.25,176259,oracle_only
255666,144,oracle+donor_profile,xml,0,0.25,176260,oracle_only
255813,119,oracle+donor_profile,xml,0,0.25,176261,oracle_only
255935,129,oracle+donor_profile,xml,0,0.25,176262,oracle_only
256067,104,oracle+donor_profile,xml,0,0.25,176263,oracle_only
256174,150,oracle+donor_profile,xml,0,0.25,176264,oracle_only
256327,137,oracle+donor_profile,xml,0,0.25,176265,oracle_only
256467,124,oracle+donor_profile,xml,0,0.25,176266,oracle_only
256594,118,oracle+donor_profile,xml,0,0.25,176267,oracle_only
256715,149,oracle+donor_profile,xml,0,0.25,176268,oracle_only
256867,119,oracle+donor_profile,xml,0,0.25,176269,oracle_only
256989,110,oracle+donor_profile,xml,0,0.25,176270,oracle_only
257102,130,oracle+donor_profile,xml,0,0.25,176271,oracle_only
257235,106,oracle+donor_profile,xml,0,0.25,176272,oracle_only
257344,132,oracle+donor_profile,xml,0,0.25,176273,oracle_only
257479,234,oracle+donor_profile,xml,0,0.25,176274,oracle_only
257716,129,oracle+donor_profile,xml,0,0.25,176275,oracle_only
257848,169,oracle+donor_profile,xml,0,0.25,176276,oracle_only
258020,134,oracle+donor_profile,xml,0,0.25,176277,oracle_only
258157,137,oracle+donor_profile,xml,0,0.25,176278,oracle_only
258297,120,oracle+donor_profile,xml,0,0.25,176279,oracle_only
258420,98,oracle+donor_profile,xml,0,0.25,176280,oracle_only
258521,150,oracle+donor_profile,xml,0,0.25,176281,oracle_only
258674,129,oracle+donor_profile,xml,0,0.25,176282,oracle_only
258806,85,oracle+donor_profile,xml,0,0.25,176283,oracle_only
258894,138,oracle+donor_profile,xml,0,0.25,176284,oracle_only
259035,119,oracle+donor_profile,xml,0,0.25,176285,oracle_only
259157,129,oracle+donor_profile,xml,0,0.25,176286,oracle_only
259289,118,oracle+donor_profile,xml,0,0.25,176287,oracle_only
259410,134,oracle+donor_profile,xml,0,0.25,176288,oracle_only
259547,129,oracle+donor_profile,xml,0,0.25,176289,oracle_only
259679,121,oracle+donor_profile,xml,0,0.25,176290,oracle_only
259803,148,oracle+donor_profile,xml,0,0.25,176291,oracle_only
259954,143,oracle+donor_profile,xml,0,0.25,176292,oracle_only
260100,119,oracle+donor_profile,xml,0,0.25,176293,oracle_only
260222,89,oracle+donor_profile,xml,0,0.25,176294,oracle_only
260314,121,oracle+donor_profile,xml,0,0.25,176295,oracle_only
260438,129,oracle+donor_profile,xml,0,0.25,176296,oracle_only
260570,111,oracle+donor_profile,xml,0,0.25,176297,oracle_only
260684,148,oracle+donor_profile,xml,0,0.25,176298,oracle_only
260835,136,oracle+donor_profile,xml,0,0.25,176299,oracle_only
260974,181,oracle+donor_profile,xml,0,0.25,176300,oracle_only
261158,127,oracle+donor_profile,xml,0,0.25,176301,oracle_only
261288,83,oracle+donor_profile,xml,0,0.25,176302,oracle_only
261374,122,oracle+donor_profile,xml,0,0.25,176303,oracle_only
261499,119,oracle+donor_profile,xml,0,0.25,176304,oracle_only
261621,142,oracle+donor_profile,xml,0,0.25,176305,oracle_only
261766,118,oracle+donor_profile,xml,0,0.25,176306,oracle_only
261887,134,oracle+donor_profile,xml,0,0.25,176307,oracle_only
262024,124,oracle+donor_profile,xml,0,0.25,176308,oracle_only
262151,117,oracle+donor_profile,xml,0,0.25,176309,oracle_only
262271,118,oracle+donor_profile,xml,0,0.25,176310,oracle_only
262392,102,oracle+donor_profile,xml,0,0.25,176311,oracle_only
262497,136,oracle+donor_profile,xml,0,0.25,176312,oracle_only
262636,117,oracle+donor_profile,xml,0,0.25,176313,oracle_only
262756,113,oracle+donor_profile,xml,0,0.25,176314,oracle_only
262872,118,oracle+donor_profile,xml,0,0.25,176315,oracle_only
262993,85,oracle+donor_profile,xml,0,0.25,176316,oracle_only
263081,130,oracle+donor_profile,xml,0,0.25,176317,oracle_only
263214,143,oracle+donor_profile,xml,0,0.25,176318,oracle_only
263360,144,oracle+donor_profile,xml,0,0.25,176319,oracle_only
263507,122,oracle+donor_profile,xml,0,0.25,176320,oracle_only
263632,114,oracle+donor_profile,xml,0,0.25,176321,oracle_only
263749,123,oracle+donor_profile,xml,0,0.25,176322,oracle_only
263875,127,oracle+donor_profile,xml,0,0.25,176323,oracle_only
264005,121,oracle+donor_profile,xml,0,0.25,176324,oracle_only
264129,123,oracle+donor_profile,xml,0,0.25,176325,oracle_only
264255,129,oracle+donor_profile,xml,0,0.25,176326,oracle_only
264387,127,oracle+donor_profile,xml,0,0.25,176327,oracle_only
264517,118,oracle+donor_profile,xml,0,0.25,176328,oracle_only
264638,149,oracle+donor_profile,xml,0,0.25,176329,oracle_only
264790,121,oracle+donor_profile,xml,0,0.25,176330,oracle_only
264914,113,oracle+donor_profile,xml,0,0.25,176331,oracle_only
265030,100,oracle+donor_profile,xml,0,0.25,176332,oracle_only
265133,134,oracle+donor_profile,xml,0,0.25,176333,oracle_only
265270,119,oracle+donor_profile,xml,0,0.25,176334,oracle_only
265392,115,oracle+donor_profile,xml,0,0.25,176335,oracle_only
265510,126,oracle+donor_profile,xml,0,0.25,176336,oracle_only
265639,157,oracle+donor_profile,xml,0,0.25,176337,oracle_only
265799,139,oracle+donor_profile,xml,0,0.25,176338,oracle_only
265941,118,oracle+donor_profile,xml,0,0.25,176339,oracle_only
266062,126,oracle+donor_profile,xml,0,0.25,176340,oracle_only
266191,266,oracle+donor_profile,xml,0,0.25,176341,oracle_only
266460,119,oracle+donor_profile,xml,0,0.25,176342,oracle_only
266582,121,oracle+donor_profile,xml,0,0.25,176343,oracle_only
266706,117,oracle+donor_profile,xml,0,0.25,176344,oracle_only
266826,136,oracle+donor_profile,xml,0,0.25,176345,oracle_only
266965,119,oracle+donor_profile,xml,0,0.25,176346,oracle_only
267087,102,oracle+donor_profile,xml,0,0.25,176347,oracle_only
267192,114,oracle+donor_profile,xml,0,0.25,176348,oracle_only
267309,120,oracle+donor_profile,xml,0,0.25,176349,oracle_only
267432,126,oracle+donor_profile,xml,0,0.25,176350,oracle_only
267561,134,oracle+donor_profile,xml,0,0.25,176351,oracle_only
267698,100,oracle+donor_profile,xml,0,0.25,176352,oracle_only
267801,99,oracle+donor_profile,xml,0,0.25,176353,oracle_only
267903,120,oracle+donor_profile,xml,0,0.25,176354,oracle_only
268026,119,oracle+donor_profile,xml,0,0.25,176355,oracle_only
268148,118,oracle+donor_profile,xml,0,0.25,176356,oracle_only
268269,125,oracle+donor_profile,xml,0,0.25,176357,oracle_only
268397,122,oracle+donor_profile,xml,0,0.25,176358,oracle_only
268522,111,oracle+donor_profile,xml,0,0.25,176359,oracle_only
268636,118,oracle+donor_profile,xml,0,0.25,176360,oracle_only
268757,150,oracle+donor_profile,xml,0,0.25,176361,oracle_only
268910,116,oracle+donor_profile,xml,0,0.25,176362,oracle_only
269029,142,oracle+donor_profile,xml,0,0.25,176363,oracle_only
269174,133,oracle+donor_profile,xml,0,0.25,176364,oracle_only
269310,128,oracle+donor_profile,xml,0,0.25,176365,oracle_only
269441,128,oracle+donor_profile,xml,0,0.25,176366,oracle_only
269572,108,oracle+donor_profile,xml,0,0.25,176367,oracle_only
269683,120,oracle+donor_profile,xml,0,0.25,176368,oracle_only
269806,131,oracle+donor_profile,xml,0,0.25,176369,oracle_only
269940,136,oracle+donor_profile,xml,0,0.25,176370,oracle_only
270079,128,oracle+donor_profile,xml,0,0.25,176371,oracle_only
270210,108,oracle+donor_profile,xml,0,0.25,176372,oracle_only
270321,136,oracle+donor_profile,xml,0,0.25,176373,oracle_only
270460,124,oracle+donor_profile,xml,0,0.25,176374,oracle_only
270587,135,oracle+donor_profile,xml,0,0.25,176375,oracle_only
270725,126,oracle+donor_profile,xml,0,0.25,176376,oracle_only
270854,130,oracle+donor_profile,xml,0,0.25,176377,oracle_only
270987,141,oracle+donor_profile,xml,0,0.25,176378,oracle_only
271131,139,oracle+donor_profile,xml,0,0.25,176379,oracle_only
271273,188,oracle+donor_profile,xml,0,0.25,176380,oracle_only
271464,131,oracle+donor_profile,xml,0,0.25,176381,oracle_only
271598,111,oracle+donor_profile,xml,0,0.25,176382,oracle_only
271712,120,oracle+donor_profile,xml,0,0.25,176383,oracle_only
271835,121,oracle+donor_profile,xml,0,0.25,176384,oracle_only
271959,122,oracle+donor_profile,xml,0,0.25,176385,oracle_only
272084,86,oracle+donor_profile,xml,0,0.25,176386,oracle_only
272173,176,oracle+donor_profile,xml,0,0.25,176387,oracle_only
272352,140,oracle+donor_profile,xml,0,0.25,176388,oracle_only
272495,118,oracle+donor_profile,xml,0,0.25,176389,oracle_only
272616,142,oracle+donor_profile,xml,0,0.25,176390,oracle_only
272761,129,oracle+donor_profile,xml,0,0.25,176391,oracle_only
272893,118,oracle+donor_profile,xml,0,0.25,176392,oracle_only
273014,100,oracle+donor_profile,xml,0,0.25,176393,oracle_only
273117,119,oracle+donor_profile,xml,0,0.25,176394,oracle_only
273239,108,oracle+donor_profile,xml,0,0.25,176395,oracle_only
273350,135,oracle+donor_profile,xml,0,0.25,176396,oracle_only
273488,121,oracle+donor_profile,xml,0,0.25,176397,oracle_only
273612,117,oracle+donor_profile,xml,0,0.25,176398,oracle_only
273732,154,oracle+donor_profile,xml,0,0.25,176399,oracle_only
273889,110,oracle+donor_profile,xml,0,0.25,176400,oracle_only
274002,102,oracle+donor_profile,xml,0,0.25,176401,oracle_only
274107,143,oracle+donor_profile,xml,0,0.25,176402,oracle_only
274253,119,oracle+donor_profile,xml,0,0.25,176403,oracle_only
274375,110,oracle+donor_profile,xml,0,0.25,176404,oracle_only
274488,116,oracle+donor_profile,xml,0,0.25,176405,oracle_only
274607,119,oracle+donor_profile,xml,0,0.25,176406,oracle_only
274729,115,oracle+donor_profile,xml,0,0.25,176407,oracle_only
274847,123,oracle+donor_profile,xml,0,0.25,176408,oracle_only
274973,147,oracle+donor_profile,xml,0,0.25,176409,oracle_only
275123,108,oracle+donor_profile,xml,0,0.25,176410,oracle_only
275234,131,oracle+donor_profile,xml,0,0.25,176411,oracle_only
275368,136,oracle+donor_profile,xml,0,0.25,176412,oracle_only
275507,208,oracle+donor_profile,xml,0,0.25,176413,oracle_only
275718,118,oracle+donor_profile,xml,0,0.25,176414,oracle_only
275839,83,oracle+donor_profile,xml,0,0.25,176415,oracle_only
275925,132,oracle+donor_profile,xml,0,0.25,176416,oracle_only
276060,96,oracle+donor_profile,xml,0,0.25,176417,oracle_only
276159,133,oracle+donor_profile,xml,0,0.25,176418,oracle_only
276295,118,oracle+donor_profile,xml,0,0.25,176419,oracle_only
276416,119,oracle+donor_profile,xml,0,0.25,176420,oracle_only
276538,132,oracle+donor_profile,xml,0,0.25,176421,oracle_only
276673,108,oracle+donor_profile,xml,0,0.25,176422,oracle_only
276784,121,oracle+donor_profile,xml,0,0.25,176423,oracle_only
276908,119,oracle+donor_profile,xml,0,0.25,176424,oracle_only
277030,120,oracle+donor_profile,xml,0,0.25,176425,oracle_only
277153,97,oracle+donor_profile,xml,0,0.25,176426,oracle_only
277253,132,oracle+donor_profile,xml,0,0.25,176427,oracle_only
277388,124,oracle+donor_profile,xml,0,0.25,176428,oracle_only
277515,132,oracle+donor_profile,xml,0,0.25,176429,oracle_only
277650,125,oracle+donor_profile,xml,0,0.25,176430,oracle_only
277778,109,oracle+donor_profile,xml,0,0.25,176431,oracle_only
277890,114,oracle+donor_profile,xml,0,0.25,176432,oracle_only
278007,121,oracle+donor_profile,xml,0,0.25,176433,oracle_only
278131,137,oracle+donor_profile,xml,0,0.25,176434,oracle_only
278271,130,oracle+donor_profile,xml,0,0.25,176435,oracle_only
278404,103,oracle+donor_profile,xml,0,0.25,176436,oracle_only
278510,92,oracle+donor_profile,xml,0,0.25,176437,oracle_only
278605,138,oracle+donor_profile,xml,0,0.25,176438,oracle_only
278746,84,oracle+donor_profile,xml,0,0.25,176439,oracle_only
278833,90,oracle+donor_profile,xml,0,0.25,176440,oracle_only
278926,122,oracle+donor_profile,xml,0,0.25,176441,oracle_only
279051,119,oracle+donor_profile,xml,0,0.25,176442,oracle_only
279173,85,oracle+donor_profile,xml,0,0.25,176443,oracle_only
279261,126,oracle+donor_profile,xml,0,0.25,176444,oracle_only
279390,131,oracle+donor_profile,xml,0,0.25,176445,oracle_only
279524,121,oracle+donor_profile,xml,0,0.25,176446,oracle_only
279648,114,oracle+donor_profile,xml,0,0.25,176447,oracle_only
279765,117,oracle+donor_profile,xml,0,0.25,176448,oracle_only
279885,114,oracle+donor_profile,xml,0,0.25,176449,oracle_only
280002,118,oracle+donor_profile,xml,0,0.25,176450,oracle_only
280123,122,oracle+donor_profile,xml,0,0.25,176451,oracle_only
280248,114,oracle+donor_profile,xml,0,0.25,176452,oracle_only
280365,125,oracle+donor_profile,xml,0,0.25,176453,oracle_only
280493,136,oracle+donor_profile,xml,0,0.25,176454,oracle_only
280632,183,oracle+donor_profile,xml,0,0.25,176455,oracle_only
280818,141,oracle+donor_profile,xml,0,0.25,176456,oracle_only
280962,121,oracle+donor_profile,xml,0,0.25,176457,oracle_only
281086,122,oracle+donor_profile,xml,0,0.25,176458,oracle_only
281211,89,oracle+donor_profile,xml,0,0.25,176459,oracle_only
281303,121,oracle+donor_profile,xml,0,0.25,176460,oracle_only
281427,137,oracle+donor_profile,xml,0,0.25,176461,oracle_only
281567,124,oracle+donor_profile,xml,0,0.25,176462,oracle_only
281694,104,oracle+donor_profile,xml,0,0.25,176463,oracle_only
281801,134,oracle+donor_profile,xml,0,0.25,176464,oracle_only
281938,119,oracle+donor_profile,xml,0,0.25,176465,oracle_only
282060,126,oracle+donor_profile,xml,0,0.25,176466,oracle_only
282189,109,oracle+donor_profile,xml,0,0.25,176467,oracle_only
282301,135,oracle+donor_profile,xml,0,0.25,176468,oracle_only
282439,105,oracle+donor_profile,xml,0,0.25,176469,oracle_only
282547,133,oracle+donor_profile,xml,0,0.25,176470,oracle_only
282683,136,oracle+donor_profile,xml,0,0.25,176471,oracle_only
282822,118,oracle+donor_profile,xml,0,0.25,176472,oracle_only
282943,109,oracle+donor_profile,xml,0,0.25,176473,oracle_only
283055,122,oracle+donor_profile,xml,0,0.25,176474,oracle_only
283180,118,oracle+donor_profile,xml,0,0.25,176475,oracle_only
283301,124,oracle+donor_profile,xml,0,0.25,176476,oracle_only
283428,101,oracle+donor_profile,xml,0,0.25,176477,oracle_only
283532,123,oracle+donor_profile,xml,0,0.25,176478,oracle_only
283658,121,oracle+donor_profile,xml,0,0.25,176479,oracle_only
283782,114,oracle+donor_profile,xml,0,0.25,176480,oracle_only
283899,151,oracle+donor_profile,xml,0,0.25,176481,oracle_only
284053,120,oracle+donor_profile,xml,0,0.25,176482,oracle_only
284176,115,oracle+donor_profile,xml,0,0.25,176483,oracle_only
284294,106,oracle+donor_profile,xml,0,0.25,176484,oracle_only
284403,132,oracle+donor_profile,xml,0,0.25,176485,oracle_only
284538,136,oracle+donor_profile,xml,0,0.25,176486,oracle_only
284677,124,oracle+donor_profile,xml,0,0.25,176487,oracle_only
284804,128,oracle+donor_profile,xml,0,0.25,176488,oracle_only
284935,168,oracle+donor_profile,xml,0,0.25,176489,oracle_only
285106,116,oracle+donor_profile,xml,0,0.25,176490,oracle_only
285225,121,oracle+donor_profile,xml,0,0.25,176491,oracle_only
285349,120,oracle+donor_profile,xml,0,0.25,176492,oracle_only
285472,95,oracle+donor_profile,xml,0,0.25,176493,oracle_only
285570,146,oracle+donor_profile,xml,0,0.25,176494,oracle_only
285719,101,oracle+donor_profile,xml,0,0.25,176495,oracle_only
285823,84,oracle+donor_profile,xml,0,0.25,176496,oracle_only
285910,137,oracle+donor_profile,xml,0,0.25,176497,oracle_only
286050,139,oracle+donor_profile,xml,0,0.25,176498,oracle_only
286192,115,oracle+donor_profile,xml,0,0.25,176499,oracle_only
286310,126,oracle+donor_profile,xml,0,0.25,176500,oracle_only
286439,127,oracle+donor_profile,xml,0,0.25,176501,oracle_only
286569,117,oracle+donor_profile,xml,0,0.25,176502,oracle_only
286689,141,oracle+donor_profile,xml,0,0.25,176503,oracle_only
286833,133,oracle+donor_profile,xml,0,0.25,176504,oracle_only
286969,130,oracle+donor_profile,xml,0,0.25,176505,oracle_only
287102,147,oracle+donor_profile,xml,0,0.25,176506,oracle_only
287252,116,oracle+donor_profile,xml,0,0.25,176507,oracle_only
287371,136,oracle+donor_profile,xml,0,0.25,176508,oracle_only
287510,107,oracle+donor_profile,xml,0,0.25,176509,oracle_only
287620,133,oracle+donor_profile,xml,0,0.25,176510,oracle_only
287756,186,oracle+donor_profile,xml,0,0.25,176511,oracle_only
287945,146,oracle+donor_profile,xml,0,0.25,176512,oracle_only
288094,139,oracle+donor_profile,xml,0,0.25,176513,oracle_only
288236,107,oracle+donor_profile,xml,0,0.25,176514,oracle_only
288346,147,oracle+donor_profile,xml,0,0.25,176515,oracle_only
288496,91,oracle+donor_profile,xml,0,0.25,176516,oracle_only
288590,117,oracle+donor_profile,xml,0,0.25,176517,oracle_only
288710,179,oracle+donor_profile,xml,0,0.25,176518,oracle_only
288892,116,oracle+donor_profile,xml,0,0.25,176519,oracle_only
289011,88,oracle+donor_profile,xml,0,0.25,176520,oracle_only
289102,132,oracle+donor_profile,xml,0,0.25,176521,oracle_only
289237,113,oracle+donor_profile,xml,0,0.25,176522,oracle_only
289353,116,oracle+donor_profile,xml,0,0.25,176523,oracle_only
289472,117,oracle+donor_profile,xml,0,0.25,176524,oracle_only
289592,121,oracle+donor_profile,xml,0,0.25,176525,oracle_only
289716,131,oracle+donor_profile,xml,0,0.25,176526,oracle_only
289850,119,oracle+donor_profile,xml,0,0.25,176527,oracle_only
289972,167,oracle+donor_profile,xml,0,0.25,176528,oracle_only
290142,127,oracle+donor_profile,xml,0,0.25,176529,oracle_only
290272,114,oracle+donor_profile,xml,0,0.25,176530,oracle_only
290389,115,oracle+donor_profile,xml,0,0.25,176531,oracle_only
290507,117,oracle+donor_profile,xml,0,0.25,176532,oracle_only
290627,127,oracle+donor_profile,xml,0,0.25,176533,oracle_only
290757,104,oracle+donor_profile,xml,0,0.25,176534,oracle_only
290864,117,oracle+donor_profile,xml,0,0.25,176535,oracle_only
290984,85,oracle+donor_profile,xml,0,0.25,176536,oracle_only
291072,83,oracle+donor_profile,xml,0,0.25,176537,oracle_only
291158,109,oracle+donor_profile,xml,0,0.25,176538,oracle_only
291270,111,oracle+donor_profile,xml,0,0.25,176539,oracle_only
291384,117,oracle+donor_profile,xml,0,0.25,176540,oracle_only
291504,120,oracle+donor_profile,xml,0,0.25,176541,oracle_only
291627,120,oracle+donor_profile,xml,0,0.25,176542,oracle_only
291750,120,oracle+donor_profile,xml,0,0.25,176543,oracle_only
291873,155,oracle+donor_profile,xml,0,0.25,176544,oracle_only
292031,124,oracle+donor_profile,xml,0,0.25,176545,oracle_only
292158,136,oracle+donor_profile,xml,0,0.25,176546,oracle_only
292297,103,oracle+donor_profile,xml,0,0.25,176547,oracle_only
292403,92,oracle+donor_profile,xml,0,0.25,176548,oracle_only
292498,138,oracle+donor_profile,xml,0,0.25,176549,oracle_only
292639,176,oracle+donor_profile,xml,0,0.25,176550,oracle_only
292818,170,oracle+donor_profile,xml,0,0.25,176551,oracle_only
292991,113,oracle+donor_profile,xml,0,0.25,176552,oracle_only
293107,159,oracle+donor_profile,xml,0,0.25,176553,oracle_only
293269,106,oracle+donor_profile,xml,0,0.25,176554,oracle_only
293378,124,oracle+donor_profile,xml,0,0.25,176555,oracle_only
293505,151,oracle+donor_profile,xml,0,0.25,176556,oracle_only
293659,124,oracle+donor_profile,xml,0,0.25,176557,oracle_only
293786,114,oracle+donor_profile,xml,0,0.25,176558,oracle_only
293903,118,oracle+donor_profile,xml,0,0.25,176559,oracle_only
294024,114,oracle+donor_profile,xml,0,0.25,176560,oracle_only
294141,118,oracle+donor_profile,xml,0,0.25,176561,oracle_only
294262,133,oracle+donor_profile,xml,0,0.25,176562,oracle_only
294398,112,oracle+donor_profile,xml,0,0.25,176563,oracle_only
294513,85,oracle+donor_profile,xml,0,0.25,176564,oracle_only
294601,111,oracle+donor_profile,xml,0,0.25,176565,oracle_only
294715,95,oracle+donor_profile,xml,0,0.25,176566,oracle_only
294813,126,oracle+donor_profile,xml,0,0.25,176567,oracle_only
294942,113,oracle+donor_profile,xml,0,0.25,176568,oracle_only
295058,118,oracle+donor_profile,xml,0,0.25,176569,oracle_only
295179,103,oracle+donor_profile,xml,0,0.25,176570,oracle_only
295285,142,oracle+donor_profile,xml,0,0.25,176571,oracle_only
295430,130,oracle+donor_profile,xml,0,0.25,176572,oracle_only
295563,108,oracle+donor_profile,xml,0,0.25,176573,oracle_only
295674,114,oracle+donor_profile,xml,0,0.25,176574,oracle_only
295791,133,oracle+donor_profile,xml,0,0.25,176575,oracle_only
295927,119,oracle+donor_profile,xml,0,0.25,176576,oracle_only
296049,118,oracle+donor_profile,xml,0,0.25,176577,oracle_only
296170,112,oracle+donor_profile,xml,0,0.25,176578,oracle_only
296285,146,oracle+donor_profile,xml,0,0.25,176579,oracle_only
296434,99,oracle+donor_profile,xml,0,0.25,176580,oracle_only
296536,151,oracle+donor_profile,xml,0,0.25,176581,oracle_only
296690,136,oracle+donor_profile,xml,0,0.25,176582,oracle_only
296829,138,oracle+donor_profile,xml,0,0.25,176583,oracle_only
296970,94,oracle+donor_profile,xml,0,0.25,176584,oracle_only
297067,117,oracle+donor_profile,xml,0,0.25,176585,oracle_only
297187,139,oracle+donor_profile,xml,0,0.25,176586,oracle_only
297329,117,oracle+donor_profile,xml,0,0.25,176587,oracle_only
297449,168,oracle+donor_profile,xml,0,0.25,176588,oracle_only
297620,116,oracle+donor_profile,xml,0,0.25,176589,oracle_only
297739,101,oracle+donor_profile,xml,0,0.25,176590,oracle_only
297843,119,oracle+donor_profile,xml,0,0.25,176591,oracle_only
297965,122,oracle+donor_profile,xml,0,0.25,176592,oracle_only
298090,143,oracle+donor_profile,xml,0,0.25,176593,oracle_only
298236,111,oracle+donor_profile,xml,0,0.25,176594,oracle_only
298350,120,oracle+donor_profile,xml,0,0.25,176595,oracle_only
298473,118,oracle+donor_profile,xml,0,0.25,176596,oracle_only
298594,110,oracle+donor_profile,xml,0,0.25,176597,oracle_only
298707,125,oracle+donor_profile,xml,0,0.25,176598,oracle_only
298835,93,oracle+donor_profile,xml,0,0.25,176599,oracle_only
298931,119,oracle+donor_profile,xml,0,0.25,176600,oracle_only
299053,123,oracle+donor_profile,xml,0,0.25,176601,oracle_only
299179,119,oracle+donor_profile,xml,0,0.25,176602,oracle_only
299301,119,oracle+donor_profile,xml,0,0.25,176603,oracle_only
299423,118,oracle+donor_profile,xml,0,0.25,176604,oracle_only
299544,116,oracle+donor_profile,xml,0,0.25,176605,oracle_only
299663,116,oracle+donor_profile,xml,0,0.25,176606,oracle_only
299782,98,oracle+donor_profile,xml,0,0.25,176607,oracle_only
299883,117,oracle+donor_profile,xml,0,0.25,176608,oracle_only
300003,120,oracle+donor_profile,xml,0,0.25,176609,oracle_only
300126,118,oracle+donor_profile,xml,0,0.25,176610,oracle_only
300247,121,oracle+donor_profile,xml,0,0.25,176611,oracle_only
300371,118,oracle+donor_profile,xml,0,0.25,176612,oracle_only
300492,121,oracle+donor_profile,xml,0,0.25,176613,oracle_only
300616,140,oracle+donor_profile,xml,0,0.25,176614,oracle_only
300759,102,oracle+donor_profile,xml,0,0.25,176615,oracle_only
300864,108,oracle+donor_profile,xml,0,0.25,176616,oracle_only
300975,130,oracle+donor_profile,xml,0,0.25,176617,oracle_only
301108,121,oracle+donor_profile,xml,0,0.25,176618,oracle_only
301232,172,oracle+donor_profile,xml,0,0.25,176619,oracle_only
301407,157,oracle+donor_profile,xml,0,0.25,176620,oracle_only
301567,131,oracle+donor_profile,xml,0,0.25,176621,oracle_only
301701,183,oracle+donor_profile,xml,0,0.25,176622,oracle_only
301887,98,oracle+donor_profile,xml,0,0.25,176623,oracle_only
301988,133,oracle+donor_profile,xml,0,0.25,176624,oracle_only
302124,132,oracle+donor_profile,xml,0,0.25,176625,oracle_only
302259,109,oracle+donor_profile,xml,0,0.25,176626,oracle_only
302371,123,oracle+donor_profile,xml,0,0.25,176627,oracle_only
302497,128,oracle+donor_profile,xml,0,0.25,176628,oracle_only
302628,124,oracle+donor_profile,xml,0,0.25,176629,oracle_only
302755,130,oracle+donor_profile,xml,0,0.25,176630,oracle_only
302888,106,oracle+donor_profile,xml,0,0.25,176631,oracle_only
302997,130,oracle+donor_profile,xml,0,0.25,176632,oracle_only
303130,124,oracle+donor_profile,xml,0,0.25,176633,oracle_only
303257,124,oracle+donor_profile,xml,0,0.25,176634,oracle_only
303384,124,oracle+donor_profile,xml,0,0.25,176635,oracle_only
303511,118,oracle+donor_profile,xml,0,0.25,176636,oracle_only
303632,120,oracle+donor_profile,xml,0,0.25,176637,oracle_only
303755,121,oracle+donor_profile,xml,0,0.25,176638,oracle_only
303879,119,oracle+donor_profile,xml,0,0.25,176639,oracle_only
304001,115,oracle+donor_profile,xml,0,0.25,176640,oracle_only
304119,115,oracle+donor_profile,xml,0,0.25,176641,oracle_only
304237,114,oracle+donor_profile,xml,0,0.25,176642,oracle_only
304354,120,oracle+donor_profile,xml,0,0.25,176643,oracle_only
304477,152,oracle+donor_profile,xml,0,0.25,176644,oracle_only
304632,169,oracle+donor_profile,xml,0,0.25,176645,oracle_only
304804,128,oracle+donor_profile,xml,0,0.25,176646,oracle_only
304935,123,oracle+donor_profile,xml,0,0.25,176647,oracle_only
305061,116,oracle+donor_profile,xml,0,0.25,176648,oracle_only
305180,114,oracle+donor_profile,xml,0,0.25,176649,oracle_only
305297,109,oracle+donor_profile,xml,0,0.25,176650,oracle_only
305409,78,oracle+donor_profile,xml,0,0.25,176651,oracle_only
305490,128,oracle+donor_profile,xml,0,0.25,176652,oracle_only
305621,135,oracle+donor_profile,xml,0,0.25,176653,oracle_only
305759,97,oracle+donor_profile,xml,0,0.25,176654,oracle_only
305859,84,oracle+donor_profile,xml,0,0.25,176655,oracle_only
305946,120,oracle+donor_profile,xml,0,0.25,176656,oracle_only
306069,118,oracle+donor_profile,xml,0,0.25,176657,oracle_only
306190,119,oracle+donor_profile,xml,0,0.25,176658,oracle_only
306312,118,oracle+donor_profile,xml,0,0.25,176659,oracle_only
306433,105,oracle+donor_profile,xml,0,0.25,176660,oracle_only
306541,113,oracle+donor_profile,xml,0,0.25,176661,oracle_only
306657,124,oracle+donor_profile,xml,0,0.25,176662,oracle_only
306784,125,oracle+donor_profile,xml,0,0.25,176663,oracle_only
306912,128,oracle+donor_profile,xml,0,0.25,176664,oracle_only
307043,131,oracle+donor_profile,xml,0,0.25,176665,oracle_only
307177,107,oracle+donor_profile,xml,0,0.25,176666,oracle_only
307287,113,oracle+donor_profile,xml,0,0.25,176667,oracle_only
307403,123,oracle+donor_profile,xml,0,0.25,176668,oracle_only
307529,118,oracle+donor_profile,xml,0,0.25,176669,oracle_only
307650,130,oracle+donor_profile,xml,0,0.25,176670,oracle_only
307783,100,oracle+donor_profile,xml,0,0.25,176671,oracle_only
307886,87,oracle+donor_profile,xml,0,0.25,176672,oracle_only
307976,139,oracle+donor_profile,xml,0,0.25,176673,oracle_only
308118,196,oracle+donor_profile,xml,0,0.25,176674,oracle_only
308317,107,oracle+donor_profile,xml,0,0.25,176675,oracle_only
308427,131,oracle+donor_profile,xml,0,0.25,176676,oracle_only
308561,137,oracle+donor_profile,xml,0,0.25,176677,oracle_only
308701,125,oracle+donor_profile,xml,0,0.25,176678,oracle_only
308829,88,oracle+donor_profile,xml,0,0.25,176679,oracle_only
308920,131,oracle+donor_profile,xml,0,0.25,176680,oracle_only
309054,107,oracle+donor_profile,xml,0,0.25,176681,oracle_only
309164,127,oracle+donor_profile,xml,0,0.25,176682,oracle_only
309294,125,oracle+donor_profile,xml,0,0.25,176683,oracle_only
309422,134,oracle+donor_profile,xml,0,0.25,176684,oracle_only
309559,127,oracle+donor_profile,xml,0,0.25,176685,oracle_only
309689,124,oracle+donor_profile,xml,0,0.25,176686,oracle_only
309816,92,oracle+donor_profile,xml,0,0.25,176687,oracle_only
309911,125,oracle+donor_profile,xml,0,0.25,176688,oracle_only
310039,123,oracle+donor_profile,xml,0,0.25,176689,oracle_only
310165,78,oracle+donor_profile,xml,0,0.25,176690,oracle_only
310246,133,oracle+donor_profile,xml,0,0.25,176691,oracle_only
310382,119,oracle+donor_profile,xml,0,0.25,176692,oracle_only
310504,122,oracle+donor_profile,xml,0,0.25,176693,oracle_only
310629,119,oracle+donor_profile,xml,0,0.25,176694,oracle_only
310751,99,oracle+donor_profile,xml,0,0.25,176695,oracle_only
310853,121,oracle+donor_profile,xml,0,0.25,176696,oracle_only
310977,173,oracle+donor_profile,xml,0,0.25,176697,oracle_only
311153,119,oracle+donor_profile,xml,0,0.25,176698,oracle_only
311275,127,oracle+donor_profile,xml,0,0.25,176699,oracle_only
311405,150,oracle+donor_profile,xml,0,0.25,176700,oracle_only
311558,129,oracle+donor_profile,xml,0,0.25,176701,oracle_only
311690,113,oracle+donor_profile,xml,0,0.25,176702,oracle_only
311806,113,oracle+donor_profile,xml,0,0.25,176703,oracle_only
311922,123,oracle+donor_profile,xml,0,0.25,176704,oracle_only
312048,122,oracle+donor_profile,xml,0,0.25,176705,oracle_only
312173,113,oracle+donor_profile,xml,0,0.25,176706,oracle_only
312289,113,oracle+donor_profile,xml,0,0.25,176707,oracle_only
312405,178,oracle+donor_profile,xml,0,0.25,176708,oracle_only
312586,113,oracle+donor_profile,xml,0,0.25,176709,oracle_only
312702,106,oracle+donor_profile,xml,0,0.25,176710,oracle_only
312811,108,oracle+donor_profile,xml,0,0.25,176711,oracle_only
312922,106,oracle+donor_profile,xml,0,0.25,176712,oracle_only
313031,108,oracle+donor_profile,xml,0,0.25,176713,oracle_only
313142,106,oracle+donor_profile,xml,0,0.25,176714,oracle_only
313251,119,oracle+donor_profile,xml,0,0.25,176715,oracle_only
313373,106,oracle+donor_profile,xml,0,0.25,176716,oracle_only
313482,137,oracle+donor_profile,xml,0,0.25,176717,oracle_only
313622,137,oracle+donor_profile,xml,0,0.25,176718,oracle_only
313762,110,oracle+donor_profile,xml,0,0.25,176719,oracle_only
313875,107,oracle+donor_profile,xml,0,0.25,176720,oracle_only
313985,110,oracle+donor_profile,xml,0,0.25,176721,oracle_only
314098,106,oracle+donor_profile,xml,0,0.25,176722,oracle_only
314207,187,oracle+donor_profile,xml,0,0.25,176723,oracle_only
314397,106,oracle+donor_profile,xml,0,0.25,176724,oracle_only
314506,116,oracle+donor_profile,xml,0,0.25,176725,oracle_only
314625,106,oracle+donor_profile,xml,0,0.25,176726,oracle_only
314734,121,oracle+donor_profile,xml,0,0.25,176727,oracle_only
314858,109,oracle+donor_profile,xml,0,0.25,176728,oracle_only
314970,84,oracle+donor_profile,xml,0,0.25,176729,oracle_only
315057,111,oracle+donor_profile,xml,0,0.25,176730,oracle_only
315171,184,oracle+donor_profile,xml,0,0.25,176731,oracle_only
315358,104,oracle+donor_profile,xml,0,0.25,176732,oracle_only
315465,158,oracle+donor_profile,xml,0,0.25,176733,oracle_only
315626,158,oracle+donor_profile,xml,0,0.25,176734,oracle_only
315787,100,oracle+donor_profile,xml,0,0.25,176735,oracle_only
315890,158,oracle+donor_profile,xml,0,0.25,176736,oracle_only
316051,158,oracle+donor_profile,xml,0,0.25,176737,oracle_only
316212,158,oracle+donor_profile,xml,0,0.25,176738,oracle_only
316373,144,oracle+donor_profile,xml,0,0.25,176739,oracle_only
316520,158,oracle+donor_profile,xml,0,0.25,176740,oracle_only
316681,168,oracle+donor_profile,xml,0,0.25,176741,oracle_only
316852,116,oracle+donor_profile,xml,0,0.25,176742,oracle_only
316971,120,oracle+donor_profile,xml,0,0.25,176743,oracle_only
317094,116,oracle+donor_profile,xml,0,0.25,176744,oracle_only
317213,116,oracle+donor_profile,xml,0,0.25,176745,oracle_only
317332,116,oracle+donor_profile,xml,0,0.25,176746,oracle_only
317451,116,oracle+donor_profile,xml,0,0.25,176747,oracle_only
317570,116,oracle+donor_profile,xml,0,0.25,176748,oracle_only
317689,116,oracle+donor_profile,xml,0,0.25,176749,oracle_only
317808,122,oracle+donor_profile,xml,0,0.25,176750,oracle_only
317933,126,oracle+donor_profile,xml,0,0.25,176751,oracle_only
318062,119,oracle+donor_profile,xml,0,0.25,176752,oracle_only
318184,84,oracle+donor_profile,xml,0,0.25,176753,oracle_only
318271,128,oracle+donor_profile,xml,0,0.25,176754,oracle_only
318402,121,oracle+donor_profile,xml,0,0.25,176755,oracle_only
318526,117,oracle+donor_profile,xml,0,0.25,176756,oracle_only
318646,117,oracle+donor_profile,xml,0,0.25,176757,oracle_only
318766,130,oracle+donor_profile,xml,0,0.25,176758,oracle_only
318899,131,oracle+donor_profile,xml,0,0.25,176759,oracle_only
319033,204,oracle+donor_profile,xml,0,0.25,176760,oracle_only
319240,119,oracle+donor_profile,xml,0,0.25,176761,oracle_only
319362,141,oracle+donor_profile,xml,0,0.25,176762,oracle_only
319506,119,oracle+donor_profile,xml,0,0.25,176763,oracle_only
319628,115,oracle+donor_profile,xml,0,0.25,176764,oracle_only
319746,123,oracle+donor_profile,xml,0,0.25,176765,oracle_only
319872,83,oracle+donor_profile,xml,0,0.25,176766,oracle_only
319958,124,oracle+donor_profile,xml,0,0.25,176767,oracle_only
320085,106,oracle+donor_profile,xml,0,0.25,176768,oracle_only
320194,110,oracle+donor_profile,xml,0,0.25,176769,oracle_only
320307,176,oracle+donor_profile,xml,0,0.25,176770,oracle_only
320486,134,oracle+donor_profile,xml,0,0.25,176771,oracle_only
320623,121,oracle+donor_profile,xml,0,0.25,176772,oracle_only
320747,129,oracle+donor_profile,xml,0,0.25,176773,oracle_only
320879,100,oracle+donor_profile,xml,0,0.25,176774,oracle_only
320982,115,oracle+donor_profile,xml,0,0.25,176775,oracle_only
321100,103,oracle+donor_profile,xml,0,0.25,176776,oracle_only
321206,128,oracle+donor_profile,xml,0,0.25,176777,oracle_only
321337,136,oracle+donor_profile,xml,0,0.25,176778,oracle_only
321476,114,oracle+donor_profile,xml,0,0.25,176779,oracle_only
321593,110,oracle+donor_profile,xml,0,0.25,176780,oracle_only
321706,103,oracle+donor_profile,xml,0,0.25,176781,oracle_only
321812,107,oracle+donor_profile,xml,0,0.25,176782,oracle_only
321922,112,oracle+donor_profile,xml,0,0.25,176783,oracle_only
322037,190,oracle+donor_profile,xml,0,0.25,176784,oracle_only
322230,202,oracle+donor_profile,xml,0,0.25,176785,oracle_only
322435,124,oracle+donor_profile,xml,0,0.25,176786,oracle_only
322562,103,oracle+donor_profile,xml,0,0.25,176787,oracle_only
322668,89,oracle+donor_profile,xml,0,0.25,176788,oracle_only
322760,122,oracle+donor_profile,xml,0,0.25,176789,oracle_only
322885,104,oracle+donor_profile,xml,0,0.25,176790,oracle_only
322992,135,oracle+donor_profile,xml,0,0.25,176791,oracle_only
323130,151,oracle+donor_profile,xml,0,0.25,176792,oracle_only
323284,112,oracle+donor_profile,xml,0,0.25,176793,oracle_only
323399,117,oracle+donor_profile,xml,0,0.25,176794,oracle_only
323519,145,oracle+donor_profile,xml,0,0.25,176795,oracle_only
323667,122,oracle+donor_profile,xml,0,0.25,176796,oracle_only
323792,129,oracle+donor_profile,xml,0,0.25,176797,oracle_only
323924,124,oracle+donor_profile,xml,0,0.25,176798,oracle_only
324051,133,oracle+donor_profile,xml,0,0.25,176799,oracle_only
324187,116,oracle+donor_profile,xml,0,0.25,176800,oracle_only
324306,137,oracle+donor_profile,xml,0,0.25,176801,oracle_only
324446,113,oracle+donor_profile,xml,0,0.25,176802,oracle_only
324562,112,oracle+donor_profile,xml,0,0.25,176803,oracle_only
324677,113,oracle+donor_profile,xml,0,0.25,176804,oracle_only
324793,113,oracle+donor_profile,xml,0,0.25,176805,oracle_only
324909,120,oracle+donor_profile,xml,0,0.25,176806,oracle_only
325032,118,oracle+donor_profile,xml,0,0.25,176807,oracle_only
325153,157,oracle+donor_profile,xml,0,0.25,176808,oracle_only
325313,86,oracle+donor_profile,xml,0,0.25,176809,oracle_only
325402,128,oracle+donor_profile,xml,0,0.25,176810,oracle_only
325533,92,oracle+donor_profile,xml,0,0.25,176811,oracle_only
325628,117,oracle+donor_profile,xml,0,0.25,176812,oracle_only
325748,113,oracle+donor_profile,xml,0,0.25,176813,oracle_only
325864,90,oracle+donor_profile,xml,0,0.25,176814,oracle_only
325957,142,oracle+donor_profile,xml,0,0.25,176815,oracle_only
326102,114,oracle+donor_profile,xml,0,0.25,176816,oracle_only
326219,121,oracle+donor_profile,xml,0,0.25,176817,oracle_only
326343,121,oracle+donor_profile,xml,0,0.25,176818,oracle_only
326467,111,oracle+donor_profile,xml,0,0.25,176819,oracle_only
326581,154,oracle+donor_profile,xml,0,0.25,176820,oracle_only
326738,155,oracle+donor_profile,xml,0,0.25,176821,oracle_only
326896,155,oracle+donor_profile,xml,0,0.25,176822,oracle_only
327054,155,oracle+donor_profile,xml,0,0.25,176823,oracle_only
327212,154,oracle+donor_profile,xml,0,0.25,176824,oracle_only
327369,155,oracle+donor_profile,xml,0,0.25,176825,oracle_only
327527,155,oracle+donor_profile,xml,0,0.25,176826,oracle_only
327685,155,oracle+donor_profile,xml,0,0.25,176827,oracle_only
327843,156,oracle+donor_profile,xml,0,0.25,176828,oracle_only
328002,156,oracle+donor_profile,xml,0,0.25,176829,oracle_only
328161,156,oracle+donor_profile,xml,0,0.25,176830,oracle_only
328320,119,oracle+donor_profile,xml,0,0.25,176831,oracle_only
328442,120,oracle+donor_profile,xml,0,0.25,176832,oracle_only
328565,120,oracle+donor_profile,xml,0,0.25,176833,oracle_only
328688,120,oracle+donor_profile,xml,0,0.25,176834,oracle_only
328811,119,oracle+donor_profile,xml,0,0.25,176835,oracle_only
328933,120,oracle+donor_profile,xml,0,0.25,176836,oracle_only
329056,119,oracle+donor_profile,xml,0,0.25,176837,oracle_only
329178,156,oracle+donor_profile,xml,0,0.25,176838,oracle_only
329337,120,oracle+donor_profile,xml,0,0.25,176839,oracle_only
329460,118,oracle+donor_profile,xml,0,0.25,176840,oracle_only
329581,119,oracle+donor_profile,xml,0,0.25,176841,oracle_only
329703,119,oracle+donor_profile,xml,0,0.25,176842,oracle_only
329825,119,oracle+donor_profile,xml,0,0.25,176843,oracle_only
329947,118,oracle+donor_profile,xml,0,0.25,176844,oracle_only
330068,119,oracle+donor_profile,xml,0,0.25,176845,oracle_only
330190,119,oracle+donor_profile,xml,0,0.25,176846,oracle_only
330312,155,oracle+donor_profile,xml,0,0.25,176847,oracle_only
330470,116,oracle+donor_profile,xml,0,0.25,176848,oracle_only
330589,118,oracle+donor_profile,xml,0,0.25,176849,oracle_only
330710,139,oracle+donor_profile,xml,0,0.25,176850,oracle_only
330852,92,oracle+donor_profile,xml,0,0.25,176851,oracle_only
330947,122,oracle+donor_profile,xml,0,0.25,176852,oracle_only
331072,120,oracle+donor_profile,xml,0,0.25,176853,oracle_only
331195,100,oracle+donor_profile,xml,0,0.25,176854,oracle_only
331298,130,oracle+donor_profile,xml,0,0.25,176855,oracle_only
331431,114,oracle+donor_profile,xml,0,0.25,176856,oracle_only
331548,121,oracle+donor_profile,xml,0,0.25,176857,oracle_only
331672,119,oracle+donor_profile,xml,0,0.25,176858,oracle_only
331794,170,oracle+donor_profile,xml,0,0.25,176859,oracle_only
331967,121,oracle+donor_profile,xml,0,0.25,176860,oracle_only
332091,119,oracle+donor_profile,xml,0,0.25,176861,oracle_only
332213,142,oracle+donor_profile,xml,0,0.25,176862,oracle_only
332358,119,oracle+donor_profile,xml,0,0.25,176863,oracle_only
332480,117,oracle+donor_profile,xml,0,0.25,176864,oracle_only
332600,135,oracle+donor_profile,xml,0,0.25,176865,oracle_only
332738,116,oracle+donor_profile,xml,0,0.25,176866,oracle_only
332857,105,oracle+donor_profile,xml,0,0.25,176867,oracle_only
332965,97,oracle+donor_profile,xml,0,0.25,176868,oracle_only
333065,119,oracle+donor_profile,xml,0,0.25,176869,oracle_only
333187,121,oracle+donor_profile,xml,0,0.25,176870,oracle_only
333311,102,oracle+donor_profile,xml,0,0.25,176871,oracle_only
333416,134,oracle+donor_profile,xml,0,0.25,176872,oracle_only
333553,78,oracle+donor_profile,xml,0,0.25,176873,oracle_only
333634,112,oracle+donor_profile,xml,0,0.25,176874,oracle_only
333749,122,oracle+donor_profile,xml,0,0.25,176875,oracle_only
333874,102,oracle+donor_profile,xml,0,0.25,176876,oracle_only
333979,102,oracle+donor_profile,xml,0,0.25,176877,oracle_only
334084,121,oracle+donor_profile,xml,0,0.25,176878,oracle_only
334208,117,oracle+donor_profile,xml,0,0.25,176879,oracle_only
334328,121,oracle+donor_profile,xml,0,0.25,176880,oracle_only
334452,105,oracle+donor_profile,xml,0,0.25,176881,oracle_only
334560,87,oracle+donor_profile,xml,0,0.25,176882,oracle_only
334650,110,oracle+donor_profile,xml,0,0.25,176883,oracle_only
334763,114,oracle+donor_profile,xml,0,0.25,176884,oracle_only
334880,128,oracle+donor_profile,xml,0,0.25,176885,oracle_only
335011,87,oracle+donor_profile,xml,0,0.25,176886,oracle_only
335101,141,oracle+donor_profile,xml,0,0.25,176887,oracle_only
335245,118,oracle+donor_profile,xml,0,0.25,176888,oracle_only
335366,120,oracle+donor_profile,xml,0,0.25,176889,oracle_only
335489,88,oracle+donor_profile,xml,0,0.25,176890,oracle_only
335580,97,oracle+donor_profile,xml,0,0.25,176891,oracle_only
335680,152,oracle+donor_profile,xml,0,0.25,176892,oracle_only
335835,124,oracle+donor_profile,xml,0,0.25,176893,oracle_only
335962,141,oracle+donor_profile,xml,0,0.25,176894,oracle_only
336106,137,oracle+donor_profile,xml,0,0.25,176895,oracle_only
336246,122,oracle+donor_profile,xml,0,0.25,176896,oracle_only
336371,108,oracle+donor_profile,xml,0,0.25,176897,oracle_only
336482,143,oracle+donor_profile,xml,0,0.25,176898,oracle_only
336628,168,oracle+donor_profile,xml,0,0.25,176899,oracle_only
336799,168,oracle+donor_profile,xml,0,0.25,176900,oracle_only
336970,143,oracle+donor_profile,xml,0,0.25,176901,oracle_only
337116,168,oracle+donor_profile,xml,0,0.25,176902,oracle_only
337287,168,oracle+donor_profile,xml,0,0.25,176903,oracle_only
337458,143,oracle+donor_profile,xml,0,0.25,176904,oracle_only
337604,143,oracle+donor_profile,xml,0,0.25,176905,oracle_only
337750,143,oracle+donor_profile,xml,0,0.25,176906,oracle_only
337896,143,oracle+donor_profile,xml,0,0.25,176907,oracle_only
338042,143,oracle+donor_profile,xml,0,0.25,176908,oracle_only
338188,168,oracle+donor_profile,xml,0,0.25,176909,oracle_only
338359,143,oracle+donor_profile,xml,0,0.25,176910,oracle_only
338505,143,oracle+donor_profile,xml,0,0.25,176911,oracle_only
338651,143,oracle+donor_profile,xml,0,0.25,176912,oracle_only
338797,143,oracle+donor_profile,xml,0,0.25,176913,oracle_only
338943,143,oracle+donor_profile,xml,0,0.25,176914,oracle_only
339089,143,oracle+donor_profile,xml,0,0.25,176915,oracle_only
339235,143,oracle+donor_profile,xml,0,0.25,176916,oracle_only
339381,143,oracle+donor_profile,xml,0,0.25,176917,oracle_only
339527,143,oracle+donor_profile,xml,0,0.25,176918,oracle_only
339673,143,oracle+donor_profile,xml,0,0.25,176919,oracle_only
339819,143,oracle+donor_profile,xml,0,0.25,176920,oracle_only
339965,143,oracle+donor_profile,xml,0,0.25,176921,oracle_only
340111,143,oracle+donor_profile,xml,0,0.25,176922,oracle_only
340257,164,oracle+donor_profile,xml,0,0.25,176923,oracle_only
340424,104,oracle+donor_profile,xml,0,0.25,176924,oracle_only
340531,113,oracle+donor_profile,xml,0,0.25,176925,oracle_only
340647,119,oracle+donor_profile,xml,0,0.25,176926,oracle_only
340769,121,oracle+donor_profile,xml,0,0.25,176927,oracle_only
340893,123,oracle+donor_profile,xml,0,0.25,176928,oracle_only
341019,130,oracle+donor_profile,xml,0,0.25,176929,oracle_only
341152,121,oracle+donor_profile,xml,0,0.25,176930,oracle_only
341276,136,oracle+donor_profile,xml,0,0.25,176931,oracle_only
341415,155,oracle+donor_profile,xml,0,0.25,176932,oracle_only
341573,109,oracle+donor_profile,xml,0,0.25,176933,oracle_only
341685,128,oracle+donor_profile,xml,0,0.25,176934,oracle_only
341816,103,oracle+donor_profile,xml,0,0.25,176935,oracle_only
341922,119,oracle+donor_profile,xml,0,0.25,176936,oracle_only
342044,128,oracle+donor_profile,xml,0,0.25,176937,oracle_only
342175,90,oracle+donor_profile,xml,0,0.25,176938,oracle_only
342268,116,oracle+donor_profile,xml,0,0.25,176939,oracle_only
342387,99,oracle+donor_profile,xml,0,0.25,176940,oracle_only
342489,122,oracle+donor_profile,xml,0,0.25,176941,oracle_only
342614,142,oracle+donor_profile,xml,0,0.25,176942,oracle_only
342759,120,oracle+donor_profile,xml,0,0.25,176943,oracle_only
342882,120,oracle+donor_profile,xml,0,0.25,176944,oracle_only
343005,131,oracle+donor_profile,xml,0,0.25,176945,oracle_only
343139,96,oracle+donor_profile,xml,0,0.25,176946,oracle_only
343238,144,oracle+donor_profile,xml,0,0.25,176947,oracle_only
343385,133,oracle+donor_profile,xml,0,0.25,176948,oracle_only
343521,114,oracle+donor_profile,xml,0,0.25,176949,oracle_only
343638,116,oracle+donor_profile,xml,0,0.25,176950,oracle_only
343757,160,oracle+donor_profile,xml,0,0.25,176951,oracle_only
343920,114,oracle+donor_profile,xml,0,0.25,176952,oracle_only
344037,123,oracle+donor_profile,xml,0,0.25,176953,oracle_only
344163,120,oracle+donor_profile,xml,0,0.25,176954,oracle_only
344286,137,oracle+donor_profile,xml,0,0.25,176955,oracle_only
344426,130,oracle+donor_profile,xml,0,0.25,176956,oracle_only
344559,118,oracle+donor_profile,xml,0,0.25,176957,oracle_only
344680,94,oracle+donor_profile,xml,0,0.25,176958,oracle_only
344777,159,oracle+donor_profile,xml,0,0.25,176959,oracle_only
344939,124,oracle+donor_profile,xml,0,0.25,176960,oracle_only
345066,115,oracle+donor_profile,xml,0,0.25,176961,oracle_only
345184,128,oracle+donor_profile,xml,0,0.25,176962,oracle_only
345315,118,oracle+donor_profile,xml,0,0.25,176963,oracle_only
345436,124,oracle+donor_profile,xml,0,0.25,176964,oracle_only
345563,156,oracle+donor_profile,xml,0,0.25,176965,oracle_only
345722,139,oracle+donor_profile,xml,0,0.25,176966,oracle_only
345864,150,oracle+donor_profile,xml,0,0.25,176967,oracle_only
346017,118,oracle+donor_profile,xml,0,0.25,176968,oracle_only
346138,103,oracle+donor_profile,xml,0,0.25,176969,oracle_only
346244,115,oracle+donor_profile,xml,0,0.25,176970,oracle_only
346362,127,oracle+donor_profile,xml,0,0.25,176971,oracle_only
346492,110,oracle+donor_profile,xml,0,0.25,176972,oracle_only
346605,175,oracle+donor_profile,xml,0,0.25,176973,oracle_only
346783,138,oracle+donor_profile,xml,0,0.25,176974,oracle_only
346924,122,oracle+donor_profile,xml,0,0.25,176975,oracle_only
347049,124,oracle+donor_profile,xml,0,0.25,176976,oracle_only
347176,152,oracle+donor_profile,xml,0,0.25,176977,oracle_only
347331,155,oracle+donor_profile,xml,0,0.25,176978,oracle_only
347489,176,oracle+donor_profile,xml,0,0.25,176979,oracle_only
347668,122,oracle+donor_profile,xml,0,0.25,176980,oracle_only
347793,116,oracle+donor_profile,xml,0,0.25,176981,oracle_only
347912,193,oracle+donor_profile,xml,0,0.25,176982,oracle_only
348108,135,oracle+donor_profile,xml,0,0.25,176983,oracle_only
348246,171,oracle+donor_profile,xml,0,0.25,176984,oracle_only
348420,98,oracle+donor_profile,xml,0,0.25,176985,oracle_only
348521,121,oracle+donor_profile,xml,0,0.25,176986,oracle_only
348645,117,oracle+donor_profile,xml,0,0.25,176987,oracle_only
348765,131,oracle+donor_profile,xml,0,0.25,176988,oracle_only
348899,131,oracle+donor_profile,xml,0,0.25,176989,oracle_only
349033,110,oracle+donor_profile,xml,0,0.25,176990,oracle_only
349146,110,oracle+donor_profile,xml,0,0.25,176991,oracle_only
349259,139,oracle+donor_profile,xml,0,0.25,176992,oracle_only
349401,117,oracle+donor_profile,xml,0,0.25,176993,oracle_only
349521,101,oracle+donor_profile,xml,0,0.25,176994,oracle_only
349625,118,oracle+donor_profile,xml,0,0.25,176995,oracle_only
349746,119,oracle+donor_profile,xml,0,0.25,176996,oracle_only
349868,150,oracle+donor_profile,xml,0,0.25,176997,oracle_only
350021,103,oracle+donor_profile,xml,0,0.25,176998,oracle_only
350127,132,oracle+donor_profile,xml,0,0.25,176999,oracle_only
350262,123,oracle+donor_profile,xml,0,0.25,177000,oracle_only
350388,118,oracle+donor_profile,xml,0,0.25,177001,oracle_only
350509,120,oracle+donor_profile,xml,0,0.25,177002,oracle_only
350632,119,oracle+donor_profile,xml,0,0.25,177003,oracle_only
350754,119,oracle+donor_profile,xml,0,0.25,177004,oracle_only
350876,110,oracle+donor_profile,xml,0,0.25,177005,oracle_only
350989,114,oracle+donor_profile,xml,0,0.25,177006,oracle_only
351106,114,oracle+donor_profile,xml,0,0.25,177007,oracle_only
351223,119,oracle+donor_profile,xml,0,0.25,177008,oracle_only
351345,141,oracle+donor_profile,xml,0,0.25,177009,oracle_only
351489,120,oracle+donor_profile,xml,0,0.25,177010,oracle_only
351612,123,oracle+donor_profile,xml,0,0.25,177011,oracle_only
351738,136,oracle+donor_profile,xml,0,0.25,177012,oracle_only
351877,91,oracle+donor_profile,xml,0,0.25,177013,oracle_only
351971,118,oracle+donor_profile,xml,0,0.25,177014,oracle_only
352092,89,oracle+donor_profile,xml,0,0.25,177015,oracle_only
352184,116,oracle+donor_profile,xml,0,0.25,177016,oracle_only
352303,124,oracle+donor_profile,xml,0,0.25,177017,oracle_only
352430,143,oracle+donor_profile,xml,0,0.25,177018,oracle_only
352576,111,oracle+donor_profile,xml,0,0.25,177019,oracle_only
352690,113,oracle+donor_profile,xml,0,0.25,177020,oracle_only
352806,117,oracle+donor_profile,xml,0,0.25,177021,oracle_only
352926,114,oracle+donor_profile,xml,0,0.25,177022,oracle_only
353043,128,oracle+donor_profile,xml,0,0.25,177023,oracle_only
353174,126,oracle+donor_profile,xml,0,0.25,177024,oracle_only
353303,95,oracle+donor_profile,xml,0,0.25,177025,oracle_only
353401,126,oracle+donor_profile,xml,0,0.25,177026,oracle_only
353530,116,oracle+donor_profile,xml,0,0.25,177027,oracle_only
353649,111,oracle+donor_profile,xml,0,0.25,177028,oracle_only
353763,107,oracle+donor_profile,xml,0,0.25,177029,oracle_only
353873,140,oracle+donor_profile,xml,0,0.25,177030,oracle_only
354016,104,oracle+donor_profile,xml,0,0.25,177031,oracle_only
354123,106,oracle+donor_profile,xml,0,0.25,177032,oracle_only
354232,139,oracle+donor_profile,xml,0,0.25,177033,oracle_only
354374,139,oracle+donor_profile,xml,0,0.25,177034,oracle_only
354516,131,oracle+donor_profile,xml,0,0.25,177035,oracle_only
354650,86,oracle+donor_profile,xml,0,0.25,177036,oracle_only
354739,113,oracle+donor_profile,xml,0,0.25,177037,oracle_only
354855,91,oracle+donor_profile,xml,0,0.25,177038,oracle_only
354949,134,oracle+donor_profile,xml,0,0.25,177039,oracle_only
355086,112,oracle+donor_profile,xml,0,0.25,177040,oracle_only
355201,127,oracle+donor_profile,xml,0,0.25,177041,oracle_only
355331,133,oracle+donor_profile,xml,0,0.25,177042,oracle_only
355467,136,oracle+donor_profile,xml,0,0.25,177043,oracle_only
355606,114,oracle+donor_profile,xml,0,0.25,177044,oracle_only
355723,113,oracle+donor_profile,xml,0,0.25,177045,oracle_only
355839,122,oracle+donor_profile,xml,0,0.25,177046,oracle_only
355964,114,oracle+donor_profile,xml,0,0.25,177047,oracle_only
356081,142,oracle+donor_profile,xml,0,0.25,177048,oracle_only
356226,101,oracle+donor_profile,xml,0,0.25,177049,oracle_only
356330,119,oracle+donor_profile,xml,0,0.25,177050,oracle_only
356452,140,oracle+donor_profile,xml,0,0.25,177051,oracle_only
356595,85,oracle+donor_profile,xml,0,0.25,177052,oracle_only
356683,96,oracle+donor_profile,xml,0,0.25,177053,oracle_only
356782,109,oracle+donor_profile,xml,0,0.25,177054,oracle_only
356894,110,oracle+donor_profile,xml,0,0.25,177055,oracle_only
357007,124,oracle+donor_profile,xml,0,0.25,177056,oracle_only
357134,118,oracle+donor_profile,xml,0,0.25,177057,oracle_only
357255,118,oracle+donor_profile,xml,0,0.25,177058,oracle_only
357376,123,oracle+donor_profile,xml,0,0.25,177059,oracle_only
357502,98,oracle+donor_profile,xml,0,0.25,177060,oracle_only
357603,124,oracle+donor_profile,xml,0,0.25,177061,oracle_only
357730,122,oracle+donor_profile,xml,0,0.25,177062,oracle_only
357855,121,oracle+donor_profile,xml,0,0.25,177063,oracle_only
357979,136,oracle+donor_profile,xml,0,0.25,177064,oracle_only
358118,150,oracle+donor_profile,xml,0,0.25,177065,oracle_only
358271,94,oracle+donor_profile,xml,0,0.25,177066,oracle_only
358368,140,oracle+donor_profile,xml,0,0.25,177067,oracle_only
358511,93,oracle+donor_profile,xml,0,0.25,177068,oracle_only
358607,119,oracle+donor_profile,xml,0,0.25,177069,oracle_only
358729,122,oracle+donor_profile,xml,0,0.25,177070,oracle_only
358854,123,oracle+donor_profile,xml,0,0.25,177071,oracle_only
358980,128,oracle+donor_profile,xml,0,0.25,177072,oracle_only
359111,91,oracle+donor_profile,xml,0,0.25,177073,oracle_only
359205,109,oracle+donor_profile,xml,0,0.25,177074,oracle_only
359317,128,oracle+donor_profile,xml,0,0.25,177075,oracle_only
359448,139,oracle+donor_profile,xml,0,0.25,177076,oracle_only
359590,117,oracle+donor_profile,xml,0,0.25,177077,oracle_only
359710,122,oracle+donor_profile,xml,0,0.25,177078,oracle_only
359835,126,oracle+donor_profile,xml,0,0.25,177079,oracle_only
359964,114,oracle+donor_profile,xml,0,0.25,177080,oracle_only
360081,121,oracle+donor_profile,xml,0,0.25,177081,oracle_only
360205,169,oracle+donor_profile,xml,0,0.25,177082,oracle_only
360377,98,oracle+donor_profile,xml,0,0.25,177083,oracle_only
360478,124,oracle+donor_profile,xml,0,0.25,177084,oracle_only
360605,125,oracle+donor_profile,xml,0,0.25,177085,oracle_only
360733,129,oracle+donor_profile,xml,0,0.25,177086,oracle_only
360865,114,oracle+donor_profile,xml,0,0.25,177087,oracle_only
360982,94,oracle+donor_profile,xml,0,0.25,177088,oracle_only
361079,85,oracle+donor_profile,xml,0,0.25,177089,oracle_only
361167,131,oracle+donor_profile,xml,0,0.25,177090,oracle_only
361301,114,oracle+donor_profile,xml,0,0.25,177091,oracle_only
361418,114,oracle+donor_profile,xml,0,0.25,177092,oracle_only
361535,130,oracle+donor_profile,xml,0,0.25,177093,oracle_only
361668,172,oracle+donor_profile,xml,0,0.25,177094,oracle_only
361843,115,oracle+donor_profile,xml,0,0.25,177095,oracle_only
361961,135,oracle+donor_profile,xml,0,0.25,177096,oracle_only
362099,119,oracle+donor_profile,xml,0,0.25,177097,oracle_only
362221,123,oracle+donor_profile,xml,0,0.25,177098,oracle_only
362347,126,oracle+donor_profile,xml,0,0.25,177099,oracle_only
362476,159,oracle+donor_profile,xml,0,0.25,177100,oracle_only
362638,112,oracle+donor_profile,xml,0,0.25,177101,oracle_only
362753,185,oracle+donor_profile,xml,0,0.25,177102,oracle_only
362941,102,oracle+donor_profile,xml,0,0.25,177103,oracle_only
363046,125,oracle+donor_profile,xml,0,0.25,177104,oracle_only
363174,116,oracle+donor_profile,xml,0,0.25,177105,oracle_only
363293,123,oracle+donor_profile,xml,0,0.25,177106,oracle_only
363419,138,oracle+donor_profile,xml,0,0.25,177107,oracle_only
363560,146,oracle+donor_profile,xml,0,0.25,177108,oracle_only
363709,121,oracle+donor_profile,xml,0,0.25,177109,oracle_only
363833,123,oracle+donor_profile,xml,0,0.25,177110,oracle_only
363959,128,oracle+donor_profile,xml,0,0.25,177111,oracle_only
364090,129,oracle+donor_profile,xml,0,0.25,177112,oracle_only
364222,137,oracle+donor_profile,xml,0,0.25,177113,oracle_only
364362,123,oracle+donor_profile,xml,0,0.25,177114,oracle_only
364488,91,oracle+donor_profile,xml,0,0.25,177115,oracle_only
364582,87,oracle+donor_profile,xml,0,0.25,177116,oracle_only
364672,111,oracle+donor_profile,xml,0,0.25,177117,oracle_only
364786,166,oracle+donor_profile,xml,0,0.25,177118,oracle_only
364955,119,oracle+donor_profile,xml,0,0.25,177119,oracle_only
365077,149,oracle+donor_profile,xml,0,0.25,177120,oracle_only
365229,96,oracle+donor_profile,xml,0,0.25,177121,oracle_only
365328,99,oracle+donor_profile,xml,0,0.25,177122,oracle_only
365430,123,oracle+donor_profile,xml,0,0.25,177123,oracle_only
365556,95,oracle+donor_profile,xml,0,0.25,177124,oracle_only
365654,119,oracle+donor_profile,xml,0,0.25,177125,oracle_only
365776,122,oracle+donor_profile,xml,0,0.25,177126,oracle_only
365901,96,oracle+donor_profile,xml,0,0.25,177127,oracle_only
366000,119,oracle+donor_profile,xml,0,0.25,177128,oracle_only
366122,100,oracle+donor_profile,xml,0,0.25,177129,oracle_only
366225,141,oracle+donor_profile,xml,0,0.25,177130,oracle_only
366369,114,oracle+donor_profile,xml,0,0.25,177131,oracle_only
366486,114,oracle+donor_profile,xml,0,0.25,177132,oracle_only
366603,117,oracle+donor_profile,xml,0,0.25,177133,oracle_only
366723,117,oracle+donor_profile,xml,0,0.25,177134,oracle_only
366843,119,oracle+donor_profile,xml,0,0.25,177135,oracle_only
366965,115,oracle+donor_profile,xml,0,0.25,177136,oracle_only
367083,130,oracle+donor_profile,xml,0,0.25,177137,oracle_only
367216,109,oracle+donor_profile,xml,0,0.25,177138,oracle_only
367328,129,oracle+donor_profile,xml,0,0.25,177139,oracle_only
367460,116,oracle+donor_profile,xml,0,0.25,177140,oracle_only
367579,114,oracle+donor_profile,xml,0,0.25,177141,oracle_only
367696,144,oracle+donor_profile,xml,0,0.25,177142,oracle_only
367843,112,oracle+donor_profile,xml,0,0.25,177143,oracle_only
367958,130,oracle+donor_profile,xml,0,0.25,177144,oracle_only
368091,107,oracle+donor_profile,xml,0,0.25,177145,oracle_only
368201,104,oracle+donor_profile,xml,0,0.25,177146,oracle_only
368308,118,oracle+donor_profile,xml,0,0.25,177147,oracle_only
368429,123,oracle+donor_profile,xml,0,0.25,177148,oracle_only
368555,112,oracle+donor_profile,xml,0,0.25,177149,oracle_only
368670,117,oracle+donor_profile,xml,0,0.25,177150,oracle_only
368790,122,oracle+donor_profile,xml,0,0.25,177151,oracle_only
368915,122,oracle+donor_profile,xml,0,0.25,177152,oracle_only
369040,120,oracle+donor_profile,xml,0,0.25,177153,oracle_only
369163,123,oracle+donor_profile,xml,0,0.25,177154,oracle_only
369289,86,oracle+donor_profile,xml,0,0.25,177155,oracle_only
369378,107,oracle+donor_profile,xml,0,0.25,177156,oracle_only
369488,114,oracle+donor_profile,xml,0,0.25,177157,oracle_only
369605,79,oracle+donor_profile,xml,0,0.25,177158,oracle_only
369687,121,oracle+donor_profile,xml,0,0.25,177159,oracle_only
369811,97,oracle+donor_profile,xml,0,0.25,177160,oracle_only
369911,136,oracle+donor_profile,xml,0,0.25,177161,oracle_only
370050,128,oracle+donor_profile,xml,0,0.25,177162,oracle_only
370181,114,oracle+donor_profile,xml,0,0.25,177163,oracle_only
370298,121,oracle+donor_profile,xml,0,0.25,177164,oracle_only
370422,121,oracle+donor_profile,xml,0,0.25,177165,oracle_only
370546,184,oracle+donor_profile,xml,0,0.25,177166,oracle_only
370733,118,oracle+donor_profile,xml,0,0.25,177167,oracle_only
370854,105,oracle+donor_profile,xml,0,0.25,177168,oracle_only
370962,122,oracle+donor_profile,xml,0,0.25,177169,oracle_only
371087,189,oracle+donor_profile,xml,0,0.25,177170,oracle_only
371279,115,oracle+donor_profile,xml,0,0.25,177171,oracle_only
371397,126,oracle+donor_profile,xml,0,0.25,177172,oracle_only
371526,159,oracle+donor_profile,xml,0,0.25,177173,oracle_only
371688,119,oracle+donor_profile,xml,0,0.25,177174,oracle_only
371810,119,oracle+donor_profile,xml,0,0.25,177175,oracle_only
371932,117,oracle+donor_profile,xml,0,0.25,177176,oracle_only
372052,136,oracle+donor_profile,xml,0,0.25,177177,oracle_only
372191,132,oracle+donor_profile,xml,0,0.25,177178,oracle_only
372326,113,oracle+donor_profile,xml,0,0.25,177179,oracle_only
372442,119,oracle+donor_profile,xml,0,0.25,177180,oracle_only
372564,119,oracle+donor_profile,xml,0,0.25,177181,oracle_only
372686,121,oracle+donor_profile,xml,0,0.25,177182,oracle_only
372810,121,oracle+donor_profile,xml,0,0.25,177183,oracle_only
372934,117,oracle+donor_profile,xml,0,0.25,177184,oracle_only
373054,124,oracle+donor_profile,xml,0,0.25,177185,oracle_only
373181,128,oracle+donor_profile,xml,0,0.25,177186,oracle_only
373312,119,oracle+donor_profile,xml,0,0.25,177187,oracle_only
373434,134,oracle+donor_profile,xml,0,0.25,177188,oracle_only
373571,195,oracle+donor_profile,xml,0,0.25,177189,oracle_only
373769,132,oracle+donor_profile,xml,0,0.25,177190,oracle_only
373904,145,oracle+donor_profile,xml,0,0.25,177191,oracle_only
374052,140,oracle+donor_profile,xml,0,0.25,177192,oracle_only
374195,140,oracle+donor_profile,xml,0,0.25,177193,oracle_only
374338,136,oracle+donor_profile,xml,0,0.25,177194,oracle_only
374477,120,oracle+donor_profile,xml,0,0.25,177195,oracle_only
374600,127,oracle+donor_profile,xml,0,0.25,177196,oracle_only
374730,113,oracle+donor_profile,xml,0,0.25,177197,oracle_only
374846,118,oracle+donor_profile,xml,0,0.25,177198,oracle_only
374967,209,oracle+donor_profile,xml,0,0.25,177199,oracle_only
375179,123,oracle+donor_profile,xml,0,0.25,177200,oracle_only
375305,137,oracle+donor_profile,xml,0,0.25,177201,oracle_only
375445,135,oracle+donor_profile,xml,0,0.25,177202,oracle_only
375583,123,oracle+donor_profile,xml,0,0.25,177203,oracle_only
375709,119,oracle+donor_profile,xml,0,0.25,177204,oracle_only
375831,145,oracle+donor_profile,xml,0,0.25,177205,oracle_only
375979,119,oracle+donor_profile,xml,0,0.25,177206,oracle_only
376101,148,oracle+donor_profile,xml,0,0.25,177207,oracle_only
376252,111,oracle+donor_profile,xml,0,0.25,177208,oracle_only
376366,119,oracle+donor_profile,xml,0,0.25,177209,oracle_only
376488,114,oracle+donor_profile,xml,0,0.25,177210,oracle_only
376605,123,oracle+donor_profile,xml,0,0.25,177211,oracle_only
376731,177,oracle+donor_profile,xml,0,0.25,177212,oracle_only
376911,144,oracle+donor_profile,xml,0,0.25,177213,oracle_only
377058,126,oracle+donor_profile,xml,0,0.25,177214,oracle_only
377187,122,oracle+donor_profile,xml,0,0.25,177215,oracle_only
377312,100,oracle+donor_profile,xml,0,0.25,177216,oracle_only
377415,104,oracle+donor_profile,xml,0,0.25,177217,oracle_only
377522,128,oracle+donor_profile,xml,0,0.25,177218,oracle_only
377653,106,oracle+donor_profile,xml,0,0.25,177219,oracle_only
377762,122,oracle+donor_profile,xml,0,0.25,177220,oracle_only
377887,92,oracle+donor_profile,xml,0,0.25,177221,oracle_only
377982,125,oracle+donor_profile,xml,0,0.25,177222,oracle_only
378110,107,oracle+donor_profile,xml,0,0.25,177223,oracle_only
378220,109,oracle+donor_profile,xml,0,0.25,177224,oracle_only
378332,122,oracle+donor_profile,xml,0,0.25,177225,oracle_only
378457,135,oracle+donor_profile,xml,0,0.25,177226,oracle_only
378595,118,oracle+donor_profile,xml,0,0.25,177227,oracle_only
378716,112,oracle+donor_profile,xml,0,0.25,177228,oracle_only
378831,188,oracle+donor_profile,xml,0,0.25,177229,oracle_only
379022,124,oracle+donor_profile,xml,0,0.25,177230,oracle_only
379149,134,oracle+donor_profile,xml,0,0.25,177231,oracle_only
379286,111,oracle+donor_profile,xml,0,0.25,177232,oracle_only
379400,124,oracle+donor_profile,xml,0,0.25,177233,oracle_only
379527,128,oracle+donor_profile,xml,0,0.25,177234,oracle_only
379658,128,oracle+donor_profile,xml,0,0.25,177235,oracle_only
379789,149,oracle+donor_profile,xml,0,0.25,177236,oracle_only
379941,129,oracle+donor_profile,xml,0,0.25,177237,oracle_only
380073,191,oracle+donor_profile,xml,0,0.25,177238,oracle_only
380267,123,oracle+donor_profile,xml,0,0.25,177239,oracle_only
380393,118,oracle+donor_profile,xml,0,0.25,177240,oracle_only
380514,120,oracle+donor_profile,xml,0,0.25,177241,oracle_only
380637,122,oracle+donor_profile,xml,0,0.25,177242,oracle_only
380762,125,oracle+donor_profile,xml,0,0.25,177243,oracle_only
380890,103,oracle+donor_profile,xml,0,0.25,177244,oracle_only
380996,118,oracle+donor_profile,xml,0,0.25,177245,oracle_only
381117,126,oracle+donor_profile,xml,0,0.25,177246,oracle_only
381246,108,oracle+donor_profile,xml,0,0.25,177247,oracle_only
381357,135,oracle+donor_profile,xml,0,0.25,177248,oracle_only
381495,122,oracle+donor_profile,xml,0,0.25,177249,oracle_only
381620,135,oracle+donor_profile,xml,0,0.25,177250,oracle_only
381758,129,oracle+donor_profile,xml,0,0.25,177251,oracle_only
381890,133,oracle+donor_profile,xml,0,0.25,177252,oracle_only
382026,84,oracle+donor_profile,xml,0,0.25,177253,oracle_only
382113,114,oracle+donor_profile,xml,0,0.25,177254,oracle_only
382230,100,oracle+donor_profile,xml,0,0.25,177255,oracle_only
382333,125,oracle+donor_profile,xml,0,0.25,177256,oracle_only
382461,117,oracle+donor_profile,xml,0,0.25,177257,oracle_only
382581,123,oracle+donor_profile,xml,0,0.25,177258,oracle_only
382707,121,oracle+donor_profile,xml,0,0.25,177259,oracle_only
382831,123,oracle+donor_profile,xml,0,0.25,177260,oracle_only
382957,105,oracle+donor_profile,xml,0,0.25,177261,oracle_only
383065,90,oracle+donor_profile,xml,0,0.25,177262,oracle_only
383158,127,oracle+donor_profile,xml,0,0.25,177263,oracle_only
383288,90,oracle+donor_profile,xml,0,0.25,177264,oracle_only
383381,127,oracle+donor_profile,xml,0,0.25,177265,oracle_only
383511,127,oracle+donor_profile,xml,0,0.25,177266,oracle_only
383641,149,oracle+donor_profile,xml,0,0.25,177267,oracle_only
383793,127,oracle+donor_profile,xml,0,0.25,177268,oracle_only
383923,127,oracle+donor_profile,xml,0,0.25,177269,oracle_only
384053,131,oracle+donor_profile,xml,0,0.25,177270,oracle_only
384187,141,oracle+donor_profile,xml,0,0.25,177271,oracle_only
384331,124,oracle+donor_profile,xml,0,0.25,177272,oracle_only
384458,95,oracle+donor_profile,xml,0,0.25,177273,oracle_only
384556,111,oracle+donor_profile,xml,0,0.25,177274,oracle_only
384670,124,oracle+donor_profile,xml,0,0.25,177275,oracle_only
384797,137,oracle+donor_profile,xml,0,0.25,177276,oracle_only
384937,137,oracle+donor_profile,xml,0,0.25,177277,oracle_only
385077,137,oracle+donor_profile,xml,0,0.25,177278,oracle_only
385217,123,oracle+donor_profile,xml,0,0.25,177279,oracle_only
385343,150,oracle+donor_profile,xml,0,0.25,177280,oracle_only
385496,103,oracle+donor_profile,xml,0,0.25,177281,oracle_only
385602,86,oracle+donor_profile,xml,0,0.25,177282,oracle_only
385691,117,oracle+donor_profile,xml,0,0.25,177283,oracle_only
385811,103,oracle+donor_profile,xml,0,0.25,177284,oracle_only
385917,103,oracle+donor_profile,xml,0,0.25,177285,oracle_only
386023,174,oracle+donor_profile,xml,0,0.25,177286,oracle_only
386200,88,oracle+donor_profile,xml,0,0.25,177287,oracle_only
386291,93,oracle+donor_profile,xml,0,0.25,177288,oracle_only
386387,120,oracle+donor_profile,xml,0,0.25,177289,oracle_only
386510,92,oracle+donor_profile,xml,0,0.25,177290,oracle_only
386605,128,oracle+donor_profile,xml,0,0.25,177291,oracle_only
386736,142,oracle+donor_profile,xml,0,0.25,177292,oracle_only
386881,110,oracle+donor_profile,xml,0,0.25,177293,oracle_only
386994,110,oracle+donor_profile,xml,0,0.25,177294,oracle_only
387107,110,oracle+donor_profile,xml,0,0.25,177295,oracle_only
387220,115,oracle+donor_profile,xml,0,0.25,177296,oracle_only
387338,92,oracle+donor_profile,xml,0,0.25,177297,oracle_only
387433,107,oracle+donor_profile,xml,0,0.25,177298,oracle_only
387543,123,oracle+donor_profile,xml,0,0.25,177299,oracle_only
387669,131,oracle+donor_profile,xml,0,0.25,177300,oracle_only
387803,112,oracle+donor_profile,xml,0,0.25,177301,oracle_only
387918,176,oracle+donor_profile,xml,0,0.25,177302,oracle_only
388097,133,oracle+donor_profile,xml,0,0.25,177303,oracle_only
388233,137,oracle+donor_profile,xml,0,0.25,177304,oracle_only
388373,127,oracle+donor_profile,xml,0,0.25,177305,oracle_only
388503,85,oracle+donor_profile,xml,0,0.25,177306,oracle_only
388591,137,oracle+donor_profile,xml,0,0.25,177307,oracle_only
388731,122,oracle+donor_profile,xml,0,0.25,177308,oracle_only
388856,135,oracle+donor_profile,xml,0,0.25,177309,oracle_only
388994,126,oracle+donor_profile,xml,0,0.25,177310,oracle_only
389123,130,oracle+donor_profile,xml,0,0.25,177311,oracle_only
389256,113,oracle+donor_profile,xml,0,0.25,177312,oracle_only
389372,122,oracle+donor_profile,xml,0,0.25,177313,oracle_only
389497,122,oracle+donor_profile,xml,0,0.25,177314,oracle_only
389622,129,oracle+donor_profile,xml,0,0.25,177315,oracle_only
389754,142,oracle+donor_profile,xml,0,0.25,177316,oracle_only
389899,96,oracle+donor_profile,xml,0,0.25,177317,oracle_only
389998,112,oracle+donor_profile,xml,0,0.25,177318,oracle_only
390113,123,oracle+donor_profile,xml,0,0.25,177319,oracle_only
390239,120,oracle+donor_profile,xml,0,0.25,177320,oracle_only
390362,175,oracle+donor_profile,xml,0,0.25,177321,oracle_only
390540,130,oracle+donor_profile,xml,0,0.25,177322,oracle_only
390673,119,oracle+donor_profile,xml,0,0.25,177323,oracle_only
390795,115,oracle+donor_profile,xml,0,0.25,177324,oracle_only
390913,111,oracle+donor_profile,xml,0,0.25,177325,oracle_only
391027,120,oracle+donor_profile,xml,0,0.25,177326,oracle_only
391150,122,oracle+donor_profile,xml,0,0.25,177327,oracle_only
391275,100,oracle+donor_profile,xml,0,0.25,177328,oracle_only
391378,155,oracle+donor_profile,xml,0,0.25,177329,oracle_only
391536,106,oracle+donor_profile,xml,0,0.25,177330,oracle_only
391645,139,oracle+donor_profile,xml,0,0.25,177331,oracle_only
391787,132,oracle+donor_profile,xml,0,0.25,177332,oracle_only
391922,122,oracle+donor_profile,xml,0,0.25,177333,oracle_only
392047,119,oracle+donor_profile,xml,0,0.25,177334,oracle_only
392169,125,oracle+donor_profile,xml,0,0.25,177335,oracle_only
392297,129,oracle+donor_profile,xml,0,0.25,177336,oracle_only
392429,144,oracle+donor_profile,xml,0,0.25,177337,oracle_only
392576,140,oracle+donor_profile,xml,0,0.25,177338,oracle_only
392719,121,oracle+donor_profile,xml,0,0.25,177339,oracle_only
392843,118,oracle+donor_profile,xml,0,0.25,177340,oracle_only
392964,197,oracle+donor_profile,xml,0,0.25,177341,oracle_only
393164,199,oracle+donor_profile,xml,0,0.25,177342,oracle_only
393366,194,oracle+donor_profile,xml,0,0.25,177343,oracle_only
393563,194,oracle+donor_profile,xml,0,0.25,177344,oracle_only
393760,128,oracle+donor_profile,xml,0,0.25,177345,oracle_only
393891,132,oracle+donor_profile,xml,0,0.25,177346,oracle_only
394026,127,oracle+donor_profile,xml,0,0.25,177347,oracle_only
394156,128,oracle+donor_profile,xml,0,0.25,177348,oracle_only
394287,157,oracle+donor_profile,xml,0,0.25,177349,oracle_only
394447,124,oracle+donor_profile,xml,0,0.25,177350,oracle_only
394574,119,oracle+donor_profile,xml,0,0.25,177351,oracle_only
394696,123,oracle+donor_profile,xml,0,0.25,177352,oracle_only
394822,118,oracle+donor_profile,xml,0,0.25,177353,oracle_only
394943,104,oracle+donor_profile,xml,0,0.25,177354,oracle_only
395050,149,oracle+donor_profile,xml,0,0.25,177355,oracle_only
395202,153,oracle+donor_profile,xml,0,0.25,177356,oracle_only
395358,118,oracle+donor_profile,xml,0,0.25,177357,oracle_only
395479,121,oracle+donor_profile,xml,0,0.25,177358,oracle_only
395603,118,oracle+donor_profile,xml,0,0.25,177359,oracle_only
395724,179,oracle+donor_profile,xml,0,0.25,177360,oracle_only
395906,134,oracle+donor_profile,xml,0,0.25,177361,oracle_only
396043,124,oracle+donor_profile,xml,0,0.25,177362,oracle_only
396170,119,oracle+donor_profile,xml,0,0.25,177363,oracle_only
396292,111,oracle+donor_profile,xml,0,0.25,177364,oracle_only
396406,116,oracle+donor_profile,xml,0,0.25,177365,oracle_only
396525,117,oracle+donor_profile,xml,0,0.25,177366,oracle_only
396645,109,oracle+donor_profile,xml,0,0.25,177367,oracle_only
396757,120,oracle+donor_profile,xml,0,0.25,177368,oracle_only
396880,121,oracle+donor_profile,xml,0,0.25,177369,oracle_only
397004,123,oracle+donor_profile,xml,0,0.25,177370,oracle_only
397130,121,oracle+donor_profile,xml,0,0.25,177371,oracle_only
397254,130,oracle+donor_profile,xml,0,0.25,177372,oracle_only
397387,101,oracle+donor_profile,xml,0,0.25,177373,oracle_only
397491,137,oracle+donor_profile,xml,0,0.25,177374,oracle_only
397631,131,oracle+donor_profile,xml,0,0.25,177375,oracle_only
397765,142,oracle+donor_profile,xml,0,0.25,177376,oracle_only
397910,117,oracle+donor_profile,xml,0,0.25,177377,oracle_only
398030,126,oracle+donor_profile,xml,0,0.25,177378,oracle_only
398159,133,oracle+donor_profile,xml,0,0.25,177379,oracle_only
398295,158,oracle+donor_profile,xml,0,0.25,177380,oracle_only
398456,116,oracle+donor_profile,xml,0,0.25,177381,oracle_only
398575,106,oracle+donor_profile,xml,0,0.25,177382,oracle_only
398684,111,oracle+donor_profile,xml,0,0.25,177383,oracle_only
398798,113,oracle+donor_profile,xml,0,0.25,177384,oracle_only
398914,142,oracle+donor_profile,xml,0,0.25,177385,oracle_only
399059,109,oracle+donor_profile,xml,0,0.25,177386,oracle_only
399171,82,oracle+donor_profile,xml,0,0.25,177387,oracle_only
399256,120,oracle+donor_profile,xml,0,0.25,177388,oracle_only
399379,122,oracle+donor_profile,xml,0,0.25,177389,oracle_only
399504,143,oracle+donor_profile,xml,0,0.25,177390,oracle_only
399650,116,oracle+donor_profile,xml,0,0.25,177391,oracle_only
399769,78,oracle+donor_profile,xml,0,0.25,177392,oracle_only
399850,120,oracle+donor_profile,xml,0,0.25,177393,oracle_only
399973,126,oracle+donor_profile,xml,0,0.25,177394,oracle_only
400102,118,oracle+donor_profile,xml,0,0.25,177395,oracle_only
400223,118,oracle+donor_profile,xml,0,0.25,177396,oracle_only
400344,123,oracle+donor_profile,xml,0,0.25,177397,oracle_only
400470,113,oracle+donor_profile,xml,0,0.25,177398,oracle_only
400586,102,oracle+donor_profile,xml,0,0.25,177399,oracle_only
400691,130,oracle+donor_profile,xml,0,0.25,177400,oracle_only
400824,121,oracle+donor_profile,xml,0,0.25,177401,oracle_only
400948,122,oracle+donor_profile,xml,0,0.25,177402,oracle_only
401073,117,oracle+donor_profile,xml,0,0.25,177403,oracle_only
401193,101,oracle+donor_profile,xml,0,0.25,177404,oracle_only
401297,131,oracle+donor_profile,xml,0,0.25,177405,oracle_only
401431,100,oracle+donor_profile,xml,0,0.25,177406,oracle_only
401534,125,oracle+donor_profile,xml,0,0.25,177407,oracle_only
401662,127,oracle+donor_profile,xml,0,0.25,177408,oracle_only
401792,76,oracle+donor_profile,xml,0,0.25,177409,oracle_only
401871,105,oracle+donor_profile,xml,0,0.25,177410,oracle_only
401979,119,oracle+donor_profile,xml,0,0.25,177411,oracle_only
402101,119,oracle+donor_profile,xml,0,0.25,177412,oracle_only
402223,120,oracle+donor_profile,xml,0,0.25,177413,oracle_only
402346,104,oracle+donor_profile,xml,0,0.25,177414,oracle_only
402453,109,oracle+donor_profile,xml,0,0.25,177415,oracle_only
402565,123,oracle+donor_profile,xml,0,0.25,177416,oracle_only
402691,121,oracle+donor_profile,xml,0,0.25,177417,oracle_only
402815,124,oracle+donor_profile,xml,0,0.25,177418,oracle_only
402942,87,oracle+donor_profile,xml,0,0.25,177419,oracle_only
403032,112,oracle+donor_profile,xml,0,0.25,177420,oracle_only
403147,117,oracle+donor_profile,xml,0,0.25,177421,oracle_only
403267,124,oracle+donor_profile,xml,0,0.25,177422,oracle_only
403394,126,oracle+donor_profile,xml,0,0.25,177423,oracle_only
403523,130,oracle+donor_profile,xml,0,0.25,177424,oracle_only
403656,117,oracle+donor_profile,xml,0,0.25,177425,oracle_only
403776,116,oracle+donor_profile,xml,0,0.25,177426,oracle_only
403895,127,oracle+donor_profile,xml,0,0.25,177427,oracle_only
404025,146,oracle+donor_profile,xml,0,0.25,177428,oracle_only
404174,144,oracle+donor_profile,xml,0,0.25,177429,oracle_only
404321,129,oracle+donor_profile,xml,0,0.25,177430,oracle_only
404453,145,oracle+donor_profile,xml,0,0.25,177431,oracle_only
404601,103,oracle+donor_profile,xml,0,0.25,177432,oracle_only
404707,119,oracle+donor_profile,xml,0,0.25,177433,oracle_only
404829,128,oracle+donor_profile,xml,0,0.25,177434,oracle_only
404960,114,oracle+donor_profile,xml,0,0.25,177435,oracle_only
405077,83,oracle+donor_profile,xml,0,0.25,177436,oracle_only
405163,168,oracle+donor_profile,xml,0,0.25,177437,oracle_only
405334,128,oracle+donor_profile,xml,0,0.25,177438,oracle_only
405465,108,oracle+donor_profile,xml,0,0.25,177439,oracle_only
405576,132,oracle+donor_profile,xml,0,0.25,177440,oracle_only
405711,173,oracle+donor_profile,xml,0,0.25,177441,oracle_only
405887,126,oracle+donor_profile,xml,0,0.25,177442,oracle_only
406016,197,oracle+donor_profile,xml,0,0.25,177443,oracle_only
406216,118,oracle+donor_profile,xml,0,0.25,177444,oracle_only
406337,134,oracle+donor_profile,xml,0,0.25,177445,oracle_only
406474,156,oracle+donor_profile,xml,0,0.25,177446,oracle_only
406633,119,oracle+donor_profile,xml,0,0.25,177447,oracle_only
406755,109,oracle+donor_profile,xml,0,0.25,177448,oracle_only
406867,130,oracle+donor_profile,xml,0,0.25,177449,oracle_only
407000,155,oracle+donor_profile,xml,0,0.25,177450,oracle_only
407158,126,oracle+donor_profile,xml,0,0.25,177451,oracle_only
407287,126,oracle+donor_profile,xml,0,0.25,177452,oracle_only
407416,127,oracle+donor_profile,xml,0,0.25,177453,oracle_only
407546,92,oracle+donor_profile,xml,0,0.25,177454,oracle_only
407641,122,oracle+donor_profile,xml,0,0.25,177455,oracle_only
407766,133,oracle+donor_profile,xml,0,0.25,177456,oracle_only
407902,133,oracle+donor_profile,xml,0,0.25,177457,oracle_only
408038,138,oracle+donor_profile,xml,0,0.25,177458,oracle_only
408179,119,oracle+donor_profile,xml,0,0.25,177459,oracle_only
408301,118,oracle+donor_profile,xml,0,0.25,177460,oracle_only
408422,121,oracle+donor_profile,xml,0,0.25,177461,oracle_only
408546,124,oracle+donor_profile,xml,0,0.25,177462,oracle_only
408673,103,oracle+donor_profile,xml,0,0.25,177463,oracle_only
408779,120,oracle+donor_profile,xml,0,0.25,177464,oracle_only
408902,118,oracle+donor_profile,xml,0,0.25,177465,oracle_only
409023,120,oracle+donor_profile,xml,0,0.25,177466,oracle_only
409146,121,oracle+donor_profile,xml,0,0.25,177467,oracle_only
409270,122,oracle+donor_profile,xml,0,0.25,177468,oracle_only
409395,119,oracle+donor_profile,xml,0,0.25,177469,oracle_only
409517,155,oracle+donor_profile,xml,0,0.25,177470,oracle_only
409675,119,oracle+donor_profile,xml,0,0.25,177471,oracle_only
409797,118,oracle+donor_profile,xml,0,0.25,177472,oracle_only
409918,148,oracle+donor_profile,xml,0,0.25,177473,oracle_only
410069,113,oracle+donor_profile,xml,0,0.25,177474,oracle_only
410185,129,oracle+donor_profile,xml,0,0.25,177475,oracle_only
410317,151,oracle+donor_profile,xml,0,0.25,177476,oracle_only
410471,118,oracle+donor_profile,xml,0,0.25,177477,oracle_only
410592,116,oracle+donor_profile,xml,0,0.25,177478,oracle_only
410711,102,oracle+donor_profile,xml,0,0.25,177479,oracle_only
410816,105,oracle+donor_profile,xml,0,0.25,177480,oracle_only
410924,126,oracle+donor_profile,xml,0,0.25,177481,oracle_only
411053,113,oracle+donor_profile,xml,0,0.25,177482,oracle_only
411169,137,oracle+donor_profile,xml,0,0.25,177483,oracle_only
411309,128,oracle+donor_profile,xml,0,0.25,177484,oracle_only
411440,112,oracle+donor_profile,xml,0,0.25,177485,oracle_only
411555,170,oracle+donor_profile,xml,0,0.25,177486,oracle_only
411728,92,oracle+donor_profile,xml,0,0.25,177487,oracle_only
411823,109,oracle+donor_profile,xml,0,0.25,177488,oracle_only
411935,205,oracle+donor_profile,xml,0,0.25,177489,oracle_only
412143,101,oracle+donor_profile,xml,0,0.25,177490,oracle_only
412247,121,oracle+donor_profile,xml,0,0.25,177491,oracle_only
412371,143,oracle+donor_profile,xml,0,0.25,177492,oracle_only
412517,122,oracle+donor_profile,xml,0,0.25,177493,oracle_only
412642,127,oracle+donor_profile,xml,0,0.25,177494,oracle_only
412772,119,oracle+donor_profile,xml,0,0.25,177495,oracle_only
412894,109,oracle+donor_profile,xml,0,0.25,177496,oracle_only
413006,124,oracle+donor_profile,xml,0,0.25,177497,oracle_only
413133,137,oracle+donor_profile,xml,0,0.25,177498,oracle_only
413273,78,oracle+donor_profile,xml,0,0.25,177499,oracle_only
413354,122,oracle+donor_profile,xml,0,0.25,177500,oracle_only
413479,152,oracle+donor_profile,xml,0,0.25,177501,oracle_only
413634,115,oracle+donor_profile,xml,0,0.25,177502,oracle_only
413752,126,oracle+donor_profile,xml,0,0.25,177503,oracle_only
413881,78,oracle+donor_profile,xml,0,0.25,177504,oracle_only
413962,105,oracle+donor_profile,xml,0,0.25,177505,oracle_only
414070,104,oracle+donor_profile,xml,0,0.25,177506,oracle_only
414177,119,oracle+donor_profile,xml,0,0.25,177507,oracle_only
414299,124,oracle+donor_profile,xml,0,0.25,177508,oracle_only
414426,125,oracle+donor_profile,xml,0,0.25,177509,oracle_only
414554,142,oracle+donor_profile,xml,0,0.25,177510,oracle_only
414699,102,oracle+donor_profile,xml,0,0.25,177511,oracle_only
414804,102,oracle+donor_profile,xml,0,0.25,177512,oracle_only
414909,102,oracle+donor_profile,xml,0,0.25,177513,oracle_only
415014,121,oracle+donor_profile,xml,0,0.25,177514,oracle_only
415138,112,oracle+donor_profile,xml,0,0.25,177515,oracle_only
415253,138,oracle+donor_profile,xml,0,0.25,177516,oracle_only
415394,116,oracle+donor_profile,xml,0,0.25,177517,oracle_only
415513,110,oracle+donor_profile,xml,0,0.25,177518,oracle_only
415626,119,oracle+donor_profile,xml,0,0.25,177519,oracle_only
415748,114,oracle+donor_profile,xml,0,0.25,177520,oracle_only
415865,121,oracle+donor_profile,xml,0,0.25,177521,oracle_only
415989,103,oracle+donor_profile,xml,0,0.25,177522,oracle_only
416095,131,oracle+donor_profile,xml,0,0.25,177523,oracle_only
416229,132,oracle+donor_profile,xml,0,0.25,177524,oracle_only
416364,103,oracle+donor_profile,xml,0,0.25,177525,oracle_only
416470,131,oracle+donor_profile,xml,0,0.25,177526,oracle_only
416604,124,oracle+donor_profile,xml,0,0.25,177527,oracle_only
416731,136,oracle+donor_profile,xml,0,0.25,177528,oracle_only
416870,74,oracle+donor_profile,xml,0,0.25,177529,oracle_only
416947,123,oracle+donor_profile,xml,0,0.25,177530,oracle_only
417073,119,oracle+donor_profile,xml,0,0.25,177531,oracle_only
417195,128,oracle+donor_profile,xml,0,0.25,177532,oracle_only
417326,117,oracle+donor_profile,xml,0,0.25,177533,oracle_only
417446,120,oracle+donor_profile,xml,0,0.25,177534,oracle_only
417569,96,oracle+donor_profile,xml,0,0.25,177535,oracle_only
417668,122,oracle+donor_profile,xml,0,0.25,177536,oracle_only
417793,156,oracle+donor_profile,xml,0,0.25,177537,oracle_only
417952,106,oracle+donor_profile,xml,0,0.25,177538,oracle_only
418061,122,oracle+donor_profile,xml,0,0.25,177539,oracle_only
418186,95,oracle+donor_profile,xml,0,0.25,177540,oracle_only
418284,126,oracle+donor_profile,xml,0,0.25,177541,oracle_only
418413,127,oracle+donor_profile,xml,0,0.25,177542,oracle_only
418543,123,oracle+donor_profile,xml,0,0.25,177543,oracle_only
418669,161,oracle+donor_profile,xml,0,0.25,177544,oracle_only
418833,179,oracle+donor_profile,xml,0,0.25,177545,oracle_only
419015,137,oracle+donor_profile,xml,0,0.25,177546,oracle_only
419155,117,oracle+donor_profile,xml,0,0.25,177547,oracle_only
419275,118,oracle+donor_profile,xml,0,0.25,177548,oracle_only
419396,121,oracle+donor_profile,xml,0,0.25,177549,oracle_only
419520,110,oracle+donor_profile,xml,0,0.25,177550,oracle_only
419633,106,oracle+donor_profile,xml,0,0.25,177551,oracle_only
419742,183,oracle+donor_profile,xml,0,0.25,177552,oracle_only
419928,116,oracle+donor_profile,xml,0,0.25,177553,oracle_only
420047,143,oracle+donor_profile,xml,0,0.25,177554,oracle_only
420193,88,oracle+donor_profile,xml,0,0.25,177555,oracle_only
420284,127,oracle+donor_profile,xml,0,0.25,177556,oracle_only
420414,106,oracle+donor_profile,xml,0,0.25,177557,oracle_only
420523,128,oracle+donor_profile,xml,0,0.25,177558,oracle_only
420654,107,oracle+donor_profile,xml,0,0.25,177559,oracle_only
420764,99,oracle+donor_profile,xml,0,0.25,177560,oracle_only
420866,132,oracle+donor_profile,xml,0,0.25,177561,oracle_only
421001,127,oracle+donor_profile,xml,0,0.25,177562,oracle_only
421131,124,oracle+donor_profile,xml,0,0.25,177563,oracle_only
421258,116,oracle+donor_profile,xml,0,0.25,177564,oracle_only
421377,130,oracle+donor_profile,xml,0,0.25,177565,oracle_only
421510,92,oracle+donor_profile,xml,0,0.25,177566,oracle_only
421605,123,oracle+donor_profile,xml,0,0.25,177567,oracle_only
421731,122,oracle+donor_profile,xml,0,0.25,177568,oracle_only
421856,101,oracle+donor_profile,xml,0,0.25,177569,oracle_only
421960,82,oracle+donor_profile,xml,0,0.25,177570,oracle_only
422045,145,oracle+donor_profile,xml,0,0.25,177571,oracle_only
422193,128,oracle+donor_profile,xml,0,0.25,177572,oracle_only
422324,114,oracle+donor_profile,xml,0,0.25,177573,oracle_only
422441,84,oracle+donor_profile,xml,0,0.25,177574,oracle_only
422528,104,oracle+donor_profile,xml,0,0.25,177575,oracle_only
422635,127,oracle+donor_profile,xml,0,0.25,177576,oracle_only
422765,124,oracle+donor_profile,xml,0,0.25,177577,oracle_only
422892,128,oracle+donor_profile,xml,0,0.25,177578,oracle_only
423023,139,oracle+donor_profile,xml,0,0.25,177579,oracle_only
423165,77,oracle+donor_profile,xml,0,0.25,177580,oracle_only
423245,109,oracle+donor_profile,xml,0,0.25,177581,oracle_only
423357,126,oracle+donor_profile,xml,0,0.25,177582,oracle_only
423486,120,oracle+donor_profile,xml,0,0.25,177583,oracle_only
423609,115,oracle+donor_profile,xml,0,0.25,177584,oracle_only
423727,205,oracle+donor_profile,xml,0,0.25,177585,oracle_only
423935,146,oracle+donor_profile,xml,0,0.25,177586,oracle_only
424084,126,oracle+donor_profile,xml,0,0.25,177587,oracle_only
424213,123,oracle+donor_profile,xml,0,0.25,177588,oracle_only
424339,133,oracle+donor_profile,xml,0,0.25,177589,oracle_only
424475,148,oracle+donor_profile,xml,0,0.25,177590,oracle_only
424626,140,oracle+donor_profile,xml,0,0.25,177591,oracle_only
424769,139,oracle+donor_profile,xml,0,0.25,177592,oracle_only
424911,98,oracle+donor_profile,xml,0,0.25,177593,oracle_only
425012,87,oracle+donor_profile,xml,0,0.25,177594,oracle_only
425102,127,oracle+donor_profile,xml,0,0.25,177595,oracle_only
425232,124,oracle+donor_profile,xml,0,0.25,177596,oracle_only
425359,149,oracle+donor_profile,xml,0,0.25,177597,oracle_only
425511,109,oracle+donor_profile,xml,0,0.25,177598,oracle_only
425623,118,oracle+donor_profile,xml,0,0.25,177599,oracle_only
425744,118,oracle+donor_profile,xml,0,0.25,177600,oracle_only
425865,120,oracle+donor_profile,xml,0,0.25,177601,oracle_only
425988,114,oracle+donor_profile,xml,0,0.25,177602,oracle_only
426105,111,oracle+donor_profile,xml,0,0.25,177603,oracle_only
426219,110,oracle+donor_profile,xml,0,0.25,177604,oracle_only
426332,118,oracle+donor_profile,xml,0,0.25,177605,oracle_only
426453,112,oracle+donor_profile,xml,0,0.25,177606,oracle_only
426568,122,oracle+donor_profile,xml,0,0.25,177607,oracle_only
426693,109,oracle+donor_profile,xml,0,0.25,177608,oracle_only
426805,119,oracle+donor_profile,xml,0,0.25,177609,oracle_only
426927,108,oracle+donor_profile,xml,0,0.25,177610,oracle_only
427038,119,oracle+donor_profile,xml,0,0.25,177611,oracle_only
427160,130,oracle+donor_profile,xml,0,0.25,177612,oracle_only
427293,123,oracle+donor_profile,xml,0,0.25,177613,oracle_only
427419,118,oracle+donor_profile,xml,0,0.25,177614,oracle_only
427540,143,oracle+donor_profile,xml,0,0.25,177615,oracle_only
427686,98,oracle+donor_profile,xml,0,0.25,177616,oracle_only
427787,120,oracle+donor_profile,xml,0,0.25,177617,oracle_only
427910,119,oracle+donor_profile,xml,0,0.25,177618,oracle_only
428032,109,oracle+donor_profile,xml,0,0.25,177619,oracle_only
428144,117,oracle+donor_profile,xml,0,0.25,177620,oracle_only
428264,124,oracle+donor_profile,xml,0,0.25,177621,oracle_only
428391,128,oracle+donor_profile,xml,0,0.25,177622,oracle_only
428522,106,oracle+donor_profile,xml,0,0.25,177623,oracle_only
428631,163,oracle+donor_profile,xml,0,0.25,177624,oracle_only
428797,123,oracle+donor_profile,xml,0,0.25,177625,oracle_only
428923,133,oracle+donor_profile,xml,0,0.25,177626,oracle_only
429059,117,oracle+donor_profile,xml,0,0.25,177627,oracle_only
429179,122,oracle+donor_profile,xml,0,0.25,177628,oracle_only
429304,133,oracle+donor_profile,xml,0,0.25,177629,oracle_only
429440,118,oracle+donor_profile,xml,0,0.25,177630,oracle_only
429561,192,oracle+donor_profile,xml,0,0.25,177631,oracle_only
429756,111,oracle+donor_profile,xml,0,0.25,177632,oracle_only
429870,122,oracle+donor_profile,xml,0,0.25,177633,oracle_only
429995,95,oracle+donor_profile,xml,0,0.25,177634,oracle_only
430093,117,oracle+donor_profile,xml,0,0.25,177635,oracle_only
430213,125,oracle+donor_profile,xml,0,0.25,177636,oracle_only
430341,124,oracle+donor_profile,xml,0,0.25,177637,oracle_only
430468,122,oracle+donor_profile,xml,0,0.25,177638,oracle_only
430593,124,oracle+donor_profile,xml,0,0.25,177639,oracle_only
430720,122,oracle+donor_profile,xml,0,0.25,177640,oracle_only
430845,119,oracle+donor_profile,xml,0,0.25,177641,oracle_only
430967,118,oracle+donor_profile,xml,0,0.25,177642,oracle_only
431088,127,oracle+donor_profile,xml,0,0.25,177643,oracle_only
431218,117,oracle+donor_profile,xml,0,0.25,177644,oracle_only
431338,118,oracle+donor_profile,xml,0,0.25,177645,oracle_only
431459,119,oracle+donor_profile,xml,0,0.25,177646,oracle_only
431581,121,oracle+donor_profile,xml,0,0.25,177647,oracle_only
431705,130,oracle+donor_profile,xml,0,0.25,177648,oracle_only
431838,124,oracle+donor_profile,xml,0,0.25,177649,oracle_only
431965,130,oracle+donor_profile,xml,0,0.25,177650,oracle_only
432098,118,oracle+donor_profile,xml,0,0.25,177651,oracle_only
432219,132,oracle+donor_profile,xml,0,0.25,177652,oracle_only
432354,118,oracle+donor_profile,xml,0,0.25,177653,oracle_only
432475,121,oracle+donor_profile,xml,0,0.25,177654,oracle_only
432599,121,oracle+donor_profile,xml,0,0.25,177655,oracle_only
432723,121,oracle+donor_profile,xml,0,0.25,177656,oracle_only
432847,126,oracle+donor_profile,xml,0,0.25,177657,oracle_only
432976,98,oracle+donor_profile,xml,0,0.25,177658,oracle_only
433077,117,oracle+donor_profile,xml,0,0.25,177659,oracle_only
433197,117,oracle+donor_profile,xml,0,0.25,177660,oracle_only
433317,122,oracle+donor_profile,xml,0,0.25,177661,oracle_only
433442,125,oracle+donor_profile,xml,0,0.25,177662,oracle_only
433570,119,oracle+donor_profile,xml,0,0.25,177663,oracle_only
433692,95,oracle+donor_profile,xml,0,0.25,177664,oracle_only
433790,125,oracle+donor_profile,xml,0,0.25,177665,oracle_only
433918,123,oracle+donor_profile,xml,0,0.25,177666,oracle_only
434044,116,oracle+donor_profile,xml,0,0.25,177667,oracle_only
434163,119,oracle+donor_profile,xml,0,0.25,177668,oracle_only
434285,84,oracle+donor_profile,xml,0,0.25,177669,oracle_only
434372,114,oracle+donor_profile,xml,0,0.25,177670,oracle_only
434489,122,oracle+donor_profile,xml,0,0.25,177671,oracle_only
434614,126,oracle+donor_profile,xml,0,0.25,177672,oracle_only
434743,123,oracle+donor_profile,xml,0,0.25,177673,oracle_only
434869,119,oracle+donor_profile,xml,0,0.25,177674,oracle_only
434991,119,oracle+donor_profile,xml,0,0.25,177675,oracle_only
435113,119,oracle+donor_profile,xml,0,0.25,177676,oracle_only
435235,111,oracle+donor_profile,xml,0,0.25,177677,oracle_only
435349,119,oracle+donor_profile,xml,0,0.25,177678,oracle_only
435471,132,oracle+donor_profile,xml,0,0.25,177679,oracle_only
435606,138,oracle+donor_profile,xml,0,0.25,177680,oracle_only
435747,103,oracle+donor_profile,xml,0,0.25,177681,oracle_only
435853,125,oracle+donor_profile,xml,0,0.25,177682,oracle_only
435981,122,oracle+donor_profile,xml,0,0.25,177683,oracle_only
436106,137,oracle+donor_profile,xml,0,0.25,177684,oracle_only
436246,123,oracle+donor_profile,xml,0,0.25,177685,oracle_only
436372,134,oracle+donor_profile,xml,0,0.25,177686,oracle_only
436509,117,oracle+donor_profile,xml,0,0.25,177687,oracle_only
436629,120,oracle+donor_profile,xml,0,0.25,177688,oracle_only
436752,114,oracle+donor_profile,xml,0,0.25,177689,oracle_only
436869,114,oracle+donor_profile,xml,0,0.25,177690,oracle_only
436986,119,oracle+donor_profile,xml,0,0.25,177691,oracle_only
437108,96,oracle+donor_profile,xml,0,0.25,177692,oracle_only
437207,112,oracle+donor_profile,xml,0,0.25,177693,oracle_only
437322,125,oracle+donor_profile,xml,0,0.25,177694,oracle_only
437450,127,oracle+donor_profile,xml,0,0.25,177695,oracle_only
437580,121,oracle+donor_profile,xml,0,0.25,177696,oracle_only
437704,113,oracle+donor_profile,xml,0,0.25,177697,oracle_only
437820,123,oracle+donor_profile,xml,0,0.25,177698,oracle_only
437946,127,oracle+donor_profile,xml,0,0.25,177699,oracle_only
438076,118,oracle+donor_profile,xml,0,0.25,177700,oracle_only
438197,118,oracle+donor_profile,xml,0,0.25,177701,oracle_only
438318,138,oracle+donor_profile,xml,0,0.25,177702,oracle_only
438459,104,oracle+donor_profile,xml,0,0.25,177703,oracle_only
438566,107,oracle+donor_profile,xml,0,0.25,177704,oracle_only
438676,130,oracle+donor_profile,xml,0,0.25,177705,oracle_only
438809,155,oracle+donor_profile,xml,0,0.25,177706,oracle_only
438967,121,oracle+donor_profile,xml,0,0.25,177707,oracle_only
439091,90,oracle+donor_profile,xml,0,0.25,177708,oracle_only
439184,127,oracle+donor_profile,xml,0,0.25,177709,oracle_only
439314,139,oracle+donor_profile,xml,0,0.25,177710,oracle_only
439456,117,oracle+donor_profile,xml,0,0.25,177711,oracle_only
439576,104,oracle+donor_profile,xml,0,0.25,177712,oracle_only
439683,105,oracle+donor_profile,xml,0,0.25,177713,oracle_only
439791,129,oracle+donor_profile,xml,0,0.25,177714,oracle_only
439923,116,oracle+donor_profile,xml,0,0.25,177715,oracle_only
440042,105,oracle+donor_profile,xml,0,0.25,177716,oracle_only
440150,111,oracle+donor_profile,xml,0,0.25,177717,oracle_only
440264,125,oracle+donor_profile,xml,0,0.25,177718,oracle_only
440392,140,oracle+donor_profile,xml,0,0.25,177719,oracle_only
440535,126,oracle+donor_profile,xml,0,0.25,177720,oracle_only
440664,130,oracle+donor_profile,xml,0,0.25,177721,oracle_only
440797,92,oracle+donor_profile,xml,0,0.25,177722,oracle_only
440892,84,oracle+donor_profile,xml,0,0.25,177723,oracle_only
440979,123,oracle+donor_profile,xml,0,0.25,177724,oracle_only
441105,140,oracle+donor_profile,xml,0,0.25,177725,oracle_only
441248,122,oracle+donor_profile,xml,0,0.25,177726,oracle_only
441373,129,oracle+donor_profile,xml,0,0.25,177727,oracle_only
441505,124,oracle+donor_profile,xml,0,0.25,177728,oracle_only
441632,114,oracle+donor_profile,xml,0,0.25,177729,oracle_only
441749,124,oracle+donor_profile,xml,0,0.25,177730,oracle_only
441876,131,oracle+donor_profile,xml,0,0.25,177731,oracle_only
442010,159,oracle+donor_profile,xml,0,0.25,177732,oracle_only
442172,134,oracle+donor_profile,xml,0,0.25,177733,oracle_only
442309,134,oracle+donor_profile,xml,0,0.25,177734,oracle_only
442446,134,oracle+donor_profile,xml,0,0.25,177735,oracle_only
442583,165,oracle+donor_profile,xml,0,0.25,177736,oracle_only
442751,144,oracle+donor_profile,xml,0,0.25,177737,oracle_only
442898,128,oracle+donor_profile,xml,0,0.25,177738,oracle_only
443029,113,oracle+donor_profile,xml,0,0.25,177739,oracle_only
443145,127,oracle+donor_profile,xml,0,0.25,177740,oracle_only
443275,109,oracle+donor_profile,xml,0,0.25,177741,oracle_only
443387,127,oracle+donor_profile,xml,0,0.25,177742,oracle_only
443517,114,oracle+donor_profile,xml,0,0.25,177743,oracle_only
443634,133,oracle+donor_profile,xml,0,0.25,177744,oracle_only
443770,128,oracle+donor_profile,xml,0,0.25,177745,oracle_only
443901,131,oracle+donor_profile,xml,0,0.25,177746,oracle_only
444035,119,oracle+donor_profile,xml,0,0.25,177747,oracle_only
444157,132,oracle+donor_profile,xml,0,0.25,177748,oracle_only
444292,133,oracle+donor_profile,xml,0,0.25,177749,oracle_only
444428,122,oracle+donor_profile,xml,0,0.25,177750,oracle_only
444553,134,oracle+donor_profile,xml,0,0.25,177751,oracle_only
444690,128,oracle+donor_profile,xml,0,0.25,177752,oracle_only
444821,132,oracle+donor_profile,xml,0,0.25,177753,oracle_only
444956,128,oracle+donor_profile,xml,0,0.25,177754,oracle_only
445087,91,oracle+donor_profile,xml,0,0.25,177755,oracle_only
445181,119,oracle+donor_profile,xml,0,0.25,177756,oracle_only
445303,132,oracle+donor_profile,xml,0,0.25,177757,oracle_only
445438,128,oracle+donor_profile,xml,0,0.25,177758,oracle_only
445569,119,oracle+donor_profile,xml,0,0.25,177759,oracle_only
445691,121,oracle+donor_profile,xml,0,0.25,177760,oracle_only
445815,122,oracle+donor_profile,xml,0,0.25,177761,oracle_only
445940,121,oracle+donor_profile,xml,0,0.25,177762,oracle_only
446064,122,oracle+donor_profile,xml,0,0.25,177763,oracle_only
446189,119,oracle+donor_profile,xml,0,0.25,177764,oracle_only
446311,89,oracle+donor_profile,xml,0,0.25,177765,oracle_only
446403,124,oracle+donor_profile,xml,0,0.25,177766,oracle_only
446530,121,oracle+donor_profile,xml,0,0.25,177767,oracle_only
446654,117,oracle+donor_profile,xml,0,0.25,177768,oracle_only
446774,122,oracle+donor_profile,xml,0,0.25,177769,oracle_only
446899,116,oracle+donor_profile,xml,0,0.25,177770,oracle_only
447018,113,oracle+donor_profile,xml,0,0.25,177771,oracle_only
447134,94,oracle+donor_profile,xml,0,0.25,177772,oracle_only
447231,144,oracle+donor_profile,xml,0,0.25,177773,oracle_only
447378,194,oracle+donor_profile,xml,0,0.25,177774,oracle_only
447575,126,oracle+donor_profile,xml,0,0.25,177775,oracle_only
447704,116,oracle+donor_profile,xml,0,0.25,177776,oracle_only
447823,120,oracle+donor_profile,xml,0,0.25,177777,oracle_only
447946,130,oracle+donor_profile,xml,0,0.25,177778,oracle_only
448079,113,oracle+donor_profile,xml,0,0.25,177779,oracle_only
448195,132,oracle+donor_profile,xml,0,0.25,177780,oracle_only
448330,125,oracle+donor_profile,xml,0,0.25,177781,oracle_only
448458,130,oracle+donor_profile,xml,0,0.25,177782,oracle_only
448591,111,oracle+donor_profile,xml,0,0.25,177783,oracle_only
448705,113,oracle+donor_profile,xml,0,0.25,177784,oracle_only
448821,126,oracle+donor_profile,xml,0,0.25,177785,oracle_only
448950,125,oracle+donor_profile,xml,0,0.25,177786,oracle_only
449078,168,oracle+donor_profile,xml,0,0.25,177787,oracle_only
449249,121,oracle+donor_profile,xml,0,0.25,177788,oracle_only
449373,127,oracle+donor_profile,xml,0,0.25,177789,oracle_only
449503,123,oracle+donor_profile,xml,0,0.25,177790,oracle_only
449629,97,oracle+donor_profile,xml,0,0.25,177791,oracle_only
449729,110,oracle+donor_profile,xml,0,0.25,177792,oracle_only
449842,136,oracle+donor_profile,xml,0,0.25,177793,oracle_only
449981,120,oracle+donor_profile,xml,0,0.25,177794,oracle_only
450104,114,oracle+donor_profile,xml,0,0.25,177795,oracle_only
450221,94,oracle+donor_profile,xml,0,0.25,177796,oracle_only
450318,94,oracle+donor_profile,xml,0,0.25,177797,oracle_only
450415,108,oracle+donor_profile,xml,0,0.25,177798,oracle_only
450526,117,oracle+donor_profile,xml,0,0.25,177799,oracle_only
450646,171,oracle+donor_profile,xml,0,0.25,177800,oracle_only
450820,92,oracle+donor_profile,xml,0,0.25,177801,oracle_only
450915,152,oracle+donor_profile,xml,0,0.25,177802,oracle_only
451070,132,oracle+donor_profile,xml,0,0.25,177803,oracle_only
451205,130,oracle+donor_profile,xml,0,0.25,177804,oracle_only
451338,118,oracle+donor_profile,xml,0,0.25,177805,oracle_only
451459,127,oracle+donor_profile,xml,0,0.25,177806,oracle_only
451589,112,oracle+donor_profile,xml,0,0.25,177807,oracle_only
451704,102,oracle+donor_profile,xml,0,0.25,177808,oracle_only
451809,119,oracle+donor_profile,xml,0,0.25,177809,oracle_only
451931,158,oracle+donor_profile,xml,0,0.25,177810,oracle_only
452092,151,oracle+donor_profile,xml,0,0.25,177811,oracle_only
452246,150,oracle+donor_profile,xml,0,0.25,177812,oracle_only
452399,94,oracle+donor_profile,xml,0,0.25,177813,oracle_only
452496,114,oracle+donor_profile,xml,0,0.25,177814,oracle_only
452613,123,oracle+donor_profile,xml,0,0.25,177815,oracle_only
452739,119,oracle+donor_profile,xml,0,0.25,177816,oracle_only
452861,114,oracle+donor_profile,xml,0,0.25,177817,oracle_only
452978,117,oracle+donor_profile,xml,0,0.25,177818,oracle_only
453098,114,oracle+donor_profile,xml,0,0.25,177819,oracle_only
453215,118,oracle+donor_profile,xml,0,0.25,177820,oracle_only
453336,103,oracle+donor_profile,xml,0,0.25,177821,oracle_only
453442,120,oracle+donor_profile,xml,0,0.25,177822,oracle_only
453565,117,oracle+donor_profile,xml,0,0.25,177823,oracle_only
453685,103,oracle+donor_profile,xml,0,0.25,177824,oracle_only
453791,103,oracle+donor_profile,xml,0,0.25,177825,oracle_only
453897,103,oracle+donor_profile,xml,0,0.25,177826,oracle_only
454003,103,oracle+donor_profile,xml,0,0.25,177827,oracle_only
454109,93,oracle+donor_profile,xml,0,0.25,177828,oracle_only
454205,133,oracle+donor_profile,xml,0,0.25,177829,oracle_only
454341,92,oracle+donor_profile,xml,0,0.25,177830,oracle_only
454436,130,oracle+donor_profile,xml,0,0.25,177831,oracle_only
454569,139,oracle+donor_profile,xml,0,0.25,177832,oracle_only
454711,130,oracle+donor_profile,xml,0,0.25,177833,oracle_only
454844,130,oracle+donor_profile,xml,0,0.25,177834,oracle_only
454977,130,oracle+donor_profile,xml,0,0.25,177835,oracle_only
455110,130,oracle+donor_profile,xml,0,0.25,177836,oracle_only
455243,152,oracle+donor_profile,xml,0,0.25,177837,oracle_only
455398,145,oracle+donor_profile,xml,0,0.25,177838,oracle_only
455546,121,oracle+donor_profile,xml,0,0.25,177839,oracle_only
455670,102,oracle+donor_profile,xml,0,0.25,177840,oracle_only
455775,132,oracle+donor_profile,xml,0,0.25,177841,oracle_only
455910,102,oracle+donor_profile,xml,0,0.25,177842,oracle_only
456015,102,oracle+donor_profile,xml,0,0.25,177843,oracle_only
456120,102,oracle+donor_profile,xml,0,0.25,177844,oracle_only
456225,139,oracle+donor_profile,xml,0,0.25,177845,oracle_only
456367,128,oracle+donor_profile,xml,0,0.25,177846,oracle_only
456498,129,oracle+donor_profile,xml,0,0.25,177847,oracle_only
456630,129,oracle+donor_profile,xml,0,0.25,177848,oracle_only
456762,129,oracle+donor_profile,xml,0,0.25,177849,oracle_only
456894,93,oracle+donor_profile,xml,0,0.25,177850,oracle_only
456990,93,oracle+donor_profile,xml,0,0.25,177851,oracle_only
457086,129,oracle+donor_profile,xml,0,0.25,177852,oracle_only
457218,143,oracle+donor_profile,xml,0,0.25,177853,oracle_only
457364,127,oracle+donor_profile,xml,0,0.25,177854,oracle_only
457494,99,oracle+donor_profile,xml,0,0.25,177855,oracle_only
457596,110,oracle+donor_profile,xml,0,0.25,177856,oracle_only
457709,119,oracle+donor_profile,xml,0,0.25,177857,oracle_only
457831,131,oracle+donor_profile,xml,0,0.25,177858,oracle_only
457965,126,oracle+donor_profile,xml,0,0.25,177859,oracle_only
458094,129,oracle+donor_profile,xml,0,0.25,177860,oracle_only
458226,129,oracle+donor_profile,xml,0,0.25,177861,oracle_only
458358,110,oracle+donor_profile,xml,0,0.25,177862,oracle_only
458471,92,oracle+donor_profile,xml,0,0.25,177863,oracle_only
458566,119,oracle+donor_profile,xml,0,0.25,177864,oracle_only
458688,125,oracle+donor_profile,xml,0,0.25,177865,oracle_only
458816,91,oracle+donor_profile,xml,0,0.25,177866,oracle_only
458910,112,oracle+donor_profile,xml,0,0.25,177867,oracle_only
459025,111,oracle+donor_profile,xml,0,0.25,177868,oracle_only
459139,171,oracle+donor_profile,xml,0,0.25,177869,oracle_only
459313,116,oracle+donor_profile,xml,0,0.25,177870,oracle_only
459432,121,oracle+donor_profile,xml,0,0.25,177871,oracle_only
459556,123,oracle+donor_profile,xml,0,0.25,177872,oracle_only
459682,121,oracle+donor_profile,xml,0,0.25,177873,oracle_only
459806,123,oracle+donor_profile,xml,0,0.25,177874,oracle_only
459932,112,oracle+donor_profile,xml,0,0.25,177875,oracle_only
460047,102,oracle+donor_profile,xml,0,0.25,177876,oracle_only
460152,89,oracle+donor_profile,xml,0,0.25,177877,oracle_only
460244,114,oracle+donor_profile,xml,0,0.25,177878,oracle_only
460361,121,oracle+donor_profile,xml,0,0.25,177879,oracle_only
460485,114,oracle+donor_profile,xml,0,0.25,177880,oracle_only
460602,118,oracle+donor_profile,xml,0,0.25,177881,oracle_only
460723,109,oracle+donor_profile,xml,0,0.25,177882,oracle_only
460835,140,oracle+donor_profile,xml,0,0.25,177883,oracle_only
460978,103,oracle+donor_profile,xml,0,0.25,177884,oracle_only
461084,114,oracle+donor_profile,xml,0,0.25,177885,oracle_only
461201,174,oracle+donor_profile,xml,0,0.25,177886,oracle_only
461378,117,oracle+donor_profile,xml,0,0.25,177887,oracle_only
461498,122,oracle+donor_profile,xml,0,0.25,177888,oracle_only
461623,126,oracle+donor_profile,xml,0,0.25,177889,oracle_only
461752,121,oracle+donor_profile,xml,0,0.25,177890,oracle_only
461876,95,oracle+donor_profile,xml,0,0.25,177891,oracle_only
461974,83,oracle+donor_profile,xml,0,0.25,177892,oracle_only
462060,114,oracle+donor_profile,xml,0,0.25,177893,oracle_only
462177,119,oracle+donor_profile,xml,0,0.25,177894,oracle_only
462299,136,oracle+donor_profile,xml,0,0.25,177895,oracle_only
462438,122,oracle+donor_profile,xml,0,0.25,177896,oracle_only
462563,129,oracle+donor_profile,xml,0,0.25,177897,oracle_only
462695,128,oracle+donor_profile,xml,0,0.25,177898,oracle_only
462826,102,oracle+donor_profile,xml,0,0.25,177899,oracle_only
462931,118,oracle+donor_profile,xml,0,0.25,177900,oracle_only
463052,108,oracle+donor_profile,xml,0,0.25,177901,oracle_only
463163,87,oracle+donor_profile,xml,0,0.25,177902,oracle_only
463253,114,oracle+donor_profile,xml,0,0.25,177903,oracle_only
463370,120,oracle+donor_profile,xml,0,0.25,177904,oracle_only
463493,167,oracle+donor_profile,xml,0,0.25,177905,oracle_only
463663,131,oracle+donor_profile,xml,0,0.25,177906,oracle_only
463797,119,oracle+donor_profile,xml,0,0.25,177907,oracle_only
463919,107,oracle+donor_profile,xml,0,0.25,177908,oracle_only
464029,102,oracle+donor_profile,xml,0,0.25,177909,oracle_only
464134,122,oracle+donor_profile,xml,0,0.25,177910,oracle_only
464259,133,oracle+donor_profile,xml,0,0.25,177911,oracle_only
464395,116,oracle+donor_profile,xml,0,0.25,177912,oracle_only
464514,139,oracle+donor_profile,xml,0,0.25,177913,oracle_only
464656,87,oracle+donor_profile,xml,0,0.25,177914,oracle_only
464746,118,oracle+donor_profile,xml,0,0.25,177915,oracle_only
464867,203,oracle+donor_profile,xml,0,0.25,177916,oracle_only
465073,176,oracle+donor_profile,xml,0,0.25,177917,oracle_only
465252,110,oracle+donor_profile,xml,0,0.25,177918,oracle_only
465365,111,oracle+donor_profile,xml,0,0.25,177919,oracle_only
465479,109,oracle+donor_profile,xml,0,0.25,177920,oracle_only
465591,96,oracle+donor_profile,xml,0,0.25,177921,oracle_only
465690,141,oracle+donor_profile,xml,0,0.25,177922,oracle_only
465834,98,oracle+donor_profile,xml,0,0.25,177923,oracle_only
465935,97,oracle+donor_profile,xml,0,0.25,177924,oracle_only
466035,114,oracle+donor_profile,xml,0,0.25,177925,oracle_only
466152,85,oracle+donor_profile,xml,0,0.25,177926,oracle_only
466240,120,oracle+donor_profile,xml,0,0.25,177927,oracle_only
466363,132,oracle+donor_profile,xml,0,0.25,177928,oracle_only
466498,126,oracle+donor_profile,xml,0,0.25,177929,oracle_only
466627,134,oracle+donor_profile,xml,0,0.25,177930,oracle_only
466764,126,oracle+donor_profile,xml,0,0.25,177931,oracle_only
466893,114,oracle+donor_profile,xml,0,0.25,177932,oracle_only
467010,125,oracle+donor_profile,xml,0,0.25,177933,oracle_only
467138,104,oracle+donor_profile,xml,0,0.25,177934,oracle_only
467245,114,oracle+donor_profile,xml,0,0.25,177935,oracle_only
467362,105,oracle+donor_profile,xml,0,0.25,177936,oracle_only
467470,137,oracle+donor_profile,xml,0,0.25,177937,oracle_only
467610,129,oracle+donor_profile,xml,0,0.25,177938,oracle_only
467742,98,oracle+donor_profile,xml,0,0.25,177939,oracle_only
467843,124,oracle+donor_profile,xml,0,0.25,177940,oracle_only
467970,132,oracle+donor_profile,xml,0,0.25,177941,oracle_only
468105,123,oracle+donor_profile,xml,0,0.25,177942,oracle_only
468231,129,oracle+donor_profile,xml,0,0.25,177943,oracle_only
468363,114,oracle+donor_profile,xml,0,0.25,177944,oracle_only
468480,99,oracle+donor_profile,xml,0,0.25,177945,oracle_only
468582,115,oracle+donor_profile,xml,0,0.25,177946,oracle_only
468700,120,oracle+donor_profile,xml,0,0.25,177947,oracle_only
468823,133,oracle+donor_profile,xml,0,0.25,177948,oracle_only
468959,134,oracle+donor_profile,xml,0,0.25,177949,oracle_only
469096,122,oracle+donor_profile,xml,0,0.25,177950,oracle_only
469221,117,oracle+donor_profile,xml,0,0.25,177951,oracle_only
469341,126,oracle+donor_profile,xml,0,0.25,177952,oracle_only
469470,83,oracle+donor_profile,xml,0,0.25,177953,oracle_only
469556,112,oracle+donor_profile,xml,0,0.25,177954,oracle_only
469671,92,oracle+donor_profile,xml,0,0.25,177955,oracle_only
469766,130,oracle+donor_profile,xml,0,0.25,177956,oracle_only
469899,120,oracle+donor_profile,xml,0,0.25,177957,oracle_only
470022,111,oracle+donor_profile,xml,0,0.25,177958,oracle_only
470136,122,oracle+donor_profile,xml,0,0.25,177959,oracle_only
470261,121,oracle+donor_profile,xml,0,0.25,177960,oracle_only
470385,134,oracle+donor_profile,xml,0,0.25,177961,oracle_only
470522,134,oracle+donor_profile,xml,0,0.25,177962,oracle_only
470659,150,oracle+donor_profile,xml,0,0.25,177963,oracle_only
470812,101,oracle+donor_profile,xml,0,0.25,177964,oracle_only
470916,113,oracle+donor_profile,xml,0,0.25,177965,oracle_only
471032,103,oracle+donor_profile,xml,0,0.25,177966,oracle_only
471138,128,oracle+donor_profile,xml,0,0.25,177967,oracle_only
471269,121,oracle+donor_profile,xml,0,0.25,177968,oracle_only
471393,113,oracle+donor_profile,xml,0,0.25,177969,oracle_only
471509,149,oracle+donor_profile,xml,0,0.25,177970,oracle_only
471661,118,oracle+donor_profile,xml,0,0.25,177971,oracle_only
471782,136,oracle+donor_profile,xml,0,0.25,177972,oracle_only
471921,198,oracle+donor_profile,xml,0,0.25,177973,oracle_only
472122,115,oracle+donor_profile,xml,0,0.25,177974,oracle_only
472240,144,oracle+donor_profile,xml,0,0.25,177975,oracle_only
472387,153,oracle+donor_profile,xml,0,0.25,177976,oracle_only
472543,117,oracle+donor_profile,xml,0,0.25,177977,oracle_only
472663,133,oracle+donor_profile,xml,0,0.25,177978,oracle_only
472799,131,oracle+donor_profile,xml,0,0.25,177979,oracle_only
472933,112,oracle+donor_profile,xml,0,0.25,177980,oracle_only
473048,171,oracle+donor_profile,xml,0,0.25,177981,oracle_only
473222,151,oracle+donor_profile,xml,0,0.25,177982,oracle_only
473376,119,oracle+donor_profile,xml,0,0.25,177983,oracle_only
473498,120,oracle+donor_profile,xml,0,0.25,177984,oracle_only
473621,119,oracle+donor_profile,xml,0,0.25,177985,oracle_only
473743,120,oracle+donor_profile,xml,0,0.25,177986,oracle_only
473866,112,oracle+donor_profile,xml,0,0.25,177987,oracle_only
473981,118,oracle+donor_profile,xml,0,0.25,177988,oracle_only
474102,166,oracle+donor_profile,xml,0,0.25,177989,oracle_only
474271,103,oracle+donor_profile,xml,0,0.25,177990,oracle_only
474377,159,oracle+donor_profile,xml,0,0.25,177991,oracle_only
474539,134,oracle+donor_profile,xml,0,0.25,177992,oracle_only
474676,121,oracle+donor_profile,xml,0,0.25,177993,oracle_only
474800,79,oracle+donor_profile,xml,0,0.25,177994,oracle_only
474882,117,oracle+donor_profile,xml,0,0.25,177995,oracle_only
475002,131,oracle+donor_profile,xml,0,0.25,177996,oracle_only
475136,126,oracle+donor_profile,xml,0,0.25,177997,oracle_only
475265,119,oracle+donor_profile,xml,0,0.25,177998,oracle_only
475387,111,oracle+donor_profile,xml,0,0.25,177999,oracle_only
475501,103,oracle+donor_profile,xml,0,0.25,178000,oracle_only
475607,139,oracle+donor_profile,xml,0,0.25,178001,oracle_only
475749,174,oracle+donor_profile,xml,0,0.25,178002,oracle_only
475926,133,oracle+donor_profile,xml,0,0.25,178003,oracle_only
476062,138,oracle+donor_profile,xml,0,0.25,178004,oracle_only
476203,117,oracle+donor_profile,xml,0,0.25,178005,oracle_only
476323,85,oracle+donor_profile,xml,0,0.25,178006,oracle_only
476411,140,oracle+donor_profile,xml,0,0.25,178007,oracle_only
476554,102,oracle+donor_profile,xml,0,0.25,178008,oracle_only
476659,99,oracle+donor_profile,xml,0,0.25,178009,oracle_only
476761,112,oracle+donor_profile,xml,0,0.25,178010,oracle_only
476876,105,oracle+donor_profile,xml,0,0.25,178011,oracle_only
476984,117,oracle+donor_profile,xml,0,0.25,178012,oracle_only
477104,132,oracle+donor_profile,xml,0,0.25,178013,oracle_only
477239,104,oracle+donor_profile,xml,0,0.25,178014,oracle_only
477346,121,oracle+donor_profile,xml,0,0.25,178015,oracle_only
477470,110,oracle+donor_profile,xml,0,0.25,178016,oracle_only
477583,120,oracle+donor_profile,xml,0,0.25,178017,oracle_only
477706,148,oracle+donor_profile,xml,0,0.25,178018,oracle_only
477857,142,oracle+donor_profile,xml,0,0.25,178019,oracle_only
478002,118,oracle+donor_profile,xml,0,0.25,178020,oracle_only
478123,168,oracle+donor_profile,xml,0,0.25,178021,oracle_only
478294,129,oracle+donor_profile,xml,0,0.25,178022,oracle_only
478426,156,oracle+donor_profile,xml,0,0.25,178023,oracle_only
478585,129,oracle+donor_profile,xml,0,0.25,178024,oracle_only
478717,129,oracle+donor_profile,xml,0,0.25,178025,oracle_only
478849,112,oracle+donor_profile,xml,0,0.25,178026,oracle_only
478964,115,oracle+donor_profile,xml,0,0.25,178027,oracle_only
479082,115,oracle+donor_profile,xml,0,0.25,178028,oracle_only
479200,114,oracle+donor_profile,xml,0,0.25,178029,oracle_only
479317,136,oracle+donor_profile,xml,0,0.25,178030,oracle_only
479456,121,oracle+donor_profile,xml,0,0.25,178031,oracle_only
479580,117,oracle+donor_profile,xml,0,0.25,178032,oracle_only
479700,104,oracle+donor_profile,xml,0,0.25,178033,oracle_only
479807,114,oracle+donor_profile,xml,0,0.25,178034,oracle_only
479924,103,oracle+donor_profile,xml,0,0.25,178035,oracle_only
480030,93,oracle+donor_profile,xml,0,0.25,178036,oracle_only
480126,132,oracle+donor_profile,xml,0,0.25,178037,oracle_only
480261,110,oracle+donor_profile,xml,0,0.25,178038,oracle_only
480374,125,oracle+donor_profile,xml,0,0.25,178039,oracle_only
480502,124,oracle+donor_profile,xml,0,0.25,178040,oracle_only
480629,124,oracle+donor_profile,xml,0,0.25,178041,oracle_only
480756,126,oracle+donor_profile,xml,0,0.25,178042,oracle_only
480885,119,oracle+donor_profile,xml,0,0.25,178043,oracle_only
481007,88,oracle+donor_profile,xml,0,0.25,178044,oracle_only
481098,123,oracle+donor_profile,xml,0,0.25,178045,oracle_only
481224,114,oracle+donor_profile,xml,0,0.25,178046,oracle_only
481341,140,oracle+donor_profile,xml,0,0.25,178047,oracle_only
481484,83,oracle+donor_profile,xml,0,0.25,178048,oracle_only
481570,112,oracle+donor_profile,xml,0,0.25,178049,oracle_only
481685,112,oracle+donor_profile,xml,0,0.25,178050,oracle_only
481800,119,oracle+donor_profile,xml,0,0.25,178051,oracle_only
481922,114,oracle+donor_profile,xml,0,0.25,178052,oracle_only
482039,143,oracle+donor_profile,xml,0,0.25,178053,oracle_only
482185,98,oracle+donor_profile,xml,0,0.25,178054,oracle_only
482286,106,oracle+donor_profile,xml,0,0.25,178055,oracle_only
482395,92,oracle+donor_profile,xml,0,0.25,178056,oracle_only
482490,131,oracle+donor_profile,xml,0,0.25,178057,oracle_only
482624,173,oracle+donor_profile,xml,0,0.25,178058,oracle_only
482800,111,oracle+donor_profile,xml,0,0.25,178059,oracle_only
482914,113,oracle+donor_profile,xml,0,0.25,178060,oracle_only
483030,134,oracle+donor_profile,xml,0,0.25,178061,oracle_only
483167,117,oracle+donor_profile,xml,0,0.25,178062,oracle_only
483287,128,oracle+donor_profile,xml,0,0.25,178063,oracle_only
483418,128,oracle+donor_profile,xml,0,0.25,178064,oracle_only
483549,112,oracle+donor_profile,xml,0,0.25,178065,oracle_only
483664,109,oracle+donor_profile,xml,0,0.25,178066,oracle_only
483776,122,oracle+donor_profile,xml,0,0.25,178067,oracle_only
483901,118,oracle+donor_profile,xml,0,0.25,178068,oracle_only
484022,132,oracle+donor_profile,xml,0,0.25,178069,oracle_only
484157,95,oracle+donor_profile,xml,0,0.25,178070,oracle_only
484255,86,oracle+donor_profile,xml,0,0.25,178071,oracle_only
484344,133,oracle+donor_profile,xml,0,0.25,178072,oracle_only
484480,118,oracle+donor_profile,xml,0,0.25,178073,oracle_only
484601,123,oracle+donor_profile,xml,0,0.25,178074,oracle_only
484727,121,oracle+donor_profile,xml,0,0.25,178075,oracle_only
484851,105,oracle+donor_profile,xml,0,0.25,178076,oracle_only
484959,114,oracle+donor_profile,xml,0,0.25,178077,oracle_only
485076,108,oracle+donor_profile,xml,0,0.25,178078,oracle_only
485187,94,oracle+donor_profile,xml,0,0.25,178079,oracle_only
485284,132,oracle+donor_profile,xml,0,0.25,178080,oracle_only
485419,142,oracle+donor_profile,xml,0,0.25,178081,oracle_only
485564,106,oracle+donor_profile,xml,0,0.25,178082,oracle_only
485673,104,oracle+donor_profile,xml,0,0.25,178083,oracle_only
485780,118,oracle+donor_profile,xml,0,0.25,178084,oracle_only
485901,112,oracle+donor_profile,xml,0,0.25,178085,oracle_only
486016,134,oracle+donor_profile,xml,0,0.25,178086,oracle_only
486153,126,oracle+donor_profile,xml,0,0.25,178087,oracle_only
486282,137,oracle+donor_profile,xml,0,0.25,178088,oracle_only
486422,116,oracle+donor_profile,xml,0,0.25,178089,oracle_only
486541,114,oracle+donor_profile,xml,0,0.25,178090,oracle_only
486658,130,oracle+donor_profile,xml,0,0.25,178091,oracle_only
486791,174,oracle+donor_profile,xml,0,0.25,178092,oracle_only
486968,83,oracle+donor_profile,xml,0,0.25,178093,oracle_only
487054,116,oracle+donor_profile,xml,0,0.25,178094,oracle_only
487173,127,oracle+donor_profile,xml,0,0.25,178095,oracle_only
487303,116,oracle+donor_profile,xml,0,0.25,178096,oracle_only
487422,142,oracle+donor_profile,xml,0,0.25,178097,oracle_only
487567,105,oracle+donor_profile,xml,0,0.25,178098,oracle_only
487675,82,oracle+donor_profile,xml,0,0.25,178099,oracle_only
487760,88,oracle+donor_profile,xml,0,0.25,178100,oracle_only
487851,85,oracle+donor_profile,xml,0,0.25,178101,oracle_only
487939,118,oracle+donor_profile,xml,0,0.25,178102,oracle_only
488060,126,oracle+donor_profile,xml,0,0.25,178103,oracle_only
488189,97,oracle+donor_profile,xml,0,0.25,178104,oracle_only
488289,98,oracle+donor_profile,xml,0,0.25,178105,oracle_only
488390,98,oracle+donor_profile,xml,0,0.25,178106,oracle_only
488491,95,oracle+donor_profile,xml,0,0.25,178107,oracle_only
488589,126,oracle+donor_profile,xml,0,0.25,178108,oracle_only
488718,104,oracle+donor_profile,xml,0,0.25,178109,oracle_only
488825,121,oracle+donor_profile,xml,0,0.25,178110,oracle_only
488949,120,oracle+donor_profile,xml,0,0.25,178111,oracle_only
489072,129,oracle+donor_profile,xml,0,0.25,178112,oracle_only
489204,121,oracle+donor_profile,xml,0,0.25,178113,oracle_only
489328,90,oracle+donor_profile,xml,0,0.25,178114,oracle_only
489421,115,oracle+donor_profile,xml,0,0.25,178115,oracle_only
489539,77,oracle+donor_profile,xml,0,0.25,178116,oracle_only
489619,99,oracle+donor_profile,xml,0,0.25,178117,oracle_only
489721,104,oracle+donor_profile,xml,0,0.25,178118,oracle_only
489828,129,oracle+donor_profile,xml,0,0.25,178119,oracle_only
489960,111,oracle+donor_profile,xml,0,0.25,178120,oracle_only
490074,120,oracle+donor_profile,xml,0,0.25,178121,oracle_only
490197,126,oracle+donor_profile,xml,0,0.25,178122,oracle_only
490326,129,oracle+donor_profile,xml,0,0.25,178123,oracle_only
490458,187,oracle+donor_profile,xml,0,0.25,178124,oracle_only
490648,127,oracle+donor_profile,xml,0,0.25,178125,oracle_only
490778,135,oracle+donor_profile,xml,0,0.25,178126,oracle_only
490916,135,oracle+donor_profile,xml,0,0.25,178127,oracle_only
491054,183,oracle+donor_profile,xml,0,0.25,178128,oracle_only
491240,122,oracle+donor_profile,xml,0,0.25,178129,oracle_only
491365,128,oracle+donor_profile,xml,0,0.25,178130,oracle_only
491496,176,oracle+donor_profile,xml,0,0.25,178131,oracle_only
491675,107,oracle+donor_profile,xml,0,0.25,178132,oracle_only
491785,130,oracle+donor_profile,xml,0,0.25,178133,oracle_only
491918,131,oracle+donor_profile,xml,0,0.25,178134,oracle_only
492052,132,oracle+donor_profile,xml,0,0.25,178135,oracle_only
492187,128,oracle+donor_profile,xml,0,0.25,178136,oracle_only
492318,120,oracle+donor_profile,xml,0,0.25,178137,oracle_only
492441,101,oracle+donor_profile,xml,0,0.25,178138,oracle_only
492545,145,oracle+donor_profile,xml,0,0.25,178139,oracle_only
492693,129,oracle+donor_profile,xml,0,0.25,178140,oracle_only
492825,152,oracle+donor_profile,xml,0,0.25,178141,oracle_only
492980,83,oracle+donor_profile,xml,0,0.25,178142,oracle_only
493066,114,oracle+donor_profile,xml,0,0.25,178143,oracle_only
493183,90,oracle+donor_profile,xml,0,0.25,178144,oracle_only
493276,125,oracle+donor_profile,xml,0,0.25,178145,oracle_only
493404,99,oracle+donor_profile,xml,0,0.25,178146,oracle_only
493506,169,oracle+donor_profile,xml,0,0.25,178147,oracle_only
493678,136,oracle+donor_profile,xml,0,0.25,178148,oracle_only
493817,87,oracle+donor_profile,xml,0,0.25,178149,oracle_only
493907,130,oracle+donor_profile,xml,0,0.25,178150,oracle_only
494040,141,oracle+donor_profile,xml,0,0.25,178151,oracle_only
494184,118,oracle+donor_profile,xml,0,0.25,178152,oracle_only
494305,121,oracle+donor_profile,xml,0,0.25,178153,oracle_only
494429,124,oracle+donor_profile,xml,0,0.25,178154,oracle_only
494556,87,oracle+donor_profile,xml,0,0.25,178155,oracle_only
494646,121,oracle+donor_profile,xml,0,0.25,178156,oracle_only
494770,87,oracle+donor_profile,xml,0,0.25,178157,oracle_only
494860,98,oracle+donor_profile,xml,0,0.25,178158,oracle_only
494961,123,oracle+donor_profile,xml,0,0.25,178159,oracle_only
495087,118,oracle+donor_profile,xml,0,0.25,178160,oracle_only
495208,118,oracle+donor_profile,xml,0,0.25,178161,oracle_only
495329,122,oracle+donor_profile,xml,0,0.25,178162,oracle_only
495454,106,oracle+donor_profile,xml,0,0.25,178163,oracle_only
495563,119,oracle+donor_profile,xml,0,0.25,178164,oracle_only
495685,129,oracle+donor_profile,xml,0,0.25,178165,oracle_only
495817,129,oracle+donor_profile,xml,0,0.25,178166,oracle_only
495949,108,oracle+donor_profile,xml,0,0.25,178167,oracle_only
496060,138,oracle+donor_profile,xml,0,0.25,178168,oracle_only
496201,118,oracle+donor_profile,xml,0,0.25,178169,oracle_only
496322,95,oracle+donor_profile,xml,0,0.25,178170,oracle_only
496420,109,oracle+donor_profile,xml,0,0.25,178171,oracle_only
496532,122,oracle+donor_profile,xml,0,0.25,178172,oracle_only
496657,98,oracle+donor_profile,xml,0,0.25,178173,oracle_only
496758,125,oracle+donor_profile,xml,0,0.25,178174,oracle_only
496886,102,oracle+donor_profile,xml,0,0.25,178175,oracle_only
496991,121,oracle+donor_profile,xml,0,0.25,178176,oracle_only
497115,116,oracle+donor_profile,xml,0,0.25,178177,oracle_only
497234,123,oracle+donor_profile,xml,0,0.25,178178,oracle_only
497360,117,oracle+donor_profile,xml,0,0.25,178179,oracle_only
497480,87,oracle+donor_profile,xml,0,0.25,178180,oracle_only
497570,121,oracle+donor_profile,xml,0,0.25,178181,oracle_only
497694,120,oracle+donor_profile,xml,0,0.25,178182,oracle_only
497817,143,oracle+donor_profile,xml,0,0.25,178183,oracle_only
497963,102,oracle+donor_profile,xml,0,0.25,178184,oracle_only
498068,106,oracle+donor_profile,xml,0,0.25,178185,oracle_only
498177,122,oracle+donor_profile,xml,0,0.25,178186,oracle_only
498302,107,oracle+donor_profile,xml,0,0.25,178187,oracle_only
498412,124,oracle+donor_profile,xml,0,0.25,178188,oracle_only
498539,126,oracle+donor_profile,xml,0,0.25,178189,oracle_only
498668,121,oracle+donor_profile,xml,0,0.25,178190,oracle_only
498792,95,oracle+donor_profile,xml,0,0.25,178191,oracle_only
498890,128,oracle+donor_profile,xml,0,0.25,178192,oracle_only
499021,119,oracle+donor_profile,xml,0,0.25,178193,oracle_only
499143,119,oracle+donor_profile,xml,0,0.25,178194,oracle_only
499265,119,oracle+donor_profile,xml,0,0.25,178195,oracle_only
499387,118,oracle+donor_profile,xml,0,0.25,178196,oracle_only
499508,128,oracle+donor_profile,xml,0,0.25,178197,oracle_only
499639,128,oracle+donor_profile,xml,0,0.25,178198,oracle_only
499770,138,oracle+donor_profile,xml,0,0.25,178199,oracle_only
499911,126,oracle+donor_profile,xml,0,0.25,178200,oracle_only
500040,119,oracle+donor_profile,xml,0,0.25,178201,oracle_only
500162,84,oracle+donor_profile,xml,0,0.25,178202,oracle_only
500249,128,oracle+donor_profile,xml,0,0.25,178203,oracle_only
500380,118,oracle+donor_profile,xml,0,0.25,178204,oracle_only
500501,119,oracle+donor_profile,xml,0,0.25,178205,oracle_only
500623,124,oracle+donor_profile,xml,0,0.25,178206,oracle_only
500750,118,oracle+donor_profile,xml,0,0.25,178207,oracle_only
500871,134,oracle+donor_profile,xml,0,0.25,178208,oracle_only
501008,134,oracle+donor_profile,xml,0,0.25,178209,oracle_only
501145,124,oracle+donor_profile,xml,0,0.25,178210,oracle_only
501272,116,oracle+donor_profile,xml,0,0.25,178211,oracle_only
501391,144,oracle+donor_profile,xml,0,0.25,178212,oracle_only
501538,146,oracle+donor_profile,xml,0,0.25,178213,oracle_only
501687,124,oracle+donor_profile,xml,0,0.25,178214,oracle_only
501814,126,oracle+donor_profile,xml,0,0.25,178215,oracle_only
501943,125,oracle+donor_profile,xml,0,0.25,178216,oracle_only
502071,133,oracle+donor_profile,xml,0,0.25,178217,oracle_only
502207,111,oracle+donor_profile,xml,0,0.25,178218,oracle_only
502321,115,oracle+donor_profile,xml,0,0.25,178219,oracle_only
502439,154,oracle+donor_profile,xml,0,0.25,178220,oracle_only
502596,122,oracle+donor_profile,xml,0,0.25,178221,oracle_only
502721,154,oracle+donor_profile,xml,0,0.25,178222,oracle_only
502878,119,oracle+donor_profile,xml,0,0.25,178223,oracle_only
503000,113,oracle+donor_profile,xml,0,0.25,178224,oracle_only
503116,139,oracle+donor_profile,xml,0,0.25,178225,oracle_only
503258,88,oracle+donor_profile,xml,0,0.25,178226,oracle_only
503349,119,oracle+donor_profile,xml,0,0.25,178227,oracle_only
503471,140,oracle+donor_profile,xml,0,0.25,178228,oracle_only
503614,134,oracle+donor_profile,xml,0,0.25,178229,oracle_only
503751,134,oracle+donor_profile,xml,0,0.25,178230,oracle_only
503888,132,oracle+donor_profile,xml,0,0.25,178231,oracle_only
504023,127,oracle+donor_profile,xml,0,0.25,178232,oracle_only
504153,128,oracle+donor_profile,xml,0,0.25,178233,oracle_only
504284,80,oracle+donor_profile,xml,0,0.25,178234,oracle_only
504367,125,oracle+donor_profile,xml,0,0.25,178235,oracle_only
504495,125,oracle+donor_profile,xml,0,0.25,178236,oracle_only
504623,125,oracle+donor_profile,xml,0,0.25,178237,oracle_only
504751,125,oracle+donor_profile,xml,0,0.25,178238,oracle_only
504879,125,oracle+donor_profile,xml,0,0.25,178239,oracle_only
505007,125,oracle+donor_profile,xml,0,0.25,178240,oracle_only
505135,125,oracle+donor_profile,xml,0,0.25,178241,oracle_only
505263,125,oracle+donor_profile,xml,0,0.25,178242,oracle_only
505391,114,oracle+donor_profile,xml,0,0.25,178243,oracle_only
505508,125,oracle+donor_profile,xml,0,0.25,178244,oracle_only
505636,125,oracle+donor_profile,xml,0,0.25,178245,oracle_only
505764,125,oracle+donor_profile,xml,0,0.25,178246,oracle_only
505892,125,oracle+donor_profile,xml,0,0.25,178247,oracle_only
506020,125,oracle+donor_profile,xml,0,0.25,178248,oracle_only
506148,125,oracle+donor_profile,xml,0,0.25,178249,oracle_only
506276,125,oracle+donor_profile,xml,0,0.25,178250,oracle_only
506404,125,oracle+donor_profile,xml,0,0.25,178251,oracle_only
506532,125,oracle+donor_profile,xml,0,0.25,178252,oracle_only
506660,125,oracle+donor_profile,xml,0,0.25,178253,oracle_only
506788,125,oracle+donor_profile,xml,0,0.25,178254,oracle_only
506916,125,oracle+donor_profile,xml,0,0.25,178255,oracle_only
507044,125,oracle+donor_profile,xml,0,0.25,178256,oracle_only
507172,125,oracle+donor_profile,xml,0,0.25,178257,oracle_only
507300,125,oracle+donor_profile,xml,0,0.25,178258,oracle_only
507428,125,oracle+donor_profile,xml,0,0.25,178259,oracle_only
507556,125,oracle+donor_profile,xml,0,0.25,178260,oracle_only
507684,125,oracle+donor_profile,xml,0,0.25,178261,oracle_only
507812,125,oracle+donor_profile,xml,0,0.25,178262,oracle_only
507940,112,oracle+donor_profile,xml,0,0.25,178263,oracle_only
508055,125,oracle+donor_profile,xml,0,0.25,178264,oracle_only
508183,125,oracle+donor_profile,xml,0,0.25,178265,oracle_only
508311,125,oracle+donor_profile,xml,0,0.25,178266,oracle_only
508439,125,oracle+donor_profile,xml,0,0.25,178267,oracle_only
508567,113,oracle+donor_profile,xml,0,0.25,178268,oracle_only
508683,125,oracle+donor_profile,xml,0,0.25,178269,oracle_only
508811,125,oracle+donor_profile,xml,0,0.25,178270,oracle_only
508939,125,oracle+donor_profile,xml,0,0.25,178271,oracle_only
509067,125,oracle+donor_profile,xml,0,0.25,178272,oracle_only
509195,97,oracle+donor_profile,xml,0,0.25,178273,oracle_only
509295,125,oracle+donor_profile,xml,0,0.25,178274,oracle_only
509423,125,oracle+donor_profile,xml,0,0.25,178275,oracle_only
509551,125,oracle+donor_profile,xml,0,0.25,178276,oracle_only
509679,125,oracle+donor_profile,xml,0,0.25,178277,oracle_only
509807,125,oracle+donor_profile,xml,0,0.25,178278,oracle_only
509935,125,oracle+donor_profile,xml,0,0.25,178279,oracle_only
510063,125,oracle+donor_profile,xml,0,0.25,178280,oracle_only
510191,125,oracle+donor_profile,xml,0,0.25,178281,oracle_only
510319,125,oracle+donor_profile,xml,0,0.25,178282,oracle_only
510447,125,oracle+donor_profile,xml,0,0.25,178283,oracle_only
510575,125,oracle+donor_profile,xml,0,0.25,178284,oracle_only
510703,132,oracle+donor_profile,xml,0,0.25,178285,oracle_only
510838,144,oracle+donor_profile,xml,0,0.25,178286,oracle_only
510985,115,oracle+donor_profile,xml,0,0.25,178287,oracle_only
511103,146,oracle+donor_profile,xml,0,0.25,178288,oracle_only
511252,150,oracle+donor_profile,xml,0,0.25,178289,oracle_only
511405,117,oracle+donor_profile,xml,0,0.25,178290,oracle_only
511525,88,oracle+donor_profile,xml,0,0.25,178291,oracle_only
511616,101,oracle+donor_profile,xml,0,0.25,178292,oracle_only
511720,105,oracle+donor_profile,xml,0,0.25,178293,oracle_only
511828,99,oracle+donor_profile,xml,0,0.25,178294,oracle_only
511930,92,oracle+donor_profile,xml,0,0.25,178295,oracle_only
512025,96,oracle+donor_profile,xml,0,0.25,178296,oracle_only
512124,123,oracle+donor_profile,xml,0,0.25,178297,oracle_only
512250,119,oracle+donor_profile,xml,0,0.25,178298,oracle_only
512372,206,oracle+donor_profile,xml,0,0.25,178299,oracle_only
512581,157,oracle+donor_profile,xml,0,0.25,178300,oracle_only
512741,162,oracle+donor_profile,xml,0,0.25,178301,oracle_only
512906,125,oracle+donor_profile,xml,0,0.25,178302,oracle_only
513034,131,oracle+donor_profile,xml,0,0.25,178303,oracle_only
513168,140,oracle+donor_profile,xml,0,0.25,178304,oracle_only
513311,106,oracle+donor_profile,xml,0,0.25,178305,oracle_only
513420,94,oracle+donor_profile,xml,0,0.25,178306,oracle_only
513517,119,oracle+donor_profile,xml,0,0.25,178307,oracle_only
513639,119,oracle+donor_profile,xml,0,0.25,178308,oracle_only
513761,120,oracle+donor_profile,xml,0,0.25,178309,oracle_only
513884,129,oracle+donor_profile,xml,0,0.25,178310,oracle_only
514016,113,oracle+donor_profile,xml,0,0.25,178311,oracle_only
514132,121,oracle+donor_profile,xml,0,0.25,178312,oracle_only
514256,128,oracle+donor_profile,xml,0,0.25,178313,oracle_only
514387,114,oracle+donor_profile,xml,0,0.25,178314,oracle_only
514504,111,oracle+donor_profile,xml,0,0.25,178315,oracle_only
514618,99,oracle+donor_profile,xml,0,0.25,178316,oracle_only
514720,109,oracle+donor_profile,xml,0,0.25,178317,oracle_only
514832,109,oracle+donor_profile,xml,0,0.25,178318,oracle_only
514944,119,oracle+donor_profile,xml,0,0.25,178319,oracle_only
515066,104,oracle+donor_profile,xml,0,0.25,178320,oracle_only
515173,103,oracle+donor_profile,xml,0,0.25,178321,oracle_only
515279,124,oracle+donor_profile,xml,0,0.25,178322,oracle_only
515406,132,oracle+donor_profile,xml,0,0.25,178323,oracle_only
515541,116,oracle+donor_profile,xml,0,0.25,178324,oracle_only
515660,182,oracle+donor_profile,xml,0,0.25,178325,oracle_only
515845,119,oracle+donor_profile,xml,0,0.25,178326,oracle_only
515967,119,oracle+donor_profile,xml,0,0.25,178327,oracle_only
516089,138,oracle+donor_profile,xml,0,0.25,178328,oracle_only
516230,123,oracle+donor_profile,xml,0,0.25,178329,oracle_only
516356,113,oracle+donor_profile,xml,0,0.25,178330,oracle_only
516472,110,oracle+donor_profile,xml,0,0.25,178331,oracle_only
516585,130,oracle+donor_profile,xml,0,0.25,178332,oracle_only
516718,124,oracle+donor_profile,xml,0,0.25,178333,oracle_only
516845,134,oracle+donor_profile,xml,0,0.25,178334,oracle_only
516982,116,oracle+donor_profile,xml,0,0.25,178335,oracle_only
517101,84,oracle+donor_profile,xml,0,0.25,178336,oracle_only
517188,114,oracle+donor_profile,xml,0,0.25,178337,oracle_only
517305,131,oracle+donor_profile,xml,0,0.25,178338,oracle_only
517439,119,oracle+donor_profile,xml,0,0.25,178339,oracle_only
517561,78,oracle+donor_profile,xml,0,0.25,178340,oracle_only
517642,116,oracle+donor_profile,xml,0,0.25,178341,oracle_only
517761,124,oracle+donor_profile,xml,0,0.25,178342,oracle_only
517888,142,oracle+donor_profile,xml,0,0.25,178343,oracle_only
518033,126,oracle+donor_profile,xml,0,0.25,178344,oracle_only
518162,131,oracle+donor_profile,xml,0,0.25,178345,oracle_only
518296,129,oracle+donor_profile,xml,0,0.25,178346,oracle_only
518428,103,oracle+donor_profile,xml,0,0.25,178347,oracle_only
518534,214,oracle+donor_profile,xml,0,0.25,178348,oracle_only
518751,131,oracle+donor_profile,xml,0,0.25,178349,oracle_only
518885,119,oracle+donor_profile,xml,0,0.25,178350,oracle_only
519007,123,oracle+donor_profile,xml,0,0.25,178351,oracle_only
519133,129,oracle+donor_profile,xml,0,0.25,178352,oracle_only
519265,108,oracle+donor_profile,xml,0,0.25,178353,oracle_only
519376,134,oracle+donor_profile,xml,0,0.25,178354,oracle_only
519513,116,oracle+donor_profile,xml,0,0.25,178355,oracle_only
519632,126,oracle+donor_profile,xml,0,0.25,178356,oracle_only
519761,137,oracle+donor_profile,xml,0,0.25,178357,oracle_only
519901,131,oracle+donor_profile,xml,0,0.25,178358,oracle_only
520035,117,oracle+donor_profile,xml,0,0.25,178359,oracle_only
520155,120,oracle+donor_profile,xml,0,0.25,178360,oracle_only
520278,114,oracle+donor_profile,xml,0,0.25,178361,oracle_only
520395,123,oracle+donor_profile,xml,0,0.25,178362,oracle_only
520521,198,oracle+donor_profile,xml,0,0.25,178363,oracle_only
520722,140,oracle+donor_profile,xml,0,0.25,178364,oracle_only
520865,151,oracle+donor_profile,xml,0,0.25,178365,oracle_only
521019,142,oracle+donor_profile,xml,0,0.25,178366,oracle_only
521164,113,oracle+donor_profile,xml,0,0.25,178367,oracle_only
521280,151,oracle+donor_profile,xml,0,0.25,178368,oracle_only
521434,161,oracle+donor_profile,xml,0,0.25,178369,oracle_only
521598,164,oracle+donor_profile,xml,0,0.25,178370,oracle_only
521765,173,oracle+donor_profile,xml,0,0.25,178371,oracle_only
521941,139,oracle+donor_profile,xml,0,0.25,178372,oracle_only
522083,134,oracle+donor_profile,xml,0,0.25,178373,oracle_only
522220,126,oracle+donor_profile,xml,0,0.25,178374,oracle_only
522349,157,oracle+donor_profile,xml,0,0.25,178375,oracle_only
522509,178,oracle+donor_profile,xml,0,0.25,178376,oracle_only
522690,111,oracle+donor_profile,xml,0,0.25,178377,oracle_only
522804,119,oracle+donor_profile,xml,0,0.25,178378,oracle_only
522926,80,oracle+donor_profile,xml,0,0.25,178379,oracle_only
523009,118,oracle+donor_profile,xml,0,0.25,178380,oracle_only
523130,130,oracle+donor_profile,xml,0,0.25,178381,oracle_only
523263,112,oracle+donor_profile,xml,0,0.25,178382,oracle_only
523378,155,oracle+donor_profile,xml,0,0.25,178383,oracle_only
523536,125,oracle+donor_profile,xml,0,0.25,178384,oracle_only
523664,156,oracle+donor_profile,xml,0,0.25,178385,oracle_only
523823,114,oracle+donor_profile,xml,0,0.25,178386,oracle_only
523940,119,oracle+donor_profile,xml,0,0.25,178387,oracle_only
524062,77,oracle+donor_profile,xml,0,0.25,178388,oracle_only
524142,138,oracle+donor_profile,xml,0,0.25,178389,oracle_only
524283,162,oracle+donor_profile,xml,0,0.25,178390,oracle_only
524448,124,oracle+donor_profile,xml,0,0.25,178391,oracle_only
524575,121,oracle+donor_profile,xml,0,0.25,178392,oracle_only
524699,122,oracle+donor_profile,xml,0,0.25,178393,oracle_only
524824,119,oracle+donor_profile,xml,0,0.25,178394,oracle_only
524946,127,oracle+donor_profile,xml,0,0.25,178395,oracle_only
525076,116,oracle+donor_profile,xml,0,0.25,178396,oracle_only
525195,94,oracle+donor_profile,xml,0,0.25,178397,oracle_only
525292,126,oracle+donor_profile,xml,0,0.25,178398,oracle_only
525421,114,oracle+donor_profile,xml,0,0.25,178399,oracle_only
525538,126,oracle+donor_profile,xml,0,0.25,178400,oracle_only
525667,97,oracle+donor_profile,xml,0,0.25,178401,oracle_only
525767,109,oracle+donor_profile,xml,0,0.25,178402,oracle_only
525879,109,oracle+donor_profile,xml,0,0.25,178403,oracle_only
525991,121,oracle+donor_profile,xml,0,0.25,178404,oracle_only
526115,115,oracle+donor_profile,xml,0,0.25,178405,oracle_only
526233,148,oracle+donor_profile,xml,0,0.25,178406,oracle_only
526384,117,oracle+donor_profile,xml,0,0.25,178407,oracle_only
526504,115,oracle+donor_profile,xml,0,0.25,178408,oracle_only
526622,122,oracle+donor_profile,xml,0,0.25,178409,oracle_only
526747,125,oracle+donor_profile,xml,0,0.25,178410,oracle_only
526875,93,oracle+donor_profile,xml,0,0.25,178411,oracle_only
526971,137,oracle+donor_profile,xml,0,0.25,178412,oracle_only
527111,122,oracle+donor_profile,xml,0,0.25,178413,oracle_only
527236,179,oracle+donor_profile,xml,0,0.25,178414,oracle_only
527418,122,oracle+donor_profile,xml,0,0.25,178415,oracle_only
527543,134,oracle+donor_profile,xml,0,0.25,178416,oracle_only
527680,149,oracle+donor_profile,xml,0,0.25,178417,oracle_only
527832,118,oracle+donor_profile,xml,0,0.25,178418,oracle_only
527953,118,oracle+donor_profile,xml,0,0.25,178419,oracle_only
528074,110,oracle+donor_profile,xml,0,0.25,178420,oracle_only
528187,127,oracle+donor_profile,xml,0,0.25,178421,oracle_only
528317,107,oracle+donor_profile,xml,0,0.25,178422,oracle_only
528427,83,oracle+donor_profile,xml,0,0.25,178423,oracle_only
528513,127,oracle+donor_profile,xml,0,0.25,178424,oracle_only
528643,118,oracle+donor_profile,xml,0,0.25,178425,oracle_only
528764,83,oracle+donor_profile,xml,0,0.25,178426,oracle_only
528850,131,oracle+donor_profile,xml,0,0.25,178427,oracle_only
528984,126,oracle+donor_profile,xml,0,0.25,178428,oracle_only
529113,125,oracle+donor_profile,xml,0,0.25,178429,oracle_only
529241,162,oracle+donor_profile,xml,0,0.25,178430,oracle_only
529406,97,oracle+donor_profile,xml,0,0.25,178431,oracle_only
529506,120,oracle+donor_profile,xml,0,0.25,178432,oracle_only
529629,124,oracle+donor_profile,xml,0,0.25,178433,oracle_only
529756,133,oracle+donor_profile,xml,0,0.25,178434,oracle_only
529892,87,oracle+donor_profile,xml,0,0.25,178435,oracle_only
529982,91,oracle+donor_profile,xml,0,0.25,178436,oracle_only
530076,123,oracle+donor_profile,xml,0,0.25,178437,oracle_only
530202,121,oracle+donor_profile,xml,0,0.25,178438,oracle_only
530326,141,oracle+donor_profile,xml,0,0.25,178439,oracle_only
530470,152,oracle+donor_profile,xml,0,0.25,178440,oracle_only
530625,120,oracle+donor_profile,xml,0,0.25,178441,oracle_only
530748,122,oracle+donor_profile,xml,0,0.25,178442,oracle_only
530873,137,oracle+donor_profile,xml,0,0.25,178443,oracle_only
531013,129,oracle+donor_profile,xml,0,0.25,178444,oracle_only
531145,124,oracle+donor_profile,xml,0,0.25,178445,oracle_only
531272,103,oracle+donor_profile,xml,0,0.25,178446,oracle_only
531378,123,oracle+donor_profile,xml,0,0.25,178447,oracle_only
531504,126,oracle+donor_profile,xml,0,0.25,178448,oracle_only
531633,93,oracle+donor_profile,xml,0,0.25,178449,oracle_only
531729,118,oracle+donor_profile,xml,0,0.25,178450,oracle_only
531850,105,oracle+donor_profile,xml,0,0.25,178451,oracle_only
531958,137,oracle+donor_profile,xml,0,0.25,178452,oracle_only
532098,108,oracle+donor_profile,xml,0,0.25,178453,oracle_only
532209,127,oracle+donor_profile,xml,0,0.25,178454,oracle_only
532339,114,oracle+donor_profile,xml,0,0.25,178455,oracle_only
532456,141,oracle+donor_profile,xml,0,0.25,178456,oracle_only
532600,117,oracle+donor_profile,xml,0,0.25,178457,oracle_only
532720,121,oracle+donor_profile,xml,0,0.25,178458,oracle_only
532844,123,oracle+donor_profile,xml,0,0.25,178459,oracle_only
532970,148,oracle+donor_profile,xml,0,0.25,178460,oracle_only
533121,106,oracle+donor_profile,xml,0,0.25,178461,oracle_only
533230,116,oracle+donor_profile,xml,0,0.25,178462,oracle_only
533349,121,oracle+donor_profile,xml,0,0.25,178463,oracle_only
533473,83,oracle+donor_profile,xml,0,0.25,178464,oracle_only
533559,111,oracle+donor_profile,xml,0,0.25,178465,oracle_only
533673,129,oracle+donor_profile,xml,0,0.25,178466,oracle_only
533805,128,oracle+donor_profile,xml,0,0.25,178467,oracle_only
533936,115,oracle+donor_profile,xml,0,0.25,178468,oracle_only
534054,115,oracle+donor_profile,xml,0,0.25,178469,oracle_only
534172,148,oracle+donor_profile,xml,0,0.25,178470,oracle_only
534323,120,oracle+donor_profile,xml,0,0.25,178471,oracle_only
534446,137,oracle+donor_profile,xml,0,0.25,178472,oracle_only
534586,117,oracle+donor_profile,xml,0,0.25,178473,oracle_only
534706,121,oracle+donor_profile,xml,0,0.25,178474,oracle_only
534830,119,oracle+donor_profile,xml,0,0.25,178475,oracle_only
534952,120,oracle+donor_profile,xml,0,0.25,178476,oracle_only
535075,120,oracle+donor_profile,xml,0,0.25,178477,oracle_only
535198,118,oracle+donor_profile,xml,0,0.25,178478,oracle_only
535319,88,oracle+donor_profile,xml,0,0.25,178479,oracle_only
535410,120,oracle+donor_profile,xml,0,0.25,178480,oracle_only
535533,91,oracle+donor_profile,xml,0,0.25,178481,oracle_only
535627,100,oracle+donor_profile,xml,0,0.25,178482,oracle_only
535730,143,oracle+donor_profile,xml,0,0.25,178483,oracle_only
535876,177,oracle+donor_profile,xml,0,0.25,178484,oracle_only
536056,111,oracle+donor_profile,xml,0,0.25,178485,oracle_only
536170,118,oracle+donor_profile,xml,0,0.25,178486,oracle_only
536291,164,oracle+donor_profile,xml,0,0.25,178487,oracle_only
536458,118,oracle+donor_profile,xml,0,0.25,178488,oracle_only
536579,97,oracle+donor_profile,xml,0,0.25,178489,oracle_only
536679,119,oracle+donor_profile,xml,0,0.25,178490,oracle_only
536801,210,oracle+donor_profile,xml,0,0.25,178491,oracle_only
537014,116,oracle+donor_profile,xml,0,0.25,178492,oracle_only
537133,133,oracle+donor_profile,xml,0,0.25,178493,oracle_only
537269,119,oracle+donor_profile,xml,0,0.25,178494,oracle_only
537391,119,oracle+donor_profile,xml,0,0.25,178495,oracle_only
537513,124,oracle+donor_profile,xml,0,0.25,178496,oracle_only
537640,120,oracle+donor_profile,xml,0,0.25,178497,oracle_only
537763,121,oracle+donor_profile,xml,0,0.25,178498,oracle_only
537887,111,oracle+donor_profile,xml,0,0.25,178499,oracle_only
538001,120,oracle+donor_profile,xml,0,0.25,178500,oracle_only
538124,85,oracle+donor_profile,xml,0,0.25,178501,oracle_only
538212,124,oracle+donor_profile,xml,0,0.25,178502,oracle_only
538339,82,oracle+donor_profile,xml,0,0.25,178503,oracle_only
538424,129,oracle+donor_profile,xml,0,0.25,178504,oracle_only
538556,118,oracle+donor_profile,xml,0,0.25,178505,oracle_only
538677,120,oracle+donor_profile,xml,0,0.25,178506,oracle_only
538800,116,oracle+donor_profile,xml,0,0.25,178507,oracle_only
538919,118,oracle+donor_profile,xml,0,0.25,178508,oracle_only
539040,114,oracle+donor_profile,xml,0,0.25,178509,oracle_only
539157,142,oracle+donor_profile,xml,0,0.25,178510,oracle_only
539302,117,oracle+donor_profile,xml,0,0.25,178511,oracle_only
539422,113,oracle+donor_profile,xml,0,0.25,178512,oracle_only
539538,117,oracle+donor_profile,xml,0,0.25,178513,oracle_only
539658,118,oracle+donor_profile,xml,0,0.25,178514,oracle_only
539779,126,oracle+donor_profile,xml,0,0.25,178515,oracle_only
539908,120,oracle+donor_profile,xml,0,0.25,178516,oracle_only
540031,117,oracle+donor_profile,xml,0,0.25,178517,oracle_only
540151,123,oracle+donor_profile,xml,0,0.25,178518,oracle_only
540277,99,oracle+donor_profile,xml,0,0.25,178519,oracle_only
540379,85,oracle+donor_profile,xml,0,0.25,178520,oracle_only
540467,117,oracle+donor_profile,xml,0,0.25,178521,oracle_only
540587,153,oracle+donor_profile,xml,0,0.25,178522,oracle_only
540743,154,oracle+donor_profile,xml,0,0.25,178523,oracle_only
540900,116,oracle+donor_profile,xml,0,0.25,178524,oracle_only
541019,121,oracle+donor_profile,xml,0,0.25,178525,oracle_only
541143,123,oracle+donor_profile,xml,0,0.25,178526,oracle_only
541269,115,oracle+donor_profile,xml,0,0.25,178527,oracle_only
541387,125,oracle+donor_profile,xml,0,0.25,178528,oracle_only
541515,116,oracle+donor_profile,xml,0,0.25,178529,oracle_only
541634,130,oracle+donor_profile,xml,0,0.25,178530,oracle_only
541767,118,oracle+donor_profile,xml,0,0.25,178531,oracle_only
541888,95,oracle+donor_profile,xml,0,0.25,178532,oracle_only
541986,119,oracle+donor_profile,xml,0,0.25,178533,oracle_only
542108,119,oracle+donor_profile,xml,0,0.25,178534,oracle_only
542230,117,oracle+donor_profile,xml,0,0.25,178535,oracle_only
542350,107,oracle+donor_profile,xml,0,0.25,178536,oracle_only
542460,121,oracle+donor_profile,xml,0,0.25,178537,oracle_only
542584,86,oracle+donor_profile,xml,0,0.25,178538,oracle_only
542673,122,oracle+donor_profile,xml,0,0.25,178539,oracle_only
542798,116,oracle+donor_profile,xml,0,0.25,178540,oracle_only
542917,132,oracle+donor_profile,xml,0,0.25,178541,oracle_only
543052,87,oracle+donor_profile,xml,0,0.25,178542,oracle_only
543142,127,oracle+donor_profile,xml,0,0.25,178543,oracle_only
543272,124,oracle+donor_profile,xml,0,0.25,178544,oracle_only
543399,118,oracle+donor_profile,xml,0,0.25,178545,oracle_only
543520,123,oracle+donor_profile,xml,0,0.25,178546,oracle_only
543646,119,oracle+donor_profile,xml,0,0.25,178547,oracle_only
543768,126,oracle+donor_profile,xml,0,0.25,178548,oracle_only
543897,119,oracle+donor_profile,xml,0,0.25,178549,oracle_only
544019,117,oracle+donor_profile,xml,0,0.25,178550,oracle_only
544139,115,oracle+donor_profile,xml,0,0.25,178551,oracle_only
544257,119,oracle+donor_profile,xml,0,0.25,178552,oracle_only
544379,121,oracle+donor_profile,xml,0,0.25,178553,oracle_only
544503,119,oracle+donor_profile,xml,0,0.25,178554,oracle_only
544625,123,oracle+donor_profile,xml,0,0.25,178555,oracle_only
544751,125,oracle+donor_profile,xml,0,0.25,178556,oracle_only
544879,119,oracle+donor_profile,xml,0,0.25,178557,oracle_only
545001,123,oracle+donor_profile,xml,0,0.25,178558,oracle_only
545127,121,oracle+donor_profile,xml,0,0.25,178559,oracle_only
545251,121,oracle+donor_profile,xml,0,0.25,178560,oracle_only
545375,84,oracle+donor_profile,xml,0,0.25,178561,oracle_only
545462,99,oracle+donor_profile,xml,0,0.25,178562,oracle_only
545564,134,oracle+donor_profile,xml,0,0.25,178563,oracle_only
545701,153,oracle+donor_profile,xml,0,0.25,178564,oracle_only
545857,206,oracle+donor_profile,xml,0,0.25,178565,oracle_only
546066,119,oracle+donor_profile,xml,0,0.25,178566,oracle_only
546188,158,oracle+donor_profile,xml,0,0.25,178567,oracle_only
546349,121,oracle+donor_profile,xml,0,0.25,178568,oracle_only
546473,83,oracle+donor_profile,xml,0,0.25,178569,oracle_only
546559,120,oracle+donor_profile,xml,0,0.25,178570,oracle_only
546682,103,oracle+donor_profile,xml,0,0.25,178571,oracle_only
546788,137,oracle+donor_profile,xml,0,0.25,178572,oracle_only
546928,137,oracle+donor_profile,xml,0,0.25,178573,oracle_only
547068,120,oracle+donor_profile,xml,0,0.25,178574,oracle_only
547191,139,oracle+donor_profile,xml,0,0.25,178575,oracle_only
547333,139,oracle+donor_profile,xml,0,0.25,178576,oracle_only
547475,139,oracle+donor_profile,xml,0,0.25,178577,oracle_only
547617,125,oracle+donor_profile,xml,0,0.25,178578,oracle_only
547745,118,oracle+donor_profile,xml,0,0.25,178579,oracle_only
547866,119,oracle+donor_profile,xml,0,0.25,178580,oracle_only
547988,130,oracle+donor_profile,xml,0,0.25,178581,oracle_only
548121,83,oracle+donor_profile,xml,0,0.25,178582,oracle_only
548207,158,oracle+donor_profile,xml,0,0.25,178583,oracle_only
548368,128,oracle+donor_profile,xml,0,0.25,178584,oracle_only
548499,128,oracle+donor_profile,xml,0,0.25,178585,oracle_only
548630,126,oracle+donor_profile,xml,0,0.25,178586,oracle_only
548759,118,oracle+donor_profile,xml,0,0.25,178587,oracle_only
548880,124,oracle+donor_profile,xml,0,0.25,178588,oracle_only
549007,97,oracle+donor_profile,xml,0,0.25,178589,oracle_only
549107,104,oracle+donor_profile,xml,0,0.25,178590,oracle_only
549214,116,oracle+donor_profile,xml,0,0.25,178591,oracle_only
549333,115,oracle+donor_profile,xml,0,0.25,178592,oracle_only
549451,106,oracle+donor_profile,xml,0,0.25,178593,oracle_only
549560,119,oracle+donor_profile,xml,0,0.25,178594,oracle_only
549682,93,oracle+donor_profile,xml,0,0.25,178595,oracle_only
549778,84,oracle+donor_profile,xml,0,0.25,178596,oracle_only
549865,117,oracle+donor_profile,xml,0,0.25,178597,oracle_only
549985,121,oracle+donor_profile,xml,0,0.25,178598,oracle_only
550109,98,oracle+donor_profile,xml,0,0.25,178599,oracle_only
550210,119,oracle+donor_profile,xml,0,0.25,178600,oracle_only
550332,121,oracle+donor_profile,xml,0,0.25,178601,oracle_only
550456,112,oracle+donor_profile,xml,0,0.25,178602,oracle_only
550571,119,oracle+donor_profile,xml,0,0.25,178603,oracle_only
550693,128,oracle+donor_profile,xml,0,0.25,178604,oracle_only
550824,125,oracle+donor_profile,xml,0,0.25,178605,oracle_only
550952,113,oracle+donor_profile,xml,0,0.25,178606,oracle_only
551068,105,oracle+donor_profile,xml,0,0.25,178607,oracle_only
551176,130,oracle+donor_profile,xml,0,0.25,178608,oracle_only
551309,128,oracle+donor_profile,xml,0,0.25,178609,oracle_only
551440,83,oracle+donor_profile,xml,0,0.25,178610,oracle_only
551526,111,oracle+donor_profile,xml,0,0.25,178611,oracle_only
551640,107,oracle+donor_profile,xml,0,0.25,178612,oracle_only
551750,123,oracle+donor_profile,xml,0,0.25,178613,oracle_only
551876,128,oracle+donor_profile,xml,0,0.25,178614,oracle_only
552007,119,oracle+donor_profile,xml,0,0.25,178615,oracle_only
552129,115,oracle+donor_profile,xml,0,0.25,178616,oracle_only
552247,101,oracle+donor_profile,xml,0,0.25,178617,oracle_only
552351,103,oracle+donor_profile,xml,0,0.25,178618,oracle_only
552457,109,oracle+donor_profile,xml,0,0.25,178619,oracle_only
552569,112,oracle+donor_profile,xml,0,0.25,178620,oracle_only
552684,132,oracle+donor_profile,xml,0,0.25,178621,oracle_only
552819,124,oracle+donor_profile,xml,0,0.25,178622,oracle_only
552946,79,oracle+donor_profile,xml,0,0.25,178623,oracle_only
553028,126,oracle+donor_profile,xml,0,0.25,178624,oracle_only
553157,104,oracle+donor_profile,xml,0,0.25,178625,oracle_only
553264,86,oracle+donor_profile,xml,0,0.25,178626,oracle_only
553353,126,oracle+donor_profile,xml,0,0.25,178627,oracle_only
553482,78,oracle+donor_profile,xml,0,0.25,178628,oracle_only
553563,116,oracle+donor_profile,xml,0,0.25,178629,oracle_only
553682,124,oracle+donor_profile,xml,0,0.25,178630,oracle_only
553809,102,oracle+donor_profile,xml,0,0.25,178631,oracle_only
553914,135,oracle+donor_profile,xml,0,0.25,178632,oracle_only
554052,117,oracle+donor_profile,xml,0,0.25,178633,oracle_only
554172,112,oracle+donor_profile,xml,0,0.25,178634,oracle_only
554287,123,oracle+donor_profile,xml,0,0.25,178635,oracle_only
554413,131,oracle+donor_profile,xml,0,0.25,178636,oracle_only
554547,143,oracle+donor_profile,xml,0,0.25,178637,oracle_only
554693,129,oracle+donor_profile,xml,0,0.25,178638,oracle_only
554825,101,oracle+donor_profile,xml,0,0.25,178639,oracle_only
554929,107,oracle+donor_profile,xml,0,0.25,178640,oracle_only
555039,99,oracle+donor_profile,xml,0,0.25,178641,oracle_only
555141,120,oracle+donor_profile,xml,0,0.25,178642,oracle_only
555264,175,oracle+donor_profile,xml,0,0.25,178643,oracle_only
555442,205,oracle+donor_profile,xml,0,0.25,178644,oracle_only
555650,113,oracle+donor_profile,xml,0,0.25,178645,oracle_only
555766,159,oracle+donor_profile,xml,0,0.25,178646,oracle_only
555928,128,oracle+donor_profile,xml,0,0.25,178647,oracle_only
556059,145,oracle+donor_profile,xml,0,0.25,178648,oracle_only
556207,145,oracle+donor_profile,xml,0,0.25,178649,oracle_only
556355,99,oracle+donor_profile,xml,0,0.25,178650,oracle_only
556457,111,oracle+donor_profile,xml,0,0.25,178651,oracle_only
556571,105,oracle+donor_profile,xml,0,0.25,178652,oracle_only
556679,126,oracle+donor_profile,xml,0,0.25,178653,oracle_only
556808,128,oracle+donor_profile,xml,0,0.25,178654,oracle_only
556939,130,oracle+donor_profile,xml,0,0.25,178655,oracle_only
557072,152,oracle+donor_profile,xml,0,0.25,178656,oracle_only
557227,152,oracle+donor_profile,xml,0,0.25,178657,oracle_only
557382,148,oracle+donor_profile,xml,0,0.25,178658,oracle_only
557533,146,oracle+donor_profile,xml,0,0.25,178659,oracle_only
557682,124,oracle+donor_profile,xml,0,0.25,178660,oracle_only
557809,124,oracle+donor_profile,xml,0,0.25,178661,oracle_only
557936,114,oracle+donor_profile,xml,0,0.25,178662,oracle_only
558053,119,oracle+donor_profile,xml,0,0.25,178663,oracle_only
558175,123,oracle+donor_profile,xml,0,0.25,178664,oracle_only
558301,110,oracle+donor_profile,xml,0,0.25,178665,oracle_only
558414,144,oracle+donor_profile,xml,0,0.25,178666,oracle_only
558561,137,oracle+donor_profile,xml,0,0.25,178667,oracle_only
558701,137,oracle+donor_profile,xml,0,0.25,178668,oracle_only
558841,136,oracle+donor_profile,xml,0,0.25,178669,oracle_only
558980,118,oracle+donor_profile,xml,0,0.25,178670,oracle_only
559101,130,oracle+donor_profile,xml,0,0.25,178671,oracle_only
559234,114,oracle+donor_profile,xml,0,0.25,178672,oracle_only
559351,114,oracle+donor_profile,xml,0,0.25,178673,oracle_only
559468,107,oracle+donor_profile,xml,0,0.25,178674,oracle_only
559578,130,oracle+donor_profile,xml,0,0.25,178675,oracle_only
559711,117,oracle+donor_profile,xml,0,0.25,178676,oracle_only
559831,136,oracle+donor_profile,xml,0,0.25,178677,oracle_only
559970,176,oracle+donor_profile,xml,0,0.25,178678,oracle_only
560149,175,oracle+donor_profile,xml,0,0.25,178679,oracle_only
560327,130,oracle+donor_profile,xml,0,0.25,178680,oracle_only
560460,107,oracle+donor_profile,xml,0,0.25,178681,oracle_only
560570,126,oracle+donor_profile,xml,0,0.25,178682,oracle_only
560699,121,oracle+donor_profile,xml,0,0.25,178683,oracle_only
560823,130,oracle+donor_profile,xml,0,0.25,178684,oracle_only
560956,117,oracle+donor_profile,xml,0,0.25,178685,oracle_only
561076,119,oracle+donor_profile,xml,0,0.25,178686,oracle_only
561198,117,oracle+donor_profile,xml,0,0.25,178687,oracle_only
561318,104,oracle+donor_profile,xml,0,0.25,178688,oracle_only
561425,151,oracle+donor_profile,xml,0,0.25,178689,oracle_only
561579,155,oracle+donor_profile,xml,0,0.25,178690,oracle_only
561737,103,oracle+donor_profile,xml,0,0.25,178691,oracle_only
561843,135,oracle+donor_profile,xml,0,0.25,178692,oracle_only
561981,134,oracle+donor_profile,xml,0,0.25,178693,oracle_only
562118,151,oracle+donor_profile,xml,0,0.25,178694,oracle_only
562272,127,oracle+donor_profile,xml,0,0.25,178695,oracle_only
562402,99,oracle+donor_profile,xml,0,0.25,178696,oracle_only
562504,78,oracle+donor_profile,xml,0,0.25,178697,oracle_only
562585,143,oracle+donor_profile,xml,0,0.25,178698,oracle_only
562731,124,oracle+donor_profile,xml,0,0.25,178699,oracle_only
562858,154,oracle+donor_profile,xml,0,0.25,178700,oracle_only
563015,152,oracle+donor_profile,xml,0,0.25,178701,oracle_only
563170,141,oracle+donor_profile,xml,0,0.25,178702,oracle_only
563314,106,oracle+donor_profile,xml,0,0.25,178703,oracle_only
563423,127,oracle+donor_profile,xml,0,0.25,178704,oracle_only
563553,146,oracle+donor_profile,xml,0,0.25,178705,oracle_only
563702,159,oracle+donor_profile,xml,0,0.25,178706,oracle_only
563864,136,oracle+donor_profile,xml,0,0.25,178707,oracle_only
564003,115,oracle+donor_profile,xml,0,0.25,178708,oracle_only
564121,136,oracle+donor_profile,xml,0,0.25,178709,oracle_only
564260,136,oracle+donor_profile,xml,0,0.25,178710,oracle_only
564399,115,oracle+donor_profile,xml,0,0.25,178711,oracle_only
564517,115,oracle+donor_profile,xml,0,0.25,178712,oracle_only
564635,115,oracle+donor_profile,xml,0,0.25,178713,oracle_only
564753,139,oracle+donor_profile,xml,0,0.25,178714,oracle_only
564895,141,oracle+donor_profile,xml,0,0.25,178715,oracle_only
565039,122,oracle+donor_profile,xml,0,0.25,178716,oracle_only
565164,88,oracle+donor_profile,xml,0,0.25,178717,oracle_only
565255,143,oracle+donor_profile,xml,0,0.25,178718,oracle_only
565401,113,oracle+donor_profile,xml,0,0.25,178719,oracle_only
565517,121,oracle+donor_profile,xml,0,0.25,178720,oracle_only
565641,137,oracle+donor_profile,xml,0,0.25,178721,oracle_only
565781,140,oracle+donor_profile,xml,0,0.25,178722,oracle_only
565924,105,oracle+donor_profile,xml,0,0.25,178723,oracle_only
566032,112,oracle+donor_profile,xml,0,0.25,178724,oracle_only
566147,112,oracle+donor_profile,xml,0,0.25,178725,oracle_only
566262,94,oracle+donor_profile,xml,0,0.25,178726,oracle_only
566359,144,oracle+donor_profile,xml,0,0.25,178727,oracle_only
566506,123,oracle+donor_profile,xml,0,0.25,178728,oracle_only
566632,168,oracle+donor_profile,xml,0,0.25,178729,oracle_only
566803,122,oracle+donor_profile,xml,0,0.25,178730,oracle_only
566928,175,oracle+donor_profile,xml,0,0.25,178731,oracle_only
567106,175,oracle+donor_profile,xml,0,0.25,178732,oracle_only
567284,122,oracle+donor_profile,xml,0,0.25,178733,oracle_only
567409,175,oracle+donor_profile,xml,0,0.25,178734,oracle_only
567587,175,oracle+donor_profile,xml,0,0.25,178735,oracle_only
567765,175,oracle+donor_profile,xml,0,0.25,178736,oracle_only
567943,175,oracle+donor_profile,xml,0,0.25,178737,oracle_only
568121,179,oracle+donor_profile,xml,0,0.25,178738,oracle_only
568303,90,oracle+donor_profile,xml,0,0.25,178739,oracle_only
568396,129,oracle+donor_profile,xml,0,0.25,178740,oracle_only
568528,123,oracle+donor_profile,xml,0,0.25,178741,oracle_only
568654,124,oracle+donor_profile,xml,0,0.25,178742,oracle_only
568781,125,oracle+donor_profile,xml,0,0.25,178743,oracle_only
568909,128,oracle+donor_profile,xml,0,0.25,178744,oracle_only
569040,127,oracle+donor_profile,xml,0,0.25,178745,oracle_only
569170,93,oracle+donor_profile,xml,0,0.25,178746,oracle_only
569266,127,oracle+donor_profile,xml,0,0.25,178747,oracle_only
569396,136,oracle+donor_profile,xml,0,0.25,178748,oracle_only
569535,127,oracle+donor_profile,xml,0,0.25,178749,oracle_only
569665,131,oracle+donor_profile,xml,0,0.25,178750,oracle_only
569799,119,oracle+donor_profile,xml,0,0.25,178751,oracle_only
569921,121,oracle+donor_profile,xml,0,0.25,178752,oracle_only
570045,105,oracle+donor_profile,xml,0,0.25,178753,oracle_only
570153,121,oracle+donor_profile,xml,0,0.25,178754,oracle_only
570277,127,oracle+donor_profile,xml,0,0.25,178755,oracle_only
570407,124,oracle+donor_profile,xml,0,0.25,178756,oracle_only
570534,170,oracle+donor_profile,xml,0,0.25,178757,oracle_only
570707,161,oracle+donor_profile,xml,0,0.25,178758,oracle_only
570871,146,oracle+donor_profile,xml,0,0.25,178759,oracle_only
571020,119,oracle+donor_profile,xml,0,0.25,178760,oracle_only
571142,96,oracle+donor_profile,xml,0,0.25,178761,oracle_only
571241,110,oracle+donor_profile,xml,0,0.25,178762,oracle_only
571354,115,oracle+donor_profile,xml,0,0.25,178763,oracle_only
571472,108,oracle+donor_profile,xml,0,0.25,178764,oracle_only
571583,118,oracle+donor_profile,xml,0,0.25,178765,oracle_only
571704,198,oracle+donor_profile,xml,0,0.25,178766,oracle_only
571905,120,oracle+donor_profile,xml,0,0.25,178767,oracle_only
572028,115,oracle+donor_profile,xml,0,0.25,178768,oracle_only
572146,118,oracle+donor_profile,xml,0,0.25,178769,oracle_only
572267,126,oracle+donor_profile,xml,0,0.25,178770,oracle_only
572396,116,oracle+donor_profile,xml,0,0.25,178771,oracle_only
572515,121,oracle+donor_profile,xml,0,0.25,178772,oracle_only
572639,108,oracle+donor_profile,xml,0,0.25,178773,oracle_only
572750,122,oracle+donor_profile,xml,0,0.25,178774,oracle_only
572875,118,oracle+donor_profile,xml,0,0.25,178775,oracle_only
572996,112,oracle+donor_profile,xml,0,0.25,178776,oracle_only
573111,151,oracle+donor_profile,xml,0,0.25,178777,oracle_only
573265,148,oracle+donor_profile,xml,0,0.25,178778,oracle_only
573416,136,oracle+donor_profile,xml,0,0.25,178779,oracle_only
573555,133,oracle+donor_profile,xml,0,0.25,178780,oracle_only
573691,110,oracle+donor_profile,xml,0,0.25,178781,oracle_only
573804,142,oracle+donor_profile,xml,0,0.25,178782,oracle_only
573949,110,oracle+donor_profile,xml,0,0.25,178783,oracle_only
574062,177,oracle+donor_profile,xml,0,0.25,178784,oracle_only
574242,114,oracle+donor_profile,xml,0,0.25,178785,oracle_only
574359,108,oracle+donor_profile,xml,0,0.25,178786,oracle_only
574470,137,oracle+donor_profile,xml,0,0.25,178787,oracle_only
574610,125,oracle+donor_profile,xml,0,0.25,178788,oracle_only
574738,113,oracle+donor_profile,xml,0,0.25,178789,oracle_only
574854,95,oracle+donor_profile,xml,0,0.25,178790,oracle_only
574952,134,oracle+donor_profile,xml,0,0.25,178791,oracle_only
575089,134,oracle+donor_profile,xml,0,0.25,178792,oracle_only
575226,115,oracle+donor_profile,xml,0,0.25,178793,oracle_only
575344,128,oracle+donor_profile,xml,0,0.25,178794,oracle_only
575475,118,oracle+donor_profile,xml,0,0.25,178795,oracle_only
575596,178,oracle+donor_profile,xml,0,0.25,178796,oracle_only
575777,127,oracle+donor_profile,xml,0,0.25,178797,oracle_only
575907,95,oracle+donor_profile,xml,0,0.25,178798,oracle_only
576005,118,oracle+donor_profile,xml,0,0.25,178799,oracle_only
576126,108,oracle+donor_profile,xml,0,0.25,178800,oracle_only
576237,117,oracle+donor_profile,xml,0,0.25,178801,oracle_only
576357,116,oracle+donor_profile,xml,0,0.25,178802,oracle_only
576476,124,oracle+donor_profile,xml,0,0.25,178803,oracle_only
576603,115,oracle+donor_profile,xml,0,0.25,178804,oracle_only
576721,83,oracle+donor_profile,xml,0,0.25,178805,oracle_only
576807,120,oracle+donor_profile,xml,0,0.25,178806,oracle_only
576930,135,oracle+donor_profile,xml,0,0.25,178807,oracle_only
577068,115,oracle+donor_profile,xml,0,0.25,178808,oracle_only
577186,121,oracle+donor_profile,xml,0,0.25,178809,oracle_only
577310,131,oracle+donor_profile,xml,0,0.25,178810,oracle_only
577444,117,oracle+donor_profile,xml,0,0.25,178811,oracle_only
577564,132,oracle+donor_profile,xml,0,0.25,178812,oracle_only
577699,124,oracle+donor_profile,xml,0,0.25,178813,oracle_only
577826,124,oracle+donor_profile,xml,0,0.25,178814,oracle_only
577953,133,oracle+donor_profile,xml,0,0.25,178815,oracle_only
578089,105,oracle+donor_profile,xml,0,0.25,178816,oracle_only
578197,113,oracle+donor_profile,xml,0,0.25,178817,oracle_only
578313,113,oracle+donor_profile,xml,0,0.25,178818,oracle_only
578429,170,oracle+donor_profile,xml,0,0.25,178819,oracle_only
578602,119,oracle+donor_profile,xml,0,0.25,178820,oracle_only
578724,105,oracle+donor_profile,xml,0,0.25,178821,oracle_only
578832,127,oracle+donor_profile,xml,0,0.25,178822,oracle_only
578962,124,oracle+donor_profile,xml,0,0.25,178823,oracle_only
579089,114,oracle+donor_profile,xml,0,0.25,178824,oracle_only
579206,127,oracle+donor_profile,xml,0,0.25,178825,oracle_only
579336,95,oracle+donor_profile,xml,0,0.25,178826,oracle_only
579434,128,oracle+donor_profile,xml,0,0.25,178827,oracle_only
579565,97,oracle+donor_profile,xml,0,0.25,178828,oracle_only
579665,136,oracle+donor_profile,xml,0,0.25,178829,oracle_only
579804,131,oracle+donor_profile,xml,0,0.25,178830,oracle_only
579938,143,oracle+donor_profile,xml,0,0.25,178831,oracle_only
580084,122,oracle+donor_profile,xml,0,0.25,178832,oracle_only
580209,118,oracle+donor_profile,xml,0,0.25,178833,oracle_only
580330,107,oracle+donor_profile,xml,0,0.25,178834,oracle_only
580440,130,oracle+donor_profile,xml,0,0.25,178835,oracle_only
580573,116,oracle+donor_profile,xml,0,0.25,178836,oracle_only
580692,125,oracle+donor_profile,xml,0,0.25,178837,oracle_only
580820,121,oracle+donor_profile,xml,0,0.25,178838,oracle_only
580944,118,oracle+donor_profile,xml,0,0.25,178839,oracle_only
581065,138,oracle+donor_profile,xml,0,0.25,178840,oracle_only
581206,140,oracle+donor_profile,xml,0,0.25,178841,oracle_only
581349,142,oracle+donor_profile,xml,0,0.25,178842,oracle_only
581494,142,oracle+donor_profile,xml,0,0.25,178843,oracle_only
581639,119,oracle+donor_profile,xml,0,0.25,178844,oracle_only
581761,112,oracle+donor_profile,xml,0,0.25,178845,oracle_only
581876,136,oracle+donor_profile,xml,0,0.25,178846,oracle_only
582015,147,oracle+donor_profile,xml,0,0.25,178847,oracle_only
582165,119,oracle+donor_profile,xml,0,0.25,178848,oracle_only
582287,110,oracle+donor_profile,xml,0,0.25,178849,oracle_only
582400,121,oracle+donor_profile,xml,0,0.25,178850,oracle_only
582524,119,oracle+donor_profile,xml,0,0.25,178851,oracle_only
582646,88,oracle+donor_profile,xml,0,0.25,178852,oracle_only
582737,95,oracle+donor_profile,xml,0,0.25,178853,oracle_only
582835,119,oracle+donor_profile,xml,0,0.25,178854,oracle_only
582957,133,oracle+donor_profile,xml,0,0.25,178855,oracle_only
583093,109,oracle+donor_profile,xml,0,0.25,178856,oracle_only
583205,119,oracle+donor_profile,xml,0,0.25,178857,oracle_only
583327,85,oracle+donor_profile,xml,0,0.25,178858,oracle_only
583415,124,oracle+donor_profile,xml,0,0.25,178859,oracle_only
583542,90,oracle+donor_profile,xml,0,0.25,178860,oracle_only
583635,86,oracle+donor_profile,xml,0,0.25,178861,oracle_only
583724,135,oracle+donor_profile,xml,0,0.25,178862,oracle_only
583862,114,oracle+donor_profile,xml,0,0.25,178863,oracle_only
583979,108,oracle+donor_profile,xml,0,0.25,178864,oracle_only
584090,120,oracle+donor_profile,xml,0,0.25,178865,oracle_only
584213,129,oracle+donor_profile,xml,0,0.25,178866,oracle_only
584345,100,oracle+donor_profile,xml,0,0.25,178867,oracle_only
584448,95,oracle+donor_profile,xml,0,0.25,178868,oracle_only
584546,98,oracle+donor_profile,xml,0,0.25,178869,oracle_only
584647,123,oracle+donor_profile,xml,0,0.25,178870,oracle_only
584773,82,oracle+donor_profile,xml,0,0.25,178871,oracle_only
584858,119,oracle+donor_profile,xml,0,0.25,178872,oracle_only
584980,159,oracle+donor_profile,xml,0,0.25,178873,oracle_only
585142,109,oracle+donor_profile,xml,0,0.25,178874,oracle_only
585254,127,oracle+donor_profile,xml,0,0.25,178875,oracle_only
585384,118,oracle+donor_profile,xml,0,0.25,178876,oracle_only
585505,115,oracle+donor_profile,xml,0,0.25,178877,oracle_only
585623,113,oracle+donor_profile,xml,0,0.25,178878,oracle_only
585739,115,oracle+donor_profile,xml,0,0.25,178879,oracle_only
585857,197,oracle+donor_profile,xml,0,0.25,178880,oracle_only
586057,148,oracle+donor_profile,xml,0,0.25,178881,oracle_only
586208,174,oracle+donor_profile,xml,0,0.25,178882,oracle_only
586385,139,oracle+donor_profile,xml,0,0.25,178883,oracle_only
586527,164,oracle+donor_profile,xml,0,0.25,178884,oracle_only
586694,113,oracle+donor_profile,xml,0,0.25,178885,oracle_only
586810,124,oracle+donor_profile,xml,0,0.25,178886,oracle_only
586937,195,oracle+donor_profile,xml,0,0.25,178887,oracle_only
587135,200,oracle+donor_profile,xml,0,0.25,178888,oracle_only
587338,174,oracle+donor_profile,xml,0,0.25,178889,oracle_only
587515,145,oracle+donor_profile,xml,0,0.25,178890,oracle_only
587663,150,oracle+donor_profile,xml,0,0.25,178891,oracle_only
587816,165,oracle+donor_profile,xml,0,0.25,178892,oracle_only
587984,171,oracle+donor_profile,xml,0,0.25,178893,oracle_only
588158,185,oracle+donor_profile,xml,0,0.25,178894,oracle_only
588346,111,oracle+donor_profile,xml,0,0.25,178895,oracle_only
588460,185,oracle+donor_profile,xml,0,0.25,178896,oracle_only
588648,120,oracle+donor_profile,xml,0,0.25,178897,oracle_only
588771,131,oracle+donor_profile,xml,0,0.25,178898,oracle_only
588905,88,oracle+donor_profile,xml,0,0.25,178899,oracle_only
588996,86,oracle+donor_profile,xml,0,0.25,178900,oracle_only
589085,177,oracle+donor_profile,xml,0,0.25,178901,oracle_only
589265,165,oracle+donor_profile,xml,0,0.25,178902,oracle_only
589433,127,oracle+donor_profile,xml,0,0.25,178903,oracle_only
589563,127,oracle+donor_profile,xml,0,0.25,178904,oracle_only
589693,121,oracle+donor_profile,xml,0,0.25,178905,oracle_only
589817,108,oracle+donor_profile,xml,0,0.25,178906,oracle_only
589928,116,oracle+donor_profile,xml,0,0.25,178907,oracle_only
590047,118,oracle+donor_profile,xml,0,0.25,178908,oracle_only
590168,111,oracle+donor_profile,xml,0,0.25,178909,oracle_only
590282,116,oracle+donor_profile,xml,0,0.25,178910,oracle_only
590401,101,oracle+donor_profile,xml,0,0.25,178911,oracle_only
590505,120,oracle+donor_profile,xml,0,0.25,178912,oracle_only
590628,82,oracle+donor_profile,xml,0,0.25,178913,oracle_only
590713,120,oracle+donor_profile,xml,0,0.25,178914,oracle_only
590836,128,oracle+donor_profile,xml,0,0.25,178915,oracle_only
590967,76,oracle+donor_profile,xml,0,0.25,178916,oracle_only
591046,87,oracle+donor_profile,xml,0,0.25,178917,oracle_only
591136,138,oracle+donor_profile,xml,0,0.25,178918,oracle_only
591277,121,oracle+donor_profile,xml,0,0.25,178919,oracle_only
591401,120,oracle+donor_profile,xml,0,0.25,178920,oracle_only
591524,87,oracle+donor_profile,xml,0,0.25,178921,oracle_only
591614,100,oracle+donor_profile,xml,0,0.25,178922,oracle_only
591717,110,oracle+donor_profile,xml,0,0.25,178923,oracle_only
591830,108,oracle+donor_profile,xml,0,0.25,178924,oracle_only
591941,138,oracle+donor_profile,xml,0,0.25,178925,oracle_only
592082,95,oracle+donor_profile,xml,0,0.25,178926,oracle_only
592180,148,oracle+donor_profile,xml,0,0.25,178927,oracle_only
592331,149,oracle+donor_profile,xml,0,0.25,178928,oracle_only
592483,123,oracle+donor_profile,xml,0,0.25,178929,oracle_only
592609,117,oracle+donor_profile,xml,0,0.25,178930,oracle_only
592729,122,oracle+donor_profile,xml,0,0.25,178931,oracle_only
592854,130,oracle+donor_profile,xml,0,0.25,178932,oracle_only
592987,138,oracle+donor_profile,xml,0,0.25,178933,oracle_only
593128,133,oracle+donor_profile,xml,0,0.25,178934,oracle_only
593264,156,oracle+donor_profile,xml,0,0.25,178935,oracle_only
593423,79,oracle+donor_profile,xml,0,0.25,178936,oracle_only
593505,121,oracle+donor_profile,xml,0,0.25,178937,oracle_only
593629,82,oracle+donor_profile,xml,0,0.25,178938,oracle_only
593714,85,oracle+donor_profile,xml,0,0.25,178939,oracle_only
593802,137,oracle+donor_profile,xml,0,0.25,178940,oracle_only
593942,103,oracle+donor_profile,xml,0,0.25,178941,oracle_only
594048,100,oracle+donor_profile,xml,0,0.25,178942,oracle_only
594151,132,oracle+donor_profile,xml,0,0.25,178943,oracle_only
594286,121,oracle+donor_profile,xml,0,0.25,178944,oracle_only
594410,102,oracle+donor_profile,xml,0,0.25,178945,oracle_only
594515,134,oracle+donor_profile,xml,0,0.25,178946,oracle_only
594652,133,oracle+donor_profile,xml,0,0.25,178947,oracle_only
594788,130,oracle+donor_profile,xml,0,0.25,178948,oracle_only
594921,150,oracle+donor_profile,xml,0,0.25,178949,oracle_only
595074,120,oracle+donor_profile,xml,0,0.25,178950,oracle_only
595197,136,oracle+donor_profile,xml,0,0.25,178951,oracle_only
595336,127,oracle+donor_profile,xml,0,0.25,178952,oracle_only
595466,135,oracle+donor_profile,xml,0,0.25,178953,oracle_only
595604,132,oracle+donor_profile,xml,0,0.25,178954,oracle_only
595739,165,oracle+donor_profile,xml,0,0.25,178955,oracle_only
595907,129,oracle+donor_profile,xml,0,0.25,178956,oracle_only
596039,121,oracle+donor_profile,xml,0,0.25,178957,oracle_only
596163,123,oracle+donor_profile,xml,0,0.25,178958,oracle_only
596289,118,oracle+donor_profile,xml,0,0.25,178959,oracle_only
596410,105,oracle+donor_profile,xml,0,0.25,178960,oracle_only
596518,105,oracle+donor_profile,xml,0,0.25,178961,oracle_only
596626,170,oracle+donor_profile,xml,0,0.25,178962,oracle_only
596799,144,oracle+donor_profile,xml,0,0.25,178963,oracle_only
596946,104,oracle+donor_profile,xml,0,0.25,178964,oracle_only
597053,131,oracle+donor_profile,xml,0,0.25,178965,oracle_only
597187,124,oracle+donor_profile,xml,0,0.25,178966,oracle_only
597314,125,oracle+donor_profile,xml,0,0.25,178967,oracle_only
597442,127,oracle+donor_profile,xml,0,0.25,178968,oracle_only
597572,120,oracle+donor_profile,xml,0,0.25,178969,oracle_only
597695,89,oracle+donor_profile,xml,0,0.25,178970,oracle_only
597787,125,oracle+donor_profile,xml,0,0.25,178971,oracle_only
597915,118,oracle+donor_profile,xml,0,0.25,178972,oracle_only
598036,119,oracle+donor_profile,xml,0,0.25,178973,oracle_only
598158,119,oracle+donor_profile,xml,0,0.25,178974,oracle_only
598280,98,oracle+donor_profile,xml,0,0.25,178975,oracle_only
598381,130,oracle+donor_profile,xml,0,0.25,178976,oracle_only
598514,87,oracle+donor_profile,xml,0,0.25,178977,oracle_only
598604,121,oracle+donor_profile,xml,0,0.25,178978,oracle_only
598728,102,oracle+donor_profile,xml,0,0.25,178979,oracle_only
598833,127,oracle+donor_profile,xml,0,0.25,178980,oracle_only
598963,143,oracle+donor_profile,xml,0,0.25,178981,oracle_only
599109,116,oracle+donor_profile,xml,0,0.25,178982,oracle_only
599228,124,oracle+donor_profile,xml,0,0.25,178983,oracle_only
599355,128,oracle+donor_profile,xml,0,0.25,178984,oracle_only
599486,118,oracle+donor_profile,xml,0,0.25,178985,oracle_only
599607,127,oracle+donor_profile,xml,0,0.25,178986,oracle_only
599737,120,oracle+donor_profile,xml,0,0.25,178987,oracle_only
599860,110,oracle+donor_profile,xml,0,0.25,178988,oracle_only
599973,106,oracle+donor_profile,xml,0,0.25,178989,oracle_only
600082,119,oracle+donor_profile,xml,0,0.25,178990,oracle_only
600204,121,oracle+donor_profile,xml,0,0.25,178991,oracle_only
600328,97,oracle+donor_profile,xml,0,0.25,178992,oracle_only
600428,117,oracle+donor_profile,xml,0,0.25,178993,oracle_only
600548,93,oracle+donor_profile,xml,0,0.25,178994,oracle_only
600644,142,oracle+donor_profile,xml,0,0.25,178995,oracle_only
600789,96,oracle+donor_profile,xml,0,0.25,178996,oracle_only
600888,125,oracle+donor_profile,xml,0,0.25,178997,oracle_only
601016,116,oracle+donor_profile,xml,0,0.25,178998,oracle_only
601135,95,oracle+donor_profile,xml,0,0.25,178999,oracle_only
601233,148,oracle+donor_profile,xml,0,0.25,179000,oracle_only
601384,115,oracle+donor_profile,xml,0,0.25,179001,oracle_only
601502,120,oracle+donor_profile,xml,0,0.25,179002,oracle_only
601625,127,oracle+donor_profile,xml,0,0.25,179003,oracle_only
601755,118,oracle+donor_profile,xml,0,0.25,179004,oracle_only
601876,114,oracle+donor_profile,xml,0,0.25,179005,oracle_only
601993,130,oracle+donor_profile,xml,0,0.25,179006,oracle_only
602126,83,oracle+donor_profile,xml,0,0.25,179007,oracle_only
602212,119,oracle+donor_profile,xml,0,0.25,179008,oracle_only
602334,107,oracle+donor_profile,xml,0,0.25,179009,oracle_only
602444,124,oracle+donor_profile,xml,0,0.25,179010,oracle_only
602571,129,oracle+donor_profile,xml,0,0.25,179011,oracle_only
602703,104,oracle+donor_profile,xml,0,0.25,179012,oracle_only
602810,169,oracle+donor_profile,xml,0,0.25,179013,oracle_only
602982,121,oracle+donor_profile,xml,0,0.25,179014,oracle_only
603106,105,oracle+donor_profile,xml,0,0.25,179015,oracle_only
603214,148,oracle+donor_profile,xml,0,0.25,179016,oracle_only
603365,121,oracle+donor_profile,xml,0,0.25,179017,oracle_only
603489,85,oracle+donor_profile,xml,0,0.25,179018,oracle_only
603577,131,oracle+donor_profile,xml,0,0.25,179019,oracle_only
603711,111,oracle+donor_profile,xml,0,0.25,179020,oracle_only
603825,116,oracle+donor_profile,xml,0,0.25,179021,oracle_only
603944,134,oracle+donor_profile,xml,0,0.25,179022,oracle_only
604081,95,oracle+donor_profile,xml,0,0.25,179023,oracle_only
604179,121,oracle+donor_profile,xml,0,0.25,179024,oracle_only
604303,80,oracle+donor_profile,xml,0,0.25,179025,oracle_only
604386,131,oracle+donor_profile,xml,0,0.25,179026,oracle_only
604520,140,oracle+donor_profile,xml,0,0.25,179027,oracle_only
604663,118,oracle+donor_profile,xml,0,0.25,179028,oracle_only
604784,91,oracle+donor_profile,xml,0,0.25,179029,oracle_only
604878,115,oracle+donor_profile,xml,0,0.25,179030,oracle_only
604996,120,oracle+donor_profile,xml,0,0.25,179031,oracle_only
605119,117,oracle+donor_profile,xml,0,0.25,179032,oracle_only
605239,85,oracle+donor_profile,xml,0,0.25,179033,oracle_only
605327,119,oracle+donor_profile,xml,0,0.25,179034,oracle_only
605449,85,oracle+donor_profile,xml,0,0.25,179035,oracle_only
605537,85,oracle+donor_profile,xml,0,0.25,179036,oracle_only
605625,85,oracle+donor_profile,xml,0,0.25,179037,oracle_only
605713,119,oracle+donor_profile,xml,0,0.25,179038,oracle_only
605835,95,oracle+donor_profile,xml,0,0.25,179039,oracle_only
605933,184,oracle+donor_profile,xml,0,0.25,179040,oracle_only
606120,104,oracle+donor_profile,xml,0,0.25,179041,oracle_only
606227,121,oracle+donor_profile,xml,0,0.25,179042,oracle_only
606351,112,oracle+donor_profile,xml,0,0.25,179043,oracle_only
606466,85,oracle+donor_profile,xml,0,0.25,179044,oracle_only
606554,85,oracle+donor_profile,xml,0,0.25,179045,oracle_only
606642,85,oracle+donor_profile,xml,0,0.25,179046,oracle_only
606730,132,oracle+donor_profile,xml,0,0.25,179047,oracle_only
606865,145,oracle+donor_profile,xml,0,0.25,179048,oracle_only
607013,132,oracle+donor_profile,xml,0,0.25,179049,oracle_only
607148,122,oracle+donor_profile,xml,0,0.25,179050,oracle_only
607273,84,oracle+donor_profile,xml,0,0.25,179051,oracle_only
607360,175,oracle+donor_profile,xml,0,0.25,179052,oracle_only
607538,165,oracle+donor_profile,xml,0,0.25,179053,oracle_only
607706,118,oracle+donor_profile,xml,0,0.25,179054,oracle_only
607827,124,oracle+donor_profile,xml,0,0.25,179055,oracle_only
607954,133,oracle+donor_profile,xml,0,0.25,179056,oracle_only
608090,118,oracle+donor_profile,xml,0,0.25,179057,oracle_only
608211,136,oracle+donor_profile,xml,0,0.25,179058,oracle_only
608350,105,oracle+donor_profile,xml,0,0.25,179059,oracle_only
608458,134,oracle+donor_profile,xml,0,0.25,179060,oracle_only
608595,86,oracle+donor_profile,xml,0,0.25,179061,oracle_only
608684,85,oracle+donor_profile,xml,0,0.25,179062,oracle_only
608772,131,oracle+donor_profile,xml,0,0.25,179063,oracle_only
608906,84,oracle+donor_profile,xml,0,0.25,179064,oracle_only
608993,83,oracle+donor_profile,xml,0,0.25,179065,oracle_only
609079,129,oracle+donor_profile,xml,0,0.25,179066,oracle_only
609211,114,oracle+donor_profile,xml,0,0.25,179067,oracle_only
609328,120,oracle+donor_profile,xml,0,0.25,179068,oracle_only
609451,141,oracle+donor_profile,xml,0,0.25,179069,oracle_only
609595,119,oracle+donor_profile,xml,0,0.25,179070,oracle_only
609717,134,oracle+donor_profile,xml,0,0.25,179071,oracle_only
609854,123,oracle+donor_profile,xml,0,0.25,179072,oracle_only
609980,121,oracle+donor_profile,xml,0,0.25,179073,oracle_only
610104,103,oracle+donor_profile,xml,0,0.25,179074,oracle_only
610210,111,oracle+donor_profile,xml,0,0.25,179075,oracle_only
610324,83,oracle+donor_profile,xml,0,0.25,179076,oracle_only
610410,118,oracle+donor_profile,xml,0,0.25,179077,oracle_only
610531,118,oracle+donor_profile,xml,0,0.25,179078,oracle_only
610652,119,oracle+donor_profile,xml,0,0.25,179079,oracle_only
610774,120,oracle+donor_profile,xml,0,0.25,179080,oracle_only
610897,114,oracle+donor_profile,xml,0,0.25,179081,oracle_only
611014,77,oracle+donor_profile,xml,0,0.25,179082,oracle_only
611094,135,oracle+donor_profile,xml,0,0.25,179083,oracle_only
611232,164,oracle+donor_profile,xml,0,0.25,179084,oracle_only
611399,144,oracle+donor_profile,xml,0,0.25,179085,oracle_only
611546,117,oracle+donor_profile,xml,0,0.25,179086,oracle_only
611666,121,oracle+donor_profile,xml,0,0.25,179087,oracle_only
611790,117,oracle+donor_profile,xml,0,0.25,179088,oracle_only
611910,108,oracle+donor_profile,xml,0,0.25,179089,oracle_only
612021,196,oracle+donor_profile,xml,0,0.25,179090,oracle_only
612220,135,oracle+donor_profile,xml,0,0.25,179091,oracle_only
612358,85,oracle+donor_profile,xml,0,0.25,179092,oracle_only
612446,98,oracle+donor_profile,xml,0,0.25,179093,oracle_only
612547,125,oracle+donor_profile,xml,0,0.25,179094,oracle_only
612675,118,oracle+donor_profile,xml,0,0.25,179095,oracle_only
612796,117,oracle+donor_profile,xml,0,0.25,179096,oracle_only
612916,135,oracle+donor_profile,xml,0,0.25,179097,oracle_only
613054,134,oracle+donor_profile,xml,0,0.25,179098,oracle_only
613191,154,oracle+donor_profile,xml,0,0.25,179099,oracle_only
613348,139,oracle+donor_profile,xml,0,0.25,179100,oracle_only
613490,116,oracle+donor_profile,xml,0,0.25,179101,oracle_only
613609,129,oracle+donor_profile,xml,0,0.25,179102,oracle_only
613741,119,oracle+donor_profile,xml,0,0.25,179103,oracle_only
613863,91,oracle+donor_profile,xml,0,0.25,179104,oracle_only
613957,115,oracle+donor_profile,xml,0,0.25,179105,oracle_only
614075,116,oracle+donor_profile,xml,0,0.25,179106,oracle_only
614194,123,oracle+donor_profile,xml,0,0.25,179107,oracle_only
614320,130,oracle+donor_profile,xml,0,0.25,179108,oracle_only
614453,120,oracle+donor_profile,xml,0,0.25,179109,oracle_only
614576,121,oracle+donor_profile,xml,0,0.25,179110,oracle_only
614700,110,oracle+donor_profile,xml,0,0.25,179111,oracle_only
614813,152,oracle+donor_profile,xml,0,0.25,179112,oracle_only
614968,85,oracle+donor_profile,xml,0,0.25,179113,oracle_only
615056,140,oracle+donor_profile,xml,0,0.25,179114,oracle_only
615199,112,oracle+donor_profile,xml,0,0.25,179115,oracle_only
615314,135,oracle+donor_profile,xml,0,0.25,179116,oracle_only
615452,100,oracle+donor_profile,xml,0,0.25,179117,oracle_only
615555,111,oracle+donor_profile,xml,0,0.25,179118,oracle_only
615669,123,oracle+donor_profile,xml,0,0.25,179119,oracle_only
615795,124,oracle+donor_profile,xml,0,0.25,179120,oracle_only
615922,115,oracle+donor_profile,xml,0,0.25,179121,oracle_only
616040,146,oracle+donor_profile,xml,0,0.25,179122,oracle_only
616189,105,oracle+donor_profile,xml,0,0.25,179123,oracle_only
616297,107,oracle+donor_profile,xml,0,0.25,179124,oracle_only
616407,118,oracle+donor_profile,xml,0,0.25,179125,oracle_only
616528,140,oracle+donor_profile,xml,0,0.25,179126,oracle_only
616671,117,oracle+donor_profile,xml,0,0.25,179127,oracle_only
616791,242,oracle+donor_profile,xml,0,0.25,179128,oracle_only
617036,134,oracle+donor_profile,xml,0,0.25,179129,oracle_only
617173,116,oracle+donor_profile,xml,0,0.25,179130,oracle_only
617292,125,oracle+donor_profile,xml,0,0.25,179131,oracle_only
617420,112,oracle+donor_profile,xml,0,0.25,179132,oracle_only
617535,99,oracle+donor_profile,xml,0,0.25,179133,oracle_only
617637,122,oracle+donor_profile,xml,0,0.25,179134,oracle_only
617762,149,oracle+donor_profile,xml,0,0.25,179135,oracle_only
617914,121,oracle+donor_profile,xml,0,0.25,179136,oracle_only
618038,111,oracle+donor_profile,xml,0,0.25,179137,oracle_only
618152,121,oracle+donor_profile,xml,0,0.25,179138,oracle_only
618276,119,oracle+donor_profile,xml,0,0.25,179139,oracle_only
618398,105,oracle+donor_profile,xml,0,0.25,179140,oracle_only
618506,119,oracle+donor_profile,xml,0,0.25,179141,oracle_only
618628,96,oracle+donor_profile,xml,0,0.25,179142,oracle_only
618727,113,oracle+donor_profile,xml,0,0.25,179143,oracle_only
618843,135,oracle+donor_profile,xml,0,0.25,179144,oracle_only
618981,112,oracle+donor_profile,xml,0,0.25,179145,oracle_only
619096,109,oracle+donor_profile,xml,0,0.25,179146,oracle_only
619208,121,oracle+donor_profile,xml,0,0.25,179147,oracle_only
619332,147,oracle+donor_profile,xml,0,0.25,179148,oracle_only
619482,155,oracle+donor_profile,xml,0,0.25,179149,oracle_only
619640,113,oracle+donor_profile,xml,0,0.25,179150,oracle_only
619756,162,oracle+donor_profile,xml,0,0.25,179151,oracle_only
619921,129,oracle+donor_profile,xml,0,0.25,179152,oracle_only
620053,142,oracle+donor_profile,xml,0,0.25,179153,oracle_only
620198,122,oracle+donor_profile,xml,0,0.25,179154,oracle_only
620323,132,oracle+donor_profile,xml,0,0.25,179155,oracle_only
620458,133,oracle+donor_profile,xml,0,0.25,179156,oracle_only
620594,128,oracle+donor_profile,xml,0,0.25,179157,oracle_only
620725,119,oracle+donor_profile,xml,0,0.25,179158,oracle_only
620847,83,oracle+donor_profile,xml,0,0.25,179159,oracle_only
620933,115,oracle+donor_profile,xml,0,0.25,179160,oracle_only
621051,147,oracle+donor_profile,xml,0,0.25,179161,oracle_only
621201,100,oracle+donor_profile,xml,0,0.25,179162,oracle_only
621304,132,oracle+donor_profile,xml,0,0.25,179163,oracle_only
621439,130,oracle+donor_profile,xml,0,0.25,179164,oracle_only
621572,120,oracle+donor_profile,xml,0,0.25,179165,oracle_only
621695,118,oracle+donor_profile,xml,0,0.25,179166,oracle_only
621816,115,oracle+donor_profile,xml,0,0.25,179167,oracle_only
621934,120,oracle+donor_profile,xml,0,0.25,179168,oracle_only
622057,156,oracle+donor_profile,xml,0,0.25,179169,oracle_only
622216,118,oracle+donor_profile,xml,0,0.25,179170,oracle_only
622337,78,oracle+donor_profile,xml,0,0.25,179171,oracle_only
622418,104,oracle+donor_profile,xml,0,0.25,179172,oracle_only
622525,133,oracle+donor_profile,xml,0,0.25,179173,oracle_only
622661,110,oracle+donor_profile,xml,0,0.25,179174,oracle_only
622774,114,oracle+donor_profile,xml,0,0.25,179175,oracle_only
622891,146,oracle+donor_profile,xml,0,0.25,179176,oracle_only
623040,118,oracle+donor_profile,xml,0,0.25,179177,oracle_only
623161,155,oracle+donor_profile,xml,0,0.25,179178,oracle_only
623319,120,oracle+donor_profile,xml,0,0.25,179179,oracle_only
623442,120,oracle+donor_profile,xml,0,0.25,179180,oracle_only
623565,129,oracle+donor_profile,xml,0,0.25,179181,oracle_only
623697,123,oracle+donor_profile,xml,0,0.25,179182,oracle_only
623823,122,oracle+donor_profile,xml,0,0.25,179183,oracle_only
623948,123,oracle+donor_profile,xml,0,0.25,179184,oracle_only
624074,164,oracle+donor_profile,xml,0,0.25,179185,oracle_only
624241,121,oracle+donor_profile,xml,0,0.25,179186,oracle_only
624365,84,oracle+donor_profile,xml,0,0.25,179187,oracle_only
624452,125,oracle+donor_profile,xml,0,0.25,179188,oracle_only
624580,103,oracle+donor_profile,xml,0,0.25,179189,oracle_only
624686,113,oracle+donor_profile,xml,0,0.25,179190,oracle_only
624802,117,oracle+donor_profile,xml,0,0.25,179191,oracle_only
624922,126,oracle+donor_profile,xml,0,0.25,179192,oracle_only
625051,108,oracle+donor_profile,xml,0,0.25,179193,oracle_only
625162,128,oracle+donor_profile,xml,0,0.25,179194,oracle_only
625293,148,oracle+donor_profile,xml,0,0.25,179195,oracle_only
625444,154,oracle+donor_profile,xml,0,0.25,179196,oracle_only
625601,147,oracle+donor_profile,xml,0,0.25,179197,oracle_only
625751,144,oracle+donor_profile,xml,0,0.25,179198,oracle_only
625898,128,oracle+donor_profile,xml,0,0.25,179199,oracle_only
626029,130,oracle+donor_profile,xml,0,0.25,179200,oracle_only
626162,109,oracle+donor_profile,xml,0,0.25,179201,oracle_only
626274,108,oracle+donor_profile,xml,0,0.25,179202,oracle_only
626385,112,oracle+donor_profile,xml,0,0.25,179203,oracle_only
626500,129,oracle+donor_profile,xml,0,0.25,179204,oracle_only
626632,142,oracle+donor_profile,xml,0,0.25,179205,oracle_only
626777,105,oracle+donor_profile,xml,0,0.25,179206,oracle_only
626885,118,oracle+donor_profile,xml,0,0.25,179207,oracle_only
627006,141,oracle+donor_profile,xml,0,0.25,179208,oracle_only
627150,130,oracle+donor_profile,xml,0,0.25,179209,oracle_only
627283,131,oracle+donor_profile,xml,0,0.25,179210,oracle_only
627417,118,oracle+donor_profile,xml,0,0.25,179211,oracle_only
627538,117,oracle+donor_profile,xml,0,0.25,179212,oracle_only
627658,125,oracle+donor_profile,xml,0,0.25,179213,oracle_only
627786,115,oracle+donor_profile,xml,0,0.25,179214,oracle_only
627904,106,oracle+donor_profile,xml,0,0.25,179215,oracle_only
628013,109,oracle+donor_profile,xml,0,0.25,179216,oracle_only
628125,136,oracle+donor_profile,xml,0,0.25,179217,oracle_only
628264,112,oracle+donor_profile,xml,0,0.25,179218,oracle_only
628379,124,oracle+donor_profile,xml,0,0.25,179219,oracle_only
628506,107,oracle+donor_profile,xml,0,0.25,179220,oracle_only
628616,126,oracle+donor_profile,xml,0,0.25,179221,oracle_only
628745,121,oracle+donor_profile,xml,0,0.25,179222,oracle_only
628869,132,oracle+donor_profile,xml,0,0.25,179223,oracle_only
629004,125,oracle+donor_profile,xml,0,0.25,179224,oracle_only
629132,138,oracle+donor_profile,xml,0,0.25,179225,oracle_only
629273,124,oracle+donor_profile,xml,0,0.25,179226,oracle_only
629400,108,oracle+donor_profile,xml,0,0.25,179227,oracle_only
629511,134,oracle+donor_profile,xml,0,0.25,179228,oracle_only
629648,100,oracle+donor_profile,xml,0,0.25,179229,oracle_only
629751,114,oracle+donor_profile,xml,0,0.25,179230,oracle_only
629868,152,oracle+donor_profile,xml,0,0.25,179231,oracle_only
630023,127,oracle+donor_profile,xml,0,0.25,179232,oracle_only
630153,103,oracle+donor_profile,xml,0,0.25,179233,oracle_only
630259,125,oracle+donor_profile,xml,0,0.25,179234,oracle_only
630387,122,oracle+donor_profile,xml,0,0.25,179235,oracle_only
630512,121,oracle+donor_profile,xml,0,0.25,179236,oracle_only
630636,92,oracle+donor_profile,xml,0,0.25,179237,oracle_only
630731,166,oracle+donor_profile,xml,0,0.25,179238,oracle_only
630900,114,oracle+donor_profile,xml,0,0.25,179239,oracle_only
631017,116,oracle+donor_profile,xml,0,0.25,179240,oracle_only
631136,119,oracle+donor_profile,xml,0,0.25,179241,oracle_only
631258,110,oracle+donor_profile,xml,0,0.25,179242,oracle_only
631371,120,oracle+donor_profile,xml,0,0.25,179243,oracle_only
631494,122,oracle+donor_profile,xml,0,0.25,179244,oracle_only
631619,121,oracle+donor_profile,xml,0,0.25,179245,oracle_only
631743,121,oracle+donor_profile,xml,0,0.25,179246,oracle_only
631867,112,oracle+donor_profile,xml,0,0.25,179247,oracle_only
631982,125,oracle+donor_profile,xml,0,0.25,179248,oracle_only
632110,119,oracle+donor_profile,xml,0,0.25,179249,oracle_only
632232,120,oracle+donor_profile,xml,0,0.25,179250,oracle_only
632355,119,oracle+donor_profile,xml,0,0.25,179251,oracle_only
632477,132,oracle+donor_profile,xml,0,0.25,179252,oracle_only
632612,199,oracle+donor_profile,xml,0,0.25,179253,oracle_only
632814,130,oracle+donor_profile,xml,0,0.25,179254,oracle_only
632947,132,oracle+donor_profile,xml,0,0.25,179255,oracle_only
633082,134,oracle+donor_profile,xml,0,0.25,179256,oracle_only
633219,85,oracle+donor_profile,xml,0,0.25,179257,oracle_only
633307,129,oracle+donor_profile,xml,0,0.25,179258,oracle_only
633439,129,oracle+donor_profile,xml,0,0.25,179259,oracle_only
633571,129,oracle+donor_profile,xml,0,0.25,179260,oracle_only
633703,88,oracle+donor_profile,xml,0,0.25,179261,oracle_only
633794,127,oracle+donor_profile,xml,0,0.25,179262,oracle_only
633924,107,oracle+donor_profile,xml,0,0.25,179263,oracle_only
634034,117,oracle+donor_profile,xml,0,0.25,179264,oracle_only
634154,124,oracle+donor_profile,xml,0,0.25,179265,oracle_only
634281,130,oracle+donor_profile,xml,0,0.25,179266,oracle_only
634414,128,oracle+donor_profile,xml,0,0.25,179267,oracle_only
634545,101,oracle+donor_profile,xml,0,0.25,179268,oracle_only
634649,93,oracle+donor_profile,xml,0,0.25,179269,oracle_only
634745,176,oracle+donor_profile,xml,0,0.25,179270,oracle_only
634924,114,oracle+donor_profile,xml,0,0.25,179271,oracle_only
635041,117,oracle+donor_profile,xml,0,0.25,179272,oracle_only
635161,117,oracle+donor_profile,xml,0,0.25,179273,oracle_only
635281,117,oracle+donor_profile,xml,0,0.25,179274,oracle_only
635401,149,oracle+donor_profile,xml,0,0.25,179275,oracle_only
635553,115,oracle+donor_profile,xml,0,0.25,179276,oracle_only
635671,117,oracle+donor_profile,xml,0,0.25,179277,oracle_only
635791,117,oracle+donor_profile,xml,0,0.25,179278,oracle_only
635911,117,oracle+donor_profile,xml,0,0.25,179279,oracle_only
636031,117,oracle+donor_profile,xml,0,0.25,179280,oracle_only
636151,117,oracle+donor_profile,xml,0,0.25,179281,oracle_only
636271,146,oracle+donor_profile,xml,0,0.25,179282,oracle_only
636420,118,oracle+donor_profile,xml,0,0.25,179283,oracle_only
636541,117,oracle+donor_profile,xml,0,0.25,179284,oracle_only
636661,118,oracle+donor_profile,xml,0,0.25,179285,oracle_only
636782,118,oracle+donor_profile,xml,0,0.25,179286,oracle_only
636903,118,oracle+donor_profile,xml,0,0.25,179287,oracle_only
637024,118,oracle+donor_profile,xml,0,0.25,179288,oracle_only
637145,120,oracle+donor_profile,xml,0,0.25,179289,oracle_only
637268,128,oracle+donor_profile,xml,0,0.25,179290,oracle_only
637399,118,oracle+donor_profile,xml,0,0.25,179291,oracle_only
637520,136,oracle+donor_profile,xml,0,0.25,179292,oracle_only
637659,132,oracle+donor_profile,xml,0,0.25,179293,oracle_only
637794,132,oracle+donor_profile,xml,0,0.25,179294,oracle_only
637929,132,oracle+donor_profile,xml,0,0.25,179295,oracle_only
638064,120,oracle+donor_profile,xml,0,0.25,179296,oracle_only
638187,160,oracle+donor_profile,xml,0,0.25,179297,oracle_only
638350,123,oracle+donor_profile,xml,0,0.25,179298,oracle_only
638476,120,oracle+donor_profile,xml,0,0.25,179299,oracle_only
638599,164,oracle+donor_profile,xml,0,0.25,179300,oracle_only
638766,117,oracle+donor_profile,xml,0,0.25,179301,oracle_only
638886,128,oracle+donor_profile,xml,0,0.25,179302,oracle_only
639017,121,oracle+donor_profile,xml,0,0.25,179303,oracle_only
639141,117,oracle+donor_profile,xml,0,0.25,179304,oracle_only
639261,138,oracle+donor_profile,xml,0,0.25,179305,oracle_only
639402,87,oracle+donor_profile,xml,0,0.25,179306,oracle_only
639492,129,oracle+donor_profile,xml,0,0.25,179307,oracle_only
639624,137,oracle+donor_profile,xml,0,0.25,179308,oracle_only
639764,170,oracle+donor_profile,xml,0,0.25,179309,oracle_only
639937,123,oracle+donor_profile,xml,0,0.25,179310,oracle_only
640063,118,oracle+donor_profile,xml,0,0.25,179311,oracle_only
640184,119,oracle+donor_profile,xml,0,0.25,179312,oracle_only
640306,120,oracle+donor_profile,xml,0,0.25,179313,oracle_only
640429,113,oracle+donor_profile,xml,0,0.25,179314,oracle_only
640545,101,oracle+donor_profile,xml,0,0.25,179315,oracle_only
640649,144,oracle+donor_profile,xml,0,0.25,179316,oracle_only
640796,96,oracle+donor_profile,xml,0,0.25,179317,oracle_only
640895,86,oracle+donor_profile,xml,0,0.25,179318,oracle_only
640984,129,oracle+donor_profile,xml,0,0.25,179319,oracle_only
641116,115,oracle+donor_profile,xml,0,0.25,179320,oracle_only
641234,125,oracle+donor_profile,xml,0,0.25,179321,oracle_only
641362,115,oracle+donor_profile,xml,0,0.25,179322,oracle_only
641480,112,oracle+donor_profile,xml,0,0.25,179323,oracle_only
641595,110,oracle+donor_profile,xml,0,0.25,179324,oracle_only
641708,130,oracle+donor_profile,xml,0,0.25,179325,oracle_only
641841,128,oracle+donor_profile,xml,0,0.25,179326,oracle_only
641972,202,oracle+donor_profile,xml,0,0.25,179327,oracle_only
642177,144,oracle+donor_profile,xml,0,0.25,179328,oracle_only
642324,136,oracle+donor_profile,xml,0,0.25,179329,oracle_only
642463,171,oracle+donor_profile,xml,0,0.25,179330,oracle_only
642637,145,oracle+donor_profile,xml,0,0.25,179331,oracle_only
642785,170,oracle+donor_profile,xml,0,0.25,179332,oracle_only
642958,114,oracle+donor_profile,xml,0,0.25,179333,oracle_only
643075,137,oracle+donor_profile,xml,0,0.25,179334,oracle_only
643215,137,oracle+donor_profile,xml,0,0.25,179335,oracle_only
643355,137,oracle+donor_profile,xml,0,0.25,179336,oracle_only
643495,116,oracle+donor_profile,xml,0,0.25,179337,oracle_only
643614,128,oracle+donor_profile,xml,0,0.25,179338,oracle_only
643745,163,oracle+donor_profile,xml,0,0.25,179339,oracle_only
643911,133,oracle+donor_profile,xml,0,0.25,179340,oracle_only
644047,141,oracle+donor_profile,xml,0,0.25,179341,oracle_only
644191,120,oracle+donor_profile,xml,0,0.25,179342,oracle_only
644314,146,oracle+donor_profile,xml,0,0.25,179343,oracle_only
644463,149,oracle+donor_profile,xml,0,0.25,179344,oracle_only
644615,110,oracle+donor_profile,xml,0,0.25,179345,oracle_only
644728,152,oracle+donor_profile,xml,0,0.25,179346,oracle_only
644883,170,oracle+donor_profile,xml,0,0.25,179347,oracle_only
645056,158,oracle+donor_profile,xml,0,0.25,179348,oracle_only
645217,190,oracle+donor_profile,xml,0,0.25,179349,oracle_only
645410,151,oracle+donor_profile,xml,0,0.25,179350,oracle_only
645564,167,oracle+donor_profile,xml,0,0.25,179351,oracle_only
645734,106,oracle+donor_profile,xml,0,0.25,179352,oracle_only
645843,130,oracle+donor_profile,xml,0,0.25,179353,oracle_only
645976,154,oracle+donor_profile,xml,0,0.25,179354,oracle_only
646133,123,oracle+donor_profile,xml,0,0.25,179355,oracle_only
646259,185,oracle+donor_profile,xml,0,0.25,179356,oracle_only
646447,123,oracle+donor_profile,xml,0,0.25,179357,oracle_only
646573,155,oracle+donor_profile,xml,0,0.25,179358,oracle_only
646731,172,oracle+donor_profile,xml,0,0.25,179359,oracle_only
646906,151,oracle+donor_profile,xml,0,0.25,179360,oracle_only
647060,131,oracle+donor_profile,xml,0,0.25,179361,oracle_only
647194,110,oracle+donor_profile,xml,0,0.25,179362,oracle_only
647307,111,oracle+donor_profile,xml,0,0.25,179363,oracle_only
647421,159,oracle+donor_profile,xml,0,0.25,179364,oracle_only
647583,144,oracle+donor_profile,xml,0,0.25,179365,oracle_only
647730,149,oracle+donor_profile,xml,0,0.25,179366,oracle_only
647882,113,oracle+donor_profile,xml,0,0.25,179367,oracle_only
647998,112,oracle+donor_profile,xml,0,0.25,179368,oracle_only
648113,134,oracle+donor_profile,xml,0,0.25,179369,oracle_only
648250,146,oracle+donor_profile,xml,0,0.25,179370,oracle_only
648399,165,oracle+donor_profile,xml,0,0.25,179371,oracle_only
648567,138,oracle+donor_profile,xml,0,0.25,179372,oracle_only
648708,131,oracle+donor_profile,xml,0,0.25,179373,oracle_only
648842,192,oracle+donor_profile,xml,0,0.25,179374,oracle_only
649037,137,oracle+donor_profile,xml,0,0.25,179375,oracle_only
649177,94,oracle+donor_profile,xml,0,0.25,179376,oracle_only
649274,172,oracle+donor_profile,xml,0,0.25,179377,oracle_only
649449,130,oracle+donor_profile,xml,0,0.25,179378,oracle_only
649582,170,oracle+donor_profile,xml,0,0.25,179379,oracle_only
649755,155,oracle+donor_profile,xml,0,0.25,179380,oracle_only
649913,156,oracle+donor_profile,xml,0,0.25,179381,oracle_only
650072,165,oracle+donor_profile,xml,0,0.25,179382,oracle_only
650240,151,oracle+donor_profile,xml,0,0.25,179383,oracle_only
650394,162,oracle+donor_profile,xml,0,0.25,179384,oracle_only
650559,160,oracle+donor_profile,xml,0,0.25,179385,oracle_only
650722,137,oracle+donor_profile,xml,0,0.25,179386,oracle_only
650862,123,oracle+donor_profile,xml,0,0.25,179387,oracle_only
650988,126,oracle+donor_profile,xml,0,0.25,179388,oracle_only
651117,180,oracle+donor_profile,xml,0,0.25,179389,oracle_only
651300,127,oracle+donor_profile,xml,0,0.25,179390,oracle_only
651430,114,oracle+donor_profile,xml,0,0.25,179391,oracle_only
651547,117,oracle+donor_profile,xml,0,0.25,179392,oracle_only
651667,117,oracle+donor_profile,xml,0,0.25,179393,oracle_only
651787,175,oracle+donor_profile,xml,0,0.25,179394,oracle_only
651965,136,oracle+donor_profile,xml,0,0.25,179395,oracle_only
652104,124,oracle+donor_profile,xml,0,0.25,179396,oracle_only
652231,121,oracle+donor_profile,xml,0,0.25,179397,oracle_only
652355,161,oracle+donor_profile,xml,0,0.25,179398,oracle_only
652519,120,oracle+donor_profile,xml,0,0.25,179399,oracle_only
652642,123,oracle+donor_profile,xml,0,0.25,179400,oracle_only
652768,155,oracle+donor_profile,xml,0,0.25,179401,oracle_only
652926,84,oracle+donor_profile,xml,0,0.25,179402,oracle_only
653013,139,oracle+donor_profile,xml,0,0.25,179403,oracle_only
653155,132,oracle+donor_profile,xml,0,0.25,179404,oracle_only
653290,177,oracle+donor_profile,xml,0,0.25,179405,oracle_only
653470,123,oracle+donor_profile,xml,0,0.25,179406,oracle_only
653596,118,oracle+donor_profile,xml,0,0.25,179407,oracle_only
653717,113,oracle+donor_profile,xml,0,0.25,179408,oracle_only
653833,112,oracle+donor_profile,xml,0,0.25,179409,oracle_only
653948,136,oracle+donor_profile,xml,0,0.25,179410,oracle_only
654087,117,oracle+donor_profile,xml,0,0.25,179411,oracle_only
654207,121,oracle+donor_profile,xml,0,0.25,179412,oracle_only
654331,122,oracle+donor_profile,xml,0,0.25,179413,oracle_only
654456,171,oracle+donor_profile,xml,0,0.25,179414,oracle_only
654630,159,oracle+donor_profile,xml,0,0.25,179415,oracle_only
654792,191,oracle+donor_profile,xml,0,0.25,179416,oracle_only
654986,144,oracle+donor_profile,xml,0,0.25,179417,oracle_only
655133,140,oracle+donor_profile,xml,0,0.25,179418,oracle_only
655276,120,oracle+donor_profile,xml,0,0.25,179419,oracle_only
655399,116,oracle+donor_profile,xml,0,0.25,179420,oracle_only
655518,148,oracle+donor_profile,xml,0,0.25,179421,oracle_only
655669,136,oracle+donor_profile,xml,0,0.25,179422,oracle_only
655808,122,oracle+donor_profile,xml,0,0.25,179423,oracle_only
655933,120,oracle+donor_profile,xml,0,0.25,179424,oracle_only
656056,203,oracle+donor_profile,xml,0,0.25,179425,oracle_only
656262,121,oracle+donor_profile,xml,0,0.25,179426,oracle_only
656386,124,oracle+donor_profile,xml,0,0.25,179427,oracle_only
656513,117,oracle+donor_profile,xml,0,0.25,179428,oracle_only
656633,128,oracle+donor_profile,xml,0,0.25,179429,oracle_only
656764,131,oracle+donor_profile,xml,0,0.25,179430,oracle_only
656898,118,oracle+donor_profile,xml,0,0.25,179431,oracle_only
657019,121,oracle+donor_profile,xml,0,0.25,179432,oracle_only
657143,95,oracle+donor_profile,xml,0,0.25,179433,oracle_only
657241,132,oracle+donor_profile,xml,0,0.25,179434,oracle_only
657376,146,oracle+donor_profile,xml,0,0.25,179435,oracle_only
657525,123,oracle+donor_profile,xml,0,0.25,179436,oracle_only
657651,124,oracle+donor_profile,xml,0,0.25,179437,oracle_only
657778,138,oracle+donor_profile,xml,0,0.25,179438,oracle_only
657919,117,oracle+donor_profile,xml,0,0.25,179439,oracle_only
658039,122,oracle+donor_profile,xml,0,0.25,179440,oracle_only
658164,122,oracle+donor_profile,xml,0,0.25,179441,oracle_only
658289,122,oracle+donor_profile,xml,0,0.25,179442,oracle_only
658414,110,oracle+donor_profile,xml,0,0.25,179443,oracle_only
658527,110,oracle+donor_profile,xml,0,0.25,179444,oracle_only
658640,115,oracle+donor_profile,xml,0,0.25,179445,oracle_only
658758,117,oracle+donor_profile,xml,0,0.25,179446,oracle_only
658878,117,oracle+donor_profile,xml,0,0.25,179447,oracle_only
658998,115,oracle+donor_profile,xml,0,0.25,179448,oracle_only
659116,95,oracle+donor_profile,xml,0,0.25,179449,oracle_only
659214,115,oracle+donor_profile,xml,0,0.25,179450,oracle_only
659332,115,oracle+donor_profile,xml,0,0.25,179451,oracle_only
659450,115,oracle+donor_profile,xml,0,0.25,179452,oracle_only
659568,121,oracle+donor_profile,xml,0,0.25,179453,oracle_only
659692,102,oracle+donor_profile,xml,0,0.25,179454,oracle_only
659797,106,oracle+donor_profile,xml,0,0.25,179455,oracle_only
659906,108,oracle+donor_profile,xml,0,0.25,179456,oracle_only
660017,106,oracle+donor_profile,xml,0,0.25,179457,oracle_only
660126,108,oracle+donor_profile,xml,0,0.25,179458,oracle_only
660237,106,oracle+donor_profile,xml,0,0.25,179459,oracle_only
660346,108,oracle+donor_profile,xml,0,0.25,179460,oracle_only
660457,108,oracle+donor_profile,xml,0,0.25,179461,oracle_only
660568,108,oracle+donor_profile,xml,0,0.25,179462,oracle_only
660679,111,oracle+donor_profile,xml,0,0.25,179463,oracle_only
660793,113,oracle+donor_profile,xml,0,0.25,179464,oracle_only
660909,111,oracle+donor_profile,xml,0,0.25,179465,oracle_only
661023,122,oracle+donor_profile,xml,0,0.25,179466,oracle_only
661148,88,oracle+donor_profile,xml,0,0.25,179467,oracle_only
661239,113,oracle+donor_profile,xml,0,0.25,179468,oracle_only
661355,106,oracle+donor_profile,xml,0,0.25,179469,oracle_only
661464,132,oracle+donor_profile,xml,0,0.25,179470,oracle_only
661599,109,oracle+donor_profile,xml,0,0.25,179471,oracle_only
661711,157,oracle+donor_profile,xml,0,0.25,179472,oracle_only
661871,148,oracle+donor_profile,xml,0,0.25,179473,oracle_only
662022,148,oracle+donor_profile,xml,0,0.25,179474,oracle_only
662173,152,oracle+donor_profile,xml,0,0.25,179475,oracle_only
662328,152,oracle+donor_profile,xml,0,0.25,179476,oracle_only
662483,152,oracle+donor_profile,xml,0,0.25,179477,oracle_only
662638,148,oracle+donor_profile,xml,0,0.25,179478,oracle_only
662789,148,oracle+donor_profile,xml,0,0.25,179479,oracle_only
662940,152,oracle+donor_profile,xml,0,0.25,179480,oracle_only
663095,105,oracle+donor_profile,xml,0,0.25,179481,oracle_only
663203,88,oracle+donor_profile,xml,0,0.25,179482,oracle_only
663294,121,oracle+donor_profile,xml,0,0.25,179483,oracle_only
663418,126,oracle+donor_profile,xml,0,0.25,179484,oracle_only
663547,121,oracle+donor_profile,xml,0,0.25,179485,oracle_only
663671,122,oracle+donor_profile,xml,0,0.25,179486,oracle_only
663796,121,oracle+donor_profile,xml,0,0.25,179487,oracle_only
663920,120,oracle+donor_profile,xml,0,0.25,179488,oracle_only
664043,122,oracle+donor_profile,xml,0,0.25,179489,oracle_only
664168,102,oracle+donor_profile,xml,0,0.25,179490,oracle_only
664273,103,oracle+donor_profile,xml,0,0.25,179491,oracle_only
664379,104,oracle+donor_profile,xml,0,0.25,179492,oracle_only
664486,134,oracle+donor_profile,xml,0,0.25,179493,oracle_only
664623,144,oracle+donor_profile,xml,0,0.25,179494,oracle_only
664770,117,oracle+donor_profile,xml,0,0.25,179495,oracle_only
664890,118,oracle+donor_profile,xml,0,0.25,179496,oracle_only
665011,132,oracle+donor_profile,xml,0,0.25,179497,oracle_only
665146,138,oracle+donor_profile,xml,0,0.25,179498,oracle_only
665287,145,oracle+donor_profile,xml,0,0.25,179499,oracle_only
665435,159,oracle+donor_profile,xml,0,0.25,179500,oracle_only
665597,153,oracle+donor_profile,xml,0,0.25,179501,oracle_only
665753,114,oracle+donor_profile,xml,0,0.25,179502,oracle_only
665870,96,oracle+donor_profile,xml,0,0.25,179503,oracle_only
665969,132,oracle+donor_profile,xml,0,0.25,179504,oracle_only
666104,121,oracle+donor_profile,xml,0,0.25,179505,oracle_only
666228,106,oracle+donor_profile,xml,0,0.25,179506,oracle_only
666337,114,oracle+donor_profile,xml,0,0.25,179507,oracle_only
666454,124,oracle+donor_profile,xml,0,0.25,179508,oracle_only
666581,133,oracle+donor_profile,xml,0,0.25,179509,oracle_only
666717,151,oracle+donor_profile,xml,0,0.25,179510,oracle_only
666871,125,oracle+donor_profile,xml,0,0.25,179511,oracle_only
666999,147,oracle+donor_profile,xml,0,0.25,179512,oracle_only
667149,154,oracle+donor_profile,xml,0,0.25,179513,oracle_only
667306,133,oracle+donor_profile,xml,0,0.25,179514,oracle_only
667442,111,oracle+donor_profile,xml,0,0.25,179515,oracle_only
667556,126,oracle+donor_profile,xml,0,0.25,179516,oracle_only
667685,97,oracle+donor_profile,xml,0,0.25,179517,oracle_only
667785,121,oracle+donor_profile,xml,0,0.25,179518,oracle_only
667909,124,oracle+donor_profile,xml,0,0.25,179519,oracle_only
668036,119,oracle+donor_profile,xml,0,0.25,179520,oracle_only
668158,124,oracle+donor_profile,xml,0,0.25,179521,oracle_only
668285,83,oracle+donor_profile,xml,0,0.25,179522,oracle_only
668371,120,oracle+donor_profile,xml,0,0.25,179523,oracle_only
668494,118,oracle+donor_profile,xml,0,0.25,179524,oracle_only
668615,113,oracle+donor_profile,xml,0,0.25,179525,oracle_only
668731,91,oracle+donor_profile,xml,0,0.25,179526,oracle_only
668825,119,oracle+donor_profile,xml,0,0.25,179527,oracle_only
668947,125,oracle+donor_profile,xml,0,0.25,179528,oracle_only
669075,97,oracle+donor_profile,xml,0,0.25,179529,oracle_only
669175,92,oracle+donor_profile,xml,0,0.25,179530,oracle_only
669270,107,oracle+donor_profile,xml,0,0.25,179531,oracle_only
669380,138,oracle+donor_profile,xml,0,0.25,179532,oracle_only
669521,141,oracle+donor_profile,xml,0,0.25,179533,oracle_only
669665,120,oracle+donor_profile,xml,0,0.25,179534,oracle_only
669788,99,oracle+donor_profile,xml,0,0.25,179535,oracle_only
669890,89,oracle+donor_profile,xml,0,0.25,179536,oracle_only
669982,112,oracle+donor_profile,xml,0,0.25,179537,oracle_only
670097,151,oracle+donor_profile,xml,0,0.25,179538,oracle_only
670251,152,oracle+donor_profile,xml,0,0.25,179539,oracle_only
670406,127,oracle+donor_profile,xml,0,0.25,179540,oracle_only
670536,101,oracle+donor_profile,xml,0,0.25,179541,oracle_only
670640,113,oracle+donor_profile,xml,0,0.25,179542,oracle_only
670756,126,oracle+donor_profile,xml,0,0.25,179543,oracle_only
670885,122,oracle+donor_profile,xml,0,0.25,179544,oracle_only
671010,122,oracle+donor_profile,xml,0,0.25,179545,oracle_only
671135,99,oracle+donor_profile,xml,0,0.25,179546,oracle_only
671237,122,oracle+donor_profile,xml,0,0.25,179547,oracle_only
671362,113,oracle+donor_profile,xml,0,0.25,179548,oracle_only
671478,111,oracle+donor_profile,xml,0,0.25,179549,oracle_only
671592,117,oracle+donor_profile,xml,0,0.25,179550,oracle_only
671712,126,oracle+donor_profile,xml,0,0.25,179551,oracle_only
671841,167,oracle+donor_profile,xml,0,0.25,179552,oracle_only
672011,128,oracle+donor_profile,xml,0,0.25,179553,oracle_only
672142,99,oracle+donor_profile,xml,0,0.25,179554,oracle_only
672244,124,oracle+donor_profile,xml,0,0.25,179555,oracle_only
672371,111,oracle+donor_profile,xml,0,0.25,179556,oracle_only
672485,117,oracle+donor_profile,xml,0,0.25,179557,oracle_only
672605,126,oracle+donor_profile,xml,0,0.25,179558,oracle_only
672734,120,oracle+donor_profile,xml,0,0.25,179559,oracle_only
672857,128,oracle+donor_profile,xml,0,0.25,179560,oracle_only
672988,124,oracle+donor_profile,xml,0,0.25,179561,oracle_only
673115,85,oracle+donor_profile,xml,0,0.25,179562,oracle_only
673203,139,oracle+donor_profile,xml,0,0.25,179563,oracle_only
673345,139,oracle+donor_profile,xml,0,0.25,179564,oracle_only
673487,109,oracle+donor_profile,xml,0,0.25,179565,oracle_only
673599,83,oracle+donor_profile,xml,0,0.25,179566,oracle_only
673685,85,oracle+donor_profile,xml,0,0.25,179567,oracle_only
673773,83,oracle+donor_profile,xml,0,0.25,179568,oracle_only
673859,137,oracle+donor_profile,xml,0,0.25,179569,oracle_only
673999,119,oracle+donor_profile,xml,0,0.25,179570,oracle_only
674121,119,oracle+donor_profile,xml,0,0.25,179571,oracle_only
674243,144,oracle+donor_profile,xml,0,0.25,179572,oracle_only
674390,135,oracle+donor_profile,xml,0,0.25,179573,oracle_only
674528,117,oracle+donor_profile,xml,0,0.25,179574,oracle_only
674648,111,oracle+donor_profile,xml,0,0.25,179575,oracle_only
674762,77,oracle+donor_profile,xml,0,0.25,179576,oracle_only
674842,127,oracle+donor_profile,xml,0,0.25,179577,oracle_only
674972,117,oracle+donor_profile,xml,0,0.25,179578,oracle_only
675092,133,oracle+donor_profile,xml,0,0.25,179579,oracle_only
675228,96,oracle+donor_profile,xml,0,0.25,179580,oracle_only
675327,142,oracle+donor_profile,xml,0,0.25,179581,oracle_only
675472,224,oracle+donor_profile,xml,0,0.25,179582,oracle_only
675699,102,oracle+donor_profile,xml,0,0.25,179583,oracle_only
675804,125,oracle+donor_profile,xml,0,0.25,179584,oracle_only
675932,119,oracle+donor_profile,xml,0,0.25,179585,oracle_only
676054,126,oracle+donor_profile,xml,0,0.25,179586,oracle_only
676183,139,oracle+donor_profile,xml,0,0.25,179587,oracle_only
676325,101,oracle+donor_profile,xml,0,0.25,179588,oracle_only
676429,119,oracle+donor_profile,xml,0,0.25,179589,oracle_only
676551,134,oracle+donor_profile,xml,0,0.25,179590,oracle_only
676688,82,oracle+donor_profile,xml,0,0.25,179591,oracle_only
676773,160,oracle+donor_profile,xml,0,0.25,179592,oracle_only
676936,114,oracle+donor_profile,xml,0,0.25,179593,oracle_only
677053,110,oracle+donor_profile,xml,0,0.25,179594,oracle_only
677166,146,oracle+donor_profile,xml,0,0.25,179595,oracle_only
677315,146,oracle+donor_profile,xml,0,0.25,179596,oracle_only
677464,110,oracle+donor_profile,xml,0,0.25,179597,oracle_only
677577,110,oracle+donor_profile,xml,0,0.25,179598,oracle_only
677690,132,oracle+donor_profile,xml,0,0.25,179599,oracle_only
677825,113,oracle+donor_profile,xml,0,0.25,179600,oracle_only
677941,98,oracle+donor_profile,xml,0,0.25,179601,oracle_only
678042,132,oracle+donor_profile,xml,0,0.25,179602,oracle_only
678177,126,oracle+donor_profile,xml,0,0.25,179603,oracle_only
678306,119,oracle+donor_profile,xml,0,0.25,179604,oracle_only
678428,132,oracle+donor_profile,xml,0,0.25,179605,oracle_only
678563,135,oracle+donor_profile,xml,0,0.25,179606,oracle_only
678701,114,oracle+donor_profile,xml,0,0.25,179607,oracle_only
678818,107,oracle+donor_profile,xml,0,0.25,179608,oracle_only
678928,108,oracle+donor_profile,xml,0,0.25,179609,oracle_only
679039,114,oracle+donor_profile,xml,0,0.25,179610,oracle_only
679156,138,oracle+donor_profile,xml,0,0.25,179611,oracle_only
679297,122,oracle+donor_profile,xml,0,0.25,179612,oracle_only
679422,145,oracle+donor_profile,xml,0,0.25,179613,oracle_only
679570,100,oracle+donor_profile,xml,0,0.25,179614,oracle_only
679673,118,oracle+donor_profile,xml,0,0.25,179615,oracle_only
679794,121,oracle+donor_profile,xml,0,0.25,179616,oracle_only
679918,135,oracle+donor_profile,xml,0,0.25,179617,oracle_only
680056,104,oracle+donor_profile,xml,0,0.25,179618,oracle_only
680163,126,oracle+donor_profile,xml,0,0.25,179619,oracle_only
680292,121,oracle+donor_profile,xml,0,0.25,179620,oracle_only
680416,118,oracle+donor_profile,xml,0,0.25,179621,oracle_only
680537,135,oracle+donor_profile,xml,0,0.25,179622,oracle_only
680675,90,oracle+donor_profile,xml,0,0.25,179623,oracle_only
680768,115,oracle+donor_profile,xml,0,0.25,179624,oracle_only
680886,92,oracle+donor_profile,xml,0,0.25,179625,oracle_only
680981,146,oracle+donor_profile,xml,0,0.25,179626,oracle_only
681130,128,oracle+donor_profile,xml,0,0.25,179627,oracle_only
681261,91,oracle+donor_profile,xml,0,0.25,179628,oracle_only
681355,124,oracle+donor_profile,xml,0,0.25,179629,oracle_only
681482,117,oracle+donor_profile,xml,0,0.25,179630,oracle_only
681602,122,oracle+donor_profile,xml,0,0.25,179631,oracle_only
681727,112,oracle+donor_profile,xml,0,0.25,179632,oracle_only
681842,98,oracle+donor_profile,xml,0,0.25,179633,oracle_only
681943,120,oracle+donor_profile,xml,0,0.25,179634,oracle_only
682066,114,oracle+donor_profile,xml,0,0.25,179635,oracle_only
682183,115,oracle+donor_profile,xml,0,0.25,179636,oracle_only
682301,107,oracle+donor_profile,xml,0,0.25,179637,oracle_only
682411,136,oracle+donor_profile,xml,0,0.25,179638,oracle_only
682550,128,oracle+donor_profile,xml,0,0.25,179639,oracle_only
682681,102,oracle+donor_profile,xml,0,0.25,179640,oracle_only
682786,110,oracle+donor_profile,xml,0,0.25,179641,oracle_only
682899,92,oracle+donor_profile,xml,0,0.25,179642,oracle_only
682994,130,oracle+donor_profile,xml,0,0.25,179643,oracle_only
683127,141,oracle+donor_profile,xml,0,0.25,179644,oracle_only
683271,144,oracle+donor_profile,xml,0,0.25,179645,oracle_only
683418,135,oracle+donor_profile,xml,0,0.25,179646,oracle_only
683556,132,oracle+donor_profile,xml,0,0.25,179647,oracle_only
683691,122,oracle+donor_profile,xml,0,0.25,179648,oracle_only
683816,90,oracle+donor_profile,xml,0,0.25,179649,oracle_only
683909,129,oracle+donor_profile,xml,0,0.25,179650,oracle_only
684041,117,oracle+donor_profile,xml,0,0.25,179651,oracle_only
684161,97,oracle+donor_profile,xml,0,0.25,179652,oracle_only
684261,118,oracle+donor_profile,xml,0,0.25,179653,oracle_only
684382,148,oracle+donor_profile,xml,0,0.25,179654,oracle_only
684533,128,oracle+donor_profile,xml,0,0.25,179655,oracle_only
684664,81,oracle+donor_profile,xml,0,0.25,179656,oracle_only
684748,121,oracle+donor_profile,xml,0,0.25,179657,oracle_only
684872,117,oracle+donor_profile,xml,0,0.25,179658,oracle_only
684992,123,oracle+donor_profile,xml,0,0.25,179659,oracle_only
685118,136,oracle+donor_profile,xml,0,0.25,179660,oracle_only
685257,139,oracle+donor_profile,xml,0,0.25,179661,oracle_only
685399,125,oracle+donor_profile,xml,0,0.25,179662,oracle_only
685527,112,oracle+donor_profile,xml,0,0.25,179663,oracle_only
685642,119,oracle+donor_profile,xml,0,0.25,179664,oracle_only
685764,92,oracle+donor_profile,xml,0,0.25,179665,oracle_only
685859,121,oracle+donor_profile,xml,0,0.25,179666,oracle_only
685983,128,oracle+donor_profile,xml,0,0.25,179667,oracle_only
686114,103,oracle+donor_profile,xml,0,0.25,179668,oracle_only
686220,86,oracle+donor_profile,xml,0,0.25,179669,oracle_only
686309,87,oracle+donor_profile,xml,0,0.25,179670,oracle_only
686399,111,oracle+donor_profile,xml,0,0.25,179671,oracle_only
686513,98,oracle+donor_profile,xml,0,0.25,179672,oracle_only
686614,134,oracle+donor_profile,xml,0,0.25,179673,oracle_only
686751,128,oracle+donor_profile,xml,0,0.25,179674,oracle_only
686882,136,oracle+donor_profile,xml,0,0.25,179675,oracle_only
687021,124,oracle+donor_profile,xml,0,0.25,179676,oracle_only
687148,135,oracle+donor_profile,xml,0,0.25,179677,oracle_only
687286,123,oracle+donor_profile,xml,0,0.25,179678,oracle_only
687412,112,oracle+donor_profile,xml,0,0.25,179679,oracle_only
687527,137,oracle+donor_profile,xml,0,0.25,179680,oracle_only
687667,129,oracle+donor_profile,xml,0,0.25,179681,oracle_only
687799,130,oracle+donor_profile,xml,0,0.25,179682,oracle_only
687932,104,oracle+donor_profile,xml,0,0.25,179683,oracle_only
688039,149,oracle+donor_profile,xml,0,0.25,179684,oracle_only
688191,87,oracle+donor_profile,xml,0,0.25,179685,oracle_only
688281,101,oracle+donor_profile,xml,0,0.25,179686,oracle_only
688385,119,oracle+donor_profile,xml,0,0.25,179687,oracle_only
688507,108,oracle+donor_profile,xml,0,0.25,179688,oracle_only
688618,103,oracle+donor_profile,xml,0,0.25,179689,oracle_only
688724,120,oracle+donor_profile,xml,0,0.25,179690,oracle_only
688847,154,oracle+donor_profile,xml,0,0.25,179691,oracle_only
689004,131,oracle+donor_profile,xml,0,0.25,179692,oracle_only
689138,114,oracle+donor_profile,xml,0,0.25,179693,oracle_only
689255,129,oracle+donor_profile,xml,0,0.25,179694,oracle_only
689387,192,oracle+donor_profile,xml,0,0.25,179695,oracle_only
689582,132,oracle+donor_profile,xml,0,0.25,179696,oracle_only
689717,83,oracle+donor_profile,xml,0,0.25,179697,oracle_only
689803,91,oracle+donor_profile,xml,0,0.25,179698,oracle_only
689897,96,oracle+donor_profile,xml,0,0.25,179699,oracle_only
689996,143,oracle+donor_profile,xml,0,0.25,179700,oracle_only
690142,112,oracle+donor_profile,xml,0,0.25,179701,oracle_only
690257,122,oracle+donor_profile,xml,0,0.25,179702,oracle_only
690382,171,oracle+donor_profile,xml,0,0.25,179703,oracle_only
690556,88,oracle+donor_profile,xml,0,0.25,179704,oracle_only
690647,128,oracle+donor_profile,xml,0,0.25,179705,oracle_only
690778,128,oracle+donor_profile,xml,0,0.25,179706,oracle_only
690909,128,oracle+donor_profile,xml,0,0.25,179707,oracle_only
691040,128,oracle+donor_profile,xml,0,0.25,179708,oracle_only
691171,128,oracle+donor_profile,xml,0,0.25,179709,oracle_only
691302,120,oracle+donor_profile,xml,0,0.25,179710,oracle_only
691425,118,oracle+donor_profile,xml,0,0.25,179711,oracle_only
691546,127,oracle+donor_profile,xml,0,0.25,179712,oracle_only
691676,127,oracle+donor_profile,xml,0,0.25,179713,oracle_only
691806,95,oracle+donor_profile,xml,0,0.25,179714,oracle_only
691904,117,oracle+donor_profile,xml,0,0.25,179715,oracle_only
692024,121,oracle+donor_profile,xml,0,0.25,179716,oracle_only
692148,98,oracle+donor_profile,xml,0,0.25,179717,oracle_only
692249,136,oracle+donor_profile,xml,0,0.25,179718,oracle_only
692388,122,oracle+donor_profile,xml,0,0.25,179719,oracle_only
692513,158,oracle+donor_profile,xml,0,0.25,179720,oracle_only
692674,146,oracle+donor_profile,xml,0,0.25,179721,oracle_only
692823,119,oracle+donor_profile,xml,0,0.25,179722,oracle_only
692945,120,oracle+donor_profile,xml,0,0.25,179723,oracle_only
693068,117,oracle+donor_profile,xml,0,0.25,179724,oracle_only
693188,138,oracle+donor_profile,xml,0,0.25,179725,oracle_only
693329,90,oracle+donor_profile,xml,0,0.25,179726,oracle_only
693422,85,oracle+donor_profile,xml,0,0.25,179727,oracle_only
693510,140,oracle+donor_profile,xml,0,0.25,179728,oracle_only
693653,127,oracle+donor_profile,xml,0,0.25,179729,oracle_only
693783,123,oracle+donor_profile,xml,0,0.25,179730,oracle_only
693909,108,oracle+donor_profile,xml,0,0.25,179731,oracle_only
694020,122,oracle+donor_profile,xml,0,0.25,179732,oracle_only
694145,116,oracle+donor_profile,xml,0,0.25,179733,oracle_only
694264,128,oracle+donor_profile,xml,0,0.25,179734,oracle_only
694395,117,oracle+donor_profile,xml,0,0.25,179735,oracle_only
694515,143,oracle+donor_profile,xml,0,0.25,179736,oracle_only
694661,142,oracle+donor_profile,xml,0,0.25,179737,oracle_only
694806,117,oracle+donor_profile,xml,0,0.25,179738,oracle_only
694926,165,oracle+donor_profile,xml,0,0.25,179739,oracle_only
695094,122,oracle+donor_profile,xml,0,0.25,179740,oracle_only
695219,106,oracle+donor_profile,xml,0,0.25,179741,oracle_only
695328,97,oracle+donor_profile,xml,0,0.25,179742,oracle_only
695428,117,oracle+donor_profile,xml,0,0.25,179743,oracle_only
695548,125,oracle+donor_profile,xml,0,0.25,179744,oracle_only
695676,144,oracle+donor_profile,xml,0,0.25,179745,oracle_only
695823,115,oracle+donor_profile,xml,0,0.25,179746,oracle_only
695941,137,oracle+donor_profile,xml,0,0.25,179747,oracle_only
696081,91,oracle+donor_profile,xml,0,0.25,179748,oracle_only
696175,123,oracle+donor_profile,xml,0,0.25,179749,oracle_only
696301,109,oracle+donor_profile,xml,0,0.25,179750,oracle_only
696413,113,oracle+donor_profile,xml,0,0.25,179751,oracle_only
696529,139,oracle+donor_profile,xml,0,0.25,179752,oracle_only
696671,120,oracle+donor_profile,xml,0,0.25,179753,oracle_only
696794,128,oracle+donor_profile,xml,0,0.25,179754,oracle_only
696925,163,oracle+donor_profile,xml,0,0.25,179755,oracle_only
697091,159,oracle+donor_profile,xml,0,0.25,179756,oracle_only
697253,127,oracle+donor_profile,xml,0,0.25,179757,oracle_only
697383,135,oracle+donor_profile,xml,0,0.25,179758,oracle_only
697521,107,oracle+donor_profile,xml,0,0.25,179759,oracle_only
697631,127,oracle+donor_profile,xml,0,0.25,179760,oracle_only
697761,118,oracle+donor_profile,xml,0,0.25,179761,oracle_only
697882,95,oracle+donor_profile,xml,0,0.25,179762,oracle_only
697980,121,oracle+donor_profile,xml,0,0.25,179763,oracle_only
698104,206,oracle+donor_profile,xml,0,0.25,179764,oracle_only
698313,142,oracle+donor_profile,xml,0,0.25,179765,oracle_only
698458,113,oracle+donor_profile,xml,0,0.25,179766,oracle_only
698574,117,oracle+donor_profile,xml,0,0.25,179767,oracle_only
698694,115,oracle+donor_profile,xml,0,0.25,179768,oracle_only
698812,141,oracle+donor_profile,xml,0,0.25,179769,oracle_only
698956,125,oracle+donor_profile,xml,0,0.25,179770,oracle_only
699084,131,oracle+donor_profile,xml,0,0.25,179771,oracle_only
699218,122,oracle+donor_profile,xml,0,0.25,179772,oracle_only
699343,126,oracle+donor_profile,xml,0,0.25,179773,oracle_only
699472,120,oracle+donor_profile,xml,0,0.25,179774,oracle_only
699595,102,oracle+donor_profile,xml,0,0.25,179775,oracle_only
699700,110,oracle+donor_profile,xml,0,0.25,179776,oracle_only
699813,113,oracle+donor_profile,xml,0,0.25,179777,oracle_only
699929,131,oracle+donor_profile,xml,0,0.25,179778,oracle_only
700063,170,oracle+donor_profile,xml,0,0.25,179779,oracle_only
700236,122,oracle+donor_profile,xml,0,0.25,179780,oracle_only
700361,121,oracle+donor_profile,xml,0,0.25,179781,oracle_only
700485,132,oracle+donor_profile,xml,0,0.25,179782,oracle_only
700620,120,oracle+donor_profile,xml,0,0.25,179783,oracle_only
700743,134,oracle+donor_profile,xml,0,0.25,179784,oracle_only
700880,150,oracle+donor_profile,xml,0,0.25,179785,oracle_only
701033,141,oracle+donor_profile,xml,0,0.25,179786,oracle_only
701177,125,oracle+donor_profile,xml,0,0.25,179787,oracle_only
701305,126,oracle+donor_profile,xml,0,0.25,179788,oracle_only
701434,105,oracle+donor_profile,xml,0,0.25,179789,oracle_only
701542,141,oracle+donor_profile,xml,0,0.25,179790,oracle_only
701686,141,oracle+donor_profile,xml,0,0.25,179791,oracle_only
701830,113,oracle+donor_profile,xml,0,0.25,179792,oracle_only
701946,132,oracle+donor_profile,xml,0,0.25,179793,oracle_only
702081,152,oracle+donor_profile,xml,0,0.25,179794,oracle_only
702236,132,oracle+donor_profile,xml,0,0.25,179795,oracle_only
702371,126,oracle+donor_profile,xml,0,0.25,179796,oracle_only
702500,127,oracle+donor_profile,xml,0,0.25,179797,oracle_only
702630,140,oracle+donor_profile,xml,0,0.25,179798,oracle_only
702773,126,oracle+donor_profile,xml,0,0.25,179799,oracle_only
702902,180,oracle+donor_profile,xml,0,0.25,179800,oracle_only
703085,147,oracle+donor_profile,xml,0,0.25,179801,oracle_only
703235,130,oracle+donor_profile,xml,0,0.25,179802,oracle_only
703368,160,oracle+donor_profile,xml,0,0.25,179803,oracle_only
703531,167,oracle+donor_profile,xml,0,0.25,179804,oracle_only
703701,126,oracle+donor_profile,xml,0,0.25,179805,oracle_only
703830,147,oracle+donor_profile,xml,0,0.25,179806,oracle_only
703980,116,oracle+donor_profile,xml,0,0.25,179807,oracle_only
704099,199,oracle+donor_profile,xml,0,0.25,179808,oracle_only
704301,123,oracle+donor_profile,xml,0,0.25,179809,oracle_only
704427,120,oracle+donor_profile,xml,0,0.25,179810,oracle_only
704550,127,oracle+donor_profile,xml,0,0.25,179811,oracle_only
704680,161,oracle+donor_profile,xml,0,0.25,179812,oracle_only
704844,133,oracle+donor_profile,xml,0,0.25,179813,oracle_only
704980,152,oracle+donor_profile,xml,0,0.25,179814,oracle_only
705135,117,oracle+donor_profile,xml,0,0.25,179815,oracle_only
705255,154,oracle+donor_profile,xml,0,0.25,179816,oracle_only
705412,154,oracle+donor_profile,xml,0,0.25,179817,oracle_only
705569,111,oracle+donor_profile,xml,0,0.25,179818,oracle_only
705683,194,oracle+donor_profile,xml,0,0.25,179819,oracle_only
705880,93,oracle+donor_profile,xml,0,0.25,179820,oracle_only
705976,112,oracle+donor_profile,xml,0,0.25,179821,oracle_only
706091,114,oracle+donor_profile,xml,0,0.25,179822,oracle_only
706208,124,oracle+donor_profile,xml,0,0.25,179823,oracle_only
706335,105,oracle+donor_profile,xml,0,0.25,179824,oracle_only
706443,122,oracle+donor_profile,xml,0,0.25,179825,oracle_only
706568,118,oracle+donor_profile,xml,0,0.25,179826,oracle_only
706689,117,oracle+donor_profile,xml,0,0.25,179827,oracle_only
706809,124,oracle+donor_profile,xml,0,0.25,179828,oracle_only
706936,85,oracle+donor_profile,xml,0,0.25,179829,oracle_only
707024,108,oracle+donor_profile,xml,0,0.25,179830,oracle_only
707135,106,oracle+donor_profile,xml,0,0.25,179831,oracle_only
707244,105,oracle+donor_profile,xml,0,0.25,179832,oracle_only
707352,105,oracle+donor_profile,xml,0,0.25,179833,oracle_only
707460,123,oracle+donor_profile,xml,0,0.25,179834,oracle_only
707586,88,oracle+donor_profile,xml,0,0.25,179835,oracle_only
707677,105,oracle+donor_profile,xml,0,0.25,179836,oracle_only
707785,105,oracle+donor_profile,xml,0,0.25,179837,oracle_only
707893,122,oracle+donor_profile,xml,0,0.25,179838,oracle_only
708018,96,oracle+donor_profile,xml,0,0.25,179839,oracle_only
708117,95,oracle+donor_profile,xml,0,0.25,179840,oracle_only
708215,115,oracle+donor_profile,xml,0,0.25,179841,oracle_only
708333,121,oracle+donor_profile,xml,0,0.25,179842,oracle_only
708457,126,oracle+donor_profile,xml,0,0.25,179843,oracle_only
708586,111,oracle+donor_profile,xml,0,0.25,179844,oracle_only
708700,132,oracle+donor_profile,xml,0,0.25,179845,oracle_only
708835,130,oracle+donor_profile,xml,0,0.25,179846,oracle_only
708968,121,oracle+donor_profile,xml,0,0.25,179847,oracle_only
709092,134,oracle+donor_profile,xml,0,0.25,179848,oracle_only
709229,135,oracle+donor_profile,xml,0,0.25,179849,oracle_only
709367,118,oracle+donor_profile,xml,0,0.25,179850,oracle_only
709488,101,oracle+donor_profile,xml,0,0.25,179851,oracle_only
709592,142,oracle+donor_profile,xml,0,0.25,179852,oracle_only
709737,131,oracle+donor_profile,xml,0,0.25,179853,oracle_only
709871,102,oracle+donor_profile,xml,0,0.25,179854,oracle_only
709976,130,oracle+donor_profile,xml,0,0.25,179855,oracle_only
710109,123,oracle+donor_profile,xml,0,0.25,179856,oracle_only
710235,129,oracle+donor_profile,xml,0,0.25,179857,oracle_only
710367,130,oracle+donor_profile,xml,0,0.25,179858,oracle_only
710500,129,oracle+donor_profile,xml,0,0.25,179859,oracle_only
710632,128,oracle+donor_profile,xml,0,0.25,179860,oracle_only
710763,112,oracle+donor_profile,xml,0,0.25,179861,oracle_only
710878,122,oracle+donor_profile,xml,0,0.25,179862,oracle_only
711003,132,oracle+donor_profile,xml,0,0.25,179863,oracle_only
711138,124,oracle+donor_profile,xml,0,0.25,179864,oracle_only
711265,146,oracle+donor_profile,xml,0,0.25,179865,oracle_only
711414,133,oracle+donor_profile,xml,0,0.25,179866,oracle_only
711550,128,oracle+donor_profile,xml,0,0.25,179867,oracle_only
711681,124,oracle+donor_profile,xml,0,0.25,179868,oracle_only
711808,119,oracle+donor_profile,xml,0,0.25,179869,oracle_only
711930,124,oracle+donor_profile,xml,0,0.25,179870,oracle_only
712057,133,oracle+donor_profile,xml,0,0.25,179871,oracle_only
712193,132,oracle+donor_profile,xml,0,0.25,179872,oracle_only
712328,138,oracle+donor_profile,xml,0,0.25,179873,oracle_only
712469,110,oracle+donor_profile,xml,0,0.25,179874,oracle_only
712582,137,oracle+donor_profile,xml,0,0.25,179875,oracle_only
712722,94,oracle+donor_profile,xml,0,0.25,179876,oracle_only
712819,218,oracle+donor_profile,xml,0,0.25,179877,oracle_only
713040,111,oracle+donor_profile,xml,0,0.25,179878,oracle_only
713154,127,oracle+donor_profile,xml,0,0.25,179879,oracle_only
713284,112,oracle+donor_profile,xml,0,0.25,179880,oracle_only
713399,144,oracle+donor_profile,xml,0,0.25,179881,oracle_only
713546,125,oracle+donor_profile,xml,0,0.25,179882,oracle_only
713674,90,oracle+donor_profile,xml,0,0.25,179883,oracle_only
713767,108,oracle+donor_profile,xml,0,0.25,179884,oracle_only
713878,106,oracle+donor_profile,xml,0,0.25,179885,oracle_only
713987,130,oracle+donor_profile,xml,0,0.25,179886,oracle_only
714120,126,oracle+donor_profile,xml,0,0.25,179887,oracle_only
714249,131,oracle+donor_profile,xml,0,0.25,179888,oracle_only
714383,115,oracle+donor_profile,xml,0,0.25,179889,oracle_only
714501,128,oracle+donor_profile,xml,0,0.25,179890,oracle_only
714632,132,oracle+donor_profile,xml,0,0.25,179891,oracle_only
714767,176,oracle+donor_profile,xml,0,0.25,179892,oracle_only
714946,141,oracle+donor_profile,xml,0,0.25,179893,oracle_only
715090,125,oracle+donor_profile,xml,0,0.25,179894,oracle_only
715218,116,oracle+donor_profile,xml,0,0.25,179895,oracle_only
715337,133,oracle+donor_profile,xml,0,0.25,179896,oracle_only
715473,114,oracle+donor_profile,xml,0,0.25,179897,oracle_only
715590,88,oracle+donor_profile,xml,0,0.25,179898,oracle_only
715681,123,oracle+donor_profile,xml,0,0.25,179899,oracle_only
715807,129,oracle+donor_profile,xml,0,0.25,179900,oracle_only
715939,201,oracle+donor_profile,xml,0,0.25,179901,oracle_only
716143,122,oracle+donor_profile,xml,0,0.25,179902,oracle_only
716268,126,oracle+donor_profile,xml,0,0.25,179903,oracle_only
716397,137,oracle+donor_profile,xml,0,0.25,179904,oracle_only
716537,126,oracle+donor_profile,xml,0,0.25,179905,oracle_only
716666,125,oracle+donor_profile,xml,0,0.25,179906,oracle_only
716794,122,oracle+donor_profile,xml,0,0.25,179907,oracle_only
716919,130,oracle+donor_profile,xml,0,0.25,179908,oracle_only
717052,87,oracle+donor_profile,xml,0,0.25,179909,oracle_only
717142,136,oracle+donor_profile,xml,0,0.25,179910,oracle_only
717281,134,oracle+donor_profile,xml,0,0.25,179911,oracle_only
717418,101,oracle+donor_profile,xml,0,0.25,179912,oracle_only
717522,104,oracle+donor_profile,xml,0,0.25,179913,oracle_only
717629,102,oracle+donor_profile,xml,0,0.25,179914,oracle_only
717734,126,oracle+donor_profile,xml,0,0.25,179915,oracle_only
717863,121,oracle+donor_profile,xml,0,0.25,179916,oracle_only
717987,119,oracle+donor_profile,xml,0,0.25,179917,oracle_only
718109,86,oracle+donor_profile,xml,0,0.25,179918,oracle_only
718198,112,oracle+donor_profile,xml,0,0.25,179919,oracle_only
718313,89,oracle+donor_profile,xml,0,0.25,179920,oracle_only
718405,128,oracle+donor_profile,xml,0,0.25,179921,oracle_only
718536,141,oracle+donor_profile,xml,0,0.25,179922,oracle_only
718680,114,oracle+donor_profile,xml,0,0.25,179923,oracle_only
718797,130,oracle+donor_profile,xml,0,0.25,179924,oracle_only
718930,126,oracle+donor_profile,xml,0,0.25,179925,oracle_only
719059,132,oracle+donor_profile,xml,0,0.25,179926,oracle_only
719194,117,oracle+donor_profile,xml,0,0.25,179927,oracle_only
719314,142,oracle+donor_profile,xml,0,0.25,179928,oracle_only
719459,107,oracle+donor_profile,xml,0,0.25,179929,oracle_only
719569,82,oracle+donor_profile,xml,0,0.25,179930,oracle_only
719654,102,oracle+donor_profile,xml,0,0.25,179931,oracle_only
719759,104,oracle+donor_profile,xml,0,0.25,179932,oracle_only
719866,122,oracle+donor_profile,xml,0,0.25,179933,oracle_only
719991,145,oracle+donor_profile,xml,0,0.25,179934,oracle_only
720139,114,oracle+donor_profile,xml,0,0.25,179935,oracle_only
720256,123,oracle+donor_profile,xml,0,0.25,179936,oracle_only
720382,123,oracle+donor_profile,xml,0,0.25,179937,oracle_only
720508,118,oracle+donor_profile,xml,0,0.25,179938,oracle_only
720629,121,oracle+donor_profile,xml,0,0.25,179939,oracle_only
720753,113,oracle+donor_profile,xml,0,0.25,179940,oracle_only
720869,117,oracle+donor_profile,xml,0,0.25,179941,oracle_only
720989,127,oracle+donor_profile,xml,0,0.25,179942,oracle_only
721119,115,oracle+donor_profile,xml,0,0.25,179943,oracle_only
721237,105,oracle+donor_profile,xml,0,0.25,179944,oracle_only
721345,190,oracle+donor_profile,xml,0,0.25,179945,oracle_only
721538,114,oracle+donor_profile,xml,0,0.25,179946,oracle_only
721655,130,oracle+donor_profile,xml,0,0.25,179947,oracle_only
721788,113,oracle+donor_profile,xml,0,0.25,179948,oracle_only
721904,133,oracle+donor_profile,xml,0,0.25,179949,oracle_only
722040,155,oracle+donor_profile,xml,0,0.25,179950,oracle_only
722198,122,oracle+donor_profile,xml,0,0.25,179951,oracle_only
722323,136,oracle+donor_profile,xml,0,0.25,179952,oracle_only
722462,115,oracle+donor_profile,xml,0,0.25,179953,oracle_only
722580,130,oracle+donor_profile,xml,0,0.25,179954,oracle_only
722713,133,oracle+donor_profile,xml,0,0.25,179955,oracle_only
722849,126,oracle+donor_profile,xml,0,0.25,179956,oracle_only
722978,125,oracle+donor_profile,xml,0,0.25,179957,oracle_only
723106,112,oracle+donor_profile,xml,0,0.25,179958,oracle_only
723221,105,oracle+donor_profile,xml,0,0.25,179959,oracle_only
723329,125,oracle+donor_profile,xml,0,0.25,179960,oracle_only
723457,129,oracle+donor_profile,xml,0,0.25,179961,oracle_only
723589,123,oracle+donor_profile,xml,0,0.25,179962,oracle_only
723715,121,oracle+donor_profile,xml,0,0.25,179963,oracle_only
723839,125,oracle+donor_profile,xml,0,0.25,179964,oracle_only
723967,101,oracle+donor_profile,xml,0,0.25,179965,oracle_only
724071,138,oracle+donor_profile,xml,0,0.25,179966,oracle_only
724212,122,oracle+donor_profile,xml,0,0.25,179967,oracle_only
724337,114,oracle+donor_profile,xml,0,0.25,179968,oracle_only
724454,131,oracle+donor_profile,xml,0,0.25,179969,oracle_only
724588,140,oracle+donor_profile,xml,0,0.25,179970,oracle_only
724731,117,oracle+donor_profile,xml,0,0.25,179971,oracle_only
724851,155,oracle+donor_profile,xml,0,0.25,179972,oracle_only
725009,121,oracle+donor_profile,xml,0,0.25,179973,oracle_only
725133,88,oracle+donor_profile,xml,0,0.25,179974,oracle_only
725224,118,oracle+donor_profile,xml,0,0.25,179975,oracle_only
725345,139,oracle+donor_profile,xml,0,0.25,179976,oracle_only
725487,146,oracle+donor_profile,xml,0,0.25,179977,oracle_only
725636,162,oracle+donor_profile,xml,0,0.25,179978,oracle_only
725801,133,oracle+donor_profile,xml,0,0.25,179979,oracle_only
725937,103,oracle+donor_profile,xml,0,0.25,179980,oracle_only
726043,110,oracle+donor_profile,xml,0,0.25,179981,oracle_only
726156,180,oracle+donor_profile,xml,0,0.25,179982,oracle_only
726339,113,oracle+donor_profile,xml,0,0.25,179983,oracle_only
726455,128,oracle+donor_profile,xml,0,0.25,179984,oracle_only
726586,153,oracle+donor_profile,xml,0,0.25,179985,oracle_only
726742,93,oracle+donor_profile,xml,0,0.25,179986,oracle_only
726838,129,oracle+donor_profile,xml,0,0.25,179987,oracle_only
726970,126,oracle+donor_profile,xml,0,0.25,179988,oracle_only
727099,102,oracle+donor_profile,xml,0,0.25,179989,oracle_only
727204,94,oracle+donor_profile,xml,0,0.25,179990,oracle_only
727301,132,oracle+donor_profile,xml,0,0.25,179991,oracle_only
727436,125,oracle+donor_profile,xml,0,0.25,179992,oracle_only
727564,121,oracle+donor_profile,xml,0,0.25,179993,oracle_only
727688,114,oracle+donor_profile,xml,0,0.25,179994,oracle_only
727805,134,oracle+donor_profile,xml,0,0.25,179995,oracle_only
727942,142,oracle+donor_profile,xml,0,0.25,179996,oracle_only
728087,114,oracle+donor_profile,xml,0,0.25,179997,oracle_only
728204,119,oracle+donor_profile,xml,0,0.25,179998,oracle_only
728326,124,oracle+donor_profile,xml,0,0.25,179999,oracle_only
728453,97,oracle+donor_profile,xml,0,0.25,180000,oracle_only
728553,114,oracle+donor_profile,xml,0,0.25,180001,oracle_only
728670,119,oracle+donor_profile,xml,0,0.25,180002,oracle_only
728792,86,oracle+donor_profile,xml,0,0.25,180003,oracle_only
728881,121,oracle+donor_profile,xml,0,0.25,180004,oracle_only
729005,140,oracle+donor_profile,xml,0,0.25,180005,oracle_only
729148,110,oracle+donor_profile,xml,0,0.25,180006,oracle_only
729261,105,oracle+donor_profile,xml,0,0.25,180007,oracle_only
729369,121,oracle+donor_profile,xml,0,0.25,180008,oracle_only
729493,134,oracle+donor_profile,xml,0,0.25,180009,oracle_only
729630,100,oracle+donor_profile,xml,0,0.25,180010,oracle_only
729733,121,oracle+donor_profile,xml,0,0.25,180011,oracle_only
729857,114,oracle+donor_profile,xml,0,0.25,180012,oracle_only
729974,93,oracle+donor_profile,xml,0,0.25,180013,oracle_only
730070,109,oracle+donor_profile,xml,0,0.25,180014,oracle_only
730182,125,oracle+donor_profile,xml,0,0.25,180015,oracle_only
730310,90,oracle+donor_profile,xml,0,0.25,180016,oracle_only
730403,137,oracle+donor_profile,xml,0,0.25,180017,oracle_only
730543,160,oracle+donor_profile,xml,0,0.25,180018,oracle_only
730706,122,oracle+donor_profile,xml,0,0.25,180019,oracle_only
730831,128,oracle+donor_profile,xml,0,0.25,180020,oracle_only
730962,132,oracle+donor_profile,xml,0,0.25,180021,oracle_only
731097,111,oracle+donor_profile,xml,0,0.25,180022,oracle_only
731211,104,oracle+donor_profile,xml,0,0.25,180023,oracle_only
731318,178,oracle+donor_profile,xml,0,0.25,180024,oracle_only
731499,110,oracle+donor_profile,xml,0,0.25,180025,oracle_only
731612,130,oracle+donor_profile,xml,0,0.25,180026,oracle_only
731745,130,oracle+donor_profile,xml,0,0.25,180027,oracle_only
731878,89,oracle+donor_profile,xml,0,0.25,180028,oracle_only
731970,93,oracle+donor_profile,xml,0,0.25,180029,oracle_only
732066,111,oracle+donor_profile,xml,0,0.25,180030,oracle_only
732180,114,oracle+donor_profile,xml,0,0.25,180031,oracle_only
732297,106,oracle+donor_profile,xml,0,0.25,180032,oracle_only
732406,81,oracle+donor_profile,xml,0,0.25,180033,oracle_only
732490,88,oracle+donor_profile,xml,0,0.25,180034,oracle_only
732581,123,oracle+donor_profile,xml,0,0.25,180035,oracle_only
732707,125,oracle+donor_profile,xml,0,0.25,180036,oracle_only
732835,138,oracle+donor_profile,xml,0,0.25,180037,oracle_only
732976,95,oracle+donor_profile,xml,0,0.25,180038,oracle_only
733074,102,oracle+donor_profile,xml,0,0.25,180039,oracle_only
733179,124,oracle+donor_profile,xml,0,0.25,180040,oracle_only
733306,113,oracle+donor_profile,xml,0,0.25,180041,oracle_only
733422,126,oracle+donor_profile,xml,0,0.25,180042,oracle_only
733551,122,oracle+donor_profile,xml,0,0.25,180043,oracle_only
733676,134,oracle+donor_profile,xml,0,0.25,180044,oracle_only
733813,153,oracle+donor_profile,xml,0,0.25,180045,oracle_only
733969,120,oracle+donor_profile,xml,0,0.25,180046,oracle_only
734092,121,oracle+donor_profile,xml,0,0.25,180047,oracle_only
734216,123,oracle+donor_profile,xml,0,0.25,180048,oracle_only
734342,160,oracle+donor_profile,xml,0,0.25,180049,oracle_only
734505,128,oracle+donor_profile,xml,0,0.25,180050,oracle_only
734636,124,oracle+donor_profile,xml,0,0.25,180051,oracle_only
734763,130,oracle+donor_profile,xml,0,0.25,180052,oracle_only
734896,131,oracle+donor_profile,xml,0,0.25,180053,oracle_only
735030,105,oracle+donor_profile,xml,0,0.25,180054,oracle_only
735138,110,oracle+donor_profile,xml,0,0.25,180055,oracle_only
735251,124,oracle+donor_profile,xml,0,0.25,180056,oracle_only
735378,80,oracle+donor_profile,xml,0,0.25,180057,oracle_only
735461,131,oracle+donor_profile,xml,0,0.25,180058,oracle_only
735595,148,oracle+donor_profile,xml,0,0.25,180059,oracle_only
735746,202,oracle+donor_profile,xml,0,0.25,180060,oracle_only
735951,121,oracle+donor_profile,xml,0,0.25,180061,oracle_only
736075,133,oracle+donor_profile,xml,0,0.25,180062,oracle_only
736211,131,oracle+donor_profile,xml,0,0.25,180063,oracle_only
736345,140,oracle+donor_profile,xml,0,0.25,180064,oracle_only
736488,116,oracle+donor_profile,xml,0,0.25,180065,oracle_only
736607,119,oracle+donor_profile,xml,0,0.25,180066,oracle_only
736729,131,oracle+donor_profile,xml,0,0.25,180067,oracle_only
736863,99,oracle+donor_profile,xml,0,0.25,180068,oracle_only
736965,200,oracle+donor_profile,xml,0,0.25,180069,oracle_only
737168,178,oracle+donor_profile,xml,0,0.25,180070,oracle_only
737349,129,oracle+donor_profile,xml,0,0.25,180071,oracle_only
737481,124,oracle+donor_profile,xml,0,0.25,180072,oracle_only
737608,105,oracle+donor_profile,xml,0,0.25,180073,oracle_only
737716,118,oracle+donor_profile,xml,0,0.25,180074,oracle_only
737837,119,oracle+donor_profile,xml,0,0.25,180075,oracle_only
737959,130,oracle+donor_profile,xml,0,0.25,180076,oracle_only
738092,118,oracle+donor_profile,xml,0,0.25,180077,oracle_only
738213,99,oracle+donor_profile,xml,0,0.25,180078,oracle_only
738315,136,oracle+donor_profile,xml,0,0.25,180079,oracle_only
738454,125,oracle+donor_profile,xml,0,0.25,180080,oracle_only
738582,109,oracle+donor_profile,xml,0,0.25,180081,oracle_only
738694,122,oracle+donor_profile,xml,0,0.25,180082,oracle_only
738819,116,oracle+donor_profile,xml,0,0.25,180083,oracle_only
738938,97,oracle+donor_profile,xml,0,0.25,180084,oracle_only
739038,162,oracle+donor_profile,xml,0,0.25,180085,oracle_only
739203,136,oracle+donor_profile,xml,0,0.25,180086,oracle_only
739342,175,oracle+donor_profile,xml,0,0.25,180087,oracle_only
739520,117,oracle+donor_profile,xml,0,0.25,180088,oracle_only
739640,131,oracle+donor_profile,xml,0,0.25,180089,oracle_only
739774,148,oracle+donor_profile,xml,0,0.25,180090,oracle_only
739925,161,oracle+donor_profile,xml,0,0.25,180091,oracle_only
740089,121,oracle+donor_profile,xml,0,0.25,180092,oracle_only
740213,105,oracle+donor_profile,xml,0,0.25,180093,oracle_only
740321,105,oracle+donor_profile,xml,0,0.25,180094,oracle_only
740429,123,oracle+donor_profile,xml,0,0.25,180095,oracle_only
740555,109,oracle+donor_profile,xml,0,0.25,180096,oracle_only
740667,216,oracle+donor_profile,xml,0,0.25,180097,oracle_only
740886,159,oracle+donor_profile,xml,0,0.25,180098,oracle_only
741048,159,oracle+donor_profile,xml,0,0.25,180099,oracle_only
741210,105,oracle+donor_profile,xml,0,0.25,180100,oracle_only
741318,104,oracle+donor_profile,xml,0,0.25,180101,oracle_only
741425,134,oracle+donor_profile,xml,0,0.25,180102,oracle_only
741562,138,oracle+donor_profile,xml,0,0.25,180103,oracle_only
741703,140,oracle+donor_profile,xml,0,0.25,180104,oracle_only
741846,143,oracle+donor_profile,xml,0,0.25,180105,oracle_only
741992,169,oracle+donor_profile,xml,0,0.25,180106,oracle_only
742164,120,oracle+donor_profile,xml,0,0.25,180107,oracle_only
742287,116,oracle+donor_profile,xml,0,0.25,180108,oracle_only
742406,117,oracle+donor_profile,xml,0,0.25,180109,oracle_only
742526,138,oracle+donor_profile,xml,0,0.25,180110,oracle_only
742667,133,oracle+donor_profile,xml,0,0.25,180111,oracle_only
742803,115,oracle+donor_profile,xml,0,0.25,180112,oracle_only
742921,116,oracle+donor_profile,xml,0,0.25,180113,oracle_only
743040,132,oracle+donor_profile,xml,0,0.25,180114,oracle_only
743175,120,oracle+donor_profile,xml,0,0.25,180115,oracle_only
743298,105,oracle+donor_profile,xml,0,0.25,180116,oracle_only
743406,127,oracle+donor_profile,xml,0,0.25,180117,oracle_only
743536,144,oracle+donor_profile,xml,0,0.25,180118,oracle_only
743683,150,oracle+donor_profile,xml,0,0.25,180119,oracle_only
743836,138,oracle+donor_profile,xml,0,0.25,180120,oracle_only
743977,110,oracle+donor_profile,xml,0,0.25,180121,oracle_only
744090,143,oracle+donor_profile,xml,0,0.25,180122,oracle_only
744236,101,oracle+donor_profile,xml,0,0.25,180123,oracle_only
744340,139,oracle+donor_profile,xml,0,0.25,180124,oracle_only
744482,110,oracle+donor_profile,xml,0,0.25,180125,oracle_only
744595,147,oracle+donor_profile,xml,0,0.25,180126,oracle_only
744745,157,oracle+donor_profile,xml,0,0.25,180127,oracle_only
744905,143,oracle+donor_profile,xml,0,0.25,180128,oracle_only
745051,140,oracle+donor_profile,xml,0,0.25,180129,oracle_only
745194,143,oracle+donor_profile,xml,0,0.25,180130,oracle_only
745340,143,oracle+donor_profile,xml,0,0.25,180131,oracle_only
745486,149,oracle+donor_profile,xml,0,0.25,180132,oracle_only
745638,149,oracle+donor_profile,xml,0,0.25,180133,oracle_only
745790,113,oracle+donor_profile,xml,0,0.25,180134,oracle_only
745906,113,oracle+donor_profile,xml,0,0.25,180135,oracle_only
746022,140,oracle+donor_profile,xml,0,0.25,180136,oracle_only
746165,127,oracle+donor_profile,xml,0,0.25,180137,oracle_only
746295,117,oracle+donor_profile,xml,0,0.25,180138,oracle_only
746415,144,oracle+donor_profile,xml,0,0.25,180139,oracle_only
746562,171,oracle+donor_profile,xml,0,0.25,180140,oracle_only
746736,152,oracle+donor_profile,xml,0,0.25,180141,oracle_only
746891,124,oracle+donor_profile,xml,0,0.25,180142,oracle_only
747018,125,oracle+donor_profile,xml,0,0.25,180143,oracle_only
747146,158,oracle+donor_profile,xml,0,0.25,180144,oracle_only
747307,139,oracle+donor_profile,xml,0,0.25,180145,oracle_only
747449,120,oracle+donor_profile,xml,0,0.25,180146,oracle_only
747572,134,oracle+donor_profile,xml,0,0.25,180147,oracle_only
747709,96,oracle+donor_profile,xml,0,0.25,180148,oracle_only
747808,118,oracle+donor_profile,xml,0,0.25,180149,oracle_only
747929,125,oracle+donor_profile,xml,0,0.25,180150,oracle_only
748057,115,oracle+donor_profile,xml,0,0.25,180151,oracle_only
748175,117,oracle+donor_profile,xml,0,0.25,180152,oracle_only
748295,108,oracle+donor_profile,xml,0,0.25,180153,oracle_only
748406,121,oracle+donor_profile,xml,0,0.25,180154,oracle_only
748530,119,oracle+donor_profile,xml,0,0.25,180155,oracle_only
748652,84,oracle+donor_profile,xml,0,0.25,180156,oracle_only
748739,117,oracle+donor_profile,xml,0,0.25,180157,oracle_only
748859,126,oracle+donor_profile,xml,0,0.25,180158,oracle_only
748988,114,oracle+donor_profile,xml,0,0.25,180159,oracle_only
749105,112,oracle+donor_profile,xml,0,0.25,180160,oracle_only
749220,103,oracle+donor_profile,xml,0,0.25,180161,oracle_only
749326,94,oracle+donor_profile,xml,0,0.25,180162,oracle_only
749423,136,oracle+donor_profile,xml,0,0.25,180163,oracle_only
749562,146,oracle+donor_profile,xml,0,0.25,180164,oracle_only
749711,116,oracle+donor_profile,xml,0,0.25,180165,oracle_only
749830,137,oracle+donor_profile,xml,0,0.25,180166,oracle_only
749970,189,oracle+donor_profile,xml,0,0.25,180167,oracle_only
750162,123,oracle+donor_profile,xml,0,0.25,180168,oracle_only
750288,139,oracle+donor_profile,xml,0,0.25,180169,oracle_only
750430,111,oracle+donor_profile,xml,0,0.25,180170,oracle_only
750544,117,oracle+donor_profile,xml,0,0.25,180171,oracle_only
750664,119,oracle+donor_profile,xml,0,0.25,180172,oracle_only
750786,92,oracle+donor_profile,xml,0,0.25,180173,oracle_only
750881,110,oracle+donor_profile,xml,0,0.25,180174,oracle_only
750994,128,oracle+donor_profile,xml,0,0.25,180175,oracle_only
751125,110,oracle+donor_profile,xml,0,0.25,180176,oracle_only
751238,110,oracle+donor_profile,xml,0,0.25,180177,oracle_only
751351,123,oracle+donor_profile,xml,0,0.25,180178,oracle_only
751477,104,oracle+donor_profile,xml,0,0.25,180179,oracle_only
751584,133,oracle+donor_profile,xml,0,0.25,180180,oracle_only
751720,132,oracle+donor_profile,xml,0,0.25,180181,oracle_only
751855,132,oracle+donor_profile,xml,0,0.25,180182,oracle_only
751990,132,oracle+donor_profile,xml,0,0.25,180183,oracle_only
752125,132,oracle+donor_profile,xml,0,0.25,180184,oracle_only
752260,132,oracle+donor_profile,xml,0,0.25,180185,oracle_only
752395,143,oracle+donor_profile,xml,0,0.25,180186,oracle_only
752541,143,oracle+donor_profile,xml,0,0.25,180187,oracle_only
752687,132,oracle+donor_profile,xml,0,0.25,180188,oracle_only
752822,127,oracle+donor_profile,xml,0,0.25,180189,oracle_only
752952,130,oracle+donor_profile,xml,0,0.25,180190,oracle_only
753085,127,oracle+donor_profile,xml,0,0.25,180191,oracle_only
753215,122,oracle+donor_profile,xml,0,0.25,180192,oracle_only
753340,130,oracle+donor_profile,xml,0,0.25,180193,oracle_only
753473,134,oracle+donor_profile,xml,0,0.25,180194,oracle_only
753610,110,oracle+donor_profile,xml,0,0.25,180195,oracle_only
753723,128,oracle+donor_profile,xml,0,0.25,180196,oracle_only
753854,139,oracle+donor_profile,xml,0,0.25,180197,oracle_only
753996,118,oracle+donor_profile,xml,0,0.25,180198,oracle_only
754117,150,oracle+donor_profile,xml,0,0.25,180199,oracle_only
754270,115,oracle+donor_profile,xml,0,0.25,180200,oracle_only
754388,151,oracle+donor_profile,xml,0,0.25,180201,oracle_only
754542,121,oracle+donor_profile,xml,0,0.25,180202,oracle_only
754666,131,oracle+donor_profile,xml,0,0.25,180203,oracle_only
754800,80,oracle+donor_profile,xml,0,0.25,180204,oracle_only
754883,125,oracle+donor_profile,xml,0,0.25,180205,oracle_only
755011,131,oracle+donor_profile,xml,0,0.25,180206,oracle_only
755145,112,oracle+donor_profile,xml,0,0.25,180207,oracle_only
755260,132,oracle+donor_profile,xml,0,0.25,180208,oracle_only
755395,96,oracle+donor_profile,xml,0,0.25,180209,oracle_only
755494,128,oracle+donor_profile,xml,0,0.25,180210,oracle_only
755625,120,oracle+donor_profile,xml,0,0.25,180211,oracle_only
755748,121,oracle+donor_profile,xml,0,0.25,180212,oracle_only
755872,121,oracle+donor_profile,xml,0,0.25,180213,oracle_only
755996,112,oracle+donor_profile,xml,0,0.25,180214,oracle_only
756111,132,oracle+donor_profile,xml,0,0.25,180215,oracle_only
756246,88,oracle+donor_profile,xml,0,0.25,180216,oracle_only
756337,139,oracle+donor_profile,xml,0,0.25,180217,oracle_only
756479,139,oracle+donor_profile,xml,0,0.25,180218,oracle_only
756621,138,oracle+donor_profile,xml,0,0.25,180219,oracle_only
756762,157,oracle+donor_profile,xml,0,0.25,180220,oracle_only
756922,139,oracle+donor_profile,xml,0,0.25,180221,oracle_only
757064,138,oracle+donor_profile,xml,0,0.25,180222,oracle_only
757205,131,oracle+donor_profile,xml,0,0.25,180223,oracle_only
757339,141,oracle+donor_profile,xml,0,0.25,180224,oracle_only
757483,124,oracle+donor_profile,xml,0,0.25,180225,oracle_only
757610,139,oracle+donor_profile,xml,0,0.25,180226,oracle_only
757752,139,oracle+donor_profile,xml,0,0.25,180227,oracle_only
757894,124,oracle+donor_profile,xml,0,0.25,180228,oracle_only
758021,125,oracle+donor_profile,xml,0,0.25,180229,oracle_only
758149,127,oracle+donor_profile,xml,0,0.25,180230,oracle_only
758279,83,oracle+donor_profile,xml,0,0.25,180231,oracle_only
758365,124,oracle+donor_profile,xml,0,0.25,180232,oracle_only
758492,102,oracle+donor_profile,xml,0,0.25,180233,oracle_only
758597,122,oracle+donor_profile,xml,0,0.25,180234,oracle_only
758722,123,oracle+donor_profile,xml,0,0.25,180235,oracle_only
758848,130,oracle+donor_profile,xml,0,0.25,180236,oracle_only
758981,127,oracle+donor_profile,xml,0,0.25,180237,oracle_only
759111,107,oracle+donor_profile,xml,0,0.25,180238,oracle_only
759221,143,oracle+donor_profile,xml,0,0.25,180239,oracle_only
759367,143,oracle+donor_profile,xml,0,0.25,180240,oracle_only
759513,139,oracle+donor_profile,xml,0,0.25,180241,oracle_only
759655,142,oracle+donor_profile,xml,0,0.25,180242,oracle_only
759800,144,oracle+donor_profile,xml,0,0.25,180243,oracle_only
759947,143,oracle+donor_profile,xml,0,0.25,180244,oracle_only
760093,139,oracle+donor_profile,xml,0,0.25,180245,oracle_only
760235,139,oracle+donor_profile,xml,0,0.25,180246,oracle_only
760377,174,oracle+donor_profile,xml,0,0.25,180247,oracle_only
760554,151,oracle+donor_profile,xml,0,0.25,180248,oracle_only
760708,95,oracle+donor_profile,xml,0,0.25,180249,oracle_only
760806,170,oracle+donor_profile,xml,0,0.25,180250,oracle_only
760979,91,oracle+donor_profile,xml,0,0.25,180251,oracle_only
761073,178,oracle+donor_profile,xml,0,0.25,180252,oracle_only
761254,139,oracle+donor_profile,xml,0,0.25,180253,oracle_only
761396,142,oracle+donor_profile,xml,0,0.25,180254,oracle_only
761541,144,oracle+donor_profile,xml,0,0.25,180255,oracle_only
761688,143,oracle+donor_profile,xml,0,0.25,180256,oracle_only
761834,143,oracle+donor_profile,xml,0,0.25,180257,oracle_only
761980,142,oracle+donor_profile,xml,0,0.25,180258,oracle_only
762125,164,oracle+donor_profile,xml,0,0.25,180259,oracle_only
762292,161,oracle+donor_profile,xml,0,0.25,180260,oracle_only
762456,135,oracle+donor_profile,xml,0,0.25,180261,oracle_only
762594,98,oracle+donor_profile,xml,0,0.25,180262,oracle_only
762695,110,oracle+donor_profile,xml,0,0.25,180263,oracle_only
762808,119,oracle+donor_profile,xml,0,0.25,180264,oracle_only
762930,144,oracle+donor_profile,xml,0,0.25,180265,oracle_only
763077,120,oracle+donor_profile,xml,0,0.25,180266,oracle_only
763200,152,oracle+donor_profile,xml,0,0.25,180267,oracle_only
763355,103,oracle+donor_profile,xml,0,0.25,180268,oracle_only
763461,136,oracle+donor_profile,xml,0,0.25,180269,oracle_only
763600,137,oracle+donor_profile,xml,0,0.25,180270,oracle_only
763740,140,oracle+donor_profile,xml,0,0.25,180271,oracle_only
763883,144,oracle+donor_profile,xml,0,0.25,180272,oracle_only
764030,134,oracle+donor_profile,xml,0,0.25,180273,oracle_only
764167,128,oracle+donor_profile,xml,0,0.25,180274,oracle_only
764298,124,oracle+donor_profile,xml,0,0.25,180275,oracle_only
764425,177,oracle+donor_profile,xml,0,0.25,180276,oracle_only
764605,114,oracle+donor_profile,xml,0,0.25,180277,oracle_only
764722,77,oracle+donor_profile,xml,0,0.25,180278,oracle_only
764802,150,oracle+donor_profile,xml,0,0.25,180279,oracle_only
764955,92,oracle+donor_profile,xml,0,0.25,180280,oracle_only
765050,97,oracle+donor_profile,xml,0,0.25,180281,oracle_only
765150,130,oracle+donor_profile,xml,0,0.25,180282,oracle_only
765283,154,oracle+donor_profile,xml,0,0.25,180283,oracle_only
765440,120,oracle+donor_profile,xml,0,0.25,180284,oracle_only
765563,122,oracle+donor_profile,xml,0,0.25,180285,oracle_only
765688,118,oracle+donor_profile,xml,0,0.25,180286,oracle_only
765809,117,oracle+donor_profile,xml,0,0.25,180287,oracle_only
765929,86,oracle+donor_profile,xml,0,0.25,180288,oracle_only
766018,183,oracle+donor_profile,xml,0,0.25,180289,oracle_only
766204,116,oracle+donor_profile,xml,0,0.25,180290,oracle_only
766323,123,oracle+donor_profile,xml,0,0.25,180291,oracle_only
766449,106,oracle+donor_profile,xml,0,0.25,180292,oracle_only
766558,98,oracle+donor_profile,xml,0,0.25,180293,oracle_only
766659,101,oracle+donor_profile,xml,0,0.25,180294,oracle_only
766763,126,oracle+donor_profile,xml,0,0.25,180295,oracle_only
766892,109,oracle+donor_profile,xml,0,0.25,180296,oracle_only
767004,130,oracle+donor_profile,xml,0,0.25,180297,oracle_only
767137,148,oracle+donor_profile,xml,0,0.25,180298,oracle_only
767288,130,oracle+donor_profile,xml,0,0.25,180299,oracle_only
767421,120,oracle+donor_profile,xml,0,0.25,180300,oracle_only
767544,132,oracle+donor_profile,xml,0,0.25,180301,oracle_only
767679,167,oracle+donor_profile,xml,0,0.25,180302,oracle_only
767849,171,oracle+donor_profile,xml,0,0.25,180303,oracle_only
768023,138,oracle+donor_profile,xml,0,0.25,180304,oracle_only
768164,134,oracle+donor_profile,xml,0,0.25,180305,oracle_only
768301,121,oracle+donor_profile,xml,0,0.25,180306,oracle_only
768425,122,oracle+donor_profile,xml,0,0.25,180307,oracle_only
768550,103,oracle+donor_profile,xml,0,0.25,180308,oracle_only
768656,112,oracle+donor_profile,xml,0,0.25,180309,oracle_only
768771,135,oracle+donor_profile,xml,0,0.25,180310,oracle_only
768909,116,oracle+donor_profile,xml,0,0.25,180311,oracle_only
769028,127,oracle+donor_profile,xml,0,0.25,180312,oracle_only
769158,153,oracle+donor_profile,xml,0,0.25,180313,oracle_only
769314,129,oracle+donor_profile,xml,0,0.25,180314,oracle_only
769446,127,oracle+donor_profile,xml,0,0.25,180315,oracle_only
769576,120,oracle+donor_profile,xml,0,0.25,180316,oracle_only
769699,119,oracle+donor_profile,xml,0,0.25,180317,oracle_only
769821,111,oracle+donor_profile,xml,0,0.25,180318,oracle_only
769935,107,oracle+donor_profile,xml,0,0.25,180319,oracle_only
770045,90,oracle+donor_profile,xml,0,0.25,180320,oracle_only
770138,90,oracle+donor_profile,xml,0,0.25,180321,oracle_only
770231,138,oracle+donor_profile,xml,0,0.25,180322,oracle_only
770372,127,oracle+donor_profile,xml,0,0.25,180323,oracle_only
770502,168,oracle+donor_profile,xml,0,0.25,180324,oracle_only
770673,136,oracle+donor_profile,xml,0,0.25,180325,oracle_only
770812,136,oracle+donor_profile,xml,0,0.25,180326,oracle_only
770951,84,oracle+donor_profile,xml,0,0.25,180327,oracle_only
771038,201,oracle+donor_profile,xml,0,0.25,180328,oracle_only
771242,134,oracle+donor_profile,xml,0,0.25,180329,oracle_only
771379,214,oracle+donor_profile,xml,0,0.25,180330,oracle_only
771596,118,oracle+donor_profile,xml,0,0.25,180331,oracle_only
771717,106,oracle+donor_profile,xml,0,0.25,180332,oracle_only
771826,128,oracle+donor_profile,xml,0,0.25,180333,oracle_only
771957,158,oracle+donor_profile,xml,0,0.25,180334,oracle_only
772118,122,oracle+donor_profile,xml,0,0.25,180335,oracle_only
772243,160,oracle+donor_profile,xml,0,0.25,180336,oracle_only
772406,137,oracle+donor_profile,xml,0,0.25,180337,oracle_only
772546,123,oracle+donor_profile,xml,0,0.25,180338,oracle_only
772672,117,oracle+donor_profile,xml,0,0.25,180339,oracle_only
772792,124,oracle+donor_profile,xml,0,0.25,180340,oracle_only
772919,125,oracle+donor_profile,xml,0,0.25,180341,oracle_only
773047,132,oracle+donor_profile,xml,0,0.25,180342,oracle_only
773182,128,oracle+donor_profile,xml,0,0.25,180343,oracle_only
773313,121,oracle+donor_profile,xml,0,0.25,180344,oracle_only
773437,140,oracle+donor_profile,xml,0,0.25,180345,oracle_only
773580,179,oracle+donor_profile,xml,0,0.25,180346,oracle_only
773762,162,oracle+donor_profile,xml,0,0.25,180347,oracle_only
773927,122,oracle+donor_profile,xml,0,0.25,180348,oracle_only
774052,230,oracle+donor_profile,xml,0,0.25,180349,oracle_only
774285,119,oracle+donor_profile,xml,0,0.25,180350,oracle_only
774407,82,oracle+donor_profile,xml,0,0.25,180351,oracle_only
774492,113,oracle+donor_profile,xml,0,0.25,180352,oracle_only
774608,222,oracle+donor_profile,xml,0,0.25,180353,oracle_only
774833,85,oracle+donor_profile,xml,0,0.25,180354,oracle_only
774921,113,oracle+donor_profile,xml,0,0.25,180355,oracle_only
775037,118,oracle+donor_profile,xml,0,0.25,180356,oracle_only
775158,100,oracle+donor_profile,xml,0,0.25,180357,oracle_only
775261,124,oracle+donor_profile,xml,0,0.25,180358,oracle_only
775388,81,oracle+donor_profile,xml,0,0.25,180359,oracle_only
775472,119,oracle+donor_profile,xml,0,0.25,180360,oracle_only
775594,155,oracle+donor_profile,xml,0,0.25,180361,oracle_only
775752,126,oracle+donor_profile,xml,0,0.25,180362,oracle_only
775881,123,oracle+donor_profile,xml,0,0.25,180363,oracle_only
776007,149,oracle+donor_profile,xml,0,0.25,180364,oracle_only
776159,149,oracle+donor_profile,xml,0,0.25,180365,oracle_only
776311,148,oracle+donor_profile,xml,0,0.25,180366,oracle_only
776462,153,oracle+donor_profile,xml,0,0.25,180367,oracle_only
776618,149,oracle+donor_profile,xml,0,0.25,180368,oracle_only
776770,150,oracle+donor_profile,xml,0,0.25,180369,oracle_only
776923,145,oracle+donor_profile,xml,0,0.25,180370,oracle_only
777071,149,oracle+donor_profile,xml,0,0.25,180371,oracle_only
777223,145,oracle+donor_profile,xml,0,0.25,180372,oracle_only
777371,145,oracle+donor_profile,xml,0,0.25,180373,oracle_only
777519,145,oracle+donor_profile,xml,0,0.25,180374,oracle_only
777667,150,oracle+donor_profile,xml,0,0.25,180375,oracle_only
777820,148,oracle+donor_profile,xml,0,0.25,180376,oracle_only
777971,150,oracle+donor_profile,xml,0,0.25,180377,oracle_only
778124,97,oracle+donor_profile,xml,0,0.25,180378,oracle_only
778224,137,oracle+donor_profile,xml,0,0.25,180379,oracle_only
778364,135,oracle+donor_profile,xml,0,0.25,180380,oracle_only
778502,112,oracle+donor_profile,xml,0,0.25,180381,oracle_only
778617,117,oracle+donor_profile,xml,0,0.25,180382,oracle_only
778737,139,oracle+donor_profile,xml,0,0.25,180383,oracle_only
778879,105,oracle+donor_profile,xml,0,0.25,180384,oracle_only
778987,102,oracle+donor_profile,xml,0,0.25,180385,oracle_only
779092,128,oracle+donor_profile,xml,0,0.25,180386,oracle_only
779223,123,oracle+donor_profile,xml,0,0.25,180387,oracle_only
779349,104,oracle+donor_profile,xml,0,0.25,180388,oracle_only
779456,83,oracle+donor_profile,xml,0,0.25,180389,oracle_only
779542,140,oracle+donor_profile,xml,0,0.25,180390,oracle_only
779685,119,oracle+donor_profile,xml,0,0.25,180391,oracle_only
779807,122,oracle+donor_profile,xml,0,0.25,180392,oracle_only
779932,83,oracle+donor_profile,xml,0,0.25,180393,oracle_only
780018,101,oracle+donor_profile,xml,0,0.25,180394,oracle_only
780122,88,oracle+donor_profile,xml,0,0.25,180395,oracle_only
780213,115,oracle+donor_profile,xml,0,0.25,180396,oracle_only
780331,112,oracle+donor_profile,xml,0,0.25,180397,oracle_only
780446,113,oracle+donor_profile,xml,0,0.25,180398,oracle_only
780562,121,oracle+donor_profile,xml,0,0.25,180399,oracle_only
780686,129,oracle+donor_profile,xml,0,0.25,180400,oracle_only
780818,107,oracle+donor_profile,xml,0,0.25,180401,oracle_only
780928,127,oracle+donor_profile,xml,0,0.25,180402,oracle_only
781058,104,oracle+donor_profile,xml,0,0.25,180403,oracle_only
781165,126,oracle+donor_profile,xml,0,0.25,180404,oracle_only
781294,88,oracle+donor_profile,xml,0,0.25,180405,oracle_only
781385,122,oracle+donor_profile,xml,0,0.25,180406,oracle_only
781510,136,oracle+donor_profile,xml,0,0.25,180407,oracle_only
781649,127,oracle+donor_profile,xml,0,0.25,180408,oracle_only
781779,135,oracle+donor_profile,xml,0,0.25,180409,oracle_only
781917,120,oracle+donor_profile,xml,0,0.25,180410,oracle_only
782040,135,oracle+donor_profile,xml,0,0.25,180411,oracle_only
782178,120,oracle+donor_profile,xml,0,0.25,180412,oracle_only
782301,118,oracle+donor_profile,xml,0,0.25,180413,oracle_only
782422,127,oracle+donor_profile,xml,0,0.25,180414,oracle_only
782552,119,oracle+donor_profile,xml,0,0.25,180415,oracle_only
782674,130,oracle+donor_profile,xml,0,0.25,180416,oracle_only
782807,120,oracle+donor_profile,xml,0,0.25,180417,oracle_only
782930,130,oracle+donor_profile,xml,0,0.25,180418,oracle_only
783063,133,oracle+donor_profile,xml,0,0.25,180419,oracle_only
783199,121,oracle+donor_profile,xml,0,0.25,180420,oracle_only
783323,133,oracle+donor_profile,xml,0,0.25,180421,oracle_only
783459,130,oracle+donor_profile,xml,0,0.25,180422,oracle_only
783592,130,oracle+donor_profile,xml,0,0.25,180423,oracle_only
783725,120,oracle+donor_profile,xml,0,0.25,180424,oracle_only
783848,130,oracle+donor_profile,xml,0,0.25,180425,oracle_only
783981,97,oracle+donor_profile,xml,0,0.25,180426,oracle_only
784081,100,oracle+donor_profile,xml,0,0.25,180427,oracle_only
784184,116,oracle+donor_profile,xml,0,0.25,180428,oracle_only
784303,102,oracle+donor_profile,xml,0,0.25,180429,oracle_only
784408,83,oracle+donor_profile,xml,0,0.25,180430,oracle_only
784494,86,oracle+donor_profile,xml,0,0.25,180431,oracle_only
784583,105,oracle+donor_profile,xml,0,0.25,180432,oracle_only
784691,178,oracle+donor_profile,xml,0,0.25,180433,oracle_only
784872,198,oracle+donor_profile,xml,0,0.25,180434,oracle_only
785073,104,oracle+donor_profile,xml,0,0.25,180435,oracle_only
785180,128,oracle+donor_profile,xml,0,0.25,180436,oracle_only
785311,110,oracle+donor_profile,xml,0,0.25,180437,oracle_only
785424,135,oracle+donor_profile,xml,0,0.25,180438,oracle_only
785562,110,oracle+donor_profile,xml,0,0.25,180439,oracle_only
785675,109,oracle+donor_profile,xml,0,0.25,180440,oracle_only
785787,119,oracle+donor_profile,xml,0,0.25,180441,oracle_only
785909,137,oracle+donor_profile,xml,0,0.25,180442,oracle_only
786049,110,oracle+donor_profile,xml,0,0.25,180443,oracle_only
786162,110,oracle+donor_profile,xml,0,0.25,180444,oracle_only
786275,108,oracle+donor_profile,xml,0,0.25,180445,oracle_only
786386,108,oracle+donor_profile,xml,0,0.25,180446,oracle_only
786497,108,oracle+donor_profile,xml,0,0.25,180447,oracle_only
786608,108,oracle+donor_profile,xml,0,0.25,180448,oracle_only
786719,108,oracle+donor_profile,xml,0,0.25,180449,oracle_only
786830,108,oracle+donor_profile,xml,0,0.25,180450,oracle_only
786941,110,oracle+donor_profile,xml,0,0.25,180451,oracle_only
787054,110,oracle+donor_profile,xml,0,0.25,180452,oracle_only
787167,110,oracle+donor_profile,xml,0,0.25,180453,oracle_only
787280,110,oracle+donor_profile,xml,0,0.25,180454,oracle_only
787393,110,oracle+donor_profile,xml,0,0.25,180455,oracle_only
787506,110,oracle+donor_profile,xml,0,0.25,180456,oracle_only
787619,110,oracle+donor_profile,xml,0,0.25,180457,oracle_only
787732,110,oracle+donor_profile,xml,0,0.25,180458,oracle_only
787845,110,oracle+donor_profile,xml,0,0.25,180459,oracle_only
787958,118,oracle+donor_profile,xml,0,0.25,180460,oracle_only
788079,123,oracle+donor_profile,xml,0,0.25,180461,oracle_only
788205,143,oracle+donor_profile,xml,0,0.25,180462,oracle_only
788351,122,oracle+donor_profile,xml,0,0.25,180463,oracle_only
788476,115,oracle+donor_profile,xml,0,0.25,180464,oracle_only
788594,115,oracle+donor_profile,xml,0,0.25,180465,oracle_only
788712,133,oracle+donor_profile,xml,0,0.25,180466,oracle_only
788848,118,oracle+donor_profile,xml,0,0.25,180467,oracle_only
788969,118,oracle+donor_profile,xml,0,0.25,180468,oracle_only
789090,116,oracle+donor_profile,xml,0,0.25,180469,oracle_only
789209,122,oracle+donor_profile,xml,0,0.25,180470,oracle_only
789334,116,oracle+donor_profile,xml,0,0.25,180471,oracle_only
789453,116,oracle+donor_profile,xml,0,0.25,180472,oracle_only
789572,114,oracle+donor_profile,xml,0,0.25,180473,oracle_only
789689,127,oracle+donor_profile,xml,0,0.25,180474,oracle_only
789819,128,oracle+donor_profile,xml,0,0.25,180475,oracle_only
789950,116,oracle+donor_profile,xml,0,0.25,180476,oracle_only
790069,117,oracle+donor_profile,xml,0,0.25,180477,oracle_only
790189,128,oracle+donor_profile,xml,0,0.25,180478,oracle_only
790320,105,oracle+donor_profile,xml,0,0.25,180479,oracle_only
790428,88,oracle+donor_profile,xml,0,0.25,180480,oracle_only
790519,105,oracle+donor_profile,xml,0,0.25,180481,oracle_only
790627,101,oracle+donor_profile,xml,0,0.25,180482,oracle_only
790731,136,oracle+donor_profile,xml,0,0.25,180483,oracle_only
790870,122,oracle+donor_profile,xml,0,0.25,180484,oracle_only
790995,105,oracle+donor_profile,xml,0,0.25,180485,oracle_only
791103,132,oracle+donor_profile,xml,0,0.25,180486,oracle_only
791238,159,oracle+donor_profile,xml,0,0.25,180487,oracle_only
791400,120,oracle+donor_profile,xml,0,0.25,180488,oracle_only
791523,121,oracle+donor_profile,xml,0,0.25,180489,oracle_only
791647,118,oracle+donor_profile,xml,0,0.25,180490,oracle_only
791768,107,oracle+donor_profile,xml,0,0.25,180491,oracle_only
791878,146,oracle+donor_profile,xml,0,0.25,180492,oracle_only
792027,124,oracle+donor_profile,xml,0,0.25,180493,oracle_only
792154,140,oracle+donor_profile,xml,0,0.25,180494,oracle_only
792297,170,oracle+donor_profile,xml,0,0.25,180495,oracle_only
792470,98,oracle+donor_profile,xml,0,0.25,180496,oracle_only
792571,124,oracle+donor_profile,xml,0,0.25,180497,oracle_only
792698,122,oracle+donor_profile,xml,0,0.25,180498,oracle_only
792823,109,oracle+donor_profile,xml,0,0.25,180499,oracle_only
792935,122,oracle+donor_profile,xml,0,0.25,180500,oracle_only
793060,99,oracle+donor_profile,xml,0,0.25,180501,oracle_only
793162,117,oracle+donor_profile,xml,0,0.25,180502,oracle_only
793282,179,oracle+donor_profile,xml,0,0.25,180503,oracle_only
793464,129,oracle+donor_profile,xml,0,0.25,180504,oracle_only
793596,122,oracle+donor_profile,xml,0,0.25,180505,oracle_only
793721,113,oracle+donor_profile,xml,0,0.25,180506,oracle_only
793837,103,oracle+donor_profile,xml,0,0.25,180507,oracle_only
793943,75,oracle+donor_profile,xml,0,0.25,180508,oracle_only
794021,116,oracle+donor_profile,xml,0,0.25,180509,oracle_only
794140,128,oracle+donor_profile,xml,0,0.25,180510,oracle_only
794271,131,oracle+donor_profile,xml,0,0.25,180511,oracle_only
794405,131,oracle+donor_profile,xml,0,0.25,180512,oracle_only
794539,114,oracle+donor_profile,xml,0,0.25,180513,oracle_only
794656,158,oracle+donor_profile,xml,0,0.25,180514,oracle_only
794817,147,oracle+donor_profile,xml,0,0.25,180515,oracle_only
794967,152,oracle+donor_profile,xml,0,0.25,180516,oracle_only
795122,116,oracle+donor_profile,xml,0,0.25,180517,oracle_only
795241,120,oracle+donor_profile,xml,0,0.25,180518,oracle_only
795364,109,oracle+donor_profile,xml,0,0.25,180519,oracle_only
795476,118,oracle+donor_profile,xml,0,0.25,180520,oracle_only
795597,122,oracle+donor_profile,xml,0,0.25,180521,oracle_only
795722,112,oracle+donor_profile,xml,0,0.25,180522,oracle_only
795837,123,oracle+donor_profile,xml,0,0.25,180523,oracle_only
795963,125,oracle+donor_profile,xml,0,0.25,180524,oracle_only
796091,84,oracle+donor_profile,xml,0,0.25,180525,oracle_only
796178,86,oracle+donor_profile,xml,0,0.25,180526,oracle_only
796267,121,oracle+donor_profile,xml,0,0.25,180527,oracle_only
796391,85,oracle+donor_profile,xml,0,0.25,180528,oracle_only
796479,93,oracle+donor_profile,xml,0,0.25,180529,oracle_only
796575,103,oracle+donor_profile,xml,0,0.25,180530,oracle_only
796681,170,oracle+donor_profile,xml,0,0.25,180531,oracle_only
796854,163,oracle+donor_profile,xml,0,0.25,180532,oracle_only
797020,106,oracle+donor_profile,xml,0,0.25,180533,oracle_only
797129,89,oracle+donor_profile,xml,0,0.25,180534,oracle_only
797221,129,oracle+donor_profile,xml,0,0.25,180535,oracle_only
797353,85,oracle+donor_profile,xml,0,0.25,180536,oracle_only
797441,120,oracle+donor_profile,xml,0,0.25,180537,oracle_only
797564,120,oracle+donor_profile,xml,0,0.25,180538,oracle_only
797687,118,oracle+donor_profile,xml,0,0.25,180539,oracle_only
797808,120,oracle+donor_profile,xml,0,0.25,180540,oracle_only
797931,129,oracle+donor_profile,xml,0,0.25,180541,oracle_only
798063,116,oracle+donor_profile,xml,0,0.25,180542,oracle_only
798182,106,oracle+donor_profile,xml,0,0.25,180543,oracle_only
798291,81,oracle+donor_profile,xml,0,0.25,180544,oracle_only
798375,127,oracle+donor_profile,xml,0,0.25,180545,oracle_only
798505,133,oracle+donor_profile,xml,0,0.25,180546,oracle_only
798641,128,oracle+donor_profile,xml,0,0.25,180547,oracle_only
798772,128,oracle+donor_profile,xml,0,0.25,180548,oracle_only
798903,92,oracle+donor_profile,xml,0,0.25,180549,oracle_only
798998,92,oracle+donor_profile,xml,0,0.25,180550,oracle_only
799093,138,oracle+donor_profile,xml,0,0.25,180551,oracle_only
799234,174,oracle+donor_profile,xml,0,0.25,180552,oracle_only
799411,131,oracle+donor_profile,xml,0,0.25,180553,oracle_only
799545,121,oracle+donor_profile,xml,0,0.25,180554,oracle_only
799669,88,oracle+donor_profile,xml,0,0.25,180555,oracle_only
799760,88,oracle+donor_profile,xml,0,0.25,180556,oracle_only
799851,89,oracle+donor_profile,xml,0,0.25,180557,oracle_only
799943,89,oracle+donor_profile,xml,0,0.25,180558,oracle_only
800035,89,oracle+donor_profile,xml,0,0.25,180559,oracle_only
800127,89,oracle+donor_profile,xml,0,0.25,180560,oracle_only
800219,89,oracle+donor_profile,xml,0,0.25,180561,oracle_only
800311,89,oracle+donor_profile,xml,0,0.25,180562,oracle_only
800403,88,oracle+donor_profile,xml,0,0.25,180563,oracle_only
800494,88,oracle+donor_profile,xml,0,0.25,180564,oracle_only
800585,87,oracle+donor_profile,xml,0,0.25,180565,oracle_only
800675,87,oracle+donor_profile,xml,0,0.25,180566,oracle_only
800765,86,oracle+donor_profile,xml,0,0.25,180567,oracle_only
800854,87,oracle+donor_profile,xml,0,0.25,180568,oracle_only
800944,87,oracle+donor_profile,xml,0,0.25,180569,oracle_only
801034,119,oracle+donor_profile,xml,0,0.25,180570,oracle_only
801156,119,oracle+donor_profile,xml,0,0.25,180571,oracle_only
801278,87,oracle+donor_profile,xml,0,0.25,180572,oracle_only
801368,87,oracle+donor_profile,xml,0,0.25,180573,oracle_only
801458,87,oracle+donor_profile,xml,0,0.25,180574,oracle_only
801548,87,oracle+donor_profile,xml,0,0.25,180575,oracle_only
801638,87,oracle+donor_profile,xml,0,0.25,180576,oracle_only
801728,87,oracle+donor_profile,xml,0,0.25,180577,oracle_only
801818,87,oracle+donor_profile,xml,0,0.25,180578,oracle_only
801908,85,oracle+donor_profile,xml,0,0.25,180579,oracle_only
801996,85,oracle+donor_profile,xml,0,0.25,180580,oracle_only
802084,85,oracle+donor_profile,xml,0,0.25,180581,oracle_only
802172,85,oracle+donor_profile,xml,0,0.25,180582,oracle_only
802260,85,oracle+donor_profile,xml,0,0.25,180583,oracle_only
802348,85,oracle+donor_profile,xml,0,0.25,180584,oracle_only
802436,85,oracle+donor_profile,xml,0,0.25,180585,oracle_only
802524,85,oracle+donor_profile,xml,0,0.25,180586,oracle_only
802612,116,oracle+donor_profile,xml,0,0.25,180587,oracle_only
802731,165,oracle+donor_profile,xml,0,0.25,180588,oracle_only
802899,169,oracle+donor_profile,xml,0,0.25,180589,oracle_only
803071,125,oracle+donor_profile,xml,0,0.25,180590,oracle_only
803199,125,oracle+donor_profile,xml,0,0.25,180591,oracle_only
803327,126,oracle+donor_profile,xml,0,0.25,180592,oracle_only
803456,125,oracle+donor_profile,xml,0,0.25,180593,oracle_only
803584,124,oracle+donor_profile,xml,0,0.25,180594,oracle_only
803711,85,oracle+donor_profile,xml,0,0.25,180595,oracle_only
803799,85,oracle+donor_profile,xml,0,0.25,180596,oracle_only
803887,101,oracle+donor_profile,xml,0,0.25,180597,oracle_only
803991,174,oracle+donor_profile,xml,0,0.25,180598,oracle_only
804168,174,oracle+donor_profile,xml,0,0.25,180599,oracle_only
804345,122,oracle+donor_profile,xml,0,0.25,180600,oracle_only
804470,130,oracle+donor_profile,xml,0,0.25,180601,oracle_only
804603,86,oracle+donor_profile,xml,0,0.25,180602,oracle_only
804692,86,oracle+donor_profile,xml,0,0.25,180603,oracle_only
804781,86,oracle+donor_profile,xml,0,0.25,180604,oracle_only
804870,86,oracle+donor_profile,xml,0,0.25,180605,oracle_only
804959,84,oracle+donor_profile,xml,0,0.25,180606,oracle_only
805046,120,oracle+donor_profile,xml,0,0.25,180607,oracle_only
805169,95,oracle+donor_profile,xml,0,0.25,180608,oracle_only
805267,100,oracle+donor_profile,xml,0,0.25,180609,oracle_only
805370,95,oracle+donor_profile,xml,0,0.25,180610,oracle_only
805468,95,oracle+donor_profile,xml,0,0.25,180611,oracle_only
805566,95,oracle+donor_profile,xml,0,0.25,180612,oracle_only
805664,95,oracle+donor_profile,xml,0,0.25,180613,oracle_only
805762,95,oracle+donor_profile,xml,0,0.25,180614,oracle_only
805860,95,oracle+donor_profile,xml,0,0.25,180615,oracle_only
805958,95,oracle+donor_profile,xml,0,0.25,180616,oracle_only
806056,97,oracle+donor_profile,xml,0,0.25,180617,oracle_only
806156,97,oracle+donor_profile,xml,0,0.25,180618,oracle_only
806256,97,oracle+donor_profile,xml,0,0.25,180619,oracle_only
806356,97,oracle+donor_profile,xml,0,0.25,180620,oracle_only
806456,97,oracle+donor_profile,xml,0,0.25,180621,oracle_only
806556,97,oracle+donor_profile,xml,0,0.25,180622,oracle_only
806656,97,oracle+donor_profile,xml,0,0.25,180623,oracle_only
806756,97,oracle+donor_profile,xml,0,0.25,180624,oracle_only
806856,97,oracle+donor_profile,xml,0,0.25,180625,oracle_only
806956,97,oracle+donor_profile,xml,0,0.25,180626,oracle_only
807056,97,oracle+donor_profile,xml,0,0.25,180627,oracle_only
807156,125,oracle+donor_profile,xml,0,0.25,180628,oracle_only
807284,125,oracle+donor_profile,xml,0,0.25,180629,oracle_only
807412,126,oracle+donor_profile,xml,0,0.25,180630,oracle_only
807541,126,oracle+donor_profile,xml,0,0.25,180631,oracle_only
807670,102,oracle+donor_profile,xml,0,0.25,180632,oracle_only
807775,126,oracle+donor_profile,xml,0,0.25,180633,oracle_only
807904,126,oracle+donor_profile,xml,0,0.25,180634,oracle_only
808033,102,oracle+donor_profile,xml,0,0.25,180635,oracle_only
808138,126,oracle+donor_profile,xml,0,0.25,180636,oracle_only
808267,126,oracle+donor_profile,xml,0,0.25,180637,oracle_only
808396,102,oracle+donor_profile,xml,0,0.25,180638,oracle_only
808501,125,oracle+donor_profile,xml,0,0.25,180639,oracle_only
808629,125,oracle+donor_profile,xml,0,0.25,180640,oracle_only
808757,128,oracle+donor_profile,xml,0,0.25,180641,oracle_only
808888,128,oracle+donor_profile,xml,0,0.25,180642,oracle_only
809019,138,oracle+donor_profile,xml,0,0.25,180643,oracle_only
809160,125,oracle+donor_profile,xml,0,0.25,180644,oracle_only
809288,122,oracle+donor_profile,xml,0,0.25,180645,oracle_only
809413,135,oracle+donor_profile,xml,0,0.25,180646,oracle_only
809551,125,oracle+donor_profile,xml,0,0.25,180647,oracle_only
809679,125,oracle+donor_profile,xml,0,0.25,180648,oracle_only
809807,123,oracle+donor_profile,xml,0,0.25,180649,oracle_only
809933,123,oracle+donor_profile,xml,0,0.25,180650,oracle_only
810059,121,oracle+donor_profile,xml,0,0.25,180651,oracle_only
810183,118,oracle+donor_profile,xml,0,0.25,180652,oracle_only
810304,123,oracle+donor_profile,xml,0,0.25,180653,oracle_only
810430,159,oracle+donor_profile,xml,0,0.25,180654,oracle_only
810592,141,oracle+donor_profile,xml,0,0.25,180655,oracle_only
810736,135,oracle+donor_profile,xml,0,0.25,180656,oracle_only
810874,137,oracle+donor_profile,xml,0,0.25,180657,oracle_only
811014,137,oracle+donor_profile,xml,0,0.25,180658,oracle_only
811154,112,oracle+donor_profile,xml,0,0.25,180659,oracle_only
811269,107,oracle+donor_profile,xml,0,0.25,180660,oracle_only
811379,125,oracle+donor_profile,xml,0,0.25,180661,oracle_only
811507,109,oracle+donor_profile,xml,0,0.25,180662,oracle_only
811619,125,oracle+donor_profile,xml,0,0.25,180663,oracle_only
811747,108,oracle+donor_profile,xml,0,0.25,180664,oracle_only
811858,100,oracle+donor_profile,xml,0,0.25,180665,oracle_only
811961,123,oracle+donor_profile,xml,0,0.25,180666,oracle_only
812087,104,oracle+donor_profile,xml,0,0.25,180667,oracle_only
812194,128,oracle+donor_profile,xml,0,0.25,180668,oracle_only
812325,129,oracle+donor_profile,xml,0,0.25,180669,oracle_only
812457,123,oracle+donor_profile,xml,0,0.25,180670,oracle_only
812583,127,oracle+donor_profile,xml,0,0.25,180671,oracle_only
812713,128,oracle+donor_profile,xml,0,0.25,180672,oracle_only
812844,114,oracle+donor_profile,xml,0,0.25,180673,oracle_only
812961,112,oracle+donor_profile,xml,0,0.25,180674,oracle_only
813076,111,oracle+donor_profile,xml,0,0.25,180675,oracle_only
813190,111,oracle+donor_profile,xml,0,0.25,180676,oracle_only
813304,122,oracle+donor_profile,xml,0,0.25,180677,oracle_only
813429,122,oracle+donor_profile,xml,0,0.25,180678,oracle_only
813554,129,oracle+donor_profile,xml,0,0.25,180679,oracle_only
813686,118,oracle+donor_profile,xml,0,0.25,180680,oracle_only
813807,117,oracle+donor_profile,xml,0,0.25,180681,oracle_only
813927,133,oracle+donor_profile,xml,0,0.25,180682,oracle_only
814063,94,oracle+donor_profile,xml,0,0.25,180683,oracle_only
814160,130,oracle+donor_profile,xml,0,0.25,180684,oracle_only
814293,126,oracle+donor_profile,xml,0,0.25,180685,oracle_only
814422,119,oracle+donor_profile,xml,0,0.25,180686,oracle_only
814544,128,oracle+donor_profile,xml,0,0.25,180687,oracle_only
814675,124,oracle+donor_profile,xml,0,0.25,180688,oracle_only
814802,164,oracle+donor_profile,xml,0,0.25,180689,oracle_only
814969,122,oracle+donor_profile,xml,0,0.25,180690,oracle_only
815094,122,oracle+donor_profile,xml,0,0.25,180691,oracle_only
815219,107,oracle+donor_profile,xml,0,0.25,180692,oracle_only
815329,125,oracle+donor_profile,xml,0,0.25,180693,oracle_only
815457,111,oracle+donor_profile,xml,0,0.25,180694,oracle_only
815571,137,oracle+donor_profile,xml,0,0.25,180695,oracle_only
815711,130,oracle+donor_profile,xml,0,0.25,180696,oracle_only
815844,137,oracle+donor_profile,xml,0,0.25,180697,oracle_only
815984,135,oracle+donor_profile,xml,0,0.25,180698,oracle_only
816122,117,oracle+donor_profile,xml,0,0.25,180699,oracle_only
816242,133,oracle+donor_profile,xml,0,0.25,180700,oracle_only
816378,104,oracle+donor_profile,xml,0,0.25,180701,oracle_only
816485,134,oracle+donor_profile,xml,0,0.25,180702,oracle_only
816622,132,oracle+donor_profile,xml,0,0.25,180703,oracle_only
816757,132,oracle+donor_profile,xml,0,0.25,180704,oracle_only
816892,128,oracle+donor_profile,xml,0,0.25,180705,oracle_only
817023,143,oracle+donor_profile,xml,0,0.25,180706,oracle_only
817169,124,oracle+donor_profile,xml,0,0.25,180707,oracle_only
817296,188,oracle+donor_profile,xml,0,0.25,180708,oracle_only
817487,123,oracle+donor_profile,xml,0,0.25,180709,oracle_only
817613,125,oracle+donor_profile,xml,0,0.25,180710,oracle_only
817741,140,oracle+donor_profile,xml,0,0.25,180711,oracle_only
817884,135,oracle+donor_profile,xml,0,0.25,180712,oracle_only
818022,121,oracle+donor_profile,xml,0,0.25,180713,oracle_only
818146,134,oracle+donor_profile,xml,0,0.25,180714,oracle_only
818283,118,oracle+donor_profile,xml,0,0.25,180715,oracle_only
818404,118,oracle+donor_profile,xml,0,0.25,180716,oracle_only
818525,97,oracle+donor_profile,xml,0,0.25,180717,oracle_only
818625,146,oracle+donor_profile,xml,0,0.25,180718,oracle_only
818774,143,oracle+donor_profile,xml,0,0.25,180719,oracle_only
818920,145,oracle+donor_profile,xml,0,0.25,180720,oracle_only
819068,129,oracle+donor_profile,xml,0,0.25,180721,oracle_only
819200,134,oracle+donor_profile,xml,0,0.25,180722,oracle_only
819337,143,oracle+donor_profile,xml,0,0.25,180723,oracle_only
819483,139,oracle+donor_profile,xml,0,0.25,180724,oracle_only
819625,84,oracle+donor_profile,xml,0,0.25,180725,oracle_only
819712,129,oracle+donor_profile,xml,0,0.25,180726,oracle_only
819844,127,oracle+donor_profile,xml,0,0.25,180727,oracle_only
819974,122,oracle+donor_profile,xml,0,0.25,180728,oracle_only
820099,102,oracle+donor_profile,xml,0,0.25,180729,oracle_only
820204,139,oracle+donor_profile,xml,0,0.25,180730,oracle_only
820346,115,oracle+donor_profile,xml,0,0.25,180731,oracle_only
820464,123,oracle+donor_profile,xml,0,0.25,180732,oracle_only
820590,145,oracle+donor_profile,xml,0,0.25,180733,oracle_only
820738,104,oracle+donor_profile,xml,0,0.25,180734,oracle_only
820845,80,oracle+donor_profile,xml,0,0.25,180735,oracle_only
820928,106,oracle+donor_profile,xml,0,0.25,180736,oracle_only
821037,104,oracle+donor_profile,xml,0,0.25,180737,oracle_only
821144,109,oracle+donor_profile,xml,0,0.25,180738,oracle_only
821256,122,oracle+donor_profile,xml,0,0.25,180739,oracle_only
821381,122,oracle+donor_profile,xml,0,0.25,180740,oracle_only
821506,83,oracle+donor_profile,xml,0,0.25,180741,oracle_only
821592,126,oracle+donor_profile,xml,0,0.25,180742,oracle_only
821721,172,oracle+donor_profile,xml,0,0.25,180743,oracle_only
821896,87,oracle+donor_profile,xml,0,0.25,180744,oracle_only
821986,137,oracle+donor_profile,xml,0,0.25,180745,oracle_only
822126,119,oracle+donor_profile,xml,0,0.25,180746,oracle_only
822248,140,oracle+donor_profile,xml,0,0.25,180747,oracle_only
822391,83,oracle+donor_profile,xml,0,0.25,180748,oracle_only
822477,85,oracle+donor_profile,xml,0,0.25,180749,oracle_only
822565,133,oracle+donor_profile,xml,0,0.25,180750,oracle_only
822701,119,oracle+donor_profile,xml,0,0.25,180751,oracle_only
822823,129,oracle+donor_profile,xml,0,0.25,180752,oracle_only
822955,130,oracle+donor_profile,xml,0,0.25,180753,oracle_only
823088,124,oracle+donor_profile,xml,0,0.25,180754,oracle_only
823215,132,oracle+donor_profile,xml,0,0.25,180755,oracle_only
823350,116,oracle+donor_profile,xml,0,0.25,180756,oracle_only
823469,135,oracle+donor_profile,xml,0,0.25,180757,oracle_only
823607,95,oracle+donor_profile,xml,0,0.25,180758,oracle_only
823705,120,oracle+donor_profile,xml,0,0.25,180759,oracle_only
823828,121,oracle+donor_profile,xml,0,0.25,180760,oracle_only
823952,110,oracle+donor_profile,xml,0,0.25,180761,oracle_only
824065,107,oracle+donor_profile,xml,0,0.25,180762,oracle_only
824175,133,oracle+donor_profile,xml,0,0.25,180763,oracle_only
824311,120,oracle+donor_profile,xml,0,0.25,180764,oracle_only
824434,91,oracle+donor_profile,xml,0,0.25,180765,oracle_only
824528,149,oracle+donor_profile,xml,0,0.25,180766,oracle_only
824680,103,oracle+donor_profile,xml,0,0.25,180767,oracle_only
824786,121,oracle+donor_profile,xml,0,0.25,180768,oracle_only
824910,118,oracle+donor_profile,xml,0,0.25,180769,oracle_only
825031,128,oracle+donor_profile,xml,0,0.25,180770,oracle_only
825162,117,oracle+donor_profile,xml,0,0.25,180771,oracle_only
825282,95,oracle+donor_profile,xml,0,0.25,180772,oracle_only
825380,114,oracle+donor_profile,xml,0,0.25,180773,oracle_only
825497,128,oracle+donor_profile,xml,0,0.25,180774,oracle_only
825628,122,oracle+donor_profile,xml,0,0.25,180775,oracle_only
825753,137,oracle+donor_profile,xml,0,0.25,180776,oracle_only
825893,115,oracle+donor_profile,xml,0,0.25,180777,oracle_only
826011,128,oracle+donor_profile,xml,0,0.25,180778,oracle_only
826142,120,oracle+donor_profile,xml,0,0.25,180779,oracle_only
826265,135,oracle+donor_profile,xml,0,0.25,180780,oracle_only
826403,134,oracle+donor_profile,xml,0,0.25,180781,oracle_only
826540,87,oracle+donor_profile,xml,0,0.25,180782,oracle_only
826630,147,oracle+donor_profile,xml,0,0.25,180783,oracle_only
826780,108,oracle+donor_profile,xml,0,0.25,180784,oracle_only
826891,139,oracle+donor_profile,xml,0,0.25,180785,oracle_only
827033,120,oracle+donor_profile,xml,0,0.25,180786,oracle_only
827156,171,oracle+donor_profile,xml,0,0.25,180787,oracle_only
827330,115,oracle+donor_profile,xml,0,0.25,180788,oracle_only
827448,119,oracle+donor_profile,xml,0,0.25,180789,oracle_only
827570,188,oracle+donor_profile,xml,0,0.25,180790,oracle_only
827761,165,oracle+donor_profile,xml,0,0.25,180791,oracle_only
827929,106,oracle+donor_profile,xml,0,0.25,180792,oracle_only
828038,105,oracle+donor_profile,xml,0,0.25,180793,oracle_only
828146,80,oracle+donor_profile,xml,0,0.25,180794,oracle_only
828229,169,oracle+donor_profile,xml,0,0.25,180795,oracle_only
828401,119,oracle+donor_profile,xml,0,0.25,180796,oracle_only
828523,118,oracle+donor_profile,xml,0,0.25,180797,oracle_only
828644,137,oracle+donor_profile,xml,0,0.25,180798,oracle_only
828784,145,oracle+donor_profile,xml,0,0.25,180799,oracle_only
828932,129,oracle+donor_profile,xml,0,0.25,180800,oracle_only
829064,134,oracle+donor_profile,xml,0,0.25,180801,oracle_only
829201,123,oracle+donor_profile,xml,0,0.25,180802,oracle_only
829327,123,oracle+donor_profile,xml,0,0.25,180803,oracle_only
829453,104,oracle+donor_profile,xml,0,0.25,180804,oracle_only
829560,122,oracle+donor_profile,xml,0,0.25,180805,oracle_only
829685,135,oracle+donor_profile,xml,0,0.25,180806,oracle_only
829823,124,oracle+donor_profile,xml,0,0.25,180807,oracle_only
829950,113,oracle+donor_profile,xml,0,0.25,180808,oracle_only
830066,92,oracle+donor_profile,xml,0,0.25,180809,oracle_only
830161,135,oracle+donor_profile,xml,0,0.25,180810,oracle_only
830299,115,oracle+donor_profile,xml,0,0.25,180811,oracle_only
830417,117,oracle+donor_profile,xml,0,0.25,180812,oracle_only
830537,123,oracle+donor_profile,xml,0,0.25,180813,oracle_only
830663,132,oracle+donor_profile,xml,0,0.25,180814,oracle_only
830798,128,oracle+donor_profile,xml,0,0.25,180815,oracle_only
830929,126,oracle+donor_profile,xml,0,0.25,180816,oracle_only
831058,113,oracle+donor_profile,xml,0,0.25,180817,oracle_only
831174,110,oracle+donor_profile,xml,0,0.25,180818,oracle_only
831287,114,oracle+donor_profile,xml,0,0.25,180819,oracle_only
831404,147,oracle+donor_profile,xml,0,0.25,180820,oracle_only
831554,128,oracle+donor_profile,xml,0,0.25,180821,oracle_only
831685,124,oracle+donor_profile,xml,0,0.25,180822,oracle_only
831812,107,oracle+donor_profile,xml,0,0.25,180823,oracle_only
831922,108,oracle+donor_profile,xml,0,0.25,180824,oracle_only
832033,99,oracle+donor_profile,xml,0,0.25,180825,oracle_only
832135,102,oracle+donor_profile,xml,0,0.25,180826,oracle_only
832240,83,oracle+donor_profile,xml,0,0.25,180827,oracle_only
832326,126,oracle+donor_profile,xml,0,0.25,180828,oracle_only
832455,107,oracle+donor_profile,xml,0,0.25,180829,oracle_only
832565,136,oracle+donor_profile,xml,0,0.25,180830,oracle_only
832704,97,oracle+donor_profile,xml,0,0.25,180831,oracle_only
832804,124,oracle+donor_profile,xml,0,0.25,180832,oracle_only
832931,125,oracle+donor_profile,xml,0,0.25,180833,oracle_only
833059,107,oracle+donor_profile,xml,0,0.25,180834,oracle_only
833169,123,oracle+donor_profile,xml,0,0.25,180835,oracle_only
833295,109,oracle+donor_profile,xml,0,0.25,180836,oracle_only
833407,86,oracle+donor_profile,xml,0,0.25,180837,oracle_only
833496,114,oracle+donor_profile,xml,0,0.25,180838,oracle_only
833613,121,oracle+donor_profile,xml,0,0.25,180839,oracle_only
833737,124,oracle+donor_profile,xml,0,0.25,180840,oracle_only
833864,139,oracle+donor_profile,xml,0,0.25,180841,oracle_only
834006,129,oracle+donor_profile,xml,0,0.25,180842,oracle_only
834138,147,oracle+donor_profile,xml,0,0.25,180843,oracle_only
834288,131,oracle+donor_profile,xml,0,0.25,180844,oracle_only
834422,86,oracle+donor_profile,xml,0,0.25,180845,oracle_only
834511,177,oracle+donor_profile,xml,0,0.25,180846,oracle_only
834691,133,oracle+donor_profile,xml,0,0.25,180847,oracle_only
834827,162,oracle+donor_profile,xml,0,0.25,180848,oracle_only
834992,131,oracle+donor_profile,xml,0,0.25,180849,oracle_only
835126,102,oracle+donor_profile,xml,0,0.25,180850,oracle_only
835231,146,oracle+donor_profile,xml,0,0.25,180851,oracle_only
835380,133,oracle+donor_profile,xml,0,0.25,180852,oracle_only
835516,126,oracle+donor_profile,xml,0,0.25,180853,oracle_only
835645,109,oracle+donor_profile,xml,0,0.25,180854,oracle_only
835757,95,oracle+donor_profile,xml,0,0.25,180855,oracle_only
835855,102,oracle+donor_profile,xml,0,0.25,180856,oracle_only
835960,111,oracle+donor_profile,xml,0,0.25,180857,oracle_only
836074,110,oracle+donor_profile,xml,0,0.25,180858,oracle_only
836187,96,oracle+donor_profile,xml,0,0.25,180859,oracle_only
836286,118,oracle+donor_profile,xml,0,0.25,180860,oracle_only
836407,174,oracle+donor_profile,xml,0,0.25,180861,oracle_only
836584,88,oracle+donor_profile,xml,0,0.25,180862,oracle_only
836675,135,oracle+donor_profile,xml,0,0.25,180863,oracle_only
836813,84,oracle+donor_profile,xml,0,0.25,180864,oracle_only
836900,108,oracle+donor_profile,xml,0,0.25,180865,oracle_only
837011,133,oracle+donor_profile,xml,0,0.25,180866,oracle_only
837147,154,oracle+donor_profile,xml,0,0.25,180867,oracle_only
837304,113,oracle+donor_profile,xml,0,0.25,180868,oracle_only
837420,102,oracle+donor_profile,xml,0,0.25,180869,oracle_only
837525,109,oracle+donor_profile,xml,0,0.25,180870,oracle_only
837637,131,oracle+donor_profile,xml,0,0.25,180871,oracle_only
837771,123,oracle+donor_profile,xml,0,0.25,180872,oracle_only
837897,131,oracle+donor_profile,xml,0,0.25,180873,oracle_only
838031,131,oracle+donor_profile,xml,0,0.25,180874,oracle_only
838165,133,oracle+donor_profile,xml,0,0.25,180875,oracle_only
838301,127,oracle+donor_profile,xml,0,0.25,180876,oracle_only
838431,113,oracle+donor_profile,xml,0,0.25,180877,oracle_only
838547,143,oracle+donor_profile,xml,0,0.25,180878,oracle_only
838693,137,oracle+donor_profile,xml,0,0.25,180879,oracle_only
838833,144,oracle+donor_profile,xml,0,0.25,180880,oracle_only
838980,145,oracle+donor_profile,xml,0,0.25,180881,oracle_only
839128,86,oracle+donor_profile,xml,0,0.25,180882,oracle_only
839217,77,oracle+donor_profile,xml,0,0.25,180883,oracle_only
839297,125,oracle+donor_profile,xml,0,0.25,180884,oracle_only
839425,111,oracle+donor_profile,xml,0,0.25,180885,oracle_only
839539,98,oracle+donor_profile,xml,0,0.25,180886,oracle_only
839640,80,oracle+donor_profile,xml,0,0.25,180887,oracle_only
839723,124,oracle+donor_profile,xml,0,0.25,180888,oracle_only
839850,86,oracle+donor_profile,xml,0,0.25,180889,oracle_only
839939,159,oracle+donor_profile,xml,0,0.25,180890,oracle_only
840101,121,oracle+donor_profile,xml,0,0.25,180891,oracle_only
840225,120,oracle+donor_profile,xml,0,0.25,180892,oracle_only
840348,127,oracle+donor_profile,xml,0,0.25,180893,oracle_only
840478,122,oracle+donor_profile,xml,0,0.25,180894,oracle_only
840603,119,oracle+donor_profile,xml,0,0.25,180895,oracle_only
840725,177,oracle+donor_profile,xml,0,0.25,180896,oracle_only
840905,140,oracle+donor_profile,xml,0,0.25,180897,oracle_only
841048,197,oracle+donor_profile,xml,0,0.25,180898,oracle_only
841248,117,oracle+donor_profile,xml,0,0.25,180899,oracle_only
841368,99,oracle+donor_profile,xml,0,0.25,180900,oracle_only
841470,140,oracle+donor_profile,xml,0,0.25,180901,oracle_only
841613,95,oracle+donor_profile,xml,0,0.25,180902,oracle_only
841711,116,oracle+donor_profile,xml,0,0.25,180903,oracle_only
841830,116,oracle+donor_profile,xml,0,0.25,180904,oracle_only
841949,99,oracle+donor_profile,xml,0,0.25,180905,oracle_only
842051,116,oracle+donor_profile,xml,0,0.25,180906,oracle_only
842170,121,oracle+donor_profile,xml,0,0.25,180907,oracle_only
842294,143,oracle+donor_profile,xml,0,0.25,180908,oracle_only
842440,127,oracle+donor_profile,xml,0,0.25,180909,oracle_only
842570,132,oracle+donor_profile,xml,0,0.25,180910,oracle_only
842705,104,oracle+donor_profile,xml,0,0.25,180911,oracle_only
842812,118,oracle+donor_profile,xml,0,0.25,180912,oracle_only
842933,175,oracle+donor_profile,xml,0,0.25,180913,oracle_only
843111,133,oracle+donor_profile,xml,0,0.25,180914,oracle_only
843247,137,oracle+donor_profile,xml,0,0.25,180915,oracle_only
843387,136,oracle+donor_profile,xml,0,0.25,180916,oracle_only
843526,122,oracle+donor_profile,xml,0,0.25,180917,oracle_only
843651,122,oracle+donor_profile,xml,0,0.25,180918,oracle_only
843776,126,oracle+donor_profile,xml,0,0.25,180919,oracle_only
843905,118,oracle+donor_profile,xml,0,0.25,180920,oracle_only
844026,114,oracle+donor_profile,xml,0,0.25,180921,oracle_only
844143,135,oracle+donor_profile,xml,0,0.25,180922,oracle_only
844281,85,oracle+donor_profile,xml,0,0.25,180923,oracle_only
844369,146,oracle+donor_profile,xml,0,0.25,180924,oracle_only
844518,106,oracle+donor_profile,xml,0,0.25,180925,oracle_only
844627,147,oracle+donor_profile,xml,0,0.25,180926,oracle_only
844777,146,oracle+donor_profile,xml,0,0.25,180927,oracle_only
844926,125,oracle+donor_profile,xml,0,0.25,180928,oracle_only
845054,88,oracle+donor_profile,xml,0,0.25,180929,oracle_only
845145,87,oracle+donor_profile,xml,0,0.25,180930,oracle_only
845235,87,oracle+donor_profile,xml,0,0.25,180931,oracle_only
845325,87,oracle+donor_profile,xml,0,0.25,180932,oracle_only
845415,87,oracle+donor_profile,xml,0,0.25,180933,oracle_only
845505,87,oracle+donor_profile,xml,0,0.25,180934,oracle_only
845595,87,oracle+donor_profile,xml,0,0.25,180935,oracle_only
845685,87,oracle+donor_profile,xml,0,0.25,180936,oracle_only
845775,87,oracle+donor_profile,xml,0,0.25,180937,oracle_only
845865,87,oracle+donor_profile,xml,0,0.25,180938,oracle_only
845955,89,oracle+donor_profile,xml,0,0.25,180939,oracle_only
846047,89,oracle+donor_profile,xml,0,0.25,180940,oracle_only
846139,120,oracle+donor_profile,xml,0,0.25,180941,oracle_only
846262,112,oracle+donor_profile,xml,0,0.25,180942,oracle_only
846377,130,oracle+donor_profile,xml,0,0.25,180943,oracle_only
846510,91,oracle+donor_profile,xml,0,0.25,180944,oracle_only
846604,112,oracle+donor_profile,xml,0,0.25,180945,oracle_only
846719,145,oracle+donor_profile,xml,0,0.25,180946,oracle_only
846867,105,oracle+donor_profile,xml,0,0.25,180947,oracle_only
846975,131,oracle+donor_profile,xml,0,0.25,180948,oracle_only
847109,105,oracle+donor_profile,xml,0,0.25,180949,oracle_only
847217,149,oracle+donor_profile,xml,0,0.25,180950,oracle_only
847369,97,oracle+donor_profile,xml,0,0.25,180951,oracle_only
847469,172,oracle+donor_profile,xml,0,0.25,180952,oracle_only
847644,135,oracle+donor_profile,xml,0,0.25,180953,oracle_only
847782,125,oracle+donor_profile,xml,0,0.25,180954,oracle_only
847910,88,oracle+donor_profile,xml,0,0.25,180955,oracle_only
848001,93,oracle+donor_profile,xml,0,0.25,180956,oracle_only
848097,94,oracle+donor_profile,xml,0,0.25,180957,oracle_only
848194,129,oracle+donor_profile,xml,0,0.25,180958,oracle_only
848326,143,oracle+donor_profile,xml,0,0.25,180959,oracle_only
848472,126,oracle+donor_profile,xml,0,0.25,180960,oracle_only
848601,159,oracle+donor_profile,xml,0,0.25,180961,oracle_only
848763,162,oracle+donor_profile,xml,0,0.25,180962,oracle_only
848928,159,oracle+donor_profile,xml,0,0.25,180963,oracle_only
849090,163,oracle+donor_profile,xml,0,0.25,180964,oracle_only
849256,163,oracle+donor_profile,xml,0,0.25,180965,oracle_only
849422,143,oracle+donor_profile,xml,0,0.25,180966,oracle_only
849568,147,oracle+donor_profile,xml,0,0.25,180967,oracle_only
849718,147,oracle+donor_profile,xml,0,0.25,180968,oracle_only
849868,147,oracle+donor_profile,xml,0,0.25,180969,oracle_only
850018,147,oracle+donor_profile,xml,0,0.25,180970,oracle_only
850168,109,oracle+donor_profile,xml,0,0.25,180971,oracle_only
850280,115,oracle+donor_profile,xml,0,0.25,180972,oracle_only
850398,151,oracle+donor_profile,xml,0,0.25,180973,oracle_only
850552,156,oracle+donor_profile,xml,0,0.25,180974,oracle_only
850711,130,oracle+donor_profile,xml,0,0.25,180975,oracle_only
850844,111,oracle+donor_profile,xml,0,0.25,180976,oracle_only
850958,128,oracle+donor_profile,xml,0,0.25,180977,oracle_only
851089,105,oracle+donor_profile,xml,0,0.25,180978,oracle_only
851197,171,oracle+donor_profile,xml,0,0.25,180979,oracle_only
851371,141,oracle+donor_profile,xml,0,0.25,180980,oracle_only
851515,113,oracle+donor_profile,xml,0,0.25,180981,oracle_only
851631,142,oracle+donor_profile,xml,0,0.25,180982,oracle_only
851776,154,oracle+donor_profile,xml,0,0.25,180983,oracle_only
851933,103,oracle+donor_profile,xml,0,0.25,180984,oracle_only
852039,121,oracle+donor_profile,xml,0,0.25,180985,oracle_only
852163,100,oracle+donor_profile,xml,0,0.25,180986,oracle_only
852266,167,oracle+donor_profile,xml,0,0.25,180987,oracle_only
852436,123,oracle+donor_profile,xml,0,0.25,180988,oracle_only
852562,130,oracle+donor_profile,xml,0,0.25,180989,oracle_only
852695,192,oracle+donor_profile,xml,0,0.25,180990,oracle_only
852890,105,oracle+donor_profile,xml,0,0.25,180991,oracle_only
852998,125,oracle+donor_profile,xml,0,0.25,180992,oracle_only
853126,123,oracle+donor_profile,xml,0,0.25,180993,oracle_only
853252,107,oracle+donor_profile,xml,0,0.25,180994,oracle_only
853362,115,oracle+donor_profile,xml,0,0.25,180995,oracle_only
853480,129,oracle+donor_profile,xml,0,0.25,180996,oracle_only
853612,134,oracle+donor_profile,xml,0,0.25,180997,oracle_only
853749,111,oracle+donor_profile,xml,0,0.25,180998,oracle_only
853863,104,oracle+donor_profile,xml,0,0.25,180999,oracle_only
853970,103,oracle+donor_profile,xml,0,0.25,181000,oracle_only
854076,85,oracle+donor_profile,xml,0,0.25,181001,oracle_only
854164,92,oracle+donor_profile,xml,0,0.25,181002,oracle_only
854259,91,oracle+donor_profile,xml,0,0.25,181003,oracle_only
854353,129,oracle+donor_profile,xml,0,0.25,181004,oracle_only
854485,106,oracle+donor_profile,xml,0,0.25,181005,oracle_only
854594,164,oracle+donor_profile,xml,0,0.25,181006,oracle_only
854761,141,oracle+donor_profile,xml,0,0.25,181007,oracle_only
854905,112,oracle+donor_profile,xml,0,0.25,181008,oracle_only
855020,120,oracle+donor_profile,xml,0,0.25,181009,oracle_only
855143,101,oracle+donor_profile,xml,0,0.25,181010,oracle_only
855247,116,oracle+donor_profile,xml,0,0.25,181011,oracle_only
855366,133,oracle+donor_profile,xml,0,0.25,181012,oracle_only
855502,149,oracle+donor_profile,xml,0,0.25,181013,oracle_only
855654,129,oracle+donor_profile,xml,0,0.25,181014,oracle_only
855786,118,oracle+donor_profile,xml,0,0.25,181015,oracle_only
855907,80,oracle+donor_profile,xml,0,0.25,181016,oracle_only
855990,104,oracle+donor_profile,xml,0,0.25,181017,oracle_only
856097,156,oracle+donor_profile,xml,0,0.25,181018,oracle_only
856256,118,oracle+donor_profile,xml,0,0.25,181019,oracle_only
856377,122,oracle+donor_profile,xml,0,0.25,181020,oracle_only
856502,121,oracle+donor_profile,xml,0,0.25,181021,oracle_only
856626,112,oracle+donor_profile,xml,0,0.25,181022,oracle_only
856741,144,oracle+donor_profile,xml,0,0.25,181023,oracle_only
856888,116,oracle+donor_profile,xml,0,0.25,181024,oracle_only
857007,125,oracle+donor_profile,xml,0,0.25,181025,oracle_only
857135,129,oracle+donor_profile,xml,0,0.25,181026,oracle_only
857267,122,oracle+donor_profile,xml,0,0.25,181027,oracle_only
857392,155,oracle+donor_profile,xml,0,0.25,181028,oracle_only
857550,164,oracle+donor_profile,xml,0,0.25,181029,oracle_only
857717,78,oracle+donor_profile,xml,0,0.25,181030,oracle_only
857798,118,oracle+donor_profile,xml,0,0.25,181031,oracle_only
857919,145,oracle+donor_profile,xml,0,0.25,181032,oracle_only
858067,132,oracle+donor_profile,xml,0,0.25,181033,oracle_only
858202,106,oracle+donor_profile,xml,0,0.25,181034,oracle_only
858311,149,oracle+donor_profile,xml,0,0.25,181035,oracle_only
858463,117,oracle+donor_profile,xml,0,0.25,181036,oracle_only
858583,123,oracle+donor_profile,xml,0,0.25,181037,oracle_only
858709,153,oracle+donor_profile,xml,0,0.25,181038,oracle_only
858865,113,oracle+donor_profile,xml,0,0.25,181039,oracle_only
858981,107,oracle+donor_profile,xml,0,0.25,181040,oracle_only
859091,141,oracle+donor_profile,xml,0,0.25,181041,oracle_only
859235,85,oracle+donor_profile,xml,0,0.25,181042,oracle_only
859323,106,oracle+donor_profile,xml,0,0.25,181043,oracle_only
859432,130,oracle+donor_profile,xml,0,0.25,181044,oracle_only
859565,86,oracle+donor_profile,xml,0,0.25,181045,oracle_only
859654,121,oracle+donor_profile,xml,0,0.25,181046,oracle_only
859778,128,oracle+donor_profile,xml,0,0.25,181047,oracle_only
859909,147,oracle+donor_profile,xml,0,0.25,181048,oracle_only
860059,119,oracle+donor_profile,xml,0,0.25,181049,oracle_only
860181,106,oracle+donor_profile,xml,0,0.25,181050,oracle_only
860290,127,oracle+donor_profile,xml,0,0.25,181051,oracle_only
860420,158,oracle+donor_profile,xml,0,0.25,181052,oracle_only
860581,132,oracle+donor_profile,xml,0,0.25,181053,oracle_only
860716,143,oracle+donor_profile,xml,0,0.25,181054,oracle_only
860862,132,oracle+donor_profile,xml,0,0.25,181055,oracle_only
860997,128,oracle+donor_profile,xml,0,0.25,181056,oracle_only
861128,91,oracle+donor_profile,xml,0,0.25,181057,oracle_only
861222,120,oracle+donor_profile,xml,0,0.25,181058,oracle_only
861345,99,oracle+donor_profile,xml,0,0.25,181059,oracle_only
861447,116,oracle+donor_profile,xml,0,0.25,181060,oracle_only
861566,82,oracle+donor_profile,xml,0,0.25,181061,oracle_only
861651,139,oracle+donor_profile,xml,0,0.25,181062,oracle_only
861793,137,oracle+donor_profile,xml,0,0.25,181063,oracle_only
861933,125,oracle+donor_profile,xml,0,0.25,181064,oracle_only
862061,118,oracle+donor_profile,xml,0,0.25,181065,oracle_only
862182,136,oracle+donor_profile,xml,0,0.25,181066,oracle_only
862321,160,oracle+donor_profile,xml,0,0.25,181067,oracle_only
862484,136,oracle+donor_profile,xml,0,0.25,181068,oracle_only
862623,142,oracle+donor_profile,xml,0,0.25,181069,oracle_only
862768,100,oracle+donor_profile,xml,0,0.25,181070,oracle_only
862871,102,oracle+donor_profile,xml,0,0.25,181071,oracle_only
862976,122,oracle+donor_profile,xml,0,0.25,181072,oracle_only
863101,122,oracle+donor_profile,xml,0,0.25,181073,oracle_only
863226,124,oracle+donor_profile,xml,0,0.25,181074,oracle_only
863353,148,oracle+donor_profile,xml,0,0.25,181075,oracle_only
863504,134,oracle+donor_profile,xml,0,0.25,181076,oracle_only
863641,123,oracle+donor_profile,xml,0,0.25,181077,oracle_only
863767,99,oracle+donor_profile,xml,0,0.25,181078,oracle_only
863869,123,oracle+donor_profile,xml,0,0.25,181079,oracle_only
863995,85,oracle+donor_profile,xml,0,0.25,181080,oracle_only
864083,122,oracle+donor_profile,xml,0,0.25,181081,oracle_only
864208,186,oracle+donor_profile,xml,0,0.25,181082,oracle_only
864397,186,oracle+donor_profile,xml,0,0.25,181083,oracle_only
864586,186,oracle+donor_profile,xml,0,0.25,181084,oracle_only
864775,186,oracle+donor_profile,xml,0,0.25,181085,oracle_only
864964,186,oracle+donor_profile,xml,0,0.25,181086,oracle_only
865153,186,oracle+donor_profile,xml,0,0.25,181087,oracle_only
865342,128,oracle+donor_profile,xml,0,0.25,181088,oracle_only
865473,146,oracle+donor_profile,xml,0,0.25,181089,oracle_only
865622,176,oracle+donor_profile,xml,0,0.25,181090,oracle_only
865801,144,oracle+donor_profile,xml,0,0.25,181091,oracle_only
865948,153,oracle+donor_profile,xml,0,0.25,181092,oracle_only
866104,119,oracle+donor_profile,xml,0,0.25,181093,oracle_only
866226,115,oracle+donor_profile,xml,0,0.25,181094,oracle_only
866344,128,oracle+donor_profile,xml,0,0.25,181095,oracle_only
866475,100,oracle+donor_profile,xml,0,0.25,181096,oracle_only
866578,142,oracle+donor_profile,xml,0,0.25,181097,oracle_only
866723,123,oracle+donor_profile,xml,0,0.25,181098,oracle_only
866849,129,oracle+donor_profile,xml,0,0.25,181099,oracle_only
866981,142,oracle+donor_profile,xml,0,0.25,181100,oracle_only
867126,152,oracle+donor_profile,xml,0,0.25,181101,oracle_only
867281,112,oracle+donor_profile,xml,0,0.25,181102,oracle_only
867396,154,oracle+donor_profile,xml,0,0.25,181103,oracle_only
867553,153,oracle+donor_profile,xml,0,0.25,181104,oracle_only
867709,140,oracle+donor_profile,xml,0,0.25,181105,oracle_only
867852,125,oracle+donor_profile,xml,0,0.25,181106,oracle_only
867980,144,oracle+donor_profile,xml,0,0.25,181107,oracle_only
868127,140,oracle+donor_profile,xml,0,0.25,181108,oracle_only
868270,123,oracle+donor_profile,xml,0,0.25,181109,oracle_only
868396,136,oracle+donor_profile,xml,0,0.25,181110,oracle_only
868535,127,oracle+donor_profile,xml,0,0.25,181111,oracle_only
868665,119,oracle+donor_profile,xml,0,0.25,181112,oracle_only
868787,116,oracle+donor_profile,xml,0,0.25,181113,oracle_only
868906,86,oracle+donor_profile,xml,0,0.25,181114,oracle_only
868995,130,oracle+donor_profile,xml,0,0.25,181115,oracle_only
869128,122,oracle+donor_profile,xml,0,0.25,181116,oracle_only
869253,197,oracle+donor_profile,xml,0,0.25,181117,oracle_only
869453,111,oracle+donor_profile,xml,0,0.25,181118,oracle_only
869567,155,oracle+donor_profile,xml,0,0.25,181119,oracle_only
869725,138,oracle+donor_profile,xml,0,0.25,181120,oracle_only
869866,133,oracle+donor_profile,xml,0,0.25,181121,oracle_only
870002,113,oracle+donor_profile,xml,0,0.25,181122,oracle_only
870118,113,oracle+donor_profile,xml,0,0.25,181123,oracle_only
870234,97,oracle+donor_profile,xml,0,0.25,181124,oracle_only
870334,103,oracle+donor_profile,xml,0,0.25,181125,oracle_only
870440,147,oracle+donor_profile,xml,0,0.25,181126,oracle_only
870590,149,oracle+donor_profile,xml,0,0.25,181127,oracle_only
870742,152,oracle+donor_profile,xml,0,0.25,181128,oracle_only
870897,151,oracle+donor_profile,xml,0,0.25,181129,oracle_only
871051,125,oracle+donor_profile,xml,0,0.25,181130,oracle_only
871179,112,oracle+donor_profile,xml,0,0.25,181131,oracle_only
871294,121,oracle+donor_profile,xml,0,0.25,181132,oracle_only
871418,121,oracle+donor_profile,xml,0,0.25,181133,oracle_only
871542,125,oracle+donor_profile,xml,0,0.25,181134,oracle_only
871670,111,oracle+donor_profile,xml,0,0.25,181135,oracle_only
871784,158,oracle+donor_profile,xml,0,0.25,181136,oracle_only
871945,126,oracle+donor_profile,xml,0,0.25,181137,oracle_only
872074,108,oracle+donor_profile,xml,0,0.25,181138,oracle_only
872185,121,oracle+donor_profile,xml,0,0.25,181139,oracle_only
872309,120,oracle+donor_profile,xml,0,0.25,181140,oracle_only
872432,113,oracle+donor_profile,xml,0,0.25,181141,oracle_only
872548,122,oracle+donor_profile,xml,0,0.25,181142,oracle_only
872673,118,oracle+donor_profile,xml,0,0.25,181143,oracle_only
872794,135,oracle+donor_profile,xml,0,0.25,181144,oracle_only
872932,129,oracle+donor_profile,xml,0,0.25,181145,oracle_only
873064,123,oracle+donor_profile,xml,0,0.25,181146,oracle_only
873190,108,oracle+donor_profile,xml,0,0.25,181147,oracle_only
873301,109,oracle+donor_profile,xml,0,0.25,181148,oracle_only
873413,132,oracle+donor_profile,xml,0,0.25,181149,oracle_only
873548,107,oracle+donor_profile,xml,0,0.25,181150,oracle_only
873658,128,oracle+donor_profile,xml,0,0.25,181151,oracle_only
873789,154,oracle+donor_profile,xml,0,0.25,181152,oracle_only
873946,145,oracle+donor_profile,xml,0,0.25,181153,oracle_only
874094,167,oracle+donor_profile,xml,0,0.25,181154,oracle_only
874264,145,oracle+donor_profile,xml,0,0.25,181155,oracle_only
874412,143,oracle+donor_profile,xml,0,0.25,181156,oracle_only
874558,151,oracle+donor_profile,xml,0,0.25,181157,oracle_only
874712,138,oracle+donor_profile,xml,0,0.25,181158,oracle_only
874853,128,oracle+donor_profile,xml,0,0.25,181159,oracle_only
874984,112,oracle+donor_profile,xml,0,0.25,181160,oracle_only
875099,123,oracle+donor_profile,xml,0,0.25,181161,oracle_only
875225,123,oracle+donor_profile,xml,0,0.25,181162,oracle_only
875351,109,oracle+donor_profile,xml,0,0.25,181163,oracle_only
875463,121,oracle+donor_profile,xml,0,0.25,181164,oracle_only
875587,121,oracle+donor_profile,xml,0,0.25,181165,oracle_only
875711,121,oracle+donor_profile,xml,0,0.25,181166,oracle_only
875835,149,oracle+donor_profile,xml,0,0.25,181167,oracle_only
875987,123,oracle+donor_profile,xml,0,0.25,181168,oracle_only
876113,124,oracle+donor_profile,xml,0,0.25,181169,oracle_only
876240,111,oracle+donor_profile,xml,0,0.25,181170,oracle_only
876354,116,oracle+donor_profile,xml,0,0.25,181171,oracle_only
876473,123,oracle+donor_profile,xml,0,0.25,181172,oracle_only
876599,120,oracle+donor_profile,xml,0,0.25,181173,oracle_only
876722,119,oracle+donor_profile,xml,0,0.25,181174,oracle_only
876844,134,oracle+donor_profile,xml,0,0.25,181175,oracle_only
876981,135,oracle+donor_profile,xml,0,0.25,181176,oracle_only
877119,120,oracle+donor_profile,xml,0,0.25,181177,oracle_only
877242,117,oracle+donor_profile,xml,0,0.25,181178,oracle_only
877362,120,oracle+donor_profile,xml,0,0.25,181179,oracle_only
877485,136,oracle+donor_profile,xml,0,0.25,181180,oracle_only
877624,118,oracle+donor_profile,xml,0,0.25,181181,oracle_only
877745,105,oracle+donor_profile,xml,0,0.25,181182,oracle_only
877853,104,oracle+donor_profile,xml,0,0.25,181183,oracle_only
877960,123,oracle+donor_profile,xml,0,0.25,181184,oracle_only
878086,92,oracle+donor_profile,xml,0,0.25,181185,oracle_only
878181,137,oracle+donor_profile,xml,0,0.25,181186,oracle_only
878321,126,oracle+donor_profile,xml,0,0.25,181187,oracle_only
878450,126,oracle+donor_profile,xml,0,0.25,181188,oracle_only
878579,116,oracle+donor_profile,xml,0,0.25,181189,oracle_only
878698,129,oracle+donor_profile,xml,0,0.25,181190,oracle_only
878830,129,oracle+donor_profile,xml,0,0.25,181191,oracle_only
878962,146,oracle+donor_profile,xml,0,0.25,181192,oracle_only
879111,108,oracle+donor_profile,xml,0,0.25,181193,oracle_only
879222,133,oracle+donor_profile,xml,0,0.25,181194,oracle_only
879358,135,oracle+donor_profile,xml,0,0.25,181195,oracle_only
879496,134,oracle+donor_profile,xml,0,0.25,181196,oracle_only
879633,107,oracle+donor_profile,xml,0,0.25,181197,oracle_only
879743,100,oracle+donor_profile,xml,0,0.25,181198,oracle_only
879846,135,oracle+donor_profile,xml,0,0.25,181199,oracle_only
879984,128,oracle+donor_profile,xml,0,0.25,181200,oracle_only
880115,138,oracle+donor_profile,xml,0,0.25,181201,oracle_only
880256,156,oracle+donor_profile,xml,0,0.25,181202,oracle_only
880415,128,oracle+donor_profile,xml,0,0.25,181203,oracle_only
880546,127,oracle+donor_profile,xml,0,0.25,181204,oracle_only
880676,150,oracle+donor_profile,xml,0,0.25,181205,oracle_only
880829,83,oracle+donor_profile,xml,0,0.25,181206,oracle_only
880915,78,oracle+donor_profile,xml,0,0.25,181207,oracle_only
880996,86,oracle+donor_profile,xml,0,0.25,181208,oracle_only
881085,133,oracle+donor_profile,xml,0,0.25,181209,oracle_only
881221,140,oracle+donor_profile,xml,0,0.25,181210,oracle_only
881364,124,oracle+donor_profile,xml,0,0.25,181211,oracle_only
881491,132,oracle+donor_profile,xml,0,0.25,181212,oracle_only
881626,117,oracle+donor_profile,xml,0,0.25,181213,oracle_only
881746,120,oracle+donor_profile,xml,0,0.25,181214,oracle_only
881869,140,oracle+donor_profile,xml,0,0.25,181215,oracle_only
882012,114,oracle+donor_profile,xml,0,0.25,181216,oracle_only
882129,113,oracle+donor_profile,xml,0,0.25,181217,oracle_only
882245,123,oracle+donor_profile,xml,0,0.25,181218,oracle_only
882371,163,oracle+donor_profile,xml,0,0.25,181219,oracle_only
882537,112,oracle+donor_profile,xml,0,0.25,181220,oracle_only
882652,144,oracle+donor_profile,xml,0,0.25,181221,oracle_only
882799,127,oracle+donor_profile,xml,0,0.25,181222,oracle_only
882929,102,oracle+donor_profile,xml,0,0.25,181223,oracle_only
883034,128,oracle+donor_profile,xml,0,0.25,181224,oracle_only
883165,114,oracle+donor_profile,xml,0,0.25,181225,oracle_only
883282,113,oracle+donor_profile,xml,0,0.25,181226,oracle_only
883398,138,oracle+donor_profile,xml,0,0.25,181227,oracle_only
883539,96,oracle+donor_profile,xml,0,0.25,181228,oracle_only
883638,97,oracle+donor_profile,xml,0,0.25,181229,oracle_only
883738,137,oracle+donor_profile,xml,0,0.25,181230,oracle_only
883878,138,oracle+donor_profile,xml,0,0.25,181231,oracle_only
884019,137,oracle+donor_profile,xml,0,0.25,181232,oracle_only
884159,118,oracle+donor_profile,xml,0,0.25,181233,oracle_only
884280,123,oracle+donor_profile,xml,0,0.25,181234,oracle_only
884406,123,oracle+donor_profile,xml,0,0.25,181235,oracle_only
884532,123,oracle+donor_profile,xml,0,0.25,181236,oracle_only
884658,123,oracle+donor_profile,xml,0,0.25,181237,oracle_only
884784,123,oracle+donor_profile,xml,0,0.25,181238,oracle_only
884910,123,oracle+donor_profile,xml,0,0.25,181239,oracle_only
885036,123,oracle+donor_profile,xml,0,0.25,181240,oracle_only
885162,128,oracle+donor_profile,xml,0,0.25,181241,oracle_only
885293,128,oracle+donor_profile,xml,0,0.25,181242,oracle_only
885424,107,oracle+donor_profile,xml,0,0.25,181243,oracle_only
885534,166,oracle+donor_profile,xml,0,0.25,181244,oracle_only
885703,128,oracle+donor_profile,xml,0,0.25,181245,oracle_only
885834,127,oracle+donor_profile,xml,0,0.25,181246,oracle_only
885964,142,oracle+donor_profile,xml,0,0.25,181247,oracle_only
886109,126,oracle+donor_profile,xml,0,0.25,181248,oracle_only
886238,114,oracle+donor_profile,xml,0,0.25,181249,oracle_only
886355,124,oracle+donor_profile,xml,0,0.25,181250,oracle_only
886482,150,oracle+donor_profile,xml,0,0.25,181251,oracle_only
886635,150,oracle+donor_profile,xml,0,0.25,181252,oracle_only
886788,118,oracle+donor_profile,xml,0,0.25,181253,oracle_only
886909,113,oracle+donor_profile,xml,0,0.25,181254,oracle_only
887025,141,oracle+donor_profile,xml,0,0.25,181255,oracle_only
887169,123,oracle+donor_profile,xml,0,0.25,181256,oracle_only
887295,115,oracle+donor_profile,xml,0,0.25,181257,oracle_only
887413,112,oracle+donor_profile,xml,0,0.25,181258,oracle_only
887528,135,oracle+donor_profile,xml,0,0.25,181259,oracle_only
887666,128,oracle+donor_profile,xml,0,0.25,181260,oracle_only
887797,121,oracle+donor_profile,xml,0,0.25,181261,oracle_only
887921,119,oracle+donor_profile,xml,0,0.25,181262,oracle_only
888043,118,oracle+donor_profile,xml,0,0.25,181263,oracle_only
888164,115,oracle+donor_profile,xml,0,0.25,181264,oracle_only
888282,108,oracle+donor_profile,xml,0,0.25,181265,oracle_only
888393,96,oracle+donor_profile,xml,0,0.25,181266,oracle_only
888492,128,oracle+donor_profile,xml,0,0.25,181267,oracle_only
888623,92,oracle+donor_profile,xml,0,0.25,181268,oracle_only
888718,119,oracle+donor_profile,xml,0,0.25,181269,oracle_only
888840,144,oracle+donor_profile,xml,0,0.25,181270,oracle_only
888987,118,oracle+donor_profile,xml,0,0.25,181271,oracle_only
889108,85,oracle+donor_profile,xml,0,0.25,181272,oracle_only
889196,117,oracle+donor_profile,xml,0,0.25,181273,oracle_only
889316,134,oracle+donor_profile,xml,0,0.25,181274,oracle_only
889453,85,oracle+donor_profile,xml,0,0.25,181275,oracle_only
889541,83,oracle+donor_profile,xml,0,0.25,181276,oracle_only
889627,124,oracle+donor_profile,xml,0,0.25,181277,oracle_only
889754,86,oracle+donor_profile,xml,0,0.25,181278,oracle_only
889843,127,oracle+donor_profile,xml,0,0.25,181279,oracle_only
889973,128,oracle+donor_profile,xml,0,0.25,181280,oracle_only
890104,119,oracle+donor_profile,xml,0,0.25,181281,oracle_only
890226,143,oracle+donor_profile,xml,0,0.25,181282,oracle_only
890372,112,oracle+donor_profile,xml,0,0.25,181283,oracle_only
890487,107,oracle+donor_profile,xml,0,0.25,181284,oracle_only
890597,102,oracle+donor_profile,xml,0,0.25,181285,oracle_only
890702,109,oracle+donor_profile,xml,0,0.25,181286,oracle_only
890814,88,oracle+donor_profile,xml,0,0.25,181287,oracle_only
890905,122,oracle+donor_profile,xml,0,0.25,181288,oracle_only
891030,103,oracle+donor_profile,xml,0,0.25,181289,oracle_only
891136,132,oracle+donor_profile,xml,0,0.25,181290,oracle_only
891271,138,oracle+donor_profile,xml,0,0.25,181291,oracle_only
891412,118,oracle+donor_profile,xml,0,0.25,181292,oracle_only
891533,102,oracle+donor_profile,xml,0,0.25,181293,oracle_only
891638,130,oracle+donor_profile,xml,0,0.25,181294,oracle_only
891771,124,oracle+donor_profile,xml,0,0.25,181295,oracle_only
891898,124,oracle+donor_profile,xml,0,0.25,181296,oracle_only
892025,80,oracle+donor_profile,xml,0,0.25,181297,oracle_only
892108,120,oracle+donor_profile,xml,0,0.25,181298,oracle_only
892231,156,oracle+donor_profile,xml,0,0.25,181299,oracle_only
892390,126,oracle+donor_profile,xml,0,0.25,181300,oracle_only
892519,134,oracle+donor_profile,xml,0,0.25,181301,oracle_only
892656,119,oracle+donor_profile,xml,0,0.25,181302,oracle_only
892778,120,oracle+donor_profile,xml,0,0.25,181303,oracle_only
892901,108,oracle+donor_profile,xml,0,0.25,181304,oracle_only
893012,125,oracle+donor_profile,xml,0,0.25,181305,oracle_only
893140,147,oracle+donor_profile,xml,0,0.25,181306,oracle_only
893290,85,oracle+donor_profile,xml,0,0.25,181307,oracle_only
893378,82,oracle+donor_profile,xml,0,0.25,181308,oracle_only
893463,185,oracle+donor_profile,xml,0,0.25,181309,oracle_only
893651,122,oracle+donor_profile,xml,0,0.25,181310,oracle_only
893776,108,oracle+donor_profile,xml,0,0.25,181311,oracle_only
893887,130,oracle+donor_profile,xml,0,0.25,181312,oracle_only
894020,120,oracle+donor_profile,xml,0,0.25,181313,oracle_only
894143,128,oracle+donor_profile,xml,0,0.25,181314,oracle_only
894274,110,oracle+donor_profile,xml,0,0.25,181315,oracle_only
894387,133,oracle+donor_profile,xml,0,0.25,181316,oracle_only
894523,121,oracle+donor_profile,xml,0,0.25,181317,oracle_only
894647,164,oracle+donor_profile,xml,0,0.25,181318,oracle_only
894814,130,oracle+donor_profile,xml,0,0.25,181319,oracle_only
894947,128,oracle+donor_profile,xml,0,0.25,181320,oracle_only
895078,137,oracle+donor_profile,xml,0,0.25,181321,oracle_only
895218,132,oracle+donor_profile,xml,0,0.25,181322,oracle_only
895353,127,oracle+donor_profile,xml,0,0.25,181323,oracle_only
895483,131,oracle+donor_profile,xml,0,0.25,181324,oracle_only
895617,130,oracle+donor_profile,xml,0,0.25,181325,oracle_only
895750,131,oracle+donor_profile,xml,0,0.25,181326,oracle_only
895884,145,oracle+donor_profile,xml,0,0.25,181327,oracle_only
896032,137,oracle+donor_profile,xml,0,0.25,181328,oracle_only
896172,160,oracle+donor_profile,xml,0,0.25,181329,oracle_only
896335,140,oracle+donor_profile,xml,0,0.25,181330,oracle_only
896478,102,oracle+donor_profile,xml,0,0.25,181331,oracle_only
896583,126,oracle+donor_profile,xml,0,0.25,181332,oracle_only
896712,103,oracle+donor_profile,xml,0,0.25,181333,oracle_only
896818,116,oracle+donor_profile,xml,0,0.25,181334,oracle_only
896937,110,oracle+donor_profile,xml,0,0.25,181335,oracle_only
897050,106,oracle+donor_profile,xml,0,0.25,181336,oracle_only
897159,112,oracle+donor_profile,xml,0,0.25,181337,oracle_only
897274,126,oracle+donor_profile,xml,0,0.25,181338,oracle_only
897403,97,oracle+donor_profile,xml,0,0.25,181339,oracle_only
897503,86,oracle+donor_profile,xml,0,0.25,181340,oracle_only
897592,131,oracle+donor_profile,xml,0,0.25,181341,oracle_only
897726,120,oracle+donor_profile,xml,0,0.25,181342,oracle_only
897849,128,oracle+donor_profile,xml,0,0.25,181343,oracle_only
897980,119,oracle+donor_profile,xml,0,0.25,181344,oracle_only
898102,103,oracle+donor_profile,xml,0,0.25,181345,oracle_only
898208,122,oracle+donor_profile,xml,0,0.25,181346,oracle_only
898333,131,oracle+donor_profile,xml,0,0.25,181347,oracle_only
898467,121,oracle+donor_profile,xml,0,0.25,181348,oracle_only
898591,113,oracle+donor_profile,xml,0,0.25,181349,oracle_only
898707,121,oracle+donor_profile,xml,0,0.25,181350,oracle_only
898831,113,oracle+donor_profile,xml,0,0.25,181351,oracle_only
898947,118,oracle+donor_profile,xml,0,0.25,181352,oracle_only
899068,134,oracle+donor_profile,xml,0,0.25,181353,oracle_only
899205,105,oracle+donor_profile,xml,0,0.25,181354,oracle_only
899313,116,oracle+donor_profile,xml,0,0.25,181355,oracle_only
899432,116,oracle+donor_profile,xml,0,0.25,181356,oracle_only
899551,171,oracle+donor_profile,xml,0,0.25,181357,oracle_only
899725,119,oracle+donor_profile,xml,0,0.25,181358,oracle_only
899847,114,oracle+donor_profile,xml,0,0.25,181359,oracle_only
899964,119,oracle+donor_profile,xml,0,0.25,181360,oracle_only
900086,202,oracle+donor_profile,xml,0,0.25,181361,oracle_only
900291,169,oracle+donor_profile,xml,0,0.25,181362,oracle_only
900463,104,oracle+donor_profile,xml,0,0.25,181363,oracle_only
900570,165,oracle+donor_profile,xml,0,0.25,181364,oracle_only
900738,104,oracle+donor_profile,xml,0,0.25,181365,oracle_only
900845,100,oracle+donor_profile,xml,0,0.25,181366,oracle_only
900948,132,oracle+donor_profile,xml,0,0.25,181367,oracle_only
901083,128,oracle+donor_profile,xml,0,0.25,181368,oracle_only
901214,108,oracle+donor_profile,xml,0,0.25,181369,oracle_only
901325,153,oracle+donor_profile,xml,0,0.25,181370,oracle_only
901481,145,oracle+donor_profile,xml,0,0.25,181371,oracle_only
901629,122,oracle+donor_profile,xml,0,0.25,181372,oracle_only
901754,110,oracle+donor_profile,xml,0,0.25,181373,oracle_only
901867,88,oracle+donor_profile,xml,0,0.25,181374,oracle_only
901958,150,oracle+donor_profile,xml,0,0.25,181375,oracle_only
902111,120,oracle+donor_profile,xml,0,0.25,181376,oracle_only
902234,126,oracle+donor_profile,xml,0,0.25,181377,oracle_only
902363,124,oracle+donor_profile,xml,0,0.25,181378,oracle_only
902490,145,oracle+donor_profile,xml,0,0.25,181379,oracle_only
902638,128,oracle+donor_profile,xml,0,0.25,181380,oracle_only
902769,163,oracle+donor_profile,xml,0,0.25,181381,oracle_only
902935,138,oracle+donor_profile,xml,0,0.25,181382,oracle_only
903076,178,oracle+donor_profile,xml,0,0.25,181383,oracle_only
903257,107,oracle+donor_profile,xml,0,0.25,181384,oracle_only
903367,154,oracle+donor_profile,xml,0,0.25,181385,oracle_only
903524,111,oracle+donor_profile,xml,0,0.25,181386,oracle_only
903638,186,oracle+donor_profile,xml,0,0.25,181387,oracle_only
903827,129,oracle+donor_profile,xml,0,0.25,181388,oracle_only
903959,106,oracle+donor_profile,xml,0,0.25,181389,oracle_only
904068,108,oracle+donor_profile,xml,0,0.25,181390,oracle_only
904179,126,oracle+donor_profile,xml,0,0.25,181391,oracle_only
904308,126,oracle+donor_profile,xml,0,0.25,181392,oracle_only
904437,114,oracle+donor_profile,xml,0,0.25,181393,oracle_only
904554,117,oracle+donor_profile,xml,0,0.25,181394,oracle_only
904674,106,oracle+donor_profile,xml,0,0.25,181395,oracle_only
904783,156,oracle+donor_profile,xml,0,0.25,181396,oracle_only
904942,136,oracle+donor_profile,xml,0,0.25,181397,oracle_only
905081,114,oracle+donor_profile,xml,0,0.25,181398,oracle_only
905198,136,oracle+donor_profile,xml,0,0.25,181399,oracle_only
905337,103,oracle+donor_profile,xml,0,0.25,181400,oracle_only
905443,81,oracle+donor_profile,xml,0,0.25,181401,oracle_only
905527,136,oracle+donor_profile,xml,0,0.25,181402,oracle_only
905666,125,oracle+donor_profile,xml,0,0.25,181403,oracle_only
905794,155,oracle+donor_profile,xml,0,0.25,181404,oracle_only
905952,145,oracle+donor_profile,xml,0,0.25,181405,oracle_only
906100,81,oracle+donor_profile,xml,0,0.25,181406,oracle_only
906184,120,oracle+donor_profile,xml,0,0.25,181407,oracle_only
906307,156,oracle+donor_profile,xml,0,0.25,181408,oracle_only
906466,126,oracle+donor_profile,xml,0,0.25,181409,oracle_only
906595,113,oracle+donor_profile,xml,0,0.25,181410,oracle_only
906711,119,oracle+donor_profile,xml,0,0.25,181411,oracle_only
906833,130,oracle+donor_profile,xml,0,0.25,181412,oracle_only
906966,110,oracle+donor_profile,xml,0,0.25,181413,oracle_only
907079,155,oracle+donor_profile,xml,0,0.25,181414,oracle_only
907237,129,oracle+donor_profile,xml,0,0.25,181415,oracle_only
907369,135,oracle+donor_profile,xml,0,0.25,181416,oracle_only
907507,152,oracle+donor_profile,xml,0,0.25,181417,oracle_only
907662,121,oracle+donor_profile,xml,0,0.25,181418,oracle_only
907786,122,oracle+donor_profile,xml,0,0.25,181419,oracle_only
907911,159,oracle+donor_profile,xml,0,0.25,181420,oracle_only
908073,80,oracle+donor_profile,xml,0,0.25,181421,oracle_only
908156,110,oracle+donor_profile,xml,0,0.25,181422,oracle_only
908269,117,oracle+donor_profile,xml,0,0.25,181423,oracle_only
908389,133,oracle+donor_profile,xml,0,0.25,181424,oracle_only
908525,119,oracle+donor_profile,xml,0,0.25,181425,oracle_only
908647,125,oracle+donor_profile,xml,0,0.25,181426,oracle_only
908775,114,oracle+donor_profile,xml,0,0.25,181427,oracle_only
908892,135,oracle+donor_profile,xml,0,0.25,181428,oracle_only
909030,136,oracle+donor_profile,xml,0,0.25,181429,oracle_only
909169,135,oracle+donor_profile,xml,0,0.25,181430,oracle_only
909307,105,oracle+donor_profile,xml,0,0.25,181431,oracle_only
909415,98,oracle+donor_profile,xml,0,0.25,181432,oracle_only
909516,206,oracle+donor_profile,xml,0,0.25,181433,oracle_only
909725,136,oracle+donor_profile,xml,0,0.25,181434,oracle_only
909864,81,oracle+donor_profile,xml,0,0.25,181435,oracle_only
909948,83,oracle+donor_profile,xml,0,0.25,181436,oracle_only
910034,117,oracle+donor_profile,xml,0,0.25,181437,oracle_only
910154,114,oracle+donor_profile,xml,0,0.25,181438,oracle_only
910271,113,oracle+donor_profile,xml,0,0.25,181439,oracle_only
910387,122,oracle+donor_profile,xml,0,0.25,181440,oracle_only
910512,116,oracle+donor_profile,xml,0,0.25,181441,oracle_only
910631,141,oracle+donor_profile,xml,0,0.25,181442,oracle_only
910775,85,oracle+donor_profile,xml,0,0.25,181443,oracle_only
910863,118,oracle+donor_profile,xml,0,0.25,181444,oracle_only
910984,121,oracle+donor_profile,xml,0,0.25,181445,oracle_only
911108,121,oracle+donor_profile,xml,0,0.25,181446,oracle_only
911232,115,oracle+donor_profile,xml,0,0.25,181447,oracle_only
911350,110,oracle+donor_profile,xml,0,0.25,181448,oracle_only
911463,97,oracle+donor_profile,xml,0,0.25,181449,oracle_only
911563,111,oracle+donor_profile,xml,0,0.25,181450,oracle_only
911677,114,oracle+donor_profile,xml,0,0.25,181451,oracle_only
911794,133,oracle+donor_profile,xml,0,0.25,181452,oracle_only
911930,119,oracle+donor_profile,xml,0,0.25,181453,oracle_only
912052,119,oracle+donor_profile,xml,0,0.25,181454,oracle_only
912174,105,oracle+donor_profile,xml,0,0.25,181455,oracle_only
912282,121,oracle+donor_profile,xml,0,0.25,181456,oracle_only
912406,122,oracle+donor_profile,xml,0,0.25,181457,oracle_only
912531,112,oracle+donor_profile,xml,0,0.25,181458,oracle_only
912646,110,oracle+donor_profile,xml,0,0.25,181459,oracle_only
912759,84,oracle+donor_profile,xml,0,0.25,181460,oracle_only
912846,127,oracle+donor_profile,xml,0,0.25,181461,oracle_only
912976,133,oracle+donor_profile,xml,0,0.25,181462,oracle_only
913112,137,oracle+donor_profile,xml,0,0.25,181463,oracle_only
913252,112,oracle+donor_profile,xml,0,0.25,181464,oracle_only
913367,119,oracle+donor_profile,xml,0,0.25,181465,oracle_only
913489,113,oracle+donor_profile,xml,0,0.25,181466,oracle_only
913605,100,oracle+donor_profile,xml,0,0.25,181467,oracle_only
913708,113,oracle+donor_profile,xml,0,0.25,181468,oracle_only
913824,118,oracle+donor_profile,xml,0,0.25,181469,oracle_only
913945,114,oracle+donor_profile,xml,0,0.25,181470,oracle_only
914062,142,oracle+donor_profile,xml,0,0.25,181471,oracle_only
914207,117,oracle+donor_profile,xml,0,0.25,181472,oracle_only
914327,123,oracle+donor_profile,xml,0,0.25,181473,oracle_only
914453,125,oracle+donor_profile,xml,0,0.25,181474,oracle_only
914581,132,oracle+donor_profile,xml,0,0.25,181475,oracle_only
914716,123,oracle+donor_profile,xml,0,0.25,181476,oracle_only
914842,103,oracle+donor_profile,xml,0,0.25,181477,oracle_only
914948,115,oracle+donor_profile,xml,0,0.25,181478,oracle_only
915066,108,oracle+donor_profile,xml,0,0.25,181479,oracle_only
915177,119,oracle+donor_profile,xml,0,0.25,181480,oracle_only
915299,141,oracle+donor_profile,xml,0,0.25,181481,oracle_only
915443,104,oracle+donor_profile,xml,0,0.25,181482,oracle_only
915550,90,oracle+donor_profile,xml,0,0.25,181483,oracle_only
915643,110,oracle+donor_profile,xml,0,0.25,181484,oracle_only
915756,109,oracle+donor_profile,xml,0,0.25,181485,oracle_only
915868,128,oracle+donor_profile,xml,0,0.25,181486,oracle_only
915999,125,oracle+donor_profile,xml,0,0.25,181487,oracle_only
916127,107,oracle+donor_profile,xml,0,0.25,181488,oracle_only
916237,142,oracle+donor_profile,xml,0,0.25,181489,oracle_only
916382,123,oracle+donor_profile,xml,0,0.25,181490,oracle_only
916508,114,oracle+donor_profile,xml,0,0.25,181491,oracle_only
916625,111,oracle+donor_profile,xml,0,0.25,181492,oracle_only
916739,122,oracle+donor_profile,xml,0,0.25,181493,oracle_only
916864,132,oracle+donor_profile,xml,0,0.25,181494,oracle_only
916999,108,oracle+donor_profile,xml,0,0.25,181495,oracle_only
917110,124,oracle+donor_profile,xml,0,0.25,181496,oracle_only
917237,131,oracle+donor_profile,xml,0,0.25,181497,oracle_only
917371,163,oracle+donor_profile,xml,0,0.25,181498,oracle_only
917537,135,oracle+donor_profile,xml,0,0.25,181499,oracle_only
917675,106,oracle+donor_profile,xml,0,0.25,181500,oracle_only
917784,116,oracle+donor_profile,xml,0,0.25,181501,oracle_only
917903,114,oracle+donor_profile,xml,0,0.25,181502,oracle_only
918020,145,oracle+donor_profile,xml,0,0.25,181503,oracle_only
918168,104,oracle+donor_profile,xml,0,0.25,181504,oracle_only
918275,118,oracle+donor_profile,xml,0,0.25,181505,oracle_only
918396,136,oracle+donor_profile,xml,0,0.25,181506,oracle_only
918535,156,oracle+donor_profile,xml,0,0.25,181507,oracle_only
918694,139,oracle+donor_profile,xml,0,0.25,181508,oracle_only
918836,125,oracle+donor_profile,xml,0,0.25,181509,oracle_only
918964,109,oracle+donor_profile,xml,0,0.25,181510,oracle_only
919076,127,oracle+donor_profile,xml,0,0.25,181511,oracle_only
919206,111,oracle+donor_profile,xml,0,0.25,181512,oracle_only
919320,113,oracle+donor_profile,xml,0,0.25,181513,oracle_only
919436,123,oracle+donor_profile,xml,0,0.25,181514,oracle_only
919562,106,oracle+donor_profile,xml,0,0.25,181515,oracle_only
919671,121,oracle+donor_profile,xml,0,0.25,181516,oracle_only
919795,88,oracle+donor_profile,xml,0,0.25,181517,oracle_only
919886,122,oracle+donor_profile,xml,0,0.25,181518,oracle_only
920011,117,oracle+donor_profile,xml,0,0.25,181519,oracle_only
920131,145,oracle+donor_profile,xml,0,0.25,181520,oracle_only
920279,124,oracle+donor_profile,xml,0,0.25,181521,oracle_only
920406,128,oracle+donor_profile,xml,0,0.25,181522,oracle_only
920537,86,oracle+donor_profile,xml,0,0.25,181523,oracle_only
920626,128,oracle+donor_profile,xml,0,0.25,181524,oracle_only
920757,128,oracle+donor_profile,xml,0,0.25,181525,oracle_only
920888,131,oracle+donor_profile,xml,0,0.25,181526,oracle_only
921022,114,oracle+donor_profile,xml,0,0.25,181527,oracle_only
921139,133,oracle+donor_profile,xml,0,0.25,181528,oracle_only
921275,85,oracle+donor_profile,xml,0,0.25,181529,oracle_only
921363,154,oracle+donor_profile,xml,0,0.25,181530,oracle_only
921520,124,oracle+donor_profile,xml,0,0.25,181531,oracle_only
921647,141,oracle+donor_profile,xml,0,0.25,181532,oracle_only
921791,117,oracle+donor_profile,xml,0,0.25,181533,oracle_only
921911,77,oracle+donor_profile,xml,0,0.25,181534,oracle_only
921991,123,oracle+donor_profile,xml,0,0.25,181535,oracle_only
922117,113,oracle+donor_profile,xml,0,0.25,181536,oracle_only
922233,110,oracle+donor_profile,xml,0,0.25,181537,oracle_only
922346,146,oracle+donor_profile,xml,0,0.25,181538,oracle_only
922495,113,oracle+donor_profile,xml,0,0.25,181539,oracle_only
922611,116,oracle+donor_profile,xml,0,0.25,181540,oracle_only
922730,102,oracle+donor_profile,xml,0,0.25,181541,oracle_only
922835,140,oracle+donor_profile,xml,0,0.25,181542,oracle_only
922978,100,oracle+donor_profile,xml,0,0.25,181543,oracle_only
923081,214,oracle+donor_profile,xml,0,0.25,181544,oracle_only
923298,142,oracle+donor_profile,xml,0,0.25,181545,oracle_only
923443,123,oracle+donor_profile,xml,0,0.25,181546,oracle_only
923569,88,oracle+donor_profile,xml,0,0.25,181547,oracle_only
923660,128,oracle+donor_profile,xml,0,0.25,181548,oracle_only
923791,125,oracle+donor_profile,xml,0,0.25,181549,oracle_only
923919,141,oracle+donor_profile,xml,0,0.25,181550,oracle_only
924063,129,oracle+donor_profile,xml,0,0.25,181551,oracle_only
924195,126,oracle+donor_profile,xml,0,0.25,181552,oracle_only
924324,121,oracle+donor_profile,xml,0,0.25,181553,oracle_only
924448,128,oracle+donor_profile,xml,0,0.25,181554,oracle_only
924579,158,oracle+donor_profile,xml,0,0.25,181555,oracle_only
924740,118,oracle+donor_profile,xml,0,0.25,181556,oracle_only
924861,129,oracle+donor_profile,xml,0,0.25,181557,oracle_only
924993,183,oracle+donor_profile,xml,0,0.25,181558,oracle_only
925179,77,oracle+donor_profile,xml,0,0.25,181559,oracle_only
925259,110,oracle+donor_profile,xml,0,0.25,181560,oracle_only
925372,95,oracle+donor_profile,xml,0,0.25,181561,oracle_only
925470,130,oracle+donor_profile,xml,0,0.25,181562,oracle_only
925603,121,oracle+donor_profile,xml,0,0.25,181563,oracle_only
925727,130,oracle+donor_profile,xml,0,0.25,181564,oracle_only
925860,125,oracle+donor_profile,xml,0,0.25,181565,oracle_only
925988,124,oracle+donor_profile,xml,0,0.25,181566,oracle_only
926115,120,oracle+donor_profile,xml,0,0.25,181567,oracle_only
926238,96,oracle+donor_profile,xml,0,0.25,181568,oracle_only
926337,128,oracle+donor_profile,xml,0,0.25,181569,oracle_only
926468,93,oracle+donor_profile,xml,0,0.25,181570,oracle_only
926564,134,oracle+donor_profile,xml,0,0.25,181571,oracle_only
926701,156,oracle+donor_profile,xml,0,0.25,181572,oracle_only
926860,117,oracle+donor_profile,xml,0,0.25,181573,oracle_only
926980,112,oracle+donor_profile,xml,0,0.25,181574,oracle_only
927095,121,oracle+donor_profile,xml,0,0.25,181575,oracle_only
927219,138,oracle+donor_profile,xml,0,0.25,181576,oracle_only
927360,225,oracle+donor_profile,xml,0,0.25,181577,oracle_only
927588,132,oracle+donor_profile,xml,0,0.25,181578,oracle_only
927723,108,oracle+donor_profile,xml,0,0.25,181579,oracle_only
927834,120,oracle+donor_profile,xml,0,0.25,181580,oracle_only
927957,133,oracle+donor_profile,xml,0,0.25,181581,oracle_only
928093,119,oracle+donor_profile,xml,0,0.25,181582,oracle_only
928215,99,oracle+donor_profile,xml,0,0.25,181583,oracle_only
928317,109,oracle+donor_profile,xml,0,0.25,181584,oracle_only
928429,95,oracle+donor_profile,xml,0,0.25,181585,oracle_only
928527,110,oracle+donor_profile,xml,0,0.25,181586,oracle_only
928640,116,oracle+donor_profile,xml,0,0.25,181587,oracle_only
928759,82,oracle+donor_profile,xml,0,0.25,181588,oracle_only
928844,117,oracle+donor_profile,xml,0,0.25,181589,oracle_only
928964,119,oracle+donor_profile,xml,0,0.25,181590,oracle_only
929086,148,oracle+donor_profile,xml,0,0.25,181591,oracle_only
929237,145,oracle+donor_profile,xml,0,0.25,181592,oracle_only
929385,149,oracle+donor_profile,xml,0,0.25,181593,oracle_only
929537,131,oracle+donor_profile,xml,0,0.25,181594,oracle_only
929671,124,oracle+donor_profile,xml,0,0.25,181595,oracle_only
929798,126,oracle+donor_profile,xml,0,0.25,181596,oracle_only
929927,102,oracle+donor_profile,xml,0,0.25,181597,oracle_only
930032,114,oracle+donor_profile,xml,0,0.25,181598,oracle_only
930149,147,oracle+donor_profile,xml,0,0.25,181599,oracle_only
930299,131,oracle+donor_profile,xml,0,0.25,181600,oracle_only
930433,154,oracle+donor_profile,xml,0,0.25,181601,oracle_only
930590,136,oracle+donor_profile,xml,0,0.25,181602,oracle_only
930729,101,oracle+donor_profile,xml,0,0.25,181603,oracle_only
930833,148,oracle+donor_profile,xml,0,0.25,181604,oracle_only
930984,153,oracle+donor_profile,xml,0,0.25,181605,oracle_only
931140,105,oracle+donor_profile,xml,0,0.25,181606,oracle_only
931248,114,oracle+donor_profile,xml,0,0.25,181607,oracle_only
931365,89,oracle+donor_profile,xml,0,0.25,181608,oracle_only
931457,118,oracle+donor_profile,xml,0,0.25,181609,oracle_only
931578,166,oracle+donor_profile,xml,0,0.25,181610,oracle_only
931747,162,oracle+donor_profile,xml,0,0.25,181611,oracle_only
931912,144,oracle+donor_profile,xml,0,0.25,181612,oracle_only
932059,145,oracle+donor_profile,xml,0,0.25,181613,oracle_only
932207,145,oracle+donor_profile,xml,0,0.25,181614,oracle_only
932355,112,oracle+donor_profile,xml,0,0.25,181615,oracle_only
932470,99,oracle+donor_profile,xml,0,0.25,181616,oracle_only
932572,137,oracle+donor_profile,xml,0,0.25,181617,oracle_only
932712,132,oracle+donor_profile,xml,0,0.25,181618,oracle_only
932847,126,oracle+donor_profile,xml,0,0.25,181619,oracle_only
932976,126,oracle+donor_profile,xml,0,0.25,181620,oracle_only
933105,108,oracle+donor_profile,xml,0,0.25,181621,oracle_only
933216,111,oracle+donor_profile,xml,0,0.25,181622,oracle_only
933330,134,oracle+donor_profile,xml,0,0.25,181623,oracle_only
933467,137,oracle+donor_profile,xml,0,0.25,181624,oracle_only
933607,118,oracle+donor_profile,xml,0,0.25,181625,oracle_only
933728,112,oracle+donor_profile,xml,0,0.25,181626,oracle_only
933843,122,oracle+donor_profile,xml,0,0.25,181627,oracle_only
933968,109,oracle+donor_profile,xml,0,0.25,181628,oracle_only
934080,116,oracle+donor_profile,xml,0,0.25,181629,oracle_only
934199,126,oracle+donor_profile,xml,0,0.25,181630,oracle_only
934328,145,oracle+donor_profile,xml,0,0.25,181631,oracle_only
934476,140,oracle+donor_profile,xml,0,0.25,181632,oracle_only
934619,124,oracle+donor_profile,xml,0,0.25,181633,oracle_only
934746,111,oracle+donor_profile,xml,0,0.25,181634,oracle_only
934860,187,oracle+donor_profile,xml,0,0.25,181635,oracle_only
935050,122,oracle+donor_profile,xml,0,0.25,181636,oracle_only
935175,124,oracle+donor_profile,xml,0,0.25,181637,oracle_only
935302,124,oracle+donor_profile,xml,0,0.25,181638,oracle_only
935429,110,oracle+donor_profile,xml,0,0.25,181639,oracle_only
935542,122,oracle+donor_profile,xml,0,0.25,181640,oracle_only
935667,118,oracle+donor_profile,xml,0,0.25,181641,oracle_only
935788,139,oracle+donor_profile,xml,0,0.25,181642,oracle_only
935930,100,oracle+donor_profile,xml,0,0.25,181643,oracle_only
936033,125,oracle+donor_profile,xml,0,0.25,181644,oracle_only
936161,114,oracle+donor_profile,xml,0,0.25,181645,oracle_only
936278,119,oracle+donor_profile,xml,0,0.25,181646,oracle_only
936400,135,oracle+donor_profile,xml,0,0.25,181647,oracle_only
936538,99,oracle+donor_profile,xml,0,0.25,181648,oracle_only
936640,111,oracle+donor_profile,xml,0,0.25,181649,oracle_only
936754,135,oracle+donor_profile,xml,0,0.25,181650,oracle_only
936892,139,oracle+donor_profile,xml,0,0.25,181651,oracle_only
937034,113,oracle+donor_profile,xml,0,0.25,181652,oracle_only
937150,143,oracle+donor_profile,xml,0,0.25,181653,oracle_only
937296,127,oracle+donor_profile,xml,0,0.25,181654,oracle_only
937426,126,oracle+donor_profile,xml,0,0.25,181655,oracle_only
937555,162,oracle+donor_profile,xml,0,0.25,181656,oracle_only
937720,141,oracle+donor_profile,xml,0,0.25,181657,oracle_only
937864,133,oracle+donor_profile,xml,0,0.25,181658,oracle_only
938000,118,oracle+donor_profile,xml,0,0.25,181659,oracle_only
938121,113,oracle+donor_profile,xml,0,0.25,181660,oracle_only
938237,113,oracle+donor_profile,xml,0,0.25,181661,oracle_only
938353,124,oracle+donor_profile,xml,0,0.25,181662,oracle_only
938480,124,oracle+donor_profile,xml,0,0.25,181663,oracle_only
938607,131,oracle+donor_profile,xml,0,0.25,181664,oracle_only
938741,131,oracle+donor_profile,xml,0,0.25,181665,oracle_only
938875,112,oracle+donor_profile,xml,0,0.25,181666,oracle_only
938990,145,oracle+donor_profile,xml,0,0.25,181667,oracle_only
939138,127,oracle+donor_profile,xml,0,0.25,181668,oracle_only
939268,107,oracle+donor_profile,xml,0,0.25,181669,oracle_only
939378,111,oracle+donor_profile,xml,0,0.25,181670,oracle_only
939492,122,oracle+donor_profile,xml,0,0.25,181671,oracle_only
939617,117,oracle+donor_profile,xml,0,0.25,181672,oracle_only
939737,124,oracle+donor_profile,xml,0,0.25,181673,oracle_only
939864,109,oracle+donor_profile,xml,0,0.25,181674,oracle_only
939976,105,oracle+donor_profile,xml,0,0.25,181675,oracle_only
940084,123,oracle+donor_profile,xml,0,0.25,181676,oracle_only
940210,118,oracle+donor_profile,xml,0,0.25,181677,oracle_only
940331,111,oracle+donor_profile,xml,0,0.25,181678,oracle_only
940445,101,oracle+donor_profile,xml,0,0.25,181679,oracle_only
940549,132,oracle+donor_profile,xml,0,0.25,181680,oracle_only
940684,103,oracle+donor_profile,xml,0,0.25,181681,oracle_only
940790,134,oracle+donor_profile,xml,0,0.25,181682,oracle_only
940927,135,oracle+donor_profile,xml,0,0.25,181683,oracle_only
941065,174,oracle+donor_profile,xml,0,0.25,181684,oracle_only
941242,145,oracle+donor_profile,xml,0,0.25,181685,oracle_only
941390,131,oracle+donor_profile,xml,0,0.25,181686,oracle_only
941524,84,oracle+donor_profile,xml,0,0.25,181687,oracle_only
941611,110,oracle+donor_profile,xml,0,0.25,181688,oracle_only
941724,109,oracle+donor_profile,xml,0,0.25,181689,oracle_only
941836,118,oracle+donor_profile,xml,0,0.25,181690,oracle_only
941957,122,oracle+donor_profile,xml,0,0.25,181691,oracle_only
942082,92,oracle+donor_profile,xml,0,0.25,181692,oracle_only
942177,119,oracle+donor_profile,xml,0,0.25,181693,oracle_only
942299,90,oracle+donor_profile,xml,0,0.25,181694,oracle_only
942392,118,oracle+donor_profile,xml,0,0.25,181695,oracle_only
942513,105,oracle+donor_profile,xml,0,0.25,181696,oracle_only
942621,124,oracle+donor_profile,xml,0,0.25,181697,oracle_only
942748,105,oracle+donor_profile,xml,0,0.25,181698,oracle_only
942856,149,oracle+donor_profile,xml,0,0.25,181699,oracle_only
943008,123,oracle+donor_profile,xml,0,0.25,181700,oracle_only
943134,125,oracle+donor_profile,xml,0,0.25,181701,oracle_only
943262,95,oracle+donor_profile,xml,0,0.25,181702,oracle_only
943360,150,oracle+donor_profile,xml,0,0.25,181703,oracle_only
943513,199,oracle+donor_profile,xml,0,0.25,181704,oracle_only
943715,140,oracle+donor_profile,xml,0,0.25,181705,oracle_only
943858,112,oracle+donor_profile,xml,0,0.25,181706,oracle_only
943973,221,oracle+donor_profile,xml,0,0.25,181707,oracle_only
944197,96,oracle+donor_profile,xml,0,0.25,181708,oracle_only
944296,161,oracle+donor_profile,xml,0,0.25,181709,oracle_only
944460,102,oracle+donor_profile,xml,0,0.25,181710,oracle_only
944565,130,oracle+donor_profile,xml,0,0.25,181711,oracle_only
944698,134,oracle+donor_profile,xml,0,0.25,181712,oracle_only
944835,142,oracle+donor_profile,xml,0,0.25,181713,oracle_only
944980,131,oracle+donor_profile,xml,0,0.25,181714,oracle_only
945114,99,oracle+donor_profile,xml,0,0.25,181715,oracle_only
945216,120,oracle+donor_profile,xml,0,0.25,181716,oracle_only
945339,130,oracle+donor_profile,xml,0,0.25,181717,oracle_only
945472,148,oracle+donor_profile,xml,0,0.25,181718,oracle_only
945623,95,oracle+donor_profile,xml,0,0.25,181719,oracle_only
945721,89,oracle+donor_profile,xml,0,0.25,181720,oracle_only
945813,158,oracle+donor_profile,xml,0,0.25,181721,oracle_only
945974,103,oracle+donor_profile,xml,0,0.25,181722,oracle_only
946080,129,oracle+donor_profile,xml,0,0.25,181723,oracle_only
946212,119,oracle+donor_profile,xml,0,0.25,181724,oracle_only
946334,119,oracle+donor_profile,xml,0,0.25,181725,oracle_only
946456,119,oracle+donor_profile,xml,0,0.25,181726,oracle_only
946578,119,oracle+donor_profile,xml,0,0.25,181727,oracle_only
946700,119,oracle+donor_profile,xml,0,0.25,181728,oracle_only
946822,119,oracle+donor_profile,xml,0,0.25,181729,oracle_only
946944,124,oracle+donor_profile,xml,0,0.25,181730,oracle_only
947071,107,oracle+donor_profile,xml,0,0.25,181731,oracle_only
947181,110,oracle+donor_profile,xml,0,0.25,181732,oracle_only
947294,97,oracle+donor_profile,xml,0,0.25,181733,oracle_only
947394,122,oracle+donor_profile,xml,0,0.25,181734,oracle_only
947519,113,oracle+donor_profile,xml,0,0.25,181735,oracle_only
947635,114,oracle+donor_profile,xml,0,0.25,181736,oracle_only
947752,104,oracle+donor_profile,xml,0,0.25,181737,oracle_only
947859,120,oracle+donor_profile,xml,0,0.25,181738,oracle_only
947982,131,oracle+donor_profile,xml,0,0.25,181739,oracle_only
948116,106,oracle+donor_profile,xml,0,0.25,181740,oracle_only
948225,160,oracle+donor_profile,xml,0,0.25,181741,oracle_only
948388,148,oracle+donor_profile,xml,0,0.25,181742,oracle_only
948539,176,oracle+donor_profile,xml,0,0.25,181743,oracle_only
948718,151,oracle+donor_profile,xml,0,0.25,181744,oracle_only
948872,108,oracle+donor_profile,xml,0,0.25,181745,oracle_only
948983,121,oracle+donor_profile,xml,0,0.25,181746,oracle_only
949107,127,oracle+donor_profile,xml,0,0.25,181747,oracle_only
949237,132,oracle+donor_profile,xml,0,0.25,181748,oracle_only
949372,95,oracle+donor_profile,xml,0,0.25,181749,oracle_only
949470,104,oracle+donor_profile,xml,0,0.25,181750,oracle_only
949577,129,oracle+donor_profile,xml,0,0.25,181751,oracle_only
949709,118,oracle+donor_profile,xml,0,0.25,181752,oracle_only
949830,134,oracle+donor_profile,xml,0,0.25,181753,oracle_only
949967,127,oracle+donor_profile,xml,0,0.25,181754,oracle_only
950097,116,oracle+donor_profile,xml,0,0.25,181755,oracle_only
950216,129,oracle+donor_profile,xml,0,0.25,181756,oracle_only
950348,95,oracle+donor_profile,xml,0,0.25,181757,oracle_only
950446,127,oracle+donor_profile,xml,0,0.25,181758,oracle_only
950576,121,oracle+donor_profile,xml,0,0.25,181759,oracle_only
950700,127,oracle+donor_profile,xml,0,0.25,181760,oracle_only
950830,111,oracle+donor_profile,xml,0,0.25,181761,oracle_only
950944,120,oracle+donor_profile,xml,0,0.25,181762,oracle_only
951067,123,oracle+donor_profile,xml,0,0.25,181763,oracle_only
951193,123,oracle+donor_profile,xml,0,0.25,181764,oracle_only
951319,122,oracle+donor_profile,xml,0,0.25,181765,oracle_only
951444,151,oracle+donor_profile,xml,0,0.25,181766,oracle_only
951598,132,oracle+donor_profile,xml,0,0.25,181767,oracle_only
951733,123,oracle+donor_profile,xml,0,0.25,181768,oracle_only
951859,136,oracle+donor_profile,xml,0,0.25,181769,oracle_only
951998,127,oracle+donor_profile,xml,0,0.25,181770,oracle_only
952128,142,oracle+donor_profile,xml,0,0.25,181771,oracle_only
952273,104,oracle+donor_profile,xml,0,0.25,181772,oracle_only
952380,126,oracle+donor_profile,xml,0,0.25,181773,oracle_only
952509,137,oracle+donor_profile,xml,0,0.25,181774,oracle_only
952649,107,oracle+donor_profile,xml,0,0.25,181775,oracle_only
952759,122,oracle+donor_profile,xml,0,0.25,181776,oracle_only
952884,78,oracle+donor_profile,xml,0,0.25,181777,oracle_only
952965,135,oracle+donor_profile,xml,0,0.25,181778,oracle_only
953103,116,oracle+donor_profile,xml,0,0.25,181779,oracle_only
953222,119,oracle+donor_profile,xml,0,0.25,181780,oracle_only
953344,102,oracle+donor_profile,xml,0,0.25,181781,oracle_only
953449,117,oracle+donor_profile,xml,0,0.25,181782,oracle_only
953569,140,oracle+donor_profile,xml,0,0.25,181783,oracle_only
953712,137,oracle+donor_profile,xml,0,0.25,181784,oracle_only
953852,119,oracle+donor_profile,xml,0,0.25,181785,oracle_only
953974,117,oracle+donor_profile,xml,0,0.25,181786,oracle_only
954094,123,oracle+donor_profile,xml,0,0.25,181787,oracle_only
954220,113,oracle+donor_profile,xml,0,0.25,181788,oracle_only
954336,126,oracle+donor_profile,xml,0,0.25,181789,oracle_only
954465,129,oracle+donor_profile,xml,0,0.25,181790,oracle_only
954597,127,oracle+donor_profile,xml,0,0.25,181791,oracle_only
954727,82,oracle+donor_profile,xml,0,0.25,181792,oracle_only
954812,101,oracle+donor_profile,xml,0,0.25,181793,oracle_only
954916,130,oracle+donor_profile,xml,0,0.25,181794,oracle_only
955049,116,oracle+donor_profile,xml,0,0.25,181795,oracle_only
955168,131,oracle+donor_profile,xml,0,0.25,181796,oracle_only
955302,176,oracle+donor_profile,xml,0,0.25,181797,oracle_only
955481,176,oracle+donor_profile,xml,0,0.25,181798,oracle_only
955660,139,oracle+donor_profile,xml,0,0.25,181799,oracle_only
955802,176,oracle+donor_profile,xml,0,0.25,181800,oracle_only
955981,114,oracle+donor_profile,xml,0,0.25,181801,oracle_only
956098,124,oracle+donor_profile,xml,0,0.25,181802,oracle_only
956225,132,oracle+donor_profile,xml,0,0.25,181803,oracle_only
956360,100,oracle+donor_profile,xml,0,0.25,181804,oracle_only
956463,83,oracle+donor_profile,xml,0,0.25,181805,oracle_only
956549,118,oracle+donor_profile,xml,0,0.25,181806,oracle_only
956670,140,oracle+donor_profile,xml,0,0.25,181807,oracle_only
956813,121,oracle+donor_profile,xml,0,0.25,181808,oracle_only
956937,94,oracle+donor_profile,xml,0,0.25,181809,oracle_only
957034,94,oracle+donor_profile,xml,0,0.25,181810,oracle_only
957131,101,oracle+donor_profile,xml,0,0.25,181811,oracle_only
957235,131,oracle+donor_profile,xml,0,0.25,181812,oracle_only
957369,109,oracle+donor_profile,xml,0,0.25,181813,oracle_only
957481,87,oracle+donor_profile,xml,0,0.25,181814,oracle_only
957571,124,oracle+donor_profile,xml,0,0.25,181815,oracle_only
957698,141,oracle+donor_profile,xml,0,0.25,181816,oracle_only
957842,141,oracle+donor_profile,xml,0,0.25,181817,oracle_only
957986,125,oracle+donor_profile,xml,0,0.25,181818,oracle_only
958114,127,oracle+donor_profile,xml,0,0.25,181819,oracle_only
958244,98,oracle+donor_profile,xml,0,0.25,181820,oracle_only
958345,124,oracle+donor_profile,xml,0,0.25,181821,oracle_only
958472,114,oracle+donor_profile,xml,0,0.25,181822,oracle_only
958589,138,oracle+donor_profile,xml,0,0.25,181823,oracle_only
958730,102,oracle+donor_profile,xml,0,0.25,181824,oracle_only
958835,111,oracle+donor_profile,xml,0,0.25,181825,oracle_only
958949,122,oracle+donor_profile,xml,0,0.25,181826,oracle_only
959074,115,oracle+donor_profile,xml,0,0.25,181827,oracle_only
959192,116,oracle+donor_profile,xml,0,0.25,181828,oracle_only
959311,148,oracle+donor_profile,xml,0,0.25,181829,oracle_only
959462,115,oracle+donor_profile,xml,0,0.25,181830,oracle_only
959580,136,oracle+donor_profile,xml,0,0.25,181831,oracle_only
959719,113,oracle+donor_profile,xml,0,0.25,181832,oracle_only
959835,130,oracle+donor_profile,xml,0,0.25,181833,oracle_only
959968,122,oracle+donor_profile,xml,0,0.25,181834,oracle_only
960093,122,oracle+donor_profile,xml,0,0.25,181835,oracle_only
960218,138,oracle+donor_profile,xml,0,0.25,181836,oracle_only
960359,117,oracle+donor_profile,xml,0,0.25,181837,oracle_only
960479,123,oracle+donor_profile,xml,0,0.25,181838,oracle_only
960605,134,oracle+donor_profile,xml,0,0.25,181839,oracle_only
960742,122,oracle+donor_profile,xml,0,0.25,181840,oracle_only
960867,107,oracle+donor_profile,xml,0,0.25,181841,oracle_only
960977,113,oracle+donor_profile,xml,0,0.25,181842,oracle_only
961093,104,oracle+donor_profile,xml,0,0.25,181843,oracle_only
961200,114,oracle+donor_profile,xml,0,0.25,181844,oracle_only
961317,118,oracle+donor_profile,xml,0,0.25,181845,oracle_only
961438,127,oracle+donor_profile,xml,0,0.25,181846,oracle_only
961568,142,oracle+donor_profile,xml,0,0.25,181847,oracle_only
961713,105,oracle+donor_profile,xml,0,0.25,181848,oracle_only
961821,118,oracle+donor_profile,xml,0,0.25,181849,oracle_only
961942,131,oracle+donor_profile,xml,0,0.25,181850,oracle_only
962076,123,oracle+donor_profile,xml,0,0.25,181851,oracle_only
962202,121,oracle+donor_profile,xml,0,0.25,181852,oracle_only
962326,98,oracle+donor_profile,xml,0,0.25,181853,oracle_only
962427,113,oracle+donor_profile,xml,0,0.25,181854,oracle_only
962543,85,oracle+donor_profile,xml,0,0.25,181855,oracle_only
962631,117,oracle+donor_profile,xml,0,0.25,181856,oracle_only
962751,113,oracle+donor_profile,xml,0,0.25,181857,oracle_only
962867,114,oracle+donor_profile,xml,0,0.25,181858,oracle_only
962984,157,oracle+donor_profile,xml,0,0.25,181859,oracle_only
963144,119,oracle+donor_profile,xml,0,0.25,181860,oracle_only
963266,102,oracle+donor_profile,xml,0,0.25,181861,oracle_only
963371,126,oracle+donor_profile,xml,0,0.25,181862,oracle_only
963500,133,oracle+donor_profile,xml,0,0.25,181863,oracle_only
963636,142,oracle+donor_profile,xml,0,0.25,181864,oracle_only
963781,124,oracle+donor_profile,xml,0,0.25,181865,oracle_only
963908,147,oracle+donor_profile,xml,0,0.25,181866,oracle_only
964058,112,oracle+donor_profile,xml,0,0.25,181867,oracle_only
964173,100,oracle+donor_profile,xml,0,0.25,181868,oracle_only
964276,129,oracle+donor_profile,xml,0,0.25,181869,oracle_only
964408,110,oracle+donor_profile,xml,0,0.25,181870,oracle_only
964521,120,oracle+donor_profile,xml,0,0.25,181871,oracle_only
964644,112,oracle+donor_profile,xml,0,0.25,181872,oracle_only
964759,167,oracle+donor_profile,xml,0,0.25,181873,oracle_only
964929,134,oracle+donor_profile,xml,0,0.25,181874,oracle_only
965066,138,oracle+donor_profile,xml,0,0.25,181875,oracle_only
965207,133,oracle+donor_profile,xml,0,0.25,181876,oracle_only
965343,115,oracle+donor_profile,xml,0,0.25,181877,oracle_only
965461,102,oracle+donor_profile,xml,0,0.25,181878,oracle_only
965566,167,oracle+donor_profile,xml,0,0.25,181879,oracle_only
965736,151,oracle+donor_profile,xml,0,0.25,181880,oracle_only
965890,124,oracle+donor_profile,xml,0,0.25,181881,oracle_only
966017,101,oracle+donor_profile,xml,0,0.25,181882,oracle_only
966121,107,oracle+donor_profile,xml,0,0.25,181883,oracle_only
966231,140,oracle+donor_profile,xml,0,0.25,181884,oracle_only
966374,126,oracle+donor_profile,xml,0,0.25,181885,oracle_only
966503,125,oracle+donor_profile,xml,0,0.25,181886,oracle_only
966631,125,oracle+donor_profile,xml,0,0.25,181887,oracle_only
966759,123,oracle+donor_profile,xml,0,0.25,181888,oracle_only
966885,123,oracle+donor_profile,xml,0,0.25,181889,oracle_only
967011,123,oracle+donor_profile,xml,0,0.25,181890,oracle_only
967137,123,oracle+donor_profile,xml,0,0.25,181891,oracle_only
967263,123,oracle+donor_profile,xml,0,0.25,181892,oracle_only
967389,123,oracle+donor_profile,xml,0,0.25,181893,oracle_only
967515,123,oracle+donor_profile,xml,0,0.25,181894,oracle_only
967641,125,oracle+donor_profile,xml,0,0.25,181895,oracle_only
967769,125,oracle+donor_profile,xml,0,0.25,181896,oracle_only
967897,125,oracle+donor_profile,xml,0,0.25,181897,oracle_only
968025,125,oracle+donor_profile,xml,0,0.25,181898,oracle_only
968153,125,oracle+donor_profile,xml,0,0.25,181899,oracle_only
968281,97,oracle+donor_profile,xml,0,0.25,181900,oracle_only
968381,97,oracle+donor_profile,xml,0,0.25,181901,oracle_only
968481,97,oracle+donor_profile,xml,0,0.25,181902,oracle_only
968581,97,oracle+donor_profile,xml,0,0.25,181903,oracle_only
968681,97,oracle+donor_profile,xml,0,0.25,181904,oracle_only
968781,97,oracle+donor_profile,xml,0,0.25,181905,oracle_only
968881,95,oracle+donor_profile,xml,0,0.25,181906,oracle_only
968979,95,oracle+donor_profile,xml,0,0.25,181907,oracle_only
969077,95,oracle+donor_profile,xml,0,0.25,181908,oracle_only
969175,95,oracle+donor_profile,xml,0,0.25,181909,oracle_only
969273,95,oracle+donor_profile,xml,0,0.25,181910,oracle_only
969371,95,oracle+donor_profile,xml,0,0.25,181911,oracle_only
969469,95,oracle+donor_profile,xml,0,0.25,181912,oracle_only
969567,95,oracle+donor_profile,xml,0,0.25,181913,oracle_only
969665,95,oracle+donor_profile,xml,0,0.25,181914,oracle_only
969763,95,oracle+donor_profile,xml,0,0.25,181915,oracle_only
969861,93,oracle+donor_profile,xml,0,0.25,181916,oracle_only
969957,121,oracle+donor_profile,xml,0,0.25,181917,oracle_only
970081,121,oracle+donor_profile,xml,0,0.25,181918,oracle_only
970205,121,oracle+donor_profile,xml,0,0.25,181919,oracle_only
970329,121,oracle+donor_profile,xml,0,0.25,181920,oracle_only
970453,132,oracle+donor_profile,xml,0,0.25,181921,oracle_only
970588,238,oracle+donor_profile,xml,0,0.25,181922,oracle_only
970829,117,oracle+donor_profile,xml,0,0.25,181923,oracle_only
970949,96,oracle+donor_profile,xml,0,0.25,181924,oracle_only
971048,129,oracle+donor_profile,xml,0,0.25,181925,oracle_only
971180,119,oracle+donor_profile,xml,0,0.25,181926,oracle_only
971302,128,oracle+donor_profile,xml,0,0.25,181927,oracle_only
971433,114,oracle+donor_profile,xml,0,0.25,181928,oracle_only
971550,116,oracle+donor_profile,xml,0,0.25,181929,oracle_only
971669,115,oracle+donor_profile,xml,0,0.25,181930,oracle_only
971787,140,oracle+donor_profile,xml,0,0.25,181931,oracle_only
971930,141,oracle+donor_profile,xml,0,0.25,181932,oracle_only
972074,208,oracle+donor_profile,xml,0,0.25,181933,oracle_only
972285,138,oracle+donor_profile,xml,0,0.25,181934,oracle_only
972426,94,oracle+donor_profile,xml,0,0.25,181935,oracle_only
972523,129,oracle+donor_profile,xml,0,0.25,181936,oracle_only
972655,155,oracle+donor_profile,xml,0,0.25,181937,oracle_only
972813,112,oracle+donor_profile,xml,0,0.25,181938,oracle_only
972928,98,oracle+donor_profile,xml,0,0.25,181939,oracle_only
973029,130,oracle+donor_profile,xml,0,0.25,181940,oracle_only
973162,138,oracle+donor_profile,xml,0,0.25,181941,oracle_only
973303,114,oracle+donor_profile,xml,0,0.25,181942,oracle_only
973420,79,oracle+donor_profile,xml,0,0.25,181943,oracle_only
973502,125,oracle+donor_profile,xml,0,0.25,181944,oracle_only
973630,146,oracle+donor_profile,xml,0,0.25,181945,oracle_only
973779,122,oracle+donor_profile,xml,0,0.25,181946,oracle_only
973904,115,oracle+donor_profile,xml,0,0.25,181947,oracle_only
974022,120,oracle+donor_profile,xml,0,0.25,181948,oracle_only
974145,147,oracle+donor_profile,xml,0,0.25,181949,oracle_only
974295,125,oracle+donor_profile,xml,0,0.25,181950,oracle_only
974423,105,oracle+donor_profile,xml,0,0.25,181951,oracle_only
974531,83,oracle+donor_profile,xml,0,0.25,181952,oracle_only
974617,162,oracle+donor_profile,xml,0,0.25,181953,oracle_only
974782,108,oracle+donor_profile,xml,0,0.25,181954,oracle_only
974893,136,oracle+donor_profile,xml,0,0.25,181955,oracle_only
975032,126,oracle+donor_profile,xml,0,0.25,181956,oracle_only
975161,181,oracle+donor_profile,xml,0,0.25,181957,oracle_only
975345,129,oracle+donor_profile,xml,0,0.25,181958,oracle_only
975477,185,oracle+donor_profile,xml,0,0.25,181959,oracle_only
975665,177,oracle+donor_profile,xml,0,0.25,181960,oracle_only
975845,210,oracle+donor_profile,xml,0,0.25,181961,oracle_only
976058,118,oracle+donor_profile,xml,0,0.25,181962,oracle_only
976179,134,oracle+donor_profile,xml,0,0.25,181963,oracle_only
976316,171,oracle+donor_profile,xml,0,0.25,181964,oracle_only
976490,128,oracle+donor_profile,xml,0,0.25,181965,oracle_only
976621,118,oracle+donor_profile,xml,0,0.25,181966,oracle_only
976742,89,oracle+donor_profile,xml,0,0.25,181967,oracle_only
976834,121,oracle+donor_profile,xml,0,0.25,181968,oracle_only
976958,132,oracle+donor_profile,xml,0,0.25,181969,oracle_only
977093,132,oracle+donor_profile,xml,0,0.25,181970,oracle_only
977228,109,oracle+donor_profile,xml,0,0.25,181971,oracle_only
977340,126,oracle+donor_profile,xml,0,0.25,181972,oracle_only
977469,117,oracle+donor_profile,xml,0,0.25,181973,oracle_only
977589,112,oracle+donor_profile,xml,0,0.25,181974,oracle_only
977704,110,oracle+donor_profile,xml,0,0.25,181975,oracle_only
977817,113,oracle+donor_profile,xml,0,0.25,181976,oracle_only
977933,94,oracle+donor_profile,xml,0,0.25,181977,oracle_only
978030,138,oracle+donor_profile,xml,0,0.25,181978,oracle_only
978171,142,oracle+donor_profile,xml,0,0.25,181979,oracle_only
978316,125,oracle+donor_profile,xml,0,0.25,181980,oracle_only
978444,113,oracle+donor_profile,xml,0,0.25,181981,oracle_only
978560,110,oracle+donor_profile,xml,0,0.25,181982,oracle_only
978673,129,oracle+donor_profile,xml,0,0.25,181983,oracle_only
978805,120,oracle+donor_profile,xml,0,0.25,181984,oracle_only
978928,112,oracle+donor_profile,xml,0,0.25,181985,oracle_only
979043,117,oracle+donor_profile,xml,0,0.25,181986,oracle_only
979163,127,oracle+donor_profile,xml,0,0.25,181987,oracle_only
979293,122,oracle+donor_profile,xml,0,0.25,181988,oracle_only
979418,109,oracle+donor_profile,xml,0,0.25,181989,oracle_only
979530,139,oracle+donor_profile,xml,0,0.25,181990,oracle_only
979672,93,oracle+donor_profile,xml,0,0.25,181991,oracle_only
979768,142,oracle+donor_profile,xml,0,0.25,181992,oracle_only
979913,126,oracle+donor_profile,xml,0,0.25,181993,oracle_only
980042,82,oracle+donor_profile,xml,0,0.25,181994,oracle_only
980127,97,oracle+donor_profile,xml,0,0.25,181995,oracle_only
980227,124,oracle+donor_profile,xml,0,0.25,181996,oracle_only
980354,125,oracle+donor_profile,xml,0,0.25,181997,oracle_only
980482,103,oracle+donor_profile,xml,0,0.25,181998,oracle_only
980588,119,oracle+donor_profile,xml,0,0.25,181999,oracle_only
980710,106,oracle+donor_profile,xml,0,0.25,182000,oracle_only
980819,155,oracle+donor_profile,xml,0,0.25,182001,oracle_only
980977,105,oracle+donor_profile,xml,0,0.25,182002,oracle_only
981085,153,oracle+donor_profile,xml,0,0.25,182003,oracle_only
981241,106,oracle+donor_profile,xml,0,0.25,182004,oracle_only
981350,112,oracle+donor_profile,xml,0,0.25,182005,oracle_only
981465,93,oracle+donor_profile,xml,0,0.25,182006,oracle_only
981561,125,oracle+donor_profile,xml,0,0.25,182007,oracle_only
981689,103,oracle+donor_profile,xml,0,0.25,182008,oracle_only
981795,204,oracle+donor_profile,xml,0,0.25,182009,oracle_only
982002,126,oracle+donor_profile,xml,0,0.25,182010,oracle_only
982131,85,oracle+donor_profile,xml,0,0.25,182011,oracle_only
982219,111,oracle+donor_profile,xml,0,0.25,182012,oracle_only
982333,122,oracle+donor_profile,xml,0,0.25,182013,oracle_only
982458,101,oracle+donor_profile,xml,0,0.25,182014,oracle_only
982562,114,oracle+donor_profile,xml,0,0.25,182015,oracle_only
982679,126,oracle+donor_profile,xml,0,0.25,182016,oracle_only
982808,111,oracle+donor_profile,xml,0,0.25,182017,oracle_only
982922,169,oracle+donor_profile,xml,0,0.25,182018,oracle_only
983094,115,oracle+donor_profile,xml,0,0.25,182019,oracle_only
983212,125,oracle+donor_profile,xml,0,0.25,182020,oracle_only
983340,111,oracle+donor_profile,xml,0,0.25,182021,oracle_only
983454,116,oracle+donor_profile,xml,0,0.25,182022,oracle_only
983573,120,oracle+donor_profile,xml,0,0.25,182023,oracle_only
983696,113,oracle+donor_profile,xml,0,0.25,182024,oracle_only
983812,97,oracle+donor_profile,xml,0,0.25,182025,oracle_only
983912,101,oracle+donor_profile,xml,0,0.25,182026,oracle_only
984016,170,oracle+donor_profile,xml,0,0.25,182027,oracle_only
984189,118,oracle+donor_profile,xml,0,0.25,182028,oracle_only
984310,90,oracle+donor_profile,xml,0,0.25,182029,oracle_only
984403,201,oracle+donor_profile,xml,0,0.25,182030,oracle_only
984607,127,oracle+donor_profile,xml,0,0.25,182031,oracle_only
984737,115,oracle+donor_profile,xml,0,0.25,182032,oracle_only
984855,128,oracle+donor_profile,xml,0,0.25,182033,oracle_only
984986,134,oracle+donor_profile,xml,0,0.25,182034,oracle_only
985123,142,oracle+donor_profile,xml,0,0.25,182035,oracle_only
985268,126,oracle+donor_profile,xml,0,0.25,182036,oracle_only
985397,124,oracle+donor_profile,xml,0,0.25,182037,oracle_only
985524,167,oracle+donor_profile,xml,0,0.25,182038,oracle_only
985694,104,oracle+donor_profile,xml,0,0.25,182039,oracle_only
985801,124,oracle+donor_profile,xml,0,0.25,182040,oracle_only
985928,126,oracle+donor_profile,xml,0,0.25,182041,oracle_only
986057,179,oracle+donor_profile,xml,0,0.25,182042,oracle_only
986239,113,oracle+donor_profile,xml,0,0.25,182043,oracle_only
986355,192,oracle+donor_profile,xml,0,0.25,182044,oracle_only
986550,120,oracle+donor_profile,xml,0,0.25,182045,oracle_only
986673,102,oracle+donor_profile,xml,0,0.25,182046,oracle_only
986778,134,oracle+donor_profile,xml,0,0.25,182047,oracle_only
986915,113,oracle+donor_profile,xml,0,0.25,182048,oracle_only
987031,119,oracle+donor_profile,xml,0,0.25,182049,oracle_only
987153,144,oracle+donor_profile,xml,0,0.25,182050,oracle_only
987300,121,oracle+donor_profile,xml,0,0.25,182051,oracle_only
987424,128,oracle+donor_profile,xml,0,0.25,182052,oracle_only
987555,107,oracle+donor_profile,xml,0,0.25,182053,oracle_only
987665,96,oracle+donor_profile,xml,0,0.25,182054,oracle_only
987764,143,oracle+donor_profile,xml,0,0.25,182055,oracle_only
987910,105,oracle+donor_profile,xml,0,0.25,182056,oracle_only
988018,84,oracle+donor_profile,xml,0,0.25,182057,oracle_only
988105,128,oracle+donor_profile,xml,0,0.25,182058,oracle_only
988236,130,oracle+donor_profile,xml,0,0.25,182059,oracle_only
988369,93,oracle+donor_profile,xml,0,0.25,182060,oracle_only
988465,95,oracle+donor_profile,xml,0,0.25,182061,oracle_only
988563,118,oracle+donor_profile,xml,0,0.25,182062,oracle_only
988684,147,oracle+donor_profile,xml,0,0.25,182063,oracle_only
988834,109,oracle+donor_profile,xml,0,0.25,182064,oracle_only
988946,157,oracle+donor_profile,xml,0,0.25,182065,oracle_only
989106,121,oracle+donor_profile,xml,0,0.25,182066,oracle_only
989230,120,oracle+donor_profile,xml,0,0.25,182067,oracle_only
989353,128,oracle+donor_profile,xml,0,0.25,182068,oracle_only
989484,120,oracle+donor_profile,xml,0,0.25,182069,oracle_only
989607,148,oracle+donor_profile,xml,0,0.25,182070,oracle_only
989758,102,oracle+donor_profile,xml,0,0.25,182071,oracle_only
989863,119,oracle+donor_profile,xml,0,0.25,182072,oracle_only
989985,131,oracle+donor_profile,xml,0,0.25,182073,oracle_only
990119,93,oracle+donor_profile,xml,0,0.25,182074,oracle_only
990215,155,oracle+donor_profile,xml,0,0.25,182075,oracle_only
990373,112,oracle+donor_profile,xml,0,0.25,182076,oracle_only
990488,120,oracle+donor_profile,xml,0,0.25,182077,oracle_only
990611,119,oracle+donor_profile,xml,0,0.25,182078,oracle_only
990733,141,oracle+donor_profile,xml,0,0.25,182079,oracle_only
990877,131,oracle+donor_profile,xml,0,0.25,182080,oracle_only
991011,83,oracle+donor_profile,xml,0,0.25,182081,oracle_only
991097,93,oracle+donor_profile,xml,0,0.25,182082,oracle_only
991193,133,oracle+donor_profile,xml,0,0.25,182083,oracle_only
991329,108,oracle+donor_profile,xml,0,0.25,182084,oracle_only
991440,90,oracle+donor_profile,xml,0,0.25,182085,oracle_only
991533,123,oracle+donor_profile,xml,0,0.25,182086,oracle_only
991659,142,oracle+donor_profile,xml,0,0.25,182087,oracle_only
991804,125,oracle+donor_profile,xml,0,0.25,182088,oracle_only
991932,125,oracle+donor_profile,xml,0,0.25,182089,oracle_only
992060,133,oracle+donor_profile,xml,0,0.25,182090,oracle_only
992196,131,oracle+donor_profile,xml,0,0.25,182091,oracle_only
992330,131,oracle+donor_profile,xml,0,0.25,182092,oracle_only
992464,105,oracle+donor_profile,xml,0,0.25,182093,oracle_only
992572,127,oracle+donor_profile,xml,0,0.25,182094,oracle_only
992702,118,oracle+donor_profile,xml,0,0.25,182095,oracle_only
992823,89,oracle+donor_profile,xml,0,0.25,182096,oracle_only
992915,180,oracle+donor_profile,xml,0,0.25,182097,oracle_only
993098,118,oracle+donor_profile,xml,0,0.25,182098,oracle_only
993219,89,oracle+donor_profile,xml,0,0.25,182099,oracle_only
993311,87,oracle+donor_profile,xml,0,0.25,182100,oracle_only
993401,134,oracle+donor_profile,xml,0,0.25,182101,oracle_only
993538,88,oracle+donor_profile,xml,0,0.25,182102,oracle_only
993629,78,oracle+donor_profile,xml,0,0.25,182103,oracle_only
993710,110,oracle+donor_profile,xml,0,0.25,182104,oracle_only
993823,98,oracle+donor_profile,xml,0,0.25,182105,oracle_only
993924,108,oracle+donor_profile,xml,0,0.25,182106,oracle_only
994035,115,oracle+donor_profile,xml,0,0.25,182107,oracle_only
994153,105,oracle+donor_profile,xml,0,0.25,182108,oracle_only
994261,126,oracle+donor_profile,xml,0,0.25,182109,oracle_only
994390,134,oracle+donor_profile,xml,0,0.25,182110,oracle_only
994527,112,oracle+donor_profile,xml,0,0.25,182111,oracle_only
994642,162,oracle+donor_profile,xml,0,0.25,182112,oracle_only
994807,128,oracle+donor_profile,xml,0,0.25,182113,oracle_only
994938,104,oracle+donor_profile,xml,0,0.25,182114,oracle_only
995045,126,oracle+donor_profile,xml,0,0.25,182115,oracle_only
995174,133,oracle+donor_profile,xml,0,0.25,182116,oracle_only
995310,164,oracle+donor_profile,xml,0,0.25,182117,oracle_only
995477,119,oracle+donor_profile,xml,0,0.25,182118,oracle_only
995599,126,oracle+donor_profile,xml,0,0.25,182119,oracle_only
995728,127,oracle+donor_profile,xml,0,0.25,182120,oracle_only
995858,118,oracle+donor_profile,xml,0,0.25,182121,oracle_only
995979,118,oracle+donor_profile,xml,0,0.25,182122,oracle_only
996100,84,oracle+donor_profile,xml,0,0.25,182123,oracle_only
996187,119,oracle+donor_profile,xml,0,0.25,182124,oracle_only
996309,124,oracle+donor_profile,xml,0,0.25,182125,oracle_only
996436,127,oracle+donor_profile,xml,0,0.25,182126,oracle_only
996566,119,oracle+donor_profile,xml,0,0.25,182127,oracle_only
996688,124,oracle+donor_profile,xml,0,0.25,182128,oracle_only
996815,141,oracle+donor_profile,xml,0,0.25,182129,oracle_only
996959,126,oracle+donor_profile,xml,0,0.25,182130,oracle_only
997088,123,oracle+donor_profile,xml,0,0.25,182131,oracle_only
997214,124,oracle+donor_profile,xml,0,0.25,182132,oracle_only
997341,126,oracle+donor_profile,xml,0,0.25,182133,oracle_only
997470,89,oracle+donor_profile,xml,0,0.25,182134,oracle_only
997562,131,oracle+donor_profile,xml,0,0.25,182135,oracle_only
997696,114,oracle+donor_profile,xml,0,0.25,182136,oracle_only
997813,124,oracle+donor_profile,xml,0,0.25,182137,oracle_only
997940,84,oracle+donor_profile,xml,0,0.25,182138,oracle_only
998027,86,oracle+donor_profile,xml,0,0.25,182139,oracle_only
998116,124,oracle+donor_profile,xml,0,0.25,182140,oracle_only
998243,109,oracle+donor_profile,xml,0,0.25,182141,oracle_only
998355,101,oracle+donor_profile,xml,0,0.25,182142,oracle_only
998459,151,oracle+donor_profile,xml,0,0.25,182143,oracle_only
998613,94,oracle+donor_profile,xml,0,0.25,182144,oracle_only
998710,87,oracle+donor_profile,xml,0,0.25,182145,oracle_only
998800,119,oracle+donor_profile,xml,0,0.25,182146,oracle_only
998922,87,oracle+donor_profile,xml,0,0.25,182147,oracle_only
999012,87,oracle+donor_profile,xml,0,0.25,182148,oracle_only
999102,112,oracle+donor_profile,xml,0,0.25,182149,oracle_only
999217,87,oracle+donor_profile,xml,0,0.25,182150,oracle_only
999307,114,oracle+donor_profile,xml,0,0.25,182151,oracle_only
999424,146,oracle+donor_profile,xml,0,0.25,182152,oracle_only
999573,122,oracle+donor_profile,xml,0,0.25,182153,oracle_only
999698,87,oracle+donor_profile,xml,0,0.25,182154,oracle_only
999788,119,oracle+donor_profile,xml,0,0.25,182155,oracle_only
999910,140,oracle+donor_profile,xml,0,0.25,182156,oracle_only
1000053,125,oracle+donor_profile,xml,0,0.25,182157,oracle_only
1000181,137,oracle+donor_profile,xml,0,0.25,182158,oracle_only
1000321,119,oracle+donor_profile,xml,0,0.25,182159,oracle_only
1000443,116,oracle+donor_profile,xml,0,0.25,182160,oracle_only
1000562,129,oracle+donor_profile,xml,0,0.25,182161,oracle_only
1000694,115,oracle+donor_profile,xml,0,0.25,182162,oracle_only
1000812,121,oracle+donor_profile,xml,0,0.25,182163,oracle_only
1000936,108,oracle+donor_profile,xml,0,0.25,182164,oracle_only
1001047,113,oracle+donor_profile,xml,0,0.25,182165,oracle_only
1001163,126,oracle+donor_profile,xml,0,0.25,182166,oracle_only
1001292,139,oracle+donor_profile,xml,0,0.25,182167,oracle_only
1001434,100,oracle+donor_profile,xml,0,0.25,182168,oracle_only
1001537,104,oracle+donor_profile,xml,0,0.25,182169,oracle_only
1001644,119,oracle+donor_profile,xml,0,0.25,182170,oracle_only
1001766,118,oracle+donor_profile,xml,0,0.25,182171,oracle_only
1001887,123,oracle+donor_profile,xml,0,0.25,182172,oracle_only
1002013,124,oracle+donor_profile,xml,0,0.25,182173,oracle_only
1002140,112,oracle+donor_profile,xml,0,0.25,182174,oracle_only
1002255,134,oracle+donor_profile,xml,0,0.25,182175,oracle_only
1002392,125,oracle+donor_profile,xml,0,0.25,182176,oracle_only
1002520,109,oracle+donor_profile,xml,0,0.25,182177,oracle_only
1002632,116,oracle+donor_profile,xml,0,0.25,182178,oracle_only
1002751,139,oracle+donor_profile,xml,0,0.25,182179,oracle_only
1002893,110,oracle+donor_profile,xml,0,0.25,182180,oracle_only
1003006,124,oracle+donor_profile,xml,0,0.25,182181,oracle_only
1003133,113,oracle+donor_profile,xml,0,0.25,182182,oracle_only
1003249,121,oracle+donor_profile,xml,0,0.25,182183,oracle_only
1003373,102,oracle+donor_profile,xml,0,0.25,182184,oracle_only
1003478,161,oracle+donor_profile,xml,0,0.25,182185,oracle_only
1003642,191,oracle+donor_profile,xml,0,0.25,182186,oracle_only
1003836,107,oracle+donor_profile,xml,0,0.25,182187,oracle_only
1003946,96,oracle+donor_profile,xml,0,0.25,182188,oracle_only
1004045,107,oracle+donor_profile,xml,0,0.25,182189,oracle_only
1004155,182,oracle+donor_profile,xml,0,0.25,182190,oracle_only
1004340,83,oracle+donor_profile,xml,0,0.25,182191,oracle_only
1004426,89,oracle+donor_profile,xml,0,0.25,182192,oracle_only
1004518,83,oracle+donor_profile,xml,0,0.25,182193,oracle_only
1004604,81,oracle+donor_profile,xml,0,0.25,182194,oracle_only
1004688,139,oracle+donor_profile,xml,0,0.25,182195,oracle_only
1004830,110,oracle+donor_profile,xml,0,0.25,182196,oracle_only
1004943,127,oracle+donor_profile,xml,0,0.25,182197,oracle_only
1005073,107,oracle+donor_profile,xml,0,0.25,182198,oracle_only
1005183,80,oracle+donor_profile,xml,0,0.25,182199,oracle_only
1005266,103,oracle+donor_profile,xml,0,0.25,182200,oracle_only
1005372,83,oracle+donor_profile,xml,0,0.25,182201,oracle_only
1005458,145,oracle+donor_profile,xml,0,0.25,182202,oracle_only
1005606,122,oracle+donor_profile,xml,0,0.25,182203,oracle_only
1005731,96,oracle+donor_profile,xml,0,0.25,182204,oracle_only
1005830,127,oracle+donor_profile,xml,0,0.25,182205,oracle_only
1005960,138,oracle+donor_profile,xml,0,0.25,182206,oracle_only
1006101,115,oracle+donor_profile,xml,0,0.25,182207,oracle_only
1006219,103,oracle+donor_profile,xml,0,0.25,182208,oracle_only
1006325,118,oracle+donor_profile,xml,0,0.25,182209,oracle_only
1006446,105,oracle+donor_profile,xml,0,0.25,182210,oracle_only
1006554,114,oracle+donor_profile,xml,0,0.25,182211,oracle_only
1006671,118,oracle+donor_profile,xml,0,0.25,182212,oracle_only
1006792,116,oracle+donor_profile,xml,0,0.25,182213,oracle_only
1006911,85,oracle+donor_profile,xml,0,0.25,182214,oracle_only
1006999,118,oracle+donor_profile,xml,0,0.25,182215,oracle_only
1007120,91,oracle+donor_profile,xml,0,0.25,182216,oracle_only
1007214,119,oracle+donor_profile,xml,0,0.25,182217,oracle_only
1007336,122,oracle+donor_profile,xml,0,0.25,182218,oracle_only
1007461,107,oracle+donor_profile,xml,0,0.25,182219,oracle_only
1007571,124,oracle+donor_profile,xml,0,0.25,182220,oracle_only
1007698,111,oracle+donor_profile,xml,0,0.25,182221,oracle_only
1007812,113,oracle+donor_profile,xml,0,0.25,182222,oracle_only
1007928,105,oracle+donor_profile,xml,0,0.25,182223,oracle_only
1008036,112,oracle+donor_profile,xml,0,0.25,182224,oracle_only
1008151,110,oracle+donor_profile,xml,0,0.25,182225,oracle_only
1008264,87,oracle+donor_profile,xml,0,0.25,182226,oracle_only
1008354,134,oracle+donor_profile,xml,0,0.25,182227,oracle_only
1008491,90,oracle+donor_profile,xml,0,0.25,182228,oracle_only
1008584,112,oracle+donor_profile,xml,0,0.25,182229,oracle_only
1008699,133,oracle+donor_profile,xml,0,0.25,182230,oracle_only
1008835,133,oracle+donor_profile,xml,0,0.25,182231,oracle_only
1008971,118,oracle+donor_profile,xml,0,0.25,182232,oracle_only
1009092,150,oracle+donor_profile,xml,0,0.25,182233,oracle_only
1009245,134,oracle+donor_profile,xml,0,0.25,182234,oracle_only
1009382,116,oracle+donor_profile,xml,0,0.25,182235,oracle_only
1009501,156,oracle+donor_profile,xml,0,0.25,182236,oracle_only
1009660,118,oracle+donor_profile,xml,0,0.25,182237,oracle_only
1009781,97,oracle+donor_profile,xml,0,0.25,182238,oracle_only
1009881,83,oracle+donor_profile,xml,0,0.25,182239,oracle_only
1009967,105,oracle+donor_profile,xml,0,0.25,182240,oracle_only
1010075,131,oracle+donor_profile,xml,0,0.25,182241,oracle_only
1010209,120,oracle+donor_profile,xml,0,0.25,182242,oracle_only
1010332,157,oracle+donor_profile,xml,0,0.25,182243,oracle_only
1010492,121,oracle+donor_profile,xml,0,0.25,182244,oracle_only
1010616,127,oracle+donor_profile,xml,0,0.25,182245,oracle_only
1010746,90,oracle+donor_profile,xml,0,0.25,182246,oracle_only
1010839,115,oracle+donor_profile,xml,0,0.25,182247,oracle_only
1010957,105,oracle+donor_profile,xml,0,0.25,182248,oracle_only
1011065,121,oracle+donor_profile,xml,0,0.25,182249,oracle_only
1011189,90,oracle+donor_profile,xml,0,0.25,182250,oracle_only
1011282,139,oracle+donor_profile,xml,0,0.25,182251,oracle_only
1011424,116,oracle+donor_profile,xml,0,0.25,182252,oracle_only
1011543,140,oracle+donor_profile,xml,0,0.25,182253,oracle_only
1011686,112,oracle+donor_profile,xml,0,0.25,182254,oracle_only
1011801,95,oracle+donor_profile,xml,0,0.25,182255,oracle_only
1011899,100,oracle+donor_profile,xml,0,0.25,182256,oracle_only
1012002,149,oracle+donor_profile,xml,0,0.25,182257,oracle_only
1012154,95,oracle+donor_profile,xml,0,0.25,182258,oracle_only
1012252,126,oracle+donor_profile,xml,0,0.25,182259,oracle_only
1012381,139,oracle+donor_profile,xml,0,0.25,182260,oracle_only
1012523,126,oracle+donor_profile,xml,0,0.25,182261,oracle_only
1012652,116,oracle+donor_profile,xml,0,0.25,182262,oracle_only
1012771,117,oracle+donor_profile,xml,0,0.25,182263,oracle_only
1012891,101,oracle+donor_profile,xml,0,0.25,182264,oracle_only
1012995,114,oracle+donor_profile,xml,0,0.25,182265,oracle_only
1013112,114,oracle+donor_profile,xml,0,0.25,182266,oracle_only
1013229,112,oracle+donor_profile,xml,0,0.25,182267,oracle_only
1013344,125,oracle+donor_profile,xml,0,0.25,182268,oracle_only
1013472,100,oracle+donor_profile,xml,0,0.25,182269,oracle_only
1013575,114,oracle+donor_profile,xml,0,0.25,182270,oracle_only
1013692,108,oracle+donor_profile,xml,0,0.25,182271,oracle_only
1013803,94,oracle+donor_profile,xml,0,0.25,182272,oracle_only
1013900,124,oracle+donor_profile,xml,0,0.25,182273,oracle_only
1014027,125,oracle+donor_profile,xml,0,0.25,182274,oracle_only
1014155,129,oracle+donor_profile,xml,0,0.25,182275,oracle_only
1014287,117,oracle+donor_profile,xml,0,0.25,182276,oracle_only
1014407,124,oracle+donor_profile,xml,0,0.25,182277,oracle_only
1014534,122,oracle+donor_profile,xml,0,0.25,182278,oracle_only
1014659,121,oracle+donor_profile,xml,0,0.25,182279,oracle_only
1014783,116,oracle+donor_profile,xml,0,0.25,182280,oracle_only
1014902,127,oracle+donor_profile,xml,0,0.25,182281,oracle_only
1015032,100,oracle+donor_profile,xml,0,0.25,182282,oracle_only
1015135,108,oracle+donor_profile,xml,0,0.25,182283,oracle_only
1015246,105,oracle+donor_profile,xml,0,0.25,182284,oracle_only
1015354,100,oracle+donor_profile,xml,0,0.25,182285,oracle_only
1015457,118,oracle+donor_profile,xml,0,0.25,182286,oracle_only
1015578,119,oracle+donor_profile,xml,0,0.25,182287,oracle_only
1015700,117,oracle+donor_profile,xml,0,0.25,182288,oracle_only
1015820,125,oracle+donor_profile,xml,0,0.25,182289,oracle_only
1015948,110,oracle+donor_profile,xml,0,0.25,182290,oracle_only
1016061,128,oracle+donor_profile,xml,0,0.25,182291,oracle_only
1016192,131,oracle+donor_profile,xml,0,0.25,182292,oracle_only
1016326,107,oracle+donor_profile,xml,0,0.25,182293,oracle_only
1016436,108,oracle+donor_profile,xml,0,0.25,182294,oracle_only
1016547,138,oracle+donor_profile,xml,0,0.25,182295,oracle_only
1016688,113,oracle+donor_profile,xml,0,0.25,182296,oracle_only
1016804,161,oracle+donor_profile,xml,0,0.25,182297,oracle_only
1016968,133,oracle+donor_profile,xml,0,0.25,182298,oracle_only
1017104,130,oracle+donor_profile,xml,0,0.25,182299,oracle_only
1017237,109,oracle+donor_profile,xml,0,0.25,182300,oracle_only
1017349,99,oracle+donor_profile,xml,0,0.25,182301,oracle_only
1017451,84,oracle+donor_profile,xml,0,0.25,182302,oracle_only
1017538,173,oracle+donor_profile,xml,0,0.25,182303,oracle_only
1017714,115,oracle+donor_profile,xml,0,0.25,182304,oracle_only
1017832,95,oracle+donor_profile,xml,0,0.25,182305,oracle_only
1017930,129,oracle+donor_profile,xml,0,0.25,182306,oracle_only
1018062,87,oracle+donor_profile,xml,0,0.25,182307,oracle_only
1018152,122,oracle+donor_profile,xml,0,0.25,182308,oracle_only
1018277,110,oracle+donor_profile,xml,0,0.25,182309,oracle_only
1018390,113,oracle+donor_profile,xml,0,0.25,182310,oracle_only
1018506,102,oracle+donor_profile,xml,0,0.25,182311,oracle_only
1018611,114,oracle+donor_profile,xml,0,0.25,182312,oracle_only
1018728,134,oracle+donor_profile,xml,0,0.25,182313,oracle_only
1018865,130,oracle+donor_profile,xml,0,0.25,182314,oracle_only
1018998,112,oracle+donor_profile,xml,0,0.25,182315,oracle_only
1019113,106,oracle+donor_profile,xml,0,0.25,182316,oracle_only
1019222,121,oracle+donor_profile,xml,0,0.25,182317,oracle_only
1019346,106,oracle+donor_profile,xml,0,0.25,182318,oracle_only
1019455,127,oracle+donor_profile,xml,0,0.25,182319,oracle_only
1019585,190,oracle+donor_profile,xml,0,0.25,182320,oracle_only
1019778,109,oracle+donor_profile,xml,0,0.25,182321,oracle_only
1019890,96,oracle+donor_profile,xml,0,0.25,182322,oracle_only
1019989,104,oracle+donor_profile,xml,0,0.25,182323,oracle_only
1020096,130,oracle+donor_profile,xml,0,0.25,182324,oracle_only
1020229,122,oracle+donor_profile,xml,0,0.25,182325,oracle_only
1020354,125,oracle+donor_profile,xml,0,0.25,182326,oracle_only
1020482,96,oracle+donor_profile,xml,0,0.25,182327,oracle_only
1020581,149,oracle+donor_profile,xml,0,0.25,182328,oracle_only
1020733,84,oracle+donor_profile,xml,0,0.25,182329,oracle_only
1020820,144,oracle+donor_profile,xml,0,0.25,182330,oracle_only
1020967,131,oracle+donor_profile,xml,0,0.25,182331,oracle_only
1021101,125,oracle+donor_profile,xml,0,0.25,182332,oracle_only
1021229,108,oracle+donor_profile,xml,0,0.25,182333,oracle_only
1021340,136,oracle+donor_profile,xml,0,0.25,182334,oracle_only
1021479,129,oracle+donor_profile,xml,0,0.25,182335,oracle_only
1021611,140,oracle+donor_profile,xml,0,0.25,182336,oracle_only
1021754,119,oracle+donor_profile,xml,0,0.25,182337,oracle_only
1021876,122,oracle+donor_profile,xml,0,0.25,182338,oracle_only
1022001,130,oracle+donor_profile,xml,0,0.25,182339,oracle_only
1022134,104,oracle+donor_profile,xml,0,0.25,182340,oracle_only
1022241,115,oracle+donor_profile,xml,0,0.25,182341,oracle_only
1022359,80,oracle+donor_profile,xml,0,0.25,182342,oracle_only
1022442,100,oracle+donor_profile,xml,0,0.25,182343,oracle_only
1022545,138,oracle+donor_profile,xml,0,0.25,182344,oracle_only
1022686,133,oracle+donor_profile,xml,0,0.25,182345,oracle_only
1022822,126,oracle+donor_profile,xml,0,0.25,182346,oracle_only
1022951,109,oracle+donor_profile,xml,0,0.25,182347,oracle_only
1023063,88,oracle+donor_profile,xml,0,0.25,182348,oracle_only
1023154,166,oracle+donor_profile,xml,0,0.25,182349,oracle_only
1023323,112,oracle+donor_profile,xml,0,0.25,182350,oracle_only
1023438,119,oracle+donor_profile,xml,0,0.25,182351,oracle_only
1023560,132,oracle+donor_profile,xml,0,0.25,182352,oracle_only
1023695,97,oracle+donor_profile,xml,0,0.25,182353,oracle_only
1023795,132,oracle+donor_profile,xml,0,0.25,182354,oracle_only
1023930,158,oracle+donor_profile,xml,0,0.25,182355,oracle_only
1024091,114,oracle+donor_profile,xml,0,0.25,182356,oracle_only
1024208,182,oracle+donor_profile,xml,0,0.25,182357,oracle_only
1024393,119,oracle+donor_profile,xml,0,0.25,182358,oracle_only
1024515,181,oracle+donor_profile,xml,0,0.25,182359,oracle_only
1024699,180,oracle+donor_profile,xml,0,0.25,182360,oracle_only
1024882,113,oracle+donor_profile,xml,0,0.25,182361,oracle_only
1024998,108,oracle+donor_profile,xml,0,0.25,182362,oracle_only
1025109,123,oracle+donor_profile,xml,0,0.25,182363,oracle_only
1025235,125,oracle+donor_profile,xml,0,0.25,182364,oracle_only
1025363,155,oracle+donor_profile,xml,0,0.25,182365,oracle_only
1025521,139,oracle+donor_profile,xml,0,0.25,182366,oracle_only
1025663,104,oracle+donor_profile,xml,0,0.25,182367,oracle_only
1025770,122,oracle+donor_profile,xml,0,0.25,182368,oracle_only
1025895,96,oracle+donor_profile,xml,0,0.25,182369,oracle_only
1025994,148,oracle+donor_profile,xml,0,0.25,182370,oracle_only
1026145,87,oracle+donor_profile,xml,0,0.25,182371,oracle_only
1026235,103,oracle+donor_profile,xml,0,0.25,182372,oracle_only
1026341,109,oracle+donor_profile,xml,0,0.25,182373,oracle_only
1026453,93,oracle+donor_profile,xml,0,0.25,182374,oracle_only
1026549,98,oracle+donor_profile,xml,0,0.25,182375,oracle_only
1026650,109,oracle+donor_profile,xml,0,0.25,182376,oracle_only
1026762,129,oracle+donor_profile,xml,0,0.25,182377,oracle_only
1026894,133,oracle+donor_profile,xml,0,0.25,182378,oracle_only
1027030,76,oracle+donor_profile,xml,0,0.25,182379,oracle_only
1027109,120,oracle+donor_profile,xml,0,0.25,182380,oracle_only
1027232,92,oracle+donor_profile,xml,0,0.25,182381,oracle_only
1027327,117,oracle+donor_profile,xml,0,0.25,182382,oracle_only
1027447,121,oracle+donor_profile,xml,0,0.25,182383,oracle_only
1027571,103,oracle+donor_profile,xml,0,0.25,182384,oracle_only
1027677,121,oracle+donor_profile,xml,0,0.25,182385,oracle_only
1027801,144,oracle+donor_profile,xml,0,0.25,182386,oracle_only
1027948,141,oracle+donor_profile,xml,0,0.25,182387,oracle_only
1028092,131,oracle+donor_profile,xml,0,0.25,182388,oracle_only
1028226,101,oracle+donor_profile,xml,0,0.25,182389,oracle_only
1028330,113,oracle+donor_profile,xml,0,0.25,182390,oracle_only
1028446,111,oracle+donor_profile,xml,0,0.25,182391,oracle_only
1028560,110,oracle+donor_profile,xml,0,0.25,182392,oracle_only
1028673,86,oracle+donor_profile,xml,0,0.25,182393,oracle_only
1028762,127,oracle+donor_profile,xml,0,0.25,182394,oracle_only
1028892,102,oracle+donor_profile,xml,0,0.25,182395,oracle_only
1028997,108,oracle+donor_profile,xml,0,0.25,182396,oracle_only
1029108,81,oracle+donor_profile,xml,0,0.25,182397,oracle_only
1029192,122,oracle+donor_profile,xml,0,0.25,182398,oracle_only
1029317,102,oracle+donor_profile,xml,0,0.25,182399,oracle_only
1029422,116,oracle+donor_profile,xml,0,0.25,182400,oracle_only
1029541,101,oracle+donor_profile,xml,0,0.25,182401,oracle_only
1029645,130,oracle+donor_profile,xml,0,0.25,182402,oracle_only
1029778,115,oracle+donor_profile,xml,0,0.25,182403,oracle_only
1029896,111,oracle+donor_profile,xml,0,0.25,182404,oracle_only
1030010,130,oracle+donor_profile,xml,0,0.25,182405,oracle_only
1030143,128,oracle+donor_profile,xml,0,0.25,182406,oracle_only
1030274,112,oracle+donor_profile,xml,0,0.25,182407,oracle_only
1030389,114,oracle+donor_profile,xml,0,0.25,182408,oracle_only
1030506,112,oracle+donor_profile,xml,0,0.25,182409,oracle_only
1030621,83,oracle+donor_profile,xml,0,0.25,182410,oracle_only
1030707,101,oracle+donor_profile,xml,0,0.25,182411,oracle_only
1030811,126,oracle+donor_profile,xml,0,0.25,182412,oracle_only
1030940,114,oracle+donor_profile,xml,0,0.25,182413,oracle_only
1031057,89,oracle+donor_profile,xml,0,0.25,182414,oracle_only
1031149,122,oracle+donor_profile,xml,0,0.25,182415,oracle_only
1031274,87,oracle+donor_profile,xml,0,0.25,182416,oracle_only
1031364,110,oracle+donor_profile,xml,0,0.25,182417,oracle_only
1031477,125,oracle+donor_profile,xml,0,0.25,182418,oracle_only
1031605,129,oracle+donor_profile,xml,0,0.25,182419,oracle_only
1031737,128,oracle+donor_profile,xml,0,0.25,182420,oracle_only
1031868,126,oracle+donor_profile,xml,0,0.25,182421,oracle_only
1031997,127,oracle+donor_profile,xml,0,0.25,182422,oracle_only
1032127,125,oracle+donor_profile,xml,0,0.25,182423,oracle_only
1032255,127,oracle+donor_profile,xml,0,0.25,182424,oracle_only
1032385,115,oracle+donor_profile,xml,0,0.25,182425,oracle_only
1032503,126,oracle+donor_profile,xml,0,0.25,182426,oracle_only
1032632,105,oracle+donor_profile,xml,0,0.25,182427,oracle_only
1032740,113,oracle+donor_profile,xml,0,0.25,182428,oracle_only
1032856,102,oracle+donor_profile,xml,0,0.25,182429,oracle_only
1032961,120,oracle+donor_profile,xml,0,0.25,182430,oracle_only
1033084,121,oracle+donor_profile,xml,0,0.25,182431,oracle_only
1033208,125,oracle+donor_profile,xml,0,0.25,182432,oracle_only
1033336,127,oracle+donor_profile,xml,0,0.25,182433,oracle_only
1033466,132,oracle+donor_profile,xml,0,0.25,182434,oracle_only
1033601,99,oracle+donor_profile,xml,0,0.25,182435,oracle_only
1033703,144,oracle+donor_profile,xml,0,0.25,182436,oracle_only
1033850,100,oracle+donor_profile,xml,0,0.25,182437,oracle_only
1033953,124,oracle+donor_profile,xml,0,0.25,182438,oracle_only
1034080,140,oracle+donor_profile,xml,0,0.25,182439,oracle_only
1034223,115,oracle+donor_profile,xml,0,0.25,182440,oracle_only
1034341,101,oracle+donor_profile,xml,0,0.25,182441,oracle_only
1034445,129,oracle+donor_profile,xml,0,0.25,182442,oracle_only
1034577,162,oracle+donor_profile,xml,0,0.25,182443,oracle_only
1034742,112,oracle+donor_profile,xml,0,0.25,182444,oracle_only
1034857,153,oracle+donor_profile,xml,0,0.25,182445,oracle_only
1035013,169,oracle+donor_profile,xml,0,0.25,182446,oracle_only
1035185,167,oracle+donor_profile,xml,0,0.25,182447,oracle_only
1035355,124,oracle+donor_profile,xml,0,0.25,182448,oracle_only
1035482,127,oracle+donor_profile,xml,0,0.25,182449,oracle_only
1035612,123,oracle+donor_profile,xml,0,0.25,182450,oracle_only
1035738,93,oracle+donor_profile,xml,0,0.25,182451,oracle_only
1035834,155,oracle+donor_profile,xml,0,0.25,182452,oracle_only
1035992,153,oracle+donor_profile,xml,0,0.25,182453,oracle_only
1036148,118,oracle+donor_profile,xml,0,0.25,182454,oracle_only
1036269,173,oracle+donor_profile,xml,0,0.25,182455,oracle_only
1036445,112,oracle+donor_profile,xml,0,0.25,182456,oracle_only
1036560,142,oracle+donor_profile,xml,0,0.25,182457,oracle_only
1036705,117,oracle+donor_profile,xml,0,0.25,182458,oracle_only
1036825,115,oracle+donor_profile,xml,0,0.25,182459,oracle_only
1036943,123,oracle+donor_profile,xml,0,0.25,182460,oracle_only
1037069,103,oracle+donor_profile,xml,0,0.25,182461,oracle_only
1037175,134,oracle+donor_profile,xml,0,0.25,182462,oracle_only
1037312,117,oracle+donor_profile,xml,0,0.25,182463,oracle_only
1037432,109,oracle+donor_profile,xml,0,0.25,182464,oracle_only
1037544,138,oracle+donor_profile,xml,0,0.25,182465,oracle_only
1037685,101,oracle+donor_profile,xml,0,0.25,182466,oracle_only
1037789,101,oracle+donor_profile,xml,0,0.25,182467,oracle_only
1037893,129,oracle+donor_profile,xml,0,0.25,182468,oracle_only
1038025,113,oracle+donor_profile,xml,0,0.25,182469,oracle_only
1038141,149,oracle+donor_profile,xml,0,0.25,182470,oracle_only
1038293,131,oracle+donor_profile,xml,0,0.25,182471,oracle_only
1038427,137,oracle+donor_profile,xml,0,0.25,182472,oracle_only
1038567,129,oracle+donor_profile,xml,0,0.25,182473,oracle_only
1038699,124,oracle+donor_profile,xml,0,0.25,182474,oracle_only
1038826,126,oracle+donor_profile,xml,0,0.25,182475,oracle_only
1038955,118,oracle+donor_profile,xml,0,0.25,182476,oracle_only
1039076,99,oracle+donor_profile,xml,0,0.25,182477,oracle_only
1039178,119,oracle+donor_profile,xml,0,0.25,182478,oracle_only
1039300,112,oracle+donor_profile,xml,0,0.25,182479,oracle_only
1039415,120,oracle+donor_profile,xml,0,0.25,182480,oracle_only
1039538,127,oracle+donor_profile,xml,0,0.25,182481,oracle_only
1039668,114,oracle+donor_profile,xml,0,0.25,182482,oracle_only
1039785,113,oracle+donor_profile,xml,0,0.25,182483,oracle_only
1039901,118,oracle+donor_profile,xml,0,0.25,182484,oracle_only
1040022,123,oracle+donor_profile,xml,0,0.25,182485,oracle_only
1040148,94,oracle+donor_profile,xml,0,0.25,182486,oracle_only
1040245,154,oracle+donor_profile,xml,0,0.25,182487,oracle_only
1040402,94,oracle+donor_profile,xml,0,0.25,182488,oracle_only
1040499,142,oracle+donor_profile,xml,0,0.25,182489,oracle_only
1040644,101,oracle+donor_profile,xml,0,0.25,182490,oracle_only
1040748,105,oracle+donor_profile,xml,0,0.25,182491,oracle_only
1040856,95,oracle+donor_profile,xml,0,0.25,182492,oracle_only
1040954,95,oracle+donor_profile,xml,0,0.25,182493,oracle_only
1041052,126,oracle+donor_profile,xml,0,0.25,182494,oracle_only
1041181,129,oracle+donor_profile,xml,0,0.25,182495,oracle_only
1041313,103,oracle+donor_profile,xml,0,0.25,182496,oracle_only
1041419,123,oracle+donor_profile,xml,0,0.25,182497,oracle_only
1041545,81,oracle+donor_profile,xml,0,0.25,182498,oracle_only
1041629,144,oracle+donor_profile,xml,0,0.25,182499,oracle_only
1041776,95,oracle+donor_profile,xml,0,0.25,182500,oracle_only
1041874,116,oracle+donor_profile,xml,0,0.25,182501,oracle_only
1041993,108,oracle+donor_profile,xml,0,0.25,182502,oracle_only
1042104,118,oracle+donor_profile,xml,0,0.25,182503,oracle_only
1042225,119,oracle+donor_profile,xml,0,0.25,182504,oracle_only
1042347,135,oracle+donor_profile,xml,0,0.25,182505,oracle_only
1042485,134,oracle+donor_profile,xml,0,0.25,182506,oracle_only
1042622,124,oracle+donor_profile,xml,0,0.25,182507,oracle_only
1042749,125,oracle+donor_profile,xml,0,0.25,182508,oracle_only
1042877,134,oracle+donor_profile,xml,0,0.25,182509,oracle_only
1043014,136,oracle+donor_profile,xml,0,0.25,182510,oracle_only
1043153,146,oracle+donor_profile,xml,0,0.25,182511,oracle_only
1043302,124,oracle+donor_profile,xml,0,0.25,182512,oracle_only
1043429,126,oracle+donor_profile,xml,0,0.25,182513,oracle_only
1043558,144,oracle+donor_profile,xml,0,0.25,182514,oracle_only
1043705,90,oracle+donor_profile,xml,0,0.25,182515,oracle_only
1043798,121,oracle+donor_profile,xml,0,0.25,182516,oracle_only
1043922,115,oracle+donor_profile,xml,0,0.25,182517,oracle_only
1044040,123,oracle+donor_profile,xml,0,0.25,182518,oracle_only
1044166,133,oracle+donor_profile,xml,0,0.25,182519,oracle_only
1044302,128,oracle+donor_profile,xml,0,0.25,182520,oracle_only
1044433,127,oracle+donor_profile,xml,0,0.25,182521,oracle_only
1044563,104,oracle+donor_profile,xml,0,0.25,182522,oracle_only
1044670,121,oracle+donor_profile,xml,0,0.25,182523,oracle_only
1044794,120,oracle+donor_profile,xml,0,0.25,182524,oracle_only
1044917,113,oracle+donor_profile,xml,0,0.25,182525,oracle_only
1045033,128,oracle+donor_profile,xml,0,0.25,182526,oracle_only
1045164,132,oracle+donor_profile,xml,0,0.25,182527,oracle_only
1045299,133,oracle+donor_profile,xml,0,0.25,182528,oracle_only
1045435,118,oracle+donor_profile,xml,0,0.25,182529,oracle_only
1045556,85,oracle+donor_profile,xml,0,0.25,182530,oracle_only
1045644,113,oracle+donor_profile,xml,0,0.25,182531,oracle_only
1045760,119,oracle+donor_profile,xml,0,0.25,182532,oracle_only
1045882,124,oracle+donor_profile,xml,0,0.25,182533,oracle_only
1046009,133,oracle+donor_profile,xml,0,0.25,182534,oracle_only
1046145,137,oracle+donor_profile,xml,0,0.25,182535,oracle_only
1046285,101,oracle+donor_profile,xml,0,0.25,182536,oracle_only
1046389,105,oracle+donor_profile,xml,0,0.25,182537,oracle_only
1046497,105,oracle+donor_profile,xml,0,0.25,182538,oracle_only
1046605,104,oracle+donor_profile,xml,0,0.25,182539,oracle_only
1046712,110,oracle+donor_profile,xml,0,0.25,182540,oracle_only
1046825,132,oracle+donor_profile,xml,0,0.25,182541,oracle_only
1046960,105,oracle+donor_profile,xml,0,0.25,182542,oracle_only
1047068,108,oracle+donor_profile,xml,0,0.25,182543,oracle_only
1047179,222,oracle+donor_profile,xml,0,0.25,182544,oracle_only
1047404,222,oracle+donor_profile,xml,0,0.25,182545,oracle_only
1047629,162,oracle+donor_profile,xml,0,0.25,182546,oracle_only
1047794,129,oracle+donor_profile,xml,0,0.25,182547,oracle_only
1047926,127,oracle+donor_profile,xml,0,0.25,182548,oracle_only
1048056,127,oracle+donor_profile,xml,0,0.25,182549,oracle_only
1048186,159,oracle+donor_profile,xml,0,0.25,182550,oracle_only
1048348,98,oracle+donor_profile,xml,0,0.25,182551,oracle_only
1048449,113,oracle+donor_profile,xml,0,0.25,182552,oracle_only
