offset,length,experts,stream_class,profile,residual_gain,pack_id,status
0,157,oracle+donor_profile,xml,0,0.25,182553,oracle_only
160,120,oracle+donor_profile,xml,0,0.25,182554,oracle_only
283,173,oracle+donor_profile,xml,0,0.25,182555,oracle_only
459,125,oracle+donor_profile,xml,0,0.25,182556,oracle_only
587,115,oracle+donor_profile,xml,0,0.25,182557,oracle_only
705,107,oracle+donor_profile,xml,0,0.25,182558,oracle_only
815,107,oracle+donor_profile,xml,0,0.25,182559,oracle_only
925,117,oracle+donor_profile,xml,0,0.25,182560,oracle_only
1045,112,oracle+donor_profile,xml,0,0.25,182561,oracle_only
1160,118,oracle+donor_profile,xml,0,0.25,182562,oracle_only
1281,143,oracle+donor_profile,xml,0,0.25,182563,oracle_only
1427,135,oracle+donor_profile,xml,0,0.25,182564,oracle_only
1565,131,oracle+donor_profile,xml,0,0.25,182565,oracle_only
1699,141,oracle+donor_profile,xml,0,0.25,182566,oracle_only
1843,100,oracle+donor_profile,xml,0,0.25,182567,oracle_only
1946,113,oracle+donor_profile,xml,0,0.25,182568,oracle_only
2062,149,oracle+donor_profile,xml,0,0.25,182569,oracle_only
2214,128,oracle+donor_profile,xml,0,0.25,182570,oracle_only
2345,101,oracle+donor_profile,xml,0,0.25,182571,oracle_only
2449,137,oracle+donor_profile,xml,0,0.25,182572,oracle_only
2589,130,oracle+donor_profile,xml,0,0.25,182573,oracle_only
2722,121,oracle+donor_profile,xml,0,0.25,182574,oracle_only
2846,116,oracle+donor_profile,xml,0,0.25,182575,oracle_only
2965,137,oracle+donor_profile,xml,0,0.25,182576,oracle_only
3105,104,oracle+donor_profile,xml,0,0.25,182577,oracle_only
3212,183,oracle+donor_profile,xml,0,0.25,182578,oracle_only
3398,101,oracle+donor_profile,xml,0,0.25,182579,oracle_only
3502,110,oracle+donor_profile,xml,0,0.25,182580,oracle_only
3615,123,oracle+donor_profile,xml,0,0.25,182581,oracle_only
3741,118,oracle+donor_profile,xml,0,0.25,182582,oracle_only
3862,116,oracle+donor_profile,xml,0,0.25,182583,oracle_only
3981,101,oracle+donor_profile,xml,0,0.25,182584,oracle_only
4085,129,oracle+donor_profile,xml,0,0.25,182585,oracle_only
4217,109,oracle+donor_profile,xml,0,0.25,182586,oracle_only
4329,186,oracle+donor_profile,xml,0,0.25,182587,oracle_only
4518,142,oracle+donor_profile,xml,0,0.25,182588,oracle_only
4663,98,oracle+donor_profile,xml,0,0.25,182589,oracle_only
4764,222,oracle+donor_profile,xml,0,0.25,182590,oracle_only
4989,130,oracle+donor_profile,xml,0,0.25,182591,oracle_only
5122,126,oracle+donor_profile,xml,0,0.25,182592,oracle_only
5251,127,oracle+donor_profile,xml,0,0.25,182593,oracle_only
5381,127,oracle+donor_profile,xml,0,0.25,182594,oracle_only
5511,121,oracle+donor_profile,xml,0,0.25,182595,oracle_only
5635,136,oracle+donor_profile,xml,0,0.25,182596,oracle_only
5774,117,oracle+donor_profile,xml,0,0.25,182597,oracle_only
5894,196,oracle+donor_profile,xml,0,0.25,182598,oracle_only
6093,107,oracle+donor_profile,xml,0,0.25,182599,oracle_only
6203,127,oracle+donor_profile,xml,0,0.25,182600,oracle_only
6333,128,oracle+donor_profile,xml,0,0.25,182601,oracle_only
6464,129,oracle+donor_profile,xml,0,0.25,182602,oracle_only
6596,132,oracle+donor_profile,xml,0,0.25,182603,oracle_only
6731,201,oracle+donor_profile,xml,0,0.25,182604,oracle_only
6935,164,oracle+donor_profile,xml,0,0.25,182605,oracle_only
7102,120,oracle+donor_profile,xml,0,0.25,182606,oracle_only
7225,105,oracle+donor_profile,xml,0,0.25,182607,oracle_only
7333,122,oracle+donor_profile,xml,0,0.25,182608,oracle_only
7458,105,oracle+donor_profile,xml,0,0.25,182609,oracle_only
7566,105,oracle+donor_profile,xml,0,0.25,182610,oracle_only
7674,147,oracle+donor_profile,xml,0,0.25,182611,oracle_only
7824,149,oracle+donor_profile,xml,0,0.25,182612,oracle_only
7976,121,oracle+donor_profile,xml,0,0.25,182613,oracle_only
8100,88,oracle+donor_profile,xml,0,0.25,182614,oracle_only
8191,124,oracle+donor_profile,xml,0,0.25,182615,oracle_only
8318,112,oracle+donor_profile,xml,0,0.25,182616,oracle_only
8433,121,oracle+donor_profile,xml,0,0.25,182617,oracle_only
8557,121,oracle+donor_profile,xml,0,0.25,182618,oracle_only
8681,105,oracle+donor_profile,xml,0,0.25,182619,oracle_only
8789,84,oracle+donor_profile,xml,0,0.25,182620,oracle_only
8876,122,oracle+donor_profile,xml,0,0.25,182621,oracle_only
9001,139,oracle+donor_profile,xml,0,0.25,182622,oracle_only
9143,116,oracle+donor_profile,xml,0,0.25,182623,oracle_only
9262,106,oracle+donor_profile,xml,0,0.25,182624,oracle_only
9371,136,oracle+donor_profile,xml,0,0.25,182625,oracle_only
9510,156,oracle+donor_profile,xml,0,0.25,182626,oracle_only
9669,107,oracle+donor_profile,xml,0,0.25,182627,oracle_only
9779,154,oracle+donor_profile,xml,0,0.25,182628,oracle_only
9936,100,oracle+donor_profile,xml,0,0.25,182629,oracle_only
10039,142,oracle+donor_profile,xml,0,0.25,182630,oracle_only
10184,99,oracle+donor_profile,xml,0,0.25,182631,oracle_only
10286,116,oracle+donor_profile,xml,0,0.25,182632,oracle_only
10405,117,oracle+donor_profile,xml,0,0.25,182633,oracle_only
10525,102,oracle+donor_profile,xml,0,0.25,182634,oracle_only
10630,134,oracle+donor_profile,xml,0,0.25,182635,oracle_only
10767,149,oracle+donor_profile,xml,0,0.25,182636,oracle_only
10919,108,oracle+donor_profile,xml,0,0.25,182637,oracle_only
11030,121,oracle+donor_profile,xml,0,0.25,182638,oracle_only
11154,134,oracle+donor_profile,xml,0,0.25,182639,oracle_only
11291,142,oracle+donor_profile,xml,0,0.25,182640,oracle_only
11436,116,oracle+donor_profile,xml,0,0.25,182641,oracle_only
11555,131,oracle+donor_profile,xml,0,0.25,182642,oracle_only
11689,138,oracle+donor_profile,xml,0,0.25,182643,oracle_only
11830,94,oracle+donor_profile,xml,0,0.25,182644,oracle_only
11927,137,oracle+donor_profile,xml,0,0.25,182645,oracle_only
12067,133,oracle+donor_profile,xml,0,0.25,182646,oracle_only
12203,113,oracle+donor_profile,xml,0,0.25,182647,oracle_only
12319,142,oracle+donor_profile,xml,0,0.25,182648,oracle_only
12464,124,oracle+donor_profile,xml,0,0.25,182649,oracle_only
12591,137,oracle+donor_profile,xml,0,0.25,182650,oracle_only
12731,119,oracle+donor_profile,xml,0,0.25,182651,oracle_only
12853,126,oracle+donor_profile,xml,0,0.25,182652,oracle_only
12982,115,oracle+donor_profile,xml,0,0.25,182653,oracle_only
13100,129,oracle+donor_profile,xml,0,0.25,182654,oracle_only
13232,177,oracle+donor_profile,xml,0,0.25,182655,oracle_only
13412,132,oracle+donor_profile,xml,0,0.25,182656,oracle_only
13547,106,oracle+donor_profile,xml,0,0.25,182657,oracle_only
13656,102,oracle+donor_profile,xml,0,0.25,182658,oracle_only
13761,110,oracle+donor_profile,xml,0,0.25,182659,oracle_only
13874,136,oracle+donor_profile,xml,0,0.25,182660,oracle_only
14013,107,oracle+donor_profile,xml,0,0.25,182661,oracle_only
14123,150,oracle+donor_profile,xml,0,0.25,182662,oracle_only
14276,140,oracle+donor_profile,xml,0,0.25,182663,oracle_only
14419,117,oracle+donor_profile,xml,0,0.25,182664,oracle_only
14539,90,oracle+donor_profile,xml,0,0.25,182665,oracle_only
14632,113,oracle+donor_profile,xml,0,0.25,182666,oracle_only
14748,115,oracle+donor_profile,xml,0,0.25,182667,oracle_only
14866,112,oracle+donor_profile,xml,0,0.25,182668,oracle_only
14981,126,oracle+donor_profile,xml,0,0.25,182669,oracle_only
15110,117,oracle+donor_profile,xml,0,0.25,182670,oracle_only
15230,83,oracle+donor_profile,xml,0,0.25,182671,oracle_only
15316,126,oracle+donor_profile,xml,0,0.25,182672,oracle_only
15445,123,oracle+donor_profile,xml,0,0.25,182673,oracle_only
15571,105,oracle+donor_profile,xml,0,0.25,182674,oracle_only
15679,111,oracle+donor_profile,xml,0,0.25,182675,oracle_only
15793,123,oracle+donor_profile,xml,0,0.25,182676,oracle_only
15919,155,oracle+donor_profile,xml,0,0.25,182677,oracle_only
16077,105,oracle+donor_profile,xml,0,0.25,182678,oracle_only
16185,96,oracle+donor_profile,xml,0,0.25,182679,oracle_only
16284,128,oracle+donor_profile,xml,0,0.25,182680,oracle_only
16415,119,oracle+donor_profile,xml,0,0.25,182681,oracle_only
16537,127,oracle+donor_profile,xml,0,0.25,182682,oracle_only
16667,113,oracle+donor_profile,xml,0,0.25,182683,oracle_only
16783,147,oracle+donor_profile,xml,0,0.25,182684,oracle_only
16933,124,oracle+donor_profile,xml,0,0.25,182685,oracle_only
17060,142,oracle+donor_profile,xml,0,0.25,182686,oracle_only
17205,131,oracle+donor_profile,xml,0,0.25,182687,oracle_only
17339,120,oracle+donor_profile,xml,0,0.25,182688,oracle_only
17462,103,oracle+donor_profile,xml,0,0.25,182689,oracle_only
17568,112,oracle+donor_profile,xml,0,0.25,182690,oracle_only
17683,121,oracle+donor_profile,xml,0,0.25,182691,oracle_only
17807,166,oracle+donor_profile,xml,0,0.25,182692,oracle_only
17976,125,oracle+donor_profile,xml,0,0.25,182693,oracle_only
18104,103,oracle+donor_profile,xml,0,0.25,182694,oracle_only
18210,116,oracle+donor_profile,xml,0,0.25,182695,oracle_only
18329,108,oracle+donor_profile,xml,0,0.25,182696,oracle_only
18440,125,oracle+donor_profile,xml,0,0.25,182697,oracle_only
18568,116,oracle+donor_profile,xml,0,0.25,182698,oracle_only
18687,120,oracle+donor_profile,xml,0,0.25,182699,oracle_only
18810,113,oracle+donor_profile,xml,0,0.25,182700,oracle_only
18926,130,oracle+donor_profile,xml,0,0.25,182701,oracle_only
19059,133,oracle+donor_profile,xml,0,0.25,182702,oracle_only
19195,120,oracle+donor_profile,xml,0,0.25,182703,oracle_only
19318,82,oracle+donor_profile,xml,0,0.25,182704,oracle_only
19403,125,oracle+donor_profile,xml,0,0.25,182705,oracle_only
19531,182,oracle+donor_profile,xml,0,0.25,182706,oracle_only
19716,127,oracle+donor_profile,xml,0,0.25,182707,oracle_only
19846,116,oracle+donor_profile,xml,0,0.25,182708,oracle_only
19965,93,oracle+donor_profile,xml,0,0.25,182709,oracle_only
20061,90,oracle+donor_profile,xml,0,0.25,182710,oracle_only
20154,122,oracle+donor_profile,xml,0,0.25,182711,oracle_only
20279,122,oracle+donor_profile,xml,0,0.25,182712,oracle_only
20404,126,oracle+donor_profile,xml,0,0.25,182713,oracle_only
20533,124,oracle+donor_profile,xml,0,0.25,182714,oracle_only
20660,146,oracle+donor_profile,xml,0,0.25,182715,oracle_only
20809,140,oracle+donor_profile,xml,0,0.25,182716,oracle_only
20952,115,oracle+donor_profile,xml,0,0.25,182717,oracle_only
21070,126,oracle+donor_profile,xml,0,0.25,182718,oracle_only
21199,128,oracle+donor_profile,xml,0,0.25,182719,oracle_only
21330,119,oracle+donor_profile,xml,0,0.25,182720,oracle_only
21452,109,oracle+donor_profile,xml,0,0.25,182721,oracle_only
21564,129,oracle+donor_profile,xml,0,0.25,182722,oracle_only
21696,116,oracle+donor_profile,xml,0,0.25,182723,oracle_only
21815,137,oracle+donor_profile,xml,0,0.25,182724,oracle_only
21955,137,oracle+donor_profile,xml,0,0.25,182725,oracle_only
22095,141,oracle+donor_profile,xml,0,0.25,182726,oracle_only
22239,112,oracle+donor_profile,xml,0,0.25,182727,oracle_only
22354,114,oracle+donor_profile,xml,0,0.25,182728,oracle_only
22471,111,oracle+donor_profile,xml,0,0.25,182729,oracle_only
22585,91,oracle+donor_profile,xml,0,0.25,182730,oracle_only
22679,145,oracle+donor_profile,xml,0,0.25,182731,oracle_only
22827,110,oracle+donor_profile,xml,0,0.25,182732,oracle_only
22940,112,oracle+donor_profile,xml,0,0.25,182733,oracle_only
23055,120,oracle+donor_profile,xml,0,0.25,182734,oracle_only
23178,113,oracle+donor_profile,xml,0,0.25,182735,oracle_only
23294,136,oracle+donor_profile,xml,0,0.25,182736,oracle_only
23433,156,oracle+donor_profile,xml,0,0.25,182737,oracle_only
23592,115,oracle+donor_profile,xml,0,0.25,182738,oracle_only
23710,121,oracle+donor_profile,xml,0,0.25,182739,oracle_only
23834,126,oracle+donor_profile,xml,0,0.25,182740,oracle_only
23963,130,oracle+donor_profile,xml,0,0.25,182741,oracle_only
24096,108,oracle+donor_profile,xml,0,0.25,182742,oracle_only
24207,131,oracle+donor_profile,xml,0,0.25,182743,oracle_only
24341,113,oracle+donor_profile,xml,0,0.25,182744,oracle_only
24457,95,oracle+donor_profile,xml,0,0.25,182745,oracle_only
24555,181,oracle+donor_profile,xml,0,0.25,182746,oracle_only
24739,120,oracle+donor_profile,xml,0,0.25,182747,oracle_only
24862,126,oracle+donor_profile,xml,0,0.25,182748,oracle_only
24991,119,oracle+donor_profile,xml,0,0.25,182749,oracle_only
25113,134,oracle+donor_profile,xml,0,0.25,182750,oracle_only
25250,120,oracle+donor_profile,xml,0,0.25,182751,oracle_only
25373,118,oracle+donor_profile,xml,0,0.25,182752,oracle_only
25494,101,oracle+donor_profile,xml,0,0.25,182753,oracle_only
25598,111,oracle+donor_profile,xml,0,0.25,182754,oracle_only
25712,86,oracle+donor_profile,xml,0,0.25,182755,oracle_only
25801,95,oracle+donor_profile,xml,0,0.25,182756,oracle_only
25899,138,oracle+donor_profile,xml,0,0.25,182757,oracle_only
26040,84,oracle+donor_profile,xml,0,0.25,182758,oracle_only
26127,119,oracle+donor_profile,xml,0,0.25,182759,oracle_only
26249,118,oracle+donor_profile,xml,0,0.25,182760,oracle_only
26370,127,oracle+donor_profile,xml,0,0.25,182761,oracle_only
26500,101,oracle+donor_profile,xml,0,0.25,182762,oracle_only
26604,85,oracle+donor_profile,xml,0,0.25,182763,oracle_only
26692,119,oracle+donor_profile,xml,0,0.25,182764,oracle_only
26814,124,oracle+donor_profile,xml,0,0.25,182765,oracle_only
26941,113,oracle+donor_profile,xml,0,0.25,182766,oracle_only
27057,128,oracle+donor_profile,xml,0,0.25,182767,oracle_only
27188,103,oracle+donor_profile,xml,0,0.25,182768,oracle_only
27294,116,oracle+donor_profile,xml,0,0.25,182769,oracle_only
27413,106,oracle+donor_profile,xml,0,0.25,182770,oracle_only
27522,82,oracle+donor_profile,xml,0,0.25,182771,oracle_only
27607,128,oracle+donor_profile,xml,0,0.25,182772,oracle_only
27738,123,oracle+donor_profile,xml,0,0.25,182773,oracle_only
27864,125,oracle+donor_profile,xml,0,0.25,182774,oracle_only
27992,107,oracle+donor_profile,xml,0,0.25,182775,oracle_only
28102,143,oracle+donor_profile,xml,0,0.25,182776,oracle_only
28248,140,oracle+donor_profile,xml,0,0.25,182777,oracle_only
28391,190,oracle+donor_profile,xml,0,0.25,182778,oracle_only
28584,121,oracle+donor_profile,xml,0,0.25,182779,oracle_only
28708,112,oracle+donor_profile,xml,0,0.25,182780,oracle_only
28823,128,oracle+donor_profile,xml,0,0.25,182781,oracle_only
28954,100,oracle+donor_profile,xml,0,0.25,182782,oracle_only
29057,128,oracle+donor_profile,xml,0,0.25,182783,oracle_only
29188,101,oracle+donor_profile,xml,0,0.25,182784,oracle_only
29292,109,oracle+donor_profile,xml,0,0.25,182785,oracle_only
29404,126,oracle+donor_profile,xml,0,0.25,182786,oracle_only
29533,96,oracle+donor_profile,xml,0,0.25,182787,oracle_only
29632,116,oracle+donor_profile,xml,0,0.25,182788,oracle_only
29751,135,oracle+donor_profile,xml,0,0.25,182789,oracle_only
29889,118,oracle+donor_profile,xml,0,0.25,182790,oracle_only
30010,159,oracle+donor_profile,xml,0,0.25,182791,oracle_only
30172,123,oracle+donor_profile,xml,0,0.25,182792,oracle_only
30298,84,oracle+donor_profile,xml,0,0.25,182793,oracle_only
30385,201,oracle+donor_profile,xml,0,0.25,182794,oracle_only
30589,183,oracle+donor_profile,xml,0,0.25,182795,oracle_only
30775,126,oracle+donor_profile,xml,0,0.25,182796,oracle_only
30904,108,oracle+donor_profile,xml,0,0.25,182797,oracle_only
31015,132,oracle+donor_profile,xml,0,0.25,182798,oracle_only
31150,91,oracle+donor_profile,xml,0,0.25,182799,oracle_only
31244,119,oracle+donor_profile,xml,0,0.25,182800,oracle_only
31366,100,oracle+donor_profile,xml,0,0.25,182801,oracle_only
31469,111,oracle+donor_profile,xml,0,0.25,182802,oracle_only
31583,119,oracle+donor_profile,xml,0,0.25,182803,oracle_only
31705,104,oracle+donor_profile,xml,0,0.25,182804,oracle_only
31812,114,oracle+donor_profile,xml,0,0.25,182805,oracle_only
31929,118,oracle+donor_profile,xml,0,0.25,182806,oracle_only
32050,121,oracle+donor_profile,xml,0,0.25,182807,oracle_only
32174,112,oracle+donor_profile,xml,0,0.25,182808,oracle_only
32289,109,oracle+donor_profile,xml,0,0.25,182809,oracle_only
32401,126,oracle+donor_profile,xml,0,0.25,182810,oracle_only
32530,120,oracle+donor_profile,xml,0,0.25,182811,oracle_only
32653,124,oracle+donor_profile,xml,0,0.25,182812,oracle_only
32780,111,oracle+donor_profile,xml,0,0.25,182813,oracle_only
32894,125,oracle+donor_profile,xml,0,0.25,182814,oracle_only
33022,134,oracle+donor_profile,xml,0,0.25,182815,oracle_only
33159,138,oracle+donor_profile,xml,0,0.25,182816,oracle_only
33300,88,oracle+donor_profile,xml,0,0.25,182817,oracle_only
33391,114,oracle+donor_profile,xml,0,0.25,182818,oracle_only
33508,120,oracle+donor_profile,xml,0,0.25,182819,oracle_only
33631,92,oracle+donor_profile,xml,0,0.25,182820,oracle_only
33726,117,oracle+donor_profile,xml,0,0.25,182821,oracle_only
33846,112,oracle+donor_profile,xml,0,0.25,182822,oracle_only
33961,111,oracle+donor_profile,xml,0,0.25,182823,oracle_only
34075,124,oracle+donor_profile,xml,0,0.25,182824,oracle_only
34202,119,oracle+donor_profile,xml,0,0.25,182825,oracle_only
34324,118,oracle+donor_profile,xml,0,0.25,182826,oracle_only
34445,121,oracle+donor_profile,xml,0,0.25,182827,oracle_only
34569,104,oracle+donor_profile,xml,0,0.25,182828,oracle_only
34676,131,oracle+donor_profile,xml,0,0.25,182829,oracle_only
34810,104,oracle+donor_profile,xml,0,0.25,182830,oracle_only
34917,104,oracle+donor_profile,xml,0,0.25,182831,oracle_only
35024,127,oracle+donor_profile,xml,0,0.25,182832,oracle_only
35154,129,oracle+donor_profile,xml,0,0.25,182833,oracle_only
35286,127,oracle+donor_profile,xml,0,0.25,182834,oracle_only
35416,114,oracle+donor_profile,xml,0,0.25,182835,oracle_only
35533,119,oracle+donor_profile,xml,0,0.25,182836,oracle_only
35655,127,oracle+donor_profile,xml,0,0.25,182837,oracle_only
35785,132,oracle+donor_profile,xml,0,0.25,182838,oracle_only
35920,112,oracle+donor_profile,xml,0,0.25,182839,oracle_only
36035,106,oracle+donor_profile,xml,0,0.25,182840,oracle_only
36144,88,oracle+donor_profile,xml,0,0.25,182841,oracle_only
36235,136,oracle+donor_profile,xml,0,0.25,182842,oracle_only
36374,138,oracle+donor_profile,xml,0,0.25,182843,oracle_only
36515,139,oracle+donor_profile,xml,0,0.25,182844,oracle_only
36657,145,oracle+donor_profile,xml,0,0.25,182845,oracle_only
36805,103,oracle+donor_profile,xml,0,0.25,182846,oracle_only
36911,129,oracle+donor_profile,xml,0,0.25,182847,oracle_only
37043,115,oracle+donor_profile,xml,0,0.25,182848,oracle_only
37161,181,oracle+donor_profile,xml,0,0.25,182849,oracle_only
37345,122,oracle+donor_profile,xml,0,0.25,182850,oracle_only
37470,132,oracle+donor_profile,xml,0,0.25,182851,oracle_only
37605,121,oracle+donor_profile,xml,0,0.25,182852,oracle_only
37729,113,oracle+donor_profile,xml,0,0.25,182853,oracle_only
37845,87,oracle+donor_profile,xml,0,0.25,182854,oracle_only
37935,118,oracle+donor_profile,xml,0,0.25,182855,oracle_only
38056,134,oracle+donor_profile,xml,0,0.25,182856,oracle_only
38193,270,oracle+donor_profile,xml,0,0.25,182857,oracle_only
38466,131,oracle+donor_profile,xml,0,0.25,182858,oracle_only
38600,100,oracle+donor_profile,xml,0,0.25,182859,oracle_only
38703,99,oracle+donor_profile,xml,0,0.25,182860,oracle_only
38805,144,oracle+donor_profile,xml,0,0.25,182861,oracle_only
38952,83,oracle+donor_profile,xml,0,0.25,182862,oracle_only
39038,109,oracle+donor_profile,xml,0,0.25,182863,oracle_only
39150,121,oracle+donor_profile,xml,0,0.25,182864,oracle_only
39274,127,oracle+donor_profile,xml,0,0.25,182865,oracle_only
39404,133,oracle+donor_profile,xml,0,0.25,182866,oracle_only
39540,86,oracle+donor_profile,xml,0,0.25,182867,oracle_only
39629,108,oracle+donor_profile,xml,0,0.25,182868,oracle_only
39740,114,oracle+donor_profile,xml,0,0.25,182869,oracle_only
39857,120,oracle+donor_profile,xml,0,0.25,182870,oracle_only
39980,158,oracle+donor_profile,xml,0,0.25,182871,oracle_only
40141,151,oracle+donor_profile,xml,0,0.25,182872,oracle_only
40295,132,oracle+donor_profile,xml,0,0.25,182873,oracle_only
40430,124,oracle+donor_profile,xml,0,0.25,182874,oracle_only
40557,125,oracle+donor_profile,xml,0,0.25,182875,oracle_only
40685,114,oracle+donor_profile,xml,0,0.25,182876,oracle_only
40802,132,oracle+donor_profile,xml,0,0.25,182877,oracle_only
40937,133,oracle+donor_profile,xml,0,0.25,182878,oracle_only
41073,134,oracle+donor_profile,xml,0,0.25,182879,oracle_only
41210,138,oracle+donor_profile,xml,0,0.25,182880,oracle_only
41351,177,oracle+donor_profile,url,0,0.25,182881,oracle_only
41531,131,oracle+donor_profile,xml,0,0.25,182882,oracle_only
41665,82,oracle+donor_profile,xml,0,0.25,182883,oracle_only
41750,108,oracle+donor_profile,xml,0,0.25,182884,oracle_only
41861,115,oracle+donor_profile,xml,0,0.25,182885,oracle_only
41979,124,oracle+donor_profile,xml,0,0.25,182886,oracle_only
42106,108,oracle+donor_profile,xml,0,0.25,182887,oracle_only
42217,114,oracle+donor_profile,xml,0,0.25,182888,oracle_only
42334,121,oracle+donor_profile,xml,0,0.25,182889,oracle_only
42458,102,oracle+donor_profile,xml,0,0.25,182890,oracle_only
42563,182,oracle+donor_profile,xml,0,0.25,182891,oracle_only
42748,119,oracle+donor_profile,xml,0,0.25,182892,oracle_only
42870,116,oracle+donor_profile,xml,0,0.25,182893,oracle_only
42989,116,oracle+donor_profile,xml,0,0.25,182894,oracle_only
43108,125,oracle+donor_profile,xml,0,0.25,182895,oracle_only
43236,119,oracle+donor_profile,xml,0,0.25,182896,oracle_only
43358,150,oracle+donor_profile,xml,0,0.25,182897,oracle_only
43511,137,oracle+donor_profile,xml,0,0.25,182898,oracle_only
43651,113,oracle+donor_profile,xml,0,0.25,182899,oracle_only
43767,155,oracle+donor_profile,xml,0,0.25,182900,oracle_only
43925,145,oracle+donor_profile,xml,0,0.25,182901,oracle_only
44073,121,oracle+donor_profile,xml,0,0.25,182902,oracle_only
44197,114,oracle+donor_profile,xml,0,0.25,182903,oracle_only
44314,104,oracle+donor_profile,xml,0,0.25,182904,oracle_only
44421,114,oracle+donor_profile,xml,0,0.25,182905,oracle_only
44538,89,oracle+donor_profile,xml,0,0.25,182906,oracle_only
44630,160,oracle+donor_profile,xml,0,0.25,182907,oracle_only
44793,140,oracle+donor_profile,xml,0,0.25,182908,oracle_only
44936,141,oracle+donor_profile,xml,0,0.25,182909,oracle_only
45080,149,oracle+donor_profile,xml,0,0.25,182910,oracle_only
45232,109,oracle+donor_profile,xml,0,0.25,182911,oracle_only
45344,124,oracle+donor_profile,xml,0,0.25,182912,oracle_only
45471,111,oracle+donor_profile,xml,0,0.25,182913,oracle_only
45585,113,oracle+donor_profile,xml,0,0.25,182914,oracle_only
45701,122,oracle+donor_profile,xml,0,0.25,182915,oracle_only
45826,139,oracle+donor_profile,xml,0,0.25,182916,oracle_only
45968,131,oracle+donor_profile,xml,0,0.25,182917,oracle_only
46102,117,oracle+donor_profile,xml,0,0.25,182918,oracle_only
46222,110,oracle+donor_profile,xml,0,0.25,182919,oracle_only
46335,121,oracle+donor_profile,xml,0,0.25,182920,oracle_only
46459,110,oracle+donor_profile,xml,0,0.25,182921,oracle_only
46572,121,oracle+donor_profile,xml,0,0.25,182922,oracle_only
46696,144,oracle+donor_profile,xml,0,0.25,182923,oracle_only
46843,124,oracle+donor_profile,xml,0,0.25,182924,oracle_only
46970,127,oracle+donor_profile,xml,0,0.25,182925,oracle_only
47100,193,oracle+donor_profile,xml,0,0.25,182926,oracle_only
47296,195,oracle+donor_profile,xml,0,0.25,182927,oracle_only
47494,152,oracle+donor_profile,xml,0,0.25,182928,oracle_only
47649,115,oracle+donor_profile,xml,0,0.25,182929,oracle_only
47767,122,oracle+donor_profile,xml,0,0.25,182930,oracle_only
47892,110,oracle+donor_profile,xml,0,0.25,182931,oracle_only
48005,146,oracle+donor_profile,xml,0,0.25,182932,oracle_only
48154,120,oracle+donor_profile,xml,0,0.25,182933,oracle_only
48277,131,oracle+donor_profile,xml,0,0.25,182934,oracle_only
48411,108,oracle+donor_profile,xml,0,0.25,182935,oracle_only
48522,154,oracle+donor_profile,xml,0,0.25,182936,oracle_only
48679,122,oracle+donor_profile,xml,0,0.25,182937,oracle_only
48804,120,oracle+donor_profile,xml,0,0.25,182938,oracle_only
48927,112,oracle+donor_profile,xml,0,0.25,182939,oracle_only
49042,136,oracle+donor_profile,xml,0,0.25,182940,oracle_only
49181,120,oracle+donor_profile,xml,0,0.25,182941,oracle_only
49304,121,oracle+donor_profile,xml,0,0.25,182942,oracle_only
49428,112,oracle+donor_profile,xml,0,0.25,182943,oracle_only
49543,148,oracle+donor_profile,xml,0,0.25,182944,oracle_only
49694,130,oracle+donor_profile,xml,0,0.25,182945,oracle_only
49827,125,oracle+donor_profile,xml,0,0.25,182946,oracle_only
49955,109,oracle+donor_profile,xml,0,0.25,182947,oracle_only
50067,164,oracle+donor_profile,xml,0,0.25,182948,oracle_only
50234,117,oracle+donor_profile,xml,0,0.25,182949,oracle_only
50354,112,oracle+donor_profile,xml,0,0.25,182950,oracle_only
50469,134,oracle+donor_profile,xml,0,0.25,182951,oracle_only
50606,121,oracle+donor_profile,xml,0,0.25,182952,oracle_only
50730,119,oracle+donor_profile,xml,0,0.25,182953,oracle_only
50852,121,oracle+donor_profile,xml,0,0.25,182954,oracle_only
50976,117,oracle+donor_profile,xml,0,0.25,182955,oracle_only
51096,127,oracle+donor_profile,xml,0,0.25,182956,oracle_only
51226,205,oracle+donor_profile,xml,0,0.25,182957,oracle_only
51434,117,oracle+donor_profile,xml,0,0.25,182958,oracle_only
51554,141,oracle+donor_profile,xml,0,0.25,182959,oracle_only
51698,106,oracle+donor_profile,xml,0,0.25,182960,oracle_only
51807,99,oracle+donor_profile,xml,0,0.25,182961,oracle_only
51909,130,oracle+donor_profile,xml,0,0.25,182962,oracle_only
52042,127,oracle+donor_profile,xml,0,0.25,182963,oracle_only
52172,138,oracle+donor_profile,xml,0,0.25,182964,oracle_only
52313,89,oracle+donor_profile,xml,0,0.25,182965,oracle_only
52405,111,oracle+donor_profile,xml,0,0.25,182966,oracle_only
52519,116,oracle+donor_profile,xml,0,0.25,182967,oracle_only
52638,124,oracle+donor_profile,xml,0,0.25,182968,oracle_only
52765,130,oracle+donor_profile,xml,0,0.25,182969,oracle_only
52898,123,oracle+donor_profile,xml,0,0.25,182970,oracle_only
53024,112,oracle+donor_profile,xml,0,0.25,182971,oracle_only
53139,86,oracle+donor_profile,xml,0,0.25,182972,oracle_only
53228,137,oracle+donor_profile,xml,0,0.25,182973,oracle_only
53368,121,oracle+donor_profile,xml,0,0.25,182974,oracle_only
53492,106,oracle+donor_profile,xml,0,0.25,182975,oracle_only
53601,112,oracle+donor_profile,xml,0,0.25,182976,oracle_only
53716,103,oracle+donor_profile,xml,0,0.25,182977,oracle_only
53822,97,oracle+donor_profile,xml,0,0.25,182978,oracle_only
53922,129,oracle+donor_profile,xml,0,0.25,182979,oracle_only
54054,126,oracle+donor_profile,xml,0,0.25,182980,oracle_only
54183,90,oracle+donor_profile,xml,0,0.25,182981,oracle_only
54276,117,oracle+donor_profile,xml,0,0.25,182982,oracle_only
54396,99,oracle+donor_profile,xml,0,0.25,182983,oracle_only
54498,116,oracle+donor_profile,xml,0,0.25,182984,oracle_only
54617,102,oracle+donor_profile,xml,0,0.25,182985,oracle_only
54722,121,oracle+donor_profile,xml,0,0.25,182986,oracle_only
54846,144,oracle+donor_profile,xml,0,0.25,182987,oracle_only
54993,123,oracle+donor_profile,xml,0,0.25,182988,oracle_only
55119,134,oracle+donor_profile,xml,0,0.25,182989,oracle_only
55256,129,oracle+donor_profile,xml,0,0.25,182990,oracle_only
55388,105,oracle+donor_profile,xml,0,0.25,182991,oracle_only
55496,127,oracle+donor_profile,xml,0,0.25,182992,oracle_only
55626,113,oracle+donor_profile,xml,0,0.25,182993,oracle_only
55742,101,oracle+donor_profile,xml,0,0.25,182994,oracle_only
55846,126,oracle+donor_profile,xml,0,0.25,182995,oracle_only
55975,122,oracle+donor_profile,xml,0,0.25,182996,oracle_only
56100,113,oracle+donor_profile,xml,0,0.25,182997,oracle_only
56216,83,oracle+donor_profile,xml,0,0.25,182998,oracle_only
56302,182,oracle+donor_profile,xml,0,0.25,182999,oracle_only
56487,163,oracle+donor_profile,xml,0,0.25,183000,oracle_only
56653,163,oracle+donor_profile,xml,0,0.25,183001,oracle_only
56819,177,oracle+donor_profile,xml,0,0.25,183002,oracle_only
56999,107,oracle+donor_profile,xml,0,0.25,183003,oracle_only
57109,124,oracle+donor_profile,xml,0,0.25,183004,oracle_only
57236,82,oracle+donor_profile,xml,0,0.25,183005,oracle_only
57321,123,oracle+donor_profile,xml,0,0.25,183006,oracle_only
57447,122,oracle+donor_profile,xml,0,0.25,183007,oracle_only
57572,118,oracle+donor_profile,xml,0,0.25,183008,oracle_only
57693,123,oracle+donor_profile,xml,0,0.25,183009,oracle_only
57819,125,oracle+donor_profile,xml,0,0.25,183010,oracle_only
57947,119,oracle+donor_profile,xml,0,0.25,183011,oracle_only
58069,127,oracle+donor_profile,xml,0,0.25,183012,oracle_only
58199,133,oracle+donor_profile,xml,0,0.25,183013,oracle_only
58335,133,oracle+donor_profile,xml,0,0.25,183014,oracle_only
58471,132,oracle+donor_profile,xml,0,0.25,183015,oracle_only
58606,104,oracle+donor_profile,xml,0,0.25,183016,oracle_only
58713,109,oracle+donor_profile,xml,0,0.25,183017,oracle_only
58825,106,oracle+donor_profile,xml,0,0.25,183018,oracle_only
58934,117,oracle+donor_profile,xml,0,0.25,183019,oracle_only
59054,117,oracle+donor_profile,xml,0,0.25,183020,oracle_only
59174,121,oracle+donor_profile,xml,0,0.25,183021,oracle_only
59298,145,oracle+donor_profile,xml,0,0.25,183022,oracle_only
59446,116,oracle+donor_profile,xml,0,0.25,183023,oracle_only
59565,120,oracle+donor_profile,xml,0,0.25,183024,oracle_only
59688,116,oracle+donor_profile,xml,0,0.25,183025,oracle_only
59807,123,oracle+donor_profile,xml,0,0.25,183026,oracle_only
59933,128,oracle+donor_profile,xml,0,0.25,183027,oracle_only
60064,138,oracle+donor_profile,xml,0,0.25,183028,oracle_only
60205,137,oracle+donor_profile,xml,0,0.25,183029,oracle_only
60345,115,oracle+donor_profile,xml,0,0.25,183030,oracle_only
60463,132,oracle+donor_profile,xml,0,0.25,183031,oracle_only
60598,147,oracle+donor_profile,xml,0,0.25,183032,oracle_only
60748,128,oracle+donor_profile,xml,0,0.25,183033,oracle_only
60879,164,oracle+donor_profile,xml,0,0.25,183034,oracle_only
61046,173,oracle+donor_profile,xml,0,0.25,183035,oracle_only
61222,106,oracle+donor_profile,xml,0,0.25,183036,oracle_only
61331,100,oracle+donor_profile,xml,0,0.25,183037,oracle_only
61434,106,oracle+donor_profile,xml,0,0.25,183038,oracle_only
61543,95,oracle+donor_profile,xml,0,0.25,183039,oracle_only
61641,128,oracle+donor_profile,xml,0,0.25,183040,oracle_only
61772,114,oracle+donor_profile,xml,0,0.25,183041,oracle_only
61889,143,oracle+donor_profile,xml,0,0.25,183042,oracle_only
62035,160,oracle+donor_profile,xml,0,0.25,183043,oracle_only
62198,149,oracle+donor_profile,xml,0,0.25,183044,oracle_only
62350,176,oracle+donor_profile,xml,0,0.25,183045,oracle_only
62529,137,oracle+donor_profile,xml,0,0.25,183046,oracle_only
62669,119,oracle+donor_profile,xml,0,0.25,183047,oracle_only
62791,124,oracle+donor_profile,xml,0,0.25,183048,oracle_only
62918,113,oracle+donor_profile,xml,0,0.25,183049,oracle_only
63034,116,oracle+donor_profile,xml,0,0.25,183050,oracle_only
63153,107,oracle+donor_profile,xml,0,0.25,183051,oracle_only
63263,132,oracle+donor_profile,xml,0,0.25,183052,oracle_only
63398,110,oracle+donor_profile,xml,0,0.25,183053,oracle_only
63511,132,oracle+donor_profile,xml,0,0.25,183054,oracle_only
63646,121,oracle+donor_profile,xml,0,0.25,183055,oracle_only
63770,113,oracle+donor_profile,xml,0,0.25,183056,oracle_only
63886,122,oracle+donor_profile,xml,0,0.25,183057,oracle_only
64011,128,oracle+donor_profile,xml,0,0.25,183058,oracle_only
64142,103,oracle+donor_profile,xml,0,0.25,183059,oracle_only
64248,116,oracle+donor_profile,xml,0,0.25,183060,oracle_only
64367,125,oracle+donor_profile,xml,0,0.25,183061,oracle_only
64495,161,oracle+donor_profile,xml,0,0.25,183062,oracle_only
64659,125,oracle+donor_profile,xml,0,0.25,183063,oracle_only
64787,163,oracle+donor_profile,xml,0,0.25,183064,oracle_only
64953,128,oracle+donor_profile,xml,0,0.25,183065,oracle_only
65084,150,oracle+donor_profile,xml,0,0.25,183066,oracle_only
65237,113,oracle+donor_profile,xml,0,0.25,183067,oracle_only
65353,117,oracle+donor_profile,xml,0,0.25,183068,oracle_only
65473,197,oracle+donor_profile,xml,0,0.25,183069,oracle_only
65673,133,oracle+donor_profile,xml,0,0.25,183070,oracle_only
65809,92,oracle+donor_profile,xml,0,0.25,183071,oracle_only
65904,108,oracle+donor_profile,xml,0,0.25,183072,oracle_only
66015,111,oracle+donor_profile,xml,0,0.25,183073,oracle_only
66129,114,oracle+donor_profile,xml,0,0.25,183074,oracle_only
66246,88,oracle+donor_profile,xml,0,0.25,183075,oracle_only
66337,136,oracle+donor_profile,xml,0,0.25,183076,oracle_only
66476,124,oracle+donor_profile,xml,0,0.25,183077,oracle_only
66603,87,oracle+donor_profile,xml,0,0.25,183078,oracle_only
66693,111,oracle+donor_profile,xml,0,0.25,183079,oracle_only
66807,130,oracle+donor_profile,xml,0,0.25,183080,oracle_only
66940,126,oracle+donor_profile,xml,0,0.25,183081,oracle_only
67069,151,oracle+donor_profile,xml,0,0.25,183082,oracle_only
67223,117,oracle+donor_profile,xml,0,0.25,183083,oracle_only
67343,115,oracle+donor_profile,xml,0,0.25,183084,oracle_only
67461,118,oracle+donor_profile,xml,0,0.25,183085,oracle_only
67582,133,oracle+donor_profile,xml,0,0.25,183086,oracle_only
67718,125,oracle+donor_profile,xml,0,0.25,183087,oracle_only
67846,168,oracle+donor_profile,xml,0,0.25,183088,oracle_only
68017,98,oracle+donor_profile,xml,0,0.25,183089,oracle_only
68118,105,oracle+donor_profile,xml,0,0.25,183090,oracle_only
68226,95,oracle+donor_profile,xml,0,0.25,183091,oracle_only
68324,107,oracle+donor_profile,xml,0,0.25,183092,oracle_only
68434,134,oracle+donor_profile,xml,0,0.25,183093,oracle_only
68571,149,oracle+donor_profile,xml,0,0.25,183094,oracle_only
68723,105,oracle+donor_profile,xml,0,0.25,183095,oracle_only
68831,103,oracle+donor_profile,xml,0,0.25,183096,oracle_only
68937,124,oracle+donor_profile,xml,0,0.25,183097,oracle_only
69064,114,oracle+donor_profile,xml,0,0.25,183098,oracle_only
69181,118,oracle+donor_profile,xml,0,0.25,183099,oracle_only
69302,116,oracle+donor_profile,xml,0,0.25,183100,oracle_only
69421,132,oracle+donor_profile,xml,0,0.25,183101,oracle_only
69556,123,oracle+donor_profile,xml,0,0.25,183102,oracle_only
69682,115,oracle+donor_profile,xml,0,0.25,183103,oracle_only
69800,149,oracle+donor_profile,xml,0,0.25,183104,oracle_only
69952,129,oracle+donor_profile,xml,0,0.25,183105,oracle_only
70084,81,oracle+donor_profile,xml,0,0.25,183106,oracle_only
70168,125,oracle+donor_profile,xml,0,0.25,183107,oracle_only
70296,136,oracle+donor_profile,xml,0,0.25,183108,oracle_only
70435,126,oracle+donor_profile,xml,0,0.25,183109,oracle_only
70564,105,oracle+donor_profile,xml,0,0.25,183110,oracle_only
70672,168,oracle+donor_profile,xml,0,0.25,183111,oracle_only
70843,100,oracle+donor_profile,xml,0,0.25,183112,oracle_only
70946,145,oracle+donor_profile,xml,0,0.25,183113,oracle_only
71094,99,oracle+donor_profile,xml,0,0.25,183114,oracle_only
71196,123,oracle+donor_profile,xml,0,0.25,183115,oracle_only
71322,124,oracle+donor_profile,xml,0,0.25,183116,oracle_only
71449,149,oracle+donor_profile,xml,0,0.25,183117,oracle_only
71601,116,oracle+donor_profile,xml,0,0.25,183118,oracle_only
71720,116,oracle+donor_profile,xml,0,0.25,183119,oracle_only
71839,133,oracle+donor_profile,xml,0,0.25,183120,oracle_only
71975,94,oracle+donor_profile,xml,0,0.25,183121,oracle_only
72072,125,oracle+donor_profile,xml,0,0.25,183122,oracle_only
72200,101,oracle+donor_profile,xml,0,0.25,183123,oracle_only
72304,112,oracle+donor_profile,xml,0,0.25,183124,oracle_only
72419,108,oracle+donor_profile,xml,0,0.25,183125,oracle_only
72530,140,oracle+donor_profile,xml,0,0.25,183126,oracle_only
72673,128,oracle+donor_profile,xml,0,0.25,183127,oracle_only
72804,113,oracle+donor_profile,xml,0,0.25,183128,oracle_only
72920,99,oracle+donor_profile,xml,0,0.25,183129,oracle_only
73022,125,oracle+donor_profile,xml,0,0.25,183130,oracle_only
73150,186,oracle+donor_profile,xml,0,0.25,183131,oracle_only
73339,114,oracle+donor_profile,xml,0,0.25,183132,oracle_only
73456,113,oracle+donor_profile,xml,0,0.25,183133,oracle_only
73572,141,oracle+donor_profile,xml,0,0.25,183134,oracle_only
73716,124,oracle+donor_profile,xml,0,0.25,183135,oracle_only
73843,100,oracle+donor_profile,xml,0,0.25,183136,oracle_only
73946,129,oracle+donor_profile,xml,0,0.25,183137,oracle_only
74078,115,oracle+donor_profile,xml,0,0.25,183138,oracle_only
74196,103,oracle+donor_profile,xml,0,0.25,183139,oracle_only
74302,128,oracle+donor_profile,xml,0,0.25,183140,oracle_only
74433,92,oracle+donor_profile,xml,0,0.25,183141,oracle_only
74528,124,oracle+donor_profile,xml,0,0.25,183142,oracle_only
74655,132,oracle+donor_profile,xml,0,0.25,183143,oracle_only
74790,134,oracle+donor_profile,xml,0,0.25,183144,oracle_only
74927,102,oracle+donor_profile,xml,0,0.25,183145,oracle_only
75032,108,oracle+donor_profile,xml,0,0.25,183146,oracle_only
75143,131,oracle+donor_profile,xml,0,0.25,183147,oracle_only
75277,105,oracle+donor_profile,xml,0,0.25,183148,oracle_only
75385,112,oracle+donor_profile,xml,0,0.25,183149,oracle_only
75500,116,oracle+donor_profile,xml,0,0.25,183150,oracle_only
75619,122,oracle+donor_profile,xml,0,0.25,183151,oracle_only
75744,120,oracle+donor_profile,xml,0,0.25,183152,oracle_only
75867,108,oracle+donor_profile,xml,0,0.25,183153,oracle_only
75978,108,oracle+donor_profile,xml,0,0.25,183154,oracle_only
76089,123,oracle+donor_profile,xml,0,0.25,183155,oracle_only
76215,127,oracle+donor_profile,xml,0,0.25,183156,oracle_only
76345,109,oracle+donor_profile,xml,0,0.25,183157,oracle_only
76457,100,oracle+donor_profile,xml,0,0.25,183158,oracle_only
76560,114,oracle+donor_profile,xml,0,0.25,183159,oracle_only
76677,115,oracle+donor_profile,xml,0,0.25,183160,oracle_only
76795,140,oracle+donor_profile,xml,0,0.25,183161,oracle_only
76938,143,oracle+donor_profile,xml,0,0.25,183162,oracle_only
77084,117,oracle+donor_profile,xml,0,0.25,183163,oracle_only
77204,118,oracle+donor_profile,xml,0,0.25,183164,oracle_only
77325,108,oracle+donor_profile,xml,0,0.25,183165,oracle_only
77436,155,oracle+donor_profile,xml,0,0.25,183166,oracle_only
77594,106,oracle+donor_profile,xml,0,0.25,183167,oracle_only
77703,96,oracle+donor_profile,xml,0,0.25,183168,oracle_only
77802,114,oracle+donor_profile,xml,0,0.25,183169,oracle_only
77919,92,oracle+donor_profile,xml,0,0.25,183170,oracle_only
78014,108,oracle+donor_profile,xml,0,0.25,183171,oracle_only
78125,154,oracle+donor_profile,xml,0,0.25,183172,oracle_only
78282,119,oracle+donor_profile,xml,0,0.25,183173,oracle_only
78404,148,oracle+donor_profile,xml,0,0.25,183174,oracle_only
78555,129,oracle+donor_profile,xml,0,0.25,183175,oracle_only
78687,120,oracle+donor_profile,xml,0,0.25,183176,oracle_only
78810,122,oracle+donor_profile,xml,0,0.25,183177,oracle_only
78935,167,oracle+donor_profile,xml,0,0.25,183178,oracle_only
79105,245,oracle+donor_profile,xml,0,0.25,183179,oracle_only
79353,241,oracle+donor_profile,xml,0,0.25,183180,oracle_only
79597,135,oracle+donor_profile,xml,0,0.25,183181,oracle_only
79735,118,oracle+donor_profile,xml,0,0.25,183182,oracle_only
79856,113,oracle+donor_profile,xml,0,0.25,183183,oracle_only
79972,124,oracle+donor_profile,xml,0,0.25,183184,oracle_only
80099,146,oracle+donor_profile,xml,0,0.25,183185,oracle_only
80248,105,oracle+donor_profile,xml,0,0.25,183186,oracle_only
80356,164,oracle+donor_profile,xml,0,0.25,183187,oracle_only
80523,103,oracle+donor_profile,xml,0,0.25,183188,oracle_only
80629,78,oracle+donor_profile,xml,0,0.25,183189,oracle_only
80710,133,oracle+donor_profile,xml,0,0.25,183190,oracle_only
80846,116,oracle+donor_profile,xml,0,0.25,183191,oracle_only
80965,107,oracle+donor_profile,xml,0,0.25,183192,oracle_only
81075,126,oracle+donor_profile,xml,0,0.25,183193,oracle_only
81204,134,oracle+donor_profile,xml,0,0.25,183194,oracle_only
81341,143,oracle+donor_profile,xml,0,0.25,183195,oracle_only
81487,135,oracle+donor_profile,xml,0,0.25,183196,oracle_only
81625,132,oracle+donor_profile,xml,0,0.25,183197,oracle_only
81760,124,oracle+donor_profile,xml,0,0.25,183198,oracle_only
81887,150,oracle+donor_profile,xml,0,0.25,183199,oracle_only
82040,143,oracle+donor_profile,xml,0,0.25,183200,oracle_only
82186,82,oracle+donor_profile,xml,0,0.25,183201,oracle_only
82271,106,oracle+donor_profile,xml,0,0.25,183202,oracle_only
82380,115,oracle+donor_profile,xml,0,0.25,183203,oracle_only
82498,152,oracle+donor_profile,xml,0,0.25,183204,oracle_only
82653,90,oracle+donor_profile,xml,0,0.25,183205,oracle_only
82746,147,oracle+donor_profile,xml,0,0.25,183206,oracle_only
82896,89,oracle+donor_profile,xml,0,0.25,183207,oracle_only
82988,124,oracle+donor_profile,xml,0,0.25,183208,oracle_only
83115,86,oracle+donor_profile,xml,0,0.25,183209,oracle_only
83204,87,oracle+donor_profile,xml,0,0.25,183210,oracle_only
83294,141,oracle+donor_profile,xml,0,0.25,183211,oracle_only
83438,142,oracle+donor_profile,xml,0,0.25,183212,oracle_only
83583,142,oracle+donor_profile,xml,0,0.25,183213,oracle_only
83728,109,oracle+donor_profile,xml,0,0.25,183214,oracle_only
83840,101,oracle+donor_profile,xml,0,0.25,183215,oracle_only
83944,109,oracle+donor_profile,xml,0,0.25,183216,oracle_only
84056,85,oracle+donor_profile,xml,0,0.25,183217,oracle_only
84144,122,oracle+donor_profile,xml,0,0.25,183218,oracle_only
84269,86,oracle+donor_profile,xml,0,0.25,183219,oracle_only
84358,138,oracle+donor_profile,xml,0,0.25,183220,oracle_only
84499,150,oracle+donor_profile,xml,0,0.25,183221,oracle_only
84652,123,oracle+donor_profile,xml,0,0.25,183222,oracle_only
84778,163,oracle+donor_profile,xml,0,0.25,183223,oracle_only
84944,107,oracle+donor_profile,xml,0,0.25,183224,oracle_only
85054,109,oracle+donor_profile,xml,0,0.25,183225,oracle_only
85166,136,oracle+donor_profile,xml,0,0.25,183226,oracle_only
85305,122,oracle+donor_profile,xml,0,0.25,183227,oracle_only
85430,120,oracle+donor_profile,xml,0,0.25,183228,oracle_only
85553,124,oracle+donor_profile,xml,0,0.25,183229,oracle_only
85680,108,oracle+donor_profile,xml,0,0.25,183230,oracle_only
85791,108,oracle+donor_profile,xml,0,0.25,183231,oracle_only
85902,92,oracle+donor_profile,xml,0,0.25,183232,oracle_only
85997,114,oracle+donor_profile,xml,0,0.25,183233,oracle_only
86114,123,oracle+donor_profile,xml,0,0.25,183234,oracle_only
86240,161,oracle+donor_profile,xml,0,0.25,183235,oracle_only
86404,151,oracle+donor_profile,xml,0,0.25,183236,oracle_only
86558,103,oracle+donor_profile,xml,0,0.25,183237,oracle_only
86664,108,oracle+donor_profile,xml,0,0.25,183238,oracle_only
86775,111,oracle+donor_profile,xml,0,0.25,183239,oracle_only
86889,141,oracle+donor_profile,xml,0,0.25,183240,oracle_only
87033,112,oracle+donor_profile,xml,0,0.25,183241,oracle_only
87148,111,oracle+donor_profile,xml,0,0.25,183242,oracle_only
87262,127,oracle+donor_profile,xml,0,0.25,183243,oracle_only
87392,116,oracle+donor_profile,xml,0,0.25,183244,oracle_only
87511,163,oracle+donor_profile,xml,0,0.25,183245,oracle_only
87677,116,oracle+donor_profile,xml,0,0.25,183246,oracle_only
87796,116,oracle+donor_profile,xml,0,0.25,183247,oracle_only
87915,122,oracle+donor_profile,xml,0,0.25,183248,oracle_only
88040,111,oracle+donor_profile,xml,0,0.25,183249,oracle_only
88154,223,oracle+donor_profile,xml,0,0.25,183250,oracle_only
88380,122,oracle+donor_profile,xml,0,0.25,183251,oracle_only
88505,93,oracle+donor_profile,xml,0,0.25,183252,oracle_only
88601,142,oracle+donor_profile,xml,0,0.25,183253,oracle_only
88746,172,oracle+donor_profile,xml,0,0.25,183254,oracle_only
88921,119,oracle+donor_profile,xml,0,0.25,183255,oracle_only
89043,163,oracle+donor_profile,xml,0,0.25,183256,oracle_only
89209,130,oracle+donor_profile,xml,0,0.25,183257,oracle_only
89342,116,oracle+donor_profile,xml,0,0.25,183258,oracle_only
89461,124,oracle+donor_profile,xml,0,0.25,183259,oracle_only
89588,130,oracle+donor_profile,xml,0,0.25,183260,oracle_only
89721,147,oracle+donor_profile,xml,0,0.25,183261,oracle_only
89871,130,oracle+donor_profile,xml,0,0.25,183262,oracle_only
90004,119,oracle+donor_profile,xml,0,0.25,183263,oracle_only
90126,115,oracle+donor_profile,xml,0,0.25,183264,oracle_only
90244,119,oracle+donor_profile,xml,0,0.25,183265,oracle_only
90366,117,oracle+donor_profile,xml,0,0.25,183266,oracle_only
90486,111,oracle+donor_profile,xml,0,0.25,183267,oracle_only
90600,124,oracle+donor_profile,xml,0,0.25,183268,oracle_only
90727,121,oracle+donor_profile,xml,0,0.25,183269,oracle_only
90851,77,oracle+donor_profile,xml,0,0.25,183270,oracle_only
90931,93,oracle+donor_profile,xml,0,0.25,183271,oracle_only
91027,87,oracle+donor_profile,xml,0,0.25,183272,oracle_only
91117,115,oracle+donor_profile,xml,0,0.25,183273,oracle_only
91235,117,oracle+donor_profile,xml,0,0.25,183274,oracle_only
91355,109,oracle+donor_profile,xml,0,0.25,183275,oracle_only
91467,101,oracle+donor_profile,xml,0,0.25,183276,oracle_only
91571,168,oracle+donor_profile,xml,0,0.25,183277,oracle_only
91742,114,oracle+donor_profile,xml,0,0.25,183278,oracle_only
91859,120,oracle+donor_profile,xml,0,0.25,183279,oracle_only
91982,145,oracle+donor_profile,xml,0,0.25,183280,oracle_only
92130,159,oracle+donor_profile,xml,0,0.25,183281,oracle_only
92292,151,oracle+donor_profile,xml,0,0.25,183282,oracle_only
92446,126,oracle+donor_profile,xml,0,0.25,183283,oracle_only
92575,178,oracle+donor_profile,xml,0,0.25,183284,oracle_only
92756,122,oracle+donor_profile,xml,0,0.25,183285,oracle_only
92881,137,oracle+donor_profile,xml,0,0.25,183286,oracle_only
93021,133,oracle+donor_profile,xml,0,0.25,183287,oracle_only
93157,110,oracle+donor_profile,xml,0,0.25,183288,oracle_only
93270,138,oracle+donor_profile,xml,0,0.25,183289,oracle_only
93411,109,oracle+donor_profile,xml,0,0.25,183290,oracle_only
93523,122,oracle+donor_profile,xml,0,0.25,183291,oracle_only
93648,151,oracle+donor_profile,xml,0,0.25,183292,oracle_only
93802,134,oracle+donor_profile,xml,0,0.25,183293,oracle_only
93939,116,oracle+donor_profile,xml,0,0.25,183294,oracle_only
94058,122,oracle+donor_profile,xml,0,0.25,183295,oracle_only
94183,130,oracle+donor_profile,xml,0,0.25,183296,oracle_only
94316,120,oracle+donor_profile,xml,0,0.25,183297,oracle_only
94439,82,oracle+donor_profile,xml,0,0.25,183298,oracle_only
94524,114,oracle+donor_profile,xml,0,0.25,183299,oracle_only
94641,116,oracle+donor_profile,xml,0,0.25,183300,oracle_only
94760,114,oracle+donor_profile,xml,0,0.25,183301,oracle_only
94877,96,oracle+donor_profile,xml,0,0.25,183302,oracle_only
94976,93,oracle+donor_profile,xml,0,0.25,183303,oracle_only
95072,113,oracle+donor_profile,xml,0,0.25,183304,oracle_only
95188,127,oracle+donor_profile,xml,0,0.25,183305,oracle_only
95318,111,oracle+donor_profile,xml,0,0.25,183306,oracle_only
95432,120,oracle+donor_profile,xml,0,0.25,183307,oracle_only
95555,108,oracle+donor_profile,xml,0,0.25,183308,oracle_only
95666,124,oracle+donor_profile,xml,0,0.25,183309,oracle_only
95793,128,oracle+donor_profile,xml,0,0.25,183310,oracle_only
95924,125,oracle+donor_profile,xml,0,0.25,183311,oracle_only
96052,131,oracle+donor_profile,xml,0,0.25,183312,oracle_only
96186,138,oracle+donor_profile,xml,0,0.25,183313,oracle_only
96327,122,oracle+donor_profile,xml,0,0.25,183314,oracle_only
96452,122,oracle+donor_profile,xml,0,0.25,183315,oracle_only
96577,122,oracle+donor_profile,xml,0,0.25,183316,oracle_only
96702,124,oracle+donor_profile,xml,0,0.25,183317,oracle_only
96829,102,oracle+donor_profile,xml,0,0.25,183318,oracle_only
96934,187,oracle+donor_profile,xml,0,0.25,183319,oracle_only
97124,113,oracle+donor_profile,xml,0,0.25,183320,oracle_only
97240,119,oracle+donor_profile,xml,0,0.25,183321,oracle_only
97362,108,oracle+donor_profile,xml,0,0.25,183322,oracle_only
97473,109,oracle+donor_profile,xml,0,0.25,183323,oracle_only
97585,120,oracle+donor_profile,xml,0,0.25,183324,oracle_only
97708,125,oracle+donor_profile,xml,0,0.25,183325,oracle_only
97836,111,oracle+donor_profile,xml,0,0.25,183326,oracle_only
97950,100,oracle+donor_profile,xml,0,0.25,183327,oracle_only
98053,80,oracle+donor_profile,xml,0,0.25,183328,oracle_only
98136,180,oracle+donor_profile,xml,0,0.25,183329,oracle_only
98319,89,oracle+donor_profile,xml,0,0.25,183330,oracle_only
98411,140,oracle+donor_profile,xml,0,0.25,183331,oracle_only
98554,85,oracle+donor_profile,xml,0,0.25,183332,oracle_only
98642,146,oracle+donor_profile,xml,0,0.25,183333,oracle_only
98791,131,oracle+donor_profile,xml,0,0.25,183334,oracle_only
98925,125,oracle+donor_profile,xml,0,0.25,183335,oracle_only
99053,115,oracle+donor_profile,xml,0,0.25,183336,oracle_only
99171,129,oracle+donor_profile,xml,0,0.25,183337,oracle_only
99303,123,oracle+donor_profile,xml,0,0.25,183338,oracle_only
99429,133,oracle+donor_profile,xml,0,0.25,183339,oracle_only
99565,122,oracle+donor_profile,xml,0,0.25,183340,oracle_only
99690,97,oracle+donor_profile,xml,0,0.25,183341,oracle_only
99790,114,oracle+donor_profile,xml,0,0.25,183342,oracle_only
99907,129,oracle+donor_profile,xml,0,0.25,183343,oracle_only
100039,114,oracle+donor_profile,xml,0,0.25,183344,oracle_only
100156,122,oracle+donor_profile,xml,0,0.25,183345,oracle_only
100281,147,oracle+donor_profile,xml,0,0.25,183346,oracle_only
100431,98,oracle+donor_profile,xml,0,0.25,183347,oracle_only
100532,162,oracle+donor_profile,xml,0,0.25,183348,oracle_only
100697,133,oracle+donor_profile,xml,0,0.25,183349,oracle_only
100833,99,oracle+donor_profile,xml,0,0.25,183350,oracle_only
100935,116,oracle+donor_profile,xml,0,0.25,183351,oracle_only
101054,116,oracle+donor_profile,xml,0,0.25,183352,oracle_only
101173,117,oracle+donor_profile,xml,0,0.25,183353,oracle_only
101293,112,oracle+donor_profile,xml,0,0.25,183354,oracle_only
101408,142,oracle+donor_profile,xml,0,0.25,183355,oracle_only
101553,81,oracle+donor_profile,xml,0,0.25,183356,oracle_only
101637,164,oracle+donor_profile,xml,0,0.25,183357,oracle_only
101804,118,oracle+donor_profile,xml,0,0.25,183358,oracle_only
101925,104,oracle+donor_profile,xml,0,0.25,183359,oracle_only
102032,124,oracle+donor_profile,xml,0,0.25,183360,oracle_only
102159,162,oracle+donor_profile,xml,0,0.25,183361,oracle_only
102324,116,oracle+donor_profile,xml,0,0.25,183362,oracle_only
102443,102,oracle+donor_profile,xml,0,0.25,183363,oracle_only
102548,108,oracle+donor_profile,xml,0,0.25,183364,oracle_only
102659,128,oracle+donor_profile,xml,0,0.25,183365,oracle_only
102790,128,oracle+donor_profile,xml,0,0.25,183366,oracle_only
102921,120,oracle+donor_profile,xml,0,0.25,183367,oracle_only
103044,119,oracle+donor_profile,xml,0,0.25,183368,oracle_only
103166,133,oracle+donor_profile,xml,0,0.25,183369,oracle_only
103302,128,oracle+donor_profile,xml,0,0.25,183370,oracle_only
103433,122,oracle+donor_profile,xml,0,0.25,183371,oracle_only
103558,133,oracle+donor_profile,xml,0,0.25,183372,oracle_only
103694,140,oracle+donor_profile,xml,0,0.25,183373,oracle_only
103837,124,oracle+donor_profile,xml,0,0.25,183374,oracle_only
103964,120,oracle+donor_profile,xml,0,0.25,183375,oracle_only
104087,180,oracle+donor_profile,xml,0,0.25,183376,oracle_only
104270,106,oracle+donor_profile,xml,0,0.25,183377,oracle_only
104379,128,oracle+donor_profile,xml,0,0.25,183378,oracle_only
104510,92,oracle+donor_profile,xml,0,0.25,183379,oracle_only
104605,111,oracle+donor_profile,xml,0,0.25,183380,oracle_only
104719,111,oracle+donor_profile,xml,0,0.25,183381,oracle_only
104833,108,oracle+donor_profile,xml,0,0.25,183382,oracle_only
104944,119,oracle+donor_profile,xml,0,0.25,183383,oracle_only
105066,116,oracle+donor_profile,xml,0,0.25,183384,oracle_only
105185,123,oracle+donor_profile,xml,0,0.25,183385,oracle_only
105311,101,oracle+donor_profile,xml,0,0.25,183386,oracle_only
105415,128,oracle+donor_profile,xml,0,0.25,183387,oracle_only
105546,113,oracle+donor_profile,xml,0,0.25,183388,oracle_only
105662,98,oracle+donor_profile,xml,0,0.25,183389,oracle_only
105763,117,oracle+donor_profile,xml,0,0.25,183390,oracle_only
105883,107,oracle+donor_profile,xml,0,0.25,183391,oracle_only
105993,118,oracle+donor_profile,xml,0,0.25,183392,oracle_only
106114,100,oracle+donor_profile,xml,0,0.25,183393,oracle_only
106217,117,oracle+donor_profile,xml,0,0.25,183394,oracle_only
106337,124,oracle+donor_profile,xml,0,0.25,183395,oracle_only
106464,115,oracle+donor_profile,xml,0,0.25,183396,oracle_only
106582,127,oracle+donor_profile,xml,0,0.25,183397,oracle_only
106712,123,oracle+donor_profile,xml,0,0.25,183398,oracle_only
106838,115,oracle+donor_profile,xml,0,0.25,183399,oracle_only
106956,114,oracle+donor_profile,xml,0,0.25,183400,oracle_only
107073,135,oracle+donor_profile,xml,0,0.25,183401,oracle_only
107211,138,oracle+donor_profile,xml,0,0.25,183402,oracle_only
107352,126,oracle+donor_profile,xml,0,0.25,183403,oracle_only
107481,115,oracle+donor_profile,xml,0,0.25,183404,oracle_only
107599,135,oracle+donor_profile,xml,0,0.25,183405,oracle_only
107737,113,oracle+donor_profile,xml,0,0.25,183406,oracle_only
107853,128,oracle+donor_profile,xml,0,0.25,183407,oracle_only
107984,113,oracle+donor_profile,xml,0,0.25,183408,oracle_only
108100,122,oracle+donor_profile,xml,0,0.25,183409,oracle_only
108225,122,oracle+donor_profile,xml,0,0.25,183410,oracle_only
108350,87,oracle+donor_profile,xml,0,0.25,183411,oracle_only
108440,116,oracle+donor_profile,xml,0,0.25,183412,oracle_only
108559,99,oracle+donor_profile,xml,0,0.25,183413,oracle_only
108661,95,oracle+donor_profile,xml,0,0.25,183414,oracle_only
108759,103,oracle+donor_profile,xml,0,0.25,183415,oracle_only
108865,163,oracle+donor_profile,xml,0,0.25,183416,oracle_only
109031,161,oracle+donor_profile,xml,0,0.25,183417,oracle_only
109195,163,oracle+donor_profile,xml,0,0.25,183418,oracle_only
109361,161,oracle+donor_profile,xml,0,0.25,183419,oracle_only
109525,115,oracle+donor_profile,xml,0,0.25,183420,oracle_only
109643,115,oracle+donor_profile,xml,0,0.25,183421,oracle_only
109761,123,oracle+donor_profile,xml,0,0.25,183422,oracle_only
109887,126,oracle+donor_profile,xml,0,0.25,183423,oracle_only
110016,141,oracle+donor_profile,xml,0,0.25,183424,oracle_only
110160,129,oracle+donor_profile,xml,0,0.25,183425,oracle_only
110292,129,oracle+donor_profile,xml,0,0.25,183426,oracle_only
110424,141,oracle+donor_profile,xml,0,0.25,183427,oracle_only
110568,129,oracle+donor_profile,xml,0,0.25,183428,oracle_only
110700,128,oracle+donor_profile,xml,0,0.25,183429,oracle_only
110831,125,oracle+donor_profile,xml,0,0.25,183430,oracle_only
110959,141,oracle+donor_profile,xml,0,0.25,183431,oracle_only
111103,127,oracle+donor_profile,xml,0,0.25,183432,oracle_only
111233,158,oracle+donor_profile,xml,0,0.25,183433,oracle_only
111394,120,oracle+donor_profile,xml,0,0.25,183434,oracle_only
111517,112,oracle+donor_profile,xml,0,0.25,183435,oracle_only
111632,116,oracle+donor_profile,xml,0,0.25,183436,oracle_only
111751,140,oracle+donor_profile,xml,0,0.25,183437,oracle_only
111894,150,oracle+donor_profile,xml,0,0.25,183438,oracle_only
112047,119,oracle+donor_profile,xml,0,0.25,183439,oracle_only
112169,127,oracle+donor_profile,xml,0,0.25,183440,oracle_only
112299,142,oracle+donor_profile,xml,0,0.25,183441,oracle_only
112444,114,oracle+donor_profile,xml,0,0.25,183442,oracle_only
112561,133,oracle+donor_profile,xml,0,0.25,183443,oracle_only
112697,130,oracle+donor_profile,xml,0,0.25,183444,oracle_only
112830,190,oracle+donor_profile,xml,0,0.25,183445,oracle_only
113023,129,oracle+donor_profile,xml,0,0.25,183446,oracle_only
113155,126,oracle+donor_profile,xml,0,0.25,183447,oracle_only
113284,138,oracle+donor_profile,xml,0,0.25,183448,oracle_only
113425,126,oracle+donor_profile,xml,0,0.25,183449,oracle_only
113554,88,oracle+donor_profile,xml,0,0.25,183450,oracle_only
113645,170,oracle+donor_profile,xml,0,0.25,183451,oracle_only
113818,128,oracle+donor_profile,xml,0,0.25,183452,oracle_only
113949,116,oracle+donor_profile,xml,0,0.25,183453,oracle_only
114068,130,oracle+donor_profile,xml,0,0.25,183454,oracle_only
114201,146,oracle+donor_profile,xml,0,0.25,183455,oracle_only
114350,123,oracle+donor_profile,xml,0,0.25,183456,oracle_only
114476,123,oracle+donor_profile,xml,0,0.25,183457,oracle_only
114602,137,oracle+donor_profile,xml,0,0.25,183458,oracle_only
114742,140,oracle+donor_profile,xml,0,0.25,183459,oracle_only
114885,131,oracle+donor_profile,xml,0,0.25,183460,oracle_only
115019,187,oracle+donor_profile,xml,0,0.25,183461,oracle_only
115209,86,oracle+donor_profile,xml,0,0.25,183462,oracle_only
115298,94,oracle+donor_profile,xml,0,0.25,183463,oracle_only
115395,159,oracle+donor_profile,xml,0,0.25,183464,oracle_only
115557,138,oracle+donor_profile,xml,0,0.25,183465,oracle_only
115698,126,oracle+donor_profile,xml,0,0.25,183466,oracle_only
115827,122,oracle+donor_profile,xml,0,0.25,183467,oracle_only
115952,139,oracle+donor_profile,xml,0,0.25,183468,oracle_only
116094,120,oracle+donor_profile,xml,0,0.25,183469,oracle_only
116217,112,oracle+donor_profile,xml,0,0.25,183470,oracle_only
116332,114,oracle+donor_profile,xml,0,0.25,183471,oracle_only
116449,152,oracle+donor_profile,xml,0,0.25,183472,oracle_only
116604,87,oracle+donor_profile,xml,0,0.25,183473,oracle_only
116694,120,oracle+donor_profile,xml,0,0.25,183474,oracle_only
116817,130,oracle+donor_profile,xml,0,0.25,183475,oracle_only
116950,127,oracle+donor_profile,xml,0,0.25,183476,oracle_only
117080,103,oracle+donor_profile,xml,0,0.25,183477,oracle_only
117186,116,oracle+donor_profile,xml,0,0.25,183478,oracle_only
117305,121,oracle+donor_profile,xml,0,0.25,183479,oracle_only
117429,128,oracle+donor_profile,xml,0,0.25,183480,oracle_only
117560,135,oracle+donor_profile,xml,0,0.25,183481,oracle_only
117698,133,oracle+donor_profile,xml,0,0.25,183482,oracle_only
117834,132,oracle+donor_profile,xml,0,0.25,183483,oracle_only
117969,173,oracle+donor_profile,xml,0,0.25,183484,oracle_only
118145,142,oracle+donor_profile,xml,0,0.25,183485,oracle_only
118290,126,oracle+donor_profile,xml,0,0.25,183486,oracle_only
118419,113,oracle+donor_profile,xml,0,0.25,183487,oracle_only
118535,121,oracle+donor_profile,xml,0,0.25,183488,oracle_only
118659,132,oracle+donor_profile,xml,0,0.25,183489,oracle_only
118794,110,oracle+donor_profile,xml,0,0.25,183490,oracle_only
118907,131,oracle+donor_profile,xml,0,0.25,183491,oracle_only
119041,92,oracle+donor_profile,xml,0,0.25,183492,oracle_only
119136,131,oracle+donor_profile,xml,0,0.25,183493,oracle_only
119270,86,oracle+donor_profile,xml,0,0.25,183494,oracle_only
119359,202,oracle+donor_profile,xml,0,0.25,183495,oracle_only
119564,120,oracle+donor_profile,xml,0,0.25,183496,oracle_only
119687,123,oracle+donor_profile,xml,0,0.25,183497,oracle_only
119813,123,oracle+donor_profile,xml,0,0.25,183498,oracle_only
119939,91,oracle+donor_profile,xml,0,0.25,183499,oracle_only
120033,137,oracle+donor_profile,xml,0,0.25,183500,oracle_only
120173,139,oracle+donor_profile,xml,0,0.25,183501,oracle_only
120315,166,oracle+donor_profile,xml,0,0.25,183502,oracle_only
120484,109,oracle+donor_profile,xml,0,0.25,183503,oracle_only
120596,150,oracle+donor_profile,xml,0,0.25,183504,oracle_only
120749,119,oracle+donor_profile,xml,0,0.25,183505,oracle_only
120871,116,oracle+donor_profile,xml,0,0.25,183506,oracle_only
120990,126,oracle+donor_profile,xml,0,0.25,183507,oracle_only
121119,152,oracle+donor_profile,xml,0,0.25,183508,oracle_only
121274,122,oracle+donor_profile,xml,0,0.25,183509,oracle_only
121399,112,oracle+donor_profile,xml,0,0.25,183510,oracle_only
121514,114,oracle+donor_profile,xml,0,0.25,183511,oracle_only
121631,122,oracle+donor_profile,xml,0,0.25,183512,oracle_only
121756,93,oracle+donor_profile,xml,0,0.25,183513,oracle_only
121852,91,oracle+donor_profile,xml,0,0.25,183514,oracle_only
121946,108,oracle+donor_profile,xml,0,0.25,183515,oracle_only
122057,102,oracle+donor_profile,xml,0,0.25,183516,oracle_only
122162,113,oracle+donor_profile,xml,0,0.25,183517,oracle_only
122278,111,oracle+donor_profile,xml,0,0.25,183518,oracle_only
122392,133,oracle+donor_profile,xml,0,0.25,183519,oracle_only
122528,125,oracle+donor_profile,xml,0,0.25,183520,oracle_only
122656,124,oracle+donor_profile,xml,0,0.25,183521,oracle_only
122783,117,oracle+donor_profile,xml,0,0.25,183522,oracle_only
122903,165,oracle+donor_profile,xml,0,0.25,183523,oracle_only
123071,104,oracle+donor_profile,xml,0,0.25,183524,oracle_only
123178,114,oracle+donor_profile,xml,0,0.25,183525,oracle_only
123295,86,oracle+donor_profile,xml,0,0.25,183526,oracle_only
123384,120,oracle+donor_profile,xml,0,0.25,183527,oracle_only
123507,120,oracle+donor_profile,xml,0,0.25,183528,oracle_only
123630,121,oracle+donor_profile,xml,0,0.25,183529,oracle_only
123754,119,oracle+donor_profile,xml,0,0.25,183530,oracle_only
123876,121,oracle+donor_profile,xml,0,0.25,183531,oracle_only
124000,118,oracle+donor_profile,xml,0,0.25,183532,oracle_only
124121,108,oracle+donor_profile,xml,0,0.25,183533,oracle_only
124232,131,oracle+donor_profile,xml,0,0.25,183534,oracle_only
124366,129,oracle+donor_profile,xml,0,0.25,183535,oracle_only
124498,125,oracle+donor_profile,xml,0,0.25,183536,oracle_only
124626,125,oracle+donor_profile,xml,0,0.25,183537,oracle_only
124754,87,oracle+donor_profile,xml,0,0.25,183538,oracle_only
124844,126,oracle+donor_profile,xml,0,0.25,183539,oracle_only
124973,118,oracle+donor_profile,xml,0,0.25,183540,oracle_only
125094,147,oracle+donor_profile,xml,0,0.25,183541,oracle_only
125244,111,oracle+donor_profile,xml,0,0.25,183542,oracle_only
125358,124,oracle+donor_profile,xml,0,0.25,183543,oracle_only
125485,81,oracle+donor_profile,xml,0,0.25,183544,oracle_only
125569,156,oracle+donor_profile,xml,0,0.25,183545,oracle_only
125728,104,oracle+donor_profile,xml,0,0.25,183546,oracle_only
125835,155,oracle+donor_profile,xml,0,0.25,183547,oracle_only
125993,136,oracle+donor_profile,xml,0,0.25,183548,oracle_only
126132,115,oracle+donor_profile,xml,0,0.25,183549,oracle_only
126250,140,oracle+donor_profile,xml,0,0.25,183550,oracle_only
126393,127,oracle+donor_profile,xml,0,0.25,183551,oracle_only
126523,126,oracle+donor_profile,xml,0,0.25,183552,oracle_only
126652,127,oracle+donor_profile,xml,0,0.25,183553,oracle_only
126782,103,oracle+donor_profile,xml,0,0.25,183554,oracle_only
126888,122,oracle+donor_profile,xml,0,0.25,183555,oracle_only
127013,136,oracle+donor_profile,xml,0,0.25,183556,oracle_only
127152,145,oracle+donor_profile,xml,0,0.25,183557,oracle_only
127300,137,oracle+donor_profile,xml,0,0.25,183558,oracle_only
127440,114,oracle+donor_profile,xml,0,0.25,183559,oracle_only
127557,127,oracle+donor_profile,xml,0,0.25,183560,oracle_only
127687,124,oracle+donor_profile,xml,0,0.25,183561,oracle_only
127814,136,oracle+donor_profile,xml,0,0.25,183562,oracle_only
127953,147,oracle+donor_profile,xml,0,0.25,183563,oracle_only
128103,96,oracle+donor_profile,xml,0,0.25,183564,oracle_only
128202,130,oracle+donor_profile,xml,0,0.25,183565,oracle_only
128335,86,oracle+donor_profile,xml,0,0.25,183566,oracle_only
128424,124,oracle+donor_profile,xml,0,0.25,183567,oracle_only
128551,143,oracle+donor_profile,xml,0,0.25,183568,oracle_only
128697,138,oracle+donor_profile,xml,0,0.25,183569,oracle_only
128838,112,oracle+donor_profile,xml,0,0.25,183570,oracle_only
128953,77,oracle+donor_profile,xml,0,0.25,183571,oracle_only
129033,77,oracle+donor_profile,xml,0,0.25,183572,oracle_only
129113,121,oracle+donor_profile,xml,0,0.25,183573,oracle_only
129237,111,oracle+donor_profile,xml,0,0.25,183574,oracle_only
129351,174,oracle+donor_profile,xml,0,0.25,183575,oracle_only
129528,109,oracle+donor_profile,xml,0,0.25,183576,oracle_only
129640,130,oracle+donor_profile,xml,0,0.25,183577,oracle_only
129773,120,oracle+donor_profile,xml,0,0.25,183578,oracle_only
129896,121,oracle+donor_profile,xml,0,0.25,183579,oracle_only
130020,114,oracle+donor_profile,xml,0,0.25,183580,oracle_only
130137,137,oracle+donor_profile,xml,0,0.25,183581,oracle_only
130277,146,oracle+donor_profile,xml,0,0.25,183582,oracle_only
130426,148,oracle+donor_profile,xml,0,0.25,183583,oracle_only
130577,135,oracle+donor_profile,xml,0,0.25,183584,oracle_only
130715,131,oracle+donor_profile,xml,0,0.25,183585,oracle_only
130849,111,oracle+donor_profile,xml,0,0.25,183586,oracle_only
130963,174,oracle+donor_profile,xml,0,0.25,183587,oracle_only
131140,190,oracle+donor_profile,xml,0,0.25,183588,oracle_only
131333,111,oracle+donor_profile,xml,0,0.25,183589,oracle_only
131447,136,oracle+donor_profile,xml,0,0.25,183590,oracle_only
131586,128,oracle+donor_profile,xml,0,0.25,183591,oracle_only
131717,152,oracle+donor_profile,xml,0,0.25,183592,oracle_only
131872,126,oracle+donor_profile,xml,0,0.25,183593,oracle_only
132001,107,oracle+donor_profile,xml,0,0.25,183594,oracle_only
132111,112,oracle+donor_profile,xml,0,0.25,183595,oracle_only
132226,139,oracle+donor_profile,xml,0,0.25,183596,oracle_only
132368,94,oracle+donor_profile,xml,0,0.25,183597,oracle_only
132465,146,oracle+donor_profile,xml,0,0.25,183598,oracle_only
132614,130,oracle+donor_profile,xml,0,0.25,183599,oracle_only
132747,156,oracle+donor_profile,xml,0,0.25,183600,oracle_only
132906,111,oracle+donor_profile,xml,0,0.25,183601,oracle_only
133020,144,oracle+donor_profile,xml,0,0.25,183602,oracle_only
133167,120,oracle+donor_profile,xml,0,0.25,183603,oracle_only
133290,133,oracle+donor_profile,xml,0,0.25,183604,oracle_only
133426,132,oracle+donor_profile,xml,0,0.25,183605,oracle_only
133561,123,oracle+donor_profile,xml,0,0.25,183606,oracle_only
133687,122,oracle+donor_profile,xml,0,0.25,183607,oracle_only
133812,119,oracle+donor_profile,xml,0,0.25,183608,oracle_only
133934,119,oracle+donor_profile,xml,0,0.25,183609,oracle_only
134056,117,oracle+donor_profile,xml,0,0.25,183610,oracle_only
134176,119,oracle+donor_profile,xml,0,0.25,183611,oracle_only
134298,123,oracle+donor_profile,xml,0,0.25,183612,oracle_only
134424,119,oracle+donor_profile,xml,0,0.25,183613,oracle_only
134546,170,oracle+donor_profile,xml,0,0.25,183614,oracle_only
134719,131,oracle+donor_profile,xml,0,0.25,183615,oracle_only
134853,129,oracle+donor_profile,xml,0,0.25,183616,oracle_only
134985,140,oracle+donor_profile,xml,0,0.25,183617,oracle_only
135128,111,oracle+donor_profile,xml,0,0.25,183618,oracle_only
135242,128,oracle+donor_profile,xml,0,0.25,183619,oracle_only
135373,110,oracle+donor_profile,xml,0,0.25,183620,oracle_only
135486,118,oracle+donor_profile,xml,0,0.25,183621,oracle_only
135607,107,oracle+donor_profile,xml,0,0.25,183622,oracle_only
135717,114,oracle+donor_profile,xml,0,0.25,183623,oracle_only
135834,113,oracle+donor_profile,xml,0,0.25,183624,oracle_only
135950,131,oracle+donor_profile,xml,0,0.25,183625,oracle_only
136084,113,oracle+donor_profile,xml,0,0.25,183626,oracle_only
136200,128,oracle+donor_profile,xml,0,0.25,183627,oracle_only
136331,143,oracle+donor_profile,xml,0,0.25,183628,oracle_only
136477,145,oracle+donor_profile,xml,0,0.25,183629,oracle_only
136625,126,oracle+donor_profile,xml,0,0.25,183630,oracle_only
136754,115,oracle+donor_profile,xml,0,0.25,183631,oracle_only
136872,101,oracle+donor_profile,xml,0,0.25,183632,oracle_only
136976,116,oracle+donor_profile,xml,0,0.25,183633,oracle_only
137095,118,oracle+donor_profile,xml,0,0.25,183634,oracle_only
137216,136,oracle+donor_profile,xml,0,0.25,183635,oracle_only
137355,115,oracle+donor_profile,xml,0,0.25,183636,oracle_only
137473,83,oracle+donor_profile,xml,0,0.25,183637,oracle_only
137559,124,oracle+donor_profile,xml,0,0.25,183638,oracle_only
137686,101,oracle+donor_profile,xml,0,0.25,183639,oracle_only
137790,90,oracle+donor_profile,xml,0,0.25,183640,oracle_only
137883,90,oracle+donor_profile,xml,0,0.25,183641,oracle_only
137976,90,oracle+donor_profile,xml,0,0.25,183642,oracle_only
138069,90,oracle+donor_profile,xml,0,0.25,183643,oracle_only
138162,90,oracle+donor_profile,xml,0,0.25,183644,oracle_only
138255,90,oracle+donor_profile,xml,0,0.25,183645,oracle_only
138348,121,oracle+donor_profile,xml,0,0.25,183646,oracle_only
138472,90,oracle+donor_profile,xml,0,0.25,183647,oracle_only
138565,90,oracle+donor_profile,xml,0,0.25,183648,oracle_only
138658,90,oracle+donor_profile,xml,0,0.25,183649,oracle_only
138751,111,oracle+donor_profile,xml,0,0.25,183650,oracle_only
138865,90,oracle+donor_profile,xml,0,0.25,183651,oracle_only
138958,118,oracle+donor_profile,xml,0,0.25,183652,oracle_only
139079,103,oracle+donor_profile,xml,0,0.25,183653,oracle_only
139185,118,oracle+donor_profile,xml,0,0.25,183654,oracle_only
139306,103,oracle+donor_profile,xml,0,0.25,183655,oracle_only
139412,102,oracle+donor_profile,xml,0,0.25,183656,oracle_only
139517,148,oracle+donor_profile,xml,0,0.25,183657,oracle_only
139668,90,oracle+donor_profile,xml,0,0.25,183658,oracle_only
139761,84,oracle+donor_profile,xml,0,0.25,183659,oracle_only
139848,128,oracle+donor_profile,xml,0,0.25,183660,oracle_only
139979,126,oracle+donor_profile,xml,0,0.25,183661,oracle_only
140108,148,oracle+donor_profile,xml,0,0.25,183662,oracle_only
140259,111,oracle+donor_profile,xml,0,0.25,183663,oracle_only
140373,81,oracle+donor_profile,xml,0,0.25,183664,oracle_only
140457,111,oracle+donor_profile,xml,0,0.25,183665,oracle_only
140571,221,oracle+donor_profile,xml,0,0.25,183666,oracle_only
140795,170,oracle+donor_profile,xml,0,0.25,183667,oracle_only
140968,121,oracle+donor_profile,xml,0,0.25,183668,oracle_only
141092,94,oracle+donor_profile,xml,0,0.25,183669,oracle_only
141189,79,oracle+donor_profile,xml,0,0.25,183670,oracle_only
141271,110,oracle+donor_profile,xml,0,0.25,183671,oracle_only
141384,116,oracle+donor_profile,xml,0,0.25,183672,oracle_only
141503,121,oracle+donor_profile,xml,0,0.25,183673,oracle_only
141627,137,oracle+donor_profile,xml,0,0.25,183674,oracle_only
141767,131,oracle+donor_profile,xml,0,0.25,183675,oracle_only
141901,140,oracle+donor_profile,xml,0,0.25,183676,oracle_only
142044,138,oracle+donor_profile,xml,0,0.25,183677,oracle_only
142185,131,oracle+donor_profile,xml,0,0.25,183678,oracle_only
142319,107,oracle+donor_profile,xml,0,0.25,183679,oracle_only
142429,116,oracle+donor_profile,xml,0,0.25,183680,oracle_only
142548,139,oracle+donor_profile,xml,0,0.25,183681,oracle_only
142690,124,oracle+donor_profile,xml,0,0.25,183682,oracle_only
142817,172,oracle+donor_profile,xml,0,0.25,183683,oracle_only
142992,163,oracle+donor_profile,xml,0,0.25,183684,oracle_only
143158,103,oracle+donor_profile,xml,0,0.25,183685,oracle_only
143264,142,oracle+donor_profile,xml,0,0.25,183686,oracle_only
143409,89,oracle+donor_profile,xml,0,0.25,183687,oracle_only
143501,95,oracle+donor_profile,xml,0,0.25,183688,oracle_only
143599,104,oracle+donor_profile,xml,0,0.25,183689,oracle_only
143706,143,oracle+donor_profile,xml,0,0.25,183690,oracle_only
143852,96,oracle+donor_profile,xml,0,0.25,183691,oracle_only
143951,113,oracle+donor_profile,xml,0,0.25,183692,oracle_only
144067,114,oracle+donor_profile,xml,0,0.25,183693,oracle_only
144184,122,oracle+donor_profile,xml,0,0.25,183694,oracle_only
144309,134,oracle+donor_profile,xml,0,0.25,183695,oracle_only
144446,121,oracle+donor_profile,xml,0,0.25,183696,oracle_only
144570,141,oracle+donor_profile,xml,0,0.25,183697,oracle_only
144714,153,oracle+donor_profile,xml,0,0.25,183698,oracle_only
144870,151,oracle+donor_profile,xml,0,0.25,183699,oracle_only
145024,188,oracle+donor_profile,xml,0,0.25,183700,oracle_only
145215,129,oracle+donor_profile,xml,0,0.25,183701,oracle_only
145347,104,oracle+donor_profile,xml,0,0.25,183702,oracle_only
145454,105,oracle+donor_profile,xml,0,0.25,183703,oracle_only
145562,113,oracle+donor_profile,xml,0,0.25,183704,oracle_only
145678,138,oracle+donor_profile,xml,0,0.25,183705,oracle_only
145819,90,oracle+donor_profile,xml,0,0.25,183706,oracle_only
145912,90,oracle+donor_profile,xml,0,0.25,183707,oracle_only
146005,90,oracle+donor_profile,xml,0,0.25,183708,oracle_only
146098,137,oracle+donor_profile,xml,0,0.25,183709,oracle_only
146238,90,oracle+donor_profile,xml,0,0.25,183710,oracle_only
146331,90,oracle+donor_profile,xml,0,0.25,183711,oracle_only
146424,90,oracle+donor_profile,xml,0,0.25,183712,oracle_only
146517,206,oracle+donor_profile,xml,0,0.25,183713,oracle_only
146726,156,oracle+donor_profile,xml,0,0.25,183714,oracle_only
146885,155,oracle+donor_profile,xml,0,0.25,183715,oracle_only
147043,142,oracle+donor_profile,xml,0,0.25,183716,oracle_only
147188,174,oracle+donor_profile,xml,0,0.25,183717,oracle_only
147365,116,oracle+donor_profile,xml,0,0.25,183718,oracle_only
147484,136,oracle+donor_profile,xml,0,0.25,183719,oracle_only
147623,104,oracle+donor_profile,xml,0,0.25,183720,oracle_only
147730,121,oracle+donor_profile,xml,0,0.25,183721,oracle_only
147854,133,oracle+donor_profile,xml,0,0.25,183722,oracle_only
147990,134,oracle+donor_profile,xml,0,0.25,183723,oracle_only
148127,126,oracle+donor_profile,xml,0,0.25,183724,oracle_only
148256,176,oracle+donor_profile,xml,0,0.25,183725,oracle_only
148435,141,oracle+donor_profile,xml,0,0.25,183726,oracle_only
148579,120,oracle+donor_profile,xml,0,0.25,183727,oracle_only
148702,82,oracle+donor_profile,xml,0,0.25,183728,oracle_only
148787,111,oracle+donor_profile,xml,0,0.25,183729,oracle_only
148901,89,oracle+donor_profile,xml,0,0.25,183730,oracle_only
148993,114,oracle+donor_profile,xml,0,0.25,183731,oracle_only
149110,166,oracle+donor_profile,xml,0,0.25,183732,oracle_only
149279,141,oracle+donor_profile,xml,0,0.25,183733,oracle_only
149423,124,oracle+donor_profile,xml,0,0.25,183734,oracle_only
149550,122,oracle+donor_profile,xml,0,0.25,183735,oracle_only
149675,114,oracle+donor_profile,xml,0,0.25,183736,oracle_only
149792,110,oracle+donor_profile,xml,0,0.25,183737,oracle_only
149905,119,oracle+donor_profile,xml,0,0.25,183738,oracle_only
150027,140,oracle+donor_profile,xml,0,0.25,183739,oracle_only
150170,113,oracle+donor_profile,xml,0,0.25,183740,oracle_only
150286,135,oracle+donor_profile,xml,0,0.25,183741,oracle_only
150424,94,oracle+donor_profile,xml,0,0.25,183742,oracle_only
150521,132,oracle+donor_profile,xml,0,0.25,183743,oracle_only
150656,132,oracle+donor_profile,xml,0,0.25,183744,oracle_only
150791,122,oracle+donor_profile,xml,0,0.25,183745,oracle_only
150916,112,oracle+donor_profile,xml,0,0.25,183746,oracle_only
151031,120,oracle+donor_profile,xml,0,0.25,183747,oracle_only
151154,115,oracle+donor_profile,xml,0,0.25,183748,oracle_only
151272,116,oracle+donor_profile,xml,0,0.25,183749,oracle_only
151391,116,oracle+donor_profile,xml,0,0.25,183750,oracle_only
151510,118,oracle+donor_profile,xml,0,0.25,183751,oracle_only
151631,127,oracle+donor_profile,xml,0,0.25,183752,oracle_only
151761,132,oracle+donor_profile,xml,0,0.25,183753,oracle_only
151896,109,oracle+donor_profile,xml,0,0.25,183754,oracle_only
152008,111,oracle+donor_profile,xml,0,0.25,183755,oracle_only
152122,127,oracle+donor_profile,xml,0,0.25,183756,oracle_only
152252,118,oracle+donor_profile,xml,0,0.25,183757,oracle_only
152373,134,oracle+donor_profile,xml,0,0.25,183758,oracle_only
152510,106,oracle+donor_profile,xml,0,0.25,183759,oracle_only
152619,160,oracle+donor_profile,xml,0,0.25,183760,oracle_only
152782,82,oracle+donor_profile,xml,0,0.25,183761,oracle_only
152867,130,oracle+donor_profile,xml,0,0.25,183762,oracle_only
153000,135,oracle+donor_profile,xml,0,0.25,183763,oracle_only
153138,107,oracle+donor_profile,xml,0,0.25,183764,oracle_only
153248,125,oracle+donor_profile,xml,0,0.25,183765,oracle_only
153376,143,oracle+donor_profile,xml,0,0.25,183766,oracle_only
153522,128,oracle+donor_profile,xml,0,0.25,183767,oracle_only
153653,94,oracle+donor_profile,xml,0,0.25,183768,oracle_only
153750,112,oracle+donor_profile,xml,0,0.25,183769,oracle_only
153865,96,oracle+donor_profile,xml,0,0.25,183770,oracle_only
153964,146,oracle+donor_profile,xml,0,0.25,183771,oracle_only
154113,133,oracle+donor_profile,xml,0,0.25,183772,oracle_only
154249,85,oracle+donor_profile,xml,0,0.25,183773,oracle_only
154337,126,oracle+donor_profile,xml,0,0.25,183774,oracle_only
154466,84,oracle+donor_profile,xml,0,0.25,183775,oracle_only
154553,132,oracle+donor_profile,xml,0,0.25,183776,oracle_only
154688,133,oracle+donor_profile,xml,0,0.25,183777,oracle_only
154824,121,oracle+donor_profile,xml,0,0.25,183778,oracle_only
154948,168,oracle+donor_profile,xml,0,0.25,183779,oracle_only
155119,95,oracle+donor_profile,xml,0,0.25,183780,oracle_only
155217,95,oracle+donor_profile,xml,0,0.25,183781,oracle_only
155315,163,oracle+donor_profile,xml,0,0.25,183782,oracle_only
155481,111,oracle+donor_profile,xml,0,0.25,183783,oracle_only
155595,119,oracle+donor_profile,xml,0,0.25,183784,oracle_only
155717,114,oracle+donor_profile,xml,0,0.25,183785,oracle_only
155834,97,oracle+donor_profile,xml,0,0.25,183786,oracle_only
155934,143,oracle+donor_profile,xml,0,0.25,183787,oracle_only
156080,112,oracle+donor_profile,xml,0,0.25,183788,oracle_only
156195,137,oracle+donor_profile,xml,0,0.25,183789,oracle_only
156335,154,oracle+donor_profile,xml,0,0.25,183790,oracle_only
156492,107,oracle+donor_profile,xml,0,0.25,183791,oracle_only
156602,138,oracle+donor_profile,xml,0,0.25,183792,oracle_only
156743,119,oracle+donor_profile,xml,0,0.25,183793,oracle_only
156865,113,oracle+donor_profile,xml,0,0.25,183794,oracle_only
156981,99,oracle+donor_profile,xml,0,0.25,183795,oracle_only
157083,127,oracle+donor_profile,xml,0,0.25,183796,oracle_only
157213,118,oracle+donor_profile,xml,0,0.25,183797,oracle_only
157334,120,oracle+donor_profile,xml,0,0.25,183798,oracle_only
157457,101,oracle+donor_profile,xml,0,0.25,183799,oracle_only
157561,89,oracle+donor_profile,xml,0,0.25,183800,oracle_only
157653,103,oracle+donor_profile,xml,0,0.25,183801,oracle_only
157759,150,oracle+donor_profile,xml,0,0.25,183802,oracle_only
157912,136,oracle+donor_profile,xml,0,0.25,183803,oracle_only
158051,114,oracle+donor_profile,xml,0,0.25,183804,oracle_only
158168,124,oracle+donor_profile,xml,0,0.25,183805,oracle_only
158295,135,oracle+donor_profile,xml,0,0.25,183806,oracle_only
158433,162,oracle+donor_profile,xml,0,0.25,183807,oracle_only
158598,116,oracle+donor_profile,xml,0,0.25,183808,oracle_only
158717,113,oracle+donor_profile,xml,0,0.25,183809,oracle_only
158833,179,oracle+donor_profile,xml,0,0.25,183810,oracle_only
159015,135,oracle+donor_profile,xml,0,0.25,183811,oracle_only
159153,133,oracle+donor_profile,xml,0,0.25,183812,oracle_only
159289,109,oracle+donor_profile,xml,0,0.25,183813,oracle_only
159401,124,oracle+donor_profile,xml,0,0.25,183814,oracle_only
159528,100,oracle+donor_profile,xml,0,0.25,183815,oracle_only
159631,129,oracle+donor_profile,xml,0,0.25,183816,oracle_only
159763,117,oracle+donor_profile,xml,0,0.25,183817,oracle_only
159883,177,oracle+donor_profile,xml,0,0.25,183818,oracle_only
160063,115,oracle+donor_profile,xml,0,0.25,183819,oracle_only
160181,105,oracle+donor_profile,xml,0,0.25,183820,oracle_only
160289,129,oracle+donor_profile,xml,0,0.25,183821,oracle_only
160421,86,oracle+donor_profile,xml,0,0.25,183822,oracle_only
160510,119,oracle+donor_profile,xml,0,0.25,183823,oracle_only
160632,88,oracle+donor_profile,xml,0,0.25,183824,oracle_only
160723,118,oracle+donor_profile,xml,0,0.25,183825,oracle_only
160844,124,oracle+donor_profile,xml,0,0.25,183826,oracle_only
160971,107,oracle+donor_profile,xml,0,0.25,183827,oracle_only
161081,130,oracle+donor_profile,xml,0,0.25,183828,oracle_only
161214,112,oracle+donor_profile,xml,0,0.25,183829,oracle_only
161329,130,oracle+donor_profile,xml,0,0.25,183830,oracle_only
161462,137,oracle+donor_profile,xml,0,0.25,183831,oracle_only
161602,121,oracle+donor_profile,xml,0,0.25,183832,oracle_only
161726,164,oracle+donor_profile,xml,0,0.25,183833,oracle_only
161893,123,oracle+donor_profile,xml,0,0.25,183834,oracle_only
162019,122,oracle+donor_profile,xml,0,0.25,183835,oracle_only
162144,110,oracle+donor_profile,xml,0,0.25,183836,oracle_only
162257,120,oracle+donor_profile,xml,0,0.25,183837,oracle_only
162380,116,oracle+donor_profile,xml,0,0.25,183838,oracle_only
162499,159,oracle+donor_profile,xml,0,0.25,183839,oracle_only
162661,134,oracle+donor_profile,xml,0,0.25,183840,oracle_only
162798,117,oracle+donor_profile,xml,0,0.25,183841,oracle_only
162918,89,oracle+donor_profile,xml,0,0.25,183842,oracle_only
163010,137,oracle+donor_profile,xml,0,0.25,183843,oracle_only
163150,127,oracle+donor_profile,xml,0,0.25,183844,oracle_only
163280,117,oracle+donor_profile,xml,0,0.25,183845,oracle_only
163400,121,oracle+donor_profile,xml,0,0.25,183846,oracle_only
163524,137,oracle+donor_profile,xml,0,0.25,183847,oracle_only
163664,114,oracle+donor_profile,xml,0,0.25,183848,oracle_only
163781,81,oracle+donor_profile,xml,0,0.25,183849,oracle_only
163865,118,oracle+donor_profile,xml,0,0.25,183850,oracle_only
163986,120,oracle+donor_profile,xml,0,0.25,183851,oracle_only
164109,120,oracle+donor_profile,xml,0,0.25,183852,oracle_only
164232,127,oracle+donor_profile,xml,0,0.25,183853,oracle_only
164362,135,oracle+donor_profile,xml,0,0.25,183854,oracle_only
164500,149,oracle+donor_profile,xml,0,0.25,183855,oracle_only
164652,112,oracle+donor_profile,xml,0,0.25,183856,oracle_only
164767,99,oracle+donor_profile,xml,0,0.25,183857,oracle_only
164869,105,oracle+donor_profile,xml,0,0.25,183858,oracle_only
164977,116,oracle+donor_profile,xml,0,0.25,183859,oracle_only
165096,100,oracle+donor_profile,xml,0,0.25,183860,oracle_only
165199,107,oracle+donor_profile,xml,0,0.25,183861,oracle_only
165309,149,oracle+donor_profile,xml,0,0.25,183862,oracle_only
165461,124,oracle+donor_profile,xml,0,0.25,183863,oracle_only
165588,127,oracle+donor_profile,xml,0,0.25,183864,oracle_only
165718,113,oracle+donor_profile,xml,0,0.25,183865,oracle_only
165834,122,oracle+donor_profile,xml,0,0.25,183866,oracle_only
165959,133,oracle+donor_profile,xml,0,0.25,183867,oracle_only
166095,124,oracle+donor_profile,xml,0,0.25,183868,oracle_only
166222,113,oracle+donor_profile,xml,0,0.25,183869,oracle_only
166338,138,oracle+donor_profile,xml,0,0.25,183870,oracle_only
166479,169,oracle+donor_profile,xml,0,0.25,183871,oracle_only
166651,170,oracle+donor_profile,xml,0,0.25,183872,oracle_only
166824,180,oracle+donor_profile,xml,0,0.25,183873,oracle_only
167007,183,oracle+donor_profile,xml,0,0.25,183874,oracle_only
167193,176,oracle+donor_profile,xml,0,0.25,183875,oracle_only
167372,174,oracle+donor_profile,xml,0,0.25,183876,oracle_only
167549,124,oracle+donor_profile,xml,0,0.25,183877,oracle_only
167676,124,oracle+donor_profile,xml,0,0.25,183878,oracle_only
167803,137,oracle+donor_profile,xml,0,0.25,183879,oracle_only
167943,134,oracle+donor_profile,xml,0,0.25,183880,oracle_only
168080,187,oracle+donor_profile,xml,0,0.25,183881,oracle_only
168270,164,oracle+donor_profile,xml,0,0.25,183882,oracle_only
168437,167,oracle+donor_profile,xml,0,0.25,183883,oracle_only
168607,111,oracle+donor_profile,xml,0,0.25,183884,oracle_only
168721,129,oracle+donor_profile,xml,0,0.25,183885,oracle_only
168853,107,oracle+donor_profile,xml,0,0.25,183886,oracle_only
168963,107,oracle+donor_profile,xml,0,0.25,183887,oracle_only
169073,128,oracle+donor_profile,xml,0,0.25,183888,oracle_only
169204,120,oracle+donor_profile,xml,0,0.25,183889,oracle_only
169327,149,oracle+donor_profile,xml,0,0.25,183890,oracle_only
169479,123,oracle+donor_profile,xml,0,0.25,183891,oracle_only
169605,107,oracle+donor_profile,xml,0,0.25,183892,oracle_only
169715,135,oracle+donor_profile,xml,0,0.25,183893,oracle_only
169853,117,oracle+donor_profile,xml,0,0.25,183894,oracle_only
169973,128,oracle+donor_profile,xml,0,0.25,183895,oracle_only
170104,98,oracle+donor_profile,xml,0,0.25,183896,oracle_only
170205,138,oracle+donor_profile,xml,0,0.25,183897,oracle_only
170346,173,oracle+donor_profile,xml,0,0.25,183898,oracle_only
170522,141,oracle+donor_profile,xml,0,0.25,183899,oracle_only
170666,143,oracle+donor_profile,xml,0,0.25,183900,oracle_only
170812,134,oracle+donor_profile,xml,0,0.25,183901,oracle_only
170949,115,oracle+donor_profile,xml,0,0.25,183902,oracle_only
171067,117,oracle+donor_profile,xml,0,0.25,183903,oracle_only
171187,100,oracle+donor_profile,xml,0,0.25,183904,oracle_only
171290,128,oracle+donor_profile,xml,0,0.25,183905,oracle_only
171421,130,oracle+donor_profile,xml,0,0.25,183906,oracle_only
171554,116,oracle+donor_profile,xml,0,0.25,183907,oracle_only
171673,115,oracle+donor_profile,xml,0,0.25,183908,oracle_only
171791,133,oracle+donor_profile,xml,0,0.25,183909,oracle_only
171927,102,oracle+donor_profile,xml,0,0.25,183910,oracle_only
172032,120,oracle+donor_profile,xml,0,0.25,183911,oracle_only
172155,130,oracle+donor_profile,xml,0,0.25,183912,oracle_only
172288,101,oracle+donor_profile,xml,0,0.25,183913,oracle_only
172392,147,oracle+donor_profile,xml,0,0.25,183914,oracle_only
172542,150,oracle+donor_profile,xml,0,0.25,183915,oracle_only
172695,133,oracle+donor_profile,xml,0,0.25,183916,oracle_only
172831,135,oracle+donor_profile,xml,0,0.25,183917,oracle_only
172969,149,oracle+donor_profile,xml,0,0.25,183918,oracle_only
173121,96,oracle+donor_profile,xml,0,0.25,183919,oracle_only
173220,127,oracle+donor_profile,xml,0,0.25,183920,oracle_only
173350,113,oracle+donor_profile,xml,0,0.25,183921,oracle_only
173466,101,oracle+donor_profile,xml,0,0.25,183922,oracle_only
173570,117,oracle+donor_profile,xml,0,0.25,183923,oracle_only
173690,124,oracle+donor_profile,xml,0,0.25,183924,oracle_only
173817,132,oracle+donor_profile,xml,0,0.25,183925,oracle_only
173952,121,oracle+donor_profile,xml,0,0.25,183926,oracle_only
174076,122,oracle+donor_profile,xml,0,0.25,183927,oracle_only
174201,120,oracle+donor_profile,xml,0,0.25,183928,oracle_only
174324,140,oracle+donor_profile,xml,0,0.25,183929,oracle_only
174467,99,oracle+donor_profile,xml,0,0.25,183930,oracle_only
174569,140,oracle+donor_profile,xml,0,0.25,183931,oracle_only
174712,126,oracle+donor_profile,xml,0,0.25,183932,oracle_only
174841,125,oracle+donor_profile,xml,0,0.25,183933,oracle_only
174969,126,oracle+donor_profile,xml,0,0.25,183934,oracle_only
175098,121,oracle+donor_profile,xml,0,0.25,183935,oracle_only
175222,110,oracle+donor_profile,xml,0,0.25,183936,oracle_only
175335,131,oracle+donor_profile,xml,0,0.25,183937,oracle_only
175469,106,oracle+donor_profile,xml,0,0.25,183938,oracle_only
175578,141,oracle+donor_profile,xml,0,0.25,183939,oracle_only
175722,158,oracle+donor_profile,xml,0,0.25,183940,oracle_only
175883,127,oracle+donor_profile,xml,0,0.25,183941,oracle_only
176013,115,oracle+donor_profile,xml,0,0.25,183942,oracle_only
176131,88,oracle+donor_profile,xml,0,0.25,183943,oracle_only
176222,130,oracle+donor_profile,xml,0,0.25,183944,oracle_only
176355,109,oracle+donor_profile,xml,0,0.25,183945,oracle_only
176467,119,oracle+donor_profile,xml,0,0.25,183946,oracle_only
176589,100,oracle+donor_profile,xml,0,0.25,183947,oracle_only
176692,111,oracle+donor_profile,xml,0,0.25,183948,oracle_only
176806,126,oracle+donor_profile,xml,0,0.25,183949,oracle_only
176935,99,oracle+donor_profile,xml,0,0.25,183950,oracle_only
177037,141,oracle+donor_profile,xml,0,0.25,183951,oracle_only
177181,132,oracle+donor_profile,xml,0,0.25,183952,oracle_only
177316,233,oracle+donor_profile,xml,0,0.25,183953,oracle_only
177552,109,oracle+donor_profile,xml,0,0.25,183954,oracle_only
177664,223,oracle+donor_profile,xml,0,0.25,183955,oracle_only
177890,132,oracle+donor_profile,xml,0,0.25,183956,oracle_only
178025,128,oracle+donor_profile,xml,0,0.25,183957,oracle_only
178156,132,oracle+donor_profile,xml,0,0.25,183958,oracle_only
178291,118,oracle+donor_profile,xml,0,0.25,183959,oracle_only
178412,212,oracle+donor_profile,xml,0,0.25,183960,oracle_only
178627,107,oracle+donor_profile,xml,0,0.25,183961,oracle_only
178737,108,oracle+donor_profile,xml,0,0.25,183962,oracle_only
178848,122,oracle+donor_profile,xml,0,0.25,183963,oracle_only
178973,131,oracle+donor_profile,xml,0,0.25,183964,oracle_only
179107,128,oracle+donor_profile,xml,0,0.25,183965,oracle_only
179238,114,oracle+donor_profile,xml,0,0.25,183966,oracle_only
179355,136,oracle+donor_profile,xml,0,0.25,183967,oracle_only
179494,135,oracle+donor_profile,xml,0,0.25,183968,oracle_only
179632,142,oracle+donor_profile,xml,0,0.25,183969,oracle_only
179777,134,oracle+donor_profile,xml,0,0.25,183970,oracle_only
179914,116,oracle+donor_profile,xml,0,0.25,183971,oracle_only
180033,147,oracle+donor_profile,xml,0,0.25,183972,oracle_only
180183,130,oracle+donor_profile,xml,0,0.25,183973,oracle_only
180316,107,oracle+donor_profile,xml,0,0.25,183974,oracle_only
180426,144,oracle+donor_profile,xml,0,0.25,183975,oracle_only
180573,164,oracle+donor_profile,xml,0,0.25,183976,oracle_only
180740,111,oracle+donor_profile,xml,0,0.25,183977,oracle_only
180854,162,oracle+donor_profile,xml,0,0.25,183978,oracle_only
181019,91,oracle+donor_profile,xml,0,0.25,183979,oracle_only
181113,122,oracle+donor_profile,xml,0,0.25,183980,oracle_only
181238,109,oracle+donor_profile,xml,0,0.25,183981,oracle_only
181350,88,oracle+donor_profile,xml,0,0.25,183982,oracle_only
181441,122,oracle+donor_profile,xml,0,0.25,183983,oracle_only
181566,122,oracle+donor_profile,xml,0,0.25,183984,oracle_only
181691,125,oracle+donor_profile,xml,0,0.25,183985,oracle_only
181819,97,oracle+donor_profile,xml,0,0.25,183986,oracle_only
181919,135,oracle+donor_profile,xml,0,0.25,183987,oracle_only
182057,205,oracle+donor_profile,xml,0,0.25,183988,oracle_only
182265,104,oracle+donor_profile,xml,0,0.25,183989,oracle_only
182372,121,oracle+donor_profile,xml,0,0.25,183990,oracle_only
182496,114,oracle+donor_profile,xml,0,0.25,183991,oracle_only
182613,118,oracle+donor_profile,xml,0,0.25,183992,oracle_only
182734,149,oracle+donor_profile,xml,0,0.25,183993,oracle_only
182886,78,oracle+donor_profile,xml,0,0.25,183994,oracle_only
182967,128,oracle+donor_profile,xml,0,0.25,183995,oracle_only
183098,126,oracle+donor_profile,xml,0,0.25,183996,oracle_only
183227,120,oracle+donor_profile,xml,0,0.25,183997,oracle_only
183350,189,oracle+donor_profile,xml,0,0.25,183998,oracle_only
183542,140,oracle+donor_profile,xml,0,0.25,183999,oracle_only
183685,121,oracle+donor_profile,xml,0,0.25,184000,oracle_only
183809,178,oracle+donor_profile,xml,0,0.25,184001,oracle_only
183990,133,oracle+donor_profile,xml,0,0.25,184002,oracle_only
184126,85,oracle+donor_profile,xml,0,0.25,184003,oracle_only
184214,110,oracle+donor_profile,xml,0,0.25,184004,oracle_only
184327,116,oracle+donor_profile,xml,0,0.25,184005,oracle_only
184446,118,oracle+donor_profile,xml,0,0.25,184006,oracle_only
184567,98,oracle+donor_profile,xml,0,0.25,184007,oracle_only
184668,131,oracle+donor_profile,xml,0,0.25,184008,oracle_only
184802,84,oracle+donor_profile,xml,0,0.25,184009,oracle_only
184889,127,oracle+donor_profile,xml,0,0.25,184010,oracle_only
185019,269,oracle+donor_profile,xml,0,0.25,184011,oracle_only
185291,98,oracle+donor_profile,xml,0,0.25,184012,oracle_only
185392,130,oracle+donor_profile,xml,0,0.25,184013,oracle_only
185525,132,oracle+donor_profile,xml,0,0.25,184014,oracle_only
185660,92,oracle+donor_profile,xml,0,0.25,184015,oracle_only
185755,92,oracle+donor_profile,xml,0,0.25,184016,oracle_only
185850,99,oracle+donor_profile,xml,0,0.25,184017,oracle_only
185952,131,oracle+donor_profile,xml,0,0.25,184018,oracle_only
186086,120,oracle+donor_profile,xml,0,0.25,184019,oracle_only
186209,144,oracle+donor_profile,xml,0,0.25,184020,oracle_only
186356,141,oracle+donor_profile,xml,0,0.25,184021,oracle_only
186500,126,oracle+donor_profile,xml,0,0.25,184022,oracle_only
186629,132,oracle+donor_profile,xml,0,0.25,184023,oracle_only
186764,126,oracle+donor_profile,xml,0,0.25,184024,oracle_only
186893,118,oracle+donor_profile,xml,0,0.25,184025,oracle_only
187014,130,oracle+donor_profile,xml,0,0.25,184026,oracle_only
187147,151,oracle+donor_profile,xml,0,0.25,184027,oracle_only
187301,128,oracle+donor_profile,xml,0,0.25,184028,oracle_only
187432,93,oracle+donor_profile,xml,0,0.25,184029,oracle_only
187528,117,oracle+donor_profile,xml,0,0.25,184030,oracle_only
187648,113,oracle+donor_profile,xml,0,0.25,184031,oracle_only
187764,124,oracle+donor_profile,xml,0,0.25,184032,oracle_only
187891,85,oracle+donor_profile,xml,0,0.25,184033,oracle_only
187979,147,oracle+donor_profile,xml,0,0.25,184034,oracle_only
188129,123,oracle+donor_profile,xml,0,0.25,184035,oracle_only
188255,142,oracle+donor_profile,xml,0,0.25,184036,oracle_only
188400,144,oracle+donor_profile,xml,0,0.25,184037,oracle_only
188547,161,oracle+donor_profile,xml,0,0.25,184038,oracle_only
188711,147,oracle+donor_profile,xml,0,0.25,184039,oracle_only
188861,126,oracle+donor_profile,xml,0,0.25,184040,oracle_only
188990,126,oracle+donor_profile,xml,0,0.25,184041,oracle_only
189119,126,oracle+donor_profile,xml,0,0.25,184042,oracle_only
189248,126,oracle+donor_profile,xml,0,0.25,184043,oracle_only
189377,126,oracle+donor_profile,xml,0,0.25,184044,oracle_only
189506,126,oracle+donor_profile,xml,0,0.25,184045,oracle_only
189635,126,oracle+donor_profile,xml,0,0.25,184046,oracle_only
189764,132,oracle+donor_profile,xml,0,0.25,184047,oracle_only
189899,130,oracle+donor_profile,xml,0,0.25,184048,oracle_only
190032,123,oracle+donor_profile,xml,0,0.25,184049,oracle_only
190158,135,oracle+donor_profile,xml,0,0.25,184050,oracle_only
190296,138,oracle+donor_profile,xml,0,0.25,184051,oracle_only
190437,132,oracle+donor_profile,xml,0,0.25,184052,oracle_only
190572,138,oracle+donor_profile,xml,0,0.25,184053,oracle_only
190713,123,oracle+donor_profile,xml,0,0.25,184054,oracle_only
190839,158,oracle+donor_profile,xml,0,0.25,184055,oracle_only
191000,142,oracle+donor_profile,xml,0,0.25,184056,oracle_only
191145,126,oracle+donor_profile,xml,0,0.25,184057,oracle_only
191274,135,oracle+donor_profile,xml,0,0.25,184058,oracle_only
191412,130,oracle+donor_profile,xml,0,0.25,184059,oracle_only
191545,184,oracle+donor_profile,xml,0,0.25,184060,oracle_only
191732,180,oracle+donor_profile,xml,0,0.25,184061,oracle_only
191915,172,oracle+donor_profile,xml,0,0.25,184062,oracle_only
192090,84,oracle+donor_profile,xml,0,0.25,184063,oracle_only
192177,123,oracle+donor_profile,xml,0,0.25,184064,oracle_only
192303,139,oracle+donor_profile,xml,0,0.25,184065,oracle_only
192445,118,oracle+donor_profile,xml,0,0.25,184066,oracle_only
192566,105,oracle+donor_profile,xml,0,0.25,184067,oracle_only
192674,120,oracle+donor_profile,xml,0,0.25,184068,oracle_only
192797,120,oracle+donor_profile,xml,0,0.25,184069,oracle_only
192920,134,oracle+donor_profile,xml,0,0.25,184070,oracle_only
193057,120,oracle+donor_profile,xml,0,0.25,184071,oracle_only
193180,118,oracle+donor_profile,xml,0,0.25,184072,oracle_only
193301,86,oracle+donor_profile,xml,0,0.25,184073,oracle_only
193390,106,oracle+donor_profile,xml,0,0.25,184074,oracle_only
193499,121,oracle+donor_profile,xml,0,0.25,184075,oracle_only
193623,114,oracle+donor_profile,xml,0,0.25,184076,oracle_only
193740,118,oracle+donor_profile,xml,0,0.25,184077,oracle_only
193861,108,oracle+donor_profile,xml,0,0.25,184078,oracle_only
193972,154,oracle+donor_profile,xml,0,0.25,184079,oracle_only
194129,97,oracle+donor_profile,xml,0,0.25,184080,oracle_only
194229,131,oracle+donor_profile,xml,0,0.25,184081,oracle_only
194363,116,oracle+donor_profile,xml,0,0.25,184082,oracle_only
194482,126,oracle+donor_profile,xml,0,0.25,184083,oracle_only
194611,118,oracle+donor_profile,xml,0,0.25,184084,oracle_only
194732,154,oracle+donor_profile,xml,0,0.25,184085,oracle_only
194889,127,oracle+donor_profile,xml,0,0.25,184086,oracle_only
195019,127,oracle+donor_profile,xml,0,0.25,184087,oracle_only
195149,119,oracle+donor_profile,xml,0,0.25,184088,oracle_only
195271,114,oracle+donor_profile,xml,0,0.25,184089,oracle_only
195388,126,oracle+donor_profile,xml,0,0.25,184090,oracle_only
195517,106,oracle+donor_profile,xml,0,0.25,184091,oracle_only
195626,136,oracle+donor_profile,xml,0,0.25,184092,oracle_only
195765,206,oracle+donor_profile,xml,0,0.25,184093,oracle_only
195974,131,oracle+donor_profile,xml,0,0.25,184094,oracle_only
196108,142,oracle+donor_profile,xml,0,0.25,184095,oracle_only
196253,134,oracle+donor_profile,xml,0,0.25,184096,oracle_only
196390,114,oracle+donor_profile,xml,0,0.25,184097,oracle_only
196507,135,oracle+donor_profile,xml,0,0.25,184098,oracle_only
196645,101,oracle+donor_profile,xml,0,0.25,184099,oracle_only
196749,118,oracle+donor_profile,xml,0,0.25,184100,oracle_only
196870,94,oracle+donor_profile,xml,0,0.25,184101,oracle_only
196967,127,oracle+donor_profile,xml,0,0.25,184102,oracle_only
197097,131,oracle+donor_profile,xml,0,0.25,184103,oracle_only
197231,129,oracle+donor_profile,xml,0,0.25,184104,oracle_only
197363,128,oracle+donor_profile,xml,0,0.25,184105,oracle_only
197494,133,oracle+donor_profile,xml,0,0.25,184106,oracle_only
197630,105,oracle+donor_profile,xml,0,0.25,184107,oracle_only
197738,109,oracle+donor_profile,xml,0,0.25,184108,oracle_only
197850,99,oracle+donor_profile,xml,0,0.25,184109,oracle_only
197952,118,oracle+donor_profile,xml,0,0.25,184110,oracle_only
198073,184,oracle+donor_profile,xml,0,0.25,184111,oracle_only
198260,136,oracle+donor_profile,xml,0,0.25,184112,oracle_only
198399,155,oracle+donor_profile,xml,0,0.25,184113,oracle_only
198557,111,oracle+donor_profile,xml,0,0.25,184114,oracle_only
198671,125,oracle+donor_profile,xml,0,0.25,184115,oracle_only
198799,145,oracle+donor_profile,xml,0,0.25,184116,oracle_only
198947,137,oracle+donor_profile,xml,0,0.25,184117,oracle_only
199087,139,oracle+donor_profile,xml,0,0.25,184118,oracle_only
199229,116,oracle+donor_profile,xml,0,0.25,184119,oracle_only
199348,116,oracle+donor_profile,xml,0,0.25,184120,oracle_only
199467,136,oracle+donor_profile,xml,0,0.25,184121,oracle_only
199606,140,oracle+donor_profile,xml,0,0.25,184122,oracle_only
199749,126,oracle+donor_profile,xml,0,0.25,184123,oracle_only
199878,124,oracle+donor_profile,xml,0,0.25,184124,oracle_only
200005,147,oracle+donor_profile,xml,0,0.25,184125,oracle_only
200155,118,oracle+donor_profile,xml,0,0.25,184126,oracle_only
200276,111,oracle+donor_profile,xml,0,0.25,184127,oracle_only
200390,102,oracle+donor_profile,xml,0,0.25,184128,oracle_only
200495,129,oracle+donor_profile,xml,0,0.25,184129,oracle_only
200627,150,oracle+donor_profile,xml,0,0.25,184130,oracle_only
200780,109,oracle+donor_profile,xml,0,0.25,184131,oracle_only
200892,124,oracle+donor_profile,xml,0,0.25,184132,oracle_only
201019,82,oracle+donor_profile,xml,0,0.25,184133,oracle_only
201104,118,oracle+donor_profile,xml,0,0.25,184134,oracle_only
201225,127,oracle+donor_profile,xml,0,0.25,184135,oracle_only
201355,114,oracle+donor_profile,xml,0,0.25,184136,oracle_only
201472,127,oracle+donor_profile,xml,0,0.25,184137,oracle_only
201602,129,oracle+donor_profile,xml,0,0.25,184138,oracle_only
201734,136,oracle+donor_profile,xml,0,0.25,184139,oracle_only
201873,121,oracle+donor_profile,xml,0,0.25,184140,oracle_only
201997,155,oracle+donor_profile,xml,0,0.25,184141,oracle_only
202155,138,oracle+donor_profile,xml,0,0.25,184142,oracle_only
202296,127,oracle+donor_profile,xml,0,0.25,184143,oracle_only
202426,123,oracle+donor_profile,xml,0,0.25,184144,oracle_only
202552,130,oracle+donor_profile,xml,0,0.25,184145,oracle_only
202685,140,oracle+donor_profile,xml,0,0.25,184146,oracle_only
202828,117,oracle+donor_profile,xml,0,0.25,184147,oracle_only
202948,139,oracle+donor_profile,xml,0,0.25,184148,oracle_only
203090,127,oracle+donor_profile,xml,0,0.25,184149,oracle_only
203220,168,oracle+donor_profile,xml,0,0.25,184150,oracle_only
203391,117,oracle+donor_profile,xml,0,0.25,184151,oracle_only
203511,119,oracle+donor_profile,xml,0,0.25,184152,oracle_only
203633,124,oracle+donor_profile,xml,0,0.25,184153,oracle_only
203760,108,oracle+donor_profile,xml,0,0.25,184154,oracle_only
203871,114,oracle+donor_profile,xml,0,0.25,184155,oracle_only
203988,125,oracle+donor_profile,xml,0,0.25,184156,oracle_only
204116,141,oracle+donor_profile,xml,0,0.25,184157,oracle_only
204260,132,oracle+donor_profile,xml,0,0.25,184158,oracle_only
204395,139,oracle+donor_profile,xml,0,0.25,184159,oracle_only
204537,163,oracle+donor_profile,xml,0,0.25,184160,oracle_only
204703,147,oracle+donor_profile,xml,0,0.25,184161,oracle_only
204853,148,oracle+donor_profile,xml,0,0.25,184162,oracle_only
205004,103,oracle+donor_profile,xml,0,0.25,184163,oracle_only
205110,107,oracle+donor_profile,xml,0,0.25,184164,oracle_only
205220,98,oracle+donor_profile,xml,0,0.25,184165,oracle_only
205321,119,oracle+donor_profile,xml,0,0.25,184166,oracle_only
205443,133,oracle+donor_profile,xml,0,0.25,184167,oracle_only
205579,119,oracle+donor_profile,xml,0,0.25,184168,oracle_only
205701,101,oracle+donor_profile,xml,0,0.25,184169,oracle_only
205805,117,oracle+donor_profile,xml,0,0.25,184170,oracle_only
205925,84,oracle+donor_profile,xml,0,0.25,184171,oracle_only
206012,141,oracle+donor_profile,xml,0,0.25,184172,oracle_only
206156,108,oracle+donor_profile,xml,0,0.25,184173,oracle_only
206267,126,oracle+donor_profile,xml,0,0.25,184174,oracle_only
206396,138,oracle+donor_profile,xml,0,0.25,184175,oracle_only
206537,124,oracle+donor_profile,xml,0,0.25,184176,oracle_only
206664,96,oracle+donor_profile,xml,0,0.25,184177,oracle_only
206763,138,oracle+donor_profile,xml,0,0.25,184178,oracle_only
206904,123,oracle+donor_profile,xml,0,0.25,184179,oracle_only
207030,137,oracle+donor_profile,xml,0,0.25,184180,oracle_only
207170,122,oracle+donor_profile,xml,0,0.25,184181,oracle_only
207295,86,oracle+donor_profile,xml,0,0.25,184182,oracle_only
207384,123,oracle+donor_profile,xml,0,0.25,184183,oracle_only
207510,95,oracle+donor_profile,xml,0,0.25,184184,oracle_only
207608,114,oracle+donor_profile,xml,0,0.25,184185,oracle_only
207725,123,oracle+donor_profile,xml,0,0.25,184186,oracle_only
207851,92,oracle+donor_profile,xml,0,0.25,184187,oracle_only
207946,137,oracle+donor_profile,xml,0,0.25,184188,oracle_only
208086,143,oracle+donor_profile,xml,0,0.25,184189,oracle_only
208232,167,oracle+donor_profile,xml,0,0.25,184190,oracle_only
208402,132,oracle+donor_profile,xml,0,0.25,184191,oracle_only
208537,116,oracle+donor_profile,xml,0,0.25,184192,oracle_only
208656,117,oracle+donor_profile,xml,0,0.25,184193,oracle_only
208776,130,oracle+donor_profile,xml,0,0.25,184194,oracle_only
208909,114,oracle+donor_profile,xml,0,0.25,184195,oracle_only
209026,124,oracle+donor_profile,xml,0,0.25,184196,oracle_only
209153,118,oracle+donor_profile,xml,0,0.25,184197,oracle_only
209274,117,oracle+donor_profile,xml,0,0.25,184198,oracle_only
209394,122,oracle+donor_profile,xml,0,0.25,184199,oracle_only
209519,140,oracle+donor_profile,xml,0,0.25,184200,oracle_only
209662,137,oracle+donor_profile,xml,0,0.25,184201,oracle_only
209802,140,oracle+donor_profile,xml,0,0.25,184202,oracle_only
209945,137,oracle+donor_profile,xml,0,0.25,184203,oracle_only
210085,136,oracle+donor_profile,xml,0,0.25,184204,oracle_only
210224,141,oracle+donor_profile,xml,0,0.25,184205,oracle_only
210368,97,oracle+donor_profile,xml,0,0.25,184206,oracle_only
210468,97,oracle+donor_profile,xml,0,0.25,184207,oracle_only
210568,154,oracle+donor_profile,xml,0,0.25,184208,oracle_only
210725,130,oracle+donor_profile,xml,0,0.25,184209,oracle_only
210858,95,oracle+donor_profile,xml,0,0.25,184210,oracle_only
210956,139,oracle+donor_profile,xml,0,0.25,184211,oracle_only
211098,127,oracle+donor_profile,xml,0,0.25,184212,oracle_only
211228,127,oracle+donor_profile,xml,0,0.25,184213,oracle_only
211358,136,oracle+donor_profile,xml,0,0.25,184214,oracle_only
211497,132,oracle+donor_profile,xml,0,0.25,184215,oracle_only
211632,91,oracle+donor_profile,xml,0,0.25,184216,oracle_only
211726,127,oracle+donor_profile,xml,0,0.25,184217,oracle_only
211856,138,oracle+donor_profile,xml,0,0.25,184218,oracle_only
211997,115,oracle+donor_profile,xml,0,0.25,184219,oracle_only
212115,104,oracle+donor_profile,xml,0,0.25,184220,oracle_only
212222,126,oracle+donor_profile,xml,0,0.25,184221,oracle_only
212351,124,oracle+donor_profile,xml,0,0.25,184222,oracle_only
212478,174,oracle+donor_profile,xml,0,0.25,184223,oracle_only
212655,109,oracle+donor_profile,xml,0,0.25,184224,oracle_only
212767,110,oracle+donor_profile,xml,0,0.25,184225,oracle_only
212880,131,oracle+donor_profile,xml,0,0.25,184226,oracle_only
213014,99,oracle+donor_profile,xml,0,0.25,184227,oracle_only
213116,144,oracle+donor_profile,xml,0,0.25,184228,oracle_only
213263,127,oracle+donor_profile,xml,0,0.25,184229,oracle_only
213393,129,oracle+donor_profile,xml,0,0.25,184230,oracle_only
213525,132,oracle+donor_profile,xml,0,0.25,184231,oracle_only
213660,106,oracle+donor_profile,xml,0,0.25,184232,oracle_only
213769,103,oracle+donor_profile,xml,0,0.25,184233,oracle_only
213875,152,oracle+donor_profile,xml,0,0.25,184234,oracle_only
214030,103,oracle+donor_profile,xml,0,0.25,184235,oracle_only
214136,113,oracle+donor_profile,xml,0,0.25,184236,oracle_only
214252,138,oracle+donor_profile,xml,0,0.25,184237,oracle_only
214393,119,oracle+donor_profile,xml,0,0.25,184238,oracle_only
214515,194,oracle+donor_profile,xml,0,0.25,184239,oracle_only
214712,135,oracle+donor_profile,xml,0,0.25,184240,oracle_only
214850,171,oracle+donor_profile,xml,0,0.25,184241,oracle_only
215024,139,oracle+donor_profile,xml,0,0.25,184242,oracle_only
215166,146,oracle+donor_profile,xml,0,0.25,184243,oracle_only
215315,139,oracle+donor_profile,xml,0,0.25,184244,oracle_only
215457,108,oracle+donor_profile,xml,0,0.25,184245,oracle_only
215568,114,oracle+donor_profile,xml,0,0.25,184246,oracle_only
215685,117,oracle+donor_profile,xml,0,0.25,184247,oracle_only
215805,115,oracle+donor_profile,xml,0,0.25,184248,oracle_only
215923,117,oracle+donor_profile,xml,0,0.25,184249,oracle_only
216043,115,oracle+donor_profile,xml,0,0.25,184250,oracle_only
216161,112,oracle+donor_profile,xml,0,0.25,184251,oracle_only
216276,153,oracle+donor_profile,xml,0,0.25,184252,oracle_only
216432,109,oracle+donor_profile,xml,0,0.25,184253,oracle_only
216544,94,oracle+donor_profile,xml,0,0.25,184254,oracle_only
216641,119,oracle+donor_profile,xml,0,0.25,184255,oracle_only
216763,117,oracle+donor_profile,xml,0,0.25,184256,oracle_only
216883,129,oracle+donor_profile,xml,0,0.25,184257,oracle_only
217015,135,oracle+donor_profile,xml,0,0.25,184258,oracle_only
217153,134,oracle+donor_profile,xml,0,0.25,184259,oracle_only
217290,127,oracle+donor_profile,xml,0,0.25,184260,oracle_only
217420,121,oracle+donor_profile,xml,0,0.25,184261,oracle_only
217544,178,oracle+donor_profile,xml,0,0.25,184262,oracle_only
217725,129,oracle+donor_profile,xml,0,0.25,184263,oracle_only
217857,108,oracle+donor_profile,xml,0,0.25,184264,oracle_only
217968,121,oracle+donor_profile,xml,0,0.25,184265,oracle_only
218092,97,oracle+donor_profile,xml,0,0.25,184266,oracle_only
218192,125,oracle+donor_profile,xml,0,0.25,184267,oracle_only
218320,158,oracle+donor_profile,xml,0,0.25,184268,oracle_only
218481,150,oracle+donor_profile,xml,0,0.25,184269,oracle_only
218634,150,oracle+donor_profile,xml,0,0.25,184270,oracle_only
218787,143,oracle+donor_profile,xml,0,0.25,184271,oracle_only
218933,112,oracle+donor_profile,xml,0,0.25,184272,oracle_only
219048,129,oracle+donor_profile,xml,0,0.25,184273,oracle_only
219180,138,oracle+donor_profile,xml,0,0.25,184274,oracle_only
219321,151,oracle+donor_profile,xml,0,0.25,184275,oracle_only
219475,134,oracle+donor_profile,xml,0,0.25,184276,oracle_only
219612,109,oracle+donor_profile,xml,0,0.25,184277,oracle_only
219724,121,oracle+donor_profile,xml,0,0.25,184278,oracle_only
219848,132,oracle+donor_profile,xml,0,0.25,184279,oracle_only
219983,81,oracle+donor_profile,xml,0,0.25,184280,oracle_only
220067,201,oracle+donor_profile,xml,0,0.25,184281,oracle_only
220271,142,oracle+donor_profile,xml,0,0.25,184282,oracle_only
220416,156,oracle+donor_profile,xml,0,0.25,184283,oracle_only
220575,151,oracle+donor_profile,xml,0,0.25,184284,oracle_only
220729,142,oracle+donor_profile,xml,0,0.25,184285,oracle_only
220874,170,oracle+donor_profile,xml,0,0.25,184286,oracle_only
221047,135,oracle+donor_profile,xml,0,0.25,184287,oracle_only
221185,129,oracle+donor_profile,xml,0,0.25,184288,oracle_only
221317,99,oracle+donor_profile,xml,0,0.25,184289,oracle_only
221419,126,oracle+donor_profile,xml,0,0.25,184290,oracle_only
221548,120,oracle+donor_profile,xml,0,0.25,184291,oracle_only
221671,135,oracle+donor_profile,xml,0,0.25,184292,oracle_only
221809,148,oracle+donor_profile,xml,0,0.25,184293,oracle_only
221960,125,oracle+donor_profile,xml,0,0.25,184294,oracle_only
222088,170,oracle+donor_profile,xml,0,0.25,184295,oracle_only
222261,153,oracle+donor_profile,xml,0,0.25,184296,oracle_only
222417,153,oracle+donor_profile,xml,0,0.25,184297,oracle_only
222573,145,oracle+donor_profile,xml,0,0.25,184298,oracle_only
222721,153,oracle+donor_profile,xml,0,0.25,184299,oracle_only
222877,144,oracle+donor_profile,xml,0,0.25,184300,oracle_only
223024,141,oracle+donor_profile,xml,0,0.25,184301,oracle_only
223168,127,oracle+donor_profile,xml,0,0.25,184302,oracle_only
223298,154,oracle+donor_profile,xml,0,0.25,184303,oracle_only
223455,153,oracle+donor_profile,xml,0,0.25,184304,oracle_only
223611,159,oracle+donor_profile,xml,0,0.25,184305,oracle_only
223773,136,oracle+donor_profile,xml,0,0.25,184306,oracle_only
223912,133,oracle+donor_profile,xml,0,0.25,184307,oracle_only
224048,117,oracle+donor_profile,xml,0,0.25,184308,oracle_only
224168,82,oracle+donor_profile,xml,0,0.25,184309,oracle_only
224253,144,oracle+donor_profile,xml,0,0.25,184310,oracle_only
224400,151,oracle+donor_profile,xml,0,0.25,184311,oracle_only
224554,150,oracle+donor_profile,xml,0,0.25,184312,oracle_only
224707,103,oracle+donor_profile,xml,0,0.25,184313,oracle_only
224813,140,oracle+donor_profile,xml,0,0.25,184314,oracle_only
224956,140,oracle+donor_profile,xml,0,0.25,184315,oracle_only
225099,148,oracle+donor_profile,xml,0,0.25,184316,oracle_only
225250,126,oracle+donor_profile,xml,0,0.25,184317,oracle_only
225379,168,oracle+donor_profile,xml,0,0.25,184318,oracle_only
225550,140,oracle+donor_profile,xml,0,0.25,184319,oracle_only
225693,116,oracle+donor_profile,xml,0,0.25,184320,oracle_only
225812,100,oracle+donor_profile,xml,0,0.25,184321,oracle_only
225915,121,oracle+donor_profile,xml,0,0.25,184322,oracle_only
226039,120,oracle+donor_profile,xml,0,0.25,184323,oracle_only
226162,121,oracle+donor_profile,xml,0,0.25,184324,oracle_only
226286,121,oracle+donor_profile,xml,0,0.25,184325,oracle_only
226410,117,oracle+donor_profile,xml,0,0.25,184326,oracle_only
226530,142,oracle+donor_profile,xml,0,0.25,184327,oracle_only
226675,118,oracle+donor_profile,xml,0,0.25,184328,oracle_only
226796,124,oracle+donor_profile,xml,0,0.25,184329,oracle_only
226923,122,oracle+donor_profile,xml,0,0.25,184330,oracle_only
227048,124,oracle+donor_profile,xml,0,0.25,184331,oracle_only
227175,125,oracle+donor_profile,xml,0,0.25,184332,oracle_only
227303,124,oracle+donor_profile,xml,0,0.25,184333,oracle_only
227430,117,oracle+donor_profile,xml,0,0.25,184334,oracle_only
227550,154,oracle+donor_profile,xml,0,0.25,184335,oracle_only
227707,107,oracle+donor_profile,xml,0,0.25,184336,oracle_only
227817,117,oracle+donor_profile,xml,0,0.25,184337,oracle_only
227937,173,oracle+donor_profile,xml,0,0.25,184338,oracle_only
228113,127,oracle+donor_profile,xml,0,0.25,184339,oracle_only
228243,172,oracle+donor_profile,xml,0,0.25,184340,oracle_only
228418,175,oracle+donor_profile,xml,0,0.25,184341,oracle_only
228596,112,oracle+donor_profile,xml,0,0.25,184342,oracle_only
228711,112,oracle+donor_profile,xml,0,0.25,184343,oracle_only
228826,153,oracle+donor_profile,xml,0,0.25,184344,oracle_only
228982,107,oracle+donor_profile,xml,0,0.25,184345,oracle_only
229092,115,oracle+donor_profile,xml,0,0.25,184346,oracle_only
229210,123,oracle+donor_profile,xml,0,0.25,184347,oracle_only
229336,143,oracle+donor_profile,xml,0,0.25,184348,oracle_only
229482,134,oracle+donor_profile,xml,0,0.25,184349,oracle_only
229619,112,oracle+donor_profile,xml,0,0.25,184350,oracle_only
229734,113,oracle+donor_profile,xml,0,0.25,184351,oracle_only
229850,167,oracle+donor_profile,xml,0,0.25,184352,oracle_only
230020,130,oracle+donor_profile,xml,0,0.25,184353,oracle_only
230153,132,oracle+donor_profile,xml,0,0.25,184354,oracle_only
230288,129,oracle+donor_profile,xml,0,0.25,184355,oracle_only
230420,129,oracle+donor_profile,xml,0,0.25,184356,oracle_only
230552,124,oracle+donor_profile,xml,0,0.25,184357,oracle_only
230679,109,oracle+donor_profile,xml,0,0.25,184358,oracle_only
230791,124,oracle+donor_profile,xml,0,0.25,184359,oracle_only
230918,123,oracle+donor_profile,xml,0,0.25,184360,oracle_only
231044,114,oracle+donor_profile,xml,0,0.25,184361,oracle_only
231161,133,oracle+donor_profile,xml,0,0.25,184362,oracle_only
231297,132,oracle+donor_profile,xml,0,0.25,184363,oracle_only
231432,129,oracle+donor_profile,xml,0,0.25,184364,oracle_only
231564,99,oracle+donor_profile,xml,0,0.25,184365,oracle_only
231666,134,oracle+donor_profile,xml,0,0.25,184366,oracle_only
231803,128,oracle+donor_profile,xml,0,0.25,184367,oracle_only
231934,120,oracle+donor_profile,xml,0,0.25,184368,oracle_only
232057,112,oracle+donor_profile,xml,0,0.25,184369,oracle_only
232172,134,oracle+donor_profile,xml,0,0.25,184370,oracle_only
232309,116,oracle+donor_profile,xml,0,0.25,184371,oracle_only
232428,113,oracle+donor_profile,xml,0,0.25,184372,oracle_only
232544,91,oracle+donor_profile,xml,0,0.25,184373,oracle_only
232638,114,oracle+donor_profile,xml,0,0.25,184374,oracle_only
232755,147,oracle+donor_profile,xml,0,0.25,184375,oracle_only
232905,109,oracle+donor_profile,xml,0,0.25,184376,oracle_only
233017,125,oracle+donor_profile,xml,0,0.25,184377,oracle_only
233145,108,oracle+donor_profile,xml,0,0.25,184378,oracle_only
233256,165,oracle+donor_profile,xml,0,0.25,184379,oracle_only
233424,141,oracle+donor_profile,xml,0,0.25,184380,oracle_only
233568,122,oracle+donor_profile,xml,0,0.25,184381,oracle_only
233693,118,oracle+donor_profile,xml,0,0.25,184382,oracle_only
233814,127,oracle+donor_profile,xml,0,0.25,184383,oracle_only
233944,116,oracle+donor_profile,xml,0,0.25,184384,oracle_only
234063,102,oracle+donor_profile,xml,0,0.25,184385,oracle_only
234168,133,oracle+donor_profile,xml,0,0.25,184386,oracle_only
234304,173,oracle+donor_profile,xml,0,0.25,184387,oracle_only
234480,173,oracle+donor_profile,xml,0,0.25,184388,oracle_only
234656,84,oracle+donor_profile,xml,0,0.25,184389,oracle_only
234743,164,oracle+donor_profile,xml,0,0.25,184390,oracle_only
234910,121,oracle+donor_profile,xml,0,0.25,184391,oracle_only
235034,115,oracle+donor_profile,xml,0,0.25,184392,oracle_only
235152,137,oracle+donor_profile,xml,0,0.25,184393,oracle_only
235292,99,oracle+donor_profile,xml,0,0.25,184394,oracle_only
235394,128,oracle+donor_profile,xml,0,0.25,184395,oracle_only
235525,148,oracle+donor_profile,xml,0,0.25,184396,oracle_only
235676,100,oracle+donor_profile,xml,0,0.25,184397,oracle_only
235779,137,oracle+donor_profile,xml,0,0.25,184398,oracle_only
235919,115,oracle+donor_profile,xml,0,0.25,184399,oracle_only
236037,107,oracle+donor_profile,xml,0,0.25,184400,oracle_only
236147,140,oracle+donor_profile,xml,0,0.25,184401,oracle_only
236290,132,oracle+donor_profile,xml,0,0.25,184402,oracle_only
236425,165,oracle+donor_profile,xml,0,0.25,184403,oracle_only
236593,159,oracle+donor_profile,xml,0,0.25,184404,oracle_only
236755,108,oracle+donor_profile,xml,0,0.25,184405,oracle_only
236866,158,oracle+donor_profile,xml,0,0.25,184406,oracle_only
237027,196,oracle+donor_profile,xml,0,0.25,184407,oracle_only
237226,126,oracle+donor_profile,xml,0,0.25,184408,oracle_only
237355,196,oracle+donor_profile,xml,0,0.25,184409,oracle_only
237554,88,oracle+donor_profile,xml,0,0.25,184410,oracle_only
237645,80,oracle+donor_profile,xml,0,0.25,184411,oracle_only
237728,150,oracle+donor_profile,xml,0,0.25,184412,oracle_only
237881,138,oracle+donor_profile,xml,0,0.25,184413,oracle_only
238022,101,oracle+donor_profile,xml,0,0.25,184414,oracle_only
238126,165,oracle+donor_profile,xml,0,0.25,184415,oracle_only
238294,152,oracle+donor_profile,xml,0,0.25,184416,oracle_only
238449,148,oracle+donor_profile,xml,0,0.25,184417,oracle_only
238600,130,oracle+donor_profile,xml,0,0.25,184418,oracle_only
238733,131,oracle+donor_profile,xml,0,0.25,184419,oracle_only
238867,110,oracle+donor_profile,xml,0,0.25,184420,oracle_only
238980,114,oracle+donor_profile,xml,0,0.25,184421,oracle_only
239097,119,oracle+donor_profile,xml,0,0.25,184422,oracle_only
239219,118,oracle+donor_profile,xml,0,0.25,184423,oracle_only
239340,125,oracle+donor_profile,xml,0,0.25,184424,oracle_only
239468,145,oracle+donor_profile,xml,0,0.25,184425,oracle_only
239616,147,oracle+donor_profile,xml,0,0.25,184426,oracle_only
239766,175,oracle+donor_profile,xml,0,0.25,184427,oracle_only
239944,139,oracle+donor_profile,xml,0,0.25,184428,oracle_only
240086,173,oracle+donor_profile,xml,0,0.25,184429,oracle_only
240262,128,oracle+donor_profile,xml,0,0.25,184430,oracle_only
240393,94,oracle+donor_profile,xml,0,0.25,184431,oracle_only
240490,126,oracle+donor_profile,xml,0,0.25,184432,oracle_only
240619,140,oracle+donor_profile,xml,0,0.25,184433,oracle_only
240762,148,oracle+donor_profile,xml,0,0.25,184434,oracle_only
240913,116,oracle+donor_profile,xml,0,0.25,184435,oracle_only
241032,138,oracle+donor_profile,xml,0,0.25,184436,oracle_only
241173,160,oracle+donor_profile,xml,0,0.25,184437,oracle_only
241336,126,oracle+donor_profile,xml,0,0.25,184438,oracle_only
241465,128,oracle+donor_profile,xml,0,0.25,184439,oracle_only
241596,110,oracle+donor_profile,xml,0,0.25,184440,oracle_only
241709,117,oracle+donor_profile,xml,0,0.25,184441,oracle_only
241829,122,oracle+donor_profile,xml,0,0.25,184442,oracle_only
241954,120,oracle+donor_profile,xml,0,0.25,184443,oracle_only
242077,146,oracle+donor_profile,xml,0,0.25,184444,oracle_only
242226,136,oracle+donor_profile,xml,0,0.25,184445,oracle_only
242365,134,oracle+donor_profile,xml,0,0.25,184446,oracle_only
242502,120,oracle+donor_profile,xml,0,0.25,184447,oracle_only
242625,122,oracle+donor_profile,xml,0,0.25,184448,oracle_only
242750,161,oracle+donor_profile,xml,0,0.25,184449,oracle_only
242914,126,oracle+donor_profile,xml,0,0.25,184450,oracle_only
243043,143,oracle+donor_profile,xml,0,0.25,184451,oracle_only
243189,129,oracle+donor_profile,xml,0,0.25,184452,oracle_only
243321,118,oracle+donor_profile,xml,0,0.25,184453,oracle_only
243442,129,oracle+donor_profile,xml,0,0.25,184454,oracle_only
243574,116,oracle+donor_profile,xml,0,0.25,184455,oracle_only
243693,125,oracle+donor_profile,xml,0,0.25,184456,oracle_only
243821,84,oracle+donor_profile,xml,0,0.25,184457,oracle_only
243908,122,oracle+donor_profile,xml,0,0.25,184458,oracle_only
244033,110,oracle+donor_profile,xml,0,0.25,184459,oracle_only
244146,104,oracle+donor_profile,xml,0,0.25,184460,oracle_only
244253,116,oracle+donor_profile,xml,0,0.25,184461,oracle_only
244372,129,oracle+donor_profile,xml,0,0.25,184462,oracle_only
244504,84,oracle+donor_profile,xml,0,0.25,184463,oracle_only
244591,134,oracle+donor_profile,xml,0,0.25,184464,oracle_only
244728,119,oracle+donor_profile,xml,0,0.25,184465,oracle_only
244850,130,oracle+donor_profile,xml,0,0.25,184466,oracle_only
244983,101,oracle+donor_profile,xml,0,0.25,184467,oracle_only
245087,116,oracle+donor_profile,xml,0,0.25,184468,oracle_only
245206,121,oracle+donor_profile,xml,0,0.25,184469,oracle_only
245330,184,oracle+donor_profile,xml,0,0.25,184470,oracle_only
245517,121,oracle+donor_profile,xml,0,0.25,184471,oracle_only
245641,144,oracle+donor_profile,xml,0,0.25,184472,oracle_only
245788,128,oracle+donor_profile,xml,0,0.25,184473,oracle_only
245919,113,oracle+donor_profile,xml,0,0.25,184474,oracle_only
246035,110,oracle+donor_profile,xml,0,0.25,184475,oracle_only
246148,104,oracle+donor_profile,xml,0,0.25,184476,oracle_only
246255,116,oracle+donor_profile,xml,0,0.25,184477,oracle_only
246374,122,oracle+donor_profile,xml,0,0.25,184478,oracle_only
246499,124,oracle+donor_profile,xml,0,0.25,184479,oracle_only
246626,131,oracle+donor_profile,xml,0,0.25,184480,oracle_only
246760,135,oracle+donor_profile,xml,0,0.25,184481,oracle_only
246898,127,oracle+donor_profile,xml,0,0.25,184482,oracle_only
247028,126,oracle+donor_profile,xml,0,0.25,184483,oracle_only
247157,126,oracle+donor_profile,xml,0,0.25,184484,oracle_only
247286,116,oracle+donor_profile,xml,0,0.25,184485,oracle_only
247405,124,oracle+donor_profile,xml,0,0.25,184486,oracle_only
247532,105,oracle+donor_profile,xml,0,0.25,184487,oracle_only
247640,126,oracle+donor_profile,xml,0,0.25,184488,oracle_only
247769,125,oracle+donor_profile,xml,0,0.25,184489,oracle_only
247897,125,oracle+donor_profile,xml,0,0.25,184490,oracle_only
248025,109,oracle+donor_profile,xml,0,0.25,184491,oracle_only
248137,127,oracle+donor_profile,xml,0,0.25,184492,oracle_only
248267,106,oracle+donor_profile,xml,0,0.25,184493,oracle_only
248376,132,oracle+donor_profile,xml,0,0.25,184494,oracle_only
248511,104,oracle+donor_profile,xml,0,0.25,184495,oracle_only
248618,107,oracle+donor_profile,xml,0,0.25,184496,oracle_only
248728,150,oracle+donor_profile,xml,0,0.25,184497,oracle_only
248881,129,oracle+donor_profile,xml,0,0.25,184498,oracle_only
249013,98,oracle+donor_profile,xml,0,0.25,184499,oracle_only
249114,111,oracle+donor_profile,xml,0,0.25,184500,oracle_only
249228,117,oracle+donor_profile,xml,0,0.25,184501,oracle_only
249348,123,oracle+donor_profile,xml,0,0.25,184502,oracle_only
249474,110,oracle+donor_profile,xml,0,0.25,184503,oracle_only
249587,102,oracle+donor_profile,xml,0,0.25,184504,oracle_only
249692,86,oracle+donor_profile,xml,0,0.25,184505,oracle_only
249781,86,oracle+donor_profile,xml,0,0.25,184506,oracle_only
249870,120,oracle+donor_profile,xml,0,0.25,184507,oracle_only
249993,120,oracle+donor_profile,xml,0,0.25,184508,oracle_only
250116,101,oracle+donor_profile,xml,0,0.25,184509,oracle_only
250220,171,oracle+donor_profile,xml,0,0.25,184510,oracle_only
250394,162,oracle+donor_profile,xml,0,0.25,184511,oracle_only
250559,125,oracle+donor_profile,xml,0,0.25,184512,oracle_only
250687,101,oracle+donor_profile,xml,0,0.25,184513,oracle_only
250791,142,oracle+donor_profile,xml,0,0.25,184514,oracle_only
250936,105,oracle+donor_profile,xml,0,0.25,184515,oracle_only
251044,88,oracle+donor_profile,xml,0,0.25,184516,oracle_only
251135,93,oracle+donor_profile,xml,0,0.25,184517,oracle_only
251231,117,oracle+donor_profile,xml,0,0.25,184518,oracle_only
251351,119,oracle+donor_profile,xml,0,0.25,184519,oracle_only
251473,132,oracle+donor_profile,xml,0,0.25,184520,oracle_only
251608,127,oracle+donor_profile,xml,0,0.25,184521,oracle_only
251738,155,oracle+donor_profile,xml,0,0.25,184522,oracle_only
251896,107,oracle+donor_profile,xml,0,0.25,184523,oracle_only
252006,114,oracle+donor_profile,xml,0,0.25,184524,oracle_only
252123,143,oracle+donor_profile,xml,0,0.25,184525,oracle_only
252269,149,oracle+donor_profile,xml,0,0.25,184526,oracle_only
252421,140,oracle+donor_profile,xml,0,0.25,184527,oracle_only
252564,116,oracle+donor_profile,xml,0,0.25,184528,oracle_only
252683,118,oracle+donor_profile,xml,0,0.25,184529,oracle_only
252804,106,oracle+donor_profile,xml,0,0.25,184530,oracle_only
252913,136,oracle+donor_profile,xml,0,0.25,184531,oracle_only
253052,106,oracle+donor_profile,xml,0,0.25,184532,oracle_only
253161,133,oracle+donor_profile,xml,0,0.25,184533,oracle_only
253297,117,oracle+donor_profile,xml,0,0.25,184534,oracle_only
253417,121,oracle+donor_profile,xml,0,0.25,184535,oracle_only
253541,114,oracle+donor_profile,xml,0,0.25,184536,oracle_only
253658,119,oracle+donor_profile,xml,0,0.25,184537,oracle_only
253780,118,oracle+donor_profile,xml,0,0.25,184538,oracle_only
253901,159,oracle+donor_profile,xml,0,0.25,184539,oracle_only
254063,135,oracle+donor_profile,xml,0,0.25,184540,oracle_only
254201,139,oracle+donor_profile,xml,0,0.25,184541,oracle_only
254343,135,oracle+donor_profile,xml,0,0.25,184542,oracle_only
254481,132,oracle+donor_profile,xml,0,0.25,184543,oracle_only
254616,141,oracle+donor_profile,xml,0,0.25,184544,oracle_only
254760,145,oracle+donor_profile,xml,0,0.25,184545,oracle_only
254908,140,oracle+donor_profile,xml,0,0.25,184546,oracle_only
255051,138,oracle+donor_profile,xml,0,0.25,184547,oracle_only
255192,104,oracle+donor_profile,xml,0,0.25,184548,oracle_only
255299,136,oracle+donor_profile,xml,0,0.25,184549,oracle_only
255438,101,oracle+donor_profile,xml,0,0.25,184550,oracle_only
255542,142,oracle+donor_profile,xml,0,0.25,184551,oracle_only
255687,153,oracle+donor_profile,xml,0,0.25,184552,oracle_only
255843,146,oracle+donor_profile,xml,0,0.25,184553,oracle_only
255992,128,oracle+donor_profile,xml,0,0.25,184554,oracle_only
256123,120,oracle+donor_profile,xml,0,0.25,184555,oracle_only
256246,112,oracle+donor_profile,xml,0,0.25,184556,oracle_only
256361,140,oracle+donor_profile,xml,0,0.25,184557,oracle_only
256504,114,oracle+donor_profile,xml,0,0.25,184558,oracle_only
256621,131,oracle+donor_profile,xml,0,0.25,184559,oracle_only
256755,123,oracle+donor_profile,xml,0,0.25,184560,oracle_only
256881,122,oracle+donor_profile,xml,0,0.25,184561,oracle_only
257006,123,oracle+donor_profile,xml,0,0.25,184562,oracle_only
257132,121,oracle+donor_profile,xml,0,0.25,184563,oracle_only
257256,129,oracle+donor_profile,xml,0,0.25,184564,oracle_only
257388,108,oracle+donor_profile,xml,0,0.25,184565,oracle_only
257499,136,oracle+donor_profile,xml,0,0.25,184566,oracle_only
257638,124,oracle+donor_profile,xml,0,0.25,184567,oracle_only
257765,122,oracle+donor_profile,xml,0,0.25,184568,oracle_only
257890,102,oracle+donor_profile,xml,0,0.25,184569,oracle_only
257995,154,oracle+donor_profile,xml,0,0.25,184570,oracle_only
258152,94,oracle+donor_profile,xml,0,0.25,184571,oracle_only
258249,133,oracle+donor_profile,xml,0,0.25,184572,oracle_only
258385,130,oracle+donor_profile,xml,0,0.25,184573,oracle_only
258518,93,oracle+donor_profile,xml,0,0.25,184574,oracle_only
258614,142,oracle+donor_profile,xml,0,0.25,184575,oracle_only
258759,146,oracle+donor_profile,xml,0,0.25,184576,oracle_only
258908,121,oracle+donor_profile,xml,0,0.25,184577,oracle_only
259032,128,oracle+donor_profile,xml,0,0.25,184578,oracle_only
259163,120,oracle+donor_profile,xml,0,0.25,184579,oracle_only
259286,105,oracle+donor_profile,xml,0,0.25,184580,oracle_only
259394,129,oracle+donor_profile,xml,0,0.25,184581,oracle_only
259526,118,oracle+donor_profile,xml,0,0.25,184582,oracle_only
259647,131,oracle+donor_profile,xml,0,0.25,184583,oracle_only
259781,125,oracle+donor_profile,xml,0,0.25,184584,oracle_only
259909,85,oracle+donor_profile,xml,0,0.25,184585,oracle_only
259997,125,oracle+donor_profile,xml,0,0.25,184586,oracle_only
260125,118,oracle+donor_profile,xml,0,0.25,184587,oracle_only
260246,101,oracle+donor_profile,xml,0,0.25,184588,oracle_only
260350,160,oracle+donor_profile,xml,0,0.25,184589,oracle_only
260513,128,oracle+donor_profile,xml,0,0.25,184590,oracle_only
260644,137,oracle+donor_profile,xml,0,0.25,184591,oracle_only
260784,140,oracle+donor_profile,xml,0,0.25,184592,oracle_only
260927,114,oracle+donor_profile,xml,0,0.25,184593,oracle_only
261044,126,oracle+donor_profile,xml,0,0.25,184594,oracle_only
261173,149,oracle+donor_profile,xml,0,0.25,184595,oracle_only
261325,145,oracle+donor_profile,xml,0,0.25,184596,oracle_only
261473,85,oracle+donor_profile,xml,0,0.25,184597,oracle_only
261561,94,oracle+donor_profile,xml,0,0.25,184598,oracle_only
261658,163,oracle+donor_profile,xml,0,0.25,184599,oracle_only
261824,127,oracle+donor_profile,xml,0,0.25,184600,oracle_only
261954,111,oracle+donor_profile,xml,0,0.25,184601,oracle_only
262068,154,oracle+donor_profile,xml,0,0.25,184602,oracle_only
262225,138,oracle+donor_profile,xml,0,0.25,184603,oracle_only
262366,139,oracle+donor_profile,xml,0,0.25,184604,oracle_only
262508,182,oracle+donor_profile,xml,0,0.25,184605,oracle_only
262693,152,oracle+donor_profile,xml,0,0.25,184606,oracle_only
262848,129,oracle+donor_profile,xml,0,0.25,184607,oracle_only
262980,161,oracle+donor_profile,xml,0,0.25,184608,oracle_only
263144,158,oracle+donor_profile,xml,0,0.25,184609,oracle_only
263305,140,oracle+donor_profile,xml,0,0.25,184610,oracle_only
263448,160,oracle+donor_profile,xml,0,0.25,184611,oracle_only
263611,158,oracle+donor_profile,xml,0,0.25,184612,oracle_only
263772,156,oracle+donor_profile,xml,0,0.25,184613,oracle_only
263931,118,oracle+donor_profile,xml,0,0.25,184614,oracle_only
264052,119,oracle+donor_profile,xml,0,0.25,184615,oracle_only
264174,126,oracle+donor_profile,xml,0,0.25,184616,oracle_only
264303,86,oracle+donor_profile,xml,0,0.25,184617,oracle_only
264392,112,oracle+donor_profile,xml,0,0.25,184618,oracle_only
264507,132,oracle+donor_profile,xml,0,0.25,184619,oracle_only
264642,124,oracle+donor_profile,xml,0,0.25,184620,oracle_only
264769,147,oracle+donor_profile,xml,0,0.25,184621,oracle_only
264919,144,oracle+donor_profile,xml,0,0.25,184622,oracle_only
265066,154,oracle+donor_profile,xml,0,0.25,184623,oracle_only
265223,154,oracle+donor_profile,xml,0,0.25,184624,oracle_only
265380,111,oracle+donor_profile,xml,0,0.25,184625,oracle_only
265494,121,oracle+donor_profile,xml,0,0.25,184626,oracle_only
265618,88,oracle+donor_profile,xml,0,0.25,184627,oracle_only
265709,118,oracle+donor_profile,xml,0,0.25,184628,oracle_only
265830,155,oracle+donor_profile,xml,0,0.25,184629,oracle_only
265988,159,oracle+donor_profile,xml,0,0.25,184630,oracle_only
266150,164,oracle+donor_profile,xml,0,0.25,184631,oracle_only
266317,147,oracle+donor_profile,xml,0,0.25,184632,oracle_only
266467,159,oracle+donor_profile,xml,0,0.25,184633,oracle_only
266629,146,oracle+donor_profile,xml,0,0.25,184634,oracle_only
266778,153,oracle+donor_profile,xml,0,0.25,184635,oracle_only
266934,108,oracle+donor_profile,xml,0,0.25,184636,oracle_only
267045,118,oracle+donor_profile,xml,0,0.25,184637,oracle_only
267166,115,oracle+donor_profile,xml,0,0.25,184638,oracle_only
267284,115,oracle+donor_profile,xml,0,0.25,184639,oracle_only
267402,113,oracle+donor_profile,xml,0,0.25,184640,oracle_only
267518,113,oracle+donor_profile,xml,0,0.25,184641,oracle_only
267634,113,oracle+donor_profile,xml,0,0.25,184642,oracle_only
267750,109,oracle+donor_profile,xml,0,0.25,184643,oracle_only
267862,113,oracle+donor_profile,xml,0,0.25,184644,oracle_only
267978,112,oracle+donor_profile,xml,0,0.25,184645,oracle_only
268093,114,oracle+donor_profile,xml,0,0.25,184646,oracle_only
268210,113,oracle+donor_profile,xml,0,0.25,184647,oracle_only
268326,128,oracle+donor_profile,xml,0,0.25,184648,oracle_only
268457,126,oracle+donor_profile,xml,0,0.25,184649,oracle_only
268586,142,oracle+donor_profile,xml,0,0.25,184650,oracle_only
268731,82,oracle+donor_profile,xml,0,0.25,184651,oracle_only
268816,124,oracle+donor_profile,xml,0,0.25,184652,oracle_only
268943,155,oracle+donor_profile,xml,0,0.25,184653,oracle_only
269101,118,oracle+donor_profile,xml,0,0.25,184654,oracle_only
269222,130,oracle+donor_profile,xml,0,0.25,184655,oracle_only
269355,114,oracle+donor_profile,xml,0,0.25,184656,oracle_only
269472,125,oracle+donor_profile,xml,0,0.25,184657,oracle_only
269600,142,oracle+donor_profile,xml,0,0.25,184658,oracle_only
269745,137,oracle+donor_profile,xml,0,0.25,184659,oracle_only
269885,142,oracle+donor_profile,xml,0,0.25,184660,oracle_only
270030,137,oracle+donor_profile,xml,0,0.25,184661,oracle_only
270170,132,oracle+donor_profile,xml,0,0.25,184662,oracle_only
270305,129,oracle+donor_profile,xml,0,0.25,184663,oracle_only
270437,133,oracle+donor_profile,xml,0,0.25,184664,oracle_only
270573,115,oracle+donor_profile,xml,0,0.25,184665,oracle_only
270691,181,oracle+donor_profile,xml,0,0.25,184666,oracle_only
270875,101,oracle+donor_profile,xml,0,0.25,184667,oracle_only
270979,95,oracle+donor_profile,xml,0,0.25,184668,oracle_only
271077,98,oracle+donor_profile,xml,0,0.25,184669,oracle_only
271178,104,oracle+donor_profile,xml,0,0.25,184670,oracle_only
271285,105,oracle+donor_profile,xml,0,0.25,184671,oracle_only
271393,101,oracle+donor_profile,xml,0,0.25,184672,oracle_only
271497,171,oracle+donor_profile,xml,0,0.25,184673,oracle_only
271671,123,oracle+donor_profile,xml,0,0.25,184674,oracle_only
271797,113,oracle+donor_profile,xml,0,0.25,184675,oracle_only
271913,145,oracle+donor_profile,xml,0,0.25,184676,oracle_only
272061,151,oracle+donor_profile,xml,0,0.25,184677,oracle_only
272215,144,oracle+donor_profile,xml,0,0.25,184678,oracle_only
272362,130,oracle+donor_profile,xml,0,0.25,184679,oracle_only
272495,143,oracle+donor_profile,xml,0,0.25,184680,oracle_only
272641,132,oracle+donor_profile,xml,0,0.25,184681,oracle_only
272776,122,oracle+donor_profile,xml,0,0.25,184682,oracle_only
272901,101,oracle+donor_profile,xml,0,0.25,184683,oracle_only
273005,142,oracle+donor_profile,xml,0,0.25,184684,oracle_only
273150,126,oracle+donor_profile,xml,0,0.25,184685,oracle_only
273279,101,oracle+donor_profile,xml,0,0.25,184686,oracle_only
273383,98,oracle+donor_profile,xml,0,0.25,184687,oracle_only
273484,109,oracle+donor_profile,xml,0,0.25,184688,oracle_only
273596,126,oracle+donor_profile,xml,0,0.25,184689,oracle_only
273725,128,oracle+donor_profile,xml,0,0.25,184690,oracle_only
273856,117,oracle+donor_profile,xml,0,0.25,184691,oracle_only
273976,117,oracle+donor_profile,xml,0,0.25,184692,oracle_only
274096,122,oracle+donor_profile,xml,0,0.25,184693,oracle_only
274221,102,oracle+donor_profile,xml,0,0.25,184694,oracle_only
274326,77,oracle+donor_profile,xml,0,0.25,184695,oracle_only
274406,125,oracle+donor_profile,xml,0,0.25,184696,oracle_only
274534,132,oracle+donor_profile,xml,0,0.25,184697,oracle_only
274669,112,oracle+donor_profile,xml,0,0.25,184698,oracle_only
274784,146,oracle+donor_profile,xml,0,0.25,184699,oracle_only
274933,85,oracle+donor_profile,xml,0,0.25,184700,oracle_only
275021,116,oracle+donor_profile,xml,0,0.25,184701,oracle_only
275140,119,oracle+donor_profile,xml,0,0.25,184702,oracle_only
275262,96,oracle+donor_profile,xml,0,0.25,184703,oracle_only
275361,103,oracle+donor_profile,xml,0,0.25,184704,oracle_only
275467,137,oracle+donor_profile,xml,0,0.25,184705,oracle_only
275607,122,oracle+donor_profile,xml,0,0.25,184706,oracle_only
275732,152,oracle+donor_profile,xml,0,0.25,184707,oracle_only
275887,148,oracle+donor_profile,xml,0,0.25,184708,oracle_only
276038,149,oracle+donor_profile,xml,0,0.25,184709,oracle_only
276190,148,oracle+donor_profile,xml,0,0.25,184710,oracle_only
276341,114,oracle+donor_profile,xml,0,0.25,184711,oracle_only
276458,118,oracle+donor_profile,xml,0,0.25,184712,oracle_only
276579,122,oracle+donor_profile,xml,0,0.25,184713,oracle_only
276704,117,oracle+donor_profile,xml,0,0.25,184714,oracle_only
276824,114,oracle+donor_profile,xml,0,0.25,184715,oracle_only
276941,102,oracle+donor_profile,xml,0,0.25,184716,oracle_only
277046,111,oracle+donor_profile,xml,0,0.25,184717,oracle_only
277160,115,oracle+donor_profile,xml,0,0.25,184718,oracle_only
277278,122,oracle+donor_profile,xml,0,0.25,184719,oracle_only
277403,120,oracle+donor_profile,xml,0,0.25,184720,oracle_only
277526,119,oracle+donor_profile,xml,0,0.25,184721,oracle_only
277648,128,oracle+donor_profile,xml,0,0.25,184722,oracle_only
277779,131,oracle+donor_profile,xml,0,0.25,184723,oracle_only
277913,135,oracle+donor_profile,xml,0,0.25,184724,oracle_only
278051,148,oracle+donor_profile,xml,0,0.25,184725,oracle_only
278202,115,oracle+donor_profile,xml,0,0.25,184726,oracle_only
278320,138,oracle+donor_profile,xml,0,0.25,184727,oracle_only
278461,122,oracle+donor_profile,xml,0,0.25,184728,oracle_only
278586,132,oracle+donor_profile,xml,0,0.25,184729,oracle_only
278721,142,oracle+donor_profile,xml,0,0.25,184730,oracle_only
278866,112,oracle+donor_profile,xml,0,0.25,184731,oracle_only
278981,120,oracle+donor_profile,xml,0,0.25,184732,oracle_only
279104,111,oracle+donor_profile,xml,0,0.25,184733,oracle_only
279218,129,oracle+donor_profile,xml,0,0.25,184734,oracle_only
279350,100,oracle+donor_profile,xml,0,0.25,184735,oracle_only
279453,104,oracle+donor_profile,xml,0,0.25,184736,oracle_only
279560,103,oracle+donor_profile,xml,0,0.25,184737,oracle_only
279666,105,oracle+donor_profile,xml,0,0.25,184738,oracle_only
279774,122,oracle+donor_profile,xml,0,0.25,184739,oracle_only
279899,127,oracle+donor_profile,xml,0,0.25,184740,oracle_only
280029,96,oracle+donor_profile,xml,0,0.25,184741,oracle_only
280128,131,oracle+donor_profile,xml,0,0.25,184742,oracle_only
280262,117,oracle+donor_profile,xml,0,0.25,184743,oracle_only
280382,124,oracle+donor_profile,xml,0,0.25,184744,oracle_only
280509,129,oracle+donor_profile,xml,0,0.25,184745,oracle_only
280641,117,oracle+donor_profile,xml,0,0.25,184746,oracle_only
280761,117,oracle+donor_profile,xml,0,0.25,184747,oracle_only
280881,108,oracle+donor_profile,xml,0,0.25,184748,oracle_only
280992,126,oracle+donor_profile,xml,0,0.25,184749,oracle_only
281121,131,oracle+donor_profile,xml,0,0.25,184750,oracle_only
281255,115,oracle+donor_profile,xml,0,0.25,184751,oracle_only
281373,113,oracle+donor_profile,xml,0,0.25,184752,oracle_only
281489,110,oracle+donor_profile,xml,0,0.25,184753,oracle_only
281602,128,oracle+donor_profile,xml,0,0.25,184754,oracle_only
281733,114,oracle+donor_profile,xml,0,0.25,184755,oracle_only
281850,115,oracle+donor_profile,xml,0,0.25,184756,oracle_only
281968,111,oracle+donor_profile,xml,0,0.25,184757,oracle_only
282082,114,oracle+donor_profile,xml,0,0.25,184758,oracle_only
282199,114,oracle+donor_profile,xml,0,0.25,184759,oracle_only
282316,120,oracle+donor_profile,xml,0,0.25,184760,oracle_only
282439,101,oracle+donor_profile,xml,0,0.25,184761,oracle_only
282543,86,oracle+donor_profile,xml,0,0.25,184762,oracle_only
282632,111,oracle+donor_profile,xml,0,0.25,184763,oracle_only
282746,109,oracle+donor_profile,xml,0,0.25,184764,oracle_only
282858,114,oracle+donor_profile,xml,0,0.25,184765,oracle_only
282975,114,oracle+donor_profile,xml,0,0.25,184766,oracle_only
283092,171,oracle+donor_profile,xml,0,0.25,184767,oracle_only
283266,136,oracle+donor_profile,xml,0,0.25,184768,oracle_only
283405,140,oracle+donor_profile,xml,0,0.25,184769,oracle_only
283548,106,oracle+donor_profile,xml,0,0.25,184770,oracle_only
283657,85,oracle+donor_profile,xml,0,0.25,184771,oracle_only
283745,144,oracle+donor_profile,xml,0,0.25,184772,oracle_only
283892,123,oracle+donor_profile,xml,0,0.25,184773,oracle_only
284018,104,oracle+donor_profile,xml,0,0.25,184774,oracle_only
284125,124,oracle+donor_profile,xml,0,0.25,184775,oracle_only
284252,123,oracle+donor_profile,xml,0,0.25,184776,oracle_only
284378,122,oracle+donor_profile,xml,0,0.25,184777,oracle_only
284503,121,oracle+donor_profile,xml,0,0.25,184778,oracle_only
284627,105,oracle+donor_profile,xml,0,0.25,184779,oracle_only
284735,118,oracle+donor_profile,xml,0,0.25,184780,oracle_only
284856,101,oracle+donor_profile,xml,0,0.25,184781,oracle_only
284960,110,oracle+donor_profile,xml,0,0.25,184782,oracle_only
285073,120,oracle+donor_profile,xml,0,0.25,184783,oracle_only
285196,119,oracle+donor_profile,xml,0,0.25,184784,oracle_only
285318,85,oracle+donor_profile,xml,0,0.25,184785,oracle_only
285406,108,oracle+donor_profile,xml,0,0.25,184786,oracle_only
285517,135,oracle+donor_profile,xml,0,0.25,184787,oracle_only
285655,98,oracle+donor_profile,xml,0,0.25,184788,oracle_only
285756,131,oracle+donor_profile,xml,0,0.25,184789,oracle_only
285890,101,oracle+donor_profile,xml,0,0.25,184790,oracle_only
285994,136,oracle+donor_profile,xml,0,0.25,184791,oracle_only
286133,127,oracle+donor_profile,xml,0,0.25,184792,oracle_only
286263,135,oracle+donor_profile,xml,0,0.25,184793,oracle_only
286401,124,oracle+donor_profile,xml,0,0.25,184794,oracle_only
286528,126,oracle+donor_profile,xml,0,0.25,184795,oracle_only
286657,120,oracle+donor_profile,xml,0,0.25,184796,oracle_only
286780,85,oracle+donor_profile,xml,0,0.25,184797,oracle_only
286868,127,oracle+donor_profile,xml,0,0.25,184798,oracle_only
286998,126,oracle+donor_profile,xml,0,0.25,184799,oracle_only
287127,129,oracle+donor_profile,xml,0,0.25,184800,oracle_only
287259,129,oracle+donor_profile,xml,0,0.25,184801,oracle_only
287391,127,oracle+donor_profile,xml,0,0.25,184802,oracle_only
287521,130,oracle+donor_profile,xml,0,0.25,184803,oracle_only
287654,109,oracle+donor_profile,xml,0,0.25,184804,oracle_only
287766,104,oracle+donor_profile,xml,0,0.25,184805,oracle_only
287873,105,oracle+donor_profile,xml,0,0.25,184806,oracle_only
287981,114,oracle+donor_profile,xml,0,0.25,184807,oracle_only
288098,83,oracle+donor_profile,xml,0,0.25,184808,oracle_only
288184,83,oracle+donor_profile,xml,0,0.25,184809,oracle_only
288270,101,oracle+donor_profile,xml,0,0.25,184810,oracle_only
288374,120,oracle+donor_profile,xml,0,0.25,184811,oracle_only
288497,127,oracle+donor_profile,xml,0,0.25,184812,oracle_only
288627,117,oracle+donor_profile,xml,0,0.25,184813,oracle_only
288747,125,oracle+donor_profile,xml,0,0.25,184814,oracle_only
288875,114,oracle+donor_profile,xml,0,0.25,184815,oracle_only
288992,113,oracle+donor_profile,xml,0,0.25,184816,oracle_only
289108,87,oracle+donor_profile,xml,0,0.25,184817,oracle_only
289198,88,oracle+donor_profile,xml,0,0.25,184818,oracle_only
289289,123,oracle+donor_profile,xml,0,0.25,184819,oracle_only
289415,116,oracle+donor_profile,xml,0,0.25,184820,oracle_only
289534,115,oracle+donor_profile,xml,0,0.25,184821,oracle_only
289652,181,oracle+donor_profile,xml,0,0.25,184822,oracle_only
289836,93,oracle+donor_profile,xml,0,0.25,184823,oracle_only
289932,119,oracle+donor_profile,xml,0,0.25,184824,oracle_only
290054,113,oracle+donor_profile,xml,0,0.25,184825,oracle_only
290170,153,oracle+donor_profile,xml,0,0.25,184826,oracle_only
290326,143,oracle+donor_profile,xml,0,0.25,184827,oracle_only
290472,140,oracle+donor_profile,xml,0,0.25,184828,oracle_only
290615,125,oracle+donor_profile,xml,0,0.25,184829,oracle_only
290743,123,oracle+donor_profile,xml,0,0.25,184830,oracle_only
290869,116,oracle+donor_profile,xml,0,0.25,184831,oracle_only
290988,113,oracle+donor_profile,xml,0,0.25,184832,oracle_only
291104,111,oracle+donor_profile,xml,0,0.25,184833,oracle_only
291218,126,oracle+donor_profile,xml,0,0.25,184834,oracle_only
291347,87,oracle+donor_profile,xml,0,0.25,184835,oracle_only
291437,104,oracle+donor_profile,xml,0,0.25,184836,oracle_only
291544,128,oracle+donor_profile,xml,0,0.25,184837,oracle_only
291675,108,oracle+donor_profile,xml,0,0.25,184838,oracle_only
291786,90,oracle+donor_profile,xml,0,0.25,184839,oracle_only
291879,100,oracle+donor_profile,xml,0,0.25,184840,oracle_only
291982,132,oracle+donor_profile,xml,0,0.25,184841,oracle_only
292117,136,oracle+donor_profile,xml,0,0.25,184842,oracle_only
292256,108,oracle+donor_profile,xml,0,0.25,184843,oracle_only
292367,134,oracle+donor_profile,xml,0,0.25,184844,oracle_only
292504,115,oracle+donor_profile,xml,0,0.25,184845,oracle_only
292622,129,oracle+donor_profile,xml,0,0.25,184846,oracle_only
292754,115,oracle+donor_profile,xml,0,0.25,184847,oracle_only
292872,94,oracle+donor_profile,xml,0,0.25,184848,oracle_only
292969,131,oracle+donor_profile,xml,0,0.25,184849,oracle_only
293103,115,oracle+donor_profile,xml,0,0.25,184850,oracle_only
293221,164,oracle+donor_profile,xml,0,0.25,184851,oracle_only
293388,117,oracle+donor_profile,xml,0,0.25,184852,oracle_only
293508,122,oracle+donor_profile,xml,0,0.25,184853,oracle_only
293633,125,oracle+donor_profile,xml,0,0.25,184854,oracle_only
293761,114,oracle+donor_profile,xml,0,0.25,184855,oracle_only
293878,109,oracle+donor_profile,xml,0,0.25,184856,oracle_only
293990,130,oracle+donor_profile,xml,0,0.25,184857,oracle_only
294123,91,oracle+donor_profile,xml,0,0.25,184858,oracle_only
294217,160,oracle+donor_profile,xml,0,0.25,184859,oracle_only
294380,133,oracle+donor_profile,xml,0,0.25,184860,oracle_only
294516,108,oracle+donor_profile,xml,0,0.25,184861,oracle_only
294627,126,oracle+donor_profile,xml,0,0.25,184862,oracle_only
294756,135,oracle+donor_profile,xml,0,0.25,184863,oracle_only
294894,127,oracle+donor_profile,xml,0,0.25,184864,oracle_only
295024,130,oracle+donor_profile,xml,0,0.25,184865,oracle_only
295157,119,oracle+donor_profile,xml,0,0.25,184866,oracle_only
295279,151,oracle+donor_profile,xml,0,0.25,184867,oracle_only
295433,140,oracle+donor_profile,xml,0,0.25,184868,oracle_only
295576,125,oracle+donor_profile,xml,0,0.25,184869,oracle_only
295704,133,oracle+donor_profile,xml,0,0.25,184870,oracle_only
295840,122,oracle+donor_profile,xml,0,0.25,184871,oracle_only
295965,88,oracle+donor_profile,xml,0,0.25,184872,oracle_only
296056,109,oracle+donor_profile,xml,0,0.25,184873,oracle_only
296168,123,oracle+donor_profile,xml,0,0.25,184874,oracle_only
296294,166,oracle+donor_profile,xml,0,0.25,184875,oracle_only
296463,138,oracle+donor_profile,xml,0,0.25,184876,oracle_only
296604,134,oracle+donor_profile,xml,0,0.25,184877,oracle_only
296741,134,oracle+donor_profile,xml,0,0.25,184878,oracle_only
296878,123,oracle+donor_profile,xml,0,0.25,184879,oracle_only
297004,88,oracle+donor_profile,xml,0,0.25,184880,oracle_only
297095,142,oracle+donor_profile,xml,0,0.25,184881,oracle_only
297240,88,oracle+donor_profile,xml,0,0.25,184882,oracle_only
297331,133,oracle+donor_profile,xml,0,0.25,184883,oracle_only
297467,122,oracle+donor_profile,xml,0,0.25,184884,oracle_only
297592,98,oracle+donor_profile,xml,0,0.25,184885,oracle_only
297693,98,oracle+donor_profile,xml,0,0.25,184886,oracle_only
297794,122,oracle+donor_profile,xml,0,0.25,184887,oracle_only
297919,88,oracle+donor_profile,xml,0,0.25,184888,oracle_only
298010,131,oracle+donor_profile,xml,0,0.25,184889,oracle_only
298144,123,oracle+donor_profile,xml,0,0.25,184890,oracle_only
298270,123,oracle+donor_profile,xml,0,0.25,184891,oracle_only
298396,101,oracle+donor_profile,xml,0,0.25,184892,oracle_only
298500,122,oracle+donor_profile,xml,0,0.25,184893,oracle_only
298625,137,oracle+donor_profile,xml,0,0.25,184894,oracle_only
298765,88,oracle+donor_profile,xml,0,0.25,184895,oracle_only
298856,123,oracle+donor_profile,xml,0,0.25,184896,oracle_only
298982,122,oracle+donor_profile,xml,0,0.25,184897,oracle_only
299107,123,oracle+donor_profile,xml,0,0.25,184898,oracle_only
299233,133,oracle+donor_profile,xml,0,0.25,184899,oracle_only
299369,86,oracle+donor_profile,xml,0,0.25,184900,oracle_only
299458,88,oracle+donor_profile,xml,0,0.25,184901,oracle_only
299549,133,oracle+donor_profile,xml,0,0.25,184902,oracle_only
299685,123,oracle+donor_profile,xml,0,0.25,184903,oracle_only
299811,133,oracle+donor_profile,xml,0,0.25,184904,oracle_only
299947,133,oracle+donor_profile,xml,0,0.25,184905,oracle_only
300083,96,oracle+donor_profile,xml,0,0.25,184906,oracle_only
300182,107,oracle+donor_profile,xml,0,0.25,184907,oracle_only
300292,95,oracle+donor_profile,xml,0,0.25,184908,oracle_only
300390,133,oracle+donor_profile,xml,0,0.25,184909,oracle_only
300526,88,oracle+donor_profile,xml,0,0.25,184910,oracle_only
300617,123,oracle+donor_profile,xml,0,0.25,184911,oracle_only
300743,133,oracle+donor_profile,xml,0,0.25,184912,oracle_only
300879,133,oracle+donor_profile,xml,0,0.25,184913,oracle_only
301015,95,oracle+donor_profile,xml,0,0.25,184914,oracle_only
301113,133,oracle+donor_profile,xml,0,0.25,184915,oracle_only
301249,133,oracle+donor_profile,xml,0,0.25,184916,oracle_only
301385,88,oracle+donor_profile,xml,0,0.25,184917,oracle_only
301476,88,oracle+donor_profile,xml,0,0.25,184918,oracle_only
301567,123,oracle+donor_profile,xml,0,0.25,184919,oracle_only
301693,133,oracle+donor_profile,xml,0,0.25,184920,oracle_only
301829,133,oracle+donor_profile,xml,0,0.25,184921,oracle_only
301965,111,oracle+donor_profile,xml,0,0.25,184922,oracle_only
302079,103,oracle+donor_profile,xml,0,0.25,184923,oracle_only
302185,188,oracle+donor_profile,xml,0,0.25,184924,oracle_only
302376,145,oracle+donor_profile,xml,0,0.25,184925,oracle_only
302524,198,oracle+donor_profile,xml,0,0.25,184926,oracle_only
302725,96,oracle+donor_profile,xml,0,0.25,184927,oracle_only
302824,145,oracle+donor_profile,xml,0,0.25,184928,oracle_only
302972,145,oracle+donor_profile,xml,0,0.25,184929,oracle_only
303120,88,oracle+donor_profile,xml,0,0.25,184930,oracle_only
303211,122,oracle+donor_profile,xml,0,0.25,184931,oracle_only
303336,118,oracle+donor_profile,xml,0,0.25,184932,oracle_only
303457,146,oracle+donor_profile,xml,0,0.25,184933,oracle_only
303606,118,oracle+donor_profile,xml,0,0.25,184934,oracle_only
303727,96,oracle+donor_profile,xml,0,0.25,184935,oracle_only
303826,146,oracle+donor_profile,xml,0,0.25,184936,oracle_only
303975,110,oracle+donor_profile,xml,0,0.25,184937,oracle_only
304088,130,oracle+donor_profile,xml,0,0.25,184938,oracle_only
304221,143,oracle+donor_profile,xml,0,0.25,184939,oracle_only
304367,143,oracle+donor_profile,xml,0,0.25,184940,oracle_only
304513,143,oracle+donor_profile,xml,0,0.25,184941,oracle_only
304659,143,oracle+donor_profile,xml,0,0.25,184942,oracle_only
304805,143,oracle+donor_profile,xml,0,0.25,184943,oracle_only
304951,138,oracle+donor_profile,xml,0,0.25,184944,oracle_only
305092,127,oracle+donor_profile,xml,0,0.25,184945,oracle_only
305222,115,oracle+donor_profile,xml,0,0.25,184946,oracle_only
305340,115,oracle+donor_profile,xml,0,0.25,184947,oracle_only
305458,124,oracle+donor_profile,xml,0,0.25,184948,oracle_only
305585,115,oracle+donor_profile,xml,0,0.25,184949,oracle_only
305703,103,oracle+donor_profile,xml,0,0.25,184950,oracle_only
305809,97,oracle+donor_profile,xml,0,0.25,184951,oracle_only
305909,113,oracle+donor_profile,xml,0,0.25,184952,oracle_only
306025,158,oracle+donor_profile,xml,0,0.25,184953,oracle_only
306186,158,oracle+donor_profile,xml,0,0.25,184954,oracle_only
306347,104,oracle+donor_profile,xml,0,0.25,184955,oracle_only
306454,104,oracle+donor_profile,xml,0,0.25,184956,oracle_only
306561,158,oracle+donor_profile,xml,0,0.25,184957,oracle_only
306722,137,oracle+donor_profile,xml,0,0.25,184958,oracle_only
306862,167,oracle+donor_profile,xml,0,0.25,184959,oracle_only
307032,197,oracle+donor_profile,xml,0,0.25,184960,oracle_only
307232,110,oracle+donor_profile,xml,0,0.25,184961,oracle_only
307345,167,oracle+donor_profile,xml,0,0.25,184962,oracle_only
307515,137,oracle+donor_profile,xml,0,0.25,184963,oracle_only
307655,94,oracle+donor_profile,xml,0,0.25,184964,oracle_only
307752,140,oracle+donor_profile,xml,0,0.25,184965,oracle_only
307895,130,oracle+donor_profile,xml,0,0.25,184966,oracle_only
308028,121,oracle+donor_profile,xml,0,0.25,184967,oracle_only
308152,130,oracle+donor_profile,xml,0,0.25,184968,oracle_only
308285,95,oracle+donor_profile,xml,0,0.25,184969,oracle_only
308383,133,oracle+donor_profile,xml,0,0.25,184970,oracle_only
308519,133,oracle+donor_profile,xml,0,0.25,184971,oracle_only
308655,133,oracle+donor_profile,xml,0,0.25,184972,oracle_only
308791,88,oracle+donor_profile,xml,0,0.25,184973,oracle_only
308882,123,oracle+donor_profile,xml,0,0.25,184974,oracle_only
309008,133,oracle+donor_profile,xml,0,0.25,184975,oracle_only
309144,133,oracle+donor_profile,xml,0,0.25,184976,oracle_only
309280,99,oracle+donor_profile,xml,0,0.25,184977,oracle_only
309382,133,oracle+donor_profile,xml,0,0.25,184978,oracle_only
309518,133,oracle+donor_profile,xml,0,0.25,184979,oracle_only
309654,88,oracle+donor_profile,xml,0,0.25,184980,oracle_only
309745,88,oracle+donor_profile,xml,0,0.25,184981,oracle_only
309836,133,oracle+donor_profile,xml,0,0.25,184982,oracle_only
309972,95,oracle+donor_profile,xml,0,0.25,184983,oracle_only
310070,84,oracle+donor_profile,xml,0,0.25,184984,oracle_only
310157,114,oracle+donor_profile,xml,0,0.25,184985,oracle_only
310274,131,oracle+donor_profile,xml,0,0.25,184986,oracle_only
310408,114,oracle+donor_profile,xml,0,0.25,184987,oracle_only
310525,119,oracle+donor_profile,xml,0,0.25,184988,oracle_only
310647,157,oracle+donor_profile,xml,0,0.25,184989,oracle_only
310807,103,oracle+donor_profile,xml,0,0.25,184990,oracle_only
310913,132,oracle+donor_profile,xml,0,0.25,184991,oracle_only
311048,127,oracle+donor_profile,xml,0,0.25,184992,oracle_only
311178,145,oracle+donor_profile,xml,0,0.25,184993,oracle_only
311326,114,oracle+donor_profile,xml,0,0.25,184994,oracle_only
311443,117,oracle+donor_profile,xml,0,0.25,184995,oracle_only
311563,122,oracle+donor_profile,xml,0,0.25,184996,oracle_only
311688,120,oracle+donor_profile,xml,0,0.25,184997,oracle_only
311811,140,oracle+donor_profile,xml,0,0.25,184998,oracle_only
311954,120,oracle+donor_profile,xml,0,0.25,184999,oracle_only
312077,119,oracle+donor_profile,xml,0,0.25,185000,oracle_only
312199,115,oracle+donor_profile,xml,0,0.25,185001,oracle_only
312317,115,oracle+donor_profile,xml,0,0.25,185002,oracle_only
312435,129,oracle+donor_profile,xml,0,0.25,185003,oracle_only
312567,99,oracle+donor_profile,xml,0,0.25,185004,oracle_only
312669,119,oracle+donor_profile,xml,0,0.25,185005,oracle_only
312791,113,oracle+donor_profile,xml,0,0.25,185006,oracle_only
312907,121,oracle+donor_profile,xml,0,0.25,185007,oracle_only
313031,124,oracle+donor_profile,xml,0,0.25,185008,oracle_only
313158,121,oracle+donor_profile,xml,0,0.25,185009,oracle_only
313282,113,oracle+donor_profile,xml,0,0.25,185010,oracle_only
313398,113,oracle+donor_profile,xml,0,0.25,185011,oracle_only
313514,130,oracle+donor_profile,xml,0,0.25,185012,oracle_only
313647,118,oracle+donor_profile,xml,0,0.25,185013,oracle_only
313768,120,oracle+donor_profile,xml,0,0.25,185014,oracle_only
313891,122,oracle+donor_profile,xml,0,0.25,185015,oracle_only
314016,130,oracle+donor_profile,xml,0,0.25,185016,oracle_only
314149,130,oracle+donor_profile,xml,0,0.25,185017,oracle_only
314282,130,oracle+donor_profile,xml,0,0.25,185018,oracle_only
314415,136,oracle+donor_profile,xml,0,0.25,185019,oracle_only
314554,115,oracle+donor_profile,xml,0,0.25,185020,oracle_only
314672,139,oracle+donor_profile,xml,0,0.25,185021,oracle_only
314814,132,oracle+donor_profile,xml,0,0.25,185022,oracle_only
314949,117,oracle+donor_profile,xml,0,0.25,185023,oracle_only
315069,109,oracle+donor_profile,xml,0,0.25,185024,oracle_only
315181,123,oracle+donor_profile,xml,0,0.25,185025,oracle_only
315307,123,oracle+donor_profile,xml,0,0.25,185026,oracle_only
315433,85,oracle+donor_profile,xml,0,0.25,185027,oracle_only
315521,114,oracle+donor_profile,xml,0,0.25,185028,oracle_only
315638,125,oracle+donor_profile,xml,0,0.25,185029,oracle_only
315766,112,oracle+donor_profile,xml,0,0.25,185030,oracle_only
315881,147,oracle+donor_profile,xml,0,0.25,185031,oracle_only
316031,128,oracle+donor_profile,xml,0,0.25,185032,oracle_only
316162,89,oracle+donor_profile,xml,0,0.25,185033,oracle_only
316254,92,oracle+donor_profile,xml,0,0.25,185034,oracle_only
316349,114,oracle+donor_profile,xml,0,0.25,185035,oracle_only
316466,82,oracle+donor_profile,xml,0,0.25,185036,oracle_only
316551,114,oracle+donor_profile,xml,0,0.25,185037,oracle_only
316668,114,oracle+donor_profile,xml,0,0.25,185038,oracle_only
316785,114,oracle+donor_profile,xml,0,0.25,185039,oracle_only
316902,138,oracle+donor_profile,xml,0,0.25,185040,oracle_only
317043,123,oracle+donor_profile,xml,0,0.25,185041,oracle_only
317169,114,oracle+donor_profile,xml,0,0.25,185042,oracle_only
317286,111,oracle+donor_profile,xml,0,0.25,185043,oracle_only
317400,112,oracle+donor_profile,xml,0,0.25,185044,oracle_only
317515,103,oracle+donor_profile,xml,0,0.25,185045,oracle_only
317621,128,oracle+donor_profile,xml,0,0.25,185046,oracle_only
317752,112,oracle+donor_profile,xml,0,0.25,185047,oracle_only
317867,127,oracle+donor_profile,xml,0,0.25,185048,oracle_only
317997,116,oracle+donor_profile,xml,0,0.25,185049,oracle_only
318116,89,oracle+donor_profile,xml,0,0.25,185050,oracle_only
318208,130,oracle+donor_profile,xml,0,0.25,185051,oracle_only
318341,134,oracle+donor_profile,xml,0,0.25,185052,oracle_only
318478,132,oracle+donor_profile,xml,0,0.25,185053,oracle_only
318613,132,oracle+donor_profile,xml,0,0.25,185054,oracle_only
318748,115,oracle+donor_profile,xml,0,0.25,185055,oracle_only
318866,83,oracle+donor_profile,xml,0,0.25,185056,oracle_only
318952,83,oracle+donor_profile,xml,0,0.25,185057,oracle_only
319038,143,oracle+donor_profile,xml,0,0.25,185058,oracle_only
319184,117,oracle+donor_profile,xml,0,0.25,185059,oracle_only
319304,119,oracle+donor_profile,xml,0,0.25,185060,oracle_only
319426,126,oracle+donor_profile,xml,0,0.25,185061,oracle_only
319555,121,oracle+donor_profile,xml,0,0.25,185062,oracle_only
319679,120,oracle+donor_profile,xml,0,0.25,185063,oracle_only
319802,140,oracle+donor_profile,xml,0,0.25,185064,oracle_only
319945,121,oracle+donor_profile,xml,0,0.25,185065,oracle_only
320069,146,oracle+donor_profile,xml,0,0.25,185066,oracle_only
320218,102,oracle+donor_profile,xml,0,0.25,185067,oracle_only
320323,127,oracle+donor_profile,xml,0,0.25,185068,oracle_only
320453,136,oracle+donor_profile,xml,0,0.25,185069,oracle_only
320592,126,oracle+donor_profile,xml,0,0.25,185070,oracle_only
320721,136,oracle+donor_profile,xml,0,0.25,185071,oracle_only
320860,94,oracle+donor_profile,xml,0,0.25,185072,oracle_only
320957,87,oracle+donor_profile,xml,0,0.25,185073,oracle_only
321047,88,oracle+donor_profile,xml,0,0.25,185074,oracle_only
321138,133,oracle+donor_profile,xml,0,0.25,185075,oracle_only
321274,92,oracle+donor_profile,xml,0,0.25,185076,oracle_only
321369,132,oracle+donor_profile,xml,0,0.25,185077,oracle_only
321504,118,oracle+donor_profile,xml,0,0.25,185078,oracle_only
321625,113,oracle+donor_profile,xml,0,0.25,185079,oracle_only
321741,124,oracle+donor_profile,xml,0,0.25,185080,oracle_only
321868,107,oracle+donor_profile,xml,0,0.25,185081,oracle_only
321978,122,oracle+donor_profile,xml,0,0.25,185082,oracle_only
322103,143,oracle+donor_profile,xml,0,0.25,185083,oracle_only
322249,133,oracle+donor_profile,xml,0,0.25,185084,oracle_only
322385,172,oracle+donor_profile,xml,0,0.25,185085,oracle_only
322560,111,oracle+donor_profile,xml,0,0.25,185086,oracle_only
322674,139,oracle+donor_profile,xml,0,0.25,185087,oracle_only
322816,113,oracle+donor_profile,xml,0,0.25,185088,oracle_only
322932,126,oracle+donor_profile,xml,0,0.25,185089,oracle_only
323061,124,oracle+donor_profile,xml,0,0.25,185090,oracle_only
323188,124,oracle+donor_profile,xml,0,0.25,185091,oracle_only
323315,123,oracle+donor_profile,xml,0,0.25,185092,oracle_only
323441,123,oracle+donor_profile,xml,0,0.25,185093,oracle_only
323567,123,oracle+donor_profile,xml,0,0.25,185094,oracle_only
323693,125,oracle+donor_profile,xml,0,0.25,185095,oracle_only
323821,120,oracle+donor_profile,xml,0,0.25,185096,oracle_only
323944,206,oracle+donor_profile,xml,0,0.25,185097,oracle_only
324153,109,oracle+donor_profile,xml,0,0.25,185098,oracle_only
324265,123,oracle+donor_profile,xml,0,0.25,185099,oracle_only
324391,133,oracle+donor_profile,xml,0,0.25,185100,oracle_only
324527,133,oracle+donor_profile,xml,0,0.25,185101,oracle_only
324663,133,oracle+donor_profile,xml,0,0.25,185102,oracle_only
324799,133,oracle+donor_profile,xml,0,0.25,185103,oracle_only
324935,133,oracle+donor_profile,xml,0,0.25,185104,oracle_only
325071,142,oracle+donor_profile,xml,0,0.25,185105,oracle_only
325216,100,oracle+donor_profile,xml,0,0.25,185106,oracle_only
325319,154,oracle+donor_profile,xml,0,0.25,185107,oracle_only
325476,120,oracle+donor_profile,xml,0,0.25,185108,oracle_only
325599,117,oracle+donor_profile,xml,0,0.25,185109,oracle_only
325719,121,oracle+donor_profile,xml,0,0.25,185110,oracle_only
325843,112,oracle+donor_profile,xml,0,0.25,185111,oracle_only
325958,145,oracle+donor_profile,xml,0,0.25,185112,oracle_only
326106,133,oracle+donor_profile,xml,0,0.25,185113,oracle_only
326242,133,oracle+donor_profile,xml,0,0.25,185114,oracle_only
326378,133,oracle+donor_profile,xml,0,0.25,185115,oracle_only
326514,133,oracle+donor_profile,xml,0,0.25,185116,oracle_only
326650,133,oracle+donor_profile,xml,0,0.25,185117,oracle_only
326786,133,oracle+donor_profile,xml,0,0.25,185118,oracle_only
326922,133,oracle+donor_profile,xml,0,0.25,185119,oracle_only
327058,133,oracle+donor_profile,xml,0,0.25,185120,oracle_only
327194,133,oracle+donor_profile,xml,0,0.25,185121,oracle_only
327330,133,oracle+donor_profile,xml,0,0.25,185122,oracle_only
327466,133,oracle+donor_profile,xml,0,0.25,185123,oracle_only
327602,130,oracle+donor_profile,xml,0,0.25,185124,oracle_only
327735,130,oracle+donor_profile,xml,0,0.25,185125,oracle_only
327868,133,oracle+donor_profile,xml,0,0.25,185126,oracle_only
328004,76,oracle+donor_profile,xml,0,0.25,185127,oracle_only
328083,127,oracle+donor_profile,xml,0,0.25,185128,oracle_only
328213,104,oracle+donor_profile,xml,0,0.25,185129,oracle_only
328320,122,oracle+donor_profile,xml,0,0.25,185130,oracle_only
328445,120,oracle+donor_profile,xml,0,0.25,185131,oracle_only
328568,115,oracle+donor_profile,xml,0,0.25,185132,oracle_only
328686,127,oracle+donor_profile,xml,0,0.25,185133,oracle_only
328816,127,oracle+donor_profile,xml,0,0.25,185134,oracle_only
328946,105,oracle+donor_profile,xml,0,0.25,185135,oracle_only
329054,122,oracle+donor_profile,xml,0,0.25,185136,oracle_only
329179,135,oracle+donor_profile,xml,0,0.25,185137,oracle_only
329317,110,oracle+donor_profile,xml,0,0.25,185138,oracle_only
329430,98,oracle+donor_profile,xml,0,0.25,185139,oracle_only
329531,124,oracle+donor_profile,xml,0,0.25,185140,oracle_only
329658,122,oracle+donor_profile,xml,0,0.25,185141,oracle_only
329783,133,oracle+donor_profile,xml,0,0.25,185142,oracle_only
329919,130,oracle+donor_profile,xml,0,0.25,185143,oracle_only
330052,160,oracle+donor_profile,xml,0,0.25,185144,oracle_only
330215,118,oracle+donor_profile,xml,0,0.25,185145,oracle_only
330336,125,oracle+donor_profile,xml,0,0.25,185146,oracle_only
330464,134,oracle+donor_profile,xml,0,0.25,185147,oracle_only
330601,140,oracle+donor_profile,xml,0,0.25,185148,oracle_only
330744,107,oracle+donor_profile,xml,0,0.25,185149,oracle_only
330854,138,oracle+donor_profile,xml,0,0.25,185150,oracle_only
330995,148,oracle+donor_profile,xml,0,0.25,185151,oracle_only
331146,154,oracle+donor_profile,xml,0,0.25,185152,oracle_only
331303,154,oracle+donor_profile,xml,0,0.25,185153,oracle_only
331460,154,oracle+donor_profile,xml,0,0.25,185154,oracle_only
331617,147,oracle+donor_profile,xml,0,0.25,185155,oracle_only
331767,154,oracle+donor_profile,xml,0,0.25,185156,oracle_only
331924,147,oracle+donor_profile,xml,0,0.25,185157,oracle_only
332074,130,oracle+donor_profile,xml,0,0.25,185158,oracle_only
332207,93,oracle+donor_profile,xml,0,0.25,185159,oracle_only
332303,142,oracle+donor_profile,xml,0,0.25,185160,oracle_only
332448,158,oracle+donor_profile,xml,0,0.25,185161,oracle_only
332609,148,oracle+donor_profile,xml,0,0.25,185162,oracle_only
332760,133,oracle+donor_profile,xml,0,0.25,185163,oracle_only
332896,133,oracle+donor_profile,xml,0,0.25,185164,oracle_only
333032,113,oracle+donor_profile,xml,0,0.25,185165,oracle_only
333148,129,oracle+donor_profile,xml,0,0.25,185166,oracle_only
333280,121,oracle+donor_profile,xml,0,0.25,185167,oracle_only
333404,130,oracle+donor_profile,xml,0,0.25,185168,oracle_only
333537,130,oracle+donor_profile,xml,0,0.25,185169,oracle_only
333670,145,oracle+donor_profile,xml,0,0.25,185170,oracle_only
333818,145,oracle+donor_profile,xml,0,0.25,185171,oracle_only
333966,133,oracle+donor_profile,xml,0,0.25,185172,oracle_only
334102,130,oracle+donor_profile,xml,0,0.25,185173,oracle_only
334235,133,oracle+donor_profile,xml,0,0.25,185174,oracle_only
334371,118,oracle+donor_profile,xml,0,0.25,185175,oracle_only
334492,158,oracle+donor_profile,xml,0,0.25,185176,oracle_only
334653,152,oracle+donor_profile,xml,0,0.25,185177,oracle_only
334808,170,oracle+donor_profile,xml,0,0.25,185178,oracle_only
334981,127,oracle+donor_profile,xml,0,0.25,185179,oracle_only
335111,133,oracle+donor_profile,xml,0,0.25,185180,oracle_only
335247,181,oracle+donor_profile,xml,0,0.25,185181,oracle_only
335431,133,oracle+donor_profile,xml,0,0.25,185182,oracle_only
335567,88,oracle+donor_profile,xml,0,0.25,185183,oracle_only
335658,133,oracle+donor_profile,xml,0,0.25,185184,oracle_only
335794,133,oracle+donor_profile,xml,0,0.25,185185,oracle_only
335930,133,oracle+donor_profile,xml,0,0.25,185186,oracle_only
336066,133,oracle+donor_profile,xml,0,0.25,185187,oracle_only
336202,145,oracle+donor_profile,xml,0,0.25,185188,oracle_only
336350,130,oracle+donor_profile,xml,0,0.25,185189,oracle_only
336483,127,oracle+donor_profile,xml,0,0.25,185190,oracle_only
336613,155,oracle+donor_profile,xml,0,0.25,185191,oracle_only
336771,133,oracle+donor_profile,xml,0,0.25,185192,oracle_only
336907,167,oracle+donor_profile,xml,0,0.25,185193,oracle_only
337077,133,oracle+donor_profile,xml,0,0.25,185194,oracle_only
337213,133,oracle+donor_profile,xml,0,0.25,185195,oracle_only
337349,145,oracle+donor_profile,xml,0,0.25,185196,oracle_only
337497,105,oracle+donor_profile,xml,0,0.25,185197,oracle_only
337605,132,oracle+donor_profile,xml,0,0.25,185198,oracle_only
337740,145,oracle+donor_profile,xml,0,0.25,185199,oracle_only
337888,144,oracle+donor_profile,xml,0,0.25,185200,oracle_only
338035,133,oracle+donor_profile,xml,0,0.25,185201,oracle_only
338171,139,oracle+donor_profile,xml,0,0.25,185202,oracle_only
338313,146,oracle+donor_profile,xml,0,0.25,185203,oracle_only
338462,142,oracle+donor_profile,xml,0,0.25,185204,oracle_only
338607,108,oracle+donor_profile,xml,0,0.25,185205,oracle_only
338718,163,oracle+donor_profile,xml,0,0.25,185206,oracle_only
338884,95,oracle+donor_profile,xml,0,0.25,185207,oracle_only
338982,130,oracle+donor_profile,xml,0,0.25,185208,oracle_only
339115,154,oracle+donor_profile,xml,0,0.25,185209,oracle_only
339272,98,oracle+donor_profile,xml,0,0.25,185210,oracle_only
339373,122,oracle+donor_profile,xml,0,0.25,185211,oracle_only
339498,155,oracle+donor_profile,xml,0,0.25,185212,oracle_only
339656,133,oracle+donor_profile,xml,0,0.25,185213,oracle_only
339792,114,oracle+donor_profile,xml,0,0.25,185214,oracle_only
339909,123,oracle+donor_profile,xml,0,0.25,185215,oracle_only
340035,88,oracle+donor_profile,xml,0,0.25,185216,oracle_only
340126,128,oracle+donor_profile,xml,0,0.25,185217,oracle_only
340257,81,oracle+donor_profile,xml,0,0.25,185218,oracle_only
340341,140,oracle+donor_profile,xml,0,0.25,185219,oracle_only
340484,81,oracle+donor_profile,xml,0,0.25,185220,oracle_only
340568,131,oracle+donor_profile,xml,0,0.25,185221,oracle_only
340702,158,oracle+donor_profile,xml,0,0.25,185222,oracle_only
340863,150,oracle+donor_profile,xml,0,0.25,185223,oracle_only
341016,121,oracle+donor_profile,xml,0,0.25,185224,oracle_only
341140,154,oracle+donor_profile,xml,0,0.25,185225,oracle_only
341297,135,oracle+donor_profile,xml,0,0.25,185226,oracle_only
341435,102,oracle+donor_profile,xml,0,0.25,185227,oracle_only
341540,133,oracle+donor_profile,xml,0,0.25,185228,oracle_only
341676,122,oracle+donor_profile,xml,0,0.25,185229,oracle_only
341801,155,oracle+donor_profile,xml,0,0.25,185230,oracle_only
341959,146,oracle+donor_profile,xml,0,0.25,185231,oracle_only
342108,132,oracle+donor_profile,xml,0,0.25,185232,oracle_only
342243,120,oracle+donor_profile,xml,0,0.25,185233,oracle_only
342366,123,oracle+donor_profile,xml,0,0.25,185234,oracle_only
342492,123,oracle+donor_profile,xml,0,0.25,185235,oracle_only
342618,130,oracle+donor_profile,xml,0,0.25,185236,oracle_only
342751,133,oracle+donor_profile,xml,0,0.25,185237,oracle_only
342887,137,oracle+donor_profile,xml,0,0.25,185238,oracle_only
343027,120,oracle+donor_profile,xml,0,0.25,185239,oracle_only
343150,125,oracle+donor_profile,xml,0,0.25,185240,oracle_only
343278,131,oracle+donor_profile,xml,0,0.25,185241,oracle_only
343412,123,oracle+donor_profile,xml,0,0.25,185242,oracle_only
343538,129,oracle+donor_profile,xml,0,0.25,185243,oracle_only
343670,131,oracle+donor_profile,xml,0,0.25,185244,oracle_only
343804,122,oracle+donor_profile,xml,0,0.25,185245,oracle_only
343929,129,oracle+donor_profile,xml,0,0.25,185246,oracle_only
344061,87,oracle+donor_profile,xml,0,0.25,185247,oracle_only
344151,120,oracle+donor_profile,xml,0,0.25,185248,oracle_only
344274,120,oracle+donor_profile,xml,0,0.25,185249,oracle_only
344397,128,oracle+donor_profile,xml,0,0.25,185250,oracle_only
344528,146,oracle+donor_profile,xml,0,0.25,185251,oracle_only
344677,120,oracle+donor_profile,xml,0,0.25,185252,oracle_only
344800,96,oracle+donor_profile,xml,0,0.25,185253,oracle_only
344899,199,oracle+donor_profile,xml,0,0.25,185254,oracle_only
345101,127,oracle+donor_profile,xml,0,0.25,185255,oracle_only
345231,127,oracle+donor_profile,xml,0,0.25,185256,oracle_only
345361,124,oracle+donor_profile,xml,0,0.25,185257,oracle_only
345488,124,oracle+donor_profile,xml,0,0.25,185258,oracle_only
345615,114,oracle+donor_profile,xml,0,0.25,185259,oracle_only
345732,134,oracle+donor_profile,xml,0,0.25,185260,oracle_only
345869,124,oracle+donor_profile,xml,0,0.25,185261,oracle_only
345996,131,oracle+donor_profile,xml,0,0.25,185262,oracle_only
346130,144,oracle+donor_profile,xml,0,0.25,185263,oracle_only
346277,144,oracle+donor_profile,xml,0,0.25,185264,oracle_only
346424,172,oracle+donor_profile,xml,0,0.25,185265,oracle_only
346599,116,oracle+donor_profile,xml,0,0.25,185266,oracle_only
346718,182,oracle+donor_profile,xml,0,0.25,185267,oracle_only
346903,125,oracle+donor_profile,xml,0,0.25,185268,oracle_only
347031,101,oracle+donor_profile,xml,0,0.25,185269,oracle_only
347135,167,oracle+donor_profile,xml,0,0.25,185270,oracle_only
347305,120,oracle+donor_profile,xml,0,0.25,185271,oracle_only
347428,137,oracle+donor_profile,xml,0,0.25,185272,oracle_only
347568,149,oracle+donor_profile,xml,0,0.25,185273,oracle_only
347720,124,oracle+donor_profile,xml,0,0.25,185274,oracle_only
347847,140,oracle+donor_profile,xml,0,0.25,185275,oracle_only
347990,133,oracle+donor_profile,xml,0,0.25,185276,oracle_only
348126,136,oracle+donor_profile,xml,0,0.25,185277,oracle_only
348265,111,oracle+donor_profile,xml,0,0.25,185278,oracle_only
348379,173,oracle+donor_profile,xml,0,0.25,185279,oracle_only
348555,136,oracle+donor_profile,xml,0,0.25,185280,oracle_only
348694,145,oracle+donor_profile,xml,0,0.25,185281,oracle_only
348842,135,oracle+donor_profile,xml,0,0.25,185282,oracle_only
348980,131,oracle+donor_profile,xml,0,0.25,185283,oracle_only
349114,137,oracle+donor_profile,xml,0,0.25,185284,oracle_only
349254,126,oracle+donor_profile,xml,0,0.25,185285,oracle_only
349383,131,oracle+donor_profile,xml,0,0.25,185286,oracle_only
349517,125,oracle+donor_profile,xml,0,0.25,185287,oracle_only
349645,131,oracle+donor_profile,xml,0,0.25,185288,oracle_only
349779,123,oracle+donor_profile,xml,0,0.25,185289,oracle_only
349905,114,oracle+donor_profile,xml,0,0.25,185290,oracle_only
350022,103,oracle+donor_profile,xml,0,0.25,185291,oracle_only
350128,90,oracle+donor_profile,xml,0,0.25,185292,oracle_only
350221,90,oracle+donor_profile,xml,0,0.25,185293,oracle_only
350314,96,oracle+donor_profile,xml,0,0.25,185294,oracle_only
350413,147,oracle+donor_profile,xml,0,0.25,185295,oracle_only
350563,145,oracle+donor_profile,xml,0,0.25,185296,oracle_only
350711,126,oracle+donor_profile,xml,0,0.25,185297,oracle_only
350840,103,oracle+donor_profile,xml,0,0.25,185298,oracle_only
350946,124,oracle+donor_profile,xml,0,0.25,185299,oracle_only
351073,101,oracle+donor_profile,xml,0,0.25,185300,oracle_only
351177,101,oracle+donor_profile,xml,0,0.25,185301,oracle_only
351281,130,oracle+donor_profile,xml,0,0.25,185302,oracle_only
351414,101,oracle+donor_profile,xml,0,0.25,185303,oracle_only
351518,105,oracle+donor_profile,xml,0,0.25,185304,oracle_only
351626,126,oracle+donor_profile,xml,0,0.25,185305,oracle_only
351755,92,oracle+donor_profile,xml,0,0.25,185306,oracle_only
351850,122,oracle+donor_profile,xml,0,0.25,185307,oracle_only
351975,135,oracle+donor_profile,xml,0,0.25,185308,oracle_only
352113,145,oracle+donor_profile,xml,0,0.25,185309,oracle_only
352261,117,oracle+donor_profile,xml,0,0.25,185310,oracle_only
352381,113,oracle+donor_profile,xml,0,0.25,185311,oracle_only
352497,105,oracle+donor_profile,xml,0,0.25,185312,oracle_only
352605,111,oracle+donor_profile,xml,0,0.25,185313,oracle_only
352719,113,oracle+donor_profile,xml,0,0.25,185314,oracle_only
352835,128,oracle+donor_profile,xml,0,0.25,185315,oracle_only
352966,128,oracle+donor_profile,xml,0,0.25,185316,oracle_only
353097,127,oracle+donor_profile,xml,0,0.25,185317,oracle_only
353227,117,oracle+donor_profile,xml,0,0.25,185318,oracle_only
353347,119,oracle+donor_profile,xml,0,0.25,185319,oracle_only
353469,120,oracle+donor_profile,xml,0,0.25,185320,oracle_only
353592,114,oracle+donor_profile,xml,0,0.25,185321,oracle_only
353709,118,oracle+donor_profile,xml,0,0.25,185322,oracle_only
353830,87,oracle+donor_profile,xml,0,0.25,185323,oracle_only
353920,123,oracle+donor_profile,xml,0,0.25,185324,oracle_only
354046,115,oracle+donor_profile,xml,0,0.25,185325,oracle_only
354164,159,oracle+donor_profile,xml,0,0.25,185326,oracle_only
354326,114,oracle+donor_profile,xml,0,0.25,185327,oracle_only
354443,161,oracle+donor_profile,xml,0,0.25,185328,oracle_only
354607,127,oracle+donor_profile,xml,0,0.25,185329,oracle_only
354737,118,oracle+donor_profile,xml,0,0.25,185330,oracle_only
354858,126,oracle+donor_profile,xml,0,0.25,185331,oracle_only
354987,117,oracle+donor_profile,xml,0,0.25,185332,oracle_only
355107,179,oracle+donor_profile,xml,0,0.25,185333,oracle_only
355289,136,oracle+donor_profile,xml,0,0.25,185334,oracle_only
355428,98,oracle+donor_profile,xml,0,0.25,185335,oracle_only
355529,133,oracle+donor_profile,xml,0,0.25,185336,oracle_only
355665,95,oracle+donor_profile,xml,0,0.25,185337,oracle_only
355763,137,oracle+donor_profile,xml,0,0.25,185338,oracle_only
355903,113,oracle+donor_profile,xml,0,0.25,185339,oracle_only
356019,94,oracle+donor_profile,xml,0,0.25,185340,oracle_only
356116,113,oracle+donor_profile,xml,0,0.25,185341,oracle_only
356232,116,oracle+donor_profile,xml,0,0.25,185342,oracle_only
356351,114,oracle+donor_profile,xml,0,0.25,185343,oracle_only
356468,113,oracle+donor_profile,xml,0,0.25,185344,oracle_only
356584,122,oracle+donor_profile,xml,0,0.25,185345,oracle_only
356709,131,oracle+donor_profile,xml,0,0.25,185346,oracle_only
356843,129,oracle+donor_profile,xml,0,0.25,185347,oracle_only
356975,102,oracle+donor_profile,xml,0,0.25,185348,oracle_only
357080,133,oracle+donor_profile,xml,0,0.25,185349,oracle_only
357216,106,oracle+donor_profile,xml,0,0.25,185350,oracle_only
357325,125,oracle+donor_profile,xml,0,0.25,185351,oracle_only
357453,114,oracle+donor_profile,xml,0,0.25,185352,oracle_only
357570,130,oracle+donor_profile,xml,0,0.25,185353,oracle_only
357703,141,oracle+donor_profile,xml,0,0.25,185354,oracle_only
357847,209,oracle+donor_profile,xml,0,0.25,185355,oracle_only
358059,115,oracle+donor_profile,xml,0,0.25,185356,oracle_only
358177,127,oracle+donor_profile,xml,0,0.25,185357,oracle_only
358307,123,oracle+donor_profile,xml,0,0.25,185358,oracle_only
358433,112,oracle+donor_profile,xml,0,0.25,185359,oracle_only
358548,98,oracle+donor_profile,xml,0,0.25,185360,oracle_only
358649,97,oracle+donor_profile,xml,0,0.25,185361,oracle_only
358749,99,oracle+donor_profile,xml,0,0.25,185362,oracle_only
358851,99,oracle+donor_profile,xml,0,0.25,185363,oracle_only
358953,122,oracle+donor_profile,xml,0,0.25,185364,oracle_only
359078,149,oracle+donor_profile,xml,0,0.25,185365,oracle_only
359230,125,oracle+donor_profile,xml,0,0.25,185366,oracle_only
359358,134,oracle+donor_profile,xml,0,0.25,185367,oracle_only
359495,134,oracle+donor_profile,xml,0,0.25,185368,oracle_only
359632,97,oracle+donor_profile,xml,0,0.25,185369,oracle_only
359732,133,oracle+donor_profile,xml,0,0.25,185370,oracle_only
359868,127,oracle+donor_profile,xml,0,0.25,185371,oracle_only
359998,146,oracle+donor_profile,xml,0,0.25,185372,oracle_only
360147,134,oracle+donor_profile,xml,0,0.25,185373,oracle_only
360284,83,oracle+donor_profile,xml,0,0.25,185374,oracle_only
360370,129,oracle+donor_profile,xml,0,0.25,185375,oracle_only
360502,86,oracle+donor_profile,xml,0,0.25,185376,oracle_only
360591,127,oracle+donor_profile,xml,0,0.25,185377,oracle_only
360721,159,oracle+donor_profile,xml,0,0.25,185378,oracle_only
360883,119,oracle+donor_profile,xml,0,0.25,185379,oracle_only
361005,130,oracle+donor_profile,xml,0,0.25,185380,oracle_only
361138,120,oracle+donor_profile,xml,0,0.25,185381,oracle_only
361261,130,oracle+donor_profile,xml,0,0.25,185382,oracle_only
361394,101,oracle+donor_profile,xml,0,0.25,185383,oracle_only
361498,105,oracle+donor_profile,xml,0,0.25,185384,oracle_only
361606,123,oracle+donor_profile,xml,0,0.25,185385,oracle_only
361732,126,oracle+donor_profile,xml,0,0.25,185386,oracle_only
361861,107,oracle+donor_profile,xml,0,0.25,185387,oracle_only
361971,130,oracle+donor_profile,xml,0,0.25,185388,oracle_only
362104,128,oracle+donor_profile,xml,0,0.25,185389,oracle_only
362235,142,oracle+donor_profile,xml,0,0.25,185390,oracle_only
362380,138,oracle+donor_profile,xml,0,0.25,185391,oracle_only
362521,141,oracle+donor_profile,xml,0,0.25,185392,oracle_only
362665,146,oracle+donor_profile,xml,0,0.25,185393,oracle_only
362814,164,oracle+donor_profile,xml,0,0.25,185394,oracle_only
362981,91,oracle+donor_profile,xml,0,0.25,185395,oracle_only
363075,129,oracle+donor_profile,xml,0,0.25,185396,oracle_only
363207,107,oracle+donor_profile,xml,0,0.25,185397,oracle_only
363317,115,oracle+donor_profile,xml,0,0.25,185398,oracle_only
363435,98,oracle+donor_profile,xml,0,0.25,185399,oracle_only
363536,108,oracle+donor_profile,xml,0,0.25,185400,oracle_only
363647,143,oracle+donor_profile,xml,0,0.25,185401,oracle_only
363793,118,oracle+donor_profile,xml,0,0.25,185402,oracle_only
363914,121,oracle+donor_profile,xml,0,0.25,185403,oracle_only
364038,122,oracle+donor_profile,xml,0,0.25,185404,oracle_only
364163,116,oracle+donor_profile,xml,0,0.25,185405,oracle_only
364282,121,oracle+donor_profile,xml,0,0.25,185406,oracle_only
364406,115,oracle+donor_profile,xml,0,0.25,185407,oracle_only
364524,120,oracle+donor_profile,xml,0,0.25,185408,oracle_only
364647,87,oracle+donor_profile,xml,0,0.25,185409,oracle_only
364737,122,oracle+donor_profile,xml,0,0.25,185410,oracle_only
364862,130,oracle+donor_profile,xml,0,0.25,185411,oracle_only
364995,133,oracle+donor_profile,xml,0,0.25,185412,oracle_only
365131,126,oracle+donor_profile,xml,0,0.25,185413,oracle_only
365260,128,oracle+donor_profile,xml,0,0.25,185414,oracle_only
365391,133,oracle+donor_profile,xml,0,0.25,185415,oracle_only
365527,138,oracle+donor_profile,xml,0,0.25,185416,oracle_only
365668,84,oracle+donor_profile,xml,0,0.25,185417,oracle_only
365755,109,oracle+donor_profile,xml,0,0.25,185418,oracle_only
365867,134,oracle+donor_profile,xml,0,0.25,185419,oracle_only
366004,131,oracle+donor_profile,xml,0,0.25,185420,oracle_only
366138,136,oracle+donor_profile,xml,0,0.25,185421,oracle_only
366277,120,oracle+donor_profile,xml,0,0.25,185422,oracle_only
366400,143,oracle+donor_profile,xml,0,0.25,185423,oracle_only
366546,123,oracle+donor_profile,xml,0,0.25,185424,oracle_only
366672,147,oracle+donor_profile,xml,0,0.25,185425,oracle_only
366822,92,oracle+donor_profile,xml,0,0.25,185426,oracle_only
366917,129,oracle+donor_profile,xml,0,0.25,185427,oracle_only
367049,97,oracle+donor_profile,xml,0,0.25,185428,oracle_only
367149,134,oracle+donor_profile,xml,0,0.25,185429,oracle_only
367286,154,oracle+donor_profile,xml,0,0.25,185430,oracle_only
367443,119,oracle+donor_profile,xml,0,0.25,185431,oracle_only
367565,119,oracle+donor_profile,xml,0,0.25,185432,oracle_only
367687,148,oracle+donor_profile,xml,0,0.25,185433,oracle_only
367838,124,oracle+donor_profile,xml,0,0.25,185434,oracle_only
367965,123,oracle+donor_profile,xml,0,0.25,185435,oracle_only
368091,115,oracle+donor_profile,xml,0,0.25,185436,oracle_only
368209,125,oracle+donor_profile,xml,0,0.25,185437,oracle_only
368337,116,oracle+donor_profile,identifier,0,0.25,185438,oracle_only
368456,117,oracle+donor_profile,identifier,0,0.25,185439,oracle_only
368576,123,oracle+donor_profile,xml,0,0.25,185440,oracle_only
368702,115,oracle+donor_profile,xml,0,0.25,185441,oracle_only
368820,100,oracle+donor_profile,xml,0,0.25,185442,oracle_only
368923,137,oracle+donor_profile,xml,0,0.25,185443,oracle_only
369063,135,oracle+donor_profile,xml,0,0.25,185444,oracle_only
369201,137,oracle+donor_profile,xml,0,0.25,185445,oracle_only
369341,119,oracle+donor_profile,xml,0,0.25,185446,oracle_only
369463,126,oracle+donor_profile,xml,0,0.25,185447,oracle_only
369592,127,oracle+donor_profile,xml,0,0.25,185448,oracle_only
369722,126,oracle+donor_profile,xml,0,0.25,185449,oracle_only
369851,127,oracle+donor_profile,xml,0,0.25,185450,oracle_only
369981,126,oracle+donor_profile,xml,0,0.25,185451,oracle_only
370110,132,oracle+donor_profile,xml,0,0.25,185452,oracle_only
370245,126,oracle+donor_profile,xml,0,0.25,185453,oracle_only
370374,129,oracle+donor_profile,xml,0,0.25,185454,oracle_only
370506,139,oracle+donor_profile,xml,0,0.25,185455,oracle_only
370648,151,oracle+donor_profile,xml,0,0.25,185456,oracle_only
370802,141,oracle+donor_profile,xml,0,0.25,185457,oracle_only
370946,114,oracle+donor_profile,xml,0,0.25,185458,oracle_only
371063,161,oracle+donor_profile,xml,0,0.25,185459,oracle_only
371227,79,oracle+donor_profile,xml,0,0.25,185460,oracle_only
371309,79,oracle+donor_profile,xml,0,0.25,185461,oracle_only
371391,139,oracle+donor_profile,xml,0,0.25,185462,oracle_only
371533,110,oracle+donor_profile,xml,0,0.25,185463,oracle_only
371646,114,oracle+donor_profile,xml,0,0.25,185464,oracle_only
371763,216,oracle+donor_profile,xml,0,0.25,185465,oracle_only
371982,112,oracle+donor_profile,xml,0,0.25,185466,oracle_only
372097,133,oracle+donor_profile,xml,0,0.25,185467,oracle_only
372233,117,oracle+donor_profile,xml,0,0.25,185468,oracle_only
372353,115,oracle+donor_profile,xml,0,0.25,185469,oracle_only
372471,121,oracle+donor_profile,xml,0,0.25,185470,oracle_only
372595,117,oracle+donor_profile,xml,0,0.25,185471,oracle_only
372715,133,oracle+donor_profile,xml,0,0.25,185472,oracle_only
372851,123,oracle+donor_profile,xml,0,0.25,185473,oracle_only
372977,90,oracle+donor_profile,xml,0,0.25,185474,oracle_only
373070,134,oracle+donor_profile,xml,0,0.25,185475,oracle_only
373207,121,oracle+donor_profile,xml,0,0.25,185476,oracle_only
373331,121,oracle+donor_profile,xml,0,0.25,185477,oracle_only
373455,129,oracle+donor_profile,xml,0,0.25,185478,oracle_only
373587,121,oracle+donor_profile,xml,0,0.25,185479,oracle_only
373711,142,oracle+donor_profile,xml,0,0.25,185480,oracle_only
373856,99,oracle+donor_profile,xml,0,0.25,185481,oracle_only
373958,102,oracle+donor_profile,xml,0,0.25,185482,oracle_only
374063,124,oracle+donor_profile,xml,0,0.25,185483,oracle_only
374190,126,oracle+donor_profile,xml,0,0.25,185484,oracle_only
374319,134,oracle+donor_profile,xml,0,0.25,185485,oracle_only
374456,126,oracle+donor_profile,xml,0,0.25,185486,oracle_only
374585,172,oracle+donor_profile,xml,0,0.25,185487,oracle_only
374760,124,oracle+donor_profile,xml,0,0.25,185488,oracle_only
374887,113,oracle+donor_profile,xml,0,0.25,185489,oracle_only
375003,87,oracle+donor_profile,xml,0,0.25,185490,oracle_only
375093,129,oracle+donor_profile,xml,0,0.25,185491,oracle_only
375225,123,oracle+donor_profile,xml,0,0.25,185492,oracle_only
375351,133,oracle+donor_profile,xml,0,0.25,185493,oracle_only
375487,111,oracle+donor_profile,xml,0,0.25,185494,oracle_only
375601,123,oracle+donor_profile,xml,0,0.25,185495,oracle_only
375727,137,oracle+donor_profile,xml,0,0.25,185496,oracle_only
375867,109,oracle+donor_profile,xml,0,0.25,185497,oracle_only
375979,134,oracle+donor_profile,xml,0,0.25,185498,oracle_only
376116,107,oracle+donor_profile,xml,0,0.25,185499,oracle_only
376226,118,oracle+donor_profile,xml,0,0.25,185500,oracle_only
376347,153,oracle+donor_profile,xml,0,0.25,185501,oracle_only
376503,154,oracle+donor_profile,xml,0,0.25,185502,oracle_only
376660,160,oracle+donor_profile,xml,0,0.25,185503,oracle_only
376823,152,oracle+donor_profile,xml,0,0.25,185504,oracle_only
376978,120,oracle+donor_profile,xml,0,0.25,185505,oracle_only
377101,182,oracle+donor_profile,xml,0,0.25,185506,oracle_only
377286,117,oracle+donor_profile,xml,0,0.25,185507,oracle_only
377406,78,oracle+donor_profile,xml,0,0.25,185508,oracle_only
377487,115,oracle+donor_profile,xml,0,0.25,185509,oracle_only
377605,110,oracle+donor_profile,xml,0,0.25,185510,oracle_only
377718,122,oracle+donor_profile,xml,0,0.25,185511,oracle_only
377843,122,oracle+donor_profile,xml,0,0.25,185512,oracle_only
377968,140,oracle+donor_profile,xml,0,0.25,185513,oracle_only
378111,115,oracle+donor_profile,xml,0,0.25,185514,oracle_only
378229,146,oracle+donor_profile,xml,0,0.25,185515,oracle_only
378378,143,oracle+donor_profile,xml,0,0.25,185516,oracle_only
378524,135,oracle+donor_profile,xml,0,0.25,185517,oracle_only
378662,114,oracle+donor_profile,xml,0,0.25,185518,oracle_only
378779,147,oracle+donor_profile,xml,0,0.25,185519,oracle_only
378929,115,oracle+donor_profile,xml,0,0.25,185520,oracle_only
379047,113,oracle+donor_profile,xml,0,0.25,185521,oracle_only
379163,217,oracle+donor_profile,xml,0,0.25,185522,oracle_only
379383,107,oracle+donor_profile,xml,0,0.25,185523,oracle_only
379493,127,oracle+donor_profile,xml,0,0.25,185524,oracle_only
379623,112,oracle+donor_profile,xml,0,0.25,185525,oracle_only
379738,137,oracle+donor_profile,xml,0,0.25,185526,oracle_only
379878,144,oracle+donor_profile,xml,0,0.25,185527,oracle_only
380025,101,oracle+donor_profile,xml,0,0.25,185528,oracle_only
380129,148,oracle+donor_profile,xml,0,0.25,185529,oracle_only
380280,127,oracle+donor_profile,xml,0,0.25,185530,oracle_only
380410,116,oracle+donor_profile,xml,0,0.25,185531,oracle_only
380529,122,oracle+donor_profile,xml,0,0.25,185532,oracle_only
380654,155,oracle+donor_profile,xml,0,0.25,185533,oracle_only
380812,142,oracle+donor_profile,xml,0,0.25,185534,oracle_only
380957,135,oracle+donor_profile,xml,0,0.25,185535,oracle_only
381095,128,oracle+donor_profile,xml,0,0.25,185536,oracle_only
381226,113,oracle+donor_profile,xml,0,0.25,185537,oracle_only
381342,135,oracle+donor_profile,xml,0,0.25,185538,oracle_only
381480,117,oracle+donor_profile,xml,0,0.25,185539,oracle_only
381600,123,oracle+donor_profile,xml,0,0.25,185540,oracle_only
381726,112,oracle+donor_profile,xml,0,0.25,185541,oracle_only
381841,128,oracle+donor_profile,xml,0,0.25,185542,oracle_only
381972,144,oracle+donor_profile,xml,0,0.25,185543,oracle_only
382119,135,oracle+donor_profile,xml,0,0.25,185544,oracle_only
382257,112,oracle+donor_profile,xml,0,0.25,185545,oracle_only
382372,102,oracle+donor_profile,xml,0,0.25,185546,oracle_only
382477,90,oracle+donor_profile,xml,0,0.25,185547,oracle_only
382570,131,oracle+donor_profile,xml,0,0.25,185548,oracle_only
382704,122,oracle+donor_profile,xml,0,0.25,185549,oracle_only
382829,139,oracle+donor_profile,xml,0,0.25,185550,oracle_only
382971,120,oracle+donor_profile,xml,0,0.25,185551,oracle_only
383094,93,oracle+donor_profile,xml,0,0.25,185552,oracle_only
383190,121,oracle+donor_profile,xml,0,0.25,185553,oracle_only
383314,139,oracle+donor_profile,xml,0,0.25,185554,oracle_only
383456,111,oracle+donor_profile,xml,0,0.25,185555,oracle_only
383570,105,oracle+donor_profile,xml,0,0.25,185556,oracle_only
383678,132,oracle+donor_profile,xml,0,0.25,185557,oracle_only
383813,107,oracle+donor_profile,xml,0,0.25,185558,oracle_only
383923,143,oracle+donor_profile,xml,0,0.25,185559,oracle_only
384069,118,oracle+donor_profile,xml,0,0.25,185560,oracle_only
384190,115,oracle+donor_profile,xml,0,0.25,185561,oracle_only
384308,115,oracle+donor_profile,xml,0,0.25,185562,oracle_only
384426,142,oracle+donor_profile,xml,0,0.25,185563,oracle_only
384571,153,oracle+donor_profile,xml,0,0.25,185564,oracle_only
384727,104,oracle+donor_profile,xml,0,0.25,185565,oracle_only
384834,117,oracle+donor_profile,xml,0,0.25,185566,oracle_only
384954,133,oracle+donor_profile,xml,0,0.25,185567,oracle_only
385090,118,oracle+donor_profile,xml,0,0.25,185568,oracle_only
385211,106,oracle+donor_profile,xml,0,0.25,185569,oracle_only
385320,111,oracle+donor_profile,xml,0,0.25,185570,oracle_only
385434,113,oracle+donor_profile,xml,0,0.25,185571,oracle_only
385550,186,oracle+donor_profile,xml,0,0.25,185572,oracle_only
385739,84,oracle+donor_profile,xml,0,0.25,185573,oracle_only
385826,130,oracle+donor_profile,xml,0,0.25,185574,oracle_only
385959,158,oracle+donor_profile,xml,0,0.25,185575,oracle_only
386120,145,oracle+donor_profile,xml,0,0.25,185576,oracle_only
386268,176,oracle+donor_profile,xml,0,0.25,185577,oracle_only
386447,109,oracle+donor_profile,xml,0,0.25,185578,oracle_only
386559,84,oracle+donor_profile,xml,0,0.25,185579,oracle_only
386646,117,oracle+donor_profile,xml,0,0.25,185580,oracle_only
386766,117,oracle+donor_profile,xml,0,0.25,185581,oracle_only
386886,120,oracle+donor_profile,xml,0,0.25,185582,oracle_only
387009,96,oracle+donor_profile,xml,0,0.25,185583,oracle_only
387108,140,oracle+donor_profile,xml,0,0.25,185584,oracle_only
387251,98,oracle+donor_profile,xml,0,0.25,185585,oracle_only
387352,134,oracle+donor_profile,xml,0,0.25,185586,oracle_only
387489,167,oracle+donor_profile,xml,0,0.25,185587,oracle_only
387659,101,oracle+donor_profile,xml,0,0.25,185588,oracle_only
387763,107,oracle+donor_profile,xml,0,0.25,185589,oracle_only
387873,120,oracle+donor_profile,xml,0,0.25,185590,oracle_only
387996,120,oracle+donor_profile,xml,0,0.25,185591,oracle_only
388119,108,oracle+donor_profile,xml,0,0.25,185592,oracle_only
388230,121,oracle+donor_profile,xml,0,0.25,185593,oracle_only
388354,111,oracle+donor_profile,xml,0,0.25,185594,oracle_only
388468,118,oracle+donor_profile,xml,0,0.25,185595,oracle_only
388589,123,oracle+donor_profile,xml,0,0.25,185596,oracle_only
388715,104,oracle+donor_profile,xml,0,0.25,185597,oracle_only
388822,108,oracle+donor_profile,xml,0,0.25,185598,oracle_only
388933,123,oracle+donor_profile,xml,0,0.25,185599,oracle_only
389059,111,oracle+donor_profile,xml,0,0.25,185600,oracle_only
389173,114,oracle+donor_profile,xml,0,0.25,185601,oracle_only
389290,113,oracle+donor_profile,xml,0,0.25,185602,oracle_only
389406,97,oracle+donor_profile,xml,0,0.25,185603,oracle_only
389506,134,oracle+donor_profile,xml,0,0.25,185604,oracle_only
389643,149,oracle+donor_profile,xml,0,0.25,185605,oracle_only
389795,147,oracle+donor_profile,xml,0,0.25,185606,oracle_only
389945,165,oracle+donor_profile,xml,0,0.25,185607,oracle_only
390113,149,oracle+donor_profile,xml,0,0.25,185608,oracle_only
390265,149,oracle+donor_profile,xml,0,0.25,185609,oracle_only
390417,141,oracle+donor_profile,xml,0,0.25,185610,oracle_only
390561,138,oracle+donor_profile,xml,0,0.25,185611,oracle_only
390702,110,oracle+donor_profile,xml,0,0.25,185612,oracle_only
390815,83,oracle+donor_profile,xml,0,0.25,185613,oracle_only
390901,117,oracle+donor_profile,xml,0,0.25,185614,oracle_only
391021,119,oracle+donor_profile,xml,0,0.25,185615,oracle_only
391143,118,oracle+donor_profile,xml,0,0.25,185616,oracle_only
391264,127,oracle+donor_profile,xml,0,0.25,185617,oracle_only
391394,112,oracle+donor_profile,xml,0,0.25,185618,oracle_only
391509,109,oracle+donor_profile,xml,0,0.25,185619,oracle_only
391621,131,oracle+donor_profile,xml,0,0.25,185620,oracle_only
391755,152,oracle+donor_profile,xml,0,0.25,185621,oracle_only
391910,109,oracle+donor_profile,xml,0,0.25,185622,oracle_only
392022,128,oracle+donor_profile,xml,0,0.25,185623,oracle_only
392153,181,oracle+donor_profile,xml,0,0.25,185624,oracle_only
392337,125,oracle+donor_profile,xml,0,0.25,185625,oracle_only
392465,122,oracle+donor_profile,xml,0,0.25,185626,oracle_only
392590,110,oracle+donor_profile,xml,0,0.25,185627,oracle_only
392703,96,oracle+donor_profile,xml,0,0.25,185628,oracle_only
392802,128,oracle+donor_profile,xml,0,0.25,185629,oracle_only
392933,133,oracle+donor_profile,xml,0,0.25,185630,oracle_only
393069,127,oracle+donor_profile,xml,0,0.25,185631,oracle_only
393199,114,oracle+donor_profile,xml,0,0.25,185632,oracle_only
393316,113,oracle+donor_profile,xml,0,0.25,185633,oracle_only
393432,101,oracle+donor_profile,xml,0,0.25,185634,oracle_only
393536,129,oracle+donor_profile,xml,0,0.25,185635,oracle_only
393668,199,oracle+donor_profile,xml,0,0.25,185636,oracle_only
393870,118,oracle+donor_profile,xml,0,0.25,185637,oracle_only
393991,111,oracle+donor_profile,xml,0,0.25,185638,oracle_only
394105,133,oracle+donor_profile,xml,0,0.25,185639,oracle_only
394241,127,oracle+donor_profile,xml,0,0.25,185640,oracle_only
394371,142,oracle+donor_profile,xml,0,0.25,185641,oracle_only
394516,132,oracle+donor_profile,xml,0,0.25,185642,oracle_only
394651,129,oracle+donor_profile,xml,0,0.25,185643,oracle_only
394783,134,oracle+donor_profile,xml,0,0.25,185644,oracle_only
394920,123,oracle+donor_profile,xml,0,0.25,185645,oracle_only
395046,126,oracle+donor_profile,xml,0,0.25,185646,oracle_only
395175,148,oracle+donor_profile,xml,0,0.25,185647,oracle_only
395326,131,oracle+donor_profile,xml,0,0.25,185648,oracle_only
395460,126,oracle+donor_profile,xml,0,0.25,185649,oracle_only
395589,103,oracle+donor_profile,xml,0,0.25,185650,oracle_only
395695,130,oracle+donor_profile,xml,0,0.25,185651,oracle_only
395828,124,oracle+donor_profile,xml,0,0.25,185652,oracle_only
395955,109,oracle+donor_profile,xml,0,0.25,185653,oracle_only
396067,135,oracle+donor_profile,xml,0,0.25,185654,oracle_only
396205,130,oracle+donor_profile,xml,0,0.25,185655,oracle_only
396338,123,oracle+donor_profile,xml,0,0.25,185656,oracle_only
396464,121,oracle+donor_profile,xml,0,0.25,185657,oracle_only
396588,113,oracle+donor_profile,xml,0,0.25,185658,oracle_only
396704,107,oracle+donor_profile,xml,0,0.25,185659,oracle_only
396814,127,oracle+donor_profile,xml,0,0.25,185660,oracle_only
396944,87,oracle+donor_profile,xml,0,0.25,185661,oracle_only
397034,117,oracle+donor_profile,xml,0,0.25,185662,oracle_only
397154,122,oracle+donor_profile,xml,0,0.25,185663,oracle_only
397279,144,oracle+donor_profile,xml,0,0.25,185664,oracle_only
397426,129,oracle+donor_profile,xml,0,0.25,185665,oracle_only
397558,123,oracle+donor_profile,xml,0,0.25,185666,oracle_only
397684,118,oracle+donor_profile,xml,0,0.25,185667,oracle_only
397805,106,oracle+donor_profile,xml,0,0.25,185668,oracle_only
397914,126,oracle+donor_profile,xml,0,0.25,185669,oracle_only
398043,122,oracle+donor_profile,xml,0,0.25,185670,oracle_only
398168,120,oracle+donor_profile,xml,0,0.25,185671,oracle_only
398291,117,oracle+donor_profile,xml,0,0.25,185672,oracle_only
398411,124,oracle+donor_profile,xml,0,0.25,185673,oracle_only
398538,119,oracle+donor_profile,xml,0,0.25,185674,oracle_only
398660,122,oracle+donor_profile,xml,0,0.25,185675,oracle_only
398785,135,oracle+donor_profile,xml,0,0.25,185676,oracle_only
398923,107,oracle+donor_profile,xml,0,0.25,185677,oracle_only
399033,134,oracle+donor_profile,xml,0,0.25,185678,oracle_only
399170,138,oracle+donor_profile,xml,0,0.25,185679,oracle_only
399311,131,oracle+donor_profile,xml,0,0.25,185680,oracle_only
399445,123,oracle+donor_profile,xml,0,0.25,185681,oracle_only
399571,109,oracle+donor_profile,xml,0,0.25,185682,oracle_only
399683,121,oracle+donor_profile,xml,0,0.25,185683,oracle_only
399807,83,oracle+donor_profile,xml,0,0.25,185684,oracle_only
399893,124,oracle+donor_profile,xml,0,0.25,185685,oracle_only
400020,114,oracle+donor_profile,xml,0,0.25,185686,oracle_only
400137,128,oracle+donor_profile,xml,0,0.25,185687,oracle_only
400268,128,oracle+donor_profile,xml,0,0.25,185688,oracle_only
400399,125,oracle+donor_profile,xml,0,0.25,185689,oracle_only
400527,125,oracle+donor_profile,xml,0,0.25,185690,oracle_only
400655,128,oracle+donor_profile,xml,0,0.25,185691,oracle_only
400786,128,oracle+donor_profile,xml,0,0.25,185692,oracle_only
400917,125,oracle+donor_profile,xml,0,0.25,185693,oracle_only
401045,136,oracle+donor_profile,xml,0,0.25,185694,oracle_only
401184,128,oracle+donor_profile,xml,0,0.25,185695,oracle_only
401315,128,oracle+donor_profile,xml,0,0.25,185696,oracle_only
401446,125,oracle+donor_profile,xml,0,0.25,185697,oracle_only
401574,131,oracle+donor_profile,xml,0,0.25,185698,oracle_only
401708,128,oracle+donor_profile,xml,0,0.25,185699,oracle_only
401839,195,oracle+donor_profile,xml,0,0.25,185700,oracle_only
402037,85,oracle+donor_profile,xml,0,0.25,185701,oracle_only
402125,114,oracle+donor_profile,xml,0,0.25,185702,oracle_only
402242,195,oracle+donor_profile,xml,0,0.25,185703,oracle_only
402440,138,oracle+donor_profile,xml,0,0.25,185704,oracle_only
402581,127,oracle+donor_profile,xml,0,0.25,185705,oracle_only
402711,124,oracle+donor_profile,xml,0,0.25,185706,oracle_only
402838,128,oracle+donor_profile,xml,0,0.25,185707,oracle_only
402969,133,oracle+donor_profile,xml,0,0.25,185708,oracle_only
403105,116,oracle+donor_profile,xml,0,0.25,185709,oracle_only
403224,143,oracle+donor_profile,xml,0,0.25,185710,oracle_only
403370,130,oracle+donor_profile,xml,0,0.25,185711,oracle_only
403503,108,oracle+donor_profile,xml,0,0.25,185712,oracle_only
403614,86,oracle+donor_profile,xml,0,0.25,185713,oracle_only
403703,127,oracle+donor_profile,xml,0,0.25,185714,oracle_only
403833,116,oracle+donor_profile,xml,0,0.25,185715,oracle_only
403952,113,oracle+donor_profile,xml,0,0.25,185716,oracle_only
404068,121,oracle+donor_profile,xml,0,0.25,185717,oracle_only
404192,111,oracle+donor_profile,xml,0,0.25,185718,oracle_only
404306,117,oracle+donor_profile,xml,0,0.25,185719,oracle_only
404426,90,oracle+donor_profile,xml,0,0.25,185720,oracle_only
404519,96,oracle+donor_profile,xml,0,0.25,185721,oracle_only
404618,90,oracle+donor_profile,xml,0,0.25,185722,oracle_only
404711,110,oracle+donor_profile,xml,0,0.25,185723,oracle_only
404824,136,oracle+donor_profile,xml,0,0.25,185724,oracle_only
404963,110,oracle+donor_profile,xml,0,0.25,185725,oracle_only
405076,106,oracle+donor_profile,xml,0,0.25,185726,oracle_only
405185,123,oracle+donor_profile,xml,0,0.25,185727,oracle_only
405311,95,oracle+donor_profile,xml,0,0.25,185728,oracle_only
405409,117,oracle+donor_profile,xml,0,0.25,185729,oracle_only
405529,105,oracle+donor_profile,xml,0,0.25,185730,oracle_only
405637,122,oracle+donor_profile,xml,0,0.25,185731,oracle_only
405762,90,oracle+donor_profile,xml,0,0.25,185732,oracle_only
405855,124,oracle+donor_profile,xml,0,0.25,185733,oracle_only
405982,115,oracle+donor_profile,xml,0,0.25,185734,oracle_only
406100,129,oracle+donor_profile,xml,0,0.25,185735,oracle_only
406232,114,oracle+donor_profile,xml,0,0.25,185736,oracle_only
406349,224,oracle+donor_profile,xml,0,0.25,185737,oracle_only
406576,114,oracle+donor_profile,xml,0,0.25,185738,oracle_only
406693,191,oracle+donor_profile,xml,0,0.25,185739,oracle_only
406887,116,oracle+donor_profile,xml,0,0.25,185740,oracle_only
407006,128,oracle+donor_profile,xml,0,0.25,185741,oracle_only
407137,108,oracle+donor_profile,xml,0,0.25,185742,oracle_only
407248,103,oracle+donor_profile,xml,0,0.25,185743,oracle_only
407354,100,oracle+donor_profile,xml,0,0.25,185744,oracle_only
407457,140,oracle+donor_profile,xml,0,0.25,185745,oracle_only
407600,96,oracle+donor_profile,xml,0,0.25,185746,oracle_only
407699,134,oracle+donor_profile,xml,0,0.25,185747,oracle_only
407836,88,oracle+donor_profile,xml,0,0.25,185748,oracle_only
407927,158,oracle+donor_profile,xml,0,0.25,185749,oracle_only
408088,93,oracle+donor_profile,xml,0,0.25,185750,oracle_only
408184,104,oracle+donor_profile,xml,0,0.25,185751,oracle_only
408291,139,oracle+donor_profile,xml,0,0.25,185752,oracle_only
408433,87,oracle+donor_profile,xml,0,0.25,185753,oracle_only
408523,90,oracle+donor_profile,xml,0,0.25,185754,oracle_only
408616,134,oracle+donor_profile,xml,0,0.25,185755,oracle_only
408753,101,oracle+donor_profile,xml,0,0.25,185756,oracle_only
408857,117,oracle+donor_profile,xml,0,0.25,185757,oracle_only
408977,130,oracle+donor_profile,xml,0,0.25,185758,oracle_only
409110,152,oracle+donor_profile,xml,0,0.25,185759,oracle_only
409265,143,oracle+donor_profile,xml,0,0.25,185760,oracle_only
409411,98,oracle+donor_profile,xml,0,0.25,185761,oracle_only
409512,124,oracle+donor_profile,xml,0,0.25,185762,oracle_only
409639,85,oracle+donor_profile,xml,0,0.25,185763,oracle_only
409727,103,oracle+donor_profile,xml,0,0.25,185764,oracle_only
409833,88,oracle+donor_profile,xml,0,0.25,185765,oracle_only
409924,118,oracle+donor_profile,xml,0,0.25,185766,oracle_only
410045,135,oracle+donor_profile,xml,0,0.25,185767,oracle_only
410183,93,oracle+donor_profile,xml,0,0.25,185768,oracle_only
410279,112,oracle+donor_profile,xml,0,0.25,185769,oracle_only
410394,117,oracle+donor_profile,xml,0,0.25,185770,oracle_only
410514,126,oracle+donor_profile,xml,0,0.25,185771,oracle_only
410643,111,oracle+donor_profile,xml,0,0.25,185772,oracle_only
410757,161,oracle+donor_profile,xml,0,0.25,185773,oracle_only
410921,95,oracle+donor_profile,xml,0,0.25,185774,oracle_only
411019,116,oracle+donor_profile,xml,0,0.25,185775,oracle_only
411138,116,oracle+donor_profile,xml,0,0.25,185776,oracle_only
411257,116,oracle+donor_profile,xml,0,0.25,185777,oracle_only
411376,116,oracle+donor_profile,xml,0,0.25,185778,oracle_only
411495,116,oracle+donor_profile,xml,0,0.25,185779,oracle_only
411614,116,oracle+donor_profile,xml,0,0.25,185780,oracle_only
411733,116,oracle+donor_profile,xml,0,0.25,185781,oracle_only
411852,116,oracle+donor_profile,xml,0,0.25,185782,oracle_only
411971,116,oracle+donor_profile,xml,0,0.25,185783,oracle_only
412090,134,oracle+donor_profile,xml,0,0.25,185784,oracle_only
412227,151,oracle+donor_profile,xml,0,0.25,185785,oracle_only
412381,132,oracle+donor_profile,xml,0,0.25,185786,oracle_only
412516,153,oracle+donor_profile,xml,0,0.25,185787,oracle_only
412672,109,oracle+donor_profile,xml,0,0.25,185788,oracle_only
412784,118,oracle+donor_profile,xml,0,0.25,185789,oracle_only
412905,126,oracle+donor_profile,xml,0,0.25,185790,oracle_only
413034,139,oracle+donor_profile,xml,0,0.25,185791,oracle_only
413176,94,oracle+donor_profile,xml,0,0.25,185792,oracle_only
413273,121,oracle+donor_profile,xml,0,0.25,185793,oracle_only
413397,119,oracle+donor_profile,xml,0,0.25,185794,oracle_only
413519,111,oracle+donor_profile,xml,0,0.25,185795,oracle_only
413633,118,oracle+donor_profile,xml,0,0.25,185796,oracle_only
413754,101,oracle+donor_profile,xml,0,0.25,185797,oracle_only
413858,131,oracle+donor_profile,xml,0,0.25,185798,oracle_only
413992,110,oracle+donor_profile,xml,0,0.25,185799,oracle_only
414105,95,oracle+donor_profile,xml,0,0.25,185800,oracle_only
414203,138,oracle+donor_profile,xml,0,0.25,185801,oracle_only
414344,130,oracle+donor_profile,xml,0,0.25,185802,oracle_only
414477,130,oracle+donor_profile,xml,0,0.25,185803,oracle_only
414610,126,oracle+donor_profile,xml,0,0.25,185804,oracle_only
414739,130,oracle+donor_profile,xml,0,0.25,185805,oracle_only
414872,131,oracle+donor_profile,xml,0,0.25,185806,oracle_only
415006,128,oracle+donor_profile,xml,0,0.25,185807,oracle_only
415137,123,oracle+donor_profile,xml,0,0.25,185808,oracle_only
415263,112,oracle+donor_profile,xml,0,0.25,185809,oracle_only
415378,107,oracle+donor_profile,xml,0,0.25,185810,oracle_only
415488,117,oracle+donor_profile,xml,0,0.25,185811,oracle_only
415608,134,oracle+donor_profile,xml,0,0.25,185812,oracle_only
415745,140,oracle+donor_profile,xml,0,0.25,185813,oracle_only
415888,94,oracle+donor_profile,xml,0,0.25,185814,oracle_only
415985,125,oracle+donor_profile,xml,0,0.25,185815,oracle_only
416113,143,oracle+donor_profile,xml,0,0.25,185816,oracle_only
416259,143,oracle+donor_profile,xml,0,0.25,185817,oracle_only
416405,139,oracle+donor_profile,xml,0,0.25,185818,oracle_only
416547,178,oracle+donor_profile,xml,0,0.25,185819,oracle_only
416728,108,oracle+donor_profile,xml,0,0.25,185820,oracle_only
416839,165,oracle+donor_profile,xml,0,0.25,185821,oracle_only
417007,108,oracle+donor_profile,xml,0,0.25,185822,oracle_only
417118,117,oracle+donor_profile,xml,0,0.25,185823,oracle_only
417238,140,oracle+donor_profile,xml,0,0.25,185824,oracle_only
417381,128,oracle+donor_profile,xml,0,0.25,185825,oracle_only
417512,182,oracle+donor_profile,xml,0,0.25,185826,oracle_only
417697,129,oracle+donor_profile,xml,0,0.25,185827,oracle_only
417829,125,oracle+donor_profile,xml,0,0.25,185828,oracle_only
417957,100,oracle+donor_profile,xml,0,0.25,185829,oracle_only
418060,110,oracle+donor_profile,xml,0,0.25,185830,oracle_only
418173,80,oracle+donor_profile,xml,0,0.25,185831,oracle_only
418256,79,oracle+donor_profile,xml,0,0.25,185832,oracle_only
418338,117,oracle+donor_profile,xml,0,0.25,185833,oracle_only
418458,176,oracle+donor_profile,xml,0,0.25,185834,oracle_only
418637,118,oracle+donor_profile,xml,0,0.25,185835,oracle_only
418758,170,oracle+donor_profile,xml,0,0.25,185836,oracle_only
418931,139,oracle+donor_profile,xml,0,0.25,185837,oracle_only
419073,121,oracle+donor_profile,xml,0,0.25,185838,oracle_only
419197,133,oracle+donor_profile,xml,0,0.25,185839,oracle_only
419333,134,oracle+donor_profile,xml,0,0.25,185840,oracle_only
419470,147,oracle+donor_profile,xml,0,0.25,185841,oracle_only
419620,118,oracle+donor_profile,xml,0,0.25,185842,oracle_only
419741,94,oracle+donor_profile,xml,0,0.25,185843,oracle_only
419838,83,oracle+donor_profile,xml,0,0.25,185844,oracle_only
419924,80,oracle+donor_profile,xml,0,0.25,185845,oracle_only
420007,145,oracle+donor_profile,xml,0,0.25,185846,oracle_only
420155,102,oracle+donor_profile,xml,0,0.25,185847,oracle_only
420260,140,oracle+donor_profile,xml,0,0.25,185848,oracle_only
420403,115,oracle+donor_profile,xml,0,0.25,185849,oracle_only
420521,118,oracle+donor_profile,xml,0,0.25,185850,oracle_only
420642,174,oracle+donor_profile,xml,0,0.25,185851,oracle_only
420819,139,oracle+donor_profile,xml,0,0.25,185852,oracle_only
420961,147,oracle+donor_profile,xml,0,0.25,185853,oracle_only
421111,176,oracle+donor_profile,xml,0,0.25,185854,oracle_only
421290,81,oracle+donor_profile,xml,0,0.25,185855,oracle_only
421374,142,oracle+donor_profile,xml,0,0.25,185856,oracle_only
421519,108,oracle+donor_profile,xml,0,0.25,185857,oracle_only
421630,136,oracle+donor_profile,xml,0,0.25,185858,oracle_only
421769,110,oracle+donor_profile,xml,0,0.25,185859,oracle_only
421882,120,oracle+donor_profile,xml,0,0.25,185860,oracle_only
422005,133,oracle+donor_profile,xml,0,0.25,185861,oracle_only
422141,120,oracle+donor_profile,xml,0,0.25,185862,oracle_only
422264,135,oracle+donor_profile,xml,0,0.25,185863,oracle_only
422402,123,oracle+donor_profile,xml,0,0.25,185864,oracle_only
422528,138,oracle+donor_profile,xml,0,0.25,185865,oracle_only
422669,98,oracle+donor_profile,xml,0,0.25,185866,oracle_only
422770,127,oracle+donor_profile,xml,0,0.25,185867,oracle_only
422900,114,oracle+donor_profile,xml,0,0.25,185868,oracle_only
423017,123,oracle+donor_profile,xml,0,0.25,185869,oracle_only
423143,106,oracle+donor_profile,xml,0,0.25,185870,oracle_only
423252,90,oracle+donor_profile,xml,0,0.25,185871,oracle_only
423345,124,oracle+donor_profile,xml,0,0.25,185872,oracle_only
423472,120,oracle+donor_profile,xml,0,0.25,185873,oracle_only
423595,117,oracle+donor_profile,xml,0,0.25,185874,oracle_only
423715,114,oracle+donor_profile,xml,0,0.25,185875,oracle_only
423832,117,oracle+donor_profile,xml,0,0.25,185876,oracle_only
423952,127,oracle+donor_profile,xml,0,0.25,185877,oracle_only
424082,125,oracle+donor_profile,xml,0,0.25,185878,oracle_only
424210,128,oracle+donor_profile,xml,0,0.25,185879,oracle_only
424341,96,oracle+donor_profile,xml,0,0.25,185880,oracle_only
424440,100,oracle+donor_profile,xml,0,0.25,185881,oracle_only
424543,89,oracle+donor_profile,xml,0,0.25,185882,oracle_only
424635,196,oracle+donor_profile,xml,0,0.25,185883,oracle_only
424834,114,oracle+donor_profile,xml,0,0.25,185884,oracle_only
424951,102,oracle+donor_profile,xml,0,0.25,185885,oracle_only
425056,99,oracle+donor_profile,xml,0,0.25,185886,oracle_only
425158,99,oracle+donor_profile,xml,0,0.25,185887,oracle_only
425260,94,oracle+donor_profile,xml,0,0.25,185888,oracle_only
425357,116,oracle+donor_profile,xml,0,0.25,185889,oracle_only
425476,114,oracle+donor_profile,xml,0,0.25,185890,oracle_only
425593,105,oracle+donor_profile,xml,0,0.25,185891,oracle_only
425701,91,oracle+donor_profile,xml,0,0.25,185892,oracle_only
425795,135,oracle+donor_profile,xml,0,0.25,185893,oracle_only
425933,118,oracle+donor_profile,xml,0,0.25,185894,oracle_only
426054,147,oracle+donor_profile,xml,0,0.25,185895,oracle_only
426204,227,oracle+donor_profile,xml,0,0.25,185896,oracle_only
426434,143,oracle+donor_profile,xml,0,0.25,185897,oracle_only
426580,146,oracle+donor_profile,xml,0,0.25,185898,oracle_only
426729,86,oracle+donor_profile,xml,0,0.25,185899,oracle_only
426818,142,oracle+donor_profile,xml,0,0.25,185900,oracle_only
426963,132,oracle+donor_profile,xml,0,0.25,185901,oracle_only
427098,115,oracle+donor_profile,xml,0,0.25,185902,oracle_only
427216,142,oracle+donor_profile,xml,0,0.25,185903,oracle_only
427361,143,oracle+donor_profile,xml,0,0.25,185904,oracle_only
427507,165,oracle+donor_profile,xml,0,0.25,185905,oracle_only
427675,185,oracle+donor_profile,xml,0,0.25,185906,oracle_only
427863,195,oracle+donor_profile,xml,0,0.25,185907,oracle_only
428061,142,oracle+donor_profile,xml,0,0.25,185908,oracle_only
428206,150,oracle+donor_profile,xml,0,0.25,185909,oracle_only
428359,141,oracle+donor_profile,xml,0,0.25,185910,oracle_only
428503,165,oracle+donor_profile,xml,0,0.25,185911,oracle_only
428671,142,oracle+donor_profile,xml,0,0.25,185912,oracle_only
428816,104,oracle+donor_profile,xml,0,0.25,185913,oracle_only
428923,122,oracle+donor_profile,xml,0,0.25,185914,oracle_only
429048,131,oracle+donor_profile,xml,0,0.25,185915,oracle_only
429182,101,oracle+donor_profile,xml,0,0.25,185916,oracle_only
429286,134,oracle+donor_profile,xml,0,0.25,185917,oracle_only
429423,120,oracle+donor_profile,xml,0,0.25,185918,oracle_only
429546,135,oracle+donor_profile,xml,0,0.25,185919,oracle_only
429684,128,oracle+donor_profile,xml,0,0.25,185920,oracle_only
429815,186,oracle+donor_profile,xml,0,0.25,185921,oracle_only
430004,111,oracle+donor_profile,xml,0,0.25,185922,oracle_only
430118,124,oracle+donor_profile,xml,0,0.25,185923,oracle_only
430245,108,oracle+donor_profile,xml,0,0.25,185924,oracle_only
430356,151,oracle+donor_profile,xml,0,0.25,185925,oracle_only
430510,151,oracle+donor_profile,xml,0,0.25,185926,oracle_only
430664,114,oracle+donor_profile,xml,0,0.25,185927,oracle_only
430781,112,oracle+donor_profile,xml,0,0.25,185928,oracle_only
430896,185,oracle+donor_profile,xml,0,0.25,185929,oracle_only
431084,179,oracle+donor_profile,xml,0,0.25,185930,oracle_only
431266,188,oracle+donor_profile,xml,0,0.25,185931,oracle_only
431457,141,oracle+donor_profile,xml,0,0.25,185932,oracle_only
431601,108,oracle+donor_profile,xml,0,0.25,185933,oracle_only
431712,130,oracle+donor_profile,xml,0,0.25,185934,oracle_only
431845,116,oracle+donor_profile,xml,0,0.25,185935,oracle_only
431964,167,oracle+donor_profile,xml,0,0.25,185936,oracle_only
432134,164,oracle+donor_profile,xml,0,0.25,185937,oracle_only
432301,162,oracle+donor_profile,xml,0,0.25,185938,oracle_only
432466,172,oracle+donor_profile,xml,0,0.25,185939,oracle_only
432641,172,oracle+donor_profile,xml,0,0.25,185940,oracle_only
432816,115,oracle+donor_profile,xml,0,0.25,185941,oracle_only
432934,118,oracle+donor_profile,xml,0,0.25,185942,oracle_only
433055,124,oracle+donor_profile,xml,0,0.25,185943,oracle_only
433182,124,oracle+donor_profile,xml,0,0.25,185944,oracle_only
433309,136,oracle+donor_profile,xml,0,0.25,185945,oracle_only
433448,145,oracle+donor_profile,xml,0,0.25,185946,oracle_only
433596,146,oracle+donor_profile,xml,0,0.25,185947,oracle_only
433745,134,oracle+donor_profile,xml,0,0.25,185948,oracle_only
433882,164,oracle+donor_profile,xml,0,0.25,185949,oracle_only
434049,124,oracle+donor_profile,xml,0,0.25,185950,oracle_only
434176,136,oracle+donor_profile,xml,0,0.25,185951,oracle_only
434315,105,oracle+donor_profile,xml,0,0.25,185952,oracle_only
434423,136,oracle+donor_profile,xml,0,0.25,185953,oracle_only
434562,121,oracle+donor_profile,xml,0,0.25,185954,oracle_only
434686,142,oracle+donor_profile,xml,0,0.25,185955,oracle_only
434831,144,oracle+donor_profile,xml,0,0.25,185956,oracle_only
434978,131,oracle+donor_profile,xml,0,0.25,185957,oracle_only
435112,157,oracle+donor_profile,xml,0,0.25,185958,oracle_only
435272,144,oracle+donor_profile,xml,0,0.25,185959,oracle_only
435419,87,oracle+donor_profile,xml,0,0.25,185960,oracle_only
435509,147,oracle+donor_profile,xml,0,0.25,185961,oracle_only
435659,118,oracle+donor_profile,xml,0,0.25,185962,oracle_only
435780,98,oracle+donor_profile,xml,0,0.25,185963,oracle_only
435881,128,oracle+donor_profile,xml,0,0.25,185964,oracle_only
436012,168,oracle+donor_profile,xml,0,0.25,185965,oracle_only
436183,104,oracle+donor_profile,xml,0,0.25,185966,oracle_only
436290,156,oracle+donor_profile,xml,0,0.25,185967,oracle_only
436449,104,oracle+donor_profile,xml,0,0.25,185968,oracle_only
436556,114,oracle+donor_profile,xml,0,0.25,185969,oracle_only
436673,170,oracle+donor_profile,xml,0,0.25,185970,oracle_only
436846,120,oracle+donor_profile,xml,0,0.25,185971,oracle_only
436969,114,oracle+donor_profile,xml,0,0.25,185972,oracle_only
437086,132,oracle+donor_profile,xml,0,0.25,185973,oracle_only
437221,124,oracle+donor_profile,xml,0,0.25,185974,oracle_only
437348,120,oracle+donor_profile,xml,0,0.25,185975,oracle_only
437471,119,oracle+donor_profile,xml,0,0.25,185976,oracle_only
437593,116,oracle+donor_profile,xml,0,0.25,185977,oracle_only
437712,87,oracle+donor_profile,xml,0,0.25,185978,oracle_only
437802,124,oracle+donor_profile,xml,0,0.25,185979,oracle_only
437929,120,oracle+donor_profile,xml,0,0.25,185980,oracle_only
438052,123,oracle+donor_profile,xml,0,0.25,185981,oracle_only
438178,152,oracle+donor_profile,xml,0,0.25,185982,oracle_only
438333,146,oracle+donor_profile,xml,0,0.25,185983,oracle_only
438482,129,oracle+donor_profile,xml,0,0.25,185984,oracle_only
438614,120,oracle+donor_profile,xml,0,0.25,185985,oracle_only
438737,81,oracle+donor_profile,xml,0,0.25,185986,oracle_only
438821,128,oracle+donor_profile,xml,0,0.25,185987,oracle_only
438952,140,oracle+donor_profile,xml,0,0.25,185988,oracle_only
439095,129,oracle+donor_profile,xml,0,0.25,185989,oracle_only
439227,129,oracle+donor_profile,xml,0,0.25,185990,oracle_only
439359,150,oracle+donor_profile,xml,0,0.25,185991,oracle_only
439512,115,oracle+donor_profile,xml,0,0.25,185992,oracle_only
439630,116,oracle+donor_profile,xml,0,0.25,185993,oracle_only
439749,128,oracle+donor_profile,xml,0,0.25,185994,oracle_only
439880,132,oracle+donor_profile,xml,0,0.25,185995,oracle_only
440015,133,oracle+donor_profile,xml,0,0.25,185996,oracle_only
440151,132,oracle+donor_profile,xml,0,0.25,185997,oracle_only
440286,127,oracle+donor_profile,xml,0,0.25,185998,oracle_only
440416,129,oracle+donor_profile,xml,0,0.25,185999,oracle_only
440548,122,oracle+donor_profile,xml,0,0.25,186000,oracle_only
440673,118,oracle+donor_profile,xml,0,0.25,186001,oracle_only
440794,188,oracle+donor_profile,xml,0,0.25,186002,oracle_only
440985,90,oracle+donor_profile,xml,0,0.25,186003,oracle_only
441078,105,oracle+donor_profile,xml,0,0.25,186004,oracle_only
441186,163,oracle+donor_profile,xml,0,0.25,186005,oracle_only
441352,131,oracle+donor_profile,xml,0,0.25,186006,oracle_only
441486,102,oracle+donor_profile,xml,0,0.25,186007,oracle_only
441591,133,oracle+donor_profile,xml,0,0.25,186008,oracle_only
441727,97,oracle+donor_profile,xml,0,0.25,186009,oracle_only
441827,97,oracle+donor_profile,xml,0,0.25,186010,oracle_only
441927,103,oracle+donor_profile,xml,0,0.25,186011,oracle_only
442033,103,oracle+donor_profile,xml,0,0.25,186012,oracle_only
442139,103,oracle+donor_profile,xml,0,0.25,186013,oracle_only
442245,103,oracle+donor_profile,xml,0,0.25,186014,oracle_only
442351,124,oracle+donor_profile,xml,0,0.25,186015,oracle_only
442478,124,oracle+donor_profile,xml,0,0.25,186016,oracle_only
442605,122,oracle+donor_profile,xml,0,0.25,186017,oracle_only
442730,124,oracle+donor_profile,xml,0,0.25,186018,oracle_only
442857,119,oracle+donor_profile,xml,0,0.25,186019,oracle_only
442979,123,oracle+donor_profile,xml,0,0.25,186020,oracle_only
443105,129,oracle+donor_profile,xml,0,0.25,186021,oracle_only
443237,88,oracle+donor_profile,xml,0,0.25,186022,oracle_only
443328,128,oracle+donor_profile,xml,0,0.25,186023,oracle_only
443459,126,oracle+donor_profile,xml,0,0.25,186024,oracle_only
443588,128,oracle+donor_profile,xml,0,0.25,186025,oracle_only
443719,101,oracle+donor_profile,xml,0,0.25,186026,oracle_only
443823,126,oracle+donor_profile,xml,0,0.25,186027,oracle_only
443952,114,oracle+donor_profile,xml,0,0.25,186028,oracle_only
444069,130,oracle+donor_profile,xml,0,0.25,186029,oracle_only
444202,110,oracle+donor_profile,xml,0,0.25,186030,oracle_only
444315,133,oracle+donor_profile,xml,0,0.25,186031,oracle_only
444451,129,oracle+donor_profile,xml,0,0.25,186032,oracle_only
444583,129,oracle+donor_profile,xml,0,0.25,186033,oracle_only
444715,124,oracle+donor_profile,xml,0,0.25,186034,oracle_only
444842,119,oracle+donor_profile,xml,0,0.25,186035,oracle_only
444964,112,oracle+donor_profile,xml,0,0.25,186036,oracle_only
445079,129,oracle+donor_profile,xml,0,0.25,186037,oracle_only
445211,108,oracle+donor_profile,xml,0,0.25,186038,oracle_only
445322,114,oracle+donor_profile,xml,0,0.25,186039,oracle_only
445439,90,oracle+donor_profile,xml,0,0.25,186040,oracle_only
445532,134,oracle+donor_profile,xml,0,0.25,186041,oracle_only
445669,92,oracle+donor_profile,xml,0,0.25,186042,oracle_only
445764,99,oracle+donor_profile,xml,0,0.25,186043,oracle_only
445866,123,oracle+donor_profile,xml,0,0.25,186044,oracle_only
445992,116,oracle+donor_profile,xml,0,0.25,186045,oracle_only
446111,104,oracle+donor_profile,xml,0,0.25,186046,oracle_only
446218,108,oracle+donor_profile,xml,0,0.25,186047,oracle_only
446329,136,oracle+donor_profile,xml,0,0.25,186048,oracle_only
446468,137,oracle+donor_profile,xml,0,0.25,186049,oracle_only
446608,123,oracle+donor_profile,xml,0,0.25,186050,oracle_only
446734,171,oracle+donor_profile,xml,0,0.25,186051,oracle_only
446908,128,oracle+donor_profile,xml,0,0.25,186052,oracle_only
447039,128,oracle+donor_profile,xml,0,0.25,186053,oracle_only
447170,125,oracle+donor_profile,xml,0,0.25,186054,oracle_only
447298,130,oracle+donor_profile,xml,0,0.25,186055,oracle_only
447431,130,oracle+donor_profile,xml,0,0.25,186056,oracle_only
447564,160,oracle+donor_profile,xml,0,0.25,186057,oracle_only
447727,140,oracle+donor_profile,xml,0,0.25,186058,oracle_only
447870,96,oracle+donor_profile,xml,0,0.25,186059,oracle_only
447969,123,oracle+donor_profile,xml,0,0.25,186060,oracle_only
448095,102,oracle+donor_profile,xml,0,0.25,186061,oracle_only
448200,123,oracle+donor_profile,xml,0,0.25,186062,oracle_only
448326,149,oracle+donor_profile,xml,0,0.25,186063,oracle_only
448478,149,oracle+donor_profile,xml,0,0.25,186064,oracle_only
448630,124,oracle+donor_profile,xml,0,0.25,186065,oracle_only
448757,208,oracle+donor_profile,xml,0,0.25,186066,oracle_only
448968,104,oracle+donor_profile,xml,0,0.25,186067,oracle_only
449075,117,oracle+donor_profile,xml,0,0.25,186068,oracle_only
449195,122,oracle+donor_profile,xml,0,0.25,186069,oracle_only
449320,111,oracle+donor_profile,xml,0,0.25,186070,oracle_only
449434,119,oracle+donor_profile,xml,0,0.25,186071,oracle_only
449556,141,oracle+donor_profile,xml,0,0.25,186072,oracle_only
449700,228,oracle+donor_profile,xml,0,0.25,186073,oracle_only
449931,167,oracle+donor_profile,xml,0,0.25,186074,oracle_only
450101,151,oracle+donor_profile,xml,0,0.25,186075,oracle_only
450255,121,oracle+donor_profile,xml,0,0.25,186076,oracle_only
450379,118,oracle+donor_profile,xml,0,0.25,186077,oracle_only
450500,114,oracle+donor_profile,xml,0,0.25,186078,oracle_only
450617,110,oracle+donor_profile,xml,0,0.25,186079,oracle_only
450730,98,oracle+donor_profile,xml,0,0.25,186080,oracle_only
450831,82,oracle+donor_profile,xml,0,0.25,186081,oracle_only
450916,95,oracle+donor_profile,xml,0,0.25,186082,oracle_only
451014,124,oracle+donor_profile,xml,0,0.25,186083,oracle_only
451141,113,oracle+donor_profile,xml,0,0.25,186084,oracle_only
451257,126,oracle+donor_profile,xml,0,0.25,186085,oracle_only
451386,118,oracle+donor_profile,xml,0,0.25,186086,oracle_only
451507,139,oracle+donor_profile,xml,0,0.25,186087,oracle_only
451649,115,oracle+donor_profile,xml,0,0.25,186088,oracle_only
451767,116,oracle+donor_profile,xml,0,0.25,186089,oracle_only
451886,126,oracle+donor_profile,xml,0,0.25,186090,oracle_only
452015,120,oracle+donor_profile,xml,0,0.25,186091,oracle_only
452138,110,oracle+donor_profile,xml,0,0.25,186092,oracle_only
452251,123,oracle+donor_profile,xml,0,0.25,186093,oracle_only
452377,123,oracle+donor_profile,xml,0,0.25,186094,oracle_only
452503,146,oracle+donor_profile,xml,0,0.25,186095,oracle_only
452652,143,oracle+donor_profile,xml,0,0.25,186096,oracle_only
452798,143,oracle+donor_profile,xml,0,0.25,186097,oracle_only
452944,146,oracle+donor_profile,xml,0,0.25,186098,oracle_only
453093,141,oracle+donor_profile,xml,0,0.25,186099,oracle_only
453237,139,oracle+donor_profile,xml,0,0.25,186100,oracle_only
453379,120,oracle+donor_profile,xml,0,0.25,186101,oracle_only
453502,134,oracle+donor_profile,xml,0,0.25,186102,oracle_only
453639,85,oracle+donor_profile,xml,0,0.25,186103,oracle_only
453727,132,oracle+donor_profile,xml,0,0.25,186104,oracle_only
453862,131,oracle+donor_profile,xml,0,0.25,186105,oracle_only
453996,122,oracle+donor_profile,xml,0,0.25,186106,oracle_only
454121,103,oracle+donor_profile,xml,0,0.25,186107,oracle_only
454227,132,oracle+donor_profile,xml,0,0.25,186108,oracle_only
454362,93,oracle+donor_profile,xml,0,0.25,186109,oracle_only
454458,143,oracle+donor_profile,xml,0,0.25,186110,oracle_only
454604,151,oracle+donor_profile,xml,0,0.25,186111,oracle_only
454758,136,oracle+donor_profile,xml,0,0.25,186112,oracle_only
454897,153,oracle+donor_profile,xml,0,0.25,186113,oracle_only
455053,143,oracle+donor_profile,xml,0,0.25,186114,oracle_only
455199,184,oracle+donor_profile,xml,0,0.25,186115,oracle_only
455386,133,oracle+donor_profile,xml,0,0.25,186116,oracle_only
455522,120,oracle+donor_profile,xml,0,0.25,186117,oracle_only
455645,119,oracle+donor_profile,xml,0,0.25,186118,oracle_only
455767,113,oracle+donor_profile,xml,0,0.25,186119,oracle_only
455883,132,oracle+donor_profile,xml,0,0.25,186120,oracle_only
456018,120,oracle+donor_profile,xml,0,0.25,186121,oracle_only
456141,129,oracle+donor_profile,xml,0,0.25,186122,oracle_only
456273,113,oracle+donor_profile,xml,0,0.25,186123,oracle_only
456389,77,oracle+donor_profile,xml,0,0.25,186124,oracle_only
456469,137,oracle+donor_profile,xml,0,0.25,186125,oracle_only
456609,120,oracle+donor_profile,xml,0,0.25,186126,oracle_only
456732,190,oracle+donor_profile,xml,0,0.25,186127,oracle_only
456925,144,oracle+donor_profile,xml,0,0.25,186128,oracle_only
457072,126,oracle+donor_profile,xml,0,0.25,186129,oracle_only
457201,136,oracle+donor_profile,xml,0,0.25,186130,oracle_only
457340,111,oracle+donor_profile,xml,0,0.25,186131,oracle_only
457454,121,oracle+donor_profile,xml,0,0.25,186132,oracle_only
457578,137,oracle+donor_profile,xml,0,0.25,186133,oracle_only
457718,190,oracle+donor_profile,xml,0,0.25,186134,oracle_only
457911,111,oracle+donor_profile,xml,0,0.25,186135,oracle_only
458025,147,oracle+donor_profile,xml,0,0.25,186136,oracle_only
458175,120,oracle+donor_profile,xml,0,0.25,186137,oracle_only
458298,114,oracle+donor_profile,xml,0,0.25,186138,oracle_only
458415,112,oracle+donor_profile,xml,0,0.25,186139,oracle_only
458530,122,oracle+donor_profile,xml,0,0.25,186140,oracle_only
458655,179,oracle+donor_profile,xml,0,0.25,186141,oracle_only
458837,118,oracle+donor_profile,xml,0,0.25,186142,oracle_only
458958,102,oracle+donor_profile,xml,0,0.25,186143,oracle_only
459063,116,oracle+donor_profile,xml,0,0.25,186144,oracle_only
459182,88,oracle+donor_profile,xml,0,0.25,186145,oracle_only
459273,132,oracle+donor_profile,xml,0,0.25,186146,oracle_only
459408,136,oracle+donor_profile,xml,0,0.25,186147,oracle_only
459547,102,oracle+donor_profile,xml,0,0.25,186148,oracle_only
459652,166,oracle+donor_profile,xml,0,0.25,186149,oracle_only
459821,106,oracle+donor_profile,xml,0,0.25,186150,oracle_only
459930,117,oracle+donor_profile,xml,0,0.25,186151,oracle_only
460050,100,oracle+donor_profile,xml,0,0.25,186152,oracle_only
460153,134,oracle+donor_profile,xml,0,0.25,186153,oracle_only
460290,124,oracle+donor_profile,xml,0,0.25,186154,oracle_only
460417,114,oracle+donor_profile,xml,0,0.25,186155,oracle_only
460534,121,oracle+donor_profile,xml,0,0.25,186156,oracle_only
460658,114,oracle+donor_profile,xml,0,0.25,186157,oracle_only
460775,103,oracle+donor_profile,xml,0,0.25,186158,oracle_only
460881,137,oracle+donor_profile,xml,0,0.25,186159,oracle_only
461021,118,oracle+donor_profile,xml,0,0.25,186160,oracle_only
461142,102,oracle+donor_profile,xml,0,0.25,186161,oracle_only
461247,135,oracle+donor_profile,xml,0,0.25,186162,oracle_only
461385,115,oracle+donor_profile,xml,0,0.25,186163,oracle_only
461503,111,oracle+donor_profile,xml,0,0.25,186164,oracle_only
461617,108,oracle+donor_profile,xml,0,0.25,186165,oracle_only
461728,112,oracle+donor_profile,xml,0,0.25,186166,oracle_only
461843,92,oracle+donor_profile,xml,0,0.25,186167,oracle_only
461938,125,oracle+donor_profile,xml,0,0.25,186168,oracle_only
462066,125,oracle+donor_profile,xml,0,0.25,186169,oracle_only
462194,117,oracle+donor_profile,xml,0,0.25,186170,oracle_only
462314,125,oracle+donor_profile,xml,0,0.25,186171,oracle_only
462442,125,oracle+donor_profile,xml,0,0.25,186172,oracle_only
462570,239,oracle+donor_profile,xml,0,0.25,186173,oracle_only
462812,166,oracle+donor_profile,xml,0,0.25,186174,oracle_only
462981,93,oracle+donor_profile,xml,0,0.25,186175,oracle_only
463077,81,oracle+donor_profile,xml,0,0.25,186176,oracle_only
463161,112,oracle+donor_profile,xml,0,0.25,186177,oracle_only
463276,116,oracle+donor_profile,xml,0,0.25,186178,oracle_only
463395,135,oracle+donor_profile,xml,0,0.25,186179,oracle_only
463533,134,oracle+donor_profile,xml,0,0.25,186180,oracle_only
463670,121,oracle+donor_profile,xml,0,0.25,186181,oracle_only
463794,116,oracle+donor_profile,xml,0,0.25,186182,oracle_only
463913,120,oracle+donor_profile,xml,0,0.25,186183,oracle_only
464036,111,oracle+donor_profile,xml,0,0.25,186184,oracle_only
464150,95,oracle+donor_profile,xml,0,0.25,186185,oracle_only
464248,119,oracle+donor_profile,xml,0,0.25,186186,oracle_only
464370,114,oracle+donor_profile,xml,0,0.25,186187,oracle_only
464487,123,oracle+donor_profile,xml,0,0.25,186188,oracle_only
464613,149,oracle+donor_profile,xml,0,0.25,186189,oracle_only
464765,93,oracle+donor_profile,xml,0,0.25,186190,oracle_only
464861,119,oracle+donor_profile,xml,0,0.25,186191,oracle_only
464983,122,oracle+donor_profile,xml,0,0.25,186192,oracle_only
465108,112,oracle+donor_profile,xml,0,0.25,186193,oracle_only
465223,140,oracle+donor_profile,xml,0,0.25,186194,oracle_only
465366,134,oracle+donor_profile,xml,0,0.25,186195,oracle_only
465503,141,oracle+donor_profile,xml,0,0.25,186196,oracle_only
465647,96,oracle+donor_profile,xml,0,0.25,186197,oracle_only
465746,129,oracle+donor_profile,xml,0,0.25,186198,oracle_only
465878,128,oracle+donor_profile,xml,0,0.25,186199,oracle_only
466009,146,oracle+donor_profile,xml,0,0.25,186200,oracle_only
466158,150,oracle+donor_profile,xml,0,0.25,186201,oracle_only
466311,116,oracle+donor_profile,xml,0,0.25,186202,oracle_only
466430,138,oracle+donor_profile,xml,0,0.25,186203,oracle_only
466571,88,oracle+donor_profile,xml,0,0.25,186204,oracle_only
466662,90,oracle+donor_profile,xml,0,0.25,186205,oracle_only
466755,106,oracle+donor_profile,xml,0,0.25,186206,oracle_only
466864,123,oracle+donor_profile,xml,0,0.25,186207,oracle_only
466990,114,oracle+donor_profile,xml,0,0.25,186208,oracle_only
467107,121,oracle+donor_profile,xml,0,0.25,186209,oracle_only
467231,125,oracle+donor_profile,xml,0,0.25,186210,oracle_only
467359,113,oracle+donor_profile,xml,0,0.25,186211,oracle_only
467475,114,oracle+donor_profile,xml,0,0.25,186212,oracle_only
467592,117,oracle+donor_profile,xml,0,0.25,186213,oracle_only
467712,106,oracle+donor_profile,xml,0,0.25,186214,oracle_only
467821,115,oracle+donor_profile,xml,0,0.25,186215,oracle_only
467939,142,oracle+donor_profile,xml,0,0.25,186216,oracle_only
468084,136,oracle+donor_profile,xml,0,0.25,186217,oracle_only
468223,124,oracle+donor_profile,xml,0,0.25,186218,oracle_only
468350,126,oracle+donor_profile,xml,0,0.25,186219,oracle_only
468479,105,oracle+donor_profile,xml,0,0.25,186220,oracle_only
468587,123,oracle+donor_profile,xml,0,0.25,186221,oracle_only
468713,102,oracle+donor_profile,xml,0,0.25,186222,oracle_only
468818,103,oracle+donor_profile,xml,0,0.25,186223,oracle_only
468924,124,oracle+donor_profile,xml,0,0.25,186224,oracle_only
469051,108,oracle+donor_profile,xml,0,0.25,186225,oracle_only
469162,119,oracle+donor_profile,xml,0,0.25,186226,oracle_only
469284,111,oracle+donor_profile,xml,0,0.25,186227,oracle_only
469398,151,oracle+donor_profile,xml,0,0.25,186228,oracle_only
469552,117,oracle+donor_profile,xml,0,0.25,186229,oracle_only
469672,104,oracle+donor_profile,xml,0,0.25,186230,oracle_only
469779,119,oracle+donor_profile,xml,0,0.25,186231,oracle_only
469901,102,oracle+donor_profile,xml,0,0.25,186232,oracle_only
470006,164,oracle+donor_profile,xml,0,0.25,186233,oracle_only
470173,127,oracle+donor_profile,xml,0,0.25,186234,oracle_only
470303,159,oracle+donor_profile,xml,0,0.25,186235,oracle_only
470465,111,oracle+donor_profile,xml,0,0.25,186236,oracle_only
470579,132,oracle+donor_profile,xml,0,0.25,186237,oracle_only
470714,131,oracle+donor_profile,xml,0,0.25,186238,oracle_only
470848,119,oracle+donor_profile,xml,0,0.25,186239,oracle_only
470970,149,oracle+donor_profile,xml,0,0.25,186240,oracle_only
471122,88,oracle+donor_profile,xml,0,0.25,186241,oracle_only
471213,112,oracle+donor_profile,xml,0,0.25,186242,oracle_only
471328,111,oracle+donor_profile,xml,0,0.25,186243,oracle_only
471442,114,oracle+donor_profile,xml,0,0.25,186244,oracle_only
471559,145,oracle+donor_profile,xml,0,0.25,186245,oracle_only
471707,154,oracle+donor_profile,xml,0,0.25,186246,oracle_only
471864,128,oracle+donor_profile,xml,0,0.25,186247,oracle_only
471995,125,oracle+donor_profile,xml,0,0.25,186248,oracle_only
472123,102,oracle+donor_profile,xml,0,0.25,186249,oracle_only
472228,130,oracle+donor_profile,xml,0,0.25,186250,oracle_only
472361,126,oracle+donor_profile,xml,0,0.25,186251,oracle_only
472490,108,oracle+donor_profile,xml,0,0.25,186252,oracle_only
472601,149,oracle+donor_profile,xml,0,0.25,186253,oracle_only
472753,102,oracle+donor_profile,xml,0,0.25,186254,oracle_only
472858,121,oracle+donor_profile,xml,0,0.25,186255,oracle_only
472982,89,oracle+donor_profile,xml,0,0.25,186256,oracle_only
473074,135,oracle+donor_profile,xml,0,0.25,186257,oracle_only
473212,139,oracle+donor_profile,xml,0,0.25,186258,oracle_only
473354,115,oracle+donor_profile,xml,0,0.25,186259,oracle_only
473472,101,oracle+donor_profile,xml,0,0.25,186260,oracle_only
473576,129,oracle+donor_profile,xml,0,0.25,186261,oracle_only
473708,127,oracle+donor_profile,xml,0,0.25,186262,oracle_only
473838,115,oracle+donor_profile,xml,0,0.25,186263,oracle_only
473956,98,oracle+donor_profile,xml,0,0.25,186264,oracle_only
474057,78,oracle+donor_profile,xml,0,0.25,186265,oracle_only
474138,120,oracle+donor_profile,xml,0,0.25,186266,oracle_only
474261,166,oracle+donor_profile,xml,0,0.25,186267,oracle_only
474430,122,oracle+donor_profile,xml,0,0.25,186268,oracle_only
474555,163,oracle+donor_profile,xml,0,0.25,186269,oracle_only
474721,142,oracle+donor_profile,xml,0,0.25,186270,oracle_only
474866,111,oracle+donor_profile,xml,0,0.25,186271,oracle_only
474980,115,oracle+donor_profile,xml,0,0.25,186272,oracle_only
475098,104,oracle+donor_profile,xml,0,0.25,186273,oracle_only
475205,124,oracle+donor_profile,xml,0,0.25,186274,oracle_only
475332,104,oracle+donor_profile,xml,0,0.25,186275,oracle_only
475439,101,oracle+donor_profile,xml,0,0.25,186276,oracle_only
475543,129,oracle+donor_profile,xml,0,0.25,186277,oracle_only
475675,99,oracle+donor_profile,xml,0,0.25,186278,oracle_only
475777,140,oracle+donor_profile,xml,0,0.25,186279,oracle_only
475920,117,oracle+donor_profile,xml,0,0.25,186280,oracle_only
476040,125,oracle+donor_profile,xml,0,0.25,186281,oracle_only
476168,124,oracle+donor_profile,xml,0,0.25,186282,oracle_only
476295,124,oracle+donor_profile,xml,0,0.25,186283,oracle_only
476422,124,oracle+donor_profile,xml,0,0.25,186284,oracle_only
476549,122,oracle+donor_profile,xml,0,0.25,186285,oracle_only
476674,122,oracle+donor_profile,xml,0,0.25,186286,oracle_only
476799,122,oracle+donor_profile,xml,0,0.25,186287,oracle_only
476924,123,oracle+donor_profile,xml,0,0.25,186288,oracle_only
477050,123,oracle+donor_profile,xml,0,0.25,186289,oracle_only
477176,123,oracle+donor_profile,xml,0,0.25,186290,oracle_only
477302,125,oracle+donor_profile,xml,0,0.25,186291,oracle_only
477430,125,oracle+donor_profile,xml,0,0.25,186292,oracle_only
477558,128,oracle+donor_profile,xml,0,0.25,186293,oracle_only
477689,125,oracle+donor_profile,xml,0,0.25,186294,oracle_only
477817,125,oracle+donor_profile,xml,0,0.25,186295,oracle_only
477945,130,oracle+donor_profile,xml,0,0.25,186296,oracle_only
478078,125,oracle+donor_profile,xml,0,0.25,186297,oracle_only
478206,125,oracle+donor_profile,xml,0,0.25,186298,oracle_only
478334,135,oracle+donor_profile,xml,0,0.25,186299,oracle_only
478472,129,oracle+donor_profile,xml,0,0.25,186300,oracle_only
478604,109,oracle+donor_profile,xml,0,0.25,186301,oracle_only
478716,123,oracle+donor_profile,xml,0,0.25,186302,oracle_only
478842,136,oracle+donor_profile,xml,0,0.25,186303,oracle_only
478981,113,oracle+donor_profile,xml,0,0.25,186304,oracle_only
479097,156,oracle+donor_profile,xml,0,0.25,186305,oracle_only
479256,118,oracle+donor_profile,xml,0,0.25,186306,oracle_only
479377,123,oracle+donor_profile,xml,0,0.25,186307,oracle_only
479503,138,oracle+donor_profile,xml,0,0.25,186308,oracle_only
479644,120,oracle+donor_profile,xml,0,0.25,186309,oracle_only
479767,143,oracle+donor_profile,xml,0,0.25,186310,oracle_only
479913,136,oracle+donor_profile,xml,0,0.25,186311,oracle_only
480052,134,oracle+donor_profile,xml,0,0.25,186312,oracle_only
480189,134,oracle+donor_profile,xml,0,0.25,186313,oracle_only
480326,126,oracle+donor_profile,xml,0,0.25,186314,oracle_only
480455,119,oracle+donor_profile,xml,0,0.25,186315,oracle_only
480577,119,oracle+donor_profile,xml,0,0.25,186316,oracle_only
480699,158,oracle+donor_profile,xml,0,0.25,186317,oracle_only
480860,122,oracle+donor_profile,xml,0,0.25,186318,oracle_only
480985,121,oracle+donor_profile,xml,0,0.25,186319,oracle_only
481109,124,oracle+donor_profile,xml,0,0.25,186320,oracle_only
481236,120,oracle+donor_profile,xml,0,0.25,186321,oracle_only
481359,140,oracle+donor_profile,xml,0,0.25,186322,oracle_only
481502,131,oracle+donor_profile,xml,0,0.25,186323,oracle_only
481636,141,oracle+donor_profile,xml,0,0.25,186324,oracle_only
481780,141,oracle+donor_profile,xml,0,0.25,186325,oracle_only
481924,119,oracle+donor_profile,xml,0,0.25,186326,oracle_only
482046,103,oracle+donor_profile,xml,0,0.25,186327,oracle_only
482152,118,oracle+donor_profile,xml,0,0.25,186328,oracle_only
482273,87,oracle+donor_profile,xml,0,0.25,186329,oracle_only
482363,97,oracle+donor_profile,xml,0,0.25,186330,oracle_only
482463,129,oracle+donor_profile,xml,0,0.25,186331,oracle_only
482595,134,oracle+donor_profile,xml,0,0.25,186332,oracle_only
482732,134,oracle+donor_profile,xml,0,0.25,186333,oracle_only
482869,134,oracle+donor_profile,xml,0,0.25,186334,oracle_only
483006,121,oracle+donor_profile,xml,0,0.25,186335,oracle_only
483130,124,oracle+donor_profile,xml,0,0.25,186336,oracle_only
483257,125,oracle+donor_profile,xml,0,0.25,186337,oracle_only
483385,131,oracle+donor_profile,xml,0,0.25,186338,oracle_only
483519,131,oracle+donor_profile,xml,0,0.25,186339,oracle_only
483653,129,oracle+donor_profile,xml,0,0.25,186340,oracle_only
483785,139,oracle+donor_profile,xml,0,0.25,186341,oracle_only
483927,129,oracle+donor_profile,xml,0,0.25,186342,oracle_only
484059,186,oracle+donor_profile,xml,0,0.25,186343,oracle_only
484248,131,oracle+donor_profile,xml,0,0.25,186344,oracle_only
484382,139,oracle+donor_profile,xml,0,0.25,186345,oracle_only
484524,121,oracle+donor_profile,xml,0,0.25,186346,oracle_only
484648,131,oracle+donor_profile,xml,0,0.25,186347,oracle_only
484782,129,oracle+donor_profile,xml,0,0.25,186348,oracle_only
484914,127,oracle+donor_profile,xml,0,0.25,186349,oracle_only
485044,131,oracle+donor_profile,xml,0,0.25,186350,oracle_only
485178,131,oracle+donor_profile,xml,0,0.25,186351,oracle_only
485312,131,oracle+donor_profile,xml,0,0.25,186352,oracle_only
485446,131,oracle+donor_profile,xml,0,0.25,186353,oracle_only
485580,131,oracle+donor_profile,xml,0,0.25,186354,oracle_only
485714,135,oracle+donor_profile,xml,0,0.25,186355,oracle_only
485852,131,oracle+donor_profile,xml,0,0.25,186356,oracle_only
485986,131,oracle+donor_profile,xml,0,0.25,186357,oracle_only
486120,131,oracle+donor_profile,xml,0,0.25,186358,oracle_only
486254,131,oracle+donor_profile,xml,0,0.25,186359,oracle_only
486388,135,oracle+donor_profile,xml,0,0.25,186360,oracle_only
486526,131,oracle+donor_profile,xml,0,0.25,186361,oracle_only
486660,134,oracle+donor_profile,xml,0,0.25,186362,oracle_only
486797,162,oracle+donor_profile,xml,0,0.25,186363,oracle_only
486962,131,oracle+donor_profile,xml,0,0.25,186364,oracle_only
487096,141,oracle+donor_profile,xml,0,0.25,186365,oracle_only
487240,131,oracle+donor_profile,xml,0,0.25,186366,oracle_only
487374,131,oracle+donor_profile,xml,0,0.25,186367,oracle_only
487508,131,oracle+donor_profile,xml,0,0.25,186368,oracle_only
487642,131,oracle+donor_profile,xml,0,0.25,186369,oracle_only
487776,131,oracle+donor_profile,xml,0,0.25,186370,oracle_only
487910,131,oracle+donor_profile,xml,0,0.25,186371,oracle_only
488044,114,oracle+donor_profile,xml,0,0.25,186372,oracle_only
488161,145,oracle+donor_profile,xml,0,0.25,186373,oracle_only
488309,120,oracle+donor_profile,xml,0,0.25,186374,oracle_only
488432,114,oracle+donor_profile,xml,0,0.25,186375,oracle_only
488549,122,oracle+donor_profile,xml,0,0.25,186376,oracle_only
488674,127,oracle+donor_profile,xml,0,0.25,186377,oracle_only
488804,117,oracle+donor_profile,xml,0,0.25,186378,oracle_only
488924,124,oracle+donor_profile,xml,0,0.25,186379,oracle_only
489051,132,oracle+donor_profile,xml,0,0.25,186380,oracle_only
489186,136,oracle+donor_profile,xml,0,0.25,186381,oracle_only
489325,113,oracle+donor_profile,xml,0,0.25,186382,oracle_only
489441,163,oracle+donor_profile,xml,0,0.25,186383,oracle_only
489607,127,oracle+donor_profile,xml,0,0.25,186384,oracle_only
489737,132,oracle+donor_profile,xml,0,0.25,186385,oracle_only
489872,133,oracle+donor_profile,xml,0,0.25,186386,oracle_only
490008,141,oracle+donor_profile,xml,0,0.25,186387,oracle_only
490152,150,oracle+donor_profile,xml,0,0.25,186388,oracle_only
490305,89,oracle+donor_profile,xml,0,0.25,186389,oracle_only
490397,84,oracle+donor_profile,xml,0,0.25,186390,oracle_only
490484,130,oracle+donor_profile,xml,0,0.25,186391,oracle_only
490617,180,oracle+donor_profile,xml,0,0.25,186392,oracle_only
490800,125,oracle+donor_profile,xml,0,0.25,186393,oracle_only
490928,128,oracle+donor_profile,xml,0,0.25,186394,oracle_only
491059,124,oracle+donor_profile,xml,0,0.25,186395,oracle_only
491186,168,oracle+donor_profile,xml,0,0.25,186396,oracle_only
491357,89,oracle+donor_profile,xml,0,0.25,186397,oracle_only
491449,120,oracle+donor_profile,xml,0,0.25,186398,oracle_only
491572,101,oracle+donor_profile,xml,0,0.25,186399,oracle_only
491676,131,oracle+donor_profile,xml,0,0.25,186400,oracle_only
491810,103,oracle+donor_profile,xml,0,0.25,186401,oracle_only
491916,93,oracle+donor_profile,xml,0,0.25,186402,oracle_only
492012,164,oracle+donor_profile,xml,0,0.25,186403,oracle_only
492179,139,oracle+donor_profile,xml,0,0.25,186404,oracle_only
492321,116,oracle+donor_profile,xml,0,0.25,186405,oracle_only
492440,116,oracle+donor_profile,xml,0,0.25,186406,oracle_only
492559,127,oracle+donor_profile,xml,0,0.25,186407,oracle_only
492689,125,oracle+donor_profile,xml,0,0.25,186408,oracle_only
492817,134,oracle+donor_profile,xml,0,0.25,186409,oracle_only
492954,139,oracle+donor_profile,xml,0,0.25,186410,oracle_only
493096,139,oracle+donor_profile,xml,0,0.25,186411,oracle_only
493238,142,oracle+donor_profile,xml,0,0.25,186412,oracle_only
493383,161,oracle+donor_profile,xml,0,0.25,186413,oracle_only
493547,128,oracle+donor_profile,xml,0,0.25,186414,oracle_only
493678,83,oracle+donor_profile,xml,0,0.25,186415,oracle_only
493764,119,oracle+donor_profile,xml,0,0.25,186416,oracle_only
493886,130,oracle+donor_profile,xml,0,0.25,186417,oracle_only
494019,139,oracle+donor_profile,xml,0,0.25,186418,oracle_only
494161,113,oracle+donor_profile,xml,0,0.25,186419,oracle_only
494277,125,oracle+donor_profile,xml,0,0.25,186420,oracle_only
494405,113,oracle+donor_profile,xml,0,0.25,186421,oracle_only
494521,119,oracle+donor_profile,xml,0,0.25,186422,oracle_only
494643,99,oracle+donor_profile,xml,0,0.25,186423,oracle_only
494745,98,oracle+donor_profile,xml,0,0.25,186424,oracle_only
494846,121,oracle+donor_profile,xml,0,0.25,186425,oracle_only
494970,153,oracle+donor_profile,xml,0,0.25,186426,oracle_only
495126,174,oracle+donor_profile,xml,0,0.25,186427,oracle_only
495303,124,oracle+donor_profile,xml,0,0.25,186428,oracle_only
495430,114,oracle+donor_profile,xml,0,0.25,186429,oracle_only
495547,114,oracle+donor_profile,xml,0,0.25,186430,oracle_only
495664,110,oracle+donor_profile,xml,0,0.25,186431,oracle_only
495777,188,oracle+donor_profile,xml,0,0.25,186432,oracle_only
495968,109,oracle+donor_profile,xml,0,0.25,186433,oracle_only
496080,116,oracle+donor_profile,xml,0,0.25,186434,oracle_only
496199,103,oracle+donor_profile,xml,0,0.25,186435,oracle_only
496305,129,oracle+donor_profile,xml,0,0.25,186436,oracle_only
496437,105,oracle+donor_profile,xml,0,0.25,186437,oracle_only
496545,110,oracle+donor_profile,xml,0,0.25,186438,oracle_only
496658,96,oracle+donor_profile,xml,0,0.25,186439,oracle_only
496757,157,oracle+donor_profile,xml,0,0.25,186440,oracle_only
496917,94,oracle+donor_profile,xml,0,0.25,186441,oracle_only
497014,114,oracle+donor_profile,xml,0,0.25,186442,oracle_only
497131,123,oracle+donor_profile,xml,0,0.25,186443,oracle_only
497257,137,oracle+donor_profile,xml,0,0.25,186444,oracle_only
497397,137,oracle+donor_profile,xml,0,0.25,186445,oracle_only
497537,137,oracle+donor_profile,xml,0,0.25,186446,oracle_only
497677,137,oracle+donor_profile,xml,0,0.25,186447,oracle_only
497817,137,oracle+donor_profile,xml,0,0.25,186448,oracle_only
497957,137,oracle+donor_profile,xml,0,0.25,186449,oracle_only
498097,137,oracle+donor_profile,xml,0,0.25,186450,oracle_only
498237,137,oracle+donor_profile,xml,0,0.25,186451,oracle_only
498377,137,oracle+donor_profile,xml,0,0.25,186452,oracle_only
498517,137,oracle+donor_profile,xml,0,0.25,186453,oracle_only
498657,137,oracle+donor_profile,xml,0,0.25,186454,oracle_only
498797,137,oracle+donor_profile,xml,0,0.25,186455,oracle_only
498937,137,oracle+donor_profile,xml,0,0.25,186456,oracle_only
499077,134,oracle+donor_profile,xml,0,0.25,186457,oracle_only
499214,96,oracle+donor_profile,xml,0,0.25,186458,oracle_only
499313,183,oracle+donor_profile,xml,0,0.25,186459,oracle_only
499499,129,oracle+donor_profile,xml,0,0.25,186460,oracle_only
499631,114,oracle+donor_profile,xml,0,0.25,186461,oracle_only
499748,127,oracle+donor_profile,xml,0,0.25,186462,oracle_only
499878,96,oracle+donor_profile,xml,0,0.25,186463,oracle_only
499977,143,oracle+donor_profile,xml,0,0.25,186464,oracle_only
500123,127,oracle+donor_profile,xml,0,0.25,186465,oracle_only
500253,118,oracle+donor_profile,xml,0,0.25,186466,oracle_only
500374,122,oracle+donor_profile,xml,0,0.25,186467,oracle_only
500499,126,oracle+donor_profile,xml,0,0.25,186468,oracle_only
500628,132,oracle+donor_profile,xml,0,0.25,186469,oracle_only
500763,130,oracle+donor_profile,xml,0,0.25,186470,oracle_only
500896,126,oracle+donor_profile,xml,0,0.25,186471,oracle_only
501025,142,oracle+donor_profile,xml,0,0.25,186472,oracle_only
501170,129,oracle+donor_profile,xml,0,0.25,186473,oracle_only
501302,130,oracle+donor_profile,xml,0,0.25,186474,oracle_only
501435,140,oracle+donor_profile,xml,0,0.25,186475,oracle_only
501578,114,oracle+donor_profile,xml,0,0.25,186476,oracle_only
501695,175,oracle+donor_profile,xml,0,0.25,186477,oracle_only
501873,104,oracle+donor_profile,xml,0,0.25,186478,oracle_only
501980,87,oracle+donor_profile,xml,0,0.25,186479,oracle_only
502070,140,oracle+donor_profile,xml,0,0.25,186480,oracle_only
502213,129,oracle+donor_profile,xml,0,0.25,186481,oracle_only
502345,129,oracle+donor_profile,xml,0,0.25,186482,oracle_only
502477,178,oracle+donor_profile,xml,0,0.25,186483,oracle_only
502658,141,oracle+donor_profile,xml,0,0.25,186484,oracle_only
502802,143,oracle+donor_profile,xml,0,0.25,186485,oracle_only
502948,109,oracle+donor_profile,xml,0,0.25,186486,oracle_only
503060,106,oracle+donor_profile,xml,0,0.25,186487,oracle_only
503169,94,oracle+donor_profile,xml,0,0.25,186488,oracle_only
503266,119,oracle+donor_profile,xml,0,0.25,186489,oracle_only
503388,150,oracle+donor_profile,xml,0,0.25,186490,oracle_only
503541,102,oracle+donor_profile,xml,0,0.25,186491,oracle_only
503646,131,oracle+donor_profile,xml,0,0.25,186492,oracle_only
503780,129,oracle+donor_profile,xml,0,0.25,186493,oracle_only
503912,126,oracle+donor_profile,xml,0,0.25,186494,oracle_only
504041,145,oracle+donor_profile,xml,0,0.25,186495,oracle_only
504189,126,oracle+donor_profile,xml,0,0.25,186496,oracle_only
504318,134,oracle+donor_profile,xml,0,0.25,186497,oracle_only
504455,92,oracle+donor_profile,xml,0,0.25,186498,oracle_only
504550,109,oracle+donor_profile,xml,0,0.25,186499,oracle_only
504662,137,oracle+donor_profile,xml,0,0.25,186500,oracle_only
504802,142,oracle+donor_profile,xml,0,0.25,186501,oracle_only
504947,137,oracle+donor_profile,xml,0,0.25,186502,oracle_only
505087,90,oracle+donor_profile,xml,0,0.25,186503,oracle_only
505180,90,oracle+donor_profile,xml,0,0.25,186504,oracle_only
505273,90,oracle+donor_profile,xml,0,0.25,186505,oracle_only
505366,90,oracle+donor_profile,xml,0,0.25,186506,oracle_only
505459,90,oracle+donor_profile,xml,0,0.25,186507,oracle_only
505552,122,oracle+donor_profile,xml,0,0.25,186508,oracle_only
505677,90,oracle+donor_profile,xml,0,0.25,186509,oracle_only
505770,90,oracle+donor_profile,xml,0,0.25,186510,oracle_only
505863,90,oracle+donor_profile,xml,0,0.25,186511,oracle_only
505956,89,oracle+donor_profile,xml,0,0.25,186512,oracle_only
506048,89,oracle+donor_profile,xml,0,0.25,186513,oracle_only
506140,89,oracle+donor_profile,xml,0,0.25,186514,oracle_only
506232,89,oracle+donor_profile,xml,0,0.25,186515,oracle_only
506324,89,oracle+donor_profile,xml,0,0.25,186516,oracle_only
506416,89,oracle+donor_profile,xml,0,0.25,186517,oracle_only
506508,89,oracle+donor_profile,xml,0,0.25,186518,oracle_only
506600,89,oracle+donor_profile,xml,0,0.25,186519,oracle_only
506692,89,oracle+donor_profile,xml,0,0.25,186520,oracle_only
506784,89,oracle+donor_profile,xml,0,0.25,186521,oracle_only
506876,89,oracle+donor_profile,xml,0,0.25,186522,oracle_only
506968,103,oracle+donor_profile,xml,0,0.25,186523,oracle_only
507074,104,oracle+donor_profile,xml,0,0.25,186524,oracle_only
507181,103,oracle+donor_profile,xml,0,0.25,186525,oracle_only
507287,128,oracle+donor_profile,xml,0,0.25,186526,oracle_only
507418,110,oracle+donor_profile,xml,0,0.25,186527,oracle_only
507531,109,oracle+donor_profile,xml,0,0.25,186528,oracle_only
507643,109,oracle+donor_profile,xml,0,0.25,186529,oracle_only
507755,119,oracle+donor_profile,xml,0,0.25,186530,oracle_only
507877,134,oracle+donor_profile,xml,0,0.25,186531,oracle_only
508014,103,oracle+donor_profile,xml,0,0.25,186532,oracle_only
508120,98,oracle+donor_profile,xml,0,0.25,186533,oracle_only
508221,138,oracle+donor_profile,xml,0,0.25,186534,oracle_only
508362,133,oracle+donor_profile,xml,0,0.25,186535,oracle_only
508498,100,oracle+donor_profile,xml,0,0.25,186536,oracle_only
508601,122,oracle+donor_profile,xml,0,0.25,186537,oracle_only
508726,124,oracle+donor_profile,xml,0,0.25,186538,oracle_only
508853,137,oracle+donor_profile,xml,0,0.25,186539,oracle_only
508993,135,oracle+donor_profile,xml,0,0.25,186540,oracle_only
509131,125,oracle+donor_profile,xml,0,0.25,186541,oracle_only
509259,183,oracle+donor_profile,xml,0,0.25,186542,oracle_only
509445,162,oracle+donor_profile,xml,0,0.25,186543,oracle_only
509610,119,oracle+donor_profile,xml,0,0.25,186544,oracle_only
509732,106,oracle+donor_profile,xml,0,0.25,186545,oracle_only
509841,140,oracle+donor_profile,xml,0,0.25,186546,oracle_only
509984,131,oracle+donor_profile,xml,0,0.25,186547,oracle_only
510118,116,oracle+donor_profile,xml,0,0.25,186548,oracle_only
510237,119,oracle+donor_profile,xml,0,0.25,186549,oracle_only
510359,217,oracle+donor_profile,xml,0,0.25,186550,oracle_only
510579,120,oracle+donor_profile,xml,0,0.25,186551,oracle_only
510702,137,oracle+donor_profile,xml,0,0.25,186552,oracle_only
510842,170,oracle+donor_profile,xml,0,0.25,186553,oracle_only
511015,106,oracle+donor_profile,xml,0,0.25,186554,oracle_only
511124,116,oracle+donor_profile,xml,0,0.25,186555,oracle_only
511243,125,oracle+donor_profile,xml,0,0.25,186556,oracle_only
511371,121,oracle+donor_profile,xml,0,0.25,186557,oracle_only
511495,103,oracle+donor_profile,xml,0,0.25,186558,oracle_only
511601,145,oracle+donor_profile,xml,0,0.25,186559,oracle_only
511749,131,oracle+donor_profile,xml,0,0.25,186560,oracle_only
511883,125,oracle+donor_profile,xml,0,0.25,186561,oracle_only
512011,140,oracle+donor_profile,xml,0,0.25,186562,oracle_only
512154,82,oracle+donor_profile,xml,0,0.25,186563,oracle_only
512239,115,oracle+donor_profile,xml,0,0.25,186564,oracle_only
512357,179,oracle+donor_profile,xml,0,0.25,186565,oracle_only
512539,157,oracle+donor_profile,xml,0,0.25,186566,oracle_only
512699,101,oracle+donor_profile,xml,0,0.25,186567,oracle_only
512803,112,oracle+donor_profile,xml,0,0.25,186568,oracle_only
512918,105,oracle+donor_profile,xml,0,0.25,186569,oracle_only
513026,128,oracle+donor_profile,xml,0,0.25,186570,oracle_only
513157,135,oracle+donor_profile,xml,0,0.25,186571,oracle_only
513295,109,oracle+donor_profile,xml,0,0.25,186572,oracle_only
513407,96,oracle+donor_profile,xml,0,0.25,186573,oracle_only
513506,132,oracle+donor_profile,xml,0,0.25,186574,oracle_only
513641,97,oracle+donor_profile,xml,0,0.25,186575,oracle_only
513741,151,oracle+donor_profile,xml,0,0.25,186576,oracle_only
513895,152,oracle+donor_profile,xml,0,0.25,186577,oracle_only
514050,149,oracle+donor_profile,xml,0,0.25,186578,oracle_only
514202,149,oracle+donor_profile,xml,0,0.25,186579,oracle_only
514354,84,oracle+donor_profile,xml,0,0.25,186580,oracle_only
514441,117,oracle+donor_profile,xml,0,0.25,186581,oracle_only
514561,196,oracle+donor_profile,xml,0,0.25,186582,oracle_only
514760,223,oracle+donor_profile,xml,0,0.25,186583,oracle_only
514986,124,oracle+donor_profile,xml,0,0.25,186584,oracle_only
515113,115,oracle+donor_profile,xml,0,0.25,186585,oracle_only
515231,122,oracle+donor_profile,xml,0,0.25,186586,oracle_only
515356,127,oracle+donor_profile,xml,0,0.25,186587,oracle_only
515486,127,oracle+donor_profile,xml,0,0.25,186588,oracle_only
515616,112,oracle+donor_profile,xml,0,0.25,186589,oracle_only
515731,152,oracle+donor_profile,xml,0,0.25,186590,oracle_only
515886,140,oracle+donor_profile,xml,0,0.25,186591,oracle_only
516029,103,oracle+donor_profile,xml,0,0.25,186592,oracle_only
516135,127,oracle+donor_profile,xml,0,0.25,186593,oracle_only
516265,114,oracle+donor_profile,xml,0,0.25,186594,oracle_only
516382,141,oracle+donor_profile,xml,0,0.25,186595,oracle_only
516526,123,oracle+donor_profile,xml,0,0.25,186596,oracle_only
516652,106,oracle+donor_profile,xml,0,0.25,186597,oracle_only
516761,129,oracle+donor_profile,xml,0,0.25,186598,oracle_only
516893,116,oracle+donor_profile,xml,0,0.25,186599,oracle_only
517012,156,oracle+donor_profile,xml,0,0.25,186600,oracle_only
517171,108,oracle+donor_profile,xml,0,0.25,186601,oracle_only
517282,167,oracle+donor_profile,xml,0,0.25,186602,oracle_only
517452,122,oracle+donor_profile,xml,0,0.25,186603,oracle_only
517577,136,oracle+donor_profile,xml,0,0.25,186604,oracle_only
517716,121,oracle+donor_profile,xml,0,0.25,186605,oracle_only
517840,99,oracle+donor_profile,xml,0,0.25,186606,oracle_only
517942,109,oracle+donor_profile,xml,0,0.25,186607,oracle_only
518054,84,oracle+donor_profile,xml,0,0.25,186608,oracle_only
518141,137,oracle+donor_profile,xml,0,0.25,186609,oracle_only
518281,108,oracle+donor_profile,xml,0,0.25,186610,oracle_only
518392,119,oracle+donor_profile,xml,0,0.25,186611,oracle_only
518514,131,oracle+donor_profile,xml,0,0.25,186612,oracle_only
518648,131,oracle+donor_profile,xml,0,0.25,186613,oracle_only
518782,95,oracle+donor_profile,xml,0,0.25,186614,oracle_only
518880,194,oracle+donor_profile,xml,0,0.25,186615,oracle_only
519077,154,oracle+donor_profile,xml,0,0.25,186616,oracle_only
519234,122,oracle+donor_profile,xml,0,0.25,186617,oracle_only
519359,120,oracle+donor_profile,xml,0,0.25,186618,oracle_only
519482,126,oracle+donor_profile,xml,0,0.25,186619,oracle_only
519611,146,oracle+donor_profile,xml,0,0.25,186620,oracle_only
519760,121,oracle+donor_profile,xml,0,0.25,186621,oracle_only
519884,112,oracle+donor_profile,xml,0,0.25,186622,oracle_only
519999,133,oracle+donor_profile,xml,0,0.25,186623,oracle_only
520135,174,oracle+donor_profile,xml,0,0.25,186624,oracle_only
520312,103,oracle+donor_profile,xml,0,0.25,186625,oracle_only
520418,179,oracle+donor_profile,xml,0,0.25,186626,oracle_only
520600,96,oracle+donor_profile,xml,0,0.25,186627,oracle_only
520699,135,oracle+donor_profile,xml,0,0.25,186628,oracle_only
520837,130,oracle+donor_profile,xml,0,0.25,186629,oracle_only
520970,139,oracle+donor_profile,xml,0,0.25,186630,oracle_only
521112,101,oracle+donor_profile,xml,0,0.25,186631,oracle_only
521216,135,oracle+donor_profile,xml,0,0.25,186632,oracle_only
521354,109,oracle+donor_profile,xml,0,0.25,186633,oracle_only
521466,119,oracle+donor_profile,xml,0,0.25,186634,oracle_only
521588,136,oracle+donor_profile,xml,0,0.25,186635,oracle_only
521727,123,oracle+donor_profile,xml,0,0.25,186636,oracle_only
521853,115,oracle+donor_profile,xml,0,0.25,186637,oracle_only
521971,127,oracle+donor_profile,xml,0,0.25,186638,oracle_only
522101,117,oracle+donor_profile,xml,0,0.25,186639,oracle_only
522221,125,oracle+donor_profile,xml,0,0.25,186640,oracle_only
522349,130,oracle+donor_profile,xml,0,0.25,186641,oracle_only
522482,126,oracle+donor_profile,xml,0,0.25,186642,oracle_only
522611,128,oracle+donor_profile,xml,0,0.25,186643,oracle_only
522742,109,oracle+donor_profile,xml,0,0.25,186644,oracle_only
522854,125,oracle+donor_profile,xml,0,0.25,186645,oracle_only
522982,100,oracle+donor_profile,xml,0,0.25,186646,oracle_only
523085,87,oracle+donor_profile,xml,0,0.25,186647,oracle_only
523175,147,oracle+donor_profile,xml,0,0.25,186648,oracle_only
523325,141,oracle+donor_profile,xml,0,0.25,186649,oracle_only
523469,130,oracle+donor_profile,xml,0,0.25,186650,oracle_only
523602,118,oracle+donor_profile,xml,0,0.25,186651,oracle_only
523723,120,oracle+donor_profile,xml,0,0.25,186652,oracle_only
523846,107,oracle+donor_profile,xml,0,0.25,186653,oracle_only
523956,206,oracle+donor_profile,xml,0,0.25,186654,oracle_only
524165,203,oracle+donor_profile,xml,0,0.25,186655,oracle_only
524371,143,oracle+donor_profile,xml,0,0.25,186656,oracle_only
524517,106,oracle+donor_profile,xml,0,0.25,186657,oracle_only
524626,119,oracle+donor_profile,xml,0,0.25,186658,oracle_only
524748,150,oracle+donor_profile,xml,0,0.25,186659,oracle_only
524901,123,oracle+donor_profile,xml,0,0.25,186660,oracle_only
525027,128,oracle+donor_profile,xml,0,0.25,186661,oracle_only
525158,131,oracle+donor_profile,xml,0,0.25,186662,oracle_only
525292,102,oracle+donor_profile,xml,0,0.25,186663,oracle_only
525397,91,oracle+donor_profile,xml,0,0.25,186664,oracle_only
525491,113,oracle+donor_profile,xml,0,0.25,186665,oracle_only
525607,143,oracle+donor_profile,xml,0,0.25,186666,oracle_only
525753,115,oracle+donor_profile,xml,0,0.25,186667,oracle_only
525871,112,oracle+donor_profile,xml,0,0.25,186668,oracle_only
525986,175,oracle+donor_profile,xml,0,0.25,186669,oracle_only
526164,134,oracle+donor_profile,xml,0,0.25,186670,oracle_only
526301,138,oracle+donor_profile,xml,0,0.25,186671,oracle_only
526442,176,oracle+donor_profile,xml,0,0.25,186672,oracle_only
526621,131,oracle+donor_profile,xml,0,0.25,186673,oracle_only
526755,131,oracle+donor_profile,xml,0,0.25,186674,oracle_only
526889,102,oracle+donor_profile,xml,0,0.25,186675,oracle_only
526994,129,oracle+donor_profile,xml,0,0.25,186676,oracle_only
527126,136,oracle+donor_profile,xml,0,0.25,186677,oracle_only
527265,98,oracle+donor_profile,xml,0,0.25,186678,oracle_only
527366,113,oracle+donor_profile,xml,0,0.25,186679,oracle_only
527482,131,oracle+donor_profile,xml,0,0.25,186680,oracle_only
527616,114,oracle+donor_profile,xml,0,0.25,186681,oracle_only
527733,106,oracle+donor_profile,xml,0,0.25,186682,oracle_only
527842,112,oracle+donor_profile,xml,0,0.25,186683,oracle_only
527957,144,oracle+donor_profile,xml,0,0.25,186684,oracle_only
528104,103,oracle+donor_profile,xml,0,0.25,186685,oracle_only
528210,145,oracle+donor_profile,xml,0,0.25,186686,oracle_only
528358,127,oracle+donor_profile,xml,0,0.25,186687,oracle_only
528488,120,oracle+donor_profile,xml,0,0.25,186688,oracle_only
528611,112,oracle+donor_profile,xml,0,0.25,186689,oracle_only
528726,125,oracle+donor_profile,xml,0,0.25,186690,oracle_only
528854,109,oracle+donor_profile,xml,0,0.25,186691,oracle_only
528966,124,oracle+donor_profile,xml,0,0.25,186692,oracle_only
529093,103,oracle+donor_profile,xml,0,0.25,186693,oracle_only
529199,77,oracle+donor_profile,xml,0,0.25,186694,oracle_only
529279,115,oracle+donor_profile,xml,0,0.25,186695,oracle_only
529397,141,oracle+donor_profile,xml,0,0.25,186696,oracle_only
529541,116,oracle+donor_profile,xml,0,0.25,186697,oracle_only
529660,113,oracle+donor_profile,xml,0,0.25,186698,oracle_only
529776,99,oracle+donor_profile,xml,0,0.25,186699,oracle_only
529878,134,oracle+donor_profile,xml,0,0.25,186700,oracle_only
530015,138,oracle+donor_profile,xml,0,0.25,186701,oracle_only
530156,87,oracle+donor_profile,xml,0,0.25,186702,oracle_only
530246,110,oracle+donor_profile,xml,0,0.25,186703,oracle_only
530359,130,oracle+donor_profile,xml,0,0.25,186704,oracle_only
530492,125,oracle+donor_profile,xml,0,0.25,186705,oracle_only
530620,121,oracle+donor_profile,xml,0,0.25,186706,oracle_only
530744,132,oracle+donor_profile,xml,0,0.25,186707,oracle_only
530879,134,oracle+donor_profile,xml,0,0.25,186708,oracle_only
531016,118,oracle+donor_profile,xml,0,0.25,186709,oracle_only
531137,78,oracle+donor_profile,xml,0,0.25,186710,oracle_only
531218,120,oracle+donor_profile,xml,0,0.25,186711,oracle_only
531341,126,oracle+donor_profile,xml,0,0.25,186712,oracle_only
531470,126,oracle+donor_profile,xml,0,0.25,186713,oracle_only
531599,146,oracle+donor_profile,xml,0,0.25,186714,oracle_only
531748,127,oracle+donor_profile,xml,0,0.25,186715,oracle_only
531878,128,oracle+donor_profile,xml,0,0.25,186716,oracle_only
532009,111,oracle+donor_profile,xml,0,0.25,186717,oracle_only
532123,132,oracle+donor_profile,xml,0,0.25,186718,oracle_only
532258,128,oracle+donor_profile,xml,0,0.25,186719,oracle_only
532389,124,oracle+donor_profile,xml,0,0.25,186720,oracle_only
532516,132,oracle+donor_profile,xml,0,0.25,186721,oracle_only
532651,121,oracle+donor_profile,xml,0,0.25,186722,oracle_only
532775,112,oracle+donor_profile,xml,0,0.25,186723,oracle_only
532890,152,oracle+donor_profile,xml,0,0.25,186724,oracle_only
533045,103,oracle+donor_profile,xml,0,0.25,186725,oracle_only
533151,114,oracle+donor_profile,xml,0,0.25,186726,oracle_only
533268,114,oracle+donor_profile,xml,0,0.25,186727,oracle_only
533385,115,oracle+donor_profile,xml,0,0.25,186728,oracle_only
533503,138,oracle+donor_profile,xml,0,0.25,186729,oracle_only
533644,130,oracle+donor_profile,xml,0,0.25,186730,oracle_only
533777,111,oracle+donor_profile,xml,0,0.25,186731,oracle_only
533891,116,oracle+donor_profile,xml,0,0.25,186732,oracle_only
534010,122,oracle+donor_profile,xml,0,0.25,186733,oracle_only
534135,118,oracle+donor_profile,xml,0,0.25,186734,oracle_only
534256,128,oracle+donor_profile,xml,0,0.25,186735,oracle_only
534387,137,oracle+donor_profile,xml,0,0.25,186736,oracle_only
534527,125,oracle+donor_profile,xml,0,0.25,186737,oracle_only
534655,136,oracle+donor_profile,xml,0,0.25,186738,oracle_only
534794,138,oracle+donor_profile,xml,0,0.25,186739,oracle_only
534935,191,oracle+donor_profile,xml,0,0.25,186740,oracle_only
535129,125,oracle+donor_profile,xml,0,0.25,186741,oracle_only
535257,91,oracle+donor_profile,xml,0,0.25,186742,oracle_only
535351,85,oracle+donor_profile,xml,0,0.25,186743,oracle_only
535439,125,oracle+donor_profile,xml,0,0.25,186744,oracle_only
535567,78,oracle+donor_profile,xml,0,0.25,186745,oracle_only
535648,90,oracle+donor_profile,xml,0,0.25,186746,oracle_only
535741,117,oracle+donor_profile,xml,0,0.25,186747,oracle_only
535861,99,oracle+donor_profile,xml,0,0.25,186748,oracle_only
535963,79,oracle+donor_profile,xml,0,0.25,186749,oracle_only
536045,111,oracle+donor_profile,xml,0,0.25,186750,oracle_only
536159,90,oracle+donor_profile,xml,0,0.25,186751,oracle_only
536252,84,oracle+donor_profile,xml,0,0.25,186752,oracle_only
536339,90,oracle+donor_profile,xml,0,0.25,186753,oracle_only
536432,135,oracle+donor_profile,xml,0,0.25,186754,oracle_only
536570,103,oracle+donor_profile,xml,0,0.25,186755,oracle_only
536676,128,oracle+donor_profile,xml,0,0.25,186756,oracle_only
536807,145,oracle+donor_profile,xml,0,0.25,186757,oracle_only
536955,161,oracle+donor_profile,xml,0,0.25,186758,oracle_only
537119,117,oracle+donor_profile,xml,0,0.25,186759,oracle_only
537239,103,oracle+donor_profile,xml,0,0.25,186760,oracle_only
537345,110,oracle+donor_profile,xml,0,0.25,186761,oracle_only
537458,87,oracle+donor_profile,xml,0,0.25,186762,oracle_only
537548,103,oracle+donor_profile,xml,0,0.25,186763,oracle_only
537654,111,oracle+donor_profile,xml,0,0.25,186764,oracle_only
537768,127,oracle+donor_profile,xml,0,0.25,186765,oracle_only
537898,110,oracle+donor_profile,xml,0,0.25,186766,oracle_only
538011,123,oracle+donor_profile,xml,0,0.25,186767,oracle_only
538137,100,oracle+donor_profile,xml,0,0.25,186768,oracle_only
538240,143,oracle+donor_profile,xml,0,0.25,186769,oracle_only
538386,95,oracle+donor_profile,xml,0,0.25,186770,oracle_only
538484,108,oracle+donor_profile,xml,0,0.25,186771,oracle_only
538595,92,oracle+donor_profile,xml,0,0.25,186772,oracle_only
538690,121,oracle+donor_profile,xml,0,0.25,186773,oracle_only
538814,83,oracle+donor_profile,xml,0,0.25,186774,oracle_only
538900,114,oracle+donor_profile,xml,0,0.25,186775,oracle_only
539017,245,oracle+donor_profile,xml,0,0.25,186776,oracle_only
539265,139,oracle+donor_profile,xml,0,0.25,186777,oracle_only
539407,132,oracle+donor_profile,xml,0,0.25,186778,oracle_only
539542,108,oracle+donor_profile,xml,0,0.25,186779,oracle_only
539653,155,oracle+donor_profile,xml,0,0.25,186780,oracle_only
539811,137,oracle+donor_profile,xml,0,0.25,186781,oracle_only
539951,137,oracle+donor_profile,xml,0,0.25,186782,oracle_only
540091,155,oracle+donor_profile,xml,0,0.25,186783,oracle_only
540249,146,oracle+donor_profile,xml,0,0.25,186784,oracle_only
540398,146,oracle+donor_profile,xml,0,0.25,186785,oracle_only
540547,102,oracle+donor_profile,xml,0,0.25,186786,oracle_only
540652,134,oracle+donor_profile,xml,0,0.25,186787,oracle_only
540789,157,oracle+donor_profile,xml,0,0.25,186788,oracle_only
540949,164,oracle+donor_profile,xml,0,0.25,186789,oracle_only
541116,158,oracle+donor_profile,xml,0,0.25,186790,oracle_only
541277,155,oracle+donor_profile,xml,0,0.25,186791,oracle_only
541435,135,oracle+donor_profile,xml,0,0.25,186792,oracle_only
541573,127,oracle+donor_profile,xml,0,0.25,186793,oracle_only
541703,114,oracle+donor_profile,xml,0,0.25,186794,oracle_only
541820,77,oracle+donor_profile,xml,0,0.25,186795,oracle_only
541900,124,oracle+donor_profile,xml,0,0.25,186796,oracle_only
542027,123,oracle+donor_profile,xml,0,0.25,186797,oracle_only
542153,113,oracle+donor_profile,xml,0,0.25,186798,oracle_only
542269,79,oracle+donor_profile,xml,0,0.25,186799,oracle_only
542351,84,oracle+donor_profile,xml,0,0.25,186800,oracle_only
542438,94,oracle+donor_profile,xml,0,0.25,186801,oracle_only
542535,109,oracle+donor_profile,xml,0,0.25,186802,oracle_only
542647,106,oracle+donor_profile,xml,0,0.25,186803,oracle_only
542756,169,oracle+donor_profile,xml,0,0.25,186804,oracle_only
542928,149,oracle+donor_profile,xml,0,0.25,186805,oracle_only
543080,122,oracle+donor_profile,xml,0,0.25,186806,oracle_only
543205,156,oracle+donor_profile,xml,0,0.25,186807,oracle_only
543364,109,oracle+donor_profile,xml,0,0.25,186808,oracle_only
543476,101,oracle+donor_profile,xml,0,0.25,186809,oracle_only
543580,105,oracle+donor_profile,xml,0,0.25,186810,oracle_only
543688,97,oracle+donor_profile,xml,0,0.25,186811,oracle_only
543788,111,oracle+donor_profile,xml,0,0.25,186812,oracle_only
543902,145,oracle+donor_profile,xml,0,0.25,186813,oracle_only
544050,133,oracle+donor_profile,xml,0,0.25,186814,oracle_only
544186,85,oracle+donor_profile,xml,0,0.25,186815,oracle_only
544274,174,oracle+donor_profile,xml,0,0.25,186816,oracle_only
544451,115,oracle+donor_profile,xml,0,0.25,186817,oracle_only
544569,111,oracle+donor_profile,xml,0,0.25,186818,oracle_only
544683,107,oracle+donor_profile,xml,0,0.25,186819,oracle_only
544793,131,oracle+donor_profile,xml,0,0.25,186820,oracle_only
544927,141,oracle+donor_profile,xml,0,0.25,186821,oracle_only
545071,108,oracle+donor_profile,xml,0,0.25,186822,oracle_only
545182,126,oracle+donor_profile,xml,0,0.25,186823,oracle_only
545311,119,oracle+donor_profile,xml,0,0.25,186824,oracle_only
545433,121,oracle+donor_profile,xml,0,0.25,186825,oracle_only
545557,102,oracle+donor_profile,xml,0,0.25,186826,oracle_only
545662,104,oracle+donor_profile,xml,0,0.25,186827,oracle_only
545769,112,oracle+donor_profile,xml,0,0.25,186828,oracle_only
545884,131,oracle+donor_profile,xml,0,0.25,186829,oracle_only
546018,113,oracle+donor_profile,xml,0,0.25,186830,oracle_only
546134,117,oracle+donor_profile,xml,0,0.25,186831,oracle_only
546254,123,oracle+donor_profile,xml,0,0.25,186832,oracle_only
546380,95,oracle+donor_profile,xml,0,0.25,186833,oracle_only
546478,107,oracle+donor_profile,xml,0,0.25,186834,oracle_only
546588,86,oracle+donor_profile,xml,0,0.25,186835,oracle_only
546677,105,oracle+donor_profile,xml,0,0.25,186836,oracle_only
546785,122,oracle+donor_profile,xml,0,0.25,186837,oracle_only
546910,115,oracle+donor_profile,xml,0,0.25,186838,oracle_only
547028,91,oracle+donor_profile,xml,0,0.25,186839,oracle_only
547122,129,oracle+donor_profile,xml,0,0.25,186840,oracle_only
547254,127,oracle+donor_profile,xml,0,0.25,186841,oracle_only
547384,109,oracle+donor_profile,xml,0,0.25,186842,oracle_only
547496,102,oracle+donor_profile,xml,0,0.25,186843,oracle_only
547601,108,oracle+donor_profile,xml,0,0.25,186844,oracle_only
547712,110,oracle+donor_profile,xml,0,0.25,186845,oracle_only
547825,116,oracle+donor_profile,xml,0,0.25,186846,oracle_only
547944,124,oracle+donor_profile,xml,0,0.25,186847,oracle_only
548071,98,oracle+donor_profile,xml,0,0.25,186848,oracle_only
548172,125,oracle+donor_profile,xml,0,0.25,186849,oracle_only
548300,92,oracle+donor_profile,xml,0,0.25,186850,oracle_only
548395,150,oracle+donor_profile,xml,0,0.25,186851,oracle_only
548548,112,oracle+donor_profile,xml,0,0.25,186852,oracle_only
548663,106,oracle+donor_profile,xml,0,0.25,186853,oracle_only
548772,78,oracle+donor_profile,xml,0,0.25,186854,oracle_only
548853,90,oracle+donor_profile,xml,0,0.25,186855,oracle_only
548946,112,oracle+donor_profile,xml,0,0.25,186856,oracle_only
549061,125,oracle+donor_profile,xml,0,0.25,186857,oracle_only
549189,109,oracle+donor_profile,xml,0,0.25,186858,oracle_only
549301,106,oracle+donor_profile,xml,0,0.25,186859,oracle_only
549410,113,oracle+donor_profile,xml,0,0.25,186860,oracle_only
549526,106,oracle+donor_profile,xml,0,0.25,186861,oracle_only
549635,90,oracle+donor_profile,xml,0,0.25,186862,oracle_only
549728,104,oracle+donor_profile,xml,0,0.25,186863,oracle_only
549835,115,oracle+donor_profile,xml,0,0.25,186864,oracle_only
549953,111,oracle+donor_profile,xml,0,0.25,186865,oracle_only
550067,114,oracle+donor_profile,xml,0,0.25,186866,oracle_only
550184,118,oracle+donor_profile,xml,0,0.25,186867,oracle_only
550305,116,oracle+donor_profile,xml,0,0.25,186868,oracle_only
550424,115,oracle+donor_profile,xml,0,0.25,186869,oracle_only
550542,128,oracle+donor_profile,xml,0,0.25,186870,oracle_only
550673,121,oracle+donor_profile,xml,0,0.25,186871,oracle_only
550797,140,oracle+donor_profile,xml,0,0.25,186872,oracle_only
550940,85,oracle+donor_profile,xml,0,0.25,186873,oracle_only
551028,120,oracle+donor_profile,xml,0,0.25,186874,oracle_only
551151,134,oracle+donor_profile,xml,0,0.25,186875,oracle_only
551288,137,oracle+donor_profile,xml,0,0.25,186876,oracle_only
551428,100,oracle+donor_profile,xml,0,0.25,186877,oracle_only
551531,98,oracle+donor_profile,xml,0,0.25,186878,oracle_only
551632,127,oracle+donor_profile,xml,0,0.25,186879,oracle_only
551762,77,oracle+donor_profile,xml,0,0.25,186880,oracle_only
551842,111,oracle+donor_profile,xml,0,0.25,186881,oracle_only
551956,111,oracle+donor_profile,xml,0,0.25,186882,oracle_only
552070,171,oracle+donor_profile,xml,0,0.25,186883,oracle_only
552244,115,oracle+donor_profile,xml,0,0.25,186884,oracle_only
552362,111,oracle+donor_profile,xml,0,0.25,186885,oracle_only
552476,111,oracle+donor_profile,xml,0,0.25,186886,oracle_only
552590,112,oracle+donor_profile,xml,0,0.25,186887,oracle_only
552705,83,oracle+donor_profile,xml,0,0.25,186888,oracle_only
552791,115,oracle+donor_profile,xml,0,0.25,186889,oracle_only
552909,142,oracle+donor_profile,xml,0,0.25,186890,oracle_only
553054,125,oracle+donor_profile,xml,0,0.25,186891,oracle_only
553182,117,oracle+donor_profile,xml,0,0.25,186892,oracle_only
553302,100,oracle+donor_profile,xml,0,0.25,186893,oracle_only
553405,124,oracle+donor_profile,xml,0,0.25,186894,oracle_only
553532,113,oracle+donor_profile,xml,0,0.25,186895,oracle_only
553648,119,oracle+donor_profile,xml,0,0.25,186896,oracle_only
553770,129,oracle+donor_profile,xml,0,0.25,186897,oracle_only
553902,115,oracle+donor_profile,xml,0,0.25,186898,oracle_only
554020,119,oracle+donor_profile,xml,0,0.25,186899,oracle_only
554142,108,oracle+donor_profile,xml,0,0.25,186900,oracle_only
554253,130,oracle+donor_profile,xml,0,0.25,186901,oracle_only
554386,136,oracle+donor_profile,xml,0,0.25,186902,oracle_only
554525,115,oracle+donor_profile,xml,0,0.25,186903,oracle_only
554643,171,oracle+donor_profile,xml,0,0.25,186904,oracle_only
554817,123,oracle+donor_profile,xml,0,0.25,186905,oracle_only
554943,105,oracle+donor_profile,xml,0,0.25,186906,oracle_only
555051,122,oracle+donor_profile,xml,0,0.25,186907,oracle_only
555176,102,oracle+donor_profile,xml,0,0.25,186908,oracle_only
555281,122,oracle+donor_profile,xml,0,0.25,186909,oracle_only
555406,130,oracle+donor_profile,xml,0,0.25,186910,oracle_only
555539,150,oracle+donor_profile,xml,0,0.25,186911,oracle_only
555692,114,oracle+donor_profile,xml,0,0.25,186912,oracle_only
555809,110,oracle+donor_profile,xml,0,0.25,186913,oracle_only
555922,163,oracle+donor_profile,xml,0,0.25,186914,oracle_only
556088,202,oracle+donor_profile,xml,0,0.25,186915,oracle_only
556293,124,oracle+donor_profile,xml,0,0.25,186916,oracle_only
556420,131,oracle+donor_profile,xml,0,0.25,186917,oracle_only
556554,129,oracle+donor_profile,xml,0,0.25,186918,oracle_only
556686,111,oracle+donor_profile,xml,0,0.25,186919,oracle_only
556800,90,oracle+donor_profile,xml,0,0.25,186920,oracle_only
556893,102,oracle+donor_profile,xml,0,0.25,186921,oracle_only
556998,104,oracle+donor_profile,xml,0,0.25,186922,oracle_only
557105,145,oracle+donor_profile,xml,0,0.25,186923,oracle_only
557253,145,oracle+donor_profile,xml,0,0.25,186924,oracle_only
557401,161,oracle+donor_profile,xml,0,0.25,186925,oracle_only
557565,123,oracle+donor_profile,xml,0,0.25,186926,oracle_only
557691,134,oracle+donor_profile,xml,0,0.25,186927,oracle_only
557828,121,oracle+donor_profile,xml,0,0.25,186928,oracle_only
557952,153,oracle+donor_profile,xml,0,0.25,186929,oracle_only
558108,129,oracle+donor_profile,xml,0,0.25,186930,oracle_only
558240,115,oracle+donor_profile,xml,0,0.25,186931,oracle_only
558358,140,oracle+donor_profile,xml,0,0.25,186932,oracle_only
558501,127,oracle+donor_profile,xml,0,0.25,186933,oracle_only
558631,141,oracle+donor_profile,xml,0,0.25,186934,oracle_only
558775,90,oracle+donor_profile,xml,0,0.25,186935,oracle_only
558868,105,oracle+donor_profile,xml,0,0.25,186936,oracle_only
558976,105,oracle+donor_profile,xml,0,0.25,186937,oracle_only
559084,136,oracle+donor_profile,xml,0,0.25,186938,oracle_only
559223,118,oracle+donor_profile,xml,0,0.25,186939,oracle_only
559344,124,oracle+donor_profile,xml,0,0.25,186940,oracle_only
559471,124,oracle+donor_profile,xml,0,0.25,186941,oracle_only
559598,147,oracle+donor_profile,xml,0,0.25,186942,oracle_only
559748,125,oracle+donor_profile,xml,0,0.25,186943,oracle_only
559876,112,oracle+donor_profile,xml,0,0.25,186944,oracle_only
559991,117,oracle+donor_profile,xml,0,0.25,186945,oracle_only
560111,143,oracle+donor_profile,xml,0,0.25,186946,oracle_only
560257,129,oracle+donor_profile,xml,0,0.25,186947,oracle_only
560389,119,oracle+donor_profile,xml,0,0.25,186948,oracle_only
560511,79,oracle+donor_profile,xml,0,0.25,186949,oracle_only
560593,130,oracle+donor_profile,xml,0,0.25,186950,oracle_only
560726,98,oracle+donor_profile,xml,0,0.25,186951,oracle_only
560827,150,oracle+donor_profile,xml,0,0.25,186952,oracle_only
560980,142,oracle+donor_profile,xml,0,0.25,186953,oracle_only
561125,154,oracle+donor_profile,xml,0,0.25,186954,oracle_only
561282,111,oracle+donor_profile,xml,0,0.25,186955,oracle_only
561396,90,oracle+donor_profile,xml,0,0.25,186956,oracle_only
561489,97,oracle+donor_profile,xml,0,0.25,186957,oracle_only
561589,117,oracle+donor_profile,xml,0,0.25,186958,oracle_only
561709,151,oracle+donor_profile,xml,0,0.25,186959,oracle_only
561863,134,oracle+donor_profile,xml,0,0.25,186960,oracle_only
562000,131,oracle+donor_profile,xml,0,0.25,186961,oracle_only
562134,146,oracle+donor_profile,xml,0,0.25,186962,oracle_only
562283,123,oracle+donor_profile,xml,0,0.25,186963,oracle_only
562409,132,oracle+donor_profile,xml,0,0.25,186964,oracle_only
562544,112,oracle+donor_profile,xml,0,0.25,186965,oracle_only
562659,180,oracle+donor_profile,xml,0,0.25,186966,oracle_only
562842,95,oracle+donor_profile,xml,0,0.25,186967,oracle_only
562940,96,oracle+donor_profile,xml,0,0.25,186968,oracle_only
563039,91,oracle+donor_profile,xml,0,0.25,186969,oracle_only
563133,118,oracle+donor_profile,xml,0,0.25,186970,oracle_only
563254,125,oracle+donor_profile,xml,0,0.25,186971,oracle_only
563382,109,oracle+donor_profile,xml,0,0.25,186972,oracle_only
563494,177,oracle+donor_profile,xml,0,0.25,186973,oracle_only
563674,164,oracle+donor_profile,xml,0,0.25,186974,oracle_only
563841,116,oracle+donor_profile,xml,0,0.25,186975,oracle_only
563960,139,oracle+donor_profile,xml,0,0.25,186976,oracle_only
564102,151,oracle+donor_profile,xml,0,0.25,186977,oracle_only
564256,108,oracle+donor_profile,xml,0,0.25,186978,oracle_only
564367,147,oracle+donor_profile,xml,0,0.25,186979,oracle_only
564517,149,oracle+donor_profile,xml,0,0.25,186980,oracle_only
564669,146,oracle+donor_profile,xml,0,0.25,186981,oracle_only
564818,116,oracle+donor_profile,xml,0,0.25,186982,oracle_only
564937,134,oracle+donor_profile,xml,0,0.25,186983,oracle_only
565074,103,oracle+donor_profile,xml,0,0.25,186984,oracle_only
565180,106,oracle+donor_profile,xml,0,0.25,186985,oracle_only
565289,131,oracle+donor_profile,xml,0,0.25,186986,oracle_only
565423,124,oracle+donor_profile,xml,0,0.25,186987,oracle_only
565550,115,oracle+donor_profile,xml,0,0.25,186988,oracle_only
565668,108,oracle+donor_profile,xml,0,0.25,186989,oracle_only
565779,127,oracle+donor_profile,xml,0,0.25,186990,oracle_only
565909,96,oracle+donor_profile,xml,0,0.25,186991,oracle_only
566008,83,oracle+donor_profile,xml,0,0.25,186992,oracle_only
566094,126,oracle+donor_profile,xml,0,0.25,186993,oracle_only
566223,108,oracle+donor_profile,xml,0,0.25,186994,oracle_only
566334,115,oracle+donor_profile,xml,0,0.25,186995,oracle_only
566452,108,oracle+donor_profile,xml,0,0.25,186996,oracle_only
566563,91,oracle+donor_profile,xml,0,0.25,186997,oracle_only
566657,100,oracle+donor_profile,xml,0,0.25,186998,oracle_only
566760,104,oracle+donor_profile,xml,0,0.25,186999,oracle_only
566867,112,oracle+donor_profile,xml,0,0.25,187000,oracle_only
566982,122,oracle+donor_profile,xml,0,0.25,187001,oracle_only
567107,123,oracle+donor_profile,xml,0,0.25,187002,oracle_only
567233,123,oracle+donor_profile,xml,0,0.25,187003,oracle_only
567359,115,oracle+donor_profile,xml,0,0.25,187004,oracle_only
567477,116,oracle+donor_profile,xml,0,0.25,187005,oracle_only
567596,116,oracle+donor_profile,xml,0,0.25,187006,oracle_only
567715,122,oracle+donor_profile,xml,0,0.25,187007,oracle_only
567840,119,oracle+donor_profile,xml,0,0.25,187008,oracle_only
567962,115,oracle+donor_profile,xml,0,0.25,187009,oracle_only
568080,114,oracle+donor_profile,xml,0,0.25,187010,oracle_only
568197,115,oracle+donor_profile,xml,0,0.25,187011,oracle_only
568315,114,oracle+donor_profile,xml,0,0.25,187012,oracle_only
568432,115,oracle+donor_profile,xml,0,0.25,187013,oracle_only
568550,117,oracle+donor_profile,xml,0,0.25,187014,oracle_only
568670,92,oracle+donor_profile,xml,0,0.25,187015,oracle_only
568765,115,oracle+donor_profile,xml,0,0.25,187016,oracle_only
568883,116,oracle+donor_profile,xml,0,0.25,187017,oracle_only
569002,114,oracle+donor_profile,xml,0,0.25,187018,oracle_only
569119,114,oracle+donor_profile,xml,0,0.25,187019,oracle_only
569236,78,oracle+donor_profile,xml,0,0.25,187020,oracle_only
569317,106,oracle+donor_profile,xml,0,0.25,187021,oracle_only
569426,112,oracle+donor_profile,xml,0,0.25,187022,oracle_only
569541,106,oracle+donor_profile,xml,0,0.25,187023,oracle_only
569650,107,oracle+donor_profile,xml,0,0.25,187024,oracle_only
569760,109,oracle+donor_profile,xml,0,0.25,187025,oracle_only
569872,137,oracle+donor_profile,xml,0,0.25,187026,oracle_only
570012,145,oracle+donor_profile,xml,0,0.25,187027,oracle_only
570160,121,oracle+donor_profile,xml,0,0.25,187028,oracle_only
570284,94,oracle+donor_profile,xml,0,0.25,187029,oracle_only
570381,92,oracle+donor_profile,xml,0,0.25,187030,oracle_only
570476,133,oracle+donor_profile,xml,0,0.25,187031,oracle_only
570612,162,oracle+donor_profile,xml,0,0.25,187032,oracle_only
570777,115,oracle+donor_profile,xml,0,0.25,187033,oracle_only
570895,209,oracle+donor_profile,xml,0,0.25,187034,oracle_only
571107,112,oracle+donor_profile,xml,0,0.25,187035,oracle_only
571222,102,oracle+donor_profile,xml,0,0.25,187036,oracle_only
571327,97,oracle+donor_profile,xml,0,0.25,187037,oracle_only
571427,235,oracle+donor_profile,xml,0,0.25,187038,oracle_only
571665,113,oracle+donor_profile,xml,0,0.25,187039,oracle_only
571781,154,oracle+donor_profile,xml,0,0.25,187040,oracle_only
571938,133,oracle+donor_profile,xml,0,0.25,187041,oracle_only
572074,108,oracle+donor_profile,xml,0,0.25,187042,oracle_only
572185,126,oracle+donor_profile,xml,0,0.25,187043,oracle_only
572314,101,oracle+donor_profile,xml,0,0.25,187044,oracle_only
572418,177,oracle+donor_profile,xml,0,0.25,187045,oracle_only
572598,149,oracle+donor_profile,xml,0,0.25,187046,oracle_only
572750,120,oracle+donor_profile,xml,0,0.25,187047,oracle_only
572873,153,oracle+donor_profile,xml,0,0.25,187048,oracle_only
573029,135,oracle+donor_profile,xml,0,0.25,187049,oracle_only
573167,170,oracle+donor_profile,xml,0,0.25,187050,oracle_only
573340,219,oracle+donor_profile,xml,0,0.25,187051,oracle_only
573562,119,oracle+donor_profile,xml,0,0.25,187052,oracle_only
573684,126,oracle+donor_profile,xml,0,0.25,187053,oracle_only
573813,130,oracle+donor_profile,xml,0,0.25,187054,oracle_only
573946,145,oracle+donor_profile,xml,0,0.25,187055,oracle_only
574094,169,oracle+donor_profile,xml,0,0.25,187056,oracle_only
574266,78,oracle+donor_profile,xml,0,0.25,187057,oracle_only
574347,110,oracle+donor_profile,xml,0,0.25,187058,oracle_only
574460,74,oracle+donor_profile,xml,0,0.25,187059,oracle_only
574537,114,oracle+donor_profile,xml,0,0.25,187060,oracle_only
574654,116,oracle+donor_profile,xml,0,0.25,187061,oracle_only
574773,118,oracle+donor_profile,xml,0,0.25,187062,oracle_only
574894,80,oracle+donor_profile,xml,0,0.25,187063,oracle_only
574977,81,oracle+donor_profile,xml,0,0.25,187064,oracle_only
575061,110,oracle+donor_profile,xml,0,0.25,187065,oracle_only
575174,119,oracle+donor_profile,xml,0,0.25,187066,oracle_only
575296,115,oracle+donor_profile,xml,0,0.25,187067,oracle_only
575414,121,oracle+donor_profile,xml,0,0.25,187068,oracle_only
575538,125,oracle+donor_profile,xml,0,0.25,187069,oracle_only
575666,124,oracle+donor_profile,xml,0,0.25,187070,oracle_only
575793,119,oracle+donor_profile,xml,0,0.25,187071,oracle_only
575915,98,oracle+donor_profile,xml,0,0.25,187072,oracle_only
576016,83,oracle+donor_profile,xml,0,0.25,187073,oracle_only
576102,98,oracle+donor_profile,xml,0,0.25,187074,oracle_only
576203,101,oracle+donor_profile,xml,0,0.25,187075,oracle_only
576307,120,oracle+donor_profile,xml,0,0.25,187076,oracle_only
576430,109,oracle+donor_profile,xml,0,0.25,187077,oracle_only
576542,120,oracle+donor_profile,xml,0,0.25,187078,oracle_only
576665,111,oracle+donor_profile,xml,0,0.25,187079,oracle_only
576779,119,oracle+donor_profile,xml,0,0.25,187080,oracle_only
576901,141,oracle+donor_profile,xml,0,0.25,187081,oracle_only
577045,115,oracle+donor_profile,xml,0,0.25,187082,oracle_only
577163,115,oracle+donor_profile,xml,0,0.25,187083,oracle_only
577281,121,oracle+donor_profile,xml,0,0.25,187084,oracle_only
577405,120,oracle+donor_profile,xml,0,0.25,187085,oracle_only
577528,121,oracle+donor_profile,xml,0,0.25,187086,oracle_only
577652,99,oracle+donor_profile,xml,0,0.25,187087,oracle_only
577754,99,oracle+donor_profile,xml,0,0.25,187088,oracle_only
577856,121,oracle+donor_profile,xml,0,0.25,187089,oracle_only
577980,133,oracle+donor_profile,xml,0,0.25,187090,oracle_only
578116,142,oracle+donor_profile,xml,0,0.25,187091,oracle_only
578261,113,oracle+donor_profile,xml,0,0.25,187092,oracle_only
578377,142,oracle+donor_profile,xml,0,0.25,187093,oracle_only
578522,142,oracle+donor_profile,xml,0,0.25,187094,oracle_only
578667,134,oracle+donor_profile,xml,0,0.25,187095,oracle_only
578804,142,oracle+donor_profile,xml,0,0.25,187096,oracle_only
578949,120,oracle+donor_profile,xml,0,0.25,187097,oracle_only
579072,121,oracle+donor_profile,xml,0,0.25,187098,oracle_only
579196,86,oracle+donor_profile,xml,0,0.25,187099,oracle_only
579285,131,oracle+donor_profile,xml,0,0.25,187100,oracle_only
579419,121,oracle+donor_profile,xml,0,0.25,187101,oracle_only
579543,99,oracle+donor_profile,xml,0,0.25,187102,oracle_only
579645,99,oracle+donor_profile,xml,0,0.25,187103,oracle_only
579747,114,oracle+donor_profile,xml,0,0.25,187104,oracle_only
579864,106,oracle+donor_profile,xml,0,0.25,187105,oracle_only
579973,117,oracle+donor_profile,xml,0,0.25,187106,oracle_only
580093,111,oracle+donor_profile,xml,0,0.25,187107,oracle_only
580207,86,oracle+donor_profile,xml,0,0.25,187108,oracle_only
580296,121,oracle+donor_profile,xml,0,0.25,187109,oracle_only
580420,121,oracle+donor_profile,xml,0,0.25,187110,oracle_only
580544,99,oracle+donor_profile,xml,0,0.25,187111,oracle_only
580646,174,oracle+donor_profile,xml,0,0.25,187112,oracle_only
580823,121,oracle+donor_profile,xml,0,0.25,187113,oracle_only
580947,106,oracle+donor_profile,xml,0,0.25,187114,oracle_only
581056,131,oracle+donor_profile,xml,0,0.25,187115,oracle_only
581190,118,oracle+donor_profile,xml,0,0.25,187116,oracle_only
581311,114,oracle+donor_profile,xml,0,0.25,187117,oracle_only
581428,112,oracle+donor_profile,xml,0,0.25,187118,oracle_only
581543,125,oracle+donor_profile,xml,0,0.25,187119,oracle_only
581671,96,oracle+donor_profile,xml,0,0.25,187120,oracle_only
581770,139,oracle+donor_profile,xml,0,0.25,187121,oracle_only
581912,133,oracle+donor_profile,xml,0,0.25,187122,oracle_only
582048,131,oracle+donor_profile,xml,0,0.25,187123,oracle_only
582182,141,oracle+donor_profile,xml,0,0.25,187124,oracle_only
582326,128,oracle+donor_profile,xml,0,0.25,187125,oracle_only
582457,98,oracle+donor_profile,xml,0,0.25,187126,oracle_only
582558,106,oracle+donor_profile,xml,0,0.25,187127,oracle_only
582667,106,oracle+donor_profile,xml,0,0.25,187128,oracle_only
582776,105,oracle+donor_profile,xml,0,0.25,187129,oracle_only
582884,106,oracle+donor_profile,xml,0,0.25,187130,oracle_only
582993,106,oracle+donor_profile,xml,0,0.25,187131,oracle_only
583102,95,oracle+donor_profile,xml,0,0.25,187132,oracle_only
583200,106,oracle+donor_profile,xml,0,0.25,187133,oracle_only
583309,138,oracle+donor_profile,xml,0,0.25,187134,oracle_only
583450,189,oracle+donor_profile,xml,0,0.25,187135,oracle_only
583642,126,oracle+donor_profile,xml,0,0.25,187136,oracle_only
583771,125,oracle+donor_profile,xml,0,0.25,187137,oracle_only
583899,91,oracle+donor_profile,xml,0,0.25,187138,oracle_only
583993,111,oracle+donor_profile,xml,0,0.25,187139,oracle_only
584107,112,oracle+donor_profile,xml,0,0.25,187140,oracle_only
584222,83,oracle+donor_profile,xml,0,0.25,187141,oracle_only
584308,82,oracle+donor_profile,xml,0,0.25,187142,oracle_only
584393,100,oracle+donor_profile,xml,0,0.25,187143,oracle_only
584496,103,oracle+donor_profile,xml,0,0.25,187144,oracle_only
584602,105,oracle+donor_profile,xml,0,0.25,187145,oracle_only
584710,129,oracle+donor_profile,xml,0,0.25,187146,oracle_only
584842,115,oracle+donor_profile,xml,0,0.25,187147,oracle_only
584960,154,oracle+donor_profile,xml,0,0.25,187148,oracle_only
585117,140,oracle+donor_profile,xml,0,0.25,187149,oracle_only
585260,87,oracle+donor_profile,xml,0,0.25,187150,oracle_only
585350,138,oracle+donor_profile,xml,0,0.25,187151,oracle_only
585491,86,oracle+donor_profile,xml,0,0.25,187152,oracle_only
585580,127,oracle+donor_profile,xml,0,0.25,187153,oracle_only
585710,124,oracle+donor_profile,xml,0,0.25,187154,oracle_only
585837,159,oracle+donor_profile,xml,0,0.25,187155,oracle_only
585999,117,oracle+donor_profile,xml,0,0.25,187156,oracle_only
586119,117,oracle+donor_profile,xml,0,0.25,187157,oracle_only
586239,115,oracle+donor_profile,xml,0,0.25,187158,oracle_only
586357,96,oracle+donor_profile,xml,0,0.25,187159,oracle_only
586456,127,oracle+donor_profile,xml,0,0.25,187160,oracle_only
586586,87,oracle+donor_profile,xml,0,0.25,187161,oracle_only
586676,87,oracle+donor_profile,xml,0,0.25,187162,oracle_only
586766,89,oracle+donor_profile,xml,0,0.25,187163,oracle_only
586858,135,oracle+donor_profile,xml,0,0.25,187164,oracle_only
586996,125,oracle+donor_profile,xml,0,0.25,187165,oracle_only
587124,119,oracle+donor_profile,xml,0,0.25,187166,oracle_only
587246,123,oracle+donor_profile,xml,0,0.25,187167,oracle_only
587372,121,oracle+donor_profile,xml,0,0.25,187168,oracle_only
587496,216,oracle+donor_profile,xml,0,0.25,187169,oracle_only
587715,119,oracle+donor_profile,xml,0,0.25,187170,oracle_only
587837,88,oracle+donor_profile,xml,0,0.25,187171,oracle_only
587928,88,oracle+donor_profile,xml,0,0.25,187172,oracle_only
588019,93,oracle+donor_profile,xml,0,0.25,187173,oracle_only
588115,144,oracle+donor_profile,xml,0,0.25,187174,oracle_only
588262,118,oracle+donor_profile,xml,0,0.25,187175,oracle_only
588383,95,oracle+donor_profile,xml,0,0.25,187176,oracle_only
588481,95,oracle+donor_profile,xml,0,0.25,187177,oracle_only
588579,143,oracle+donor_profile,xml,0,0.25,187178,oracle_only
588725,128,oracle+donor_profile,xml,0,0.25,187179,oracle_only
588856,92,oracle+donor_profile,xml,0,0.25,187180,oracle_only
588951,92,oracle+donor_profile,xml,0,0.25,187181,oracle_only
589046,90,oracle+donor_profile,xml,0,0.25,187182,oracle_only
589139,90,oracle+donor_profile,xml,0,0.25,187183,oracle_only
589232,146,oracle+donor_profile,xml,0,0.25,187184,oracle_only
589381,91,oracle+donor_profile,xml,0,0.25,187185,oracle_only
589475,119,oracle+donor_profile,xml,0,0.25,187186,oracle_only
589597,140,oracle+donor_profile,xml,0,0.25,187187,oracle_only
589740,123,oracle+donor_profile,xml,0,0.25,187188,oracle_only
589866,123,oracle+donor_profile,xml,0,0.25,187189,oracle_only
589992,128,oracle+donor_profile,xml,0,0.25,187190,oracle_only
590123,125,oracle+donor_profile,xml,0,0.25,187191,oracle_only
590251,121,oracle+donor_profile,xml,0,0.25,187192,oracle_only
590375,86,oracle+donor_profile,xml,0,0.25,187193,oracle_only
590464,127,oracle+donor_profile,xml,0,0.25,187194,oracle_only
590594,105,oracle+donor_profile,xml,0,0.25,187195,oracle_only
590702,103,oracle+donor_profile,xml,0,0.25,187196,oracle_only
590808,107,oracle+donor_profile,xml,0,0.25,187197,oracle_only
590918,110,oracle+donor_profile,xml,0,0.25,187198,oracle_only
591031,116,oracle+donor_profile,xml,0,0.25,187199,oracle_only
591150,117,oracle+donor_profile,xml,0,0.25,187200,oracle_only
591270,116,oracle+donor_profile,xml,0,0.25,187201,oracle_only
591389,110,oracle+donor_profile,xml,0,0.25,187202,oracle_only
591502,111,oracle+donor_profile,xml,0,0.25,187203,oracle_only
591616,89,oracle+donor_profile,xml,0,0.25,187204,oracle_only
591708,142,oracle+donor_profile,xml,0,0.25,187205,oracle_only
591853,131,oracle+donor_profile,xml,0,0.25,187206,oracle_only
591987,107,oracle+donor_profile,xml,0,0.25,187207,oracle_only
592097,111,oracle+donor_profile,xml,0,0.25,187208,oracle_only
592211,112,oracle+donor_profile,xml,0,0.25,187209,oracle_only
592326,113,oracle+donor_profile,xml,0,0.25,187210,oracle_only
592442,161,oracle+donor_profile,xml,0,0.25,187211,oracle_only
592606,98,oracle+donor_profile,xml,0,0.25,187212,oracle_only
592707,108,oracle+donor_profile,xml,0,0.25,187213,oracle_only
592818,115,oracle+donor_profile,xml,0,0.25,187214,oracle_only
592936,100,oracle+donor_profile,xml,0,0.25,187215,oracle_only
593039,122,oracle+donor_profile,xml,0,0.25,187216,oracle_only
593164,100,oracle+donor_profile,xml,0,0.25,187217,oracle_only
593267,143,oracle+donor_profile,xml,0,0.25,187218,oracle_only
593413,113,oracle+donor_profile,xml,0,0.25,187219,oracle_only
593529,81,oracle+donor_profile,xml,0,0.25,187220,oracle_only
593613,82,oracle+donor_profile,xml,0,0.25,187221,oracle_only
593698,77,oracle+donor_profile,xml,0,0.25,187222,oracle_only
593778,116,oracle+donor_profile,xml,0,0.25,187223,oracle_only
593897,98,oracle+donor_profile,xml,0,0.25,187224,oracle_only
593998,109,oracle+donor_profile,xml,0,0.25,187225,oracle_only
594110,85,oracle+donor_profile,xml,0,0.25,187226,oracle_only
594198,113,oracle+donor_profile,xml,0,0.25,187227,oracle_only
594314,78,oracle+donor_profile,xml,0,0.25,187228,oracle_only
594395,134,oracle+donor_profile,xml,0,0.25,187229,oracle_only
594532,91,oracle+donor_profile,xml,0,0.25,187230,oracle_only
594626,125,oracle+donor_profile,xml,0,0.25,187231,oracle_only
594754,113,oracle+donor_profile,xml,0,0.25,187232,oracle_only
594870,114,oracle+donor_profile,xml,0,0.25,187233,oracle_only
594987,114,oracle+donor_profile,xml,0,0.25,187234,oracle_only
595104,119,oracle+donor_profile,xml,0,0.25,187235,oracle_only
595226,144,oracle+donor_profile,xml,0,0.25,187236,oracle_only
595373,151,oracle+donor_profile,xml,0,0.25,187237,oracle_only
595527,121,oracle+donor_profile,xml,0,0.25,187238,oracle_only
595651,167,oracle+donor_profile,xml,0,0.25,187239,oracle_only
595821,156,oracle+donor_profile,xml,0,0.25,187240,oracle_only
595980,162,oracle+donor_profile,xml,0,0.25,187241,oracle_only
596145,106,oracle+donor_profile,xml,0,0.25,187242,oracle_only
596254,143,oracle+donor_profile,xml,0,0.25,187243,oracle_only
596400,141,oracle+donor_profile,xml,0,0.25,187244,oracle_only
596544,177,oracle+donor_profile,xml,0,0.25,187245,oracle_only
596724,161,oracle+donor_profile,xml,0,0.25,187246,oracle_only
596888,173,oracle+donor_profile,xml,0,0.25,187247,oracle_only
597064,126,oracle+donor_profile,xml,0,0.25,187248,oracle_only
597193,127,oracle+donor_profile,xml,0,0.25,187249,oracle_only
597323,97,oracle+donor_profile,xml,0,0.25,187250,oracle_only
597423,145,oracle+donor_profile,xml,0,0.25,187251,oracle_only
597571,139,oracle+donor_profile,xml,0,0.25,187252,oracle_only
597713,151,oracle+donor_profile,xml,0,0.25,187253,oracle_only
597867,136,oracle+donor_profile,xml,0,0.25,187254,oracle_only
598006,150,oracle+donor_profile,xml,0,0.25,187255,oracle_only
598159,141,oracle+donor_profile,xml,0,0.25,187256,oracle_only
598303,159,oracle+donor_profile,xml,0,0.25,187257,oracle_only
598465,122,oracle+donor_profile,xml,0,0.25,187258,oracle_only
598590,163,oracle+donor_profile,xml,0,0.25,187259,oracle_only
598756,114,oracle+donor_profile,xml,0,0.25,187260,oracle_only
598873,147,oracle+donor_profile,xml,0,0.25,187261,oracle_only
599023,133,oracle+donor_profile,xml,0,0.25,187262,oracle_only
599159,112,oracle+donor_profile,xml,0,0.25,187263,oracle_only
599274,148,oracle+donor_profile,xml,0,0.25,187264,oracle_only
599425,118,oracle+donor_profile,xml,0,0.25,187265,oracle_only
599546,162,oracle+donor_profile,xml,0,0.25,187266,oracle_only
599711,131,oracle+donor_profile,xml,0,0.25,187267,oracle_only
599845,139,oracle+donor_profile,xml,0,0.25,187268,oracle_only
599987,113,oracle+donor_profile,xml,0,0.25,187269,oracle_only
600103,120,oracle+donor_profile,xml,0,0.25,187270,oracle_only
600226,122,oracle+donor_profile,xml,0,0.25,187271,oracle_only
600351,118,oracle+donor_profile,xml,0,0.25,187272,oracle_only
600472,123,oracle+donor_profile,xml,0,0.25,187273,oracle_only
600598,122,oracle+donor_profile,xml,0,0.25,187274,oracle_only
600723,122,oracle+donor_profile,xml,0,0.25,187275,oracle_only
600848,119,oracle+donor_profile,xml,0,0.25,187276,oracle_only
600970,126,oracle+donor_profile,xml,0,0.25,187277,oracle_only
601099,121,oracle+donor_profile,xml,0,0.25,187278,oracle_only
601223,221,oracle+donor_profile,xml,0,0.25,187279,oracle_only
601447,92,oracle+donor_profile,xml,0,0.25,187280,oracle_only
601542,100,oracle+donor_profile,xml,0,0.25,187281,oracle_only
601645,134,oracle+donor_profile,xml,0,0.25,187282,oracle_only
601782,95,oracle+donor_profile,xml,0,0.25,187283,oracle_only
601880,125,oracle+donor_profile,xml,0,0.25,187284,oracle_only
602008,133,oracle+donor_profile,xml,0,0.25,187285,oracle_only
602144,107,oracle+donor_profile,xml,0,0.25,187286,oracle_only
602254,113,oracle+donor_profile,xml,0,0.25,187287,oracle_only
602370,166,oracle+donor_profile,xml,0,0.25,187288,oracle_only
602539,99,oracle+donor_profile,xml,0,0.25,187289,oracle_only
602641,113,oracle+donor_profile,xml,0,0.25,187290,oracle_only
602757,176,oracle+donor_profile,xml,0,0.25,187291,oracle_only
602936,123,oracle+donor_profile,xml,0,0.25,187292,oracle_only
603062,141,oracle+donor_profile,xml,0,0.25,187293,oracle_only
603206,141,oracle+donor_profile,xml,0,0.25,187294,oracle_only
603350,111,oracle+donor_profile,xml,0,0.25,187295,oracle_only
603464,141,oracle+donor_profile,xml,0,0.25,187296,oracle_only
603608,141,oracle+donor_profile,xml,0,0.25,187297,oracle_only
603752,141,oracle+donor_profile,xml,0,0.25,187298,oracle_only
603896,141,oracle+donor_profile,xml,0,0.25,187299,oracle_only
604040,133,oracle+donor_profile,xml,0,0.25,187300,oracle_only
604176,133,oracle+donor_profile,xml,0,0.25,187301,oracle_only
604312,123,oracle+donor_profile,xml,0,0.25,187302,oracle_only
604438,123,oracle+donor_profile,xml,0,0.25,187303,oracle_only
604564,135,oracle+donor_profile,xml,0,0.25,187304,oracle_only
604702,123,oracle+donor_profile,xml,0,0.25,187305,oracle_only
604828,123,oracle+donor_profile,xml,0,0.25,187306,oracle_only
604954,104,oracle+donor_profile,xml,0,0.25,187307,oracle_only
605061,107,oracle+donor_profile,xml,0,0.25,187308,oracle_only
605171,129,oracle+donor_profile,xml,0,0.25,187309,oracle_only
605303,122,oracle+donor_profile,xml,0,0.25,187310,oracle_only
605428,124,oracle+donor_profile,xml,0,0.25,187311,oracle_only
605555,110,oracle+donor_profile,xml,0,0.25,187312,oracle_only
605668,89,oracle+donor_profile,xml,0,0.25,187313,oracle_only
605760,128,oracle+donor_profile,xml,0,0.25,187314,oracle_only
605891,96,oracle+donor_profile,xml,0,0.25,187315,oracle_only
605990,108,oracle+donor_profile,xml,0,0.25,187316,oracle_only
606101,115,oracle+donor_profile,xml,0,0.25,187317,oracle_only
606219,137,oracle+donor_profile,xml,0,0.25,187318,oracle_only
606359,143,oracle+donor_profile,xml,0,0.25,187319,oracle_only
606505,96,oracle+donor_profile,xml,0,0.25,187320,oracle_only
606604,100,oracle+donor_profile,xml,0,0.25,187321,oracle_only
606707,115,oracle+donor_profile,xml,0,0.25,187322,oracle_only
606825,122,oracle+donor_profile,xml,0,0.25,187323,oracle_only
606950,107,oracle+donor_profile,xml,0,0.25,187324,oracle_only
607060,121,oracle+donor_profile,xml,0,0.25,187325,oracle_only
607184,123,oracle+donor_profile,xml,0,0.25,187326,oracle_only
607310,109,oracle+donor_profile,xml,0,0.25,187327,oracle_only
607422,118,oracle+donor_profile,xml,0,0.25,187328,oracle_only
607543,125,oracle+donor_profile,xml,0,0.25,187329,oracle_only
607671,108,oracle+donor_profile,xml,0,0.25,187330,oracle_only
607782,141,oracle+donor_profile,xml,0,0.25,187331,oracle_only
607926,95,oracle+donor_profile,xml,0,0.25,187332,oracle_only
608024,119,oracle+donor_profile,xml,0,0.25,187333,oracle_only
608146,118,oracle+donor_profile,xml,0,0.25,187334,oracle_only
608267,118,oracle+donor_profile,xml,0,0.25,187335,oracle_only
608388,110,oracle+donor_profile,xml,0,0.25,187336,oracle_only
608501,112,oracle+donor_profile,xml,0,0.25,187337,oracle_only
608616,119,oracle+donor_profile,xml,0,0.25,187338,oracle_only
608738,85,oracle+donor_profile,xml,0,0.25,187339,oracle_only
608826,142,oracle+donor_profile,xml,0,0.25,187340,oracle_only
608971,77,oracle+donor_profile,xml,0,0.25,187341,oracle_only
609051,80,oracle+donor_profile,xml,0,0.25,187342,oracle_only
609134,78,oracle+donor_profile,xml,0,0.25,187343,oracle_only
609215,104,oracle+donor_profile,xml,0,0.25,187344,oracle_only
609322,152,oracle+donor_profile,xml,0,0.25,187345,oracle_only
609477,121,oracle+donor_profile,xml,0,0.25,187346,oracle_only
609601,127,oracle+donor_profile,xml,0,0.25,187347,oracle_only
609731,105,oracle+donor_profile,xml,0,0.25,187348,oracle_only
609839,90,oracle+donor_profile,xml,0,0.25,187349,oracle_only
609932,82,oracle+donor_profile,xml,0,0.25,187350,oracle_only
610017,110,oracle+donor_profile,xml,0,0.25,187351,oracle_only
610130,82,oracle+donor_profile,xml,0,0.25,187352,oracle_only
610215,110,oracle+donor_profile,xml,0,0.25,187353,oracle_only
610328,85,oracle+donor_profile,xml,0,0.25,187354,oracle_only
610416,124,oracle+donor_profile,xml,0,0.25,187355,oracle_only
610543,109,oracle+donor_profile,xml,0,0.25,187356,oracle_only
610655,120,oracle+donor_profile,xml,0,0.25,187357,oracle_only
610778,95,oracle+donor_profile,xml,0,0.25,187358,oracle_only
610876,95,oracle+donor_profile,xml,0,0.25,187359,oracle_only
610974,105,oracle+donor_profile,xml,0,0.25,187360,oracle_only
611082,134,oracle+donor_profile,xml,0,0.25,187361,oracle_only
611219,142,oracle+donor_profile,xml,0,0.25,187362,oracle_only
611364,96,oracle+donor_profile,xml,0,0.25,187363,oracle_only
611463,121,oracle+donor_profile,xml,0,0.25,187364,oracle_only
611587,99,oracle+donor_profile,xml,0,0.25,187365,oracle_only
611689,93,oracle+donor_profile,xml,0,0.25,187366,oracle_only
611785,121,oracle+donor_profile,xml,0,0.25,187367,oracle_only
611909,97,oracle+donor_profile,xml,0,0.25,187368,oracle_only
612009,86,oracle+donor_profile,xml,0,0.25,187369,oracle_only
612098,86,oracle+donor_profile,xml,0,0.25,187370,oracle_only
612187,93,oracle+donor_profile,xml,0,0.25,187371,oracle_only
612283,93,oracle+donor_profile,xml,0,0.25,187372,oracle_only
612379,99,oracle+donor_profile,xml,0,0.25,187373,oracle_only
612481,139,oracle+donor_profile,xml,0,0.25,187374,oracle_only
612623,145,oracle+donor_profile,xml,0,0.25,187375,oracle_only
612771,116,oracle+donor_profile,xml,0,0.25,187376,oracle_only
612890,100,oracle+donor_profile,xml,0,0.25,187377,oracle_only
612993,95,oracle+donor_profile,xml,0,0.25,187378,oracle_only
613091,112,oracle+donor_profile,xml,0,0.25,187379,oracle_only
613206,121,oracle+donor_profile,xml,0,0.25,187380,oracle_only
613330,121,oracle+donor_profile,xml,0,0.25,187381,oracle_only
613454,86,oracle+donor_profile,xml,0,0.25,187382,oracle_only
613543,131,oracle+donor_profile,xml,0,0.25,187383,oracle_only
613677,130,oracle+donor_profile,xml,0,0.25,187384,oracle_only
613810,165,oracle+donor_profile,xml,0,0.25,187385,oracle_only
613978,131,oracle+donor_profile,xml,0,0.25,187386,oracle_only
614112,133,oracle+donor_profile,xml,0,0.25,187387,oracle_only
614248,133,oracle+donor_profile,xml,0,0.25,187388,oracle_only
614384,94,oracle+donor_profile,xml,0,0.25,187389,oracle_only
614481,107,oracle+donor_profile,xml,0,0.25,187390,oracle_only
614591,133,oracle+donor_profile,xml,0,0.25,187391,oracle_only
614727,133,oracle+donor_profile,xml,0,0.25,187392,oracle_only
614863,107,oracle+donor_profile,xml,0,0.25,187393,oracle_only
614973,187,oracle+donor_profile,xml,0,0.25,187394,oracle_only
615163,143,oracle+donor_profile,xml,0,0.25,187395,oracle_only
615309,126,oracle+donor_profile,xml,0,0.25,187396,oracle_only
615438,92,oracle+donor_profile,xml,0,0.25,187397,oracle_only
615533,122,oracle+donor_profile,xml,0,0.25,187398,oracle_only
615658,127,oracle+donor_profile,xml,0,0.25,187399,oracle_only
615788,120,oracle+donor_profile,xml,0,0.25,187400,oracle_only
615911,133,oracle+donor_profile,xml,0,0.25,187401,oracle_only
616047,124,oracle+donor_profile,xml,0,0.25,187402,oracle_only
616174,88,oracle+donor_profile,xml,0,0.25,187403,oracle_only
616265,137,oracle+donor_profile,xml,0,0.25,187404,oracle_only
616405,124,oracle+donor_profile,xml,0,0.25,187405,oracle_only
616532,121,oracle+donor_profile,xml,0,0.25,187406,oracle_only
616656,124,oracle+donor_profile,xml,0,0.25,187407,oracle_only
616783,127,oracle+donor_profile,xml,0,0.25,187408,oracle_only
616913,124,oracle+donor_profile,xml,0,0.25,187409,oracle_only
617040,122,oracle+donor_profile,xml,0,0.25,187410,oracle_only
617165,123,oracle+donor_profile,xml,0,0.25,187411,oracle_only
617291,88,oracle+donor_profile,xml,0,0.25,187412,oracle_only
617382,88,oracle+donor_profile,xml,0,0.25,187413,oracle_only
617473,88,oracle+donor_profile,xml,0,0.25,187414,oracle_only
617564,88,oracle+donor_profile,xml,0,0.25,187415,oracle_only
617655,88,oracle+donor_profile,xml,0,0.25,187416,oracle_only
617746,88,oracle+donor_profile,xml,0,0.25,187417,oracle_only
617837,88,oracle+donor_profile,xml,0,0.25,187418,oracle_only
617928,88,oracle+donor_profile,xml,0,0.25,187419,oracle_only
618019,88,oracle+donor_profile,xml,0,0.25,187420,oracle_only
618110,124,oracle+donor_profile,xml,0,0.25,187421,oracle_only
618237,114,oracle+donor_profile,xml,0,0.25,187422,oracle_only
618354,119,oracle+donor_profile,xml,0,0.25,187423,oracle_only
618476,112,oracle+donor_profile,xml,0,0.25,187424,oracle_only
618591,108,oracle+donor_profile,xml,0,0.25,187425,oracle_only
618702,121,oracle+donor_profile,xml,0,0.25,187426,oracle_only
618826,157,oracle+donor_profile,xml,0,0.25,187427,oracle_only
618986,154,oracle+donor_profile,xml,0,0.25,187428,oracle_only
619143,144,oracle+donor_profile,xml,0,0.25,187429,oracle_only
619290,125,oracle+donor_profile,xml,0,0.25,187430,oracle_only
619418,113,oracle+donor_profile,xml,0,0.25,187431,oracle_only
619534,117,oracle+donor_profile,xml,0,0.25,187432,oracle_only
619654,90,oracle+donor_profile,xml,0,0.25,187433,oracle_only
619747,122,oracle+donor_profile,xml,0,0.25,187434,oracle_only
619872,111,oracle+donor_profile,xml,0,0.25,187435,oracle_only
619986,113,oracle+donor_profile,xml,0,0.25,187436,oracle_only
620102,117,oracle+donor_profile,xml,0,0.25,187437,oracle_only
620222,161,oracle+donor_profile,xml,0,0.25,187438,oracle_only
620386,143,oracle+donor_profile,xml,0,0.25,187439,oracle_only
620532,118,oracle+donor_profile,xml,0,0.25,187440,oracle_only
620653,111,oracle+donor_profile,xml,0,0.25,187441,oracle_only
620767,125,oracle+donor_profile,xml,0,0.25,187442,oracle_only
620895,136,oracle+donor_profile,xml,0,0.25,187443,oracle_only
621034,121,oracle+donor_profile,xml,0,0.25,187444,oracle_only
621158,126,oracle+donor_profile,xml,0,0.25,187445,oracle_only
621287,121,oracle+donor_profile,xml,0,0.25,187446,oracle_only
621411,99,oracle+donor_profile,xml,0,0.25,187447,oracle_only
621513,121,oracle+donor_profile,xml,0,0.25,187448,oracle_only
621637,121,oracle+donor_profile,xml,0,0.25,187449,oracle_only
621761,121,oracle+donor_profile,xml,0,0.25,187450,oracle_only
621885,131,oracle+donor_profile,xml,0,0.25,187451,oracle_only
622019,131,oracle+donor_profile,xml,0,0.25,187452,oracle_only
622153,86,oracle+donor_profile,xml,0,0.25,187453,oracle_only
622242,125,oracle+donor_profile,xml,0,0.25,187454,oracle_only
622370,158,oracle+donor_profile,xml,0,0.25,187455,oracle_only
622531,125,oracle+donor_profile,xml,0,0.25,187456,oracle_only
622659,108,oracle+donor_profile,xml,0,0.25,187457,oracle_only
622770,137,oracle+donor_profile,xml,0,0.25,187458,oracle_only
622910,124,oracle+donor_profile,xml,0,0.25,187459,oracle_only
623037,85,oracle+donor_profile,xml,0,0.25,187460,oracle_only
623125,147,oracle+donor_profile,xml,0,0.25,187461,oracle_only
623275,135,oracle+donor_profile,xml,0,0.25,187462,oracle_only
623413,128,oracle+donor_profile,xml,0,0.25,187463,oracle_only
623544,125,oracle+donor_profile,xml,0,0.25,187464,oracle_only
623672,129,oracle+donor_profile,xml,0,0.25,187465,oracle_only
623804,126,oracle+donor_profile,xml,0,0.25,187466,oracle_only
623933,141,oracle+donor_profile,xml,0,0.25,187467,oracle_only
624077,124,oracle+donor_profile,xml,0,0.25,187468,oracle_only
624204,98,oracle+donor_profile,xml,0,0.25,187469,oracle_only
624305,137,oracle+donor_profile,xml,0,0.25,187470,oracle_only
624445,137,oracle+donor_profile,xml,0,0.25,187471,oracle_only
624585,137,oracle+donor_profile,xml,0,0.25,187472,oracle_only
624725,137,oracle+donor_profile,xml,0,0.25,187473,oracle_only
624865,138,oracle+donor_profile,xml,0,0.25,187474,oracle_only
625006,148,oracle+donor_profile,xml,0,0.25,187475,oracle_only
625157,142,oracle+donor_profile,xml,0,0.25,187476,oracle_only
625302,165,oracle+donor_profile,xml,0,0.25,187477,oracle_only
625470,159,oracle+donor_profile,xml,0,0.25,187478,oracle_only
625632,181,oracle+donor_profile,xml,0,0.25,187479,oracle_only
625816,198,oracle+donor_profile,xml,0,0.25,187480,oracle_only
626017,140,oracle+donor_profile,xml,0,0.25,187481,oracle_only
626160,125,oracle+donor_profile,xml,0,0.25,187482,oracle_only
626288,92,oracle+donor_profile,xml,0,0.25,187483,oracle_only
626383,129,oracle+donor_profile,xml,0,0.25,187484,oracle_only
626515,147,oracle+donor_profile,xml,0,0.25,187485,oracle_only
626665,113,oracle+donor_profile,xml,0,0.25,187486,oracle_only
626781,113,oracle+donor_profile,xml,0,0.25,187487,oracle_only
626897,114,oracle+donor_profile,xml,0,0.25,187488,oracle_only
627014,137,oracle+donor_profile,xml,0,0.25,187489,oracle_only
627154,133,oracle+donor_profile,xml,0,0.25,187490,oracle_only
627290,129,oracle+donor_profile,xml,0,0.25,187491,oracle_only
627422,132,oracle+donor_profile,xml,0,0.25,187492,oracle_only
627557,153,oracle+donor_profile,xml,0,0.25,187493,oracle_only
627713,115,oracle+donor_profile,xml,0,0.25,187494,oracle_only
627831,115,oracle+donor_profile,xml,0,0.25,187495,oracle_only
627949,78,oracle+donor_profile,xml,0,0.25,187496,oracle_only
628030,111,oracle+donor_profile,xml,0,0.25,187497,oracle_only
628144,174,oracle+donor_profile,xml,0,0.25,187498,oracle_only
628321,100,oracle+donor_profile,xml,0,0.25,187499,oracle_only
628424,108,oracle+donor_profile,xml,0,0.25,187500,oracle_only
628535,111,oracle+donor_profile,xml,0,0.25,187501,oracle_only
628649,124,oracle+donor_profile,xml,0,0.25,187502,oracle_only
628776,229,oracle+donor_profile,xml,0,0.25,187503,oracle_only
629008,108,oracle+donor_profile,xml,0,0.25,187504,oracle_only
629119,130,oracle+donor_profile,xml,0,0.25,187505,oracle_only
629252,129,oracle+donor_profile,xml,0,0.25,187506,oracle_only
629384,93,oracle+donor_profile,xml,0,0.25,187507,oracle_only
629480,88,oracle+donor_profile,xml,0,0.25,187508,oracle_only
629571,78,oracle+donor_profile,xml,0,0.25,187509,oracle_only
629652,83,oracle+donor_profile,xml,0,0.25,187510,oracle_only
629738,88,oracle+donor_profile,xml,0,0.25,187511,oracle_only
629829,121,oracle+donor_profile,xml,0,0.25,187512,oracle_only
629953,121,oracle+donor_profile,xml,0,0.25,187513,oracle_only
630077,127,oracle+donor_profile,xml,0,0.25,187514,oracle_only
630207,95,oracle+donor_profile,xml,0,0.25,187515,oracle_only
630305,116,oracle+donor_profile,xml,0,0.25,187516,oracle_only
630424,105,oracle+donor_profile,xml,0,0.25,187517,oracle_only
630532,130,oracle+donor_profile,xml,0,0.25,187518,oracle_only
630665,124,oracle+donor_profile,xml,0,0.25,187519,oracle_only
630792,131,oracle+donor_profile,xml,0,0.25,187520,oracle_only
630926,131,oracle+donor_profile,xml,0,0.25,187521,oracle_only
631060,124,oracle+donor_profile,xml,0,0.25,187522,oracle_only
631187,90,oracle+donor_profile,xml,0,0.25,187523,oracle_only
631280,112,oracle+donor_profile,xml,0,0.25,187524,oracle_only
631395,101,oracle+donor_profile,xml,0,0.25,187525,oracle_only
631499,120,oracle+donor_profile,xml,0,0.25,187526,oracle_only
631622,135,oracle+donor_profile,xml,0,0.25,187527,oracle_only
631760,146,oracle+donor_profile,xml,0,0.25,187528,oracle_only
631909,105,oracle+donor_profile,xml,0,0.25,187529,oracle_only
632017,97,oracle+donor_profile,xml,0,0.25,187530,oracle_only
632117,137,oracle+donor_profile,xml,0,0.25,187531,oracle_only
632257,147,oracle+donor_profile,xml,0,0.25,187532,oracle_only
632407,89,oracle+donor_profile,xml,0,0.25,187533,oracle_only
632499,121,oracle+donor_profile,xml,0,0.25,187534,oracle_only
632623,96,oracle+donor_profile,xml,0,0.25,187535,oracle_only
632722,121,oracle+donor_profile,xml,0,0.25,187536,oracle_only
632846,135,oracle+donor_profile,xml,0,0.25,187537,oracle_only
632984,137,oracle+donor_profile,xml,0,0.25,187538,oracle_only
633124,96,oracle+donor_profile,xml,0,0.25,187539,oracle_only
633223,127,oracle+donor_profile,xml,0,0.25,187540,oracle_only
633353,109,oracle+donor_profile,xml,0,0.25,187541,oracle_only
633465,115,oracle+donor_profile,xml,0,0.25,187542,oracle_only
633583,107,oracle+donor_profile,xml,0,0.25,187543,oracle_only
633693,106,oracle+donor_profile,xml,0,0.25,187544,oracle_only
633802,84,oracle+donor_profile,xml,0,0.25,187545,oracle_only
633889,167,oracle+donor_profile,xml,0,0.25,187546,oracle_only
634059,103,oracle+donor_profile,xml,0,0.25,187547,oracle_only
634165,110,oracle+donor_profile,xml,0,0.25,187548,oracle_only
634278,110,oracle+donor_profile,xml,0,0.25,187549,oracle_only
634391,113,oracle+donor_profile,xml,0,0.25,187550,oracle_only
634507,155,oracle+donor_profile,xml,0,0.25,187551,oracle_only
634665,126,oracle+donor_profile,xml,0,0.25,187552,oracle_only
634794,128,oracle+donor_profile,xml,0,0.25,187553,oracle_only
634925,119,oracle+donor_profile,xml,0,0.25,187554,oracle_only
635047,124,oracle+donor_profile,xml,0,0.25,187555,oracle_only
635174,124,oracle+donor_profile,xml,0,0.25,187556,oracle_only
635301,88,oracle+donor_profile,xml,0,0.25,187557,oracle_only
635392,88,oracle+donor_profile,xml,0,0.25,187558,oracle_only
635483,124,oracle+donor_profile,xml,0,0.25,187559,oracle_only
635610,124,oracle+donor_profile,xml,0,0.25,187560,oracle_only
635737,132,oracle+donor_profile,xml,0,0.25,187561,oracle_only
635872,124,oracle+donor_profile,xml,0,0.25,187562,oracle_only
635999,95,oracle+donor_profile,xml,0,0.25,187563,oracle_only
636097,157,oracle+donor_profile,xml,0,0.25,187564,oracle_only
636257,115,oracle+donor_profile,xml,0,0.25,187565,oracle_only
636375,90,oracle+donor_profile,xml,0,0.25,187566,oracle_only
636468,106,oracle+donor_profile,xml,0,0.25,187567,oracle_only
636577,102,oracle+donor_profile,xml,0,0.25,187568,oracle_only
636682,114,oracle+donor_profile,xml,0,0.25,187569,oracle_only
636799,119,oracle+donor_profile,xml,0,0.25,187570,oracle_only
636921,154,oracle+donor_profile,xml,0,0.25,187571,oracle_only
637078,118,oracle+donor_profile,xml,0,0.25,187572,oracle_only
637199,148,oracle+donor_profile,xml,0,0.25,187573,oracle_only
637350,99,oracle+donor_profile,xml,0,0.25,187574,oracle_only
637452,113,oracle+donor_profile,xml,0,0.25,187575,oracle_only
637568,189,oracle+donor_profile,xml,0,0.25,187576,oracle_only
637760,189,oracle+donor_profile,xml,0,0.25,187577,oracle_only
637952,190,oracle+donor_profile,xml,0,0.25,187578,oracle_only
638145,109,oracle+donor_profile,xml,0,0.25,187579,oracle_only
638257,180,oracle+donor_profile,xml,0,0.25,187580,oracle_only
638440,193,oracle+donor_profile,xml,0,0.25,187581,oracle_only
638636,109,oracle+donor_profile,xml,0,0.25,187582,oracle_only
638748,116,oracle+donor_profile,xml,0,0.25,187583,oracle_only
638867,107,oracle+donor_profile,xml,0,0.25,187584,oracle_only
638977,109,oracle+donor_profile,xml,0,0.25,187585,oracle_only
639089,108,oracle+donor_profile,xml,0,0.25,187586,oracle_only
639200,135,oracle+donor_profile,xml,0,0.25,187587,oracle_only
639338,124,oracle+donor_profile,xml,0,0.25,187588,oracle_only
639465,124,oracle+donor_profile,xml,0,0.25,187589,oracle_only
639592,124,oracle+donor_profile,xml,0,0.25,187590,oracle_only
639719,124,oracle+donor_profile,xml,0,0.25,187591,oracle_only
639846,124,oracle+donor_profile,xml,0,0.25,187592,oracle_only
639973,124,oracle+donor_profile,xml,0,0.25,187593,oracle_only
640100,124,oracle+donor_profile,xml,0,0.25,187594,oracle_only
640227,124,oracle+donor_profile,xml,0,0.25,187595,oracle_only
640354,124,oracle+donor_profile,xml,0,0.25,187596,oracle_only
640481,124,oracle+donor_profile,xml,0,0.25,187597,oracle_only
640608,96,oracle+donor_profile,xml,0,0.25,187598,oracle_only
640707,121,oracle+donor_profile,xml,0,0.25,187599,oracle_only
640831,124,oracle+donor_profile,xml,0,0.25,187600,oracle_only
640958,88,oracle+donor_profile,xml,0,0.25,187601,oracle_only
641049,121,oracle+donor_profile,xml,0,0.25,187602,oracle_only
641173,124,oracle+donor_profile,xml,0,0.25,187603,oracle_only
641300,124,oracle+donor_profile,xml,0,0.25,187604,oracle_only
641427,178,oracle+donor_profile,xml,0,0.25,187605,oracle_only
641608,124,oracle+donor_profile,xml,0,0.25,187606,oracle_only
641735,131,oracle+donor_profile,xml,0,0.25,187607,oracle_only
641869,79,oracle+donor_profile,xml,0,0.25,187608,oracle_only
641951,113,oracle+donor_profile,xml,0,0.25,187609,oracle_only
642067,88,oracle+donor_profile,xml,0,0.25,187610,oracle_only
642158,149,oracle+donor_profile,xml,0,0.25,187611,oracle_only
642310,116,oracle+donor_profile,xml,0,0.25,187612,oracle_only
642429,124,oracle+donor_profile,xml,0,0.25,187613,oracle_only
642556,127,oracle+donor_profile,xml,0,0.25,187614,oracle_only
642686,148,oracle+donor_profile,xml,0,0.25,187615,oracle_only
642837,108,oracle+donor_profile,xml,0,0.25,187616,oracle_only
642948,106,oracle+donor_profile,xml,0,0.25,187617,oracle_only
643057,96,oracle+donor_profile,xml,0,0.25,187618,oracle_only
643156,126,oracle+donor_profile,xml,0,0.25,187619,oracle_only
643285,80,oracle+donor_profile,xml,0,0.25,187620,oracle_only
643368,125,oracle+donor_profile,xml,0,0.25,187621,oracle_only
643496,81,oracle+donor_profile,xml,0,0.25,187622,oracle_only
643580,158,oracle+donor_profile,xml,0,0.25,187623,oracle_only
643741,116,oracle+donor_profile,xml,0,0.25,187624,oracle_only
643860,120,oracle+donor_profile,xml,0,0.25,187625,oracle_only
643983,119,oracle+donor_profile,xml,0,0.25,187626,oracle_only
644105,123,oracle+donor_profile,xml,0,0.25,187627,oracle_only
644231,101,oracle+donor_profile,xml,0,0.25,187628,oracle_only
644335,143,oracle+donor_profile,xml,0,0.25,187629,oracle_only
644481,108,oracle+donor_profile,xml,0,0.25,187630,oracle_only
644592,149,oracle+donor_profile,xml,0,0.25,187631,oracle_only
644744,109,oracle+donor_profile,xml,0,0.25,187632,oracle_only
644856,122,oracle+donor_profile,xml,0,0.25,187633,oracle_only
644981,120,oracle+donor_profile,xml,0,0.25,187634,oracle_only
645104,90,oracle+donor_profile,xml,0,0.25,187635,oracle_only
645197,129,oracle+donor_profile,xml,0,0.25,187636,oracle_only
645329,132,oracle+donor_profile,xml,0,0.25,187637,oracle_only
645464,96,oracle+donor_profile,xml,0,0.25,187638,oracle_only
645563,127,oracle+donor_profile,xml,0,0.25,187639,oracle_only
645693,129,oracle+donor_profile,xml,0,0.25,187640,oracle_only
645825,137,oracle+donor_profile,xml,0,0.25,187641,oracle_only
645965,125,oracle+donor_profile,xml,0,0.25,187642,oracle_only
646093,100,oracle+donor_profile,xml,0,0.25,187643,oracle_only
646196,100,oracle+donor_profile,xml,0,0.25,187644,oracle_only
646299,117,oracle+donor_profile,xml,0,0.25,187645,oracle_only
646419,100,oracle+donor_profile,xml,0,0.25,187646,oracle_only
646522,123,oracle+donor_profile,xml,0,0.25,187647,oracle_only
646648,123,oracle+donor_profile,xml,0,0.25,187648,oracle_only
646774,116,oracle+donor_profile,xml,0,0.25,187649,oracle_only
646893,114,oracle+donor_profile,xml,0,0.25,187650,oracle_only
647010,124,oracle+donor_profile,xml,0,0.25,187651,oracle_only
647137,134,oracle+donor_profile,xml,0,0.25,187652,oracle_only
647274,124,oracle+donor_profile,xml,0,0.25,187653,oracle_only
647401,124,oracle+donor_profile,xml,0,0.25,187654,oracle_only
647528,124,oracle+donor_profile,xml,0,0.25,187655,oracle_only
647655,124,oracle+donor_profile,xml,0,0.25,187656,oracle_only
647782,130,oracle+donor_profile,xml,0,0.25,187657,oracle_only
647915,88,oracle+donor_profile,xml,0,0.25,187658,oracle_only
648006,88,oracle+donor_profile,xml,0,0.25,187659,oracle_only
648097,124,oracle+donor_profile,xml,0,0.25,187660,oracle_only
648224,120,oracle+donor_profile,xml,0,0.25,187661,oracle_only
648347,106,oracle+donor_profile,xml,0,0.25,187662,oracle_only
648456,118,oracle+donor_profile,xml,0,0.25,187663,oracle_only
648577,105,oracle+donor_profile,xml,0,0.25,187664,oracle_only
648685,140,oracle+donor_profile,xml,0,0.25,187665,oracle_only
648828,86,oracle+donor_profile,xml,0,0.25,187666,oracle_only
648917,121,oracle+donor_profile,xml,0,0.25,187667,oracle_only
649041,124,oracle+donor_profile,xml,0,0.25,187668,oracle_only
649168,88,oracle+donor_profile,xml,0,0.25,187669,oracle_only
649259,124,oracle+donor_profile,xml,0,0.25,187670,oracle_only
649386,124,oracle+donor_profile,xml,0,0.25,187671,oracle_only
649513,124,oracle+donor_profile,xml,0,0.25,187672,oracle_only
649640,134,oracle+donor_profile,xml,0,0.25,187673,oracle_only
649777,131,oracle+donor_profile,xml,0,0.25,187674,oracle_only
649911,121,oracle+donor_profile,xml,0,0.25,187675,oracle_only
650035,121,oracle+donor_profile,xml,0,0.25,187676,oracle_only
650159,121,oracle+donor_profile,xml,0,0.25,187677,oracle_only
650283,121,oracle+donor_profile,xml,0,0.25,187678,oracle_only
650407,131,oracle+donor_profile,xml,0,0.25,187679,oracle_only
650541,109,oracle+donor_profile,xml,0,0.25,187680,oracle_only
650653,116,oracle+donor_profile,xml,0,0.25,187681,oracle_only
650772,119,oracle+donor_profile,xml,0,0.25,187682,oracle_only
650894,127,oracle+donor_profile,xml,0,0.25,187683,oracle_only
651024,123,oracle+donor_profile,xml,0,0.25,187684,oracle_only
651150,142,oracle+donor_profile,xml,0,0.25,187685,oracle_only
651295,131,oracle+donor_profile,xml,0,0.25,187686,oracle_only
651429,105,oracle+donor_profile,xml,0,0.25,187687,oracle_only
651537,118,oracle+donor_profile,xml,0,0.25,187688,oracle_only
651658,123,oracle+donor_profile,xml,0,0.25,187689,oracle_only
651784,123,oracle+donor_profile,xml,0,0.25,187690,oracle_only
651910,109,oracle+donor_profile,xml,0,0.25,187691,oracle_only
652022,98,oracle+donor_profile,xml,0,0.25,187692,oracle_only
652123,117,oracle+donor_profile,xml,0,0.25,187693,oracle_only
652243,114,oracle+donor_profile,xml,0,0.25,187694,oracle_only
652360,106,oracle+donor_profile,xml,0,0.25,187695,oracle_only
652469,119,oracle+donor_profile,xml,0,0.25,187696,oracle_only
652591,117,oracle+donor_profile,xml,0,0.25,187697,oracle_only
652711,101,oracle+donor_profile,xml,0,0.25,187698,oracle_only
652815,101,oracle+donor_profile,xml,0,0.25,187699,oracle_only
652919,104,oracle+donor_profile,xml,0,0.25,187700,oracle_only
653026,119,oracle+donor_profile,xml,0,0.25,187701,oracle_only
653148,84,oracle+donor_profile,xml,0,0.25,187702,oracle_only
653235,84,oracle+donor_profile,xml,0,0.25,187703,oracle_only
653322,100,oracle+donor_profile,xml,0,0.25,187704,oracle_only
653425,150,oracle+donor_profile,xml,0,0.25,187705,oracle_only
653578,124,oracle+donor_profile,xml,0,0.25,187706,oracle_only
653705,136,oracle+donor_profile,xml,0,0.25,187707,oracle_only
653844,77,oracle+donor_profile,xml,0,0.25,187708,oracle_only
653924,86,oracle+donor_profile,xml,0,0.25,187709,oracle_only
654013,125,oracle+donor_profile,xml,0,0.25,187710,oracle_only
654141,121,oracle+donor_profile,xml,0,0.25,187711,oracle_only
654265,124,oracle+donor_profile,xml,0,0.25,187712,oracle_only
654392,80,oracle+donor_profile,xml,0,0.25,187713,oracle_only
654475,100,oracle+donor_profile,xml,0,0.25,187714,oracle_only
654578,107,oracle+donor_profile,xml,0,0.25,187715,oracle_only
654688,124,oracle+donor_profile,xml,0,0.25,187716,oracle_only
654815,111,oracle+donor_profile,xml,0,0.25,187717,oracle_only
654929,102,oracle+donor_profile,xml,0,0.25,187718,oracle_only
655034,186,oracle+donor_profile,xml,0,0.25,187719,oracle_only
655223,120,oracle+donor_profile,xml,0,0.25,187720,oracle_only
655346,115,oracle+donor_profile,xml,0,0.25,187721,oracle_only
655464,124,oracle+donor_profile,xml,0,0.25,187722,oracle_only
655591,159,oracle+donor_profile,xml,0,0.25,187723,oracle_only
655753,121,oracle+donor_profile,xml,0,0.25,187724,oracle_only
655877,114,oracle+donor_profile,xml,0,0.25,187725,oracle_only
655994,142,oracle+donor_profile,xml,0,0.25,187726,oracle_only
656139,132,oracle+donor_profile,xml,0,0.25,187727,oracle_only
656274,99,oracle+donor_profile,xml,0,0.25,187728,oracle_only
656376,129,oracle+donor_profile,xml,0,0.25,187729,oracle_only
656508,121,oracle+donor_profile,xml,0,0.25,187730,oracle_only
656632,121,oracle+donor_profile,xml,0,0.25,187731,oracle_only
656756,107,oracle+donor_profile,xml,0,0.25,187732,oracle_only
656866,98,oracle+donor_profile,xml,0,0.25,187733,oracle_only
656967,121,oracle+donor_profile,xml,0,0.25,187734,oracle_only
657091,115,oracle+donor_profile,xml,0,0.25,187735,oracle_only
657209,118,oracle+donor_profile,xml,0,0.25,187736,oracle_only
657330,97,oracle+donor_profile,xml,0,0.25,187737,oracle_only
657430,124,oracle+donor_profile,xml,0,0.25,187738,oracle_only
657557,98,oracle+donor_profile,xml,0,0.25,187739,oracle_only
657658,117,oracle+donor_profile,xml,0,0.25,187740,oracle_only
657778,141,oracle+donor_profile,xml,0,0.25,187741,oracle_only
657922,110,oracle+donor_profile,xml,0,0.25,187742,oracle_only
658035,157,oracle+donor_profile,xml,0,0.25,187743,oracle_only
658195,128,oracle+donor_profile,xml,0,0.25,187744,oracle_only
658326,119,oracle+donor_profile,xml,0,0.25,187745,oracle_only
658448,141,oracle+donor_profile,xml,0,0.25,187746,oracle_only
658592,120,oracle+donor_profile,xml,0,0.25,187747,oracle_only
658715,91,oracle+donor_profile,xml,0,0.25,187748,oracle_only
658809,108,oracle+donor_profile,xml,0,0.25,187749,oracle_only
658920,124,oracle+donor_profile,xml,0,0.25,187750,oracle_only
659047,124,oracle+donor_profile,xml,0,0.25,187751,oracle_only
659174,88,oracle+donor_profile,xml,0,0.25,187752,oracle_only
659265,124,oracle+donor_profile,xml,0,0.25,187753,oracle_only
659392,124,oracle+donor_profile,xml,0,0.25,187754,oracle_only
659519,124,oracle+donor_profile,xml,0,0.25,187755,oracle_only
659646,134,oracle+donor_profile,xml,0,0.25,187756,oracle_only
659783,132,oracle+donor_profile,xml,0,0.25,187757,oracle_only
659918,127,oracle+donor_profile,xml,0,0.25,187758,oracle_only
660048,131,oracle+donor_profile,xml,0,0.25,187759,oracle_only
660182,146,oracle+donor_profile,xml,0,0.25,187760,oracle_only
660331,123,oracle+donor_profile,xml,0,0.25,187761,oracle_only
660457,135,oracle+donor_profile,xml,0,0.25,187762,oracle_only
660595,123,oracle+donor_profile,xml,0,0.25,187763,oracle_only
660721,134,oracle+donor_profile,xml,0,0.25,187764,oracle_only
660858,100,oracle+donor_profile,xml,0,0.25,187765,oracle_only
660961,141,oracle+donor_profile,xml,0,0.25,187766,oracle_only
661105,122,oracle+donor_profile,xml,0,0.25,187767,oracle_only
661230,122,oracle+donor_profile,xml,0,0.25,187768,oracle_only
661355,115,oracle+donor_profile,xml,0,0.25,187769,oracle_only
661473,112,oracle+donor_profile,xml,0,0.25,187770,oracle_only
661588,120,oracle+donor_profile,xml,0,0.25,187771,oracle_only
661711,112,oracle+donor_profile,xml,0,0.25,187772,oracle_only
661826,148,oracle+donor_profile,xml,0,0.25,187773,oracle_only
661977,136,oracle+donor_profile,xml,0,0.25,187774,oracle_only
662116,142,oracle+donor_profile,xml,0,0.25,187775,oracle_only
662261,86,oracle+donor_profile,xml,0,0.25,187776,oracle_only
662350,131,oracle+donor_profile,xml,0,0.25,187777,oracle_only
662484,121,oracle+donor_profile,xml,0,0.25,187778,oracle_only
662608,121,oracle+donor_profile,xml,0,0.25,187779,oracle_only
662732,121,oracle+donor_profile,xml,0,0.25,187780,oracle_only
662856,174,oracle+donor_profile,xml,0,0.25,187781,oracle_only
663033,121,oracle+donor_profile,xml,0,0.25,187782,oracle_only
663157,114,oracle+donor_profile,xml,0,0.25,187783,oracle_only
663274,109,oracle+donor_profile,xml,0,0.25,187784,oracle_only
663386,111,oracle+donor_profile,xml,0,0.25,187785,oracle_only
663500,150,oracle+donor_profile,xml,0,0.25,187786,oracle_only
663653,137,oracle+donor_profile,xml,0,0.25,187787,oracle_only
663793,140,oracle+donor_profile,xml,0,0.25,187788,oracle_only
663936,140,oracle+donor_profile,xml,0,0.25,187789,oracle_only
664079,140,oracle+donor_profile,xml,0,0.25,187790,oracle_only
664222,111,oracle+donor_profile,xml,0,0.25,187791,oracle_only
664336,140,oracle+donor_profile,xml,0,0.25,187792,oracle_only
664479,140,oracle+donor_profile,xml,0,0.25,187793,oracle_only
664622,142,oracle+donor_profile,xml,0,0.25,187794,oracle_only
664767,125,oracle+donor_profile,xml,0,0.25,187795,oracle_only
664895,93,oracle+donor_profile,xml,0,0.25,187796,oracle_only
664991,82,oracle+donor_profile,xml,0,0.25,187797,oracle_only
665076,131,oracle+donor_profile,xml,0,0.25,187798,oracle_only
665210,94,oracle+donor_profile,xml,0,0.25,187799,oracle_only
665307,126,oracle+donor_profile,xml,0,0.25,187800,oracle_only
665436,115,oracle+donor_profile,xml,0,0.25,187801,oracle_only
665554,122,oracle+donor_profile,xml,0,0.25,187802,oracle_only
665679,119,oracle+donor_profile,xml,0,0.25,187803,oracle_only
665801,121,oracle+donor_profile,xml,0,0.25,187804,oracle_only
665925,86,oracle+donor_profile,xml,0,0.25,187805,oracle_only
666014,121,oracle+donor_profile,xml,0,0.25,187806,oracle_only
666138,121,oracle+donor_profile,xml,0,0.25,187807,oracle_only
666262,121,oracle+donor_profile,xml,0,0.25,187808,oracle_only
666386,121,oracle+donor_profile,xml,0,0.25,187809,oracle_only
666510,130,oracle+donor_profile,xml,0,0.25,187810,oracle_only
666643,121,oracle+donor_profile,xml,0,0.25,187811,oracle_only
666767,159,oracle+donor_profile,xml,0,0.25,187812,oracle_only
666929,132,oracle+donor_profile,xml,0,0.25,187813,oracle_only
667064,120,oracle+donor_profile,xml,0,0.25,187814,oracle_only
667187,130,oracle+donor_profile,xml,0,0.25,187815,oracle_only
667320,133,oracle+donor_profile,xml,0,0.25,187816,oracle_only
667456,131,oracle+donor_profile,xml,0,0.25,187817,oracle_only
667590,104,oracle+donor_profile,xml,0,0.25,187818,oracle_only
667697,139,oracle+donor_profile,xml,0,0.25,187819,oracle_only
667839,123,oracle+donor_profile,xml,0,0.25,187820,oracle_only
667965,118,oracle+donor_profile,xml,0,0.25,187821,oracle_only
668086,126,oracle+donor_profile,xml,0,0.25,187822,oracle_only
668215,91,oracle+donor_profile,xml,0,0.25,187823,oracle_only
668309,140,oracle+donor_profile,xml,0,0.25,187824,oracle_only
668452,125,oracle+donor_profile,xml,0,0.25,187825,oracle_only
668580,105,oracle+donor_profile,xml,0,0.25,187826,oracle_only
668688,153,oracle+donor_profile,xml,0,0.25,187827,oracle_only
668844,174,oracle+donor_profile,xml,0,0.25,187828,oracle_only
669021,111,oracle+donor_profile,xml,0,0.25,187829,oracle_only
669135,158,oracle+donor_profile,xml,0,0.25,187830,oracle_only
669296,130,oracle+donor_profile,xml,0,0.25,187831,oracle_only
669429,137,oracle+donor_profile,xml,0,0.25,187832,oracle_only
669569,104,oracle+donor_profile,xml,0,0.25,187833,oracle_only
669676,87,oracle+donor_profile,xml,0,0.25,187834,oracle_only
669766,123,oracle+donor_profile,xml,0,0.25,187835,oracle_only
669892,133,oracle+donor_profile,xml,0,0.25,187836,oracle_only
670028,121,oracle+donor_profile,xml,0,0.25,187837,oracle_only
670152,121,oracle+donor_profile,xml,0,0.25,187838,oracle_only
670276,131,oracle+donor_profile,xml,0,0.25,187839,oracle_only
670410,121,oracle+donor_profile,xml,0,0.25,187840,oracle_only
670534,121,oracle+donor_profile,xml,0,0.25,187841,oracle_only
670658,121,oracle+donor_profile,xml,0,0.25,187842,oracle_only
670782,121,oracle+donor_profile,xml,0,0.25,187843,oracle_only
670906,121,oracle+donor_profile,xml,0,0.25,187844,oracle_only
671030,86,oracle+donor_profile,xml,0,0.25,187845,oracle_only
671119,124,oracle+donor_profile,xml,0,0.25,187846,oracle_only
671246,124,oracle+donor_profile,xml,0,0.25,187847,oracle_only
671373,88,oracle+donor_profile,xml,0,0.25,187848,oracle_only
671464,124,oracle+donor_profile,xml,0,0.25,187849,oracle_only
671591,112,oracle+donor_profile,xml,0,0.25,187850,oracle_only
671706,124,oracle+donor_profile,xml,0,0.25,187851,oracle_only
671833,134,oracle+donor_profile,xml,0,0.25,187852,oracle_only
671970,114,oracle+donor_profile,xml,0,0.25,187853,oracle_only
672087,145,oracle+donor_profile,xml,0,0.25,187854,oracle_only
672235,102,oracle+donor_profile,xml,0,0.25,187855,oracle_only
672340,135,oracle+donor_profile,xml,0,0.25,187856,oracle_only
672478,122,oracle+donor_profile,xml,0,0.25,187857,oracle_only
672603,196,oracle+donor_profile,xml,0,0.25,187858,oracle_only
672802,127,oracle+donor_profile,xml,0,0.25,187859,oracle_only
672932,126,oracle+donor_profile,xml,0,0.25,187860,oracle_only
673061,130,oracle+donor_profile,xml,0,0.25,187861,oracle_only
673194,141,oracle+donor_profile,xml,0,0.25,187862,oracle_only
673338,141,oracle+donor_profile,xml,0,0.25,187863,oracle_only
673482,165,oracle+donor_profile,xml,0,0.25,187864,oracle_only
673650,165,oracle+donor_profile,xml,0,0.25,187865,oracle_only
673818,125,oracle+donor_profile,xml,0,0.25,187866,oracle_only
673946,154,oracle+donor_profile,xml,0,0.25,187867,oracle_only
674103,114,oracle+donor_profile,xml,0,0.25,187868,oracle_only
674220,106,oracle+donor_profile,xml,0,0.25,187869,oracle_only
674329,127,oracle+donor_profile,xml,0,0.25,187870,oracle_only
674459,143,oracle+donor_profile,xml,0,0.25,187871,oracle_only
674605,139,oracle+donor_profile,xml,0,0.25,187872,oracle_only
674747,91,oracle+donor_profile,xml,0,0.25,187873,oracle_only
674841,145,oracle+donor_profile,xml,0,0.25,187874,oracle_only
674989,110,oracle+donor_profile,xml,0,0.25,187875,oracle_only
675102,131,oracle+donor_profile,xml,0,0.25,187876,oracle_only
675236,113,oracle+donor_profile,xml,0,0.25,187877,oracle_only
675352,108,oracle+donor_profile,xml,0,0.25,187878,oracle_only
675463,80,oracle+donor_profile,xml,0,0.25,187879,oracle_only
675546,110,oracle+donor_profile,xml,0,0.25,187880,oracle_only
675659,128,oracle+donor_profile,xml,0,0.25,187881,oracle_only
675790,108,oracle+donor_profile,xml,0,0.25,187882,oracle_only
675901,113,oracle+donor_profile,xml,0,0.25,187883,oracle_only
676017,121,oracle+donor_profile,xml,0,0.25,187884,oracle_only
676141,86,oracle+donor_profile,xml,0,0.25,187885,oracle_only
676230,86,oracle+donor_profile,xml,0,0.25,187886,oracle_only
676319,121,oracle+donor_profile,xml,0,0.25,187887,oracle_only
676443,86,oracle+donor_profile,xml,0,0.25,187888,oracle_only
676532,130,oracle+donor_profile,xml,0,0.25,187889,oracle_only
676665,121,oracle+donor_profile,xml,0,0.25,187890,oracle_only
676789,131,oracle+donor_profile,xml,0,0.25,187891,oracle_only
676923,136,oracle+donor_profile,xml,0,0.25,187892,oracle_only
677062,136,oracle+donor_profile,xml,0,0.25,187893,oracle_only
677201,146,oracle+donor_profile,xml,0,0.25,187894,oracle_only
677350,96,oracle+donor_profile,xml,0,0.25,187895,oracle_only
677449,136,oracle+donor_profile,xml,0,0.25,187896,oracle_only
677588,136,oracle+donor_profile,xml,0,0.25,187897,oracle_only
677727,136,oracle+donor_profile,xml,0,0.25,187898,oracle_only
677866,136,oracle+donor_profile,xml,0,0.25,187899,oracle_only
678005,138,oracle+donor_profile,xml,0,0.25,187900,oracle_only
678146,140,oracle+donor_profile,xml,0,0.25,187901,oracle_only
678289,124,oracle+donor_profile,xml,0,0.25,187902,oracle_only
678416,115,oracle+donor_profile,xml,0,0.25,187903,oracle_only
678534,128,oracle+donor_profile,xml,0,0.25,187904,oracle_only
678665,131,oracle+donor_profile,xml,0,0.25,187905,oracle_only
678799,115,oracle+donor_profile,xml,0,0.25,187906,oracle_only
678917,105,oracle+donor_profile,xml,0,0.25,187907,oracle_only
679025,101,oracle+donor_profile,xml,0,0.25,187908,oracle_only
679129,121,oracle+donor_profile,xml,0,0.25,187909,oracle_only
679253,152,oracle+donor_profile,xml,0,0.25,187910,oracle_only
679408,113,oracle+donor_profile,xml,0,0.25,187911,oracle_only
679524,122,oracle+donor_profile,xml,0,0.25,187912,oracle_only
679649,138,oracle+donor_profile,xml,0,0.25,187913,oracle_only
679790,140,oracle+donor_profile,xml,0,0.25,187914,oracle_only
679933,140,oracle+donor_profile,xml,0,0.25,187915,oracle_only
680076,98,oracle+donor_profile,xml,0,0.25,187916,oracle_only
680177,140,oracle+donor_profile,xml,0,0.25,187917,oracle_only
680320,121,oracle+donor_profile,xml,0,0.25,187918,oracle_only
680444,140,oracle+donor_profile,xml,0,0.25,187919,oracle_only
680587,86,oracle+donor_profile,xml,0,0.25,187920,oracle_only
680676,131,oracle+donor_profile,xml,0,0.25,187921,oracle_only
680810,140,oracle+donor_profile,xml,0,0.25,187922,oracle_only
680953,121,oracle+donor_profile,xml,0,0.25,187923,oracle_only
681077,121,oracle+donor_profile,xml,0,0.25,187924,oracle_only
681201,140,oracle+donor_profile,xml,0,0.25,187925,oracle_only
681344,121,oracle+donor_profile,xml,0,0.25,187926,oracle_only
681468,111,oracle+donor_profile,xml,0,0.25,187927,oracle_only
681582,131,oracle+donor_profile,xml,0,0.25,187928,oracle_only
681716,184,oracle+donor_profile,xml,0,0.25,187929,oracle_only
681903,126,oracle+donor_profile,xml,0,0.25,187930,oracle_only
682032,140,oracle+donor_profile,xml,0,0.25,187931,oracle_only
682175,118,oracle+donor_profile,xml,0,0.25,187932,oracle_only
682296,135,oracle+donor_profile,xml,0,0.25,187933,oracle_only
682434,135,oracle+donor_profile,xml,0,0.25,187934,oracle_only
682572,109,oracle+donor_profile,xml,0,0.25,187935,oracle_only
682684,118,oracle+donor_profile,xml,0,0.25,187936,oracle_only
682805,100,oracle+donor_profile,xml,0,0.25,187937,oracle_only
682908,136,oracle+donor_profile,xml,0,0.25,187938,oracle_only
683047,114,oracle+donor_profile,xml,0,0.25,187939,oracle_only
683164,134,oracle+donor_profile,xml,0,0.25,187940,oracle_only
683301,119,oracle+donor_profile,xml,0,0.25,187941,oracle_only
683423,141,oracle+donor_profile,xml,0,0.25,187942,oracle_only
683567,208,oracle+donor_profile,xml,0,0.25,187943,oracle_only
683778,152,oracle+donor_profile,xml,0,0.25,187944,oracle_only
683933,118,oracle+donor_profile,xml,0,0.25,187945,oracle_only
684054,133,oracle+donor_profile,xml,0,0.25,187946,oracle_only
684190,118,oracle+donor_profile,xml,0,0.25,187947,oracle_only
684311,128,oracle+donor_profile,xml,0,0.25,187948,oracle_only
684442,121,oracle+donor_profile,xml,0,0.25,187949,oracle_only
684566,136,oracle+donor_profile,xml,0,0.25,187950,oracle_only
684705,121,oracle+donor_profile,xml,0,0.25,187951,oracle_only
684829,111,oracle+donor_profile,xml,0,0.25,187952,oracle_only
684943,157,oracle+donor_profile,xml,0,0.25,187953,oracle_only
685103,115,oracle+donor_profile,xml,0,0.25,187954,oracle_only
685221,118,oracle+donor_profile,xml,0,0.25,187955,oracle_only
685342,127,oracle+donor_profile,xml,0,0.25,187956,oracle_only
685472,91,oracle+donor_profile,xml,0,0.25,187957,oracle_only
685566,122,oracle+donor_profile,xml,0,0.25,187958,oracle_only
685691,86,oracle+donor_profile,xml,0,0.25,187959,oracle_only
685780,97,oracle+donor_profile,xml,0,0.25,187960,oracle_only
685880,130,oracle+donor_profile,xml,0,0.25,187961,oracle_only
686013,125,oracle+donor_profile,xml,0,0.25,187962,oracle_only
686141,105,oracle+donor_profile,xml,0,0.25,187963,oracle_only
686249,120,oracle+donor_profile,xml,0,0.25,187964,oracle_only
686372,96,oracle+donor_profile,xml,0,0.25,187965,oracle_only
686471,114,oracle+donor_profile,xml,0,0.25,187966,oracle_only
686588,130,oracle+donor_profile,xml,0,0.25,187967,oracle_only
686721,94,oracle+donor_profile,xml,0,0.25,187968,oracle_only
686818,109,oracle+donor_profile,xml,0,0.25,187969,oracle_only
686930,102,oracle+donor_profile,xml,0,0.25,187970,oracle_only
687035,83,oracle+donor_profile,xml,0,0.25,187971,oracle_only
687121,148,oracle+donor_profile,xml,0,0.25,187972,oracle_only
687272,141,oracle+donor_profile,xml,0,0.25,187973,oracle_only
687416,136,oracle+donor_profile,xml,0,0.25,187974,oracle_only
687555,117,oracle+donor_profile,xml,0,0.25,187975,oracle_only
687675,124,oracle+donor_profile,xml,0,0.25,187976,oracle_only
687802,88,oracle+donor_profile,xml,0,0.25,187977,oracle_only
687893,124,oracle+donor_profile,xml,0,0.25,187978,oracle_only
688020,124,oracle+donor_profile,xml,0,0.25,187979,oracle_only
688147,124,oracle+donor_profile,xml,0,0.25,187980,oracle_only
688274,112,oracle+donor_profile,xml,0,0.25,187981,oracle_only
688389,124,oracle+donor_profile,xml,0,0.25,187982,oracle_only
688516,133,oracle+donor_profile,xml,0,0.25,187983,oracle_only
688652,136,oracle+donor_profile,xml,0,0.25,187984,oracle_only
688791,127,oracle+donor_profile,xml,0,0.25,187985,oracle_only
688921,128,oracle+donor_profile,xml,0,0.25,187986,oracle_only
689052,147,oracle+donor_profile,xml,0,0.25,187987,oracle_only
689202,114,oracle+donor_profile,xml,0,0.25,187988,oracle_only
689319,94,oracle+donor_profile,xml,0,0.25,187989,oracle_only
689416,139,oracle+donor_profile,xml,0,0.25,187990,oracle_only
689558,112,oracle+donor_profile,xml,0,0.25,187991,oracle_only
689673,131,oracle+donor_profile,xml,0,0.25,187992,oracle_only
689807,91,oracle+donor_profile,xml,0,0.25,187993,oracle_only
689901,159,oracle+donor_profile,xml,0,0.25,187994,oracle_only
690063,133,oracle+donor_profile,xml,0,0.25,187995,oracle_only
690199,101,oracle+donor_profile,xml,0,0.25,187996,oracle_only
690303,128,oracle+donor_profile,xml,0,0.25,187997,oracle_only
690434,128,oracle+donor_profile,xml,0,0.25,187998,oracle_only
690565,118,oracle+donor_profile,xml,0,0.25,187999,oracle_only
690686,133,oracle+donor_profile,xml,0,0.25,188000,oracle_only
690822,118,oracle+donor_profile,xml,0,0.25,188001,oracle_only
690943,128,oracle+donor_profile,xml,0,0.25,188002,oracle_only
691074,130,oracle+donor_profile,xml,0,0.25,188003,oracle_only
691207,117,oracle+donor_profile,xml,0,0.25,188004,oracle_only
691327,124,oracle+donor_profile,xml,0,0.25,188005,oracle_only
691454,88,oracle+donor_profile,xml,0,0.25,188006,oracle_only
691545,88,oracle+donor_profile,xml,0,0.25,188007,oracle_only
691636,124,oracle+donor_profile,xml,0,0.25,188008,oracle_only
691763,124,oracle+donor_profile,xml,0,0.25,188009,oracle_only
691890,132,oracle+donor_profile,xml,0,0.25,188010,oracle_only
692025,124,oracle+donor_profile,xml,0,0.25,188011,oracle_only
692152,134,oracle+donor_profile,xml,0,0.25,188012,oracle_only
692289,124,oracle+donor_profile,xml,0,0.25,188013,oracle_only
692416,124,oracle+donor_profile,xml,0,0.25,188014,oracle_only
692543,88,oracle+donor_profile,xml,0,0.25,188015,oracle_only
692634,124,oracle+donor_profile,xml,0,0.25,188016,oracle_only
692761,124,oracle+donor_profile,xml,0,0.25,188017,oracle_only
692888,124,oracle+donor_profile,xml,0,0.25,188018,oracle_only
693015,134,oracle+donor_profile,xml,0,0.25,188019,oracle_only
693152,138,oracle+donor_profile,xml,0,0.25,188020,oracle_only
693293,119,oracle+donor_profile,xml,0,0.25,188021,oracle_only
693415,144,oracle+donor_profile,xml,0,0.25,188022,oracle_only
693562,121,oracle+donor_profile,xml,0,0.25,188023,oracle_only
693686,121,oracle+donor_profile,xml,0,0.25,188024,oracle_only
693810,86,oracle+donor_profile,xml,0,0.25,188025,oracle_only
693899,121,oracle+donor_profile,xml,0,0.25,188026,oracle_only
694023,121,oracle+donor_profile,xml,0,0.25,188027,oracle_only
694147,121,oracle+donor_profile,xml,0,0.25,188028,oracle_only
694271,121,oracle+donor_profile,xml,0,0.25,188029,oracle_only
694395,121,oracle+donor_profile,xml,0,0.25,188030,oracle_only
694519,131,oracle+donor_profile,xml,0,0.25,188031,oracle_only
694653,124,oracle+donor_profile,xml,0,0.25,188032,oracle_only
694780,124,oracle+donor_profile,xml,0,0.25,188033,oracle_only
694907,124,oracle+donor_profile,xml,0,0.25,188034,oracle_only
695034,124,oracle+donor_profile,xml,0,0.25,188035,oracle_only
695161,124,oracle+donor_profile,xml,0,0.25,188036,oracle_only
695288,134,oracle+donor_profile,xml,0,0.25,188037,oracle_only
695425,121,oracle+donor_profile,xml,0,0.25,188038,oracle_only
695549,147,oracle+donor_profile,xml,0,0.25,188039,oracle_only
695699,118,oracle+donor_profile,xml,0,0.25,188040,oracle_only
695820,121,oracle+donor_profile,xml,0,0.25,188041,oracle_only
695944,118,oracle+donor_profile,xml,0,0.25,188042,oracle_only
696065,118,oracle+donor_profile,xml,0,0.25,188043,oracle_only
696186,121,oracle+donor_profile,xml,0,0.25,188044,oracle_only
696310,131,oracle+donor_profile,xml,0,0.25,188045,oracle_only
696444,130,oracle+donor_profile,xml,0,0.25,188046,oracle_only
696577,133,oracle+donor_profile,xml,0,0.25,188047,oracle_only
696713,134,oracle+donor_profile,xml,0,0.25,188048,oracle_only
696850,127,oracle+donor_profile,xml,0,0.25,188049,oracle_only
696980,121,oracle+donor_profile,xml,0,0.25,188050,oracle_only
697104,105,oracle+donor_profile,xml,0,0.25,188051,oracle_only
697212,114,oracle+donor_profile,xml,0,0.25,188052,oracle_only
697329,102,oracle+donor_profile,xml,0,0.25,188053,oracle_only
697434,102,oracle+donor_profile,xml,0,0.25,188054,oracle_only
697539,102,oracle+donor_profile,xml,0,0.25,188055,oracle_only
697644,102,oracle+donor_profile,xml,0,0.25,188056,oracle_only
697749,102,oracle+donor_profile,xml,0,0.25,188057,oracle_only
697854,103,oracle+donor_profile,xml,0,0.25,188058,oracle_only
697960,159,oracle+donor_profile,xml,0,0.25,188059,oracle_only
698122,155,oracle+donor_profile,xml,0,0.25,188060,oracle_only
698280,121,oracle+donor_profile,xml,0,0.25,188061,oracle_only
698404,121,oracle+donor_profile,xml,0,0.25,188062,oracle_only
698528,121,oracle+donor_profile,xml,0,0.25,188063,oracle_only
698652,121,oracle+donor_profile,xml,0,0.25,188064,oracle_only
698776,131,oracle+donor_profile,xml,0,0.25,188065,oracle_only
698910,121,oracle+donor_profile,xml,0,0.25,188066,oracle_only
699034,141,oracle+donor_profile,xml,0,0.25,188067,oracle_only
699178,135,oracle+donor_profile,xml,0,0.25,188068,oracle_only
699316,112,oracle+donor_profile,xml,0,0.25,188069,oracle_only
699431,101,oracle+donor_profile,xml,0,0.25,188070,oracle_only
699535,101,oracle+donor_profile,xml,0,0.25,188071,oracle_only
699639,134,oracle+donor_profile,xml,0,0.25,188072,oracle_only
699776,154,oracle+donor_profile,xml,0,0.25,188073,oracle_only
699933,180,oracle+donor_profile,xml,0,0.25,188074,oracle_only
700116,117,oracle+donor_profile,xml,0,0.25,188075,oracle_only
700236,125,oracle+donor_profile,xml,0,0.25,188076,oracle_only
700364,124,oracle+donor_profile,xml,0,0.25,188077,oracle_only
700491,138,oracle+donor_profile,xml,0,0.25,188078,oracle_only
700632,133,oracle+donor_profile,xml,0,0.25,188079,oracle_only
700768,133,oracle+donor_profile,xml,0,0.25,188080,oracle_only
700904,94,oracle+donor_profile,xml,0,0.25,188081,oracle_only
701001,133,oracle+donor_profile,xml,0,0.25,188082,oracle_only
701137,133,oracle+donor_profile,xml,0,0.25,188083,oracle_only
701273,133,oracle+donor_profile,xml,0,0.25,188084,oracle_only
701409,107,oracle+donor_profile,xml,0,0.25,188085,oracle_only
701519,133,oracle+donor_profile,xml,0,0.25,188086,oracle_only
701655,143,oracle+donor_profile,xml,0,0.25,188087,oracle_only
701801,112,oracle+donor_profile,xml,0,0.25,188088,oracle_only
701916,126,oracle+donor_profile,xml,0,0.25,188089,oracle_only
702045,112,oracle+donor_profile,xml,0,0.25,188090,oracle_only
702160,127,oracle+donor_profile,xml,0,0.25,188091,oracle_only
702290,147,oracle+donor_profile,xml,0,0.25,188092,oracle_only
702440,104,oracle+donor_profile,xml,0,0.25,188093,oracle_only
702547,120,oracle+donor_profile,xml,0,0.25,188094,oracle_only
702670,129,oracle+donor_profile,xml,0,0.25,188095,oracle_only
702802,113,oracle+donor_profile,xml,0,0.25,188096,oracle_only
702918,107,oracle+donor_profile,xml,0,0.25,188097,oracle_only
703028,126,oracle+donor_profile,xml,0,0.25,188098,oracle_only
703157,137,oracle+donor_profile,xml,0,0.25,188099,oracle_only
703297,127,oracle+donor_profile,xml,0,0.25,188100,oracle_only
703427,136,oracle+donor_profile,xml,0,0.25,188101,oracle_only
703566,113,oracle+donor_profile,xml,0,0.25,188102,oracle_only
703682,113,oracle+donor_profile,xml,0,0.25,188103,oracle_only
703798,113,oracle+donor_profile,xml,0,0.25,188104,oracle_only
703914,113,oracle+donor_profile,xml,0,0.25,188105,oracle_only
704030,94,oracle+donor_profile,xml,0,0.25,188106,oracle_only
704127,133,oracle+donor_profile,xml,0,0.25,188107,oracle_only
704263,133,oracle+donor_profile,xml,0,0.25,188108,oracle_only
704399,133,oracle+donor_profile,xml,0,0.25,188109,oracle_only
704535,143,oracle+donor_profile,xml,0,0.25,188110,oracle_only
704681,133,oracle+donor_profile,xml,0,0.25,188111,oracle_only
704817,91,oracle+donor_profile,xml,0,0.25,188112,oracle_only
704911,137,oracle+donor_profile,xml,0,0.25,188113,oracle_only
705051,129,oracle+donor_profile,xml,0,0.25,188114,oracle_only
705183,136,oracle+donor_profile,xml,0,0.25,188115,oracle_only
705322,138,oracle+donor_profile,xml,0,0.25,188116,oracle_only
705463,137,oracle+donor_profile,xml,0,0.25,188117,oracle_only
705603,138,oracle+donor_profile,xml,0,0.25,188118,oracle_only
705744,138,oracle+donor_profile,xml,0,0.25,188119,oracle_only
705885,138,oracle+donor_profile,xml,0,0.25,188120,oracle_only
706026,165,oracle+donor_profile,xml,0,0.25,188121,oracle_only
706194,130,oracle+donor_profile,xml,0,0.25,188122,oracle_only
706327,99,oracle+donor_profile,xml,0,0.25,188123,oracle_only
706429,113,oracle+donor_profile,xml,0,0.25,188124,oracle_only
706545,112,oracle+donor_profile,xml,0,0.25,188125,oracle_only
706660,112,oracle+donor_profile,xml,0,0.25,188126,oracle_only
706775,122,oracle+donor_profile,xml,0,0.25,188127,oracle_only
706900,136,oracle+donor_profile,xml,0,0.25,188128,oracle_only
707039,126,oracle+donor_profile,xml,0,0.25,188129,oracle_only
707168,121,oracle+donor_profile,xml,0,0.25,188130,oracle_only
707292,115,oracle+donor_profile,xml,0,0.25,188131,oracle_only
707410,118,oracle+donor_profile,xml,0,0.25,188132,oracle_only
707531,123,oracle+donor_profile,xml,0,0.25,188133,oracle_only
707657,112,oracle+donor_profile,xml,0,0.25,188134,oracle_only
707772,117,oracle+donor_profile,xml,0,0.25,188135,oracle_only
707892,102,oracle+donor_profile,xml,0,0.25,188136,oracle_only
707997,99,oracle+donor_profile,xml,0,0.25,188137,oracle_only
708099,136,oracle+donor_profile,xml,0,0.25,188138,oracle_only
708238,111,oracle+donor_profile,xml,0,0.25,188139,oracle_only
708352,116,oracle+donor_profile,xml,0,0.25,188140,oracle_only
708471,115,oracle+donor_profile,xml,0,0.25,188141,oracle_only
708589,116,oracle+donor_profile,xml,0,0.25,188142,oracle_only
708708,130,oracle+donor_profile,xml,0,0.25,188143,oracle_only
708841,120,oracle+donor_profile,xml,0,0.25,188144,oracle_only
708964,93,oracle+donor_profile,xml,0,0.25,188145,oracle_only
709060,123,oracle+donor_profile,xml,0,0.25,188146,oracle_only
709186,132,oracle+donor_profile,xml,0,0.25,188147,oracle_only
709321,86,oracle+donor_profile,xml,0,0.25,188148,oracle_only
709410,141,oracle+donor_profile,xml,0,0.25,188149,oracle_only
709554,111,oracle+donor_profile,xml,0,0.25,188150,oracle_only
709668,251,oracle+donor_profile,xml,0,0.25,188151,oracle_only
709922,173,oracle+donor_profile,xml,0,0.25,188152,oracle_only
710098,161,oracle+donor_profile,xml,0,0.25,188153,oracle_only
710262,179,oracle+donor_profile,xml,0,0.25,188154,oracle_only
710444,170,oracle+donor_profile,xml,0,0.25,188155,oracle_only
710617,173,oracle+donor_profile,xml,0,0.25,188156,oracle_only
710793,167,oracle+donor_profile,xml,0,0.25,188157,oracle_only
710963,164,oracle+donor_profile,xml,0,0.25,188158,oracle_only
711130,170,oracle+donor_profile,xml,0,0.25,188159,oracle_only
711303,188,oracle+donor_profile,xml,0,0.25,188160,oracle_only
711494,161,oracle+donor_profile,xml,0,0.25,188161,oracle_only
711658,173,oracle+donor_profile,xml,0,0.25,188162,oracle_only
711834,161,oracle+donor_profile,xml,0,0.25,188163,oracle_only
711998,170,oracle+donor_profile,xml,0,0.25,188164,oracle_only
712171,145,oracle+donor_profile,xml,0,0.25,188165,oracle_only
712319,83,oracle+donor_profile,xml,0,0.25,188166,oracle_only
712405,148,oracle+donor_profile,xml,0,0.25,188167,oracle_only
712556,112,oracle+donor_profile,xml,0,0.25,188168,oracle_only
712671,115,oracle+donor_profile,xml,0,0.25,188169,oracle_only
712789,147,oracle+donor_profile,xml,0,0.25,188170,oracle_only
712939,106,oracle+donor_profile,xml,0,0.25,188171,oracle_only
713048,97,oracle+donor_profile,xml,0,0.25,188172,oracle_only
713148,139,oracle+donor_profile,xml,0,0.25,188173,oracle_only
713290,107,oracle+donor_profile,xml,0,0.25,188174,oracle_only
713400,98,oracle+donor_profile,xml,0,0.25,188175,oracle_only
713501,150,oracle+donor_profile,xml,0,0.25,188176,oracle_only
713654,108,oracle+donor_profile,xml,0,0.25,188177,oracle_only
713765,90,oracle+donor_profile,xml,0,0.25,188178,oracle_only
713858,155,oracle+donor_profile,xml,0,0.25,188179,oracle_only
714016,155,oracle+donor_profile,xml,0,0.25,188180,oracle_only
714174,120,oracle+donor_profile,xml,0,0.25,188181,oracle_only
714297,117,oracle+donor_profile,xml,0,0.25,188182,oracle_only
714417,123,oracle+donor_profile,xml,0,0.25,188183,oracle_only
714543,141,oracle+donor_profile,xml,0,0.25,188184,oracle_only
714687,124,oracle+donor_profile,xml,0,0.25,188185,oracle_only
714814,125,oracle+donor_profile,xml,0,0.25,188186,oracle_only
714942,126,oracle+donor_profile,xml,0,0.25,188187,oracle_only
715071,128,oracle+donor_profile,xml,0,0.25,188188,oracle_only
715202,92,oracle+donor_profile,xml,0,0.25,188189,oracle_only
715297,122,oracle+donor_profile,xml,0,0.25,188190,oracle_only
715422,116,oracle+donor_profile,xml,0,0.25,188191,oracle_only
715541,119,oracle+donor_profile,xml,0,0.25,188192,oracle_only
715663,107,oracle+donor_profile,xml,0,0.25,188193,oracle_only
715773,124,oracle+donor_profile,xml,0,0.25,188194,oracle_only
715900,129,oracle+donor_profile,xml,0,0.25,188195,oracle_only
716032,87,oracle+donor_profile,xml,0,0.25,188196,oracle_only
716122,87,oracle+donor_profile,xml,0,0.25,188197,oracle_only
716212,87,oracle+donor_profile,xml,0,0.25,188198,oracle_only
716302,108,oracle+donor_profile,xml,0,0.25,188199,oracle_only
716413,91,oracle+donor_profile,xml,0,0.25,188200,oracle_only
716507,86,oracle+donor_profile,xml,0,0.25,188201,oracle_only
716596,121,oracle+donor_profile,xml,0,0.25,188202,oracle_only
716720,121,oracle+donor_profile,xml,0,0.25,188203,oracle_only
716844,121,oracle+donor_profile,xml,0,0.25,188204,oracle_only
716968,110,oracle+donor_profile,xml,0,0.25,188205,oracle_only
717081,121,oracle+donor_profile,xml,0,0.25,188206,oracle_only
717205,131,oracle+donor_profile,xml,0,0.25,188207,oracle_only
717339,134,oracle+donor_profile,xml,0,0.25,188208,oracle_only
717476,134,oracle+donor_profile,xml,0,0.25,188209,oracle_only
717613,94,oracle+donor_profile,xml,0,0.25,188210,oracle_only
717710,128,oracle+donor_profile,xml,0,0.25,188211,oracle_only
717841,95,oracle+donor_profile,xml,0,0.25,188212,oracle_only
717939,107,oracle+donor_profile,xml,0,0.25,188213,oracle_only
718049,134,oracle+donor_profile,xml,0,0.25,188214,oracle_only
718186,144,oracle+donor_profile,xml,0,0.25,188215,oracle_only
718333,136,oracle+donor_profile,xml,0,0.25,188216,oracle_only
718472,132,oracle+donor_profile,xml,0,0.25,188217,oracle_only
718607,118,oracle+donor_profile,xml,0,0.25,188218,oracle_only
718728,122,oracle+donor_profile,xml,0,0.25,188219,oracle_only
718853,127,oracle+donor_profile,xml,0,0.25,188220,oracle_only
718983,117,oracle+donor_profile,xml,0,0.25,188221,oracle_only
719103,95,oracle+donor_profile,xml,0,0.25,188222,oracle_only
719201,126,oracle+donor_profile,xml,0,0.25,188223,oracle_only
719330,136,oracle+donor_profile,xml,0,0.25,188224,oracle_only
719469,92,oracle+donor_profile,xml,0,0.25,188225,oracle_only
719564,83,oracle+donor_profile,xml,0,0.25,188226,oracle_only
719650,120,oracle+donor_profile,xml,0,0.25,188227,oracle_only
719773,154,oracle+donor_profile,url,0,0.25,188228,oracle_only
719930,135,oracle+donor_profile,xml,0,0.25,188229,oracle_only
720068,125,oracle+donor_profile,xml,0,0.25,188230,oracle_only
720196,92,oracle+donor_profile,xml,0,0.25,188231,oracle_only
720291,146,oracle+donor_profile,xml,0,0.25,188232,oracle_only
720440,123,oracle+donor_profile,xml,0,0.25,188233,oracle_only
720566,121,oracle+donor_profile,xml,0,0.25,188234,oracle_only
720690,117,oracle+donor_profile,xml,0,0.25,188235,oracle_only
720810,186,oracle+donor_profile,xml,0,0.25,188236,oracle_only
720999,114,oracle+donor_profile,xml,0,0.25,188237,oracle_only
721116,144,oracle+donor_profile,xml,0,0.25,188238,oracle_only
721263,100,oracle+donor_profile,xml,0,0.25,188239,oracle_only
721366,130,oracle+donor_profile,xml,0,0.25,188240,oracle_only
721499,140,oracle+donor_profile,xml,0,0.25,188241,oracle_only
721642,123,oracle+donor_profile,xml,0,0.25,188242,oracle_only
721768,99,oracle+donor_profile,xml,0,0.25,188243,oracle_only
721870,121,oracle+donor_profile,xml,0,0.25,188244,oracle_only
721994,115,oracle+donor_profile,xml,0,0.25,188245,oracle_only
722112,102,oracle+donor_profile,xml,0,0.25,188246,oracle_only
722217,99,oracle+donor_profile,xml,0,0.25,188247,oracle_only
722319,113,oracle+donor_profile,xml,0,0.25,188248,oracle_only
722435,95,oracle+donor_profile,xml,0,0.25,188249,oracle_only
722533,83,oracle+donor_profile,xml,0,0.25,188250,oracle_only
722619,108,oracle+donor_profile,xml,0,0.25,188251,oracle_only
722730,87,oracle+donor_profile,xml,0,0.25,188252,oracle_only
722820,117,oracle+donor_profile,xml,0,0.25,188253,oracle_only
722940,103,oracle+donor_profile,xml,0,0.25,188254,oracle_only
723046,132,oracle+donor_profile,xml,0,0.25,188255,oracle_only
723181,134,oracle+donor_profile,xml,0,0.25,188256,oracle_only
723318,114,oracle+donor_profile,xml,0,0.25,188257,oracle_only
723435,121,oracle+donor_profile,xml,0,0.25,188258,oracle_only
723559,116,oracle+donor_profile,xml,0,0.25,188259,oracle_only
723678,116,oracle+donor_profile,xml,0,0.25,188260,oracle_only
723797,122,oracle+donor_profile,xml,0,0.25,188261,oracle_only
723922,122,oracle+donor_profile,xml,0,0.25,188262,oracle_only
724047,121,oracle+donor_profile,xml,0,0.25,188263,oracle_only
724171,86,oracle+donor_profile,xml,0,0.25,188264,oracle_only
724260,122,oracle+donor_profile,xml,0,0.25,188265,oracle_only
724385,121,oracle+donor_profile,xml,0,0.25,188266,oracle_only
724509,121,oracle+donor_profile,xml,0,0.25,188267,oracle_only
724633,121,oracle+donor_profile,xml,0,0.25,188268,oracle_only
724757,121,oracle+donor_profile,xml,0,0.25,188269,oracle_only
724881,121,oracle+donor_profile,xml,0,0.25,188270,oracle_only
725005,132,oracle+donor_profile,xml,0,0.25,188271,oracle_only
725140,121,oracle+donor_profile,xml,0,0.25,188272,oracle_only
725264,121,oracle+donor_profile,xml,0,0.25,188273,oracle_only
725388,123,oracle+donor_profile,xml,0,0.25,188274,oracle_only
725514,129,oracle+donor_profile,xml,0,0.25,188275,oracle_only
725646,130,oracle+donor_profile,xml,0,0.25,188276,oracle_only
725779,107,oracle+donor_profile,xml,0,0.25,188277,oracle_only
725889,136,oracle+donor_profile,xml,0,0.25,188278,oracle_only
726028,143,oracle+donor_profile,xml,0,0.25,188279,oracle_only
726174,113,oracle+donor_profile,xml,0,0.25,188280,oracle_only
726290,158,oracle+donor_profile,xml,0,0.25,188281,oracle_only
726451,121,oracle+donor_profile,xml,0,0.25,188282,oracle_only
726575,153,oracle+donor_profile,xml,0,0.25,188283,oracle_only
726731,123,oracle+donor_profile,xml,0,0.25,188284,oracle_only
726857,123,oracle+donor_profile,xml,0,0.25,188285,oracle_only
726983,123,oracle+donor_profile,xml,0,0.25,188286,oracle_only
727109,121,oracle+donor_profile,xml,0,0.25,188287,oracle_only
727233,131,oracle+donor_profile,xml,0,0.25,188288,oracle_only
727367,126,oracle+donor_profile,xml,0,0.25,188289,oracle_only
727496,132,oracle+donor_profile,xml,0,0.25,188290,oracle_only
727631,96,oracle+donor_profile,xml,0,0.25,188291,oracle_only
727730,126,oracle+donor_profile,xml,0,0.25,188292,oracle_only
727859,124,oracle+donor_profile,xml,0,0.25,188293,oracle_only
727986,107,oracle+donor_profile,xml,0,0.25,188294,oracle_only
728096,145,oracle+donor_profile,xml,0,0.25,188295,oracle_only
728244,128,oracle+donor_profile,xml,0,0.25,188296,oracle_only
728375,83,oracle+donor_profile,xml,0,0.25,188297,oracle_only
728461,137,oracle+donor_profile,xml,0,0.25,188298,oracle_only
728601,138,oracle+donor_profile,xml,0,0.25,188299,oracle_only
728742,99,oracle+donor_profile,xml,0,0.25,188300,oracle_only
728844,150,oracle+donor_profile,xml,0,0.25,188301,oracle_only
728997,85,oracle+donor_profile,xml,0,0.25,188302,oracle_only
729085,112,oracle+donor_profile,xml,0,0.25,188303,oracle_only
729200,132,oracle+donor_profile,xml,0,0.25,188304,oracle_only
729335,90,oracle+donor_profile,xml,0,0.25,188305,oracle_only
729428,114,oracle+donor_profile,xml,0,0.25,188306,oracle_only
729545,143,oracle+donor_profile,xml,0,0.25,188307,oracle_only
729691,142,oracle+donor_profile,xml,0,0.25,188308,oracle_only
729836,113,oracle+donor_profile,xml,0,0.25,188309,oracle_only
729952,114,oracle+donor_profile,xml,0,0.25,188310,oracle_only
730069,116,oracle+donor_profile,xml,0,0.25,188311,oracle_only
730188,112,oracle+donor_profile,xml,0,0.25,188312,oracle_only
730303,127,oracle+donor_profile,xml,0,0.25,188313,oracle_only
730433,149,oracle+donor_profile,xml,0,0.25,188314,oracle_only
730585,159,oracle+donor_profile,xml,0,0.25,188315,oracle_only
730747,180,oracle+donor_profile,xml,0,0.25,188316,oracle_only
730930,123,oracle+donor_profile,xml,0,0.25,188317,oracle_only
731056,110,oracle+donor_profile,xml,0,0.25,188318,oracle_only
731169,92,oracle+donor_profile,xml,0,0.25,188319,oracle_only
731264,112,oracle+donor_profile,xml,0,0.25,188320,oracle_only
731379,113,oracle+donor_profile,xml,0,0.25,188321,oracle_only
731495,147,oracle+donor_profile,xml,0,0.25,188322,oracle_only
731645,128,oracle+donor_profile,xml,0,0.25,188323,oracle_only
731776,127,oracle+donor_profile,xml,0,0.25,188324,oracle_only
731906,127,oracle+donor_profile,xml,0,0.25,188325,oracle_only
732036,108,oracle+donor_profile,xml,0,0.25,188326,oracle_only
732147,137,oracle+donor_profile,xml,0,0.25,188327,oracle_only
732287,140,oracle+donor_profile,xml,0,0.25,188328,oracle_only
732430,120,oracle+donor_profile,xml,0,0.25,188329,oracle_only
732553,108,oracle+donor_profile,xml,0,0.25,188330,oracle_only
732664,122,oracle+donor_profile,xml,0,0.25,188331,oracle_only
732789,102,oracle+donor_profile,xml,0,0.25,188332,oracle_only
732894,90,oracle+donor_profile,xml,0,0.25,188333,oracle_only
732987,127,oracle+donor_profile,xml,0,0.25,188334,oracle_only
733117,109,oracle+donor_profile,xml,0,0.25,188335,oracle_only
733229,124,oracle+donor_profile,xml,0,0.25,188336,oracle_only
733356,108,oracle+donor_profile,xml,0,0.25,188337,oracle_only
733467,111,oracle+donor_profile,xml,0,0.25,188338,oracle_only
733581,118,oracle+donor_profile,xml,0,0.25,188339,oracle_only
733702,131,oracle+donor_profile,xml,0,0.25,188340,oracle_only
733836,102,oracle+donor_profile,xml,0,0.25,188341,oracle_only
733941,98,oracle+donor_profile,xml,0,0.25,188342,oracle_only
734042,121,oracle+donor_profile,xml,0,0.25,188343,oracle_only
734166,113,oracle+donor_profile,xml,0,0.25,188344,oracle_only
734282,121,oracle+donor_profile,xml,0,0.25,188345,oracle_only
734406,101,oracle+donor_profile,xml,0,0.25,188346,oracle_only
734510,90,oracle+donor_profile,xml,0,0.25,188347,oracle_only
734603,119,oracle+donor_profile,xml,0,0.25,188348,oracle_only
734725,105,oracle+donor_profile,xml,0,0.25,188349,oracle_only
734833,119,oracle+donor_profile,xml,0,0.25,188350,oracle_only
734955,131,oracle+donor_profile,xml,0,0.25,188351,oracle_only
735089,141,oracle+donor_profile,xml,0,0.25,188352,oracle_only
735233,78,oracle+donor_profile,xml,0,0.25,188353,oracle_only
735314,118,oracle+donor_profile,xml,0,0.25,188354,oracle_only
735435,114,oracle+donor_profile,xml,0,0.25,188355,oracle_only
735552,101,oracle+donor_profile,xml,0,0.25,188356,oracle_only
735656,128,oracle+donor_profile,xml,0,0.25,188357,oracle_only
735787,126,oracle+donor_profile,xml,0,0.25,188358,oracle_only
735916,104,oracle+donor_profile,xml,0,0.25,188359,oracle_only
736023,126,oracle+donor_profile,xml,0,0.25,188360,oracle_only
736152,97,oracle+donor_profile,xml,0,0.25,188361,oracle_only
736252,111,oracle+donor_profile,xml,0,0.25,188362,oracle_only
736366,129,oracle+donor_profile,xml,0,0.25,188363,oracle_only
736498,131,oracle+donor_profile,xml,0,0.25,188364,oracle_only
736632,94,oracle+donor_profile,xml,0,0.25,188365,oracle_only
736729,112,oracle+donor_profile,xml,0,0.25,188366,oracle_only
736844,142,oracle+donor_profile,xml,0,0.25,188367,oracle_only
736989,130,oracle+donor_profile,xml,0,0.25,188368,oracle_only
737122,146,oracle+donor_profile,xml,0,0.25,188369,oracle_only
737271,125,oracle+donor_profile,xml,0,0.25,188370,oracle_only
737399,114,oracle+donor_profile,xml,0,0.25,188371,oracle_only
737516,101,oracle+donor_profile,xml,0,0.25,188372,oracle_only
737620,107,oracle+donor_profile,xml,0,0.25,188373,oracle_only
737730,118,oracle+donor_profile,xml,0,0.25,188374,oracle_only
737851,102,oracle+donor_profile,xml,0,0.25,188375,oracle_only
737956,111,oracle+donor_profile,xml,0,0.25,188376,oracle_only
738070,122,oracle+donor_profile,xml,0,0.25,188377,oracle_only
738195,99,oracle+donor_profile,xml,0,0.25,188378,oracle_only
738297,91,oracle+donor_profile,xml,0,0.25,188379,oracle_only
738391,95,oracle+donor_profile,xml,0,0.25,188380,oracle_only
738489,126,oracle+donor_profile,xml,0,0.25,188381,oracle_only
738618,102,oracle+donor_profile,xml,0,0.25,188382,oracle_only
738723,93,oracle+donor_profile,xml,0,0.25,188383,oracle_only
738819,118,oracle+donor_profile,xml,0,0.25,188384,oracle_only
738940,108,oracle+donor_profile,xml,0,0.25,188385,oracle_only
739051,133,oracle+donor_profile,xml,0,0.25,188386,oracle_only
739187,124,oracle+donor_profile,xml,0,0.25,188387,oracle_only
739314,88,oracle+donor_profile,xml,0,0.25,188388,oracle_only
739405,124,oracle+donor_profile,xml,0,0.25,188389,oracle_only
739532,124,oracle+donor_profile,xml,0,0.25,188390,oracle_only
739659,124,oracle+donor_profile,xml,0,0.25,188391,oracle_only
739786,134,oracle+donor_profile,xml,0,0.25,188392,oracle_only
739923,109,oracle+donor_profile,xml,0,0.25,188393,oracle_only
740035,131,oracle+donor_profile,xml,0,0.25,188394,oracle_only
740169,101,oracle+donor_profile,xml,0,0.25,188395,oracle_only
740273,121,oracle+donor_profile,xml,0,0.25,188396,oracle_only
740397,186,oracle+donor_profile,xml,0,0.25,188397,oracle_only
740586,127,oracle+donor_profile,xml,0,0.25,188398,oracle_only
740716,106,oracle+donor_profile,xml,0,0.25,188399,oracle_only
740825,116,oracle+donor_profile,xml,0,0.25,188400,oracle_only
740944,84,oracle+donor_profile,xml,0,0.25,188401,oracle_only
741031,112,oracle+donor_profile,xml,0,0.25,188402,oracle_only
741146,145,oracle+donor_profile,xml,0,0.25,188403,oracle_only
741294,84,oracle+donor_profile,xml,0,0.25,188404,oracle_only
741381,122,oracle+donor_profile,xml,0,0.25,188405,oracle_only
741506,121,oracle+donor_profile,xml,0,0.25,188406,oracle_only
741630,127,oracle+donor_profile,xml,0,0.25,188407,oracle_only
741760,144,oracle+donor_profile,xml,0,0.25,188408,oracle_only
741907,92,oracle+donor_profile,xml,0,0.25,188409,oracle_only
742002,118,oracle+donor_profile,xml,0,0.25,188410,oracle_only
742123,151,oracle+donor_profile,xml,0,0.25,188411,oracle_only
742277,98,oracle+donor_profile,xml,0,0.25,188412,oracle_only
742378,93,oracle+donor_profile,xml,0,0.25,188413,oracle_only
742474,76,oracle+donor_profile,xml,0,0.25,188414,oracle_only
742553,111,oracle+donor_profile,xml,0,0.25,188415,oracle_only
742667,112,oracle+donor_profile,xml,0,0.25,188416,oracle_only
742782,101,oracle+donor_profile,xml,0,0.25,188417,oracle_only
742886,103,oracle+donor_profile,xml,0,0.25,188418,oracle_only
742992,125,oracle+donor_profile,xml,0,0.25,188419,oracle_only
743120,149,oracle+donor_profile,xml,0,0.25,188420,oracle_only
743272,129,oracle+donor_profile,xml,0,0.25,188421,oracle_only
743404,122,oracle+donor_profile,xml,0,0.25,188422,oracle_only
743529,103,oracle+donor_profile,xml,0,0.25,188423,oracle_only
743635,118,oracle+donor_profile,xml,0,0.25,188424,oracle_only
743756,122,oracle+donor_profile,xml,0,0.25,188425,oracle_only
743881,117,oracle+donor_profile,xml,0,0.25,188426,oracle_only
744001,108,oracle+donor_profile,xml,0,0.25,188427,oracle_only
744112,106,oracle+donor_profile,xml,0,0.25,188428,oracle_only
744221,123,oracle+donor_profile,xml,0,0.25,188429,oracle_only
744347,127,oracle+donor_profile,xml,0,0.25,188430,oracle_only
744477,146,oracle+donor_profile,xml,0,0.25,188431,oracle_only
744626,125,oracle+donor_profile,xml,0,0.25,188432,oracle_only
744754,134,oracle+donor_profile,xml,0,0.25,188433,oracle_only
744891,118,oracle+donor_profile,xml,0,0.25,188434,oracle_only
745012,100,oracle+donor_profile,xml,0,0.25,188435,oracle_only
745115,124,oracle+donor_profile,xml,0,0.25,188436,oracle_only
745242,109,oracle+donor_profile,xml,0,0.25,188437,oracle_only
745354,97,oracle+donor_profile,xml,0,0.25,188438,oracle_only
745454,124,oracle+donor_profile,xml,0,0.25,188439,oracle_only
745581,115,oracle+donor_profile,xml,0,0.25,188440,oracle_only
745699,113,oracle+donor_profile,xml,0,0.25,188441,oracle_only
745815,122,oracle+donor_profile,xml,0,0.25,188442,oracle_only
745940,126,oracle+donor_profile,xml,0,0.25,188443,oracle_only
746069,133,oracle+donor_profile,xml,0,0.25,188444,oracle_only
746205,103,oracle+donor_profile,xml,0,0.25,188445,oracle_only
746311,118,oracle+donor_profile,xml,0,0.25,188446,oracle_only
746432,96,oracle+donor_profile,xml,0,0.25,188447,oracle_only
746531,97,oracle+donor_profile,xml,0,0.25,188448,oracle_only
746631,112,oracle+donor_profile,xml,0,0.25,188449,oracle_only
746746,161,oracle+donor_profile,xml,0,0.25,188450,oracle_only
746910,122,oracle+donor_profile,xml,0,0.25,188451,oracle_only
747035,107,oracle+donor_profile,xml,0,0.25,188452,oracle_only
747145,103,oracle+donor_profile,xml,0,0.25,188453,oracle_only
747251,102,oracle+donor_profile,xml,0,0.25,188454,oracle_only
747356,109,oracle+donor_profile,xml,0,0.25,188455,oracle_only
747468,137,oracle+donor_profile,xml,0,0.25,188456,oracle_only
747608,133,oracle+donor_profile,xml,0,0.25,188457,oracle_only
747744,111,oracle+donor_profile,xml,0,0.25,188458,oracle_only
747858,126,oracle+donor_profile,xml,0,0.25,188459,oracle_only
747987,116,oracle+donor_profile,xml,0,0.25,188460,oracle_only
748106,129,oracle+donor_profile,xml,0,0.25,188461,oracle_only
748238,108,oracle+donor_profile,xml,0,0.25,188462,oracle_only
748349,91,oracle+donor_profile,xml,0,0.25,188463,oracle_only
748443,109,oracle+donor_profile,xml,0,0.25,188464,oracle_only
748555,92,oracle+donor_profile,xml,0,0.25,188465,oracle_only
748650,96,oracle+donor_profile,xml,0,0.25,188466,oracle_only
748749,126,oracle+donor_profile,xml,0,0.25,188467,oracle_only
748878,101,oracle+donor_profile,xml,0,0.25,188468,oracle_only
748982,143,oracle+donor_profile,xml,0,0.25,188469,oracle_only
749128,137,oracle+donor_profile,xml,0,0.25,188470,oracle_only
749268,129,oracle+donor_profile,xml,0,0.25,188471,oracle_only
749400,139,oracle+donor_profile,xml,0,0.25,188472,oracle_only
749542,133,oracle+donor_profile,xml,0,0.25,188473,oracle_only
749678,100,oracle+donor_profile,xml,0,0.25,188474,oracle_only
749781,132,oracle+donor_profile,xml,0,0.25,188475,oracle_only
749916,139,oracle+donor_profile,xml,0,0.25,188476,oracle_only
750058,102,oracle+donor_profile,xml,0,0.25,188477,oracle_only
750163,119,oracle+donor_profile,xml,0,0.25,188478,oracle_only
750285,191,oracle+donor_profile,xml,0,0.25,188479,oracle_only
750479,123,oracle+donor_profile,xml,0,0.25,188480,oracle_only
750605,99,oracle+donor_profile,xml,0,0.25,188481,oracle_only
750707,122,oracle+donor_profile,xml,0,0.25,188482,oracle_only
750832,139,oracle+donor_profile,xml,0,0.25,188483,oracle_only
750974,112,oracle+donor_profile,xml,0,0.25,188484,oracle_only
751089,114,oracle+donor_profile,xml,0,0.25,188485,oracle_only
751206,114,oracle+donor_profile,xml,0,0.25,188486,oracle_only
751323,121,oracle+donor_profile,xml,0,0.25,188487,oracle_only
751447,120,oracle+donor_profile,xml,0,0.25,188488,oracle_only
751570,92,oracle+donor_profile,xml,0,0.25,188489,oracle_only
751665,114,oracle+donor_profile,xml,0,0.25,188490,oracle_only
751782,118,oracle+donor_profile,xml,0,0.25,188491,oracle_only
751903,113,oracle+donor_profile,xml,0,0.25,188492,oracle_only
752019,121,oracle+donor_profile,xml,0,0.25,188493,oracle_only
752143,114,oracle+donor_profile,xml,0,0.25,188494,oracle_only
752260,118,oracle+donor_profile,xml,0,0.25,188495,oracle_only
752381,121,oracle+donor_profile,xml,0,0.25,188496,oracle_only
752505,108,oracle+donor_profile,xml,0,0.25,188497,oracle_only
752616,105,oracle+donor_profile,xml,0,0.25,188498,oracle_only
752724,105,oracle+donor_profile,xml,0,0.25,188499,oracle_only
752832,110,oracle+donor_profile,xml,0,0.25,188500,oracle_only
752945,98,oracle+donor_profile,xml,0,0.25,188501,oracle_only
753046,141,oracle+donor_profile,xml,0,0.25,188502,oracle_only
753190,109,oracle+donor_profile,xml,0,0.25,188503,oracle_only
753302,205,oracle+donor_profile,xml,0,0.25,188504,oracle_only
753510,129,oracle+donor_profile,xml,0,0.25,188505,oracle_only
753642,88,oracle+donor_profile,xml,0,0.25,188506,oracle_only
753733,128,oracle+donor_profile,xml,0,0.25,188507,oracle_only
753864,124,oracle+donor_profile,xml,0,0.25,188508,oracle_only
753991,119,oracle+donor_profile,xml,0,0.25,188509,oracle_only
754113,127,oracle+donor_profile,xml,0,0.25,188510,oracle_only
754243,136,oracle+donor_profile,xml,0,0.25,188511,oracle_only
754382,124,oracle+donor_profile,xml,0,0.25,188512,oracle_only
754509,122,oracle+donor_profile,xml,0,0.25,188513,oracle_only
754634,151,oracle+donor_profile,xml,0,0.25,188514,oracle_only
754788,90,oracle+donor_profile,xml,0,0.25,188515,oracle_only
754881,104,oracle+donor_profile,xml,0,0.25,188516,oracle_only
754988,101,oracle+donor_profile,xml,0,0.25,188517,oracle_only
755092,88,oracle+donor_profile,xml,0,0.25,188518,oracle_only
755183,109,oracle+donor_profile,xml,0,0.25,188519,oracle_only
755295,115,oracle+donor_profile,xml,0,0.25,188520,oracle_only
755413,98,oracle+donor_profile,xml,0,0.25,188521,oracle_only
755514,131,oracle+donor_profile,xml,0,0.25,188522,oracle_only
755648,131,oracle+donor_profile,xml,0,0.25,188523,oracle_only
755782,132,oracle+donor_profile,xml,0,0.25,188524,oracle_only
755917,122,oracle+donor_profile,xml,0,0.25,188525,oracle_only
756042,119,oracle+donor_profile,xml,0,0.25,188526,oracle_only
756164,124,oracle+donor_profile,xml,0,0.25,188527,oracle_only
756291,124,oracle+donor_profile,xml,0,0.25,188528,oracle_only
756418,129,oracle+donor_profile,xml,0,0.25,188529,oracle_only
756550,117,oracle+donor_profile,xml,0,0.25,188530,oracle_only
756670,124,oracle+donor_profile,xml,0,0.25,188531,oracle_only
756797,121,oracle+donor_profile,xml,0,0.25,188532,oracle_only
756921,102,oracle+donor_profile,xml,0,0.25,188533,oracle_only
757026,121,oracle+donor_profile,xml,0,0.25,188534,oracle_only
757150,147,oracle+donor_profile,xml,0,0.25,188535,oracle_only
757300,137,oracle+donor_profile,xml,0,0.25,188536,oracle_only
757440,95,oracle+donor_profile,xml,0,0.25,188537,oracle_only
757538,117,oracle+donor_profile,xml,0,0.25,188538,oracle_only
757658,122,oracle+donor_profile,xml,0,0.25,188539,oracle_only
757783,86,oracle+donor_profile,xml,0,0.25,188540,oracle_only
757872,113,oracle+donor_profile,xml,0,0.25,188541,oracle_only
757988,117,oracle+donor_profile,xml,0,0.25,188542,oracle_only
758108,111,oracle+donor_profile,xml,0,0.25,188543,oracle_only
758222,98,oracle+donor_profile,xml,0,0.25,188544,oracle_only
758323,126,oracle+donor_profile,xml,0,0.25,188545,oracle_only
758452,87,oracle+donor_profile,xml,0,0.25,188546,oracle_only
758542,121,oracle+donor_profile,xml,0,0.25,188547,oracle_only
758666,122,oracle+donor_profile,xml,0,0.25,188548,oracle_only
758791,135,oracle+donor_profile,xml,0,0.25,188549,oracle_only
758929,96,oracle+donor_profile,xml,0,0.25,188550,oracle_only
759028,143,oracle+donor_profile,xml,0,0.25,188551,oracle_only
759174,108,oracle+donor_profile,xml,0,0.25,188552,oracle_only
759285,90,oracle+donor_profile,xml,0,0.25,188553,oracle_only
759378,99,oracle+donor_profile,xml,0,0.25,188554,oracle_only
759480,138,oracle+donor_profile,xml,0,0.25,188555,oracle_only
759621,113,oracle+donor_profile,xml,0,0.25,188556,oracle_only
759737,138,oracle+donor_profile,xml,0,0.25,188557,oracle_only
759878,143,oracle+donor_profile,xml,0,0.25,188558,oracle_only
760024,99,oracle+donor_profile,xml,0,0.25,188559,oracle_only
760126,204,oracle+donor_profile,xml,0,0.25,188560,oracle_only
760333,138,oracle+donor_profile,xml,0,0.25,188561,oracle_only
760474,148,oracle+donor_profile,xml,0,0.25,188562,oracle_only
760625,111,oracle+donor_profile,xml,0,0.25,188563,oracle_only
760739,143,oracle+donor_profile,xml,0,0.25,188564,oracle_only
760885,135,oracle+donor_profile,xml,0,0.25,188565,oracle_only
761023,126,oracle+donor_profile,xml,0,0.25,188566,oracle_only
761152,97,oracle+donor_profile,xml,0,0.25,188567,oracle_only
761252,94,oracle+donor_profile,xml,0,0.25,188568,oracle_only
761349,86,oracle+donor_profile,xml,0,0.25,188569,oracle_only
761438,96,oracle+donor_profile,xml,0,0.25,188570,oracle_only
761537,122,oracle+donor_profile,xml,0,0.25,188571,oracle_only
761662,147,oracle+donor_profile,xml,0,0.25,188572,oracle_only
761812,121,oracle+donor_profile,xml,0,0.25,188573,oracle_only
761936,111,oracle+donor_profile,xml,0,0.25,188574,oracle_only
762050,108,oracle+donor_profile,xml,0,0.25,188575,oracle_only
762161,112,oracle+donor_profile,xml,0,0.25,188576,oracle_only
762276,185,oracle+donor_profile,xml,0,0.25,188577,oracle_only
762464,116,oracle+donor_profile,xml,0,0.25,188578,oracle_only
762583,138,oracle+donor_profile,xml,0,0.25,188579,oracle_only
762724,144,oracle+donor_profile,xml,0,0.25,188580,oracle_only
762871,134,oracle+donor_profile,xml,0,0.25,188581,oracle_only
763008,112,oracle+donor_profile,xml,0,0.25,188582,oracle_only
763123,129,oracle+donor_profile,xml,0,0.25,188583,oracle_only
763255,129,oracle+donor_profile,xml,0,0.25,188584,oracle_only
763387,102,oracle+donor_profile,xml,0,0.25,188585,oracle_only
763492,122,oracle+donor_profile,xml,0,0.25,188586,oracle_only
763617,141,oracle+donor_profile,xml,0,0.25,188587,oracle_only
763761,147,oracle+donor_profile,xml,0,0.25,188588,oracle_only
763911,140,oracle+donor_profile,xml,0,0.25,188589,oracle_only
764054,138,oracle+donor_profile,xml,0,0.25,188590,oracle_only
764195,117,oracle+donor_profile,xml,0,0.25,188591,oracle_only
764315,124,oracle+donor_profile,xml,0,0.25,188592,oracle_only
764442,93,oracle+donor_profile,xml,0,0.25,188593,oracle_only
764538,170,oracle+donor_profile,xml,0,0.25,188594,oracle_only
764711,100,oracle+donor_profile,xml,0,0.25,188595,oracle_only
764814,134,oracle+donor_profile,xml,0,0.25,188596,oracle_only
764951,90,oracle+donor_profile,xml,0,0.25,188597,oracle_only
765044,124,oracle+donor_profile,xml,0,0.25,188598,oracle_only
765171,148,oracle+donor_profile,xml,0,0.25,188599,oracle_only
765322,149,oracle+donor_profile,xml,0,0.25,188600,oracle_only
765474,130,oracle+donor_profile,xml,0,0.25,188601,oracle_only
765607,96,oracle+donor_profile,xml,0,0.25,188602,oracle_only
765706,150,oracle+donor_profile,xml,0,0.25,188603,oracle_only
765859,96,oracle+donor_profile,xml,0,0.25,188604,oracle_only
765958,82,oracle+donor_profile,xml,0,0.25,188605,oracle_only
766043,103,oracle+donor_profile,xml,0,0.25,188606,oracle_only
766149,123,oracle+donor_profile,xml,0,0.25,188607,oracle_only
766275,101,oracle+donor_profile,xml,0,0.25,188608,oracle_only
766379,92,oracle+donor_profile,xml,0,0.25,188609,oracle_only
766474,119,oracle+donor_profile,xml,0,0.25,188610,oracle_only
766596,91,oracle+donor_profile,xml,0,0.25,188611,oracle_only
766690,98,oracle+donor_profile,xml,0,0.25,188612,oracle_only
766791,104,oracle+donor_profile,xml,0,0.25,188613,oracle_only
766898,106,oracle+donor_profile,xml,0,0.25,188614,oracle_only
767007,136,oracle+donor_profile,xml,0,0.25,188615,oracle_only
767146,103,oracle+donor_profile,xml,0,0.25,188616,oracle_only
767252,102,oracle+donor_profile,xml,0,0.25,188617,oracle_only
767357,108,oracle+donor_profile,xml,0,0.25,188618,oracle_only
767468,89,oracle+donor_profile,xml,0,0.25,188619,oracle_only
767560,118,oracle+donor_profile,xml,0,0.25,188620,oracle_only
767681,91,oracle+donor_profile,xml,0,0.25,188621,oracle_only
767775,85,oracle+donor_profile,xml,0,0.25,188622,oracle_only
767863,97,oracle+donor_profile,xml,0,0.25,188623,oracle_only
767963,140,oracle+donor_profile,xml,0,0.25,188624,oracle_only
768106,140,oracle+donor_profile,xml,0,0.25,188625,oracle_only
768249,92,oracle+donor_profile,xml,0,0.25,188626,oracle_only
768344,119,oracle+donor_profile,xml,0,0.25,188627,oracle_only
768466,130,oracle+donor_profile,xml,0,0.25,188628,oracle_only
768599,103,oracle+donor_profile,xml,0,0.25,188629,oracle_only
768705,101,oracle+donor_profile,xml,0,0.25,188630,oracle_only
768809,119,oracle+donor_profile,xml,0,0.25,188631,oracle_only
768931,92,oracle+donor_profile,xml,0,0.25,188632,oracle_only
769026,137,oracle+donor_profile,xml,0,0.25,188633,oracle_only
769166,135,oracle+donor_profile,xml,0,0.25,188634,oracle_only
769304,134,oracle+donor_profile,xml,0,0.25,188635,oracle_only
769441,94,oracle+donor_profile,xml,0,0.25,188636,oracle_only
769538,109,oracle+donor_profile,xml,0,0.25,188637,oracle_only
769650,122,oracle+donor_profile,xml,0,0.25,188638,oracle_only
769775,134,oracle+donor_profile,xml,0,0.25,188639,oracle_only
769912,134,oracle+donor_profile,xml,0,0.25,188640,oracle_only
770049,126,oracle+donor_profile,xml,0,0.25,188641,oracle_only
770178,93,oracle+donor_profile,xml,0,0.25,188642,oracle_only
770274,148,oracle+donor_profile,xml,0,0.25,188643,oracle_only
770425,155,oracle+donor_profile,xml,0,0.25,188644,oracle_only
770583,134,oracle+donor_profile,xml,0,0.25,188645,oracle_only
770720,156,oracle+donor_profile,xml,0,0.25,188646,oracle_only
770879,158,oracle+donor_profile,xml,0,0.25,188647,oracle_only
771040,159,oracle+donor_profile,xml,0,0.25,188648,oracle_only
771202,148,oracle+donor_profile,xml,0,0.25,188649,oracle_only
771353,165,oracle+donor_profile,xml,0,0.25,188650,oracle_only
771521,133,oracle+donor_profile,xml,0,0.25,188651,oracle_only
771657,163,oracle+donor_profile,xml,0,0.25,188652,oracle_only
771823,161,oracle+donor_profile,xml,0,0.25,188653,oracle_only
771987,164,oracle+donor_profile,xml,0,0.25,188654,oracle_only
772154,167,oracle+donor_profile,xml,0,0.25,188655,oracle_only
772324,107,oracle+donor_profile,xml,0,0.25,188656,oracle_only
772434,118,oracle+donor_profile,xml,0,0.25,188657,oracle_only
772555,95,oracle+donor_profile,xml,0,0.25,188658,oracle_only
772653,144,oracle+donor_profile,xml,0,0.25,188659,oracle_only
772800,128,oracle+donor_profile,xml,0,0.25,188660,oracle_only
772931,104,oracle+donor_profile,xml,0,0.25,188661,oracle_only
773038,129,oracle+donor_profile,xml,0,0.25,188662,oracle_only
773170,77,oracle+donor_profile,xml,0,0.25,188663,oracle_only
773250,133,oracle+donor_profile,xml,0,0.25,188664,oracle_only
773386,114,oracle+donor_profile,xml,0,0.25,188665,oracle_only
773503,139,oracle+donor_profile,xml,0,0.25,188666,oracle_only
773645,126,oracle+donor_profile,xml,0,0.25,188667,oracle_only
773774,126,oracle+donor_profile,xml,0,0.25,188668,oracle_only
773903,139,oracle+donor_profile,xml,0,0.25,188669,oracle_only
774045,98,oracle+donor_profile,xml,0,0.25,188670,oracle_only
774146,101,oracle+donor_profile,xml,0,0.25,188671,oracle_only
774250,117,oracle+donor_profile,xml,0,0.25,188672,oracle_only
774370,108,oracle+donor_profile,xml,0,0.25,188673,oracle_only
774481,125,oracle+donor_profile,xml,0,0.25,188674,oracle_only
774609,110,oracle+donor_profile,xml,0,0.25,188675,oracle_only
774722,104,oracle+donor_profile,xml,0,0.25,188676,oracle_only
774829,108,oracle+donor_profile,xml,0,0.25,188677,oracle_only
774940,116,oracle+donor_profile,xml,0,0.25,188678,oracle_only
775059,105,oracle+donor_profile,xml,0,0.25,188679,oracle_only
775167,133,oracle+donor_profile,xml,0,0.25,188680,oracle_only
775303,108,oracle+donor_profile,xml,0,0.25,188681,oracle_only
775414,123,oracle+donor_profile,xml,0,0.25,188682,oracle_only
775540,103,oracle+donor_profile,xml,0,0.25,188683,oracle_only
775646,114,oracle+donor_profile,xml,0,0.25,188684,oracle_only
775763,97,oracle+donor_profile,xml,0,0.25,188685,oracle_only
775863,114,oracle+donor_profile,xml,0,0.25,188686,oracle_only
775980,150,oracle+donor_profile,xml,0,0.25,188687,oracle_only
776133,98,oracle+donor_profile,xml,0,0.25,188688,oracle_only
776234,103,oracle+donor_profile,xml,0,0.25,188689,oracle_only
776340,120,oracle+donor_profile,xml,0,0.25,188690,oracle_only
776463,143,oracle+donor_profile,xml,0,0.25,188691,oracle_only
776609,157,oracle+donor_profile,xml,0,0.25,188692,oracle_only
776769,138,oracle+donor_profile,xml,0,0.25,188693,oracle_only
776910,128,oracle+donor_profile,xml,0,0.25,188694,oracle_only
777041,108,oracle+donor_profile,xml,0,0.25,188695,oracle_only
777152,127,oracle+donor_profile,xml,0,0.25,188696,oracle_only
777282,115,oracle+donor_profile,xml,0,0.25,188697,oracle_only
777400,134,oracle+donor_profile,xml,0,0.25,188698,oracle_only
777537,115,oracle+donor_profile,xml,0,0.25,188699,oracle_only
777655,103,oracle+donor_profile,xml,0,0.25,188700,oracle_only
777761,118,oracle+donor_profile,xml,0,0.25,188701,oracle_only
777882,140,oracle+donor_profile,xml,0,0.25,188702,oracle_only
778025,129,oracle+donor_profile,xml,0,0.25,188703,oracle_only
778157,94,oracle+donor_profile,xml,0,0.25,188704,oracle_only
778254,112,oracle+donor_profile,xml,0,0.25,188705,oracle_only
778369,105,oracle+donor_profile,xml,0,0.25,188706,oracle_only
778477,95,oracle+donor_profile,xml,0,0.25,188707,oracle_only
778575,124,oracle+donor_profile,xml,0,0.25,188708,oracle_only
778702,101,oracle+donor_profile,xml,0,0.25,188709,oracle_only
778806,124,oracle+donor_profile,xml,0,0.25,188710,oracle_only
778933,81,oracle+donor_profile,xml,0,0.25,188711,oracle_only
779017,86,oracle+donor_profile,xml,0,0.25,188712,oracle_only
779106,175,oracle+donor_profile,xml,0,0.25,188713,oracle_only
779284,111,oracle+donor_profile,xml,0,0.25,188714,oracle_only
779398,105,oracle+donor_profile,xml,0,0.25,188715,oracle_only
779506,130,oracle+donor_profile,xml,0,0.25,188716,oracle_only
779639,128,oracle+donor_profile,xml,0,0.25,188717,oracle_only
779770,104,oracle+donor_profile,xml,0,0.25,188718,oracle_only
779877,87,oracle+donor_profile,xml,0,0.25,188719,oracle_only
779967,115,oracle+donor_profile,xml,0,0.25,188720,oracle_only
780085,140,oracle+donor_profile,xml,0,0.25,188721,oracle_only
780228,115,oracle+donor_profile,xml,0,0.25,188722,oracle_only
780346,108,oracle+donor_profile,xml,0,0.25,188723,oracle_only
780457,118,oracle+donor_profile,xml,0,0.25,188724,oracle_only
780578,142,oracle+donor_profile,xml,0,0.25,188725,oracle_only
780723,135,oracle+donor_profile,xml,0,0.25,188726,oracle_only
780861,116,oracle+donor_profile,xml,0,0.25,188727,oracle_only
780980,139,oracle+donor_profile,xml,0,0.25,188728,oracle_only
781122,90,oracle+donor_profile,xml,0,0.25,188729,oracle_only
781215,112,oracle+donor_profile,xml,0,0.25,188730,oracle_only
781330,85,oracle+donor_profile,xml,0,0.25,188731,oracle_only
781418,126,oracle+donor_profile,xml,0,0.25,188732,oracle_only
781547,130,oracle+donor_profile,xml,0,0.25,188733,oracle_only
781680,134,oracle+donor_profile,xml,0,0.25,188734,oracle_only
781817,148,oracle+donor_profile,xml,0,0.25,188735,oracle_only
781968,103,oracle+donor_profile,xml,0,0.25,188736,oracle_only
782074,135,oracle+donor_profile,xml,0,0.25,188737,oracle_only
782212,117,oracle+donor_profile,xml,0,0.25,188738,oracle_only
782332,120,oracle+donor_profile,xml,0,0.25,188739,oracle_only
782455,133,oracle+donor_profile,xml,0,0.25,188740,oracle_only
782591,114,oracle+donor_profile,xml,0,0.25,188741,oracle_only
782708,112,oracle+donor_profile,xml,0,0.25,188742,oracle_only
782823,158,oracle+donor_profile,xml,0,0.25,188743,oracle_only
782984,139,oracle+donor_profile,xml,0,0.25,188744,oracle_only
783126,120,oracle+donor_profile,xml,0,0.25,188745,oracle_only
783249,121,oracle+donor_profile,xml,0,0.25,188746,oracle_only
783373,132,oracle+donor_profile,xml,0,0.25,188747,oracle_only
783508,149,oracle+donor_profile,xml,0,0.25,188748,oracle_only
783660,78,oracle+donor_profile,xml,0,0.25,188749,oracle_only
783741,127,oracle+donor_profile,xml,0,0.25,188750,oracle_only
783871,139,oracle+donor_profile,xml,0,0.25,188751,oracle_only
784013,139,oracle+donor_profile,xml,0,0.25,188752,oracle_only
784155,139,oracle+donor_profile,xml,0,0.25,188753,oracle_only
784297,141,oracle+donor_profile,xml,0,0.25,188754,oracle_only
784441,145,oracle+donor_profile,xml,0,0.25,188755,oracle_only
784589,136,oracle+donor_profile,xml,0,0.25,188756,oracle_only
784728,112,oracle+donor_profile,xml,0,0.25,188757,oracle_only
784843,148,oracle+donor_profile,xml,0,0.25,188758,oracle_only
784994,146,oracle+donor_profile,xml,0,0.25,188759,oracle_only
785143,145,oracle+donor_profile,xml,0,0.25,188760,oracle_only
785291,172,oracle+donor_profile,xml,0,0.25,188761,oracle_only
785466,124,oracle+donor_profile,xml,0,0.25,188762,oracle_only
785593,159,oracle+donor_profile,xml,0,0.25,188763,oracle_only
785755,139,oracle+donor_profile,xml,0,0.25,188764,oracle_only
785897,139,oracle+donor_profile,xml,0,0.25,188765,oracle_only
786039,154,oracle+donor_profile,xml,0,0.25,188766,oracle_only
786196,123,oracle+donor_profile,xml,0,0.25,188767,oracle_only
786322,129,oracle+donor_profile,xml,0,0.25,188768,oracle_only
786454,155,oracle+donor_profile,xml,0,0.25,188769,oracle_only
786612,142,oracle+donor_profile,xml,0,0.25,188770,oracle_only
786757,114,oracle+donor_profile,xml,0,0.25,188771,oracle_only
786874,96,oracle+donor_profile,xml,0,0.25,188772,oracle_only
786973,116,oracle+donor_profile,xml,0,0.25,188773,oracle_only
787092,122,oracle+donor_profile,xml,0,0.25,188774,oracle_only
787217,105,oracle+donor_profile,xml,0,0.25,188775,oracle_only
787325,136,oracle+donor_profile,xml,0,0.25,188776,oracle_only
787464,137,oracle+donor_profile,xml,0,0.25,188777,oracle_only
787604,175,oracle+donor_profile,xml,0,0.25,188778,oracle_only
787782,108,oracle+donor_profile,xml,0,0.25,188779,oracle_only
787893,115,oracle+donor_profile,xml,0,0.25,188780,oracle_only
788011,96,oracle+donor_profile,xml,0,0.25,188781,oracle_only
788110,86,oracle+donor_profile,xml,0,0.25,188782,oracle_only
788199,99,oracle+donor_profile,xml,0,0.25,188783,oracle_only
788301,106,oracle+donor_profile,xml,0,0.25,188784,oracle_only
788410,116,oracle+donor_profile,xml,0,0.25,188785,oracle_only
788529,95,oracle+donor_profile,xml,0,0.25,188786,oracle_only
788627,86,oracle+donor_profile,xml,0,0.25,188787,oracle_only
788716,82,oracle+donor_profile,xml,0,0.25,188788,oracle_only
788801,121,oracle+donor_profile,xml,0,0.25,188789,oracle_only
788925,94,oracle+donor_profile,xml,0,0.25,188790,oracle_only
789022,108,oracle+donor_profile,xml,0,0.25,188791,oracle_only
789133,147,oracle+donor_profile,xml,0,0.25,188792,oracle_only
789283,106,oracle+donor_profile,xml,0,0.25,188793,oracle_only
789392,136,oracle+donor_profile,xml,0,0.25,188794,oracle_only
789531,180,oracle+donor_profile,xml,0,0.25,188795,oracle_only
789714,120,oracle+donor_profile,xml,0,0.25,188796,oracle_only
789837,96,oracle+donor_profile,xml,0,0.25,188797,oracle_only
789936,118,oracle+donor_profile,xml,0,0.25,188798,oracle_only
790057,122,oracle+donor_profile,xml,0,0.25,188799,oracle_only
790182,114,oracle+donor_profile,xml,0,0.25,188800,oracle_only
790299,122,oracle+donor_profile,xml,0,0.25,188801,oracle_only
790424,112,oracle+donor_profile,xml,0,0.25,188802,oracle_only
790539,86,oracle+donor_profile,xml,0,0.25,188803,oracle_only
790628,111,oracle+donor_profile,xml,0,0.25,188804,oracle_only
790742,113,oracle+donor_profile,xml,0,0.25,188805,oracle_only
790858,81,oracle+donor_profile,xml,0,0.25,188806,oracle_only
790942,97,oracle+donor_profile,xml,0,0.25,188807,oracle_only
791042,102,oracle+donor_profile,xml,0,0.25,188808,oracle_only
791147,88,oracle+donor_profile,xml,0,0.25,188809,oracle_only
791238,122,oracle+donor_profile,xml,0,0.25,188810,oracle_only
791363,134,oracle+donor_profile,xml,0,0.25,188811,oracle_only
791500,141,oracle+donor_profile,xml,0,0.25,188812,oracle_only
791644,121,oracle+donor_profile,xml,0,0.25,188813,oracle_only
791768,130,oracle+donor_profile,xml,0,0.25,188814,oracle_only
791901,88,oracle+donor_profile,xml,0,0.25,188815,oracle_only
791992,121,oracle+donor_profile,xml,0,0.25,188816,oracle_only
792116,125,oracle+donor_profile,xml,0,0.25,188817,oracle_only
792244,111,oracle+donor_profile,xml,0,0.25,188818,oracle_only
792358,81,oracle+donor_profile,xml,0,0.25,188819,oracle_only
792442,120,oracle+donor_profile,xml,0,0.25,188820,oracle_only
792565,165,oracle+donor_profile,xml,0,0.25,188821,oracle_only
792733,101,oracle+donor_profile,xml,0,0.25,188822,oracle_only
792837,88,oracle+donor_profile,xml,0,0.25,188823,oracle_only
792928,90,oracle+donor_profile,xml,0,0.25,188824,oracle_only
793021,114,oracle+donor_profile,xml,0,0.25,188825,oracle_only
793138,88,oracle+donor_profile,xml,0,0.25,188826,oracle_only
793229,136,oracle+donor_profile,xml,0,0.25,188827,oracle_only
793368,122,oracle+donor_profile,xml,0,0.25,188828,oracle_only
793493,87,oracle+donor_profile,xml,0,0.25,188829,oracle_only
793583,96,oracle+donor_profile,xml,0,0.25,188830,oracle_only
793682,92,oracle+donor_profile,xml,0,0.25,188831,oracle_only
793777,104,oracle+donor_profile,xml,0,0.25,188832,oracle_only
793884,140,oracle+donor_profile,xml,0,0.25,188833,oracle_only
794027,139,oracle+donor_profile,xml,0,0.25,188834,oracle_only
794169,132,oracle+donor_profile,xml,0,0.25,188835,oracle_only
794304,121,oracle+donor_profile,xml,0,0.25,188836,oracle_only
794428,104,oracle+donor_profile,xml,0,0.25,188837,oracle_only
794535,141,oracle+donor_profile,xml,0,0.25,188838,oracle_only
794679,99,oracle+donor_profile,xml,0,0.25,188839,oracle_only
794781,137,oracle+donor_profile,xml,0,0.25,188840,oracle_only
794921,150,oracle+donor_profile,xml,0,0.25,188841,oracle_only
795074,172,oracle+donor_profile,xml,0,0.25,188842,oracle_only
795249,108,oracle+donor_profile,xml,0,0.25,188843,oracle_only
795360,105,oracle+donor_profile,xml,0,0.25,188844,oracle_only
795468,125,oracle+donor_profile,xml,0,0.25,188845,oracle_only
795596,125,oracle+donor_profile,xml,0,0.25,188846,oracle_only
795724,120,oracle+donor_profile,xml,0,0.25,188847,oracle_only
795847,111,oracle+donor_profile,xml,0,0.25,188848,oracle_only
795961,115,oracle+donor_profile,xml,0,0.25,188849,oracle_only
796079,124,oracle+donor_profile,xml,0,0.25,188850,oracle_only
796206,111,oracle+donor_profile,xml,0,0.25,188851,oracle_only
796320,122,oracle+donor_profile,xml,0,0.25,188852,oracle_only
796445,81,oracle+donor_profile,xml,0,0.25,188853,oracle_only
796529,141,oracle+donor_profile,xml,0,0.25,188854,oracle_only
796673,115,oracle+donor_profile,xml,0,0.25,188855,oracle_only
796791,79,oracle+donor_profile,xml,0,0.25,188856,oracle_only
796873,166,oracle+donor_profile,xml,0,0.25,188857,oracle_only
797042,102,oracle+donor_profile,xml,0,0.25,188858,oracle_only
797147,322,oracle+donor_profile,xml,0,0.25,188859,oracle_only
797472,304,oracle+donor_profile,xml,0,0.25,188860,oracle_only
797779,376,oracle+donor_profile,xml,0,0.25,188861,oracle_only
798158,130,oracle+donor_profile,xml,0,0.25,188862,oracle_only
798291,109,oracle+donor_profile,xml,0,0.25,188863,oracle_only
798403,106,oracle+donor_profile,xml,0,0.25,188864,oracle_only
798512,86,oracle+donor_profile,xml,0,0.25,188865,oracle_only
798601,110,oracle+donor_profile,xml,0,0.25,188866,oracle_only
798714,107,oracle+donor_profile,xml,0,0.25,188867,oracle_only
798824,146,oracle+donor_profile,xml,0,0.25,188868,oracle_only
798973,114,oracle+donor_profile,xml,0,0.25,188869,oracle_only
799090,118,oracle+donor_profile,xml,0,0.25,188870,oracle_only
799211,83,oracle+donor_profile,xml,0,0.25,188871,oracle_only
799297,121,oracle+donor_profile,xml,0,0.25,188872,oracle_only
799421,81,oracle+donor_profile,xml,0,0.25,188873,oracle_only
799505,106,oracle+donor_profile,xml,0,0.25,188874,oracle_only
799614,92,oracle+donor_profile,xml,0,0.25,188875,oracle_only
799709,92,oracle+donor_profile,xml,0,0.25,188876,oracle_only
799804,92,oracle+donor_profile,xml,0,0.25,188877,oracle_only
799899,94,oracle+donor_profile,xml,0,0.25,188878,oracle_only
799996,122,oracle+donor_profile,xml,0,0.25,188879,oracle_only
800121,141,oracle+donor_profile,xml,0,0.25,188880,oracle_only
800265,95,oracle+donor_profile,xml,0,0.25,188881,oracle_only
800363,91,oracle+donor_profile,xml,0,0.25,188882,oracle_only
800457,126,oracle+donor_profile,xml,0,0.25,188883,oracle_only
800586,125,oracle+donor_profile,xml,0,0.25,188884,oracle_only
800714,122,oracle+donor_profile,xml,0,0.25,188885,oracle_only
800839,138,oracle+donor_profile,xml,0,0.25,188886,oracle_only
800980,166,oracle+donor_profile,xml,0,0.25,188887,oracle_only
801149,129,oracle+donor_profile,xml,0,0.25,188888,oracle_only
801281,125,oracle+donor_profile,xml,0,0.25,188889,oracle_only
801409,86,oracle+donor_profile,xml,0,0.25,188890,oracle_only
801498,97,oracle+donor_profile,xml,0,0.25,188891,oracle_only
801598,99,oracle+donor_profile,xml,0,0.25,188892,oracle_only
801700,127,oracle+donor_profile,xml,0,0.25,188893,oracle_only
801830,132,oracle+donor_profile,xml,0,0.25,188894,oracle_only
801965,114,oracle+donor_profile,xml,0,0.25,188895,oracle_only
802082,83,oracle+donor_profile,xml,0,0.25,188896,oracle_only
802168,83,oracle+donor_profile,xml,0,0.25,188897,oracle_only
802254,83,oracle+donor_profile,xml,0,0.25,188898,oracle_only
802340,108,oracle+donor_profile,xml,0,0.25,188899,oracle_only
802451,83,oracle+donor_profile,xml,0,0.25,188900,oracle_only
802537,78,oracle+donor_profile,xml,0,0.25,188901,oracle_only
802618,82,oracle+donor_profile,xml,0,0.25,188902,oracle_only
802703,92,oracle+donor_profile,xml,0,0.25,188903,oracle_only
802798,99,oracle+donor_profile,xml,0,0.25,188904,oracle_only
802900,140,oracle+donor_profile,xml,0,0.25,188905,oracle_only
803043,149,oracle+donor_profile,xml,0,0.25,188906,oracle_only
803195,135,oracle+donor_profile,xml,0,0.25,188907,oracle_only
803333,116,oracle+donor_profile,xml,0,0.25,188908,oracle_only
803452,125,oracle+donor_profile,xml,0,0.25,188909,oracle_only
803580,136,oracle+donor_profile,xml,0,0.25,188910,oracle_only
803719,115,oracle+donor_profile,xml,0,0.25,188911,oracle_only
803837,132,oracle+donor_profile,xml,0,0.25,188912,oracle_only
803972,160,oracle+donor_profile,xml,0,0.25,188913,oracle_only
804135,131,oracle+donor_profile,xml,0,0.25,188914,oracle_only
804269,131,oracle+donor_profile,xml,0,0.25,188915,oracle_only
804403,134,oracle+donor_profile,xml,0,0.25,188916,oracle_only
804540,122,oracle+donor_profile,xml,0,0.25,188917,oracle_only
804665,96,oracle+donor_profile,xml,0,0.25,188918,oracle_only
804764,104,oracle+donor_profile,xml,0,0.25,188919,oracle_only
804871,124,oracle+donor_profile,xml,0,0.25,188920,oracle_only
804998,150,oracle+donor_profile,xml,0,0.25,188921,oracle_only
805151,86,oracle+donor_profile,xml,0,0.25,188922,oracle_only
805240,132,oracle+donor_profile,xml,0,0.25,188923,oracle_only
805375,124,oracle+donor_profile,xml,0,0.25,188924,oracle_only
805502,124,oracle+donor_profile,xml,0,0.25,188925,oracle_only
805629,124,oracle+donor_profile,xml,0,0.25,188926,oracle_only
805756,88,oracle+donor_profile,xml,0,0.25,188927,oracle_only
805847,88,oracle+donor_profile,xml,0,0.25,188928,oracle_only
805938,88,oracle+donor_profile,xml,0,0.25,188929,oracle_only
806029,100,oracle+donor_profile,xml,0,0.25,188930,oracle_only
806132,166,oracle+donor_profile,xml,0,0.25,188931,oracle_only
806301,120,oracle+donor_profile,xml,0,0.25,188932,oracle_only
806424,107,oracle+donor_profile,xml,0,0.25,188933,oracle_only
806534,149,oracle+donor_profile,xml,0,0.25,188934,oracle_only
806686,135,oracle+donor_profile,xml,0,0.25,188935,oracle_only
806824,112,oracle+donor_profile,xml,0,0.25,188936,oracle_only
806939,112,oracle+donor_profile,xml,0,0.25,188937,oracle_only
807054,143,oracle+donor_profile,xml,0,0.25,188938,oracle_only
807200,117,oracle+donor_profile,xml,0,0.25,188939,oracle_only
807320,111,oracle+donor_profile,xml,0,0.25,188940,oracle_only
807434,130,oracle+donor_profile,xml,0,0.25,188941,oracle_only
807567,112,oracle+donor_profile,xml,0,0.25,188942,oracle_only
807682,136,oracle+donor_profile,xml,0,0.25,188943,oracle_only
807821,117,oracle+donor_profile,xml,0,0.25,188944,oracle_only
807941,111,oracle+donor_profile,xml,0,0.25,188945,oracle_only
808055,115,oracle+donor_profile,xml,0,0.25,188946,oracle_only
808173,104,oracle+donor_profile,xml,0,0.25,188947,oracle_only
808280,139,oracle+donor_profile,xml,0,0.25,188948,oracle_only
808422,221,oracle+donor_profile,xml,0,0.25,188949,oracle_only
808646,123,oracle+donor_profile,xml,0,0.25,188950,oracle_only
808772,116,oracle+donor_profile,xml,0,0.25,188951,oracle_only
808891,88,oracle+donor_profile,xml,0,0.25,188952,oracle_only
808982,136,oracle+donor_profile,xml,0,0.25,188953,oracle_only
809121,124,oracle+donor_profile,xml,0,0.25,188954,oracle_only
809248,114,oracle+donor_profile,xml,0,0.25,188955,oracle_only
809365,124,oracle+donor_profile,xml,0,0.25,188956,oracle_only
809492,124,oracle+donor_profile,xml,0,0.25,188957,oracle_only
809619,136,oracle+donor_profile,xml,0,0.25,188958,oracle_only
809758,121,oracle+donor_profile,xml,0,0.25,188959,oracle_only
809882,124,oracle+donor_profile,xml,0,0.25,188960,oracle_only
810009,133,oracle+donor_profile,xml,0,0.25,188961,oracle_only
810145,96,oracle+donor_profile,xml,0,0.25,188962,oracle_only
810244,124,oracle+donor_profile,xml,0,0.25,188963,oracle_only
810371,149,oracle+donor_profile,xml,0,0.25,188964,oracle_only
810523,123,oracle+donor_profile,xml,0,0.25,188965,oracle_only
810649,123,oracle+donor_profile,xml,0,0.25,188966,oracle_only
810775,120,oracle+donor_profile,xml,0,0.25,188967,oracle_only
810898,114,oracle+donor_profile,xml,0,0.25,188968,oracle_only
811015,121,oracle+donor_profile,xml,0,0.25,188969,oracle_only
811139,153,oracle+donor_profile,xml,0,0.25,188970,oracle_only
811295,103,oracle+donor_profile,xml,0,0.25,188971,oracle_only
811401,145,oracle+donor_profile,xml,0,0.25,188972,oracle_only
811549,127,oracle+donor_profile,xml,0,0.25,188973,oracle_only
811679,124,oracle+donor_profile,xml,0,0.25,188974,oracle_only
811806,127,oracle+donor_profile,xml,0,0.25,188975,oracle_only
811936,124,oracle+donor_profile,xml,0,0.25,188976,oracle_only
812063,138,oracle+donor_profile,xml,0,0.25,188977,oracle_only
812204,96,oracle+donor_profile,xml,0,0.25,188978,oracle_only
812303,129,oracle+donor_profile,xml,0,0.25,188979,oracle_only
812435,165,oracle+donor_profile,xml,0,0.25,188980,oracle_only
812603,117,oracle+donor_profile,xml,0,0.25,188981,oracle_only
812723,139,oracle+donor_profile,xml,0,0.25,188982,oracle_only
812865,121,oracle+donor_profile,xml,0,0.25,188983,oracle_only
812989,80,oracle+donor_profile,xml,0,0.25,188984,oracle_only
813072,123,oracle+donor_profile,xml,0,0.25,188985,oracle_only
813198,123,oracle+donor_profile,xml,0,0.25,188986,oracle_only
813324,125,oracle+donor_profile,xml,0,0.25,188987,oracle_only
813452,128,oracle+donor_profile,xml,0,0.25,188988,oracle_only
813583,121,oracle+donor_profile,xml,0,0.25,188989,oracle_only
813707,123,oracle+donor_profile,xml,0,0.25,188990,oracle_only
813833,129,oracle+donor_profile,xml,0,0.25,188991,oracle_only
813965,139,oracle+donor_profile,xml,0,0.25,188992,oracle_only
814107,134,oracle+donor_profile,xml,0,0.25,188993,oracle_only
814244,107,oracle+donor_profile,xml,0,0.25,188994,oracle_only
814354,95,oracle+donor_profile,xml,0,0.25,188995,oracle_only
814452,126,oracle+donor_profile,xml,0,0.25,188996,oracle_only
814581,88,oracle+donor_profile,xml,0,0.25,188997,oracle_only
814672,133,oracle+donor_profile,xml,0,0.25,188998,oracle_only
814808,139,oracle+donor_profile,xml,0,0.25,188999,oracle_only
814950,131,oracle+donor_profile,xml,0,0.25,189000,oracle_only
815084,126,oracle+donor_profile,xml,0,0.25,189001,oracle_only
815213,120,oracle+donor_profile,xml,0,0.25,189002,oracle_only
815336,128,oracle+donor_profile,xml,0,0.25,189003,oracle_only
815467,123,oracle+donor_profile,xml,0,0.25,189004,oracle_only
815593,132,oracle+donor_profile,xml,0,0.25,189005,oracle_only
815728,128,oracle+donor_profile,xml,0,0.25,189006,oracle_only
815859,143,oracle+donor_profile,xml,0,0.25,189007,oracle_only
816005,113,oracle+donor_profile,xml,0,0.25,189008,oracle_only
816121,94,oracle+donor_profile,xml,0,0.25,189009,oracle_only
816218,109,oracle+donor_profile,xml,0,0.25,189010,oracle_only
816330,135,oracle+donor_profile,xml,0,0.25,189011,oracle_only
816468,111,oracle+donor_profile,xml,0,0.25,189012,oracle_only
816582,109,oracle+donor_profile,xml,0,0.25,189013,oracle_only
816694,128,oracle+donor_profile,xml,0,0.25,189014,oracle_only
816825,120,oracle+donor_profile,xml,0,0.25,189015,oracle_only
816948,94,oracle+donor_profile,xml,0,0.25,189016,oracle_only
817045,84,oracle+donor_profile,xml,0,0.25,189017,oracle_only
817132,118,oracle+donor_profile,xml,0,0.25,189018,oracle_only
817253,171,oracle+donor_profile,xml,0,0.25,189019,oracle_only
817427,121,oracle+donor_profile,xml,0,0.25,189020,oracle_only
817551,112,oracle+donor_profile,xml,0,0.25,189021,oracle_only
817666,124,oracle+donor_profile,xml,0,0.25,189022,oracle_only
817793,95,oracle+donor_profile,xml,0,0.25,189023,oracle_only
817891,88,oracle+donor_profile,xml,0,0.25,189024,oracle_only
817982,113,oracle+donor_profile,xml,0,0.25,189025,oracle_only
818098,121,oracle+donor_profile,xml,0,0.25,189026,oracle_only
818222,124,oracle+donor_profile,xml,0,0.25,189027,oracle_only
818349,134,oracle+donor_profile,xml,0,0.25,189028,oracle_only
818486,132,oracle+donor_profile,xml,0,0.25,189029,oracle_only
818621,124,oracle+donor_profile,xml,0,0.25,189030,oracle_only
818748,102,oracle+donor_profile,xml,0,0.25,189031,oracle_only
818853,110,oracle+donor_profile,xml,0,0.25,189032,oracle_only
818966,78,oracle+donor_profile,xml,0,0.25,189033,oracle_only
819047,102,oracle+donor_profile,xml,0,0.25,189034,oracle_only
819152,119,oracle+donor_profile,xml,0,0.25,189035,oracle_only
819274,101,oracle+donor_profile,xml,0,0.25,189036,oracle_only
819378,152,oracle+donor_profile,xml,0,0.25,189037,oracle_only
819533,122,oracle+donor_profile,xml,0,0.25,189038,oracle_only
819658,149,oracle+donor_profile,xml,0,0.25,189039,oracle_only
819810,104,oracle+donor_profile,xml,0,0.25,189040,oracle_only
819917,138,oracle+donor_profile,xml,0,0.25,189041,oracle_only
820058,124,oracle+donor_profile,xml,0,0.25,189042,oracle_only
820185,139,oracle+donor_profile,xml,0,0.25,189043,oracle_only
820327,85,oracle+donor_profile,xml,0,0.25,189044,oracle_only
820415,119,oracle+donor_profile,xml,0,0.25,189045,oracle_only
820537,101,oracle+donor_profile,xml,0,0.25,189046,oracle_only
820641,145,oracle+donor_profile,xml,0,0.25,189047,oracle_only
820789,142,oracle+donor_profile,xml,0,0.25,189048,oracle_only
820934,130,oracle+donor_profile,xml,0,0.25,189049,oracle_only
821067,133,oracle+donor_profile,xml,0,0.25,189050,oracle_only
821203,115,oracle+donor_profile,xml,0,0.25,189051,oracle_only
821321,124,oracle+donor_profile,xml,0,0.25,189052,oracle_only
821448,136,oracle+donor_profile,xml,0,0.25,189053,oracle_only
821587,136,oracle+donor_profile,xml,0,0.25,189054,oracle_only
821726,124,oracle+donor_profile,xml,0,0.25,189055,oracle_only
821853,121,oracle+donor_profile,xml,0,0.25,189056,oracle_only
821977,126,oracle+donor_profile,xml,0,0.25,189057,oracle_only
822106,116,oracle+donor_profile,xml,0,0.25,189058,oracle_only
822225,124,oracle+donor_profile,xml,0,0.25,189059,oracle_only
822352,134,oracle+donor_profile,xml,0,0.25,189060,oracle_only
822489,126,oracle+donor_profile,xml,0,0.25,189061,oracle_only
822618,145,oracle+donor_profile,xml,0,0.25,189062,oracle_only
822766,119,oracle+donor_profile,xml,0,0.25,189063,oracle_only
822888,106,oracle+donor_profile,xml,0,0.25,189064,oracle_only
822997,100,oracle+donor_profile,xml,0,0.25,189065,oracle_only
823100,94,oracle+donor_profile,xml,0,0.25,189066,oracle_only
823197,121,oracle+donor_profile,xml,0,0.25,189067,oracle_only
823321,121,oracle+donor_profile,xml,0,0.25,189068,oracle_only
823445,121,oracle+donor_profile,xml,0,0.25,189069,oracle_only
823569,121,oracle+donor_profile,xml,0,0.25,189070,oracle_only
823693,124,oracle+donor_profile,xml,0,0.25,189071,oracle_only
823820,112,oracle+donor_profile,xml,0,0.25,189072,oracle_only
823935,124,oracle+donor_profile,xml,0,0.25,189073,oracle_only
824062,121,oracle+donor_profile,xml,0,0.25,189074,oracle_only
824186,128,oracle+donor_profile,xml,0,0.25,189075,oracle_only
824317,133,oracle+donor_profile,xml,0,0.25,189076,oracle_only
824453,111,oracle+donor_profile,xml,0,0.25,189077,oracle_only
824567,127,oracle+donor_profile,xml,0,0.25,189078,oracle_only
824697,111,oracle+donor_profile,xml,0,0.25,189079,oracle_only
824811,120,oracle+donor_profile,xml,0,0.25,189080,oracle_only
824934,148,oracle+donor_profile,xml,0,0.25,189081,oracle_only
825085,133,oracle+donor_profile,xml,0,0.25,189082,oracle_only
825221,148,oracle+donor_profile,xml,0,0.25,189083,oracle_only
825372,130,oracle+donor_profile,xml,0,0.25,189084,oracle_only
825505,130,oracle+donor_profile,xml,0,0.25,189085,oracle_only
825638,148,oracle+donor_profile,xml,0,0.25,189086,oracle_only
825789,84,oracle+donor_profile,xml,0,0.25,189087,oracle_only
825876,112,oracle+donor_profile,xml,0,0.25,189088,oracle_only
825991,107,oracle+donor_profile,xml,0,0.25,189089,oracle_only
826101,122,oracle+donor_profile,xml,0,0.25,189090,oracle_only
826226,88,oracle+donor_profile,xml,0,0.25,189091,oracle_only
826317,99,oracle+donor_profile,xml,0,0.25,189092,oracle_only
826419,114,oracle+donor_profile,xml,0,0.25,189093,oracle_only
826536,83,oracle+donor_profile,xml,0,0.25,189094,oracle_only
826622,85,oracle+donor_profile,xml,0,0.25,189095,oracle_only
826710,84,oracle+donor_profile,xml,0,0.25,189096,oracle_only
826797,108,oracle+donor_profile,xml,0,0.25,189097,oracle_only
826908,79,oracle+donor_profile,xml,0,0.25,189098,oracle_only
826990,112,oracle+donor_profile,xml,0,0.25,189099,oracle_only
827105,119,oracle+donor_profile,xml,0,0.25,189100,oracle_only
827227,190,oracle+donor_profile,xml,0,0.25,189101,oracle_only
827420,128,oracle+donor_profile,xml,0,0.25,189102,oracle_only
827551,107,oracle+donor_profile,xml,0,0.25,189103,oracle_only
827661,108,oracle+donor_profile,xml,0,0.25,189104,oracle_only
827772,111,oracle+donor_profile,xml,0,0.25,189105,oracle_only
827886,89,oracle+donor_profile,xml,0,0.25,189106,oracle_only
827978,148,oracle+donor_profile,xml,0,0.25,189107,oracle_only
828129,123,oracle+donor_profile,xml,0,0.25,189108,oracle_only
828255,129,oracle+donor_profile,xml,0,0.25,189109,oracle_only
828387,121,oracle+donor_profile,xml,0,0.25,189110,oracle_only
828511,86,oracle+donor_profile,xml,0,0.25,189111,oracle_only
828600,121,oracle+donor_profile,xml,0,0.25,189112,oracle_only
828724,121,oracle+donor_profile,xml,0,0.25,189113,oracle_only
828848,140,oracle+donor_profile,xml,0,0.25,189114,oracle_only
828991,98,oracle+donor_profile,xml,0,0.25,189115,oracle_only
829092,86,oracle+donor_profile,xml,0,0.25,189116,oracle_only
829181,124,oracle+donor_profile,xml,0,0.25,189117,oracle_only
829308,131,oracle+donor_profile,xml,0,0.25,189118,oracle_only
829442,99,oracle+donor_profile,xml,0,0.25,189119,oracle_only
829544,136,oracle+donor_profile,xml,0,0.25,189120,oracle_only
829683,136,oracle+donor_profile,xml,0,0.25,189121,oracle_only
829822,99,oracle+donor_profile,xml,0,0.25,189122,oracle_only
829924,123,oracle+donor_profile,xml,0,0.25,189123,oracle_only
830050,101,oracle+donor_profile,xml,0,0.25,189124,oracle_only
830154,99,oracle+donor_profile,xml,0,0.25,189125,oracle_only
830256,137,oracle+donor_profile,xml,0,0.25,189126,oracle_only
830396,101,oracle+donor_profile,xml,0,0.25,189127,oracle_only
830500,182,oracle+donor_profile,xml,0,0.25,189128,oracle_only
830685,128,oracle+donor_profile,xml,0,0.25,189129,oracle_only
830816,128,oracle+donor_profile,xml,0,0.25,189130,oracle_only
830947,99,oracle+donor_profile,xml,0,0.25,189131,oracle_only
831049,101,oracle+donor_profile,xml,0,0.25,189132,oracle_only
831153,101,oracle+donor_profile,xml,0,0.25,189133,oracle_only
831257,101,oracle+donor_profile,xml,0,0.25,189134,oracle_only
831361,97,oracle+donor_profile,xml,0,0.25,189135,oracle_only
831461,128,oracle+donor_profile,xml,0,0.25,189136,oracle_only
831592,128,oracle+donor_profile,xml,0,0.25,189137,oracle_only
831723,128,oracle+donor_profile,xml,0,0.25,189138,oracle_only
831854,97,oracle+donor_profile,xml,0,0.25,189139,oracle_only
831954,128,oracle+donor_profile,xml,0,0.25,189140,oracle_only
832085,128,oracle+donor_profile,xml,0,0.25,189141,oracle_only
832216,128,oracle+donor_profile,xml,0,0.25,189142,oracle_only
832347,97,oracle+donor_profile,xml,0,0.25,189143,oracle_only
832447,128,oracle+donor_profile,xml,0,0.25,189144,oracle_only
832578,128,oracle+donor_profile,xml,0,0.25,189145,oracle_only
832709,128,oracle+donor_profile,xml,0,0.25,189146,oracle_only
832840,97,oracle+donor_profile,xml,0,0.25,189147,oracle_only
832940,128,oracle+donor_profile,xml,0,0.25,189148,oracle_only
833071,128,oracle+donor_profile,xml,0,0.25,189149,oracle_only
833202,128,oracle+donor_profile,xml,0,0.25,189150,oracle_only
833333,97,oracle+donor_profile,xml,0,0.25,189151,oracle_only
833433,128,oracle+donor_profile,xml,0,0.25,189152,oracle_only
833564,128,oracle+donor_profile,xml,0,0.25,189153,oracle_only
833695,128,oracle+donor_profile,xml,0,0.25,189154,oracle_only
833826,97,oracle+donor_profile,xml,0,0.25,189155,oracle_only
833926,110,oracle+donor_profile,xml,0,0.25,189156,oracle_only
834039,97,oracle+donor_profile,xml,0,0.25,189157,oracle_only
834139,127,oracle+donor_profile,xml,0,0.25,189158,oracle_only
834269,127,oracle+donor_profile,xml,0,0.25,189159,oracle_only
834399,127,oracle+donor_profile,xml,0,0.25,189160,oracle_only
834529,97,oracle+donor_profile,xml,0,0.25,189161,oracle_only
834629,127,oracle+donor_profile,xml,0,0.25,189162,oracle_only
834759,127,oracle+donor_profile,xml,0,0.25,189163,oracle_only
834889,127,oracle+donor_profile,xml,0,0.25,189164,oracle_only
835019,97,oracle+donor_profile,xml,0,0.25,189165,oracle_only
835119,121,oracle+donor_profile,xml,0,0.25,189166,oracle_only
835243,120,oracle+donor_profile,xml,0,0.25,189167,oracle_only
835366,123,oracle+donor_profile,xml,0,0.25,189168,oracle_only
835492,85,oracle+donor_profile,xml,0,0.25,189169,oracle_only
835580,122,oracle+donor_profile,xml,0,0.25,189170,oracle_only
835705,122,oracle+donor_profile,xml,0,0.25,189171,oracle_only
835830,128,oracle+donor_profile,xml,0,0.25,189172,oracle_only
835961,128,oracle+donor_profile,xml,0,0.25,189173,oracle_only
836092,117,oracle+donor_profile,xml,0,0.25,189174,oracle_only
836212,121,oracle+donor_profile,xml,0,0.25,189175,oracle_only
836336,123,oracle+donor_profile,xml,0,0.25,189176,oracle_only
836462,137,oracle+donor_profile,xml,0,0.25,189177,oracle_only
836602,137,oracle+donor_profile,xml,0,0.25,189178,oracle_only
836742,127,oracle+donor_profile,xml,0,0.25,189179,oracle_only
836872,127,oracle+donor_profile,xml,0,0.25,189180,oracle_only
837002,82,oracle+donor_profile,xml,0,0.25,189181,oracle_only
837087,127,oracle+donor_profile,xml,0,0.25,189182,oracle_only
837217,97,oracle+donor_profile,xml,0,0.25,189183,oracle_only
837317,126,oracle+donor_profile,xml,0,0.25,189184,oracle_only
837446,126,oracle+donor_profile,xml,0,0.25,189185,oracle_only
837575,86,oracle+donor_profile,xml,0,0.25,189186,oracle_only
837664,137,oracle+donor_profile,xml,0,0.25,189187,oracle_only
837804,137,oracle+donor_profile,xml,0,0.25,189188,oracle_only
837944,137,oracle+donor_profile,xml,0,0.25,189189,oracle_only
838084,126,oracle+donor_profile,xml,0,0.25,189190,oracle_only
838213,126,oracle+donor_profile,xml,0,0.25,189191,oracle_only
838342,128,oracle+donor_profile,xml,0,0.25,189192,oracle_only
838473,126,oracle+donor_profile,xml,0,0.25,189193,oracle_only
838602,111,oracle+donor_profile,xml,0,0.25,189194,oracle_only
838716,104,oracle+donor_profile,xml,0,0.25,189195,oracle_only
838823,117,oracle+donor_profile,xml,0,0.25,189196,oracle_only
838943,113,oracle+donor_profile,xml,0,0.25,189197,oracle_only
839059,128,oracle+donor_profile,xml,0,0.25,189198,oracle_only
839190,110,oracle+donor_profile,xml,0,0.25,189199,oracle_only
839303,99,oracle+donor_profile,xml,0,0.25,189200,oracle_only
839405,121,oracle+donor_profile,xml,0,0.25,189201,oracle_only
839529,113,oracle+donor_profile,xml,0,0.25,189202,oracle_only
839645,115,oracle+donor_profile,xml,0,0.25,189203,oracle_only
839763,116,oracle+donor_profile,xml,0,0.25,189204,oracle_only
839882,126,oracle+donor_profile,xml,0,0.25,189205,oracle_only
840011,125,oracle+donor_profile,xml,0,0.25,189206,oracle_only
840139,126,oracle+donor_profile,xml,0,0.25,189207,oracle_only
840268,130,oracle+donor_profile,xml,0,0.25,189208,oracle_only
840401,110,oracle+donor_profile,xml,0,0.25,189209,oracle_only
840514,132,oracle+donor_profile,xml,0,0.25,189210,oracle_only
840649,127,oracle+donor_profile,xml,0,0.25,189211,oracle_only
840779,107,oracle+donor_profile,xml,0,0.25,189212,oracle_only
840889,175,oracle+donor_profile,xml,0,0.25,189213,oracle_only
841067,130,oracle+donor_profile,xml,0,0.25,189214,oracle_only
841200,105,oracle+donor_profile,xml,0,0.25,189215,oracle_only
841308,96,oracle+donor_profile,xml,0,0.25,189216,oracle_only
841407,136,oracle+donor_profile,xml,0,0.25,189217,oracle_only
841546,144,oracle+donor_profile,xml,0,0.25,189218,oracle_only
841693,143,oracle+donor_profile,xml,0,0.25,189219,oracle_only
841839,137,oracle+donor_profile,xml,0,0.25,189220,oracle_only
841979,118,oracle+donor_profile,xml,0,0.25,189221,oracle_only
842100,140,oracle+donor_profile,xml,0,0.25,189222,oracle_only
842243,139,oracle+donor_profile,xml,0,0.25,189223,oracle_only
842385,88,oracle+donor_profile,xml,0,0.25,189224,oracle_only
842476,101,oracle+donor_profile,xml,0,0.25,189225,oracle_only
842580,136,oracle+donor_profile,xml,0,0.25,189226,oracle_only
842719,144,oracle+donor_profile,xml,0,0.25,189227,oracle_only
842866,167,oracle+donor_profile,xml,0,0.25,189228,oracle_only
843036,103,oracle+donor_profile,xml,0,0.25,189229,oracle_only
843142,162,oracle+donor_profile,xml,0,0.25,189230,oracle_only
843307,124,oracle+donor_profile,xml,0,0.25,189231,oracle_only
843434,124,oracle+donor_profile,xml,0,0.25,189232,oracle_only
843561,124,oracle+donor_profile,xml,0,0.25,189233,oracle_only
843688,132,oracle+donor_profile,xml,0,0.25,189234,oracle_only
843823,101,oracle+donor_profile,xml,0,0.25,189235,oracle_only
843927,134,oracle+donor_profile,xml,0,0.25,189236,oracle_only
844064,89,oracle+donor_profile,xml,0,0.25,189237,oracle_only
844156,137,oracle+donor_profile,xml,0,0.25,189238,oracle_only
844296,98,oracle+donor_profile,xml,0,0.25,189239,oracle_only
844397,115,oracle+donor_profile,xml,0,0.25,189240,oracle_only
844515,127,oracle+donor_profile,xml,0,0.25,189241,oracle_only
844645,84,oracle+donor_profile,xml,0,0.25,189242,oracle_only
844732,130,oracle+donor_profile,xml,0,0.25,189243,oracle_only
844865,136,oracle+donor_profile,xml,0,0.25,189244,oracle_only
845004,121,oracle+donor_profile,xml,0,0.25,189245,oracle_only
845128,108,oracle+donor_profile,xml,0,0.25,189246,oracle_only
845239,83,oracle+donor_profile,xml,0,0.25,189247,oracle_only
845325,82,oracle+donor_profile,xml,0,0.25,189248,oracle_only
845410,98,oracle+donor_profile,xml,0,0.25,189249,oracle_only
845511,148,oracle+donor_profile,xml,0,0.25,189250,oracle_only
845662,84,oracle+donor_profile,xml,0,0.25,189251,oracle_only
845749,83,oracle+donor_profile,xml,0,0.25,189252,oracle_only
845835,86,oracle+donor_profile,xml,0,0.25,189253,oracle_only
845924,137,oracle+donor_profile,xml,0,0.25,189254,oracle_only
846064,108,oracle+donor_profile,xml,0,0.25,189255,oracle_only
846175,87,oracle+donor_profile,xml,0,0.25,189256,oracle_only
846265,136,oracle+donor_profile,xml,0,0.25,189257,oracle_only
846404,122,oracle+donor_profile,xml,0,0.25,189258,oracle_only
846529,79,oracle+donor_profile,xml,0,0.25,189259,oracle_only
846611,137,oracle+donor_profile,xml,0,0.25,189260,oracle_only
846751,107,oracle+donor_profile,xml,0,0.25,189261,oracle_only
846861,125,oracle+donor_profile,xml,0,0.25,189262,oracle_only
846989,143,oracle+donor_profile,xml,0,0.25,189263,oracle_only
847135,141,oracle+donor_profile,xml,0,0.25,189264,oracle_only
847279,136,oracle+donor_profile,xml,0,0.25,189265,oracle_only
847418,124,oracle+donor_profile,xml,0,0.25,189266,oracle_only
847545,98,oracle+donor_profile,xml,0,0.25,189267,oracle_only
847646,136,oracle+donor_profile,xml,0,0.25,189268,oracle_only
847785,122,oracle+donor_profile,xml,0,0.25,189269,oracle_only
847910,96,oracle+donor_profile,xml,0,0.25,189270,oracle_only
848009,108,oracle+donor_profile,xml,0,0.25,189271,oracle_only
848120,103,oracle+donor_profile,xml,0,0.25,189272,oracle_only
848226,108,oracle+donor_profile,xml,0,0.25,189273,oracle_only
848337,122,oracle+donor_profile,xml,0,0.25,189274,oracle_only
848462,85,oracle+donor_profile,xml,0,0.25,189275,oracle_only
848550,158,oracle+donor_profile,xml,0,0.25,189276,oracle_only
848711,121,oracle+donor_profile,xml,0,0.25,189277,oracle_only
848835,92,oracle+donor_profile,xml,0,0.25,189278,oracle_only
848930,124,oracle+donor_profile,xml,0,0.25,189279,oracle_only
849057,118,oracle+donor_profile,xml,0,0.25,189280,oracle_only
849178,117,oracle+donor_profile,xml,0,0.25,189281,oracle_only
849298,128,oracle+donor_profile,xml,0,0.25,189282,oracle_only
849429,95,oracle+donor_profile,xml,0,0.25,189283,oracle_only
849527,100,oracle+donor_profile,xml,0,0.25,189284,oracle_only
849630,125,oracle+donor_profile,xml,0,0.25,189285,oracle_only
849758,120,oracle+donor_profile,xml,0,0.25,189286,oracle_only
849881,126,oracle+donor_profile,xml,0,0.25,189287,oracle_only
850010,126,oracle+donor_profile,xml,0,0.25,189288,oracle_only
850139,126,oracle+donor_profile,xml,0,0.25,189289,oracle_only
850268,128,oracle+donor_profile,xml,0,0.25,189290,oracle_only
850399,95,oracle+donor_profile,xml,0,0.25,189291,oracle_only
850497,125,oracle+donor_profile,xml,0,0.25,189292,oracle_only
850625,100,oracle+donor_profile,xml,0,0.25,189293,oracle_only
850728,126,oracle+donor_profile,xml,0,0.25,189294,oracle_only
850857,126,oracle+donor_profile,xml,0,0.25,189295,oracle_only
850986,126,oracle+donor_profile,xml,0,0.25,189296,oracle_only
851115,117,oracle+donor_profile,xml,0,0.25,189297,oracle_only
851235,124,oracle+donor_profile,xml,0,0.25,189298,oracle_only
851362,124,oracle+donor_profile,xml,0,0.25,189299,oracle_only
851489,124,oracle+donor_profile,xml,0,0.25,189300,oracle_only
851616,124,oracle+donor_profile,xml,0,0.25,189301,oracle_only
851743,124,oracle+donor_profile,xml,0,0.25,189302,oracle_only
851870,88,oracle+donor_profile,xml,0,0.25,189303,oracle_only
851961,130,oracle+donor_profile,xml,0,0.25,189304,oracle_only
852094,124,oracle+donor_profile,xml,0,0.25,189305,oracle_only
852221,124,oracle+donor_profile,xml,0,0.25,189306,oracle_only
852348,121,oracle+donor_profile,xml,0,0.25,189307,oracle_only
852472,121,oracle+donor_profile,xml,0,0.25,189308,oracle_only
852596,124,oracle+donor_profile,xml,0,0.25,189309,oracle_only
852723,116,oracle+donor_profile,xml,0,0.25,189310,oracle_only
852842,121,oracle+donor_profile,xml,0,0.25,189311,oracle_only
852966,124,oracle+donor_profile,xml,0,0.25,189312,oracle_only
853093,124,oracle+donor_profile,xml,0,0.25,189313,oracle_only
853220,121,oracle+donor_profile,xml,0,0.25,189314,oracle_only
853344,124,oracle+donor_profile,xml,0,0.25,189315,oracle_only
853471,124,oracle+donor_profile,xml,0,0.25,189316,oracle_only
853598,124,oracle+donor_profile,xml,0,0.25,189317,oracle_only
853725,121,oracle+donor_profile,xml,0,0.25,189318,oracle_only
853849,124,oracle+donor_profile,xml,0,0.25,189319,oracle_only
853976,124,oracle+donor_profile,xml,0,0.25,189320,oracle_only
854103,124,oracle+donor_profile,xml,0,0.25,189321,oracle_only
854230,121,oracle+donor_profile,xml,0,0.25,189322,oracle_only
854354,121,oracle+donor_profile,xml,0,0.25,189323,oracle_only
854478,114,oracle+donor_profile,xml,0,0.25,189324,oracle_only
854595,116,oracle+donor_profile,xml,0,0.25,189325,oracle_only
854714,125,oracle+donor_profile,xml,0,0.25,189326,oracle_only
854842,103,oracle+donor_profile,xml,0,0.25,189327,oracle_only
854948,96,oracle+donor_profile,xml,0,0.25,189328,oracle_only
855047,103,oracle+donor_profile,xml,0,0.25,189329,oracle_only
855153,135,oracle+donor_profile,xml,0,0.25,189330,oracle_only
855291,105,oracle+donor_profile,xml,0,0.25,189331,oracle_only
855399,78,oracle+donor_profile,xml,0,0.25,189332,oracle_only
855480,125,oracle+donor_profile,xml,0,0.25,189333,oracle_only
855608,185,oracle+donor_profile,xml,0,0.25,189334,oracle_only
855796,116,oracle+donor_profile,xml,0,0.25,189335,oracle_only
855915,111,oracle+donor_profile,xml,0,0.25,189336,oracle_only
856029,89,oracle+donor_profile,xml,0,0.25,189337,oracle_only
856121,144,oracle+donor_profile,xml,0,0.25,189338,oracle_only
856268,172,oracle+donor_profile,xml,0,0.25,189339,oracle_only
856443,124,oracle+donor_profile,xml,0,0.25,189340,oracle_only
856570,90,oracle+donor_profile,xml,0,0.25,189341,oracle_only
856663,92,oracle+donor_profile,xml,0,0.25,189342,oracle_only
856758,86,oracle+donor_profile,xml,0,0.25,189343,oracle_only
856847,124,oracle+donor_profile,xml,0,0.25,189344,oracle_only
856974,118,oracle+donor_profile,xml,0,0.25,189345,oracle_only
857095,123,oracle+donor_profile,xml,0,0.25,189346,oracle_only
857221,116,oracle+donor_profile,xml,0,0.25,189347,oracle_only
857340,126,oracle+donor_profile,xml,0,0.25,189348,oracle_only
857469,124,oracle+donor_profile,xml,0,0.25,189349,oracle_only
857596,124,oracle+donor_profile,xml,0,0.25,189350,oracle_only
857723,112,oracle+donor_profile,xml,0,0.25,189351,oracle_only
857838,124,oracle+donor_profile,xml,0,0.25,189352,oracle_only
857965,126,oracle+donor_profile,xml,0,0.25,189353,oracle_only
858094,124,oracle+donor_profile,xml,0,0.25,189354,oracle_only
858221,127,oracle+donor_profile,xml,0,0.25,189355,oracle_only
858351,124,oracle+donor_profile,xml,0,0.25,189356,oracle_only
858478,126,oracle+donor_profile,xml,0,0.25,189357,oracle_only
858607,124,oracle+donor_profile,xml,0,0.25,189358,oracle_only
858734,124,oracle+donor_profile,xml,0,0.25,189359,oracle_only
858861,124,oracle+donor_profile,xml,0,0.25,189360,oracle_only
858988,124,oracle+donor_profile,xml,0,0.25,189361,oracle_only
859115,134,oracle+donor_profile,xml,0,0.25,189362,oracle_only
859252,121,oracle+donor_profile,xml,0,0.25,189363,oracle_only
859376,99,oracle+donor_profile,xml,0,0.25,189364,oracle_only
859478,146,oracle+donor_profile,xml,0,0.25,189365,oracle_only
859627,124,oracle+donor_profile,xml,0,0.25,189366,oracle_only
859754,124,oracle+donor_profile,xml,0,0.25,189367,oracle_only
859881,110,oracle+donor_profile,xml,0,0.25,189368,oracle_only
859994,124,oracle+donor_profile,xml,0,0.25,189369,oracle_only
860121,124,oracle+donor_profile,xml,0,0.25,189370,oracle_only
860248,124,oracle+donor_profile,xml,0,0.25,189371,oracle_only
860375,127,oracle+donor_profile,xml,0,0.25,189372,oracle_only
860505,124,oracle+donor_profile,xml,0,0.25,189373,oracle_only
860632,124,oracle+donor_profile,xml,0,0.25,189374,oracle_only
860759,121,oracle+donor_profile,xml,0,0.25,189375,oracle_only
860883,114,oracle+donor_profile,xml,0,0.25,189376,oracle_only
861000,128,oracle+donor_profile,xml,0,0.25,189377,oracle_only
861131,124,oracle+donor_profile,xml,0,0.25,189378,oracle_only
861258,124,oracle+donor_profile,xml,0,0.25,189379,oracle_only
861385,124,oracle+donor_profile,xml,0,0.25,189380,oracle_only
861512,124,oracle+donor_profile,xml,0,0.25,189381,oracle_only
861639,122,oracle+donor_profile,xml,0,0.25,189382,oracle_only
861764,122,oracle+donor_profile,xml,0,0.25,189383,oracle_only
861889,121,oracle+donor_profile,xml,0,0.25,189384,oracle_only
862013,126,oracle+donor_profile,xml,0,0.25,189385,oracle_only
862142,121,oracle+donor_profile,xml,0,0.25,189386,oracle_only
862266,121,oracle+donor_profile,xml,0,0.25,189387,oracle_only
862390,124,oracle+donor_profile,xml,0,0.25,189388,oracle_only
862517,124,oracle+donor_profile,xml,0,0.25,189389,oracle_only
862644,121,oracle+donor_profile,xml,0,0.25,189390,oracle_only
862768,124,oracle+donor_profile,xml,0,0.25,189391,oracle_only
862895,124,oracle+donor_profile,xml,0,0.25,189392,oracle_only
863022,124,oracle+donor_profile,xml,0,0.25,189393,oracle_only
863149,124,oracle+donor_profile,xml,0,0.25,189394,oracle_only
863276,124,oracle+donor_profile,xml,0,0.25,189395,oracle_only
863403,121,oracle+donor_profile,xml,0,0.25,189396,oracle_only
863527,124,oracle+donor_profile,xml,0,0.25,189397,oracle_only
863654,97,oracle+donor_profile,xml,0,0.25,189398,oracle_only
863754,126,oracle+donor_profile,xml,0,0.25,189399,oracle_only
863883,96,oracle+donor_profile,xml,0,0.25,189400,oracle_only
863982,136,oracle+donor_profile,xml,0,0.25,189401,oracle_only
864121,112,oracle+donor_profile,xml,0,0.25,189402,oracle_only
864236,124,oracle+donor_profile,xml,0,0.25,189403,oracle_only
864363,124,oracle+donor_profile,xml,0,0.25,189404,oracle_only
864490,124,oracle+donor_profile,xml,0,0.25,189405,oracle_only
864617,124,oracle+donor_profile,xml,0,0.25,189406,oracle_only
864744,124,oracle+donor_profile,xml,0,0.25,189407,oracle_only
864871,132,oracle+donor_profile,xml,0,0.25,189408,oracle_only
865006,113,oracle+donor_profile,xml,0,0.25,189409,oracle_only
865122,152,oracle+donor_profile,xml,0,0.25,189410,oracle_only
865277,124,oracle+donor_profile,xml,0,0.25,189411,oracle_only
865404,121,oracle+donor_profile,xml,0,0.25,189412,oracle_only
865528,121,oracle+donor_profile,xml,0,0.25,189413,oracle_only
865652,124,oracle+donor_profile,xml,0,0.25,189414,oracle_only
865779,121,oracle+donor_profile,xml,0,0.25,189415,oracle_only
865903,96,oracle+donor_profile,xml,0,0.25,189416,oracle_only
866002,124,oracle+donor_profile,xml,0,0.25,189417,oracle_only
866129,124,oracle+donor_profile,xml,0,0.25,189418,oracle_only
866256,124,oracle+donor_profile,xml,0,0.25,189419,oracle_only
866383,124,oracle+donor_profile,xml,0,0.25,189420,oracle_only
866510,134,oracle+donor_profile,xml,0,0.25,189421,oracle_only
866647,124,oracle+donor_profile,xml,0,0.25,189422,oracle_only
866774,124,oracle+donor_profile,xml,0,0.25,189423,oracle_only
866901,124,oracle+donor_profile,xml,0,0.25,189424,oracle_only
867028,124,oracle+donor_profile,xml,0,0.25,189425,oracle_only
867155,124,oracle+donor_profile,xml,0,0.25,189426,oracle_only
867282,124,oracle+donor_profile,xml,0,0.25,189427,oracle_only
867409,124,oracle+donor_profile,xml,0,0.25,189428,oracle_only
867536,124,oracle+donor_profile,xml,0,0.25,189429,oracle_only
867663,121,oracle+donor_profile,xml,0,0.25,189430,oracle_only
867787,158,oracle+donor_profile,xml,0,0.25,189431,oracle_only
867948,121,oracle+donor_profile,xml,0,0.25,189432,oracle_only
868072,124,oracle+donor_profile,xml,0,0.25,189433,oracle_only
868199,121,oracle+donor_profile,xml,0,0.25,189434,oracle_only
868323,121,oracle+donor_profile,xml,0,0.25,189435,oracle_only
868447,121,oracle+donor_profile,xml,0,0.25,189436,oracle_only
868571,124,oracle+donor_profile,xml,0,0.25,189437,oracle_only
868698,121,oracle+donor_profile,xml,0,0.25,189438,oracle_only
868822,124,oracle+donor_profile,xml,0,0.25,189439,oracle_only
868949,124,oracle+donor_profile,xml,0,0.25,189440,oracle_only
869076,121,oracle+donor_profile,xml,0,0.25,189441,oracle_only
869200,121,oracle+donor_profile,xml,0,0.25,189442,oracle_only
869324,121,oracle+donor_profile,xml,0,0.25,189443,oracle_only
869448,121,oracle+donor_profile,xml,0,0.25,189444,oracle_only
869572,121,oracle+donor_profile,xml,0,0.25,189445,oracle_only
869696,121,oracle+donor_profile,xml,0,0.25,189446,oracle_only
869820,124,oracle+donor_profile,xml,0,0.25,189447,oracle_only
869947,122,oracle+donor_profile,xml,0,0.25,189448,oracle_only
870072,121,oracle+donor_profile,xml,0,0.25,189449,oracle_only
870196,124,oracle+donor_profile,xml,0,0.25,189450,oracle_only
870323,124,oracle+donor_profile,xml,0,0.25,189451,oracle_only
870450,121,oracle+donor_profile,xml,0,0.25,189452,oracle_only
870574,119,oracle+donor_profile,xml,0,0.25,189453,oracle_only
870696,124,oracle+donor_profile,xml,0,0.25,189454,oracle_only
870823,119,oracle+donor_profile,xml,0,0.25,189455,oracle_only
870945,121,oracle+donor_profile,xml,0,0.25,189456,oracle_only
871069,121,oracle+donor_profile,xml,0,0.25,189457,oracle_only
871193,132,oracle+donor_profile,xml,0,0.25,189458,oracle_only
871328,121,oracle+donor_profile,xml,0,0.25,189459,oracle_only
871452,149,oracle+donor_profile,xml,0,0.25,189460,oracle_only
871604,140,oracle+donor_profile,xml,0,0.25,189461,oracle_only
871747,137,oracle+donor_profile,xml,0,0.25,189462,oracle_only
871887,125,oracle+donor_profile,xml,0,0.25,189463,oracle_only
872015,125,oracle+donor_profile,xml,0,0.25,189464,oracle_only
872143,126,oracle+donor_profile,xml,0,0.25,189465,oracle_only
872272,139,oracle+donor_profile,xml,0,0.25,189466,oracle_only
872414,137,oracle+donor_profile,xml,0,0.25,189467,oracle_only
872554,133,oracle+donor_profile,xml,0,0.25,189468,oracle_only
872690,134,oracle+donor_profile,xml,0,0.25,189469,oracle_only
872827,112,oracle+donor_profile,xml,0,0.25,189470,oracle_only
872942,116,oracle+donor_profile,xml,0,0.25,189471,oracle_only
873061,132,oracle+donor_profile,xml,0,0.25,189472,oracle_only
873196,136,oracle+donor_profile,xml,0,0.25,189473,oracle_only
873335,136,oracle+donor_profile,xml,0,0.25,189474,oracle_only
873474,139,oracle+donor_profile,xml,0,0.25,189475,oracle_only
873616,136,oracle+donor_profile,xml,0,0.25,189476,oracle_only
873755,131,oracle+donor_profile,xml,0,0.25,189477,oracle_only
873889,146,oracle+donor_profile,xml,0,0.25,189478,oracle_only
874038,140,oracle+donor_profile,xml,0,0.25,189479,oracle_only
874181,139,oracle+donor_profile,xml,0,0.25,189480,oracle_only
874323,138,oracle+donor_profile,xml,0,0.25,189481,oracle_only
874464,133,oracle+donor_profile,xml,0,0.25,189482,oracle_only
874600,101,oracle+donor_profile,xml,0,0.25,189483,oracle_only
874704,134,oracle+donor_profile,xml,0,0.25,189484,oracle_only
874841,143,oracle+donor_profile,xml,0,0.25,189485,oracle_only
874987,114,oracle+donor_profile,xml,0,0.25,189486,oracle_only
875104,140,oracle+donor_profile,xml,0,0.25,189487,oracle_only
875247,139,oracle+donor_profile,xml,0,0.25,189488,oracle_only
875389,136,oracle+donor_profile,xml,0,0.25,189489,oracle_only
875528,136,oracle+donor_profile,xml,0,0.25,189490,oracle_only
875667,98,oracle+donor_profile,xml,0,0.25,189491,oracle_only
875768,134,oracle+donor_profile,xml,0,0.25,189492,oracle_only
875905,136,oracle+donor_profile,xml,0,0.25,189493,oracle_only
876044,140,oracle+donor_profile,xml,0,0.25,189494,oracle_only
876187,145,oracle+donor_profile,xml,0,0.25,189495,oracle_only
876335,143,oracle+donor_profile,xml,0,0.25,189496,oracle_only
876481,136,oracle+donor_profile,xml,0,0.25,189497,oracle_only
876620,133,oracle+donor_profile,xml,0,0.25,189498,oracle_only
876756,149,oracle+donor_profile,xml,0,0.25,189499,oracle_only
876908,155,oracle+donor_profile,xml,0,0.25,189500,oracle_only
877066,161,oracle+donor_profile,xml,0,0.25,189501,oracle_only
877230,152,oracle+donor_profile,xml,0,0.25,189502,oracle_only
877385,114,oracle+donor_profile,xml,0,0.25,189503,oracle_only
877502,129,oracle+donor_profile,xml,0,0.25,189504,oracle_only
877634,142,oracle+donor_profile,xml,0,0.25,189505,oracle_only
877779,149,oracle+donor_profile,xml,0,0.25,189506,oracle_only
877931,125,oracle+donor_profile,xml,0,0.25,189507,oracle_only
878059,157,oracle+donor_profile,xml,0,0.25,189508,oracle_only
878219,118,oracle+donor_profile,xml,0,0.25,189509,oracle_only
878340,108,oracle+donor_profile,xml,0,0.25,189510,oracle_only
878451,121,oracle+donor_profile,xml,0,0.25,189511,oracle_only
878575,111,oracle+donor_profile,xml,0,0.25,189512,oracle_only
878689,107,oracle+donor_profile,xml,0,0.25,189513,oracle_only
878799,159,oracle+donor_profile,xml,0,0.25,189514,oracle_only
878961,155,oracle+donor_profile,xml,0,0.25,189515,oracle_only
879119,128,oracle+donor_profile,xml,0,0.25,189516,oracle_only
879250,97,oracle+donor_profile,xml,0,0.25,189517,oracle_only
879350,125,oracle+donor_profile,xml,0,0.25,189518,oracle_only
879478,125,oracle+donor_profile,xml,0,0.25,189519,oracle_only
879606,126,oracle+donor_profile,xml,0,0.25,189520,oracle_only
879735,127,oracle+donor_profile,xml,0,0.25,189521,oracle_only
879865,127,oracle+donor_profile,xml,0,0.25,189522,oracle_only
879995,128,oracle+donor_profile,xml,0,0.25,189523,oracle_only
880126,106,oracle+donor_profile,xml,0,0.25,189524,oracle_only
880235,111,oracle+donor_profile,xml,0,0.25,189525,oracle_only
880349,85,oracle+donor_profile,xml,0,0.25,189526,oracle_only
880437,97,oracle+donor_profile,xml,0,0.25,189527,oracle_only
880537,141,oracle+donor_profile,xml,0,0.25,189528,oracle_only
880681,98,oracle+donor_profile,xml,0,0.25,189529,oracle_only
880782,124,oracle+donor_profile,xml,0,0.25,189530,oracle_only
880909,127,oracle+donor_profile,xml,0,0.25,189531,oracle_only
881039,127,oracle+donor_profile,xml,0,0.25,189532,oracle_only
881169,127,oracle+donor_profile,xml,0,0.25,189533,oracle_only
881299,128,oracle+donor_profile,xml,0,0.25,189534,oracle_only
881430,97,oracle+donor_profile,xml,0,0.25,189535,oracle_only
881530,142,oracle+donor_profile,xml,0,0.25,189536,oracle_only
881675,119,oracle+donor_profile,xml,0,0.25,189537,oracle_only
881797,131,oracle+donor_profile,xml,0,0.25,189538,oracle_only
881931,128,oracle+donor_profile,xml,0,0.25,189539,oracle_only
882062,112,oracle+donor_profile,xml,0,0.25,189540,oracle_only
882177,133,oracle+donor_profile,xml,0,0.25,189541,oracle_only
882313,99,oracle+donor_profile,xml,0,0.25,189542,oracle_only
882415,115,oracle+donor_profile,xml,0,0.25,189543,oracle_only
882533,113,oracle+donor_profile,xml,0,0.25,189544,oracle_only
882649,126,oracle+donor_profile,xml,0,0.25,189545,oracle_only
882778,85,oracle+donor_profile,xml,0,0.25,189546,oracle_only
882866,181,oracle+donor_profile,xml,0,0.25,189547,oracle_only
883050,122,oracle+donor_profile,xml,0,0.25,189548,oracle_only
883175,111,oracle+donor_profile,xml,0,0.25,189549,oracle_only
883289,124,oracle+donor_profile,xml,0,0.25,189550,oracle_only
883416,99,oracle+donor_profile,xml,0,0.25,189551,oracle_only
883518,126,oracle+donor_profile,xml,0,0.25,189552,oracle_only
883647,105,oracle+donor_profile,xml,0,0.25,189553,oracle_only
883755,124,oracle+donor_profile,xml,0,0.25,189554,oracle_only
883882,121,oracle+donor_profile,xml,0,0.25,189555,oracle_only
884006,121,oracle+donor_profile,xml,0,0.25,189556,oracle_only
884130,139,oracle+donor_profile,xml,0,0.25,189557,oracle_only
884272,124,oracle+donor_profile,xml,0,0.25,189558,oracle_only
884399,124,oracle+donor_profile,xml,0,0.25,189559,oracle_only
884526,124,oracle+donor_profile,xml,0,0.25,189560,oracle_only
884653,121,oracle+donor_profile,xml,0,0.25,189561,oracle_only
884777,121,oracle+donor_profile,xml,0,0.25,189562,oracle_only
884901,121,oracle+donor_profile,xml,0,0.25,189563,oracle_only
885025,136,oracle+donor_profile,xml,0,0.25,189564,oracle_only
885164,136,oracle+donor_profile,xml,0,0.25,189565,oracle_only
885303,149,oracle+donor_profile,xml,0,0.25,189566,oracle_only
885455,149,oracle+donor_profile,xml,0,0.25,189567,oracle_only
885607,117,oracle+donor_profile,xml,0,0.25,189568,oracle_only
885727,84,oracle+donor_profile,xml,0,0.25,189569,oracle_only
885814,108,oracle+donor_profile,xml,0,0.25,189570,oracle_only
885925,94,oracle+donor_profile,xml,0,0.25,189571,oracle_only
886022,100,oracle+donor_profile,xml,0,0.25,189572,oracle_only
886125,135,oracle+donor_profile,xml,0,0.25,189573,oracle_only
886263,150,oracle+donor_profile,xml,0,0.25,189574,oracle_only
886416,111,oracle+donor_profile,xml,0,0.25,189575,oracle_only
886530,83,oracle+donor_profile,xml,0,0.25,189576,oracle_only
886616,146,oracle+donor_profile,xml,0,0.25,189577,oracle_only
886765,121,oracle+donor_profile,xml,0,0.25,189578,oracle_only
886889,115,oracle+donor_profile,xml,0,0.25,189579,oracle_only
887007,124,oracle+donor_profile,xml,0,0.25,189580,oracle_only
887134,136,oracle+donor_profile,xml,0,0.25,189581,oracle_only
887273,136,oracle+donor_profile,xml,0,0.25,189582,oracle_only
887412,124,oracle+donor_profile,xml,0,0.25,189583,oracle_only
887539,122,oracle+donor_profile,xml,0,0.25,189584,oracle_only
887664,122,oracle+donor_profile,xml,0,0.25,189585,oracle_only
887789,97,oracle+donor_profile,xml,0,0.25,189586,oracle_only
887889,122,oracle+donor_profile,xml,0,0.25,189587,oracle_only
888014,94,oracle+donor_profile,xml,0,0.25,189588,oracle_only
888111,103,oracle+donor_profile,xml,0,0.25,189589,oracle_only
888217,106,oracle+donor_profile,xml,0,0.25,189590,oracle_only
888326,106,oracle+donor_profile,xml,0,0.25,189591,oracle_only
888435,106,oracle+donor_profile,xml,0,0.25,189592,oracle_only
888544,106,oracle+donor_profile,xml,0,0.25,189593,oracle_only
888653,106,oracle+donor_profile,xml,0,0.25,189594,oracle_only
888762,106,oracle+donor_profile,xml,0,0.25,189595,oracle_only
888871,106,oracle+donor_profile,xml,0,0.25,189596,oracle_only
888980,106,oracle+donor_profile,xml,0,0.25,189597,oracle_only
889089,104,oracle+donor_profile,xml,0,0.25,189598,oracle_only
889196,127,oracle+donor_profile,xml,0,0.25,189599,oracle_only
889326,106,oracle+donor_profile,xml,0,0.25,189600,oracle_only
889435,106,oracle+donor_profile,xml,0,0.25,189601,oracle_only
889544,106,oracle+donor_profile,xml,0,0.25,189602,oracle_only
889653,106,oracle+donor_profile,xml,0,0.25,189603,oracle_only
889762,106,oracle+donor_profile,xml,0,0.25,189604,oracle_only
889871,106,oracle+donor_profile,xml,0,0.25,189605,oracle_only
889980,106,oracle+donor_profile,xml,0,0.25,189606,oracle_only
890089,106,oracle+donor_profile,xml,0,0.25,189607,oracle_only
890198,106,oracle+donor_profile,xml,0,0.25,189608,oracle_only
890307,106,oracle+donor_profile,xml,0,0.25,189609,oracle_only
890416,106,oracle+donor_profile,xml,0,0.25,189610,oracle_only
890525,106,oracle+donor_profile,xml,0,0.25,189611,oracle_only
890634,106,oracle+donor_profile,xml,0,0.25,189612,oracle_only
890743,106,oracle+donor_profile,xml,0,0.25,189613,oracle_only
890852,106,oracle+donor_profile,xml,0,0.25,189614,oracle_only
890961,106,oracle+donor_profile,xml,0,0.25,189615,oracle_only
891070,106,oracle+donor_profile,xml,0,0.25,189616,oracle_only
891179,106,oracle+donor_profile,xml,0,0.25,189617,oracle_only
891288,119,oracle+donor_profile,xml,0,0.25,189618,oracle_only
891410,106,oracle+donor_profile,xml,0,0.25,189619,oracle_only
891519,106,oracle+donor_profile,xml,0,0.25,189620,oracle_only
891628,106,oracle+donor_profile,xml,0,0.25,189621,oracle_only
891737,106,oracle+donor_profile,xml,0,0.25,189622,oracle_only
891846,106,oracle+donor_profile,xml,0,0.25,189623,oracle_only
891955,131,oracle+donor_profile,xml,0,0.25,189624,oracle_only
892089,131,oracle+donor_profile,xml,0,0.25,189625,oracle_only
892223,131,oracle+donor_profile,xml,0,0.25,189626,oracle_only
892357,131,oracle+donor_profile,xml,0,0.25,189627,oracle_only
892491,131,oracle+donor_profile,xml,0,0.25,189628,oracle_only
892625,123,oracle+donor_profile,xml,0,0.25,189629,oracle_only
892751,90,oracle+donor_profile,xml,0,0.25,189630,oracle_only
892844,137,oracle+donor_profile,xml,0,0.25,189631,oracle_only
892984,115,oracle+donor_profile,xml,0,0.25,189632,oracle_only
893102,121,oracle+donor_profile,xml,0,0.25,189633,oracle_only
893226,121,oracle+donor_profile,xml,0,0.25,189634,oracle_only
893350,131,oracle+donor_profile,xml,0,0.25,189635,oracle_only
893484,121,oracle+donor_profile,xml,0,0.25,189636,oracle_only
893608,121,oracle+donor_profile,xml,0,0.25,189637,oracle_only
893732,121,oracle+donor_profile,xml,0,0.25,189638,oracle_only
893856,119,oracle+donor_profile,xml,0,0.25,189639,oracle_only
893978,131,oracle+donor_profile,xml,0,0.25,189640,oracle_only
894112,99,oracle+donor_profile,xml,0,0.25,189641,oracle_only
894214,101,oracle+donor_profile,xml,0,0.25,189642,oracle_only
894318,116,oracle+donor_profile,xml,0,0.25,189643,oracle_only
894437,124,oracle+donor_profile,xml,0,0.25,189644,oracle_only
894564,144,oracle+donor_profile,xml,0,0.25,189645,oracle_only
894711,123,oracle+donor_profile,xml,0,0.25,189646,oracle_only
894837,167,oracle+donor_profile,xml,0,0.25,189647,oracle_only
895007,102,oracle+donor_profile,xml,0,0.25,189648,oracle_only
895112,80,oracle+donor_profile,xml,0,0.25,189649,oracle_only
895195,81,oracle+donor_profile,xml,0,0.25,189650,oracle_only
895279,83,oracle+donor_profile,xml,0,0.25,189651,oracle_only
895365,210,oracle+donor_profile,xml,0,0.25,189652,oracle_only
895578,142,oracle+donor_profile,xml,0,0.25,189653,oracle_only
895723,107,oracle+donor_profile,xml,0,0.25,189654,oracle_only
895833,169,oracle+donor_profile,xml,0,0.25,189655,oracle_only
896005,127,oracle+donor_profile,xml,0,0.25,189656,oracle_only
896135,118,oracle+donor_profile,xml,0,0.25,189657,oracle_only
896256,129,oracle+donor_profile,xml,0,0.25,189658,oracle_only
896388,108,oracle+donor_profile,xml,0,0.25,189659,oracle_only
896499,83,oracle+donor_profile,xml,0,0.25,189660,oracle_only
896585,102,oracle+donor_profile,xml,0,0.25,189661,oracle_only
896690,121,oracle+donor_profile,xml,0,0.25,189662,oracle_only
896814,121,oracle+donor_profile,xml,0,0.25,189663,oracle_only
896938,124,oracle+donor_profile,xml,0,0.25,189664,oracle_only
897065,124,oracle+donor_profile,xml,0,0.25,189665,oracle_only
897192,161,oracle+donor_profile,xml,0,0.25,189666,oracle_only
897356,161,oracle+donor_profile,xml,0,0.25,189667,oracle_only
897520,149,oracle+donor_profile,xml,0,0.25,189668,oracle_only
897672,133,oracle+donor_profile,xml,0,0.25,189669,oracle_only
897808,133,oracle+donor_profile,xml,0,0.25,189670,oracle_only
897944,121,oracle+donor_profile,xml,0,0.25,189671,oracle_only
898068,121,oracle+donor_profile,xml,0,0.25,189672,oracle_only
898192,121,oracle+donor_profile,xml,0,0.25,189673,oracle_only
898316,147,oracle+donor_profile,xml,0,0.25,189674,oracle_only
898466,122,oracle+donor_profile,xml,0,0.25,189675,oracle_only
898591,137,oracle+donor_profile,xml,0,0.25,189676,oracle_only
898731,137,oracle+donor_profile,xml,0,0.25,189677,oracle_only
898871,124,oracle+donor_profile,xml,0,0.25,189678,oracle_only
898998,124,oracle+donor_profile,xml,0,0.25,189679,oracle_only
899125,140,oracle+donor_profile,xml,0,0.25,189680,oracle_only
899268,140,oracle+donor_profile,xml,0,0.25,189681,oracle_only
899411,121,oracle+donor_profile,xml,0,0.25,189682,oracle_only
899535,121,oracle+donor_profile,xml,0,0.25,189683,oracle_only
899659,121,oracle+donor_profile,xml,0,0.25,189684,oracle_only
899783,133,oracle+donor_profile,xml,0,0.25,189685,oracle_only
899919,133,oracle+donor_profile,xml,0,0.25,189686,oracle_only
900055,136,oracle+donor_profile,xml,0,0.25,189687,oracle_only
900194,136,oracle+donor_profile,xml,0,0.25,189688,oracle_only
900333,121,oracle+donor_profile,xml,0,0.25,189689,oracle_only
900457,121,oracle+donor_profile,xml,0,0.25,189690,oracle_only
900581,133,oracle+donor_profile,xml,0,0.25,189691,oracle_only
900717,121,oracle+donor_profile,xml,0,0.25,189692,oracle_only
900841,121,oracle+donor_profile,xml,0,0.25,189693,oracle_only
900965,96,oracle+donor_profile,xml,0,0.25,189694,oracle_only
901064,96,oracle+donor_profile,xml,0,0.25,189695,oracle_only
901163,124,oracle+donor_profile,xml,0,0.25,189696,oracle_only
901290,124,oracle+donor_profile,xml,0,0.25,189697,oracle_only
901417,124,oracle+donor_profile,xml,0,0.25,189698,oracle_only
901544,121,oracle+donor_profile,xml,0,0.25,189699,oracle_only
901668,84,oracle+donor_profile,xml,0,0.25,189700,oracle_only
901755,121,oracle+donor_profile,xml,0,0.25,189701,oracle_only
901879,121,oracle+donor_profile,xml,0,0.25,189702,oracle_only
902003,121,oracle+donor_profile,xml,0,0.25,189703,oracle_only
902127,124,oracle+donor_profile,xml,0,0.25,189704,oracle_only
902254,124,oracle+donor_profile,xml,0,0.25,189705,oracle_only
902381,136,oracle+donor_profile,xml,0,0.25,189706,oracle_only
902520,121,oracle+donor_profile,xml,0,0.25,189707,oracle_only
902644,121,oracle+donor_profile,xml,0,0.25,189708,oracle_only
902768,120,oracle+donor_profile,xml,0,0.25,189709,oracle_only
902891,125,oracle+donor_profile,xml,0,0.25,189710,oracle_only
903019,133,oracle+donor_profile,xml,0,0.25,189711,oracle_only
903155,130,oracle+donor_profile,xml,0,0.25,189712,oracle_only
903288,106,oracle+donor_profile,xml,0,0.25,189713,oracle_only
903397,124,oracle+donor_profile,xml,0,0.25,189714,oracle_only
903524,121,oracle+donor_profile,xml,0,0.25,189715,oracle_only
903648,137,oracle+donor_profile,xml,0,0.25,189716,oracle_only
903788,113,oracle+donor_profile,xml,0,0.25,189717,oracle_only
903904,122,oracle+donor_profile,xml,0,0.25,189718,oracle_only
904029,133,oracle+donor_profile,xml,0,0.25,189719,oracle_only
904165,133,oracle+donor_profile,xml,0,0.25,189720,oracle_only
904301,124,oracle+donor_profile,xml,0,0.25,189721,oracle_only
904428,124,oracle+donor_profile,xml,0,0.25,189722,oracle_only
904555,124,oracle+donor_profile,xml,0,0.25,189723,oracle_only
904682,124,oracle+donor_profile,xml,0,0.25,189724,oracle_only
904809,124,oracle+donor_profile,xml,0,0.25,189725,oracle_only
904936,124,oracle+donor_profile,xml,0,0.25,189726,oracle_only
905063,124,oracle+donor_profile,xml,0,0.25,189727,oracle_only
905190,124,oracle+donor_profile,xml,0,0.25,189728,oracle_only
905317,124,oracle+donor_profile,xml,0,0.25,189729,oracle_only
905444,124,oracle+donor_profile,xml,0,0.25,189730,oracle_only
905571,124,oracle+donor_profile,xml,0,0.25,189731,oracle_only
905698,124,oracle+donor_profile,xml,0,0.25,189732,oracle_only
905825,124,oracle+donor_profile,xml,0,0.25,189733,oracle_only
905952,124,oracle+donor_profile,xml,0,0.25,189734,oracle_only
906079,171,oracle+donor_profile,xml,0,0.25,189735,oracle_only
906253,124,oracle+donor_profile,xml,0,0.25,189736,oracle_only
906380,95,oracle+donor_profile,xml,0,0.25,189737,oracle_only
906478,155,oracle+donor_profile,xml,0,0.25,189738,oracle_only
906636,80,oracle+donor_profile,xml,0,0.25,189739,oracle_only
906719,127,oracle+donor_profile,xml,0,0.25,189740,oracle_only
906849,173,oracle+donor_profile,xml,0,0.25,189741,oracle_only
907025,130,oracle+donor_profile,xml,0,0.25,189742,oracle_only
907158,124,oracle+donor_profile,xml,0,0.25,189743,oracle_only
907285,123,oracle+donor_profile,xml,0,0.25,189744,oracle_only
907411,114,oracle+donor_profile,xml,0,0.25,189745,oracle_only
907528,125,oracle+donor_profile,xml,0,0.25,189746,oracle_only
907656,115,oracle+donor_profile,xml,0,0.25,189747,oracle_only
907774,101,oracle+donor_profile,xml,0,0.25,189748,oracle_only
907878,114,oracle+donor_profile,xml,0,0.25,189749,oracle_only
907995,112,oracle+donor_profile,xml,0,0.25,189750,oracle_only
908110,127,oracle+donor_profile,xml,0,0.25,189751,oracle_only
908240,149,oracle+donor_profile,xml,0,0.25,189752,oracle_only
908392,121,oracle+donor_profile,xml,0,0.25,189753,oracle_only
908516,83,oracle+donor_profile,xml,0,0.25,189754,oracle_only
908602,89,oracle+donor_profile,xml,0,0.25,189755,oracle_only
908694,125,oracle+donor_profile,xml,0,0.25,189756,oracle_only
908822,136,oracle+donor_profile,xml,0,0.25,189757,oracle_only
908961,136,oracle+donor_profile,xml,0,0.25,189758,oracle_only
909100,137,oracle+donor_profile,xml,0,0.25,189759,oracle_only
909240,135,oracle+donor_profile,xml,0,0.25,189760,oracle_only
909378,137,oracle+donor_profile,xml,0,0.25,189761,oracle_only
909518,124,oracle+donor_profile,xml,0,0.25,189762,oracle_only
909645,173,oracle+donor_profile,xml,0,0.25,189763,oracle_only
909821,118,oracle+donor_profile,xml,0,0.25,189764,oracle_only
909942,118,oracle+donor_profile,xml,0,0.25,189765,oracle_only
910063,122,oracle+donor_profile,xml,0,0.25,189766,oracle_only
910188,161,oracle+donor_profile,xml,0,0.25,189767,oracle_only
910352,185,oracle+donor_profile,xml,0,0.25,189768,oracle_only
910540,111,oracle+donor_profile,xml,0,0.25,189769,oracle_only
910654,110,oracle+donor_profile,xml,0,0.25,189770,oracle_only
910767,109,oracle+donor_profile,xml,0,0.25,189771,oracle_only
910879,126,oracle+donor_profile,xml,0,0.25,189772,oracle_only
911008,140,oracle+donor_profile,xml,0,0.25,189773,oracle_only
911151,111,oracle+donor_profile,xml,0,0.25,189774,oracle_only
911265,119,oracle+donor_profile,xml,0,0.25,189775,oracle_only
911387,143,oracle+donor_profile,xml,0,0.25,189776,oracle_only
911533,143,oracle+donor_profile,xml,0,0.25,189777,oracle_only
911679,114,oracle+donor_profile,xml,0,0.25,189778,oracle_only
911796,108,oracle+donor_profile,xml,0,0.25,189779,oracle_only
911907,133,oracle+donor_profile,xml,0,0.25,189780,oracle_only
912043,86,oracle+donor_profile,xml,0,0.25,189781,oracle_only
912132,138,oracle+donor_profile,xml,0,0.25,189782,oracle_only
912273,122,oracle+donor_profile,xml,0,0.25,189783,oracle_only
912398,180,oracle+donor_profile,xml,0,0.25,189784,oracle_only
912581,94,oracle+donor_profile,xml,0,0.25,189785,oracle_only
912678,104,oracle+donor_profile,xml,0,0.25,189786,oracle_only
912785,114,oracle+donor_profile,xml,0,0.25,189787,oracle_only
912902,112,oracle+donor_profile,xml,0,0.25,189788,oracle_only
913017,96,oracle+donor_profile,xml,0,0.25,189789,oracle_only
913116,122,oracle+donor_profile,xml,0,0.25,189790,oracle_only
913241,109,oracle+donor_profile,xml,0,0.25,189791,oracle_only
913353,108,oracle+donor_profile,xml,0,0.25,189792,oracle_only
913464,130,oracle+donor_profile,xml,0,0.25,189793,oracle_only
913597,140,oracle+donor_profile,xml,0,0.25,189794,oracle_only
913740,124,oracle+donor_profile,xml,0,0.25,189795,oracle_only
913867,99,oracle+donor_profile,xml,0,0.25,189796,oracle_only
913969,89,oracle+donor_profile,xml,0,0.25,189797,oracle_only
914061,151,oracle+donor_profile,xml,0,0.25,189798,oracle_only
914215,154,oracle+donor_profile,xml,0,0.25,189799,oracle_only
914372,94,oracle+donor_profile,xml,0,0.25,189800,oracle_only
914469,131,oracle+donor_profile,xml,0,0.25,189801,oracle_only
914603,117,oracle+donor_profile,xml,0,0.25,189802,oracle_only
914723,214,oracle+donor_profile,xml,0,0.25,189803,oracle_only
914940,140,oracle+donor_profile,xml,0,0.25,189804,oracle_only
915083,135,oracle+donor_profile,xml,0,0.25,189805,oracle_only
915221,122,oracle+donor_profile,xml,0,0.25,189806,oracle_only
915346,145,oracle+donor_profile,xml,0,0.25,189807,oracle_only
915494,148,oracle+donor_profile,xml,0,0.25,189808,oracle_only
915645,137,oracle+donor_profile,xml,0,0.25,189809,oracle_only
915785,117,oracle+donor_profile,xml,0,0.25,189810,oracle_only
915905,122,oracle+donor_profile,xml,0,0.25,189811,oracle_only
916030,127,oracle+donor_profile,xml,0,0.25,189812,oracle_only
916160,133,oracle+donor_profile,xml,0,0.25,189813,oracle_only
916296,114,oracle+donor_profile,xml,0,0.25,189814,oracle_only
916413,198,oracle+donor_profile,xml,0,0.25,189815,oracle_only
916614,109,oracle+donor_profile,xml,0,0.25,189816,oracle_only
916726,136,oracle+donor_profile,xml,0,0.25,189817,oracle_only
916865,121,oracle+donor_profile,xml,0,0.25,189818,oracle_only
916989,102,oracle+donor_profile,xml,0,0.25,189819,oracle_only
917094,136,oracle+donor_profile,xml,0,0.25,189820,oracle_only
917233,138,oracle+donor_profile,xml,0,0.25,189821,oracle_only
917374,148,oracle+donor_profile,xml,0,0.25,189822,oracle_only
917525,124,oracle+donor_profile,xml,0,0.25,189823,oracle_only
917652,180,oracle+donor_profile,xml,0,0.25,189824,oracle_only
917835,127,oracle+donor_profile,xml,0,0.25,189825,oracle_only
917965,118,oracle+donor_profile,xml,0,0.25,189826,oracle_only
918086,123,oracle+donor_profile,xml,0,0.25,189827,oracle_only
918212,122,oracle+donor_profile,xml,0,0.25,189828,oracle_only
918337,123,oracle+donor_profile,xml,0,0.25,189829,oracle_only
918463,127,oracle+donor_profile,xml,0,0.25,189830,oracle_only
918593,121,oracle+donor_profile,xml,0,0.25,189831,oracle_only
918717,148,oracle+donor_profile,xml,0,0.25,189832,oracle_only
918868,136,oracle+donor_profile,xml,0,0.25,189833,oracle_only
919007,136,oracle+donor_profile,xml,0,0.25,189834,oracle_only
919146,121,oracle+donor_profile,xml,0,0.25,189835,oracle_only
919270,144,oracle+donor_profile,xml,0,0.25,189836,oracle_only
919417,180,oracle+donor_profile,xml,0,0.25,189837,oracle_only
919600,155,oracle+donor_profile,xml,0,0.25,189838,oracle_only
919758,136,oracle+donor_profile,xml,0,0.25,189839,oracle_only
919897,136,oracle+donor_profile,xml,0,0.25,189840,oracle_only
920036,133,oracle+donor_profile,xml,0,0.25,189841,oracle_only
920172,165,oracle+donor_profile,xml,0,0.25,189842,oracle_only
920340,133,oracle+donor_profile,xml,0,0.25,189843,oracle_only
920476,121,oracle+donor_profile,xml,0,0.25,189844,oracle_only
920600,124,oracle+donor_profile,xml,0,0.25,189845,oracle_only
920727,133,oracle+donor_profile,xml,0,0.25,189846,oracle_only
920863,136,oracle+donor_profile,xml,0,0.25,189847,oracle_only
921002,126,oracle+donor_profile,xml,0,0.25,189848,oracle_only
921131,148,oracle+donor_profile,xml,0,0.25,189849,oracle_only
921282,133,oracle+donor_profile,xml,0,0.25,189850,oracle_only
921418,114,oracle+donor_profile,xml,0,0.25,189851,oracle_only
921535,95,oracle+donor_profile,xml,0,0.25,189852,oracle_only
921633,128,oracle+donor_profile,xml,0,0.25,189853,oracle_only
921764,88,oracle+donor_profile,xml,0,0.25,189854,oracle_only
921855,82,oracle+donor_profile,xml,0,0.25,189855,oracle_only
921940,124,oracle+donor_profile,xml,0,0.25,189856,oracle_only
922067,118,oracle+donor_profile,xml,0,0.25,189857,oracle_only
922188,142,oracle+donor_profile,xml,0,0.25,189858,oracle_only
922333,142,oracle+donor_profile,xml,0,0.25,189859,oracle_only
922478,140,oracle+donor_profile,xml,0,0.25,189860,oracle_only
922621,116,oracle+donor_profile,xml,0,0.25,189861,oracle_only
922740,145,oracle+donor_profile,xml,0,0.25,189862,oracle_only
922888,167,oracle+donor_profile,xml,0,0.25,189863,oracle_only
923058,127,oracle+donor_profile,xml,0,0.25,189864,oracle_only
923188,91,oracle+donor_profile,xml,0,0.25,189865,oracle_only
923282,128,oracle+donor_profile,xml,0,0.25,189866,oracle_only
923413,128,oracle+donor_profile,xml,0,0.25,189867,oracle_only
923544,130,oracle+donor_profile,xml,0,0.25,189868,oracle_only
923677,128,oracle+donor_profile,xml,0,0.25,189869,oracle_only
923808,128,oracle+donor_profile,xml,0,0.25,189870,oracle_only
923939,130,oracle+donor_profile,xml,0,0.25,189871,oracle_only
924072,128,oracle+donor_profile,xml,0,0.25,189872,oracle_only
924203,128,oracle+donor_profile,xml,0,0.25,189873,oracle_only
924334,128,oracle+donor_profile,xml,0,0.25,189874,oracle_only
924465,128,oracle+donor_profile,xml,0,0.25,189875,oracle_only
924596,126,oracle+donor_profile,xml,0,0.25,189876,oracle_only
924725,126,oracle+donor_profile,xml,0,0.25,189877,oracle_only
924854,128,oracle+donor_profile,xml,0,0.25,189878,oracle_only
924985,128,oracle+donor_profile,xml,0,0.25,189879,oracle_only
925116,126,oracle+donor_profile,xml,0,0.25,189880,oracle_only
925245,126,oracle+donor_profile,xml,0,0.25,189881,oracle_only
925374,128,oracle+donor_profile,xml,0,0.25,189882,oracle_only
925505,126,oracle+donor_profile,xml,0,0.25,189883,oracle_only
925634,126,oracle+donor_profile,xml,0,0.25,189884,oracle_only
925763,145,oracle+donor_profile,xml,0,0.25,189885,oracle_only
925911,135,oracle+donor_profile,xml,0,0.25,189886,oracle_only
926049,86,oracle+donor_profile,xml,0,0.25,189887,oracle_only
926138,140,oracle+donor_profile,xml,0,0.25,189888,oracle_only
926281,120,oracle+donor_profile,xml,0,0.25,189889,oracle_only
926404,124,oracle+donor_profile,xml,0,0.25,189890,oracle_only
926531,125,oracle+donor_profile,xml,0,0.25,189891,oracle_only
926659,88,oracle+donor_profile,xml,0,0.25,189892,oracle_only
926750,111,oracle+donor_profile,xml,0,0.25,189893,oracle_only
926864,112,oracle+donor_profile,xml,0,0.25,189894,oracle_only
926979,174,oracle+donor_profile,xml,0,0.25,189895,oracle_only
927156,130,oracle+donor_profile,xml,0,0.25,189896,oracle_only
927289,92,oracle+donor_profile,xml,0,0.25,189897,oracle_only
927384,140,oracle+donor_profile,xml,0,0.25,189898,oracle_only
927527,115,oracle+donor_profile,xml,0,0.25,189899,oracle_only
927645,126,oracle+donor_profile,xml,0,0.25,189900,oracle_only
927774,149,oracle+donor_profile,xml,0,0.25,189901,oracle_only
927926,114,oracle+donor_profile,xml,0,0.25,189902,oracle_only
928043,126,oracle+donor_profile,xml,0,0.25,189903,oracle_only
928172,168,oracle+donor_profile,xml,0,0.25,189904,oracle_only
928343,119,oracle+donor_profile,xml,0,0.25,189905,oracle_only
928465,143,oracle+donor_profile,xml,0,0.25,189906,oracle_only
928611,139,oracle+donor_profile,xml,0,0.25,189907,oracle_only
928753,129,oracle+donor_profile,xml,0,0.25,189908,oracle_only
928885,136,oracle+donor_profile,xml,0,0.25,189909,oracle_only
929024,141,oracle+donor_profile,xml,0,0.25,189910,oracle_only
929168,89,oracle+donor_profile,xml,0,0.25,189911,oracle_only
929260,186,oracle+donor_profile,xml,0,0.25,189912,oracle_only
929449,167,oracle+donor_profile,xml,0,0.25,189913,oracle_only
929619,159,oracle+donor_profile,xml,0,0.25,189914,oracle_only
929781,153,oracle+donor_profile,xml,0,0.25,189915,oracle_only
929937,141,oracle+donor_profile,xml,0,0.25,189916,oracle_only
930081,163,oracle+donor_profile,xml,0,0.25,189917,oracle_only
930247,121,oracle+donor_profile,xml,0,0.25,189918,oracle_only
930371,102,oracle+donor_profile,xml,0,0.25,189919,oracle_only
930476,192,oracle+donor_profile,xml,0,0.25,189920,oracle_only
930671,107,oracle+donor_profile,xml,0,0.25,189921,oracle_only
930781,107,oracle+donor_profile,xml,0,0.25,189922,oracle_only
930891,172,oracle+donor_profile,xml,0,0.25,189923,oracle_only
931066,172,oracle+donor_profile,xml,0,0.25,189924,oracle_only
931241,167,oracle+donor_profile,xml,0,0.25,189925,oracle_only
931411,119,oracle+donor_profile,xml,0,0.25,189926,oracle_only
931533,88,oracle+donor_profile,xml,0,0.25,189927,oracle_only
931624,123,oracle+donor_profile,xml,0,0.25,189928,oracle_only
931750,122,oracle+donor_profile,xml,0,0.25,189929,oracle_only
931875,126,oracle+donor_profile,xml,0,0.25,189930,oracle_only
932004,181,oracle+donor_profile,xml,0,0.25,189931,oracle_only
932188,121,oracle+donor_profile,xml,0,0.25,189932,oracle_only
932312,121,oracle+donor_profile,xml,0,0.25,189933,oracle_only
932436,88,oracle+donor_profile,xml,0,0.25,189934,oracle_only
932527,97,oracle+donor_profile,xml,0,0.25,189935,oracle_only
932627,123,oracle+donor_profile,xml,0,0.25,189936,oracle_only
932753,104,oracle+donor_profile,xml,0,0.25,189937,oracle_only
932860,110,oracle+donor_profile,xml,0,0.25,189938,oracle_only
932973,150,oracle+donor_profile,xml,0,0.25,189939,oracle_only
933126,108,oracle+donor_profile,xml,0,0.25,189940,oracle_only
933237,103,oracle+donor_profile,xml,0,0.25,189941,oracle_only
933343,101,oracle+donor_profile,xml,0,0.25,189942,oracle_only
933447,106,oracle+donor_profile,xml,0,0.25,189943,oracle_only
933556,104,oracle+donor_profile,xml,0,0.25,189944,oracle_only
933663,147,oracle+donor_profile,xml,0,0.25,189945,oracle_only
933813,132,oracle+donor_profile,xml,0,0.25,189946,oracle_only
933948,136,oracle+donor_profile,xml,0,0.25,189947,oracle_only
934087,87,oracle+donor_profile,xml,0,0.25,189948,oracle_only
934177,133,oracle+donor_profile,xml,0,0.25,189949,oracle_only
934313,107,oracle+donor_profile,xml,0,0.25,189950,oracle_only
934423,122,oracle+donor_profile,xml,0,0.25,189951,oracle_only
934548,107,oracle+donor_profile,xml,0,0.25,189952,oracle_only
934658,107,oracle+donor_profile,xml,0,0.25,189953,oracle_only
934768,121,oracle+donor_profile,xml,0,0.25,189954,oracle_only
934892,87,oracle+donor_profile,xml,0,0.25,189955,oracle_only
934982,87,oracle+donor_profile,xml,0,0.25,189956,oracle_only
935072,178,oracle+donor_profile,xml,0,0.25,189957,oracle_only
935253,132,oracle+donor_profile,xml,0,0.25,189958,oracle_only
935388,140,oracle+donor_profile,xml,0,0.25,189959,oracle_only
935531,140,oracle+donor_profile,xml,0,0.25,189960,oracle_only
935674,114,oracle+donor_profile,xml,0,0.25,189961,oracle_only
935791,135,oracle+donor_profile,xml,0,0.25,189962,oracle_only
935929,140,oracle+donor_profile,xml,0,0.25,189963,oracle_only
936072,140,oracle+donor_profile,xml,0,0.25,189964,oracle_only
936215,111,oracle+donor_profile,xml,0,0.25,189965,oracle_only
936329,149,oracle+donor_profile,xml,0,0.25,189966,oracle_only
936481,123,oracle+donor_profile,xml,0,0.25,189967,oracle_only
936607,121,oracle+donor_profile,xml,0,0.25,189968,oracle_only
936731,131,oracle+donor_profile,xml,0,0.25,189969,oracle_only
936865,119,oracle+donor_profile,xml,0,0.25,189970,oracle_only
936987,119,oracle+donor_profile,xml,0,0.25,189971,oracle_only
937109,131,oracle+donor_profile,xml,0,0.25,189972,oracle_only
937243,201,oracle+donor_profile,xml,0,0.25,189973,oracle_only
937447,144,oracle+donor_profile,xml,0,0.25,189974,oracle_only
937594,130,oracle+donor_profile,xml,0,0.25,189975,oracle_only
937727,135,oracle+donor_profile,xml,0,0.25,189976,oracle_only
937865,101,oracle+donor_profile,xml,0,0.25,189977,oracle_only
937969,110,oracle+donor_profile,xml,0,0.25,189978,oracle_only
938082,117,oracle+donor_profile,xml,0,0.25,189979,oracle_only
938202,108,oracle+donor_profile,xml,0,0.25,189980,oracle_only
938313,105,oracle+donor_profile,xml,0,0.25,189981,oracle_only
938421,115,oracle+donor_profile,xml,0,0.25,189982,oracle_only
938539,127,oracle+donor_profile,xml,0,0.25,189983,oracle_only
938669,145,oracle+donor_profile,xml,0,0.25,189984,oracle_only
938817,104,oracle+donor_profile,xml,0,0.25,189985,oracle_only
938924,113,oracle+donor_profile,xml,0,0.25,189986,oracle_only
939040,150,oracle+donor_profile,xml,0,0.25,189987,oracle_only
939193,109,oracle+donor_profile,xml,0,0.25,189988,oracle_only
939305,172,oracle+donor_profile,xml,0,0.25,189989,oracle_only
939480,135,oracle+donor_profile,xml,0,0.25,189990,oracle_only
939618,127,oracle+donor_profile,xml,0,0.25,189991,oracle_only
939748,95,oracle+donor_profile,xml,0,0.25,189992,oracle_only
939846,124,oracle+donor_profile,xml,0,0.25,189993,oracle_only
939973,140,oracle+donor_profile,xml,0,0.25,189994,oracle_only
940116,123,oracle+donor_profile,xml,0,0.25,189995,oracle_only
940242,129,oracle+donor_profile,xml,0,0.25,189996,oracle_only
940374,113,oracle+donor_profile,xml,0,0.25,189997,oracle_only
940490,254,oracle+donor_profile,xml,0,0.25,189998,oracle_only
940747,113,oracle+donor_profile,xml,0,0.25,189999,oracle_only
940863,134,oracle+donor_profile,xml,0,0.25,190000,oracle_only
941000,129,oracle+donor_profile,xml,0,0.25,190001,oracle_only
941132,88,oracle+donor_profile,xml,0,0.25,190002,oracle_only
941223,156,oracle+donor_profile,xml,0,0.25,190003,oracle_only
941382,132,oracle+donor_profile,xml,0,0.25,190004,oracle_only
941517,87,oracle+donor_profile,xml,0,0.25,190005,oracle_only
941607,88,oracle+donor_profile,xml,0,0.25,190006,oracle_only
941698,90,oracle+donor_profile,xml,0,0.25,190007,oracle_only
941791,104,oracle+donor_profile,xml,0,0.25,190008,oracle_only
941898,124,oracle+donor_profile,xml,0,0.25,190009,oracle_only
942025,104,oracle+donor_profile,xml,0,0.25,190010,oracle_only
942132,118,oracle+donor_profile,xml,0,0.25,190011,oracle_only
942253,205,oracle+donor_profile,xml,0,0.25,190012,oracle_only
942461,111,oracle+donor_profile,xml,0,0.25,190013,oracle_only
942575,112,oracle+donor_profile,xml,0,0.25,190014,oracle_only
942690,117,oracle+donor_profile,xml,0,0.25,190015,oracle_only
942810,136,oracle+donor_profile,xml,0,0.25,190016,oracle_only
942949,108,oracle+donor_profile,xml,0,0.25,190017,oracle_only
943060,88,oracle+donor_profile,xml,0,0.25,190018,oracle_only
943151,96,oracle+donor_profile,xml,0,0.25,190019,oracle_only
943250,120,oracle+donor_profile,xml,0,0.25,190020,oracle_only
943373,138,oracle+donor_profile,xml,0,0.25,190021,oracle_only
943514,111,oracle+donor_profile,xml,0,0.25,190022,oracle_only
943628,85,oracle+donor_profile,xml,0,0.25,190023,oracle_only
943716,89,oracle+donor_profile,xml,0,0.25,190024,oracle_only
943808,126,oracle+donor_profile,xml,0,0.25,190025,oracle_only
943937,131,oracle+donor_profile,xml,0,0.25,190026,oracle_only
944071,126,oracle+donor_profile,xml,0,0.25,190027,oracle_only
944200,116,oracle+donor_profile,xml,0,0.25,190028,oracle_only
944319,77,oracle+donor_profile,xml,0,0.25,190029,oracle_only
944399,115,oracle+donor_profile,xml,0,0.25,190030,oracle_only
944517,100,oracle+donor_profile,xml,0,0.25,190031,oracle_only
944620,135,oracle+donor_profile,xml,0,0.25,190032,oracle_only
944758,156,oracle+donor_profile,xml,0,0.25,190033,oracle_only
944917,127,oracle+donor_profile,xml,0,0.25,190034,oracle_only
945047,138,oracle+donor_profile,xml,0,0.25,190035,oracle_only
945188,85,oracle+donor_profile,xml,0,0.25,190036,oracle_only
945276,119,oracle+donor_profile,xml,0,0.25,190037,oracle_only
945398,128,oracle+donor_profile,xml,0,0.25,190038,oracle_only
945529,119,oracle+donor_profile,xml,0,0.25,190039,oracle_only
945651,124,oracle+donor_profile,xml,0,0.25,190040,oracle_only
945778,139,oracle+donor_profile,xml,0,0.25,190041,oracle_only
945920,146,oracle+donor_profile,xml,0,0.25,190042,oracle_only
946069,135,oracle+donor_profile,xml,0,0.25,190043,oracle_only
946207,136,oracle+donor_profile,xml,0,0.25,190044,oracle_only
946346,119,oracle+donor_profile,xml,0,0.25,190045,oracle_only
946468,105,oracle+donor_profile,xml,0,0.25,190046,oracle_only
946576,136,oracle+donor_profile,xml,0,0.25,190047,oracle_only
946715,123,oracle+donor_profile,xml,0,0.25,190048,oracle_only
946841,124,oracle+donor_profile,xml,0,0.25,190049,oracle_only
946968,123,oracle+donor_profile,xml,0,0.25,190050,oracle_only
947094,134,oracle+donor_profile,xml,0,0.25,190051,oracle_only
947231,126,oracle+donor_profile,xml,0,0.25,190052,oracle_only
947360,157,oracle+donor_profile,xml,0,0.25,190053,oracle_only
947520,146,oracle+donor_profile,xml,0,0.25,190054,oracle_only
947669,85,oracle+donor_profile,xml,0,0.25,190055,oracle_only
947757,164,oracle+donor_profile,xml,0,0.25,190056,oracle_only
947924,190,oracle+donor_profile,xml,0,0.25,190057,oracle_only
948117,144,oracle+donor_profile,xml,0,0.25,190058,oracle_only
948264,116,oracle+donor_profile,xml,0,0.25,190059,oracle_only
948383,106,oracle+donor_profile,xml,0,0.25,190060,oracle_only
948492,110,oracle+donor_profile,xml,0,0.25,190061,oracle_only
948605,121,oracle+donor_profile,xml,0,0.25,190062,oracle_only
948729,126,oracle+donor_profile,xml,0,0.25,190063,oracle_only
948858,141,oracle+donor_profile,xml,0,0.25,190064,oracle_only
949002,105,oracle+donor_profile,xml,0,0.25,190065,oracle_only
949110,127,oracle+donor_profile,xml,0,0.25,190066,oracle_only
949240,134,oracle+donor_profile,xml,0,0.25,190067,oracle_only
949377,114,oracle+donor_profile,xml,0,0.25,190068,oracle_only
949494,112,oracle+donor_profile,xml,0,0.25,190069,oracle_only
949609,124,oracle+donor_profile,xml,0,0.25,190070,oracle_only
949736,126,oracle+donor_profile,xml,0,0.25,190071,oracle_only
949865,126,oracle+donor_profile,xml,0,0.25,190072,oracle_only
949994,121,oracle+donor_profile,xml,0,0.25,190073,oracle_only
950118,131,oracle+donor_profile,xml,0,0.25,190074,oracle_only
950252,121,oracle+donor_profile,xml,0,0.25,190075,oracle_only
950376,130,oracle+donor_profile,xml,0,0.25,190076,oracle_only
950509,121,oracle+donor_profile,xml,0,0.25,190077,oracle_only
950633,99,oracle+donor_profile,xml,0,0.25,190078,oracle_only
950735,149,oracle+donor_profile,xml,0,0.25,190079,oracle_only
950887,139,oracle+donor_profile,xml,0,0.25,190080,oracle_only
951029,139,oracle+donor_profile,xml,0,0.25,190081,oracle_only
951171,139,oracle+donor_profile,xml,0,0.25,190082,oracle_only
951313,124,oracle+donor_profile,xml,0,0.25,190083,oracle_only
951440,124,oracle+donor_profile,xml,0,0.25,190084,oracle_only
951567,112,oracle+donor_profile,xml,0,0.25,190085,oracle_only
951682,124,oracle+donor_profile,xml,0,0.25,190086,oracle_only
951809,134,oracle+donor_profile,xml,0,0.25,190087,oracle_only
951946,134,oracle+donor_profile,xml,0,0.25,190088,oracle_only
952083,124,oracle+donor_profile,xml,0,0.25,190089,oracle_only
952210,124,oracle+donor_profile,xml,0,0.25,190090,oracle_only
952337,126,oracle+donor_profile,xml,0,0.25,190091,oracle_only
952466,134,oracle+donor_profile,xml,0,0.25,190092,oracle_only
952603,124,oracle+donor_profile,xml,0,0.25,190093,oracle_only
952730,124,oracle+donor_profile,xml,0,0.25,190094,oracle_only
952857,126,oracle+donor_profile,xml,0,0.25,190095,oracle_only
952986,139,oracle+donor_profile,xml,0,0.25,190096,oracle_only
953128,92,oracle+donor_profile,xml,0,0.25,190097,oracle_only
953223,136,oracle+donor_profile,xml,0,0.25,190098,oracle_only
953362,136,oracle+donor_profile,xml,0,0.25,190099,oracle_only
953501,140,oracle+donor_profile,xml,0,0.25,190100,oracle_only
953644,136,oracle+donor_profile,xml,0,0.25,190101,oracle_only
953783,146,oracle+donor_profile,xml,0,0.25,190102,oracle_only
953932,149,oracle+donor_profile,xml,0,0.25,190103,oracle_only
954084,148,oracle+donor_profile,xml,0,0.25,190104,oracle_only
954235,149,oracle+donor_profile,xml,0,0.25,190105,oracle_only
954387,159,oracle+donor_profile,xml,0,0.25,190106,oracle_only
954549,121,oracle+donor_profile,xml,0,0.25,190107,oracle_only
954673,174,oracle+donor_profile,xml,0,0.25,190108,oracle_only
954850,121,oracle+donor_profile,xml,0,0.25,190109,oracle_only
954974,93,oracle+donor_profile,xml,0,0.25,190110,oracle_only
955070,153,oracle+donor_profile,xml,0,0.25,190111,oracle_only
955226,119,oracle+donor_profile,xml,0,0.25,190112,oracle_only
955348,144,oracle+donor_profile,xml,0,0.25,190113,oracle_only
955495,149,oracle+donor_profile,xml,0,0.25,190114,oracle_only
955647,130,oracle+donor_profile,xml,0,0.25,190115,oracle_only
955780,110,oracle+donor_profile,xml,0,0.25,190116,oracle_only
955893,131,oracle+donor_profile,xml,0,0.25,190117,oracle_only
956027,121,oracle+donor_profile,xml,0,0.25,190118,oracle_only
956151,121,oracle+donor_profile,xml,0,0.25,190119,oracle_only
956275,121,oracle+donor_profile,xml,0,0.25,190120,oracle_only
956399,111,oracle+donor_profile,xml,0,0.25,190121,oracle_only
956513,151,oracle+donor_profile,xml,0,0.25,190122,oracle_only
956667,121,oracle+donor_profile,xml,0,0.25,190123,oracle_only
956791,123,oracle+donor_profile,xml,0,0.25,190124,oracle_only
956917,134,oracle+donor_profile,xml,0,0.25,190125,oracle_only
957054,106,oracle+donor_profile,xml,0,0.25,190126,oracle_only
957163,105,oracle+donor_profile,xml,0,0.25,190127,oracle_only
957271,124,oracle+donor_profile,xml,0,0.25,190128,oracle_only
957398,124,oracle+donor_profile,xml,0,0.25,190129,oracle_only
957525,122,oracle+donor_profile,xml,0,0.25,190130,oracle_only
957650,79,oracle+donor_profile,xml,0,0.25,190131,oracle_only
957732,161,oracle+donor_profile,xml,0,0.25,190132,oracle_only
957896,156,oracle+donor_profile,xml,0,0.25,190133,oracle_only
958055,161,oracle+donor_profile,xml,0,0.25,190134,oracle_only
958219,161,oracle+donor_profile,xml,0,0.25,190135,oracle_only
958383,80,oracle+donor_profile,xml,0,0.25,190136,oracle_only
958466,80,oracle+donor_profile,xml,0,0.25,190137,oracle_only
958549,83,oracle+donor_profile,xml,0,0.25,190138,oracle_only
958635,148,oracle+donor_profile,xml,0,0.25,190139,oracle_only
958786,149,oracle+donor_profile,xml,0,0.25,190140,oracle_only
958938,159,oracle+donor_profile,xml,0,0.25,190141,oracle_only
959100,118,oracle+donor_profile,xml,0,0.25,190142,oracle_only
959221,149,oracle+donor_profile,xml,0,0.25,190143,oracle_only
959373,133,oracle+donor_profile,xml,0,0.25,190144,oracle_only
959509,133,oracle+donor_profile,xml,0,0.25,190145,oracle_only
959645,133,oracle+donor_profile,xml,0,0.25,190146,oracle_only
959781,133,oracle+donor_profile,xml,0,0.25,190147,oracle_only
959917,143,oracle+donor_profile,xml,0,0.25,190148,oracle_only
960063,131,oracle+donor_profile,xml,0,0.25,190149,oracle_only
960197,121,oracle+donor_profile,xml,0,0.25,190150,oracle_only
960321,110,oracle+donor_profile,xml,0,0.25,190151,oracle_only
960434,121,oracle+donor_profile,xml,0,0.25,190152,oracle_only
960558,121,oracle+donor_profile,xml,0,0.25,190153,oracle_only
960682,133,oracle+donor_profile,xml,0,0.25,190154,oracle_only
960818,123,oracle+donor_profile,xml,0,0.25,190155,oracle_only
960944,131,oracle+donor_profile,xml,0,0.25,190156,oracle_only
961078,121,oracle+donor_profile,xml,0,0.25,190157,oracle_only
961202,174,oracle+donor_profile,xml,0,0.25,190158,oracle_only
961379,121,oracle+donor_profile,xml,0,0.25,190159,oracle_only
961503,121,oracle+donor_profile,xml,0,0.25,190160,oracle_only
961627,174,oracle+donor_profile,xml,0,0.25,190161,oracle_only
961804,90,oracle+donor_profile,xml,0,0.25,190162,oracle_only
961897,125,oracle+donor_profile,xml,0,0.25,190163,oracle_only
962025,99,oracle+donor_profile,xml,0,0.25,190164,oracle_only
962127,103,oracle+donor_profile,xml,0,0.25,190165,oracle_only
962233,112,oracle+donor_profile,xml,0,0.25,190166,oracle_only
962348,109,oracle+donor_profile,xml,0,0.25,190167,oracle_only
962460,135,oracle+donor_profile,xml,0,0.25,190168,oracle_only
962598,131,oracle+donor_profile,xml,0,0.25,190169,oracle_only
962732,139,oracle+donor_profile,xml,0,0.25,190170,oracle_only
962874,135,oracle+donor_profile,xml,0,0.25,190171,oracle_only
963012,147,oracle+donor_profile,xml,0,0.25,190172,oracle_only
963162,103,oracle+donor_profile,xml,0,0.25,190173,oracle_only
963268,170,oracle+donor_profile,xml,0,0.25,190174,oracle_only
963441,132,oracle+donor_profile,xml,0,0.25,190175,oracle_only
963576,87,oracle+donor_profile,xml,0,0.25,190176,oracle_only
963666,123,oracle+donor_profile,xml,0,0.25,190177,oracle_only
963792,101,oracle+donor_profile,xml,0,0.25,190178,oracle_only
963896,122,oracle+donor_profile,xml,0,0.25,190179,oracle_only
964021,118,oracle+donor_profile,xml,0,0.25,190180,oracle_only
964142,101,oracle+donor_profile,xml,0,0.25,190181,oracle_only
964246,92,oracle+donor_profile,xml,0,0.25,190182,oracle_only
964341,166,oracle+donor_profile,xml,0,0.25,190183,oracle_only
964510,135,oracle+donor_profile,xml,0,0.25,190184,oracle_only
964648,120,oracle+donor_profile,xml,0,0.25,190185,oracle_only
964771,138,oracle+donor_profile,xml,0,0.25,190186,oracle_only
964912,121,oracle+donor_profile,xml,0,0.25,190187,oracle_only
965036,109,oracle+donor_profile,xml,0,0.25,190188,oracle_only
965148,136,oracle+donor_profile,xml,0,0.25,190189,oracle_only
965287,137,oracle+donor_profile,xml,0,0.25,190190,oracle_only
965427,137,oracle+donor_profile,xml,0,0.25,190191,oracle_only
965567,137,oracle+donor_profile,xml,0,0.25,190192,oracle_only
965707,137,oracle+donor_profile,xml,0,0.25,190193,oracle_only
965847,121,oracle+donor_profile,xml,0,0.25,190194,oracle_only
965971,121,oracle+donor_profile,xml,0,0.25,190195,oracle_only
966095,121,oracle+donor_profile,xml,0,0.25,190196,oracle_only
966219,121,oracle+donor_profile,xml,0,0.25,190197,oracle_only
966343,121,oracle+donor_profile,xml,0,0.25,190198,oracle_only
966467,121,oracle+donor_profile,xml,0,0.25,190199,oracle_only
966591,124,oracle+donor_profile,xml,0,0.25,190200,oracle_only
966718,132,oracle+donor_profile,xml,0,0.25,190201,oracle_only
966853,128,oracle+donor_profile,xml,0,0.25,190202,oracle_only
966984,124,oracle+donor_profile,xml,0,0.25,190203,oracle_only
967111,124,oracle+donor_profile,xml,0,0.25,190204,oracle_only
967238,134,oracle+donor_profile,xml,0,0.25,190205,oracle_only
967375,124,oracle+donor_profile,xml,0,0.25,190206,oracle_only
967502,124,oracle+donor_profile,xml,0,0.25,190207,oracle_only
967629,124,oracle+donor_profile,xml,0,0.25,190208,oracle_only
967756,126,oracle+donor_profile,xml,0,0.25,190209,oracle_only
967885,154,oracle+donor_profile,xml,0,0.25,190210,oracle_only
968042,140,oracle+donor_profile,xml,0,0.25,190211,oracle_only
968185,119,oracle+donor_profile,xml,0,0.25,190212,oracle_only
968307,137,oracle+donor_profile,xml,0,0.25,190213,oracle_only
968447,143,oracle+donor_profile,xml,0,0.25,190214,oracle_only
968593,140,oracle+donor_profile,xml,0,0.25,190215,oracle_only
968736,144,oracle+donor_profile,xml,0,0.25,190216,oracle_only
968883,146,oracle+donor_profile,xml,0,0.25,190217,oracle_only
969032,134,oracle+donor_profile,xml,0,0.25,190218,oracle_only
969169,131,oracle+donor_profile,xml,0,0.25,190219,oracle_only
969303,121,oracle+donor_profile,xml,0,0.25,190220,oracle_only
969427,121,oracle+donor_profile,xml,0,0.25,190221,oracle_only
969551,121,oracle+donor_profile,xml,0,0.25,190222,oracle_only
969675,121,oracle+donor_profile,xml,0,0.25,190223,oracle_only
969799,123,oracle+donor_profile,xml,0,0.25,190224,oracle_only
969925,123,oracle+donor_profile,xml,0,0.25,190225,oracle_only
970051,121,oracle+donor_profile,xml,0,0.25,190226,oracle_only
970175,131,oracle+donor_profile,xml,0,0.25,190227,oracle_only
970309,121,oracle+donor_profile,xml,0,0.25,190228,oracle_only
970433,130,oracle+donor_profile,xml,0,0.25,190229,oracle_only
970566,121,oracle+donor_profile,xml,0,0.25,190230,oracle_only
970690,121,oracle+donor_profile,xml,0,0.25,190231,oracle_only
970814,121,oracle+donor_profile,xml,0,0.25,190232,oracle_only
970938,121,oracle+donor_profile,xml,0,0.25,190233,oracle_only
971062,121,oracle+donor_profile,xml,0,0.25,190234,oracle_only
971186,121,oracle+donor_profile,xml,0,0.25,190235,oracle_only
971310,131,oracle+donor_profile,xml,0,0.25,190236,oracle_only
971444,136,oracle+donor_profile,xml,0,0.25,190237,oracle_only
971583,140,oracle+donor_profile,xml,0,0.25,190238,oracle_only
971726,136,oracle+donor_profile,xml,0,0.25,190239,oracle_only
971865,146,oracle+donor_profile,xml,0,0.25,190240,oracle_only
972014,123,oracle+donor_profile,xml,0,0.25,190241,oracle_only
972140,86,oracle+donor_profile,xml,0,0.25,190242,oracle_only
972229,121,oracle+donor_profile,xml,0,0.25,190243,oracle_only
972353,131,oracle+donor_profile,xml,0,0.25,190244,oracle_only
972487,143,oracle+donor_profile,xml,0,0.25,190245,oracle_only
972633,133,oracle+donor_profile,xml,0,0.25,190246,oracle_only
972769,190,oracle+donor_profile,xml,0,0.25,190247,oracle_only
972962,133,oracle+donor_profile,xml,0,0.25,190248,oracle_only
973098,94,oracle+donor_profile,xml,0,0.25,190249,oracle_only
973195,131,oracle+donor_profile,xml,0,0.25,190250,oracle_only
973329,174,oracle+donor_profile,xml,0,0.25,190251,oracle_only
973506,121,oracle+donor_profile,xml,0,0.25,190252,oracle_only
973630,121,oracle+donor_profile,xml,0,0.25,190253,oracle_only
973754,103,oracle+donor_profile,xml,0,0.25,190254,oracle_only
973860,96,oracle+donor_profile,xml,0,0.25,190255,oracle_only
973959,96,oracle+donor_profile,xml,0,0.25,190256,oracle_only
974058,122,oracle+donor_profile,xml,0,0.25,190257,oracle_only
974183,96,oracle+donor_profile,xml,0,0.25,190258,oracle_only
974282,121,oracle+donor_profile,xml,0,0.25,190259,oracle_only
974406,121,oracle+donor_profile,xml,0,0.25,190260,oracle_only
974530,131,oracle+donor_profile,xml,0,0.25,190261,oracle_only
974664,134,oracle+donor_profile,xml,0,0.25,190262,oracle_only
974801,124,oracle+donor_profile,xml,0,0.25,190263,oracle_only
974928,132,oracle+donor_profile,xml,0,0.25,190264,oracle_only
975063,124,oracle+donor_profile,xml,0,0.25,190265,oracle_only
975190,130,oracle+donor_profile,xml,0,0.25,190266,oracle_only
975323,121,oracle+donor_profile,xml,0,0.25,190267,oracle_only
975447,133,oracle+donor_profile,xml,0,0.25,190268,oracle_only
975583,115,oracle+donor_profile,xml,0,0.25,190269,oracle_only
975701,144,oracle+donor_profile,xml,0,0.25,190270,oracle_only
975848,121,oracle+donor_profile,xml,0,0.25,190271,oracle_only
975972,86,oracle+donor_profile,xml,0,0.25,190272,oracle_only
976061,134,oracle+donor_profile,xml,0,0.25,190273,oracle_only
976198,124,oracle+donor_profile,xml,0,0.25,190274,oracle_only
976325,126,oracle+donor_profile,xml,0,0.25,190275,oracle_only
976454,121,oracle+donor_profile,xml,0,0.25,190276,oracle_only
976578,121,oracle+donor_profile,xml,0,0.25,190277,oracle_only
976702,121,oracle+donor_profile,xml,0,0.25,190278,oracle_only
976826,121,oracle+donor_profile,xml,0,0.25,190279,oracle_only
976950,131,oracle+donor_profile,xml,0,0.25,190280,oracle_only
977084,126,oracle+donor_profile,xml,0,0.25,190281,oracle_only
977213,124,oracle+donor_profile,xml,0,0.25,190282,oracle_only
977340,112,oracle+donor_profile,xml,0,0.25,190283,oracle_only
977455,124,oracle+donor_profile,xml,0,0.25,190284,oracle_only
977582,136,oracle+donor_profile,xml,0,0.25,190285,oracle_only
977721,116,oracle+donor_profile,xml,0,0.25,190286,oracle_only
977840,89,oracle+donor_profile,xml,0,0.25,190287,oracle_only
977932,94,oracle+donor_profile,xml,0,0.25,190288,oracle_only
978029,129,oracle+donor_profile,xml,0,0.25,190289,oracle_only
978161,148,oracle+donor_profile,xml,0,0.25,190290,oracle_only
978312,110,oracle+donor_profile,xml,0,0.25,190291,oracle_only
978425,119,oracle+donor_profile,xml,0,0.25,190292,oracle_only
978547,113,oracle+donor_profile,xml,0,0.25,190293,oracle_only
978663,135,oracle+donor_profile,xml,0,0.25,190294,oracle_only
978801,82,oracle+donor_profile,xml,0,0.25,190295,oracle_only
978886,160,oracle+donor_profile,xml,0,0.25,190296,oracle_only
979049,161,oracle+donor_profile,xml,0,0.25,190297,oracle_only
979213,124,oracle+donor_profile,xml,0,0.25,190298,oracle_only
979340,124,oracle+donor_profile,xml,0,0.25,190299,oracle_only
979467,124,oracle+donor_profile,xml,0,0.25,190300,oracle_only
979594,124,oracle+donor_profile,xml,0,0.25,190301,oracle_only
979721,121,oracle+donor_profile,xml,0,0.25,190302,oracle_only
979845,121,oracle+donor_profile,xml,0,0.25,190303,oracle_only
979969,121,oracle+donor_profile,xml,0,0.25,190304,oracle_only
980093,121,oracle+donor_profile,xml,0,0.25,190305,oracle_only
980217,131,oracle+donor_profile,xml,0,0.25,190306,oracle_only
980351,121,oracle+donor_profile,xml,0,0.25,190307,oracle_only
980475,121,oracle+donor_profile,xml,0,0.25,190308,oracle_only
980599,130,oracle+donor_profile,xml,0,0.25,190309,oracle_only
980732,133,oracle+donor_profile,xml,0,0.25,190310,oracle_only
980868,136,oracle+donor_profile,xml,0,0.25,190311,oracle_only
981007,136,oracle+donor_profile,xml,0,0.25,190312,oracle_only
981146,140,oracle+donor_profile,xml,0,0.25,190313,oracle_only
981289,136,oracle+donor_profile,xml,0,0.25,190314,oracle_only
981428,124,oracle+donor_profile,xml,0,0.25,190315,oracle_only
981555,167,oracle+donor_profile,xml,0,0.25,190316,oracle_only
981725,119,oracle+donor_profile,xml,0,0.25,190317,oracle_only
981847,126,oracle+donor_profile,xml,0,0.25,190318,oracle_only
981976,141,oracle+donor_profile,xml,0,0.25,190319,oracle_only
982120,122,oracle+donor_profile,xml,0,0.25,190320,oracle_only
982245,120,oracle+donor_profile,xml,0,0.25,190321,oracle_only
982368,141,oracle+donor_profile,xml,0,0.25,190322,oracle_only
982512,126,oracle+donor_profile,xml,0,0.25,190323,oracle_only
982641,125,oracle+donor_profile,xml,0,0.25,190324,oracle_only
982769,122,oracle+donor_profile,xml,0,0.25,190325,oracle_only
982894,123,oracle+donor_profile,xml,0,0.25,190326,oracle_only
983020,123,oracle+donor_profile,xml,0,0.25,190327,oracle_only
983146,113,oracle+donor_profile,xml,0,0.25,190328,oracle_only
983262,110,oracle+donor_profile,xml,0,0.25,190329,oracle_only
983375,117,oracle+donor_profile,xml,0,0.25,190330,oracle_only
983495,101,oracle+donor_profile,xml,0,0.25,190331,oracle_only
983599,130,oracle+donor_profile,xml,0,0.25,190332,oracle_only
983732,121,oracle+donor_profile,xml,0,0.25,190333,oracle_only
983856,133,oracle+donor_profile,xml,0,0.25,190334,oracle_only
983992,124,oracle+donor_profile,xml,0,0.25,190335,oracle_only
984119,111,oracle+donor_profile,xml,0,0.25,190336,oracle_only
984233,111,oracle+donor_profile,xml,0,0.25,190337,oracle_only
984347,117,oracle+donor_profile,xml,0,0.25,190338,oracle_only
984467,119,oracle+donor_profile,xml,0,0.25,190339,oracle_only
984589,118,oracle+donor_profile,xml,0,0.25,190340,oracle_only
984710,119,oracle+donor_profile,xml,0,0.25,190341,oracle_only
984832,111,oracle+donor_profile,xml,0,0.25,190342,oracle_only
984946,87,oracle+donor_profile,xml,0,0.25,190343,oracle_only
985036,125,oracle+donor_profile,xml,0,0.25,190344,oracle_only
985164,103,oracle+donor_profile,xml,0,0.25,190345,oracle_only
985270,178,oracle+donor_profile,xml,0,0.25,190346,oracle_only
985451,123,oracle+donor_profile,xml,0,0.25,190347,oracle_only
985577,102,oracle+donor_profile,xml,0,0.25,190348,oracle_only
985682,109,oracle+donor_profile,xml,0,0.25,190349,oracle_only
985794,107,oracle+donor_profile,xml,0,0.25,190350,oracle_only
985904,118,oracle+donor_profile,xml,0,0.25,190351,oracle_only
986025,111,oracle+donor_profile,xml,0,0.25,190352,oracle_only
986139,123,oracle+donor_profile,xml,0,0.25,190353,oracle_only
986265,140,oracle+donor_profile,xml,0,0.25,190354,oracle_only
986408,126,oracle+donor_profile,xml,0,0.25,190355,oracle_only
986537,83,oracle+donor_profile,xml,0,0.25,190356,oracle_only
986623,121,oracle+donor_profile,xml,0,0.25,190357,oracle_only
986747,121,oracle+donor_profile,xml,0,0.25,190358,oracle_only
986871,121,oracle+donor_profile,xml,0,0.25,190359,oracle_only
986995,121,oracle+donor_profile,xml,0,0.25,190360,oracle_only
987119,131,oracle+donor_profile,xml,0,0.25,190361,oracle_only
987253,123,oracle+donor_profile,xml,0,0.25,190362,oracle_only
987379,133,oracle+donor_profile,xml,0,0.25,190363,oracle_only
987515,112,oracle+donor_profile,xml,0,0.25,190364,oracle_only
987630,105,oracle+donor_profile,xml,0,0.25,190365,oracle_only
987738,103,oracle+donor_profile,xml,0,0.25,190366,oracle_only
987844,100,oracle+donor_profile,xml,0,0.25,190367,oracle_only
987947,124,oracle+donor_profile,xml,0,0.25,190368,oracle_only
988074,116,oracle+donor_profile,xml,0,0.25,190369,oracle_only
988193,107,oracle+donor_profile,xml,0,0.25,190370,oracle_only
988303,116,oracle+donor_profile,xml,0,0.25,190371,oracle_only
988422,115,oracle+donor_profile,xml,0,0.25,190372,oracle_only
988540,84,oracle+donor_profile,xml,0,0.25,190373,oracle_only
988627,83,oracle+donor_profile,xml,0,0.25,190374,oracle_only
988713,136,oracle+donor_profile,xml,0,0.25,190375,oracle_only
988852,82,oracle+donor_profile,xml,0,0.25,190376,oracle_only
988937,83,oracle+donor_profile,xml,0,0.25,190377,oracle_only
989023,81,oracle+donor_profile,xml,0,0.25,190378,oracle_only
989107,141,oracle+donor_profile,xml,0,0.25,190379,oracle_only
989251,79,oracle+donor_profile,xml,0,0.25,190380,oracle_only
989333,82,oracle+donor_profile,xml,0,0.25,190381,oracle_only
989418,121,oracle+donor_profile,xml,0,0.25,190382,oracle_only
989542,121,oracle+donor_profile,xml,0,0.25,190383,oracle_only
989666,86,oracle+donor_profile,xml,0,0.25,190384,oracle_only
989755,178,oracle+donor_profile,xml,0,0.25,190385,oracle_only
989936,131,oracle+donor_profile,xml,0,0.25,190386,oracle_only
990070,99,oracle+donor_profile,xml,0,0.25,190387,oracle_only
990172,137,oracle+donor_profile,xml,0,0.25,190388,oracle_only
990312,153,oracle+donor_profile,xml,0,0.25,190389,oracle_only
990468,83,oracle+donor_profile,xml,0,0.25,190390,oracle_only
990554,129,oracle+donor_profile,xml,0,0.25,190391,oracle_only
990686,125,oracle+donor_profile,xml,0,0.25,190392,oracle_only
990814,108,oracle+donor_profile,xml,0,0.25,190393,oracle_only
990925,123,oracle+donor_profile,xml,0,0.25,190394,oracle_only
991051,123,oracle+donor_profile,xml,0,0.25,190395,oracle_only
991177,123,oracle+donor_profile,xml,0,0.25,190396,oracle_only
991303,135,oracle+donor_profile,xml,0,0.25,190397,oracle_only
991441,123,oracle+donor_profile,xml,0,0.25,190398,oracle_only
991567,127,oracle+donor_profile,xml,0,0.25,190399,oracle_only
991697,109,oracle+donor_profile,xml,0,0.25,190400,oracle_only
991809,103,oracle+donor_profile,xml,0,0.25,190401,oracle_only
991915,123,oracle+donor_profile,xml,0,0.25,190402,oracle_only
992041,133,oracle+donor_profile,xml,0,0.25,190403,oracle_only
992177,162,oracle+donor_profile,xml,0,0.25,190404,oracle_only
992342,145,oracle+donor_profile,xml,0,0.25,190405,oracle_only
992490,135,oracle+donor_profile,xml,0,0.25,190406,oracle_only
992628,120,oracle+donor_profile,xml,0,0.25,190407,oracle_only
992751,110,oracle+donor_profile,xml,0,0.25,190408,oracle_only
992864,117,oracle+donor_profile,xml,0,0.25,190409,oracle_only
992984,136,oracle+donor_profile,xml,0,0.25,190410,oracle_only
993123,124,oracle+donor_profile,xml,0,0.25,190411,oracle_only
993250,125,oracle+donor_profile,xml,0,0.25,190412,oracle_only
993378,124,oracle+donor_profile,xml,0,0.25,190413,oracle_only
993505,126,oracle+donor_profile,xml,0,0.25,190414,oracle_only
993634,140,oracle+donor_profile,xml,0,0.25,190415,oracle_only
993777,143,oracle+donor_profile,xml,0,0.25,190416,oracle_only
993923,111,oracle+donor_profile,xml,0,0.25,190417,oracle_only
994037,152,oracle+donor_profile,xml,0,0.25,190418,oracle_only
994192,116,oracle+donor_profile,xml,0,0.25,190419,oracle_only
994311,120,oracle+donor_profile,xml,0,0.25,190420,oracle_only
994434,112,oracle+donor_profile,xml,0,0.25,190421,oracle_only
994549,123,oracle+donor_profile,xml,0,0.25,190422,oracle_only
994675,122,oracle+donor_profile,xml,0,0.25,190423,oracle_only
994800,82,oracle+donor_profile,xml,0,0.25,190424,oracle_only
994885,105,oracle+donor_profile,xml,0,0.25,190425,oracle_only
994993,121,oracle+donor_profile,xml,0,0.25,190426,oracle_only
995117,121,oracle+donor_profile,xml,0,0.25,190427,oracle_only
995241,105,oracle+donor_profile,xml,0,0.25,190428,oracle_only
995349,128,oracle+donor_profile,xml,0,0.25,190429,oracle_only
995480,132,oracle+donor_profile,xml,0,0.25,190430,oracle_only
995615,121,oracle+donor_profile,xml,0,0.25,190431,oracle_only
995739,126,oracle+donor_profile,xml,0,0.25,190432,oracle_only
995868,128,oracle+donor_profile,xml,0,0.25,190433,oracle_only
995999,110,oracle+donor_profile,xml,0,0.25,190434,oracle_only
996112,124,oracle+donor_profile,xml,0,0.25,190435,oracle_only
996239,102,oracle+donor_profile,xml,0,0.25,190436,oracle_only
996344,108,oracle+donor_profile,xml,0,0.25,190437,oracle_only
996455,115,oracle+donor_profile,xml,0,0.25,190438,oracle_only
996573,123,oracle+donor_profile,xml,0,0.25,190439,oracle_only
996699,113,oracle+donor_profile,xml,0,0.25,190440,oracle_only
996815,134,oracle+donor_profile,xml,0,0.25,190441,oracle_only
996952,119,oracle+donor_profile,xml,0,0.25,190442,oracle_only
997074,132,oracle+donor_profile,xml,0,0.25,190443,oracle_only
997209,159,oracle+donor_profile,xml,0,0.25,190444,oracle_only
997371,131,oracle+donor_profile,xml,0,0.25,190445,oracle_only
997505,159,oracle+donor_profile,xml,0,0.25,190446,oracle_only
997667,133,oracle+donor_profile,xml,0,0.25,190447,oracle_only
997803,104,oracle+donor_profile,xml,0,0.25,190448,oracle_only
997910,82,oracle+donor_profile,xml,0,0.25,190449,oracle_only
997995,118,oracle+donor_profile,xml,0,0.25,190450,oracle_only
998116,85,oracle+donor_profile,xml,0,0.25,190451,oracle_only
998204,119,oracle+donor_profile,xml,0,0.25,190452,oracle_only
998326,82,oracle+donor_profile,xml,0,0.25,190453,oracle_only
998411,120,oracle+donor_profile,xml,0,0.25,190454,oracle_only
998534,117,oracle+donor_profile,xml,0,0.25,190455,oracle_only
998654,110,oracle+donor_profile,xml,0,0.25,190456,oracle_only
998767,101,oracle+donor_profile,xml,0,0.25,190457,oracle_only
998871,129,oracle+donor_profile,xml,0,0.25,190458,oracle_only
999003,138,oracle+donor_profile,xml,0,0.25,190459,oracle_only
999144,145,oracle+donor_profile,xml,0,0.25,190460,oracle_only
999292,114,oracle+donor_profile,xml,0,0.25,190461,oracle_only
999409,139,oracle+donor_profile,xml,0,0.25,190462,oracle_only
999551,124,oracle+donor_profile,xml,0,0.25,190463,oracle_only
999678,152,oracle+donor_profile,xml,0,0.25,190464,oracle_only
999833,129,oracle+donor_profile,xml,0,0.25,190465,oracle_only
999965,125,oracle+donor_profile,xml,0,0.25,190466,oracle_only
1000093,119,oracle+donor_profile,xml,0,0.25,190467,oracle_only
1000215,168,oracle+donor_profile,xml,0,0.25,190468,oracle_only
1000386,85,oracle+donor_profile,xml,0,0.25,190469,oracle_only
1000474,91,oracle+donor_profile,xml,0,0.25,190470,oracle_only
1000568,126,oracle+donor_profile,xml,0,0.25,190471,oracle_only
1000697,121,oracle+donor_profile,xml,0,0.25,190472,oracle_only
1000821,89,oracle+donor_profile,xml,0,0.25,190473,oracle_only
1000913,143,oracle+donor_profile,xml,0,0.25,190474,oracle_only
1001059,124,oracle+donor_profile,xml,0,0.25,190475,oracle_only
1001186,124,oracle+donor_profile,xml,0,0.25,190476,oracle_only
1001313,167,oracle+donor_profile,xml,0,0.25,190477,oracle_only
1001483,124,oracle+donor_profile,xml,0,0.25,190478,oracle_only
1001610,134,oracle+donor_profile,xml,0,0.25,190479,oracle_only
1001747,110,oracle+donor_profile,xml,0,0.25,190480,oracle_only
1001860,130,oracle+donor_profile,xml,0,0.25,190481,oracle_only
1001993,86,oracle+donor_profile,xml,0,0.25,190482,oracle_only
1002082,92,oracle+donor_profile,xml,0,0.25,190483,oracle_only
1002177,137,oracle+donor_profile,xml,0,0.25,190484,oracle_only
1002317,89,oracle+donor_profile,xml,0,0.25,190485,oracle_only
1002409,109,oracle+donor_profile,xml,0,0.25,190486,oracle_only
1002521,83,oracle+donor_profile,xml,0,0.25,190487,oracle_only
1002607,82,oracle+donor_profile,xml,0,0.25,190488,oracle_only
1002692,81,oracle+donor_profile,xml,0,0.25,190489,oracle_only
1002776,119,oracle+donor_profile,xml,0,0.25,190490,oracle_only
1002898,128,oracle+donor_profile,xml,0,0.25,190491,oracle_only
1003029,136,oracle+donor_profile,xml,0,0.25,190492,oracle_only
1003168,116,oracle+donor_profile,xml,0,0.25,190493,oracle_only
1003287,126,oracle+donor_profile,xml,0,0.25,190494,oracle_only
1003416,133,oracle+donor_profile,xml,0,0.25,190495,oracle_only
1003552,133,oracle+donor_profile,xml,0,0.25,190496,oracle_only
1003688,133,oracle+donor_profile,xml,0,0.25,190497,oracle_only
1003824,143,oracle+donor_profile,xml,0,0.25,190498,oracle_only
1003970,193,oracle+donor_profile,xml,0,0.25,190499,oracle_only
1004166,120,oracle+donor_profile,xml,0,0.25,190500,oracle_only
1004289,114,oracle+donor_profile,xml,0,0.25,190501,oracle_only
1004406,188,oracle+donor_profile,xml,0,0.25,190502,oracle_only
1004597,145,oracle+donor_profile,xml,0,0.25,190503,oracle_only
1004745,136,oracle+donor_profile,xml,0,0.25,190504,oracle_only
1004884,125,oracle+donor_profile,xml,0,0.25,190505,oracle_only
1005012,116,oracle+donor_profile,xml,0,0.25,190506,oracle_only
1005131,130,oracle+donor_profile,xml,0,0.25,190507,oracle_only
1005264,102,oracle+donor_profile,xml,0,0.25,190508,oracle_only
1005369,104,oracle+donor_profile,xml,0,0.25,190509,oracle_only
1005476,86,oracle+donor_profile,xml,0,0.25,190510,oracle_only
1005565,128,oracle+donor_profile,xml,0,0.25,190511,oracle_only
1005696,124,oracle+donor_profile,xml,0,0.25,190512,oracle_only
1005823,124,oracle+donor_profile,xml,0,0.25,190513,oracle_only
1005950,134,oracle+donor_profile,xml,0,0.25,190514,oracle_only
1006087,124,oracle+donor_profile,xml,0,0.25,190515,oracle_only
1006214,156,oracle+donor_profile,xml,0,0.25,190516,oracle_only
1006373,124,oracle+donor_profile,xml,0,0.25,190517,oracle_only
1006500,126,oracle+donor_profile,xml,0,0.25,190518,oracle_only
1006629,124,oracle+donor_profile,xml,0,0.25,190519,oracle_only
1006756,124,oracle+donor_profile,xml,0,0.25,190520,oracle_only
1006883,134,oracle+donor_profile,xml,0,0.25,190521,oracle_only
1007020,142,oracle+donor_profile,xml,0,0.25,190522,oracle_only
1007165,130,oracle+donor_profile,xml,0,0.25,190523,oracle_only
1007298,158,oracle+donor_profile,xml,0,0.25,190524,oracle_only
1007459,130,oracle+donor_profile,xml,0,0.25,190525,oracle_only
1007592,123,oracle+donor_profile,xml,0,0.25,190526,oracle_only
1007718,145,oracle+donor_profile,xml,0,0.25,190527,oracle_only
1007866,124,oracle+donor_profile,xml,0,0.25,190528,oracle_only
1007993,160,oracle+donor_profile,xml,0,0.25,190529,oracle_only
1008156,193,oracle+donor_profile,xml,0,0.25,190530,oracle_only
1008352,124,oracle+donor_profile,xml,0,0.25,190531,oracle_only
1008479,154,oracle+donor_profile,xml,0,0.25,190532,oracle_only
1008636,124,oracle+donor_profile,xml,0,0.25,190533,oracle_only
1008763,126,oracle+donor_profile,xml,0,0.25,190534,oracle_only
1008892,124,oracle+donor_profile,xml,0,0.25,190535,oracle_only
1009019,134,oracle+donor_profile,xml,0,0.25,190536,oracle_only
1009156,136,oracle+donor_profile,xml,0,0.25,190537,oracle_only
1009295,132,oracle+donor_profile,xml,0,0.25,190538,oracle_only
1009430,130,oracle+donor_profile,xml,0,0.25,190539,oracle_only
1009563,144,oracle+donor_profile,xml,0,0.25,190540,oracle_only
1009710,163,oracle+donor_profile,xml,0,0.25,190541,oracle_only
1009876,124,oracle+donor_profile,xml,0,0.25,190542,oracle_only
1010003,124,oracle+donor_profile,xml,0,0.25,190543,oracle_only
1010130,124,oracle+donor_profile,xml,0,0.25,190544,oracle_only
1010257,124,oracle+donor_profile,xml,0,0.25,190545,oracle_only
1010384,134,oracle+donor_profile,xml,0,0.25,190546,oracle_only
1010521,121,oracle+donor_profile,xml,0,0.25,190547,oracle_only
1010645,109,oracle+donor_profile,xml,0,0.25,190548,oracle_only
1010757,124,oracle+donor_profile,xml,0,0.25,190549,oracle_only
1010884,124,oracle+donor_profile,xml,0,0.25,190550,oracle_only
1011011,124,oracle+donor_profile,xml,0,0.25,190551,oracle_only
1011138,124,oracle+donor_profile,xml,0,0.25,190552,oracle_only
1011265,134,oracle+donor_profile,xml,0,0.25,190553,oracle_only
1011402,148,oracle+donor_profile,xml,0,0.25,190554,oracle_only
1011553,124,oracle+donor_profile,xml,0,0.25,190555,oracle_only
1011680,124,oracle+donor_profile,xml,0,0.25,190556,oracle_only
1011807,112,oracle+donor_profile,xml,0,0.25,190557,oracle_only
1011922,124,oracle+donor_profile,xml,0,0.25,190558,oracle_only
1012049,134,oracle+donor_profile,xml,0,0.25,190559,oracle_only
1012186,124,oracle+donor_profile,xml,0,0.25,190560,oracle_only
1012313,124,oracle+donor_profile,xml,0,0.25,190561,oracle_only
1012440,132,oracle+donor_profile,xml,0,0.25,190562,oracle_only
1012575,186,oracle+donor_profile,xml,0,0.25,190563,oracle_only
1012764,134,oracle+donor_profile,xml,0,0.25,190564,oracle_only
1012901,82,oracle+donor_profile,xml,0,0.25,190565,oracle_only
1012986,81,oracle+donor_profile,xml,0,0.25,190566,oracle_only
1013070,120,oracle+donor_profile,xml,0,0.25,190567,oracle_only
1013193,162,oracle+donor_profile,xml,0,0.25,190568,oracle_only
1013358,139,oracle+donor_profile,xml,0,0.25,190569,oracle_only
1013500,134,oracle+donor_profile,xml,0,0.25,190570,oracle_only
1013637,117,oracle+donor_profile,xml,0,0.25,190571,oracle_only
1013757,118,oracle+donor_profile,xml,0,0.25,190572,oracle_only
1013878,171,oracle+donor_profile,xml,0,0.25,190573,oracle_only
1014052,103,oracle+donor_profile,xml,0,0.25,190574,oracle_only
1014158,121,oracle+donor_profile,xml,0,0.25,190575,oracle_only
1014282,108,oracle+donor_profile,xml,0,0.25,190576,oracle_only
1014393,102,oracle+donor_profile,xml,0,0.25,190577,oracle_only
1014498,111,oracle+donor_profile,xml,0,0.25,190578,oracle_only
1014612,108,oracle+donor_profile,xml,0,0.25,190579,oracle_only
1014723,101,oracle+donor_profile,xml,0,0.25,190580,oracle_only
1014827,100,oracle+donor_profile,xml,0,0.25,190581,oracle_only
1014930,134,oracle+donor_profile,xml,0,0.25,190582,oracle_only
1015067,124,oracle+donor_profile,xml,0,0.25,190583,oracle_only
1015194,133,oracle+donor_profile,xml,0,0.25,190584,oracle_only
1015330,99,oracle+donor_profile,xml,0,0.25,190585,oracle_only
1015432,118,oracle+donor_profile,xml,0,0.25,190586,oracle_only
1015553,140,oracle+donor_profile,xml,0,0.25,190587,oracle_only
1015696,174,oracle+donor_profile,xml,0,0.25,190588,oracle_only
1015873,138,oracle+donor_profile,xml,0,0.25,190589,oracle_only
1016014,121,oracle+donor_profile,xml,0,0.25,190590,oracle_only
1016138,112,oracle+donor_profile,xml,0,0.25,190591,oracle_only
1016253,129,oracle+donor_profile,xml,0,0.25,190592,oracle_only
1016385,127,oracle+donor_profile,xml,0,0.25,190593,oracle_only
1016515,116,oracle+donor_profile,xml,0,0.25,190594,oracle_only
1016634,116,oracle+donor_profile,xml,0,0.25,190595,oracle_only
1016753,116,oracle+donor_profile,xml,0,0.25,190596,oracle_only
1016872,104,oracle+donor_profile,xml,0,0.25,190597,oracle_only
1016979,84,oracle+donor_profile,xml,0,0.25,190598,oracle_only
1017066,159,oracle+donor_profile,xml,0,0.25,190599,oracle_only
1017228,121,oracle+donor_profile,xml,0,0.25,190600,oracle_only
1017352,127,oracle+donor_profile,xml,0,0.25,190601,oracle_only
1017482,106,oracle+donor_profile,xml,0,0.25,190602,oracle_only
1017591,113,oracle+donor_profile,xml,0,0.25,190603,oracle_only
1017707,137,oracle+donor_profile,xml,0,0.25,190604,oracle_only
1017847,148,oracle+donor_profile,xml,0,0.25,190605,oracle_only
1017998,95,oracle+donor_profile,xml,0,0.25,190606,oracle_only
1018096,116,oracle+donor_profile,xml,0,0.25,190607,oracle_only
1018215,137,oracle+donor_profile,xml,0,0.25,190608,oracle_only
1018355,81,oracle+donor_profile,xml,0,0.25,190609,oracle_only
1018439,111,oracle+donor_profile,xml,0,0.25,190610,oracle_only
1018553,125,oracle+donor_profile,xml,0,0.25,190611,oracle_only
1018681,87,oracle+donor_profile,xml,0,0.25,190612,oracle_only
1018771,90,oracle+donor_profile,xml,0,0.25,190613,oracle_only
1018864,83,oracle+donor_profile,xml,0,0.25,190614,oracle_only
1018950,83,oracle+donor_profile,xml,0,0.25,190615,oracle_only
1019036,83,oracle+donor_profile,xml,0,0.25,190616,oracle_only
1019122,90,oracle+donor_profile,xml,0,0.25,190617,oracle_only
1019215,83,oracle+donor_profile,xml,0,0.25,190618,oracle_only
1019301,132,oracle+donor_profile,xml,0,0.25,190619,oracle_only
1019436,127,oracle+donor_profile,xml,0,0.25,190620,oracle_only
1019566,126,oracle+donor_profile,xml,0,0.25,190621,oracle_only
1019695,136,oracle+donor_profile,xml,0,0.25,190622,oracle_only
1019834,134,oracle+donor_profile,xml,0,0.25,190623,oracle_only
1019971,97,oracle+donor_profile,xml,0,0.25,190624,oracle_only
1020071,127,oracle+donor_profile,xml,0,0.25,190625,oracle_only
1020201,87,oracle+donor_profile,xml,0,0.25,190626,oracle_only
1020291,87,oracle+donor_profile,xml,0,0.25,190627,oracle_only
1020381,88,oracle+donor_profile,xml,0,0.25,190628,oracle_only
1020472,180,oracle+donor_profile,xml,0,0.25,190629,oracle_only
1020655,123,oracle+donor_profile,xml,0,0.25,190630,oracle_only
1020781,114,oracle+donor_profile,xml,0,0.25,190631,oracle_only
1020898,83,oracle+donor_profile,xml,0,0.25,190632,oracle_only
1020984,85,oracle+donor_profile,xml,0,0.25,190633,oracle_only
1021072,78,oracle+donor_profile,xml,0,0.25,190634,oracle_only
1021153,81,oracle+donor_profile,xml,0,0.25,190635,oracle_only
1021237,81,oracle+donor_profile,xml,0,0.25,190636,oracle_only
1021321,137,oracle+donor_profile,xml,0,0.25,190637,oracle_only
1021461,127,oracle+donor_profile,xml,0,0.25,190638,oracle_only
1021591,95,oracle+donor_profile,xml,0,0.25,190639,oracle_only
1021689,171,oracle+donor_profile,xml,0,0.25,190640,oracle_only
1021863,140,oracle+donor_profile,xml,0,0.25,190641,oracle_only
1022006,140,oracle+donor_profile,xml,0,0.25,190642,oracle_only
1022149,140,oracle+donor_profile,xml,0,0.25,190643,oracle_only
1022292,140,oracle+donor_profile,xml,0,0.25,190644,oracle_only
1022435,127,oracle+donor_profile,xml,0,0.25,190645,oracle_only
1022565,102,oracle+donor_profile,xml,0,0.25,190646,oracle_only
1022670,127,oracle+donor_profile,xml,0,0.25,190647,oracle_only
1022800,136,oracle+donor_profile,xml,0,0.25,190648,oracle_only
1022939,124,oracle+donor_profile,xml,0,0.25,190649,oracle_only
1023066,124,oracle+donor_profile,xml,0,0.25,190650,oracle_only
1023193,124,oracle+donor_profile,xml,0,0.25,190651,oracle_only
1023320,107,oracle+donor_profile,xml,0,0.25,190652,oracle_only
1023430,120,oracle+donor_profile,xml,0,0.25,190653,oracle_only
1023553,123,oracle+donor_profile,xml,0,0.25,190654,oracle_only
1023679,124,oracle+donor_profile,xml,0,0.25,190655,oracle_only
1023806,124,oracle+donor_profile,xml,0,0.25,190656,oracle_only
1023933,124,oracle+donor_profile,xml,0,0.25,190657,oracle_only
1024060,129,oracle+donor_profile,xml,0,0.25,190658,oracle_only
1024192,124,oracle+donor_profile,xml,0,0.25,190659,oracle_only
1024319,134,oracle+donor_profile,xml,0,0.25,190660,oracle_only
1024456,89,oracle+donor_profile,xml,0,0.25,190661,oracle_only
1024548,88,oracle+donor_profile,xml,0,0.25,190662,oracle_only
1024639,114,oracle+donor_profile,xml,0,0.25,190663,oracle_only
1024756,85,oracle+donor_profile,xml,0,0.25,190664,oracle_only
1024844,87,oracle+donor_profile,xml,0,0.25,190665,oracle_only
1024934,124,oracle+donor_profile,xml,0,0.25,190666,oracle_only
1025061,124,oracle+donor_profile,xml,0,0.25,190667,oracle_only
1025188,178,oracle+donor_profile,xml,0,0.25,190668,oracle_only
1025369,134,oracle+donor_profile,xml,0,0.25,190669,oracle_only
1025506,84,oracle+donor_profile,xml,0,0.25,190670,oracle_only
1025593,134,oracle+donor_profile,xml,0,0.25,190671,oracle_only
1025730,126,oracle+donor_profile,xml,0,0.25,190672,oracle_only
1025859,85,oracle+donor_profile,xml,0,0.25,190673,oracle_only
1025947,86,oracle+donor_profile,xml,0,0.25,190674,oracle_only
1026036,122,oracle+donor_profile,xml,0,0.25,190675,oracle_only
1026161,90,oracle+donor_profile,xml,0,0.25,190676,oracle_only
1026254,140,oracle+donor_profile,xml,0,0.25,190677,oracle_only
1026397,137,oracle+donor_profile,xml,0,0.25,190678,oracle_only
1026537,103,oracle+donor_profile,xml,0,0.25,190679,oracle_only
1026643,124,oracle+donor_profile,xml,0,0.25,190680,oracle_only
1026770,124,oracle+donor_profile,xml,0,0.25,190681,oracle_only
1026897,112,oracle+donor_profile,xml,0,0.25,190682,oracle_only
1027012,124,oracle+donor_profile,xml,0,0.25,190683,oracle_only
1027139,134,oracle+donor_profile,xml,0,0.25,190684,oracle_only
1027276,124,oracle+donor_profile,xml,0,0.25,190685,oracle_only
1027403,124,oracle+donor_profile,xml,0,0.25,190686,oracle_only
1027530,134,oracle+donor_profile,xml,0,0.25,190687,oracle_only
1027667,116,oracle+donor_profile,xml,0,0.25,190688,oracle_only
1027786,130,oracle+donor_profile,xml,0,0.25,190689,oracle_only
1027919,136,oracle+donor_profile,xml,0,0.25,190690,oracle_only
1028058,128,oracle+donor_profile,xml,0,0.25,190691,oracle_only
1028189,128,oracle+donor_profile,xml,0,0.25,190692,oracle_only
1028320,128,oracle+donor_profile,xml,0,0.25,190693,oracle_only
1028451,126,oracle+donor_profile,xml,0,0.25,190694,oracle_only
1028580,136,oracle+donor_profile,xml,0,0.25,190695,oracle_only
1028719,136,oracle+donor_profile,xml,0,0.25,190696,oracle_only
1028858,126,oracle+donor_profile,xml,0,0.25,190697,oracle_only
1028987,124,oracle+donor_profile,xml,0,0.25,190698,oracle_only
1029114,126,oracle+donor_profile,xml,0,0.25,190699,oracle_only
1029243,126,oracle+donor_profile,xml,0,0.25,190700,oracle_only
1029372,178,oracle+donor_profile,xml,0,0.25,190701,oracle_only
1029553,124,oracle+donor_profile,xml,0,0.25,190702,oracle_only
1029680,134,oracle+donor_profile,xml,0,0.25,190703,oracle_only
1029817,115,oracle+donor_profile,xml,0,0.25,190704,oracle_only
1029935,124,oracle+donor_profile,xml,0,0.25,190705,oracle_only
1030062,108,oracle+donor_profile,xml,0,0.25,190706,oracle_only
1030173,108,oracle+donor_profile,xml,0,0.25,190707,oracle_only
1030284,108,oracle+donor_profile,xml,0,0.25,190708,oracle_only
1030395,136,oracle+donor_profile,xml,0,0.25,190709,oracle_only
1030534,126,oracle+donor_profile,xml,0,0.25,190710,oracle_only
1030663,200,oracle+donor_profile,xml,0,0.25,190711,oracle_only
1030866,136,oracle+donor_profile,xml,0,0.25,190712,oracle_only
1031005,124,oracle+donor_profile,xml,0,0.25,190713,oracle_only
1031132,140,oracle+donor_profile,xml,0,0.25,190714,oracle_only
1031275,148,oracle+donor_profile,xml,0,0.25,190715,oracle_only
1031426,124,oracle+donor_profile,xml,0,0.25,190716,oracle_only
1031553,124,oracle+donor_profile,xml,0,0.25,190717,oracle_only
1031680,133,oracle+donor_profile,xml,0,0.25,190718,oracle_only
1031816,112,oracle+donor_profile,xml,0,0.25,190719,oracle_only
1031931,123,oracle+donor_profile,xml,0,0.25,190720,oracle_only
1032057,124,oracle+donor_profile,xml,0,0.25,190721,oracle_only
1032184,134,oracle+donor_profile,xml,0,0.25,190722,oracle_only
1032321,126,oracle+donor_profile,xml,0,0.25,190723,oracle_only
1032450,124,oracle+donor_profile,xml,0,0.25,190724,oracle_only
1032577,124,oracle+donor_profile,xml,0,0.25,190725,oracle_only
1032704,140,oracle+donor_profile,xml,0,0.25,190726,oracle_only
1032847,140,oracle+donor_profile,xml,0,0.25,190727,oracle_only
1032990,142,oracle+donor_profile,xml,0,0.25,190728,oracle_only
1033135,136,oracle+donor_profile,xml,0,0.25,190729,oracle_only
1033274,140,oracle+donor_profile,xml,0,0.25,190730,oracle_only
1033417,150,oracle+donor_profile,xml,0,0.25,190731,oracle_only
1033570,126,oracle+donor_profile,xml,0,0.25,190732,oracle_only
1033699,101,oracle+donor_profile,xml,0,0.25,190733,oracle_only
1033803,112,oracle+donor_profile,xml,0,0.25,190734,oracle_only
1033918,124,oracle+donor_profile,xml,0,0.25,190735,oracle_only
1034045,126,oracle+donor_profile,xml,0,0.25,190736,oracle_only
1034174,124,oracle+donor_profile,xml,0,0.25,190737,oracle_only
1034301,124,oracle+donor_profile,xml,0,0.25,190738,oracle_only
1034428,124,oracle+donor_profile,xml,0,0.25,190739,oracle_only
1034555,124,oracle+donor_profile,xml,0,0.25,190740,oracle_only
1034682,124,oracle+donor_profile,xml,0,0.25,190741,oracle_only
1034809,134,oracle+donor_profile,xml,0,0.25,190742,oracle_only
1034946,124,oracle+donor_profile,xml,0,0.25,190743,oracle_only
1035073,126,oracle+donor_profile,xml,0,0.25,190744,oracle_only
1035202,124,oracle+donor_profile,xml,0,0.25,190745,oracle_only
1035329,126,oracle+donor_profile,xml,0,0.25,190746,oracle_only
1035458,132,oracle+donor_profile,xml,0,0.25,190747,oracle_only
1035593,124,oracle+donor_profile,xml,0,0.25,190748,oracle_only
1035720,124,oracle+donor_profile,xml,0,0.25,190749,oracle_only
1035847,145,oracle+donor_profile,xml,0,0.25,190750,oracle_only
1035995,106,oracle+donor_profile,xml,0,0.25,190751,oracle_only
1036104,124,oracle+donor_profile,xml,0,0.25,190752,oracle_only
1036231,124,oracle+donor_profile,xml,0,0.25,190753,oracle_only
1036358,124,oracle+donor_profile,xml,0,0.25,190754,oracle_only
1036485,112,oracle+donor_profile,xml,0,0.25,190755,oracle_only
1036600,124,oracle+donor_profile,xml,0,0.25,190756,oracle_only
1036727,134,oracle+donor_profile,xml,0,0.25,190757,oracle_only
1036864,149,oracle+donor_profile,xml,0,0.25,190758,oracle_only
1037016,149,oracle+donor_profile,xml,0,0.25,190759,oracle_only
1037168,149,oracle+donor_profile,xml,0,0.25,190760,oracle_only
1037320,149,oracle+donor_profile,xml,0,0.25,190761,oracle_only
1037472,153,oracle+donor_profile,xml,0,0.25,190762,oracle_only
1037628,149,oracle+donor_profile,xml,0,0.25,190763,oracle_only
1037780,149,oracle+donor_profile,xml,0,0.25,190764,oracle_only
1037932,159,oracle+donor_profile,xml,0,0.25,190765,oracle_only
1038094,108,oracle+donor_profile,xml,0,0.25,190766,oracle_only
1038205,124,oracle+donor_profile,xml,0,0.25,190767,oracle_only
1038332,124,oracle+donor_profile,xml,0,0.25,190768,oracle_only
1038459,124,oracle+donor_profile,xml,0,0.25,190769,oracle_only
1038586,134,oracle+donor_profile,xml,0,0.25,190770,oracle_only
1038723,126,oracle+donor_profile,xml,0,0.25,190771,oracle_only
1038852,136,oracle+donor_profile,xml,0,0.25,190772,oracle_only
1038991,149,oracle+donor_profile,xml,0,0.25,190773,oracle_only
1039143,137,oracle+donor_profile,xml,0,0.25,190774,oracle_only
1039283,127,oracle+donor_profile,xml,0,0.25,190775,oracle_only
1039413,132,oracle+donor_profile,xml,0,0.25,190776,oracle_only
1039548,115,oracle+donor_profile,xml,0,0.25,190777,oracle_only
1039666,86,oracle+donor_profile,xml,0,0.25,190778,oracle_only
1039755,83,oracle+donor_profile,xml,0,0.25,190779,oracle_only
1039841,82,oracle+donor_profile,xml,0,0.25,190780,oracle_only
1039926,81,oracle+donor_profile,xml,0,0.25,190781,oracle_only
1040010,114,oracle+donor_profile,xml,0,0.25,190782,oracle_only
1040127,120,oracle+donor_profile,xml,0,0.25,190783,oracle_only
1040250,175,oracle+donor_profile,xml,0,0.25,190784,oracle_only
1040428,115,oracle+donor_profile,xml,0,0.25,190785,oracle_only
1040546,131,oracle+donor_profile,xml,0,0.25,190786,oracle_only
1040680,128,oracle+donor_profile,xml,0,0.25,190787,oracle_only
1040811,145,oracle+donor_profile,xml,0,0.25,190788,oracle_only
1040959,107,oracle+donor_profile,xml,0,0.25,190789,oracle_only
1041069,115,oracle+donor_profile,xml,0,0.25,190790,oracle_only
1041187,131,oracle+donor_profile,xml,0,0.25,190791,oracle_only
1041321,131,oracle+donor_profile,xml,0,0.25,190792,oracle_only
1041455,138,oracle+donor_profile,xml,0,0.25,190793,oracle_only
1041596,117,oracle+donor_profile,xml,0,0.25,190794,oracle_only
1041716,168,oracle+donor_profile,xml,0,0.25,190795,oracle_only
1041887,150,oracle+donor_profile,xml,0,0.25,190796,oracle_only
1042040,158,oracle+donor_profile,xml,0,0.25,190797,oracle_only
1042201,158,oracle+donor_profile,xml,0,0.25,190798,oracle_only
1042362,154,oracle+donor_profile,xml,0,0.25,190799,oracle_only
1042519,158,oracle+donor_profile,xml,0,0.25,190800,oracle_only
1042680,168,oracle+donor_profile,xml,0,0.25,190801,oracle_only
1042851,124,oracle+donor_profile,xml,0,0.25,190802,oracle_only
1042978,124,oracle+donor_profile,xml,0,0.25,190803,oracle_only
1043105,124,oracle+donor_profile,xml,0,0.25,190804,oracle_only
1043232,124,oracle+donor_profile,xml,0,0.25,190805,oracle_only
1043359,107,oracle+donor_profile,xml,0,0.25,190806,oracle_only
1043469,124,oracle+donor_profile,xml,0,0.25,190807,oracle_only
1043596,124,oracle+donor_profile,xml,0,0.25,190808,oracle_only
1043723,124,oracle+donor_profile,xml,0,0.25,190809,oracle_only
1043850,124,oracle+donor_profile,xml,0,0.25,190810,oracle_only
1043977,124,oracle+donor_profile,xml,0,0.25,190811,oracle_only
1044104,124,oracle+donor_profile,xml,0,0.25,190812,oracle_only
1044231,124,oracle+donor_profile,xml,0,0.25,190813,oracle_only
1044358,132,oracle+donor_profile,xml,0,0.25,190814,oracle_only
1044493,124,oracle+donor_profile,xml,0,0.25,190815,oracle_only
1044620,134,oracle+donor_profile,xml,0,0.25,190816,oracle_only
1044757,124,oracle+donor_profile,xml,0,0.25,190817,oracle_only
1044884,124,oracle+donor_profile,xml,0,0.25,190818,oracle_only
1045011,124,oracle+donor_profile,xml,0,0.25,190819,oracle_only
1045138,124,oracle+donor_profile,xml,0,0.25,190820,oracle_only
1045265,132,oracle+donor_profile,xml,0,0.25,190821,oracle_only
1045400,124,oracle+donor_profile,xml,0,0.25,190822,oracle_only
1045527,134,oracle+donor_profile,xml,0,0.25,190823,oracle_only
1045664,99,oracle+donor_profile,xml,0,0.25,190824,oracle_only
1045766,85,oracle+donor_profile,xml,0,0.25,190825,oracle_only
1045854,117,oracle+donor_profile,xml,0,0.25,190826,oracle_only
1045974,162,oracle+donor_profile,xml,0,0.25,190827,oracle_only
1046139,114,oracle+donor_profile,xml,0,0.25,190828,oracle_only
1046256,133,oracle+donor_profile,xml,0,0.25,190829,oracle_only
1046392,139,oracle+donor_profile,xml,0,0.25,190830,oracle_only
1046534,148,oracle+donor_profile,xml,0,0.25,190831,oracle_only
1046685,131,oracle+donor_profile,xml,0,0.25,190832,oracle_only
1046819,84,oracle+donor_profile,xml,0,0.25,190833,oracle_only
1046906,91,oracle+donor_profile,xml,0,0.25,190834,oracle_only
1047000,81,oracle+donor_profile,xml,0,0.25,190835,oracle_only
1047084,103,oracle+donor_profile,xml,0,0.25,190836,oracle_only
1047190,94,oracle+donor_profile,xml,0,0.25,190837,oracle_only
1047287,83,oracle+donor_profile,xml,0,0.25,190838,oracle_only
1047373,83,oracle+donor_profile,xml,0,0.25,190839,oracle_only
1047459,84,oracle+donor_profile,xml,0,0.25,190840,oracle_only
1047546,84,oracle+donor_profile,xml,0,0.25,190841,oracle_only
1047633,83,oracle+donor_profile,xml,0,0.25,190842,oracle_only
1047719,85,oracle+donor_profile,xml,0,0.25,190843,oracle_only
1047807,85,oracle+donor_profile,xml,0,0.25,190844,oracle_only
1047895,89,oracle+donor_profile,xml,0,0.25,190845,oracle_only
1047987,81,oracle+donor_profile,xml,0,0.25,190846,oracle_only
1048071,80,oracle+donor_profile,xml,0,0.25,190847,oracle_only
1048154,103,oracle+donor_profile,xml,0,0.25,190848,oracle_only
1048260,88,oracle+donor_profile,xml,0,0.25,190849,oracle_only
1048351,88,oracle+donor_profile,xml,0,0.25,190850,oracle_only
1048442,87,oracle+donor_profile,xml,0,0.25,190851,oracle_only
1048532,84,oracle+donor_profile,xml,0,0.25,190852,oracle_only
